symbol,latest_date,dominant_type,score_30d,count_30d,count_90d,high_signal_30d
HCLTECH,2026-08-01,PRESS_RELEASE,2095,37,71,6
VEDL,2026-07-31,PRESS_RELEASE,1897,32,72,11
TATACAP,2026-08-03,PRESS_RELEASE,1669,29,50,9
ICICIBANK,2026-07-31,PRESS_RELEASE,1667,29,66,9
HEG,2026-07-30,ANALYST_MEET,1640,26,59,12
M&M,2026-08-01,PRESS_RELEASE,1630,28,77,9
MPSLTD,2026-08-01,MANAGEMENT_CHANGE,1601,25,46,11
ATHERENERG,2026-08-03,PRESS_RELEASE,1595,27,50,10
3IINFOLTD,2026-08-02,ORDER_WIN,1589,23,44,13
FEDERALBNK,2026-08-03,PRESS_RELEASE,1557,26,70,8
POONAWALLA,2026-07-31,ANALYST_MEET,1545,25,64,12
ARSSBL,2026-07-29,ANALYST_MEET,1472,22,38,14
NUVOCO,2026-08-03,ANALYST_MEET,1451,21,34,12
RAINBOW,2026-07-31,PRESS_RELEASE,1441,24,45,12
SAMMAANCAP,2026-08-01,PRESS_RELEASE,1440,28,106,0
SHYAMMETL,2026-07-31,PRESS_RELEASE,1440,24,52,9
MUTHOOTCAP,2026-07-20,MANAGEMENT_CHANGE,1425,22,44,9
AXISBANK,2026-07-31,PRESS_RELEASE,1422,24,69,7
ACE,2026-07-31,ANALYST_MEET,1420,19,42,13
AURUM,2026-07-30,ANALYST_MEET,1415,26,36,10
LATENTVIEW,2026-08-03,PRESS_RELEASE,1415,25,43,6
SAGILITY,2026-07-28,PRESS_RELEASE,1410,24,48,8
ULTRACEMCO,2026-08-03,PRESS_RELEASE,1379,25,48,6
LT,2026-07-31,ORDER_WIN,1369,20,68,11
5PAISA,2026-07-29,ANALYST_MEET,1360,25,33,10
NEOGEN,2026-08-01,REGULATORY,1352,25,36,9
JSWSTEEL,2026-08-01,PRESS_RELEASE,1335,25,65,5
HFCL,2026-08-02,PRESS_RELEASE,1328,21,47,9
HEXAGON,2026-08-01,MANAGEMENT_CHANGE,1322,21,27,6
ABCAPITAL,2026-08-01,PRESS_RELEASE,1320,23,52,8
ASIANPAINT,2026-08-03,PRESS_RELEASE,1315,22,48,6
ARSHIYA,2026-07-28,RESULT_UPDATE,1310,16,48,14
MEDPLUS,2026-07-31,PRESS_RELEASE,1305,21,64,7
NTPC,2026-08-02,PRESS_RELEASE,1300,22,49,7
CENTENKA,2026-07-31,PRESS_RELEASE,1275,21,38,8
CANFINHOME,2026-08-03,MANAGEMENT_CHANGE,1262,22,42,6
COFORGE,2026-08-03,PRESS_RELEASE,1260,22,50,5
KOTAKBANK,2026-08-01,PRESS_RELEASE,1255,23,46,5
TVSMOTOR,2026-08-03,PRESS_RELEASE,1247,21,63,7
NIITMTS,2026-07-31,ANALYST_MEET,1246,19,40,11
INDIGO,2026-08-03,PRESS_RELEASE,1245,23,45,6
SOUTHBANK,2026-07-29,PRESS_RELEASE,1242,21,48,8
INDIAMART,2026-08-03,ANALYST_MEET,1240,16,46,13
WIPRO,2026-07-29,PRESS_RELEASE,1235,23,62,5
RBA,2026-08-03,PRESS_RELEASE,1215,21,41,5
TATAPOWER,2026-08-01,PRESS_RELEASE,1207,19,52,10
IBULLSLTD,2026-08-03,ACQUISITION,1200,16,32,12
GANDHAR,2026-07-28,PRESS_RELEASE,1200,22,52,8
COALINDIA,2026-08-01,PRESS_RELEASE,1195,22,45,2
DEEPINDS,2026-08-03,BOARD_OUTCOME,1187,19,33,11
PIRAMALFIN,2026-08-03,ANALYST_MEET,1187,17,41,11
CEATLTD,2026-07-31,PRESS_RELEASE,1187,26,45,6
SHOPERSTOP,2026-07-31,PRESS_RELEASE,1185,20,54,7
AAVAS,2026-07-31,ANALYST_MEET,1185,17,37,11
TATVA,2026-07-31,ANALYST_MEET,1182,16,30,12
SGMART,2026-07-28,ANALYST_MEET,1178,18,30,9
BORORENEW,2026-08-01,PRESS_RELEASE,1170,19,47,7
GABRIEL,2026-07-30,ANALYST_MEET,1162,19,42,9
DRREDDY,2026-08-01,PRESS_RELEASE,1150,19,52,5
CANBK,2026-07-31,PRESS_RELEASE,1150,19,53,5
SBIN,2026-07-31,PRESS_RELEASE,1146,20,69,2
IRISDOREME,2026-08-03,PRESS_RELEASE,1145,20,36,8
CENTRALBK,2026-08-01,PRESS_RELEASE,1145,20,46,5
IVALUE,2026-07-31,ANALYST_MEET,1140,19,34,6
REFEX,2026-08-01,PRESS_RELEASE,1139,20,47,7
ROUTE,2026-08-01,PRESS_RELEASE,1120,20,43,7
KTKBANK,2026-08-03,PRESS_RELEASE,1120,19,51,4
UJJIVANSFB,2026-07-31,PRESS_RELEASE,1115,17,47,8
VMART,2026-08-03,ANALYST_MEET,1115,19,42,7
DMART,2026-07-29,PRESS_RELEASE,1115,20,36,5
KIRLPNU,2026-08-03,PRESS_RELEASE,1110,19,47,6
TCS,2026-08-03,PRESS_RELEASE,1110,18,49,5
SHAREINDIA,2026-08-03,ANALYST_MEET,1107,17,42,10
DCMSHRIRAM,2026-07-30,PRESS_RELEASE,1105,19,46,6
BANDHANBNK,2026-08-01,ANALYST_MEET,1100,19,45,9
EMKAY,2026-08-01,PRESS_RELEASE,1097,22,44,4
TMB,2026-07-30,ANALYST_MEET,1095,18,41,9
RADICO,2026-07-29,PRESS_RELEASE,1087,19,45,4
WESTLIFE,2026-07-31,PRESS_RELEASE,1086,17,31,8
SOUTHWEST,2026-07-24,PRESS_RELEASE,1084,18,29,8
ICICIPRULI,2026-07-31,PRESS_RELEASE,1080,19,52,6
KFINTECH,2026-08-01,MANAGEMENT_CHANGE,1080,19,46,5
CIPLA,2026-07-31,PRESS_RELEASE,1080,17,51,7
JSWINFRA,2026-07-27,PRESS_RELEASE,1065,18,49,6
GODIGIT,2026-07-30,PRESS_RELEASE,1065,18,25,6
ADANIENSOL,2026-08-01,PRESS_RELEASE,1063,18,36,5
ADANIENT,2026-07-29,PRESS_RELEASE,1055,18,45,6
VAML,2026-08-01,ACQUISITION,1052,18,25,9
GEOJITFSL,2026-08-01,PRESS_RELEASE,1050,18,28,6
GREENPLY,2026-08-01,PRESS_RELEASE,1050,18,28,6
J&KBANK,2026-08-03,PRESS_RELEASE,1050,19,42,6
EICHERMOT,2026-08-01,PRESS_RELEASE,1047,18,48,6
MAHLOG,2026-08-01,PRESS_RELEASE,1045,19,34,6
SASKEN,2026-07-31,PRESS_RELEASE,1045,20,44,4
MANYAVAR,2026-08-02,ANALYST_MEET,1045,16,44,8
TRIVENI,2026-08-03,PRESS_RELEASE,1040,17,45,6
SMARTWORKS,2026-07-28,PRESS_RELEASE,1036,16,35,9
TI,2026-07-30,PRESS_RELEASE,1035,18,44,5
JSFB,2026-07-28,PRESS_RELEASE,1035,16,40,6
UTIAMC,2026-07-31,ANALYST_MEET,1035,16,42,8
BAJAJFINSV,2026-08-03,ANALYST_MEET,1035,17,27,8
MANAKCOAT,2026-07-28,PRESS_RELEASE,1035,18,52,7
IIFL,2026-07-28,PRESS_RELEASE,1031,18,56,5
KROSS,2026-07-29,ANALYST_MEET,1030,16,29,7
CDSL,2026-08-02,PRESS_RELEASE,1030,19,33,3
HUDCO,2026-08-01,PRESS_RELEASE,1030,19,34,5
MEESHO,2026-07-28,PRESS_RELEASE,1030,19,46,5
BANKINDIA,2026-08-01,ANALYST_MEET,1029,16,57,6
JINDALSTEL,2026-07-31,MANAGEMENT_CHANGE,1022,16,32,6
AKI,2026-07-15,MANAGEMENT_CHANGE,1020,18,26,3
360ONE,2026-08-03,ANALYST_MEET,1020,15,33,11
HINDPETRO,2026-08-01,PRESS_RELEASE,1017,17,43,5
GROWW,2026-07-31,PRESS_RELEASE,1012,19,24,5
BANSWRAS,2026-08-01,PRESS_RELEASE,1010,20,35,4
LTM,2026-07-27,PRESS_RELEASE,1010,17,51,4
GAIL,2026-08-02,PRESS_RELEASE,1010,17,40,6
SHAKTIPUMP,2026-08-01,PRESS_RELEASE,1007,17,35,7
CYIENT,2026-07-30,PRESS_RELEASE,1005,16,56,6
FIVESTAR,2026-07-31,ANALYST_MEET,1005,16,39,6
FABTECH,2026-08-03,PRESS_RELEASE,1005,18,40,7
ARTEMISMED,2026-08-03,PRESS_RELEASE,1004,19,43,5
AYE,2026-07-30,PRESS_RELEASE,1000,16,31,8
JSWENERGY,2026-07-29,PRESS_RELEASE,1000,19,77,4
NAUKRI,2026-08-03,PRESS_RELEASE,995,17,58,4
CONCOR,2026-08-03,PRESS_RELEASE,995,17,36,5
HERITGFOOD,2026-07-31,PRESS_RELEASE,995,17,40,6
CLEANMAX,2026-08-01,REGULATORY,995,20,68,6
RECLTD,2026-08-01,PRESS_RELEASE,995,20,33,1
TECHM,2026-07-28,PRESS_RELEASE,995,16,32,8
SGFIN,2026-08-01,PRESS_RELEASE,990,17,28,5
GESHIP,2026-08-03,PRESS_RELEASE,990,18,39,4
CMPDI,2026-07-31,MANAGEMENT_CHANGE,990,18,35,7
TORNTPHARM,2026-08-01,PRESS_RELEASE,990,18,41,3
USHAMART,2026-07-28,PRESS_RELEASE,987,17,27,5
QUESS,2026-08-03,PRESS_RELEASE,987,17,35,5
ACMESOLAR,2026-07-31,PRESS_RELEASE,986,16,63,7
IGIL,2026-08-03,ANALYST_MEET,985,16,35,7
AGI,2026-07-31,BOARD_OUTCOME,985,16,33,8
FORCEMOT,2026-08-03,MANAGEMENT_CHANGE,985,19,30,3
GALLANTT,2026-07-29,MANAGEMENT_CHANGE,985,16,38,5
BRIGADE,2026-07-29,PRESS_RELEASE,985,18,47,4
INTELLECT,2026-08-03,PRESS_RELEASE,985,18,55,4
MAHLIFE,2026-07-30,ANALYST_MEET,984,20,40,6
RAILTEL,2026-07-31,PRESS_RELEASE,983,17,40,7
CGCL,2026-07-29,ANALYST_MEET,982,15,43,7
ADANIPOWER,2026-08-01,ANALYST_MEET,980,14,34,9
YASHO,2026-08-03,PRESS_RELEASE,979,17,29,5
EPIGRAL,2026-07-30,ANALYST_MEET,975,14,32,9
SIYSIL,2026-08-01,PRESS_RELEASE,975,18,40,7
MENONBE,2026-07-31,ANALYST_MEET,975,15,32,9
CSBBANK,2026-07-29,PRESS_RELEASE,975,16,45,6
PNB,2026-07-31,PRESS_RELEASE,975,15,44,7
LALPATHLAB,2026-07-30,ANALYST_MEET,970,17,26,7
SHADOWFAX,2026-08-03,ANALYST_MEET,970,17,40,6
SHRIRAMFIN,2026-07-31,ANALYST_MEET,965,17,59,7
RTNINDIA,2026-07-08,ACQUISITION,960,12,19,11
RBLBANK,2026-07-30,ANALYST_MEET,956,14,69,7
THELEELA,2026-08-01,PRESS_RELEASE,955,16,23,5
MASFIN,2026-07-31,PRESS_RELEASE,952,16,30,7
BAJAJ-AUTO,2026-08-03,PRESS_RELEASE,950,16,60,6
ESCORTS,2026-08-03,PRESS_RELEASE,950,17,66,4
KARURVYSYA,2026-07-24,PRESS_RELEASE,945,15,50,6
MPHASIS,2026-07-31,PRESS_RELEASE,945,16,40,6
TRIDENT,2026-07-31,PRESS_RELEASE,945,17,38,6
RVNL,2026-08-02,PRESS_RELEASE,942,18,36,2
APARINDS,2026-07-31,PRESS_RELEASE,940,17,41,6
SMLMAH,2026-08-01,PRESS_RELEASE,935,17,42,6
MODINATUR,2026-08-01,PRESS_RELEASE,935,20,36,1
STLTECH,2026-08-01,PRESS_RELEASE,934,17,48,5
JUBLINGREA,2026-08-02,PRESS_RELEASE,930,15,33,5
KALAMANDIR,2026-07-30,ANALYST_MEET,930,15,34,8
SPANDANA,2026-07-31,PRESS_RELEASE,930,15,35,6
THERMAX,2026-07-31,ANALYST_MEET,930,15,38,8
YESBANK,2026-07-31,PRESS_RELEASE,929,15,46,5
VOGL,2026-07-30,OTHER,927,19,26,6
MARUTI,2026-08-01,PRESS_RELEASE,927,16,40,4
WEWORK,2026-08-01,PRESS_RELEASE,927,17,35,5
SAMBHV,2026-07-30,ACQUISITION,925,16,40,8
KISSHT,2026-07-30,PRESS_RELEASE,925,16,39,6
DABUR,2026-08-03,ANALYST_MEET,922,15,43,6
URBANCO,2026-08-03,ANALYST_MEET,920,15,42,6
MACPOWER,2026-08-03,ANALYST_MEET,918,13,31,9
ARVINDFASN,2026-07-29,PRESS_RELEASE,915,16,35,5
ZENSARTECH,2026-07-31,PRESS_RELEASE,915,16,31,6
SMCGLOBAL,2026-07-31,ANALYST_MEET,915,14,28,7
OBEROIRLTY,2026-07-29,ANALYST_MEET,914,14,49,7
PUNJABCHEM,2026-08-01,PRESS_RELEASE,910,16,25,6
SUZLON,2026-08-03,ANALYST_MEET,907,14,39,9
EFCIL,2026-07-31,ANALYST_MEET,905,14,40,8
INDGN,2026-08-01,PRESS_RELEASE,905,16,25,6
WAAREEENER,2026-08-01,PRESS_RELEASE,901,13,34,8
MANKIND,2026-07-31,PRESS_RELEASE,900,15,40,7
BLISSGVS,2026-07-27,PRESS_RELEASE,900,16,49,3
WELCORP,2026-07-31,ANALYST_MEET,899,14,42,8
TCIEXP,2026-07-31,PRESS_RELEASE,896,16,38,4
UPL,2026-08-03,PRESS_RELEASE,895,16,33,6
SUNPHARMA,2026-08-01,PRESS_RELEASE,895,16,42,4
BANKBARODA,2026-08-01,PRESS_RELEASE,895,16,56,1
VIJIFIN,2026-07-30,PRESS_RELEASE,895,17,35,3
ZENTEC,2026-07-31,PRESS_RELEASE,892,14,37,6
UNOMINDA,2026-08-03,PRESS_RELEASE,892,16,52,6
DIGITIDE,2026-08-03,PRESS_RELEASE,891,14,32,6
M&MFIN,2026-07-29,ANALYST_MEET,891,15,42,5
ESAFSFB,2026-08-01,PRESS_RELEASE,890,15,29,5
JUBLFOOD,2026-08-01,PRESS_RELEASE,890,17,35,2
LTTS,2026-07-20,PRESS_RELEASE,887,14,39,5
SONACOMS,2026-08-01,PRESS_RELEASE,885,15,33,6
MBAPL,2026-08-03,ANALYST_MEET,882,14,36,7
CRAFTSMAN,2026-07-30,PRESS_RELEASE,880,16,71,6
HINDZINC,2026-07-31,PRESS_RELEASE,880,16,48,5
HDFCBANK,2026-07-31,PRESS_RELEASE,880,15,34,5
NIVABUPA,2026-08-03,PRESS_RELEASE,877,15,38,6
INNOVISION,2026-07-27,ORDER_WIN,877,14,44,7
PAYTM,2026-08-02,ANALYST_MEET,875,16,43,6
CHAMBLFERT,2026-07-31,PRESS_RELEASE,875,14,73,6
CANHLIFE,2026-07-27,PRESS_RELEASE,875,14,21,6
ANTHEM,2026-07-27,ANALYST_MEET,875,14,41,7
SWIGGY,2026-07-31,PRESS_RELEASE,875,17,32,4
APOLLO,2026-07-31,PRESS_RELEASE,875,17,53,2
SATIN,2026-08-03,PRESS_RELEASE,870,15,38,5
CREDITACC,2026-07-31,ANALYST_MEET,870,13,45,8
GRAVITA,2026-08-03,ANALYST_MEET,870,13,61,8
INDUSTOWER,2026-07-31,PRESS_RELEASE,867,16,27,4
GHCLTEXTIL,2026-08-01,PRESS_RELEASE,864,13,25,6
VGUARD,2026-07-30,PRESS_RELEASE,860,14,36,5
HSCL,2026-07-21,ANALYST_MEET,859,14,33,6
SERVOTECH,2026-07-28,ANALYST_MEET,857,14,23,6
SBICARD,2026-08-01,ANALYST_MEET,857,13,38,7
SBFC,2026-07-31,ANALYST_MEET,855,14,27,7
JINDALSAW,2026-07-23,ANALYST_MEET,855,12,44,8
ARIS,2026-08-01,PRESS_RELEASE,852,16,42,4
PPLPHARMA,2026-08-03,PRESS_RELEASE,850,13,26,6
RALLIS,2026-07-29,ANALYST_MEET,850,13,35,6
HIRECT,2026-07-31,PRESS_RELEASE,849,17,48,3
RPGLIFE,2026-07-31,PRESS_RELEASE,845,17,34,2
ANANDRATHI,2026-07-27,ANALYST_MEET,845,12,25,8
TCI,2026-08-03,PRESS_RELEASE,845,17,39,4
NAVKARCORP,2026-07-27,PRESS_RELEASE,845,14,22,5
TATACHEM,2026-08-03,PRESS_RELEASE,840,15,40,5
REDINGTON,2026-07-31,PRESS_RELEASE,840,15,35,5
HONDAPOWER,2026-08-01,MANAGEMENT_CHANGE,840,16,32,2
JSLL,2026-07-27,MANAGEMENT_CHANGE,836,14,39,4
OFSS,2026-07-27,MANAGEMENT_CHANGE,830,17,29,2
KAYA,2026-08-03,MANAGEMENT_CHANGE,830,15,25,3
AEROFLEX,2026-07-30,ANALYST_MEET,830,14,39,7
ADFFOODS,2026-07-31,PRESS_RELEASE,827,13,34,5
UNITDSPR,2026-08-03,PRESS_RELEASE,827,15,42,6
MAHABANK,2026-07-24,ANALYST_MEET,825,12,23,6
IIFLCAPS,2026-07-30,ANALYST_MEET,825,14,40,6
AUBANK,2026-07-30,PRESS_RELEASE,825,14,28,5
HDBFS,2026-07-28,ANALYST_MEET,825,13,27,7
VISL,2026-08-01,ANALYST_MEET,822,16,25,6
KAJARIACER,2026-08-03,ANALYST_MEET,822,12,38,7
MANBA,2026-07-30,ANALYST_MEET,820,13,27,7
TTKPRESTIG,2026-07-31,ANALYST_MEET,820,17,42,6
AADHARHFC,2026-08-02,PRESS_RELEASE,815,13,39,6
NETWEB,2026-08-01,ANALYST_MEET,815,14,28,6
JAGSNPHARM,2026-07-30,PRESS_RELEASE,815,14,32,4
AFIL,2026-08-01,PRESS_RELEASE,815,15,37,4
AWL,2026-07-31,PRESS_RELEASE,810,15,29,4
SAIL,2026-08-01,ANALYST_MEET,810,12,22,7
NIMBSPROJ,2026-07-28,PRESS_RELEASE,810,13,41,4
CHOLAFIN,2026-07-29,REGULATORY,810,15,29,7
JPPOWER,2026-07-30,PRESS_RELEASE,807,17,30,1
RTNPOWER,2026-07-27,ACQUISITION,805,11,17,8
GODFRYPHLP,2026-08-01,PRESS_RELEASE,805,16,32,1
INDUSINDBK,2026-07-27,PRESS_RELEASE,805,13,43,6
LODHA,2026-07-30,ANALYST_MEET,805,13,26,6
UNIONBANK,2026-08-03,ANALYST_MEET,805,13,34,7
POWERGRID,2026-07-31,PRESS_RELEASE,805,16,59,2
STARHEALTH,2026-08-02,ANALYST_MEET,805,13,43,6
BAJFINANCE,2026-07-31,PRESS_RELEASE,805,14,25,6
POLYCAB,2026-07-30,PRESS_RELEASE,800,13,54,5
HEROMOTOCO,2026-08-03,PRESS_RELEASE,800,14,43,3
NAVNETEDUL,2026-08-01,PRESS_RELEASE,800,12,27,6
ABDL,2026-07-31,ANALYST_MEET,800,14,55,5
GVPIL,2026-07-21,PRESS_RELEASE,795,15,44,4
ALLDIGI,2026-07-26,PRESS_RELEASE,795,15,30,2
PVRINOX,2026-07-30,ANALYST_MEET,795,12,23,6
ROSSARI,2026-07-24,ANALYST_MEET,795,13,29,6
SYNGENE,2026-07-31,MANAGEMENT_CHANGE,795,15,30,4
INFOBEAN,2026-08-01,PRESS_RELEASE,790,14,24,6
RKFORGE,2026-08-03,ANALYST_MEET,790,13,27,5
VISHNU,2026-08-03,PRESS_RELEASE,790,13,26,5
VSSL,2026-07-29,PRESS_RELEASE,790,12,23,6
HAVELLS,2026-08-03,PRESS_RELEASE,790,13,34,5
ASTEC,2026-08-01,PRESS_RELEASE,790,16,31,2
BLUEJET,2026-08-03,PRESS_RELEASE,790,13,30,6
SWSOLAR,2026-07-31,ANALYST_MEET,787,12,30,6
IOB,2026-07-31,REGULATORY,787,15,31,5
IDFCFIRSTB,2026-07-31,ANALYST_MEET,785,13,26,6
ICICIGI,2026-08-03,ANALYST_MEET,785,13,38,5
CLEAN,2026-08-03,PRESS_RELEASE,785,14,41,4
CGPOWER,2026-07-30,REGULATORY,785,16,40,4
NIITLTD,2026-08-01,ANALYST_MEET,785,11,38,7
DIXON,2026-08-01,ANALYST_MEET,782,11,40,8
PCBL,2026-07-31,PRESS_RELEASE,782,13,35,5
ANGELONE,2026-07-31,ANALYST_MEET,780,13,41,6
HAPPSTMNDS,2026-07-30,PRESS_RELEASE,780,15,34,2
UDS,2026-08-03,REGULATORY,780,13,29,7
DLF,2026-08-03,PRESS_RELEASE,780,15,34,3
CAMS,2026-08-03,REGULATORY,780,14,38,7
SRF,2026-07-29,ANALYST_MEET,777,13,33,7
BLUESTONE,2026-07-28,ANALYST_MEET,775,13,29,6
BLUSPRING,2026-08-02,PRESS_RELEASE,772,12,29,5
TARIL,2026-07-25,ANALYST_MEET,772,12,18,6
CYIENTDLM,2026-07-24,ANALYST_MEET,770,11,27,7
NORTHARC,2026-07-29,REGULATORY,770,14,26,6
HESTERBIO,2026-08-01,PRESS_RELEASE,770,14,34,4
VIMTALABS,2026-07-28,ANALYST_MEET,770,11,31,7
SENORES,2026-08-03,REGULATORY,770,14,37,6
DPABHUSHAN,2026-07-28,ANALYST_MEET,766,12,29,7
ONESOURCE,2026-07-31,PRESS_RELEASE,765,12,29,4
KIRLOSIND,2026-07-24,PRESS_RELEASE,765,15,58,1
LAURUSLABS,2026-07-30,PRESS_RELEASE,765,12,30,5
WAAREERTL,2026-07-30,ANALYST_MEET,764,11,22,6
AFCONS,2026-08-03,PRESS_RELEASE,762,15,38,4
VEDPOWER,2026-08-01,ANALYST_MEET,762,13,19,6
GUJALKALI,2026-07-30,PRESS_RELEASE,762,14,29,3
ORIENTELEC,2026-07-28,PRESS_RELEASE,760,13,33,5
MHRIL,2026-07-31,PRESS_RELEASE,760,13,33,5
IKIO,2026-07-31,PRESS_RELEASE,758,15,30,2
PRUDENT,2026-08-01,REGULATORY,755,14,34,5
MEIL,2026-07-30,PRESS_RELEASE,755,13,31,4
FORTIS,2026-07-31,PRESS_RELEASE,755,14,32,3
UTKARSHBNK,2026-08-03,PRESS_RELEASE,752,13,37,4
MEDANTA,2026-07-31,ANALYST_MEET,752,13,45,6
SURYODAY,2026-07-30,PRESS_RELEASE,745,13,36,5
AARON,2026-07-28,ANALYST_MEET,745,13,21,5
TRUALT,2026-08-03,ANALYST_MEET,745,13,29,5
SOMANYCERA,2026-07-31,PRESS_RELEASE,745,13,41,4
MTARTECH,2026-07-30,ANALYST_MEET,744,11,30,6
MOL,2026-07-30,ANALYST_MEET,741,11,31,7
ADANIGREEN,2026-08-01,PRESS_RELEASE,740,11,35,5
VMM,2026-07-28,ANALYST_MEET,740,11,37,5
PERSISTENT,2026-08-02,PRESS_RELEASE,737,13,77,4
SHREECEM,2026-08-01,REGULATORY,735,15,32,4
SHEMAROO,2026-07-31,PRESS_RELEASE,735,12,29,5
HEXT,2026-08-02,PRESS_RELEASE,735,12,39,4
INDIANB,2026-08-01,ANALYST_MEET,735,12,37,5
PRIVISCL,2026-08-03,PRESS_RELEASE,735,12,35,5
PSB,2026-07-28,PRESS_RELEASE,735,12,20,5
TATACOMM,2026-07-28,ANALYST_MEET,735,12,31,5
JSL,2026-08-03,PRESS_RELEASE,735,12,34,4
LTF,2026-07-29,ANALYST_MEET,732,11,34,5
DCBBANK,2026-07-30,ANALYST_MEET,732,12,31,5
BIRLACORPN,2026-08-03,REGULATORY,732,14,35,4
LUPIN,2026-07-31,PRESS_RELEASE,730,14,46,2
INDOTHAI,2026-07-25,REGULATORY,730,18,40,2
INDOSTAR,2026-07-30,ANALYST_MEET,730,11,29,6
SUVEN,2026-07-31,PRESS_RELEASE,725,13,30,3
DATAPATTNS,2026-08-03,REGULATORY,725,14,30,5
PNBHOUSING,2026-07-30,PRESS_RELEASE,725,13,33,5
AMJLAND,2026-08-03,MANAGEMENT_CHANGE,725,14,19,1
JKCEMENT,2026-07-29,ANALYST_MEET,725,11,38,7
BAJAJHFL,2026-07-30,REGULATORY,725,13,28,5
PHOENIXLTD,2026-07-29,ANALYST_MEET,720,11,37,6
DBCORP,2026-07-21,PRESS_RELEASE,720,12,23,5
BANSALWIRE,2026-07-28,ANALYST_MEET,720,12,24,7
MWL,2026-07-31,PRESS_RELEASE,720,15,40,1
SOLARA,2026-07-29,PRESS_RELEASE,720,13,37,4
GUJTHEM,2026-08-02,REGULATORY,719,15,39,3
TANLA,2026-07-28,PRESS_RELEASE,715,13,21,4
SAKAR,2026-08-03,ANALYST_MEET,715,10,25,6
ABSLAMC,2026-07-30,ANALYST_MEET,715,12,27,5
INDHOTEL,2026-07-29,PRESS_RELEASE,710,11,39,5
BHAGYANGR,2026-07-31,ANALYST_MEET,710,12,24,7
EXPLEOSOL,2026-08-01,PRESS_RELEASE,710,14,29,2
AARTIIND,2026-08-01,PRESS_RELEASE,710,11,25,4
ADOR,2026-07-30,PRESS_RELEASE,710,14,38,3
HDFCAMC,2026-08-03,ANALYST_MEET,710,10,26,6
TATAELXSI,2026-07-27,PRESS_RELEASE,710,11,30,5
KALPATARU,2026-07-28,PRESS_RELEASE,710,15,35,3
DEEPAKFERT,2026-07-31,PRESS_RELEASE,710,11,34,5
KSOLVES,2026-07-30,ANALYST_MEET,710,11,13,6
THYROCARE,2026-07-27,ANALYST_MEET,710,11,43,5
THOMASCOOK,2026-08-03,PRESS_RELEASE,710,14,49,3
MOTHERSON,2026-07-30,PRESS_RELEASE,710,14,65,1
SANGAMIND,2026-08-01,PRESS_RELEASE,706,13,25,5
UFO,2026-07-29,PRESS_RELEASE,705,12,24,4
MOIL,2026-08-03,MANAGEMENT_CHANGE,705,12,21,2
BAJAJHCARE,2026-07-27,ANALYST_MEET,705,12,24,5
BLACKBUCK,2026-08-03,ANALYST_MEET,705,13,31,5
LUMAXIND,2026-08-02,PRESS_RELEASE,705,15,37,0
OAL,2026-07-31,PRESS_RELEASE,705,12,29,4
GLENMARK,2026-08-03,PRESS_RELEASE,705,12,34,3
MOTILALOFS,2026-07-31,ANALYST_MEET,702,12,30,5
DODLA,2026-08-01,ANALYST_MEET,702,11,28,6
IDEAFORGE,2026-07-31,PRESS_RELEASE,700,14,27,2
APOLLOPIPE,2026-07-31,PRESS_RELEASE,700,13,32,4
TATACONSUM,2026-07-30,ANALYST_MEET,700,11,45,5
EQUITASBNK,2026-08-01,ANALYST_MEET,700,11,37,5
TEXRAIL,2026-08-03,PRESS_RELEASE,699,11,60,6
ACI,2026-08-01,PRESS_RELEASE,696,11,35,6
DSFCL,2026-07-27,MANAGEMENT_CHANGE,695,14,27,4
VARROC,2026-08-03,PRESS_RELEASE,695,13,44,2
NUCLEUS,2026-08-03,ANALYST_MEET,695,12,37,5
NEUEON,2026-08-01,PRESS_RELEASE,695,14,19,4
CEIGALL,2026-07-30,PRESS_RELEASE,694,12,51,3
DIAMONDYD,2026-08-02,PRESS_RELEASE,692,12,15,2
ICRA,2026-07-31,PRESS_RELEASE,690,12,38,5
TATASTEEL,2026-08-01,PRESS_RELEASE,690,12,55,4
AJANTPHARM,2026-08-03,ANALYST_MEET,690,12,27,6
TEAMLEASE,2026-07-29,PRESS_RELEASE,690,10,35,6
FRACTAL,2026-07-29,ANALYST_MEET,690,12,30,5
STEELXIND,2026-07-31,PRESS_RELEASE,690,13,32,3
VBL,2026-08-01,MANAGEMENT_CHANGE,690,12,21,4
PRICOLLTD,2026-07-31,PRESS_RELEASE,687,11,36,4
BPCL,2026-08-01,ANALYST_MEET,687,11,36,5
RESPONIND,2026-08-01,PRESS_RELEASE,686,13,30,3
BAJEL,2026-07-22,PRESS_RELEASE,685,13,33,1
SBILIFE,2026-07-30,PRESS_RELEASE,685,12,22,4
SOBHA,2026-07-27,REGULATORY,685,13,25,5
IEX,2026-07-31,ANALYST_MEET,685,10,21,6
JUSTDIAL,2026-07-24,MANAGEMENT_CHANGE,685,10,21,5
RAMBHAJO,2026-07-28,ANALYST_MEET,685,10,11,5
SIMBHALS,2026-07-27,DISTRESS,685,17,33,4
TINNARUBR,2026-08-01,ANALYST_MEET,685,10,26,6
ORIENTHOT,2026-08-03,PRESS_RELEASE,681,14,27,3
NAVINFLUOR,2026-07-30,PRESS_RELEASE,680,12,26,1
SMSPHARMA,2026-08-01,PRESS_RELEASE,680,12,30,3
NH,2026-08-03,PRESS_RELEASE,680,11,34,4
PDSL,2026-07-31,PRESS_RELEASE,675,15,36,2
CRIZAC,2026-08-03,MANAGEMENT_CHANGE,675,11,27,4
INFY,2026-07-30,PRESS_RELEASE,675,12,51,1
SONAMLTD,2026-07-23,ANALYST_MEET,675,10,24,7
ABLBL,2026-08-03,PRESS_RELEASE,675,12,21,3
FEDFINA,2026-07-23,ANALYST_MEET,675,10,44,6
RELIANCE,2026-08-01,ANALYST_MEET,675,12,47,5
HECPROJECT,2026-08-03,PRESS_RELEASE,674,11,26,5
SPLPETRO,2026-08-01,ANALYST_MEET,672,10,23,7
MOBIKWIK,2026-08-03,ANALYST_MEET,671,10,35,6
IKS,2026-07-31,ACQUISITION,670,10,39,6
AVADHSUGAR,2026-08-03,PRESS_RELEASE,670,13,26,3
NATIONALUM,2026-08-03,PRESS_RELEASE,670,13,18,4
GHCL,2026-08-03,ANALYST_MEET,667,10,65,5
NUVAMA,2026-08-02,PRESS_RELEASE,667,12,41,3
BALKRISIND,2026-07-31,REGULATORY,665,14,31,3
KELLTONTEC,2026-07-27,ANALYST_MEET,665,11,26,5
ASALCBR,2026-07-30,ANALYST_MEET,665,11,27,5
CRISIL,2026-07-23,PRESS_RELEASE,665,11,21,4
TCC,2026-07-31,PRESS_RELEASE,665,12,25,3
FILATFASH,2026-07-18,MANAGEMENT_CHANGE,660,12,29,2
INDIACEM,2026-07-23,PRESS_RELEASE,660,12,25,4
BIOCON,2026-08-03,PRESS_RELEASE,660,12,47,2
LMW,2026-07-31,PRESS_RELEASE,660,12,37,4
CUB,2026-08-01,ANALYST_MEET,660,9,26,6
MCLOUD,2026-07-30,PRESS_RELEASE,659,12,44,3
SANDUMA,2026-07-28,PRESS_RELEASE,657,13,24,2
AURIONPRO,2026-08-03,ANALYST_MEET,655,10,26,5
RADIOCITY,2026-07-31,ANALYST_MEET,655,10,21,5
HOMEFIRST,2026-07-28,ANALYST_MEET,655,10,52,5
BLUEDART,2026-08-01,MANAGEMENT_CHANGE,655,13,29,2
OMAXAUTO,2026-07-31,MANAGEMENT_CHANGE,655,13,14,2
SCHAEFFLER,2026-07-28,ANALYST_MEET,655,10,20,5
GULFPETRO,2026-08-03,PRESS_RELEASE,655,13,31,2
GRASIM,2026-07-29,PRESS_RELEASE,655,13,43,1
ANANTRAJ,2026-07-21,PRESS_RELEASE,650,11,26,4
ETHOSLTD,2026-08-03,REGULATORY,650,12,30,4
NEWGEN,2026-07-25,ANALYST_MEET,650,11,34,5
LTFOODS,2026-08-01,ANALYST_MEET,650,11,36,5
DEVYANI,2026-07-30,PRESS_RELEASE,650,10,27,5
SUMEETINDS,2026-08-03,PRESS_RELEASE,650,11,26,4
JIOFIN,2026-08-03,ANALYST_MEET,650,11,32,5
NELCAST,2026-07-30,ANALYST_MEET,650,11,32,5
DIVISLAB,2026-08-03,PRESS_RELEASE,650,11,23,4
LOTUSDEV,2026-08-03,ACQUISITION,646,9,26,7
SHK,2026-08-01,ANALYST_MEET,645,12,30,5
KECL,2026-08-01,PRESS_RELEASE,645,12,22,3
SSWL,2026-08-03,ANALYST_MEET,645,10,27,5
PARSVNATH,2026-07-29,MANAGEMENT_CHANGE,645,13,24,1
AASTHA,2026-08-03,PRESS_RELEASE,645,12,12,3
VIPIND,2026-08-03,MANAGEMENT_CHANGE,640,12,27,2
SANGINITA,2026-07-20,MANAGEMENT_CHANGE,640,13,30,0
SYRMA,2026-08-03,PRESS_RELEASE,640,13,32,3
APTUS,2026-08-03,PRESS_RELEASE,640,11,29,4
EPACKPEB,2026-08-02,MANAGEMENT_CHANGE,637,10,32,5
KRISHANA,2026-07-18,ANALYST_MEET,637,9,34,6
PARADEEP,2026-07-31,ANALYST_MEET,637,10,38,6
SEAMECLTD,2026-08-03,PRESS_RELEASE,637,16,50,2
GLAND,2026-08-01,PRESS_RELEASE,635,13,41,2
SARDAEN,2026-08-03,ANALYST_MEET,635,11,26,5
NAM-INDIA,2026-07-24,ANALYST_MEET,634,11,31,5
ELECON,2026-08-01,ANALYST_MEET,632,10,31,5
PNGJL,2026-07-30,PRESS_RELEASE,632,10,24,4
PARKHOSPS,2026-08-03,ACQUISITION,632,9,35,7
WELENT,2026-07-31,PRESS_RELEASE,630,12,31,1
GANESHHOU,2026-07-29,ANALYST_MEET,630,9,25,6
IRFC,2026-08-02,PRESS_RELEASE,630,12,35,3
PREMEXPLN,2026-07-31,PRESS_RELEASE,630,11,23,3
CEMPRO,2026-08-02,ANALYST_MEET,630,12,34,5
AETHER,2026-07-31,ANALYST_MEET,630,9,22,5
FCL,2026-07-28,ANALYST_MEET,630,9,27,6
KPITTECH,2026-07-30,ANALYST_MEET,630,12,38,4
TAJGVK,2026-07-31,BOARD_OUTCOME,626,10,18,7
DHANUKA,2026-08-03,PRESS_RELEASE,625,10,41,4
HYUNDAI,2026-08-01,PRESS_RELEASE,625,10,30,4
MUTHOOTFIN,2026-08-03,PRESS_RELEASE,625,10,23,4
SUNTECK,2026-07-28,ANALYST_MEET,625,10,14,6
GRANULES,2026-07-27,ANALYST_MEET,625,10,17,5
CHALET,2026-07-30,ANALYST_MEET,625,10,27,4
BESTAGRO,2026-07-31,PRESS_RELEASE,625,11,27,4
SIRCA,2026-07-29,PRESS_RELEASE,625,13,29,3
BAJAJCON,2026-07-15,ANALYST_MEET,625,10,18,5
E2E,2026-07-28,ANALYST_MEET,625,10,24,5
CRAMC,2026-07-24,ANALYST_MEET,625,10,26,5
DIACABS,2026-07-29,PRESS_RELEASE,624,12,46,2
BEL,2026-08-01,ANALYST_MEET,624,9,23,6
VAIBHAVGBL,2026-07-20,PRESS_RELEASE,621,11,31,3
GREAVESCOT,2026-08-03,PRESS_RELEASE,620,11,37,3
TIPSMUSIC,2026-07-28,ANALYST_MEET,620,9,21,6
STAR,2026-08-03,PRESS_RELEASE,620,11,44,4
ONWARDTEC,2026-07-22,ANALYST_MEET,620,11,40,4
STEELCAS,2026-07-31,REGULATORY,617,12,22,6
KIRLOSBROS,2026-08-01,REGULATORY,617,11,34,5
VERANDA,2026-07-31,PRESS_RELEASE,615,12,32,1
TEJASNET,2026-08-03,ANALYST_MEET,615,10,28,4
AERONEU,2026-08-03,PRESS_RELEASE,614,12,22,2
TVSSCS,2026-08-03,PRESS_RELEASE,612,11,40,2
ADANIPORTS,2026-08-03,PRESS_RELEASE,612,11,43,3
IFBAGRO,2026-07-29,PRESS_RELEASE,610,13,29,1
MASTEK,2026-08-03,ANALYST_MEET,605,9,25,5
BEPL,2026-07-24,PRESS_RELEASE,605,11,21,4
NAZARA,2026-07-30,PRESS_RELEASE,605,10,32,4
GREENPOWER,2026-07-29,REGULATORY,605,11,28,5
PATINTLOG,2026-08-03,PRESS_RELEASE,605,10,30,4
MRPL,2026-07-24,BOARD_OUTCOME,605,11,24,4
JBMA,2026-07-31,PRESS_RELEASE,605,11,21,2
PACEDIGITK,2026-08-01,PRESS_RELEASE,604,10,42,3
CONTROLPR,2026-07-29,ANALYST_MEET,602,10,29,5
ACC,2026-07-29,ANALYST_MEET,600,9,25,5
63MOONS,2026-07-30,ACQUISITION,600,9,20,5
ETERNAL,2026-07-31,PRESS_RELEASE,600,12,16,3
CIEINDIA,2026-07-27,ANALYST_MEET,600,9,24,5
3PLAND,2026-08-01,PRESS_RELEASE,600,12,21,3
EMUDHRA,2026-07-30,ANALYST_MEET,600,9,40,5
TURTLEMINT,2026-07-22,ANALYST_MEET,600,9,11,5
CAPITALSFB,2026-07-30,ANALYST_MEET,600,9,30,5
VTL,2026-08-03,ANALYST_MEET,600,9,33,5
STYLAMIND,2026-07-27,ANALYST_MEET,600,9,31,5
GPTINFRA,2026-08-03,PRESS_RELEASE,595,10,27,4
COROMANDEL,2026-07-31,ANALYST_MEET,595,10,30,5
AMBUJACEM,2026-07-29,PRESS_RELEASE,595,10,31,4
EMBDL,2026-08-03,PRESS_RELEASE,595,10,28,3
IPL,2026-08-03,PRESS_RELEASE,595,10,27,3
PINELABS,2026-08-03,ANALYST_MEET,595,10,30,4
FAIRCHEMOR,2026-07-30,ANALYST_MEET,595,10,24,5
CORDELIA,2026-07-28,ANALYST_MEET,595,9,9,5
CAPILLARY,2026-08-02,PRESS_RELEASE,590,11,30,3
DHAMPURSUG,2026-08-01,PRESS_RELEASE,590,11,30,1
KANPRPLA,2026-07-29,REGULATORY,590,11,18,4
NTPCGREEN,2026-07-30,PRESS_RELEASE,590,11,21,1
PRABHA,2026-07-31,PRESS_RELEASE,590,12,28,2
MAMATA,2026-07-31,DISTRESS,590,14,31,2
SJVN,2026-08-01,MANAGEMENT_CHANGE,590,11,28,1
ZYDUSLIFE,2026-08-01,PRESS_RELEASE,590,12,58,1
CSM,2026-07-31,ANALYST_MEET,587,8,12,6
MGEL,2026-08-03,REGULATORY,585,12,28,2
SPORTKING,2026-08-03,ANALYST_MEET,585,9,29,5
STLNETWORK,2026-08-03,MANAGEMENT_CHANGE,585,13,43,1
NHPC,2026-07-31,PRESS_RELEASE,584,10,38,2
MAPMYINDIA,2026-07-29,VOLUME_ALERT,582,10,24,5
CCL,2026-07-30,ANALYST_MEET,582,10,27,4
IRB,2026-07-31,PRESS_RELEASE,580,10,37,4
GRPLTD,2026-07-30,ANALYST_MEET,580,10,27,5
TRANSRAILL,2026-08-03,PRESS_RELEASE,580,10,35,4
ORIENTCEM,2026-07-28,ANALYST_MEET,577,9,25,4
ALKEM,2026-08-03,PRESS_RELEASE,575,11,36,1
GRINFRA,2026-08-01,MANAGEMENT_CHANGE,575,11,41,1
CENTURYPLY,2026-08-01,REGULATORY,575,11,33,4
SUKHJITS,2026-07-31,PRESS_RELEASE,575,11,24,2
ORBTEXP,2026-07-20,BUYBACK,575,11,17,4
SWANDEF,2026-07-22,ANALYST_MEET,574,8,35,5
NRBBEARING,2026-07-31,PRESS_RELEASE,572,13,34,0
HINDCOMPOS,2026-07-31,BOARD_OUTCOME,570,10,17,4
AHCL,2026-08-01,PRESS_RELEASE,570,10,27,3
SAPPHIRE,2026-07-30,ANALYST_MEET,570,9,25,5
EBGNG,2026-08-01,ANALYST_MEET,570,9,31,5
PFS,2026-08-03,PRESS_RELEASE,570,9,24,4
APLAPOLLO,2026-08-03,PRESS_RELEASE,570,9,17,4
RAMRAT,2026-08-01,PRESS_RELEASE,565,10,22,3
LXCHEM,2026-07-31,ANALYST_MEET,565,10,28,4
AEQUS,2026-08-03,ANALYST_MEET,565,10,37,4
SUPREMEIND,2026-07-29,PRESS_RELEASE,565,10,17,3
ATLANTAELE,2026-07-25,ANALYST_MEET,565,10,29,4
ITC,2026-08-01,PRESS_RELEASE,564,10,28,2
ARSSINFRA,2026-07-31,REGULATORY,562,13,27,4
VIJAYA,2026-07-29,ANALYST_MEET,560,9,34,5
SOMATEX,2026-08-01,PRESS_RELEASE,560,12,21,2
KABRAEXTRU,2026-07-30,MANAGEMENT_CHANGE,560,11,23,2
GODREJAGRO,2026-07-28,PRESS_RELEASE,559,11,20,1
JAINREC,2026-07-31,REGULATORY,559,15,32,3
AVANTEL,2026-07-18,PRESS_RELEASE,557,11,28,2
RITES,2026-07-31,MANAGEMENT_CHANGE,556,9,37,3
COLPAL,2026-07-30,PRESS_RELEASE,555,12,33,1
LICHSGFIN,2026-07-31,ANALYST_MEET,555,9,21,5
RAJRATAN,2026-07-30,PRESS_RELEASE,555,12,23,2
BHEL,2026-07-31,PRESS_RELEASE,555,12,25,2
ANUP,2026-08-01,PRESS_RELEASE,552,11,29,1
PTCIL,2026-08-01,PRESS_RELEASE,551,11,24,3
AARTIDRUGS,2026-08-01,ANALYST_MEET,550,10,24,5
ASTRAL,2026-08-01,PRESS_RELEASE,550,10,28,4
DALBHARAT,2026-07-28,PRESS_RELEASE,547,9,30,3
ATUL,2026-07-31,PRESS_RELEASE,547,11,16,2
LICI,2026-07-31,PRESS_RELEASE,545,11,53,0
PRESTIGE,2026-07-31,PRESS_RELEASE,545,11,30,3
TATATECH,2026-07-29,ANALYST_MEET,545,8,32,5
MUTHOOTMF,2026-07-30,PRESS_RELEASE,545,11,37,1
EMMVEE,2026-07-22,ANALYST_MEET,545,8,19,5
HINDUNILVR,2026-07-31,ANALYST_MEET,545,8,23,5
STYL,2026-07-31,ANALYST_MEET,545,8,22,5
JUBLPHARMA,2026-08-02,PRESS_RELEASE,545,11,36,0
ACUTAAS,2026-07-28,ANALYST_MEET,545,8,17,5
SYMPHONY,2026-07-29,PRESS_RELEASE,545,11,30,2
HUHTAMAKI,2026-07-31,ANALYST_MEET,545,8,24,5
BALMLAWRIE,2026-08-01,PRESS_RELEASE,545,11,33,2
MOLDTKPAC,2026-07-30,ANALYST_MEET,545,8,20,5
GLAXO,2026-08-03,MANAGEMENT_CHANGE,540,9,30,3
PNGSREVA,2026-07-30,ANALYST_MEET,540,9,34,4
TBOTEK,2026-07-30,PRESS_RELEASE,540,9,29,3
EXIDEIND,2026-08-03,ANALYST_MEET,540,9,20,4
HILINFRA,2026-07-28,REGULATORY,538,11,31,2
ADVAIT,2026-07-22,ORDER_WIN,535,7,28,6
GODREJCP,2026-07-22,PRESS_RELEASE,535,11,40,1
TORNTPOWER,2026-08-03,PRESS_RELEASE,535,10,31,3
JMFINANCIL,2026-08-03,PRESS_RELEASE,535,10,26,2
ASTRAZEN,2026-07-30,PRESS_RELEASE,535,13,29,0
ONGC,2026-08-01,PRESS_RELEASE,532,9,32,3
SILVERTUC,2026-08-02,PRESS_RELEASE,532,10,15,4
RAJSREESUG,2026-07-23,PRESS_RELEASE,530,11,25,1
CONCORDBIO,2026-08-01,REGULATORY,530,11,30,3
RATEGAIN,2026-07-31,PRESS_RELEASE,530,9,34,2
RPPL,2026-07-31,ORDER_WIN,528,7,26,6
REMSONSIND,2026-08-03,MANAGEMENT_CHANGE,527,10,26,0
JINDWORLD,2026-08-01,PRESS_RELEASE,526,9,26,3
LORDSCHLO,2026-07-29,PRESS_RELEASE,525,9,21,3
NYKAA,2026-08-02,PRESS_RELEASE,525,10,33,2
UCOBANK,2026-07-30,ANALYST_MEET,522,8,23,4
PRECWIRE,2026-07-23,PRESS_RELEASE,522,12,24,1
JLHL,2026-07-31,REGULATORY,522,10,35,4
GTPL,2026-07-21,ANALYST_MEET,520,7,14,5
TIRUPATIFL,2026-08-03,REGULATORY,520,13,22,2
ENTERO,2026-07-31,PRESS_RELEASE,520,10,40,1
VIYASH,2026-08-01,PRESS_RELEASE,520,10,29,1
SUTLEJTEX,2026-07-29,MANAGEMENT_CHANGE,520,10,29,2
RAYMOND,2026-08-03,MANAGEMENT_CHANGE,515,10,44,2
BATAINDIA,2026-07-23,PRESS_RELEASE,515,11,29,0
FUSION,2026-07-30,REGULATORY,515,10,40,3
SHARDACROP,2026-07-30,ANALYST_MEET,515,8,23,4
SAGCEM,2026-07-30,ANALYST_MEET,515,8,28,4
RRKABEL,2026-08-03,ANALYST_MEET,515,8,19,5
LGBBROSLTD,2026-08-01,PRESS_RELEASE,512,10,16,1
ELGIEQUIP,2026-07-24,PRESS_RELEASE,512,9,31,3
CORONA,2026-08-03,ANALYST_MEET,510,9,40,4
DWARKESH,2026-07-29,PRESS_RELEASE,510,9,21,2
FCSSOFT,2026-08-03,PRESS_RELEASE,510,10,16,2
HGINFRA,2026-08-03,PRESS_RELEASE,510,12,39,0
DYCL,2026-07-23,ANALYST_MEET,510,9,27,4
BSOFT,2026-07-29,ANALYST_MEET,510,9,28,4
UFLEX,2026-07-31,REGULATORY,507,13,32,2
DOLPHIN,2026-08-01,PRESS_RELEASE,505,10,15,1
PAISALO,2026-08-01,PRESS_RELEASE,505,10,33,1
DBOL,2026-07-31,MANAGEMENT_CHANGE,505,10,38,2
SWELECTES,2026-07-31,PRESS_RELEASE,505,10,29,2
BHARTIARTL,2026-08-01,OTHER,505,16,70,1
POCL,2026-08-03,REGULATORY,502,9,43,3
CROMPTON,2026-07-23,MANAGEMENT_CHANGE,502,11,62,2
VIVIANA,2026-07-28,ORDER_WIN,501,7,24,5
TRU,2026-07-31,ACQUISITION,500,8,18,3
HONAUT,2026-07-30,PRESS_RELEASE,500,11,21,1
JKLAKSHMI,2026-07-31,PRESS_RELEASE,500,11,26,2
PIDILITIND,2026-07-22,PRESS_RELEASE,500,12,36,0
TITAN,2026-07-30,PRESS_RELEASE,497,10,45,1
CROWN,2026-07-24,MANAGEMENT_CHANGE,495,9,17,2
SETL,2026-07-30,PRESS_RELEASE,495,9,28,3
TFCILTD,2026-07-31,PRESS_RELEASE,495,10,23,2
WINSOME,2026-07-30,BOARD_OUTCOME,495,10,12,4
UGROCAP,2026-08-03,ACQUISITION,495,7,24,5
LEMONTREE,2026-07-30,PRESS_RELEASE,492,9,37,1
ICICIAMC,2026-07-16,ANALYST_MEET,490,7,19,5
SUNDARMFIN,2026-08-03,PRESS_RELEASE,490,10,48,2
APOLLOTYRE,2026-07-30,PRESS_RELEASE,490,10,35,2
BOMDYEING,2026-07-31,PRESS_RELEASE,490,10,26,0
RELINFRA,2026-07-31,OTHER,490,13,25,1
BRITANNIA,2026-08-02,PRESS_RELEASE,490,10,35,1
APLLTD,2026-07-28,PRESS_RELEASE,490,10,49,1
KEC,2026-08-03,REGULATORY,487,10,34,2
AVL,2026-08-01,ANALYST_MEET,485,8,21,3
HDFCLIFE,2026-07-22,ANALYST_MEET,485,8,19,4
ONMOBILE,2026-07-23,PRESS_RELEASE,485,9,26,2
IOC,2026-08-01,PRESS_RELEASE,485,8,24,2
NILAINFRA,2026-08-01,REGULATORY,485,11,16,2
LUMAXTECH,2026-08-02,PRESS_RELEASE,485,11,43,0
GRSE,2026-08-03,MANAGEMENT_CHANGE,482,8,22,3
REDTAPE,2026-08-03,PRESS_RELEASE,481,9,27,2
MARALOVER,2026-08-01,PRESS_RELEASE,480,9,21,1
VIKRAN,2026-08-01,PRESS_RELEASE,480,8,49,3
JAYNECOIND,2026-08-01,PRESS_RELEASE,480,9,14,1
ERIS,2026-07-30,ANALYST_MEET,480,7,24,5
RAYMONDLSL,2026-08-02,REGULATORY,480,9,33,3
NBCC,2026-07-31,PRESS_RELEASE,480,9,32,1
PREMIERPOL,2026-07-23,PRESS_RELEASE,480,9,19,2
ROSSTECH,2026-07-31,PRESS_RELEASE,480,9,22,2
BALLARPUR,2026-07-18,BOARD_OUTCOME,477,7,17,5
ASIANTILES,2026-07-30,ACQUISITION,476,7,21,5
AUROPHARMA,2026-07-30,PRESS_RELEASE,475,7,43,3
ROLEXRINGS,2026-07-31,BUYBACK,475,7,24,5
MANORG,2026-07-30,PRESS_RELEASE,475,8,26,3
JBFIND,2026-07-29,MANAGEMENT_CHANGE,475,8,16,3
BHAGERIA,2026-08-01,PRESS_RELEASE,475,10,24,1
GREENPANEL,2026-08-03,PRESS_RELEASE,472,9,22,1
KSL,2026-08-03,PRESS_RELEASE,472,12,32,0
HIMATSEIDE,2026-07-31,PRESS_RELEASE,472,9,26,0
GLOBUSSPR,2026-07-25,ANALYST_MEET,472,6,19,5
MAXHEALTH,2026-07-30,PRESS_RELEASE,470,12,47,1
MAXESTATES,2026-07-30,PRESS_RELEASE,470,11,34,0
GICHSGFIN,2026-08-03,MANAGEMENT_CHANGE,467,8,33,2
ATGL,2026-07-31,ANALYST_MEET,467,7,24,4
AWHCL,2026-07-30,PRESS_RELEASE,465,11,26,1
CAMLINFINE,2026-07-19,PRESS_RELEASE,465,9,24,1
METROPOLIS,2026-07-28,PRESS_RELEASE,465,9,28,1
HCC,2026-07-29,PRESS_RELEASE,465,9,22,1
INDIAGLYCO,2026-07-31,PRESS_RELEASE,465,9,27,0
NMDC,2026-08-01,PRESS_RELEASE,465,9,22,0
MONEYBOXX,2026-07-30,PRESS_RELEASE,465,8,21,2
GREENLAM,2026-08-03,PRESS_RELEASE,460,10,27,1
MGL,2026-07-31,ANALYST_MEET,460,7,26,4
AGL,2026-07-29,ACQUISITION,460,7,11,5
PSPPROJECT,2026-07-30,ANALYST_MEET,460,7,16,4
ALIVUS,2026-07-31,ANALYST_MEET,460,7,22,4
MALLCOM,2026-07-31,ANALYST_MEET,460,7,18,4
CCCL,2026-07-30,PRESS_RELEASE,460,10,19,2
GOCOLORS,2026-07-31,ANALYST_MEET,460,7,19,4
ORIENTBELL,2026-07-28,PRESS_RELEASE,460,10,25,0
AVONMORE,2026-08-01,ACQUISITION,460,7,21,4
BIRLAMONEY,2026-08-03,REGULATORY,459,10,16,1
GPTHEALTH,2026-08-03,PRESS_RELEASE,455,8,23,3
TEMBO,2026-08-01,PRESS_RELEASE,455,11,31,0
MSPL,2026-08-01,REGULATORY,455,9,27,3
CAMPUS,2026-07-31,PRESS_RELEASE,455,9,29,1
EMSLIMITED,2026-07-31,PRESS_RELEASE,454,7,24,3
ATALREAL,2026-07-29,MANAGEMENT_CHANGE,452,8,15,2
VOEPL,2026-07-21,REGULATORY,450,9,10,3
NURECA,2026-07-28,PRESS_RELEASE,450,9,40,2
GKSL,2026-08-03,REGULATORY,450,8,19,3
RATNAVEER,2026-07-29,PRESS_RELEASE,450,9,38,1
VINCOFE,2026-07-30,PRESS_RELEASE,450,9,24,2
EMCURE,2026-07-22,PRESS_RELEASE,450,9,30,2
ZFCVINDIA,2026-07-28,REGULATORY,450,9,38,3
JSWCEMENT,2026-07-31,PRESS_RELEASE,447,11,36,0
HINDALCO,2026-08-03,PRESS_RELEASE,447,8,42,2
GULPOLY,2026-07-24,PRESS_RELEASE,447,8,26,1
ABB,2026-08-03,ANALYST_MEET,445,7,21,4
PFIZER,2026-07-29,PRESS_RELEASE,445,10,19,1
ORCHPHARMA,2026-08-01,PRESS_RELEASE,445,9,22,3
POWERICA,2026-07-31,PRESS_RELEASE,442,7,39,3
ASKAUTOLTD,2026-07-28,PRESS_RELEASE,440,8,27,2
ASAL,2026-07-31,REGULATORY,440,11,12,1
SANOFI,2026-07-31,MANAGEMENT_CHANGE,440,8,16,1
UBL,2026-07-22,PRESS_RELEASE,440,8,31,2
BETA,2026-07-27,REGULATORY,440,7,20,4
WHEELS,2026-07-28,PRESS_RELEASE,440,8,32,3
TVSELECT,2026-07-24,PRESS_RELEASE,438,8,26,3
KANSAINER,2026-08-03,ANALYST_MEET,437,7,26,4
CENTRUM,2026-08-03,PRESS_RELEASE,435,9,25,0
FILATEX,2026-08-01,ANALYST_MEET,435,6,12,4
TDPOWERSYS,2026-08-03,PRESS_RELEASE,435,9,27,1
DAVANGERE,2026-07-28,BOARD_OUTCOME,435,7,18,4
ASHOKA,2026-07-31,PRESS_RELEASE,435,7,22,2
AEGISLOG,2026-07-15,PRESS_RELEASE,435,9,33,1
ZYDUSWELL,2026-08-01,PRESS_RELEASE,435,9,36,1
JAYBARMARU,2026-08-03,PRESS_RELEASE,435,9,35,0
SONATSOFTW,2026-08-01,REGULATORY,430,10,25,1
DIGISPICE,2026-07-31,MANAGEMENT_CHANGE,430,9,27,1
VOLTAMP,2026-08-01,REGULATORY,430,10,22,2
VHLTD,2026-08-01,ANALYST_MEET,430,7,23,3
INDOCO,2026-07-29,ANALYST_MEET,430,7,19,3
ANDHRAPAP,2026-07-23,PRESS_RELEASE,430,10,19,0
MINDTECK,2026-07-22,PRESS_RELEASE,430,10,31,0
MFSL,2026-08-01,PRESS_RELEASE,430,10,36,0
TTML,2026-07-28,BOARD_OUTCOME,425,8,22,4
MICEL,2026-07-31,BOARD_OUTCOME,425,8,13,3
RUBICON,2026-07-30,PRESS_RELEASE,425,8,23,1
GCSL,2026-08-01,PRESS_RELEASE,425,8,34,2
AIIL,2026-07-28,PRESS_RELEASE,425,9,24,2
GPIL,2026-07-31,PRESS_RELEASE,425,9,48,3
VISAKAIND,2026-07-31,PRESS_RELEASE,425,11,22,0
DDEVPLSTIK,2026-08-03,MANAGEMENT_CHANGE,422,7,30,2
DPSCLTD,2026-08-01,DISTRESS,422,14,53,0
SHALBY,2026-07-30,PRESS_RELEASE,422,7,22,2
SICALLOG,2026-08-03,MANAGEMENT_CHANGE,420,9,23,1
NIACL,2026-07-31,REGULATORY,420,9,29,2
SHAH,2026-07-18,MANAGEMENT_CHANGE,420,8,35,2
IDBI,2026-07-22,PRESS_RELEASE,420,9,28,1
GODREJPROP,2026-07-21,PRESS_RELEASE,417,8,20,1
MARINE,2026-07-28,ORDER_WIN,416,7,25,2
JWL,2026-07-30,MANAGEMENT_CHANGE,416,7,23,3
IL&FSENGG,2026-08-03,REGULATORY,415,10,20,1
BIRLANU,2026-07-22,PRESS_RELEASE,415,10,27,0
DEEDEV,2026-07-30,PRESS_RELEASE,415,7,43,2
BANARBEADS,2026-07-31,REGULATORY,415,10,26,1
NCC,2026-07-31,PRESS_RELEASE,412,7,27,2
HARDWYN,2026-07-29,REGULATORY,411,10,30,3
HERANBA,2026-07-21,MANAGEMENT_CHANGE,410,8,18,0
MARICO,2026-07-27,PRESS_RELEASE,410,8,34,1
RAMCOSYS,2026-07-30,PRESS_RELEASE,410,9,17,1
LLOYDSENGG,2026-08-01,PRESS_RELEASE,410,11,35,0
SHRIPISTON,2026-07-31,REGULATORY,410,8,46,2
GBGLOBAL,2026-07-22,BOARD_OUTCOME,410,7,17,4
RSWM,2026-08-02,PRESS_RELEASE,410,8,25,1
TIMKEN,2026-07-30,PRESS_RELEASE,410,8,23,1
TRANSWORLD,2026-07-30,PRESS_RELEASE,407,8,19,1
APCOTEXIND,2026-07-30,ANALYST_MEET,405,6,32,4
ASHOKLEY,2026-08-03,PRESS_RELEASE,405,9,36,0
LAOPALA,2026-08-03,PRESS_RELEASE,405,9,23,0
TARACHAND,2026-08-03,MANAGEMENT_CHANGE,405,9,36,1
MOSCHIP,2026-08-03,ACQUISITION,405,6,18,4
ALMONDZ,2026-07-31,PRESS_RELEASE,405,9,36,1
EVERESTIND,2026-07-27,PRESS_RELEASE,405,9,26,1
MANGLMCEM,2026-07-30,PRESS_RELEASE,403,8,21,1
NEULANDLAB,2026-07-31,PRESS_RELEASE,402,8,30,1
RCF,2026-07-31,BOARD_OUTCOME,402,8,18,2
TARC,2026-07-23,MANAGEMENT_CHANGE,401,7,16,2
WANBURY,2026-07-30,PRESS_RELEASE,401,7,19,2
GANGAFORGE,2026-07-25,BOARD_OUTCOME,400,7,15,3
SHANKARA,2026-07-31,PRESS_RELEASE,400,7,17,3
PGIL,2026-08-01,REGULATORY,400,8,38,2
SEPC,2026-07-22,PRESS_RELEASE,400,8,28,2
NITCO,2026-07-28,PRESS_RELEASE,400,8,27,0
DOMS,2026-08-03,ANALYST_MEET,400,7,26,3
SANGHVIMOV,2026-08-03,ANALYST_MEET,400,7,22,3
CARTRADE,2026-07-29,PRESS_RELEASE,400,7,24,2
CARBORUNIV,2026-07-31,PRESS_RELEASE,400,8,23,1
NOCIL,2026-08-03,ANALYST_MEET,400,7,24,3
NESCO,2026-07-28,REGULATORY,400,8,26,2
ZAGGLE,2026-07-27,PRESS_RELEASE,397,7,40,2
PANAMAPET,2026-07-29,PRESS_RELEASE,397,8,17,1
AJMERA,2026-07-27,PRESS_RELEASE,395,6,22,3
TIJARIA,2026-07-31,PRESS_RELEASE,395,8,16,1
MAXIND,2026-07-29,PRESS_RELEASE,395,10,39,1
ORISSAMINE,2026-07-31,PRESS_RELEASE,395,8,12,1
INDOUS,2026-07-21,PRESS_RELEASE,395,8,17,2
MUFIN,2026-07-31,PRESS_RELEASE,395,6,22,3
SPLIL,2026-07-22,PRESS_RELEASE,395,8,15,1
GNFC,2026-08-03,PRESS_RELEASE,395,8,24,1
ASTERDM,2026-07-31,CREDIT_RATING,394,8,37,2
INTERARCH,2026-08-01,CAPEX_EXPANSION,394,6,27,4
GRWRHITECH,2026-08-03,PRESS_RELEASE,392,7,39,1
UEL,2026-07-31,PRESS_RELEASE,390,9,18,1
OMAXE,2026-07-24,MANAGEMENT_CHANGE,390,6,33,2
NEPHROPLUS,2026-07-24,PRESS_RELEASE,390,8,39,2
SHANTIGOLD,2026-07-31,FUNDRAISE,390,7,29,3
ZUARI,2026-08-01,PRESS_RELEASE,390,9,35,2
VSTIND,2026-07-29,REGULATORY,390,9,13,1
BBTC,2026-07-21,PRESS_RELEASE,390,9,18,0
MIRZAINT,2026-08-03,REGULATORY,387,8,16,1
LASERPOWER,2026-08-01,ANALYST_MEET,387,6,6,3
ZODIAC,2026-08-01,REGULATORY,387,7,25,3
UNICHEMLAB,2026-07-29,PRESS_RELEASE,386,7,18,3
TCPLPACK,2026-08-03,PRESS_RELEASE,385,7,21,2
OILCOUNTUB,2026-07-31,PRESS_RELEASE,385,7,21,2
MATRIMONY,2026-08-03,PRESS_RELEASE,385,7,23,1
PREMIERENE,2026-08-03,PRESS_RELEASE,385,7,33,2
CESC,2026-08-03,PRESS_RELEASE,385,7,28,1
SUNDROP,2026-07-31,PRESS_RELEASE,385,7,22,1
DCMSIL,2026-07-27,ACQUISITION,385,7,19,3
EMAMIPAP,2026-07-31,PRESS_RELEASE,385,7,18,2
CHEMFAB,2026-07-31,PRESS_RELEASE,385,7,18,2
MAGADSUGAR,2026-07-29,PRESS_RELEASE,382,9,27,0
LUXIND,2026-08-01,PRESS_RELEASE,382,8,20,1
SAFARI,2026-08-03,PRESS_RELEASE,380,8,19,0
CTE,2026-07-24,MANAGEMENT_CHANGE,380,8,32,0
TIL,2026-07-30,REGULATORY,380,9,20,1
COSMOFIRST,2026-08-03,PRESS_RELEASE,380,8,27,1
HINDWAREAP,2026-07-26,PRESS_RELEASE,380,8,35,1
BHAGCHEM,2026-08-03,PRESS_RELEASE,380,8,27,2
ZEEL,2026-08-02,PRESS_RELEASE,380,8,31,0
ABFRL,2026-08-02,PRESS_RELEASE,380,8,23,0
NAVA,2026-07-31,PRESS_RELEASE,380,8,26,0
TRACXN,2026-07-31,PRESS_RELEASE,380,7,22,2
ALBERTDAVD,2026-07-28,MANAGEMENT_CHANGE,380,8,30,0
SUDARSCHEM,2026-07-28,PRESS_RELEASE,380,8,29,1
PIIND,2026-07-22,PRESS_RELEASE,380,8,38,0
SKMEGGPROD,2026-08-01,ANALYST_MEET,380,5,16,4
NILKAMAL,2026-08-01,PRESS_RELEASE,377,7,20,1
BFINVEST,2026-07-30,REGULATORY,376,7,23,3
TMCV,2026-08-01,PRESS_RELEASE,375,7,44,1
BGRENERGY,2026-07-31,PRESS_RELEASE,375,10,27,1
SUMICHEM,2026-07-28,REGULATORY,375,7,20,3
ADVENZYMES,2026-08-01,PRESS_RELEASE,375,9,31,0
KSOILS,2026-07-24,RESULT_UPDATE,375,6,13,3
STOVEKRAFT,2026-08-03,ANALYST_MEET,375,6,24,3
PDMJEPAPER,2026-07-29,PRESS_RELEASE,375,9,21,0
AEGISVOPAK,2026-07-15,PRESS_RELEASE,373,8,26,1
BORANA,2026-07-29,MANAGEMENT_CHANGE,370,7,18,1
KSR,2026-08-03,PRESS_RELEASE,370,6,14,2
BHARATGEAR,2026-08-03,PRESS_RELEASE,370,7,17,2
THANGAMAYL,2026-07-31,PRESS_RELEASE,370,7,22,2
DGCONTENT,2026-08-03,BOARD_OUTCOME,370,7,17,3
VGL,2026-07-29,MANAGEMENT_CHANGE,370,7,16,1
IRCTC,2026-07-29,MANAGEMENT_CHANGE,370,7,29,1
CINELINE,2026-07-30,PRESS_RELEASE,370,6,14,3
MODIS,2026-07-17,PRESS_RELEASE,370,7,25,1
ITCHOTELS,2026-07-16,PRESS_RELEASE,370,7,21,2
FINKURVE,2026-07-31,PRESS_RELEASE,370,7,38,1
HALDER,2026-07-24,PRESS_RELEASE,367,7,17,2
SEJALLTD,2026-07-31,REGULATORY,367,7,26,3
SHANTIGEAR,2026-07-30,REGULATORY,365,8,24,1
CHOICEIN,2026-07-21,PRESS_RELEASE,365,8,14,0
NIRAJ,2026-07-30,PRESS_RELEASE,365,8,20,0
CHENNPETRO,2026-08-02,PRESS_RELEASE,365,8,15,1
KHAICHEM,2026-07-22,PRESS_RELEASE,365,8,18,1
DEEPAKNTR,2026-07-28,PRESS_RELEASE,365,8,19,1
GIPCL,2026-07-24,ANALYST_MEET,365,5,16,4
DBL,2026-07-28,PRESS_RELEASE,362,6,19,2
INDSWFTLAB,2026-08-03,PRESS_RELEASE,360,9,21,1
KCP,2026-08-03,REGULATORY,360,9,13,1
BALAXI,2026-08-01,PRESS_RELEASE,360,7,19,1
REPRO,2026-07-28,PRESS_RELEASE,360,7,16,1
AAKASH,2026-07-30,ACQUISITION,360,6,12,2
SEDEMAC,2026-07-30,PRESS_RELEASE,360,7,32,2
FSL,2026-07-31,PRESS_RELEASE,360,6,30,2
IVP,2026-07-25,PRESS_RELEASE,360,9,23,0
INDOBORAX,2026-07-29,REGULATORY,357,8,30,2
INDIASHLTR,2026-07-30,FUNDRAISE,357,6,26,3
LOKESHMACH,2026-07-15,PRESS_RELEASE,357,6,15,2
EXCELINDUS,2026-07-31,REGULATORY,356,7,24,3
ASAHISONG,2026-07-31,BOARD_OUTCOME,355,7,26,2
GFSTEELS,2026-07-21,BOARD_OUTCOME,355,7,25,2
UYFINCORP,2026-07-24,MANAGEMENT_CHANGE,355,7,13,0
KESORAMIND,2026-08-01,PRESS_RELEASE,355,7,14,2
LEEL,2026-07-30,PRESS_RELEASE,355,7,10,0
VIRINCHI,2026-07-14,REGULATORY,355,8,19,2
POWERINDIA,2026-08-01,PRESS_RELEASE,355,7,28,1
ORKLAINDIA,2026-07-27,PRESS_RELEASE,355,7,18,1
PRAXIS,2026-07-28,MANAGEMENT_CHANGE,355,7,21,0
GROBTEA,2026-07-28,PRESS_RELEASE,355,7,28,1
BSL,2026-07-29,PRESS_RELEASE,355,7,20,0
KRITI,2026-07-24,PRESS_RELEASE,355,7,22,1
UNIDT,2026-07-10,PRESS_RELEASE,354,6,28,2
IRIS,2026-07-28,PRESS_RELEASE,352,7,25,1
SOLEX,2026-07-23,PRESS_RELEASE,352,7,23,1
PROZONER,2026-07-27,ACQUISITION,350,5,21,4
COCHINSHIP,2026-07-29,FUNDRAISE,350,6,17,2
VENUSREM,2026-07-27,PRESS_RELEASE,350,8,28,1
MSUMI,2026-07-31,REGULATORY,350,8,21,1
SIS,2026-07-22,REGULATORY,350,7,23,2
IFGLEXPOR,2026-07-24,PRESS_RELEASE,350,8,38,0
GOKULAGRO,2026-07-30,PRESS_RELEASE,347,7,24,1
SHRADHA,2026-07-24,PRESS_RELEASE,346,6,31,2
JITFINFRA,2026-07-31,PRESS_RELEASE,346,6,10,2
KAMDHENU,2026-07-30,PRESS_RELEASE,345,6,27,2
ORIENTPPR,2026-07-31,REGULATORY,345,9,21,0
RAMCOCEM,2026-07-23,REGULATORY,345,9,25,0
NCLIND,2026-07-28,PRESS_RELEASE,345,7,18,1
ICEMAKE,2026-07-26,OTHER,345,9,18,2
RANEHOLDIN,2026-07-30,PRESS_RELEASE,345,8,34,1
RAMCOIND,2026-07-29,REGULATORY,345,9,21,0
CEWATER,2026-07-09,MANAGEMENT_CHANGE,345,6,23,2
VIDHIING,2026-07-30,PRESS_RELEASE,345,6,23,2
CALSOFT,2026-07-30,PRESS_RELEASE,345,7,11,2
PFC,2026-08-03,PRESS_RELEASE,345,6,34,1
SHILPAMED,2026-08-03,CREDIT_RATING,344,6,24,1
BLKASHYAP,2026-07-29,REGULATORY,343,6,10,3
VSTTILLERS,2026-08-03,MANAGEMENT_CHANGE,342,6,29,1
GILLETTE,2026-07-30,PRESS_RELEASE,340,7,29,1
COMPUSOFT,2026-08-03,PRESS_RELEASE,340,7,17,1
GRADIENTE,2026-07-29,PRESS_RELEASE,340,7,18,1
INOXGREEN,2026-07-28,REGULATORY,340,7,17,2
WENDT,2026-08-03,MANAGEMENT_CHANGE,340,7,19,1
BMWVENTLTD,2026-08-01,PRESS_RELEASE,340,7,19,1
JSWDULUX,2026-08-03,REGULATORY,340,10,35,0
TRF,2026-07-20,PRESS_RELEASE,340,7,18,1
MSTCLTD,2026-07-28,MANAGEMENT_CHANGE,340,7,19,1
TVSHLTD,2026-07-31,REGULATORY,340,7,17,2
DCMSRIND,2026-07-27,ACQUISITION,340,7,21,3
JAYAGROGN,2026-08-01,MANAGEMENT_CHANGE,340,7,16,1
SIGMAADV,2026-07-27,PRESS_RELEASE,340,7,27,1
RSYSTEMS,2026-07-29,PRESS_RELEASE,337,6,40,1
SOTL,2026-07-24,VOLUME_ALERT,337,5,18,4
GRAPHITE,2026-07-28,PRESS_RELEASE,335,8,29,0
TASTYBITE,2026-08-03,REGULATORY,335,8,19,1
SAREGAMA,2026-07-29,ANALYST_MEET,335,5,30,3
AMAGI,2026-07-29,ANALYST_MEET,335,5,28,3
SMARTLINK,2026-08-03,REGULATORY,335,8,23,1
MANINDS,2026-07-28,ANALYST_MEET,335,5,28,3
KSHITIJPOL,2026-07-17,PRESS_RELEASE,335,6,15,1
BHARATCOAL,2026-08-01,PRESS_RELEASE,335,8,26,1
SPECTRUM,2026-07-29,REGULATORY,331,6,14,3
HITECHCORP,2026-07-22,ACQUISITION,330,6,24,2
VIKASLIFE,2026-07-31,RESULT_UPDATE,330,5,13,3
MARKOLINES,2026-07-20,MANAGEMENT_CHANGE,330,6,15,1
KPIL,2026-08-03,OTHER,330,9,44,1
SIGNATURE,2026-08-01,PRESS_RELEASE,330,6,23,1
DSKULKARNI,2026-07-31,PRESS_RELEASE,330,6,14,2
BIKAJI,2026-07-24,PRESS_RELEASE,330,6,36,2
JAGRAN,2026-07-29,PRESS_RELEASE,330,6,31,0
BELRISE,2026-07-17,PRESS_RELEASE,330,6,37,1
NIBL,2026-07-23,PRESS_RELEASE,330,9,22,0
JAMNAAUTO,2026-07-27,PRESS_RELEASE,330,6,17,2
LGEINDIA,2026-07-30,PRESS_RELEASE,325,7,33,1
LINDEINDIA,2026-07-21,PRESS_RELEASE,325,7,18,0
KOLTEPATIL,2026-07-27,PRESS_RELEASE,325,7,25,0
DICIND,2026-07-15,MANAGEMENT_CHANGE,325,7,19,1
SPARC,2026-07-27,PRESS_RELEASE,325,7,15,0
UNIPARTS,2026-07-30,ANALYST_MEET,325,5,27,3
NESTLEIND,2026-07-30,PRESS_RELEASE,325,7,28,2
CENTUM,2026-07-23,PRESS_RELEASE,325,7,27,1
BASF,2026-07-17,PRESS_RELEASE,325,7,27,0
CREST,2026-07-31,PRESS_RELEASE,325,7,18,0
VIKRAMSOLR,2026-07-11,PRESS_RELEASE,325,7,27,0
MANINFRA,2026-07-18,PRESS_RELEASE,325,7,31,0
SOLARINDS,2026-07-21,PRESS_RELEASE,325,7,24,0
BSE,2026-07-31,PRESS_RELEASE,325,7,53,1
VINDHYATEL,2026-07-11,PRESS_RELEASE,325,7,25,1
KOKUYOCMLN,2026-07-14,PRESS_RELEASE,325,7,16,0
BRIGHOTEL,2026-07-30,PRESS_RELEASE,325,7,18,1
JSWHL,2026-07-16,PRESS_RELEASE,325,7,18,0
REPL,2026-07-31,MANAGEMENT_CHANGE,324,6,13,2
HGS,2026-07-31,VOLUME_ALERT,321,5,24,3
SULA,2026-07-30,VOLUME_ALERT,321,5,26,3
KUANTUM,2026-08-01,CREDIT_RATING,321,6,29,0
LENSKART,2026-07-30,PRESS_RELEASE,320,8,31,0
INDTERRAIN,2026-08-01,ANALYST_MEET,320,5,15,3
INDNIPPON,2026-07-31,REGULATORY,320,8,18,0
KMSUGAR,2026-07-28,REGULATORY,320,8,22,0
FIEMIND,2026-07-31,REGULATORY,320,8,23,0
NACLIND,2026-07-27,REGULATORY,320,8,19,2
ARE&M,2026-07-31,PRESS_RELEASE,320,8,32,1
SHIVALIK,2026-07-30,BOARD_OUTCOME,320,6,12,3
SILINV,2026-08-02,REGULATORY,320,8,19,0
WSTCSTPAPR,2026-07-23,PRESS_RELEASE,316,6,22,2
ARKADE,2026-07-30,PRESS_RELEASE,316,7,20,2
AJAXENGG,2026-07-31,REGULATORY,315,6,24,2
JISLDVREQS,2026-08-03,PRESS_RELEASE,315,6,16,2
ACCELYA,2026-07-31,BOARD_OUTCOME,315,6,9,3
SILGO,2026-07-28,PRESS_RELEASE,315,6,19,1
GINNIFILA,2026-07-30,PRESS_RELEASE,315,6,19,1
NATCAPSUQ,2026-07-31,PRESS_RELEASE,315,9,26,0
JISLJALEQS,2026-08-03,PRESS_RELEASE,315,6,17,2
AJOONI,2026-07-31,OTHER,315,8,19,1
JKPAPER,2026-07-27,MANAGEMENT_CHANGE,315,6,21,1
MUNJALSHOW,2026-08-03,PRESS_RELEASE,315,6,19,1
SUPREMEINF,2026-07-21,PRESS_RELEASE,315,6,13,1
PROTEAN,2026-07-28,PRESS_RELEASE,315,6,29,2
BALAMINES,2026-07-29,PRESS_RELEASE,315,6,30,2
DHANBANK,2026-07-29,MANAGEMENT_CHANGE,315,6,10,1
PAVNAIND,2026-07-27,BOARD_OUTCOME,315,6,12,3
HTMEDIA,2026-07-29,PRESS_RELEASE,315,6,20,2
HLEGLAS,2026-07-17,MANAGEMENT_CHANGE,314,6,18,0
UNIVASTU,2026-07-20,REGULATORY,312,8,20,2
GOODLUCK,2026-07-27,OTHER,312,8,26,1
OMPOWER,2026-07-13,PRESS_RELEASE,312,6,21,2
BHARTIHEXA,2026-07-30,PRESS_RELEASE,310,7,23,1
CUMMINSIND,2026-07-27,PRESS_RELEASE,310,7,33,1
ASHIMASYN,2026-07-20,PRESS_RELEASE,310,7,17,1
UNIMECH,2026-08-03,ANALYST_MEET,310,5,24,3
DALMIASUG,2026-07-14,REGULATORY,310,7,26,1
DNAMEDIA,2026-07-24,MANAGEMENT_CHANGE,310,5,14,2
ZEELEARN,2026-08-01,PRESS_RELEASE,310,7,18,1
PCJEWELLER,2026-07-30,OTHER,310,12,26,2
OMINFRAL,2026-07-31,ORDER_WIN,306,5,13,2
ANTELOPUS,2026-07-31,PRESS_RELEASE,305,5,13,2
SETCO,2026-07-31,ACQUISITION,305,5,15,2
STYLEBAAZA,2026-08-01,PRESS_RELEASE,305,8,39,0
AAATECH,2026-07-13,PRESS_RELEASE,305,6,16,1
TEXINFRA,2026-07-20,ACQUISITION,305,5,22,2
SABEVENTS,2026-07-31,DISTRESS,305,9,12,2
SANATHAN,2026-08-03,BOARD_OUTCOME,305,5,20,3
KIMS,2026-08-03,REGULATORY,305,8,33,2
DATAMATICS,2026-07-31,PRESS_RELEASE,305,5,28,2
CURAA,2026-07-31,BOARD_OUTCOME,305,6,14,2
SPMLINFRA,2026-07-28,PRESS_RELEASE,302,6,28,1
IPCALAB,2026-07-17,PRESS_RELEASE,302,7,21,0
RAMAPHO,2026-07-24,BOARD_OUTCOME,300,6,14,2
BURNPUR,2026-07-31,BOARD_OUTCOME,300,6,17,2
EMAMILTD,2026-08-01,PRESS_RELEASE,300,6,23,1
BBOX,2026-07-23,MANAGEMENT_CHANGE,300,6,36,0
EIDPARRY,2026-08-03,PRESS_RELEASE,300,6,18,1
NILASPACES,2026-08-03,BOARD_OUTCOME,300,6,14,2
ANURAS,2026-07-27,PRESS_RELEASE,300,6,35,0
BERGEPAINT,2026-07-27,PRESS_RELEASE,300,6,24,1
AUTOAXLES,2026-07-24,PRESS_RELEASE,300,6,22,1
KRISHIVAL,2026-07-15,PRESS_RELEASE,300,7,25,1
CLEDUCATE,2026-08-03,PRESS_RELEASE,300,6,19,1
SHREDIGCEM,2026-07-25,BOARD_OUTCOME,300,6,14,2
BAJAJELEC,2026-07-27,PRESS_RELEASE,300,6,37,1
WHIRLPOOL,2026-07-30,PRESS_RELEASE,300,6,28,1
GEMAROMA,2026-07-29,PRESS_RELEASE,300,6,28,1
SPIC,2026-07-27,MANAGEMENT_CHANGE,300,6,14,0
WELSPUNLIV,2026-07-31,PRESS_RELEASE,300,7,33,1
MTNL,2026-07-17,PRESS_RELEASE,300,6,23,0
PWL,2026-07-31,MANAGEMENT_CHANGE,300,5,30,2
UNIENTER,2026-07-22,PRESS_RELEASE,300,6,16,1
EVEREADY,2026-07-31,PRESS_RELEASE,300,6,23,1
LAGNAM,2026-08-01,PRESS_RELEASE,297,5,10,1
RMC,2026-07-24,ORDER_WIN,296,5,23,3
GODREJIND,2026-07-22,PRESS_RELEASE,295,6,30,1
MBLINFRA,2026-07-31,PRESS_RELEASE,295,5,11,2
SIEMENS,2026-07-17,PRESS_RELEASE,295,7,19,0
AGARWALEYE,2026-07-29,ACQUISITION,295,5,31,2
RKSWAMY,2026-07-24,PRESS_RELEASE,295,7,23,0
RPOWER,2026-07-24,PRESS_RELEASE,295,7,15,1
THEJO,2026-07-30,PRESS_RELEASE,295,7,18,0
ATULAUTO,2026-08-01,PRESS_RELEASE,291,5,13,2
SWANCORP,2026-07-16,PRESS_RELEASE,291,5,16,2
GSPCROP,2026-07-31,VOLUME_ALERT,291,5,26,2
MAHSCOOTER,2026-07-31,REGULATORY,290,8,11,1
RAJOOENG,2026-07-24,PRESS_RELEASE,290,5,14,2
APTECHT,2026-07-13,RESULT_UPDATE,290,4,21,3
MAZDOCK,2026-08-03,PRESS_RELEASE,290,5,11,1
JARO,2026-07-30,REGULATORY,290,8,19,0
WINDMACHIN,2026-07-15,ACQUISITION,290,5,27,2
RUSTOMJEE,2026-08-03,CREDIT_RATING,289,5,19,1
MUNJALAU,2026-07-30,PRESS_RELEASE,287,5,18,1
HARIOMPIPE,2026-07-30,PRESS_RELEASE,287,6,30,1
WABAG,2026-07-21,PRESS_RELEASE,287,6,36,1
KNACK,2026-07-24,MANAGEMENT_CHANGE,285,6,6,1
KIRLOSENG,2026-07-29,PRESS_RELEASE,285,7,52,0
PLASTIBLEN,2026-07-31,REGULATORY,285,6,10,2
HBSL,2026-08-03,PRESS_RELEASE,285,6,13,1
AHLADA,2026-07-20,MANAGEMENT_CHANGE,285,6,11,1
NLCINDIA,2026-07-30,PRESS_RELEASE,285,6,42,0
WALCHANNAG,2026-08-03,REGULATORY,285,7,23,0
GOACARBON,2026-07-23,PRESS_RELEASE,285,6,14,1
HATHWAY,2026-07-25,PRESS_RELEASE,285,6,10,1
DLINKINDIA,2026-08-03,PRESS_RELEASE,285,6,18,1
SARVESHWAR,2026-08-02,PRESS_RELEASE,285,6,19,1
GMRAIRPORT,2026-07-29,PRESS_RELEASE,282,5,23,1
RSL,2026-08-03,ACQUISITION,282,5,14,2
RMCL,2026-07-30,PRESS_RELEASE,280,5,15,1
NIPPOBATRY,2026-07-29,ACQUISITION,280,4,12,3
TEAMGTY,2026-07-24,REGULATORY,280,5,22,2
AMANTA,2026-08-03,ANALYST_MEET,280,4,24,3
RSSOFTWARE,2026-07-27,OTHER,280,7,15,1
KITEX,2026-07-27,ACQUISITION,280,4,19,3
WAAREEINDO,2026-08-03,PRESS_RELEASE,280,7,9,1
SANSERA,2026-07-31,MANAGEMENT_CHANGE,280,7,24,0
MMFL,2026-07-20,REGULATORY,280,7,15,1
CLSEL,2026-07-31,ANALYST_MEET,280,4,17,3
BOHRAIND,2026-07-20,MANAGEMENT_CHANGE,280,5,10,1
BLUESTARCO,2026-07-30,REGULATORY,280,7,28,1
CHEMBONDCH,2026-07-31,REGULATORY,280,7,18,1
PRSMJOHNSN,2026-07-31,PRESS_RELEASE,280,7,16,0
XPROINDIA,2026-08-01,REGULATORY,280,7,32,1
20MICRONS,2026-08-03,REGULATORY,280,7,21,1
ANDHRSUGAR,2026-07-27,REGULATORY,278,5,13,3
NRAIL,2026-07-30,PRESS_RELEASE,277,6,14,0
KAYNES,2026-07-30,ANALYST_MEET,275,5,26,2
KHADIM,2026-08-01,REGULATORY,275,8,25,0
PILANIINVS,2026-07-24,REGULATORY,275,6,31,1
NGIL,2026-07-31,BOARD_OUTCOME,275,5,11,2
RELIGARE,2026-07-31,PRESS_RELEASE,275,5,35,1
INDORAMA,2026-07-30,BOARD_OUTCOME,275,5,12,2
TMPV,2026-08-01,PRESS_RELEASE,275,7,44,0
IMFA,2026-07-28,PRESS_RELEASE,275,5,20,1
IMAGICAA,2026-08-03,PRESS_RELEASE,275,5,21,1
ROHLTD,2026-07-31,PRESS_RELEASE,275,5,27,1
ELECTHERM,2026-07-30,MANAGEMENT_CHANGE,275,6,13,1
GATEWAY,2026-07-30,ANALYST_MEET,275,5,18,2
BOSCHLTD,2026-08-03,PRESS_RELEASE,275,5,35,1
MUKANDLTD,2026-07-22,REGULATORY,275,8,14,0
ARTNIRMAN,2026-08-03,MANAGEMENT_CHANGE,275,5,9,1
PRIMESECU,2026-07-27,PRESS_RELEASE,275,6,12,1
FINOPB,2026-07-27,ANALYST_MEET,275,5,26,2
JMA,2026-07-31,REGULATORY,275,6,18,1
CPPLUS,2026-07-15,REGULATORY,275,8,30,0
HUBTOWN,2026-08-03,BOARD_OUTCOME,275,5,26,3
CENTEXT,2026-07-23,PRESS_RELEASE,270,6,15,0
LYKALABS,2026-07-20,PRESS_RELEASE,270,6,16,0
BALRAMCHIN,2026-07-29,PRESS_RELEASE,270,5,31,1
EUREKAFORB,2026-07-26,PRESS_RELEASE,270,6,23,0
HINDCON,2026-07-28,PRESS_RELEASE,270,6,10,0
DAMODARIND,2026-07-20,PRESS_RELEASE,270,6,14,0
HARSHA,2026-08-03,REGULATORY,270,6,24,1
CERA,2026-07-27,REGULATORY,270,6,28,1
NATCOPHARM,2026-07-18,PRESS_RELEASE,270,6,16,1
IGPL,2026-08-03,REGULATORY,270,6,20,1
PAUSHAKLTD,2026-07-31,REGULATORY,270,6,22,2
INDIQUBE,2026-07-15,PRESS_RELEASE,270,6,32,0
TTL,2026-07-18,PRESS_RELEASE,270,6,21,0
DTIL,2026-07-30,PRESS_RELEASE,270,6,15,0
SUDEEPPHRM,2026-07-27,REGULATORY,270,6,18,1
GENESYS,2026-07-31,REGULATORY,270,5,22,2
GMMPFAUDLR,2026-07-28,REGULATORY,270,6,19,1
SIGNPOST,2026-07-11,PRESS_RELEASE,270,6,21,0
GLOSTERLTD,2026-07-20,PRESS_RELEASE,270,6,11,0
OBCL,2026-07-30,PRESS_RELEASE,270,6,13,1
KRITINUT,2026-07-23,PRESS_RELEASE,270,6,15,0
SUDARCOLOR,2026-07-28,PRESS_RELEASE,270,6,17,0
STANLEY,2026-08-03,PRESS_RELEASE,270,6,30,0
KERNEX,2026-08-02,ORDER_WIN,269,5,17,2
TBZ,2026-07-07,MANAGEMENT_CHANGE,266,4,13,2
LIBERTSHOE,2026-07-22,PRESS_RELEASE,266,4,6,2
BCPL,2026-07-29,REGULATORY,265,7,23,0
SECURCRED,2026-08-01,BOARD_OUTCOME,265,4,8,3
BAJAJHIND,2026-08-03,REGULATORY,265,5,12,2
INDUSFILA,2026-07-31,REGULATORY,265,7,12,0
JAYKAY,2026-07-20,PRESS_RELEASE,265,6,20,1
EIFFL,2026-07-22,REGULATORY,265,7,15,1
IFBIND,2026-07-29,REGULATORY,265,7,24,0
ABREL,2026-08-01,REGULATORY,265,7,34,0
JYOTISTRUC,2026-07-27,REGULATORY,265,7,14,1
AVANTIFEED,2026-07-27,REGULATORY,265,7,26,0
GENUSPOWER,2026-07-31,REGULATORY,265,7,29,0
VINATIORGA,2026-07-30,PRESS_RELEASE,260,5,21,1
ARIHANTCAP,2026-07-27,PRESS_RELEASE,260,5,22,1
GANECOS,2026-07-30,ACQUISITION,260,5,23,2
GAEL,2026-08-03,PRESS_RELEASE,260,5,15,1
GMBREW,2026-07-15,BOARD_OUTCOME,260,5,9,3
RPEL,2026-07-25,PRESS_RELEASE,260,5,15,1
SURANASOL,2026-07-27,PRESS_RELEASE,260,5,7,1
QUICKHEAL,2026-08-01,BOARD_OUTCOME,260,6,22,1
CYBERTECH,2026-07-24,PRESS_RELEASE,260,5,26,1
MAHEPC,2026-07-17,MANAGEMENT_CHANGE,260,5,24,1
SESHAPAPER,2026-07-28,PRESS_RELEASE,260,5,21,1
AHLEAST,2026-07-17,PRESS_RELEASE,260,5,10,1
VALECHAENG,2026-07-31,RESULT_UPDATE,260,4,15,2
ADVANCE,2026-07-29,VOLUME_ALERT,259,4,15,3
LIKHITHA,2026-07-30,REGULATORY,257,7,23,0
VINEETLAB,2026-07-30,MANAGEMENT_CHANGE,255,6,11,0
SUNCLAY,2026-07-28,REGULATORY,255,6,14,1
KOTYARK,2026-08-01,REGULATORY,255,6,24,1
DELHIVERY,2026-07-31,OTHER,255,7,38,1
MINDACORP,2026-07-31,PRESS_RELEASE,255,6,22,0
EIEL,2026-07-21,ANALYST_MEET,255,4,19,2
COHANCE,2026-07-23,ANALYST_MEET,255,4,22,2
ZEEMEDIA,2026-07-30,MANAGEMENT_CHANGE,255,6,37,0
SWARAJENG,2026-07-21,REGULATORY,255,6,16,1
BIRLACABLE,2026-08-02,REGULATORY,255,6,17,1
GKWLIMITED,2026-08-03,REGULATORY,255,6,13,1
AKG,2026-07-31,ACQUISITION,255,4,13,2
UMAEXPORTS,2026-08-01,BOARD_OUTCOME,255,4,13,3
CHEMBOND,2026-07-19,REGULATORY,255,6,18,1
ALPA,2026-07-29,MANAGEMENT_CHANGE,255,4,8,1
ALOKINDS,2026-07-24,REGULATORY,255,6,14,1
EMIL,2026-07-29,CAPEX_EXPANSION,254,4,20,3
BEML,2026-08-03,PRESS_RELEASE,252,5,24,0
HMAAGRO,2026-08-03,REGULATORY,252,5,29,1
RML,2026-07-18,PRESS_RELEASE,252,5,28,0
GVT&D,2026-07-30,REGULATORY,252,5,28,1
CORALFINAC,2026-07-13,ACQUISITION,250,4,11,2
JASH,2026-07-29,ACQUISITION,250,4,19,2
LAXMICOT,2026-07-17,PRESS_RELEASE,250,5,22,1
CMRGREEN,2026-08-03,ANALYST_MEET,250,4,12,2
CANTABIL,2026-07-31,ACQUISITION,250,4,24,2
VASCONEQ,2026-07-30,PRESS_RELEASE,250,7,25,0
JTEKTINDIA,2026-08-01,REGULATORY,247,6,30,0
RAYMONDREL,2026-08-03,REGULATORY,247,6,33,0
TIMETECHNO,2026-07-30,ANALYST_MEET,247,4,23,2
CHOLAHLDNG,2026-07-31,PRESS_RELEASE,245,5,21,1
PARAS,2026-07-24,PRESS_RELEASE,245,5,17,0
ABAN,2026-07-28,MANAGEMENT_CHANGE,245,5,9,0
PATANJALI,2026-07-29,PRESS_RELEASE,245,5,22,0
MARKSANS,2026-07-30,PRESS_RELEASE,245,5,29,0
RPSGVENT,2026-08-03,PRESS_RELEASE,245,5,28,1
CMLL,2026-07-24,PRESS_RELEASE,245,5,5,0
INSECTICID,2026-07-23,PRESS_RELEASE,245,5,31,1
CUPID,2026-07-29,PRESS_RELEASE,245,5,18,0
GANGESSECU,2026-07-21,PRESS_RELEASE,245,5,12,0
INDIGOPNTS,2026-08-03,ANALYST_MEET,245,4,18,2
BASML,2026-07-24,REGULATORY,245,6,18,1
PETRONET,2026-08-03,PRESS_RELEASE,245,5,22,0
BIGBLOC,2026-08-03,PRESS_RELEASE,245,5,15,1
SAKSOFT,2026-07-20,PRESS_RELEASE,245,5,21,0
PROSTARM,2026-07-23,PRESS_RELEASE,245,5,30,0
JAYSREETEA,2026-07-23,PRESS_RELEASE,245,5,10,1
GUJENERGY,2026-08-03,PRESS_RELEASE,245,5,39,1
SUMIT,2026-08-01,PRESS_RELEASE,245,5,16,1
NINSYS,2026-07-31,MANAGEMENT_CHANGE,245,5,28,0
ASHAPURMIN,2026-08-01,PRESS_RELEASE,245,5,16,1
ADSL,2026-08-03,ANALYST_MEET,245,4,27,2
ASMS,2026-07-30,PRESS_RELEASE,245,5,21,0
NSLNISP,2026-07-31,MANAGEMENT_CHANGE,245,5,9,0
S&SPOWER,2026-07-24,PRESS_RELEASE,242,5,12,1
VIKASECO,2026-07-15,BOARD_OUTCOME,240,4,9,2
ARVIND,2026-08-02,PRESS_RELEASE,240,6,34,0
PNBGILTS,2026-07-20,ANALYST_MEET,240,3,11,3
CAPACITE,2026-07-28,PRESS_RELEASE,240,6,28,0
NIRAJISPAT,2026-07-29,REGULATORY,240,6,21,1
GSS,2026-07-16,BOARD_OUTCOME,240,4,9,2
SJS,2026-07-26,PRESS_RELEASE,240,6,33,0
PALASHSECU,2026-07-14,PRESS_RELEASE,240,6,17,0
PRECOT,2026-07-29,PRESS_RELEASE,240,6,13,0
SAMBHAAV,2026-07-28,PRESS_RELEASE,240,6,19,0
UNITECH,2026-07-21,BOARD_OUTCOME,240,4,11,2
ROML,2026-07-27,BOARD_OUTCOME,240,5,22,2
MBECL,2026-07-27,BOARD_OUTCOME,240,4,12,2
ZIMLAB,2026-07-30,PRESS_RELEASE,240,5,29,1
KALYANIFRG,2026-07-21,BOARD_OUTCOME,240,4,21,2
RISHABH,2026-07-31,PRESS_RELEASE,240,6,27,0
BFUTILITIE,2026-07-17,VOLUME_ALERT,236,4,20,2
WAKEFIT,2026-07-22,VOLUME_ALERT,236,4,24,2
KCPSUGIND,2026-07-28,VOLUME_ALERT,236,4,15,2
NDRAUTO,2026-07-27,REGULATORY,235,7,29,0
MANORAMA,2026-07-21,ACQUISITION,235,4,23,2
GULFOILLUB,2026-08-03,ANALYST_MEET,235,4,21,2
BHARATSE,2026-07-30,REGULATORY,235,7,23,0
ESSARSHPNG,2026-07-17,ACQUISITION,235,4,9,2
ACEINTEG,2026-07-10,ACQUISITION,235,4,13,2
SPECIALITY,2026-08-03,PRESS_RELEASE,235,7,21,0
PRECAM,2026-07-30,REGULATORY,235,7,17,0
DOLLAR,2026-07-24,REGULATORY,235,7,23,0
KEI,2026-08-03,ANALYST_MEET,235,4,25,2
CARRARO,2026-07-30,CREDIT_RATING,234,4,20,1
DBEIL,2026-07-29,PRESS_RELEASE,230,5,25,1
ANSALAPI,2026-07-27,DISTRESS,230,7,24,1
TTKHLTCARE,2026-07-24,PRESS_RELEASE,230,5,24,1
ZOTA,2026-07-25,PRESS_RELEASE,230,5,32,1
CNL,2026-07-20,PRESS_RELEASE,230,5,22,1
PGHH,2026-07-29,PRESS_RELEASE,230,5,26,1
KILITCH,2026-08-01,PRESS_RELEASE,230,5,12,1
AFFORDABLE,2026-07-23,PRESS_RELEASE,230,5,14,1
BUTTERFLY,2026-08-03,PRESS_RELEASE,230,5,14,1
KRITIKA,2026-07-20,PRESS_RELEASE,230,5,13,1
NOIDATOLL,2026-08-03,REGULATORY,230,5,14,1
JBCHEPHARM,2026-07-13,PRESS_RELEASE,230,6,30,0
FLAIR,2026-08-03,PRESS_RELEASE,230,5,22,1
RAMASTEEL,2026-07-17,ACQUISITION,227,4,11,1
INTLCONV,2026-07-28,ACQUISITION,227,4,14,1
VIVIMEDLAB,2026-07-31,PRESS_RELEASE,225,4,10,1
AXISCADES,2026-07-28,REGULATORY,225,5,33,2
KKCL,2026-08-01,ACQUISITION,225,3,14,2
VENTIVE,2026-07-28,ACQUISITION,225,3,23,2
ORIENTALTL,2026-07-16,MANAGEMENT_CHANGE,225,4,11,1
FISCHER,2026-07-31,PRESS_RELEASE,225,4,12,1
ELGIRUBCO,2026-08-01,PRESS_RELEASE,225,6,21,0
RELTD,2026-07-30,PRESS_RELEASE,225,5,31,1
BAJAJHLDNG,2026-08-03,REGULATORY,225,6,14,1
MFML,2026-07-28,MANAGEMENT_CHANGE,225,4,13,1
MMTC,2026-08-03,MANAGEMENT_CHANGE,225,4,22,1
SURYAROSNI,2026-07-25,CREDIT_RATING,224,4,18,1
AMIRCHAND,2026-07-15,MANAGEMENT_CHANGE,223,5,17,1
HAPPYFORGE,2026-07-28,REGULATORY,222,5,32,1
SKIPPER,2026-07-31,BOARD_OUTCOME,222,5,37,1
KOTHARIPRO,2026-07-14,PRESS_RELEASE,220,4,11,0
OSWALGREEN,2026-07-27,BOARD_OUTCOME,220,4,25,2
OSIAHYPER,2026-08-01,DISTRESS,220,5,13,2
SUBEXLTD,2026-07-14,PRESS_RELEASE,220,4,21,1
GMRP&UI,2026-07-24,PRESS_RELEASE,220,4,14,1
GODAVARIB,2026-07-23,REGULATORY,220,4,20,2
KRIDHANINF,2026-07-21,MANAGEMENT_CHANGE,220,4,9,1
KSHINTL,2026-07-29,ANALYST_MEET,220,4,20,2
BILVYAPAR,2026-08-01,DISTRESS,220,9,24,0
JINDALPOLY,2026-07-22,PRESS_RELEASE,220,4,11,1
JKIPL,2026-07-27,REGULATORY,220,5,19,1
ATL,2026-07-17,PRESS_RELEASE,220,4,28,1
ENIL,2026-08-03,PRESS_RELEASE,220,4,16,1
EUROBOND,2026-07-28,PRESS_RELEASE,220,4,15,1
SBIFUNDS,2026-07-29,PRESS_RELEASE,220,4,4,1
EPL,2026-07-20,ACQUISITION,220,4,17,2
TFL,2026-08-01,BOARD_OUTCOME,220,4,11,2
TIIL,2026-07-29,PRESS_RELEASE,220,4,16,1
MAYURUNIQ,2026-07-29,ANALYST_MEET,220,4,18,1
ELIN,2026-07-31,ANALYST_MEET,220,4,13,2
VRLLOG,2026-07-28,PRESS_RELEASE,220,4,11,1
AARTISURF,2026-08-03,PRESS_RELEASE,220,5,15,1
ABCOTS,2026-07-17,BOARD_OUTCOME,220,4,12,2
RPPINFRA,2026-07-31,CREDIT_RATING,219,4,12,1
CARYSIL,2026-07-16,REGULATORY,216,5,22,2
HMT,2026-07-29,PRESS_RELEASE,215,5,12,1
WONDERLA,2026-07-30,REGULATORY,215,5,23,1
ROSSELLIND,2026-07-29,PRESS_RELEASE,215,5,12,0
MRF,2026-07-15,PRESS_RELEASE,215,5,17,0
IREDA,2026-07-24,PRESS_RELEASE,215,5,10,0
TNPL,2026-08-03,REGULATORY,215,8,36,0
EUROTEXIND,2026-07-20,MANAGEMENT_CHANGE,215,5,10,0
ARIHANTSUP,2026-07-21,MANAGEMENT_CHANGE,215,5,30,0
PVP,2026-07-29,PRESS_RELEASE,215,5,10,0
AARVI,2026-07-23,PRESS_RELEASE,215,5,13,0
TALBROAUTO,2026-08-03,REGULATORY,215,5,25,1
ADVANIHOTR,2026-07-29,REGULATORY,215,5,14,1
NIBE,2026-07-15,PRESS_RELEASE,215,4,24,1
DHUNINV,2026-07-28,PRESS_RELEASE,215,5,14,0
DHARSUGAR,2026-07-30,PRESS_RELEASE,215,5,10,0
OPTIEMUS,2026-07-31,MANAGEMENT_CHANGE,215,4,19,1
ONEPOINT,2026-07-16,ESOP,215,4,19,1
GRINDWELL,2026-07-25,REGULATORY,215,5,26,2
NDGL,2026-07-30,PRESS_RELEASE,215,5,15,0
VEEDOL,2026-08-01,PRESS_RELEASE,215,5,18,0
KRISHNADEF,2026-08-01,REGULATORY,212,5,29,1
SPAL,2026-07-30,OTHER,211,6,18,2
ECLERX,2026-07-22,VOLUME_ALERT,211,3,34,2
MAZDA,2026-07-28,VOLUME_ALERT,211,3,9,2
MARATHON,2026-08-01,ACQUISITION,210,4,23,1
GNA,2026-07-25,REGULATORY,210,4,18,2
PTC,2026-08-01,OTHER,210,6,26,1
MANAPPURAM,2026-07-21,REGULATORY,210,6,28,0
IDEA,2026-08-01,PRESS_RELEASE,210,6,39,0
RGL,2026-07-29,MANAGEMENT_CHANGE,210,4,22,0
HLVLTD,2026-07-29,ACQUISITION,210,3,9,2
V2RETAIL,2026-07-31,REGULATORY,210,6,19,0
SHILCTECH,2026-07-19,REGULATORY,210,6,20,0
HNDFDS,2026-07-29,ACQUISITION,210,4,22,2
PATELRMART,2026-07-27,PRESS_RELEASE,207,4,20,1
TGBHOTELS,2026-07-28,BOARD_OUTCOME,205,4,8,1
MADHUCON,2026-07-27,REGULATORY,205,5,12,1
BALPHARMA,2026-07-30,REGULATORY,205,5,15,1
AHLWEST,2026-07-21,RESULT_UPDATE,205,3,16,2
INDBANK,2026-07-13,PRESS_RELEASE,205,4,6,1
SAMPANN,2026-07-30,PRESS_RELEASE,205,4,8,1
ALLCARGO,2026-07-31,ACQUISITION,205,4,24,2
TOKYOPLAST,2026-07-31,BOARD_OUTCOME,205,4,11,1
CYBERMEDIA,2026-08-03,PRESS_RELEASE,205,4,14,1
GUFICBIO,2026-07-31,BOARD_OUTCOME,205,4,17,1
EXXARO,2026-07-27,PRESS_RELEASE,205,4,10,1
HEIDELBERG,2026-07-31,PRESS_RELEASE,205,4,21,1
HATSUN,2026-07-25,PRESS_RELEASE,205,4,14,1
AGROPHOS,2026-07-11,BOARD_OUTCOME,205,4,16,1
NELCO,2026-07-18,BOARD_OUTCOME,205,4,19,1
GALAXYSURF,2026-07-22,PRESS_RELEASE,205,5,20,0
OSWALAGRO,2026-07-27,MANAGEMENT_CHANGE,205,4,25,1
ACL,2026-07-30,PRESS_RELEASE,205,4,21,1
PILITA,2026-07-18,PRESS_RELEASE,205,4,16,1
NDTV,2026-07-23,PRESS_RELEASE,205,4,18,1
TIINDIA,2026-07-30,PRESS_RELEASE,205,5,29,0
GLOBAL,2026-07-31,REGULATORY,205,7,13,0
NAGAFERT,2026-07-22,RESULT_UPDATE,205,3,9,2
A2ZINFRA,2026-07-16,PRESS_RELEASE,205,4,9,1
SANOFICONR,2026-07-30,PRESS_RELEASE,205,4,16,1
RUCHIRA,2026-07-31,CREDIT_RATING,204,4,16,0
INCREDIBLE,2026-08-03,CREDIT_RATING,204,4,9,0
AARNAV,2026-08-01,BOARD_OUTCOME,203,3,6,2
CEINSYS,2026-07-20,REGULATORY,202,4,21,2
SUPERHOUSE,2026-07-30,REGULATORY,202,4,11,1
IMPAL,2026-07-31,REGULATORY,200,5,17,1
DENORA,2026-07-31,REGULATORY,200,5,8,1
NRL,2026-07-13,REGULATORY,200,5,19,1
ADROITINFO,2026-07-22,REGULATORY,200,5,12,1
EQUIPPP,2026-07-20,PRESS_RELEASE,200,5,14,0
AYMSYNTEX,2026-07-30,PRESS_RELEASE,197,4,21,0
GOLDIAM,2026-08-03,REGULATORY,197,5,29,1
SELMC,2026-08-03,REGULATORY,195,4,9,1
AUTOIND,2026-07-22,ANALYST_MEET,195,3,19,2
RANASUG,2026-07-29,REGULATORY,195,4,14,1
TREL,2026-07-29,ACQUISITION,195,3,21,2
SALSTEEL,2026-07-20,ACQUISITION,195,3,20,2
CHEMPLASTS,2026-07-23,OTHER,195,7,24,0
KAVDEFENCE,2026-07-10,ACQUISITION,195,3,13,2
SIGACHI,2026-07-26,ANALYST_MEET,195,3,12,2
GOPAL,2026-08-03,ANALYST_MEET,195,3,21,2
FLUOROCHEM,2026-07-13,ACQUISITION,195,3,17,2
BOROSCI,2026-08-03,BOARD_OUTCOME,195,3,15,2
CONFIPET,2026-07-21,ACQUISITION,195,3,13,2
HONASA,2026-07-31,PRESS_RELEASE,195,3,27,1
EDELWEISS,2026-07-30,REGULATORY,190,4,15,1
MAHSEAMLES,2026-07-13,PRESS_RELEASE,190,4,24,0
TVTODAY,2026-08-03,PRESS_RELEASE,190,4,12,0
ITI,2026-08-01,MANAGEMENT_CHANGE,190,4,19,0
ASHIANA,2026-08-01,PRESS_RELEASE,190,4,24,0
FMGOETZE,2026-07-31,MANAGEMENT_CHANGE,190,4,8,0
ASIANHOTNR,2026-07-23,MANAGEMENT_CHANGE,190,4,22,0
PAGEIND,2026-07-17,REGULATORY,190,4,16,1
ARVSMART,2026-08-03,REGULATORY,190,4,29,1
INGERRAND,2026-07-30,MANAGEMENT_CHANGE,190,4,12,0
COASTCORP,2026-08-03,BOARD_OUTCOME,190,4,11,2
MCLEODRUSS,2026-07-21,PRESS_RELEASE,190,4,17,0
HIKAL,2026-07-30,REGULATORY,190,4,22,1
MARSONS,2026-07-16,MANAGEMENT_CHANGE,190,4,17,0
CPEDU,2026-07-29,PRESS_RELEASE,190,4,13,0
CREATIVEYE,2026-07-15,MANAGEMENT_CHANGE,190,4,13,0
KMEW,2026-07-21,REGULATORY,190,7,31,0
LAMBODHARA,2026-07-31,PRESS_RELEASE,190,4,15,0
CASTROLIND,2026-07-24,REGULATORY,190,4,19,1
JUBLCPL,2026-08-01,REGULATORY,190,4,11,1
RUBFILA,2026-07-16,MANAGEMENT_CHANGE,190,4,9,0
DVL,2026-07-31,PRESS_RELEASE,190,4,14,0
SBCL,2026-07-18,PRESS_RELEASE,190,4,23,0
JINDALPHOT,2026-07-20,REGULATORY,190,5,15,1
FINEORG,2026-07-31,PRESS_RELEASE,190,4,20,0
VOLTAS,2026-07-28,PRESS_RELEASE,190,4,30,0
OMFREIGHT,2026-07-27,CAPEX_EXPANSION,187,3,22,2
SAHYADRI,2026-07-23,REGULATORY,185,5,19,0
POLYPLEX,2026-07-24,REGULATORY,185,5,20,0
OCCLLTD,2026-07-30,BOARD_OUTCOME,185,3,9,2
SINGERIND,2026-07-27,REGULATORY,185,5,25,0
DJML,2026-07-15,REGULATORY,185,5,21,0
NGLFINE,2026-07-31,REGULATORY,185,5,15,0
PTL,2026-07-30,REGULATORY,185,5,18,0
UNIVCABLES,2026-07-11,REGULATORY,185,5,21,0
MANUGRAPH,2026-07-30,REGULATORY,185,5,10,0
KALYANKJIL,2026-08-01,ANALYST_MEET,185,3,14,1
WINDLAS,2026-07-24,REGULATORY,185,5,27,1
ALEMBICLTD,2026-07-13,REGULATORY,185,5,16,0
CUBEXTUB,2026-07-31,REGULATORY,185,5,8,0
MITTAL,2026-07-29,REGULATORY,185,5,15,0
LLOYDSENT,2026-07-20,REGULATORY,185,5,28,0
NBIFIN,2026-08-03,REGULATORY,185,5,16,0
INA,2026-07-13,REGULATORY,182,5,35,1
GSLSU,2026-07-18,VOLUME_ALERT,181,3,16,2
BECTORFOOD,2026-07-23,VOLUME_ALERT,181,3,17,2
JGCHEM,2026-07-21,VOLUME_ALERT,181,3,18,2
PLATIND,2026-07-13,VOLUME_ALERT,181,3,19,2
MONARCH,2026-07-28,VOLUME_ALERT,181,3,10,2
KRONOX,2026-07-16,VOLUME_ALERT,181,3,8,2
VAKRANGEE,2026-07-29,PRESS_RELEASE,180,3,4,1
VARDHACRLC,2026-07-29,PRESS_RELEASE,180,3,12,1
IXIGO,2026-07-27,ANALYST_MEET,180,3,23,2
BLAL,2026-07-31,ACQUISITION,180,3,9,2
KPEL,2026-08-01,PRESS_RELEASE,180,4,24,0
PONNIERODE,2026-07-25,PRESS_RELEASE,180,3,18,1
AIROLAM,2026-07-23,MANAGEMENT_CHANGE,180,4,11,1
SATIA,2026-07-29,CREDIT_RATING,177,3,13,1
PNCINFRA,2026-08-01,PRESS_RELEASE,175,4,33,0
SIGMA,2026-08-01,REGULATORY,175,4,10,1
PNC,2026-08-03,REGULATORY,175,4,13,1
HYBRIDFIN,2026-08-03,REGULATORY,175,4,10,1
UCAL,2026-07-15,REGULATORY,175,4,9,1
ALKALI,2026-07-29,REGULATORY,175,4,16,1
STEELCITY,2026-07-30,REGULATORY,175,4,15,1
SHRIRAMPPS,2026-07-23,REGULATORY,175,4,21,1
SREEL,2026-07-14,REGULATORY,175,4,8,1
TAKE,2026-07-15,REGULATORY,175,4,18,1
21STCENMGM,2026-07-29,REGULATORY,175,4,8,1
SAMHI,2026-07-30,ANALYST_MEET,172,3,16,1
SUNDRMFAST,2026-07-31,ANALYST_MEET,172,3,17,1
JKTYRE,2026-07-23,PRESS_RELEASE,170,5,21,0
ORTINGLOBE,2026-07-13,PRESS_RELEASE,170,3,11,1
BHARATFORG,2026-07-23,PRESS_RELEASE,170,5,35,0
RAJRILTD,2026-08-03,PRESS_RELEASE,170,3,12,1
WEL,2026-08-03,PRESS_RELEASE,170,3,8,1
TECILCHEM,2026-07-23,PRESS_RELEASE,170,3,9,1
LEMERITE,2026-07-13,PRESS_RELEASE,170,3,15,1
CHEVIOT,2026-07-23,REGULATORY,167,4,11,0
KOTHARIPET,2026-07-17,REGULATORY,167,4,14,0
PRIMO,2026-07-22,REGULATORY,167,4,18,0
SHIVAMILLS,2026-07-28,REGULATORY,167,4,15,0
SNOWMAN,2026-07-30,ANALYST_MEET,165,3,16,1
HAL,2026-07-29,PRESS_RELEASE,165,3,15,0
IRMENERGY,2026-08-01,ANALYST_MEET,165,3,17,1
PENINLAND,2026-08-03,PRESS_RELEASE,165,3,14,0
SPENCERS,2026-08-03,ACQUISITION,165,3,20,1
BYKE,2026-07-27,ACQUISITION,165,3,12,1
HCG,2026-07-27,ANALYST_MEET,165,3,31,1
APOLLOHOSP,2026-08-01,ANALYST_MEET,165,3,35,1
SDBL,2026-07-25,BOARD_OUTCOME,165,3,22,2
FINPIPE,2026-08-03,ANALYST_MEET,165,3,20,1
VARDMNPOLY,2026-07-08,ACQUISITION,165,3,14,1
ARROWGREEN,2026-07-15,ACQUISITION,165,3,13,1
SUPRAJIT,2026-07-28,ANALYST_MEET,165,3,18,1
RUSHIL,2026-07-30,ANALYST_MEET,165,3,18,1
MOREPENLAB,2026-07-23,MANAGEMENT_CHANGE,165,3,18,0
INOXINDIA,2026-07-28,ANALYST_MEET,165,3,46,1
TVSSRICHAK,2026-07-31,ACQUISITION,165,3,18,1
UNITEDPOLY,2026-07-28,ACQUISITION,165,3,10,1
TAINWALCHM,2026-07-31,ACQUISITION,165,3,11,1
ESSENTIA,2026-07-15,BOARD_OUTCOME,165,3,13,2
RUPA,2026-07-23,CREDIT_RATING,165,3,19,1
HMVL,2026-07-29,ANALYST_MEET,165,3,12,1
TNPETRO,2026-07-20,MANAGEMENT_CHANGE,165,3,18,0
AMBER,2026-07-15,ACQUISITION,165,3,33,1
BOROLTD,2026-07-31,MANAGEMENT_CHANGE,165,3,16,0
MEDIASSIST,2026-08-03,ANALYST_MEET,165,3,21,1
IONEXCHANG,2026-07-25,ORDER_WIN,162,3,15,1
JINDRILL,2026-07-30,ORDER_WIN,162,3,11,1
GKENERGY,2026-07-08,ORDER_WIN,162,3,18,1
DSSL,2026-07-28,ORDER_WIN,162,3,18,1
OSWALPUMPS,2026-07-09,ORDER_WIN,162,3,29,1
TICL,2026-07-17,PRESS_RELEASE,160,4,29,0
REGAAL,2026-07-21,ESOP,160,3,23,1
ANUHPHR,2026-07-18,PRESS_RELEASE,160,4,28,0
EIHOTEL,2026-07-15,PRESS_RELEASE,160,4,15,0
HALEOSLABS,2026-07-30,PRESS_RELEASE,160,4,18,0
BHARATRAS,2026-07-30,REGULATORY,160,4,22,0
HISARMETAL,2026-07-11,PRESS_RELEASE,160,4,21,0
MTEDUCARE,2026-07-29,PRESS_RELEASE,160,4,12,0
TSFINV,2026-07-31,REGULATORY,160,4,14,1
EIHAHOTELS,2026-07-15,PRESS_RELEASE,160,4,17,0
CMICABLES,2026-07-21,DISTRESS,160,3,8,1
INOXWIND,2026-07-29,PRESS_RELEASE,160,4,20,0
TREJHARA,2026-07-23,PRESS_RELEASE,160,4,12,0
BDL,2026-07-30,REGULATORY,160,4,15,0
PATELENG,2026-07-23,PRESS_RELEASE,160,4,27,0
ELECTCAST,2026-07-31,REGULATORY,160,4,22,0
RITCO,2026-07-25,PRESS_RELEASE,160,4,23,0
SALASAR,2026-08-03,PRESS_RELEASE,160,4,11,0
BAJAJINDEF,2026-07-18,PRESS_RELEASE,160,4,11,0
PVSL,2026-08-03,PRESS_RELEASE,160,4,26,0
VCL,2026-07-29,BOARD_OUTCOME,160,4,13,1
SURAJEST,2026-07-23,FUNDRAISE,160,3,19,1
SUPRIYA,2026-07-23,PRESS_RELEASE,160,4,17,0
CELLO,2026-07-17,PRESS_RELEASE,160,4,19,0
GOLDTECH,2026-07-10,PRESS_RELEASE,160,4,15,0
SHIVATEX,2026-07-31,PRESS_RELEASE,160,4,15,0
DIGJAMLMTD,2026-07-16,PRESS_RELEASE,160,4,12,0
OIL,2026-07-31,PRESS_RELEASE,160,4,22,0
JUNIPER,2026-08-03,PRESS_RELEASE,160,4,28,0
KAKATCEM,2026-07-10,PRESS_RELEASE,160,4,10,0
GANDHITUBE,2026-07-18,PRESS_RELEASE,160,4,17,0
PIONEEREMB,2026-07-30,PRESS_RELEASE,160,4,11,0
KPIGREEN,2026-07-27,PRESS_RELEASE,160,4,32,0
BLS,2026-07-14,REGULATORY,160,4,24,1
SKFINDIA,2026-07-17,PRESS_RELEASE,160,4,27,0
STARCEMENT,2026-07-16,PRESS_RELEASE,160,4,21,0
CHEMCON,2026-08-03,BOARD_OUTCOME,157,3,12,1
SAILIFE,2026-07-30,ANALYST_MEET,155,3,19,1
PURVA,2026-07-31,OTHER,155,5,38,0
BBL,2026-07-23,REGULATORY,155,5,22,0
GAUDIUMIVF,2026-07-16,CAPEX_EXPANSION,152,3,18,1
SAHLIBHFI,2026-07-15,BOARD_OUTCOME,150,3,14,1
MALUPAPER,2026-07-24,BOARD_OUTCOME,150,3,9,1
NATHBIOGEN,2026-07-30,BOARD_OUTCOME,150,3,7,1
GAMMONIND,2026-07-30,BOARD_OUTCOME,150,3,11,1
ARCOTECH,2026-07-31,BOARD_OUTCOME,150,3,8,1
ASHOKAMET,2026-07-30,BOARD_OUTCOME,150,3,7,1
DCM,2026-07-29,REGULATORY,150,4,18,1
WORTHPERI,2026-07-13,BOARD_OUTCOME,150,3,10,1
KHAITANLTD,2026-08-03,BOARD_OUTCOME,150,3,7,1
VINYLINDIA,2026-07-31,BOARD_OUTCOME,150,3,17,1
GMDCLTD,2026-07-31,BOARD_OUTCOME,150,3,8,1
NARMADA,2026-07-31,REGULATORY,150,6,19,0
EIMCOELECO,2026-07-10,BOARD_OUTCOME,150,3,18,1
UNIINFO,2026-07-18,BOARD_OUTCOME,150,3,10,1
SURAJLTD,2026-07-25,BOARD_OUTCOME,150,3,13,1
DCW,2026-08-03,DISTRESS,150,4,25,0
PRUDMOULI,2026-07-17,PRESS_RELEASE,145,2,9,1
ENERGYDEV,2026-07-15,PRESS_RELEASE,145,2,5,1
EPACK,2026-08-01,MANAGEMENT_CHANGE,145,4,27,0
SKIL,2026-07-30,DISTRESS,145,5,15,1
FLEXITUFF,2026-07-30,MANAGEMENT_CHANGE,145,4,13,0
DISHTV,2026-07-31,PRESS_RELEASE,145,4,31,0
RNBDENIMS,2026-07-28,REGULATORY,145,4,7,1
AHLUCONT,2026-07-08,PRESS_RELEASE,145,2,14,1
NAHARCAP,2026-08-03,CREDIT_RATING,142,3,13,0
ASIANENE,2026-07-30,CREDIT_RATING,142,3,25,0
AMBIKCO,2026-07-30,CREDIT_RATING,142,3,7,0
DEVX,2026-07-17,CREDIT_RATING,142,3,25,0
AFFLE,2026-07-27,ANALYST_MEET,140,2,36,1
WSI,2026-07-27,ACQUISITION,140,2,17,1
DELTACORP,2026-07-22,REGULATORY,140,5,10,0
ESABINDIA,2026-07-31,REGULATORY,140,5,11,0
AKUMS,2026-07-23,REGULATORY,140,5,35,0
BKMINDST,2026-07-27,BOARD_OUTCOME,140,2,5,2
MADHAV,2026-07-17,REGULATORY,140,3,11,1
MUKKA,2026-07-14,REGULATORY,140,5,26,0
CLCIND,2026-07-15,REGULATORY,140,3,8,1
JAICORPLTD,2026-07-30,DISTRESS,140,4,11,0
EASEMYTRIP,2026-07-14,PRESS_RELEASE,135,3,14,0
ANIKINDS,2026-07-21,PRESS_RELEASE,135,3,18,0
VLSFINANCE,2026-07-23,PRESS_RELEASE,135,3,11,0
IOLCP,2026-08-03,PRESS_RELEASE,135,3,21,0
ARMANFIN,2026-07-11,PRESS_RELEASE,135,3,19,0
TEGA,2026-07-21,PRESS_RELEASE,135,3,24,0
NFL,2026-07-22,PRESS_RELEASE,135,3,13,0
UNITEDTEA,2026-07-11,PRESS_RELEASE,135,3,16,0
LINC,2026-07-26,MANAGEMENT_CHANGE,135,3,15,0
BIL,2026-07-07,PRESS_RELEASE,135,3,11,0
WEBELSOLAR,2026-07-27,REGULATORY,135,3,10,1
SHAHALLOYS,2026-07-14,MANAGEMENT_CHANGE,135,3,10,0
OLAELEC,2026-07-15,PRESS_RELEASE,135,3,27,0
DCXINDIA,2026-07-17,PRESS_RELEASE,135,3,17,0
SFL,2026-07-31,REGULATORY,135,3,34,1
LANDMARK,2026-07-25,PRESS_RELEASE,135,3,25,0
SANDHAR,2026-08-03,PRESS_RELEASE,135,3,26,0
SCI,2026-07-24,MANAGEMENT_CHANGE,135,3,24,0
ATLASCYCLE,2026-07-18,PRESS_RELEASE,135,3,8,0
PRITIKAUTO,2026-07-25,PRESS_RELEASE,135,3,14,0
NECLIFE,2026-07-23,PRESS_RELEASE,135,3,7,0
MIDHANI,2026-08-02,MANAGEMENT_CHANGE,135,3,15,0
ROLLT,2026-07-31,MANAGEMENT_CHANGE,135,3,12,0
MHLXMIRU,2026-07-28,MANAGEMENT_CHANGE,135,3,12,0
SINDHUTRAD,2026-08-01,PRESS_RELEASE,135,3,12,0
COMSYN,2026-07-22,PRESS_RELEASE,135,3,12,0
VHL,2026-07-07,PRESS_RELEASE,135,3,10,0
SRHHYPOLTD,2026-08-03,PRESS_RELEASE,135,3,11,0
RHETAN,2026-07-27,PRESS_RELEASE,135,3,9,0
ROTO,2026-07-25,PRESS_RELEASE,135,3,13,0
AUSOMENT,2026-07-14,MANAGEMENT_CHANGE,135,3,10,0
GSFC,2026-07-29,REGULATORY,135,3,19,1
SMLT,2026-07-20,MANAGEMENT_CHANGE,135,3,14,0
GLOBALE,2026-07-28,MANAGEMENT_CHANGE,135,3,11,0
SITINET,2026-07-31,MANAGEMENT_CHANGE,135,3,8,0
GARFIBRES,2026-07-24,PRESS_RELEASE,135,3,31,0
SOFTTECH,2026-07-16,REGULATORY,135,3,21,1
UGARSUGAR,2026-07-25,REGULATORY,135,3,11,1
BAIDFIN,2026-07-09,PRESS_RELEASE,135,3,12,0
PARAGMILK,2026-07-24,PRESS_RELEASE,135,3,20,0
WILLAMAGOR,2026-07-22,MANAGEMENT_CHANGE,135,3,7,0
3MINDIA,2026-07-24,PRESS_RELEASE,135,3,17,0
PARACABLES,2026-07-14,CREDIT_RATING,132,3,27,0
BLBLIMITED,2026-07-25,REGULATORY,130,4,17,0
BAGFILMS,2026-08-01,REGULATORY,130,4,24,0
MODISONLTD,2026-07-22,REGULATORY,130,4,19,0
KSCL,2026-08-03,REGULATORY,130,4,16,0
SHREYANIND,2026-07-21,REGULATORY,130,4,14,0
RATNAMANI,2026-07-29,REGULATORY,130,4,26,0
PRAJIND,2026-08-03,REGULATORY,130,4,22,0
IGARASHI,2026-07-14,REGULATORY,130,4,13,0
JYOTHYLAB,2026-07-31,REGULATORY,130,4,43,0
MAWANASUG,2026-07-29,REGULATORY,130,4,18,0
GEEKAYWIRE,2026-07-13,REGULATORY,130,4,23,0
SARLAPOLY,2026-07-29,REGULATORY,130,4,25,0
ONELIFECAP,2026-07-23,REGULATORY,130,4,19,0
KIOCL,2026-07-31,REGULATORY,128,3,7,1
DEN,2026-07-14,BOARD_OUTCOME,125,2,9,1
SHRENIK,2026-08-01,BOARD_OUTCOME,125,2,14,1
MCL,2026-07-29,OTHER,125,5,17,0
AEROPLANE,2026-08-03,BOARD_OUTCOME,125,2,2,1
CARERATING,2026-07-29,ESOP,125,3,34,0
MAHAPEXLTD,2026-07-24,BOARD_OUTCOME,125,2,16,1
NETWORK18,2026-07-15,BOARD_OUTCOME,125,2,11,1
HITECHGEAR,2026-08-01,ESOP,125,3,12,0
SAURASHCEM,2026-07-21,OTHER,125,6,16,0
RIIL,2026-07-15,BOARD_OUTCOME,125,2,12,1
KALYANI,2026-07-21,OTHER,125,3,10,1
SVLL,2026-07-21,REGULATORY,120,3,16,1
RKEC,2026-07-29,PRESS_RELEASE,120,3,9,0
UMIYA-MRO,2026-07-20,REGULATORY,120,3,4,1
RADHIKAJWE,2026-07-29,REGULATORY,120,3,7,1
SYSTMTXC,2026-07-29,ACQUISITION,120,3,10,1
VAISHALI,2026-07-15,REGULATORY,120,3,14,1
PFOCUS,2026-07-22,PRESS_RELEASE,120,3,19,0
ICIL,2026-08-03,REGULATORY,120,4,22,0
AWFIS,2026-07-17,ANALYST_MEET,120,3,25,1
TRENT,2026-07-31,PRESS_RELEASE,120,3,29,0
SAATVIKGL,2026-07-31,ORDER_WIN,117,3,15,1
TATAINVEST,2026-07-15,CREDIT_RATING,117,2,15,0
SAGARDEEP,2026-07-09,REGULATORY,115,2,8,1
PIGL,2026-07-15,REGULATORY,115,2,10,1
BPL,2026-07-10,REGULATORY,115,4,8,0
RUSHABEAR,2026-07-30,REGULATORY,115,2,9,1
SHIVAMAUTO,2026-07-20,REGULATORY,115,2,10,1
LFIC,2026-07-21,REGULATORY,115,2,7,1
PREMIER,2026-07-15,REGULATORY,115,2,6,1
PRITI,2026-07-14,REGULATORY,115,2,15,1
MAHESHWARI,2026-07-20,REGULATORY,115,2,10,1
CANDC,2026-07-14,REGULATORY,115,2,12,1
SEMAC,2026-07-14,REGULATORY,115,2,11,1
FIRSTCRY,2026-07-22,REGULATORY,115,2,26,1
SSDL,2026-07-15,REGULATORY,115,2,19,1
DCI,2026-07-21,REGULATORY,115,2,13,1
SHANTI,2026-07-14,REGULATORY,115,2,8,1
PANSARI,2026-07-14,REGULATORY,115,2,11,1
ISFT,2026-07-22,REGULATORY,115,2,9,1
TARAPUR,2026-07-13,REGULATORY,115,2,7,1
INDOAMIN,2026-07-21,REGULATORY,115,4,22,0
ACCURACY,2026-07-14,REGULATORY,115,2,12,1
IVC,2026-07-21,REGULATORY,115,2,10,1
RHFL,2026-07-17,DISTRESS,115,3,8,1
AIRAN,2026-07-14,REGULATORY,115,2,7,1
PAKKA,2026-07-17,REGULATORY,115,2,21,1
DPWIRES,2026-07-18,REGULATORY,115,2,8,1
ARFIN,2026-07-31,REGULATORY,112,3,10,0
PRINCEPIPE,2026-07-29,ANALYST_MEET,110,2,17,1
TENNIND,2026-07-30,ANALYST_MEET,110,2,16,1
CAPLIPOINT,2026-07-30,ANALYST_MEET,110,2,14,1
YATHARTH,2026-07-08,ANALYST_MEET,110,2,20,1
GENSOL,2026-07-14,PRESS_RELEASE,110,2,4,0
AAREYDRUGS,2026-07-08,ACQUISITION,110,2,7,1
SHAILY,2026-07-09,ANALYST_MEET,110,2,20,1
IL&FSTRANS,2026-07-14,ACQUISITION,110,2,5,1
PANACEABIO,2026-07-24,OTHER,110,5,17,0
AVALON,2026-07-28,ANALYST_MEET,110,2,11,1
PGEL,2026-08-01,ANALYST_MEET,110,2,18,1
PPAP,2026-07-31,ACQUISITION,110,2,16,1
NITIRAJ,2026-07-09,ACQUISITION,110,2,13,1
FACT,2026-07-27,MANAGEMENT_CHANGE,110,2,16,0
PITTIENG,2026-07-29,ANALYST_MEET,110,2,18,1
ENGINERSIN,2026-07-09,ACQUISITION,110,2,17,1
ALLTIME,2026-07-29,ANALYST_MEET,110,2,16,1
POLICYBZR,2026-07-31,ANALYST_MEET,110,2,30,1
UTLSOLAR,2026-07-11,ANALYST_MEET,110,2,22,1
JTLIND,2026-07-30,ANALYST_MEET,110,2,17,1
MODIRUBBER,2026-07-30,PRESS_RELEASE,110,2,10,0
RAMANEWS,2026-07-09,ACQUISITION,110,2,6,1
RBZJEWEL,2026-07-29,ANALYST_MEET,110,2,15,1
STERTOOLS,2026-07-30,ANALYST_MEET,110,2,19,1
GPPL,2026-07-17,PRESS_RELEASE,110,2,10,0
STYRENIX,2026-07-31,ANALYST_MEET,110,2,16,1
VISACHROME,2026-07-20,ACQUISITION,110,2,12,1
RAIN,2026-07-06,ACQUISITION,110,2,13,1
RAJESHEXPO,2026-07-27,PRESS_RELEASE,110,2,14,0
JKIL,2026-07-29,ANALYST_MEET,110,2,15,1
PYRAMID,2026-07-10,ACQUISITION,110,2,16,1
INNOVANA,2026-07-21,ACQUISITION,110,2,10,1
SHEKHAWATI,2026-07-23,ACQUISITION,110,2,10,1
RPTECH,2026-07-29,ANALYST_MEET,110,2,24,1
BALAJITELE,2026-07-09,ANALYST_MEET,110,2,21,1
GALAPREC,2026-08-01,ANALYST_MEET,110,2,24,1
GANESHCP,2026-07-30,ANALYST_MEET,110,2,19,1
SRGHFL,2026-07-13,ANALYST_MEET,110,2,17,1
STARPAPER,2026-07-14,ACQUISITION,110,2,9,1
RELIABLE,2026-07-06,ACQUISITION,110,2,10,1
SUBROS,2026-07-31,ANALYST_MEET,110,2,14,1
SRTL,2026-07-23,ACQUISITION,110,2,11,1
STALLION,2026-07-16,ANALYST_MEET,110,2,13,1
CONSOFINVT,2026-07-10,ACQUISITION,110,2,8,1
METROBRAND,2026-07-28,ANALYST_MEET,110,2,31,1
RKDL,2026-07-28,PRESS_RELEASE,110,2,7,0
AARTIPHARM,2026-08-03,ANALYST_MEET,110,2,18,1
ORCHASP,2026-07-07,ACQUISITION,110,2,6,1
PASHUPATI,2026-07-13,ACQUISITION,110,2,9,1
EXCELSOFT,2026-07-30,ANALYST_MEET,110,2,15,1
UFBL,2026-07-27,ANALYST_MEET,110,2,23,1
SBC,2026-07-27,ORDER_WIN,107,2,11,1
ORIENTTECH,2026-07-24,ORDER_WIN,107,2,13,1
KRYSTAL,2026-07-31,ORDER_WIN,107,2,31,1
GLOBECIVIL,2026-07-09,ORDER_WIN,107,2,10,1
DEVIT,2026-07-13,ORDER_WIN,107,2,23,1
DENTA,2026-07-21,ORDER_WIN,107,2,19,1
KOHINOOR,2026-07-10,REGULATORY,105,3,9,0
GOCLCORP,2026-07-20,REGULATORY,105,3,14,0
KOPRAN,2026-07-20,REGULATORY,105,3,12,0
KOTARISUG,2026-07-17,REGULATORY,105,3,12,0
XELPMOC,2026-07-27,FUNDRAISE,105,2,22,1
SKFINDUS,2026-07-17,REGULATORY,105,3,19,0
GUJAPOLLO,2026-08-01,REGULATORY,105,3,6,0
GTLINFRA,2026-07-29,FUNDRAISE,105,2,10,1
ALKYLAMINE,2026-07-29,REGULATORY,105,3,24,0
THEINVEST,2026-07-17,REGULATORY,105,3,11,0
PENIND,2026-07-14,REGULATORY,105,3,17,0
WOCKPHARMA,2026-07-18,REGULATORY,105,3,13,0
SANSTAR,2026-07-21,REGULATORY,105,3,39,0
GFLLIMITED,2026-07-14,REGULATORY,105,3,5,0
SIL,2026-07-22,REGULATORY,105,3,12,0
JETFREIGHT,2026-07-14,BOARD_OUTCOME,105,3,25,1
AFSL,2026-07-11,REGULATORY,105,3,26,0
KRSNAA,2026-07-23,REGULATORY,105,3,21,0
ANTGRAPHIC,2026-07-29,REGULATORY,105,3,11,0
ISGEC,2026-08-03,REGULATORY,105,3,21,0
MANAKALUCO,2026-07-28,REGULATORY,105,3,11,0
RUBYMILLS,2026-07-20,DISTRESS,105,4,12,0
MANOMAY,2026-07-11,REGULATORY,105,3,11,0
SUNDRMBRAK,2026-07-30,REGULATORY,105,3,18,0
SETUINFRA,2026-07-31,DISTRESS,105,2,7,1
INDIANHUME,2026-08-03,REGULATORY,105,3,13,0
INDOTECH,2026-07-24,REGULATORY,105,3,12,0
HITECH,2026-07-31,FUNDRAISE,105,2,23,1
DBREALTY,2026-07-29,REGULATORY,105,3,14,0
BUILDPRO,2026-07-14,REGULATORY,103,2,19,1
RCOM,2026-07-09,ACQUISITION,100,2,15,1
ASTRON,2026-07-28,ACQUISITION,100,2,7,1
SHIRPUR-G,2026-07-21,ACQUISITION,100,2,8,1
KARMAENG,2026-07-24,REGULATORY,100,4,12,0
ENDURANCE,2026-08-03,OTHER,100,4,31,0
BCLIND,2026-07-13,CAPEX_EXPANSION,97,2,18,1
VRAJ,2026-07-14,CAPEX_EXPANSION,97,2,13,1
AQYLON,2026-07-09,BOARD_OUTCOME,95,2,8,1
GANGOTRI,2026-07-24,BOARD_OUTCOME,95,2,5,1
HPAL,2026-07-21,BOARD_OUTCOME,95,2,12,1
COUNCODOS,2026-07-14,BOARD_OUTCOME,95,2,6,1
AGRITECH,2026-07-23,BOARD_OUTCOME,95,2,5,1
SAIPARENT,2026-07-18,BOARD_OUTCOME,95,2,18,1
NEXTMEDIA,2026-07-31,BOARD_OUTCOME,95,2,5,1
GLFL,2026-07-30,BOARD_OUTCOME,95,2,9,1
JAIPURKURT,2026-07-10,BOARD_OUTCOME,95,2,7,1
ECOSMOBLTY,2026-07-10,DIVIDEND,95,2,14,1
CELEBRITY,2026-08-01,BOARD_OUTCOME,95,2,7,1
SUULD,2026-07-22,ACQUISITION,95,2,2,1
GVPTECH,2026-07-24,BOARD_OUTCOME,95,2,13,1
SRPL,2026-07-20,RESULT_UPDATE,90,1,2,1
BROOKS,2026-07-17,MANAGEMENT_CHANGE,90,3,12,0
RADAAN,2026-07-29,OTHER,90,3,9,0
EDUCOMP,2026-07-14,RESULT_UPDATE,90,1,1,1
MAGNUM,2026-07-18,OTHER,90,3,12,0
NITINFIRE,2026-07-14,RESULT_UPDATE,90,1,6,1
LLOYDSME,2026-07-27,OTHER,90,3,36,0
LPDC,2026-08-03,OTHER,90,3,7,0
TIRUMALCHM,2026-07-31,OTHER,90,3,12,0
AJRINFRA,2026-07-20,RESULT_UPDATE,90,1,5,1
BHARATWIRE,2026-07-13,CREDIT_RATING,87,2,15,0
SIGIND,2026-07-16,CREDIT_RATING,87,2,7,0
SHREEPUSHK,2026-07-27,CREDIT_RATING,87,2,14,0
AGIIL,2026-08-03,CREDIT_RATING,87,2,14,0
MVGJL,2026-07-13,CREDIT_RATING,87,2,7,0
INSPIRISYS,2026-07-23,CREDIT_RATING,87,2,17,0
GRMOVER,2026-07-21,CREDIT_RATING,87,2,15,0
MONTECARLO,2026-07-25,CREDIT_RATING,87,2,19,0
VADILALIND,2026-07-10,CREDIT_RATING,87,2,6,0
SHREEJISPG,2026-07-30,CREDIT_RATING,87,2,15,0
FAZE3Q,2026-07-09,CREDIT_RATING,87,2,13,0
DECCANCE,2026-07-13,CREDIT_RATING,87,2,15,0
BNALTD,2026-07-24,ACQUISITION,85,1,1,1
SCHAND,2026-08-02,ANALYST_MEET,85,1,14,1
AURIGROW,2026-07-14,BOARD_OUTCOME,85,2,13,1
PUNJLLOYD,2026-07-31,DISTRESS,85,5,17,0
DHARAN,2026-07-14,ACQUISITION,85,1,4,1
ASTRAMICRO,2026-07-30,ORDER_WIN,82,1,23,1
HBLENGINE,2026-08-03,ORDER_WIN,82,1,7,1
LCCINFOTEC,2026-07-10,PRESS_RELEASE,80,2,10,0
BTML,2026-07-14,PRESS_RELEASE,80,2,15,0
PICCADIL,2026-07-30,PRESS_RELEASE,80,2,14,0
SALZERELEC,2026-07-27,PRESS_RELEASE,80,2,22,0
ONIDA,2026-07-14,PRESS_RELEASE,80,2,28,0
CSLFINANCE,2026-07-23,PRESS_RELEASE,80,2,22,0
LOYALTEX,2026-07-15,PRESS_RELEASE,80,2,10,0
POLYMED,2026-07-14,PRESS_RELEASE,80,2,30,0
BANARISUG,2026-07-10,PRESS_RELEASE,80,2,14,0
BANCOINDIA,2026-07-15,PRESS_RELEASE,80,2,9,0
LAXMIDENTL,2026-07-10,PRESS_RELEASE,80,2,14,0
AMNPLST,2026-07-25,PRESS_RELEASE,80,2,11,0
LAL,2026-08-01,PRESS_RELEASE,80,2,8,0
IGCL,2026-07-10,PRESS_RELEASE,80,2,15,0
IGL,2026-07-09,MANAGEMENT_CHANGE,80,2,10,0
ELDEHSG,2026-08-01,PRESS_RELEASE,80,2,16,0
EMAMIREAL,2026-07-21,MANAGEMENT_CHANGE,80,2,11,0
BONLON,2026-07-28,PRESS_RELEASE,80,2,13,0
EMMBI,2026-07-17,PRESS_RELEASE,80,2,13,0
YATRA,2026-07-13,PRESS_RELEASE,80,2,16,0
AZAD,2026-07-22,PRESS_RELEASE,80,2,18,0
ITDC,2026-07-14,PRESS_RELEASE,80,2,10,0
ISHANCH,2026-07-31,PRESS_RELEASE,80,2,16,0
RACLGEAR,2026-07-08,PRESS_RELEASE,80,2,17,0
INVENTURE,2026-07-28,PRESS_RELEASE,80,2,8,0
MAITHANALL,2026-07-28,PRESS_RELEASE,80,2,22,0
MANALIPETC,2026-07-07,PRESS_RELEASE,80,2,20,0
GANESHBE,2026-07-16,PRESS_RELEASE,80,2,13,0
UTTAMSUGAR,2026-07-15,PRESS_RELEASE,80,2,10,0
DYNPRO,2026-07-07,PRESS_RELEASE,80,2,7,0
EASTSILK,2026-07-09,MANAGEMENT_CHANGE,80,2,16,0
SURYALAXMI,2026-07-27,MANAGEMENT_CHANGE,80,2,11,0
NAHARSPING,2026-08-03,PRESS_RELEASE,80,2,12,0
SRM,2026-07-25,PRESS_RELEASE,80,2,14,0
DMCC,2026-07-29,PRESS_RELEASE,80,2,18,0
KRBL,2026-07-20,PRESS_RELEASE,80,2,23,0
KRN,2026-07-23,PRESS_RELEASE,80,2,28,0
AGARIND,2026-07-10,PRESS_RELEASE,80,2,15,0
NAHARPOLY,2026-08-03,PRESS_RELEASE,80,2,13,0
SADHNANIQ,2026-07-28,PRESS_RELEASE,80,2,15,0
DHARMAJ,2026-07-08,MANAGEMENT_CHANGE,80,2,14,0
ARIES,2026-07-09,PRESS_RELEASE,80,2,11,0
MMP,2026-07-11,PRESS_RELEASE,80,2,13,0
AROGRANITE,2026-07-30,PRESS_RELEASE,80,2,7,0
ATLANTAA,2026-08-01,PRESS_RELEASE,80,2,13,0
QMSMEDI,2026-07-21,PRESS_RELEASE,80,2,19,0
NDL,2026-07-15,PRESS_RELEASE,80,2,9,0
SUPREME,2026-07-27,PRESS_RELEASE,80,2,6,0
SUNTV,2026-07-22,PRESS_RELEASE,80,2,8,0
TITAGARH,2026-08-01,PRESS_RELEASE,80,2,18,0
ALPHAGEO,2026-07-18,PRESS_RELEASE,80,2,7,0
PKTEA,2026-07-08,PRESS_RELEASE,80,2,7,0
GATECHDVR,2026-08-03,PRESS_RELEASE,80,2,8,0
ORIENTLTD,2026-07-14,MANAGEMENT_CHANGE,80,2,10,0
EUROPRATIK,2026-07-30,PRESS_RELEASE,80,2,11,0
ORICONENT,2026-07-13,PRESS_RELEASE,80,2,14,0
SKYGOLD,2026-07-16,PRESS_RELEASE,80,2,37,0
CPCAP,2026-07-14,PRESS_RELEASE,80,2,7,0
GICRE,2026-07-17,MANAGEMENT_CHANGE,80,2,30,0
CORDSCABLE,2026-07-27,PRESS_RELEASE,80,2,11,0
REPCOHOME,2026-07-15,PRESS_RELEASE,80,2,27,0
KDDL,2026-07-28,MANAGEMENT_CHANGE,80,2,13,0
SIMPLEXINF,2026-07-20,PRESS_RELEASE,80,2,8,0
BCONCEPTS,2026-07-16,PRESS_RELEASE,80,2,14,0
RHIM,2026-07-16,PRESS_RELEASE,80,2,28,0
DCAL,2026-07-17,PRESS_RELEASE,80,2,22,0
SINCLAIR,2026-07-09,PRESS_RELEASE,80,2,12,0
COFFEEDAY,2026-07-07,PRESS_RELEASE,80,2,8,0
DELTAMAGNT,2026-07-23,PRESS_RELEASE,80,2,6,0
GATECH,2026-08-03,PRESS_RELEASE,80,2,8,0
DBSTOCKBRO,2026-07-21,MANAGEMENT_CHANGE,80,2,3,0
RELAXO,2026-07-27,PRESS_RELEASE,80,2,19,0
MITCON,2026-07-17,PRESS_RELEASE,80,2,9,0
RAJTV,2026-07-27,PRESS_RELEASE,80,2,7,0
BEARDSELL,2026-07-18,PRESS_RELEASE,80,2,11,0
BEDMUTHA,2026-07-22,MANAGEMENT_CHANGE,80,2,6,0
MERCURYEV,2026-07-15,PRESS_RELEASE,80,2,5,0
GLOBE,2026-07-07,PRESS_RELEASE,80,2,6,0
ASAHIINDIA,2026-07-14,PRESS_RELEASE,80,2,14,0
JPOLYINVST,2026-07-31,MANAGEMENT_CHANGE,80,2,8,0
SUNDARAM,2026-07-28,PRESS_RELEASE,80,2,8,0
JNKINDIA,2026-07-16,PRESS_RELEASE,80,2,18,0
MEDICO,2026-08-03,VOLUME_ALERT,78,1,6,1
SCPL,2026-07-31,VOLUME_ALERT,78,1,9,1
HILTON,2026-07-15,REGULATORY,75,3,12,0
POKARNA,2026-07-27,REGULATORY,75,3,22,0
WEIZMANIND,2026-07-24,REGULATORY,75,3,14,0
KICL,2026-08-03,REGULATORY,75,3,9,0
ASPINWALL,2026-07-25,REGULATORY,75,3,9,0
NDLVENTURE,2026-07-31,REGULATORY,75,3,17,0
DREDGECORP,2026-07-15,REGULATORY,75,3,12,0
ORIENTCER,2026-07-30,REGULATORY,75,3,18,0
JHS,2026-07-31,REGULATORY,75,3,13,0
SGIL,2026-07-25,REGULATORY,75,3,17,0
VMSTMT,2026-07-30,REGULATORY,75,3,16,0
INFOMEDIA,2026-07-14,BOARD_OUTCOME,70,1,6,1
ICSA,2026-07-29,BOARD_OUTCOME,70,1,6,1
TVVISION,2026-08-02,DISTRESS,70,4,7,0
BRNL,2026-08-01,MANAGEMENT_CHANGE,65,2,7,0
HGM,2026-07-28,OTHER,65,2,14,0
ABHISHEK,2026-07-10,REGULATORY,60,3,7,0
HINDOILEXP,2026-07-24,REGULATORY,60,3,22,0
GUJRAFFIA,2026-07-20,REGULATORY,60,3,7,0
SCHNEIDER,2026-07-30,REGULATORY,60,3,27,0
SEYAIND,2026-07-30,PRESS_RELEASE,55,1,4,0
PGHL,2026-07-15,PRESS_RELEASE,55,1,16,0
TULSI,2026-07-05,PRESS_RELEASE,55,1,4,0
ALICON,2026-07-31,PRESS_RELEASE,55,1,15,0
AMDIND,2026-07-07,MANAGEMENT_CHANGE,55,1,6,0
NITINSPIN,2026-07-20,PRESS_RELEASE,55,1,12,0
MANGALAM,2026-07-16,DISTRESS,55,3,13,0
KWIL,2026-07-06,PRESS_RELEASE,55,1,20,0
MIDWESTLTD,2026-07-07,PRESS_RELEASE,55,1,17,0
VISHWARAJ,2026-07-15,PRESS_RELEASE,55,1,5,0
STCINDIA,2026-07-06,PRESS_RELEASE,55,1,21,0
FCONSUMER,2026-08-02,DISTRESS,55,3,12,0
AKASH,2026-07-28,PRESS_RELEASE,55,1,8,0
SCODATUBES,2026-07-28,REGULATORY,50,2,16,0
VASWANI,2026-07-22,REGULATORY,50,2,13,0
ICDSLTD,2026-07-07,REGULATORY,50,2,5,0
RAMKY,2026-07-15,REGULATORY,50,2,10,0
FIBERWEB,2026-07-13,REGULATORY,50,2,16,0
NAVKARURB,2026-07-20,REGULATORY,50,2,12,0
MAANALU,2026-07-27,REGULATORY,50,2,17,0
SUMMITSEC,2026-07-30,REGULATORY,50,2,12,0
PLAZACABLE,2026-07-20,REGULATORY,50,2,7,0
ASIL,2026-07-16,REGULATORY,50,2,8,0
PPL,2026-07-15,REGULATORY,50,2,11,0
KPRMILL,2026-07-29,REGULATORY,50,2,29,0
HPL,2026-07-10,REGULATORY,50,2,18,0
LATTEYS,2026-07-07,REGULATORY,50,2,7,0
CINEVISTA,2026-07-20,REGULATORY,50,2,13,0
PODDARHOUS,2026-07-16,REGULATORY,50,2,4,0
PIXTRANS,2026-07-22,REGULATORY,50,2,9,0
FOODSIN,2026-07-29,REGULATORY,50,2,14,0
SIKKO,2026-07-28,REGULATORY,50,2,7,0
GOKEX,2026-08-01,REGULATORY,50,2,17,0
GEECEE,2026-07-13,REGULATORY,50,2,20,0
RAJMET,2026-07-17,REGULATORY,50,2,10,0
AVTNPL,2026-07-24,REGULATORY,50,2,16,0
XLENERGY,2026-07-11,REGULATORY,50,2,7,0
HEXATRADEX,2026-07-17,REGULATORY,50,2,9,0
ARCHIES,2026-07-29,REGULATORY,50,2,21,0
NAGREEKEXP,2026-07-18,REGULATORY,50,2,8,0
NPST,2026-07-28,REGULATORY,50,2,22,0
PRAKASH,2026-07-15,REGULATORY,50,2,9,0
TERASOFT,2026-07-16,REGULATORY,50,2,11,0
LIBAS,2026-07-16,REGULATORY,50,2,11,0
HCL-INSYS,2026-07-15,OTHER,45,3,10,0
RACE,2026-08-03,OTHER,45,3,16,0
LYPSAGEMS,2026-07-13,OTHER,45,3,9,0
SENCO,2026-07-28,ESOP,45,1,20,0
IMPEXFERRO,2026-07-27,DISTRESS,45,3,11,0
COMPINFO,2026-07-08,DISTRESS,40,2,5,0
AGSTRA,2026-07-14,DISTRESS,40,2,9,0
VIDEOIND,2026-07-15,DISTRESS,40,2,11,0
VALUEIND,2026-07-16,DISTRESS,40,2,4,0
NECCLTD,2026-07-09,OTHER,35,2,17,0
PANACHE,2026-07-14,OTHER,35,2,5,0
AVG,2026-07-21,OTHER,35,2,26,0
XCHANGING,2026-07-30,OTHER,35,2,15,0
CCAVENUE,2026-07-24,OTHER,35,2,14,0
OLECTRA,2026-07-17,OTHER,35,2,11,0
AMRUTANJAN,2026-08-01,OTHER,35,2,20,0
SECURKLOUD,2026-08-01,OTHER,35,2,11,0
HEADSUP,2026-07-15,OTHER,35,2,8,0
MEP,2026-07-15,REGULATORY,25,1,6,0
BANKA,2026-07-10,REGULATORY,25,1,15,0
BBTCL,2026-07-07,REGULATORY,25,1,7,0
SOMICONVEY,2026-07-06,REGULATORY,25,1,7,0
RHL,2026-07-09,REGULATORY,25,1,7,0
RICOAUTO,2026-07-07,REGULATORY,25,1,12,0
RMDRIP,2026-07-20,REGULATORY,25,1,7,0
MEDICAMEQ,2026-07-28,REGULATORY,25,1,6,0
MEGASTAR,2026-07-14,REGULATORY,25,1,12,0
MELSTAR,2026-07-15,REGULATORY,25,1,18,0
KAMATHOTEL,2026-07-13,REGULATORY,25,1,12,0
KAMOPAINTS,2026-07-11,REGULATORY,25,1,13,0
GTL,2026-07-07,REGULATORY,25,1,7,0
FDC,2026-07-27,REGULATORY,25,1,13,0
KANORICHEM,2026-07-09,REGULATORY,25,1,9,0
KAPSTON,2026-07-07,REGULATORY,25,1,8,0
KAUSHALYA,2026-07-15,REGULATORY,25,1,5,0
SPCENET,2026-07-14,REGULATORY,25,1,15,0
SRD,2026-07-18,REGULATORY,25,1,10,0
DHRUV,2026-07-14,REGULATORY,25,1,16,0
DIAMINESQ,2026-07-06,REGULATORY,25,1,12,0
DIFFNKG,2026-07-09,REGULATORY,25,1,26,0
DIGIDRIVE,2026-07-09,REGULATORY,25,1,7,0
KEEPLEARN,2026-07-08,REGULATORY,25,1,7,0
ATAM,2026-07-11,REGULATORY,25,1,8,0
ATCOM,2026-07-14,REGULATORY,25,1,7,0
BCG,2026-07-22,REGULATORY,25,1,10,0
MASTERTR,2026-07-14,REGULATORY,25,1,12,0
MBEL,2026-07-07,REGULATORY,25,1,16,0
KNRCON,2026-07-09,REGULATORY,25,1,15,0
SHYAMCENT,2026-07-09,REGULATORY,25,1,8,0
SHYAMTEL,2026-07-09,REGULATORY,25,1,8,0
SILLYMONKS,2026-07-17,REGULATORY,25,1,9,0
KEYFINSERV,2026-07-07,REGULATORY,25,1,10,0
AURUS,2026-07-20,REGULATORY,25,1,1,0
SOLARWORLD,2026-07-14,REGULATORY,25,1,21,0
REGENCERAM,2026-07-06,REGULATORY,25,1,6,0
RELCHEMQ,2026-07-10,REGULATORY,25,1,10,0
RENUKA,2026-07-10,REGULATORY,25,1,11,0
RETAIL,2026-07-07,REGULATORY,25,1,12,0
MKPL,2026-07-14,REGULATORY,25,1,7,0
CIFL,2026-07-07,REGULATORY,25,1,9,0
STARTECK,2026-07-13,REGULATORY,25,1,5,0
MANAKSIA,2026-07-08,REGULATORY,25,1,7,0
MANAKSTEEL,2026-07-08,REGULATORY,25,1,10,0
ADVENTHTL,2026-07-13,REGULATORY,25,1,11,0
AEPL,2026-07-13,REGULATORY,25,1,10,0
AEROENTER,2026-07-11,REGULATORY,25,1,17,0
GLOBALVECT,2026-07-09,REGULATORY,25,1,6,0
SHREERAMA,2026-07-06,REGULATORY,25,1,5,0
SHRINGARMS,2026-07-07,REGULATORY,25,1,20,0
KSERASERA,2026-07-13,REGULATORY,25,1,5,0
KANANIIND,2026-07-13,REGULATORY,25,1,7,0
BELLACASA,2026-07-13,REGULATORY,25,1,10,0
MODTHREAD,2026-07-04,REGULATORY,25,1,5,0
MOHITIND,2026-07-07,REGULATORY,25,1,5,0
STUDDS,2026-07-11,REGULATORY,25,1,21,0
DIVGIITTS,2026-07-14,REGULATORY,25,1,23,0
DOLATALGO,2026-07-07,REGULATORY,25,1,13,0
JYOTICNC,2026-07-13,REGULATORY,25,1,14,0
NAHARINDUS,2026-07-16,REGULATORY,25,1,7,0
BHANDARI,2026-07-11,REGULATORY,25,1,6,0
RADIANTCMS,2026-07-08,REGULATORY,25,1,14,0
MUFTI,2026-07-16,REGULATORY,25,1,13,0
SUNFLAG,2026-07-15,REGULATORY,25,1,13,0
ARENTERP,2026-07-06,REGULATORY,25,1,5,0
DRCSYSTEMS,2026-07-07,REGULATORY,25,1,7,0
DREAMFOLKS,2026-07-08,REGULATORY,25,1,19,0
RVTH,2026-07-14,REGULATORY,25,1,10,0
BALKRISHNA,2026-07-14,REGULATORY,25,1,13,0
BALUFORGE,2026-07-08,REGULATORY,25,1,26,0
MASKINVEST,2026-07-08,REGULATORY,25,1,5,0
RUCHINFRA,2026-07-13,REGULATORY,25,1,10,0
DCMFINSERV,2026-07-13,REGULATORY,25,1,4,0
SHARDAMOTR,2026-07-09,REGULATORY,25,1,11,0
SHIVAUM,2026-07-13,REGULATORY,25,1,9,0
LANDSMILL,2026-07-13,REGULATORY,25,1,9,0
LASA,2026-07-18,REGULATORY,25,1,9,0
SURAKSHA,2026-07-08,REGULATORY,25,1,14,0
FINCABLES,2026-07-10,REGULATORY,25,1,19,0
GVKPIL,2026-07-07,REGULATORY,25,1,7,0
VALIANTLAB,2026-07-13,REGULATORY,25,1,16,0
VALIANTORG,2026-07-09,REGULATORY,25,1,16,0
GTECJAINX,2026-07-09,REGULATORY,25,1,8,0
MOKSH,2026-07-11,REGULATORY,25,1,16,0
MOLDTECH,2026-07-13,REGULATORY,25,1,10,0
MOTISONS,2026-07-16,REGULATORY,25,1,12,0
MURUDCERA,2026-07-09,REGULATORY,25,1,2,0
QPOWER,2026-07-10,REGULATORY,25,1,19,0
QUADFUTURE,2026-07-11,REGULATORY,25,1,13,0
DONEAR,2026-07-11,REGULATORY,25,1,11,0
DUCON,2026-07-15,REGULATORY,25,1,14,0
IZMO,2026-07-14,REGULATORY,25,1,12,0
VITAL,2026-07-04,REGULATORY,25,1,15,0
VIVIDHA,2026-07-15,REGULATORY,25,1,6,0
ADL,2026-07-28,REGULATORY,25,1,9,0
VPRPL,2026-07-14,REGULATORY,25,1,12,0
RVHL,2026-07-10,REGULATORY,25,1,7,0
SYNCOMF,2026-07-10,REGULATORY,25,1,6,0
TALWALKARS,2026-07-15,REGULATORY,25,1,4,0
INTENTECH,2026-07-06,REGULATORY,25,1,16,0
SURANAT&P,2026-07-07,REGULATORY,25,1,9,0
SUVIDHAA,2026-07-13,REGULATORY,25,1,14,0
SUYOG,2026-07-08,REGULATORY,25,1,18,0
SVPGLOB,2026-07-10,REGULATORY,25,1,7,0
LOVABLE,2026-07-07,REGULATORY,25,1,6,0
VIPCLOTHNG,2026-07-10,REGULATORY,25,1,19,0
VINNY,2026-07-09,REGULATORY,25,1,5,0
AARTECH,2026-07-14,REGULATORY,25,1,10,0
MADRASFERT,2026-07-10,REGULATORY,25,1,10,0
MAHASTEEL,2026-07-15,REGULATORY,25,1,10,0
MANCREDIT,2026-07-09,REGULATORY,25,1,13,0
RUDRA,2026-07-17,REGULATORY,25,1,6,0
AXITA,2026-07-06,REGULATORY,25,1,5,0
SGL,2026-07-14,REGULATORY,25,1,5,0
SHALPAINTS,2026-07-08,REGULATORY,25,1,17,0
KUNDANMM,2026-07-13,REGULATORY,25,1,11,0
KUSUMGAR,2026-07-15,REGULATORY,25,1,1,0
MUKTAARTS,2026-07-07,REGULATORY,25,1,12,0
CEREBRAINT,2026-07-17,REGULATORY,25,1,11,0
NKIND,2026-07-07,REGULATORY,25,1,6,0
ANMOL,2026-07-15,REGULATORY,25,1,4,0
TARMAT,2026-07-06,REGULATORY,25,1,5,0
TARSONS,2026-07-09,REGULATORY,25,1,19,0
APOLSINHOT,2026-07-08,REGULATORY,25,1,8,0
ARCHIDPLY,2026-07-30,REGULATORY,25,1,14,0
ZENITHEXPO,2026-07-04,REGULATORY,25,1,8,0
NAGREEKCAP,2026-07-06,REGULATORY,25,1,4,0
PASUPTAC,2026-07-04,REGULATORY,25,1,11,0
NOVAAGRI,2026-07-15,REGULATORY,25,1,11,0
GYFTR,2026-07-10,REGULATORY,25,1,1,0
PRAENG,2026-07-30,REGULATORY,25,1,5,0
EUROMULTI,2026-07-11,REGULATORY,25,1,2,0
PRAKASHSTL,2026-07-15,REGULATORY,25,1,5,0
TRIGYN,2026-07-10,REGULATORY,25,1,12,0
CCHHL,2026-07-14,REGULATORY,25,1,6,0
NSIL,2026-07-22,REGULATORY,25,1,8,0
TCIFINANCE,2026-07-10,REGULATORY,25,1,8,0
TECHNOE,2026-07-13,REGULATORY,25,1,11,0
INDOFARM,2026-07-06,REGULATORY,25,1,11,0
INDOMIM,2026-07-30,REGULATORY,25,1,1,0
INDOWIND,2026-07-10,REGULATORY,25,1,8,0
INDRAMEDCO,2026-07-09,REGULATORY,25,1,8,0
IRCON,2026-07-07,REGULATORY,25,1,22,0
AMBICAAGAR,2026-07-17,REGULATORY,25,1,10,0
TRITURBINE,2026-07-06,REGULATORY,25,1,20,0
AKSHAR,2026-07-13,REGULATORY,25,1,7,0
TEXMOPIPES,2026-07-15,REGULATORY,25,1,7,0
IITL,2026-07-09,REGULATORY,25,1,13,0
SANWARIA,2026-07-11,REGULATORY,25,1,4,0
INDIANCARD,2026-07-15,REGULATORY,25,1,5,0
UNIVAFOODS,2026-07-08,REGULATORY,25,1,7,0
UNIVPHOTO,2026-07-14,REGULATORY,25,1,7,0
URAVIDEF,2026-07-08,REGULATORY,25,1,8,0
URJA,2026-07-08,REGULATORY,25,1,6,0
USK,2026-07-11,REGULATORY,25,1,9,0
DANGEE,2026-07-14,REGULATORY,25,1,9,0
BAFNAPH,2026-07-09,REGULATORY,25,1,7,0
SBGLP,2026-07-14,REGULATORY,25,1,9,0
FMNL,2026-07-14,REGULATORY,25,1,16,0
DCMNVL,2026-07-10,REGULATORY,25,1,9,0
LANCORHOL,2026-07-10,REGULATORY,25,1,9,0
SCILAL,2026-07-09,REGULATORY,25,1,11,0
FOCUS,2026-07-09,REGULATORY,25,1,21,0
GOYALALUM,2026-07-08,REGULATORY,25,1,5,0
LOTUSEYE,2026-07-06,REGULATORY,25,1,7,0
NORBTEAEXP,2026-07-13,REGULATORY,25,1,16,0
FOSECOIND,2026-07-08,REGULATORY,25,1,25,0
IFCI,2026-07-07,REGULATORY,25,1,7,0
EKC,2026-07-10,REGULATORY,25,1,13,0
ELLEN,2026-07-14,REGULATORY,25,1,12,0
THEMISMED,2026-07-08,REGULATORY,25,1,8,0
VIDYAWIRES,2026-07-08,REGULATORY,25,1,18,0
TIPSFILMS,2026-07-07,REGULATORY,25,1,10,0
DYNAMATECH,2026-07-15,REGULATORY,25,1,10,0
ALPSINDUS,2026-07-24,REGULATORY,25,1,9,0
PODDARMENT,2026-07-13,REGULATORY,25,1,8,0
POWERMECH,2026-08-01,REGULATORY,25,1,18,0
PEARLPOLY,2026-07-08,REGULATORY,25,1,7,0
BLSE,2026-07-08,REGULATORY,25,1,13,0
BLUEBLENDS,2026-07-23,REGULATORY,25,1,7,0
BLUECHIP,2026-07-13,REGULATORY,25,1,2,0
BODALCHEM,2026-07-06,REGULATORY,25,1,9,0
TPHQ,2026-07-09,REGULATORY,25,1,6,0
AKSHARCHEM,2026-07-06,REGULATORY,25,1,16,0
AKSHOPTFBR,2026-07-10,REGULATORY,25,1,11,0
ALANKIT,2026-07-13,REGULATORY,25,1,5,0
HPIL,2026-07-11,REGULATORY,25,1,10,0
WEALTH,2026-07-07,REGULATORY,25,1,17,0
SAKUMA,2026-07-15,REGULATORY,25,1,5,0
SANDESH,2026-07-07,REGULATORY,25,1,14,0
LINCOLN,2026-07-06,REGULATORY,25,1,6,0
DAMCAPITAL,2026-07-09,REGULATORY,25,1,11,0
SECMARK,2026-07-10,REGULATORY,25,1,9,0
LAXMIINDIA,2026-07-07,REGULATORY,25,1,16,0
LCL,2026-07-30,REGULATORY,25,1,1,0
LEXUS,2026-07-15,REGULATORY,25,1,8,0
VENUSPIPES,2026-07-14,REGULATORY,25,1,20,0
VERTOZ,2026-07-08,REGULATORY,25,1,17,0
ENRIN,2026-07-06,REGULATORY,25,1,11,0
ALGOQUANT,2026-07-14,REGULATORY,25,1,7,0
TPLPLASTEH,2026-07-08,REGULATORY,25,1,7,0
TREEHOUSE,2026-07-15,REGULATORY,25,1,7,0
EROSMEDIA,2026-07-13,REGULATORY,25,1,6,0
TOLINS,2026-07-13,REGULATORY,25,1,15,0
TOTAL,2026-07-15,REGULATORY,25,1,12,0
TOUCHWOOD,2026-07-06,REGULATORY,25,1,12,0
ODIGMA,2026-07-07,REGULATORY,25,1,4,0
TIGERLOGS,2026-07-13,REGULATORY,25,1,13,0
VETO,2026-07-10,REGULATORY,25,1,9,0
UNIECOM,2026-07-13,REGULATORY,25,1,15,0
KIRIINDUS,2026-07-09,REGULATORY,25,1,10,0
SINTERCOM,2026-07-16,REGULATORY,25,1,4,0
BSHSL,2026-07-30,REGULATORY,25,1,9,0
DELPHIFX,2026-07-15,REGULATORY,25,1,12,0
GOKUL,2026-07-07,REGULATORY,25,1,10,0
GOLDENTOBC,2026-07-13,REGULATORY,25,1,1,0
HEMIPROP,2026-07-10,REGULATORY,25,1,8,0
WELINV,2026-07-21,REGULATORY,25,1,6,0
KNAGRI,2026-07-15,REGULATORY,25,1,8,0
GAYAPROJ,2026-07-07,REGULATORY,25,1,2,0
ABINFRA,2026-07-13,REGULATORY,25,1,6,0
ABMINTLLTD,2026-07-06,REGULATORY,25,1,13,0
WEWIN,2026-07-07,REGULATORY,25,1,14,0
XTGLOBAL,2026-07-09,REGULATORY,25,1,10,0
HINDCOPPER,2026-07-13,REGULATORY,25,1,27,0
UMESLTD,2026-07-15,REGULATORY,25,1,5,0
OMNI,2026-07-08,REGULATORY,25,1,14,0
AIFL,2026-07-15,REGULATORY,25,1,4,0
AIAENG,2026-07-07,REGULATORY,25,1,16,0
EXICOM,2026-07-07,REGULATORY,25,1,18,0
GLOTTIS,2026-07-07,REGULATORY,25,1,17,0
HEALTHX,2026-07-09,REGULATORY,25,1,15,0
ZUARIIND,2026-07-13,REGULATORY,25,1,22,0
PAR,2026-07-07,REGULATORY,25,1,10,0
PARASPETRO,2026-07-17,REGULATORY,25,1,6,0
PARKHOTELS,2026-07-14,REGULATORY,25,1,18,0
ZENITHSTL,2026-07-14,REGULATORY,25,1,6,0
GARUDA,2026-07-13,REGULATORY,25,1,10,0
OSWALSEEDS,2026-07-15,REGULATORY,25,1,6,0
PALREDTEC,2026-07-09,REGULATORY,25,1,4,0
GENUSPAPER,2026-07-10,REGULATORY,25,1,6,0
GICL,2026-07-10,REGULATORY,25,1,13,0
GILLANDERS,2026-07-06,REGULATORY,25,1,12,0
WCIL,2026-07-09,REGULATORY,25,1,16,0
FLFL,2026-07-07,DISTRESS,15,1,4,0
INDLMETER,2026-07-18,OTHER,10,1,6,0
ASHIKA,2026-07-21,OTHER,10,1,1,0
QUINTEGRA,2026-07-08,OTHER,10,1,9,0
WIPL,2026-07-01,REGULATORY,0,0,2,0
HINDMOTORS,2025-09-25,PRESS_RELEASE,0,0,0,0
HINDNATGLS,2025-09-20,DISTRESS,0,0,0,0
UDAICEMENT,2025-08-18,REGULATORY,0,0,0,0
UMANGDAIRY,2025-06-26,REGULATORY,0,0,0,0
HDIL,2026-06-25,DISTRESS,0,0,1,0
ZODIACLOTH,2026-07-02,PRESS_RELEASE,0,0,6,0
GAYAHWS,2026-07-03,PRESS_RELEASE,0,0,9,0
YUKEN,2026-07-02,REGULATORY,0,0,10,0
HERCULES,2025-12-30,PRESS_RELEASE,0,0,0,0
TRAVELFOOD,2026-06-26,PRESS_RELEASE,0,0,17,0
ERAINFRA,2025-12-03,DISTRESS,0,0,0,0
IDFC,2024-10-03,PRESS_RELEASE,0,0,0,0
IEL,2025-10-24,PRESS_RELEASE,0,0,0,0
THOMASCOTT,2026-07-02,REGULATORY,0,0,11,0
TNTELE,2026-06-23,PRESS_RELEASE,0,0,3,0
HARRMALAYA,2026-07-03,REGULATORY,0,0,13,0
HAVISHA,2026-07-03,REGULATORY,0,0,7,0
FEDDERELEC,2026-02-23,BOARD_OUTCOME,0,0,0,0
FEL,2026-04-10,DISTRESS,0,0,0,0
FELDVR,2026-04-10,DISTRESS,0,0,0,0
TATAMTRDVR,2024-08-28,OTHER,0,0,0,0
UNIPLY,2026-01-13,DISTRESS,0,0,0,0
ESTER,2026-07-03,REGULATORY,0,0,21,0
HINDMOTOR,2026-06-15,ACQUISITION,0,0,1,0
TECHNOFAB,2025-04-10,OTHER,0,0,0,0
TECHIN,2026-06-26,DISTRESS,0,0,3,0
TCNSBRANDS,2024-09-01,REGULATORY,0,0,0,0
INDSWFTLTD,2025-08-08,PRESS_RELEASE,0,0,0,0
INNOVACAP,2026-07-03,ANALYST_MEET,0,0,21,0
APEX,2026-06-26,ANALYST_MEET,0,0,9,0
ANKITMETAL,2026-01-21,DISTRESS,0,0,0,0
APCL,2026-07-03,PRESS_RELEASE,0,0,8,0
ISMTLTD,2024-08-02,REGULATORY,0,0,0,0
IVRCLINFRA,2026-03-11,REGULATORY,0,0,0,0
IWEL,2025-07-04,REGULATORY,0,0,0,0
JAIBALAJI,2026-07-01,PRESS_RELEASE,0,0,8,0
ARVEE,2026-06-27,REGULATORY,0,0,3,0
SUPERSPIN,2026-07-03,REGULATORY,0,0,9,0
TALWGYM,2024-12-05,PRESS_RELEASE,0,0,0,0
ISEC,2025-03-17,ESOP,0,0,0,0
GSPL,2026-05-06,PRESS_RELEASE,0,0,1,0
SUPREMEENG,2026-07-01,REGULATORY,0,0,3,0
JINDCOT,2024-11-04,BOARD_OUTCOME,0,0,0,0
JETAIRWAYS,2026-04-09,PRESS_RELEASE,0,0,0,0
DHANI,2025-10-24,PRESS_RELEASE,0,0,0,0
STEL,2026-07-03,REGULATORY,0,0,8,0
DIL,2026-04-03,PRESS_RELEASE,0,0,0,0
JIKIND,2024-10-16,REGULATORY,0,0,0,0
JOCIL,2026-05-26,BOARD_OUTCOME,0,0,2,0
JPASSOCIAT,2026-06-22,DISTRESS,0,0,12,0
DEEPENR,2024-09-18,PRESS_RELEASE,0,0,0,0
JPINFRATEC,2025-03-12,RESULT_UPDATE,0,0,0,0
SPTL,2025-05-20,RESULT_UPDATE,0,0,0,0
JUBLINDS,2024-10-15,PRESS_RELEASE,0,0,0,0
VENKEYS,2026-05-26,OTHER,0,0,8,0
TV18BRDCST,2024-10-09,PRESS_RELEASE,0,0,0,0
VESUVIUS,2026-07-03,PRESS_RELEASE,0,0,13,0
KINGFA,2026-07-03,REGULATORY,0,0,9,0
KREBSBIO,2026-07-02,REGULATORY,0,0,6,0
KHANDSE,2026-06-24,REGULATORY,0,0,4,0
ATNINTER,2026-06-26,REGULATORY,0,0,4,0
AVROIND,2026-07-03,PRESS_RELEASE,0,0,15,0
SBIHOMEFIN,2024-08-09,DISTRESS,0,0,0,0
KSB,2026-06-24,ANALYST_MEET,0,0,5,0
LGHL,2026-06-26,REGULATORY,0,0,8,0
LLOYDPP,2026-06-19,ACQUISITION,0,0,1,0
SATHAISPAT,2025-06-24,DISTRESS,0,0,0,0
SAYAJIHOTL,2026-05-05,VOLUME_ALERT,0,0,1,0
FRETAIL,2025-07-30,DISTRESS,0,0,0,0
VIPULLTD,2026-06-29,PRESS_RELEASE,0,0,7,0
GOENKA,2026-06-25,REGULATORY,0,0,4,0
LGBFORGE,2024-08-03,PRESS_RELEASE,0,0,0,0
CYBERPP,2026-04-10,ACQUISITION,0,0,0,0
SALONA,2026-07-03,PRESS_RELEASE,0,0,17,0
SANCO,2026-06-04,RESULT_UPDATE,0,0,6,0
SANGHIIND,2026-03-27,ANALYST_MEET,0,0,0,0
SAKHTISUG,2026-07-03,PRESS_RELEASE,0,0,11,0
SADBHAV,2026-06-29,PRESS_RELEASE,0,0,9,0
SADBHIN,2026-06-30,PRESS_RELEASE,0,0,9,0
BALAJEE,2026-07-03,REGULATORY,0,0,9,0
MANGCHEFER,2025-10-27,OTHER,0,0,0,0
MANPASAND,2025-08-04,REGULATORY,0,0,0,0
MARSHALL,2026-05-05,REGULATORY,0,0,1,0
VISESHINFO,2026-04-02,PRESS_RELEASE,0,0,0,0
VISUINTL,2025-06-19,PRESS_RELEASE,0,0,0,0
MERCATOR,2025-05-29,BOARD_OUTCOME,0,0,0,0
BANG,2026-07-02,REGULATORY,0,0,7,0
CURATECH,2025-03-07,REGULATORY,0,0,0,0
ROLTA,2026-01-16,DISTRESS,0,0,0,0
MCDHOLDING,2025-10-29,REGULATORY,0,0,0,0
RELCAPITAL,2025-02-12,DISTRESS,0,0,0,0
RNAVAL,2026-04-28,PRESS_RELEASE,0,0,0,0
CMSINFO,2026-06-25,PRESS_RELEASE,0,0,19,0
BGLOBAL,2026-06-25,BOARD_OUTCOME,0,0,4,0
RBL,2025-04-28,REGULATORY,0,0,0,0
CIGNITITEC,2026-06-09,PRESS_RELEASE,0,0,5,0
METALFORGE,2025-03-19,DISTRESS,0,0,0,0
MVL,2025-02-25,DISTRESS,0,0,0,0
MORARJEE,2026-06-18,DISTRESS,0,0,8,0
RANEENGINE,2025-04-16,REGULATORY,0,0,0,0
MOTOGENFIN,2026-07-02,PRESS_RELEASE,0,0,6,0
BHARATIDIL,2026-06-27,BOARD_OUTCOME,0,0,3,0
VLEGOV,2026-06-24,REGULATORY,0,0,4,0
ACLGATI,2025-11-18,PRESS_RELEASE,0,0,0,0
CELESTIAL,2024-10-16,DISTRESS,0,0,0,0
CAPTRUST,2026-06-30,PRESS_RELEASE,0,0,5,0
BIOFILCHEM,2026-07-01,REGULATORY,0,0,6,0
BIRLATYRE,2024-08-01,DISTRESS,0,0,0,0
OCCL,2025-07-08,PRESS_RELEASE,0,0,0,0
BLUECOAST,2026-06-25,PRESS_RELEASE,0,0,7,0
BVCL,2026-07-03,REGULATORY,0,0,7,0
OMKARCHEM,2026-06-25,BOARD_OUTCOME,0,0,13,0
BOSCH-HCIL,2026-07-01,PRESS_RELEASE,0,0,12,0
BRFL,2024-08-09,DISTRESS,0,0,0,0
PDPL,2025-02-03,DISTRESS,0,0,0,0
PEL,2025-09-20,OTHER,0,0,0,0
PAEL,2025-04-08,DISTRESS,0,0,0,0
GENCON,2026-06-27,REGULATORY,0,0,10,0
FSC,2026-03-17,DISTRESS,0,0,0,0
VSTL,2026-07-02,PRESS_RELEASE,0,0,14,0
