symbol,sector,close_now,as_of_date,price_score,ath_proximity_score,sector_flow_score,deal_score,corporate_score,base_score,market_regime,regime_multiplier,bull_run_score,label,trend_signal,driving_participant,ret_30d,ret_90d,ret_365d,vol_ratio
RAMCOSYS,IT,886.15,2026-07-13,86.42,83.18,32.05,95.69,50.0,71.29,NEUTRAL,0.9,64.16,BULL_RUN,STRONG_UPTREND,RETAIL,63.26,105.91,,0.481
CORONA,PHARMA,2054.1,2026-07-13,77.33,95.56,32.63,99.46,38.89,70.7,NEUTRAL,0.9,63.63,BULL_RUN,INSUFFICIENT_DATA,RETAIL,18.43,31.29,,0.43
WELSPUNLIV,TEXTILES,174.14,2026-07-13,90.23,99.06,37.16,50.0,72.22,70.63,NEUTRAL,0.9,63.57,BULL_RUN,STRONG_UPTREND,RETAIL,24.2,41.5,21.9,0.96
GOKEX,TEXTILES,856.8,2026-07-13,81.09,79.46,37.16,96.23,50.0,70.34,NEUTRAL,0.9,63.31,BULL_RUN,STRONG_UPTREND,RETAIL,28.45,26.61,-8.43,0.549
EBGNG,IT,608.55,2026-07-13,83.95,76.52,32.05,98.38,50.0,69.88,NEUTRAL,0.9,62.89,BULL_RUN,STRONG_UPTREND,RETAIL,55.01,48.95,,0.234
POCL,METAL,1437.0,2026-07-13,83.98,77.52,36.81,97.04,38.89,69.1,NEUTRAL,0.9,62.19,BULL_RUN,STRONG_UPTREND,DII,18.26,20.57,44.31,0.354
JAYBARMARU,AUTO,197.15,2026-07-13,95.87,100.0,34.67,50.0,50.0,68.4,NEUTRAL,0.9,61.56,BULL_RUN,INSUFFICIENT_DATA,RETAIL,48.04,119.32,158.79,0.422
BAJAJCON,FMCG,660.45,2026-07-13,92.88,90.88,32.96,50.0,66.67,67.99,NEUTRAL,0.9,61.19,BULL_RUN,STRONG_UPTREND,RETAIL,17.35,52.79,174.63,4.97
LODHA,REALTY,1198.65,2026-07-13,82.54,64.04,33.21,100.0,50.0,67.59,NEUTRAL,0.9,60.83,BULL_RUN,STRONG_UPTREND,RETAIL,39.05,45.02,-17.04,0.602
PAYTM,RETAIL,1386.5,2026-07-13,91.07,98.44,37.54,50.0,50.0,67.46,NEUTRAL,0.9,60.71,BULL_RUN,STRONG_UPTREND,RETAIL,30.03,23.37,38.43,1.616
MUTHOOTMF,FINANCIAL_SERVICES,246.31,2026-07-13,95.45,95.48,34.6,50.0,50.0,67.38,NEUTRAL,0.9,60.64,BULL_RUN,STRONG_UPTREND,RETAIL,32.2,45.64,48.28,2.915
NYKAA,RETAIL,328.4,2026-07-13,89.79,97.74,37.54,50.0,50.0,67.0,NEUTRAL,0.9,60.3,BULL_RUN,STRONG_UPTREND,RETAIL,25.15,26.56,54.28,0.74
FUSION,FINANCIAL_SERVICES,237.14,2026-07-13,93.46,95.18,34.6,50.0,50.0,66.82,NEUTRAL,0.9,60.14,BULL_RUN,STRONG_UPTREND,RETAIL,41.8,50.36,24.07,0.865
KSL,METAL,972.3,2026-07-13,89.39,97.92,36.81,50.0,50.0,66.79,NEUTRAL,0.9,60.11,BULL_RUN,STRONG_UPTREND,DII,23.95,48.02,7.83,1.224
SENORES,PHARMA,1435.5,2026-07-13,95.14,92.96,32.63,50.0,50.0,66.4,NEUTRAL,0.9,59.76,EMERGING,STRONG_UPTREND,RETAIL,29.02,74.76,129.92,0.737
INDNIPPON,CAPITAL_GOODS,1236.1,2026-07-13,97.06,98.5,32.54,50.0,38.89,66.31,NEUTRAL,0.9,59.68,EMERGING,STRONG_UPTREND,RETAIL,41.11,59.84,58.82,1.843
SATIN,FINANCIAL_SERVICES,267.19,2026-07-13,89.64,97.26,34.6,50.0,50.0,66.28,NEUTRAL,0.9,59.65,EMERGING,STRONG_UPTREND,RETAIL,14.27,67.5,62.86,2.36
HESTERBIO,PHARMA,2545.0,2026-07-13,95.7,100.0,32.63,50.0,38.89,66.28,NEUTRAL,0.9,59.65,EMERGING,STRONG_UPTREND,RETAIL,31.24,74.96,32.01,15.5
OFSS,FINANCIAL_SERVICES,11746.0,2026-07-13,92.92,96.46,34.6,50.0,44.44,66.11,NEUTRAL,0.9,59.5,EMERGING,STRONG_UPTREND,RETAIL,24.03,61.94,33.62,1.473
LENSKART,RETAIL,539.15,2026-07-13,51.36,91.52,37.54,99.73,50.0,66.1,NEUTRAL,0.9,59.49,EMERGING,INSUFFICIENT_DATA,RETAIL,7.8,-1.53,,0.223
GOODLUCK,METAL,1629.4,2026-07-13,93.84,94.9,36.81,47.98,44.44,66.06,NEUTRAL,0.9,59.45,EMERGING,STRONG_UPTREND,DII,25.12,46.26,43.01,2.586
TRIVENI,CAPITAL_GOODS,477.15,2026-07-13,90.8,96.52,32.54,50.0,50.0,66.01,NEUTRAL,0.9,59.41,EMERGING,STRONG_UPTREND,RETAIL,27.84,24.58,31.48,2.657
GODREJIND,REALTY,1382.4,2026-07-13,93.82,91.6,33.21,50.0,50.0,65.92,NEUTRAL,0.9,59.33,EMERGING,STRONG_UPTREND,RETAIL,33.82,54.97,19.72,1.751
RATEGAIN,IT,946.7,2026-07-13,91.2,95.2,32.05,50.0,50.0,65.75,NEUTRAL,0.9,59.18,EMERGING,STRONG_UPTREND,RETAIL,20.81,68.42,103.24,0.43
SKYGOLD,FMCG,623.2,2026-07-13,91.88,95.36,32.96,47.98,50.0,65.73,NEUTRAL,0.9,59.16,EMERGING,STRONG_UPTREND,RETAIL,24.0,60.06,90.64,0.426
CUPID,FMCG,206.83,2026-07-13,96.69,83.04,32.96,50.0,55.56,65.71,NEUTRAL,0.9,59.14,EMERGING,STRONG_UPTREND,RETAIL,37.35,120.67,40.92,1.452
LLOYDSENGG,CAPITAL_GOODS,90.82,2026-07-13,93.81,91.0,32.54,50.0,50.0,65.66,NEUTRAL,0.9,59.09,EMERGING,STRONG_UPTREND,RETAIL,31.11,82.08,20.2,1.196
UTLSOLAR,CAPITAL_GOODS,401.1,2026-07-13,86.52,99.66,32.54,50.0,50.0,65.57,NEUTRAL,0.9,59.01,EMERGING,INSUFFICIENT_DATA,RETAIL,25.19,81.13,,2.667
ARMANFIN,FINANCIAL_SERVICES,1965.8,2026-07-13,87.22,96.68,34.6,50.0,50.0,65.56,NEUTRAL,0.9,59.0,EMERGING,STRONG_UPTREND,RETAIL,22.59,20.38,21.24,4.508
INDOBORAX,CHEMICALS,472.65,2026-07-13,96.79,98.84,30.65,47.98,38.89,65.53,NEUTRAL,0.9,58.98,EMERGING,INSUFFICIENT_DATA,RETAIL,30.8,85.47,91.69,1.092
WELCORP,METAL,1619.9,2026-07-13,91.0,97.7,36.81,50.0,38.89,65.49,NEUTRAL,0.9,58.94,EMERGING,STRONG_UPTREND,DII,18.21,68.42,75.41,0.618
AURUM,IT,231.83,2026-07-13,89.75,95.64,32.05,50.0,50.0,65.48,NEUTRAL,0.9,58.93,EMERGING,STRONG_UPTREND,RETAIL,26.35,35.11,16.76,1.038
RPTECH,IT,778.35,2026-07-13,94.7,91.52,32.05,47.98,50.0,65.48,NEUTRAL,0.9,58.93,EMERGING,STRONG_UPTREND,RETAIL,47.09,92.3,145.03,0.147
SPORTKING,TEXTILES,192.53,2026-07-13,86.98,93.98,37.16,50.0,50.0,65.47,NEUTRAL,0.9,58.92,EMERGING,STRONG_UPTREND,RETAIL,13.23,37.88,44.76,3.572
CRAFTSMAN,AUTO,9333.0,2026-07-13,61.42,87.82,34.67,98.92,38.89,65.47,NEUTRAL,0.9,58.92,EMERGING,UPTREND,RETAIL,3.86,25.61,45.77,0.23
NAM-INDIA,AMC,1215.3,2026-07-13,81.54,97.04,44.98,50.0,44.44,65.46,NEUTRAL,0.9,58.91,EMERGING,STRONG_UPTREND,RETAIL,14.49,27.22,44.43,0.552
SANGAMIND,TEXTILES,622.55,2026-07-13,89.87,94.24,37.16,50.0,44.44,65.41,NEUTRAL,0.9,58.87,EMERGING,STRONG_UPTREND,RETAIL,17.87,37.84,33.42,16.968
SUVEN,HEALTHCARE,359.55,2026-07-13,85.7,93.82,38.35,50.0,50.0,65.36,NEUTRAL,0.9,58.82,EMERGING,STRONG_UPTREND,DII,33.76,83.89,,0.585
RISHABH,CAPITAL_GOODS,659.9,2026-07-13,92.32,90.5,32.54,50.0,50.0,65.19,NEUTRAL,0.9,58.67,EMERGING,INSUFFICIENT_DATA,RETAIL,23.62,49.84,120.08,0.648
KMEW,INFRASTRUCTURE,2425.4,2026-07-13,91.8,96.78,31.01,50.0,44.44,65.17,NEUTRAL,0.9,58.65,EMERGING,STRONG_UPTREND,RETAIL,30.17,36.67,32.85,0.87
KABRAEXTRU,CAPITAL_GOODS,315.65,2026-07-13,89.8,93.18,32.54,50.0,50.0,65.09,NEUTRAL,0.9,58.58,EMERGING,STRONG_UPTREND,RETAIL,34.69,38.42,1.9,4.174
RML,AUTO,1254.3,2026-07-13,92.35,89.48,34.67,47.98,50.0,65.01,NEUTRAL,0.9,58.51,EMERGING,STRONG_UPTREND,RETAIL,38.18,69.36,41.31,0.166
RANEHOLDIN,FINANCIAL_SERVICES,1760.0,2026-07-13,89.0,91.54,34.6,50.0,50.0,64.98,NEUTRAL,0.9,58.48,EMERGING,STRONG_UPTREND,RETAIL,27.22,72.97,8.84,0.509
GREAVESCOT,CAPITAL_GOODS,262.17,2026-07-13,95.29,93.96,32.54,50.0,38.89,64.96,NEUTRAL,0.9,58.46,EMERGING,STRONG_UPTREND,RETAIL,45.63,73.85,26.65,1.086
ABCAPITAL,FINANCIAL_SERVICES,407.45,2026-07-13,83.4,98.42,34.6,50.0,50.0,64.95,NEUTRAL,0.9,58.46,EMERGING,STRONG_UPTREND,RETAIL,18.89,19.17,54.13,0.335
GNA,AUTO,529.25,2026-07-13,92.47,97.12,34.67,47.98,38.89,64.9,NEUTRAL,0.9,58.41,EMERGING,STRONG_UPTREND,RETAIL,48.15,19.47,56.33,2.931
WABAG,INFRASTRUCTURE,2205.7,2026-07-13,94.72,95.76,31.01,50.0,38.89,64.87,NEUTRAL,0.9,58.38,EMERGING,STRONG_UPTREND,RETAIL,42.3,62.72,48.44,0.596
PPAP,AUTO,372.14,2026-07-13,89.64,96.12,34.67,47.98,44.44,64.83,NEUTRAL,0.9,58.35,EMERGING,INSUFFICIENT_DATA,RETAIL,80.86,78.91,,8.21
UFBL,HOSPITALITY,741.4,2026-07-13,84.83,94.24,36.37,50.0,50.0,64.83,NEUTRAL,0.9,58.35,EMERGING,INSUFFICIENT_DATA,MIXED,32.3,163.7,,0.408
UJJIVANSFB,BANKING,66.87,2026-07-13,85.55,96.68,32.71,50.0,50.0,64.77,NEUTRAL,0.9,58.29,EMERGING,STRONG_UPTREND,MIXED,26.31,10.9,36.83,1.825
PGIL,TEXTILES,2049.4,2026-07-13,87.64,93.74,37.16,50.0,44.44,64.76,NEUTRAL,0.9,58.28,EMERGING,STRONG_UPTREND,RETAIL,24.83,33.44,30.95,0.353
EQUITASBNK,BANKING,83.07,2026-07-13,83.18,99.04,32.71,50.0,50.0,64.65,NEUTRAL,0.9,58.19,EMERGING,STRONG_UPTREND,MIXED,12.99,34.44,31.25,1.004
BETA,PHARMA,2347.8,2026-07-13,87.5,93.68,32.63,50.0,50.0,64.64,NEUTRAL,0.9,58.18,EMERGING,INSUFFICIENT_DATA,RETAIL,56.18,68.37,,0.85
KAJARIACER,CAPITAL_GOODS,1236.4,2026-07-13,75.94,87.06,32.54,50.0,77.78,64.57,NEUTRAL,0.9,58.11,EMERGING,STRONG_UPTREND,RETAIL,15.83,10.32,0.83,2.545
AMAGI,IT,583.2,2026-07-13,85.75,96.04,32.05,50.0,50.0,64.56,NEUTRAL,0.9,58.1,EMERGING,INSUFFICIENT_DATA,RETAIL,40.75,64.61,,0.575
KDDL,FMCG,3363.2,2026-07-13,87.69,96.9,32.96,50.0,44.44,64.56,NEUTRAL,0.9,58.1,EMERGING,STRONG_UPTREND,RETAIL,17.23,42.18,22.85,0.982
SPANDANA,FINANCIAL_SERVICES,305.3,2026-07-13,87.55,91.18,34.6,50.0,50.0,64.54,NEUTRAL,0.9,58.09,EMERGING,STRONG_UPTREND,RETAIL,30.64,41.33,-0.31,1.076
PHOENIXLTD,REALTY,2154.0,2026-07-13,88.79,99.14,33.21,50.0,38.89,64.5,NEUTRAL,0.9,58.05,EMERGING,STRONG_UPTREND,RETAIL,21.99,22.14,44.91,1.374
PNBHOUSING,FINANCIAL_SERVICES,1122.3,2026-07-13,81.81,98.16,34.6,50.0,50.0,64.5,NEUTRAL,0.9,58.05,EMERGING,STRONG_UPTREND,RETAIL,15.88,29.78,3.71,0.968
EMCURE,PHARMA,1793.3,2026-07-13,56.15,84.5,32.63,97.57,50.0,64.48,NEUTRAL,0.9,58.03,EMERGING,UPTREND,RETAIL,3.59,12.05,31.17,0.392
SKMEGGPROD,FMCG,360.9,2026-07-13,89.6,94.04,32.96,50.0,44.44,64.47,NEUTRAL,0.9,58.02,EMERGING,INSUFFICIENT_DATA,RETAIL,49.6,106.65,,5.052
KAPSTON,OTHER,413.7,2026-07-13,81.95,88.48,39.76,50.0,55.56,64.47,NEUTRAL,0.9,58.02,EMERGING,INSUFFICIENT_DATA,DII,23.22,,67.04,1.012
FILATEX,TEXTILES,64.38,2026-07-13,91.03,92.2,37.16,50.0,38.89,64.46,NEUTRAL,0.9,58.01,EMERGING,STRONG_UPTREND,RETAIL,27.49,43.16,9.42,3.328
NORTHARC,FINANCIAL_SERVICES,324.95,2026-07-13,84.49,94.58,34.6,50.0,50.0,64.46,NEUTRAL,0.9,58.01,EMERGING,STRONG_UPTREND,RETAIL,13.07,36.29,26.32,2.343
STARHEALTH,FINANCIAL_SERVICES,599.75,2026-07-13,83.82,95.3,34.6,50.0,50.0,64.44,NEUTRAL,0.9,58.0,EMERGING,STRONG_UPTREND,RETAIL,14.37,27.76,38.38,0.741
VENUSPIPES,METAL,1797.9,2026-07-13,88.13,91.78,36.81,50.0,44.44,64.42,NEUTRAL,0.9,57.98,EMERGING,STRONG_UPTREND,DII,30.81,45.9,10.46,0.301
THELEELA,HOSPITALITY,501.2,2026-07-13,81.32,96.16,36.37,50.0,50.0,64.34,NEUTRAL,0.9,57.91,EMERGING,STRONG_UPTREND,MIXED,22.26,16.67,8.72,0.597
GRANULES,PHARMA,897.65,2026-07-13,89.69,97.76,32.63,50.0,38.89,64.33,NEUTRAL,0.9,57.9,EMERGING,STRONG_UPTREND,RETAIL,17.99,42.04,80.92,0.875
SIGNPOST,MEDIA,321.15,2026-07-13,86.09,96.78,40.07,47.98,38.89,64.32,NEUTRAL,0.9,57.89,EMERGING,STRONG_UPTREND,RETAIL,21.17,32.22,35.22,0.115
CREDITACC,FINANCIAL_SERVICES,1540.2,2026-07-13,86.28,91.56,34.6,50.0,50.0,64.3,NEUTRAL,0.9,57.87,EMERGING,STRONG_UPTREND,RETAIL,21.49,25.95,21.3,0.756
MOREPENLAB,PHARMA,62.29,2026-07-13,87.23,94.36,32.63,47.98,50.0,64.3,NEUTRAL,0.9,57.87,EMERGING,STRONG_UPTREND,RETAIL,26.17,55.1,-0.38,1.023
PAISALO,FINANCIAL_SERVICES,72.3,2026-07-13,93.37,93.06,34.6,47.98,38.89,64.3,NEUTRAL,0.9,57.87,EMERGING,STRONG_UPTREND,RETAIL,21.49,83.97,132.03,0.803
ESAFSFB,BANKING,35.43,2026-07-13,88.55,90.48,32.71,50.0,50.0,64.28,NEUTRAL,0.9,57.85,EMERGING,STRONG_UPTREND,MIXED,29.78,52.26,6.24,0.573
SPAL,TEXTILES,1124.8,2026-07-13,91.37,84.1,37.16,47.98,50.0,64.19,NEUTRAL,0.9,57.77,EMERGING,STRONG_UPTREND,RETAIL,40.87,47.43,39.33,0.129
RAMCOIND,METAL,372.0,2026-07-13,89.23,86.92,36.81,47.98,50.0,64.15,NEUTRAL,0.9,57.74,EMERGING,STRONG_UPTREND,DII,29.37,39.57,28.32,0.301
LAURUSLABS,PHARMA,1558.6,2026-07-13,84.31,99.14,32.63,50.0,44.44,64.1,NEUTRAL,0.9,57.69,EMERGING,STRONG_UPTREND,RETAIL,12.48,41.9,88.46,0.739
HONASA,FMCG,472.25,2026-07-13,83.86,97.26,32.96,47.98,50.0,64.1,NEUTRAL,0.9,57.69,EMERGING,STRONG_UPTREND,RETAIL,13.9,36.94,64.86,0.281
JSWINFRA,INFRASTRUCTURE,351.2,2026-07-13,89.94,97.42,31.01,50.0,38.89,64.0,NEUTRAL,0.9,57.6,EMERGING,STRONG_UPTREND,RETAIL,26.06,32.04,14.04,2.246
TIPSMUSIC,MEDIA,713.75,2026-07-13,80.1,96.42,40.07,50.0,44.44,63.99,NEUTRAL,0.9,57.59,EMERGING,STRONG_UPTREND,RETAIL,11.05,32.31,12.18,0.868
RPEL,CAPITAL_GOODS,1316.4,2026-07-13,87.93,97.96,32.54,50.0,38.89,63.92,NEUTRAL,0.9,57.53,EMERGING,STRONG_UPTREND,RETAIL,14.41,87.74,89.75,0.545
SHILPAMED,PHARMA,630.2,2026-07-13,73.81,98.8,32.63,50.0,61.11,63.91,NEUTRAL,0.9,57.52,EMERGING,STRONG_UPTREND,RETAIL,12.78,50.01,,0.313
INDSWFTLAB,PHARMA,237.7,2026-07-13,86.25,91.34,32.63,50.0,50.0,63.86,NEUTRAL,0.9,57.47,EMERGING,INSUFFICIENT_DATA,RETAIL,45.95,69.1,,0.595
IRISDOREME,TEXTILES,43.82,2026-07-13,82.74,90.94,37.16,50.0,50.0,63.8,NEUTRAL,0.9,57.42,EMERGING,STRONG_UPTREND,RETAIL,22.71,37.07,,1.128
IPCALAB,PHARMA,1823.3,2026-07-13,80.39,98.34,32.63,50.0,50.0,63.79,NEUTRAL,0.9,57.41,EMERGING,STRONG_UPTREND,RETAIL,11.85,25.21,23.95,1.516
ATHERENERG,AUTO,1184.6,2026-07-13,86.06,89.0,34.67,50.0,50.0,63.75,NEUTRAL,0.9,57.38,EMERGING,STRONG_UPTREND,RETAIL,13.69,37.26,247.08,0.908
RPGLIFE,PHARMA,2822.9,2026-07-13,92.71,91.0,32.63,50.0,38.89,63.74,NEUTRAL,0.9,57.37,EMERGING,STRONG_UPTREND,RETAIL,33.9,50.07,12.58,2.028
GANDHAR,ENERGY,206.12,2026-07-13,91.08,96.5,28.81,50.0,38.89,63.67,NEUTRAL,0.9,57.3,EMERGING,STRONG_UPTREND,MIXED,32.06,50.34,22.04,0.523
CGCL,FINANCIAL_SERVICES,256.65,2026-07-13,90.06,94.04,34.6,47.98,38.89,63.67,NEUTRAL,0.9,57.3,EMERGING,STRONG_UPTREND,RETAIL,27.23,39.83,39.67,0.445
ADOR,CAPITAL_GOODS,1333.0,2026-07-13,88.42,96.02,32.54,50.0,38.89,63.65,NEUTRAL,0.9,57.28,EMERGING,STRONG_UPTREND,RETAIL,19.35,49.25,19.91,0.885
AEGISVOPAK,ENERGY,303.3,2026-07-13,92.39,94.74,28.81,50.0,38.89,63.64,NEUTRAL,0.9,57.28,EMERGING,STRONG_UPTREND,MIXED,53.3,59.64,4.21,1.903
SHREEJISPG,LOGISTICS,570.7,2026-07-13,85.1,98.9,33.47,50.0,38.89,63.58,NEUTRAL,0.9,57.22,EMERGING,STRONG_UPTREND,RETAIL,26.63,65.18,,0.833
NITINSPIN,TEXTILES,563.3,2026-07-13,79.34,94.08,37.16,50.0,50.0,63.58,NEUTRAL,0.9,57.22,EMERGING,STRONG_UPTREND,RETAIL,7.48,42.23,44.94,1.013
CENTUM,CAPITAL_GOODS,3741.1,2026-07-13,85.4,91.06,32.54,50.0,50.0,63.57,NEUTRAL,0.9,57.21,EMERGING,STRONG_UPTREND,RETAIL,13.23,32.88,60.85,1.087
VIJAYA,HEALTHCARE,1388.8,2026-07-13,77.83,94.54,38.35,50.0,50.0,63.54,NEUTRAL,0.9,57.19,EMERGING,STRONG_UPTREND,DII,9.38,41.45,35.08,0.377
RUBICON,PHARMA,1438.2,2026-07-13,82.62,94.28,32.63,50.0,50.0,63.54,NEUTRAL,0.9,57.19,EMERGING,INSUFFICIENT_DATA,RETAIL,21.05,72.01,,0.726
BUTTERFLY,FMCG,780.2,2026-07-13,86.25,89.4,32.96,50.0,50.0,63.53,NEUTRAL,0.9,57.18,EMERGING,STRONG_UPTREND,RETAIL,23.67,25.87,4.65,2.245
AETHER,CHEMICALS,1452.8,2026-07-13,88.49,88.86,30.65,50.0,50.0,63.52,NEUTRAL,0.9,57.17,EMERGING,STRONG_UPTREND,RETAIL,29.18,22.06,76.61,0.357
GRWRHITECH,CAPITAL_GOODS,7041.0,2026-07-13,87.89,96.0,32.54,50.0,38.89,63.51,NEUTRAL,0.9,57.16,EMERGING,STRONG_UPTREND,RETAIL,13.42,88.75,89.94,0.746
IOLCP,PHARMA,169.09,2026-07-13,93.99,90.1,32.63,47.98,38.89,63.47,NEUTRAL,0.9,57.12,EMERGING,STRONG_UPTREND,RETAIL,30.53,105.91,84.19,0.441
SFL,REALTY,806.95,2026-07-13,88.15,94.7,33.21,50.0,38.89,63.45,NEUTRAL,0.9,57.1,EMERGING,STRONG_UPTREND,RETAIL,15.85,52.63,19.65,3.864
AVL,RETAIL,636.0,2026-07-13,89.38,80.42,37.54,50.0,50.0,63.44,NEUTRAL,0.9,57.1,EMERGING,STRONG_UPTREND,RETAIL,18.8,32.21,65.22,0.991
ICIL,TEXTILES,412.3,2026-07-13,91.74,77.8,37.16,50.0,50.0,63.43,NEUTRAL,0.9,57.09,EMERGING,STRONG_UPTREND,RETAIL,26.53,65.88,38.4,0.477
SANSERA,AUTO,3281.2,2026-07-13,86.31,95.22,34.67,50.0,38.89,63.39,NEUTRAL,0.9,57.05,EMERGING,STRONG_UPTREND,RETAIL,13.88,40.37,141.73,0.839
GHCLTEXTIL,TEXTILES,109.77,2026-07-13,85.15,93.96,37.16,50.0,38.89,63.34,NEUTRAL,0.9,57.01,EMERGING,STRONG_UPTREND,RETAIL,16.65,28.85,17.53,0.99
HAPPYFORGE,CAPITAL_GOODS,1593.0,2026-07-13,84.7,99.12,32.54,50.0,38.89,63.34,NEUTRAL,0.9,57.01,EMERGING,STRONG_UPTREND,RETAIL,17.88,22.93,69.41,0.343
SCANSTL,METAL,50.02,2026-07-13,76.94,96.16,36.81,50.0,50.0,63.33,NEUTRAL,0.9,57.0,EMERGING,INSUFFICIENT_DATA,DII,43.04,,,3.607
GMRAIRPORT,INFRASTRUCTURE,114.68,2026-07-13,79.81,98.34,31.01,50.0,50.0,63.32,NEUTRAL,0.9,56.99,EMERGING,STRONG_UPTREND,RETAIL,13.63,20.4,21.59,0.603
MEGASTAR,FMCG,366.45,2026-07-13,88.91,86.96,32.96,47.98,50.0,63.31,NEUTRAL,0.9,56.98,EMERGING,INSUFFICIENT_DATA,RETAIL,19.7,29.15,32.96,1.866
SBC,TEXTILES,42.17,2026-07-13,85.18,87.42,37.16,47.98,50.0,63.31,NEUTRAL,0.9,56.98,EMERGING,STRONG_UPTREND,RETAIL,14.5,26.94,155.73,0.571
HFCL,TELECOM,214.63,2026-07-13,93.99,87.04,32.74,50.0,38.89,63.29,NEUTRAL,0.9,56.96,EMERGING,STRONG_UPTREND,DII,26.92,154.3,163.16,0.432
LTF,FINANCIAL_SERVICES,324.7,2026-07-13,88.73,91.78,34.6,50.0,38.89,63.29,NEUTRAL,0.9,56.96,EMERGING,STRONG_UPTREND,RETAIL,24.72,16.62,59.83,2.721
JBCHEPHARM,PHARMA,2460.0,2026-07-13,81.13,98.86,32.63,50.0,44.44,63.25,NEUTRAL,0.9,56.92,EMERGING,STRONG_UPTREND,RETAIL,11.74,22.67,48.72,1.321
JINDALSAW,METAL,268.6,2026-07-13,86.1,92.58,36.81,50.0,38.89,63.24,NEUTRAL,0.9,56.92,EMERGING,STRONG_UPTREND,DII,19.29,31.11,17.55,0.694
SPECTRUM,CAPITAL_GOODS,2005.5,2026-07-13,91.07,82.32,32.54,50.0,50.0,63.24,NEUTRAL,0.9,56.92,EMERGING,STRONG_UPTREND,RETAIL,23.72,63.71,29.65,0.753
CEMPRO,INFRASTRUCTURE,1583.7,2026-07-13,86.18,98.28,31.01,50.0,38.89,63.24,NEUTRAL,0.9,56.92,EMERGING,STRONG_UPTREND,RETAIL,28.02,151.24,,0.853
CYIENTDLM,CAPITAL_GOODS,525.65,2026-07-13,89.06,84.58,32.54,50.0,50.0,63.19,NEUTRAL,0.9,56.87,EMERGING,STRONG_UPTREND,RETAIL,20.41,67.14,9.84,1.297
SONACOMS,AUTO,670.85,2026-07-13,80.91,96.68,34.67,50.0,44.44,63.16,NEUTRAL,0.9,56.84,EMERGING,STRONG_UPTREND,RETAIL,13.85,21.04,39.83,0.723
IKS,IT,1903.4,2026-07-13,79.46,96.94,32.05,50.0,50.0,63.16,NEUTRAL,0.9,56.84,EMERGING,STRONG_UPTREND,RETAIL,13.4,23.62,19.84,0.456
MANGLMCEM,CEMENT,965.4,2026-07-13,79.87,98.04,38.7,50.0,38.89,63.15,NEUTRAL,0.9,56.84,EMERGING,STRONG_UPTREND,DII,15.8,11.54,31.58,0.852
J&KBANK,BANKING,182.6,2026-07-13,91.44,81.02,32.71,50.0,50.0,63.11,NEUTRAL,0.9,56.8,EMERGING,STRONG_UPTREND,MIXED,18.33,48.19,60.36,2.107
SHARDUL,FINANCIAL_SERVICES,40.32,2026-07-13,74.68,100.0,34.6,50.0,50.0,63.09,NEUTRAL,0.9,56.78,EMERGING,INSUFFICIENT_DATA,RETAIL,37.28,,,0.809
MANAPPURAM,FINANCIAL_SERVICES,331.75,2026-07-13,82.11,90.72,34.6,50.0,50.0,63.09,NEUTRAL,0.9,56.78,EMERGING,STRONG_UPTREND,RETAIL,15.09,23.97,22.28,0.691
QUESS,OTHER,297.75,2026-07-13,83.61,87.82,39.76,50.0,44.44,63.08,NEUTRAL,0.9,56.77,EMERGING,STRONG_UPTREND,DII,25.05,54.11,-4.84,0.504
GRAVITA,METAL,1846.0,2026-07-13,81.24,89.44,36.81,50.0,50.0,63.06,NEUTRAL,0.9,56.75,EMERGING,STRONG_UPTREND,DII,16.84,18.45,7.16,0.991
3MINDIA,DIVERSIFIED,36430.0,2026-07-13,81.31,91.58,42.82,50.0,38.89,63.04,NEUTRAL,0.9,56.74,EMERGING,STRONG_UPTREND,RETAIL,15.36,15.74,21.84,1.417
ASTRAMICRO,DEFENCE,1719.7,2026-07-13,91.6,83.82,37.68,50.0,38.89,63.03,NEUTRAL,0.9,56.73,EMERGING,STRONG_UPTREND,RETAIL,20.73,69.32,77.45,0.642
GALAPREC,CAPITAL_GOODS,1156.8,2026-07-13,90.77,83.62,32.54,47.98,50.0,63.02,NEUTRAL,0.9,56.72,EMERGING,STRONG_UPTREND,RETAIL,29.31,56.53,32.76,0.351
SURYODAY,BANKING,191.57,2026-07-13,85.34,96.48,32.71,50.0,38.89,63.01,NEUTRAL,0.9,56.71,EMERGING,STRONG_UPTREND,MIXED,12.69,43.21,36.12,2.546
HDFCSML250,OTHER,183.23,2026-07-13,70.48,99.62,39.76,50.0,50.0,63.0,NEUTRAL,0.9,56.7,EMERGING,STRONG_UPTREND,DII,8.64,15.55,1.91,1.143
RAIN,CHEMICALS,213.41,2026-07-13,81.5,94.98,30.65,50.0,50.0,63.0,NEUTRAL,0.9,56.7,EMERGING,STRONG_UPTREND,RETAIL,7.6,73.97,42.24,1.745
ETHOSLTD,FMCG,2649.0,2026-07-13,67.19,63.22,32.96,97.3,50.0,62.99,NEUTRAL,0.9,56.69,EMERGING,STRONG_UPTREND,RETAIL,11.08,6.31,-6.38,2.132
ORCHPHARMA,PHARMA,1007.4,2026-07-13,88.49,84.16,32.63,50.0,50.0,62.98,NEUTRAL,0.9,56.68,EMERGING,STRONG_UPTREND,RETAIL,18.39,80.31,37.52,0.458
PSPPROJECT,INFRASTRUCTURE,1066.0,2026-07-13,87.82,86.52,31.01,50.0,50.0,62.96,NEUTRAL,0.9,56.66,EMERGING,STRONG_UPTREND,RETAIL,20.03,53.8,30.38,0.365
RADICO,FMCG,4045.4,2026-07-13,86.62,94.4,32.96,50.0,38.89,62.96,NEUTRAL,0.9,56.66,EMERGING,STRONG_UPTREND,RETAIL,16.34,44.86,48.82,0.37
SHYAMMETL,METAL,1029.35,2026-07-13,73.51,98.34,36.81,50.0,50.0,62.91,NEUTRAL,0.9,56.62,EMERGING,STRONG_UPTREND,DII,6.24,22.72,13.0,3.76
STOVEKRAFT,FMCG,791.15,2026-07-13,89.01,91.1,32.96,50.0,38.89,62.9,NEUTRAL,0.9,56.61,EMERGING,STRONG_UPTREND,RETAIL,21.33,41.3,28.52,0.738
GROWWRLTY,OTHER,10.5,2026-07-13,81.06,85.84,39.76,50.0,50.0,62.89,NEUTRAL,0.9,56.6,EMERGING,INSUFFICIENT_DATA,DII,25.3,23.53,,0.932
MOREALTY,OTHER,93.44,2026-07-13,80.92,85.86,39.76,50.0,50.0,62.85,NEUTRAL,0.9,56.57,EMERGING,STRONG_UPTREND,DII,25.0,23.03,-6.32,0.798
OBEROIRLTY,REALTY,1925.2,2026-07-13,79.41,93.86,33.21,50.0,50.0,62.77,NEUTRAL,0.9,56.49,EMERGING,STRONG_UPTREND,RETAIL,20.96,15.16,4.92,0.601
GCSL,FINANCIAL_SERVICES,511.4,2026-07-13,82.77,98.66,34.6,47.98,38.89,62.77,NEUTRAL,0.9,56.49,EMERGING,INSUFFICIENT_DATA,RETAIL,23.74,53.71,,0.626
CHOICEIN,INFRASTRUCTURE,820.15,2026-07-13,83.66,90.62,31.01,50.0,50.0,62.74,NEUTRAL,0.9,56.47,EMERGING,STRONG_UPTREND,RETAIL,27.99,16.77,8.91,0.63
CAPLIPOINT,PHARMA,2616.1,2026-07-13,82.39,94.58,32.63,50.0,44.44,62.71,NEUTRAL,0.9,56.44,EMERGING,STRONG_UPTREND,RETAIL,13.28,53.13,24.38,0.457
SAREGAMA,MEDIA,498.5,2026-07-13,81.26,92.58,40.07,50.0,38.89,62.68,NEUTRAL,0.9,56.41,EMERGING,STRONG_UPTREND,RETAIL,13.8,51.29,-2.16,1.115
SPARC,CHEMICALS,259.42,2026-07-13,92.47,79.52,30.65,50.0,50.0,62.65,NEUTRAL,0.9,56.38,EMERGING,STRONG_UPTREND,RETAIL,25.98,74.88,61.1,0.428
CNL,RETAIL,938.8,2026-07-13,88.05,88.52,37.54,47.98,38.89,62.65,NEUTRAL,0.9,56.38,EMERGING,INSUFFICIENT_DATA,RETAIL,35.28,55.4,,7.178
VARROC,AUTO,659.85,2026-07-13,80.72,89.96,34.67,50.0,50.0,62.61,NEUTRAL,0.9,56.35,EMERGING,STRONG_UPTREND,RETAIL,14.74,25.36,17.99,0.623
PGHL,PHARMA,6867.0,2026-07-13,79.41,97.76,32.63,50.0,44.44,62.6,NEUTRAL,0.9,56.34,EMERGING,STRONG_UPTREND,RETAIL,10.14,38.92,17.13,1.491
TORNTPHARM,PHARMA,4951.1,2026-07-13,78.34,99.12,32.63,50.0,44.44,62.6,NEUTRAL,0.9,56.34,EMERGING,STRONG_UPTREND,RETAIL,10.92,19.15,40.6,1.347
SHRIPISTON,AUTO,4185.1,2026-07-13,84.3,89.3,34.67,50.0,44.44,62.54,NEUTRAL,0.9,56.29,EMERGING,STRONG_UPTREND,RETAIL,22.2,15.99,71.06,0.46
WEWORK,REALTY,741.05,2026-07-13,78.88,93.24,33.21,50.0,50.0,62.51,NEUTRAL,0.9,56.26,EMERGING,INSUFFICIENT_DATA,RETAIL,15.11,54.51,,0.718
ADANIENSOL,POWER,1644.6,2026-07-13,79.13,92.12,33.82,50.0,50.0,62.47,NEUTRAL,0.9,56.22,EMERGING,STRONG_UPTREND,MIXED,7.1,42.03,89.18,0.427
MMFL,AUTO,516.4,2026-07-13,81.98,95.98,34.67,50.0,38.89,62.46,NEUTRAL,0.9,56.21,EMERGING,STRONG_UPTREND,RETAIL,17.23,19.66,37.4,0.466
SAILIFE,CHEMICALS,1272.1,2026-07-13,77.23,97.54,30.65,50.0,50.0,62.45,NEUTRAL,0.9,56.21,EMERGING,STRONG_UPTREND,RETAIL,7.07,27.34,56.05,1.243
BLUSPRING,POWER,116.8,2026-07-13,92.56,77.22,33.82,47.98,50.0,62.44,NEUTRAL,0.9,56.2,EMERGING,STRONG_UPTREND,MIXED,35.69,80.78,33.93,0.305
AVALON,CAPITAL_GOODS,1720.9,2026-07-13,84.98,85.74,32.54,50.0,50.0,62.4,NEUTRAL,0.9,56.16,EMERGING,UPTREND,RETAIL,12.29,62.6,98.8,0.476
TAALTECH,AVIATION,4078.0,2026-07-13,70.16,94.2,42.51,50.0,50.0,62.38,NEUTRAL,0.9,56.14,EMERGING,INSUFFICIENT_DATA,DII,20.69,,,3.732
MONQ50,OTHER,146.41,2026-07-13,68.6,98.88,39.76,50.0,50.0,62.38,NEUTRAL,0.9,56.14,EMERGING,STRONG_UPTREND,DII,3.84,27.28,89.23,0.856
NGLFINE,PHARMA,3160.9,2026-07-13,81.51,89.9,32.63,50.0,50.0,62.38,NEUTRAL,0.9,56.14,EMERGING,STRONG_UPTREND,RETAIL,12.42,35.59,129.78,0.232
CHOLAFIN,FINANCIAL_SERVICES,1810.9,2026-07-13,80.58,93.16,34.6,50.0,44.44,62.36,NEUTRAL,0.9,56.12,EMERGING,STRONG_UPTREND,RETAIL,22.97,14.53,16.49,0.331
GABRIEL,AUTO,1265.0,2026-07-13,89.2,82.28,34.67,50.0,44.44,62.36,NEUTRAL,0.9,56.12,EMERGING,STRONG_UPTREND,RETAIL,24.68,35.51,24.59,0.849
DELHIVERY,LOGISTICS,512.3,2026-07-13,77.68,95.54,33.47,47.98,50.0,62.32,NEUTRAL,0.9,56.09,EMERGING,STRONG_UPTREND,RETAIL,18.84,8.97,20.41,0.387
AMIRCHAND,AGRICULTURE,179.8,2026-07-13,85.16,79.8,37.73,50.0,50.0,62.3,NEUTRAL,0.9,56.07,EMERGING,INSUFFICIENT_DATA,DII,50.21,42.6,,0.609
AZAD,CAPITAL_GOODS,2378.5,2026-07-13,82.77,88.02,32.54,50.0,50.0,62.3,NEUTRAL,0.9,56.07,EMERGING,STRONG_UPTREND,RETAIL,10.14,39.53,45.5,1.487
SYRMA,CAPITAL_GOODS,1431.7,2026-07-13,88.87,88.66,32.54,50.0,38.89,62.29,NEUTRAL,0.9,56.06,EMERGING,STRONG_UPTREND,RETAIL,16.8,64.83,103.03,0.425
HEALTHX,HEALTHCARE,337.6,2026-07-13,70.42,97.42,38.35,50.0,50.0,62.26,NEUTRAL,0.9,56.03,EMERGING,INSUFFICIENT_DATA,DII,17.84,,,1.064
BHARATSE,AUTO,254.62,2026-07-13,84.76,93.5,34.67,47.98,38.89,62.25,NEUTRAL,0.9,56.02,EMERGING,STRONG_UPTREND,RETAIL,40.99,43.91,,0.592
NILE,METAL,1981.3,2026-07-13,71.77,97.24,36.81,50.0,50.0,62.25,NEUTRAL,0.9,56.02,EMERGING,INSUFFICIENT_DATA,DII,17.75,,,2.229
CCAVENUE,FINANCIAL_SERVICES,18.21,2026-07-13,81.3,87.44,34.6,50.0,50.0,62.23,NEUTRAL,0.9,56.01,EMERGING,INSUFFICIENT_DATA,RETAIL,34.09,20.28,,0.824
TBZ,FMCG,225.11,2026-07-13,92.02,86.02,32.96,47.98,38.89,62.23,NEUTRAL,0.9,56.01,EMERGING,STRONG_UPTREND,RETAIL,34.07,59.04,11.94,0.885
DIACABS,FINANCIAL_SERVICES,227.46,2026-07-13,86.39,80.66,34.6,50.0,50.0,62.15,NEUTRAL,0.9,55.94,EMERGING,STRONG_UPTREND,RETAIL,15.46,65.92,34.7,0.508
NUVAMA,FINANCIAL_SERVICES,1919.7,2026-07-13,73.48,92.58,34.6,50.0,55.56,62.14,NEUTRAL,0.9,55.93,EMERGING,STRONG_UPTREND,RETAIL,26.11,46.93,-75.16,0.611
SETL,CAPITAL_GOODS,277.55,2026-07-13,87.0,81.82,32.54,50.0,50.0,62.12,NEUTRAL,0.9,55.91,EMERGING,INSUFFICIENT_DATA,RETAIL,80.13,108.72,,0.588
PLASTIBLEN,CHEMICALS,195.79,2026-07-13,81.86,90.08,30.65,50.0,50.0,62.11,NEUTRAL,0.9,55.9,EMERGING,STRONG_UPTREND,RETAIL,15.08,38.38,-2.3,8.107
BUILDPRO,RETAIL,1298.4,2026-07-13,79.54,90.24,37.54,50.0,44.44,62.11,NEUTRAL,0.9,55.9,EMERGING,INSUFFICIENT_DATA,RETAIL,19.62,21.14,,5.336
PICCADIL,FMCG,718.9,2026-07-13,89.27,78.5,32.96,50.0,50.0,62.11,NEUTRAL,0.9,55.9,EMERGING,STRONG_UPTREND,RETAIL,24.74,26.11,19.32,3.473
CONSOFINVT,FINANCIAL_SERVICES,259.72,2026-07-13,76.15,93.1,34.6,50.0,50.0,62.08,NEUTRAL,0.9,55.87,EMERGING,INSUFFICIENT_DATA,RETAIL,17.38,,26.84,0.662
NOVARTIND,PHARMA,1664.8,2026-07-13,74.59,97.02,32.63,50.0,50.0,62.08,NEUTRAL,0.9,55.87,EMERGING,INSUFFICIENT_DATA,RETAIL,26.02,,,9.463
HTMEDIA,MEDIA,25.81,2026-07-13,73.82,90.48,40.07,50.0,50.0,62.07,NEUTRAL,0.9,55.86,EMERGING,INSUFFICIENT_DATA,RETAIL,15.74,12.86,,1.151
AEQUS,DEFENCE,244.69,2026-07-13,85.13,78.36,37.68,50.0,50.0,61.99,NEUTRAL,0.9,55.79,EMERGING,INSUFFICIENT_DATA,RETAIL,39.49,69.96,,0.415
MIDSELIETF,OTHER,19.44,2026-07-13,70.46,94.4,39.76,50.0,50.0,61.95,NEUTRAL,0.9,55.76,EMERGING,STRONG_UPTREND,DII,8.24,12.57,9.83,1.009
ACMESOLAR,POWER,378.8,2026-07-13,85.03,90.28,33.82,50.0,38.89,61.91,NEUTRAL,0.9,55.72,EMERGING,STRONG_UPTREND,MIXED,12.44,41.0,37.48,0.739
ADANIGREEN,POWER,1546.5,2026-07-13,74.7,94.64,33.82,50.0,50.0,61.87,NEUTRAL,0.9,55.68,EMERGING,STRONG_UPTREND,MIXED,4.28,42.49,50.12,1.179
FERMENTA,PHARMA,445.05,2026-07-13,76.31,95.84,32.63,47.98,50.0,61.87,NEUTRAL,0.9,55.68,EMERGING,INSUFFICIENT_DATA,RETAIL,35.71,,,3.128
BANSALWIRE,METAL,329.4,2026-07-13,68.24,51.7,36.81,97.84,50.0,61.83,NEUTRAL,0.9,55.65,EMERGING,STRONG_UPTREND,DII,12.23,20.87,-21.2,0.518
KIRLOSENG,CAPITAL_GOODS,2436.2,2026-07-13,94.61,79.14,32.54,50.0,38.89,61.82,NEUTRAL,0.9,55.64,EMERGING,STRONG_UPTREND,RETAIL,34.02,65.37,165.42,0.445
TALBROAUTO,AUTO,403.95,2026-07-13,84.26,85.72,34.67,50.0,44.44,61.81,NEUTRAL,0.9,55.63,EMERGING,STRONG_UPTREND,RETAIL,14.86,52.03,40.63,0.329
LALPATHLAB,HEALTHCARE,1725.1,2026-07-13,60.13,91.36,38.35,50.0,72.22,61.81,NEUTRAL,0.9,55.63,EMERGING,STRONG_UPTREND,DII,9.97,22.81,-42.56,0.459
ARVIND,TEXTILES,544.35,2026-07-13,82.21,81.46,37.16,50.0,50.0,61.78,NEUTRAL,0.9,55.6,EMERGING,STRONG_UPTREND,RETAIL,10.33,39.56,59.12,0.668
YASHO,CHEMICALS,2972.5,2026-07-13,89.68,86.94,30.65,50.0,38.89,61.77,NEUTRAL,0.9,55.59,EMERGING,STRONG_UPTREND,RETAIL,20.1,102.35,49.34,0.284
BFINVEST,FINANCIAL_SERVICES,535.25,2026-07-13,89.52,83.08,34.6,50.0,38.89,61.75,NEUTRAL,0.9,55.58,EMERGING,STRONG_UPTREND,RETAIL,26.04,35.95,8.09,12.717
SANGHVIMOV,CAPITAL_GOODS,436.7,2026-07-13,89.86,84.66,32.54,50.0,38.89,61.74,NEUTRAL,0.9,55.57,EMERGING,STRONG_UPTREND,RETAIL,16.04,46.81,62.83,1.429
WELENT,METAL,614.95,2026-07-13,78.82,94.08,36.81,50.0,38.89,61.72,NEUTRAL,0.9,55.55,EMERGING,STRONG_UPTREND,DII,10.58,38.91,18.12,0.322
AKUMS,PHARMA,683.85,2026-07-13,84.23,91.36,32.63,50.0,38.89,61.69,NEUTRAL,0.9,55.52,EMERGING,STRONG_UPTREND,RETAIL,15.5,32.54,23.7,0.838
NEOGEN,CHEMICALS,2150.0,2026-07-13,80.01,98.62,30.65,50.0,38.89,61.69,NEUTRAL,0.9,55.52,EMERGING,STRONG_UPTREND,RETAIL,7.75,57.45,37.24,0.993
AARVI,OTHER,152.62,2026-07-13,79.87,81.26,39.76,50.0,50.0,61.67,NEUTRAL,0.9,55.5,EMERGING,STRONG_UPTREND,DII,12.29,16.15,43.33,0.919
UNIPARTS,AUTO,694.8,2026-07-13,78.45,92.28,34.67,50.0,44.44,61.67,NEUTRAL,0.9,55.5,EMERGING,STRONG_UPTREND,RETAIL,8.23,36.6,80.7,1.446
AEGISLOG,ENERGY,1293.6,2026-07-13,94.66,81.74,28.81,50.0,38.89,61.61,NEUTRAL,0.9,55.45,EMERGING,STRONG_UPTREND,MIXED,61.5,104.54,74.54,0.241
GEOJITFSL,FINANCIAL_SERVICES,82.03,2026-07-13,81.66,92.14,34.6,50.0,38.89,61.6,NEUTRAL,0.9,55.44,EMERGING,STRONG_UPTREND,RETAIL,13.55,27.75,8.61,2.059
PRESTIGE,REALTY,1724.3,2026-07-13,84.23,90.12,33.21,50.0,38.89,61.56,NEUTRAL,0.9,55.4,EMERGING,STRONG_UPTREND,RETAIL,29.84,30.39,-3.25,0.796
BORORENEW,CAPITAL_GOODS,647.3,2026-07-13,86.57,79.56,32.54,50.0,50.0,61.56,NEUTRAL,0.9,55.4,EMERGING,STRONG_UPTREND,RETAIL,21.89,38.45,10.46,0.685
SARLAPOLY,TEXTILES,105.95,2026-07-13,67.69,85.88,37.16,50.0,66.67,61.53,NEUTRAL,0.9,55.38,EMERGING,STRONG_UPTREND,RETAIL,7.05,26.04,,1.088
NACLIND,CHEMICALS,243.02,2026-07-13,86.04,98.38,30.65,50.0,27.78,61.48,NEUTRAL,0.9,55.33,EMERGING,INSUFFICIENT_DATA,RETAIL,47.29,46.17,,0.787
PRIVISCL,CHEMICALS,3621.8,2026-07-13,83.95,92.64,30.65,50.0,38.89,61.48,NEUTRAL,0.9,55.33,EMERGING,STRONG_UPTREND,RETAIL,15.65,24.89,47.82,0.465
MOHEALTH,OTHER,50.74,2026-07-13,67.56,95.64,39.76,50.0,50.0,61.47,NEUTRAL,0.9,55.32,EMERGING,STRONG_UPTREND,DII,6.57,17.18,11.2,0.413
PHARMABEES,OTHER,26.39,2026-07-13,67.85,95.04,39.76,50.0,50.0,61.42,NEUTRAL,0.9,55.28,EMERGING,STRONG_UPTREND,DII,6.45,16.1,14.34,0.522
AYE,FINANCIAL_SERVICES,170.93,2026-07-13,80.03,84.98,34.6,50.0,50.0,61.42,NEUTRAL,0.9,55.28,EMERGING,INSUFFICIENT_DATA,RETAIL,19.58,57.8,,0.358
SUDEEPPHRM,PHARMA,847.55,2026-07-13,77.94,89.52,32.63,50.0,50.0,61.42,NEUTRAL,0.9,55.28,EMERGING,INSUFFICIENT_DATA,RETAIL,15.88,38.98,,0.728
MSCI360,OTHER,11.16,2026-07-13,69.9,92.42,39.76,50.0,50.0,61.41,NEUTRAL,0.9,55.27,EMERGING,INSUFFICIENT_DATA,DII,14.93,,,4.978
RRKABEL,CAPITAL_GOODS,2374.8,2026-07-13,83.8,86.34,32.54,50.0,44.44,61.39,NEUTRAL,0.9,55.25,EMERGING,STRONG_UPTREND,RETAIL,9.56,70.04,61.39,1.199
MID150BEES,OTHER,239.34,2026-07-13,63.98,99.46,39.76,50.0,50.0,61.34,NEUTRAL,0.9,55.21,EMERGING,STRONG_UPTREND,DII,5.89,8.89,6.25,0.96
MIRZAINT,TEXTILES,37.9,2026-07-13,87.44,72.28,37.16,50.0,50.0,61.25,NEUTRAL,0.9,55.12,EMERGING,STRONG_UPTREND,RETAIL,27.57,18.47,17.12,2.086
BHEL,FMCG,409.1,2026-07-13,81.18,92.56,32.96,50.0,38.89,61.23,NEUTRAL,0.9,55.11,EMERGING,STRONG_UPTREND,RETAIL,8.43,43.69,63.31,1.004
TIMEX,FMCG,576.75,2026-07-13,72.43,94.92,32.96,50.0,50.0,61.18,NEUTRAL,0.9,55.06,EMERGING,INSUFFICIENT_DATA,RETAIL,25.15,,,0.74
DIVGIITTS,DEFENCE,959.35,2026-07-13,88.47,80.16,37.68,47.98,38.89,61.12,NEUTRAL,0.9,55.01,EMERGING,STRONG_UPTREND,RETAIL,23.22,42.45,52.28,0.085
USHAMART,METAL,510.15,2026-07-13,70.11,93.42,36.81,50.0,50.0,61.07,NEUTRAL,0.9,54.96,EMERGING,STRONG_UPTREND,DII,6.14,15.72,33.76,0.585
PWL,HEALTHCARE,142.62,2026-07-13,82.6,76.08,38.35,50.0,50.0,61.04,NEUTRAL,0.9,54.94,EMERGING,INSUFFICIENT_DATA,DII,33.17,40.1,,0.355
HEALTHIETF,OTHER,167.01,2026-07-13,65.75,95.8,39.76,50.0,50.0,61.05,NEUTRAL,0.9,54.94,EMERGING,STRONG_UPTREND,DII,5.44,14.63,11.27,0.914
AUROPHARMA,PHARMA,1549.3,2026-07-13,66.54,89.3,32.63,50.0,66.67,61.02,NEUTRAL,0.9,54.92,EMERGING,STRONG_UPTREND,RETAIL,6.58,14.81,35.96,0.481
AADHARHFC,FINANCIAL_SERVICES,535.9,2026-07-13,74.08,90.38,34.6,50.0,50.0,61.02,NEUTRAL,0.9,54.92,EMERGING,STRONG_UPTREND,RETAIL,14.06,11.97,6.18,0.593
INDUSINDBK,BANKING,1012.9,2026-07-13,78.38,95.16,32.71,50.0,38.89,61.0,NEUTRAL,0.9,54.9,EMERGING,STRONG_UPTREND,MIXED,14.59,21.9,16.42,0.333
VADILALIND,FMCG,6428.5,2026-07-13,76.58,97.04,32.96,50.0,38.89,60.98,NEUTRAL,0.9,54.88,EMERGING,STRONG_UPTREND,RETAIL,8.46,42.89,20.92,0.448
MINDACORP,AUTO,704.35,2026-07-13,74.95,97.4,34.67,50.0,38.89,60.98,NEUTRAL,0.9,54.88,EMERGING,STRONG_UPTREND,RETAIL,8.68,36.94,32.98,0.435
BALAMINES,CHEMICALS,2340.9,2026-07-13,82.7,91.6,30.65,50.0,38.89,60.96,NEUTRAL,0.9,54.86,EMERGING,STRONG_UPTREND,RETAIL,9.84,117.45,32.88,0.756
DIFFNKG,CAPITAL_GOODS,396.05,2026-07-13,82.48,81.6,32.54,50.0,50.0,60.95,NEUTRAL,0.9,54.86,EMERGING,STRONG_UPTREND,RETAIL,14.3,40.46,10.51,0.7
NAVINFLUOR,CHEMICALS,7637.0,2026-07-13,75.9,95.56,30.65,50.0,44.44,60.88,NEUTRAL,0.9,54.79,EMERGING,STRONG_UPTREND,RETAIL,8.38,23.56,56.84,0.419
MAYURUNIQ,TEXTILES,855.15,2026-07-13,72.92,88.56,37.16,50.0,50.0,60.87,NEUTRAL,0.9,54.78,EMERGING,STRONG_UPTREND,RETAIL,5.41,51.74,38.35,0.505
KERNEX,LOGISTICS,2233.4,2026-07-13,80.53,82.7,33.47,50.0,50.0,60.87,NEUTRAL,0.9,54.78,EMERGING,STRONG_UPTREND,RETAIL,16.03,91.34,,0.638
AJANTPHARM,PHARMA,3421.4,2026-07-13,77.94,95.12,32.63,50.0,38.89,60.87,NEUTRAL,0.9,54.78,EMERGING,STRONG_UPTREND,RETAIL,11.27,21.93,23.39,0.953
MOCAPITAL,OTHER,55.59,2026-07-13,66.29,94.2,39.76,50.0,50.0,60.86,NEUTRAL,0.9,54.77,EMERGING,STRONG_UPTREND,DII,6.27,11.69,20.12,0.517
FINIETF,OTHER,33.02,2026-07-13,65.37,95.26,39.76,50.0,50.0,60.85,NEUTRAL,0.9,54.76,EMERGING,STRONG_UPTREND,DII,9.05,6.04,8.48,0.283
PRUDENT,FINANCIAL_SERVICES,3069.7,2026-07-13,76.92,94.28,34.6,50.0,38.89,60.84,NEUTRAL,0.9,54.76,EMERGING,STRONG_UPTREND,RETAIL,12.76,21.29,2.86,1.114
PANACHE,IT,448.9,2026-07-13,71.19,95.64,32.05,50.0,50.0,60.84,NEUTRAL,0.9,54.76,EMERGING,INSUFFICIENT_DATA,RETAIL,21.29,,,0.755
BHARATFORG,AUTO,2145.6,2026-07-13,75.61,91.74,34.67,50.0,44.44,60.85,NEUTRAL,0.9,54.76,EMERGING,STRONG_UPTREND,RETAIL,10.08,19.28,76.36,0.462
MIDCAPIETF,OTHER,24.0,2026-07-13,63.17,97.94,39.76,50.0,50.0,60.83,NEUTRAL,0.9,54.75,EMERGING,STRONG_UPTREND,DII,5.82,9.04,6.86,0.694
HEALTHY,OTHER,16.83,2026-07-13,66.21,94.12,39.76,50.0,50.0,60.83,NEUTRAL,0.9,54.75,EMERGING,STRONG_UPTREND,DII,5.85,15.2,12.2,0.583
BANDHANBNK,BANKING,213.15,2026-07-13,70.8,95.44,32.71,50.0,50.0,60.83,NEUTRAL,0.9,54.75,EMERGING,STRONG_UPTREND,MIXED,6.7,26.82,13.97,1.03
EXIDEIND,AUTO,423.4,2026-07-13,75.04,96.48,34.67,50.0,38.89,60.82,NEUTRAL,0.9,54.74,EMERGING,STRONG_UPTREND,RETAIL,9.59,30.48,10.25,0.816
MARKSANS,PHARMA,269.3,2026-07-13,74.11,91.26,32.63,50.0,50.0,60.81,NEUTRAL,0.9,54.73,EMERGING,STRONG_UPTREND,RETAIL,9.06,50.89,5.3,0.453
FEDERALBNK,BANKING,332.5,2026-07-13,68.83,97.62,32.71,50.0,50.0,60.77,NEUTRAL,0.9,54.69,EMERGING,STRONG_UPTREND,MIXED,6.88,13.99,56.49,0.646
PANSARI,REALTY,358.85,2026-07-13,80.5,84.54,33.21,47.98,50.0,60.77,NEUTRAL,0.9,54.69,EMERGING,INSUFFICIENT_DATA,RETAIL,29.41,31.45,,0.248
DOMS,FMCG,2359.5,2026-07-13,58.48,70.36,32.96,98.11,38.89,60.74,NEUTRAL,0.9,54.67,EMERGING,DOWNTREND,RETAIL,11.37,-2.04,-0.75,0.082
ZYDUSLIFE,PHARMA,1131.3,2026-07-13,60.24,91.5,32.63,50.0,72.22,60.72,NEUTRAL,0.9,54.65,EMERGING,STRONG_UPTREND,RETAIL,3.0,23.59,16.04,1.068
KISSHT,IT,324.85,2026-07-13,71.32,94.64,32.05,50.0,50.0,60.67,NEUTRAL,0.9,54.6,EMERGING,INSUFFICIENT_DATA,RETAIL,20.47,,,0.921
LLOYDSME,METAL,1827.1,2026-07-13,74.86,93.48,36.81,50.0,38.89,60.61,NEUTRAL,0.9,54.55,EMERGING,STRONG_UPTREND,DII,7.24,21.31,24.07,0.955
PARAS,DEFENCE,1224.5,2026-07-13,88.07,69.72,37.68,47.98,50.0,60.59,NEUTRAL,0.9,54.53,EMERGING,UPTREND,RETAIL,17.68,79.74,53.95,0.22
HDFCMID150,OTHER,23.47,2026-07-13,63.06,96.82,39.76,50.0,50.0,60.58,NEUTRAL,0.9,54.52,EMERGING,STRONG_UPTREND,DII,5.77,9.37,6.44,0.717
ADFFOODS,FMCG,319.45,2026-07-13,83.59,84.14,32.96,47.98,44.44,60.58,NEUTRAL,0.9,54.52,EMERGING,STRONG_UPTREND,RETAIL,14.01,66.32,16.97,0.427
STYLAMIND,REALTY,3245.5,2026-07-13,71.05,93.34,33.21,50.0,50.0,60.57,NEUTRAL,0.9,54.51,EMERGING,STRONG_UPTREND,RETAIL,4.12,46.02,86.47,1.425
INDIANHUME,CAPITAL_GOODS,411.55,2026-07-13,86.08,83.52,32.54,50.0,38.89,60.57,NEUTRAL,0.9,54.51,EMERGING,STRONG_UPTREND,RETAIL,43.87,27.36,-7.5,10.926
ABSLAMC,RETAIL,1173.7,2026-07-13,68.85,91.64,37.54,50.0,50.0,60.55,NEUTRAL,0.9,54.5,EMERGING,STRONG_UPTREND,RETAIL,5.71,17.62,35.79,1.148
MIDCAPETF,OTHER,23.63,2026-07-13,62.87,96.92,39.76,50.0,50.0,60.55,NEUTRAL,0.9,54.5,EMERGING,STRONG_UPTREND,DII,5.49,8.64,6.35,1.053
VISAKAIND,TEXTILES,85.55,2026-07-13,73.92,93.88,37.16,50.0,38.89,60.52,NEUTRAL,0.9,54.47,EMERGING,STRONG_UPTREND,RETAIL,9.79,32.16,,3.894
IVALUE,IT,309.1,2026-07-13,82.6,81.82,32.05,47.98,50.0,60.52,NEUTRAL,0.9,54.47,EMERGING,STRONG_UPTREND,RETAIL,32.84,28.53,,0.62
TINNARUBR,REALTY,996.2,2026-07-13,82.95,86.44,33.21,50.0,38.89,60.5,NEUTRAL,0.9,54.45,EMERGING,STRONG_UPTREND,RETAIL,14.78,51.48,0.77,1.757
SML100CASE,OTHER,11.08,2026-07-13,69.19,88.76,39.76,50.0,50.0,60.5,NEUTRAL,0.9,54.45,EMERGING,STRONG_UPTREND,DII,9.7,16.14,,1.36
VIYASH,PHARMA,284.35,2026-07-13,73.13,90.84,32.63,50.0,50.0,60.48,NEUTRAL,0.9,54.43,EMERGING,INSUFFICIENT_DATA,RETAIL,12.7,36.22,,0.469
IZMO,IT,1060.3,2026-07-13,75.97,87.82,32.05,50.0,50.0,60.47,NEUTRAL,0.9,54.42,EMERGING,INSUFFICIENT_DATA,RETAIL,12.4,,151.32,1.022
AUBANK,BANKING,1060.5,2026-07-13,70.05,94.52,32.71,50.0,50.0,60.46,NEUTRAL,0.9,54.41,EMERGING,STRONG_UPTREND,MIXED,10.56,8.02,33.41,0.349
PIXTRANS,CHEMICALS,1853.4,2026-07-13,81.93,92.06,30.65,47.98,38.89,60.45,NEUTRAL,0.9,54.4,EMERGING,STRONG_UPTREND,RETAIL,16.43,27.75,20.83,0.168
TTKPRESTIG,FMCG,665.65,2026-07-13,87.21,72.62,32.96,50.0,50.0,60.42,NEUTRAL,0.9,54.38,EMERGING,STRONG_UPTREND,RETAIL,22.2,39.46,4.52,1.396
MON100,OTHER,332.37,2026-07-13,64.54,94.06,39.76,50.0,50.0,60.4,NEUTRAL,0.9,54.36,EMERGING,STRONG_UPTREND,DII,2.46,29.64,69.98,0.589
MANCREDIT,FINANCIAL_SERVICES,240.64,2026-07-13,86.75,81.62,34.6,47.98,38.89,60.36,NEUTRAL,0.9,54.32,EMERGING,STRONG_UPTREND,RETAIL,15.78,37.68,24.67,1.516
DHANBANK,BANKING,34.85,2026-07-13,73.95,89.14,32.71,50.0,50.0,60.36,NEUTRAL,0.9,54.32,EMERGING,STRONG_UPTREND,MIXED,8.7,32.21,15.86,0.488
MIDCAPBETA,OTHER,235.23,2026-07-13,60.17,99.34,39.76,50.0,50.0,60.36,NEUTRAL,0.9,54.32,EMERGING,INSUFFICIENT_DATA,DII,6.18,8.72,,1.07
TBOTEK,HOSPITALITY,1504.1,2026-07-13,85.81,70.46,36.37,50.0,50.0,60.32,NEUTRAL,0.9,54.29,EMERGING,STRONG_UPTREND,MIXED,22.46,27.43,5.98,1.265
MUFIN,FINANCIAL_SERVICES,129.74,2026-07-13,73.11,88.02,34.6,50.0,50.0,60.3,NEUTRAL,0.9,54.27,EMERGING,UPTREND,RETAIL,8.09,22.36,40.46,0.327
POLYPLEX,CHEMICALS,1092.75,2026-07-13,81.81,85.22,30.65,50.0,44.44,60.29,NEUTRAL,0.9,54.26,EMERGING,STRONG_UPTREND,RETAIL,22.84,26.1,-3.72,0.853
GROWWSC250,OTHER,10.45,2026-07-13,66.9,90.52,39.76,50.0,50.0,60.28,NEUTRAL,0.9,54.25,EMERGING,INSUFFICIENT_DATA,DII,8.18,15.21,,1.744
HDBFS,FINANCIAL_SERVICES,756.25,2026-07-13,77.73,86.32,34.6,50.0,44.44,60.28,NEUTRAL,0.9,54.25,EMERGING,STRONG_UPTREND,RETAIL,21.96,20.95,-5.33,0.463
GANESHHOU,REALTY,872.9,2026-07-13,75.85,94.04,33.21,50.0,38.89,60.25,NEUTRAL,0.9,54.22,EMERGING,STRONG_UPTREND,RETAIL,13.84,46.51,,0.428
ADANIENT,INFRASTRUCTURE,3177.5,2026-07-13,79.07,95.84,31.01,50.0,33.33,60.14,NEUTRAL,0.9,54.13,EMERGING,STRONG_UPTREND,RETAIL,8.41,52.27,22.4,0.749
BEPL,CAPITAL_GOODS,108.1,2026-07-13,73.99,84.0,32.54,50.0,55.56,60.14,NEUTRAL,0.9,54.13,EMERGING,STRONG_UPTREND,RETAIL,12.95,18.36,-6.82,3.053
MANBA,FINANCIAL_SERVICES,136.79,2026-07-13,77.94,81.18,34.6,50.0,50.0,60.14,NEUTRAL,0.9,54.13,EMERGING,STRONG_UPTREND,RETAIL,18.5,25.6,-3.1,0.395
SHRIRAMFIN,FINANCIAL_SERVICES,1048.1,2026-07-13,74.83,89.18,34.6,50.0,44.44,60.13,NEUTRAL,0.9,54.12,EMERGING,STRONG_UPTREND,RETAIL,16.8,2.0,62.37,0.565
MOM100,OTHER,68.0,2026-07-13,61.45,96.54,39.76,50.0,50.0,60.12,NEUTRAL,0.9,54.11,EMERGING,STRONG_UPTREND,DII,5.38,9.32,7.05,0.599
BLSE,IT,265.57,2026-07-13,79.42,85.78,32.05,50.0,44.44,60.09,NEUTRAL,0.9,54.08,EMERGING,STRONG_UPTREND,RETAIL,17.56,63.92,,0.341
CANFINHOME,FINANCIAL_SERVICES,933.25,2026-07-13,72.27,92.12,34.6,50.0,44.44,60.08,NEUTRAL,0.9,54.07,EMERGING,STRONG_UPTREND,RETAIL,10.33,10.74,14.23,0.969
MOSMALL250,OTHER,18.25,2026-07-13,67.78,88.34,39.76,50.0,50.0,60.06,NEUTRAL,0.9,54.05,EMERGING,STRONG_UPTREND,DII,8.24,15.8,1.61,0.528
CARTRADE,RETAIL,2799.3,2026-07-13,85.72,70.14,37.54,47.98,50.0,60.06,NEUTRAL,0.9,54.05,EMERGING,STRONG_UPTREND,RETAIL,14.19,52.41,47.5,0.533
TEXINFRA,CAPITAL_GOODS,114.0,2026-07-13,76.24,93.22,32.54,50.0,38.89,60.05,NEUTRAL,0.9,54.04,EMERGING,STRONG_UPTREND,RETAIL,15.21,15.4,11.06,0.342
AMBIKCO,TEXTILES,1735.2,2026-07-13,74.06,91.06,37.16,50.0,38.89,59.99,NEUTRAL,0.9,53.99,EMERGING,STRONG_UPTREND,RETAIL,10.42,22.8,7.3,0.362
SENCO,FMCG,381.0,2026-07-13,79.7,88.22,32.96,50.0,38.89,59.99,NEUTRAL,0.9,53.99,EMERGING,STRONG_UPTREND,RETAIL,15.38,17.96,3.04,3.792
HNDFDS,FMCG,571.3,2026-07-13,69.65,92.36,32.96,50.0,50.0,59.98,NEUTRAL,0.9,53.98,EMERGING,STRONG_UPTREND,RETAIL,9.06,12.29,0.57,1.759
SMALLADD,OTHER,18.25,2026-07-13,62.16,94.78,39.76,50.0,50.0,59.95,NEUTRAL,0.9,53.96,EMERGING,INSUFFICIENT_DATA,DII,7.54,15.51,,0.2
NEULANDLAB,PHARMA,19019.0,2026-07-13,78.81,89.34,32.63,50.0,38.89,59.93,NEUTRAL,0.9,53.94,EMERGING,STRONG_UPTREND,RETAIL,12.23,27.21,33.35,0.401
SSWL,AUTO,253.26,2026-07-13,72.22,95.56,34.67,50.0,38.89,59.93,NEUTRAL,0.9,53.94,EMERGING,STRONG_UPTREND,RETAIL,11.52,20.48,-1.09,0.837
DIAMONDYD,FMCG,1197.1,2026-07-13,67.5,94.82,32.96,50.0,50.0,59.93,NEUTRAL,0.9,53.94,EMERGING,STRONG_UPTREND,RETAIL,6.29,20.38,12.66,0.319
WANBURY,PHARMA,300.45,2026-07-13,69.36,92.66,32.63,50.0,50.0,59.9,NEUTRAL,0.9,53.91,EMERGING,INSUFFICIENT_DATA,RETAIL,15.62,,,2.652
INNOVACAP,PHARMA,1000.1,2026-07-13,75.34,93.48,32.63,50.0,38.89,59.89,NEUTRAL,0.9,53.9,EMERGING,STRONG_UPTREND,RETAIL,9.89,45.08,10.96,0.301
RATNAVEER,METAL,179.73,2026-07-13,75.7,82.46,36.81,47.98,50.0,59.88,NEUTRAL,0.9,53.89,EMERGING,STRONG_UPTREND,DII,10.26,23.29,20.1,0.171
COMSYN,AUTO,195.3,2026-07-13,83.37,83.38,34.67,47.98,38.89,59.88,NEUTRAL,0.9,53.89,EMERGING,INSUFFICIENT_DATA,RETAIL,15.53,27.65,50.15,0.427
INTERNET,OTHER,13.54,2026-07-13,75.02,78.16,39.76,50.0,50.0,59.84,NEUTRAL,0.9,53.86,EMERGING,STRONG_UPTREND,DII,15.33,14.65,1.42,0.553
MID150,OTHER,23.56,2026-07-13,65.18,90.38,39.76,50.0,50.0,59.82,NEUTRAL,0.9,53.84,EMERGING,STRONG_UPTREND,DII,5.79,9.18,6.65,2.991
OMNI,CAPITAL_GOODS,547.65,2026-07-13,74.66,85.62,32.54,50.0,50.0,59.8,NEUTRAL,0.9,53.82,EMERGING,INSUFFICIENT_DATA,RETAIL,11.24,57.76,,0.623
VSSL,METAL,295.2,2026-07-13,80.55,82.22,36.81,50.0,38.89,59.78,NEUTRAL,0.9,53.8,EMERGING,STRONG_UPTREND,DII,11.56,21.4,14.84,10.907
ACSTECH,CEMENT,44.39,2026-07-13,68.82,88.62,38.7,47.98,50.0,59.76,NEUTRAL,0.9,53.78,EMERGING,INSUFFICIENT_DATA,DII,17.09,,,0.64
ZSARACOM,FINANCIAL_SERVICES,13168.5,2026-07-13,74.93,82.9,34.6,50.0,50.0,59.73,NEUTRAL,0.9,53.76,EMERGING,INSUFFICIENT_DATA,RETAIL,41.53,,,0.795
FEDDERSHOL,FINANCIAL_SERVICES,44.21,2026-07-13,70.51,88.32,34.6,50.0,50.0,59.71,NEUTRAL,0.9,53.74,EMERGING,INSUFFICIENT_DATA,RETAIL,27.63,,,0.138
RBLBANK,BANKING,380.6,2026-07-13,69.92,99.22,32.71,50.0,38.89,59.7,NEUTRAL,0.9,53.73,EMERGING,STRONG_UPTREND,MIXED,6.63,18.14,44.64,0.728
GLAND,PHARMA,2461.2,2026-07-13,76.3,91.28,32.63,50.0,38.89,59.69,NEUTRAL,0.9,53.72,EMERGING,STRONG_UPTREND,RETAIL,8.53,41.29,23.04,0.708
SUYOG,TELECOM,873.75,2026-07-13,71.38,88.92,32.74,50.0,50.0,59.68,NEUTRAL,0.9,53.71,EMERGING,STRONG_UPTREND,DII,25.1,4.03,,0.632
ANANDRATHI,FINANCIAL_SERVICES,2117.7,2026-07-13,55.3,94.62,34.6,50.0,66.67,59.67,NEUTRAL,0.9,53.7,EMERGING,STRONG_UPTREND,RETAIL,21.88,-40.82,-19.21,0.586
CMPDI,INFRASTRUCTURE,261.68,2026-07-13,76.24,84.48,31.01,50.0,50.0,59.66,NEUTRAL,0.9,53.69,EMERGING,INSUFFICIENT_DATA,RETAIL,13.58,57.7,,0.315
LUPIN,PHARMA,2492.6,2026-07-13,71.36,97.28,32.63,50.0,38.89,59.66,NEUTRAL,0.9,53.69,EMERGING,STRONG_UPTREND,RETAIL,10.92,6.8,29.0,0.838
LLOYDSENT,CAPITAL_GOODS,78.87,2026-07-13,83.2,78.44,32.54,50.0,44.44,59.66,NEUTRAL,0.9,53.69,EMERGING,STRONG_UPTREND,RETAIL,18.82,33.0,-2.27,2.535
MSTCLTD,METAL,656.65,2026-07-13,86.22,76.54,36.81,47.98,38.89,59.65,NEUTRAL,0.9,53.68,EMERGING,UPTREND,DII,18.16,55.22,22.77,0.181
UNICHEMLAB,PHARMA,596.95,2026-07-13,85.03,73.74,32.63,47.98,50.0,59.63,NEUTRAL,0.9,53.67,EMERGING,STRONG_UPTREND,RETAIL,36.48,77.82,-4.9,0.211
ZYDUSWELL,FMCG,592.65,2026-07-13,65.91,95.28,32.96,50.0,50.0,59.63,NEUTRAL,0.9,53.67,EMERGING,STRONG_UPTREND,RETAIL,19.31,21.01,-71.7,0.294
ACUTAAS,PHARMA,3495.2,2026-07-13,79.53,86.9,32.63,50.0,38.89,59.62,NEUTRAL,0.9,53.66,EMERGING,STRONG_UPTREND,RETAIL,8.99,47.96,190.49,0.497
SBISMLETF,OTHER,18.24,2026-07-13,62.57,92.5,39.76,50.0,50.0,59.59,NEUTRAL,0.9,53.63,EMERGING,INSUFFICIENT_DATA,DII,8.51,,,1.867
PAUSHAKLTD,CHEMICALS,571.15,2026-07-13,79.45,80.44,30.65,50.0,50.0,59.58,NEUTRAL,0.9,53.62,EMERGING,INSUFFICIENT_DATA,RETAIL,25.85,18.46,,0.929
TITAN,FMCG,4601.5,2026-07-13,72.79,96.66,32.96,47.98,38.89,59.55,NEUTRAL,0.9,53.6,EMERGING,STRONG_UPTREND,RETAIL,13.84,2.14,35.22,0.814
STYL,FINANCIAL_SERVICES,367.8,2026-07-13,86.01,68.16,34.6,50.0,50.0,59.55,NEUTRAL,0.9,53.6,EMERGING,STRONG_UPTREND,RETAIL,40.14,60.28,,0.668
IDFCFIRSTB,BANKING,80.58,2026-07-13,73.75,85.24,32.71,50.0,50.0,59.53,NEUTRAL,0.9,53.58,EMERGING,STRONG_UPTREND,MIXED,10.4,21.7,10.25,0.548
KSHINTL,CAPITAL_GOODS,875.5,2026-07-13,67.82,92.66,32.54,50.0,50.0,59.5,NEUTRAL,0.9,53.55,EMERGING,INSUFFICIENT_DATA,RETAIL,5.99,63.92,,1.134
ECAPINSURE,OTHER,24.64,2026-07-13,63.81,90.42,39.76,50.0,50.0,59.49,NEUTRAL,0.9,53.54,EMERGING,STRONG_UPTREND,DII,6.67,4.99,4.41,1.901
NELCO,IT,901.4,2026-07-13,85.49,81.4,32.05,47.98,38.89,59.49,NEUTRAL,0.9,53.54,EMERGING,STRONG_UPTREND,RETAIL,26.53,43.8,4.46,0.264
XPROINDIA,CHEMICALS,1426.4,2026-07-13,84.98,81.16,30.65,50.0,38.89,59.44,NEUTRAL,0.9,53.5,EMERGING,STRONG_UPTREND,RETAIL,22.31,28.22,14.63,0.402
MACPOWER,CAPITAL_GOODS,1347.0,2026-07-13,81.78,83.26,32.54,50.0,38.89,59.44,NEUTRAL,0.9,53.5,EMERGING,STRONG_UPTREND,RETAIL,38.27,33.04,,0.207
KICL,FINANCIAL_SERVICES,5679.5,2026-07-13,81.49,73.3,34.6,50.0,50.0,59.45,NEUTRAL,0.9,53.5,EMERGING,STRONG_UPTREND,RETAIL,13.98,21.84,11.43,4.134
HAWKINCOOK,FMCG,8957.0,2026-07-13,69.6,97.98,32.96,50.0,38.89,59.42,NEUTRAL,0.9,53.48,EMERGING,INSUFFICIENT_DATA,RETAIL,16.2,,,1.033
GROWWDEFNC,OTHER,94.41,2026-07-13,63.91,89.88,39.76,50.0,50.0,59.41,NEUTRAL,0.9,53.47,EMERGING,UPTREND,DII,5.02,13.62,15.43,0.673
CONSUMER,OTHER,11.82,2026-07-13,68.85,83.68,39.76,50.0,50.0,59.4,NEUTRAL,0.9,53.46,EMERGING,STRONG_UPTREND,DII,10.26,9.04,0.94,0.821
BAJAJ-AUTO,AUTO,10381.0,2026-07-13,53.17,91.64,34.67,50.0,72.22,59.39,NEUTRAL,0.9,53.45,EMERGING,STRONG_UPTREND,RETAIL,2.34,5.78,24.36,2.592
EXICOM,CAPITAL_GOODS,168.35,2026-07-13,75.85,84.08,32.54,47.98,50.0,59.38,NEUTRAL,0.9,53.44,EMERGING,STRONG_UPTREND,RETAIL,12.59,61.78,-4.17,0.288
MUNJALAU,AUTO,105.69,2026-07-13,74.31,83.82,34.67,47.98,50.0,59.37,NEUTRAL,0.9,53.43,EMERGING,STRONG_UPTREND,RETAIL,7.34,32.34,33.63,1.052
GODREJPROP,REALTY,2162.6,2026-07-13,83.9,79.62,33.21,50.0,38.89,59.37,NEUTRAL,0.9,53.43,EMERGING,STRONG_UPTREND,RETAIL,31.75,25.99,-8.57,1.795
KIRLOSIND,CAPITAL_GOODS,4110.9,2026-07-13,82.16,73.96,32.54,50.0,50.0,59.34,NEUTRAL,0.9,53.41,EMERGING,STRONG_UPTREND,RETAIL,32.26,39.45,-7.35,0.213
POONAWALLA,FINANCIAL_SERVICES,485.1,2026-07-13,83.53,70.1,34.6,50.0,50.0,59.32,NEUTRAL,0.9,53.39,EMERGING,STRONG_UPTREND,RETAIL,27.59,21.2,7.28,0.418
NEXT50,OTHER,743.98,2026-07-13,57.39,97.5,39.76,50.0,50.0,59.3,NEUTRAL,0.9,53.37,EMERGING,STRONG_UPTREND,DII,4.36,6.75,6.59,0.718
ALPHA,OTHER,51.88,2026-07-13,60.53,93.58,39.76,50.0,50.0,59.3,NEUTRAL,0.9,53.37,EMERGING,STRONG_UPTREND,DII,5.73,8.95,3.02,0.477
ALIVUS,PHARMA,1160.0,2026-07-13,72.18,94.32,32.63,50.0,38.89,59.27,NEUTRAL,0.9,53.34,EMERGING,STRONG_UPTREND,RETAIL,12.47,10.87,9.61,0.62
MODEFENCE,OTHER,103.48,2026-07-13,61.82,91.64,39.76,50.0,50.0,59.24,NEUTRAL,0.9,53.32,EMERGING,UPTREND,DII,4.66,13.7,15.4,0.46
THANGAMAYL,FMCG,6233.0,2026-07-13,88.03,73.98,32.96,50.0,38.89,59.23,NEUTRAL,0.9,53.31,EMERGING,STRONG_UPTREND,RETAIL,14.49,50.6,229.67,0.634
MOTILALOFS,FINANCIAL_SERVICES,982.85,2026-07-13,82.57,79.18,34.6,50.0,38.89,59.23,NEUTRAL,0.9,53.31,EMERGING,STRONG_UPTREND,RETAIL,16.87,26.24,7.82,0.846
SUNPHARMA,PHARMA,1921.4,2026-07-13,68.4,96.68,32.63,47.98,44.44,59.22,NEUTRAL,0.9,53.3,EMERGING,STRONG_UPTREND,RETAIL,7.56,16.1,13.45,0.811
PIRAMALFIN,FINANCIAL_SERVICES,2172.8,2026-07-13,69.22,95.74,34.6,50.0,38.89,59.21,NEUTRAL,0.9,53.29,EMERGING,INSUFFICIENT_DATA,RETAIL,9.54,24.21,,0.697
HEALTHCARE,OTHER,21.16,2026-07-13,62.95,90.04,39.76,50.0,50.0,59.2,NEUTRAL,0.9,53.28,EMERGING,INSUFFICIENT_DATA,DII,5.96,16.58,,0.996
TPLPLASTEH,CHEMICALS,82.73,2026-07-13,82.42,83.18,30.65,50.0,38.89,59.2,NEUTRAL,0.9,53.28,EMERGING,STRONG_UPTREND,RETAIL,27.45,19.5,3.03,0.57
SOTL,ENERGY,597.45,2026-07-13,80.65,86.96,28.81,50.0,38.89,59.15,NEUTRAL,0.9,53.24,EMERGING,STRONG_UPTREND,MIXED,8.52,73.65,42.66,0.5
SUPRAJIT,AUTO,497.75,2026-07-13,68.36,92.32,34.67,50.0,44.44,59.15,NEUTRAL,0.9,53.24,EMERGING,STRONG_UPTREND,RETAIL,8.41,13.99,6.93,1.117
PACEDIGITK,TELECOM,212.24,2026-07-13,75.37,83.0,32.74,47.98,50.0,59.09,NEUTRAL,0.9,53.18,EMERGING,STRONG_UPTREND,DII,13.29,35.04,,0.588
CPPLUS,CAPITAL_GOODS,3639.4,2026-07-13,66.52,92.2,32.54,50.0,50.0,59.08,NEUTRAL,0.9,53.17,EMERGING,STRONG_UPTREND,RETAIL,5.89,92.11,,0.608
BOSCHLTD,AUTO,41695.0,2026-07-13,68.47,95.92,34.67,50.0,38.89,59.07,NEUTRAL,0.9,53.16,EMERGING,STRONG_UPTREND,RETAIL,10.33,11.69,9.01,0.399
HARRMALAYA,CHEMICALS,221.24,2026-07-13,72.93,86.0,30.65,50.0,50.0,59.06,NEUTRAL,0.9,53.15,EMERGING,STRONG_UPTREND,RETAIL,9.3,16.76,2.64,4.602
AGARWALEYE,HEALTHCARE,497.85,2026-07-13,75.25,75.3,38.35,50.0,50.0,59.04,NEUTRAL,0.9,53.14,EMERGING,STRONG_UPTREND,DII,10.88,14.23,13.66,2.344
RAYMONDREL,REALTY,722.75,2026-07-13,84.92,76.74,33.21,50.0,38.89,59.05,NEUTRAL,0.9,53.14,EMERGING,STRONG_UPTREND,RETAIL,25.25,66.42,-11.37,1.426
GROWWHOSPI,OTHER,54.14,2026-07-13,58.87,94.4,39.76,50.0,50.0,59.05,NEUTRAL,0.9,53.14,EMERGING,INSUFFICIENT_DATA,DII,4.34,16.43,,2.758
PRECOT,TEXTILES,796.5,2026-07-13,68.29,84.96,37.16,50.0,50.0,59.0,NEUTRAL,0.9,53.1,EMERGING,INSUFFICIENT_DATA,RETAIL,18.75,,,0.345
ALPHAETF,OTHER,26.36,2026-07-13,57.96,95.26,39.76,50.0,50.0,58.99,NEUTRAL,0.9,53.09,EMERGING,STRONG_UPTREND,DII,5.02,6.16,4.6,0.543
INGERRAND,CAPITAL_GOODS,4444.4,2026-07-13,73.56,86.88,32.54,50.0,44.44,58.94,NEUTRAL,0.9,53.05,EMERGING,UPTREND,RETAIL,13.33,14.3,7.0,0.378
SHAREINDIA,FINANCIAL_SERVICES,179.04,2026-07-13,83.81,69.7,34.6,47.98,50.0,58.91,NEUTRAL,0.9,53.02,EMERGING,STRONG_UPTREND,RETAIL,36.85,25.39,1.04,0.342
JUNIORBEES,OTHER,779.19,2026-07-13,57.56,95.26,39.76,50.0,50.0,58.89,NEUTRAL,0.9,53.0,EMERGING,STRONG_UPTREND,DII,4.36,6.82,6.49,0.753
TATACAP,FINANCIAL_SERVICES,360.95,2026-07-13,65.82,90.0,34.6,50.0,50.0,58.88,NEUTRAL,0.9,52.99,EMERGING,INSUFFICIENT_DATA,RETAIL,12.34,10.52,,0.304
MOALPHA50,OTHER,53.94,2026-07-13,59.42,92.74,39.76,50.0,50.0,58.86,NEUTRAL,0.9,52.97,EMERGING,STRONG_UPTREND,DII,5.68,8.47,2.74,0.348
METROPOLIS,HEALTHCARE,564.7,2026-07-13,54.01,88.24,38.35,50.0,66.67,58.82,NEUTRAL,0.9,52.94,EMERGING,STRONG_UPTREND,DII,7.67,20.64,-70.87,0.28
MEDANTA,HEALTHCARE,1328.1,2026-07-13,68.66,82.36,38.35,50.0,50.0,58.81,NEUTRAL,0.9,52.93,EMERGING,STRONG_UPTREND,DII,8.37,24.57,0.67,0.325
NH,HEALTHCARE,2037.8,2026-07-13,65.47,94.7,38.35,50.0,38.89,58.81,NEUTRAL,0.9,52.93,EMERGING,STRONG_UPTREND,DII,6.87,16.12,4.41,0.556
RELIGARE,ENERGY,268.15,2026-07-13,76.45,81.8,28.81,50.0,50.0,58.73,NEUTRAL,0.9,52.86,EMERGING,STRONG_UPTREND,MIXED,17.52,18.88,-0.31,0.322
ARTEMISMED,HEALTHCARE,277.4,2026-07-13,71.7,86.48,38.35,50.0,38.89,58.72,NEUTRAL,0.9,52.85,EMERGING,STRONG_UPTREND,DII,7.42,20.91,12.72,0.969
ONWARDTEC,TEXTILES,290.45,2026-07-13,70.14,66.64,37.16,47.98,72.22,58.72,NEUTRAL,0.9,52.85,EMERGING,STRONG_UPTREND,RETAIL,14.83,15.5,,0.143
INVPRECQ,CAPITAL_GOODS,802.1,2026-07-13,71.65,83.96,32.54,50.0,50.0,58.71,NEUTRAL,0.9,52.84,EMERGING,INSUFFICIENT_DATA,RETAIL,33.15,,,0.203
TVSSCS,LOGISTICS,138.03,2026-07-13,67.24,88.44,33.47,50.0,50.0,58.69,NEUTRAL,0.9,52.82,EMERGING,INSUFFICIENT_DATA,RETAIL,11.19,,2.74,0.691
TAINWALCHM,CHEMICALS,232.0,2026-07-13,85.22,68.74,30.65,50.0,50.0,58.68,NEUTRAL,0.9,52.81,EMERGING,STRONG_UPTREND,RETAIL,18.52,22.55,10.2,14.805
AARTIIND,CHEMICALS,484.3,2026-07-13,72.04,85.16,30.65,50.0,50.0,58.67,NEUTRAL,0.9,52.8,EMERGING,STRONG_UPTREND,RETAIL,11.68,14.29,8.43,0.283
MANINDS,METAL,562.45,2026-07-13,70.84,80.36,36.81,50.0,50.0,58.64,NEUTRAL,0.9,52.78,EMERGING,UPTREND,DII,6.37,20.75,28.77,0.35
KIMS,HEALTHCARE,800.95,2026-07-13,64.56,86.7,38.35,50.0,50.0,58.65,NEUTRAL,0.9,52.78,EMERGING,UPTREND,DII,4.95,20.58,5.22,1.42
OPTIEMUS,TELECOM,579.9,2026-07-13,88.24,62.66,32.74,50.0,50.0,58.64,NEUTRAL,0.9,52.78,EMERGING,STRONG_UPTREND,DII,37.45,53.49,-4.54,1.337
ABSLNN50ET,OTHER,75.73,2026-07-13,54.79,97.34,39.76,50.0,50.0,58.62,NEUTRAL,0.9,52.76,EMERGING,STRONG_UPTREND,DII,4.02,7.01,6.51,0.352
HMVL,MEDIA,89.27,2026-07-13,69.31,78.54,40.07,50.0,50.0,58.55,NEUTRAL,0.9,52.7,EMERGING,STRONG_UPTREND,RETAIL,6.43,32.35,-0.46,0.563
MENNPIS,AUTO,73.94,2026-07-13,71.9,80.78,34.67,50.0,50.0,58.56,NEUTRAL,0.9,52.7,EMERGING,INSUFFICIENT_DATA,RETAIL,33.61,,,0.294
SBIETFPB,OTHER,287.84,2026-07-13,61.09,89.0,39.76,50.0,50.0,58.52,NEUTRAL,0.9,52.67,EMERGING,STRONG_UPTREND,DII,5.56,5.39,2.68,2.778
GRASIM,CEMENT,3144.3,2026-07-13,58.0,93.74,38.7,50.0,50.0,58.49,NEUTRAL,0.9,52.64,EMERGING,UPTREND,DII,2.38,14.65,15.24,1.049
EVINDIA,OTHER,31.45,2026-07-13,57.54,93.18,39.76,50.0,50.0,58.47,NEUTRAL,0.9,52.62,EMERGING,STRONG_UPTREND,DII,3.69,7.26,6.5,1.976
TATVA,CHEMICALS,1391.4,2026-07-13,87.7,72.84,30.65,50.0,38.89,58.46,NEUTRAL,0.9,52.61,EMERGING,STRONG_UPTREND,RETAIL,24.93,15.74,39.09,3.145
RBZJEWEL,FMCG,155.5,2026-07-13,78.42,73.74,32.96,50.0,50.0,58.44,NEUTRAL,0.9,52.6,EMERGING,STRONG_UPTREND,RETAIL,15.66,12.16,7.19,1.673
GKSL,HEALTHCARE,133.9,2026-07-13,68.69,80.54,38.35,50.0,50.0,58.45,NEUTRAL,0.9,52.6,EMERGING,INSUFFICIENT_DATA,DII,7.75,24.49,,2.511
MON50EQUAL,OTHER,33.56,2026-07-13,57.97,92.44,39.76,50.0,50.0,58.43,NEUTRAL,0.9,52.59,EMERGING,STRONG_UPTREND,DII,4.84,3.68,6.17,1.033
NIVABUPA,FINANCIAL_SERVICES,88.09,2026-07-13,61.5,93.18,34.6,50.0,50.0,58.43,NEUTRAL,0.9,52.59,EMERGING,STRONG_UPTREND,RETAIL,4.63,19.57,-1.34,3.599
JASH,CAPITAL_GOODS,544.4,2026-07-13,80.89,75.06,32.54,50.0,44.44,58.41,NEUTRAL,0.9,52.57,EMERGING,STRONG_UPTREND,RETAIL,21.72,35.2,-10.93,0.91
MIDCAPADD,OTHER,23.67,2026-07-13,63.29,85.64,39.76,50.0,50.0,58.4,NEUTRAL,0.9,52.56,EMERGING,INSUFFICIENT_DATA,DII,7.44,10.97,,0.917
HDFCPVTBAN,OTHER,28.7,2026-07-13,59.57,90.26,39.76,50.0,50.0,58.4,NEUTRAL,0.9,52.56,EMERGING,STRONG_UPTREND,DII,5.75,5.28,2.61,0.732
JETFREIGHT,LOGISTICS,22.64,2026-07-13,68.91,84.82,33.47,50.0,50.0,58.39,NEUTRAL,0.9,52.55,EMERGING,INSUFFICIENT_DATA,RETAIL,3.57,27.84,63.82,3.065
NEXT50IETF,OTHER,76.05,2026-07-13,56.11,94.52,39.76,50.0,50.0,58.38,NEUTRAL,0.9,52.54,EMERGING,STRONG_UPTREND,DII,4.21,6.83,6.51,0.542
NEXT50ADD,OTHER,72.59,2026-07-13,56.4,94.1,39.76,50.0,50.0,58.37,NEUTRAL,0.9,52.53,EMERGING,INSUFFICIENT_DATA,DII,4.81,7.37,,1.551
RAJRATAN,AUTO,480.8,2026-07-13,73.2,78.08,34.67,50.0,50.0,58.35,NEUTRAL,0.9,52.52,EMERGING,STRONG_UPTREND,RETAIL,8.91,19.98,14.3,1.515
POWERICA,CAPITAL_GOODS,574.35,2026-07-13,81.5,69.68,32.54,50.0,50.0,58.32,NEUTRAL,0.9,52.49,EMERGING,INSUFFICIENT_DATA,RETAIL,23.04,40.03,,0.627
TMB,REALTY,801.1,2026-07-13,65.58,97.2,33.21,50.0,38.89,58.31,NEUTRAL,0.9,52.48,EMERGING,STRONG_UPTREND,RETAIL,3.42,22.73,75.85,1.064
SBINMID150,OTHER,23.26,2026-07-13,56.13,94.08,39.76,50.0,50.0,58.3,NEUTRAL,0.9,52.47,EMERGING,INSUFFICIENT_DATA,DII,5.82,8.9,,0.211
SHREEPUSHK,CHEMICALS,417.6,2026-07-13,84.78,75.46,30.65,50.0,38.89,58.25,NEUTRAL,0.9,52.42,EMERGING,STRONG_UPTREND,RETAIL,17.45,23.42,14.79,1.428
VAIBHAVGBL,FMCG,255.88,2026-07-13,76.97,74.52,32.96,50.0,50.0,58.24,NEUTRAL,0.9,52.42,EMERGING,STRONG_UPTREND,RETAIL,14.44,17.68,3.86,0.712
KTKBANK,BANKING,278.95,2026-07-13,65.66,97.18,32.71,50.0,38.89,58.23,NEUTRAL,0.9,52.41,EMERGING,STRONG_UPTREND,MIXED,5.2,14.81,45.62,0.941
BAJFINANCE,FINANCIAL_SERVICES,1022.6,2026-07-13,75.11,85.5,34.6,47.98,38.89,58.23,NEUTRAL,0.9,52.41,EMERGING,STRONG_UPTREND,RETAIL,15.67,10.61,8.56,0.531
MULTICAP,OTHER,16.7,2026-07-13,58.41,90.86,39.76,50.0,50.0,58.23,NEUTRAL,0.9,52.41,EMERGING,STRONG_UPTREND,DII,5.56,6.85,1.77,0.45
GROWWNXT50,OTHER,72.58,2026-07-13,53.4,97.1,39.76,50.0,50.0,58.22,NEUTRAL,0.9,52.4,EMERGING,STRONG_UPTREND,DII,4.49,7.35,,0.702
REDINGTON,IT,283.3,2026-07-13,79.72,80.22,32.05,50.0,38.89,58.22,NEUTRAL,0.9,52.4,EMERGING,STRONG_UPTREND,RETAIL,23.31,28.09,-8.83,0.516
SIKA,DEFENCE,1200.8,2026-07-13,71.38,76.66,37.68,50.0,50.0,58.21,NEUTRAL,0.9,52.39,EMERGING,INSUFFICIENT_DATA,RETAIL,32.72,,,0.132
MONEXT50,OTHER,72.08,2026-07-13,56.06,93.58,39.76,50.0,50.0,58.18,NEUTRAL,0.9,52.36,EMERGING,STRONG_UPTREND,DII,4.55,7.18,6.36,0.216
SMALL250,OTHER,18.21,2026-07-13,64.75,82.56,39.76,50.0,50.0,58.15,NEUTRAL,0.9,52.34,EMERGING,INSUFFICIENT_DATA,DII,8.33,13.81,,0.69
MANORAMA,FMCG,1627.3,2026-07-13,68.16,84.92,32.96,50.0,50.0,58.12,NEUTRAL,0.9,52.31,EMERGING,STRONG_UPTREND,RETAIL,5.62,26.87,4.3,0.911
ITAXIS,OTHER,318.92,2026-07-13,52.06,98.28,39.76,50.0,50.0,58.12,NEUTRAL,0.9,52.31,EMERGING,INSUFFICIENT_DATA,DII,,,,2.121
DEFENCE,OTHER,78.54,2026-07-13,57.98,90.82,39.76,50.0,50.0,58.11,NEUTRAL,0.9,52.3,EMERGING,INSUFFICIENT_DATA,DII,4.75,14.71,,0.798
ALPL30IETF,OTHER,27.7,2026-07-13,56.26,92.9,39.76,50.0,50.0,58.1,NEUTRAL,0.9,52.29,EMERGING,STRONG_UPTREND,DII,5.4,4.96,0.91,0.392
MAJESAUT,AUTO,357.75,2026-07-13,56.65,97.44,34.67,50.0,50.0,58.08,NEUTRAL,0.9,52.27,EMERGING,INSUFFICIENT_DATA,RETAIL,6.79,,,1.964
APOLLOHOSP,HEALTHCARE,8782.5,2026-07-13,61.25,96.26,38.35,50.0,38.89,58.07,NEUTRAL,0.9,52.26,EMERGING,STRONG_UPTREND,DII,3.46,16.92,20.25,1.339
FLUOROCHEM,CHEMICALS,3899.3,2026-07-13,69.91,93.14,30.65,50.0,38.89,58.07,NEUTRAL,0.9,52.26,EMERGING,STRONG_UPTREND,RETAIL,7.09,16.52,11.43,0.85
POKARNA,REALTY,1011.5,2026-07-13,77.73,76.5,33.21,50.0,44.44,58.04,NEUTRAL,0.9,52.24,EMERGING,STRONG_UPTREND,RETAIL,24.48,12.84,-4.06,0.87
SUNDRMFAST,AUTO,960.95,2026-07-13,74.31,79.28,34.67,50.0,44.44,58.03,NEUTRAL,0.9,52.23,EMERGING,STRONG_UPTREND,RETAIL,15.72,19.71,-5.51,0.648
VTL,TEXTILES,650.65,2026-07-13,67.69,89.14,37.16,50.0,38.89,58.02,NEUTRAL,0.9,52.22,EMERGING,STRONG_UPTREND,RETAIL,6.06,16.01,29.81,0.417
EDELWEISS,FINANCIAL_SERVICES,123.93,2026-07-13,72.97,85.1,34.6,50.0,38.89,58.02,NEUTRAL,0.9,52.22,EMERGING,STRONG_UPTREND,RETAIL,15.63,6.31,4.06,0.811
BALRAMCHIN,FMCG,584.85,2026-07-13,72.14,87.76,32.96,50.0,38.89,58.01,NEUTRAL,0.9,52.21,EMERGING,STRONG_UPTREND,RETAIL,9.0,23.52,-5.33,4.71
WIPL,REALTY,172.97,2026-07-13,78.82,79.06,33.21,50.0,38.89,57.99,NEUTRAL,0.9,52.19,EMERGING,STRONG_UPTREND,RETAIL,16.87,11.44,8.44,1.558
AVANTEL,DEFENCE,183.76,2026-07-13,81.66,70.94,37.68,50.0,38.89,57.97,NEUTRAL,0.9,52.17,EMERGING,STRONG_UPTREND,RETAIL,13.45,20.35,21.6,6.986
CEATLTD,AUTO,3867.7,2026-07-13,74.68,74.3,34.67,50.0,50.0,57.96,NEUTRAL,0.9,52.16,EMERGING,STRONG_UPTREND,RETAIL,24.06,6.33,1.06,0.525
BANKBEES,OTHER,600.74,2026-07-13,59.53,88.02,39.76,50.0,50.0,57.94,NEUTRAL,0.9,52.15,EMERGING,STRONG_UPTREND,DII,5.77,4.3,3.45,0.794
NPBET,OTHER,292.17,2026-07-13,57.63,90.34,39.76,50.0,50.0,57.93,NEUTRAL,0.9,52.14,EMERGING,STRONG_UPTREND,DII,5.62,7.02,2.85,0.042
BELRISE,CAPITAL_GOODS,236.56,2026-07-13,65.43,87.74,32.54,50.0,50.0,57.91,NEUTRAL,0.9,52.12,EMERGING,UPTREND,RETAIL,4.15,14.78,90.34,1.744
EBBETF0433,OTHER,1316.14,2026-07-13,51.23,98.26,39.76,50.0,50.0,57.91,NEUTRAL,0.9,52.12,EMERGING,STRONG_UPTREND,DII,2.35,3.35,5.18,1.333
PARKHOSPS,HEALTHCARE,290.45,2026-07-13,58.54,90.46,38.35,50.0,50.0,57.9,NEUTRAL,0.9,52.11,EMERGING,INSUFFICIENT_DATA,DII,3.7,38.01,,0.848
NAVNETEDUL,MEDIA,150.53,2026-07-13,66.53,78.68,40.07,50.0,50.0,57.88,NEUTRAL,0.9,52.09,EMERGING,STRONG_UPTREND,RETAIL,6.08,11.66,3.39,2.2
KIRLFER,METAL,472.55,2026-07-13,64.49,84.24,36.81,50.0,50.0,57.83,NEUTRAL,0.9,52.05,EMERGING,INSUFFICIENT_DATA,DII,13.38,,,0.205
HDFCBSE500,OTHER,37.78,2026-07-13,58.3,88.9,39.76,50.0,50.0,57.81,NEUTRAL,0.9,52.03,EMERGING,STRONG_UPTREND,DII,5.71,5.15,-0.89,0.756
AONETOTAL,OTHER,11.87,2026-07-13,57.62,89.76,39.76,50.0,50.0,57.81,NEUTRAL,0.9,52.03,EMERGING,STRONG_UPTREND,DII,5.04,5.14,0.68,0.922
NITTAGELA,CHEMICALS,1929.2,2026-07-13,75.49,84.86,30.65,50.0,38.89,57.81,NEUTRAL,0.9,52.03,EMERGING,INSUFFICIENT_DATA,RETAIL,32.5,,,1.48
SOMATEX,TEXTILES,114.06,2026-07-13,73.15,81.2,37.16,50.0,38.89,57.79,NEUTRAL,0.9,52.01,EMERGING,INSUFFICIENT_DATA,RETAIL,21.95,,,2.027
BANKETF,OTHER,592.34,2026-07-13,58.51,88.56,39.76,50.0,50.0,57.79,NEUTRAL,0.9,52.01,EMERGING,STRONG_UPTREND,DII,5.93,4.49,3.81,0.384
PVTBKGROWW,OTHER,28.26,2026-07-13,56.28,91.14,39.76,50.0,50.0,57.75,NEUTRAL,0.9,51.98,WATCHLIST,INSUFFICIENT_DATA,DII,6.24,,,0.573
MAFANG,OTHER,196.58,2026-07-13,58.27,88.68,39.76,50.0,50.0,57.76,NEUTRAL,0.9,51.98,WATCHLIST,STRONG_UPTREND,DII,1.19,22.66,29.99,0.646
IMPAL,AUTO,1153.5,2026-07-13,67.64,86.22,34.67,50.0,44.44,57.75,NEUTRAL,0.9,51.98,WATCHLIST,STRONG_UPTREND,RETAIL,9.43,13.88,2.83,0.701
DENORA,CAPITAL_GOODS,883.2,2026-07-13,72.93,77.62,32.54,50.0,50.0,57.76,NEUTRAL,0.9,51.98,WATCHLIST,STRONG_UPTREND,RETAIL,16.65,16.46,-4.97,0.29
SHIVAUM,METAL,419.8,2026-07-13,71.43,77.14,36.81,47.98,50.0,57.74,NEUTRAL,0.9,51.97,WATCHLIST,INSUFFICIENT_DATA,DII,18.0,,,1.356
JSFB,BANKING,486.75,2026-07-13,61.18,92.02,32.71,50.0,50.0,57.74,NEUTRAL,0.9,51.97,WATCHLIST,STRONG_UPTREND,MIXED,4.27,26.56,-0.68,1.815
CENTENKA,TEXTILES,529.65,2026-07-13,64.36,83.4,37.16,50.0,50.0,57.7,NEUTRAL,0.9,51.93,WATCHLIST,STRONG_UPTREND,RETAIL,5.4,23.76,2.77,0.396
MIDSMALL,OTHER,51.0,2026-07-13,52.63,95.26,39.76,50.0,50.0,57.66,NEUTRAL,0.9,51.89,WATCHLIST,UPTREND,DII,3.3,6.54,1.13,0.729
DISAQ,CAPITAL_GOODS,12264.0,2026-07-13,61.99,90.68,32.54,50.0,50.0,57.64,NEUTRAL,0.9,51.88,WATCHLIST,INSUFFICIENT_DATA,RETAIL,9.95,,,0.736
CONSUMAXIS,OTHER,120.3,2026-07-13,51.74,96.3,39.76,50.0,50.0,57.65,NEUTRAL,0.9,51.88,WATCHLIST,INSUFFICIENT_DATA,DII,,,,1.512
LICNMID100,OTHER,63.19,2026-07-13,59.01,87.22,39.76,50.0,50.0,57.65,NEUTRAL,0.9,51.88,WATCHLIST,STRONG_UPTREND,DII,5.09,8.63,6.38,0.332
WSTCSTPAPR,CHEMICALS,535.15,2026-07-13,65.44,88.18,30.65,50.0,50.0,57.63,NEUTRAL,0.9,51.87,WATCHLIST,STRONG_UPTREND,RETAIL,7.31,16.72,-4.45,0.682
JTLIND,METAL,78.24,2026-07-13,74.18,79.44,36.81,50.0,38.89,57.63,NEUTRAL,0.9,51.87,WATCHLIST,UPTREND,DII,10.29,21.53,5.82,0.445
BHAGCHEM,CHEMICALS,293.85,2026-07-13,71.19,80.84,30.65,50.0,50.0,57.6,NEUTRAL,0.9,51.84,WATCHLIST,STRONG_UPTREND,RETAIL,9.77,32.15,-2.5,0.267
JAMNAAUTO,AUTO,135.36,2026-07-13,74.05,77.4,34.67,50.0,44.44,57.59,NEUTRAL,0.9,51.83,WATCHLIST,STRONG_UPTREND,RETAIL,13.51,8.46,43.12,0.352
5PAISA,FINANCIAL_SERVICES,370.7,2026-07-13,77.68,85.38,34.6,50.0,27.78,57.58,NEUTRAL,0.9,51.82,WATCHLIST,STRONG_UPTREND,RETAIL,22.46,21.5,-6.35,0.414
EQUAL200,OTHER,13.8,2026-07-13,57.23,89.04,39.76,50.0,50.0,57.57,NEUTRAL,0.9,51.81,WATCHLIST,STRONG_UPTREND,DII,5.02,6.65,5.02,0.275
GREENPLY,REALTY,317.0,2026-07-13,76.26,80.14,33.21,50.0,38.89,57.57,NEUTRAL,0.9,51.81,WATCHLIST,STRONG_UPTREND,RETAIL,12.73,46.75,-3.88,0.479
HDFCNEXT50,OTHER,73.5,2026-07-13,53.59,93.5,39.76,50.0,50.0,57.55,NEUTRAL,0.9,51.8,WATCHLIST,UPTREND,DII,3.92,6.61,6.11,0.242
GROWWNET,OTHER,10.05,2026-07-13,75.8,65.56,39.76,50.0,50.0,57.51,NEUTRAL,0.9,51.76,WATCHLIST,STRONG_UPTREND,DII,15.38,14.6,1.21,0.731
SOMANYCERA,CAPITAL_GOODS,536.85,2026-07-13,66.87,88.04,32.54,50.0,44.44,57.5,NEUTRAL,0.9,51.75,WATCHLIST,STRONG_UPTREND,RETAIL,7.14,25.93,-4.51,0.686
MOIPO,OTHER,46.95,2026-07-13,66.48,77.16,39.76,50.0,50.0,57.5,NEUTRAL,0.9,51.75,WATCHLIST,INSUFFICIENT_DATA,DII,10.71,12.37,,0.524
SMALLIETF,OTHER,18.21,2026-07-13,52.15,94.96,39.76,50.0,50.0,57.48,NEUTRAL,0.9,51.73,WATCHLIST,INSUFFICIENT_DATA,DII,,,,2.519
VALUEAXIS,OTHER,32.86,2026-07-13,50.81,96.54,39.76,50.0,50.0,57.46,NEUTRAL,0.9,51.71,WATCHLIST,INSUFFICIENT_DATA,DII,,,,0.91
MNC,OTHER,33.37,2026-07-13,57.81,87.78,39.76,50.0,50.0,57.46,NEUTRAL,0.9,51.71,WATCHLIST,UPTREND,DII,3.76,6.75,12.43,1.122
UYFINCORP,FINANCIAL_SERVICES,16.7,2026-07-13,78.38,67.16,34.6,50.0,50.0,57.45,NEUTRAL,0.9,51.71,WATCHLIST,INSUFFICIENT_DATA,RETAIL,18.36,21.63,-11.26,3.279
SCHNEIDER,CAPITAL_GOODS,1378.3,2026-07-13,71.33,78.08,32.54,50.0,50.0,57.46,NEUTRAL,0.9,51.71,WATCHLIST,INSUFFICIENT_DATA,RETAIL,27.28,,,0.395
TRAVELFOOD,HOSPITALITY,1337.8,2026-07-13,62.5,85.16,36.37,50.0,50.0,57.43,NEUTRAL,0.9,51.69,WATCHLIST,STRONG_UPTREND,MIXED,8.26,2.31,17.25,0.531
GREENLAM,INFRASTRUCTURE,260.95,2026-07-13,71.57,87.3,31.01,50.0,38.89,57.39,NEUTRAL,0.9,51.65,WATCHLIST,STRONG_UPTREND,RETAIL,8.87,19.25,4.25,0.705
TARSONS,HEALTHCARE,315.9,2026-07-13,82.11,60.46,38.35,47.98,50.0,57.39,NEUTRAL,0.9,51.65,WATCHLIST,STRONG_UPTREND,DII,52.82,60.7,-17.8,0.289
PVTBANIETF,OTHER,28.44,2026-07-13,57.63,87.6,39.76,50.0,50.0,57.38,NEUTRAL,0.9,51.64,WATCHLIST,STRONG_UPTREND,DII,5.65,5.57,2.63,0.333
AIAENG,CAPITAL_GOODS,4732.0,2026-07-13,74.01,82.7,32.54,50.0,38.89,57.38,NEUTRAL,0.9,51.64,WATCHLIST,UPTREND,RETAIL,6.6,25.41,40.5,1.019
BSE500IETF,OTHER,39.37,2026-07-13,56.37,89.1,39.76,50.0,50.0,57.36,NEUTRAL,0.9,51.62,WATCHLIST,STRONG_UPTREND,DII,4.9,4.13,0.13,0.964
HDFCAMC,FINANCIAL_SERVICES,2749.0,2026-07-13,56.85,85.28,34.6,50.0,61.11,57.36,NEUTRAL,0.9,51.62,WATCHLIST,STRONG_UPTREND,RETAIL,12.3,4.95,-50.82,1.059
ITDC,CAPITAL_GOODS,704.4,2026-07-13,78.51,78.88,32.54,47.98,38.89,57.34,NEUTRAL,0.9,51.61,WATCHLIST,STRONG_UPTREND,RETAIL,17.25,15.4,16.34,0.337
SMALLGROWW,OTHER,47.74,2026-07-13,51.62,94.86,39.76,50.0,50.0,57.33,NEUTRAL,0.9,51.6,WATCHLIST,INSUFFICIENT_DATA,DII,,,,1.404
SENSEXAXIS,OTHER,80.53,2026-07-13,50.52,96.2,39.76,50.0,50.0,57.32,NEUTRAL,0.9,51.59,WATCHLIST,INSUFFICIENT_DATA,DII,,,,0.816
SAKAR,PHARMA,863.5,2026-07-13,57.77,94.06,32.63,50.0,50.0,57.28,NEUTRAL,0.9,51.55,WATCHLIST,STRONG_UPTREND,RETAIL,2.92,46.49,,2.167
GROWWMC150,OTHER,231.35,2026-07-13,56.2,88.86,39.76,50.0,50.0,57.27,NEUTRAL,0.9,51.54,WATCHLIST,INSUFFICIENT_DATA,DII,5.45,8.16,,0.562
GROWWCAPM,OTHER,11.68,2026-07-13,59.57,84.52,39.76,50.0,50.0,57.25,NEUTRAL,0.9,51.52,WATCHLIST,INSUFFICIENT_DATA,DII,6.57,11.66,,0.388
HDFCNIFBAN,OTHER,59.72,2026-07-13,61.32,82.24,39.76,50.0,50.0,57.23,NEUTRAL,0.9,51.51,WATCHLIST,STRONG_UPTREND,DII,5.79,3.93,3.92,4.056
CCL,FMCG,1229.7,2026-07-13,60.8,97.98,32.96,50.0,38.89,57.22,NEUTRAL,0.9,51.5,WATCHLIST,STRONG_UPTREND,RETAIL,3.04,14.04,41.09,0.822
GILT10BETA,OTHER,26.94,2026-07-13,48.27,98.52,39.76,50.0,50.0,57.22,NEUTRAL,0.9,51.5,WATCHLIST,INSUFFICIENT_DATA,DII,3.94,3.74,,0.493
PRICOLLTD,AUTO,621.15,2026-07-13,74.64,78.96,34.67,50.0,38.89,57.22,NEUTRAL,0.9,51.5,WATCHLIST,STRONG_UPTREND,RETAIL,14.38,6.41,36.91,0.582
EQUAL50,OTHER,331.56,2026-07-13,51.74,94.06,39.76,50.0,50.0,57.2,NEUTRAL,0.9,51.48,WATCHLIST,STRONG_UPTREND,DII,3.26,3.29,5.14,0.726
SHADOWFAX,LOGISTICS,222.61,2026-07-13,64.58,84.26,33.47,50.0,50.0,57.19,NEUTRAL,0.9,51.47,WATCHLIST,INSUFFICIENT_DATA,RETAIL,4.9,68.21,,0.654
BIMETAL,AUTO,714.85,2026-07-13,65.32,90.44,34.67,50.0,38.89,57.19,NEUTRAL,0.9,51.47,WATCHLIST,INSUFFICIENT_DATA,RETAIL,11.7,,,6.818
SHRINGARMS,FMCG,231.09,2026-07-13,73.62,73.42,32.96,50.0,50.0,57.18,NEUTRAL,0.9,51.46,WATCHLIST,STRONG_UPTREND,RETAIL,13.17,20.33,,0.971
MOSCHIP,IT,232.83,2026-07-13,83.93,61.44,32.05,50.0,50.0,57.18,NEUTRAL,0.9,51.46,WATCHLIST,STRONG_UPTREND,RETAIL,13.73,32.46,35.79,0.692
PDSL,TEXTILES,359.35,2026-07-13,75.75,74.86,37.16,50.0,38.89,57.18,NEUTRAL,0.9,51.46,WATCHLIST,STRONG_UPTREND,RETAIL,18.89,21.83,-7.36,0.268
SMALLCAP,OTHER,47.56,2026-07-13,67.24,74.54,39.76,50.0,50.0,57.17,NEUTRAL,0.9,51.45,WATCHLIST,STRONG_UPTREND,DII,8.02,14.05,-1.65,0.925
SEDEMAC,AUTO,2719.6,2026-07-13,64.83,82.66,34.67,50.0,50.0,57.17,NEUTRAL,0.9,51.45,WATCHLIST,INSUFFICIENT_DATA,RETAIL,6.87,65.06,,0.314
EPACKPEB,CAPITAL_GOODS,278.32,2026-07-13,84.72,61.82,32.54,47.98,50.0,57.15,NEUTRAL,0.9,51.44,WATCHLIST,STRONG_UPTREND,RETAIL,33.73,56.99,,0.535
YATHARTH,HEALTHCARE,845.45,2026-07-13,55.89,90.02,38.35,50.0,50.0,57.15,NEUTRAL,0.9,51.44,WATCHLIST,STRONG_UPTREND,DII,1.86,12.17,35.1,0.891
SGIL,CAPITAL_GOODS,590.45,2026-07-13,69.93,86.48,32.54,50.0,38.89,57.12,NEUTRAL,0.9,51.41,WATCHLIST,STRONG_UPTREND,RETAIL,7.22,16.67,10.6,1.063
RAINBOW,HEALTHCARE,1483.4,2026-07-13,70.26,80.28,38.35,50.0,38.89,57.12,NEUTRAL,0.9,51.41,WATCHLIST,STRONG_UPTREND,DII,10.65,18.7,-2.82,0.686
GROWWEV,OTHER,31.2,2026-07-13,53.45,91.42,39.76,50.0,50.0,57.1,NEUTRAL,0.9,51.39,WATCHLIST,UPTREND,DII,3.0,6.23,5.73,0.777
NEXT50BETA,OTHER,77.78,2026-07-13,50.61,94.96,39.76,50.0,50.0,57.1,NEUTRAL,0.9,51.39,WATCHLIST,INSUFFICIENT_DATA,DII,4.18,6.78,,0.406
JLHL,HEALTHCARE,1463.7,2026-07-13,70.26,80.14,38.35,50.0,38.89,57.1,NEUTRAL,0.9,51.39,WATCHLIST,STRONG_UPTREND,DII,11.45,16.69,-1.77,0.498
INDHOTEL,HOSPITALITY,738.55,2026-07-13,70.38,81.92,36.37,50.0,38.89,57.09,NEUTRAL,0.9,51.38,WATCHLIST,STRONG_UPTREND,MIXED,10.92,15.13,-3.61,1.34
YESBANK,BANKING,23.78,2026-07-13,64.57,84.48,32.71,50.0,50.0,57.08,NEUTRAL,0.9,51.37,WATCHLIST,UPTREND,MIXED,5.22,24.63,17.9,0.422
MID150CASE,OTHER,11.62,2026-07-13,63.52,78.76,39.76,50.0,50.0,57.08,NEUTRAL,0.9,51.37,WATCHLIST,STRONG_UPTREND,DII,5.64,8.9,6.7,1.044
BFSI,OTHER,27.84,2026-07-13,57.63,85.98,39.76,50.0,50.0,57.06,NEUTRAL,0.9,51.35,WATCHLIST,STRONG_UPTREND,DII,6.75,2.73,1.68,0.332
KSB,CAPITAL_GOODS,943.15,2026-07-13,72.1,83.44,32.54,50.0,38.89,57.05,NEUTRAL,0.9,51.34,WATCHLIST,STRONG_UPTREND,RETAIL,15.03,5.59,8.14,0.546
ICICIBANK,BANKING,1409.5,2026-07-13,63.26,87.94,32.71,47.98,50.0,57.04,NEUTRAL,0.9,51.34,WATCHLIST,STRONG_UPTREND,MIXED,8.98,6.63,-1.14,0.726
SKIPPER,CAPITAL_GOODS,556.0,2026-07-13,65.45,87.52,32.54,50.0,44.44,57.04,NEUTRAL,0.9,51.34,WATCHLIST,STRONG_UPTREND,RETAIL,3.93,44.68,13.19,0.788
BANKIETF,OTHER,59.56,2026-07-13,57.14,86.42,39.76,50.0,50.0,57.02,NEUTRAL,0.9,51.32,WATCHLIST,STRONG_UPTREND,DII,5.75,4.13,3.51,0.326
BNKETFAXIS,OTHER,598.46,2026-07-13,47.59,98.28,39.76,50.0,50.0,57.01,NEUTRAL,0.9,51.31,WATCHLIST,INSUFFICIENT_DATA,DII,,,,0.079
SNXT50BETA,OTHER,94.12,2026-07-13,54.09,90.14,39.76,50.0,50.0,57.0,NEUTRAL,0.9,51.3,WATCHLIST,INSUFFICIENT_DATA,DII,5.06,6.92,,0.464
SBINEQWETF,OTHER,33.31,2026-07-13,54.99,89.0,39.76,50.0,50.0,57.0,NEUTRAL,0.9,51.3,WATCHLIST,STRONG_UPTREND,DII,3.7,3.45,5.18,2.84
SETFNN50,OTHER,773.32,2026-07-13,58.84,84.12,39.76,50.0,50.0,56.99,NEUTRAL,0.9,51.29,WATCHLIST,STRONG_UPTREND,DII,4.67,7.01,6.7,0.707
ALGOQUANT,FINANCIAL_SERVICES,61.32,2026-07-13,72.09,72.7,34.6,50.0,50.0,56.98,NEUTRAL,0.9,51.28,WATCHLIST,INSUFFICIENT_DATA,RETAIL,15.5,11.73,,0.994
ABDL,FMCG,626.25,2026-07-13,77.41,75.98,32.96,50.0,38.89,56.97,NEUTRAL,0.9,51.27,WATCHLIST,UPTREND,RETAIL,9.54,22.94,30.6,0.79
MONARCH,FINANCIAL_SERVICES,363.5,2026-07-13,70.97,82.3,34.6,50.0,38.89,56.96,NEUTRAL,0.9,51.26,WATCHLIST,STRONG_UPTREND,RETAIL,8.28,23.02,-1.3,1.746
GOLDAXIS,OTHER,117.76,2026-07-13,52.01,92.44,39.76,50.0,50.0,56.94,NEUTRAL,0.9,51.25,WATCHLIST,INSUFFICIENT_DATA,DII,,,,2.013
SRGHFL,FINANCIAL_SERVICES,305.1,2026-07-13,64.25,82.14,34.6,50.0,50.0,56.91,NEUTRAL,0.9,51.22,WATCHLIST,STRONG_UPTREND,RETAIL,8.96,12.44,-3.65,0.426
NIFTYAXIS,OTHER,267.57,2026-07-13,47.71,97.6,39.76,50.0,50.0,56.9,NEUTRAL,0.9,51.21,WATCHLIST,INSUFFICIENT_DATA,DII,,,,0.143
KARURVYSYA,BANKING,308.4,2026-07-13,74.33,79.58,32.71,50.0,38.89,56.87,NEUTRAL,0.9,51.18,WATCHLIST,STRONG_UPTREND,MIXED,13.09,9.48,14.99,0.904
AUTOBEES,OTHER,278.85,2026-07-13,56.9,85.94,39.76,50.0,50.0,56.86,NEUTRAL,0.9,51.17,WATCHLIST,STRONG_UPTREND,DII,4.92,1.92,13.8,0.68
ASHIANA,REALTY,376.0,2026-07-13,66.05,85.22,33.21,50.0,44.44,56.86,NEUTRAL,0.9,51.17,WATCHLIST,UPTREND,RETAIL,5.71,15.98,14.29,0.958
EVIETF,OTHER,31.49,2026-07-13,56.31,86.6,39.76,50.0,50.0,56.85,NEUTRAL,0.9,51.16,WATCHLIST,STRONG_UPTREND,DII,3.76,6.82,6.42,0.903
HEXAGON,OTHER,76.16,2026-07-13,50.95,95.28,39.76,47.98,50.0,56.84,NEUTRAL,0.9,51.16,WATCHLIST,INSUFFICIENT_DATA,DII,,,,0.958
EMIL,RETAIL,131.82,2026-07-13,82.15,56.46,37.54,50.0,50.0,56.84,NEUTRAL,0.9,51.16,WATCHLIST,STRONG_UPTREND,RETAIL,25.59,29.83,-4.59,0.643
PURVA,REALTY,248.4,2026-07-13,80.49,62.88,33.21,50.0,50.0,56.84,NEUTRAL,0.9,51.16,WATCHLIST,STRONG_UPTREND,RETAIL,20.92,27.22,-13.54,17.963
UNITDSPR,FMCG,1373.4,2026-07-13,66.53,84.6,32.96,50.0,44.44,56.81,NEUTRAL,0.9,51.13,WATCHLIST,STRONG_UPTREND,RETAIL,9.01,8.3,0.81,0.808
MAKEINDIA,OTHER,161.44,2026-07-13,51.46,92.46,39.76,50.0,50.0,56.81,NEUTRAL,0.9,51.13,WATCHLIST,UPTREND,DII,2.81,4.57,10.48,0.411
HEALTHAXIS,OTHER,166.43,2026-07-13,48.06,96.56,39.76,50.0,50.0,56.78,NEUTRAL,0.9,51.1,WATCHLIST,INSUFFICIENT_DATA,DII,,,,0.259
GROWW,FINANCIAL_SERVICES,208.18,2026-07-13,62.69,83.26,34.6,50.0,50.0,56.74,NEUTRAL,0.9,51.07,WATCHLIST,INSUFFICIENT_DATA,RETAIL,8.65,7.48,,1.035
BANKADD,OTHER,59.53,2026-07-13,53.7,89.28,39.76,50.0,50.0,56.73,NEUTRAL,0.9,51.06,WATCHLIST,INSUFFICIENT_DATA,DII,5.93,4.57,,0.019
MOGSEC,OTHER,65.14,2026-07-13,48.32,95.94,39.76,50.0,50.0,56.72,NEUTRAL,0.9,51.05,WATCHLIST,STRONG_UPTREND,DII,1.61,2.07,4.59,2.011
PIDILITIND,CHEMICALS,1580.7,2026-07-13,50.21,94.34,30.65,50.0,61.11,56.72,NEUTRAL,0.9,51.05,WATCHLIST,UPTREND,RETAIL,4.93,16.48,-46.56,0.765
QMSMEDI,OTHER,108.95,2026-07-13,52.1,91.14,39.76,50.0,50.0,56.7,NEUTRAL,0.9,51.03,WATCHLIST,INSUFFICIENT_DATA,DII,,,,2.239
IKIO,CHEMICALS,204.81,2026-07-13,84.29,61.96,30.65,47.98,50.0,56.69,NEUTRAL,0.9,51.02,WATCHLIST,STRONG_UPTREND,RETAIL,32.79,45.3,-2.28,0.222
BBETF0432,OTHER,1347.65,2026-07-13,48.42,95.6,39.76,50.0,50.0,56.68,NEUTRAL,0.9,51.01,WATCHLIST,STRONG_UPTREND,DII,1.35,2.7,4.85,2.625
GSEC10IETF,OTHER,265.0,2026-07-13,45.54,99.24,39.76,50.0,50.0,56.68,NEUTRAL,0.9,51.01,WATCHLIST,STRONG_UPTREND,DII,1.9,3.19,2.43,0.294
EPL,CHEMICALS,236.83,2026-07-13,62.02,91.88,30.65,50.0,44.44,56.68,NEUTRAL,0.9,51.01,WATCHLIST,STRONG_UPTREND,RETAIL,10.55,1.21,0.94,0.492
RPPL,CHEMICALS,22.57,2026-07-13,81.23,65.66,30.65,47.98,50.0,56.67,NEUTRAL,0.9,51.0,WATCHLIST,STRONG_UPTREND,RETAIL,26.44,41.24,-14.99,0.667
BBNPNBETF,OTHER,58.38,2026-07-13,56.04,86.02,39.76,50.0,50.0,56.67,NEUTRAL,0.9,51.0,WATCHLIST,STRONG_UPTREND,DII,5.08,4.08,3.58,0.465
SKFINDUS,CAPITAL_GOODS,2751.3,2026-07-13,72.52,80.94,32.54,50.0,38.89,56.66,NEUTRAL,0.9,50.99,WATCHLIST,INSUFFICIENT_DATA,RETAIL,13.71,21.46,,0.533
KNACK,OTHER,205.29,2026-07-13,48.49,50.0,39.76,95.42,50.0,56.66,NEUTRAL,0.9,50.99,WATCHLIST,UNKNOWN,DII,,,,0.365
SBCL,METAL,732.75,2026-07-13,66.4,80.04,36.81,50.0,44.44,56.64,NEUTRAL,0.9,50.98,WATCHLIST,UPTREND,DII,2.55,50.66,22.03,0.655
BANKBETF,OTHER,58.97,2026-07-13,57.13,84.56,39.76,50.0,50.0,56.65,NEUTRAL,0.9,50.98,WATCHLIST,STRONG_UPTREND,DII,5.76,4.08,3.57,0.309
SNXT30BEES,OTHER,42.22,2026-07-13,50.4,93.0,39.76,50.0,50.0,56.65,NEUTRAL,0.9,50.98,WATCHLIST,STRONG_UPTREND,DII,2.03,4.84,8.62,0.624
SETFNIFBK,OTHER,596.41,2026-07-13,57.02,84.62,39.76,50.0,50.0,56.63,NEUTRAL,0.9,50.97,WATCHLIST,STRONG_UPTREND,DII,5.82,4.29,3.55,0.135
QUADFUTURE,CAPITAL_GOODS,435.25,2026-07-13,80.95,63.94,32.54,47.98,50.0,56.63,NEUTRAL,0.9,50.97,WATCHLIST,STRONG_UPTREND,RETAIL,28.62,43.86,-15.97,0.521
KRISHNADEF,DEFENCE,1304.8,2026-07-13,65.44,86.4,37.68,47.98,38.89,56.61,NEUTRAL,0.9,50.95,WATCHLIST,INSUFFICIENT_DATA,RETAIL,7.19,37.35,,0.317
CASHIETF,OTHER,1070.56,2026-07-13,44.56,100.0,39.76,50.0,50.0,56.59,NEUTRAL,0.9,50.93,WATCHLIST,STRONG_UPTREND,DII,0.45,1.24,4.97,1.951
SIS,OTHER,434.55,2026-07-13,66.62,80.7,39.76,50.0,38.89,56.58,NEUTRAL,0.9,50.92,WATCHLIST,STRONG_UPTREND,DII,4.6,43.53,13.98,0.17
GROWWCHEM,OTHER,29.76,2026-07-13,50.52,92.32,39.76,50.0,50.0,56.55,NEUTRAL,0.9,50.9,WATCHLIST,INSUFFICIENT_DATA,DII,2.8,9.53,,0.827
RELTD,CAPITAL_GOODS,174.71,2026-07-13,81.27,77.86,32.54,50.0,27.78,56.56,NEUTRAL,0.9,50.9,WATCHLIST,STRONG_UPTREND,RETAIL,37.64,28.16,,0.254
LTGILTBEES,OTHER,29.95,2026-07-13,46.49,97.36,39.76,50.0,50.0,56.55,NEUTRAL,0.9,50.9,WATCHLIST,STRONG_UPTREND,DII,1.66,2.85,3.49,0.614
MASFIN,FINANCIAL_SERVICES,330.55,2026-07-13,67.76,84.22,34.6,50.0,38.89,56.54,NEUTRAL,0.9,50.89,WATCHLIST,STRONG_UPTREND,RETAIL,11.3,7.16,-2.54,1.167
NEXT50ETF,OTHER,72.24,2026-07-13,50.19,92.72,39.76,50.0,50.0,56.54,NEUTRAL,0.9,50.89,WATCHLIST,INSUFFICIENT_DATA,DII,3.76,5.97,,0.634
DIVISLAB,PHARMA,6938.5,2026-07-13,57.38,99.16,32.63,50.0,38.89,56.54,NEUTRAL,0.9,50.89,WATCHLIST,STRONG_UPTREND,RETAIL,4.52,13.44,3.08,0.846
OMAXE,REALTY,90.77,2026-07-13,73.54,72.08,33.21,47.98,50.0,56.54,NEUTRAL,0.9,50.89,WATCHLIST,STRONG_UPTREND,RETAIL,21.71,17.71,-13.61,0.223
HDFCLIQUID,OTHER,1069.04,2026-07-13,44.86,99.32,39.76,50.0,50.0,56.53,NEUTRAL,0.9,50.88,WATCHLIST,STRONG_UPTREND,DII,0.45,1.24,4.81,4.519
DECNGOLD,METAL,199.32,2026-07-13,70.9,69.64,36.81,50.0,50.0,56.52,NEUTRAL,0.9,50.87,WATCHLIST,INSUFFICIENT_DATA,DII,25.71,,,0.341
SOBHA,REALTY,1517.6,2026-07-13,75.85,75.2,33.21,50.0,38.89,56.48,NEUTRAL,0.9,50.83,WATCHLIST,STRONG_UPTREND,RETAIL,17.03,16.75,-10.48,1.939
SIGMAADV,OTHER,582.95,2026-07-13,51.08,91.16,39.76,50.0,50.0,56.45,NEUTRAL,0.9,50.81,WATCHLIST,INSUFFICIENT_DATA,DII,,,,1.002
SETF10GILT,OTHER,265.24,2026-07-13,45.3,98.44,39.76,50.0,50.0,56.46,NEUTRAL,0.9,50.81,WATCHLIST,STRONG_UPTREND,DII,1.98,2.77,2.52,0.27
REPCOHOME,FINANCIAL_SERVICES,419.7,2026-07-13,67.45,84.12,34.6,50.0,38.89,56.44,NEUTRAL,0.9,50.8,WATCHLIST,STRONG_UPTREND,RETAIL,12.19,9.74,-6.47,0.663
NDLVENTURE,FINANCIAL_SERVICES,132.08,2026-07-13,57.11,88.68,34.6,50.0,50.0,56.43,NEUTRAL,0.9,50.79,WATCHLIST,INSUFFICIENT_DATA,RETAIL,3.1,8.9,87.69,0.431
INFRA,OTHER,12.29,2026-07-13,55.61,85.22,39.76,50.0,50.0,56.4,NEUTRAL,0.9,50.76,WATCHLIST,INSUFFICIENT_DATA,DII,4.6,8.38,,1.11
GROWWN200,OTHER,11.39,2026-07-13,53.69,87.64,39.76,50.0,50.0,56.4,NEUTRAL,0.9,50.76,WATCHLIST,STRONG_UPTREND,DII,4.59,3.45,0.62,0.613
BIRLAMONEY,FINANCIAL_SERVICES,157.8,2026-07-13,79.96,59.88,34.6,50.0,50.0,56.39,NEUTRAL,0.9,50.75,WATCHLIST,STRONG_UPTREND,RETAIL,22.95,19.76,-10.1,6.066
ELPROINTL,REALTY,173.81,2026-07-13,52.31,95.84,33.21,50.0,50.0,56.39,NEUTRAL,0.9,50.75,WATCHLIST,INSUFFICIENT_DATA,RETAIL,4.67,,,1.188
INFRAIETF,OTHER,96.59,2026-07-13,50.65,91.26,39.76,50.0,50.0,56.37,NEUTRAL,0.9,50.73,WATCHLIST,UPTREND,DII,3.57,3.03,2.02,0.62
GUFICBIO,PHARMA,400.25,2026-07-13,73.04,78.68,32.63,50.0,38.89,56.36,NEUTRAL,0.9,50.72,WATCHLIST,STRONG_UPTREND,RETAIL,9.94,32.16,4.12,0.433
LMW,CAPITAL_GOODS,16326.0,2026-07-13,61.96,92.56,32.54,50.0,38.89,56.34,NEUTRAL,0.9,50.71,WATCHLIST,STRONG_UPTREND,RETAIL,4.91,19.96,0.93,0.915
MAHLIFE,REALTY,378.6,2026-07-13,73.41,77.3,33.21,50.0,38.89,56.29,NEUTRAL,0.9,50.66,WATCHLIST,STRONG_UPTREND,RETAIL,16.76,9.83,-1.14,0.678
ABSLBANETF,OTHER,59.5,2026-07-13,56.76,83.24,39.76,50.0,50.0,56.29,NEUTRAL,0.9,50.66,WATCHLIST,STRONG_UPTREND,DII,5.8,4.04,3.57,0.163
DCBBANK,BANKING,192.24,2026-07-13,66.14,86.74,32.71,50.0,38.89,56.26,NEUTRAL,0.9,50.63,WATCHLIST,STRONG_UPTREND,MIXED,8.6,1.98,30.75,1.576
TFCILTD,FINANCIAL_SERVICES,80.81,2026-07-13,59.4,91.02,34.6,47.98,44.44,56.24,NEUTRAL,0.9,50.62,WATCHLIST,STRONG_UPTREND,RETAIL,8.91,19.35,-71.93,2.952
ENEXT50,OTHER,71.86,2026-07-13,47.73,94.22,39.76,50.0,50.0,56.23,NEUTRAL,0.9,50.61,WATCHLIST,INSUFFICIENT_DATA,DII,3.66,,,0.374
CMRGREEN,OTHER,229.3,2026-07-13,29.25,70.5,39.76,96.77,50.0,56.22,NEUTRAL,0.9,50.6,WATCHLIST,INSUFFICIENT_DATA,DII,-4.93,,,0.406
HALEOSLABS,PHARMA,1587.3,2026-07-13,72.29,78.96,32.63,50.0,38.89,56.22,NEUTRAL,0.9,50.6,WATCHLIST,INSUFFICIENT_DATA,RETAIL,13.34,23.3,,0.559
RAMRAT,CAPITAL_GOODS,423.95,2026-07-13,71.69,63.06,32.54,50.0,61.11,56.21,NEUTRAL,0.9,50.59,WATCHLIST,STRONG_UPTREND,RETAIL,17.89,27.98,-38.94,1.021
RAYMOND,REALTY,625.5,2026-07-13,75.34,66.14,33.21,50.0,50.0,56.21,NEUTRAL,0.9,50.59,WATCHLIST,STRONG_UPTREND,RETAIL,13.13,61.92,-12.98,0.542
GROWWMOM50,OTHER,10.67,2026-07-13,49.89,91.4,39.76,50.0,50.0,56.2,NEUTRAL,0.9,50.58,WATCHLIST,UPTREND,DII,3.09,3.19,-0.09,0.854
ORIENTHOT,HOSPITALITY,133.41,2026-07-13,79.29,68.34,36.37,47.98,38.89,56.19,NEUTRAL,0.9,50.57,WATCHLIST,STRONG_UPTREND,MIXED,31.44,35.83,-15.1,0.177
NAUKRI,RETAIL,1191.05,2026-07-13,76.37,60.42,37.54,50.0,50.0,56.18,NEUTRAL,0.9,50.56,WATCHLIST,STRONG_UPTREND,RETAIL,22.63,20.2,-12.73,0.545
HONAUT,CAPITAL_GOODS,38215.0,2026-07-13,65.81,86.88,32.54,50.0,38.89,56.17,NEUTRAL,0.9,50.55,WATCHLIST,UPTREND,RETAIL,5.77,33.69,-5.57,1.254
EQUAL50ADD,OTHER,342.53,2026-07-13,50.99,89.76,39.76,50.0,50.0,56.15,NEUTRAL,0.9,50.54,WATCHLIST,STRONG_UPTREND,DII,3.64,3.55,5.22,0.322
JUBLINGREA,CHEMICALS,733.2,2026-07-13,74.72,73.42,30.65,50.0,44.44,56.16,NEUTRAL,0.9,50.54,WATCHLIST,STRONG_UPTREND,RETAIL,18.33,13.13,-11.79,1.45
MANKIND,PHARMA,2507.5,2026-07-13,59.56,86.1,32.63,50.0,50.0,56.14,NEUTRAL,0.9,50.53,WATCHLIST,STRONG_UPTREND,RETAIL,5.53,20.61,-5.46,0.676
ASTERDM,HEALTHCARE,814.9,2026-07-13,54.59,94.84,38.35,50.0,38.89,56.12,NEUTRAL,0.9,50.51,WATCHLIST,STRONG_UPTREND,DII,0.25,19.52,37.04,0.955
LIQUIDCASE,OTHER,114.97,2026-07-13,42.67,99.98,39.76,50.0,50.0,56.12,NEUTRAL,0.9,50.51,WATCHLIST,STRONG_UPTREND,DII,0.45,1.22,4.94,0.729
SGMART,METAL,622.7,2026-07-13,60.21,81.02,36.81,50.0,50.0,56.12,NEUTRAL,0.9,50.51,WATCHLIST,STRONG_UPTREND,DII,4.69,15.45,,1.076
AUTOIETF,OTHER,27.87,2026-07-13,56.42,82.76,39.76,50.0,50.0,56.11,NEUTRAL,0.9,50.5,WATCHLIST,STRONG_UPTREND,DII,4.93,1.64,13.66,0.623
BANK10ADD,OTHER,17.44,2026-07-13,55.69,83.68,39.76,50.0,50.0,56.11,NEUTRAL,0.9,50.5,WATCHLIST,INSUFFICIENT_DATA,DII,7.06,4.49,,0.058
ETERNAL,RETAIL,285.2,2026-07-13,80.47,54.82,37.54,50.0,50.0,56.09,NEUTRAL,0.9,50.48,WATCHLIST,STRONG_UPTREND,RETAIL,18.93,18.72,10.89,0.46
STAR,PHARMA,1074.0,2026-07-13,68.59,74.5,32.63,50.0,50.0,56.07,NEUTRAL,0.9,50.46,WATCHLIST,CONSOLIDATING,RETAIL,9.79,7.4,21.8,0.557
EBBETF0430,OTHER,1605.11,2026-07-13,45.58,96.0,39.76,50.0,50.0,56.05,NEUTRAL,0.9,50.44,WATCHLIST,STRONG_UPTREND,DII,0.86,2.26,4.99,0.952
INFRABEES,OTHER,969.35,2026-07-13,50.08,90.38,39.76,50.0,50.0,56.05,NEUTRAL,0.9,50.44,WATCHLIST,UPTREND,DII,3.47,3.14,1.76,0.537
PATELRMART,RETAIL,227.18,2026-07-13,70.8,68.72,37.54,47.98,50.0,56.05,NEUTRAL,0.9,50.44,WATCHLIST,STRONG_UPTREND,RETAIL,10.32,26.03,,0.736
PREMIERENE,CAPITAL_GOODS,1109.5,2026-07-13,58.3,95.68,32.54,50.0,38.89,56.05,NEUTRAL,0.9,50.44,WATCHLIST,STRONG_UPTREND,RETAIL,4.09,13.77,4.83,0.934
PARACABLES,CAPITAL_GOODS,65.99,2026-07-13,68.68,74.34,32.54,50.0,50.0,56.05,NEUTRAL,0.9,50.44,WATCHLIST,UPTREND,RETAIL,5.31,80.15,11.89,0.305
EIEL,CAPITAL_GOODS,235.89,2026-07-13,79.94,60.2,32.54,50.0,50.0,56.03,NEUTRAL,0.9,50.43,WATCHLIST,STRONG_UPTREND,RETAIL,30.17,36.23,-17.34,0.483
LICNFNHGP,OTHER,276.47,2026-07-13,53.05,86.54,39.76,50.0,50.0,56.02,NEUTRAL,0.9,50.42,WATCHLIST,DOWNTREND,DII,4.4,1.92,-0.97,1.528
INDIGO,AVIATION,5229.5,2026-07-13,65.83,67.82,42.51,50.0,50.0,56.02,NEUTRAL,0.9,50.42,WATCHLIST,STRONG_UPTREND,DII,15.57,14.83,-10.77,0.494
GLENMARK,PHARMA,2301.3,2026-07-13,62.48,86.04,32.63,50.0,44.44,56.02,NEUTRAL,0.9,50.42,WATCHLIST,STRONG_UPTREND,RETAIL,7.32,6.38,3.41,1.269
EBBETF0431,OTHER,1437.36,2026-07-13,45.62,95.7,39.76,50.0,50.0,56.0,NEUTRAL,0.9,50.4,WATCHLIST,STRONG_UPTREND,DII,1.31,2.84,4.78,0.542
VISHNU,CHEMICALS,601.8,2026-07-13,61.67,84.6,30.65,50.0,50.0,55.97,NEUTRAL,0.9,50.37,WATCHLIST,UPTREND,RETAIL,3.73,16.8,20.14,0.736
LIQUIDADD,OTHER,1135.37,2026-07-13,44.25,97.24,39.76,50.0,50.0,55.96,NEUTRAL,0.9,50.36,WATCHLIST,STRONG_UPTREND,DII,0.44,1.23,4.91,1.8
VINCOFE,FMCG,165.41,2026-07-13,68.52,83.94,32.96,47.98,38.89,55.94,NEUTRAL,0.9,50.35,WATCHLIST,STRONG_UPTREND,RETAIL,5.88,19.96,16.5,0.685
UNIMECH,DEFENCE,1173.8,2026-07-13,53.27,87.8,37.68,50.0,50.0,55.91,NEUTRAL,0.9,50.32,WATCHLIST,STRONG_UPTREND,RETAIL,2.17,37.02,,0.546
ATULAUTO,AUTO,487.3,2026-07-13,65.11,75.92,34.67,50.0,50.0,55.9,NEUTRAL,0.9,50.31,WATCHLIST,STRONG_UPTREND,RETAIL,8.39,11.88,5.02,0.549
INDOSTAR,FINANCIAL_SERVICES,269.35,2026-07-13,70.16,69.72,34.6,50.0,50.0,55.9,NEUTRAL,0.9,50.31,WATCHLIST,STRONG_UPTREND,RETAIL,11.8,17.61,-14.17,1.515
AYMSYNTEX,TEXTILES,234.46,2026-07-13,70.48,66.74,37.16,50.0,50.0,55.9,NEUTRAL,0.9,50.31,WATCHLIST,STRONG_UPTREND,RETAIL,7.22,22.01,1.61,1.151
APOLLOPIPE,CAPITAL_GOODS,511.35,2026-07-13,63.2,84.6,32.54,50.0,44.44,55.89,NEUTRAL,0.9,50.3,WATCHLIST,STRONG_UPTREND,RETAIL,4.14,16.59,20.73,1.591
NIACL,FINANCIAL_SERVICES,181.82,2026-07-13,75.79,66.8,34.6,50.0,44.44,55.89,NEUTRAL,0.9,50.3,WATCHLIST,UPTREND,RETAIL,21.06,16.77,-1.98,0.067
LICNETFGSC,OTHER,29.48,2026-07-13,47.06,93.32,39.76,50.0,50.0,55.88,NEUTRAL,0.9,50.29,WATCHLIST,STRONG_UPTREND,DII,1.73,3.08,3.55,0.668
MSCIINDIA,OTHER,29.95,2026-07-13,52.54,86.38,39.76,50.0,50.0,55.86,NEUTRAL,0.9,50.27,WATCHLIST,STRONG_UPTREND,DII,5.12,2.78,0.44,0.025
IDEA,TELECOM,13.96,2026-07-13,61.51,82.0,32.74,50.0,50.0,55.83,NEUTRAL,0.9,50.25,WATCHLIST,UPTREND,DII,0.58,50.92,80.83,0.523
SOLARINDS,CHEMICALS,18156.0,2026-07-13,62.31,91.4,30.65,50.0,38.89,55.82,NEUTRAL,0.9,50.24,WATCHLIST,STRONG_UPTREND,RETAIL,2.59,29.01,21.8,0.667
BOROSCI,CAPITAL_GOODS,162.75,2026-07-13,68.21,73.7,32.54,50.0,50.0,55.8,NEUTRAL,0.9,50.22,WATCHLIST,STRONG_UPTREND,RETAIL,7.32,40.25,-9.38,0.716
MMP,METAL,281.7,2026-07-13,69.52,76.08,36.81,50.0,38.89,55.79,NEUTRAL,0.9,50.21,WATCHLIST,STRONG_UPTREND,DII,8.08,16.61,-2.02,1.049
ESG,OTHER,41.65,2026-07-13,53.45,84.86,39.76,50.0,50.0,55.79,NEUTRAL,0.9,50.21,WATCHLIST,DOWNTREND,DII,5.07,1.61,-2.18,0.811
FEDFINA,FINANCIAL_SERVICES,157.25,2026-07-13,64.45,76.22,34.6,50.0,50.0,55.78,NEUTRAL,0.9,50.2,WATCHLIST,STRONG_UPTREND,RETAIL,5.41,9.88,24.81,1.607
LIQUIDPLUS,OTHER,1094.11,2026-07-13,41.27,99.98,39.76,50.0,50.0,55.77,NEUTRAL,0.9,50.19,WATCHLIST,STRONG_UPTREND,DII,0.45,1.25,5.0,0.387
SJS,AUTO,2154.6,2026-07-13,61.33,88.26,34.67,50.0,38.89,55.75,NEUTRAL,0.9,50.18,WATCHLIST,UPTREND,RETAIL,3.7,20.14,74.49,0.513
NIF100BEES,OTHER,268.89,2026-07-13,52.8,85.44,39.76,50.0,50.0,55.74,NEUTRAL,0.9,50.17,WATCHLIST,DOWNTREND,DII,4.9,2.65,-0.7,0.475
MOMENTUM50,OTHER,52.81,2026-07-13,49.94,89.02,39.76,50.0,50.0,55.74,NEUTRAL,0.9,50.17,WATCHLIST,UPTREND,DII,3.31,3.37,0.13,0.661
ASHIKA,FINANCIAL_SERVICES,399.35,2026-07-13,56.6,85.78,34.6,50.0,50.0,55.73,NEUTRAL,0.9,50.16,WATCHLIST,INSUFFICIENT_DATA,RETAIL,6.27,,,1.247
LOWVOL1,OTHER,21.15,2026-07-13,53.3,84.72,39.76,50.0,50.0,55.72,NEUTRAL,0.9,50.15,WATCHLIST,STRONG_UPTREND,DII,4.86,3.27,0.95,0.319
GRAUWEIL,CHEMICALS,79.89,2026-07-13,62.1,82.82,30.65,50.0,50.0,55.72,NEUTRAL,0.9,50.15,WATCHLIST,INSUFFICIENT_DATA,RETAIL,11.14,,,0.344
KIRLOSBROS,CAPITAL_GOODS,1950.0,2026-07-13,71.01,78.14,32.54,50.0,38.89,55.72,NEUTRAL,0.9,50.15,WATCHLIST,STRONG_UPTREND,RETAIL,13.06,22.77,-8.28,0.229
STEELXIND,METAL,12.12,2026-07-13,64.35,73.76,36.81,50.0,50.0,55.7,NEUTRAL,0.9,50.13,WATCHLIST,UPTREND,DII,3.41,36.18,14.23,0.273
SELECTIPO,OTHER,47.0,2026-07-13,70.66,62.78,39.76,50.0,50.0,55.67,NEUTRAL,0.9,50.1,WATCHLIST,STRONG_UPTREND,DII,10.82,12.57,-4.68,4.973
NAZARA,IT,307.3,2026-07-13,61.46,69.2,32.05,50.0,66.67,55.62,NEUTRAL,0.9,50.06,WATCHLIST,STRONG_UPTREND,RETAIL,9.77,21.78,-78.52,1.49
GOODYEAR,AUTO,786.3,2026-07-13,53.86,88.56,34.67,50.0,50.0,55.61,NEUTRAL,0.9,50.05,WATCHLIST,INSUFFICIENT_DATA,RETAIL,7.01,,,0.457
PVTBANKADD,OTHER,28.6,2026-07-13,56.99,79.42,39.76,50.0,50.0,55.58,NEUTRAL,0.9,50.02,WATCHLIST,STRONG_UPTREND,DII,5.65,5.38,2.58,0.204
CHEMICAL,OTHER,29.64,2026-07-13,47.51,91.22,39.76,50.0,50.0,55.57,NEUTRAL,0.9,50.01,WATCHLIST,INSUFFICIENT_DATA,DII,1.79,9.66,,0.668
AEROENTER,METAL,120.97,2026-07-13,81.64,61.78,36.81,47.98,38.89,55.56,NEUTRAL,0.9,50.0,WATCHLIST,UPTREND,DII,14.94,42.87,9.18,0.215
VMART,RETAIL,767.9,2026-07-13,70.37,72.96,37.54,50.0,38.89,55.53,NEUTRAL,0.9,49.98,WATCHLIST,UPTREND,RETAIL,11.15,23.44,-2.47,0.19
LIQUIDBETF,OTHER,1089.96,2026-07-13,44.09,95.3,39.76,50.0,50.0,55.53,NEUTRAL,0.9,49.98,WATCHLIST,STRONG_UPTREND,DII,0.44,1.2,4.83,1.647
DATAMATICS,IT,896.3,2026-07-13,85.03,60.06,32.05,50.0,38.89,55.51,NEUTRAL,0.9,49.96,WATCHLIST,STRONG_UPTREND,RETAIL,16.98,26.15,16.29,1.23
DDEVPLSTIK,CHEMICALS,294.15,2026-07-13,80.1,63.42,30.65,50.0,44.44,55.5,NEUTRAL,0.9,49.95,WATCHLIST,STRONG_UPTREND,RETAIL,17.26,29.41,-8.88,1.926
ENTERO,PHARMA,1241.8,2026-07-13,62.94,78.68,32.63,50.0,50.0,55.5,NEUTRAL,0.9,49.95,WATCHLIST,STRONG_UPTREND,RETAIL,9.37,3.73,5.3,0.531
CONFIPET,ENERGY,75.35,2026-07-13,65.93,87.04,28.81,50.0,38.89,55.49,NEUTRAL,0.9,49.94,WATCHLIST,STRONG_UPTREND,MIXED,3.33,34.63,36.7,0.465
MASPTOP50,OTHER,79.11,2026-07-13,47.23,91.14,39.76,50.0,50.0,55.49,NEUTRAL,0.9,49.94,WATCHLIST,CONSOLIDATING,DII,-1.1,12.6,33.68,0.27
HUHTAMAKI,CHEMICALS,221.53,2026-07-13,84.12,62.5,30.65,50.0,38.89,55.49,NEUTRAL,0.9,49.94,WATCHLIST,STRONG_UPTREND,RETAIL,29.62,24.58,-2.64,1.044
SEIL,HEALTHCARE,213.56,2026-07-13,58.83,78.0,38.35,50.0,50.0,55.48,NEUTRAL,0.9,49.93,WATCHLIST,INSUFFICIENT_DATA,DII,8.3,,,0.573
HDFCLOWVOL,OTHER,20.64,2026-07-13,51.89,85.28,39.76,50.0,50.0,55.48,NEUTRAL,0.9,49.93,WATCHLIST,DOWNTREND,DII,4.4,3.51,0.54,0.399
ELIQUID,OTHER,1039.08,2026-07-13,40.72,99.24,39.76,50.0,50.0,55.48,NEUTRAL,0.9,49.93,WATCHLIST,INSUFFICIENT_DATA,DII,0.45,1.25,,3.916
LIQUIDSHRI,OTHER,1112.7,2026-07-13,40.09,100.0,39.76,50.0,50.0,55.47,NEUTRAL,0.9,49.92,WATCHLIST,STRONG_UPTREND,DII,0.43,1.17,4.75,0.246
GILT5YBEES,OTHER,65.9,2026-07-13,44.66,94.28,39.76,50.0,50.0,55.47,NEUTRAL,0.9,49.92,WATCHLIST,STRONG_UPTREND,DII,1.07,1.68,5.05,0.644
ARE&M,AUTO,909.05,2026-07-13,73.33,71.86,34.67,50.0,38.89,55.47,NEUTRAL,0.9,49.92,WATCHLIST,STRONG_UPTREND,RETAIL,12.08,22.61,-6.9,2.221
TATATECH,FMCG,760.8,2026-07-13,56.82,94.08,32.96,50.0,38.89,55.45,NEUTRAL,0.9,49.9,WATCHLIST,STRONG_UPTREND,RETAIL,0.34,34.36,6.78,1.977
MOMNC,OTHER,32.38,2026-07-13,47.57,90.48,39.76,50.0,50.0,55.44,NEUTRAL,0.9,49.9,WATCHLIST,INSUFFICIENT_DATA,DII,3.29,7.22,,0.159
GROWWLIQID,OTHER,109.88,2026-07-13,41.36,98.16,39.76,50.0,50.0,55.42,NEUTRAL,0.9,49.88,WATCHLIST,STRONG_UPTREND,DII,0.43,1.17,4.72,0.53
MARICO,FMCG,846.75,2026-07-13,56.71,93.98,32.96,50.0,38.89,55.4,NEUTRAL,0.9,49.86,WATCHLIST,STRONG_UPTREND,RETAIL,3.27,10.94,17.57,0.499
SMCGLOBAL,FINANCIAL_SERVICES,76.54,2026-07-13,64.79,61.3,34.6,50.0,66.67,55.38,NEUTRAL,0.9,49.84,WATCHLIST,STRONG_UPTREND,RETAIL,12.54,21.76,-48.94,1.427
MOTOUR,OTHER,80.94,2026-07-13,64.55,68.8,39.76,50.0,50.0,55.35,NEUTRAL,0.9,49.82,WATCHLIST,STRONG_UPTREND,DII,11.64,11.63,-14.26,0.285
GSEC10YEAR,OTHER,30.42,2026-07-13,44.25,94.2,39.76,50.0,50.0,55.35,NEUTRAL,0.9,49.82,WATCHLIST,STRONG_UPTREND,DII,1.43,3.26,3.89,0.046
CONSUMBEES,OTHER,129.65,2026-07-13,55.88,79.6,39.76,50.0,50.0,55.34,NEUTRAL,0.9,49.81,WATCHLIST,DOWNTREND,DII,5.21,4.19,0.07,0.611
SAMBHV,METAL,120.92,2026-07-13,72.4,61.88,36.81,50.0,50.0,55.34,NEUTRAL,0.9,49.81,WATCHLIST,STRONG_UPTREND,DII,15.44,7.76,-4.55,1.163
HOMEFIRST,FINANCIAL_SERVICES,1261.0,2026-07-13,77.39,66.04,34.6,50.0,38.89,55.31,NEUTRAL,0.9,49.78,WATCHLIST,STRONG_UPTREND,RETAIL,20.2,15.86,-7.65,1.572
CORDELIA,OTHER,854.45,2026-07-13,48.01,89.12,39.76,50.0,50.0,55.28,NEUTRAL,0.9,49.75,WATCHLIST,INSUFFICIENT_DATA,DII,,,,0.243
NEXT30ADD,OTHER,42.32,2026-07-13,51.72,84.4,39.76,50.0,50.0,55.26,NEUTRAL,0.9,49.73,WATCHLIST,STRONG_UPTREND,DII,2.05,4.96,8.76,0.93
VIDYAWIRES,METAL,96.35,2026-07-13,70.2,64.2,36.81,50.0,50.0,55.25,NEUTRAL,0.9,49.72,WATCHLIST,INSUFFICIENT_DATA,DII,7.89,53.01,,0.3
LOWVOL,OTHER,205.75,2026-07-13,48.89,87.82,39.76,50.0,50.0,55.24,NEUTRAL,0.9,49.72,WATCHLIST,DOWNTREND,DII,3.96,2.81,0.37,0.106
LIQUID1,OTHER,1113.22,2026-07-13,42.36,95.88,39.76,50.0,50.0,55.22,NEUTRAL,0.9,49.7,WATCHLIST,STRONG_UPTREND,DII,0.45,1.25,5.02,0.601
SPECIALITY,HOSPITALITY,124.05,2026-07-13,72.89,61.1,36.37,50.0,50.0,55.22,NEUTRAL,0.9,49.7,WATCHLIST,STRONG_UPTREND,MIXED,16.59,20.17,-9.75,0.316
JNKINDIA,CAPITAL_GOODS,504.95,2026-07-13,61.79,89.12,32.54,47.98,38.89,55.21,NEUTRAL,0.9,49.69,WATCHLIST,STRONG_UPTREND,RETAIL,1.4,83.15,53.32,0.314
RGL,FMCG,119.43,2026-07-13,75.14,61.5,32.96,50.0,50.0,55.18,NEUTRAL,0.9,49.66,WATCHLIST,STRONG_UPTREND,RETAIL,24.23,10.02,-0.16,0.214
KALYANKJIL,FMCG,510.65,2026-07-13,80.34,65.34,32.96,47.98,38.89,55.17,NEUTRAL,0.9,49.65,WATCHLIST,STRONG_UPTREND,RETAIL,50.77,13.69,-13.47,5.831
JAYNECOIND,METAL,93.93,2026-07-13,72.72,60.56,36.81,50.0,50.0,55.15,NEUTRAL,0.9,49.64,WATCHLIST,CONSOLIDATING,DII,5.67,14.98,133.71,1.308
NIFTYETF,OTHER,262.82,2026-07-13,53.33,81.86,39.76,50.0,50.0,55.16,NEUTRAL,0.9,49.64,WATCHLIST,DOWNTREND,DII,4.58,1.26,-2.02,2.866
ZOTA,PHARMA,1437.2,2026-07-13,79.06,65.2,32.63,50.0,38.89,55.16,NEUTRAL,0.9,49.64,WATCHLIST,STRONG_UPTREND,RETAIL,18.37,8.8,19.3,0.984
INDIAGLYCO,FMCG,1088.2,2026-07-13,65.03,78.1,32.96,50.0,44.44,55.14,NEUTRAL,0.9,49.63,WATCHLIST,STRONG_UPTREND,RETAIL,13.19,17.5,-43.35,1.4
PREMIERPOL,OTHER,65.6,2026-07-13,57.47,84.78,39.76,50.0,38.89,55.11,NEUTRAL,0.9,49.6,WATCHLIST,INSUFFICIENT_DATA,DII,,,20.06,0.92
GROWWLOVOL,OTHER,10.37,2026-07-13,49.11,86.84,39.76,50.0,50.0,55.1,NEUTRAL,0.9,49.59,WATCHLIST,DOWNTREND,DII,3.7,1.67,2.47,0.458
VAML,OTHER,450.95,2026-07-13,49.49,86.34,39.76,50.0,50.0,55.09,NEUTRAL,0.9,49.58,WATCHLIST,INSUFFICIENT_DATA,DII,,,,0.569
THOMASCOTT,TEXTILES,334.8,2026-07-13,84.15,45.62,37.16,50.0,50.0,55.09,NEUTRAL,0.9,49.58,WATCHLIST,STRONG_UPTREND,RETAIL,31.04,27.96,,1.44
WPIL,CAPITAL_GOODS,461.75,2026-07-13,59.46,80.96,32.54,50.0,50.0,55.07,NEUTRAL,0.9,49.56,WATCHLIST,INSUFFICIENT_DATA,RETAIL,9.34,,,0.38
FMCGADD,OTHER,49.03,2026-07-13,44.87,91.94,39.76,50.0,50.0,55.06,NEUTRAL,0.9,49.55,WATCHLIST,INSUFFICIENT_DATA,DII,1.57,,,0.847
SGFIN,FINANCIAL_SERVICES,617.05,2026-07-13,61.83,75.84,34.6,50.0,50.0,55.05,NEUTRAL,0.9,49.54,WATCHLIST,UPTREND,RETAIL,4.59,33.81,,1.596
ANTELOPUS,ENERGY,847.6,2026-07-13,61.9,81.56,28.81,50.0,50.0,55.05,NEUTRAL,0.9,49.54,WATCHLIST,STRONG_UPTREND,MIXED,3.52,40.79,,1.604
LICNETFN50,OTHER,271.0,2026-07-13,51.21,83.72,39.76,50.0,50.0,55.0,NEUTRAL,0.9,49.5,WATCHLIST,DOWNTREND,DII,4.76,1.22,-2.38,0.636
MOSERVICE,OTHER,31.43,2026-07-13,55.98,77.72,39.76,50.0,50.0,54.99,NEUTRAL,0.9,49.49,WATCHLIST,INSUFFICIENT_DATA,DII,6.25,1.85,,1.282
SETFNIF50,OTHER,260.49,2026-07-13,53.07,81.32,39.76,50.0,50.0,54.98,NEUTRAL,0.9,49.48,WATCHLIST,DOWNTREND,DII,4.76,1.36,-2.14,1.064
DLF,REALTY,682.35,2026-07-13,75.87,59.34,33.21,50.0,50.0,54.98,NEUTRAL,0.9,49.48,WATCHLIST,STRONG_UPTREND,RETAIL,21.16,19.79,-19.27,1.304
MPSLTD,HEALTHCARE,2020.7,2026-07-13,69.08,62.64,38.35,50.0,50.0,54.97,NEUTRAL,0.9,49.47,WATCHLIST,STRONG_UPTREND,DII,11.84,16.84,-17.33,1.456
ANANTRAJ,REALTY,589.15,2026-07-13,76.56,58.44,33.21,50.0,50.0,54.97,NEUTRAL,0.9,49.47,WATCHLIST,STRONG_UPTREND,RETAIL,13.44,20.7,-0.01,1.148
NIF100IETF,OTHER,28.07,2026-07-13,52.65,81.8,39.76,50.0,50.0,54.97,NEUTRAL,0.9,49.47,WATCHLIST,DOWNTREND,DII,4.23,1.85,-1.3,2.178
SILVERAXIS,OTHER,215.62,2026-07-13,49.64,85.56,39.76,50.0,50.0,54.97,NEUTRAL,0.9,49.47,WATCHLIST,INSUFFICIENT_DATA,DII,,,,0.597
TOP100CASE,OTHER,10.57,2026-07-13,51.91,82.72,39.76,50.0,50.0,54.97,NEUTRAL,0.9,49.47,WATCHLIST,DOWNTREND,DII,4.34,2.03,-0.84,0.875
VLSFINANCE,FINANCIAL_SERVICES,255.55,2026-07-13,68.18,50.76,34.6,50.0,72.22,54.95,NEUTRAL,0.9,49.46,WATCHLIST,STRONG_UPTREND,RETAIL,12.08,7.79,4.28,0.297
MANUFGBEES,OTHER,159.84,2026-07-13,48.96,86.32,39.76,50.0,50.0,54.96,NEUTRAL,0.9,49.46,WATCHLIST,UPTREND,DII,3.04,5.1,,0.949
GRINDWELL,CAPITAL_GOODS,2034.3,2026-07-13,68.53,77.32,32.54,50.0,38.89,54.94,NEUTRAL,0.9,49.45,WATCHLIST,UPTREND,RETAIL,6.24,32.39,13.92,0.175
LTGILTCASE,OTHER,30.53,2026-07-13,41.22,95.9,39.76,50.0,50.0,54.94,NEUTRAL,0.9,49.45,WATCHLIST,STRONG_UPTREND,DII,1.63,2.86,,0.298
SBIETFCON,OTHER,120.13,2026-07-13,54.44,79.34,39.76,50.0,50.0,54.93,NEUTRAL,0.9,49.44,WATCHLIST,DOWNTREND,DII,4.94,4.1,0.01,0.457
TVSMOTOR,AUTO,3676.9,2026-07-13,60.44,85.24,34.67,50.0,38.89,54.93,NEUTRAL,0.9,49.44,WATCHLIST,STRONG_UPTREND,RETAIL,10.26,-4.24,29.05,0.434
EMMVEE,CAPITAL_GOODS,339.2,2026-07-13,56.91,83.46,32.54,50.0,50.0,54.93,NEUTRAL,0.9,49.44,WATCHLIST,INSUFFICIENT_DATA,RETAIL,2.66,46.38,,0.779
M&MFIN,FINANCIAL_SERVICES,332.7,2026-07-13,79.44,61.42,34.6,50.0,38.89,54.9,NEUTRAL,0.9,49.41,WATCHLIST,STRONG_UPTREND,RETAIL,20.0,10.13,28.04,0.48
SOUTHBANK,BANKING,45.88,2026-07-13,56.3,83.88,32.71,50.0,50.0,54.89,NEUTRAL,0.9,49.4,WATCHLIST,UPTREND,MIXED,1.66,18.37,53.7,0.504
360ONE,FINANCIAL_SERVICES,1118.0,2026-07-13,60.5,80.88,34.6,50.0,44.44,54.89,NEUTRAL,0.9,49.4,WATCHLIST,STRONG_UPTREND,RETAIL,6.27,10.4,-7.0,1.832
TURTLEMINT,OTHER,136.18,2026-07-13,49.81,84.92,39.76,50.0,50.0,54.89,NEUTRAL,0.9,49.4,WATCHLIST,INSUFFICIENT_DATA,DII,,,,0.636
NIFTYBEES,OTHER,275.3,2026-07-13,51.88,82.16,39.76,50.0,50.0,54.85,NEUTRAL,0.9,49.36,WATCHLIST,DOWNTREND,DII,4.64,1.23,-2.18,0.895
AONELIQUID,OTHER,1067.89,2026-07-13,41.45,95.12,39.76,50.0,50.0,54.84,NEUTRAL,0.9,49.36,WATCHLIST,STRONG_UPTREND,DII,0.45,1.24,4.96,0.445
CAPITALSFB,BANKING,298.55,2026-07-13,66.96,80.58,32.71,47.98,38.89,54.83,NEUTRAL,0.9,49.35,WATCHLIST,STRONG_UPTREND,MIXED,8.48,14.84,-3.41,1.811
NIRLON,REALTY,629.2,2026-07-13,44.17,98.24,33.21,50.0,50.0,54.83,NEUTRAL,0.9,49.35,WATCHLIST,INSUFFICIENT_DATA,RETAIL,1.48,,,1.313
PONNIERODE,FMCG,329.55,2026-07-13,62.74,83.6,32.96,50.0,38.89,54.83,NEUTRAL,0.9,49.35,WATCHLIST,STRONG_UPTREND,RETAIL,4.89,16.47,-0.84,5.171
HDFCMOMENT,OTHER,30.88,2026-07-13,48.71,85.86,39.76,50.0,50.0,54.8,NEUTRAL,0.9,49.32,WATCHLIST,DOWNTREND,DII,3.07,1.78,-0.32,0.933
IONEXCHANG,INFRASTRUCTURE,451.7,2026-07-13,80.13,63.66,31.01,50.0,38.89,54.8,NEUTRAL,0.9,49.32,WATCHLIST,STRONG_UPTREND,RETAIL,34.17,19.47,-17.64,2.171
SUNTECK,REALTY,323.95,2026-07-13,62.89,36.98,33.21,95.96,38.89,54.79,NEUTRAL,0.9,49.31,WATCHLIST,DOWNTREND,RETAIL,16.05,2.37,-24.11,0.953
HAL,DEFENCE,4511.3,2026-07-13,60.65,81.24,37.68,50.0,38.89,54.78,NEUTRAL,0.9,49.3,WATCHLIST,STRONG_UPTREND,RETAIL,6.92,9.71,-3.02,0.709
CENTURYPLY,REALTY,789.45,2026-07-13,62.07,83.8,33.21,50.0,38.89,54.75,NEUTRAL,0.9,49.28,WATCHLIST,STRONG_UPTREND,RETAIL,6.25,7.53,9.59,0.615
LINC,FMCG,113.73,2026-07-13,72.85,70.54,32.96,50.0,38.89,54.75,NEUTRAL,0.9,49.28,WATCHLIST,STRONG_UPTREND,RETAIL,14.1,14.81,,1.085
NIFTYBETA,OTHER,268.27,2026-07-13,52.23,81.26,39.76,50.0,50.0,54.76,NEUTRAL,0.9,49.28,WATCHLIST,INSUFFICIENT_DATA,DII,4.77,1.38,,2.39
ACE,AUTO,985.7,2026-07-13,66.37,68.5,34.67,50.0,50.0,54.73,NEUTRAL,0.9,49.26,WATCHLIST,UPTREND,RETAIL,12.29,8.4,-13.58,1.961
CAMS,FINANCIAL_SERVICES,785.75,2026-07-13,47.12,84.28,34.6,50.0,61.11,54.72,NEUTRAL,0.9,49.25,WATCHLIST,UPTREND,RETAIL,6.02,9.77,-81.34,0.561
GSEC5IETF,OTHER,66.02,2026-07-13,44.2,90.98,39.76,50.0,50.0,54.7,NEUTRAL,0.9,49.23,WATCHLIST,STRONG_UPTREND,DII,1.04,2.2,4.93,0.509
MOBANK10,OTHER,17.44,2026-07-13,57.25,74.4,39.76,50.0,50.0,54.64,NEUTRAL,0.9,49.18,WATCHLIST,INSUFFICIENT_DATA,DII,7.26,4.18,,0.452
IIFL,FINANCIAL_SERVICES,556.9,2026-07-13,75.6,65.0,34.6,50.0,38.89,54.65,NEUTRAL,0.9,49.18,WATCHLIST,STRONG_UPTREND,RETAIL,12.21,22.27,4.49,0.608
FINCABLES,CAPITAL_GOODS,1058.4,2026-07-13,68.55,75.82,32.54,50.0,38.89,54.64,NEUTRAL,0.9,49.18,WATCHLIST,CONSOLIDATING,RETAIL,6.43,24.85,13.94,0.385
AKCAPIT,FINANCIAL_SERVICES,1763.3,2026-07-13,48.35,90.62,34.6,50.0,50.0,54.63,NEUTRAL,0.9,49.17,WATCHLIST,INSUFFICIENT_DATA,RETAIL,2.97,,,3.113
EBANKNIFTY,OTHER,58.71,2026-07-13,61.27,69.22,39.76,50.0,50.0,54.61,NEUTRAL,0.9,49.15,WATCHLIST,STRONG_UPTREND,DII,6.34,4.82,3.73,0.775
BAJAJFINSV,FINANCIAL_SERVICES,1908.1,2026-07-13,68.27,73.86,34.6,50.0,38.89,54.59,NEUTRAL,0.9,49.13,WATCHLIST,DOWNTREND,RETAIL,14.66,5.47,-5.99,0.75
LIQUIDETF,OTHER,1000.0,2026-07-13,40.47,95.12,39.76,50.0,50.0,54.59,NEUTRAL,0.9,49.13,WATCHLIST,DOWNTREND,DII,0.0,0.0,0.0,3.285
KKCL,TEXTILES,504.05,2026-07-13,66.41,69.42,37.16,50.0,44.44,54.58,NEUTRAL,0.9,49.12,WATCHLIST,STRONG_UPTREND,RETAIL,15.91,4.56,-9.25,0.326
ABGSEC,OTHER,114.0,2026-07-13,38.3,97.64,39.76,50.0,50.0,54.56,NEUTRAL,0.9,49.1,WATCHLIST,STRONG_UPTREND,DII,0.16,0.99,3.37,0.157
MONIFTY100,OTHER,25.42,2026-07-13,50.87,81.76,39.76,50.0,50.0,54.52,NEUTRAL,0.9,49.07,WATCHLIST,INSUFFICIENT_DATA,DII,4.74,2.38,,0.683
SUPREMEINF,INFRASTRUCTURE,79.14,2026-07-13,59.4,79.86,31.01,50.0,50.0,54.52,NEUTRAL,0.9,49.07,WATCHLIST,INSUFFICIENT_DATA,RETAIL,8.99,,,0.268
SHAHALLOYS,METAL,71.93,2026-07-13,61.37,71.56,36.81,50.0,50.0,54.52,NEUTRAL,0.9,49.07,WATCHLIST,STRONG_UPTREND,DII,5.36,5.35,14.76,0.537
VERANDA,HEALTHCARE,231.86,2026-07-13,61.13,70.18,38.35,50.0,50.0,54.49,NEUTRAL,0.9,49.04,WATCHLIST,CONSOLIDATING,DII,4.6,53.06,-8.12,0.503
LIQUIDSBI,OTHER,999.99,2026-07-13,39.96,95.12,39.76,50.0,50.0,54.47,NEUTRAL,0.9,49.02,WATCHLIST,DOWNTREND,DII,0.0,0.0,-0.0,1.555
JUSTDIAL,RETAIL,676.85,2026-07-13,76.28,51.94,37.54,50.0,50.0,54.47,NEUTRAL,0.9,49.02,WATCHLIST,STRONG_UPTREND,RETAIL,26.48,16.4,-23.55,17.671
CARYSIL,FMCG,1183.6,2026-07-13,56.42,89.7,32.96,50.0,38.89,54.47,NEUTRAL,0.9,49.02,WATCHLIST,STRONG_UPTREND,RETAIL,-0.7,40.34,34.98,0.713
HDFCNIF100,OTHER,26.11,2026-07-13,51.99,80.06,39.76,50.0,50.0,54.46,NEUTRAL,0.9,49.01,WATCHLIST,DOWNTREND,DII,4.65,2.43,-0.8,0.501
NRBBEARING,AUTO,424.1,2026-07-13,51.58,81.4,34.67,50.0,55.56,54.44,NEUTRAL,0.9,49.0,WATCHLIST,UPTREND,RETAIL,-2.77,64.76,39.9,0.511
JAGSNPHARM,PHARMA,230.06,2026-07-13,67.78,52.54,32.63,47.98,72.22,54.41,NEUTRAL,0.9,48.97,WATCHLIST,STRONG_UPTREND,RETAIL,12.48,19.25,-9.5,0.091
PITTIENG,CAPITAL_GOODS,973.55,2026-07-13,59.14,86.44,32.54,50.0,38.89,54.41,NEUTRAL,0.9,48.97,WATCHLIST,STRONG_UPTREND,RETAIL,4.91,16.07,-1.13,0.703
MOTHERSON,CAPITAL_GOODS,144.06,2026-07-13,56.39,85.58,32.54,50.0,44.44,54.39,NEUTRAL,0.9,48.95,WATCHLIST,UPTREND,RETAIL,1.3,17.93,42.68,0.646
NIBE,DEFENCE,1594.4,2026-07-13,65.91,72.56,37.68,50.0,38.89,54.36,NEUTRAL,0.9,48.92,WATCHLIST,UPTREND,RETAIL,6.1,64.38,-4.48,0.392
GOCLCORP,CHEMICALS,402.95,2026-07-13,62.73,75.24,30.65,50.0,50.0,54.36,NEUTRAL,0.9,48.92,WATCHLIST,UPTREND,RETAIL,4.32,44.09,1.95,0.223
KIRLPNU,CAPITAL_GOODS,1768.8,2026-07-13,75.85,61.02,32.54,50.0,44.44,54.34,NEUTRAL,0.9,48.91,WATCHLIST,UPTREND,RETAIL,8.8,46.9,20.22,0.227
LIQGRWBEES,OTHER,1047.32,2026-07-13,36.79,98.3,39.76,50.0,50.0,54.31,NEUTRAL,0.9,48.88,WATCHLIST,STRONG_UPTREND,DII,0.43,1.18,,0.438
THAKDEV,REALTY,127.28,2026-07-13,63.91,70.86,33.21,50.0,50.0,54.29,NEUTRAL,0.9,48.86,WATCHLIST,INSUFFICIENT_DATA,RETAIL,10.58,,,1.15
TIRUPATIFL,OTHER,69.07,2026-07-13,47.73,84.44,39.76,50.0,50.0,54.27,NEUTRAL,0.9,48.84,WATCHLIST,INSUFFICIENT_DATA,DII,,,,0.152
NETF,OTHER,262.97,2026-07-13,51.49,79.56,39.76,50.0,50.0,54.24,NEUTRAL,0.9,48.82,WATCHLIST,DOWNTREND,DII,4.29,1.35,-2.48,1.435
MOMOMENTUM,OTHER,61.9,2026-07-13,45.69,86.78,39.76,50.0,50.0,54.23,NEUTRAL,0.9,48.81,WATCHLIST,DOWNTREND,DII,2.72,0.45,-0.66,0.676
SAYAJIHOTL,HOSPITALITY,310.0,2026-07-13,47.5,87.88,36.37,50.0,50.0,54.22,NEUTRAL,0.9,48.8,WATCHLIST,INSUFFICIENT_DATA,MIXED,,,,0.013
MAFATIND,TEXTILES,136.84,2026-07-13,58.33,73.46,37.16,50.0,50.0,54.21,NEUTRAL,0.9,48.79,WATCHLIST,INSUFFICIENT_DATA,RETAIL,7.88,,,0.427
MOINFRA,OTHER,61.59,2026-07-13,45.7,86.64,39.76,50.0,50.0,54.2,NEUTRAL,0.9,48.78,WATCHLIST,CONSOLIDATING,DII,1.05,2.16,1.73,1.505
PVRINOX,MEDIA,1020.55,2026-07-13,64.07,63.32,40.07,50.0,50.0,54.2,NEUTRAL,0.9,48.78,WATCHLIST,DOWNTREND,RETAIL,6.56,7.57,0.11,1.25
APTUS,FINANCIAL_SERVICES,289.5,2026-07-13,75.18,59.06,34.6,50.0,44.44,54.19,NEUTRAL,0.9,48.77,WATCHLIST,STRONG_UPTREND,RETAIL,14.63,29.69,-17.46,1.481
LANCORHOL,REALTY,28.07,2026-07-13,73.98,66.1,33.21,50.0,38.89,54.19,NEUTRAL,0.9,48.77,WATCHLIST,INSUFFICIENT_DATA,RETAIL,12.69,,23.28,1.983
EUROPRATIK,REALTY,312.4,2026-07-13,78.63,60.2,33.21,50.0,38.89,54.17,NEUTRAL,0.9,48.75,WATCHLIST,STRONG_UPTREND,RETAIL,20.76,30.46,,0.465
MAXHEALTH,HEALTHCARE,1106.2,2026-07-13,66.59,69.96,38.35,50.0,38.89,54.14,NEUTRAL,0.9,48.73,WATCHLIST,STRONG_UPTREND,DII,9.51,16.03,-9.01,0.761
KINGFA,CAPITAL_GOODS,5117.0,2026-07-13,56.87,79.56,32.54,50.0,50.0,54.14,NEUTRAL,0.9,48.73,WATCHLIST,INSUFFICIENT_DATA,RETAIL,1.13,17.05,51.96,0.813
JBMA,AUTO,696.55,2026-07-13,57.77,76.34,34.67,50.0,50.0,54.14,NEUTRAL,0.9,48.73,WATCHLIST,STRONG_UPTREND,RETAIL,4.45,13.92,8.78,0.689
MOM30IETF,OTHER,31.08,2026-07-13,43.57,88.94,39.76,50.0,50.0,54.13,NEUTRAL,0.9,48.72,WATCHLIST,DOWNTREND,DII,2.71,0.0,-0.54,0.304
COUNCODOS,REALTY,6.38,2026-07-13,85.02,43.54,33.21,50.0,50.0,54.1,NEUTRAL,0.9,48.69,WATCHLIST,STRONG_UPTREND,RETAIL,31.55,28.37,,6.638
KOVAI,HEALTHCARE,5995.5,2026-07-13,44.23,89.14,38.35,50.0,50.0,54.06,NEUTRAL,0.9,48.65,WATCHLIST,INSUFFICIENT_DATA,DII,2.37,,,0.551
KPIL,INFRASTRUCTURE,1341.7,2026-07-13,62.97,81.36,31.01,50.0,38.89,54.05,NEUTRAL,0.9,48.64,WATCHLIST,UPTREND,RETAIL,5.37,13.39,12.18,0.379
ANGELONE,FINANCIAL_SERVICES,340.25,2026-07-13,44.03,88.8,34.6,50.0,55.56,54.02,NEUTRAL,0.9,48.62,WATCHLIST,UPTREND,RETAIL,3.15,21.09,-87.29,0.699
LIQUID,OTHER,999.99,2026-07-13,38.08,95.12,39.76,50.0,50.0,54.0,NEUTRAL,0.9,48.6,WATCHLIST,DOWNTREND,DII,0.0,0.0,0.0,0.655
EMULTIMQ,OTHER,41.6,2026-07-13,41.27,91.08,39.76,50.0,50.0,53.99,NEUTRAL,0.9,48.59,WATCHLIST,CONSOLIDATING,DII,0.46,2.34,-2.8,0.74
SENSEXADD,OTHER,79.9,2026-07-13,49.2,81.18,39.76,50.0,50.0,53.99,NEUTRAL,0.9,48.59,WATCHLIST,DOWNTREND,DII,5.27,0.52,-4.37,0.099
CANHLIFE,FINANCIAL_SERVICES,147.3,2026-07-13,50.05,85.28,34.6,50.0,50.0,53.99,NEUTRAL,0.9,48.59,WATCHLIST,INSUFFICIENT_DATA,RETAIL,4.51,1.73,,14.17
RUPA,TEXTILES,172.02,2026-07-13,73.09,53.9,37.16,50.0,50.0,53.98,NEUTRAL,0.9,48.58,WATCHLIST,STRONG_UPTREND,RETAIL,17.32,27.81,-21.86,0.413
ADANIPORTS,LOGISTICS,1810.3,2026-07-13,52.53,91.46,33.47,50.0,38.89,53.95,NEUTRAL,0.9,48.56,WATCHLIST,UPTREND,RETAIL,-0.6,22.71,25.45,0.547
CONSUMIETF,OTHER,120.78,2026-07-13,57.18,71.0,39.76,50.0,50.0,53.95,NEUTRAL,0.9,48.56,WATCHLIST,DOWNTREND,DII,5.41,4.54,-0.02,0.725
TNIDETF,OTHER,85.18,2026-07-13,61.81,64.98,39.76,50.0,50.0,53.9,NEUTRAL,0.9,48.51,WATCHLIST,DOWNTREND,DII,7.58,4.77,-7.69,3.081
ALKEM,PHARMA,5567.0,2026-07-13,56.03,87.64,32.63,50.0,38.89,53.9,NEUTRAL,0.9,48.51,WATCHLIST,STRONG_UPTREND,RETAIL,5.05,2.33,11.37,1.457
HARSHA,CAPITAL_GOODS,422.45,2026-07-13,62.08,80.14,32.54,50.0,38.89,53.89,NEUTRAL,0.9,48.5,WATCHLIST,UPTREND,RETAIL,5.35,18.04,3.0,0.618
JSWCEMENT,CEMENT,138.29,2026-07-13,64.7,70.58,38.7,50.0,38.89,53.86,NEUTRAL,0.9,48.47,WATCHLIST,STRONG_UPTREND,DII,9.04,8.52,,1.139
ARVSMART,REALTY,615.1,2026-07-13,54.04,80.92,33.21,50.0,50.0,53.84,NEUTRAL,0.9,48.46,WATCHLIST,STRONG_UPTREND,RETAIL,7.09,3.14,-8.2,0.211
NBIFIN,FINANCIAL_SERVICES,2260.1,2026-07-13,78.91,50.48,34.6,47.98,50.0,53.84,NEUTRAL,0.9,48.46,WATCHLIST,STRONG_UPTREND,RETAIL,25.25,27.83,-24.02,2.866
HDFCNIFTY,OTHER,272.28,2026-07-13,49.2,80.38,39.76,50.0,50.0,53.83,NEUTRAL,0.9,48.45,WATCHLIST,DOWNTREND,DII,4.51,1.26,-2.26,0.377
NETWEB,FMCG,4400.0,2026-07-13,64.63,67.82,32.96,50.0,50.0,53.81,NEUTRAL,0.9,48.43,WATCHLIST,UPTREND,RETAIL,2.43,31.49,127.81,0.556
LOTUSEYE,HEALTHCARE,124.38,2026-07-13,59.16,69.22,38.35,50.0,50.0,53.8,NEUTRAL,0.9,48.42,WATCHLIST,INSUFFICIENT_DATA,DII,1.6,15.72,64.94,2.236
LICI,FINANCIAL_SERVICES,441.3,2026-07-13,40.14,88.4,34.6,50.0,61.11,53.8,NEUTRAL,0.9,48.42,WATCHLIST,STRONG_UPTREND,RETAIL,11.45,-44.72,-52.2,0.25
SBIMIDMOM,OTHER,62.97,2026-07-13,44.66,85.92,39.76,50.0,50.0,53.8,NEUTRAL,0.9,48.42,WATCHLIST,INSUFFICIENT_DATA,DII,2.69,3.52,,0.371
KPL,PHARMA,2654.9,2026-07-13,52.14,83.72,32.63,50.0,50.0,53.8,NEUTRAL,0.9,48.42,WATCHLIST,INSUFFICIENT_DATA,RETAIL,5.92,,,0.495
SENSEXETF,OTHER,79.85,2026-07-13,49.36,80.04,39.76,50.0,50.0,53.8,NEUTRAL,0.9,48.42,WATCHLIST,DOWNTREND,DII,5.13,0.58,-4.43,0.265
SHRIRAMPPS,REALTY,89.36,2026-07-13,60.01,73.2,33.21,50.0,50.0,53.78,NEUTRAL,0.9,48.4,WATCHLIST,STRONG_UPTREND,RETAIL,5.94,13.79,-7.22,0.86
RAJPALAYAM,TEXTILES,822.55,2026-07-13,44.86,88.02,37.16,50.0,50.0,53.75,NEUTRAL,0.9,48.38,WATCHLIST,INSUFFICIENT_DATA,RETAIL,2.29,,,0.466
MOMIDMTM,OTHER,63.77,2026-07-13,47.42,82.2,39.76,50.0,50.0,53.75,NEUTRAL,0.9,48.38,WATCHLIST,UPTREND,DII,2.33,3.32,1.14,0.513
NAVKARCORP,POWER,109.95,2026-07-13,72.48,56.84,33.82,50.0,50.0,53.75,NEUTRAL,0.9,48.38,WATCHLIST,STRONG_UPTREND,MIXED,16.57,16.13,-14.15,0.501
CARRARO,AUTO,564.4,2026-07-13,68.57,69.1,34.67,50.0,38.89,53.73,NEUTRAL,0.9,48.36,WATCHLIST,STRONG_UPTREND,RETAIL,9.43,11.32,22.48,0.376
CHENNPETRO,METAL,1157.9,2026-07-13,53.77,85.42,36.81,50.0,38.89,53.72,NEUTRAL,0.9,48.35,WATCHLIST,STRONG_UPTREND,DII,-2.23,18.9,48.56,2.22
LIQUIDBEES,OTHER,999.99,2026-07-13,37.71,94.18,39.76,50.0,50.0,53.72,NEUTRAL,0.9,48.35,WATCHLIST,DOWNTREND,DII,0.0,-0.0,-0.0,0.575
MOMENTUM,OTHER,30.94,2026-07-13,43.03,87.52,39.76,50.0,50.0,53.71,NEUTRAL,0.9,48.34,WATCHLIST,DOWNTREND,DII,2.55,0.42,-0.48,0.141
ATLANTAELE,OTHER,1709.8,2026-07-13,60.07,66.16,39.76,50.0,50.0,53.7,NEUTRAL,0.9,48.33,WATCHLIST,INSUFFICIENT_DATA,DII,,30.48,,0.922
NHPC,POWER,79.46,2026-07-13,61.84,78.12,33.82,50.0,38.89,53.68,NEUTRAL,0.9,48.31,WATCHLIST,STRONG_UPTREND,MIXED,9.34,3.07,-8.7,0.684
VENKEYS,FMCG,1510.1,2026-07-13,64.09,67.78,32.96,50.0,50.0,53.67,NEUTRAL,0.9,48.3,WATCHLIST,STRONG_UPTREND,RETAIL,9.68,3.25,-4.48,3.133
SBILIQETF,OTHER,1047.21,2026-07-13,38.68,92.66,39.76,50.0,50.0,53.65,NEUTRAL,0.9,48.28,WATCHLIST,STRONG_UPTREND,DII,0.45,1.24,,0.769
DENTA,IT,345.95,2026-07-13,85.16,44.26,32.05,47.98,50.0,53.65,NEUTRAL,0.9,48.28,WATCHLIST,STRONG_UPTREND,RETAIL,42.1,30.42,0.38,0.408
ENDURANCE,AUTO,2698.2,2026-07-13,63.36,75.22,34.67,50.0,38.89,53.65,NEUTRAL,0.9,48.28,WATCHLIST,STRONG_UPTREND,RETAIL,7.82,10.9,1.33,0.767
GOACARBON,METAL,412.05,2026-07-13,64.5,63.24,36.81,50.0,50.0,53.64,NEUTRAL,0.9,48.28,WATCHLIST,STRONG_UPTREND,DII,5.72,23.48,-16.57,3.366
ULTRACEMCO,CEMENT,11571.0,2026-07-13,52.4,76.52,38.7,50.0,50.0,53.64,NEUTRAL,0.9,48.28,WATCHLIST,DOWNTREND,DII,6.49,-0.16,-7.42,0.526
ANTHEM,PHARMA,747.65,2026-07-13,28.76,71.18,32.63,99.19,38.89,53.62,NEUTRAL,0.9,48.26,WATCHLIST,CONSOLIDATING,RETAIL,-2.4,0.44,,0.541
BHARTIARTL,TELECOM,1901.8,2026-07-13,59.93,74.92,32.74,47.98,50.0,53.61,NEUTRAL,0.9,48.25,WATCHLIST,DOWNTREND,DII,7.13,1.7,0.04,1.157
GARFIBRES,TEXTILES,739.4,2026-07-13,59.43,52.46,37.16,50.0,72.22,53.61,NEUTRAL,0.9,48.25,WATCHLIST,STRONG_UPTREND,RETAIL,7.17,19.41,-20.55,0.172
SILVERTUC,IT,188.08,2026-07-13,47.22,76.86,32.05,50.0,66.67,53.59,NEUTRAL,0.9,48.23,WATCHLIST,STRONG_UPTREND,RETAIL,1.7,47.39,-73.58,1.282
ASAHISONG,CHEMICALS,283.95,2026-07-13,72.25,67.72,30.65,50.0,38.89,53.57,NEUTRAL,0.9,48.21,WATCHLIST,STRONG_UPTREND,RETAIL,10.18,23.42,,1.465
HDFCQUAL,OTHER,57.21,2026-07-13,44.47,84.94,39.76,50.0,50.0,53.56,NEUTRAL,0.9,48.2,WATCHLIST,DOWNTREND,DII,1.92,1.49,-0.88,0.617
LIQUIDIETF,OTHER,999.99,2026-07-13,38.72,92.08,39.76,50.0,50.0,53.55,NEUTRAL,0.9,48.2,WATCHLIST,DOWNTREND,DII,0.0,0.0,0.0,0.821
AONENIFTY,OTHER,9.97,2026-07-13,48.22,80.28,39.76,50.0,50.0,53.56,NEUTRAL,0.9,48.2,WATCHLIST,DOWNTREND,DII,4.29,1.01,-2.16,0.41
RITCO,LOGISTICS,263.6,2026-07-13,64.67,67.9,33.47,47.98,50.0,53.54,NEUTRAL,0.9,48.19,WATCHLIST,STRONG_UPTREND,RETAIL,5.86,33.08,-15.2,1.176
SENSEXBETA,OTHER,858.67,2026-07-13,48.17,80.22,39.76,50.0,50.0,53.54,NEUTRAL,0.9,48.19,WATCHLIST,INSUFFICIENT_DATA,DII,4.66,0.79,,0.5
SENSEXIETF,OTHER,889.94,2026-07-13,49.93,78.02,39.76,50.0,50.0,53.54,NEUTRAL,0.9,48.19,WATCHLIST,DOWNTREND,DII,5.19,0.51,-4.51,0.404
CEIGALL,INFRASTRUCTURE,364.1,2026-07-13,55.7,79.5,31.01,50.0,50.0,53.53,NEUTRAL,0.9,48.18,WATCHLIST,UPTREND,RETAIL,0.9,21.33,35.38,0.236
JINDRILL,ENERGY,625.55,2026-07-13,58.34,80.4,28.81,47.98,50.0,53.52,NEUTRAL,0.9,48.17,WATCHLIST,STRONG_UPTREND,MIXED,3.49,16.5,-0.61,0.93
ROSSTECH,DEFENCE,1025.25,2026-07-13,54.37,82.76,37.68,50.0,38.89,53.51,NEUTRAL,0.9,48.16,WATCHLIST,STRONG_UPTREND,RETAIL,0.79,11.88,120.84,0.831
HDFCSENSEX,OTHER,87.91,2026-07-13,49.35,78.54,39.76,50.0,50.0,53.5,NEUTRAL,0.9,48.15,WATCHLIST,DOWNTREND,DII,4.9,0.69,-4.42,0.388
TCPLPACK,CHEMICALS,3006.6,2026-07-13,72.99,58.12,30.65,50.0,50.0,53.5,NEUTRAL,0.9,48.15,WATCHLIST,STRONG_UPTREND,RETAIL,20.81,19.47,-20.54,0.481
IFCI,FINANCIAL_SERVICES,76.46,2026-07-13,70.17,59.62,34.6,47.98,50.0,53.48,NEUTRAL,0.9,48.13,WATCHLIST,UPTREND,RETAIL,6.45,33.55,24.98,0.145
PANAMAPET,ENERGY,419.2,2026-07-13,78.03,63.74,28.81,47.98,38.89,53.45,NEUTRAL,0.9,48.1,WATCHLIST,UPTREND,MIXED,9.87,55.65,16.44,0.078
BSLSENETFG,OTHER,78.11,2026-07-13,49.63,77.88,39.76,50.0,50.0,53.44,NEUTRAL,0.9,48.1,WATCHLIST,DOWNTREND,DII,4.99,0.72,-4.28,0.364
PNGSREVA,FMCG,406.85,2026-07-13,60.73,70.68,32.96,50.0,50.0,53.41,NEUTRAL,0.9,48.07,WATCHLIST,INSUFFICIENT_DATA,RETAIL,6.77,8.42,,0.982
SUMEETINDS,REALTY,32.63,2026-07-13,73.69,62.54,33.21,50.0,38.89,53.41,NEUTRAL,0.9,48.07,WATCHLIST,INSUFFICIENT_DATA,RETAIL,18.91,8.77,,1.333
CDSL,REALTY,1444.5,2026-07-13,73.52,64.72,33.21,47.98,38.89,53.4,NEUTRAL,0.9,48.06,WATCHLIST,STRONG_UPTREND,RETAIL,20.28,10.83,-14.95,1.528
SUDARCOLOR,CHEMICALS,381.25,2026-07-13,56.85,77.54,30.65,50.0,50.0,53.35,NEUTRAL,0.9,48.02,WATCHLIST,INSUFFICIENT_DATA,RETAIL,4.29,13.98,,1.551
MOQUALITY,OTHER,201.81,2026-07-13,48.47,78.9,39.76,50.0,50.0,53.35,NEUTRAL,0.9,48.02,WATCHLIST,STRONG_UPTREND,DII,2.41,3.98,3.56,0.437
UCAL,AUTO,119.54,2026-07-13,74.06,51.9,34.67,50.0,50.0,53.33,NEUTRAL,0.9,48.0,WATCHLIST,STRONG_UPTREND,RETAIL,20.37,20.98,-19.63,0.684
SUMICHEM,CHEMICALS,531.9,2026-07-13,77.42,59.96,30.65,50.0,38.89,53.31,NEUTRAL,0.9,47.98,WATCHLIST,STRONG_UPTREND,RETAIL,16.48,27.07,-12.25,0.972
APOLLO,DEFENCE,402.85,2026-07-13,61.55,72.72,37.68,50.0,38.89,53.3,NEUTRAL,0.9,47.97,WATCHLIST,UPTREND,RETAIL,1.21,69.57,127.47,0.307
FINEORG,CHEMICALS,5024.0,2026-07-13,58.13,84.0,30.65,50.0,38.89,53.3,NEUTRAL,0.9,47.97,WATCHLIST,UPTREND,RETAIL,6.52,7.97,-5.28,0.298
MAITHANALL,METAL,1034.8,2026-07-13,60.2,71.02,36.81,50.0,44.44,53.28,NEUTRAL,0.9,47.95,WATCHLIST,UPTREND,DII,6.99,9.69,-9.29,0.404
ZENTEC,DEFENCE,1831.1,2026-07-13,54.85,80.94,37.68,50.0,38.89,53.27,NEUTRAL,0.9,47.94,WATCHLIST,UPTREND,RETAIL,3.93,18.79,-2.61,0.469
SAPPL,CHEMICALS,301.95,2026-07-13,54.02,80.64,30.65,50.0,50.0,53.26,NEUTRAL,0.9,47.93,WATCHLIST,INSUFFICIENT_DATA,RETAIL,5.21,,,0.762
ENERGY,OTHER,39.31,2026-07-13,44.28,83.6,39.76,50.0,50.0,53.24,NEUTRAL,0.9,47.92,WATCHLIST,INSUFFICIENT_DATA,DII,0.74,5.22,,1.559
BHARATWIRE,METAL,215.07,2026-07-13,63.62,64.18,36.81,47.98,50.0,53.2,NEUTRAL,0.9,47.88,WATCHLIST,CONSOLIDATING,DII,4.08,25.33,1.52,0.718
TOP20,OTHER,8.81,2026-07-13,49.87,76.38,39.76,50.0,50.0,53.2,NEUTRAL,0.9,47.88,WATCHLIST,INSUFFICIENT_DATA,DII,5.51,0.11,,0.462
ABSLLIQUID,OTHER,1000.01,2026-07-13,37.84,91.4,39.76,50.0,50.0,53.19,NEUTRAL,0.9,47.87,WATCHLIST,STRONG_UPTREND,DII,0.0,0.0,0.0,0.601
AJAXENGG,AUTO,599.7,2026-07-13,63.49,64.28,34.67,50.0,50.0,53.16,NEUTRAL,0.9,47.84,WATCHLIST,STRONG_UPTREND,RETAIL,6.42,27.47,-14.35,5.85
SHILCTECH,CAPITAL_GOODS,4494.6,2026-07-13,63.39,66.5,32.54,50.0,50.0,53.16,NEUTRAL,0.9,47.84,WATCHLIST,INSUFFICIENT_DATA,RETAIL,17.6,-1.74,,0.56
HCG,HEALTHCARE,678.85,2026-07-13,70.29,68.74,38.35,50.0,27.78,53.16,NEUTRAL,0.9,47.84,WATCHLIST,STRONG_UPTREND,DII,6.74,21.61,17.68,0.737
STEL,FINANCIAL_SERVICES,553.95,2026-07-13,60.04,68.56,34.6,50.0,50.0,53.14,NEUTRAL,0.9,47.83,WATCHLIST,UPTREND,RETAIL,3.78,18.57,36.16,0.19
OLECTRA,AUTO,1401.2,2026-07-13,70.35,63.48,34.67,50.0,38.89,53.05,NEUTRAL,0.9,47.74,WATCHLIST,UPTREND,RETAIL,9.78,18.32,9.15,0.433
MCX,FINANCIAL_SERVICES,2782.1,2026-07-13,30.94,59.9,34.6,98.65,44.44,53.03,NEUTRAL,0.9,47.73,WATCHLIST,CONSOLIDATING,RETAIL,1.4,4.22,-66.22,0.366
BATLIBOI,CAPITAL_GOODS,83.76,2026-07-13,58.58,71.9,32.54,50.0,50.0,53.03,NEUTRAL,0.9,47.73,WATCHLIST,INSUFFICIENT_DATA,RETAIL,9.3,,,0.169
KPRMILL,TEXTILES,1107.2,2026-07-13,62.94,66.0,37.16,50.0,44.44,53.03,NEUTRAL,0.9,47.73,WATCHLIST,UPTREND,RETAIL,5.9,26.98,-6.19,0.197
VOEPL,OTHER,437.35,2026-07-13,48.88,76.7,39.76,50.0,50.0,53.01,NEUTRAL,0.9,47.71,WATCHLIST,INSUFFICIENT_DATA,DII,,,,0.448
NIFTYADD,OTHER,254.46,2026-07-13,46.55,79.62,39.76,50.0,50.0,53.01,NEUTRAL,0.9,47.71,WATCHLIST,INSUFFICIENT_DATA,DII,4.55,1.23,,0.093
MONIFTY500,OTHER,23.91,2026-07-13,54.9,69.1,39.76,50.0,50.0,53.0,NEUTRAL,0.9,47.7,WATCHLIST,STRONG_UPTREND,DII,5.24,4.96,0.8,0.19
KOLTEPATIL,REALTY,387.5,2026-07-13,67.32,60.16,33.21,50.0,50.0,53.0,NEUTRAL,0.9,47.7,WATCHLIST,STRONG_UPTREND,RETAIL,8.88,17.0,-13.5,7.809
BSLNIFTY,OTHER,28.38,2026-07-13,52.54,72.0,39.76,50.0,50.0,52.99,NEUTRAL,0.9,47.69,WATCHLIST,DOWNTREND,DII,4.92,1.47,-1.94,0.676
CANTABIL,TEXTILES,255.96,2026-07-13,73.09,59.22,37.16,47.98,38.89,52.98,NEUTRAL,0.9,47.68,WATCHLIST,STRONG_UPTREND,RETAIL,16.37,10.77,-9.39,1.351
NIFTYQLITY,OTHER,21.07,2026-07-13,43.73,82.98,39.76,50.0,50.0,52.98,NEUTRAL,0.9,47.68,WATCHLIST,DOWNTREND,DII,1.89,2.13,-1.95,0.428
ECLERX,IT,1662.9,2026-07-13,66.36,33.16,32.05,50.0,88.89,52.97,NEUTRAL,0.9,47.67,WATCHLIST,DOWNTREND,RETAIL,22.29,10.97,-55.25,0.936
METAL,OTHER,12.73,2026-07-13,44.2,82.24,39.76,50.0,50.0,52.95,NEUTRAL,0.9,47.66,WATCHLIST,CONSOLIDATING,DII,-0.86,2.5,34.14,0.713
MOMGF,OTHER,158.61,2026-07-13,50.67,74.14,39.76,50.0,50.0,52.95,NEUTRAL,0.9,47.66,WATCHLIST,UPTREND,DII,2.9,4.87,10.13,0.17
MOM50,OTHER,252.83,2026-07-13,45.08,81.02,39.76,50.0,50.0,52.93,NEUTRAL,0.9,47.64,WATCHLIST,DOWNTREND,DII,3.42,1.14,-2.35,0.252
JITFINFRA,LOGISTICS,357.6,2026-07-13,75.21,49.62,33.47,50.0,50.0,52.92,NEUTRAL,0.9,47.63,WATCHLIST,INSUFFICIENT_DATA,RETAIL,21.67,,-2.15,4.529
AUTOAXLES,AUTO,1797.1,2026-07-13,57.86,69.94,34.67,50.0,50.0,52.89,NEUTRAL,0.9,47.6,WATCHLIST,DOWNTREND,RETAIL,7.03,4.42,-0.06,0.845
SCPL,OTHER,495.6,2026-07-13,57.87,66.64,39.76,47.98,50.0,52.84,NEUTRAL,0.9,47.56,WATCHLIST,INSUFFICIENT_DATA,DII,,,63.83,0.404
JAYKAY,FMCG,183.53,2026-07-13,61.34,67.08,32.96,50.0,50.0,52.84,NEUTRAL,0.9,47.56,WATCHLIST,INSUFFICIENT_DATA,RETAIL,5.6,18.13,,0.837
INOXINDIA,CAPITAL_GOODS,1890.7,2026-07-13,57.87,80.16,32.54,50.0,38.89,52.84,NEUTRAL,0.9,47.56,WATCHLIST,UPTREND,RETAIL,-0.05,44.87,53.07,0.66
LICNETFSEN,OTHER,872.1,2026-07-13,46.24,79.08,39.76,50.0,50.0,52.83,NEUTRAL,0.9,47.55,WATCHLIST,DOWNTREND,DII,4.52,-0.1,-4.43,0.017
ELM250,OTHER,16.59,2026-07-13,51.21,72.82,39.76,50.0,50.0,52.82,NEUTRAL,0.9,47.54,WATCHLIST,STRONG_UPTREND,DII,4.6,5.27,,0.387
HEG,CAPITAL_GOODS,575.4,2026-07-13,68.32,66.78,32.54,50.0,38.89,52.78,NEUTRAL,0.9,47.5,WATCHLIST,STRONG_UPTREND,RETAIL,11.01,2.67,6.69,3.015
MSCIADD,OTHER,29.67,2026-07-13,48.92,75.46,39.76,50.0,50.0,52.77,NEUTRAL,0.9,47.49,WATCHLIST,INSUFFICIENT_DATA,DII,4.66,3.06,,0.17
NIFTYBETF,OTHER,248.25,2026-07-13,47.43,77.32,39.76,50.0,50.0,52.77,NEUTRAL,0.9,47.49,WATCHLIST,DOWNTREND,DII,4.39,1.19,-2.34,0.064
QUAL30IETF,OTHER,20.87,2026-07-13,43.96,81.48,39.76,50.0,50.0,52.74,NEUTRAL,0.9,47.47,WATCHLIST,DOWNTREND,DII,2.3,2.66,-2.06,0.125
ASHAPURMIN,METAL,703.5,2026-07-13,76.49,52.12,36.81,50.0,38.89,52.74,NEUTRAL,0.9,47.47,WATCHLIST,STRONG_UPTREND,DII,6.11,32.69,24.72,3.556
NIFTY100EW,OTHER,34.88,2026-07-13,54.39,68.46,39.76,50.0,50.0,52.74,NEUTRAL,0.9,47.47,WATCHLIST,STRONG_UPTREND,DII,4.37,4.93,5.76,0.359
LIKHITHA,OTHER,245.55,2026-07-13,52.65,70.64,39.76,50.0,50.0,52.74,NEUTRAL,0.9,47.47,WATCHLIST,INSUFFICIENT_DATA,DII,,10.68,-14.46,1.0
CGPOWER,IT,905.5,2026-07-13,54.13,84.62,32.05,50.0,38.89,52.7,NEUTRAL,0.9,47.43,WATCHLIST,UPTREND,RETAIL,-0.29,23.85,35.64,0.565
OAL,CHEMICALS,355.2,2026-07-13,61.31,68.62,30.65,50.0,50.0,52.68,NEUTRAL,0.9,47.41,WATCHLIST,STRONG_UPTREND,RETAIL,4.67,31.38,-12.89,0.954
TVSSRICHAK,AUTO,4159.7,2026-07-13,60.23,74.2,34.67,50.0,38.89,52.67,NEUTRAL,0.9,47.4,WATCHLIST,STRONG_UPTREND,RETAIL,5.61,10.35,30.52,0.247
ESENSEX,OTHER,77.79,2026-07-13,47.5,76.7,39.76,50.0,50.0,52.67,NEUTRAL,0.9,47.4,WATCHLIST,INSUFFICIENT_DATA,DII,5.04,0.49,,0.035
MOENERGY,OTHER,39.38,2026-07-13,42.22,83.16,39.76,50.0,50.0,52.64,NEUTRAL,0.9,47.38,WATCHLIST,INSUFFICIENT_DATA,DII,1.05,5.29,,0.457
IVZINNIFTY,OTHER,2766.11,2026-07-13,48.17,75.62,39.76,50.0,50.0,52.62,NEUTRAL,0.9,47.36,WATCHLIST,DOWNTREND,DII,4.41,1.3,-2.62,0.247
SAKSOFT,IT,185.02,2026-07-13,79.14,54.96,32.05,47.98,38.89,52.62,NEUTRAL,0.9,47.36,WATCHLIST,STRONG_UPTREND,RETAIL,30.04,37.52,-21.59,0.538
DALMIASUG,FMCG,366.05,2026-07-13,57.67,74.72,32.96,50.0,44.44,52.62,NEUTRAL,0.9,47.36,WATCHLIST,STRONG_UPTREND,RETAIL,10.71,-1.39,-7.68,0.525
MCCHRLS-B,HOSPITALITY,709.0,2026-07-13,45.84,81.8,36.37,50.0,50.0,52.59,NEUTRAL,0.9,47.33,WATCHLIST,INSUFFICIENT_DATA,MIXED,2.74,,,0.88
NIFTYCASE,OTHER,9.69,2026-07-13,47.14,76.66,39.76,50.0,50.0,52.57,NEUTRAL,0.9,47.31,WATCHLIST,INSUFFICIENT_DATA,DII,4.42,1.25,,0.384
APLLTD,PHARMA,831.05,2026-07-13,65.96,60.12,32.63,50.0,50.0,52.54,NEUTRAL,0.9,47.29,WATCHLIST,STRONG_UPTREND,RETAIL,12.73,14.75,-19.43,0.634
JTEKTINDIA,AUTO,144.09,2026-07-13,70.04,52.88,34.67,50.0,50.0,52.52,NEUTRAL,0.9,47.27,WATCHLIST,STRONG_UPTREND,RETAIL,16.32,7.63,1.32,0.08
COMMOIETF,OTHER,100.02,2026-07-13,43.39,80.94,39.76,50.0,50.0,52.49,NEUTRAL,0.9,47.24,WATCHLIST,CONSOLIDATING,DII,0.21,1.26,10.75,0.797
JGCHEM,CHEMICALS,454.35,2026-07-13,65.17,62.84,30.65,50.0,50.0,52.49,NEUTRAL,0.9,47.24,WATCHLIST,STRONG_UPTREND,RETAIL,5.64,26.88,-10.75,2.589
SAIPARENT,PHARMA,586.15,2026-07-13,62.62,66.04,32.63,47.98,50.0,52.48,NEUTRAL,0.9,47.23,WATCHLIST,INSUFFICIENT_DATA,RETAIL,6.45,38.26,,0.282
SHREECEM,CEMENT,26420.0,2026-07-13,62.1,62.64,38.7,50.0,44.44,52.46,NEUTRAL,0.9,47.21,WATCHLIST,STRONG_UPTREND,DII,10.78,8.55,-14.19,0.254
BLACKBUCK,LOGISTICS,583.35,2026-07-13,68.3,55.98,33.47,50.0,50.0,52.46,NEUTRAL,0.9,47.21,WATCHLIST,DOWNTREND,RETAIL,9.97,0.94,32.58,1.346
WALCHANNAG,FINANCIAL_SERVICES,256.85,2026-07-13,63.58,62.66,34.6,47.98,50.0,52.44,NEUTRAL,0.9,47.2,WATCHLIST,UPTREND,RETAIL,5.59,46.37,,0.571
KNAGRI,FMCG,206.9,2026-07-13,51.74,76.92,32.96,50.0,50.0,52.41,NEUTRAL,0.9,47.17,WATCHLIST,INSUFFICIENT_DATA,RETAIL,8.55,-8.41,,0.85
AHCL,PHARMA,15.39,2026-07-13,40.32,78.96,32.63,50.0,66.67,52.4,NEUTRAL,0.9,47.16,WATCHLIST,INSUFFICIENT_DATA,RETAIL,6.73,-88.16,,0.202
ORIENTLTD,CHEMICALS,73.74,2026-07-13,79.19,44.58,30.65,50.0,50.0,52.34,NEUTRAL,0.9,47.11,WATCHLIST,STRONG_UPTREND,RETAIL,24.9,23.89,-16.19,1.088
AAVAS,FINANCIAL_SERVICES,1498.4,2026-07-13,68.6,53.76,34.6,50.0,50.0,52.32,NEUTRAL,0.9,47.09,WATCHLIST,STRONG_UPTREND,RETAIL,15.3,20.47,-21.29,0.225
APCOTEXIND,FINANCIAL_SERVICES,519.35,2026-07-13,51.31,79.4,34.6,50.0,44.44,52.29,NEUTRAL,0.9,47.06,WATCHLIST,STRONG_UPTREND,RETAIL,-2.9,36.82,32.0,0.934
RELIABLE,FINANCIAL_SERVICES,144.42,2026-07-13,57.09,76.22,34.6,50.0,38.89,52.27,NEUTRAL,0.9,47.04,WATCHLIST,INSUFFICIENT_DATA,RETAIL,1.32,21.85,94.43,0.249
AMNPLST,CHEMICALS,206.84,2026-07-13,68.85,65.48,30.65,50.0,38.89,52.27,NEUTRAL,0.9,47.04,WATCHLIST,STRONG_UPTREND,RETAIL,7.58,29.46,-14.07,2.049
PNCINFRA,INFRASTRUCTURE,247.46,2026-07-13,79.11,52.28,31.01,50.0,38.89,52.27,NEUTRAL,0.9,47.04,WATCHLIST,STRONG_UPTREND,RETAIL,23.13,33.82,-21.15,1.13
ANUP,CAPITAL_GOODS,2178.9,2026-07-13,69.15,54.8,32.54,50.0,50.0,52.26,NEUTRAL,0.9,47.03,WATCHLIST,UPTREND,RETAIL,19.97,13.97,-22.59,0.374
IFBIND,FMCG,1423.4,2026-07-13,79.92,40.94,32.96,50.0,50.0,52.26,NEUTRAL,0.9,47.03,WATCHLIST,STRONG_UPTREND,RETAIL,13.73,31.64,-2.08,4.117
CARBORUNIV,CAPITAL_GOODS,1073.0,2026-07-13,64.91,64.2,32.54,50.0,44.44,52.24,NEUTRAL,0.9,47.02,WATCHLIST,CONSOLIDATING,RETAIL,5.57,19.83,8.65,0.63
THEJO,CAPITAL_GOODS,1885.6,2026-07-13,71.58,51.7,32.54,50.0,50.0,52.24,NEUTRAL,0.9,47.02,WATCHLIST,STRONG_UPTREND,RETAIL,23.83,15.12,-19.19,0.205
AEROFLEX,METAL,421.5,2026-07-13,66.94,61.52,36.81,50.0,38.89,52.23,NEUTRAL,0.9,47.01,WATCHLIST,CONSOLIDATING,DII,1.79,45.85,96.69,0.648
PARKHOTELS,HOSPITALITY,131.26,2026-07-13,68.86,59.48,36.37,50.0,38.89,52.22,NEUTRAL,0.9,47.0,WATCHLIST,STRONG_UPTREND,MIXED,13.59,12.85,-19.45,2.6
SIYSIL,TEXTILES,649.6,2026-07-13,66.56,53.06,37.16,50.0,50.0,52.18,NEUTRAL,0.9,46.96,WATCHLIST,STRONG_UPTREND,RETAIL,7.13,22.06,-9.36,0.973
CIEINDIA,AUTO,469.4,2026-07-13,54.79,78.48,34.67,50.0,38.89,52.16,NEUTRAL,0.9,46.94,WATCHLIST,STRONG_UPTREND,RETAIL,7.85,-3.37,9.39,0.515
AONETMMQ50,OTHER,10.06,2026-07-13,38.69,85.1,39.76,50.0,50.0,52.14,NEUTRAL,0.9,46.93,WATCHLIST,INSUFFICIENT_DATA,DII,0.8,1.41,,0.509
NIFTY1,OTHER,268.36,2026-07-13,52.57,67.72,39.76,50.0,50.0,52.14,NEUTRAL,0.9,46.93,WATCHLIST,DOWNTREND,DII,4.49,1.32,-2.04,1.609
NIFTYIETF,OTHER,274.07,2026-07-13,53.05,67.0,39.76,50.0,50.0,52.11,NEUTRAL,0.9,46.9,WATCHLIST,DOWNTREND,DII,4.71,1.2,-2.13,1.455
IGARASHI,AUTO,475.45,2026-07-13,77.86,43.0,34.67,47.98,50.0,52.1,NEUTRAL,0.9,46.89,WATCHLIST,STRONG_UPTREND,RETAIL,28.41,47.4,-21.35,0.097
GRAVISSHO,HOSPITALITY,30.8,2026-07-13,50.88,73.04,36.37,50.0,50.0,52.1,NEUTRAL,0.9,46.89,WATCHLIST,INSUFFICIENT_DATA,MIXED,5.81,,,0.04
BEML,AUTO,1885.9,2026-07-13,51.35,65.74,34.67,50.0,61.11,52.09,NEUTRAL,0.9,46.88,WATCHLIST,STRONG_UPTREND,RETAIL,6.51,16.33,-57.15,0.996
RELAXO,FMCG,398.85,2026-07-13,72.24,51.66,32.96,47.98,50.0,52.08,NEUTRAL,0.9,46.87,WATCHLIST,STRONG_UPTREND,RETAIL,15.74,37.48,-21.51,0.165
TOP15IETF,OTHER,9.86,2026-07-13,47.63,73.6,39.76,50.0,50.0,52.08,NEUTRAL,0.9,46.87,WATCHLIST,DOWNTREND,DII,4.01,-0.9,-4.18,0.957
MUKKA,AGRICULTURE,24.0,2026-07-13,65.15,53.7,37.73,50.0,50.0,52.07,NEUTRAL,0.9,46.86,WATCHLIST,UPTREND,DII,12.99,6.01,-20.03,0.964
CERA,REALTY,6147.5,2026-07-13,58.35,74.98,33.21,50.0,38.89,52.06,NEUTRAL,0.9,46.85,WATCHLIST,UPTREND,RETAIL,4.74,19.09,-11.18,1.336
ASAHIINDIA,AUTO,924.0,2026-07-13,59.45,72.06,34.67,50.0,38.89,52.04,NEUTRAL,0.9,46.84,WATCHLIST,STRONG_UPTREND,RETAIL,5.82,6.23,9.74,0.947
MAHASTEEL,OTHER,881.65,2026-07-13,52.02,67.94,39.76,50.0,50.0,52.04,NEUTRAL,0.9,46.84,WATCHLIST,INSUFFICIENT_DATA,DII,,,,2.048
ABSL10BANK,OTHER,174.4,2026-07-13,56.21,62.68,39.76,50.0,50.0,52.04,NEUTRAL,0.9,46.84,WATCHLIST,INSUFFICIENT_DATA,DII,7.32,4.42,,0.02
FDC,PHARMA,428.0,2026-07-13,68.95,62.18,32.63,50.0,38.89,52.03,NEUTRAL,0.9,46.83,WATCHLIST,STRONG_UPTREND,RETAIL,12.41,21.75,-12.56,0.407
ENIFTY,OTHER,24.36,2026-07-13,46.94,74.06,39.76,50.0,50.0,52.0,NEUTRAL,0.9,46.8,WATCHLIST,INSUFFICIENT_DATA,DII,4.59,1.46,,0.045
STEELCAS,CAPITAL_GOODS,309.3,2026-07-13,51.39,79.82,32.54,50.0,44.44,51.99,NEUTRAL,0.9,46.79,WATCHLIST,STRONG_UPTREND,RETAIL,8.56,10.02,-73.81,0.28
SCODATUBES,METAL,154.51,2026-07-13,69.4,48.82,36.81,50.0,50.0,51.98,NEUTRAL,0.9,46.78,WATCHLIST,STRONG_UPTREND,DII,27.57,5.64,-24.97,0.74
HUDCO,REALTY,210.24,2026-07-13,51.53,70.34,33.21,50.0,55.56,51.93,NEUTRAL,0.9,46.74,WATCHLIST,STRONG_UPTREND,RETAIL,2.28,14.29,-7.04,1.529
METALIETF,OTHER,12.68,2026-07-13,42.72,78.96,39.76,50.0,50.0,51.92,NEUTRAL,0.9,46.73,WATCHLIST,CONSOLIDATING,DII,-0.94,2.26,33.76,0.501
MEESHO,RETAIL,189.76,2026-07-13,69.89,49.18,37.54,47.98,50.0,51.91,NEUTRAL,0.9,46.72,WATCHLIST,INSUFFICIENT_DATA,RETAIL,14.27,16.0,,0.292
GRANDOAK,FINANCIAL_SERVICES,43.49,2026-07-13,65.16,55.98,34.6,50.0,50.0,51.91,NEUTRAL,0.9,46.72,WATCHLIST,INSUFFICIENT_DATA,RETAIL,14.66,,,0.34
HDFCGROWTH,OTHER,115.46,2026-07-13,47.18,73.24,39.76,50.0,50.0,51.9,NEUTRAL,0.9,46.71,WATCHLIST,DOWNTREND,DII,3.87,-0.24,-3.99,0.82
UNOMINDA,AUTO,1152.3,2026-07-13,59.71,66.76,34.67,50.0,44.44,51.88,NEUTRAL,0.9,46.69,WATCHLIST,DOWNTREND,RETAIL,6.65,6.89,5.81,0.574
MAGADSUGAR,FMCG,517.9,2026-07-13,67.74,62.42,32.96,50.0,38.89,51.84,NEUTRAL,0.9,46.66,WATCHLIST,STRONG_UPTREND,RETAIL,15.58,6.5,-18.79,1.315
BLUESTONE,FMCG,588.8,2026-07-13,72.25,48.5,32.96,50.0,50.0,51.85,NEUTRAL,0.9,46.66,WATCHLIST,STRONG_UPTREND,RETAIL,12.81,18.93,,0.801
NAHARINDUS,CHEMICALS,117.75,2026-07-13,47.8,81.16,30.65,50.0,50.0,51.81,NEUTRAL,0.9,46.63,WATCHLIST,STRONG_UPTREND,RETAIL,1.33,10.18,,1.267
THEMISMED,PHARMA,116.17,2026-07-13,72.17,56.98,32.63,50.0,38.89,51.8,NEUTRAL,0.9,46.62,WATCHLIST,STRONG_UPTREND,RETAIL,12.63,38.98,-7.65,0.053
FAZE3Q,TEXTILES,593.9,2026-07-13,60.39,58.8,37.16,50.0,50.0,51.79,NEUTRAL,0.9,46.61,WATCHLIST,INSUFFICIENT_DATA,RETAIL,9.49,,-13.4,0.647
GROWWPSUBK,OTHER,84.64,2026-07-13,36.84,85.64,39.76,50.0,50.0,51.79,NEUTRAL,0.9,46.61,WATCHLIST,INSUFFICIENT_DATA,DII,1.05,-3.45,,0.771
MARINE,CAPITAL_GOODS,252.95,2026-07-13,61.91,69.82,32.54,50.0,38.89,51.78,NEUTRAL,0.9,46.6,WATCHLIST,UPTREND,RETAIL,5.79,32.03,,0.35
SCHAEFFLER,AUTO,4134.7,2026-07-13,47.92,85.1,34.67,50.0,38.89,51.77,NEUTRAL,0.9,46.59,WATCHLIST,UPTREND,RETAIL,3.11,5.87,-1.6,0.741
GPTHEALTH,HEALTHCARE,156.8,2026-07-13,57.36,69.52,38.35,50.0,38.89,51.75,NEUTRAL,0.9,46.58,WATCHLIST,STRONG_UPTREND,DII,5.77,12.02,-6.88,0.558
INDOCO,PHARMA,259.02,2026-07-13,75.78,54.18,32.63,47.98,38.89,51.74,NEUTRAL,0.9,46.57,WATCHLIST,STRONG_UPTREND,RETAIL,26.38,27.97,-19.94,0.118
RBA,HOSPITALITY,72.57,2026-07-13,56.96,65.6,36.37,47.98,50.0,51.73,NEUTRAL,0.9,46.56,WATCHLIST,UPTREND,MIXED,6.41,15.74,-12.77,0.19
BANARBEADS,FMCG,117.9,2026-07-13,75.93,43.16,32.96,50.0,50.0,51.71,NEUTRAL,0.9,46.54,WATCHLIST,DOWNTREND,RETAIL,19.94,9.96,-0.63,0.807
SBIETFQLTY,OTHER,219.32,2026-07-13,43.13,77.38,39.76,50.0,50.0,51.71,NEUTRAL,0.9,46.54,WATCHLIST,DOWNTREND,DII,1.98,2.19,-2.2,0.265
DEEPAKFERT,CHEMICALS,1513.4,2026-07-13,54.84,80.16,30.65,50.0,38.89,51.71,NEUTRAL,0.9,46.54,WATCHLIST,UPTREND,RETAIL,1.24,38.99,-4.3,0.748
HIKAL,PHARMA,245.69,2026-07-13,80.2,42.3,32.63,50.0,44.44,51.7,NEUTRAL,0.9,46.53,WATCHLIST,STRONG_UPTREND,RETAIL,37.79,36.56,-28.42,1.308
COASTCORP,CAPITAL_GOODS,51.85,2026-07-13,73.05,55.48,32.54,50.0,38.89,51.7,NEUTRAL,0.9,46.53,WATCHLIST,INSUFFICIENT_DATA,RETAIL,11.72,4.43,43.23,0.906
CARERATING,FINANCIAL_SERVICES,1676.8,2026-07-13,47.78,80.58,34.6,50.0,44.44,51.65,NEUTRAL,0.9,46.48,WATCHLIST,STRONG_UPTREND,RETAIL,2.93,7.25,-5.6,0.589
GLOSTERLTD,TEXTILES,677.4,2026-07-13,50.19,79.1,37.16,50.0,38.89,51.63,NEUTRAL,0.9,46.47,WATCHLIST,UPTREND,RETAIL,1.29,16.14,-0.8,0.524
POLYCAB,CAPITAL_GOODS,9306.5,2026-07-13,50.1,83.82,32.54,50.0,38.89,51.63,NEUTRAL,0.9,46.47,WATCHLIST,CONSOLIDATING,RETAIL,-2.28,20.43,34.37,1.057
CHALET,HOSPITALITY,847.75,2026-07-13,68.73,56.7,36.37,50.0,38.89,51.63,NEUTRAL,0.9,46.47,WATCHLIST,STRONG_UPTREND,MIXED,13.96,10.07,-8.9,0.655
APOLLOTYRE,AUTO,440.6,2026-07-13,61.6,63.04,34.67,50.0,44.44,51.61,NEUTRAL,0.9,46.45,WATCHLIST,DOWNTREND,RETAIL,14.19,0.56,-3.2,0.274
SWSOLAR,INFRASTRUCTURE,236.96,2026-07-13,73.66,47.48,31.01,50.0,50.0,51.61,NEUTRAL,0.9,46.45,WATCHLIST,UPTREND,RETAIL,18.76,30.59,-26.05,0.526
TVSHLTD,FINANCIAL_SERVICES,14210.0,2026-07-13,55.92,74.38,34.6,50.0,38.89,51.61,NEUTRAL,0.9,46.45,WATCHLIST,STRONG_UPTREND,RETAIL,5.26,-0.59,15.74,2.298
GPTINFRA,INFRASTRUCTURE,122.48,2026-07-13,64.28,63.3,31.01,50.0,44.44,51.6,NEUTRAL,0.9,46.44,WATCHLIST,UPTREND,RETAIL,9.02,10.06,-0.83,0.144
ASAL,AUTO,523.75,2026-07-13,60.61,60.0,34.67,50.0,50.0,51.59,NEUTRAL,0.9,46.43,WATCHLIST,STRONG_UPTREND,RETAIL,6.76,14.77,-10.33,1.432
PAGEIND,TEXTILES,39955.0,2026-07-13,56.23,62.78,37.16,50.0,50.0,51.55,NEUTRAL,0.9,46.4,WATCHLIST,UPTREND,RETAIL,5.27,10.82,-14.52,0.892
INDIGOPNTS,CHEMICALS,1050.5,2026-07-13,66.81,56.1,30.65,50.0,50.0,51.55,NEUTRAL,0.9,46.4,WATCHLIST,STRONG_UPTREND,RETAIL,7.57,29.55,-12.54,0.584
BIOCON,PHARMA,410.95,2026-07-13,47.35,86.62,32.63,50.0,38.89,51.52,NEUTRAL,0.9,46.37,WATCHLIST,CONSOLIDATING,RETAIL,-0.88,17.89,3.06,1.908
KIRANVYPAR,FINANCIAL_SERVICES,194.04,2026-07-13,41.51,83.54,34.6,50.0,50.0,51.51,NEUTRAL,0.9,46.36,WATCHLIST,INSUFFICIENT_DATA,RETAIL,1.15,,,0.684
KRONOX,CHEMICALS,150.7,2026-07-13,65.12,58.02,30.65,50.0,50.0,51.51,NEUTRAL,0.9,46.36,WATCHLIST,UPTREND,RETAIL,13.38,12.93,-20.74,0.339
PNGJL,FMCG,598.35,2026-07-13,59.66,62.5,32.96,50.0,50.0,51.51,NEUTRAL,0.9,46.36,WATCHLIST,STRONG_UPTREND,RETAIL,11.28,-5.79,-2.13,2.084
JKPAPER,CHEMICALS,369.05,2026-07-13,58.73,65.94,30.65,50.0,50.0,51.5,NEUTRAL,0.9,46.35,WATCHLIST,STRONG_UPTREND,RETAIL,5.99,4.77,-5.52,1.888
COFORGE,IT,1540.9,2026-07-13,69.77,54.88,32.05,50.0,44.44,51.49,NEUTRAL,0.9,46.34,WATCHLIST,STRONG_UPTREND,RETAIL,9.85,25.86,-17.12,1.359
CUMMINSIND,CAPITAL_GOODS,5555.0,2026-07-13,47.56,82.14,32.54,50.0,44.44,51.49,NEUTRAL,0.9,46.34,WATCHLIST,CONSOLIDATING,RETAIL,-0.97,8.1,57.1,0.685
LOWVOLIETF,OTHER,22.12,2026-07-13,52.06,65.02,39.76,50.0,50.0,51.47,NEUTRAL,0.9,46.32,WATCHLIST,DOWNTREND,DII,4.54,2.79,0.27,0.462
MAHLOG,LOGISTICS,382.75,2026-07-13,59.62,70.12,33.47,50.0,38.89,51.46,NEUTRAL,0.9,46.31,WATCHLIST,STRONG_UPTREND,RETAIL,13.09,-1.28,-7.13,0.366
BANKBETA,OTHER,60.15,2026-07-13,53.38,63.22,39.76,50.0,50.0,51.44,NEUTRAL,0.9,46.3,WATCHLIST,INSUFFICIENT_DATA,DII,5.94,4.07,,0.091
DIVIDEND,OTHER,35.2,2026-07-13,35.87,85.12,39.76,50.0,50.0,51.44,NEUTRAL,0.9,46.3,WATCHLIST,INSUFFICIENT_DATA,DII,1.06,-2.03,,0.313
MOLOWVOL,OTHER,36.87,2026-07-13,46.93,71.2,39.76,50.0,50.0,51.42,NEUTRAL,0.9,46.28,WATCHLIST,DOWNTREND,DII,3.71,2.67,-3.2,0.19
MSPL,METAL,39.67,2026-07-13,48.61,72.02,36.81,50.0,50.0,51.42,NEUTRAL,0.9,46.28,WATCHLIST,CONSOLIDATING,DII,-0.85,13.64,21.2,0.212
ABSLPSE,OTHER,10.34,2026-07-13,41.23,78.28,39.76,50.0,50.0,51.42,NEUTRAL,0.9,46.28,WATCHLIST,DOWNTREND,DII,0.68,-1.62,1.77,1.042
TVSELECT,RETAIL,513.8,2026-07-13,74.42,38.98,37.54,50.0,50.0,51.41,NEUTRAL,0.9,46.27,WATCHLIST,INSUFFICIENT_DATA,RETAIL,15.15,26.85,,0.39
NV20BEES,OTHER,142.31,2026-07-13,41.4,77.88,39.76,50.0,50.0,51.38,NEUTRAL,0.9,46.24,WATCHLIST,DOWNTREND,DII,1.82,-2.53,-4.32,1.027
IMFA,METAL,1399.9,2026-07-13,56.03,66.66,36.81,50.0,44.44,51.37,NEUTRAL,0.9,46.23,WATCHLIST,CONSOLIDATING,DII,3.61,0.02,83.26,0.605
KSR,OTHER,28.7,2026-07-13,51.3,65.42,39.76,50.0,50.0,51.36,NEUTRAL,0.9,46.22,WATCHLIST,INSUFFICIENT_DATA,DII,,,,1.125
STCINDIA,DIVERSIFIED,123.0,2026-07-13,50.56,63.24,42.82,50.0,50.0,51.35,NEUTRAL,0.9,46.22,WATCHLIST,UPTREND,RETAIL,4.46,8.52,,0.058
BHARTIHEXA,TELECOM,1587.4,2026-07-13,59.29,62.34,32.74,50.0,50.0,51.34,NEUTRAL,0.9,46.21,WATCHLIST,DOWNTREND,DII,8.93,4.18,-11.44,0.54
RATNAMANI,METAL,2656.8,2026-07-13,62.17,58.86,36.81,50.0,44.44,51.34,NEUTRAL,0.9,46.21,WATCHLIST,STRONG_UPTREND,DII,5.57,13.82,-5.48,0.96
INDIASHLTR,FINANCIAL_SERVICES,823.15,2026-07-13,64.1,62.72,34.6,50.0,38.89,51.32,NEUTRAL,0.9,46.19,WATCHLIST,STRONG_UPTREND,RETAIL,11.64,6.3,-15.46,1.123
FLEXIADD,OTHER,9.94,2026-07-13,49.79,67.06,39.76,50.0,50.0,51.31,NEUTRAL,0.9,46.18,WATCHLIST,INSUFFICIENT_DATA,DII,3.97,2.9,,1.013
SONATSOFTW,IT,316.05,2026-07-13,76.99,42.76,32.05,47.98,50.0,51.31,NEUTRAL,0.9,46.18,WATCHLIST,STRONG_UPTREND,RETAIL,21.09,28.33,-27.69,5.392
INDPRUD,AUTO,6548.0,2026-07-13,38.89,85.7,34.67,50.0,50.0,51.3,NEUTRAL,0.9,46.17,WATCHLIST,INSUFFICIENT_DATA,RETAIL,1.52,,,0.146
SMSPHARMA,PHARMA,399.8,2026-07-13,52.92,78.56,32.63,50.0,38.89,51.3,NEUTRAL,0.9,46.17,WATCHLIST,STRONG_UPTREND,RETAIL,4.78,-4.45,58.93,0.925
EIHOTEL,HOSPITALITY,337.05,2026-07-13,68.64,55.04,36.37,50.0,38.89,51.28,NEUTRAL,0.9,46.15,WATCHLIST,DOWNTREND,MIXED,14.92,7.96,-11.42,0.857
ORIENTBELL,CAPITAL_GOODS,321.45,2026-07-13,47.8,76.62,32.54,50.0,50.0,51.28,NEUTRAL,0.9,46.15,WATCHLIST,CONSOLIDATING,RETAIL,0.23,15.09,1.48,0.877
BLKASHYAP,INFRASTRUCTURE,59.46,2026-07-13,71.34,48.64,31.01,50.0,50.0,51.26,NEUTRAL,0.9,46.13,WATCHLIST,STRONG_UPTREND,RETAIL,10.87,19.25,-12.92,8.71
SURYALA,TEXTILES,438.1,2026-07-13,47.31,72.48,37.16,50.0,50.0,51.26,NEUTRAL,0.9,46.13,WATCHLIST,INSUFFICIENT_DATA,RETAIL,2.73,,,0.802
METROGLOBL,OTHER,135.09,2026-07-13,47.94,69.08,39.76,50.0,50.0,51.25,NEUTRAL,0.9,46.12,WATCHLIST,INSUFFICIENT_DATA,DII,3.92,,,0.266
FORTIS,HEALTHCARE,963.5,2026-07-13,44.65,74.5,38.35,50.0,50.0,51.23,NEUTRAL,0.9,46.11,WATCHLIST,UPTREND,DII,-2.58,13.64,20.66,0.731
CHOLAHLDNG,FINANCIAL_SERVICES,1648.2,2026-07-13,63.84,54.04,34.6,50.0,50.0,51.19,NEUTRAL,0.9,46.07,WATCHLIST,DOWNTREND,RETAIL,15.15,3.22,-22.11,1.3
QUALITY30,OTHER,20.38,2026-07-13,42.22,75.84,39.76,50.0,50.0,51.18,NEUTRAL,0.9,46.06,WATCHLIST,DOWNTREND,DII,1.6,2.31,,0.639
MUNJALSHOW,AUTO,134.48,2026-07-13,47.49,74.38,34.67,50.0,50.0,51.18,NEUTRAL,0.9,46.06,WATCHLIST,STRONG_UPTREND,RETAIL,3.27,7.74,-10.97,1.038
GAIL,ENERGY,173.12,2026-07-13,51.71,83.3,28.81,50.0,38.89,51.18,NEUTRAL,0.9,46.06,WATCHLIST,UPTREND,MIXED,3.04,12.36,-6.54,0.437
TASTYBITE,FMCG,8962.5,2026-07-13,68.43,49.9,32.96,50.0,50.0,51.18,NEUTRAL,0.9,46.06,WATCHLIST,STRONG_UPTREND,RETAIL,9.98,24.84,-18.33,0.814
SANSTAR,AGRICULTURE,113.52,2026-07-13,52.29,65.14,37.73,50.0,50.0,51.15,NEUTRAL,0.9,46.04,WATCHLIST,UPTREND,DII,-1.73,35.01,18.18,0.068
RITES,INFRASTRUCTURE,226.65,2026-07-13,62.36,61.38,31.01,47.98,50.0,51.16,NEUTRAL,0.9,46.04,WATCHLIST,STRONG_UPTREND,RETAIL,11.77,9.41,-17.61,0.147
GROWWNIFTY,OTHER,9.76,2026-07-13,51.32,64.3,39.76,50.0,50.0,51.14,NEUTRAL,0.9,46.03,WATCHLIST,DOWNTREND,DII,4.72,1.24,,1.413
ICICIB22,OTHER,117.23,2026-07-13,39.4,78.98,39.76,50.0,50.0,51.1,NEUTRAL,0.9,45.99,WATCHLIST,DOWNTREND,DII,-0.11,-3.96,7.5,1.531
LINDEINDIA,CHEMICALS,7114.0,2026-07-13,55.11,76.76,30.65,50.0,38.89,51.09,NEUTRAL,0.9,45.98,WATCHLIST,CONSOLIDATING,RETAIL,5.38,-1.06,6.12,1.015
NESTLEIND,FMCG,1427.0,2026-07-13,35.54,90.5,32.96,50.0,50.0,51.08,NEUTRAL,0.9,45.97,WATCHLIST,CONSOLIDATING,RETAIL,-0.79,14.22,-42.28,1.148
BLUESTARCO,FMCG,1716.1,2026-07-13,59.93,68.24,32.96,50.0,38.89,51.06,NEUTRAL,0.9,45.95,WATCHLIST,DOWNTREND,RETAIL,8.5,1.54,-7.0,1.727
GULFOILLUB,ENERGY,1044.6,2026-07-13,68.78,57.2,28.81,50.0,44.44,51.06,NEUTRAL,0.9,45.95,WATCHLIST,DOWNTREND,MIXED,13.8,15.59,-15.62,0.46
SBILIFE,FINANCIAL_SERVICES,1855.9,2026-07-13,53.86,74.1,34.6,50.0,38.89,51.04,NEUTRAL,0.9,45.94,WATCHLIST,DOWNTREND,RETAIL,7.36,-3.5,3.77,0.421
PTCIL,POWER,17687.0,2026-07-13,44.51,78.2,33.82,50.0,50.0,51.03,NEUTRAL,0.9,45.93,WATCHLIST,STRONG_UPTREND,MIXED,-4.76,14.8,22.0,0.458
POLYMED,HEALTHCARE,1651.6,2026-07-13,66.82,54.0,38.35,50.0,38.89,51.01,NEUTRAL,0.9,45.91,WATCHLIST,STRONG_UPTREND,DII,16.51,12.95,-21.42,0.258
GSPCROP,CHEMICALS,431.95,2026-07-13,45.91,81.5,30.65,47.98,50.0,51.0,NEUTRAL,0.9,45.9,WATCHLIST,INSUFFICIENT_DATA,RETAIL,0.7,10.8,,0.959
GOKUL,FMCG,41.53,2026-07-13,45.05,80.26,32.96,47.98,50.0,51.0,NEUTRAL,0.9,45.9,WATCHLIST,UPTREND,RETAIL,1.44,4.09,-2.24,0.729
CHEVIOT,TEXTILES,1123.4,2026-07-13,53.07,63.94,37.16,50.0,50.0,50.99,NEUTRAL,0.9,45.89,WATCHLIST,CONSOLIDATING,RETAIL,3.68,7.47,-4.42,1.223
BI,HEALTHCARE,64.01,2026-07-13,46.72,70.7,38.35,50.0,50.0,50.99,NEUTRAL,0.9,45.89,WATCHLIST,INSUFFICIENT_DATA,DII,4.05,,,0.252
BAJAJST,CAPITAL_GOODS,403.75,2026-07-13,60.67,59.02,32.54,50.0,50.0,50.98,NEUTRAL,0.9,45.88,WATCHLIST,INSUFFICIENT_DATA,RETAIL,9.17,,,0.67
MOPSE,OTHER,101.02,2026-07-13,41.1,76.14,39.76,50.0,50.0,50.96,NEUTRAL,0.9,45.86,WATCHLIST,DOWNTREND,DII,0.65,-2.47,1.54,1.654
THYROCARE,HEALTHCARE,510.15,2026-07-13,31.94,76.44,38.35,50.0,66.67,50.94,NEUTRAL,0.9,45.85,WATCHLIST,CONSOLIDATING,DII,-4.25,27.86,-56.93,1.366
REFEX,CHEMICALS,338.45,2026-07-13,70.08,48.96,30.65,50.0,50.0,50.94,NEUTRAL,0.9,45.85,WATCHLIST,UPTREND,RETAIL,11.59,49.64,-22.57,0.391
RSL,METAL,128.82,2026-07-13,42.02,77.8,36.81,50.0,50.0,50.93,NEUTRAL,0.9,45.84,WATCHLIST,INSUFFICIENT_DATA,DII,0.62,4.59,,0.416
GNRL,ENERGY,101.12,2026-07-13,58.37,67.28,28.81,47.98,50.0,50.91,NEUTRAL,0.9,45.82,WATCHLIST,INSUFFICIENT_DATA,MIXED,8.37,,,0.109
MOVALUE,OTHER,114.48,2026-07-13,39.59,77.8,39.76,50.0,50.0,50.91,NEUTRAL,0.9,45.82,WATCHLIST,DOWNTREND,DII,-0.56,-0.59,8.63,0.774
GROWWPOWER,OTHER,11.75,2026-07-13,39.23,78.04,39.76,50.0,50.0,50.87,NEUTRAL,0.9,45.78,WATCHLIST,CONSOLIDATING,DII,-0.84,7.21,,0.592
SONAL,FINANCIAL_SERVICES,90.5,2026-07-13,47.51,72.8,34.6,50.0,50.0,50.86,NEUTRAL,0.9,45.77,WATCHLIST,INSUFFICIENT_DATA,RETAIL,,,,0.015
VEDPOWER,OTHER,41.43,2026-07-13,48.74,66.12,39.76,50.0,50.0,50.86,NEUTRAL,0.9,45.77,WATCHLIST,INSUFFICIENT_DATA,DII,,,,0.418
LAL,TEXTILES,8.79,2026-07-13,75.16,37.66,37.16,47.98,50.0,50.85,NEUTRAL,0.9,45.76,WATCHLIST,STRONG_UPTREND,RETAIL,20.25,12.26,,0.969
JSWENERGY,POWER,553.65,2026-07-13,49.44,79.36,33.82,50.0,38.89,50.83,NEUTRAL,0.9,45.75,WATCHLIST,CONSOLIDATING,MIXED,-1.25,13.26,4.38,0.791
DIXON,REALTY,13490.0,2026-07-13,76.43,46.06,33.21,50.0,38.89,50.8,NEUTRAL,0.9,45.72,WATCHLIST,STRONG_UPTREND,RETAIL,17.44,26.36,-15.48,0.887
ABSLMSCIN,OTHER,29.59,2026-07-13,47.39,67.46,39.76,50.0,50.0,50.79,NEUTRAL,0.9,45.71,WATCHLIST,INSUFFICIENT_DATA,DII,4.3,3.17,,0.026
PANACEABIO,PHARMA,542.5,2026-07-13,52.9,67.7,32.63,50.0,50.0,50.79,NEUTRAL,0.9,45.71,WATCHLIST,UPTREND,RETAIL,-0.82,65.83,26.43,0.189
EICHERMOT,AUTO,7296.5,2026-07-13,43.56,77.32,34.67,50.0,50.0,50.79,NEUTRAL,0.9,45.71,WATCHLIST,UPTREND,RETAIL,1.07,-1.72,29.66,1.116
FIVESTAR,FINANCIAL_SERVICES,544.1,2026-07-13,74.27,47.34,34.6,50.0,38.89,50.79,NEUTRAL,0.9,45.71,WATCHLIST,STRONG_UPTREND,RETAIL,26.49,26.95,-25.43,0.195
WINDLAS,PHARMA,852.25,2026-07-13,49.5,55.26,32.63,50.0,72.22,50.79,NEUTRAL,0.9,45.71,WATCHLIST,STRONG_UPTREND,RETAIL,3.96,6.4,-7.71,1.001
ARVINDFASN,RETAIL,474.85,2026-07-13,51.87,64.02,37.54,50.0,50.0,50.78,NEUTRAL,0.9,45.7,WATCHLIST,STRONG_UPTREND,RETAIL,6.15,-1.38,-3.75,0.866
TANLA,IT,569.55,2026-07-13,71.85,48.7,32.05,50.0,44.44,50.78,NEUTRAL,0.9,45.7,WATCHLIST,STRONG_UPTREND,RETAIL,11.55,19.79,-13.18,3.517
ENGINERSIN,INFRASTRUCTURE,236.66,2026-07-13,49.78,77.28,31.01,50.0,44.44,50.77,NEUTRAL,0.9,45.69,WATCHLIST,CONSOLIDATING,RETAIL,1.99,10.72,0.61,0.332
SURYALAXMI,TEXTILES,60.03,2026-07-13,57.8,56.92,37.16,50.0,50.0,50.77,NEUTRAL,0.9,45.69,WATCHLIST,STRONG_UPTREND,RETAIL,7.18,7.41,-18.82,0.806
HSCL,CHEMICALS,663.1,2026-07-13,47.42,84.7,30.65,50.0,38.89,50.76,NEUTRAL,0.9,45.68,WATCHLIST,UPTREND,RETAIL,-4.31,40.82,29.02,0.347
JSWSTEEL,METAL,1237.4,2026-07-13,41.16,86.36,36.81,50.0,38.89,50.76,NEUTRAL,0.9,45.68,WATCHLIST,CONSOLIDATING,DII,-2.55,1.86,19.62,0.976
THERMAX,CAPITAL_GOODS,4663.5,2026-07-13,52.23,76.72,32.54,50.0,38.89,50.74,NEUTRAL,0.9,45.67,WATCHLIST,CONSOLIDATING,RETAIL,-0.75,28.01,19.93,0.59
ROLEXRINGS,AUTO,143.96,2026-07-13,37.65,63.6,34.67,50.0,77.78,50.73,NEUTRAL,0.9,45.66,WATCHLIST,UPTREND,RETAIL,3.17,9.23,-90.35,0.702
GALLANTT,METAL,700.95,2026-07-13,71.79,47.88,36.81,50.0,38.89,50.72,NEUTRAL,0.9,45.65,WATCHLIST,CONSOLIDATING,DII,9.39,6.45,19.73,1.426
TSFINV,FINANCIAL_SERVICES,480.75,2026-07-13,78.07,37.94,34.6,50.0,44.44,50.69,NEUTRAL,0.9,45.62,WATCHLIST,INSUFFICIENT_DATA,RETAIL,23.71,23.98,,0.369
FMGOETZE,AUTO,471.25,2026-07-13,61.81,54.02,34.67,50.0,50.0,50.69,NEUTRAL,0.9,45.62,WATCHLIST,STRONG_UPTREND,RETAIL,10.96,5.39,-18.14,2.093
LOVABLE,TEXTILES,78.3,2026-07-13,63.29,49.58,37.16,50.0,50.0,50.67,NEUTRAL,0.9,45.6,WATCHLIST,STRONG_UPTREND,RETAIL,12.27,11.51,-21.42,0.377
MAHABANK,BANKING,82.56,2026-07-13,50.01,74.74,32.71,50.0,44.44,50.66,NEUTRAL,0.9,45.59,WATCHLIST,CONSOLIDATING,MIXED,-1.92,16.96,45.81,1.399
AMBER,CAPITAL_GOODS,7771.0,2026-07-13,49.63,73.18,32.54,47.98,50.0,50.65,NEUTRAL,0.9,45.58,WATCHLIST,STRONG_UPTREND,RETAIL,1.91,7.26,2.2,0.947
GROWWPSE,OTHER,99.71,2026-07-13,35.56,81.54,39.76,50.0,50.0,50.65,NEUTRAL,0.9,45.58,WATCHLIST,INSUFFICIENT_DATA,DII,0.22,-2.75,,1.002
MANAKCOAT,METAL,126.26,2026-07-13,79.2,38.12,36.81,50.0,38.89,50.62,NEUTRAL,0.9,45.56,WATCHLIST,STRONG_UPTREND,DII,20.96,19.06,-10.69,5.505
MOBIKWIK,FINANCIAL_SERVICES,225.29,2026-07-13,76.89,34.9,34.6,50.0,50.0,50.62,NEUTRAL,0.9,45.56,WATCHLIST,STRONG_UPTREND,RETAIL,17.12,21.22,-13.87,3.862
ASKAUTOLTD,AUTO,470.35,2026-07-13,61.22,62.62,34.67,50.0,38.89,50.6,NEUTRAL,0.9,45.54,WATCHLIST,STRONG_UPTREND,RETAIL,9.91,6.86,-10.46,0.638
MANALIPETC,CHEMICALS,65.27,2026-07-13,63.71,63.44,30.65,50.0,38.89,50.58,NEUTRAL,0.9,45.52,WATCHLIST,STRONG_UPTREND,RETAIL,7.83,18.52,-17.64,0.817
DATAPATTNS,DEFENCE,4270.3,2026-07-13,50.96,72.34,37.68,50.0,38.89,50.58,NEUTRAL,0.9,45.52,WATCHLIST,CONSOLIDATING,RETAIL,-1.92,30.61,54.86,0.362
KCP,AGRICULTURE,174.04,2026-07-13,60.51,51.78,37.73,50.0,50.0,50.53,NEUTRAL,0.9,45.48,WATCHLIST,STRONG_UPTREND,DII,7.77,7.11,-18.78,0.973
MARKOLINES,INFRASTRUCTURE,169.02,2026-07-13,47.86,76.3,31.01,47.98,50.0,50.52,NEUTRAL,0.9,45.47,WATCHLIST,INSUFFICIENT_DATA,RETAIL,1.46,11.96,,0.713
ADVANCE,CHEMICALS,113.67,2026-07-13,69.44,47.62,30.65,50.0,50.0,50.51,NEUTRAL,0.9,45.46,WATCHLIST,INSUFFICIENT_DATA,RETAIL,14.7,5.83,,1.164
TMCV,AUTO,420.75,2026-07-13,58.62,65.32,34.67,50.0,38.89,50.49,NEUTRAL,0.9,45.44,WATCHLIST,INSUFFICIENT_DATA,RETAIL,15.31,-5.35,,0.605
KEI,CAPITAL_GOODS,5112.0,2026-07-13,49.23,79.12,32.54,50.0,38.89,50.47,NEUTRAL,0.9,45.42,WATCHLIST,CONSOLIDATING,RETAIL,-1.05,14.64,30.12,0.861
RESPONIND,REALTY,188.1,2026-07-13,70.01,52.36,33.21,50.0,38.89,50.45,NEUTRAL,0.9,45.4,WATCHLIST,UPTREND,RETAIL,14.01,33.47,-21.51,0.162
BBTCL,CHEMICALS,214.45,2026-07-13,44.25,78.7,30.65,50.0,50.0,50.43,NEUTRAL,0.9,45.39,WATCHLIST,UPTREND,RETAIL,-6.76,20.43,22.77,2.188
GARUDA,INFRASTRUCTURE,183.04,2026-07-13,71.03,46.84,31.01,47.98,50.0,50.42,NEUTRAL,0.9,45.38,WATCHLIST,DOWNTREND,RETAIL,11.44,6.92,8.51,0.799
PSUBNKBEES,OTHER,94.6,2026-07-13,42.63,71.38,39.76,50.0,50.0,50.39,NEUTRAL,0.9,45.35,WATCHLIST,DOWNTREND,DII,0.9,-2.95,18.47,0.631
KOTIC,CHEMICALS,175.14,2026-07-13,61.79,56.58,30.65,50.0,50.0,50.39,NEUTRAL,0.9,45.35,WATCHLIST,INSUFFICIENT_DATA,RETAIL,11.16,,,0.256
TOP10ADD,OTHER,87.83,2026-07-13,43.32,70.48,39.76,50.0,50.0,50.38,NEUTRAL,0.9,45.34,WATCHLIST,DOWNTREND,DII,2.64,-2.45,-9.7,5.099
SAHYADRI,CHEMICALS,278.65,2026-07-13,55.26,64.68,30.65,50.0,50.0,50.38,NEUTRAL,0.9,45.34,WATCHLIST,CONSOLIDATING,RETAIL,3.72,15.93,-9.66,1.138
VOGL,OTHER,38.97,2026-07-13,48.55,63.74,39.76,50.0,50.0,50.34,NEUTRAL,0.9,45.31,WATCHLIST,INSUFFICIENT_DATA,DII,,,,0.379
TTKHLTCARE,DIVERSIFIED,993.3,2026-07-13,66.83,46.08,42.82,50.0,38.89,50.32,NEUTRAL,0.9,45.29,WATCHLIST,STRONG_UPTREND,RETAIL,12.7,12.07,-25.03,13.599
TNPETRO,HEALTHCARE,97.77,2026-07-13,66.84,50.54,38.35,50.0,38.89,50.32,NEUTRAL,0.9,45.29,WATCHLIST,INSUFFICIENT_DATA,DII,14.54,10.18,-11.31,0.197
SUNFLAG,METAL,344.05,2026-07-13,59.82,60.78,36.81,50.0,38.89,50.31,NEUTRAL,0.9,45.28,WATCHLIST,CONSOLIDATING,DII,0.06,37.94,16.33,1.961
KAMAHOLD,FINANCIAL_SERVICES,2554.6,2026-07-13,34.24,86.62,34.6,50.0,50.0,50.3,NEUTRAL,0.9,45.27,WATCHLIST,INSUFFICIENT_DATA,RETAIL,-1.47,,,0.44
LICHSGFIN,FINANCIAL_SERVICES,551.9,2026-07-13,43.74,74.68,34.6,50.0,50.0,50.29,NEUTRAL,0.9,45.26,WATCHLIST,STRONG_UPTREND,RETAIL,2.01,3.81,-12.15,1.3
CLEANMAX,POWER,1305.7,2026-07-13,48.06,70.02,33.82,50.0,50.0,50.28,NEUTRAL,0.9,45.25,WATCHLIST,INSUFFICIENT_DATA,MIXED,-2.23,51.53,,0.226
DIVOPPBEES,OTHER,76.92,2026-07-13,37.93,76.64,39.76,50.0,50.0,50.26,NEUTRAL,0.9,45.23,WATCHLIST,DOWNTREND,DII,0.65,-3.72,-2.57,0.982
SANATHAN,TEXTILES,443.75,2026-07-13,54.57,58.42,37.16,50.0,50.0,50.26,NEUTRAL,0.9,45.23,WATCHLIST,STRONG_UPTREND,RETAIL,7.11,4.49,-19.91,0.581
GROWWMETAL,OTHER,12.03,2026-07-13,36.09,78.88,39.76,50.0,50.0,50.25,NEUTRAL,0.9,45.22,WATCHLIST,INSUFFICIENT_DATA,DII,-0.5,2.73,,0.454
KMSUGAR,FMCG,27.96,2026-07-13,51.99,65.78,32.96,50.0,50.0,50.25,NEUTRAL,0.9,45.22,WATCHLIST,STRONG_UPTREND,RETAIL,4.13,1.41,0.04,2.388
IXIGO,HOSPITALITY,210.43,2026-07-13,82.57,24.1,36.37,50.0,50.0,50.24,NEUTRAL,0.9,45.22,WATCHLIST,DOWNTREND,MIXED,35.04,23.77,-3.09,0.504
NIITLTD,HEALTHCARE,99.6,2026-07-13,61.71,58.24,38.35,47.98,38.89,50.18,NEUTRAL,0.9,45.16,WATCHLIST,UPTREND,DII,6.5,52.69,-20.24,0.144
SMARTWORKS,REALTY,474.3,2026-07-13,61.56,53.24,33.21,50.0,50.0,50.18,NEUTRAL,0.9,45.16,WATCHLIST,STRONG_UPTREND,RETAIL,5.71,17.07,3.39,0.301
INDIQUBE,REALTY,175.05,2026-07-13,69.19,43.6,33.21,50.0,50.0,50.16,NEUTRAL,0.9,45.14,WATCHLIST,DOWNTREND,RETAIL,14.36,14.07,,0.253
VISL,OTHER,36.41,2026-07-13,50.35,62.62,39.76,47.98,50.0,50.16,NEUTRAL,0.9,45.14,WATCHLIST,INSUFFICIENT_DATA,DII,,,,0.765
MFSL,FINANCIAL_SERVICES,1631.8,2026-07-13,44.99,72.44,34.6,50.0,50.0,50.16,NEUTRAL,0.9,45.14,WATCHLIST,DOWNTREND,RETAIL,2.1,-1.39,6.02,1.228
CLSEL,AGRICULTURE,287.0,2026-07-13,56.46,65.22,37.73,47.98,38.89,50.13,NEUTRAL,0.9,45.12,WATCHLIST,UPTREND,DII,7.13,5.72,-14.63,0.027
PGEL,CAPITAL_GOODS,595.85,2026-07-13,77.0,44.72,32.54,47.98,38.89,50.13,NEUTRAL,0.9,45.12,WATCHLIST,STRONG_UPTREND,RETAIL,27.89,22.41,-26.35,1.191
GOLDIAM,FMCG,374.55,2026-07-13,33.34,75.98,32.96,50.0,66.67,50.12,NEUTRAL,0.9,45.11,WATCHLIST,STRONG_UPTREND,RETAIL,-13.22,8.08,3.34,1.857
SREEL,FMCG,211.76,2026-07-13,59.47,64.16,32.96,50.0,38.89,50.12,NEUTRAL,0.9,45.11,WATCHLIST,STRONG_UPTREND,RETAIL,7.41,13.59,-14.13,0.186
BANKPSU,OTHER,85.4,2026-07-13,41.36,71.62,39.76,50.0,50.0,50.12,NEUTRAL,0.9,45.11,WATCHLIST,DOWNTREND,DII,1.08,-2.82,18.92,0.197
GANDHITUBE,METAL,860.8,2026-07-13,47.51,66.86,36.81,50.0,50.0,50.11,NEUTRAL,0.9,45.1,WATCHLIST,CONSOLIDATING,DII,1.36,-1.2,17.8,0.926
VAL30IETF,OTHER,15.38,2026-07-13,39.46,73.78,39.76,50.0,50.0,50.07,NEUTRAL,0.9,45.06,WATCHLIST,CONSOLIDATING,DII,-0.13,-1.54,15.47,0.478
BFUTILITIE,INFRASTRUCTURE,672.55,2026-07-13,65.68,49.68,31.01,50.0,50.0,50.06,NEUTRAL,0.9,45.05,WATCHLIST,INSUFFICIENT_DATA,RETAIL,12.81,,-17.56,13.943
PPLPHARMA,PHARMA,173.63,2026-07-13,54.97,61.48,32.63,50.0,50.0,50.06,NEUTRAL,0.9,45.05,WATCHLIST,STRONG_UPTREND,RETAIL,5.83,18.94,-17.78,0.351
UMIYA-MRO,TELECOM,89.99,2026-07-13,54.13,62.3,32.74,50.0,50.0,50.04,NEUTRAL,0.9,45.04,WATCHLIST,STRONG_UPTREND,DII,2.78,4.24,9.61,2.072
VOLTAS,FMCG,1349.5,2026-07-13,53.83,70.56,32.96,50.0,38.89,50.0,NEUTRAL,0.9,45.0,WATCHLIST,DOWNTREND,RETAIL,4.61,2.58,-2.0,1.829
TEJASNET,TELECOM,556.25,2026-07-13,47.83,71.94,32.74,47.98,50.0,49.99,NEUTRAL,0.9,44.99,WATCHLIST,UPTREND,DII,0.99,25.44,-12.91,0.228
ANURAS,CHEMICALS,1269.7,2026-07-13,41.89,79.46,30.65,50.0,50.0,49.99,NEUTRAL,0.9,44.99,WATCHLIST,CONSOLIDATING,RETAIL,-0.2,-1.28,10.41,6.336
ELECTHERM,METAL,1099.6,2026-07-13,44.34,72.22,36.81,47.98,50.0,49.99,NEUTRAL,0.9,44.99,WATCHLIST,UPTREND,DII,-4.12,53.18,-6.39,0.58
PRECWIRE,METAL,387.15,2026-07-13,51.16,65.62,36.81,50.0,44.44,49.94,NEUTRAL,0.9,44.95,WATCHLIST,CONSOLIDATING,DII,-1.66,13.98,102.77,0.529
AVTNPL,AGRICULTURE,71.06,2026-07-13,50.54,69.6,37.73,50.0,38.89,49.93,NEUTRAL,0.9,44.94,WATCHLIST,STRONG_UPTREND,DII,0.69,12.92,2.42,0.374
HIRECT,CAPITAL_GOODS,1052.7,2026-07-13,41.3,73.7,32.54,50.0,55.56,49.91,NEUTRAL,0.9,44.92,WATCHLIST,CONSOLIDATING,RETAIL,-0.06,25.26,-20.94,0.303
EVEREADY,FMCG,354.25,2026-07-13,63.92,49.1,32.96,50.0,50.0,49.89,NEUTRAL,0.9,44.9,WATCHLIST,UPTREND,RETAIL,6.02,21.21,-9.17,0.963
HDFCPSUBK,OTHER,85.53,2026-07-13,42.57,68.94,39.76,50.0,50.0,49.88,NEUTRAL,0.9,44.89,WATCHLIST,DOWNTREND,DII,0.65,-3.41,18.27,0.848
HDFCVALUE,OTHER,127.84,2026-07-13,38.58,73.88,39.76,50.0,50.0,49.87,NEUTRAL,0.9,44.88,WATCHLIST,DOWNTREND,DII,1.16,-2.81,-4.47,0.752
REDTAPE,FMCG,136.46,2026-07-13,56.25,66.92,32.96,50.0,38.89,49.87,NEUTRAL,0.9,44.88,WATCHLIST,STRONG_UPTREND,RETAIL,4.29,11.08,-0.12,0.648
SICALLOG,OTHER,88.32,2026-07-13,48.07,78.6,39.76,50.0,27.78,49.86,NEUTRAL,0.9,44.87,WATCHLIST,INSUFFICIENT_DATA,DII,,,,0.262
METROBRAND,FMCG,1072.6,2026-07-13,58.35,60.04,32.96,50.0,44.44,49.85,NEUTRAL,0.9,44.86,WATCHLIST,STRONG_UPTREND,RETAIL,8.47,5.53,-12.51,0.349
SBIBPB,OTHER,48.99,2026-07-13,43.01,68.14,39.76,50.0,50.0,49.83,NEUTRAL,0.9,44.85,WATCHLIST,DOWNTREND,DII,0.27,-3.22,17.43,5.591
LAGNAM,TEXTILES,81.99,2026-07-13,55.74,54.7,37.16,50.0,50.0,49.81,NEUTRAL,0.9,44.83,WATCHLIST,STRONG_UPTREND,RETAIL,3.54,24.21,-20.34,3.135
KRYSTAL,OTHER,600.6,2026-07-13,52.34,64.66,39.76,50.0,38.89,49.8,NEUTRAL,0.9,44.82,WATCHLIST,STRONG_UPTREND,DII,4.43,10.61,,0.118
ALKYLAMINE,CHEMICALS,1903.5,2026-07-13,64.43,58.62,30.65,50.0,38.89,49.8,NEUTRAL,0.9,44.82,WATCHLIST,STRONG_UPTREND,RETAIL,5.93,36.41,-15.58,0.823
TDPOWERSYS,CAPITAL_GOODS,1152.2,2026-07-13,56.08,67.04,32.54,50.0,38.89,49.77,NEUTRAL,0.9,44.79,WATCHLIST,CONSOLIDATING,RETAIL,-0.1,24.35,131.9,0.669
AIIL,CAPITAL_GOODS,520.0,2026-07-13,57.92,52.26,32.54,50.0,55.56,49.77,NEUTRAL,0.9,44.79,WATCHLIST,DOWNTREND,RETAIL,11.79,17.87,-81.46,0.07
ATALREAL,REALTY,28.96,2026-07-13,39.24,81.0,33.21,47.98,50.0,49.75,NEUTRAL,0.9,44.78,WATCHLIST,CONSOLIDATING,RETAIL,-2.33,14.74,,0.777
ULTRAMAR,CHEMICALS,395.45,2026-07-13,48.37,78.54,30.65,50.0,38.89,49.76,NEUTRAL,0.9,44.78,WATCHLIST,INSUFFICIENT_DATA,RETAIL,3.08,,,0.865
NEAGI,FMCG,3101.0,2026-07-13,39.16,79.3,32.96,50.0,50.0,49.74,NEUTRAL,0.9,44.77,WATCHLIST,INSUFFICIENT_DATA,RETAIL,0.68,,,0.097
SHINDL,CAPITAL_GOODS,159.13,2026-07-13,41.19,77.1,32.54,50.0,50.0,49.73,NEUTRAL,0.9,44.76,WATCHLIST,INSUFFICIENT_DATA,RETAIL,1.2,,,0.536
DJML,LOGISTICS,111.8,2026-07-13,47.11,79.16,33.47,47.98,38.89,49.73,NEUTRAL,0.9,44.76,WATCHLIST,INSUFFICIENT_DATA,RETAIL,2.27,,-6.67,0.947
POLICYBZR,FINANCIAL_SERVICES,1594.6,2026-07-13,53.58,61.56,34.6,47.98,50.0,49.72,NEUTRAL,0.9,44.75,WATCHLIST,DOWNTREND,RETAIL,5.63,5.62,-9.52,0.659
ASPINWALL,LOGISTICS,251.1,2026-07-13,61.2,59.42,33.47,50.0,38.89,49.71,NEUTRAL,0.9,44.74,WATCHLIST,STRONG_UPTREND,RETAIL,6.4,13.67,-14.46,1.392
PSUBANKADD,OTHER,85.35,2026-07-13,40.23,70.9,39.76,50.0,50.0,49.69,NEUTRAL,0.9,44.72,WATCHLIST,DOWNTREND,DII,0.73,-3.07,18.3,0.206
ITCHOTELS,HOSPITALITY,186.5,2026-07-13,72.26,42.58,36.37,50.0,38.89,49.69,NEUTRAL,0.9,44.72,WATCHLIST,STRONG_UPTREND,MIXED,23.94,20.33,-26.79,0.45
IDFNIFTYET,OTHER,266.61,2026-07-13,51.75,56.46,39.76,50.0,50.0,49.68,NEUTRAL,0.9,44.71,WATCHLIST,DOWNTREND,DII,4.5,1.15,-2.64,1.441
TITAGARH,INFRASTRUCTURE,849.3,2026-07-13,50.41,74.94,31.01,50.0,38.89,49.63,NEUTRAL,0.9,44.67,WATCHLIST,UPTREND,RETAIL,1.87,19.58,-8.29,0.392
PTL,AUTO,40.13,2026-07-13,37.41,83.36,34.67,50.0,44.44,49.62,NEUTRAL,0.9,44.66,WATCHLIST,CONSOLIDATING,RETAIL,-0.27,3.75,-1.4,0.576
ARKADE,CAPITAL_GOODS,140.85,2026-07-13,76.02,32.94,32.54,50.0,50.0,49.6,NEUTRAL,0.9,44.64,WATCHLIST,STRONG_UPTREND,RETAIL,26.06,22.44,-31.8,6.285
MMTC,DIVERSIFIED,64.95,2026-07-13,41.45,65.8,42.82,50.0,50.0,49.59,NEUTRAL,0.9,44.63,WATCHLIST,CONSOLIDATING,RETAIL,0.4,9.62,-4.63,0.078
UMESLTD,OTHER,5.82,2026-07-13,47.71,63.02,39.76,47.98,50.0,49.58,NEUTRAL,0.9,44.62,WATCHLIST,INSUFFICIENT_DATA,DII,,,-8.49,0.129
EIHAHOTELS,HOSPITALITY,326.25,2026-07-13,59.16,50.04,36.37,50.0,50.0,49.57,NEUTRAL,0.9,44.61,WATCHLIST,DOWNTREND,MIXED,9.96,2.84,-18.52,2.042
TENNIND,AUTO,584.1,2026-07-13,38.25,77.8,34.67,50.0,50.0,49.56,NEUTRAL,0.9,44.6,WATCHLIST,INSUFFICIENT_DATA,RETAIL,0.99,4.03,,0.469
ICICIGI,FINANCIAL_SERVICES,1787.3,2026-07-13,45.27,73.12,34.6,50.0,44.44,49.53,NEUTRAL,0.9,44.58,WATCHLIST,DOWNTREND,RETAIL,3.18,0.07,-6.56,2.407
CIPLA,PHARMA,1426.7,2026-07-13,52.19,70.56,32.63,50.0,38.89,49.52,NEUTRAL,0.9,44.57,WATCHLIST,STRONG_UPTREND,RETAIL,3.61,16.04,-3.75,0.528
MIDHANI,DEFENCE,412.35,2026-07-13,39.49,81.34,37.68,50.0,38.89,49.51,NEUTRAL,0.9,44.56,WATCHLIST,CONSOLIDATING,RETAIL,-4.86,24.86,-1.65,0.568
NV20IETF,OTHER,13.81,2026-07-13,38.04,72.62,39.76,50.0,50.0,49.49,NEUTRAL,0.9,44.54,WATCHLIST,DOWNTREND,DII,0.95,-3.02,-4.69,0.873
GANECOS,TEXTILES,1122.65,2026-07-13,67.82,46.28,37.16,50.0,38.89,49.48,NEUTRAL,0.9,44.53,WATCHLIST,STRONG_UPTREND,RETAIL,23.06,7.35,-25.74,0.557
SMLMAH,AUTO,4200.7,2026-07-13,61.11,57.1,34.67,50.0,38.89,49.46,NEUTRAL,0.9,44.51,WATCHLIST,INSUFFICIENT_DATA,RETAIL,11.56,1.19,,1.386
DEN,MEDIA,30.1,2026-07-13,58.45,46.66,40.07,50.0,50.0,49.46,NEUTRAL,0.9,44.51,WATCHLIST,STRONG_UPTREND,RETAIL,11.85,3.94,-25.9,0.421
LGBBROSLTD,AUTO,1584.3,2026-07-13,56.24,54.72,34.67,50.0,50.0,49.44,NEUTRAL,0.9,44.5,WATCHLIST,DOWNTREND,RETAIL,8.66,-10.72,22.51,1.031
FOSECOIND,CHEMICALS,5189.0,2026-07-13,68.56,51.6,30.65,50.0,38.89,49.42,NEUTRAL,0.9,44.48,WATCHLIST,UPTREND,RETAIL,10.41,12.83,3.4,0.209
PCBL,CHEMICALS,323.55,2026-07-13,69.38,50.48,30.65,50.0,38.89,49.4,NEUTRAL,0.9,44.46,WATCHLIST,STRONG_UPTREND,RETAIL,12.68,18.44,-23.05,1.64
NATCOPHARM,PHARMA,979.95,2026-07-13,57.02,59.76,32.63,50.0,44.44,49.4,NEUTRAL,0.9,44.46,WATCHLIST,CONSOLIDATING,RETAIL,14.67,-11.25,-5.33,0.747
ENRIN,CAPITAL_GOODS,3404.3,2026-07-13,50.9,71.58,32.54,50.0,38.89,49.38,NEUTRAL,0.9,44.44,WATCHLIST,CONSOLIDATING,RETAIL,-0.6,21.0,12.08,0.879
MATRIMONY,RETAIL,430.6,2026-07-13,50.6,46.02,37.54,50.0,66.67,49.36,NEUTRAL,0.9,44.42,WATCHLIST,DOWNTREND,RETAIL,9.0,-0.39,-19.96,0.143
ASIANHOTNR,HOSPITALITY,316.55,2026-07-13,52.32,57.28,36.37,50.0,50.0,49.31,NEUTRAL,0.9,44.38,WATCHLIST,STRONG_UPTREND,MIXED,5.39,5.9,,0.538
MUKANDLTD,METAL,135.85,2026-07-13,43.6,67.72,36.81,50.0,50.0,49.31,NEUTRAL,0.9,44.38,WATCHLIST,CONSOLIDATING,DII,0.35,4.26,-2.0,0.595
ARFIN,METAL,87.15,2026-07-13,53.08,64.12,36.81,50.0,38.89,49.29,NEUTRAL,0.9,44.36,WATCHLIST,INSUFFICIENT_DATA,DII,6.2,-2.36,,0.984
BLIL,FINANCIAL_SERVICES,70.05,2026-07-13,38.46,76.22,34.6,50.0,50.0,49.28,NEUTRAL,0.9,44.35,WATCHLIST,INSUFFICIENT_DATA,RETAIL,-0.61,,,1.088
NURECA,HEALTHCARE,245.57,2026-07-13,51.71,43.18,38.35,50.0,66.67,49.23,NEUTRAL,0.9,44.31,WATCHLIST,DOWNTREND,DII,6.91,-6.06,-4.63,3.056
PSUBNKIETF,OTHER,85.77,2026-07-13,43.05,64.94,39.76,50.0,50.0,49.2,NEUTRAL,0.9,44.28,WATCHLIST,DOWNTREND,DII,0.99,-3.39,18.55,0.732
UNIVCABLES,CAPITAL_GOODS,1164.2,2026-07-13,53.49,67.4,32.54,50.0,38.89,49.19,NEUTRAL,0.9,44.27,WATCHLIST,UPTREND,RETAIL,-2.24,51.61,51.03,0.507
RMC,OTHER,294.5,2026-07-13,49.83,58.34,39.76,47.98,50.0,49.17,NEUTRAL,0.9,44.25,WATCHLIST,INSUFFICIENT_DATA,DII,,,,0.638
ASIANPAINT,CHEMICALS,2652.1,2026-07-13,44.95,77.66,30.65,47.98,44.44,49.16,NEUTRAL,0.9,44.24,WATCHLIST,CONSOLIDATING,RETAIL,-2.32,12.34,11.32,0.86
NITCO,CAPITAL_GOODS,107.06,2026-07-13,63.47,46.16,32.54,50.0,50.0,49.11,NEUTRAL,0.9,44.2,WATCHLIST,UPTREND,RETAIL,10.09,24.92,-24.95,0.176
KANPRPLA,CHEMICALS,202.94,2026-07-13,57.11,64.32,30.65,50.0,38.89,49.1,NEUTRAL,0.9,44.19,WATCHLIST,STRONG_UPTREND,RETAIL,5.31,7.15,,1.377
COSMOFIRST,CHEMICALS,828.5,2026-07-13,66.29,44.38,30.65,50.0,50.0,49.08,NEUTRAL,0.9,44.17,WATCHLIST,STRONG_UPTREND,RETAIL,10.91,26.29,-27.13,0.559
GALAXYSURF,CHEMICALS,1981.3,2026-07-13,66.42,44.08,30.65,50.0,50.0,49.05,NEUTRAL,0.9,44.14,WATCHLIST,STRONG_UPTREND,RETAIL,16.82,8.72,-22.23,0.484
AXISBANK,BANKING,1319.4,2026-07-13,39.4,86.06,32.71,47.98,38.89,49.03,NEUTRAL,0.9,44.13,WATCHLIST,UPTREND,MIXED,0.37,-2.32,20.02,0.603
DYNAMATECH,CAPITAL_GOODS,10408.0,2026-07-13,57.41,61.68,32.54,50.0,38.89,49.03,NEUTRAL,0.9,44.13,WATCHLIST,CONSOLIDATING,RETAIL,4.68,0.6,43.24,1.345
LGEINDIA,FMCG,1543.5,2026-07-13,38.56,76.5,32.96,50.0,50.0,49.03,NEUTRAL,0.9,44.13,WATCHLIST,INSUFFICIENT_DATA,RETAIL,0.2,4.45,,0.451
NAVA,POWER,602.65,2026-07-13,55.23,63.02,33.82,50.0,38.89,49.01,NEUTRAL,0.9,44.11,WATCHLIST,CONSOLIDATING,MIXED,5.66,0.12,-1.08,0.57
S&SPOWER,OTHER,361.0,2026-07-13,50.95,53.98,39.76,50.0,50.0,48.99,NEUTRAL,0.9,44.09,WATCHLIST,INSUFFICIENT_DATA,DII,,,,0.959
SANDHAR,HOSPITALITY,667.1,2026-07-13,43.64,74.82,36.37,50.0,38.89,48.98,NEUTRAL,0.9,44.08,WATCHLIST,UPTREND,MIXED,-7.15,35.45,30.43,0.415
AGI,CHEMICALS,698.1,2026-07-13,70.59,38.38,30.65,50.0,50.0,48.95,NEUTRAL,0.9,44.06,WATCHLIST,UPTREND,RETAIL,13.48,27.46,-19.58,0.398
DLINKINDIA,IT,488.75,2026-07-13,41.09,77.98,32.05,50.0,44.44,48.94,NEUTRAL,0.9,44.05,WATCHLIST,CONSOLIDATING,RETAIL,-2.53,14.78,-6.34,1.169
DRAGARWQ,HEALTHCARE,4997.0,2026-07-13,43.06,64.92,38.35,50.0,50.0,48.92,NEUTRAL,0.9,44.03,WATCHLIST,INSUFFICIENT_DATA,DII,1.19,,,1.151
FIEMIND,AUTO,2236.8,2026-07-13,37.78,75.08,34.67,50.0,50.0,48.9,NEUTRAL,0.9,44.01,WATCHLIST,CONSOLIDATING,RETAIL,-0.05,0.91,11.77,0.384
TI,FMCG,450.95,2026-07-13,54.65,64.08,32.96,50.0,38.89,48.9,NEUTRAL,0.9,44.01,WATCHLIST,DOWNTREND,RETAIL,3.93,5.23,13.66,0.487
OILIETF,OTHER,11.33,2026-07-13,44.25,61.86,39.76,50.0,50.0,48.89,NEUTRAL,0.9,44.0,WATCHLIST,DOWNTREND,DII,3.09,-0.09,-4.63,0.589
JUBLCPL,CHEMICALS,2051.3,2026-07-13,72.01,36.14,30.65,50.0,50.0,48.86,NEUTRAL,0.9,43.97,WATCHLIST,INSUFFICIENT_DATA,RETAIL,12.5,14.73,4.3,0.267
SHARIABEES,OTHER,456.87,2026-07-13,36.86,70.92,39.76,50.0,50.0,48.85,NEUTRAL,0.9,43.96,WATCHLIST,DOWNTREND,DII,0.52,-1.54,-9.55,0.87
INDORAMA,TEXTILES,49.43,2026-07-13,70.04,31.82,37.16,50.0,50.0,48.81,NEUTRAL,0.9,43.93,WATCHLIST,STRONG_UPTREND,RETAIL,8.21,38.93,,0.66
DMCC,CHEMICALS,263.15,2026-07-13,60.28,50.38,30.65,50.0,50.0,48.78,NEUTRAL,0.9,43.9,WATCHLIST,CONSOLIDATING,RETAIL,7.28,17.53,-16.3,0.19
ROSSELLIND,FMCG,56.84,2026-07-13,51.14,59.42,32.96,50.0,50.0,48.76,NEUTRAL,0.9,43.88,WATCHLIST,STRONG_UPTREND,RETAIL,4.2,13.07,-17.41,0.513
ICICIAMC,AMC,3205.6,2026-07-13,30.07,77.54,44.98,50.0,44.44,48.69,NEUTRAL,0.9,43.82,WATCHLIST,INSUFFICIENT_DATA,RETAIL,0.06,-5.31,,1.462
DEEPAKNTR,CHEMICALS,1667.2,2026-07-13,43.57,70.74,30.65,50.0,50.0,48.67,NEUTRAL,0.9,43.8,WATCHLIST,CONSOLIDATING,RETAIL,0.15,14.06,-14.45,0.908
OMPOWER,INFRASTRUCTURE,175.58,2026-07-13,40.74,73.84,31.01,50.0,50.0,48.66,NEUTRAL,0.9,43.79,WATCHLIST,INSUFFICIENT_DATA,RETAIL,0.28,,,0.684
FMCGIETF,OTHER,52.48,2026-07-13,38.0,68.48,39.76,50.0,50.0,48.65,NEUTRAL,0.9,43.78,WATCHLIST,DOWNTREND,DII,0.04,1.59,-12.88,1.519
BSE,FINANCIAL_SERVICES,3804.2,2026-07-13,46.68,71.1,34.6,50.0,38.89,48.64,NEUTRAL,0.9,43.78,WATCHLIST,CONSOLIDATING,RETAIL,-3.19,15.94,55.37,0.695
HECPROJECT,INFRASTRUCTURE,128.69,2026-07-13,51.47,60.36,31.01,50.0,50.0,48.64,NEUTRAL,0.9,43.78,WATCHLIST,UPTREND,RETAIL,7.11,-2.36,,0.39
CRAMC,FINANCIAL_SERVICES,265.16,2026-07-13,60.17,50.06,34.6,50.0,44.44,48.64,NEUTRAL,0.9,43.78,WATCHLIST,INSUFFICIENT_DATA,RETAIL,9.7,0.87,,3.299
PIGL,CAPITAL_GOODS,114.77,2026-07-13,67.09,47.64,32.54,50.0,38.89,48.64,NEUTRAL,0.9,43.78,WATCHLIST,INSUFFICIENT_DATA,RETAIL,17.1,3.85,,0.477
DHUNINV,FINANCIAL_SERVICES,996.75,2026-07-13,75.59,26.58,34.6,50.0,50.0,48.63,NEUTRAL,0.9,43.77,WATCHLIST,DOWNTREND,RETAIL,27.54,22.55,-34.17,2.372
SAMHI,HOSPITALITY,178.06,2026-07-13,63.49,39.92,36.37,50.0,50.0,48.63,NEUTRAL,0.9,43.77,WATCHLIST,STRONG_UPTREND,MIXED,11.33,12.67,-27.56,1.401
PETRONET,ENERGY,278.95,2026-07-13,47.98,70.92,28.81,50.0,44.44,48.61,NEUTRAL,0.9,43.75,WATCHLIST,DOWNTREND,MIXED,3.97,3.03,-8.23,0.343
ADVAIT,CAPITAL_GOODS,2184.3,2026-07-13,37.77,75.8,32.54,50.0,50.0,48.61,NEUTRAL,0.9,43.75,WATCHLIST,INSUFFICIENT_DATA,RETAIL,-2.74,17.0,,0.407
APARINDS,CHEMICALS,13847.0,2026-07-13,50.75,61.42,30.65,50.0,50.0,48.6,NEUTRAL,0.9,43.74,WATCHLIST,CONSOLIDATING,RETAIL,-1.69,22.09,55.55,0.345
DYCL,CAPITAL_GOODS,369.65,2026-07-13,72.88,42.18,32.54,47.98,38.89,48.59,NEUTRAL,0.9,43.73,WATCHLIST,STRONG_UPTREND,RETAIL,20.04,22.56,-20.87,0.368
SIMPLEXINF,INFRASTRUCTURE,265.15,2026-07-13,52.55,60.7,31.01,47.98,50.0,48.58,NEUTRAL,0.9,43.72,WATCHLIST,STRONG_UPTREND,RETAIL,1.88,37.41,-15.17,0.499
M&M,HOSPITALITY,3160.4,2026-07-13,51.79,64.6,36.37,47.98,38.89,48.57,NEUTRAL,0.9,43.71,WATCHLIST,DOWNTREND,MIXED,7.04,-3.05,-1.0,0.581
ELGIRUBCO,CHEMICALS,57.34,2026-07-13,78.38,26.72,30.65,50.0,50.0,48.57,NEUTRAL,0.9,43.71,WATCHLIST,INSUFFICIENT_DATA,RETAIL,17.21,37.08,,0.526
MODIS,REALTY,348.8,2026-07-13,44.84,68.06,33.21,47.98,50.0,48.56,NEUTRAL,0.9,43.7,WATCHLIST,INSUFFICIENT_DATA,RETAIL,1.09,15.75,,0.255
TIMETECHNO,CAPITAL_GOODS,187.1,2026-07-13,51.4,50.2,32.54,50.0,61.11,48.56,NEUTRAL,0.9,43.7,WATCHLIST,STRONG_UPTREND,RETAIL,10.91,0.45,-59.92,1.316
SIEMENS,CAPITAL_GOODS,3477.8,2026-07-13,36.8,76.66,32.54,50.0,50.0,48.54,NEUTRAL,0.9,43.69,WATCHLIST,CONSOLIDATING,RETAIL,-2.93,2.64,11.17,0.701
SAHLIBHFI,FINANCIAL_SERVICES,78.0,2026-07-13,32.84,79.54,34.6,50.0,50.0,48.54,NEUTRAL,0.9,43.69,WATCHLIST,INSUFFICIENT_DATA,RETAIL,2.11,-7.47,,0.085
ROTO,CAPITAL_GOODS,68.32,2026-07-13,64.56,43.98,32.54,47.98,50.0,48.54,NEUTRAL,0.9,43.69,WATCHLIST,UPTREND,RETAIL,13.26,19.96,-27.67,0.052
HCC,INFRASTRUCTURE,23.77,2026-07-13,65.87,58.46,31.01,50.0,27.78,48.53,NEUTRAL,0.9,43.68,WATCHLIST,UPTREND,RETAIL,6.35,35.06,,0.48
IDBI,BANKING,84.07,2026-07-13,64.32,42.04,32.71,50.0,50.0,48.53,NEUTRAL,0.9,43.68,WATCHLIST,DOWNTREND,MIXED,12.2,13.59,-14.71,0.24
MRF,AUTO,131285.0,2026-07-13,47.79,60.5,34.67,50.0,50.0,48.48,NEUTRAL,0.9,43.63,WATCHLIST,DOWNTREND,RETAIL,7.09,-3.96,-11.33,0.692
AHLUCONT,INFRASTRUCTURE,861.6,2026-07-13,62.1,54.54,31.01,50.0,38.89,48.47,NEUTRAL,0.9,43.62,WATCHLIST,DOWNTREND,RETAIL,9.31,10.07,-20.86,0.913
IFGLEXPOR,CAPITAL_GOODS,223.52,2026-07-13,72.02,32.26,32.54,50.0,50.0,48.46,NEUTRAL,0.9,43.61,WATCHLIST,STRONG_UPTREND,RETAIL,16.8,27.07,-19.31,0.166
CPSEETF,OTHER,96.78,2026-07-13,33.68,72.82,39.76,50.0,50.0,48.44,NEUTRAL,0.9,43.6,WATCHLIST,DOWNTREND,DII,-0.93,-6.23,4.35,0.733
ASHOKLEY,AUTO,159.22,2026-07-13,60.94,47.82,34.67,50.0,44.44,48.4,NEUTRAL,0.9,43.56,WATCHLIST,DOWNTREND,RETAIL,12.49,-10.56,30.24,0.627
SANDESH,MEDIA,994.5,2026-07-13,60.9,38.26,40.07,50.0,50.0,48.39,NEUTRAL,0.9,43.55,WATCHLIST,DOWNTREND,RETAIL,7.09,6.15,-13.72,2.954
RKFORGE,AUTO,565.5,2026-07-13,41.97,75.52,34.67,50.0,38.89,48.36,NEUTRAL,0.9,43.52,WATCHLIST,CONSOLIDATING,RETAIL,1.69,3.94,-12.18,1.784
HARDWYN,REALTY,24.12,2026-07-13,40.26,70.58,33.21,50.0,50.0,48.32,NEUTRAL,0.9,43.49,WATCHLIST,INSUFFICIENT_DATA,RETAIL,0.42,,,0.813
MOMENTUM30,OTHER,30.58,2026-07-13,40.57,63.62,39.76,50.0,50.0,48.32,NEUTRAL,0.9,43.49,WATCHLIST,INSUFFICIENT_DATA,DII,2.58,0.33,,0.057
EMSLIMITED,INFRASTRUCTURE,441.15,2026-07-13,78.95,34.7,31.01,47.98,38.89,48.31,NEUTRAL,0.9,43.48,WATCHLIST,STRONG_UPTREND,RETAIL,46.15,42.19,-30.42,0.6
ANDHRSUGAR,CHEMICALS,85.95,2026-07-13,57.09,60.3,30.65,50.0,38.89,48.3,NEUTRAL,0.9,43.47,WATCHLIST,CONSOLIDATING,RETAIL,5.0,6.88,3.27,0.459
WOCKPHARMA,PHARMA,1854.5,2026-07-13,54.62,53.12,32.63,50.0,50.0,48.3,NEUTRAL,0.9,43.47,WATCHLIST,UPTREND,RETAIL,1.17,38.0,4.54,0.638
WHEELS,AUTO,1489.6,2026-07-13,46.84,64.78,34.67,50.0,44.44,48.27,NEUTRAL,0.9,43.44,WATCHLIST,CONSOLIDATING,RETAIL,-5.94,42.7,83.03,0.337
ARSSBL,FINANCIAL_SERVICES,580.85,2026-07-13,65.06,46.16,34.6,50.0,38.89,48.25,NEUTRAL,0.9,43.42,WATCHLIST,STRONG_UPTREND,RETAIL,12.7,2.86,,1.407
MBEL,INFRASTRUCTURE,337.7,2026-07-13,77.34,26.04,31.01,50.0,50.0,48.24,NEUTRAL,0.9,43.42,WATCHLIST,DOWNTREND,RETAIL,25.28,10.57,,1.922
INDGN,HEALTHCARE,511.55,2026-07-13,35.14,71.44,38.35,50.0,50.0,48.24,NEUTRAL,0.9,43.42,WATCHLIST,CONSOLIDATING,DII,-1.34,4.34,-11.1,0.744
JINDALPHOT,FINANCIAL_SERVICES,1189.5,2026-07-13,57.39,47.16,34.6,50.0,50.0,48.2,NEUTRAL,0.9,43.38,WATCHLIST,DOWNTREND,RETAIL,6.48,3.92,,3.685
GESHIP,AUTO,1402.0,2026-07-13,50.23,55.96,34.67,50.0,50.0,48.18,NEUTRAL,0.9,43.36,WATCHLIST,CONSOLIDATING,RETAIL,2.5,2.12,41.39,0.831
JMA,AUTO,89.1,2026-07-13,29.51,81.84,34.67,50.0,50.0,48.18,NEUTRAL,0.9,43.36,WATCHLIST,CONSOLIDATING,RETAIL,-5.12,6.6,-5.54,0.373
PRAVEG,HOSPITALITY,238.15,2026-07-13,56.35,46.56,36.37,50.0,50.0,48.17,NEUTRAL,0.9,43.35,WATCHLIST,INSUFFICIENT_DATA,MIXED,8.0,,,0.249
WORTHPERI,CHEMICALS,134.63,2026-07-13,56.12,60.84,30.65,50.0,38.89,48.16,NEUTRAL,0.9,43.34,WATCHLIST,INSUFFICIENT_DATA,RETAIL,7.72,-2.26,,4.769
PUNJABCHEM,CHEMICALS,1158.9,2026-07-13,73.4,39.12,30.65,50.0,38.89,48.14,NEUTRAL,0.9,43.33,WATCHLIST,STRONG_UPTREND,RETAIL,15.98,11.72,-11.02,2.312
BORANA,TEXTILES,307.15,2026-07-13,37.91,70.66,37.16,47.98,50.0,48.14,NEUTRAL,0.9,43.33,WATCHLIST,INSUFFICIENT_DATA,RETAIL,-3.99,,29.1,0.419
APLAPOLLO,METAL,1828.7,2026-07-13,45.93,58.92,36.81,50.0,50.0,48.13,NEUTRAL,0.9,43.32,WATCHLIST,DOWNTREND,DII,3.76,-11.43,9.74,0.632
JSL,METAL,703.35,2026-07-13,52.44,59.12,36.81,50.0,38.89,48.13,NEUTRAL,0.9,43.32,WATCHLIST,DOWNTREND,DII,6.26,-9.93,3.96,0.866
DHAMPURSUG,FMCG,143.97,2026-07-13,45.1,72.16,32.96,50.0,38.89,48.13,NEUTRAL,0.9,43.32,WATCHLIST,CONSOLIDATING,RETAIL,1.87,1.98,-5.3,1.726
RHIM,CAPITAL_GOODS,413.2,2026-07-13,61.76,53.7,32.54,47.98,38.89,48.12,NEUTRAL,0.9,43.31,WATCHLIST,DOWNTREND,RETAIL,12.02,6.7,-14.42,0.205
BPCL,CHEMICALS,307.55,2026-07-13,55.54,57.06,30.65,50.0,44.44,48.09,NEUTRAL,0.9,43.28,WATCHLIST,DOWNTREND,RETAIL,6.79,2.74,-10.47,0.668
AARTIPHARM,PHARMA,717.8,2026-07-13,61.08,48.08,32.63,50.0,44.44,48.08,NEUTRAL,0.9,43.27,WATCHLIST,DOWNTREND,RETAIL,15.36,4.17,-24.55,0.475
SONAMLTD,CAPITAL_GOODS,53.98,2026-07-13,39.17,71.36,32.54,50.0,50.0,48.07,NEUTRAL,0.9,43.26,WATCHLIST,STRONG_UPTREND,RETAIL,0.5,-0.86,0.71,0.949
BENGALASM,FINANCIAL_SERVICES,6384.0,2026-07-13,34.0,75.68,34.6,50.0,50.0,48.06,NEUTRAL,0.9,43.25,WATCHLIST,INSUFFICIENT_DATA,RETAIL,-1.97,,,0.594
UFLEX,CHEMICALS,453.55,2026-07-13,65.37,48.72,30.65,50.0,38.89,48.05,NEUTRAL,0.9,43.24,WATCHLIST,DOWNTREND,RETAIL,9.69,19.5,-24.9,1.154
TAJGVK,HOSPITALITY,366.8,2026-07-13,65.16,43.1,36.37,50.0,38.89,48.02,NEUTRAL,0.9,43.22,WATCHLIST,STRONG_UPTREND,MIXED,13.19,9.22,-15.83,0.57
KWIL,FMCG,32.46,2026-07-13,44.05,64.56,32.96,50.0,50.0,48.02,NEUTRAL,0.9,43.22,WATCHLIST,INSUFFICIENT_DATA,RETAIL,-1.67,30.62,,0.47
INOXGREEN,POWER,190.58,2026-07-13,65.66,36.62,33.82,50.0,50.0,48.0,NEUTRAL,0.9,43.2,WATCHLIST,DOWNTREND,MIXED,6.88,22.09,,0.315
NOCIL,CHEMICALS,171.44,2026-07-13,51.54,67.66,30.65,47.98,38.89,47.98,NEUTRAL,0.9,43.18,WATCHLIST,CONSOLIDATING,RETAIL,6.12,2.26,-11.67,0.224
TEXRAIL,CAPITAL_GOODS,117.19,2026-07-13,67.68,43.54,32.54,50.0,38.89,47.97,NEUTRAL,0.9,43.17,WATCHLIST,STRONG_UPTREND,RETAIL,13.94,18.88,-26.01,0.682
SHARDAMOTR,AUTO,871.9,2026-07-13,60.16,42.46,34.67,50.0,50.0,47.97,NEUTRAL,0.9,43.17,WATCHLIST,DOWNTREND,RETAIL,11.34,4.88,-18.21,0.747
GULPOLY,AGRICULTURE,192.17,2026-07-13,39.71,73.32,37.73,50.0,38.89,47.97,NEUTRAL,0.9,43.17,WATCHLIST,CONSOLIDATING,DII,-6.19,12.1,15.56,0.529
GYFTR,OTHER,164.52,2026-07-13,50.07,50.0,39.76,50.0,50.0,47.97,NEUTRAL,0.9,43.17,WATCHLIST,UNKNOWN,DII,,,,0.694
SBIVALETF,OTHER,14.89,2026-07-13,35.43,68.24,39.76,50.0,50.0,47.96,NEUTRAL,0.9,43.16,WATCHLIST,INSUFFICIENT_DATA,DII,-0.93,,,0.107
KRBL,AGRICULTURE,364.3,2026-07-13,60.48,47.2,37.73,50.0,38.89,47.94,NEUTRAL,0.9,43.15,WATCHLIST,UPTREND,DII,6.57,9.8,-10.45,0.509
IOB,TEXTILES,34.15,2026-07-13,41.27,63.4,37.16,50.0,50.0,47.93,NEUTRAL,0.9,43.14,WATCHLIST,DOWNTREND,RETAIL,2.68,-1.59,-14.17,1.036
SOLARA,PHARMA,585.4,2026-07-13,49.63,59.42,32.63,47.98,50.0,47.91,NEUTRAL,0.9,43.12,WATCHLIST,STRONG_UPTREND,RETAIL,2.2,20.5,-13.75,0.94
SBIN,BANKING,1037.0,2026-07-13,47.69,67.98,32.71,50.0,38.89,47.89,NEUTRAL,0.9,43.1,WATCHLIST,STRONG_UPTREND,MIXED,3.36,-2.78,25.95,0.775
ATGL,ENERGY,720.95,2026-07-13,51.0,67.7,28.81,50.0,38.89,47.89,NEUTRAL,0.9,43.1,WATCHLIST,STRONG_UPTREND,MIXED,-1.02,24.08,10.33,0.559
SIL,CHEMICALS,16.31,2026-07-13,63.47,50.26,30.65,50.0,38.89,47.88,NEUTRAL,0.9,43.09,WATCHLIST,STRONG_UPTREND,RETAIL,9.39,10.88,-16.1,0.873
SCI,FINANCIAL_SERVICES,286.2,2026-07-13,49.54,55.22,34.6,50.0,50.0,47.85,NEUTRAL,0.9,43.07,WATCHLIST,CONSOLIDATING,RETAIL,-0.45,17.64,30.61,0.376
TORNTPOWER,POWER,1441.9,2026-07-13,51.22,58.1,33.82,50.0,44.44,47.86,NEUTRAL,0.9,43.07,WATCHLIST,CONSOLIDATING,MIXED,3.06,-2.03,5.36,0.91
GLOBUSSPR,FMCG,936.55,2026-07-13,59.96,43.74,32.96,50.0,50.0,47.83,NEUTRAL,0.9,43.05,WATCHLIST,DOWNTREND,RETAIL,11.64,0.12,-14.84,1.177
LTM,IT,4124.3,2026-07-13,44.39,72.42,32.05,50.0,38.89,47.82,NEUTRAL,0.9,43.04,WATCHLIST,INSUFFICIENT_DATA,RETAIL,4.57,-8.42,,3.181
GAEL,AGRICULTURE,149.09,2026-07-13,37.02,67.6,37.73,50.0,50.0,47.82,NEUTRAL,0.9,43.04,WATCHLIST,CONSOLIDATING,DII,-5.0,-1.8,33.34,2.535
NDGL,FINANCIAL_SERVICES,2904.7,2026-07-13,66.92,33.32,34.6,50.0,50.0,47.81,NEUTRAL,0.9,43.03,WATCHLIST,STRONG_UPTREND,RETAIL,20.59,14.43,-29.45,0.136
BAJAJHLDNG,FINANCIAL_SERVICES,10752.0,2026-07-13,56.96,45.66,34.6,50.0,50.0,47.79,NEUTRAL,0.9,43.01,WATCHLIST,DOWNTREND,RETAIL,7.14,7.55,-22.36,1.537
NLCINDIA,POWER,304.65,2026-07-13,51.72,57.12,33.82,50.0,44.44,47.78,NEUTRAL,0.9,43.0,WATCHLIST,CONSOLIDATING,MIXED,-1.6,14.02,30.41,0.636
SRM,INFRASTRUCTURE,498.55,2026-07-13,53.52,53.42,31.01,50.0,50.0,47.77,NEUTRAL,0.9,42.99,WATCHLIST,CONSOLIDATING,RETAIL,4.55,5.22,-2.27,0.536
NTPC,POWER,351.75,2026-07-13,38.19,69.76,33.82,50.0,50.0,47.76,NEUTRAL,0.9,42.98,WATCHLIST,DOWNTREND,MIXED,0.03,-7.47,2.82,0.616
ELGIEQUIP,CAPITAL_GOODS,573.2,2026-07-13,36.89,80.86,32.54,50.0,38.89,47.74,NEUTRAL,0.9,42.97,WATCHLIST,CONSOLIDATING,RETAIL,-4.92,11.78,4.42,0.537
RECLTD,FINANCIAL_SERVICES,351.05,2026-07-13,35.67,71.98,34.6,50.0,50.0,47.73,NEUTRAL,0.9,42.96,WATCHLIST,DOWNTREND,RETAIL,0.65,0.36,-12.43,0.696
SUDARSCHEM,CHEMICALS,1038.05,2026-07-13,79.43,29.52,30.65,50.0,38.89,47.72,NEUTRAL,0.9,42.95,WATCHLIST,STRONG_UPTREND,RETAIL,21.54,27.5,-17.62,2.261
RUBFILA,CHEMICALS,74.16,2026-07-13,50.0,66.2,30.65,50.0,38.89,47.7,NEUTRAL,0.9,42.93,WATCHLIST,CONSOLIDATING,RETAIL,4.39,9.19,-13.84,0.193
JAYAGROGN,CHEMICALS,222.95,2026-07-13,44.68,64.48,30.65,50.0,50.0,47.7,NEUTRAL,0.9,42.93,WATCHLIST,STRONG_UPTREND,RETAIL,0.4,11.99,-14.76,2.008
SAPPHIRE,HOSPITALITY,186.97,2026-07-13,50.6,4.82,36.37,96.5,50.0,47.69,NEUTRAL,0.9,42.92,WATCHLIST,DOWNTREND,MIXED,6.9,9.96,-45.35,0.738
JYOTICNC,CAPITAL_GOODS,784.9,2026-07-13,58.81,44.82,32.54,50.0,50.0,47.67,NEUTRAL,0.9,42.9,WATCHLIST,DOWNTREND,RETAIL,22.67,-4.19,-23.1,0.339
ABB,CAPITAL_GOODS,6807.0,2026-07-13,42.08,74.04,32.54,50.0,38.89,47.67,NEUTRAL,0.9,42.9,WATCHLIST,CONSOLIDATING,RETAIL,0.09,-0.77,20.55,1.085
AFSL,FINANCIAL_SERVICES,202.28,2026-07-13,35.79,71.42,34.6,50.0,50.0,47.65,NEUTRAL,0.9,42.88,WATCHLIST,STRONG_UPTREND,RETAIL,0.62,0.59,-6.69,0.424
SPLIL,TEXTILES,31.12,2026-07-13,60.68,37.7,37.16,50.0,50.0,47.64,NEUTRAL,0.9,42.88,WATCHLIST,DOWNTREND,RETAIL,8.36,10.04,,0.081
LT,INFRASTRUCTURE,3928.5,2026-07-13,42.4,76.96,31.01,47.98,38.89,47.62,NEUTRAL,0.9,42.86,WATCHLIST,DOWNTREND,RETAIL,0.28,-0.79,13.38,0.804
20MICRONS,METAL,202.45,2026-07-13,65.2,42.6,36.81,47.98,38.89,47.61,NEUTRAL,0.9,42.85,WATCHLIST,STRONG_UPTREND,DII,9.44,24.68,-23.6,0.403
SUNDARMFIN,FINANCIAL_SERVICES,4529.1,2026-07-13,47.66,60.54,34.6,50.0,44.44,47.61,NEUTRAL,0.9,42.85,WATCHLIST,DOWNTREND,RETAIL,7.75,-8.18,-12.34,0.532
AARNAV,TEXTILES,24.98,2026-07-13,39.43,64.08,37.16,50.0,50.0,47.61,NEUTRAL,0.9,42.85,WATCHLIST,INSUFFICIENT_DATA,RETAIL,0.2,7.72,,0.096
ONEPOINT,IT,55.46,2026-07-13,40.0,68.44,32.05,50.0,50.0,47.6,NEUTRAL,0.9,42.84,WATCHLIST,CONSOLIDATING,RETAIL,-0.93,6.06,,1.524
BALKRISIND,AUTO,2216.1,2026-07-13,46.0,58.22,34.67,50.0,50.0,47.58,NEUTRAL,0.9,42.82,WATCHLIST,DOWNTREND,RETAIL,6.38,-2.33,-19.28,0.907
IGCL,CHEMICALS,75.42,2026-07-13,76.75,23.64,30.65,50.0,50.0,47.55,NEUTRAL,0.9,42.8,WATCHLIST,STRONG_UPTREND,RETAIL,29.92,24.15,-33.46,2.26
BDL,DEFENCE,1302.8,2026-07-13,53.18,50.18,37.68,50.0,44.44,47.53,NEUTRAL,0.9,42.78,WATCHLIST,DOWNTREND,RETAIL,10.05,-3.2,-22.06,1.365
GIPCL,CAPITAL_GOODS,166.81,2026-07-13,54.53,57.74,32.54,50.0,38.89,47.52,NEUTRAL,0.9,42.77,WATCHLIST,STRONG_UPTREND,RETAIL,4.12,20.15,-21.07,3.61
POWERGRID,POWER,286.0,2026-07-13,37.1,76.02,33.82,47.98,44.44,47.5,NEUTRAL,0.9,42.75,WATCHLIST,DOWNTREND,MIXED,-0.42,-5.53,-2.77,0.855
3BBLACKBIO,HEALTHCARE,1215.1,2026-07-13,34.45,68.58,38.35,50.0,50.0,47.5,NEUTRAL,0.9,42.75,WATCHLIST,INSUFFICIENT_DATA,DII,-3.06,,,1.639
POWERMECH,INFRASTRUCTURE,2666.2,2026-07-13,54.49,59.22,31.01,50.0,38.89,47.5,NEUTRAL,0.9,42.75,WATCHLIST,UPTREND,RETAIL,4.72,17.89,-18.76,0.354
SAMMAANCAP,FINANCIAL_SERVICES,164.91,2026-07-13,35.33,70.94,34.6,50.0,50.0,47.44,NEUTRAL,0.9,42.7,WATCHLIST,CONSOLIDATING,RETAIL,-5.24,5.82,21.15,0.339
DREDGECORP,INFRASTRUCTURE,1042.8,2026-07-13,45.17,62.18,31.01,50.0,50.0,47.43,NEUTRAL,0.9,42.69,WATCHLIST,CONSOLIDATING,RETAIL,-3.74,16.75,46.13,0.362
PATELENG,INFRASTRUCTURE,31.53,2026-07-13,70.26,47.44,31.01,50.0,27.78,47.42,NEUTRAL,0.9,42.68,WATCHLIST,UPTREND,RETAIL,17.12,16.43,-20.14,0.43
UDS,OTHER,196.44,2026-07-13,61.29,33.14,39.76,50.0,50.0,47.4,NEUTRAL,0.9,42.66,WATCHLIST,STRONG_UPTREND,DII,8.33,30.37,-33.17,0.356
DPABHUSHAN,FMCG,1161.45,2026-07-13,65.79,34.3,32.96,50.0,50.0,47.4,NEUTRAL,0.9,42.66,WATCHLIST,DOWNTREND,RETAIL,29.49,1.83,-28.32,0.763
INDIACEM,CEMENT,381.65,2026-07-13,42.93,57.12,38.7,50.0,50.0,47.4,NEUTRAL,0.9,42.66,WATCHLIST,DOWNTREND,DII,1.53,-1.1,9.95,0.387
HINDPETRO,CHEMICALS,391.6,2026-07-13,55.1,54.04,30.65,50.0,44.44,47.38,NEUTRAL,0.9,42.64,WATCHLIST,DOWNTREND,RETAIL,4.59,8.6,-9.06,1.078
BEARDSELL,CAPITAL_GOODS,29.48,2026-07-13,57.83,52.74,32.54,50.0,38.89,47.35,NEUTRAL,0.9,42.62,WATCHLIST,STRONG_UPTREND,RETAIL,4.8,17.5,-2.67,0.503
PYRAMID,CHEMICALS,163.53,2026-07-13,42.7,73.62,30.65,50.0,38.89,47.36,NEUTRAL,0.9,42.62,WATCHLIST,CONSOLIDATING,RETAIL,0.16,7.36,-6.24,0.841
LAMBODHARA,TEXTILES,113.81,2026-07-13,63.89,40.5,37.16,50.0,38.89,47.34,NEUTRAL,0.9,42.61,WATCHLIST,STRONG_UPTREND,RETAIL,10.35,8.73,-18.18,1.09
HNGSNGBEES,OTHER,481.9,2026-07-13,34.6,66.2,39.76,50.0,50.0,47.34,NEUTRAL,0.9,42.61,WATCHLIST,DOWNTREND,DII,-0.45,-8.65,18.41,0.422
GODREJCP,FMCG,1068.7,2026-07-13,42.35,63.28,32.96,50.0,50.0,47.34,NEUTRAL,0.9,42.61,WATCHLIST,DOWNTREND,RETAIL,4.0,-0.87,-14.59,0.472
GRSE,DEFENCE,2640.6,2026-07-13,42.51,58.16,37.68,50.0,50.0,47.3,NEUTRAL,0.9,42.57,WATCHLIST,CONSOLIDATING,RETAIL,1.41,3.97,0.86,0.306
YATRA,HOSPITALITY,114.12,2026-07-13,79.6,13.0,36.37,50.0,50.0,47.27,NEUTRAL,0.9,42.54,WATCHLIST,DOWNTREND,MIXED,18.32,11.16,25.31,0.603
IIFLCAPS,FINANCIAL_SERVICES,337.15,2026-07-13,46.9,63.94,34.6,50.0,38.89,47.27,NEUTRAL,0.9,42.54,WATCHLIST,CONSOLIDATING,RETAIL,-1.85,17.81,6.06,1.614
PREMEXPLN,CHEMICALS,670.95,2026-07-13,51.7,61.72,30.65,50.0,38.89,47.23,NEUTRAL,0.9,42.51,WATCHLIST,UPTREND,RETAIL,-2.12,45.75,27.73,0.344
CREST,FINANCIAL_SERVICES,369.85,2026-07-13,36.31,76.96,34.6,50.0,38.89,47.22,NEUTRAL,0.9,42.5,WATCHLIST,CONSOLIDATING,RETAIL,-2.59,6.25,-5.88,1.152
SHAILY,CAPITAL_GOODS,2754.1,2026-07-13,44.83,70.32,32.54,47.98,38.89,47.21,NEUTRAL,0.9,42.49,WATCHLIST,CONSOLIDATING,RETAIL,-8.75,41.2,67.41,0.322
PAR,PHARMA,91.68,2026-07-13,44.02,60.84,32.63,50.0,50.0,47.2,NEUTRAL,0.9,42.48,WATCHLIST,INSUFFICIENT_DATA,RETAIL,4.41,0.01,,0.575
EMAMIPAP,CHEMICALS,88.44,2026-07-13,58.3,44.98,30.65,50.0,50.0,47.2,NEUTRAL,0.9,42.48,WATCHLIST,STRONG_UPTREND,RETAIL,4.03,24.83,-13.66,1.285
SHBAJRG,METAL,187.62,2026-07-13,29.7,74.58,36.81,50.0,50.0,47.2,NEUTRAL,0.9,42.48,WATCHLIST,INSUFFICIENT_DATA,DII,-6.51,,,0.739
MVGJL,FMCG,165.14,2026-07-13,55.93,45.54,32.96,50.0,50.0,47.18,NEUTRAL,0.9,42.46,WATCHLIST,DOWNTREND,RETAIL,11.85,-2.68,-26.01,2.367
HINDCOMPOS,AUTO,437.3,2026-07-13,50.31,59.02,34.67,50.0,38.89,47.15,NEUTRAL,0.9,42.44,WATCHLIST,STRONG_UPTREND,RETAIL,6.08,4.79,-11.09,0.193
MAPMYINDIA,IT,1184.9,2026-07-13,78.12,18.6,32.05,50.0,50.0,47.16,NEUTRAL,0.9,42.44,WATCHLIST,DOWNTREND,RETAIL,37.72,26.13,-34.51,3.81
MALLCOM,CAPITAL_GOODS,1088.2,2026-07-13,58.05,43.18,32.54,50.0,50.0,47.16,NEUTRAL,0.9,42.44,WATCHLIST,DOWNTREND,RETAIL,11.55,-2.31,-14.23,1.159
MODTHREAD,TEXTILES,47.5,2026-07-13,46.25,53.22,37.16,50.0,50.0,47.14,NEUTRAL,0.9,42.43,WATCHLIST,STRONG_UPTREND,RETAIL,4.26,-2.08,2.9,0.087
TECHM,IT,1504.5,2026-07-13,46.33,62.3,32.05,50.0,44.44,47.12,NEUTRAL,0.9,42.41,WATCHLIST,STRONG_UPTREND,RETAIL,1.73,4.46,-2.87,0.898
AAKASH,OTHER,9.59,2026-07-13,52.17,43.14,39.76,50.0,50.0,47.12,NEUTRAL,0.9,42.41,WATCHLIST,INSUFFICIENT_DATA,DII,,,,2.587
WINDMACHIN,CAPITAL_GOODS,312.8,2026-07-13,34.39,72.54,32.54,50.0,50.0,47.11,NEUTRAL,0.9,42.4,WATCHLIST,UPTREND,RETAIL,-4.61,20.86,-12.63,0.251
VHL,FINANCIAL_SERVICES,3517.5,2026-07-13,45.75,64.56,34.6,50.0,38.89,47.1,NEUTRAL,0.9,42.39,WATCHLIST,UPTREND,RETAIL,4.13,4.74,-14.32,0.342
EKC,CAPITAL_GOODS,115.53,2026-07-13,54.43,47.36,32.54,50.0,50.0,47.09,NEUTRAL,0.9,42.38,WATCHLIST,DOWNTREND,RETAIL,8.22,3.45,-15.55,0.258
STARTECK,FINANCIAL_SERVICES,271.35,2026-07-13,48.61,52.52,34.6,50.0,50.0,47.08,NEUTRAL,0.9,42.37,WATCHLIST,DOWNTREND,RETAIL,2.78,8.93,-11.21,1.034
KFINTECH,METAL,925.85,2026-07-13,60.45,43.84,36.81,50.0,38.89,47.08,NEUTRAL,0.9,42.37,WATCHLIST,DOWNTREND,DII,13.02,1.58,-26.5,1.53
BOSCH-HCIL,FMCG,1337.1,2026-07-13,31.2,75.94,32.96,50.0,50.0,47.08,NEUTRAL,0.9,42.37,WATCHLIST,INSUFFICIENT_DATA,RETAIL,-0.96,0.17,,0.165
MODIRUBBER,AUTO,130.19,2026-07-13,46.21,55.46,34.67,50.0,50.0,47.08,NEUTRAL,0.9,42.37,WATCHLIST,CONSOLIDATING,RETAIL,2.81,9.22,,0.566
BANARISUG,FMCG,3505.1,2026-07-13,27.01,81.08,32.96,50.0,50.0,47.06,NEUTRAL,0.9,42.35,WATCHLIST,DOWNTREND,RETAIL,-2.64,-2.91,-7.37,0.404
MARUTI,AUTO,13695.0,2026-07-13,51.04,57.68,34.67,50.0,38.89,47.06,NEUTRAL,0.9,42.35,WATCHLIST,DOWNTREND,RETAIL,4.76,-0.1,10.27,0.793
RAMCOCEM,CEMENT,938.2,2026-07-13,50.29,54.5,38.7,50.0,38.89,47.05,NEUTRAL,0.9,42.34,WATCHLIST,DOWNTREND,DII,10.19,-5.35,-18.74,0.291
TRIDENT,TEXTILES,25.74,2026-07-13,52.78,52.94,37.16,50.0,38.89,47.05,NEUTRAL,0.9,42.34,WATCHLIST,DOWNTREND,RETAIL,7.79,1.58,-18.23,0.404
WAAREERTL,CAPITAL_GOODS,1007.2,2026-07-13,53.4,48.34,32.54,50.0,50.0,47.03,NEUTRAL,0.9,42.33,WATCHLIST,STRONG_UPTREND,RETAIL,5.62,9.62,-15.08,0.47
BEEKAY,METAL,401.5,2026-07-13,32.51,70.18,36.81,50.0,50.0,47.03,NEUTRAL,0.9,42.33,WATCHLIST,INSUFFICIENT_DATA,DII,-3.32,,,0.278
ONESOURCE,PHARMA,1673.0,2026-07-13,39.88,65.12,32.63,50.0,50.0,47.02,NEUTRAL,0.9,42.32,WATCHLIST,CONSOLIDATING,RETAIL,-1.57,16.27,-16.16,2.443
GNFC,CHEMICALS,502.65,2026-07-13,49.47,63.2,30.65,50.0,38.89,46.97,NEUTRAL,0.9,42.27,WATCHLIST,CONSOLIDATING,RETAIL,1.83,16.22,-7.91,0.516
63MOONS,IT,734.2,2026-07-13,73.15,32.08,32.05,50.0,38.89,46.95,NEUTRAL,0.9,42.26,WATCHLIST,STRONG_UPTREND,RETAIL,14.28,33.56,-29.63,9.876
GUJTHEM,PHARMA,381.95,2026-07-13,50.78,59.48,32.63,50.0,38.89,46.95,NEUTRAL,0.9,42.26,WATCHLIST,CONSOLIDATING,RETAIL,-0.55,33.7,4.36,0.848
APEX,FMCG,413.25,2026-07-13,49.59,60.64,32.96,50.0,38.89,46.95,NEUTRAL,0.9,42.26,WATCHLIST,CONSOLIDATING,RETAIL,2.24,-5.05,67.2,2.152
VALUE,OTHER,16.19,2026-07-13,34.4,64.44,39.76,50.0,50.0,46.94,NEUTRAL,0.9,42.25,WATCHLIST,INSUFFICIENT_DATA,DII,-0.25,0.31,,0.47
UGARSUGAR,FMCG,40.31,2026-07-13,39.24,65.04,32.96,50.0,50.0,46.91,NEUTRAL,0.9,42.22,WATCHLIST,DOWNTREND,RETAIL,1.03,3.04,-16.66,0.776
KSOLVES,IT,301.15,2026-07-13,48.51,58.5,32.05,50.0,44.44,46.9,NEUTRAL,0.9,42.21,WATCHLIST,STRONG_UPTREND,RETAIL,6.28,-3.01,-23.06,2.276
MSUMI,AUTO,40.54,2026-07-13,55.5,51.3,34.67,50.0,38.89,46.9,NEUTRAL,0.9,42.21,WATCHLIST,DOWNTREND,RETAIL,8.45,3.08,-6.85,0.365
CENTRALBK,BANKING,32.72,2026-07-13,43.42,59.92,32.71,50.0,50.0,46.88,NEUTRAL,0.9,42.19,WATCHLIST,DOWNTREND,MIXED,6.37,-8.12,-14.21,0.597
RACLGEAR,AUTO,1300.4,2026-07-13,53.46,53.72,34.67,50.0,38.89,46.88,NEUTRAL,0.9,42.19,WATCHLIST,CONSOLIDATING,RETAIL,4.97,0.03,42.82,0.477
RICOAUTO,AUTO,131.46,2026-07-13,44.05,67.46,34.67,47.98,38.89,46.87,NEUTRAL,0.9,42.18,WATCHLIST,UPTREND,RETAIL,-2.45,12.63,74.12,0.235
LXCHEM,CHEMICALS,164.2,2026-07-13,70.52,36.26,30.65,50.0,38.89,46.85,NEUTRAL,0.9,42.16,WATCHLIST,STRONG_UPTREND,RETAIL,9.5,30.12,-16.76,1.702
VINYLINDIA,CHEMICALS,253.5,2026-07-13,54.76,56.0,30.65,50.0,38.89,46.85,NEUTRAL,0.9,42.16,WATCHLIST,CONSOLIDATING,RETAIL,4.58,12.46,,0.505
BANCOINDIA,AUTO,674.85,2026-07-13,50.26,53.4,34.67,50.0,44.44,46.84,NEUTRAL,0.9,42.16,WATCHLIST,STRONG_UPTREND,RETAIL,2.78,14.31,2.22,0.3
JKTYRE,AUTO,410.1,2026-07-13,62.33,34.04,34.67,50.0,50.0,46.82,NEUTRAL,0.9,42.14,WATCHLIST,DOWNTREND,RETAIL,12.76,-5.27,11.02,0.752
LIBERTSHOE,FMCG,267.6,2026-07-13,65.14,32.16,32.96,50.0,50.0,46.81,NEUTRAL,0.9,42.13,WATCHLIST,STRONG_UPTREND,RETAIL,14.77,2.23,,0.65
BBL,CAPITAL_GOODS,2773.3,2026-07-13,44.43,62.6,32.54,50.0,44.44,46.8,NEUTRAL,0.9,42.12,WATCHLIST,UPTREND,RETAIL,1.1,12.53,-17.21,1.093
GRPLTD,CHEMICALS,1901.8,2026-07-13,55.59,46.34,30.65,50.0,50.0,46.8,NEUTRAL,0.9,42.12,WATCHLIST,STRONG_UPTREND,RETAIL,14.08,-1.85,-22.81,0.234
BALMLAWRIE,DIVERSIFIED,179.34,2026-07-13,45.77,50.58,42.82,50.0,44.44,46.79,NEUTRAL,0.9,42.11,WATCHLIST,DOWNTREND,RETAIL,4.07,5.56,-18.45,0.337
INDIANCARD,TEXTILES,229.9,2026-07-13,55.1,40.22,37.16,50.0,50.0,46.75,NEUTRAL,0.9,42.08,WATCHLIST,STRONG_UPTREND,RETAIL,6.98,14.07,-26.67,0.121
BAJEL,CAPITAL_GOODS,191.2,2026-07-13,36.0,68.68,32.54,50.0,50.0,46.74,NEUTRAL,0.9,42.07,WATCHLIST,UPTREND,RETAIL,-5.0,13.22,,2.015
ADANIPOWER,POWER,215.46,2026-07-13,37.62,69.52,33.82,50.0,44.44,46.74,NEUTRAL,0.9,42.07,WATCHLIST,CONSOLIDATING,MIXED,-2.32,22.55,-63.77,0.865
V2RETAIL,RETAIL,223.1,2026-07-13,32.43,72.12,37.54,50.0,44.44,46.71,NEUTRAL,0.9,42.04,WATCHLIST,CONSOLIDATING,RETAIL,-0.82,13.17,-88.16,1.094
NIBL,CAPITAL_GOODS,31.62,2026-07-13,46.78,55.0,32.54,50.0,50.0,46.7,NEUTRAL,0.9,42.03,WATCHLIST,STRONG_UPTREND,RETAIL,1.61,7.4,,2.689
CCCL,REALTY,17.4,2026-07-13,73.79,20.54,33.21,50.0,50.0,46.7,NEUTRAL,0.9,42.03,WATCHLIST,INSUFFICIENT_DATA,RETAIL,17.09,8.34,-2.68,1.215
SICAGEN,CHEMICALS,52.61,2026-07-13,35.38,71.08,30.65,50.0,50.0,46.69,NEUTRAL,0.9,42.02,WATCHLIST,INSUFFICIENT_DATA,RETAIL,-1.99,,,0.7
BHARATCOAL,ENERGY,37.53,2026-07-13,40.51,66.46,28.81,50.0,50.0,46.68,NEUTRAL,0.9,42.01,WATCHLIST,INSUFFICIENT_DATA,MIXED,-1.21,14.63,,0.256
KLBRENG-B,CAPITAL_GOODS,454.9,2026-07-13,37.0,66.98,32.54,50.0,50.0,46.65,NEUTRAL,0.9,41.98,WATCHLIST,INSUFFICIENT_DATA,RETAIL,-1.87,,,4.503
GKWLIMITED,FINANCIAL_SERVICES,1780.0,2026-07-13,37.42,64.14,34.6,50.0,50.0,46.6,NEUTRAL,0.9,41.94,WATCHLIST,STRONG_UPTREND,RETAIL,-2.43,14.28,-2.77,0.121
MOLDTKPAC,CHEMICALS,677.3,2026-07-13,53.87,51.7,30.65,50.0,44.44,46.6,NEUTRAL,0.9,41.94,WATCHLIST,UPTREND,RETAIL,2.9,20.58,-3.68,0.342
IMAGICAA,HOSPITALITY,47.15,2026-07-13,56.87,37.98,36.37,50.0,50.0,46.59,NEUTRAL,0.9,41.93,WATCHLIST,DOWNTREND,MIXED,12.1,1.81,-30.25,1.08
LUMAXIND,AUTO,5403.0,2026-07-13,50.61,55.82,34.67,50.0,38.89,46.58,NEUTRAL,0.9,41.92,WATCHLIST,STRONG_UPTREND,RETAIL,4.52,-3.03,38.51,0.706
COROMANDEL,INFRASTRUCTURE,2060.1,2026-07-13,53.58,51.54,31.01,50.0,44.44,46.57,NEUTRAL,0.9,41.91,WATCHLIST,DOWNTREND,RETAIL,9.54,-4.39,-10.86,0.482
COCKERILL,CAPITAL_GOODS,9602.5,2026-07-13,28.87,76.66,32.54,50.0,50.0,46.56,NEUTRAL,0.9,41.9,WATCHLIST,INSUFFICIENT_DATA,RETAIL,-6.69,,,0.929
UTIAMC,AMC,1028.0,2026-07-13,56.88,37.54,44.98,50.0,38.89,46.56,NEUTRAL,0.9,41.9,WATCHLIST,DOWNTREND,RETAIL,10.53,6.37,-28.19,4.437
CUB,BANKING,225.13,2026-07-13,18.44,85.24,32.71,50.0,55.56,46.53,NEUTRAL,0.9,41.88,WATCHLIST,STRONG_UPTREND,MIXED,-11.07,-12.45,5.95,0.391
NATHBIOGEN,AGRICULTURE,164.98,2026-07-13,36.55,61.74,37.73,50.0,50.0,46.53,NEUTRAL,0.9,41.88,WATCHLIST,INSUFFICIENT_DATA,DII,-2.73,7.87,,0.237
BRITANNIA,FMCG,5348.5,2026-07-13,41.3,68.82,32.96,50.0,38.89,46.51,NEUTRAL,0.9,41.86,WATCHLIST,DOWNTREND,RETAIL,3.43,-3.76,-6.75,0.511
SINDHUTRAD,LOGISTICS,25.79,2026-07-13,46.96,52.82,33.47,50.0,50.0,46.5,NEUTRAL,0.9,41.85,WATCHLIST,STRONG_UPTREND,RETAIL,3.87,11.98,-21.92,0.175
BOROLTD,FMCG,256.97,2026-07-13,66.12,29.14,32.96,50.0,50.0,46.45,NEUTRAL,0.9,41.81,WATCHLIST,DOWNTREND,RETAIL,16.89,3.13,-22.99,5.345
MUTHOOTCAP,FINANCIAL_SERVICES,225.55,2026-07-13,66.53,27.04,34.6,50.0,50.0,46.46,NEUTRAL,0.9,41.81,WATCHLIST,DOWNTREND,RETAIL,16.56,11.87,-35.47,1.495
ASTRAZEN,PHARMA,8291.0,2026-07-13,34.99,68.36,32.63,50.0,50.0,46.45,NEUTRAL,0.9,41.81,WATCHLIST,DOWNTREND,RETAIL,0.03,-0.1,-9.08,1.779
INA,POWER,120.52,2026-07-13,51.19,48.96,33.82,47.98,50.0,46.45,NEUTRAL,0.9,41.81,WATCHLIST,INSUFFICIENT_DATA,MIXED,4.42,1.24,,0.64
TVTODAY,MEDIA,121.24,2026-07-13,59.42,38.76,40.07,50.0,38.89,46.45,NEUTRAL,0.9,41.81,WATCHLIST,DOWNTREND,RETAIL,10.82,10.08,-28.93,0.293
GLOBAL,HEALTHCARE,101.96,2026-07-13,34.64,67.28,38.35,50.0,44.44,46.45,NEUTRAL,0.9,41.81,WATCHLIST,INSUFFICIENT_DATA,DII,-0.56,3.26,,0.339
HALDER,AGRICULTURE,227.74,2026-07-13,34.92,63.28,37.73,50.0,50.0,46.43,NEUTRAL,0.9,41.79,WATCHLIST,INSUFFICIENT_DATA,DII,0.11,-7.87,,1.147
MAHSCOOTER,FINANCIAL_SERVICES,13250.0,2026-07-13,56.93,42.94,34.6,50.0,44.44,46.41,NEUTRAL,0.9,41.77,WATCHLIST,DOWNTREND,RETAIL,8.86,-1.27,-8.82,1.654
GENUSPOWER,INFRASTRUCTURE,317.65,2026-07-13,50.14,61.24,31.01,47.98,38.89,46.41,NEUTRAL,0.9,41.77,WATCHLIST,UPTREND,RETAIL,3.03,15.65,-13.39,0.343
DCXINDIA,DEFENCE,196.21,2026-07-13,55.67,37.2,37.68,50.0,50.0,46.39,NEUTRAL,0.9,41.75,WATCHLIST,CONSOLIDATING,RETAIL,7.88,12.63,-27.89,0.394
IWP,CHEMICALS,33.43,2026-07-13,34.39,70.78,30.65,50.0,50.0,46.38,NEUTRAL,0.9,41.74,WATCHLIST,INSUFFICIENT_DATA,RETAIL,-2.73,,,0.74
JPOLYINVST,FINANCIAL_SERVICES,1117.5,2026-07-13,47.56,50.24,34.6,50.0,50.0,46.36,NEUTRAL,0.9,41.72,WATCHLIST,STRONG_UPTREND,RETAIL,1.11,0.13,32.37,5.347
HINDWAREAP,REALTY,247.85,2026-07-13,69.44,26.22,33.21,47.98,50.0,46.34,NEUTRAL,0.9,41.71,WATCHLIST,DOWNTREND,RETAIL,13.66,17.51,-8.56,0.074
NMDC,METAL,84.13,2026-07-13,34.42,72.6,36.81,50.0,38.89,46.32,NEUTRAL,0.9,41.69,WATCHLIST,CONSOLIDATING,DII,-4.88,-1.1,17.76,1.018
DICIND,CHEMICALS,524.15,2026-07-13,48.36,61.28,30.65,50.0,38.89,46.31,NEUTRAL,0.9,41.68,WATCHLIST,STRONG_UPTREND,RETAIL,5.93,0.63,-15.12,0.196
IRIS,IT,257.95,2026-07-13,64.86,32.92,32.05,47.98,50.0,46.3,NEUTRAL,0.9,41.67,WATCHLIST,INSUFFICIENT_DATA,RETAIL,10.78,10.87,,0.337
TATACOMM,CHEMICALS,1835.4,2026-07-13,38.16,73.98,30.65,50.0,38.89,46.3,NEUTRAL,0.9,41.67,WATCHLIST,CONSOLIDATING,RETAIL,-7.24,21.63,4.06,0.478
ERIS,PHARMA,1449.9,2026-07-13,52.64,53.84,32.63,50.0,38.89,46.29,NEUTRAL,0.9,41.66,WATCHLIST,DOWNTREND,RETAIL,6.07,5.72,-17.75,0.995
DWARKESH,FMCG,43.84,2026-07-13,36.59,65.16,32.96,50.0,50.0,46.27,NEUTRAL,0.9,41.64,WATCHLIST,CONSOLIDATING,RETAIL,0.6,-3.5,-9.51,2.043
GOLDETF,OTHER,137.7,2026-07-13,36.22,58.74,39.76,50.0,50.0,46.26,NEUTRAL,0.9,41.63,WATCHLIST,DOWNTREND,DII,-3.19,-5.0,43.41,1.243
RPSGVENT,IT,907.0,2026-07-13,46.26,53.86,32.05,50.0,50.0,46.25,NEUTRAL,0.9,41.62,WATCHLIST,CONSOLIDATING,RETAIL,4.43,-5.84,1.05,0.767
BEL,DEFENCE,410.8,2026-07-13,34.27,73.54,37.68,47.98,38.89,46.24,NEUTRAL,0.9,41.62,WATCHLIST,DOWNTREND,RETAIL,0.6,-7.15,4.07,0.506
NAHARCAP,FINANCIAL_SERVICES,250.65,2026-07-13,43.3,63.28,34.6,50.0,38.89,46.23,NEUTRAL,0.9,41.61,WATCHLIST,DOWNTREND,RETAIL,0.91,5.1,,2.533
INDUSTOWER,TELECOM,409.55,2026-07-13,32.64,70.12,32.74,50.0,50.0,46.23,NEUTRAL,0.9,41.61,WATCHLIST,DOWNTREND,DII,-0.87,-6.46,1.52,0.695
MAXIND,FINANCIAL_SERVICES,167.44,2026-07-13,56.26,38.62,34.6,50.0,50.0,46.21,NEUTRAL,0.9,41.59,WATCHLIST,DOWNTREND,RETAIL,6.12,7.97,-17.46,1.86
SPLPETRO,CHEMICALS,734.75,2026-07-13,53.54,50.1,30.65,50.0,44.44,46.2,NEUTRAL,0.9,41.58,WATCHLIST,STRONG_UPTREND,RETAIL,8.71,-1.44,-10.15,0.295
POWERINDIA,CAPITAL_GOODS,31915.0,2026-07-13,43.72,64.58,32.54,50.0,38.89,46.19,NEUTRAL,0.9,41.57,WATCHLIST,CONSOLIDATING,RETAIL,-4.06,12.28,67.31,0.595
PARADEEP,CHEMICALS,143.38,2026-07-13,72.29,22.34,30.65,50.0,50.0,46.17,NEUTRAL,0.9,41.55,WATCHLIST,STRONG_UPTREND,RETAIL,15.81,18.34,-16.29,0.695
MADHAVIPL,INFRASTRUCTURE,8.42,2026-07-13,33.76,70.1,31.01,50.0,50.0,46.16,NEUTRAL,0.9,41.54,WATCHLIST,INSUFFICIENT_DATA,RETAIL,-3.77,,,1.328
ACEINTEG,DEFENCE,20.69,2026-07-13,53.84,38.2,37.68,50.0,50.0,46.14,NEUTRAL,0.9,41.53,WATCHLIST,UPTREND,RETAIL,5.83,17.49,-20.58,0.055
MAXESTATES,REALTY,445.05,2026-07-13,41.75,57.74,33.21,50.0,50.0,46.13,NEUTRAL,0.9,41.52,WATCHLIST,STRONG_UPTREND,RETAIL,0.61,17.96,-19.27,0.301
FCL,CHEMICALS,36.18,2026-07-13,30.55,53.38,30.65,50.0,77.78,46.11,NEUTRAL,0.9,41.5,WATCHLIST,CONSOLIDATING,RETAIL,-5.04,54.68,-86.99,0.38
SUBROS,CAPITAL_GOODS,821.75,2026-07-13,68.36,35.42,32.54,47.98,38.89,46.11,NEUTRAL,0.9,41.5,WATCHLIST,DOWNTREND,RETAIL,15.76,9.52,-7.03,0.068
UNIONBANK,BANKING,170.39,2026-07-13,42.21,65.84,32.71,50.0,38.89,46.1,NEUTRAL,0.9,41.49,WATCHLIST,STRONG_UPTREND,MIXED,2.37,-9.86,16.34,1.973
AFFLE,IT,1539.3,2026-07-13,56.04,40.84,32.05,50.0,50.0,46.09,NEUTRAL,0.9,41.48,WATCHLIST,DOWNTREND,RETAIL,5.28,9.82,-19.15,5.334
PSB,BANKING,25.08,2026-07-13,46.92,51.54,32.71,50.0,50.0,46.08,NEUTRAL,0.9,41.47,WATCHLIST,DOWNTREND,MIXED,5.64,1.99,-22.3,0.801
VESUVIUS,CAPITAL_GOODS,472.65,2026-07-13,50.52,55.5,32.54,50.0,38.89,46.07,NEUTRAL,0.9,41.46,WATCHLIST,DOWNTREND,RETAIL,5.23,2.75,-12.25,0.85
BNALTD,FMCG,340.0,2026-07-13,50.91,46.24,32.96,50.0,50.0,46.07,NEUTRAL,0.9,41.46,WATCHLIST,INSUFFICIENT_DATA,RETAIL,,,,0.944
GATEWAY,LOGISTICS,59.95,2026-07-13,48.75,56.74,33.47,50.0,38.89,46.06,NEUTRAL,0.9,41.45,WATCHLIST,STRONG_UPTREND,RETAIL,3.9,4.94,-8.96,0.539
ELANTAS,CHEMICALS,9461.0,2026-07-13,38.31,72.56,30.65,50.0,38.89,46.05,NEUTRAL,0.9,41.44,WATCHLIST,INSUFFICIENT_DATA,RETAIL,-0.15,,,0.513
BSLGOLDETF,OTHER,124.45,2026-07-13,34.51,59.56,39.76,50.0,50.0,45.99,NEUTRAL,0.9,41.39,WATCHLIST,DOWNTREND,DII,-3.86,-5.26,43.23,1.343
ICICIPRULI,FINANCIAL_SERVICES,519.7,2026-07-13,55.27,47.06,34.6,50.0,38.89,45.98,NEUTRAL,0.9,41.38,WATCHLIST,DOWNTREND,RETAIL,11.57,-4.99,-18.0,1.258
KROSS,AUTO,185.46,2026-07-13,41.29,56.12,34.67,50.0,50.0,45.98,NEUTRAL,0.9,41.38,WATCHLIST,DOWNTREND,RETAIL,3.01,-0.48,-3.55,0.638
ASTAR,FMCG,600.0,2026-07-13,34.74,65.98,32.96,50.0,50.0,45.97,NEUTRAL,0.9,41.37,WATCHLIST,INSUFFICIENT_DATA,RETAIL,-0.99,,,0.033
HYUNDAI,AUTO,1994.4,2026-07-13,55.69,38.02,34.67,50.0,50.0,45.96,NEUTRAL,0.9,41.36,WATCHLIST,DOWNTREND,RETAIL,5.47,11.02,-5.94,0.761
HEXATRADEX,FINANCIAL_SERVICES,161.35,2026-07-13,33.64,65.58,34.6,50.0,50.0,45.95,NEUTRAL,0.9,41.36,WATCHLIST,DOWNTREND,RETAIL,-0.62,-0.54,-12.64,1.857
BBOX,IT,898.75,2026-07-13,37.8,62.96,32.05,50.0,50.0,45.95,NEUTRAL,0.9,41.36,WATCHLIST,CONSOLIDATING,RETAIL,-11.25,71.6,,0.596
LAHOTIOV,TEXTILES,43.81,2026-07-13,33.97,62.56,37.16,50.0,50.0,45.94,NEUTRAL,0.9,41.35,WATCHLIST,INSUFFICIENT_DATA,RETAIL,-2.45,,,0.556
MAHEPC,CAPITAL_GOODS,120.73,2026-07-13,63.36,30.44,32.54,50.0,50.0,45.94,NEUTRAL,0.9,41.35,WATCHLIST,DOWNTREND,RETAIL,12.59,7.36,-22.44,0.901
ORIENTCER,CAPITAL_GOODS,41.48,2026-07-13,57.18,46.46,32.54,50.0,38.89,45.93,NEUTRAL,0.9,41.34,WATCHLIST,STRONG_UPTREND,RETAIL,8.61,-0.14,-5.49,0.876
NEPHROPLUS,HEALTHCARE,640.9,2026-07-13,29.81,66.52,38.35,50.0,50.0,45.93,NEUTRAL,0.9,41.34,WATCHLIST,INSUFFICIENT_DATA,DII,-11.37,14.39,,0.519
HDFCBANK,BANKING,817.95,2026-07-13,47.52,60.3,32.71,47.98,38.89,45.91,NEUTRAL,0.9,41.32,WATCHLIST,DOWNTREND,MIXED,9.52,0.94,-58.21,0.596
GOLDCASE,OTHER,22.26,2026-07-13,34.28,59.34,39.76,50.0,50.0,45.89,NEUTRAL,0.9,41.3,WATCHLIST,DOWNTREND,DII,-3.51,-5.28,43.15,0.85
MIDWESTLTD,REALTY,1324.8,2026-07-13,52.94,42.46,33.21,50.0,50.0,45.87,NEUTRAL,0.9,41.28,WATCHLIST,INSUFFICIENT_DATA,RETAIL,7.76,-0.23,,0.38
BAJAJHFL,FINANCIAL_SERVICES,88.57,2026-07-13,50.6,43.88,34.6,50.0,50.0,45.85,NEUTRAL,0.9,41.26,WATCHLIST,DOWNTREND,RETAIL,7.05,3.06,-27.34,0.704
JAGRAN,MEDIA,63.9,2026-07-13,38.38,61.98,40.07,50.0,38.89,45.84,NEUTRAL,0.9,41.26,WATCHLIST,DOWNTREND,RETAIL,2.04,-5.05,-14.54,0.801
TRENT,RETAIL,2900.1,2026-07-13,30.66,53.34,37.54,50.0,66.67,45.84,NEUTRAL,0.9,41.26,WATCHLIST,CONSOLIDATING,RETAIL,5.28,-25.95,-46.04,0.506
PERSISTENT,IT,5192.4,2026-07-13,48.5,57.36,32.05,50.0,38.89,45.84,NEUTRAL,0.9,41.26,WATCHLIST,DOWNTREND,RETAIL,5.37,-4.32,-6.4,0.951
3IINFOLTD,IT,18.68,2026-07-13,67.82,41.52,32.05,50.0,27.78,45.84,NEUTRAL,0.9,41.26,WATCHLIST,STRONG_UPTREND,RETAIL,13.69,19.06,-25.76,0.656
NCLIND,CEMENT,185.9,2026-07-13,40.85,56.04,38.7,50.0,44.44,45.83,NEUTRAL,0.9,41.25,WATCHLIST,DOWNTREND,DII,1.75,2.23,-19.71,1.321
YUKEN,CAPITAL_GOODS,766.9,2026-07-13,61.98,31.66,32.54,50.0,50.0,45.83,NEUTRAL,0.9,41.25,WATCHLIST,DOWNTREND,RETAIL,14.2,5.42,-31.47,1.059
HLEGLAS,CAPITAL_GOODS,409.25,2026-07-13,75.0,23.64,32.54,50.0,38.89,45.82,NEUTRAL,0.9,41.24,WATCHLIST,STRONG_UPTREND,RETAIL,11.36,36.48,-1.28,0.562
HSBCGOLD,OTHER,123.61,2026-07-13,26.36,68.86,39.76,50.0,50.0,45.81,NEUTRAL,0.9,41.23,WATCHLIST,INSUFFICIENT_DATA,DII,-2.38,-4.87,,0.38
TATACONSUM,FMCG,1098.6,2026-07-13,36.51,71.3,32.96,50.0,38.89,45.81,NEUTRAL,0.9,41.23,WATCHLIST,DOWNTREND,RETAIL,-0.85,0.45,0.25,0.653
PLATIND,FMCG,231.08,2026-07-13,58.83,34.98,32.96,50.0,50.0,45.8,NEUTRAL,0.9,41.22,WATCHLIST,DOWNTREND,RETAIL,9.9,8.08,-26.5,0.571
GODIGIT,FINANCIAL_SERVICES,303.3,2026-07-13,38.27,59.04,34.6,50.0,50.0,45.8,NEUTRAL,0.9,41.22,WATCHLIST,DOWNTREND,RETAIL,3.29,-5.16,-13.66,0.724
PREMCO,TEXTILES,373.6,2026-07-13,40.17,54.1,37.16,50.0,50.0,45.79,NEUTRAL,0.9,41.21,WATCHLIST,INSUFFICIENT_DATA,RETAIL,0.0,,,0.883
NILKAMAL,FMCG,1350.1,2026-07-13,57.64,44.78,32.96,50.0,38.89,45.79,NEUTRAL,0.9,41.21,WATCHLIST,DOWNTREND,RETAIL,7.81,4.55,-22.9,3.967
GLAXO,PHARMA,2420.5,2026-07-13,53.43,50.34,32.63,50.0,38.89,45.78,NEUTRAL,0.9,41.2,WATCHLIST,DOWNTREND,RETAIL,11.29,1.11,-22.87,0.248
HISARMETAL,METAL,157.03,2026-07-13,58.23,40.14,36.81,50.0,38.89,45.78,NEUTRAL,0.9,41.2,WATCHLIST,DOWNTREND,DII,7.55,4.71,-19.36,0.974
JINDWORLD,TEXTILES,29.77,2026-07-13,54.99,35.44,37.16,50.0,50.0,45.77,NEUTRAL,0.9,41.19,WATCHLIST,UPTREND,RETAIL,5.87,21.46,-29.03,0.16
AEPL,CAPITAL_GOODS,16.78,2026-07-13,34.39,65.72,32.54,50.0,50.0,45.75,NEUTRAL,0.9,41.18,WATCHLIST,INSUFFICIENT_DATA,RETAIL,2.44,-14.65,,0.807
INDIANB,BANKING,842.55,2026-07-13,38.87,68.36,32.71,50.0,38.89,45.76,NEUTRAL,0.9,41.18,WATCHLIST,DOWNTREND,MIXED,1.09,-12.94,33.39,1.126
JKCEMENT,CEMENT,5361.5,2026-07-13,55.33,41.74,38.7,50.0,38.89,45.75,NEUTRAL,0.9,41.18,WATCHLIST,DOWNTREND,DII,11.35,-6.26,-17.49,2.682
TIINDIA,AUTO,2921.1,2026-07-13,31.99,70.82,34.67,50.0,44.44,45.76,NEUTRAL,0.9,41.18,WATCHLIST,CONSOLIDATING,RETAIL,-4.61,6.42,0.08,0.387
IRB,INFRASTRUCTURE,20.32,2026-07-13,21.78,66.28,31.01,50.0,72.22,45.74,NEUTRAL,0.9,41.17,WATCHLIST,DOWNTREND,RETAIL,-0.97,-6.19,-57.72,1.328
RCF,CHEMICALS,130.82,2026-07-13,44.51,59.06,30.65,50.0,44.44,45.74,NEUTRAL,0.9,41.17,WATCHLIST,DOWNTREND,RETAIL,4.11,2.04,-15.1,0.34
HDFCGOLD,OTHER,120.73,2026-07-13,34.23,58.54,39.76,50.0,50.0,45.72,NEUTRAL,0.9,41.15,WATCHLIST,DOWNTREND,DII,-3.65,-5.32,43.13,0.986
COALINDIA,ENERGY,430.2,2026-07-13,32.96,75.14,28.81,50.0,44.44,45.7,NEUTRAL,0.9,41.13,WATCHLIST,CONSOLIDATING,MIXED,-4.61,-0.9,10.73,0.897
PENIND,MEDIA,172.34,2026-07-13,62.15,23.14,40.07,50.0,50.0,45.68,NEUTRAL,0.9,41.11,WATCHLIST,DOWNTREND,RETAIL,13.53,5.34,-29.01,0.873
BIL,TEXTILES,719.55,2026-07-13,46.1,46.14,37.16,50.0,50.0,45.68,NEUTRAL,0.9,41.11,WATCHLIST,DOWNTREND,RETAIL,5.54,-3.68,-15.42,0.65
SRF,CHEMICALS,2741.6,2026-07-13,40.25,68.18,30.65,50.0,38.89,45.66,NEUTRAL,0.9,41.09,WATCHLIST,DOWNTREND,RETAIL,0.27,10.84,-13.98,0.271
BANKINDIA,BANKING,145.59,2026-07-13,42.47,63.26,32.71,50.0,38.89,45.64,NEUTRAL,0.9,41.08,WATCHLIST,DOWNTREND,MIXED,0.5,-1.58,26.58,1.032
INDOFARM,AUTO,158.9,2026-07-13,72.91,16.98,34.67,47.98,50.0,45.65,NEUTRAL,0.9,41.08,WATCHLIST,DOWNTREND,RETAIL,24.57,9.98,,0.351
QGOLDHALF,OTHER,117.21,2026-07-13,35.53,56.6,39.76,50.0,50.0,45.65,NEUTRAL,0.9,41.08,WATCHLIST,DOWNTREND,DII,-3.43,-5.25,43.73,1.334
HEMIPROP,REALTY,139.8,2026-07-13,48.64,46.62,33.21,50.0,50.0,45.63,NEUTRAL,0.9,41.07,WATCHLIST,CONSOLIDATING,RETAIL,1.11,10.65,2.82,0.755
BPL,CAPITAL_GOODS,58.27,2026-07-13,64.31,27.68,32.54,50.0,50.0,45.62,NEUTRAL,0.9,41.06,WATCHLIST,DOWNTREND,RETAIL,13.01,16.03,-33.11,0.776
VIKRAN,CAPITAL_GOODS,75.09,2026-07-13,66.54,26.84,32.54,47.98,50.0,45.61,NEUTRAL,0.9,41.05,WATCHLIST,DOWNTREND,RETAIL,10.49,13.0,,0.679
AMBICAAGAR,FMCG,24.66,2026-07-13,37.72,60.12,32.96,50.0,50.0,45.55,NEUTRAL,0.9,41.0,WATCHLIST,UPTREND,RETAIL,0.65,3.05,-12.86,0.401
MPHASIS,IT,2390.4,2026-07-13,47.35,57.4,32.05,50.0,38.89,45.56,NEUTRAL,0.9,41.0,WATCHLIST,DOWNTREND,RETAIL,4.03,2.74,-15.61,1.065
ASIANENE,ENERGY,339.8,2026-07-13,37.08,73.36,28.81,50.0,38.89,45.54,NEUTRAL,0.9,40.99,WATCHLIST,CONSOLIDATING,MIXED,-7.66,12.78,12.02,0.571
NBCC,INFRASTRUCTURE,101.49,2026-07-13,41.64,61.28,31.01,50.0,44.44,45.53,NEUTRAL,0.9,40.98,WATCHLIST,DOWNTREND,RETAIL,-1.47,13.8,-10.23,0.97
GOLDBEES,OTHER,116.95,2026-07-13,33.94,57.9,39.76,50.0,50.0,45.52,NEUTRAL,0.9,40.97,WATCHLIST,DOWNTREND,DII,-3.47,-5.3,43.09,0.739
KOTHARIPET,CHEMICALS,130.79,2026-07-13,58.68,44.3,30.65,50.0,38.89,45.49,NEUTRAL,0.9,40.94,WATCHLIST,STRONG_UPTREND,RETAIL,12.16,6.14,-26.39,0.225
STYRENIX,CHEMICALS,2317.7,2026-07-13,58.44,44.5,30.65,50.0,38.89,45.47,NEUTRAL,0.9,40.92,WATCHLIST,STRONG_UPTREND,RETAIL,6.69,15.83,-27.06,0.904
VINDHYATEL,TELECOM,1951.7,2026-07-13,46.64,57.08,32.74,50.0,38.89,45.46,NEUTRAL,0.9,40.91,WATCHLIST,UPTREND,DII,-5.31,67.03,14.61,0.391
ALLTIME,FMCG,235.25,2026-07-13,53.1,40.48,32.96,50.0,50.0,45.46,NEUTRAL,0.9,40.91,WATCHLIST,DOWNTREND,RETAIL,5.29,7.48,,0.117
MAMATA,CAPITAL_GOODS,387.7,2026-07-13,57.64,43.32,32.54,50.0,38.89,45.42,NEUTRAL,0.9,40.88,WATCHLIST,DOWNTREND,RETAIL,8.75,3.87,-20.57,1.234
BLAL,FINANCIAL_SERVICES,184.6,2026-07-13,37.41,57.92,34.6,50.0,50.0,45.36,NEUTRAL,0.9,40.82,WATCHLIST,DOWNTREND,RETAIL,0.39,6.75,-12.99,0.206
SETFGOLD,OTHER,120.67,2026-07-13,34.07,56.76,39.76,50.0,50.0,45.32,NEUTRAL,0.9,40.79,WATCHLIST,DOWNTREND,DII,-3.46,-5.22,43.11,0.734
IGPL,CHEMICALS,434.25,2026-07-13,33.0,67.08,30.65,50.0,50.0,45.3,NEUTRAL,0.9,40.77,WATCHLIST,CONSOLIDATING,RETAIL,-0.95,2.42,-14.99,0.504
BLUEJET,PHARMA,606.3,2026-07-13,77.36,17.98,32.63,50.0,38.89,45.3,NEUTRAL,0.9,40.77,WATCHLIST,STRONG_UPTREND,RETAIL,29.07,49.02,-39.98,1.042
WESTLIFE,HOSPITALITY,499.25,2026-07-13,60.68,26.56,36.37,50.0,50.0,45.26,NEUTRAL,0.9,40.73,WATCHLIST,DOWNTREND,MIXED,16.27,7.05,-35.3,0.312
TATAGOLD,OTHER,13.75,2026-07-13,34.87,55.36,39.76,50.0,50.0,45.24,NEUTRAL,0.9,40.72,WATCHLIST,DOWNTREND,DII,-3.51,-5.11,43.38,0.933
ITBETA,OTHER,304.85,2026-07-13,40.15,48.72,39.76,50.0,50.0,45.23,NEUTRAL,0.9,40.71,WATCHLIST,INSUFFICIENT_DATA,DII,2.5,-6.32,,1.812
QUINT,MEDIA,39.37,2026-07-13,26.7,65.1,40.07,50.0,50.0,45.21,NEUTRAL,0.9,40.69,WATCHLIST,INSUFFICIENT_DATA,RETAIL,-8.34,,,0.474
SUZLON,CAPITAL_GOODS,53.17,2026-07-13,37.35,59.16,32.54,50.0,50.0,45.18,NEUTRAL,0.9,40.66,WATCHLIST,CONSOLIDATING,RETAIL,-1.68,17.32,-18.28,0.489
RIIL,LOGISTICS,795.2,2026-07-13,40.23,64.82,33.47,47.98,38.89,45.14,NEUTRAL,0.9,40.63,WATCHLIST,UPTREND,RETAIL,0.39,9.52,-17.02,0.544
GOLD360,OTHER,138.55,2026-07-13,34.18,55.68,39.76,50.0,50.0,45.13,NEUTRAL,0.9,40.62,WATCHLIST,DOWNTREND,DII,-2.91,-4.74,43.28,0.432
PFIZER,PHARMA,4736.3,2026-07-13,42.01,61.28,32.63,50.0,38.89,45.12,NEUTRAL,0.9,40.61,WATCHLIST,DOWNTREND,RETAIL,4.37,-2.72,-10.96,0.707
DRREDDY,PHARMA,1234.5,2026-07-13,31.37,74.5,32.63,50.0,38.89,45.1,NEUTRAL,0.9,40.59,WATCHLIST,DOWNTREND,RETAIL,-2.93,0.19,-1.83,0.996
ALEMBICLTD,REALTY,89.84,2026-07-13,43.73,50.1,33.21,50.0,50.0,45.09,NEUTRAL,0.9,40.58,WATCHLIST,DOWNTREND,RETAIL,4.27,4.36,-24.18,0.431
SUPERHOUSE,TEXTILES,157.2,2026-07-13,42.66,55.68,37.16,50.0,38.89,45.07,NEUTRAL,0.9,40.56,WATCHLIST,STRONG_UPTREND,RETAIL,2.28,2.22,-8.09,0.423
IVC,FINANCIAL_SERVICES,8.14,2026-07-13,34.06,64.78,34.6,50.0,44.44,45.06,NEUTRAL,0.9,40.55,WATCHLIST,UPTREND,RETAIL,-3.55,11.66,-9.35,0.468
KENNAMET,CAPITAL_GOODS,2769.1,2026-07-13,40.55,62.88,32.54,50.0,38.89,45.06,NEUTRAL,0.9,40.55,WATCHLIST,INSUFFICIENT_DATA,RETAIL,0.91,,,0.565
BALAJITELE,MEDIA,91.89,2026-07-13,54.02,30.04,40.07,50.0,50.0,45.03,NEUTRAL,0.9,40.53,WATCHLIST,DOWNTREND,RETAIL,8.06,-0.53,,0.18
NRAIL,CHEMICALS,447.25,2026-07-13,34.37,72.36,30.65,50.0,38.89,45.03,NEUTRAL,0.9,40.53,WATCHLIST,DOWNTREND,RETAIL,-1.45,0.16,,1.593
DCAL,PHARMA,196.93,2026-07-13,65.97,22.34,32.63,50.0,50.0,44.99,NEUTRAL,0.9,40.49,WATCHLIST,DOWNTREND,RETAIL,8.56,23.65,,0.528
ESABINDIA,CAPITAL_GOODS,5687.5,2026-07-13,42.96,55.4,32.54,50.0,44.44,44.99,NEUTRAL,0.9,40.49,WATCHLIST,DOWNTREND,RETAIL,1.19,3.12,2.2,0.496
FSL,IT,265.06,2026-07-13,59.7,39.0,32.05,50.0,38.89,44.97,NEUTRAL,0.9,40.47,WATCHLIST,DOWNTREND,RETAIL,5.92,20.27,-24.94,1.612
TNPL,CHEMICALS,145.32,2026-07-13,42.69,61.56,30.65,50.0,38.89,44.95,NEUTRAL,0.9,40.46,WATCHLIST,CONSOLIDATING,RETAIL,0.69,6.92,-14.36,1.016
SHREDIGCEM,CEMENT,73.03,2026-07-13,50.4,35.62,38.7,50.0,50.0,44.96,NEUTRAL,0.9,40.46,WATCHLIST,DOWNTREND,DII,4.85,3.09,-15.59,1.009
PRIMESECU,FINANCIAL_SERVICES,274.15,2026-07-13,27.13,68.7,34.6,50.0,50.0,44.94,NEUTRAL,0.9,40.45,WATCHLIST,DOWNTREND,RETAIL,-2.73,-5.14,-6.75,0.962
NDRAUTO,AUTO,846.8,2026-07-13,54.96,42.1,34.67,50.0,38.89,44.93,NEUTRAL,0.9,40.44,WATCHLIST,UPTREND,RETAIL,7.92,15.41,-27.72,0.299
DMART,RETAIL,3994.1,2026-07-13,30.5,61.4,37.54,50.0,50.0,44.91,NEUTRAL,0.9,40.42,WATCHLIST,DOWNTREND,RETAIL,-1.22,-9.24,-1.35,3.086
TCIEXP,LOGISTICS,565.85,2026-07-13,55.1,45.08,33.47,47.98,38.89,44.91,NEUTRAL,0.9,40.42,WATCHLIST,STRONG_UPTREND,RETAIL,9.69,3.79,-23.65,0.27
EIMCOELECO,CAPITAL_GOODS,1792.0,2026-07-13,59.51,40.36,32.54,47.98,38.89,44.89,NEUTRAL,0.9,40.4,WATCHLIST,STRONG_UPTREND,RETAIL,15.89,1.58,-26.19,0.469
URBANCO,RETAIL,133.07,2026-07-13,53.7,32.28,37.54,50.0,50.0,44.89,NEUTRAL,0.9,40.4,WATCHLIST,STRONG_UPTREND,RETAIL,8.48,-1.08,,0.445
VIMTALABS,HEALTHCARE,556.3,2026-07-13,66.79,23.26,38.35,50.0,38.89,44.85,NEUTRAL,0.9,40.36,WATCHLIST,UPTREND,DII,7.11,20.11,5.89,0.336
STARPAPER,CHEMICALS,141.43,2026-07-13,51.68,49.82,30.65,50.0,38.89,44.85,NEUTRAL,0.9,40.36,WATCHLIST,DOWNTREND,RETAIL,6.45,0.76,-20.63,1.156
HAPPSTMNDS,IT,407.55,2026-07-13,66.03,26.16,32.05,50.0,44.44,44.82,NEUTRAL,0.9,40.34,WATCHLIST,DOWNTREND,RETAIL,16.83,7.59,-34.99,6.269
VBL,FMCG,469.1,2026-07-13,31.21,68.8,32.96,50.0,44.44,44.82,NEUTRAL,0.9,40.34,WATCHLIST,DOWNTREND,RETAIL,-10.86,8.69,-3.25,1.189
AJMERA,REALTY,136.74,2026-07-13,63.71,23.52,33.21,50.0,50.0,44.77,NEUTRAL,0.9,40.29,WATCHLIST,DOWNTREND,RETAIL,19.13,12.84,-85.35,0.573
CENTRUM,FINANCIAL_SERVICES,25.36,2026-07-13,55.99,31.74,34.6,50.0,50.0,44.77,NEUTRAL,0.9,40.29,WATCHLIST,DOWNTREND,RETAIL,16.6,-10.86,,0.219
HBESD,REALTY,75.0,2026-07-13,37.3,56.42,33.21,50.0,50.0,44.75,NEUTRAL,0.9,40.28,WATCHLIST,INSUFFICIENT_DATA,RETAIL,0.21,,,0.319
ELCIDIN,FINANCIAL_SERVICES,113985.0,2026-07-13,34.91,66.4,34.6,50.0,38.89,44.76,NEUTRAL,0.9,40.28,WATCHLIST,INSUFFICIENT_DATA,RETAIL,-2.78,,,1.642
SUKHJITS,AGRICULTURE,169.4,2026-07-13,41.47,46.6,37.73,50.0,50.0,44.73,NEUTRAL,0.9,40.26,WATCHLIST,DOWNTREND,DII,1.24,-4.17,-2.71,0.859
WELSPLSOL,METAL,52.19,2026-07-13,27.43,65.02,36.81,50.0,50.0,44.72,NEUTRAL,0.9,40.25,WATCHLIST,INSUFFICIENT_DATA,DII,-6.23,,,0.133
CINELINE,MEDIA,77.86,2026-07-13,29.67,58.92,40.07,50.0,50.0,44.72,NEUTRAL,0.9,40.25,WATCHLIST,DOWNTREND,RETAIL,-0.65,-11.58,-13.19,1.329
GOLDIETF,OTHER,121.07,2026-07-13,34.34,53.26,39.76,50.0,50.0,44.69,NEUTRAL,0.9,40.22,WATCHLIST,DOWNTREND,DII,-3.49,-5.36,43.3,0.874
ABREL,REALTY,1436.6,2026-07-13,63.48,31.68,33.21,50.0,38.89,44.68,NEUTRAL,0.9,40.21,WATCHLIST,DOWNTREND,RETAIL,20.29,5.55,-32.33,0.478
TRITURBINE,CAPITAL_GOODS,616.7,2026-07-13,40.69,56.6,32.54,50.0,44.44,44.67,NEUTRAL,0.9,40.2,WATCHLIST,CONSOLIDATING,RETAIL,-5.42,34.02,-7.65,1.2
MAZDOCK,DEFENCE,2402.6,2026-07-13,32.92,56.96,37.68,50.0,50.0,44.66,NEUTRAL,0.9,40.19,WATCHLIST,DOWNTREND,RETAIL,1.48,-2.74,-19.43,0.591
OIL,ENERGY,431.05,2026-07-13,35.63,62.36,28.81,50.0,50.0,44.64,NEUTRAL,0.9,40.18,WATCHLIST,DOWNTREND,MIXED,0.87,-8.54,-3.76,0.911
ZFSTEERING,AUTO,670.7,2026-07-13,40.82,49.88,34.67,50.0,50.0,44.62,NEUTRAL,0.9,40.16,WATCHLIST,INSUFFICIENT_DATA,RETAIL,1.4,,,0.682
INFOMEDIA,MEDIA,5.71,2026-07-13,40.73,44.56,40.07,50.0,50.0,44.61,NEUTRAL,0.9,40.15,WATCHLIST,INSUFFICIENT_DATA,RETAIL,1.78,-4.19,,1.269
FOODSIN,FMCG,61.1,2026-07-13,61.93,33.5,32.96,50.0,38.89,44.61,NEUTRAL,0.9,40.15,WATCHLIST,DOWNTREND,RETAIL,13.17,-0.36,,0.81
GVT&D,CAPITAL_GOODS,4525.6,2026-07-13,40.86,60.2,32.54,50.0,38.89,44.6,NEUTRAL,0.9,40.14,WATCHLIST,CONSOLIDATING,RETAIL,-7.0,11.28,91.91,0.679
NSLNISP,METAL,43.15,2026-07-13,30.46,60.56,36.81,50.0,50.0,44.59,NEUTRAL,0.9,40.13,WATCHLIST,CONSOLIDATING,DII,-8.89,2.79,9.3,0.536
NATIONALUM,METAL,355.2,2026-07-13,27.77,59.58,36.81,50.0,55.56,44.55,NEUTRAL,0.9,40.1,WATCHLIST,CONSOLIDATING,DII,-5.57,-14.82,88.92,0.422
SASKEN,IT,2076.0,2026-07-13,46.37,49.34,32.05,50.0,44.44,44.54,NEUTRAL,0.9,40.09,WATCHLIST,UPTREND,RETAIL,-8.21,71.66,40.54,0.434
MBAPL,CHEMICALS,132.85,2026-07-13,5.58,97.54,30.65,50.0,50.0,44.53,NEUTRAL,0.9,40.08,WATCHLIST,STRONG_UPTREND,RETAIL,-76.14,-74.64,-68.65,2.865
ABBOTINDIA,PHARMA,27395.0,2026-07-13,44.54,55.16,32.63,50.0,38.89,44.53,NEUTRAL,0.9,40.08,WATCHLIST,DOWNTREND,RETAIL,3.55,6.26,-19.72,0.799
LEMONTREE,HOSPITALITY,117.74,2026-07-13,54.77,30.32,36.37,50.0,50.0,44.53,NEUTRAL,0.9,40.08,WATCHLIST,DOWNTREND,MIXED,10.21,3.14,-23.83,0.364
AARTISURF,CHEMICALS,385.35,2026-07-13,50.87,49.18,30.65,50.0,38.89,44.52,NEUTRAL,0.9,40.07,WATCHLIST,DOWNTREND,RETAIL,6.41,-4.64,,0.943
UNIONGOLD,OTHER,138.25,2026-07-13,31.29,56.22,39.76,50.0,50.0,44.52,NEUTRAL,0.9,40.07,WATCHLIST,DOWNTREND,DII,-3.56,-5.05,42.67,0.022
ICRA,FINANCIAL_SERVICES,5284.0,2026-07-13,39.25,51.36,34.6,50.0,50.0,44.5,NEUTRAL,0.9,40.05,WATCHLIST,DOWNTREND,RETAIL,2.65,-1.26,-21.4,4.507
ZODIACLOTH,TEXTILES,78.72,2026-07-13,52.8,31.8,37.16,50.0,50.0,44.49,NEUTRAL,0.9,40.04,WATCHLIST,DOWNTREND,RETAIL,7.16,8.5,-28.16,0.102
GPPL,INFRASTRUCTURE,155.56,2026-07-13,45.39,55.5,31.01,50.0,38.89,44.48,NEUTRAL,0.9,40.03,WATCHLIST,DOWNTREND,RETAIL,2.27,1.61,-4.62,0.927
NKIND,CAPITAL_GOODS,65.0,2026-07-13,43.35,48.1,32.54,50.0,50.0,44.47,NEUTRAL,0.9,40.02,WATCHLIST,DOWNTREND,RETAIL,1.25,0.14,1.21,3.035
MUTHOOTFIN,FINANCIAL_SERVICES,3058.5,2026-07-13,48.8,47.42,34.6,50.0,38.89,44.44,NEUTRAL,0.9,40.0,WATCHLIST,DOWNTREND,RETAIL,5.51,-14.42,14.98,0.987
LOTUSDEV,REALTY,144.46,2026-07-13,55.42,32.24,33.21,50.0,50.0,44.44,NEUTRAL,0.9,40.0,WATCHLIST,DOWNTREND,RETAIL,6.58,3.88,,0.629
SEAMECLTD,LOGISTICS,1441.2,2026-07-13,26.04,68.64,33.47,50.0,50.0,44.43,NEUTRAL,0.9,39.99,NEUTRAL,CONSOLIDATING,RETAIL,-9.06,-5.51,68.95,0.187
CROMPTON,FMCG,261.8,2026-07-13,46.52,51.8,32.96,50.0,38.89,44.42,NEUTRAL,0.9,39.98,NEUTRAL,DOWNTREND,RETAIL,2.81,8.31,-23.86,1.537
SIGNATURE,REALTY,846.5,2026-07-13,53.6,34.38,33.21,50.0,50.0,44.42,NEUTRAL,0.9,39.98,NEUTRAL,DOWNTREND,RETAIL,8.66,3.04,-32.1,1.112
TRANSPEK,CAPITAL_GOODS,973.2,2026-07-13,38.95,53.38,32.54,50.0,50.0,44.42,NEUTRAL,0.9,39.98,NEUTRAL,INSUFFICIENT_DATA,RETAIL,-0.74,,,1.666
SHOPERSTOP,RETAIL,372.45,2026-07-13,53.4,30.22,37.54,50.0,50.0,44.4,NEUTRAL,0.9,39.96,NEUTRAL,DOWNTREND,RETAIL,4.4,25.91,-32.93,1.946
LTFOODS,AGRICULTURE,384.85,2026-07-13,40.12,50.68,37.73,50.0,44.44,44.38,NEUTRAL,0.9,39.94,NEUTRAL,DOWNTREND,DII,4.61,-6.23,-23.58,0.32
UFO,MEDIA,70.52,2026-07-13,34.07,51.7,40.07,50.0,50.0,44.37,NEUTRAL,0.9,39.93,NEUTRAL,DOWNTREND,RETAIL,-2.03,-0.17,-7.9,1.351
SURYAROSNI,METAL,251.45,2026-07-13,46.76,43.2,36.81,50.0,44.44,44.36,NEUTRAL,0.9,39.92,NEUTRAL,CONSOLIDATING,DII,1.55,12.99,-22.8,0.905
ORICONENT,TEXTILES,56.33,2026-07-13,41.11,54.08,37.16,50.0,38.89,44.36,NEUTRAL,0.9,39.92,NEUTRAL,INSUFFICIENT_DATA,RETAIL,1.9,-16.3,25.18,0.837
NAHARPOLY,CHEMICALS,253.7,2026-07-13,49.71,49.76,30.65,50.0,38.89,44.34,NEUTRAL,0.9,39.91,NEUTRAL,STRONG_UPTREND,RETAIL,5.84,-5.05,,1.207
ZUARI,CHEMICALS,236.75,2026-07-13,68.18,20.32,30.65,47.98,50.0,44.34,NEUTRAL,0.9,39.91,NEUTRAL,DOWNTREND,RETAIL,9.91,7.57,15.82,0.213
HATHWAY,MEDIA,11.24,2026-07-13,45.07,37.58,40.07,50.0,50.0,44.3,NEUTRAL,0.9,39.87,NEUTRAL,DOWNTREND,RETAIL,5.44,-1.06,-30.87,0.737
CHOICEGOLD,OTHER,140.26,2026-07-13,27.43,59.84,39.76,50.0,50.0,44.28,NEUTRAL,0.9,39.85,NEUTRAL,INSUFFICIENT_DATA,DII,-3.69,-4.95,,3.282
HEXT,IT,566.2,2026-07-13,60.59,30.28,32.05,50.0,44.44,44.28,NEUTRAL,0.9,39.85,NEUTRAL,DOWNTREND,RETAIL,9.85,17.85,-34.3,0.544
KRISHIVAL,FMCG,399.75,2026-07-13,44.75,57.38,32.96,50.0,33.33,44.26,NEUTRAL,0.9,39.83,NEUTRAL,INSUFFICIENT_DATA,RETAIL,-1.77,25.14,,0.93
KOTAKBANK,BANKING,384.65,2026-07-13,25.06,69.74,32.71,50.0,50.0,44.26,NEUTRAL,0.9,39.83,NEUTRAL,DOWNTREND,MIXED,-0.89,2.7,-82.03,0.794
ICEMAKE,CAPITAL_GOODS,764.65,2026-07-13,34.6,66.22,32.54,50.0,38.89,44.24,NEUTRAL,0.9,39.82,NEUTRAL,CONSOLIDATING,RETAIL,0.41,-2.34,-4.91,0.604
LCCINFOTEC,OTHER,4.45,2026-07-13,27.73,59.22,39.76,50.0,50.0,44.23,NEUTRAL,0.9,39.81,NEUTRAL,INSUFFICIENT_DATA,DII,-5.52,,,0.182
ZUARIIND,FMCG,268.95,2026-07-13,63.66,29.3,32.96,50.0,38.89,44.2,NEUTRAL,0.9,39.78,NEUTRAL,DOWNTREND,RETAIL,9.82,4.27,0.56,0.486
MERCANTILE,REALTY,25.07,2026-07-13,34.48,57.18,33.21,50.0,50.0,44.2,NEUTRAL,0.9,39.78,NEUTRAL,INSUFFICIENT_DATA,RETAIL,-1.57,,,0.494
GANESHBE,ENERGY,98.17,2026-07-13,30.59,66.38,28.81,50.0,50.0,44.19,NEUTRAL,0.9,39.77,NEUTRAL,CONSOLIDATING,MIXED,-8.05,6.44,1.16,0.437
PNBGILTS,FINANCIAL_SERVICES,89.19,2026-07-13,46.55,48.9,34.6,50.0,38.89,44.17,NEUTRAL,0.9,39.75,NEUTRAL,UPTREND,RETAIL,0.16,26.8,-9.74,0.595
HEROMOTOCO,AUTO,4952.1,2026-07-13,38.2,55.04,34.67,50.0,44.44,44.16,NEUTRAL,0.9,39.74,NEUTRAL,DOWNTREND,RETAIL,1.96,-9.41,12.63,0.688
SAFARI,CHEMICALS,1683.5,2026-07-13,57.98,34.3,30.65,50.0,44.44,44.15,NEUTRAL,0.9,39.74,NEUTRAL,DOWNTREND,RETAIL,8.26,8.02,-23.47,0.706
ROUTE,TELECOM,582.85,2026-07-13,66.61,21.36,32.74,50.0,44.44,44.14,NEUTRAL,0.9,39.73,NEUTRAL,DOWNTREND,DII,12.44,20.04,-39.26,8.753
BIRLAPREC,CAPITAL_GOODS,37.17,2026-07-13,41.58,48.7,32.54,50.0,50.0,44.14,NEUTRAL,0.9,39.73,NEUTRAL,INSUFFICIENT_DATA,RETAIL,0.98,,,0.75
GOLDBETA,OTHER,119.1,2026-07-13,27.13,59.5,39.76,50.0,50.0,44.13,NEUTRAL,0.9,39.72,NEUTRAL,INSUFFICIENT_DATA,DII,-3.6,-5.1,,1.888
BMWVENTLTD,METAL,58.57,2026-07-13,35.72,60.02,36.81,50.0,38.89,44.13,NEUTRAL,0.9,39.72,NEUTRAL,INSUFFICIENT_DATA,DII,-1.79,1.05,,1.381
UTTAMSUGAR,FMCG,237.25,2026-07-13,39.83,58.7,32.96,50.0,38.89,44.12,NEUTRAL,0.9,39.71,NEUTRAL,CONSOLIDATING,RETAIL,2.21,-1.23,-16.81,1.26
ORIENTELEC,FMCG,175.94,2026-07-13,39.24,55.24,32.96,50.0,44.44,44.12,NEUTRAL,0.9,39.71,NEUTRAL,DOWNTREND,RETAIL,1.46,3.25,-22.38,0.822
SBIETFIT,OTHER,321.32,2026-07-13,37.61,46.3,39.76,50.0,50.0,44.11,NEUTRAL,0.9,39.7,NEUTRAL,DOWNTREND,DII,2.6,-5.97,-20.58,2.551
SINGERIND,FMCG,67.54,2026-07-13,24.99,68.86,32.96,50.0,50.0,44.11,NEUTRAL,0.9,39.7,NEUTRAL,INSUFFICIENT_DATA,RETAIL,-2.79,-9.18,,0.909
CURAA,OTHER,73.81,2026-07-13,28.8,57.12,39.76,50.0,50.0,44.08,NEUTRAL,0.9,39.67,NEUTRAL,INSUFFICIENT_DATA,DII,-6.77,,,0.777
RRIL,TEXTILES,17.68,2026-07-13,25.02,64.46,37.16,50.0,50.0,44.08,NEUTRAL,0.9,39.67,NEUTRAL,INSUFFICIENT_DATA,RETAIL,-12.65,,,0.502
AERONEU,CHEMICALS,88.34,2026-07-13,49.06,40.92,30.65,50.0,50.0,44.08,NEUTRAL,0.9,39.67,NEUTRAL,CONSOLIDATING,RETAIL,2.77,8.93,,0.613
EGOLD,OTHER,141.7,2026-07-13,31.88,53.24,39.76,50.0,50.0,44.07,NEUTRAL,0.9,39.66,NEUTRAL,DOWNTREND,DII,-3.21,-5.25,43.06,0.121
MASTERTR,FINANCIAL_SERVICES,91.82,2026-07-13,73.89,7.76,34.6,47.98,50.0,44.04,NEUTRAL,0.9,39.64,NEUTRAL,DOWNTREND,RETAIL,22.15,26.18,-32.51,0.934
RELCHEMQ,TEXTILES,130.71,2026-07-13,54.17,36.16,37.16,50.0,38.89,44.04,NEUTRAL,0.9,39.64,NEUTRAL,DOWNTREND,RETAIL,7.32,9.87,-30.41,0.372
GOKULAGRO,FMCG,215.4,2026-07-13,25.18,72.38,32.96,50.0,44.44,44.03,NEUTRAL,0.9,39.63,NEUTRAL,CONSOLIDATING,RETAIL,-7.54,8.06,-33.45,3.022
ESCORTS,AUTO,2969.7,2026-07-13,48.05,42.1,34.67,50.0,44.44,44.03,NEUTRAL,0.9,39.63,NEUTRAL,DOWNTREND,RETAIL,8.36,-7.05,-13.04,0.725
PFC,FINANCIAL_SERVICES,405.1,2026-07-13,21.79,66.54,34.6,50.0,55.56,44.01,NEUTRAL,0.9,39.61,NEUTRAL,CONSOLIDATING,RETAIL,-6.07,-6.85,-3.65,0.833
AMBALALSA,PHARMA,31.38,2026-07-13,29.47,63.02,32.63,50.0,50.0,44.0,NEUTRAL,0.9,39.6,NEUTRAL,INSUFFICIENT_DATA,RETAIL,-5.05,,,0.733
TERASOFT,IT,397.75,2026-07-13,32.79,67.78,32.05,50.0,38.89,44.0,NEUTRAL,0.9,39.6,NEUTRAL,INSUFFICIENT_DATA,RETAIL,-9.05,11.85,,3.871
IRMENERGY,ENERGY,266.0,2026-07-13,61.35,35.36,28.81,50.0,38.89,44.0,NEUTRAL,0.9,39.6,NEUTRAL,DOWNTREND,MIXED,5.33,31.43,-12.66,0.263
HDFCNIFIT,OTHER,30.91,2026-07-13,37.28,46.14,39.76,50.0,50.0,44.0,NEUTRAL,0.9,39.6,NEUTRAL,DOWNTREND,DII,2.62,-6.16,-20.4,1.667
WAAREEINDO,CAPITAL_GOODS,398.9,2026-07-13,46.36,41.96,32.54,50.0,50.0,43.99,NEUTRAL,0.9,39.59,NEUTRAL,INSUFFICIENT_DATA,RETAIL,5.49,-5.89,,1.106
SUNCLAY,AUTO,1393.3,2026-07-13,54.58,37.84,34.67,50.0,38.89,43.98,NEUTRAL,0.9,39.58,NEUTRAL,STRONG_UPTREND,RETAIL,7.83,7.96,-29.71,1.599
ITADD,OTHER,30.7,2026-07-13,36.92,46.46,39.76,50.0,50.0,43.97,NEUTRAL,0.9,39.57,NEUTRAL,INSUFFICIENT_DATA,DII,2.37,-6.17,,0.433
DOLPHIN,ENERGY,393.95,2026-07-13,37.12,56.96,28.81,50.0,50.0,43.93,NEUTRAL,0.9,39.54,NEUTRAL,DOWNTREND,MIXED,0.33,-2.0,-12.89,1.985
SECMARK,IT,124.13,2026-07-13,25.22,68.58,32.05,50.0,50.0,43.93,NEUTRAL,0.9,39.54,NEUTRAL,INSUFFICIENT_DATA,RETAIL,-2.8,-5.11,,0.429
HINDALCO,METAL,966.85,2026-07-13,31.24,64.44,36.81,50.0,38.89,43.89,NEUTRAL,0.9,39.5,NEUTRAL,CONSOLIDATING,DII,-6.97,-2.55,43.05,0.599
ITETF,OTHER,30.66,2026-07-13,36.75,45.94,39.76,50.0,50.0,43.83,NEUTRAL,0.9,39.45,NEUTRAL,DOWNTREND,DII,2.47,-6.07,-20.4,1.364
ELECON,CAPITAL_GOODS,502.0,2026-07-13,36.08,58.14,32.54,50.0,44.44,43.82,NEUTRAL,0.9,39.44,NEUTRAL,CONSOLIDATING,RETAIL,-4.01,19.67,-16.47,0.821
CAPACITE,INFRASTRUCTURE,233.05,2026-07-13,50.38,37.64,31.01,50.0,50.0,43.82,NEUTRAL,0.9,39.44,NEUTRAL,DOWNTREND,RETAIL,8.0,0.21,-28.23,0.626
GOLD1,OTHER,118.08,2026-07-13,33.88,49.46,39.76,50.0,50.0,43.81,NEUTRAL,0.9,39.43,NEUTRAL,DOWNTREND,DII,-3.21,-5.22,43.49,0.566
JIOFIN,FINANCIAL_SERVICES,241.41,2026-07-13,43.49,42.6,34.6,50.0,50.0,43.81,NEUTRAL,0.9,39.43,NEUTRAL,DOWNTREND,RETAIL,4.88,-0.74,-23.81,0.979
KPIGREEN,POWER,401.35,2026-07-13,42.39,44.64,33.82,50.0,50.0,43.79,NEUTRAL,0.9,39.41,NEUTRAL,DOWNTREND,MIXED,3.32,-2.37,-26.72,1.054
RAILTEL,TELECOM,309.0,2026-07-13,42.52,49.68,32.74,50.0,44.44,43.78,NEUTRAL,0.9,39.4,NEUTRAL,DOWNTREND,DII,2.06,7.7,-23.98,0.566
ITBEES,OTHER,32.16,2026-07-13,36.94,45.3,39.76,50.0,50.0,43.75,NEUTRAL,0.9,39.38,NEUTRAL,DOWNTREND,DII,2.36,-5.99,-20.61,2.174
ADVENZYMES,PHARMA,331.45,2026-07-13,32.33,58.22,32.63,50.0,50.0,43.75,NEUTRAL,0.9,39.38,NEUTRAL,CONSOLIDATING,RETAIL,-10.73,11.37,2.16,0.583
PILANIINVS,FINANCIAL_SERVICES,4459.4,2026-07-13,44.67,49.14,34.6,50.0,38.89,43.75,NEUTRAL,0.9,39.38,NEUTRAL,DOWNTREND,RETAIL,4.96,-3.0,-16.09,1.159
COLPAL,FMCG,2025.0,2026-07-13,32.56,61.74,32.96,50.0,44.44,43.75,NEUTRAL,0.9,39.38,NEUTRAL,DOWNTREND,RETAIL,-1.52,4.43,-15.42,0.356
ADVENTHTL,HOSPITALITY,151.47,2026-07-13,65.49,15.06,36.37,47.98,50.0,43.75,NEUTRAL,0.9,39.38,NEUTRAL,INSUFFICIENT_DATA,MIXED,21.44,-2.33,,0.786
BCLIND,FMCG,37.16,2026-07-13,44.66,50.76,32.96,50.0,38.89,43.74,NEUTRAL,0.9,39.37,NEUTRAL,STRONG_UPTREND,RETAIL,0.05,14.69,-16.02,15.836
ITIETF,OTHER,32.14,2026-07-13,37.01,45.1,39.76,50.0,50.0,43.72,NEUTRAL,0.9,39.35,NEUTRAL,DOWNTREND,DII,2.32,-6.16,-20.48,3.661
ADVANIHOTR,HOSPITALITY,52.86,2026-07-13,35.46,54.58,36.37,50.0,44.44,43.72,NEUTRAL,0.9,39.35,NEUTRAL,DOWNTREND,MIXED,1.6,-0.77,-15.55,0.619
SUPRIYA,PHARMA,845.0,2026-07-13,40.75,55.76,32.63,50.0,38.89,43.7,NEUTRAL,0.9,39.33,NEUTRAL,CONSOLIDATING,RETAIL,-11.28,32.29,18.8,0.439
JUBLPHARMA,PHARMA,972.7,2026-07-13,40.57,55.88,32.63,50.0,38.89,43.68,NEUTRAL,0.9,39.31,NEUTRAL,DOWNTREND,RETAIL,0.86,9.19,-21.05,1.502
TARIL,CAPITAL_GOODS,347.3,2026-07-13,64.22,20.06,32.54,47.98,50.0,43.67,NEUTRAL,0.9,39.3,NEUTRAL,STRONG_UPTREND,RETAIL,12.21,23.4,-32.23,0.351
RELIANCE,ENERGY,1296.9,2026-07-13,41.06,60.92,28.81,47.98,38.89,43.64,NEUTRAL,0.9,39.28,NEUTRAL,DOWNTREND,MIXED,3.03,-3.95,-12.13,0.693
CONCOR,LOGISTICS,463.95,2026-07-13,40.86,50.38,33.47,50.0,44.44,43.65,NEUTRAL,0.9,39.28,NEUTRAL,DOWNTREND,RETAIL,4.14,-4.08,-24.35,1.735
AARTIDRUGS,PHARMA,395.7,2026-07-13,52.89,40.3,32.63,50.0,38.89,43.64,NEUTRAL,0.9,39.28,NEUTRAL,DOWNTREND,RETAIL,6.4,11.43,-24.37,0.597
CONTROLPR,IT,652.1,2026-07-13,48.15,44.58,32.05,47.98,44.44,43.63,NEUTRAL,0.9,39.27,NEUTRAL,DOWNTREND,RETAIL,7.51,0.31,-25.03,0.101
SBFC,FINANCIAL_SERVICES,92.9,2026-07-13,36.01,51.06,34.6,50.0,50.0,43.63,NEUTRAL,0.9,39.27,NEUTRAL,DOWNTREND,RETAIL,1.39,0.24,-19.63,0.877
MINDTECK,IT,209.81,2026-07-13,49.74,36.38,32.05,50.0,50.0,43.62,NEUTRAL,0.9,39.26,NEUTRAL,DOWNTREND,RETAIL,1.47,15.02,,1.081
NEWGEN,IT,590.5,2026-07-13,76.44,13.34,32.05,47.98,38.89,43.62,NEUTRAL,0.9,39.26,NEUTRAL,DOWNTREND,RETAIL,25.34,31.82,-38.66,8.415
ARIES,CHEMICALS,346.35,2026-07-13,46.1,50.62,30.65,50.0,38.89,43.61,NEUTRAL,0.9,39.25,NEUTRAL,DOWNTREND,RETAIL,6.03,-8.84,-7.21,0.512
GOLDBND,OTHER,141.48,2026-07-13,26.98,57.06,39.76,50.0,50.0,43.61,NEUTRAL,0.9,39.25,NEUTRAL,INSUFFICIENT_DATA,DII,-3.32,-5.15,,1.108
SOLARWORLD,INFRASTRUCTURE,213.9,2026-07-13,73.1,10.12,31.01,47.98,50.0,43.6,NEUTRAL,0.9,39.24,NEUTRAL,DOWNTREND,RETAIL,14.41,21.68,,0.396
BLBLIMITED,FINANCIAL_SERVICES,16.05,2026-07-13,42.4,42.86,34.6,50.0,50.0,43.59,NEUTRAL,0.9,39.23,NEUTRAL,INSUFFICIENT_DATA,RETAIL,-0.74,,9.63,0.729
MOGOLD,OTHER,140.2,2026-07-13,24.28,60.22,39.76,50.0,50.0,43.57,NEUTRAL,0.9,39.21,NEUTRAL,DOWNTREND,DII,-3.74,-5.14,,0.579
KALYANIFRG,CAPITAL_GOODS,613.05,2026-07-13,42.8,44.3,32.54,50.0,50.0,43.57,NEUTRAL,0.9,39.21,NEUTRAL,DOWNTREND,RETAIL,2.77,2.74,-14.64,0.723
SAGILITY,IT,42.03,2026-07-13,49.06,45.2,32.05,50.0,38.89,43.55,NEUTRAL,0.9,39.2,NEUTRAL,DOWNTREND,RETAIL,4.71,-0.19,-4.84,0.792
AKASH,INFRASTRUCTURE,27.2,2026-07-13,38.51,51.12,31.01,50.0,50.0,43.55,NEUTRAL,0.9,39.2,NEUTRAL,STRONG_UPTREND,RETAIL,0.93,-2.79,-3.78,0.84
MASTEK,IT,1749.8,2026-07-13,62.55,24.18,32.05,50.0,44.44,43.55,NEUTRAL,0.9,39.2,NEUTRAL,DOWNTREND,RETAIL,10.5,10.37,-29.83,3.951
MOTISONS,FMCG,14.25,2026-07-13,60.87,23.16,32.96,47.98,50.0,43.54,NEUTRAL,0.9,39.19,NEUTRAL,DOWNTREND,RETAIL,15.95,3.19,-37.28,1.026
TATASTEEL,METAL,187.11,2026-07-13,27.95,66.76,36.81,50.0,38.89,43.54,NEUTRAL,0.9,39.19,NEUTRAL,DOWNTREND,DII,-6.12,-9.44,15.24,1.588
DABUR,FMCG,438.9,2026-07-13,39.23,52.14,32.96,50.0,44.44,43.49,NEUTRAL,0.9,39.14,NEUTRAL,DOWNTREND,RETAIL,2.57,0.73,-16.02,0.363
TEAMLEASE,FINANCIAL_SERVICES,1394.0,2026-07-13,40.08,32.76,34.6,50.0,66.67,43.49,NEUTRAL,0.9,39.14,NEUTRAL,DOWNTREND,RETAIL,0.66,17.45,-28.78,0.571
IT,OTHER,32.15,2026-07-13,36.48,44.52,39.76,50.0,50.0,43.48,NEUTRAL,0.9,39.13,NEUTRAL,DOWNTREND,DII,2.75,-5.94,-20.32,0.844
RSDFIN,FINANCIAL_SERVICES,80.0,2026-07-13,36.45,49.68,34.6,50.0,50.0,43.47,NEUTRAL,0.9,39.12,NEUTRAL,INSUFFICIENT_DATA,RETAIL,0.25,,,0.014
FABTECH,HEALTHCARE,158.27,2026-07-13,58.42,20.44,38.35,47.98,50.0,43.46,NEUTRAL,0.9,39.11,NEUTRAL,INSUFFICIENT_DATA,DII,9.3,3.19,,0.442
JSWDULUX,CHEMICALS,2942.1,2026-07-13,26.54,74.28,30.65,50.0,38.89,43.45,NEUTRAL,0.9,39.11,NEUTRAL,INSUFFICIENT_DATA,RETAIL,-7.35,,,0.403
HEIDELBERG,CEMENT,157.08,2026-07-13,47.64,39.76,38.7,50.0,38.89,43.44,NEUTRAL,0.9,39.1,NEUTRAL,DOWNTREND,DII,6.08,2.33,-25.9,0.293
TRUALT,AGRICULTURE,435.45,2026-07-13,26.65,58.64,37.73,50.0,50.0,43.44,NEUTRAL,0.9,39.1,NEUTRAL,CONSOLIDATING,DII,-14.66,4.36,,0.974
EUREKAFORB,FMCG,459.8,2026-07-13,47.22,37.6,32.96,50.0,50.0,43.42,NEUTRAL,0.9,39.08,NEUTRAL,DOWNTREND,RETAIL,6.52,-6.88,-17.72,1.068
CINEVISTA,MEDIA,15.73,2026-07-13,41.15,37.98,40.07,50.0,50.0,43.4,NEUTRAL,0.9,39.06,NEUTRAL,DOWNTREND,RETAIL,0.13,7.81,,0.203
KAMATHOTEL,HOSPITALITY,186.65,2026-07-13,63.9,13.18,36.37,50.0,50.0,43.39,NEUTRAL,0.9,39.05,NEUTRAL,DOWNTREND,MIXED,13.89,10.33,-21.87,0.398
MAHSEAMLES,METAL,591.85,2026-07-13,27.36,60.4,36.81,47.98,50.0,43.38,NEUTRAL,0.9,39.04,NEUTRAL,CONSOLIDATING,DII,-1.13,-5.02,-16.99,0.262
SILGO,FMCG,74.4,2026-07-13,34.44,70.06,32.96,50.0,27.78,43.38,NEUTRAL,0.9,39.04,NEUTRAL,INSUFFICIENT_DATA,RETAIL,-0.04,-1.01,,0.673
MRPL,CHEMICALS,164.74,2026-07-13,41.35,55.18,30.65,50.0,38.89,43.34,NEUTRAL,0.9,39.01,NEUTRAL,DOWNTREND,RETAIL,0.68,-5.66,10.41,3.155
DIAMINESQ,CHEMICALS,270.61,2026-07-13,55.33,29.24,30.65,50.0,50.0,43.31,NEUTRAL,0.9,38.98,NEUTRAL,STRONG_UPTREND,RETAIL,9.24,5.34,-32.48,0.682
OBCL,LOGISTICS,53.62,2026-07-13,24.02,65.4,33.47,50.0,50.0,43.28,NEUTRAL,0.9,38.95,NEUTRAL,DOWNTREND,RETAIL,-6.54,-3.32,0.24,0.527
ZEEL,MEDIA,101.33,2026-07-13,40.0,40.84,40.07,47.98,50.0,43.28,NEUTRAL,0.9,38.95,NEUTRAL,UPTREND,RETAIL,-1.55,23.66,-28.43,0.635
SWARAJENG,CAPITAL_GOODS,3789.6,2026-07-13,30.32,66.76,32.54,50.0,38.89,43.27,NEUTRAL,0.9,38.94,NEUTRAL,CONSOLIDATING,RETAIL,0.31,-3.73,-12.89,0.386
PCJEWELLER,FMCG,9.92,2026-07-13,63.23,18.8,32.96,47.98,50.0,43.26,NEUTRAL,0.9,38.93,NEUTRAL,DOWNTREND,RETAIL,14.68,8.18,-41.06,1.817
RHETAN,METAL,26.58,2026-07-13,23.87,64.02,36.81,47.98,50.0,43.23,NEUTRAL,0.9,38.91,NEUTRAL,CONSOLIDATING,DII,-13.79,4.19,,0.342
HITECH,METAL,89.12,2026-07-13,48.23,39.8,36.81,50.0,38.89,43.21,NEUTRAL,0.9,38.89,NEUTRAL,DOWNTREND,DII,2.55,3.18,-6.69,0.82
UTKARSHBNK,BANKING,15.2,2026-07-13,68.24,27.2,32.71,50.0,27.78,43.21,NEUTRAL,0.9,38.89,NEUTRAL,STRONG_UPTREND,MIXED,21.21,12.59,-34.14,0.861
SHANTIGOLD,CAPITAL_GOODS,212.82,2026-07-13,34.18,55.28,32.54,47.98,50.0,43.2,NEUTRAL,0.9,38.88,NEUTRAL,CONSOLIDATING,RETAIL,-4.65,16.55,,0.351
CESC,POWER,161.92,2026-07-13,35.62,58.36,33.82,50.0,38.89,43.17,NEUTRAL,0.9,38.85,NEUTRAL,DOWNTREND,MIXED,-3.73,2.79,-9.41,1.463
BONLON,CHEMICALS,41.5,2026-07-13,41.66,45.62,30.65,50.0,50.0,43.17,NEUTRAL,0.9,38.85,NEUTRAL,INSUFFICIENT_DATA,RETAIL,0.83,,,0.585
WENDT,CAPITAL_GOODS,7819.5,2026-07-13,63.63,20.4,32.54,50.0,44.44,43.16,NEUTRAL,0.9,38.84,NEUTRAL,UPTREND,RETAIL,15.54,13.36,-30.52,0.19
SAGARDEEP,METAL,24.03,2026-07-13,30.98,52.66,36.81,50.0,50.0,43.14,NEUTRAL,0.9,38.83,NEUTRAL,DOWNTREND,DII,-3.18,3.94,-19.79,0.66
WCIL,LOGISTICS,96.47,2026-07-13,50.95,31.0,33.47,50.0,50.0,43.13,NEUTRAL,0.9,38.82,NEUTRAL,DOWNTREND,RETAIL,4.81,2.67,-14.42,1.451
PRAJIND,CAPITAL_GOODS,357.35,2026-07-13,42.95,41.8,32.54,50.0,50.0,43.11,NEUTRAL,0.9,38.8,NEUTRAL,CONSOLIDATING,RETAIL,3.96,5.68,-28.45,0.515
JAYSREETEA,FMCG,84.54,2026-07-13,38.85,46.46,32.96,50.0,50.0,43.1,NEUTRAL,0.9,38.79,NEUTRAL,DOWNTREND,RETAIL,2.2,1.27,-25.28,0.957
ITI,TELECOM,290.55,2026-07-13,31.53,55.86,32.74,50.0,50.0,43.1,NEUTRAL,0.9,38.79,NEUTRAL,DOWNTREND,DII,-1.09,-0.65,-8.05,0.391
ATUL,CHEMICALS,6264.0,2026-07-13,24.89,74.48,30.65,50.0,38.89,43.08,NEUTRAL,0.9,38.77,NEUTRAL,DOWNTREND,RETAIL,-5.68,-2.88,-9.76,1.466
HATSUN,FMCG,901.9,2026-07-13,40.13,53.0,32.96,50.0,38.89,43.06,NEUTRAL,0.9,38.75,NEUTRAL,DOWNTREND,RETAIL,1.1,-2.43,-4.96,3.588
NORBTEAEXP,TEXTILES,71.35,2026-07-13,25.59,58.56,37.16,50.0,50.0,43.04,NEUTRAL,0.9,38.74,NEUTRAL,INSUFFICIENT_DATA,RETAIL,-6.98,,,0.004
SARDAEN,METAL,500.05,2026-07-13,27.7,56.32,36.81,50.0,50.0,43.05,NEUTRAL,0.9,38.74,NEUTRAL,DOWNTREND,DII,-4.63,-9.84,12.88,0.633
GENCON,REALTY,41.35,2026-07-13,45.27,37.92,33.21,50.0,50.0,43.04,NEUTRAL,0.9,38.74,NEUTRAL,DOWNTREND,RETAIL,5.14,-4.22,,0.676
LINCOLN,PHARMA,610.45,2026-07-13,35.84,58.56,32.63,50.0,38.89,43.03,NEUTRAL,0.9,38.73,NEUTRAL,CONSOLIDATING,RETAIL,-3.61,5.6,9.13,0.475
HBLENGINE,CAPITAL_GOODS,766.2,2026-07-13,50.17,36.58,32.54,50.0,44.44,43.03,NEUTRAL,0.9,38.73,NEUTRAL,DOWNTREND,RETAIL,1.62,4.87,27.2,0.626
ANUHPHR,PHARMA,78.77,2026-07-13,39.0,46.28,32.63,50.0,50.0,43.03,NEUTRAL,0.9,38.73,NEUTRAL,UPTREND,RETAIL,3.82,-1.23,-16.5,0.521
PARASPETRO,FINANCIAL_SERVICES,2.03,2026-07-13,53.78,25.7,34.6,50.0,50.0,43.0,NEUTRAL,0.9,38.7,NEUTRAL,INSUFFICIENT_DATA,RETAIL,7.41,,-21.01,0.553
DOLLAR,CHEMICALS,268.9,2026-07-13,52.73,30.92,30.65,50.0,50.0,43.0,NEUTRAL,0.9,38.7,NEUTRAL,DOWNTREND,RETAIL,8.14,5.21,-32.58,0.48
VEEDOL,ENERGY,1449.9,2026-07-13,44.87,42.5,28.81,50.0,50.0,42.98,NEUTRAL,0.9,38.68,NEUTRAL,DOWNTREND,MIXED,1.51,4.95,-14.32,1.229
JKIL,INFRASTRUCTURE,506.25,2026-07-13,56.96,33.5,31.01,50.0,38.89,42.98,NEUTRAL,0.9,38.68,NEUTRAL,DOWNTREND,RETAIL,7.95,7.58,-30.96,1.235
PVP,REALTY,29.49,2026-07-13,26.96,60.48,33.21,50.0,50.0,42.98,NEUTRAL,0.9,38.68,NEUTRAL,INSUFFICIENT_DATA,RETAIL,-9.57,-10.66,41.78,3.328
DIGJAMLMTD,TEXTILES,44.09,2026-07-13,29.21,53.74,37.16,50.0,50.0,42.98,NEUTRAL,0.9,38.68,NEUTRAL,INSUFFICIENT_DATA,RETAIL,-1.8,-2.76,,0.572
ONGC,ENERGY,248.45,2026-07-13,29.57,61.6,28.81,50.0,50.0,42.97,NEUTRAL,0.9,38.67,NEUTRAL,DOWNTREND,MIXED,-1.37,-13.28,0.87,0.723
E2E,IT,386.95,2026-07-13,27.61,64.88,32.05,50.0,44.44,42.95,NEUTRAL,0.9,38.66,NEUTRAL,INSUFFICIENT_DATA,RETAIL,-0.37,,-83.98,0.415
IREDA,ENERGY,124.81,2026-07-13,43.15,52.82,28.81,50.0,38.89,42.95,NEUTRAL,0.9,38.66,NEUTRAL,DOWNTREND,MIXED,3.51,0.88,-20.7,0.734
HCLTECH,IT,1221.2,2026-07-13,46.36,37.2,32.05,50.0,50.0,42.94,NEUTRAL,0.9,38.65,NEUTRAL,DOWNTREND,RETAIL,7.87,-15.85,-21.15,1.942
NTPCGREEN,POWER,94.55,2026-07-13,28.5,57.64,33.82,50.0,50.0,42.92,NEUTRAL,0.9,38.63,NEUTRAL,DOWNTREND,MIXED,-3.83,-2.7,-14.56,0.826
DODLA,FMCG,1110.6,2026-07-13,43.46,48.08,32.96,50.0,38.89,42.91,NEUTRAL,0.9,38.62,NEUTRAL,DOWNTREND,RETAIL,3.63,2.66,-23.39,0.844
TOTAL,LOGISTICS,54.0,2026-07-13,56.52,22.88,33.47,50.0,50.0,42.9,NEUTRAL,0.9,38.61,NEUTRAL,DOWNTREND,RETAIL,11.18,2.56,-33.42,1.131
DAMCAPITAL,FINANCIAL_SERVICES,161.97,2026-07-13,63.3,13.26,34.6,50.0,50.0,42.9,NEUTRAL,0.9,38.61,NEUTRAL,DOWNTREND,RETAIL,12.02,12.05,-34.4,7.378
ARIHANTCAP,FINANCIAL_SERVICES,73.95,2026-07-13,61.98,23.24,34.6,50.0,38.89,42.9,NEUTRAL,0.9,38.61,NEUTRAL,DOWNTREND,RETAIL,15.8,2.04,-14.54,0.239
ATLASCYCLE,FINANCIAL_SERVICES,97.89,2026-07-13,33.35,50.6,34.6,50.0,50.0,42.88,NEUTRAL,0.9,38.59,NEUTRAL,DOWNTREND,RETAIL,0.51,-5.02,,0.878
CASTROLIND,ENERGY,183.58,2026-07-13,37.93,58.94,28.81,50.0,38.89,42.87,NEUTRAL,0.9,38.58,NEUTRAL,DOWNTREND,MIXED,0.54,2.32,-17.12,0.674
BBNPPGOLD,OTHER,136.6,2026-07-13,30.82,48.44,39.76,50.0,50.0,42.84,NEUTRAL,0.9,38.56,NEUTRAL,DOWNTREND,DII,-3.84,-5.34,42.59,0.274
EMAMILTD,FMCG,427.25,2026-07-13,50.55,34.74,32.96,50.0,44.44,42.84,NEUTRAL,0.9,38.56,NEUTRAL,DOWNTREND,RETAIL,8.21,0.73,-27.79,0.561
ABMKNO,IT,205.1,2026-07-13,26.91,60.92,32.05,50.0,50.0,42.82,NEUTRAL,0.9,38.54,NEUTRAL,INSUFFICIENT_DATA,RETAIL,-6.58,,,0.38
FIBERWEB,TEXTILES,31.23,2026-07-13,56.74,18.52,37.16,50.0,50.0,42.82,NEUTRAL,0.9,38.54,NEUTRAL,INSUFFICIENT_DATA,RETAIL,11.58,,-37.6,0.686
SAIL,METAL,167.01,2026-07-13,31.05,59.28,36.81,50.0,38.89,42.81,NEUTRAL,0.9,38.53,NEUTRAL,CONSOLIDATING,DII,-8.09,0.6,22.4,0.606
GICRE,FINANCIAL_SERVICES,364.85,2026-07-13,20.48,74.6,34.6,50.0,38.89,42.79,NEUTRAL,0.9,38.51,NEUTRAL,DOWNTREND,RETAIL,-4.0,-8.24,-4.61,0.164
BRIGHOTEL,HOSPITALITY,64.01,2026-07-13,40.4,39.5,36.37,50.0,50.0,42.77,NEUTRAL,0.9,38.49,NEUTRAL,DOWNTREND,MIXED,2.17,1.41,,0.566
FRONTSP,AUTO,1429.5,2026-07-13,30.9,52.96,34.67,50.0,50.0,42.75,NEUTRAL,0.9,38.48,NEUTRAL,INSUFFICIENT_DATA,RETAIL,-3.2,,,0.53
ALLDIGI,IT,832.85,2026-07-13,39.12,53.66,32.05,50.0,38.89,42.76,NEUTRAL,0.9,38.48,NEUTRAL,STRONG_UPTREND,RETAIL,0.76,0.77,-12.72,1.708
ELECTCAST,METAL,77.81,2026-07-13,47.55,29.9,36.81,50.0,50.0,42.73,NEUTRAL,0.9,38.46,NEUTRAL,DOWNTREND,DII,9.99,-5.88,-33.02,0.471
PFS,FINANCIAL_SERVICES,31.03,2026-07-13,38.54,43.32,34.6,50.0,50.0,42.72,NEUTRAL,0.9,38.45,NEUTRAL,DOWNTREND,RETAIL,1.34,6.67,-24.99,0.659
ROSSARI,CHEMICALS,528.5,2026-07-13,47.98,43.8,30.65,50.0,38.89,42.72,NEUTRAL,0.9,38.45,NEUTRAL,DOWNTREND,RETAIL,3.55,16.55,-28.9,0.559
WEALTH,FINANCIAL_SERVICES,958.5,2026-07-13,45.93,38.24,34.6,50.0,44.44,42.72,NEUTRAL,0.9,38.45,NEUTRAL,DOWNTREND,RETAIL,4.67,2.07,-21.39,0.959
UCOBANK,BANKING,26.47,2026-07-13,37.5,54.8,32.71,50.0,38.89,42.71,NEUTRAL,0.9,38.44,NEUTRAL,DOWNTREND,MIXED,2.8,0.84,-17.62,0.384
IOC,CHEMICALS,139.95,2026-07-13,41.11,48.12,30.65,50.0,44.44,42.7,NEUTRAL,0.9,38.43,NEUTRAL,DOWNTREND,RETAIL,2.24,-2.11,-6.74,0.778
GRAPHITE,CAPITAL_GOODS,626.5,2026-07-13,36.5,56.16,32.54,50.0,38.89,42.7,NEUTRAL,0.9,38.43,NEUTRAL,DOWNTREND,RETAIL,-1.66,-1.92,8.18,1.449
BSL,TEXTILES,128.39,2026-07-13,52.22,23.46,37.16,50.0,50.0,42.68,NEUTRAL,0.9,38.41,NEUTRAL,DOWNTREND,RETAIL,4.45,9.6,,0.329
GKENERGY,INFRASTRUCTURE,143.23,2026-07-13,60.22,19.56,31.01,50.0,50.0,42.67,NEUTRAL,0.9,38.4,NEUTRAL,UPTREND,RETAIL,4.54,23.43,,0.752
SIGIND,MEDIA,47.47,2026-07-13,32.67,53.26,40.07,50.0,38.89,42.67,NEUTRAL,0.9,38.4,NEUTRAL,DOWNTREND,RETAIL,-1.35,-4.56,,1.273
CEINSYS,IT,939.75,2026-07-13,34.69,50.38,32.05,50.0,50.0,42.66,NEUTRAL,0.9,38.39,NEUTRAL,INSUFFICIENT_DATA,RETAIL,2.06,-14.67,,0.91
AKG,OTHER,10.83,2026-07-13,33.79,43.72,39.76,50.0,50.0,42.64,NEUTRAL,0.9,38.38,NEUTRAL,DOWNTREND,DII,1.4,-3.3,-20.83,0.605
GOLDADD,OTHER,137.43,2026-07-13,27.22,51.86,39.76,50.0,50.0,42.63,NEUTRAL,0.9,38.37,NEUTRAL,INSUFFICIENT_DATA,DII,-3.61,-5.17,,2.704
KOTARISUG,FMCG,25.83,2026-07-13,44.49,37.1,32.96,50.0,50.0,42.63,NEUTRAL,0.9,38.37,NEUTRAL,DOWNTREND,RETAIL,4.49,3.65,-30.55,0.721
MANAKSIA,METAL,58.44,2026-07-13,41.76,36.54,36.81,50.0,50.0,42.61,NEUTRAL,0.9,38.35,NEUTRAL,DOWNTREND,DII,1.42,4.47,-21.86,0.731
LOYALTEX,OTHER,210.0,2026-07-13,47.79,25.76,39.76,50.0,50.0,42.55,NEUTRAL,0.9,38.3,NEUTRAL,INSUFFICIENT_DATA,DII,,,,0.178
GMBREW,FMCG,916.95,2026-07-13,49.97,38.02,32.96,50.0,38.89,42.52,NEUTRAL,0.9,38.27,NEUTRAL,DOWNTREND,RETAIL,4.22,-7.74,26.14,1.238
BANSWRAS,TEXTILES,119.11,2026-07-13,27.38,53.7,37.16,50.0,50.0,42.52,NEUTRAL,0.9,38.27,NEUTRAL,CONSOLIDATING,RETAIL,-7.87,5.82,-18.4,1.734
GHCL,CHEMICALS,445.7,2026-07-13,35.05,33.6,30.65,50.0,72.22,42.45,NEUTRAL,0.9,38.21,NEUTRAL,DOWNTREND,RETAIL,2.94,-6.22,-26.36,0.942
RUSTOMJEE,REALTY,419.3,2026-07-13,52.68,25.54,33.21,50.0,50.0,42.42,NEUTRAL,0.9,38.18,NEUTRAL,DOWNTREND,RETAIL,10.04,3.66,-33.93,0.342
ZENSARTECH,FMCG,540.2,2026-07-13,58.78,24.34,32.96,47.98,44.44,42.42,NEUTRAL,0.9,38.18,NEUTRAL,DOWNTREND,RETAIL,18.14,-2.98,-34.63,3.567
BERGEPAINT,CHEMICALS,492.95,2026-07-13,29.17,65.82,30.65,50.0,38.89,42.42,NEUTRAL,0.9,38.18,NEUTRAL,DOWNTREND,RETAIL,-4.6,8.58,-14.54,0.14
SRTL,TEXTILES,40.72,2026-07-13,27.91,52.5,37.16,50.0,50.0,42.41,NEUTRAL,0.9,38.17,NEUTRAL,INSUFFICIENT_DATA,RETAIL,-1.52,-10.98,,1.953
SHALBY,HEALTHCARE,170.77,2026-07-13,49.45,24.34,38.35,50.0,50.0,42.4,NEUTRAL,0.9,38.16,NEUTRAL,DOWNTREND,DII,2.95,10.97,-12.74,0.976
DCI,OTHER,277.7,2026-07-13,54.21,16.92,39.76,50.0,50.0,42.39,NEUTRAL,0.9,38.15,NEUTRAL,INSUFFICIENT_DATA,DII,,,1.63,1.0
VENTIVE,HOSPITALITY,621.8,2026-07-13,31.74,48.36,36.37,50.0,50.0,42.38,NEUTRAL,0.9,38.14,NEUTRAL,DOWNTREND,MIXED,0.48,2.19,-24.69,0.444
SURAKSHA,HEALTHCARE,260.95,2026-07-13,23.33,56.72,38.35,50.0,50.0,42.35,NEUTRAL,0.9,38.12,NEUTRAL,DOWNTREND,DII,-3.64,-5.16,-18.4,1.88
BALUFORGE,CAPITAL_GOODS,467.5,2026-07-13,52.76,34.14,32.54,50.0,38.89,42.36,NEUTRAL,0.9,38.12,NEUTRAL,DOWNTREND,RETAIL,6.36,0.14,,0.983
NUVOCO,CEMENT,316.55,2026-07-13,42.39,32.58,38.7,50.0,50.0,42.35,NEUTRAL,0.9,38.12,NEUTRAL,DOWNTREND,DII,2.21,1.54,-18.35,2.824
TEGA,FINANCIAL_SERVICES,1707.9,2026-07-13,29.75,60.74,34.6,50.0,38.89,42.34,NEUTRAL,0.9,38.11,NEUTRAL,DOWNTREND,RETAIL,-1.78,-1.15,-11.87,0.867
GROWWRAIL,OTHER,28.88,2026-07-13,26.43,51.36,39.76,50.0,50.0,42.33,NEUTRAL,0.9,38.1,NEUTRAL,DOWNTREND,DII,-0.28,-6.78,-23.5,0.678
SANOFICONR,PHARMA,4588.0,2026-07-13,26.66,66.48,32.63,50.0,38.89,42.32,NEUTRAL,0.9,38.09,NEUTRAL,CONSOLIDATING,RETAIL,-1.86,-0.67,-9.87,0.148
SYNCOMF,PHARMA,13.94,2026-07-13,33.84,49.1,32.63,50.0,50.0,42.31,NEUTRAL,0.9,38.08,NEUTRAL,DOWNTREND,RETAIL,-1.27,2.8,,0.758
EMKAY,FINANCIAL_SERVICES,264.75,2026-07-13,48.19,29.18,34.6,50.0,50.0,42.3,NEUTRAL,0.9,38.07,NEUTRAL,INSUFFICIENT_DATA,RETAIL,0.06,22.0,2.61,0.45
DEEPINDS,ENERGY,462.7,2026-07-13,27.9,60.1,28.81,50.0,50.0,42.26,NEUTRAL,0.9,38.03,NEUTRAL,CONSOLIDATING,MIXED,-7.0,1.23,-3.06,1.0
CYIENT,IT,867.4,2026-07-13,33.2,33.28,32.05,50.0,72.22,42.2,NEUTRAL,0.9,37.98,NEUTRAL,DOWNTREND,RETAIL,2.18,-4.68,-32.16,1.116
ASHOKA,INFRASTRUCTURE,132.16,2026-07-13,56.7,23.22,31.01,47.98,50.0,42.12,NEUTRAL,0.9,37.91,NEUTRAL,DOWNTREND,RETAIL,12.18,5.84,-35.94,0.277
VSTIND,FMCG,241.05,2026-07-13,28.31,63.06,32.96,50.0,38.89,42.12,NEUTRAL,0.9,37.91,NEUTRAL,DOWNTREND,RETAIL,-6.21,5.42,-17.67,1.331
HUBTOWN,REALTY,210.17,2026-07-13,59.84,14.94,33.21,50.0,50.0,42.09,NEUTRAL,0.9,37.88,NEUTRAL,DOWNTREND,RETAIL,11.11,5.33,-28.13,1.395
AONEGOLD,OTHER,13.25,2026-07-13,26.9,49.46,39.76,50.0,50.0,42.07,NEUTRAL,0.9,37.86,NEUTRAL,DOWNTREND,DII,-3.36,-5.09,,1.046
JINDALSTEL,METAL,1028.8,2026-07-13,22.78,57.52,36.81,50.0,50.0,42.06,NEUTRAL,0.9,37.85,NEUTRAL,DOWNTREND,DII,-8.23,-15.62,7.49,1.264
DALBHARAT,FMCG,1757.1,2026-07-13,42.53,40.78,32.96,50.0,44.44,42.05,NEUTRAL,0.9,37.84,NEUTRAL,DOWNTREND,RETAIL,7.28,-10.75,-21.97,0.238
BEDMUTHA,METAL,109.98,2026-07-13,41.96,33.38,36.81,50.0,50.0,42.03,NEUTRAL,0.9,37.83,NEUTRAL,INSUFFICIENT_DATA,DII,1.74,,-25.25,0.767
PRIMO,CHEMICALS,23.8,2026-07-13,32.24,51.64,30.65,50.0,50.0,42.02,NEUTRAL,0.9,37.82,NEUTRAL,CONSOLIDATING,RETAIL,-1.9,3.61,-10.43,0.267
BOMDYEING,TEXTILES,129.13,2026-07-13,49.99,31.26,37.16,50.0,38.89,42.02,NEUTRAL,0.9,37.82,NEUTRAL,UPTREND,RETAIL,3.43,18.95,-23.29,0.544
SWELECTES,CAPITAL_GOODS,640.85,2026-07-13,53.66,31.18,32.54,50.0,38.89,41.99,NEUTRAL,0.9,37.79,NEUTRAL,CONSOLIDATING,RETAIL,2.1,9.83,9.05,1.25
GMDCLTD,REALTY,589.55,2026-07-13,35.79,52.76,33.21,50.0,38.89,41.97,NEUTRAL,0.9,37.77,NEUTRAL,DOWNTREND,RETAIL,-2.44,-2.25,35.44,0.563
LUXIND,TEXTILES,1309.0,2026-07-13,39.96,43.58,37.16,50.0,38.89,41.97,NEUTRAL,0.9,37.77,NEUTRAL,CONSOLIDATING,RETAIL,1.79,-2.82,-10.46,1.772
VOLTAMP,CAPITAL_GOODS,9471.0,2026-07-13,33.95,47.26,32.54,50.0,50.0,41.95,NEUTRAL,0.9,37.76,NEUTRAL,CONSOLIDATING,RETAIL,-2.9,1.71,-0.81,1.075
GROBTEA,FMCG,911.2,2026-07-13,33.54,47.42,32.96,50.0,50.0,41.96,NEUTRAL,0.9,37.76,NEUTRAL,DOWNTREND,RETAIL,-1.64,4.74,,0.083
VMM,RETAIL,116.21,2026-07-13,29.84,47.48,37.54,50.0,50.0,41.96,NEUTRAL,0.9,37.76,NEUTRAL,DOWNTREND,RETAIL,-2.21,1.49,-15.83,0.796
WAKEFIT,REALTY,133.04,2026-07-13,56.06,18.78,33.21,50.0,50.0,41.91,NEUTRAL,0.9,37.72,NEUTRAL,INSUFFICIENT_DATA,RETAIL,12.63,-13.08,,2.095
SAATVIKGL,CAPITAL_GOODS,449.25,2026-07-13,24.79,58.46,32.54,50.0,50.0,41.9,NEUTRAL,0.9,37.71,NEUTRAL,CONSOLIDATING,RETAIL,-4.07,-2.68,,0.595
SCILAL,FINANCIAL_SERVICES,43.37,2026-07-13,30.33,57.7,34.6,50.0,38.89,41.88,NEUTRAL,0.9,37.69,NEUTRAL,DOWNTREND,RETAIL,-1.57,2.12,-18.83,0.718
SUNTV,MEDIA,499.5,2026-07-13,24.34,51.2,40.07,50.0,50.0,41.84,NEUTRAL,0.9,37.66,NEUTRAL,DOWNTREND,RETAIL,-1.29,-16.49,-13.24,0.43
XCHANGING,IT,66.04,2026-07-13,49.1,28.24,32.05,50.0,50.0,41.83,NEUTRAL,0.9,37.65,NEUTRAL,DOWNTREND,RETAIL,4.79,5.43,-30.32,2.779
SHANTI,FMCG,7.08,2026-07-13,58.53,15.5,32.96,50.0,50.0,41.82,NEUTRAL,0.9,37.64,NEUTRAL,DOWNTREND,RETAIL,9.43,-2.07,,4.098
VSTTILLERS,AUTO,4673.0,2026-07-13,38.92,46.62,34.67,50.0,38.89,41.82,NEUTRAL,0.9,37.64,NEUTRAL,DOWNTREND,RETAIL,3.13,-10.84,10.71,0.447
ACCELYA,IT,1130.9,2026-07-13,36.5,48.12,32.05,50.0,44.44,41.82,NEUTRAL,0.9,37.64,NEUTRAL,DOWNTREND,RETAIL,0.96,-0.78,-19.42,1.786
BAJAJHCARE,PHARMA,343.15,2026-07-13,57.14,27.58,32.63,47.98,38.89,41.76,NEUTRAL,0.9,37.58,NEUTRAL,DOWNTREND,RETAIL,17.86,1.64,-34.4,0.166
TATAPOWER,POWER,377.85,2026-07-13,26.58,62.56,33.82,50.0,38.89,41.75,NEUTRAL,0.9,37.58,NEUTRAL,DOWNTREND,MIXED,-4.28,-5.38,-7.37,0.564
SURANAT&P,POWER,18.58,2026-07-13,48.25,26.96,33.82,50.0,50.0,41.72,NEUTRAL,0.9,37.55,NEUTRAL,DOWNTREND,MIXED,2.82,1.14,-2.42,0.455
APOLSINHOT,HOSPITALITY,1219.7,2026-07-13,27.7,58.4,36.37,50.0,38.89,41.71,NEUTRAL,0.9,37.54,NEUTRAL,DOWNTREND,MIXED,-7.84,14.23,-18.58,0.41
GPIL,METAL,256.35,2026-07-13,25.87,60.22,36.81,50.0,38.89,41.71,NEUTRAL,0.9,37.54,NEUTRAL,DOWNTREND,DII,-7.49,-11.47,33.46,0.675
MEDPLUS,PHARMA,821.75,2026-07-13,21.99,60.78,32.63,50.0,50.0,41.68,NEUTRAL,0.9,37.51,NEUTRAL,DOWNTREND,RETAIL,-4.39,-5.2,-8.74,0.581
KOKUYOCMLN,FMCG,86.73,2026-07-13,41.75,35.52,32.96,50.0,50.0,41.63,NEUTRAL,0.9,37.47,NEUTRAL,DOWNTREND,RETAIL,3.41,1.6,-27.1,1.084
KOHINOOR,AGRICULTURE,24.32,2026-07-13,40.43,32.2,37.73,50.0,50.0,41.59,NEUTRAL,0.9,37.43,NEUTRAL,DOWNTREND,DII,3.4,-1.42,-33.0,0.951
PRINCEPIPE,CAPITAL_GOODS,270.6,2026-07-13,36.06,51.18,32.54,50.0,38.89,41.59,NEUTRAL,0.9,37.43,NEUTRAL,UPTREND,RETAIL,-0.61,12.83,-22.27,0.362
GEEKAYWIRE,METAL,24.76,2026-07-13,49.2,21.9,36.81,50.0,50.0,41.54,NEUTRAL,0.9,37.39,NEUTRAL,DOWNTREND,DII,11.63,-2.44,-65.86,0.537
SUMMITSEC,FINANCIAL_SERVICES,1572.0,2026-07-13,47.64,26.02,34.6,50.0,50.0,41.53,NEUTRAL,0.9,37.38,NEUTRAL,DOWNTREND,RETAIL,6.86,-4.1,-24.32,2.751
EXPLEOSOL,IT,823.05,2026-07-13,44.88,32.02,32.05,50.0,50.0,41.53,NEUTRAL,0.9,37.38,NEUTRAL,DOWNTREND,RETAIL,3.74,8.93,-31.93,0.664
INDBANK,FINANCIAL_SERVICES,33.32,2026-07-13,35.32,41.34,34.6,50.0,50.0,41.52,NEUTRAL,0.9,37.37,NEUTRAL,DOWNTREND,RETAIL,-0.21,0.73,-4.36,0.644
TRIGYN,IT,58.89,2026-07-13,58.44,15.02,32.05,50.0,50.0,41.52,NEUTRAL,0.9,37.37,NEUTRAL,DOWNTREND,RETAIL,7.21,10.43,-28.25,7.958
PML,FINANCIAL_SERVICES,477.05,2026-07-13,30.08,47.92,34.6,50.0,50.0,41.52,NEUTRAL,0.9,37.37,NEUTRAL,INSUFFICIENT_DATA,RETAIL,-5.9,,,1.116
AMBUJACEM,CEMENT,432.15,2026-07-13,41.1,38.3,38.7,50.0,38.89,41.51,NEUTRAL,0.9,37.36,NEUTRAL,DOWNTREND,DII,5.45,-2.93,-27.58,0.251
NARMADA,AGRICULTURE,34.36,2026-07-13,25.73,52.14,37.73,47.98,50.0,41.5,NEUTRAL,0.9,37.35,NEUTRAL,INSUFFICIENT_DATA,DII,-21.12,-3.65,61.54,0.135
EMBDL,REALTY,66.93,2026-07-13,60.43,11.08,33.21,50.0,50.0,41.47,NEUTRAL,0.9,37.32,NEUTRAL,INSUFFICIENT_DATA,RETAIL,15.0,,-43.74,1.419
HINDUNILVR,FMCG,2130.6,2026-07-13,30.49,54.96,32.96,47.98,44.44,41.47,NEUTRAL,0.9,37.32,NEUTRAL,DOWNTREND,RETAIL,-1.79,-1.15,-14.42,1.131
KRISHANA,CHEMICALS,139.0,2026-07-13,5.24,82.54,30.65,50.0,50.0,41.45,NEUTRAL,0.9,37.31,NEUTRAL,STRONG_UPTREND,RETAIL,-79.11,-75.71,-71.42,1.922
FINOPB,BANKING,161.33,2026-07-13,71.27,0.0,32.71,47.98,50.0,41.46,NEUTRAL,0.9,37.31,NEUTRAL,DOWNTREND,MIXED,21.32,19.29,-42.47,14.159
INTERARCH,INFRASTRUCTURE,1834.5,2026-07-13,51.36,32.8,31.01,50.0,38.89,41.44,NEUTRAL,0.9,37.3,NEUTRAL,DOWNTREND,RETAIL,8.96,-6.64,,0.386
INDTERRAIN,TEXTILES,31.8,2026-07-13,29.67,45.38,37.16,50.0,50.0,41.43,NEUTRAL,0.9,37.29,NEUTRAL,DOWNTREND,RETAIL,0.32,-3.08,-17.42,0.202
OMINFRAL,INFRASTRUCTURE,91.15,2026-07-13,56.3,26.6,31.01,50.0,38.89,41.43,NEUTRAL,0.9,37.29,NEUTRAL,DOWNTREND,RETAIL,12.02,0.15,-28.14,0.917
BLUEDART,LOGISTICS,4945.6,2026-07-13,36.4,40.58,33.47,50.0,50.0,41.41,NEUTRAL,0.9,37.27,NEUTRAL,DOWNTREND,RETAIL,3.97,-4.35,-27.87,0.471
SALONA,TEXTILES,255.4,2026-07-13,24.88,59.62,37.16,50.0,38.89,41.41,NEUTRAL,0.9,37.27,NEUTRAL,DOWNTREND,RETAIL,-4.22,-7.71,-4.38,1.121
NELCAST,CAPITAL_GOODS,135.08,2026-07-13,36.72,49.34,32.54,50.0,38.89,41.39,NEUTRAL,0.9,37.25,NEUTRAL,CONSOLIDATING,RETAIL,-1.93,9.48,-8.74,0.596
TWCGOLDETF,OTHER,140.77,2026-07-13,23.85,49.78,39.76,50.0,50.0,41.37,NEUTRAL,0.9,37.23,NEUTRAL,INSUFFICIENT_DATA,DII,-3.54,-5.26,,0.409
ALBERTDAVD,PHARMA,702.3,2026-07-13,28.84,50.5,32.63,50.0,50.0,41.34,NEUTRAL,0.9,37.21,NEUTRAL,DOWNTREND,RETAIL,0.27,-4.06,-24.75,1.769
DGCONTENT,MEDIA,26.0,2026-07-13,38.16,31.42,40.07,50.0,50.0,41.34,NEUTRAL,0.9,37.21,NEUTRAL,INSUFFICIENT_DATA,RETAIL,1.84,-10.38,,2.026
CANBK,BANKING,129.33,2026-07-13,28.73,58.8,32.71,50.0,38.89,41.32,NEUTRAL,0.9,37.19,NEUTRAL,DOWNTREND,MIXED,-3.09,-7.72,13.0,0.618
DSSL,IT,1287.2,2026-07-13,42.66,33.74,32.05,50.0,50.0,41.32,NEUTRAL,0.9,37.19,NEUTRAL,CONSOLIDATING,RETAIL,-6.37,21.99,22.79,0.597
GUJALKALI,CHEMICALS,610.5,2026-07-13,37.53,49.82,30.65,50.0,38.89,41.31,NEUTRAL,0.9,37.18,NEUTRAL,CONSOLIDATING,RETAIL,-1.48,-1.21,3.46,4.392
FRACTAL,IT,854.0,2026-07-13,27.31,52.78,32.05,50.0,50.0,41.29,NEUTRAL,0.9,37.16,NEUTRAL,INSUFFICIENT_DATA,RETAIL,-8.19,2.99,,1.277
RENUKA,FMCG,23.07,2026-07-13,38.48,37.74,32.96,50.0,50.0,41.26,NEUTRAL,0.9,37.13,NEUTRAL,DOWNTREND,RETAIL,5.63,-15.49,-27.79,0.759
AAATECH,IT,95.04,2026-07-13,37.59,39.76,32.05,50.0,50.0,41.26,NEUTRAL,0.9,37.13,NEUTRAL,INSUFFICIENT_DATA,RETAIL,0.35,-3.04,0.26,0.896
PNB,BANKING,106.34,2026-07-13,29.61,57.36,32.71,50.0,38.89,41.25,NEUTRAL,0.9,37.12,NEUTRAL,DOWNTREND,MIXED,-0.77,-4.88,-6.18,0.664
REPRO,MEDIA,369.7,2026-07-13,42.44,25.32,40.07,50.0,50.0,41.19,NEUTRAL,0.9,37.07,NEUTRAL,DOWNTREND,RETAIL,4.35,2.01,-35.97,0.502
TIIL,METAL,2465.4,2026-07-13,35.27,45.76,36.81,50.0,38.89,41.17,NEUTRAL,0.9,37.05,NEUTRAL,CONSOLIDATING,DII,-0.75,5.74,-24.12,0.467
ORKLAINDIA,FMCG,590.95,2026-07-13,23.82,55.52,32.96,50.0,50.0,41.15,NEUTRAL,0.9,37.03,NEUTRAL,INSUFFICIENT_DATA,RETAIL,-3.67,-7.02,,0.755
HINDOILEXP,ENERGY,154.34,2026-07-13,20.58,63.62,28.81,50.0,50.0,41.13,NEUTRAL,0.9,37.02,NEUTRAL,CONSOLIDATING,MIXED,-13.51,-0.34,-9.62,0.554
GRINFRA,INFRASTRUCTURE,905.1,2026-07-13,48.51,34.58,31.01,50.0,38.89,41.08,NEUTRAL,0.9,36.97,NEUTRAL,DOWNTREND,RETAIL,5.3,7.49,-29.13,0.296
JMFINANCIL,FINANCIAL_SERVICES,127.26,2026-07-13,47.83,27.38,34.6,50.0,44.44,41.02,NEUTRAL,0.9,36.92,NEUTRAL,DOWNTREND,RETAIL,7.89,-5.06,-24.82,0.944
ACC,CEMENT,1378.8,2026-07-13,39.08,38.32,38.7,50.0,38.89,41.01,NEUTRAL,0.9,36.91,NEUTRAL,DOWNTREND,DII,4.76,-3.21,-30.01,0.46
CONCORDBIO,PHARMA,1351.7,2026-07-13,45.38,36.54,32.63,50.0,38.89,41.01,NEUTRAL,0.9,36.91,NEUTRAL,STRONG_UPTREND,RETAIL,1.58,27.47,-28.63,0.817
BAIDFIN,FINANCIAL_SERVICES,10.28,2026-07-13,34.3,52.52,34.6,50.0,33.33,41.0,NEUTRAL,0.9,36.9,NEUTRAL,DOWNTREND,RETAIL,2.19,-6.88,-18.99,1.282
BIKAJI,TEXTILES,643.45,2026-07-13,25.18,57.18,37.16,50.0,38.89,41.0,NEUTRAL,0.9,36.9,NEUTRAL,DOWNTREND,RETAIL,-3.98,0.44,-14.89,0.446
BIRLACORPN,CEMENT,981.95,2026-07-13,47.29,27.92,38.7,50.0,38.89,40.98,NEUTRAL,0.9,36.88,NEUTRAL,DOWNTREND,DII,5.32,3.87,-30.66,0.713
SHAKTIPUMP,CAPITAL_GOODS,573.15,2026-07-13,57.36,23.36,32.54,47.98,38.89,40.95,NEUTRAL,0.9,36.86,NEUTRAL,DOWNTREND,RETAIL,11.04,12.33,-37.67,0.24
AHLEAST,HOSPITALITY,142.32,2026-07-13,14.79,62.38,36.37,50.0,50.0,40.95,NEUTRAL,0.9,36.86,NEUTRAL,DOWNTREND,MIXED,-7.63,-11.04,-12.41,0.417
EIDPARRY,FMCG,784.7,2026-07-13,46.71,25.88,32.96,50.0,50.0,40.95,NEUTRAL,0.9,36.86,NEUTRAL,DOWNTREND,RETAIL,8.5,-8.17,-31.9,1.638
TIL,AUTO,214.93,2026-07-13,66.79,15.56,34.67,50.0,27.78,40.91,NEUTRAL,0.9,36.82,NEUTRAL,DOWNTREND,RETAIL,17.56,3.51,,0.5
MAHKTECH,OTHER,23.11,2026-07-13,37.89,29.86,39.76,50.0,50.0,40.9,NEUTRAL,0.9,36.81,NEUTRAL,DOWNTREND,DII,-1.07,-1.24,1.76,2.385
GTLINFRA,FINANCIAL_SERVICES,1.31,2026-07-13,24.78,51.44,34.6,50.0,50.0,40.9,NEUTRAL,0.9,36.81,NEUTRAL,CONSOLIDATING,RETAIL,-9.03,9.17,-23.39,0.616
CPEDU,HEALTHCARE,194.09,2026-07-13,57.86,14.6,38.35,50.0,38.89,40.89,NEUTRAL,0.9,36.8,NEUTRAL,DOWNTREND,DII,11.25,-0.87,,0.53
TMPV,AUTO,342.25,2026-07-13,21.67,63.36,34.67,50.0,38.89,40.86,NEUTRAL,0.9,36.77,NEUTRAL,INSUFFICIENT_DATA,RETAIL,-10.17,-0.1,,0.606
GILLETTE,FMCG,7880.5,2026-07-13,38.83,39.46,32.96,50.0,44.44,40.86,NEUTRAL,0.9,36.77,NEUTRAL,DOWNTREND,RETAIL,2.32,2.29,-30.0,0.922
KITEX,TEXTILES,152.88,2026-07-13,46.89,31.4,37.16,47.98,38.89,40.86,NEUTRAL,0.9,36.77,NEUTRAL,DOWNTREND,RETAIL,7.07,-9.94,,0.427
CREATIVEYE,MEDIA,6.0,2026-07-13,32.56,35.9,40.07,50.0,50.0,40.83,NEUTRAL,0.9,36.75,NEUTRAL,DOWNTREND,RETAIL,-0.66,-8.81,,4.279
ISGEC,CAPITAL_GOODS,899.75,2026-07-13,30.63,53.94,32.54,50.0,38.89,40.79,NEUTRAL,0.9,36.71,NEUTRAL,DOWNTREND,RETAIL,1.94,-10.13,-22.33,0.812
IGIL,FMCG,346.1,2026-07-13,27.94,56.6,32.96,50.0,38.89,40.73,NEUTRAL,0.9,36.66,NEUTRAL,CONSOLIDATING,RETAIL,-3.91,1.78,-11.29,0.535
DTIL,FMCG,136.96,2026-07-13,42.89,29.54,32.96,50.0,50.0,40.72,NEUTRAL,0.9,36.65,NEUTRAL,DOWNTREND,RETAIL,4.5,1.1,-28.83,0.817
AWHCL,INFRASTRUCTURE,457.9,2026-07-13,35.08,41.22,31.01,50.0,50.0,40.72,NEUTRAL,0.9,36.65,NEUTRAL,DOWNTREND,RETAIL,3.4,-8.53,-28.86,1.314
RMDRIP,CAPITAL_GOODS,18.87,2026-07-13,53.44,0.0,32.54,50.0,72.22,40.7,NEUTRAL,0.9,36.63,NEUTRAL,DOWNTREND,RETAIL,11.99,-29.54,,1.279
BALKRISHNA,CHEMICALS,18.03,2026-07-13,37.14,38.86,30.65,50.0,50.0,40.69,NEUTRAL,0.9,36.62,NEUTRAL,DOWNTREND,RETAIL,0.28,6.81,-16.87,0.173
HINDZINC,METAL,532.6,2026-07-13,33.65,45.32,36.81,50.0,38.89,40.67,NEUTRAL,0.9,36.6,NEUTRAL,DOWNTREND,DII,-2.73,-5.67,22.3,0.488
MOKSH,FMCG,11.57,2026-07-13,35.08,38.98,32.96,50.0,50.0,40.66,NEUTRAL,0.9,36.59,NEUTRAL,DOWNTREND,RETAIL,0.26,3.77,-20.59,0.482
LIBAS,TEXTILES,11.1,2026-07-13,18.66,55.24,37.16,50.0,50.0,40.64,NEUTRAL,0.9,36.58,NEUTRAL,DOWNTREND,RETAIL,-9.76,-0.27,-18.2,0.474
WEL,FMCG,101.75,2026-07-13,60.75,10.88,32.96,50.0,44.44,40.62,NEUTRAL,0.9,36.56,NEUTRAL,DOWNTREND,RETAIL,10.07,22.28,-35.0,0.148
MEDIASSIST,HEALTHCARE,365.55,2026-07-13,43.27,23.06,38.35,50.0,50.0,40.6,NEUTRAL,0.9,36.54,NEUTRAL,DOWNTREND,DII,5.44,2.52,-33.43,0.47
SYMPHONY,FMCG,732.45,2026-07-13,46.71,24.16,32.96,50.0,50.0,40.6,NEUTRAL,0.9,36.54,NEUTRAL,DOWNTREND,RETAIL,7.38,-3.42,-36.87,1.465
HAVELLS,CAPITAL_GOODS,1178.8,2026-07-13,33.27,45.44,32.54,50.0,44.44,40.58,NEUTRAL,0.9,36.52,NEUTRAL,DOWNTREND,RETAIL,2.02,-8.03,-22.37,2.123
MGL,ENERGY,1114.4,2026-07-13,41.7,42.68,28.81,50.0,38.89,40.56,NEUTRAL,0.9,36.5,NEUTRAL,DOWNTREND,MIXED,3.14,3.59,-26.26,0.385
ROML,FMCG,44.94,2026-07-13,29.87,44.96,32.96,50.0,50.0,40.55,NEUTRAL,0.9,36.49,NEUTRAL,DOWNTREND,RETAIL,-1.47,-0.24,,0.205
STALLION,PHARMA,209.88,2026-07-13,81.02,0.0,32.63,47.98,27.78,40.54,NEUTRAL,0.9,36.49,NEUTRAL,INSUFFICIENT_DATA,RETAIL,16.16,53.29,,1.865
ENERGYDEV,POWER,17.2,2026-07-13,52.41,15.86,33.82,50.0,50.0,40.54,NEUTRAL,0.9,36.49,NEUTRAL,INSUFFICIENT_DATA,MIXED,3.74,5.46,,0.519
COCHINSHIP,DEFENCE,1411.8,2026-07-13,27.72,42.62,37.68,50.0,50.0,40.49,NEUTRAL,0.9,36.44,NEUTRAL,DOWNTREND,RETAIL,0.54,-3.61,-24.39,0.442
VGUARD,FINANCIAL_SERVICES,304.3,2026-07-13,32.09,48.52,34.6,50.0,38.89,40.48,NEUTRAL,0.9,36.43,NEUTRAL,DOWNTREND,RETAIL,2.32,-5.39,-24.87,0.627
BCPL,REALTY,71.03,2026-07-13,28.49,54.42,33.21,50.0,38.89,40.48,NEUTRAL,0.9,36.43,NEUTRAL,INSUFFICIENT_DATA,RETAIL,-8.36,6.59,,0.753
ABFRL,RETAIL,60.51,2026-07-13,39.83,27.46,37.54,50.0,50.0,40.46,NEUTRAL,0.9,36.41,NEUTRAL,DOWNTREND,RETAIL,2.98,0.3,-19.86,0.837
HDFCLIFE,FINANCIAL_SERVICES,573.4,2026-07-13,38.19,40.72,34.6,50.0,38.89,40.44,NEUTRAL,0.9,36.4,NEUTRAL,DOWNTREND,RETAIL,4.34,-5.09,-22.46,0.691
AXITA,TEXTILES,7.42,2026-07-13,21.72,46.28,37.16,50.0,55.56,40.45,NEUTRAL,0.9,36.4,NEUTRAL,INSUFFICIENT_DATA,RETAIL,-2.37,-16.63,-17.65,1.006
BASF,CHEMICALS,3523.1,2026-07-13,45.45,35.5,30.65,50.0,38.89,40.43,NEUTRAL,0.9,36.39,NEUTRAL,DOWNTREND,RETAIL,7.22,-2.42,-30.33,0.37
KIOCL,METAL,386.5,2026-07-13,44.75,21.82,36.81,50.0,50.0,40.41,NEUTRAL,0.9,36.37,NEUTRAL,CONSOLIDATING,DII,-2.94,7.98,32.95,0.679
UNIENTER,CHEMICALS,108.03,2026-07-13,51.21,28.22,30.65,50.0,38.89,40.41,NEUTRAL,0.9,36.37,NEUTRAL,DOWNTREND,RETAIL,5.0,7.13,-30.02,5.325
CEWATER,INFRASTRUCTURE,332.7,2026-07-13,65.62,1.44,31.01,50.0,50.0,40.4,NEUTRAL,0.9,36.36,NEUTRAL,DOWNTREND,RETAIL,29.46,5.12,-46.09,0.861
RANASUG,FMCG,12.1,2026-07-13,21.76,54.24,32.96,50.0,50.0,40.38,NEUTRAL,0.9,36.34,NEUTRAL,DOWNTREND,RETAIL,-3.59,-6.71,-20.86,1.137
MADRASFERT,CHEMICALS,68.47,2026-07-13,34.48,40.6,30.65,50.0,50.0,40.37,NEUTRAL,0.9,36.33,NEUTRAL,DOWNTREND,RETAIL,0.79,2.56,-23.89,0.388
SHAH,METAL,4.64,2026-07-13,30.67,57.82,36.81,47.98,27.78,40.36,NEUTRAL,0.9,36.32,NEUTRAL,DOWNTREND,DII,-0.22,-6.64,,0.327
ELLEN,AUTO,296.05,2026-07-13,63.62,0.0,34.67,50.0,50.0,40.34,NEUTRAL,0.9,36.31,NEUTRAL,DOWNTREND,RETAIL,11.0,24.34,-46.25,3.0
MCL,METAL,54.83,2026-07-13,35.87,32.36,36.81,50.0,50.0,40.3,NEUTRAL,0.9,36.27,NEUTRAL,INSUFFICIENT_DATA,DII,-4.68,,5.56,0.561
SINCLAIR,HOSPITALITY,76.93,2026-07-13,34.84,34.08,36.37,50.0,50.0,40.3,NEUTRAL,0.9,36.27,NEUTRAL,DOWNTREND,MIXED,2.61,-5.22,-23.58,1.615
ARIHANT,REALTY,816.65,2026-07-13,25.74,48.48,33.21,50.0,50.0,40.27,NEUTRAL,0.9,36.24,NEUTRAL,INSUFFICIENT_DATA,RETAIL,-7.51,,,0.295
GVPIL,CAPITAL_GOODS,808.3,2026-07-13,25.72,49.14,32.54,50.0,50.0,40.27,NEUTRAL,0.9,36.24,NEUTRAL,INSUFFICIENT_DATA,RETAIL,-11.14,,,0.603
DELTACORP,HOSPITALITY,64.74,2026-07-13,37.11,31.06,36.37,50.0,50.0,40.26,NEUTRAL,0.9,36.23,NEUTRAL,DOWNTREND,MIXED,1.16,10.93,-28.22,0.269
HCL-INSYS,IT,11.97,2026-07-13,29.21,45.1,32.05,50.0,50.0,40.23,NEUTRAL,0.9,36.21,NEUTRAL,DOWNTREND,RETAIL,-1.56,-2.76,,0.489
SANDUMA,ENERGY,203.25,2026-07-13,21.95,48.9,28.81,50.0,61.11,40.2,NEUTRAL,0.9,36.18,NEUTRAL,DOWNTREND,MIXED,-3.24,0.62,-57.39,0.97
SWIGGY,RETAIL,266.77,2026-07-13,50.69,12.56,37.54,50.0,50.0,40.19,NEUTRAL,0.9,36.17,NEUTRAL,DOWNTREND,RETAIL,10.1,-2.99,-31.39,1.042
INTLCONV,CAPITAL_GOODS,79.81,2026-07-13,39.83,39.36,32.54,50.0,38.89,40.17,NEUTRAL,0.9,36.15,NEUTRAL,DOWNTREND,RETAIL,1.41,5.99,-17.4,0.461
STUDDS,AUTO,459.65,2026-07-13,21.93,53.22,34.67,47.98,50.0,40.16,NEUTRAL,0.9,36.14,NEUTRAL,INSUFFICIENT_DATA,RETAIL,-12.51,1.46,,0.454
SAMPANN,CHEMICALS,28.36,2026-07-13,43.23,30.58,30.65,47.98,50.0,40.15,NEUTRAL,0.9,36.14,NEUTRAL,DOWNTREND,RETAIL,5.82,-7.44,-13.3,0.132
DCW,CHEMICALS,49.11,2026-07-13,53.59,19.8,30.65,50.0,44.44,40.15,NEUTRAL,0.9,36.14,NEUTRAL,DOWNTREND,RETAIL,6.71,10.33,-35.72,0.7
DOLATALGO,FINANCIAL_SERVICES,73.27,2026-07-13,29.11,50.66,34.6,50.0,38.89,40.16,NEUTRAL,0.9,36.14,NEUTRAL,DOWNTREND,RETAIL,1.24,-8.31,-23.61,0.897
TECH,OTHER,31.66,2026-07-13,36.24,28.16,39.76,50.0,50.0,40.14,NEUTRAL,0.9,36.13,NEUTRAL,DOWNTREND,DII,1.9,-5.75,-19.97,2.718
ADSL,IT,125.74,2026-07-13,57.16,20.02,32.05,47.98,38.89,40.13,NEUTRAL,0.9,36.12,NEUTRAL,DOWNTREND,RETAIL,7.41,9.66,-30.22,1.405
DIGITIDE,IT,106.71,2026-07-13,66.46,0.0,32.05,47.98,50.0,40.12,NEUTRAL,0.9,36.11,NEUTRAL,DOWNTREND,RETAIL,27.19,15.93,-57.15,0.125
VINNY,TEXTILES,1.06,2026-07-13,29.89,38.56,37.16,50.0,50.0,40.12,NEUTRAL,0.9,36.11,NEUTRAL,DOWNTREND,RETAIL,0.95,-13.11,,0.348
FACT,CHEMICALS,855.85,2026-07-13,23.09,61.7,30.65,50.0,38.89,40.08,NEUTRAL,0.9,36.07,NEUTRAL,CONSOLIDATING,RETAIL,-5.05,-0.2,-10.28,0.09
ALOKINDS,TEXTILES,12.79,2026-07-13,42.12,23.04,37.16,50.0,50.0,40.07,NEUTRAL,0.9,36.06,NEUTRAL,DOWNTREND,RETAIL,7.12,-7.99,-38.57,0.817
RADHIKAJWE,FMCG,63.36,2026-07-13,54.38,13.66,32.96,47.98,50.0,40.02,NEUTRAL,0.9,36.02,NEUTRAL,DOWNTREND,RETAIL,14.06,-4.04,-36.12,1.401
LAOPALA,FMCG,182.21,2026-07-13,42.01,26.98,32.96,50.0,50.0,39.99,NEUTRAL,0.9,35.99,NEUTRAL,DOWNTREND,RETAIL,2.96,4.79,-31.22,0.936
AURIONPRO,IT,885.25,2026-07-13,59.17,10.52,32.05,50.0,44.44,39.97,NEUTRAL,0.9,35.97,NEUTRAL,DOWNTREND,RETAIL,18.57,1.87,-43.42,0.684
SOUTHWEST,ENERGY,224.03,2026-07-13,18.0,62.94,28.81,47.98,50.0,39.95,NEUTRAL,0.9,35.96,NEUTRAL,INSUFFICIENT_DATA,MIXED,-16.33,-1.98,,0.141
DCMSHRIRAM,DIVERSIFIED,1035.8,2026-07-13,28.45,37.9,42.82,50.0,44.44,39.92,NEUTRAL,0.9,35.93,NEUTRAL,DOWNTREND,RETAIL,0.32,-7.2,-26.45,1.996
HARIOMPIPE,METAL,381.95,2026-07-13,40.05,33.5,36.81,50.0,38.89,39.91,NEUTRAL,0.9,35.92,NEUTRAL,UPTREND,DII,-3.33,36.05,-18.12,0.355
RVTH,CAPITAL_GOODS,714.8,2026-07-13,55.55,9.96,32.54,50.0,50.0,39.89,NEUTRAL,0.9,35.9,NEUTRAL,UPTREND,RETAIL,3.86,15.6,,2.55
NIITMTS,HEALTHCARE,255.11,2026-07-13,53.48,14.94,38.35,50.0,38.89,39.86,NEUTRAL,0.9,35.87,NEUTRAL,DOWNTREND,DII,17.68,-18.72,-24.43,0.839
STANLEY,REALTY,159.29,2026-07-13,62.88,0.0,33.21,50.0,50.0,39.86,NEUTRAL,0.9,35.87,NEUTRAL,DOWNTREND,RETAIL,13.51,18.33,-52.63,0.688
INTELLECT,IT,778.3,2026-07-13,50.39,25.06,32.05,50.0,38.89,39.85,NEUTRAL,0.9,35.86,NEUTRAL,DOWNTREND,RETAIL,4.27,14.54,-33.59,2.421
CRISIL,FINANCIAL_SERVICES,4071.5,2026-07-13,32.12,36.98,34.6,50.0,50.0,39.85,NEUTRAL,0.9,35.86,NEUTRAL,DOWNTREND,RETAIL,1.7,-0.58,-31.03,0.63
RKSWAMY,MEDIA,101.58,2026-07-13,46.83,13.14,40.07,50.0,50.0,39.85,NEUTRAL,0.9,35.86,NEUTRAL,DOWNTREND,RETAIL,3.4,15.21,-42.77,0.663
TECHNOE,INFRASTRUCTURE,1057.8,2026-07-13,43.67,34.32,31.01,50.0,38.89,39.82,NEUTRAL,0.9,35.84,NEUTRAL,DOWNTREND,RETAIL,6.67,-5.22,-30.75,0.591
PTC,POWER,170.76,2026-07-13,29.77,48.8,33.82,50.0,38.89,39.8,NEUTRAL,0.9,35.82,NEUTRAL,DOWNTREND,MIXED,-5.91,2.6,-9.69,0.64
ASHOKAMET,METAL,14.81,2026-07-13,26.76,41.04,36.81,50.0,50.0,39.76,NEUTRAL,0.9,35.78,NEUTRAL,DOWNTREND,DII,-3.14,-7.84,-13.14,2.107
SHIVATEX,TEXTILES,149.82,2026-07-13,29.19,37.5,37.16,50.0,50.0,39.73,NEUTRAL,0.9,35.76,NEUTRAL,DOWNTREND,RETAIL,-1.11,3.05,-24.73,0.213
ARCHIDPLY,REALTY,80.2,2026-07-13,35.75,33.22,33.21,50.0,50.0,39.72,NEUTRAL,0.9,35.75,NEUTRAL,DOWNTREND,RETAIL,1.75,3.2,-23.17,0.047
SHRIKRISH,REALTY,39.39,2026-07-13,29.71,40.68,33.21,50.0,50.0,39.71,NEUTRAL,0.9,35.74,NEUTRAL,INSUFFICIENT_DATA,RETAIL,-8.01,,,9.331
KEYFINSERV,FINANCIAL_SERVICES,259.37,2026-07-13,39.11,35.76,34.6,50.0,38.89,39.68,NEUTRAL,0.9,35.71,NEUTRAL,DOWNTREND,RETAIL,3.21,-2.24,,0.213
GICHSGFIN,FINANCIAL_SERVICES,151.76,2026-07-13,24.73,53.68,34.6,50.0,38.89,39.67,NEUTRAL,0.9,35.7,NEUTRAL,DOWNTREND,RETAIL,-1.64,-0.29,-23.25,0.279
TNTELE,RETAIL,9.46,2026-07-13,42.44,20.2,37.54,50.0,50.0,39.66,NEUTRAL,0.9,35.69,NEUTRAL,DOWNTREND,RETAIL,4.53,-9.73,,2.649
HIMATSEIDE,TEXTILES,89.11,2026-07-13,57.39,10.22,37.16,50.0,38.89,39.66,NEUTRAL,0.9,35.69,NEUTRAL,DOWNTREND,RETAIL,17.87,-0.62,-42.44,0.844
AIROLAM,REALTY,87.03,2026-07-13,30.58,39.24,33.21,50.0,50.0,39.64,NEUTRAL,0.9,35.68,NEUTRAL,DOWNTREND,RETAIL,-0.51,4.7,-25.91,0.179
EPACK,FMCG,241.8,2026-07-13,50.38,16.56,32.96,47.98,50.0,39.6,NEUTRAL,0.9,35.64,NEUTRAL,DOWNTREND,RETAIL,8.77,1.24,-36.57,0.663
SRHHYPOLTD,CHEMICALS,495.5,2026-07-13,36.35,42.68,30.65,50.0,38.89,39.59,NEUTRAL,0.9,35.63,NEUTRAL,DOWNTREND,RETAIL,0.25,9.65,-27.95,0.439
GEMAROMA,OTHER,197.28,2026-07-13,47.74,12.86,39.76,47.98,50.0,39.56,NEUTRAL,0.9,35.6,NEUTRAL,INSUFFICIENT_DATA,DII,,,,0.158
SWANCORP,CHEMICALS,323.45,2026-07-13,44.79,27.84,30.65,50.0,44.44,39.56,NEUTRAL,0.9,35.6,NEUTRAL,DOWNTREND,RETAIL,3.84,-0.08,,0.594
ABMINTLLTD,TEXTILES,41.42,2026-07-13,33.09,31.8,37.16,50.0,50.0,39.56,NEUTRAL,0.9,35.6,NEUTRAL,INSUFFICIENT_DATA,RETAIL,-2.1,,,0.22
GODAVARIB,FMCG,266.2,2026-07-13,20.97,50.82,32.96,50.0,50.0,39.5,NEUTRAL,0.9,35.55,NEUTRAL,DOWNTREND,RETAIL,-3.88,-15.59,,0.833
KAVDEFENCE,TELECOM,61.67,2026-07-13,50.43,14.14,32.74,50.0,50.0,39.48,NEUTRAL,0.9,35.53,NEUTRAL,INSUFFICIENT_DATA,DII,4.26,,,0.607
DVL,DIVERSIFIED,243.78,2026-07-13,39.11,26.32,42.82,50.0,38.89,39.44,NEUTRAL,0.9,35.5,NEUTRAL,DOWNTREND,RETAIL,1.62,6.38,-29.71,0.706
SURAJEST,REALTY,207.3,2026-07-13,46.24,18.68,33.21,50.0,50.0,39.44,NEUTRAL,0.9,35.5,NEUTRAL,DOWNTREND,RETAIL,9.57,-5.56,-36.37,0.713
SHANTIGEAR,CAPITAL_GOODS,443.5,2026-07-13,30.54,43.12,32.54,50.0,44.44,39.43,NEUTRAL,0.9,35.49,NEUTRAL,DOWNTREND,RETAIL,0.78,-3.99,-14.2,0.222
FORCEMOT,AUTO,17963.0,2026-07-13,37.98,35.82,34.67,50.0,38.89,39.43,NEUTRAL,0.9,35.49,NEUTRAL,DOWNTREND,RETAIL,3.46,-20.58,8.1,0.563
VGL,TEXTILES,63.28,2026-07-13,23.39,49.34,37.16,47.98,44.44,39.41,NEUTRAL,0.9,35.47,NEUTRAL,INSUFFICIENT_DATA,RETAIL,-10.75,4.06,,0.121
CHAMBLFERT,CHEMICALS,456.25,2026-07-13,23.88,57.14,30.65,50.0,38.89,39.36,NEUTRAL,0.9,35.42,NEUTRAL,CONSOLIDATING,RETAIL,-4.48,-0.1,-16.84,0.53
STEELCITY,FINANCIAL_SERVICES,77.23,2026-07-13,29.81,33.16,34.6,50.0,55.56,39.34,NEUTRAL,0.9,35.41,NEUTRAL,DOWNTREND,RETAIL,1.78,-8.44,-27.92,1.17
TEMBO,METAL,552.95,2026-07-13,38.9,32.12,36.81,50.0,38.89,39.34,NEUTRAL,0.9,35.41,NEUTRAL,DOWNTREND,DII,1.35,-2.92,,0.655
EUROBOND,METAL,168.16,2026-07-13,32.15,32.14,36.81,50.0,50.0,39.33,NEUTRAL,0.9,35.4,NEUTRAL,DOWNTREND,DII,-2.88,-1.15,,1.446
AMDIND,CHEMICALS,45.89,2026-07-13,34.81,34.84,30.65,50.0,50.0,39.3,NEUTRAL,0.9,35.37,NEUTRAL,DOWNTREND,RETAIL,-0.84,3.92,-10.82,0.306
HINDCOPPER,METAL,497.95,2026-07-13,36.15,31.04,36.81,50.0,44.44,39.27,NEUTRAL,0.9,35.34,NEUTRAL,CONSOLIDATING,DII,-2.5,-6.06,84.6,0.438
TRF,CAPITAL_GOODS,240.63,2026-07-13,45.91,18.82,32.54,50.0,50.0,39.25,NEUTRAL,0.9,35.33,NEUTRAL,DOWNTREND,RETAIL,8.22,-5.72,-37.24,2.162
DELTAMAGNT,CAPITAL_GOODS,59.56,2026-07-13,37.97,28.78,32.54,50.0,50.0,39.26,NEUTRAL,0.9,35.33,NEUTRAL,DOWNTREND,RETAIL,1.64,0.08,,0.456
UNITEDTEA,FMCG,469.0,2026-07-13,20.08,58.98,32.96,50.0,38.89,39.24,NEUTRAL,0.9,35.32,NEUTRAL,DOWNTREND,RETAIL,-7.56,-14.6,-2.54,2.108
LUMAXTECH,AUTO,1461.8,2026-07-13,22.43,54.04,34.67,50.0,38.89,39.18,NEUTRAL,0.9,35.26,NEUTRAL,DOWNTREND,RETAIL,-9.36,-19.83,27.62,0.839
KANSAINER,CHEMICALS,202.32,2026-07-13,26.18,53.28,30.65,50.0,38.89,39.16,NEUTRAL,0.9,35.24,NEUTRAL,DOWNTREND,RETAIL,-5.63,5.64,-18.45,0.383
TIMKEN,CAPITAL_GOODS,3175.4,2026-07-13,17.84,61.8,32.54,50.0,38.89,39.16,NEUTRAL,0.9,35.24,NEUTRAL,DOWNTREND,RETAIL,-10.54,-8.98,-7.83,1.018
PKTEA,FMCG,729.0,2026-07-13,29.87,46.1,32.96,50.0,38.89,39.11,NEUTRAL,0.9,35.2,NEUTRAL,INSUFFICIENT_DATA,RETAIL,-7.84,,,5.01
ELDEHSG,REALTY,788.05,2026-07-13,25.63,50.96,33.21,50.0,38.89,39.08,NEUTRAL,0.9,35.17,NEUTRAL,DOWNTREND,RETAIL,-5.0,-6.99,1.66,1.09
VASWANI,CHEMICALS,53.8,2026-07-13,18.82,53.74,30.65,50.0,50.0,39.08,NEUTRAL,0.9,35.17,NEUTRAL,INSUFFICIENT_DATA,RETAIL,-9.61,-2.64,,0.242
ARTNIRMAN,REALTY,41.54,2026-07-13,40.45,24.06,33.21,50.0,50.0,39.07,NEUTRAL,0.9,35.16,NEUTRAL,INSUFFICIENT_DATA,RETAIL,5.67,-15.79,,0.287
ANDHRAPAP,CHEMICALS,61.76,2026-07-13,27.93,42.16,30.65,50.0,50.0,39.04,NEUTRAL,0.9,35.14,NEUTRAL,DOWNTREND,RETAIL,0.31,-2.39,-25.09,0.188
CORALFINAC,REALTY,33.33,2026-07-13,44.66,27.0,33.21,50.0,38.89,39.04,NEUTRAL,0.9,35.14,NEUTRAL,DOWNTREND,RETAIL,5.81,1.28,-25.64,0.25
DBCORP,MEDIA,202.39,2026-07-13,28.26,40.6,40.07,50.0,38.89,39.03,NEUTRAL,0.9,35.13,NEUTRAL,DOWNTREND,RETAIL,0.41,-3.88,-27.8,0.196
GVPTECH,IT,6.8,2026-07-13,44.91,19.4,32.05,50.0,50.0,39.02,NEUTRAL,0.9,35.12,NEUTRAL,DOWNTREND,RETAIL,7.09,-3.82,-34.93,0.805
ARCHIES,FMCG,14.41,2026-07-13,45.04,18.22,32.96,50.0,50.0,39.0,NEUTRAL,0.9,35.1,NEUTRAL,DOWNTREND,RETAIL,4.04,-3.74,,1.649
HERITGFOOD,FMCG,337.05,2026-07-13,46.39,24.84,32.96,50.0,38.89,38.99,NEUTRAL,0.9,35.09,NEUTRAL,DOWNTREND,RETAIL,6.19,-0.28,-31.58,0.853
VIDHIING,CHEMICALS,297.55,2026-07-13,34.76,37.44,30.65,50.0,44.44,38.97,NEUTRAL,0.9,35.07,NEUTRAL,DOWNTREND,RETAIL,3.98,-8.04,-26.95,0.489
WIPRO,IT,178.43,2026-07-13,22.35,30.68,32.05,50.0,72.22,38.97,NEUTRAL,0.9,35.07,NEUTRAL,DOWNTREND,RETAIL,-0.28,-12.91,-33.16,1.007
NPST,IT,1594.6,2026-07-13,40.09,33.54,32.05,50.0,38.89,38.97,NEUTRAL,0.9,35.07,NEUTRAL,UPTREND,RETAIL,-3.4,27.98,-16.05,0.822
DEVYANI,HOSPITALITY,113.94,2026-07-13,41.21,19.3,36.37,50.0,50.0,38.94,NEUTRAL,0.9,35.05,NEUTRAL,DOWNTREND,MIXED,4.08,4.97,-35.32,0.628
TCI,LOGISTICS,934.4,2026-07-13,23.27,48.78,33.47,50.0,44.44,38.93,NEUTRAL,0.9,35.04,NEUTRAL,DOWNTREND,RETAIL,-1.13,-7.72,-25.19,0.653
AGARIND,CHEMICALS,527.5,2026-07-13,65.42,4.88,30.65,47.98,38.89,38.89,NEUTRAL,0.9,35.0,NEUTRAL,DOWNTREND,RETAIL,14.08,31.17,-43.29,0.129
BANKBARODA,BANKING,250.65,2026-07-13,22.77,54.0,32.71,50.0,38.89,38.87,NEUTRAL,0.9,34.98,NEUTRAL,DOWNTREND,MIXED,-6.93,-9.25,2.43,1.262
AGIIL,REALTY,349.2,2026-07-13,15.24,60.78,33.21,47.98,44.44,38.87,NEUTRAL,0.9,34.98,NEUTRAL,CONSOLIDATING,RETAIL,-5.7,-3.55,-67.27,2.111
PDMJEPAPER,CHEMICALS,85.61,2026-07-13,48.59,15.38,30.65,50.0,50.0,38.85,NEUTRAL,0.9,34.97,NEUTRAL,DOWNTREND,RETAIL,6.2,0.71,-30.05,1.259
RNBDENIMS,TEXTILES,9.97,2026-07-13,45.7,0.0,37.16,50.0,66.67,38.86,NEUTRAL,0.9,34.97,NEUTRAL,INSUFFICIENT_DATA,RETAIL,2.26,,,0.669
SHARDACROP,CHEMICALS,911.15,2026-07-13,35.08,40.5,30.65,50.0,38.89,38.83,NEUTRAL,0.9,34.95,NEUTRAL,DOWNTREND,RETAIL,0.92,-13.82,8.5,0.455
ARENTERP,METAL,36.9,2026-07-13,38.35,21.4,36.81,50.0,50.0,38.73,NEUTRAL,0.9,34.86,NEUTRAL,DOWNTREND,DII,2.22,-9.11,,0.796
GSFC,CHEMICALS,161.7,2026-07-13,29.53,46.6,30.65,50.0,38.89,38.67,NEUTRAL,0.9,34.8,NEUTRAL,DOWNTREND,RETAIL,-0.82,-1.26,-19.84,0.597
MAANALU,METAL,122.07,2026-07-13,29.38,32.16,36.81,50.0,50.0,38.64,NEUTRAL,0.9,34.78,NEUTRAL,INSUFFICIENT_DATA,DII,-0.69,-10.42,,0.566
GMRP&UI,INFRASTRUCTURE,99.87,2026-07-13,23.04,45.84,31.01,50.0,50.0,38.63,NEUTRAL,0.9,34.77,NEUTRAL,DOWNTREND,RETAIL,-4.75,-4.79,-13.67,0.839
SBICARD,FINANCIAL_SERVICES,618.7,2026-07-13,40.87,28.22,34.6,50.0,38.89,38.62,NEUTRAL,0.9,34.76,NEUTRAL,DOWNTREND,RETAIL,6.54,-8.68,-30.84,0.844
MURUDCERA,CAPITAL_GOODS,31.43,2026-07-13,34.23,30.28,32.54,50.0,50.0,38.62,NEUTRAL,0.9,34.76,NEUTRAL,DOWNTREND,RETAIL,2.24,-1.54,-31.72,0.978
SAGCEM,CEMENT,178.73,2026-07-13,37.62,19.4,38.7,50.0,50.0,38.53,NEUTRAL,0.9,34.68,NEUTRAL,DOWNTREND,DII,3.94,-1.69,-33.43,0.692
MADHAV,REALTY,35.22,2026-07-13,24.68,41.02,33.21,50.0,50.0,38.52,NEUTRAL,0.9,34.67,NEUTRAL,DOWNTREND,RETAIL,-3.37,0.03,-21.3,0.699
SCHAND,HOSPITALITY,152.11,2026-07-13,35.17,33.06,36.37,50.0,38.89,38.51,NEUTRAL,0.9,34.66,NEUTRAL,DOWNTREND,MIXED,4.14,-7.71,-32.32,2.093
VRAJ,METAL,119.55,2026-07-13,24.24,37.74,36.81,50.0,50.0,38.47,NEUTRAL,0.9,34.62,NEUTRAL,DOWNTREND,DII,-1.58,-6.83,-30.12,0.924
BBTC,FMCG,1514.0,2026-07-13,30.47,41.82,32.96,50.0,38.89,38.41,NEUTRAL,0.9,34.57,NEUTRAL,DOWNTREND,RETAIL,-0.41,1.79,-24.47,0.413
AONESILVER,OTHER,8.31,2026-07-13,20.9,38.5,39.76,50.0,50.0,38.38,NEUTRAL,0.9,34.54,NEUTRAL,INSUFFICIENT_DATA,DII,-6.0,-8.28,,0.948
BALPHARMA,PHARMA,79.17,2026-07-13,20.99,53.74,32.63,50.0,38.89,38.36,NEUTRAL,0.9,34.52,NEUTRAL,CONSOLIDATING,RETAIL,-8.1,4.25,-21.04,0.18
ESTER,CHEMICALS,89.92,2026-07-13,36.91,35.78,30.65,50.0,38.89,38.35,NEUTRAL,0.9,34.52,NEUTRAL,DOWNTREND,RETAIL,2.73,-0.18,-27.05,0.548
BIOFILCHEM,PHARMA,33.71,2026-07-13,22.48,45.48,32.63,47.98,50.0,38.34,NEUTRAL,0.9,34.51,NEUTRAL,DOWNTREND,RETAIL,-7.36,1.54,,0.167
WONDERLA,HOSPITALITY,472.45,2026-07-13,23.15,38.82,36.37,50.0,50.0,38.33,NEUTRAL,0.9,34.5,NEUTRAL,DOWNTREND,MIXED,-0.2,-12.32,-27.79,1.313
SIRCA,CHEMICALS,402.6,2026-07-13,25.95,49.38,30.65,50.0,38.89,38.33,NEUTRAL,0.9,34.5,NEUTRAL,DOWNTREND,RETAIL,-3.09,-7.9,-4.61,0.83
FISCHER,HEALTHCARE,38.27,2026-07-13,52.41,0.0,38.35,50.0,50.0,38.27,NEUTRAL,0.9,34.44,NEUTRAL,DOWNTREND,DII,20.27,-6.29,-95.79,0.811
SJVN,POWER,70.57,2026-07-13,28.03,39.12,33.82,50.0,44.44,38.26,NEUTRAL,0.9,34.43,NEUTRAL,DOWNTREND,MIXED,-1.73,-2.19,-28.62,0.55
PROTEAN,IT,599.05,2026-07-13,37.54,26.72,32.05,47.98,50.0,38.24,NEUTRAL,0.9,34.42,NEUTRAL,DOWNTREND,RETAIL,-0.62,12.57,-24.84,0.686
JAICORPLTD,CAPITAL_GOODS,111.66,2026-07-13,43.33,25.3,32.54,50.0,38.89,38.23,NEUTRAL,0.9,34.41,NEUTRAL,DOWNTREND,RETAIL,0.42,4.8,1.94,0.743
CAMPUS,FMCG,229.41,2026-07-13,22.34,51.08,32.96,50.0,38.89,38.23,NEUTRAL,0.9,34.41,NEUTRAL,DOWNTREND,RETAIL,-2.44,-3.82,-23.22,0.359
A2ZINFRA,INFRASTRUCTURE,13.15,2026-07-13,29.54,35.64,31.01,50.0,50.0,38.22,NEUTRAL,0.9,34.4,NEUTRAL,INSUFFICIENT_DATA,RETAIL,-8.17,,,2.464
ADROITINFO,CAPITAL_GOODS,8.99,2026-07-13,18.96,47.38,32.54,50.0,50.0,38.22,NEUTRAL,0.9,34.4,NEUTRAL,DOWNTREND,RETAIL,-3.02,-8.92,-14.95,0.052
TREL,LOGISTICS,25.5,2026-07-13,23.21,41.08,33.47,50.0,50.0,38.21,NEUTRAL,0.9,34.39,NEUTRAL,DOWNTREND,RETAIL,-1.32,-5.03,-28.25,0.519
NITIRAJ,CAPITAL_GOODS,182.12,2026-07-13,20.46,53.7,32.54,50.0,38.89,38.2,NEUTRAL,0.9,34.38,NEUTRAL,DOWNTREND,RETAIL,-1.36,-13.38,-15.25,0.046
BVCL,CEMENT,41.74,2026-07-13,36.38,19.28,38.7,50.0,50.0,38.19,NEUTRAL,0.9,34.37,NEUTRAL,INSUFFICIENT_DATA,DII,0.7,-1.81,-2.7,0.355
KRSNAA,HEALTHCARE,563.15,2026-07-13,37.93,25.92,38.35,50.0,38.89,38.17,NEUTRAL,0.9,34.35,NEUTRAL,DOWNTREND,DII,5.3,-5.47,-33.4,0.721
PRECAM,AUTO,148.04,2026-07-13,44.41,13.0,34.67,50.0,50.0,38.14,NEUTRAL,0.9,34.33,NEUTRAL,DOWNTREND,RETAIL,5.25,3.34,-26.43,0.593
GENESYS,IT,343.75,2026-07-13,53.55,6.12,32.05,47.98,50.0,38.12,NEUTRAL,0.9,34.31,NEUTRAL,DOWNTREND,RETAIL,4.31,40.85,-45.51,1.034
VINATIORGA,CHEMICALS,1334.6,2026-07-13,37.69,33.6,30.65,50.0,38.89,38.11,NEUTRAL,0.9,34.3,NEUTRAL,DOWNTREND,RETAIL,1.92,6.39,-32.81,0.301
AXISCADES,DEFENCE,1601.3,2026-07-13,16.31,44.84,37.68,50.0,50.0,38.08,NEUTRAL,0.9,34.27,NEUTRAL,INSUFFICIENT_DATA,RETAIL,-16.78,-5.13,,0.307
AWL,FMCG,189.38,2026-07-13,35.5,33.88,32.96,50.0,38.89,38.08,NEUTRAL,0.9,34.27,NEUTRAL,DOWNTREND,RETAIL,1.2,3.91,-31.02,0.545
MARSONS,CAPITAL_GOODS,119.51,2026-07-13,27.17,36.28,32.54,50.0,50.0,38.06,NEUTRAL,0.9,34.25,NEUTRAL,INSUFFICIENT_DATA,RETAIL,-0.33,-12.76,,0.711
TATAINVEST,FINANCIAL_SERVICES,686.5,2026-07-13,41.7,15.9,34.6,50.0,50.0,38.03,NEUTRAL,0.9,34.23,NEUTRAL,DOWNTREND,RETAIL,5.66,3.13,-89.5,0.54
PODDARMENT,CHEMICALS,240.33,2026-07-13,18.1,57.6,30.65,50.0,38.89,38.01,NEUTRAL,0.9,34.21,NEUTRAL,DOWNTREND,RETAIL,-4.25,-5.06,-20.92,0.07
APCL,CEMENT,105.0,2026-07-13,18.08,41.14,38.7,50.0,50.0,37.99,NEUTRAL,0.9,34.19,NEUTRAL,DOWNTREND,DII,-9.82,-10.47,,1.464
ASALCBR,FMCG,829.25,2026-07-13,31.64,29.88,32.96,50.0,50.0,37.98,NEUTRAL,0.9,34.18,NEUTRAL,DOWNTREND,RETAIL,1.85,-6.02,-28.83,0.902
LTTS,IT,3297.7,2026-07-13,27.86,39.56,32.05,50.0,44.44,37.95,NEUTRAL,0.9,34.16,NEUTRAL,DOWNTREND,RETAIL,-0.91,-4.32,-25.08,1.923
RAJSREESUG,FMCG,31.88,2026-07-13,32.79,28.28,32.96,50.0,50.0,37.95,NEUTRAL,0.9,34.16,NEUTRAL,DOWNTREND,RETAIL,-1.64,8.4,-32.33,1.059
MIDCAP,OTHER,18.44,2026-07-13,49.93,0.0,39.76,50.0,50.0,37.93,NEUTRAL,0.9,34.14,NEUTRAL,DOWNTREND,DII,5.92,9.76,-89.14,0.927
LATENTVIEW,REALTY,303.6,2026-07-13,41.14,17.34,33.21,50.0,50.0,37.89,NEUTRAL,0.9,34.1,NEUTRAL,DOWNTREND,RETAIL,3.49,2.74,-30.99,1.155
MCLOUD,IT,29.61,2026-07-13,64.13,0.0,32.05,47.98,38.89,37.87,NEUTRAL,0.9,34.08,NEUTRAL,DOWNTREND,RETAIL,21.7,13.23,-64.85,0.318
PASHUPATI,TEXTILES,86.95,2026-07-13,14.2,46.94,37.16,50.0,50.0,37.87,NEUTRAL,0.9,34.08,NEUTRAL,DOWNTREND,RETAIL,-1.08,-91.3,-87.41,0.516
ICDSLTD,FINANCIAL_SERVICES,40.0,2026-07-13,31.06,28.36,34.6,50.0,50.0,37.86,NEUTRAL,0.9,34.07,NEUTRAL,INSUFFICIENT_DATA,RETAIL,-5.06,,,1.286
SHREERAMA,CHEMICALS,43.01,2026-07-13,41.34,19.48,30.65,50.0,50.0,37.86,NEUTRAL,0.9,34.07,NEUTRAL,INSUFFICIENT_DATA,RETAIL,4.9,-17.73,-0.97,0.273
NILASPACES,REALTY,12.44,2026-07-13,37.56,21.54,33.21,50.0,50.0,37.84,NEUTRAL,0.9,34.06,NEUTRAL,INSUFFICIENT_DATA,RETAIL,4.54,-9.33,-20.51,0.724
CCHHL,HOSPITALITY,13.08,2026-07-13,27.51,30.86,36.37,50.0,50.0,37.82,NEUTRAL,0.9,34.04,NEUTRAL,DOWNTREND,MIXED,0.23,-4.46,-31.48,2.572
MEDICO,PHARMA,39.17,2026-07-13,25.01,37.72,32.63,50.0,50.0,37.82,NEUTRAL,0.9,34.04,NEUTRAL,DOWNTREND,RETAIL,-9.62,2.57,-0.36,0.255
RAMANEWS,CHEMICALS,29.12,2026-07-13,25.81,38.66,30.65,50.0,50.0,37.81,NEUTRAL,0.9,34.03,NEUTRAL,DOWNTREND,RETAIL,-1.42,-13.05,,0.702
JISLDVREQS,CAPITAL_GOODS,23.27,2026-07-13,30.08,31.18,32.54,50.0,50.0,37.76,NEUTRAL,0.9,33.98,NEUTRAL,DOWNTREND,RETAIL,1.39,-2.19,-27.1,0.329
SUNDROP,FMCG,637.35,2026-07-13,26.04,35.66,32.96,50.0,50.0,37.73,NEUTRAL,0.9,33.96,NEUTRAL,DOWNTREND,RETAIL,-3.17,0.9,-30.92,3.835
ASTEC,CHEMICALS,686.65,2026-07-13,19.65,45.82,30.65,50.0,50.0,37.71,NEUTRAL,0.9,33.94,NEUTRAL,CONSOLIDATING,RETAIL,-11.51,4.2,-23.83,0.306
TREEHOUSE,HEALTHCARE,6.47,2026-07-13,36.01,17.64,38.35,50.0,50.0,37.7,NEUTRAL,0.9,33.93,NEUTRAL,INSUFFICIENT_DATA,DII,-2.27,,,1.927
INNOVISION,INFRASTRUCTURE,290.45,2026-07-13,37.01,23.6,31.01,50.0,50.0,37.67,NEUTRAL,0.9,33.9,NEUTRAL,INSUFFICIENT_DATA,RETAIL,1.08,-6.67,,5.116
TTML,TELECOM,41.12,2026-07-13,25.75,35.66,32.74,50.0,50.0,37.62,NEUTRAL,0.9,33.86,NEUTRAL,DOWNTREND,DII,-3.25,-1.96,,0.19
SERVOTECH,CAPITAL_GOODS,97.25,2026-07-13,34.08,33.6,32.54,50.0,38.89,37.58,NEUTRAL,0.9,33.82,NEUTRAL,CONSOLIDATING,RETAIL,-2.57,21.61,-32.99,0.642
SPCENET,TELECOM,3.8,2026-07-13,60.64,0.0,32.74,50.0,38.89,37.54,NEUTRAL,0.9,33.79,NEUTRAL,INSUFFICIENT_DATA,DII,13.1,-3.8,,1.218
STARCEMENT,CEMENT,206.31,2026-07-13,28.97,33.56,38.7,50.0,38.89,37.53,NEUTRAL,0.9,33.78,NEUTRAL,DOWNTREND,DII,-0.74,-4.66,-8.79,0.27
DONEAR,TEXTILES,85.71,2026-07-13,19.31,47.12,37.16,50.0,38.89,37.52,NEUTRAL,0.9,33.77,NEUTRAL,DOWNTREND,RETAIL,-3.96,-5.26,-20.3,0.32
TATACHEM,CHEMICALS,714.4,2026-07-13,30.9,39.18,30.65,50.0,38.89,37.52,NEUTRAL,0.9,33.77,NEUTRAL,DOWNTREND,RETAIL,-0.83,3.55,-23.34,0.253
ISFT,RETAIL,77.65,2026-07-13,25.59,30.42,37.54,50.0,50.0,37.49,NEUTRAL,0.9,33.74,NEUTRAL,DOWNTREND,RETAIL,-9.42,9.8,-27.52,1.208
KSCL,AGRICULTURE,864.35,2026-07-13,24.97,41.12,37.73,47.98,38.89,37.44,NEUTRAL,0.9,33.7,NEUTRAL,DOWNTREND,DII,-1.34,-6.76,-21.47,0.103
ALPA,PHARMA,68.91,2026-07-13,29.14,30.62,32.63,50.0,50.0,37.44,NEUTRAL,0.9,33.7,NEUTRAL,DOWNTREND,RETAIL,1.34,-0.19,-33.54,0.516
MONTECARLO,TEXTILES,537.25,2026-07-13,36.64,24.8,37.16,50.0,38.89,37.39,NEUTRAL,0.9,33.65,NEUTRAL,DOWNTREND,RETAIL,0.31,-2.17,-10.76,2.92
RADIOCITY,MEDIA,6.07,2026-07-13,24.3,29.02,40.07,50.0,50.0,37.39,NEUTRAL,0.9,33.65,NEUTRAL,DOWNTREND,RETAIL,-0.49,-5.3,-34.24,0.399
TCS,IT,2181.5,2026-07-13,27.89,30.24,32.05,47.98,55.56,37.36,NEUTRAL,0.9,33.62,NEUTRAL,DOWNTREND,RETAIL,1.28,-13.58,-31.61,2.458
GODREJAGRO,AGRICULTURE,565.4,2026-07-13,32.43,29.04,37.73,50.0,38.89,37.3,NEUTRAL,0.9,33.57,NEUTRAL,DOWNTREND,DII,0.85,-4.55,-29.39,0.731
VAKRANGEE,IT,6.12,2026-07-13,33.33,25.28,32.05,50.0,50.0,37.3,NEUTRAL,0.9,33.57,NEUTRAL,DOWNTREND,RETAIL,0.16,-5.85,,1.442
INFY,IT,1102.6,2026-07-13,16.34,27.62,32.05,47.98,77.78,37.28,NEUTRAL,0.9,33.55,NEUTRAL,DOWNTREND,RETAIL,-3.73,-14.69,-30.48,1.436
PALASHSECU,FMCG,90.36,2026-07-13,25.51,34.06,32.96,50.0,50.0,37.28,NEUTRAL,0.9,33.55,NEUTRAL,DOWNTREND,RETAIL,-2.39,-3.53,-26.99,4.888
INDIAMART,RETAIL,1952.6,2026-07-13,19.37,45.44,37.54,50.0,38.89,37.27,NEUTRAL,0.9,33.54,NEUTRAL,DOWNTREND,RETAIL,-2.86,-7.02,-26.39,0.673
INCREDIBLE,METAL,33.32,2026-07-13,28.59,26.04,36.81,50.0,50.0,37.22,NEUTRAL,0.9,33.5,NEUTRAL,DOWNTREND,DII,-2.89,-4.91,,0.817
ABLBL,RETAIL,99.24,2026-07-13,33.13,27.88,37.54,50.0,38.89,37.2,NEUTRAL,0.9,33.48,NEUTRAL,DOWNTREND,RETAIL,1.92,-1.9,-35.95,1.835
CSLFINANCE,FINANCIAL_SERVICES,226.14,2026-07-13,28.23,36.84,34.6,50.0,38.89,37.18,NEUTRAL,0.9,33.46,NEUTRAL,DOWNTREND,RETAIL,1.24,-5.5,-29.1,0.687
ARIS,INFRASTRUCTURE,109.17,2026-07-13,23.93,37.32,31.01,50.0,50.0,37.15,NEUTRAL,0.9,33.44,NEUTRAL,INSUFFICIENT_DATA,RETAIL,-3.73,-3.55,,0.268
NSIL,FINANCIAL_SERVICES,5492.5,2026-07-13,30.29,25.84,34.6,50.0,50.0,37.16,NEUTRAL,0.9,33.44,NEUTRAL,DOWNTREND,RETAIL,0.56,-2.17,-23.43,0.639
RADAAN,MEDIA,2.94,2026-07-13,16.57,37.38,40.07,50.0,50.0,37.13,NEUTRAL,0.9,33.42,NEUTRAL,DOWNTREND,RETAIL,-4.23,-8.98,-28.47,0.532
WAAREEENER,CAPITAL_GOODS,2880.2,2026-07-13,19.79,49.04,32.54,50.0,38.89,37.1,NEUTRAL,0.9,33.39,NEUTRAL,DOWNTREND,RETAIL,-4.54,-12.23,-7.75,0.637
JARO,HEALTHCARE,524.9,2026-07-13,39.99,17.96,38.35,50.0,38.89,37.09,NEUTRAL,0.9,33.38,NEUTRAL,STRONG_UPTREND,DII,-3.0,22.93,,0.586
RVHL,REALTY,44.81,2026-07-13,31.28,25.58,33.21,50.0,50.0,37.08,NEUTRAL,0.9,33.37,NEUTRAL,INSUFFICIENT_DATA,RETAIL,-7.87,12.11,-0.8,0.234
SPMLINFRA,INFRASTRUCTURE,192.16,2026-07-13,38.39,18.84,31.01,50.0,50.0,37.07,NEUTRAL,0.9,33.36,NEUTRAL,DOWNTREND,RETAIL,3.31,1.75,-28.76,0.233
MOIL,METAL,276.4,2026-07-13,19.58,36.52,36.81,50.0,50.0,37.06,NEUTRAL,0.9,33.35,NEUTRAL,DOWNTREND,DII,-3.14,-9.58,-27.68,0.635
ZEEMEDIA,MEDIA,8.31,2026-07-13,34.04,15.1,40.07,50.0,50.0,37.04,NEUTRAL,0.9,33.34,NEUTRAL,INSUFFICIENT_DATA,RETAIL,0.61,,-42.17,0.52
AMJLAND,CHEMICALS,38.18,2026-07-13,37.17,20.44,30.65,50.0,50.0,37.01,NEUTRAL,0.9,33.31,NEUTRAL,DOWNTREND,RETAIL,5.88,-10.9,-38.73,0.553
DCMSRIND,DIVERSIFIED,41.53,2026-07-13,50.42,0.0,42.82,50.0,38.89,37.0,NEUTRAL,0.9,33.3,NEUTRAL,DOWNTREND,RETAIL,8.92,1.74,-75.77,1.433
GOPAL,FMCG,267.2,2026-07-13,24.11,34.28,32.96,50.0,50.0,36.98,NEUTRAL,0.9,33.28,NEUTRAL,DOWNTREND,RETAIL,-4.01,0.85,-26.56,0.926
ZFCVINDIA,FINANCIAL_SERVICES,2321.3,2026-07-13,1.56,52.52,34.6,50.0,61.11,36.98,NEUTRAL,0.9,33.28,NEUTRAL,DOWNTREND,RETAIL,-84.22,-83.84,-82.33,0.373
JISLJALEQS,CAPITAL_GOODS,32.23,2026-07-13,44.37,9.26,32.54,50.0,50.0,36.95,NEUTRAL,0.9,33.26,NEUTRAL,DOWNTREND,RETAIL,7.15,-1.17,-39.97,0.583
JINDALPOLY,CHEMICALS,687.6,2026-07-13,32.75,33.98,30.65,50.0,38.89,36.95,NEUTRAL,0.9,33.26,NEUTRAL,STRONG_UPTREND,RETAIL,-1.83,-10.7,10.9,1.825
HPIL,CHEMICALS,121.14,2026-07-13,23.08,37.76,30.65,50.0,50.0,36.95,NEUTRAL,0.9,33.26,NEUTRAL,DOWNTREND,RETAIL,-5.66,-2.71,-14.8,0.995
TATSILV,OTHER,21.08,2026-07-13,29.79,20.12,39.76,50.0,50.0,36.92,NEUTRAL,0.9,33.23,NEUTRAL,DOWNTREND,DII,-5.81,-8.47,90.77,0.664
KANANIIND,CAPITAL_GOODS,1.54,2026-07-13,22.97,35.68,32.54,50.0,50.0,36.89,NEUTRAL,0.9,33.2,NEUTRAL,DOWNTREND,RETAIL,-0.65,-11.49,-26.67,1.051
DBL,INFRASTRUCTURE,418.15,2026-07-13,25.03,42.96,31.01,50.0,38.89,36.88,NEUTRAL,0.9,33.19,NEUTRAL,DOWNTREND,RETAIL,-3.24,-4.01,-14.09,0.624
SILVER360,OTHER,213.74,2026-07-13,29.99,19.4,39.76,50.0,50.0,36.83,NEUTRAL,0.9,33.15,NEUTRAL,DOWNTREND,DII,-5.91,-8.09,90.35,0.688
DAVANGERE,FMCG,3.49,2026-07-13,29.38,26.9,32.96,50.0,50.0,36.82,NEUTRAL,0.9,33.14,NEUTRAL,DOWNTREND,RETAIL,-1.97,-5.68,-1.41,0.7
THEINVEST,FINANCIAL_SERVICES,98.18,2026-07-13,44.24,6.62,34.6,50.0,50.0,36.8,NEUTRAL,0.9,33.12,NEUTRAL,DOWNTREND,RETAIL,7.25,-4.84,-37.83,1.187
REGENCERAM,CAPITAL_GOODS,39.29,2026-07-13,16.8,42.9,32.54,50.0,50.0,36.79,NEUTRAL,0.9,33.11,NEUTRAL,DOWNTREND,RETAIL,-3.58,-15.69,-15.78,0.358
DANGEE,FMCG,3.2,2026-07-13,29.91,25.98,32.96,50.0,50.0,36.77,NEUTRAL,0.9,33.09,NEUTRAL,DOWNTREND,RETAIL,-0.93,-5.33,,0.735
KOTHARIPRO,FMCG,68.99,2026-07-13,29.46,26.58,32.96,50.0,50.0,36.77,NEUTRAL,0.9,33.09,NEUTRAL,DOWNTREND,RETAIL,-1.65,1.52,-17.48,0.415
CONS,OTHER,11.96,2026-07-13,45.24,0.0,39.76,50.0,50.0,36.76,NEUTRAL,0.9,33.08,NEUTRAL,DOWNTREND,DII,4.82,4.27,-89.98,4.665
ORIENTTECH,TEXTILES,258.8,2026-07-13,36.75,10.9,37.16,47.98,55.56,36.73,NEUTRAL,0.9,33.06,NEUTRAL,DOWNTREND,RETAIL,3.87,-5.75,-22.91,0.526
IPL,CHEMICALS,156.76,2026-07-13,30.37,27.54,30.65,50.0,50.0,36.73,NEUTRAL,0.9,33.06,NEUTRAL,DOWNTREND,RETAIL,-1.83,5.94,-27.16,0.489
BCONCEPTS,RETAIL,214.89,2026-07-13,46.84,0.0,37.54,50.0,50.0,36.72,NEUTRAL,0.9,33.05,NEUTRAL,INSUFFICIENT_DATA,RETAIL,14.68,-13.76,-37.42,0.377
WILLAMAGOR,FINANCIAL_SERVICES,25.51,2026-07-13,19.95,36.06,34.6,50.0,50.0,36.62,NEUTRAL,0.9,32.96,NEUTRAL,DOWNTREND,RETAIL,-3.37,-4.56,-26.51,0.642
NESCO,REALTY,1085.6,2026-07-13,30.52,32.48,33.21,50.0,38.89,36.6,NEUTRAL,0.9,32.94,NEUTRAL,DOWNTREND,RETAIL,0.1,-5.42,-15.27,1.262
KNRCON,INFRASTRUCTURE,129.02,2026-07-13,47.67,13.18,31.01,50.0,38.89,36.59,NEUTRAL,0.9,32.93,NEUTRAL,DOWNTREND,RETAIL,5.49,8.73,-42.37,0.392
TEAMGTY,FINANCIAL_SERVICES,231.19,2026-07-13,17.44,39.04,34.6,50.0,50.0,36.59,NEUTRAL,0.9,32.93,NEUTRAL,INSUFFICIENT_DATA,RETAIL,-4.86,-13.35,,0.369
BANKNIFTY1,OTHER,60.25,2026-07-13,44.43,0.0,39.76,50.0,50.0,36.56,NEUTRAL,0.9,32.9,NEUTRAL,DOWNTREND,DII,5.39,1.81,-89.62,2.592
TARMAT,INFRASTRUCTURE,48.98,2026-07-13,25.34,32.56,31.01,50.0,50.0,36.55,NEUTRAL,0.9,32.89,NEUTRAL,DOWNTREND,RETAIL,-4.8,,-20.68,0.205
AMRUTANJAN,PHARMA,540.45,2026-07-13,20.76,36.66,32.63,50.0,50.0,36.55,NEUTRAL,0.9,32.89,NEUTRAL,DOWNTREND,RETAIL,-5.02,0.75,-21.79,0.385
JPPOWER,POWER,16.79,2026-07-13,19.33,37.06,33.82,50.0,50.0,36.51,NEUTRAL,0.9,32.86,NEUTRAL,DOWNTREND,MIXED,-6.72,-2.38,-26.55,0.498
COMFINTE,FMCG,5.72,2026-07-13,30.08,24.48,32.96,50.0,50.0,36.51,NEUTRAL,0.9,32.86,NEUTRAL,INSUFFICIENT_DATA,RETAIL,-4.19,,,0.425
DEVX,OTHER,34.9,2026-07-13,20.84,29.26,39.76,50.0,50.0,36.51,NEUTRAL,0.9,32.86,NEUTRAL,DOWNTREND,DII,-4.93,-7.72,,0.512
BRNL,INFRASTRUCTURE,18.11,2026-07-13,21.81,36.68,31.01,50.0,50.0,36.49,NEUTRAL,0.9,32.84,NEUTRAL,DOWNTREND,RETAIL,-4.63,-11.74,,1.148
SILVER,OTHER,216.73,2026-07-13,30.84,16.56,39.76,50.0,50.0,36.47,NEUTRAL,0.9,32.82,NEUTRAL,DOWNTREND,DII,-6.04,-8.2,90.8,1.045
TIJARIA,CAPITAL_GOODS,4.37,2026-07-13,35.27,18.1,32.54,50.0,50.0,36.45,NEUTRAL,0.9,32.81,NEUTRAL,INSUFFICIENT_DATA,RETAIL,-1.35,,,0.558
JWL,INFRASTRUCTURE,259.65,2026-07-13,19.58,39.26,31.01,50.0,50.0,36.45,NEUTRAL,0.9,32.81,NEUTRAL,DOWNTREND,RETAIL,-4.14,-3.17,-29.17,0.644
RAJMET,METAL,3.59,2026-07-13,21.21,31.02,36.81,50.0,50.0,36.37,NEUTRAL,0.9,32.73,NEUTRAL,DOWNTREND,DII,-5.28,-10.92,,0.762
SESHAPAPER,CHEMICALS,220.85,2026-07-13,18.64,48.72,30.65,50.0,38.89,36.37,NEUTRAL,0.9,32.73,NEUTRAL,DOWNTREND,RETAIL,-2.85,-17.2,-25.25,1.03
UPL,CHEMICALS,591.75,2026-07-13,20.97,45.72,30.65,50.0,38.89,36.35,NEUTRAL,0.9,32.72,NEUTRAL,DOWNTREND,RETAIL,-3.15,-8.23,-13.85,0.286
AROGRANITE,REALTY,25.7,2026-07-13,38.71,12.64,33.21,50.0,50.0,36.35,NEUTRAL,0.9,32.72,NEUTRAL,DOWNTREND,RETAIL,3.5,5.11,-33.68,0.138
MALUPAPER,CHEMICALS,30.61,2026-07-13,23.37,34.34,30.65,50.0,50.0,36.34,NEUTRAL,0.9,32.71,NEUTRAL,DOWNTREND,RETAIL,-1.35,-8.68,-24.94,0.89
RUCHINFRA,INFRASTRUCTURE,5.79,2026-07-13,18.17,40.36,31.01,50.0,50.0,36.32,NEUTRAL,0.9,32.69,NEUTRAL,DOWNTREND,RETAIL,-5.85,-10.23,,0.389
KPEL,POWER,329.75,2026-07-13,33.07,18.86,33.82,50.0,50.0,36.3,NEUTRAL,0.9,32.67,NEUTRAL,DOWNTREND,MIXED,-3.27,9.33,-35.85,0.97
IRCON,INFRASTRUCTURE,131.81,2026-07-13,25.7,35.02,31.01,50.0,44.44,36.3,NEUTRAL,0.9,32.67,NEUTRAL,DOWNTREND,RETAIL,-0.9,-3.44,-29.48,0.663
CAMLINFINE,PHARMA,126.15,2026-07-13,43.07,7.36,32.63,50.0,50.0,36.27,NEUTRAL,0.9,32.64,NEUTRAL,DOWNTREND,RETAIL,-0.99,20.52,,0.858
SUPREMEIND,REALTY,3334.6,2026-07-13,17.34,42.96,33.21,50.0,44.44,36.24,NEUTRAL,0.9,32.62,NEUTRAL,DOWNTREND,RETAIL,-4.41,-12.3,-20.92,0.925
SURANASOL,CAPITAL_GOODS,25.19,2026-07-13,25.54,28.92,32.54,50.0,50.0,36.18,NEUTRAL,0.9,32.56,NEUTRAL,DOWNTREND,RETAIL,-6.81,8.16,-24.4,0.674
ALPHAGEO,ENERGY,199.92,2026-07-13,30.64,34.62,28.81,50.0,38.89,36.18,NEUTRAL,0.9,32.56,NEUTRAL,DOWNTREND,MIXED,2.15,-10.98,-31.76,0.962
GREENPOWER,POWER,10.14,2026-07-13,19.77,34.84,33.82,50.0,50.0,36.17,NEUTRAL,0.9,32.55,NEUTRAL,DOWNTREND,MIXED,-8.57,1.3,-32.08,0.718
ZAGGLE,IT,217.8,2026-07-13,45.61,4.16,32.05,50.0,50.0,36.14,NEUTRAL,0.9,32.53,NEUTRAL,DOWNTREND,RETAIL,10.57,-13.39,-47.48,3.276
SELMC,CAPITAL_GOODS,29.02,2026-07-13,21.43,33.86,32.54,50.0,50.0,36.14,NEUTRAL,0.9,32.53,NEUTRAL,INSUFFICIENT_DATA,RETAIL,-2.78,-9.9,,0.285
MOHITIND,TEXTILES,22.89,2026-07-13,33.76,13.9,37.16,50.0,50.0,36.15,NEUTRAL,0.9,32.53,NEUTRAL,DOWNTREND,RETAIL,2.37,-3.54,-26.66,0.493
HONDAPOWER,CAPITAL_GOODS,2143.5,2026-07-13,25.19,33.3,32.54,50.0,44.44,36.13,NEUTRAL,0.9,32.52,NEUTRAL,DOWNTREND,RETAIL,-1.76,-0.71,-28.36,0.744
CSBBANK,BANKING,362.95,2026-07-13,27.15,26.38,32.71,50.0,50.0,36.11,NEUTRAL,0.9,32.5,NEUTRAL,DOWNTREND,MIXED,0.25,-10.36,-15.75,0.948
TEXMOPIPES,CAPITAL_GOODS,44.07,2026-07-13,18.53,37.34,32.54,50.0,50.0,36.11,NEUTRAL,0.9,32.5,NEUTRAL,DOWNTREND,RETAIL,-3.29,-2.28,-31.04,0.231
PATANJALI,FMCG,408.85,2026-07-13,14.69,25.04,32.96,50.0,72.22,36.11,NEUTRAL,0.9,32.5,NEUTRAL,DOWNTREND,RETAIL,-2.56,-12.52,-78.94,0.879
SBISILVER,OTHER,212.71,2026-07-13,28.61,17.52,39.76,50.0,50.0,36.11,NEUTRAL,0.9,32.5,NEUTRAL,DOWNTREND,DII,-5.98,-8.37,90.11,0.485
HDFCSILVER,OTHER,207.6,2026-07-13,30.09,15.66,39.76,50.0,50.0,36.11,NEUTRAL,0.9,32.5,NEUTRAL,DOWNTREND,DII,-5.75,-8.5,89.74,0.762
MANOMAY,TEXTILES,175.28,2026-07-13,16.76,34.9,37.16,50.0,50.0,36.1,NEUTRAL,0.9,32.49,NEUTRAL,INSUFFICIENT_DATA,RETAIL,-10.45,-21.26,4.78,0.311
KHANDSE,FINANCIAL_SERVICES,17.47,2026-07-13,30.29,20.48,34.6,50.0,50.0,36.09,NEUTRAL,0.9,32.48,NEUTRAL,DOWNTREND,RETAIL,-4.8,14.03,-31.08,1.956
ACI,CHEMICALS,529.25,2026-07-13,20.0,45.48,30.65,50.0,38.89,36.06,NEUTRAL,0.9,32.45,NEUTRAL,DOWNTREND,RETAIL,-1.43,-14.04,-24.2,0.465
LORDSCHLO,CHEMICALS,135.4,2026-07-13,40.15,11.9,30.65,50.0,50.0,36.05,NEUTRAL,0.9,32.44,NEUTRAL,INSUFFICIENT_DATA,RETAIL,5.31,-12.34,-25.08,1.206
SALZERELEC,CAPITAL_GOODS,614.8,2026-07-13,26.17,27.46,32.54,50.0,50.0,36.04,NEUTRAL,0.9,32.44,NEUTRAL,DOWNTREND,RETAIL,-3.05,5.11,-27.85,0.351
CAPILLARY,IT,504.05,2026-07-13,27.52,26.18,32.05,50.0,50.0,36.03,NEUTRAL,0.9,32.43,NEUTRAL,INSUFFICIENT_DATA,RETAIL,-0.06,-8.31,,0.135
NDTV,MEDIA,82.29,2026-07-13,54.45,3.16,40.07,47.98,27.78,36.02,NEUTRAL,0.9,32.42,NEUTRAL,DOWNTREND,RETAIL,5.03,7.04,,0.336
WEIZMANIND,TEXTILES,80.13,2026-07-13,23.78,29.88,37.16,50.0,44.44,36.02,NEUTRAL,0.9,32.42,NEUTRAL,DOWNTREND,RETAIL,-2.13,-1.78,-33.23,0.822
SILVERIETF,OTHER,216.5,2026-07-13,29.53,15.94,39.76,50.0,50.0,36.02,NEUTRAL,0.9,32.42,NEUTRAL,DOWNTREND,DII,-6.2,-8.37,90.75,0.723
INFOBEAN,IT,167.85,2026-07-13,20.7,30.36,32.05,50.0,55.56,35.99,NEUTRAL,0.9,32.39,NEUTRAL,DOWNTREND,RETAIL,-0.77,-9.33,-60.38,1.953
SILVERBEES,OTHER,207.46,2026-07-13,29.96,15.26,39.76,50.0,50.0,35.99,NEUTRAL,0.9,32.39,NEUTRAL,DOWNTREND,DII,-5.95,-8.42,90.14,0.791
EXCELINDUS,CHEMICALS,911.4,2026-07-13,28.09,26.58,30.65,50.0,50.0,35.97,NEUTRAL,0.9,32.37,NEUTRAL,DOWNTREND,RETAIL,0.25,-2.67,-34.29,0.863
FLAIR,FMCG,264.15,2026-07-13,15.8,47.98,32.96,50.0,38.89,35.97,NEUTRAL,0.9,32.37,NEUTRAL,DOWNTREND,RETAIL,-6.46,-16.53,-17.39,1.119
ISHANCH,CHEMICALS,55.36,2026-07-13,23.05,32.8,30.65,50.0,50.0,35.95,NEUTRAL,0.9,32.36,NEUTRAL,INSUFFICIENT_DATA,RETAIL,-6.17,-1.41,,0.511
KAYA,HEALTHCARE,243.06,2026-07-13,32.49,13.32,38.35,50.0,50.0,35.96,NEUTRAL,0.9,32.36,NEUTRAL,INSUFFICIENT_DATA,DII,2.64,-11.65,,0.09
LANDMARK,AUTO,422.9,2026-07-13,30.63,27.62,34.67,50.0,38.89,35.95,NEUTRAL,0.9,32.36,NEUTRAL,DOWNTREND,RETAIL,0.59,-0.44,-21.39,0.635
SAMBHAAV,MEDIA,6.37,2026-07-13,32.78,11.26,40.07,50.0,50.0,35.96,NEUTRAL,0.9,32.36,NEUTRAL,INSUFFICIENT_DATA,RETAIL,1.76,-15.18,-8.87,0.31
WEBELSOLAR,CAPITAL_GOODS,99.67,2026-07-13,29.75,26.72,32.54,50.0,44.44,35.96,NEUTRAL,0.9,32.36,NEUTRAL,CONSOLIDATING,RETAIL,-3.77,26.34,-92.68,0.629
LPDC,REALTY,6.46,2026-07-13,17.91,36.58,33.21,50.0,50.0,35.94,NEUTRAL,0.9,32.35,NEUTRAL,DOWNTREND,RETAIL,-2.42,-17.6,-24.88,0.737
CLEAN,CHEMICALS,772.0,2026-07-13,38.54,17.42,30.65,50.0,44.44,35.92,NEUTRAL,0.9,32.33,NEUTRAL,DOWNTREND,RETAIL,2.58,6.58,-41.46,0.464
SILVERCASE,OTHER,21.99,2026-07-13,29.24,15.7,39.76,50.0,50.0,35.9,NEUTRAL,0.9,32.31,NEUTRAL,DOWNTREND,DII,-6.23,-8.49,90.22,0.714
NFL,CHEMICALS,73.63,2026-07-13,22.78,41.1,30.65,50.0,38.89,35.88,NEUTRAL,0.9,32.29,NEUTRAL,DOWNTREND,RETAIL,-2.36,-2.45,-25.08,0.318
GOYALALUM,METAL,6.63,2026-07-13,30.76,16.62,36.81,50.0,50.0,35.88,NEUTRAL,0.9,32.29,NEUTRAL,INSUFFICIENT_DATA,DII,-4.19,,-17.23,0.779
HGM,IT,51.26,2026-07-13,21.32,33.14,32.05,50.0,50.0,35.87,NEUTRAL,0.9,32.28,NEUTRAL,INSUFFICIENT_DATA,RETAIL,-7.95,-0.76,,0.365
CROWN,CAPITAL_GOODS,113.88,2026-07-13,32.0,19.24,32.54,50.0,50.0,35.86,NEUTRAL,0.9,32.27,NEUTRAL,DOWNTREND,RETAIL,4.34,-9.29,-32.47,0.377
HGS,IT,417.4,2026-07-13,19.63,34.98,32.05,50.0,50.0,35.81,NEUTRAL,0.9,32.23,NEUTRAL,DOWNTREND,RETAIL,-7.32,2.28,-32.03,0.703
BTML,MEDIA,6.38,2026-07-13,23.95,21.52,40.07,50.0,50.0,35.81,NEUTRAL,0.9,32.23,NEUTRAL,DOWNTREND,RETAIL,-3.48,-4.78,-24.59,1.425
UNIECOM,HEALTHCARE,88.16,2026-07-13,33.54,13.18,38.35,47.98,50.0,35.79,NEUTRAL,0.9,32.21,NEUTRAL,DOWNTREND,DII,4.12,-4.29,-31.56,0.185
JSLL,PHARMA,580.45,2026-07-13,24.36,36.66,32.63,50.0,38.89,35.78,NEUTRAL,0.9,32.2,NEUTRAL,DOWNTREND,RETAIL,-0.24,-12.96,,0.322
TOUCHWOOD,MEDIA,70.32,2026-07-13,33.01,9.88,40.07,50.0,50.0,35.74,NEUTRAL,0.9,32.17,NEUTRAL,DOWNTREND,RETAIL,1.85,-3.66,-30.44,0.522
EXXARO,CAPITAL_GOODS,6.55,2026-07-13,27.04,26.82,32.54,47.98,50.0,35.73,NEUTRAL,0.9,32.16,NEUTRAL,INSUFFICIENT_DATA,RETAIL,0.31,-9.78,,0.073
3PLAND,FINANCIAL_SERVICES,32.65,2026-07-13,26.47,23.44,34.6,50.0,50.0,35.73,NEUTRAL,0.9,32.16,NEUTRAL,DOWNTREND,RETAIL,0.46,-7.64,-31.52,1.569
VRLLOG,LOGISTICS,230.97,2026-07-13,17.25,44.36,33.47,50.0,38.89,35.71,NEUTRAL,0.9,32.14,NEUTRAL,DOWNTREND,RETAIL,-1.48,-12.34,-63.67,0.961
MAGNUM,CHEMICALS,19.6,2026-07-13,24.44,29.58,30.65,50.0,50.0,35.66,NEUTRAL,0.9,32.09,NEUTRAL,DOWNTREND,RETAIL,-0.61,-11.75,-21.88,0.78
GILLANDERS,FMCG,89.33,2026-07-13,32.04,17.62,32.96,50.0,50.0,35.63,NEUTRAL,0.9,32.07,NEUTRAL,DOWNTREND,RETAIL,1.44,-1.05,-32.09,0.589
PARAGMILK,FMCG,229.46,2026-07-13,35.39,21.74,32.96,50.0,38.89,35.62,NEUTRAL,0.9,32.06,NEUTRAL,DOWNTREND,RETAIL,-3.48,12.32,-10.08,0.55
DHARMAJ,CHEMICALS,256.2,2026-07-13,18.9,36.28,30.65,50.0,50.0,35.61,NEUTRAL,0.9,32.05,NEUTRAL,CONSOLIDATING,RETAIL,-6.85,-5.16,,0.296
SAKHTISUG,FMCG,16.67,2026-07-13,22.83,28.98,32.96,50.0,50.0,35.6,NEUTRAL,0.9,32.04,NEUTRAL,DOWNTREND,RETAIL,-3.64,0.18,-34.21,1.146
ORISSAMINE,METAL,3784.3,2026-07-13,24.31,23.28,36.81,50.0,50.0,35.6,NEUTRAL,0.9,32.04,NEUTRAL,DOWNTREND,DII,-4.16,0.95,-27.62,0.688
OSWALPUMPS,CAPITAL_GOODS,408.0,2026-07-13,46.3,0.0,32.54,50.0,50.0,35.58,NEUTRAL,0.9,32.02,NEUTRAL,DOWNTREND,RETAIL,5.33,9.77,-43.67,0.511
ARIHANTSUP,REALTY,262.9,2026-07-13,41.88,13.08,33.21,50.0,38.89,35.56,NEUTRAL,0.9,32.0,NEUTRAL,DOWNTREND,RETAIL,4.91,0.29,-40.87,2.068
BAJAJHIND,FMCG,17.7,2026-07-13,19.48,32.84,32.96,50.0,50.0,35.53,NEUTRAL,0.9,31.98,NEUTRAL,DOWNTREND,RETAIL,-5.8,-0.39,-33.16,1.047
SIKKO,CHEMICALS,4.03,2026-07-13,23.13,17.98,30.65,50.0,66.67,35.51,NEUTRAL,0.9,31.96,NEUTRAL,INSUFFICIENT_DATA,RETAIL,1.77,-18.59,-94.64,0.783
RAMAPHO,CHEMICALS,125.71,2026-07-13,41.52,15.76,30.65,50.0,38.89,35.5,NEUTRAL,0.9,31.95,NEUTRAL,DOWNTREND,RETAIL,3.88,-7.15,,0.885
JUNIPER,HOSPITALITY,199.95,2026-07-13,24.85,22.3,36.37,50.0,50.0,35.45,NEUTRAL,0.9,31.91,NEUTRAL,DOWNTREND,MIXED,0.79,-8.12,-37.84,1.133
JUBLFOOD,HOSPITALITY,431.4,2026-07-13,28.18,26.38,36.37,50.0,38.89,35.43,NEUTRAL,0.9,31.89,NEUTRAL,DOWNTREND,MIXED,1.49,-3.06,-36.73,0.607
AVANTIFEED,AGRICULTURE,948.6,2026-07-13,26.21,19.04,37.73,50.0,50.0,35.41,NEUTRAL,0.9,31.87,NEUTRAL,DOWNTREND,DII,-5.64,-34.99,26.34,0.619
ASTRAL,CAPITAL_GOODS,1330.9,2026-07-13,11.82,50.5,32.54,50.0,38.89,35.4,NEUTRAL,0.9,31.86,NEUTRAL,DOWNTREND,RETAIL,-11.36,-18.35,-11.68,0.361
RUSHIL,REALTY,15.8,2026-07-13,51.69,0.0,33.21,50.0,38.89,35.4,NEUTRAL,0.9,31.86,NEUTRAL,DOWNTREND,RETAIL,7.26,5.47,-42.44,1.317
PINELABS,FINANCIAL_SERVICES,155.14,2026-07-13,37.98,9.26,34.6,47.98,50.0,35.36,NEUTRAL,0.9,31.82,NEUTRAL,INSUFFICIENT_DATA,RETAIL,3.21,-12.63,,2.092
GLOBE,TEXTILES,2.15,2026-07-13,17.16,30.7,37.16,50.0,50.0,35.36,NEUTRAL,0.9,31.82,NEUTRAL,DOWNTREND,RETAIL,-6.11,-13.31,-10.04,0.586
HMAAGRO,AGRICULTURE,21.88,2026-07-13,18.67,27.8,37.73,50.0,50.0,35.27,NEUTRAL,0.9,31.74,NEUTRAL,DOWNTREND,DII,-3.61,-7.87,-27.62,0.298
ESILVER,OTHER,216.57,2026-07-13,26.84,15.5,39.76,50.0,50.0,35.26,NEUTRAL,0.9,31.73,NEUTRAL,DOWNTREND,DII,-6.23,-8.59,89.91,0.201
GLOBALVECT,AVIATION,158.42,2026-07-13,16.37,25.82,42.51,50.0,50.0,35.26,NEUTRAL,0.9,31.73,NEUTRAL,DOWNTREND,DII,-2.53,-7.14,-36.21,0.83
TRANSRAILL,CAPITAL_GOODS,506.4,2026-07-13,36.76,18.34,32.54,50.0,38.89,35.2,NEUTRAL,0.9,31.68,NEUTRAL,DOWNTREND,RETAIL,5.89,-8.68,-35.05,0.442
MANAKALUCO,METAL,37.32,2026-07-13,35.96,15.04,36.81,50.0,38.89,35.19,NEUTRAL,0.9,31.67,NEUTRAL,INSUFFICIENT_DATA,DII,-9.44,,31.13,1.133
ATAM,CAPITAL_GOODS,69.94,2026-07-13,30.51,26.02,32.54,50.0,38.89,35.17,NEUTRAL,0.9,31.65,NEUTRAL,DOWNTREND,RETAIL,-0.88,2.52,-32.58,2.094
GUJAPOLLO,CHEMICALS,371.05,2026-07-13,25.73,33.48,30.65,50.0,38.89,35.09,NEUTRAL,0.9,31.58,NEUTRAL,INSUFFICIENT_DATA,RETAIL,0.38,-14.92,-16.52,0.393
TCC,RETAIL,335.9,2026-07-13,18.21,27.62,37.54,50.0,50.0,35.08,NEUTRAL,0.9,31.57,NEUTRAL,INSUFFICIENT_DATA,RETAIL,-8.83,-9.13,,1.017
SANOFI,PHARMA,3343.7,2026-07-13,37.71,12.3,32.63,50.0,44.44,35.08,NEUTRAL,0.9,31.57,NEUTRAL,DOWNTREND,RETAIL,5.26,-4.24,-43.81,1.823
UGROCAP,FINANCIAL_SERVICES,97.83,2026-07-13,41.24,1.64,34.6,50.0,50.0,35.06,NEUTRAL,0.9,31.55,NEUTRAL,DOWNTREND,RETAIL,4.42,4.22,-44.9,0.788
NIPPOBATRY,FMCG,338.4,2026-07-13,23.51,33.78,32.96,50.0,38.89,35.06,NEUTRAL,0.9,31.55,NEUTRAL,DOWNTREND,RETAIL,-2.62,-0.01,-26.94,0.364
KUANTUM,CHEMICALS,76.94,2026-07-13,34.51,13.98,30.65,50.0,50.0,35.05,NEUTRAL,0.9,31.54,NEUTRAL,DOWNTREND,RETAIL,4.42,-8.11,-41.15,0.802
GFLLIMITED,FINANCIAL_SERVICES,46.41,2026-07-13,30.57,14.6,34.6,50.0,50.0,34.98,NEUTRAL,0.9,31.48,NEUTRAL,DOWNTREND,RETAIL,0.06,2.29,-27.83,0.541
ZENITHEXPO,TEXTILES,201.0,2026-07-13,28.69,14.32,37.16,50.0,50.0,34.97,NEUTRAL,0.9,31.47,NEUTRAL,DOWNTREND,RETAIL,-2.45,1.69,-14.96,0.347
COHANCE,PHARMA,449.75,2026-07-13,43.65,0.0,32.63,50.0,50.0,34.94,NEUTRAL,0.9,31.45,NEUTRAL,DOWNTREND,RETAIL,4.47,19.01,-58.49,0.192
QNIFTY,OTHER,266.3,2026-07-13,37.9,0.0,39.76,50.0,50.0,34.93,NEUTRAL,0.9,31.44,NEUTRAL,DOWNTREND,DII,4.6,1.19,-90.21,0.411
WSI,INFRASTRUCTURE,65.67,2026-07-13,18.62,32.8,31.01,50.0,50.0,34.92,NEUTRAL,0.9,31.43,NEUTRAL,DOWNTREND,RETAIL,-7.65,-13.22,,1.631
GATECHDVR,FINANCIAL_SERVICES,0.44,2026-07-13,16.94,31.34,34.6,50.0,50.0,34.92,NEUTRAL,0.9,31.43,NEUTRAL,INSUFFICIENT_DATA,RETAIL,-8.33,-6.38,,0.34
LANDSMILL,OTHER,0.75,2026-07-13,15.22,28.2,39.76,50.0,50.0,34.9,NEUTRAL,0.9,31.41,NEUTRAL,INSUFFICIENT_DATA,DII,-14.77,-32.43,,1.537
MONEYBOXX,FINANCIAL_SERVICES,60.81,2026-07-13,12.23,32.92,34.6,50.0,55.56,34.9,NEUTRAL,0.9,31.41,NEUTRAL,INSUFFICIENT_DATA,RETAIL,-13.28,-16.48,,0.268
CAPTRUST,OTHER,12.65,2026-07-13,51.07,0.0,39.76,50.0,27.78,34.89,NEUTRAL,0.9,31.4,NEUTRAL,INSUFFICIENT_DATA,DII,,,,1.0
INTENTECH,IT,96.99,2026-07-13,26.93,29.4,32.05,50.0,38.89,34.86,NEUTRAL,0.9,31.37,NEUTRAL,INSUFFICIENT_DATA,RETAIL,-5.5,-5.79,4.09,1.135
RTNPOWER,POWER,9.02,2026-07-13,28.6,17.22,33.82,50.0,50.0,34.86,NEUTRAL,0.9,31.37,NEUTRAL,DOWNTREND,MIXED,-1.85,0.67,-40.54,0.863
ITC,FMCG,279.65,2026-07-13,21.59,30.98,32.96,50.0,44.44,34.85,NEUTRAL,0.9,31.36,NEUTRAL,DOWNTREND,RETAIL,-1.41,-8.09,-33.85,0.99
ROHLTD,HOSPITALITY,325.3,2026-07-13,32.61,9.64,36.37,50.0,50.0,34.85,NEUTRAL,0.9,31.36,NEUTRAL,DOWNTREND,MIXED,4.15,-12.06,-24.12,0.467
PNC,MEDIA,20.4,2026-07-13,37.01,0.4,40.07,50.0,50.0,34.85,NEUTRAL,0.9,31.36,NEUTRAL,INSUFFICIENT_DATA,RETAIL,3.03,-11.3,,0.275
LAXMIDENTL,HEALTHCARE,221.94,2026-07-13,38.45,0.0,38.35,50.0,50.0,34.78,NEUTRAL,0.9,31.3,NEUTRAL,DOWNTREND,DII,1.75,16.76,-53.98,0.416
GANGESSECU,FMCG,117.26,2026-07-13,17.43,31.64,32.96,50.0,50.0,34.78,NEUTRAL,0.9,31.3,NEUTRAL,DOWNTREND,RETAIL,-4.6,-5.17,-28.15,0.576
BELLACASA,TEXTILES,255.25,2026-07-13,43.85,2.64,37.16,50.0,38.89,34.76,NEUTRAL,0.9,31.28,NEUTRAL,DOWNTREND,RETAIL,11.03,-10.26,-39.44,0.262
BATAINDIA,FMCG,695.6,2026-07-13,35.69,8.48,32.96,50.0,50.0,34.71,NEUTRAL,0.9,31.24,NEUTRAL,DOWNTREND,RETAIL,4.75,-2.77,-42.96,0.146
ALICON,AUTO,637.65,2026-07-13,24.61,24.78,34.67,50.0,44.44,34.71,NEUTRAL,0.9,31.24,NEUTRAL,DOWNTREND,RETAIL,-1.07,-1.4,-31.88,0.918
JAINREC,METAL,338.5,2026-07-13,28.08,13.98,36.81,50.0,50.0,34.68,NEUTRAL,0.9,31.21,NEUTRAL,DOWNTREND,DII,0.16,-20.69,,0.324
DHANUKA,CHEMICALS,1043.6,2026-07-13,26.28,5.68,30.65,50.0,72.22,34.67,NEUTRAL,0.9,31.2,NEUTRAL,DOWNTREND,RETAIL,-1.78,1.8,-40.6,0.929
SILINV,FINANCIAL_SERVICES,420.85,2026-07-13,33.13,9.74,34.6,50.0,50.0,34.65,NEUTRAL,0.9,31.18,NEUTRAL,DOWNTREND,RETAIL,1.85,-2.07,-30.42,1.029
TTL,TEXTILES,6.74,2026-07-13,34.04,14.24,37.16,50.0,38.89,34.62,NEUTRAL,0.9,31.16,NEUTRAL,INSUFFICIENT_DATA,RETAIL,-3.71,,,1.803
PRAENG,REALTY,19.41,2026-07-13,18.31,29.4,33.21,50.0,50.0,34.6,NEUTRAL,0.9,31.14,NEUTRAL,INSUFFICIENT_DATA,RETAIL,-5.32,-12.72,-8.66,0.594
TGBHOTELS,HOSPITALITY,8.72,2026-07-13,18.71,25.56,36.37,50.0,50.0,34.56,NEUTRAL,0.9,31.1,NEUTRAL,DOWNTREND,MIXED,-3.65,-7.63,-27.39,1.221
PIONRINV,FINANCIAL_SERVICES,81.34,2026-07-13,24.47,20.12,34.6,50.0,50.0,34.56,NEUTRAL,0.9,31.1,NEUTRAL,INSUFFICIENT_DATA,RETAIL,-18.13,,,0.475
KREBSBIO,PHARMA,54.92,2026-07-13,15.21,33.16,32.63,50.0,50.0,34.46,NEUTRAL,0.9,31.01,NEUTRAL,INSUFFICIENT_DATA,RETAIL,-16.8,-11.19,,0.71
NAGREEKEXP,TEXTILES,24.37,2026-07-13,20.52,21.86,37.16,50.0,50.0,34.43,NEUTRAL,0.9,30.99,NEUTRAL,DOWNTREND,RETAIL,-9.77,0.95,-10.6,0.177
TARC,REALTY,123.72,2026-07-13,23.81,23.72,33.21,47.98,50.0,34.43,NEUTRAL,0.9,30.99,NEUTRAL,DOWNTREND,RETAIL,-0.06,-1.06,-36.93,0.11
VARDMNPOLY,OTHER,6.66,2026-07-13,20.86,18.4,39.76,50.0,50.0,34.35,NEUTRAL,0.9,30.92,NEUTRAL,INSUFFICIENT_DATA,DII,-5.67,,-39.84,0.453
KALPATARU,REALTY,284.9,2026-07-13,14.49,32.72,33.21,50.0,50.0,34.31,NEUTRAL,0.9,30.88,NEUTRAL,DOWNTREND,RETAIL,-8.57,-6.34,-31.56,2.996
FINKURVE,FINANCIAL_SERVICES,65.73,2026-07-13,39.52,0.0,34.6,50.0,50.0,34.3,NEUTRAL,0.9,30.87,NEUTRAL,DOWNTREND,RETAIL,2.13,1.81,,0.178
PRSMJOHNSN,CEMENT,112.57,2026-07-13,13.86,27.92,38.7,50.0,50.0,34.29,NEUTRAL,0.9,30.86,NEUTRAL,DOWNTREND,DII,-4.63,-10.84,-29.15,0.502
SSDL,TEXTILES,55.45,2026-07-13,28.84,10.58,37.16,50.0,50.0,34.26,NEUTRAL,0.9,30.83,NEUTRAL,DOWNTREND,RETAIL,2.27,-10.41,-44.52,1.38
KEEPLEARN,HEALTHCARE,1.87,2026-07-13,23.15,16.52,38.35,50.0,50.0,34.26,NEUTRAL,0.9,30.83,NEUTRAL,DOWNTREND,DII,-5.08,-6.03,,1.517
BIRLANU,REALTY,1301.0,2026-07-13,33.35,8.74,33.21,50.0,50.0,34.23,NEUTRAL,0.9,30.81,NEUTRAL,DOWNTREND,RETAIL,4.23,-8.87,-44.47,2.055
BAJAJINDEF,CAPITAL_GOODS,247.85,2026-07-13,35.97,6.14,32.54,50.0,50.0,34.23,NEUTRAL,0.9,30.81,NEUTRAL,DOWNTREND,RETAIL,6.03,-6.57,-43.82,0.226
GREENPANEL,REALTY,196.07,2026-07-13,33.28,16.98,33.21,50.0,38.89,34.19,NEUTRAL,0.9,30.77,NEUTRAL,DOWNTREND,RETAIL,3.23,-6.19,-32.34,1.016
UBL,FMCG,1334.4,2026-07-13,25.57,26.48,32.96,50.0,38.89,34.11,NEUTRAL,0.9,30.7,NEUTRAL,DOWNTREND,RETAIL,0.53,-8.24,-33.37,0.792
SILVERADD,OTHER,209.08,2026-07-13,28.85,7.22,39.76,50.0,50.0,34.11,NEUTRAL,0.9,30.7,NEUTRAL,DOWNTREND,DII,-5.82,-8.49,90.64,0.485
IRCTC,CAPITAL_GOODS,502.05,2026-07-13,19.68,29.84,32.54,50.0,44.44,34.06,NEUTRAL,0.9,30.65,NEUTRAL,DOWNTREND,RETAIL,-2.01,-7.42,-34.4,0.966
PROZONER,REALTY,43.98,2026-07-13,19.05,27.48,33.21,47.98,50.0,34.0,NEUTRAL,0.9,30.6,NEUTRAL,INSUFFICIENT_DATA,RETAIL,-10.92,-24.05,13.88,0.501
TFL,FINANCIAL_SERVICES,11.35,2026-07-13,20.0,22.7,34.6,50.0,50.0,33.96,NEUTRAL,0.9,30.56,NEUTRAL,DOWNTREND,RETAIL,-4.94,-7.2,,0.462
NETWORK18,FINANCIAL_SERVICES,31.79,2026-07-13,35.03,3.8,34.6,50.0,50.0,33.94,NEUTRAL,0.9,30.55,NEUTRAL,DOWNTREND,RETAIL,4.57,-4.36,-48.08,0.802
SHREYANIND,CHEMICALS,137.98,2026-07-13,31.9,11.62,30.65,50.0,50.0,33.93,NEUTRAL,0.9,30.54,NEUTRAL,DOWNTREND,RETAIL,1.66,-12.7,,0.345
SINTERCOM,AUTO,76.5,2026-07-13,35.16,5.5,34.67,47.98,50.0,33.92,NEUTRAL,0.9,30.53,NEUTRAL,DOWNTREND,RETAIL,6.69,-6.15,-45.83,0.066
AGROPHOS,CHEMICALS,30.28,2026-07-13,26.02,27.22,30.65,50.0,38.89,33.91,NEUTRAL,0.9,30.52,NEUTRAL,INSUFFICIENT_DATA,RETAIL,0.2,-9.88,-16.28,0.267
IGL,ENERGY,153.07,2026-07-13,16.21,36.98,28.81,50.0,44.44,33.88,NEUTRAL,0.9,30.49,NEUTRAL,DOWNTREND,MIXED,-5.61,-5.12,-28.83,0.491
SATIA,CHEMICALS,55.39,2026-07-13,29.92,22.14,30.65,50.0,38.89,33.87,NEUTRAL,0.9,30.48,NEUTRAL,DOWNTREND,RETAIL,3.55,-13.91,-38.13,0.68
LAXMICOT,TEXTILES,15.17,2026-07-13,35.7,0.0,37.16,50.0,50.0,33.86,NEUTRAL,0.9,30.47,NEUTRAL,INSUFFICIENT_DATA,RETAIL,2.02,,-46.01,0.495
NUCLEUS,IT,773.4,2026-07-13,20.55,32.36,32.05,50.0,38.89,33.85,NEUTRAL,0.9,30.47,NEUTRAL,DOWNTREND,RETAIL,-3.67,-5.3,-30.05,2.019
TOLINS,AUTO,104.04,2026-07-13,35.11,3.0,34.67,50.0,50.0,33.81,NEUTRAL,0.9,30.43,NEUTRAL,DOWNTREND,RETAIL,4.69,-2.11,-36.34,0.373
RPPINFRA,FINANCIAL_SERVICES,66.37,2026-07-13,44.09,0.0,34.6,50.0,38.89,33.78,NEUTRAL,0.9,30.4,NEUTRAL,DOWNTREND,RETAIL,10.34,-11.54,-50.9,1.164
MTNL,INFRASTRUCTURE,29.31,2026-07-13,27.86,15.4,31.01,50.0,50.0,33.75,NEUTRAL,0.9,30.38,NEUTRAL,DOWNTREND,RETAIL,0.55,-0.37,-41.51,0.387
ANMOL,FINANCIAL_SERVICES,10.93,2026-07-13,20.27,23.22,34.6,47.98,50.0,33.73,NEUTRAL,0.9,30.36,NEUTRAL,DOWNTREND,RETAIL,-1.09,-2.93,-36.75,0.094
EFCIL,REALTY,195.34,2026-07-13,45.71,9.44,33.21,47.98,27.78,33.72,NEUTRAL,0.9,30.35,NEUTRAL,DOWNTREND,RETAIL,5.18,-1.85,,0.416
VIPIND,REALTY,300.25,2026-07-13,16.58,26.98,33.21,50.0,50.0,33.68,NEUTRAL,0.9,30.31,NEUTRAL,DOWNTREND,RETAIL,-2.82,-7.44,-36.11,0.545
NEXTMEDIA,MEDIA,3.96,2026-07-13,32.63,0.0,40.07,50.0,50.0,33.67,NEUTRAL,0.9,30.3,NEUTRAL,DOWNTREND,RETAIL,2.59,-6.16,-39.26,0.796
LFIC,FINANCIAL_SERVICES,142.19,2026-07-13,29.06,18.04,34.6,50.0,38.89,33.63,NEUTRAL,0.9,30.27,NEUTRAL,DOWNTREND,RETAIL,-0.52,5.67,-33.93,0.19
BCG,IT,9.8,2026-07-13,30.24,10.74,32.05,50.0,50.0,33.62,NEUTRAL,0.9,30.26,NEUTRAL,INSUFFICIENT_DATA,RETAIL,-4.85,,,0.624
BRIGADE,HOSPITALITY,569.7,2026-07-13,4.37,34.58,36.37,50.0,55.56,33.62,NEUTRAL,0.9,30.26,NEUTRAL,DOWNTREND,MIXED,-12.11,-21.23,-48.76,0.547
ABCOTS,TEXTILES,208.31,2026-07-13,36.31,0.0,37.16,47.98,50.0,33.61,NEUTRAL,0.9,30.25,NEUTRAL,DOWNTREND,RETAIL,4.27,-48.67,,0.266
VIRINCHI,IT,15.97,2026-07-13,38.61,0.0,32.05,50.0,50.0,33.56,NEUTRAL,0.9,30.2,NEUTRAL,INSUFFICIENT_DATA,RETAIL,7.54,-15.32,-45.25,0.588
BESTAGRO,CHEMICALS,15.61,2026-07-13,26.39,0.0,30.65,50.0,72.22,33.56,NEUTRAL,0.9,30.2,NEUTRAL,INSUFFICIENT_DATA,RETAIL,-0.89,,-96.49,0.414
JAIPURKURT,TEXTILES,28.5,2026-07-13,18.51,20.0,37.16,50.0,50.0,33.56,NEUTRAL,0.9,30.2,NEUTRAL,DOWNTREND,RETAIL,-1.72,-6.62,-32.64,0.102
MOL,CHEMICALS,48.8,2026-07-13,39.73,0.0,30.65,50.0,50.0,33.56,NEUTRAL,0.9,30.2,NEUTRAL,DOWNTREND,RETAIL,4.63,-1.69,-50.31,1.721
BIGBLOC,CEMENT,47.05,2026-07-13,19.06,17.62,38.7,50.0,50.0,33.53,NEUTRAL,0.9,30.18,NEUTRAL,DOWNTREND,DII,-3.55,-6.14,-23.26,0.449
UNITECH,REALTY,4.59,2026-07-13,21.73,19.68,33.21,50.0,50.0,33.51,NEUTRAL,0.9,30.16,NEUTRAL,INSUFFICIENT_DATA,RETAIL,-4.57,-7.46,,0.713
HPAL,CHEMICALS,34.45,2026-07-13,22.13,30.0,30.65,50.0,38.89,33.5,NEUTRAL,0.9,30.15,NEUTRAL,DOWNTREND,RETAIL,-1.77,-5.93,-32.86,0.991
MOLDTECH,CHEMICALS,126.97,2026-07-13,34.23,14.9,30.65,50.0,38.89,33.5,NEUTRAL,0.9,30.15,NEUTRAL,DOWNTREND,RETAIL,0.41,0.75,-18.77,0.618
BAJAJELEC,FMCG,336.55,2026-07-13,44.23,0.0,32.96,50.0,38.89,33.48,NEUTRAL,0.9,30.13,NEUTRAL,DOWNTREND,RETAIL,8.92,-8.25,-50.14,1.219
VCL,TEXTILES,1.26,2026-07-13,14.37,24.76,37.16,50.0,50.0,33.48,NEUTRAL,0.9,30.13,NEUTRAL,INSUFFICIENT_DATA,RETAIL,-10.0,-23.64,,0.678
KARMAENG,POWER,39.98,2026-07-13,29.99,8.5,33.82,50.0,50.0,33.46,NEUTRAL,0.9,30.11,NEUTRAL,INSUFFICIENT_DATA,MIXED,-3.55,-4.31,,0.896
TREJHARA,IT,141.24,2026-07-13,38.16,0.0,32.05,50.0,50.0,33.45,NEUTRAL,0.9,30.11,NEUTRAL,INSUFFICIENT_DATA,RETAIL,5.57,-10.69,-40.26,1.439
KAYNES,CAPITAL_GOODS,3319.5,2026-07-13,39.29,0.0,32.54,47.98,50.0,33.43,NEUTRAL,0.9,30.09,NEUTRAL,DOWNTREND,RETAIL,8.02,-14.8,-43.29,0.646
XTGLOBAL,IT,28.55,2026-07-13,25.84,23.46,32.05,50.0,38.89,33.4,NEUTRAL,0.9,30.06,NEUTRAL,DOWNTREND,RETAIL,-2.43,-4.96,-12.42,0.556
SPENCERS,RETAIL,35.39,2026-07-13,25.08,10.6,37.54,50.0,50.0,33.4,NEUTRAL,0.9,30.06,NEUTRAL,DOWNTREND,RETAIL,-1.56,4.55,-42.73,0.298
AKSHAR,TEXTILES,0.43,2026-07-13,23.27,13.16,37.16,50.0,50.0,33.38,NEUTRAL,0.9,30.04,NEUTRAL,DOWNTREND,RETAIL,-4.44,-6.52,,0.853
GOCOLORS,RETAIL,343.9,2026-07-13,25.12,0.0,37.54,47.98,66.67,33.38,NEUTRAL,0.9,30.04,NEUTRAL,DOWNTREND,RETAIL,-5.03,20.27,-61.3,0.243
ATLANTAA,INFRASTRUCTURE,39.48,2026-07-13,32.61,7.58,31.01,50.0,50.0,33.37,NEUTRAL,0.9,30.03,NEUTRAL,INSUFFICIENT_DATA,RETAIL,-2.45,-5.37,12.67,0.643
GTL,TELECOM,7.28,2026-07-13,13.63,29.3,32.74,50.0,50.0,33.32,NEUTRAL,0.9,29.99,NEUTRAL,DOWNTREND,DII,-12.29,-4.84,-28.49,0.775
ANTGRAPHIC,CHEMICALS,0.78,2026-07-13,18.87,24.8,30.65,50.0,50.0,33.31,NEUTRAL,0.9,29.98,NEUTRAL,DOWNTREND,RETAIL,-2.5,-9.3,-36.59,1.256
CUBEXTUB,METAL,80.72,2026-07-13,23.73,12.36,36.81,50.0,50.0,33.27,NEUTRAL,0.9,29.94,NEUTRAL,INSUFFICIENT_DATA,DII,-4.74,-9.42,,1.42
DUCON,OTHER,3.07,2026-07-13,31.17,0.0,39.76,50.0,50.0,33.24,NEUTRAL,0.9,29.92,NEUTRAL,INSUFFICIENT_DATA,DII,,-13.28,-50.32,1.0
SOMICONVEY,CAPITAL_GOODS,98.05,2026-07-13,25.96,15.76,32.54,47.98,50.0,33.25,NEUTRAL,0.9,29.92,NEUTRAL,DOWNTREND,RETAIL,1.87,-12.42,-36.2,0.709
MHRIL,HOSPITALITY,231.68,2026-07-13,16.86,21.3,36.37,50.0,50.0,33.25,NEUTRAL,0.9,29.92,NEUTRAL,DOWNTREND,MIXED,-1.62,-9.34,-35.88,0.473
ORIENTCEM,CEMENT,136.89,2026-07-13,36.84,2.24,38.7,50.0,38.89,33.23,NEUTRAL,0.9,29.91,NEUTRAL,DOWNTREND,DII,4.62,-2.46,-41.95,0.441
TECHNVISN,IT,3479.8,2026-07-13,27.35,12.28,32.05,50.0,50.0,33.2,NEUTRAL,0.9,29.88,NEUTRAL,INSUFFICIENT_DATA,RETAIL,-35.8,,,2.291
SHALPAINTS,CHEMICALS,52.95,2026-07-13,30.73,9.38,30.65,50.0,50.0,33.19,NEUTRAL,0.9,29.87,NEUTRAL,DOWNTREND,RETAIL,-0.62,4.52,-45.2,1.014
GRMOVER,AGRICULTURE,94.73,2026-07-13,28.91,2.16,37.73,47.98,55.56,33.14,NEUTRAL,0.9,29.83,NEUTRAL,DOWNTREND,DII,4.04,-43.83,-74.93,0.274
VSTL,METAL,112.52,2026-07-13,16.93,20.18,36.81,50.0,50.0,33.13,NEUTRAL,0.9,29.82,NEUTRAL,DOWNTREND,DII,-6.44,-2.51,-36.39,0.792
DREAMFOLKS,INFRASTRUCTURE,69.95,2026-07-13,37.73,0.0,31.01,50.0,50.0,33.13,NEUTRAL,0.9,29.82,NEUTRAL,INSUFFICIENT_DATA,RETAIL,2.94,-8.97,,0.625
ASHIMASYN,TEXTILES,14.85,2026-07-13,27.34,6.72,37.16,50.0,50.0,33.11,NEUTRAL,0.9,29.8,NEUTRAL,DOWNTREND,RETAIL,-7.59,3.92,,0.747
PRAKASHSTL,METAL,4.12,2026-07-13,12.64,25.42,36.81,50.0,50.0,33.11,NEUTRAL,0.9,29.8,NEUTRAL,DOWNTREND,DII,-5.72,-10.04,-32.79,0.389
RACE,OTHER,110.5,2026-07-13,30.54,0.0,39.76,50.0,50.0,33.09,NEUTRAL,0.9,29.78,NEUTRAL,INSUFFICIENT_DATA,DII,,-15.54,-54.86,1.0
HPL,CAPITAL_GOODS,351.05,2026-07-13,31.93,13.84,32.54,50.0,38.89,33.09,NEUTRAL,0.9,29.78,NEUTRAL,DOWNTREND,RETAIL,0.1,8.0,-42.17,0.544
NCC,INFRASTRUCTURE,144.45,2026-07-13,23.85,25.2,31.01,50.0,38.89,33.04,NEUTRAL,0.9,29.74,NEUTRAL,DOWNTREND,RETAIL,-0.2,-5.63,-36.53,0.606
ZENITHSTL,METAL,5.51,2026-07-13,24.49,10.2,36.81,50.0,50.0,33.02,NEUTRAL,0.9,29.72,NEUTRAL,INSUFFICIENT_DATA,DII,-4.34,-6.45,,0.798
RALLIS,CHEMICALS,230.66,2026-07-13,28.45,19.54,30.65,50.0,38.89,32.98,NEUTRAL,0.9,29.68,NEUTRAL,DOWNTREND,RETAIL,1.62,-10.67,-36.29,1.445
OSWALSEEDS,AGRICULTURE,10.79,2026-07-13,26.59,6.42,37.73,50.0,50.0,32.98,NEUTRAL,0.9,29.68,NEUTRAL,INSUFFICIENT_DATA,DII,-1.19,-14.64,-21.92,1.63
MOSILVER,OTHER,214.46,2026-07-13,20.87,11.4,39.76,50.0,50.0,32.95,NEUTRAL,0.9,29.66,NEUTRAL,DOWNTREND,DII,-6.43,-8.19,,1.145
KIRIINDUS,CHEMICALS,402.2,2026-07-13,34.72,3.26,30.65,50.0,50.0,32.96,NEUTRAL,0.9,29.66,NEUTRAL,DOWNTREND,RETAIL,1.39,-0.81,-30.98,1.91
SILVERAG,OTHER,211.24,2026-07-13,20.98,11.18,39.76,50.0,50.0,32.93,NEUTRAL,0.9,29.64,NEUTRAL,DOWNTREND,DII,-6.02,-8.46,,1.048
LYPSAGEMS,FMCG,4.63,2026-07-13,16.36,23.64,32.96,50.0,50.0,32.91,NEUTRAL,0.9,29.62,NEUTRAL,DOWNTREND,RETAIL,-6.09,-13.13,,0.336
AJOONI,AGRICULTURE,3.67,2026-07-13,12.54,23.56,37.73,50.0,50.0,32.89,NEUTRAL,0.9,29.6,NEUTRAL,DOWNTREND,DII,-7.09,-14.85,-36.28,1.413
SHANKARA,OTHER,136.79,2026-07-13,41.34,0.0,39.76,47.98,33.33,32.88,NEUTRAL,0.9,29.59,NEUTRAL,INSUFFICIENT_DATA,DII,,,-86.58,1.0
NDL,TEXTILES,2.39,2026-07-13,12.39,24.16,37.16,50.0,50.0,32.86,NEUTRAL,0.9,29.57,NEUTRAL,DOWNTREND,RETAIL,-5.91,-7.72,-36.44,0.539
PRAKASH,CAPITAL_GOODS,128.61,2026-07-13,14.17,34.74,32.54,50.0,38.89,32.83,NEUTRAL,0.9,29.55,NEUTRAL,DOWNTREND,RETAIL,-8.44,-4.14,-28.13,0.539
DRCSYSTEMS,IT,13.81,2026-07-13,22.32,16.64,32.05,50.0,50.0,32.82,NEUTRAL,0.9,29.54,NEUTRAL,DOWNTREND,RETAIL,-3.7,-15.9,,1.578
TIPSFILMS,MEDIA,329.95,2026-07-13,17.21,14.94,40.07,50.0,50.0,32.8,NEUTRAL,0.9,29.52,NEUTRAL,DOWNTREND,RETAIL,-5.93,-3.24,-39.83,1.109
SILVERBND,OTHER,217.82,2026-07-13,19.71,11.98,39.76,50.0,50.0,32.78,NEUTRAL,0.9,29.5,NEUTRAL,INSUFFICIENT_DATA,DII,-5.82,-8.36,,0.559
EXCELSOFT,IT,79.93,2026-07-13,27.27,12.12,32.05,47.98,50.0,32.75,NEUTRAL,0.9,29.48,NEUTRAL,INSUFFICIENT_DATA,RETAIL,-1.08,-6.74,,0.422
SILVERBETA,OTHER,209.51,2026-07-13,20.66,10.36,39.76,50.0,50.0,32.69,NEUTRAL,0.9,29.42,NEUTRAL,INSUFFICIENT_DATA,DII,-5.9,-8.41,,0.826
INDRAMEDCO,HEALTHCARE,378.9,2026-07-13,22.15,18.24,38.35,50.0,38.89,32.69,NEUTRAL,0.9,29.42,NEUTRAL,DOWNTREND,DII,-0.5,-13.68,-22.3,0.583
NV20,OTHER,14.18,2026-07-13,28.78,0.0,39.76,50.0,50.0,32.65,NEUTRAL,0.9,29.38,NEUTRAL,DOWNTREND,DII,1.5,-2.61,-90.42,0.771
ABINFRA,INFRASTRUCTURE,10.24,2026-07-13,37.38,0.0,31.01,47.98,50.0,32.64,NEUTRAL,0.9,29.38,NEUTRAL,DOWNTREND,RETAIL,4.49,-36.79,,0.179
WHIRLPOOL,FMCG,790.35,2026-07-13,28.4,7.26,32.96,50.0,50.0,32.64,NEUTRAL,0.9,29.38,NEUTRAL,DOWNTREND,RETAIL,1.19,-4.78,-45.29,1.061
ENIL,MEDIA,105.98,2026-07-13,17.89,21.42,40.07,50.0,38.89,32.6,NEUTRAL,0.9,29.34,NEUTRAL,DOWNTREND,RETAIL,-5.52,-1.98,-28.47,0.261
MANGALAM,OTHER,27.97,2026-07-13,28.57,0.0,39.76,50.0,50.0,32.59,NEUTRAL,0.9,29.33,NEUTRAL,INSUFFICIENT_DATA,DII,-1.17,,-67.64,0.878
PVSL,AUTO,93.95,2026-07-13,20.34,15.28,34.67,50.0,50.0,32.58,NEUTRAL,0.9,29.32,NEUTRAL,DOWNTREND,RETAIL,-1.47,-4.68,-29.59,0.421
EASEMYTRIP,HOSPITALITY,7.04,2026-07-13,7.21,31.72,36.37,47.98,50.0,32.52,NEUTRAL,0.9,29.27,NEUTRAL,DOWNTREND,MIXED,-20.18,-12.11,-33.71,0.513
KELLTONTEC,IT,15.45,2026-07-13,34.41,0.0,32.05,50.0,50.0,32.51,NEUTRAL,0.9,29.26,NEUTRAL,DOWNTREND,RETAIL,1.44,3.48,-88.98,1.428
DIGIDRIVE,RETAIL,18.98,2026-07-13,27.54,3.02,37.54,50.0,50.0,32.5,NEUTRAL,0.9,29.25,NEUTRAL,DOWNTREND,RETAIL,2.76,-10.64,-38.54,0.6
UEL,POWER,128.36,2026-07-13,16.21,16.7,33.82,50.0,55.56,32.49,NEUTRAL,0.9,29.24,NEUTRAL,INSUFFICIENT_DATA,MIXED,-10.37,-22.83,,0.867
NIRAJISPAT,FMCG,194.0,2026-07-13,24.1,11.68,32.96,50.0,50.0,32.45,NEUTRAL,0.9,29.2,NEUTRAL,INSUFFICIENT_DATA,RETAIL,-9.77,,,0.062
URJA,CAPITAL_GOODS,9.62,2026-07-13,12.75,26.16,32.54,50.0,50.0,32.43,NEUTRAL,0.9,29.19,NEUTRAL,DOWNTREND,RETAIL,-6.24,-4.85,-36.54,0.442
RHL,HOSPITALITY,173.91,2026-07-13,20.79,12.24,36.37,50.0,50.0,32.42,NEUTRAL,0.9,29.18,NEUTRAL,DOWNTREND,MIXED,-2.39,-5.61,-34.45,2.638
IRFC,FINANCIAL_SERVICES,89.75,2026-07-13,11.16,30.08,34.6,50.0,44.44,32.39,NEUTRAL,0.9,29.15,NEUTRAL,DOWNTREND,RETAIL,-5.33,-10.48,-32.94,0.371
GENUSPAPER,CHEMICALS,11.83,2026-07-13,23.47,14.3,30.65,50.0,50.0,32.36,NEUTRAL,0.9,29.12,NEUTRAL,DOWNTREND,RETAIL,-2.31,-2.47,-38.83,1.928
MUFTI,RETAIL,87.16,2026-07-13,35.76,0.0,37.54,50.0,38.89,32.28,NEUTRAL,0.9,29.05,NEUTRAL,DOWNTREND,RETAIL,1.36,10.41,-48.32,0.554
MANYAVAR,RETAIL,398.95,2026-07-13,29.08,0.0,37.54,50.0,50.0,32.28,NEUTRAL,0.9,29.05,NEUTRAL,DOWNTREND,RETAIL,0.48,0.68,-50.08,1.495
HGINFRA,INFRASTRUCTURE,568.05,2026-07-13,38.55,2.72,31.01,50.0,38.89,32.22,NEUTRAL,0.9,29.0,NEUTRAL,DOWNTREND,RETAIL,1.94,4.25,-48.44,3.252
SILLYMONKS,MEDIA,16.02,2026-07-13,16.62,12.62,40.07,50.0,50.0,32.19,NEUTRAL,0.9,28.97,NEUTRAL,INSUFFICIENT_DATA,RETAIL,-12.84,-4.76,-16.43,0.649
GAYAHWS,INFRASTRUCTURE,1.87,2026-07-13,14.85,23.84,31.01,50.0,50.0,32.18,NEUTRAL,0.9,28.96,NEUTRAL,INSUFFICIENT_DATA,RETAIL,-12.21,-20.43,,0.918
SPIC,CHEMICALS,68.11,2026-07-13,35.87,6.26,30.65,50.0,38.89,32.18,NEUTRAL,0.9,28.96,NEUTRAL,DOWNTREND,RETAIL,1.02,1.22,-19.14,0.529
MARATHON,REALTY,412.15,2026-07-13,32.26,8.0,33.21,50.0,38.89,32.14,NEUTRAL,0.9,28.93,NEUTRAL,DOWNTREND,RETAIL,4.22,-8.16,-45.39,0.862
GANESHCP,FMCG,189.23,2026-07-13,21.07,22.1,32.96,50.0,38.89,32.11,NEUTRAL,0.9,28.9,NEUTRAL,DOWNTREND,RETAIL,-5.79,-3.08,,0.224
CENTEXT,METAL,19.02,2026-07-13,21.22,9.46,36.81,50.0,50.0,32.06,NEUTRAL,0.9,28.85,NEUTRAL,INSUFFICIENT_DATA,DII,-2.61,-7.63,-23.31,0.333
RADIANTCMS,FINANCIAL_SERVICES,37.83,2026-07-13,20.06,21.24,34.6,50.0,38.89,32.02,NEUTRAL,0.9,28.82,NEUTRAL,DOWNTREND,RETAIL,-1.05,-11.13,-37.05,1.386
BSOFT,IT,299.3,2026-07-13,14.74,26.28,32.05,50.0,44.44,32.02,NEUTRAL,0.9,28.82,NEUTRAL,DOWNTREND,RETAIL,-5.15,-18.22,-28.7,2.191
IEX,FINANCIAL_SERVICES,118.8,2026-07-13,20.89,15.9,34.6,50.0,44.44,31.99,NEUTRAL,0.9,28.79,NEUTRAL,DOWNTREND,RETAIL,0.04,-8.61,-41.52,0.694
BHARATRAS,CHEMICALS,1377.1,2026-07-13,20.06,0.0,30.65,50.0,72.22,31.98,NEUTRAL,0.9,28.78,NEUTRAL,DOWNTREND,RETAIL,-0.53,-12.29,-87.73,1.945
INVENTURE,FINANCIAL_SERVICES,0.92,2026-07-13,24.38,6.98,34.6,50.0,50.0,31.91,NEUTRAL,0.9,28.72,NEUTRAL,DOWNTREND,RETAIL,-1.08,-1.08,-44.58,1.292
RAJTV,MEDIA,12.0,2026-07-13,26.99,0.0,40.07,47.98,50.0,31.86,NEUTRAL,0.9,28.67,NEUTRAL,DOWNTREND,RETAIL,0.08,-46.6,,0.238
HEADSUP,TEXTILES,6.91,2026-07-13,22.2,6.72,37.16,50.0,50.0,31.83,NEUTRAL,0.9,28.65,NEUTRAL,DOWNTREND,RETAIL,-1.43,-2.54,-31.11,0.102
MANINFRA,REALTY,105.09,2026-07-13,24.19,12.34,33.21,50.0,44.44,31.82,NEUTRAL,0.9,28.64,NEUTRAL,DOWNTREND,RETAIL,-6.98,13.02,-41.75,0.766
SHK,CHEMICALS,130.2,2026-07-13,39.39,0.0,30.65,50.0,38.89,31.81,NEUTRAL,0.9,28.63,NEUTRAL,DOWNTREND,RETAIL,6.29,-6.87,-46.43,0.651
OLAELEC,AUTO,40.32,2026-07-13,20.52,13.18,34.67,47.98,50.0,31.8,NEUTRAL,0.9,28.62,NEUTRAL,INSUFFICIENT_DATA,RETAIL,-14.79,-1.37,-2.4,0.307
SUPREME,FINANCIAL_SERVICES,47.35,2026-07-13,31.1,0.0,34.6,47.98,50.0,31.79,NEUTRAL,0.9,28.61,NEUTRAL,DOWNTREND,RETAIL,5.43,-17.35,-37.07,0.057
DYNPRO,CHEMICALS,233.88,2026-07-13,22.37,12.5,30.65,50.0,50.0,31.72,NEUTRAL,0.9,28.55,NEUTRAL,DOWNTREND,RETAIL,-5.02,5.64,-34.19,0.314
VIVIDHA,TEXTILES,0.52,2026-07-13,15.59,14.28,37.16,50.0,50.0,31.69,NEUTRAL,0.9,28.52,NEUTRAL,DOWNTREND,RETAIL,-3.7,-13.33,-37.35,1.67
USK,INFRASTRUCTURE,22.4,2026-07-13,19.95,14.9,31.01,50.0,50.0,31.67,NEUTRAL,0.9,28.5,NEUTRAL,DOWNTREND,RETAIL,-8.94,,-36.95,0.774
INSECTICID,CHEMICALS,665.75,2026-07-13,21.83,21.26,30.65,50.0,38.89,31.67,NEUTRAL,0.9,28.5,NEUTRAL,DOWNTREND,RETAIL,-5.89,3.19,-31.92,0.682
CTE,IT,30.39,2026-07-13,29.69,1.42,32.05,50.0,50.0,31.62,NEUTRAL,0.9,28.46,NEUTRAL,INSUFFICIENT_DATA,RETAIL,-4.04,1.64,,0.867
AKI,TEXTILES,4.68,2026-07-13,24.87,2.3,37.16,50.0,50.0,31.61,NEUTRAL,0.9,28.45,NEUTRAL,INSUFFICIENT_DATA,RETAIL,-2.7,-13.17,,1.38
MEDICAMEQ,PHARMA,237.65,2026-07-13,31.75,6.18,32.63,50.0,38.89,31.53,NEUTRAL,0.9,28.38,NEUTRAL,DOWNTREND,RETAIL,3.28,-1.47,-41.47,0.536
KALAMANDIR,RETAIL,101.85,2026-07-13,25.95,0.0,37.54,50.0,50.0,31.5,NEUTRAL,0.9,28.35,NEUTRAL,DOWNTREND,RETAIL,-2.87,6.58,-39.18,0.595
RVNL,INFRASTRUCTURE,231.54,2026-07-13,25.39,15.56,31.01,50.0,38.89,31.5,NEUTRAL,0.9,28.35,NEUTRAL,DOWNTREND,RETAIL,1.48,-15.8,-38.42,0.753
JYOTISTRUC,CAPITAL_GOODS,11.45,2026-07-13,12.51,21.8,32.54,50.0,50.0,31.5,NEUTRAL,0.9,28.35,NEUTRAL,DOWNTREND,RETAIL,-6.45,-3.94,-39.03,0.405
SURAJLTD,METAL,221.79,2026-07-13,20.81,15.24,36.81,50.0,38.89,31.45,NEUTRAL,0.9,28.3,NEUTRAL,DOWNTREND,DII,-2.3,-8.39,-40.27,1.329
INDOTHAI,FINANCIAL_SERVICES,216.93,2026-07-13,15.99,15.14,34.6,50.0,50.0,31.45,NEUTRAL,0.9,28.3,NEUTRAL,INSUFFICIENT_DATA,RETAIL,-5.56,-25.4,,0.459
RSYSTEMS,IT,250.28,2026-07-13,36.1,0.74,32.05,50.0,38.89,31.42,NEUTRAL,0.9,28.28,NEUTRAL,DOWNTREND,RETAIL,4.0,-4.18,-44.1,1.573
AWFIS,IT,299.2,2026-07-13,30.0,0.0,32.05,50.0,50.0,31.41,NEUTRAL,0.9,28.27,NEUTRAL,DOWNTREND,RETAIL,2.69,-6.8,-53.76,1.007
IITL,FINANCIAL_SERVICES,125.35,2026-07-13,15.05,16.06,34.6,50.0,50.0,31.39,NEUTRAL,0.9,28.25,NEUTRAL,DOWNTREND,RETAIL,-11.31,-16.17,,0.847
SIGMA,IT,38.02,2026-07-13,16.97,16.1,32.05,50.0,50.0,31.37,NEUTRAL,0.9,28.23,NEUTRAL,INSUFFICIENT_DATA,RETAIL,-6.31,-14.33,,0.576
TVVISION,MEDIA,4.93,2026-07-13,23.36,0.0,40.07,50.0,50.0,31.35,NEUTRAL,0.9,28.22,NEUTRAL,INSUFFICIENT_DATA,RETAIL,-5.01,-10.69,,3.02
CELEBRITY,TEXTILES,7.49,2026-07-13,23.61,2.6,37.16,50.0,50.0,31.35,NEUTRAL,0.9,28.22,NEUTRAL,DOWNTREND,RETAIL,0.4,-2.98,-47.07,0.147
KRITIKA,METAL,5.81,2026-07-13,22.2,4.68,36.81,50.0,50.0,31.35,NEUTRAL,0.9,28.22,NEUTRAL,DOWNTREND,DII,-3.17,-2.52,-40.23,0.998
ORCHASP,IT,1.94,2026-07-13,29.09,0.0,32.05,50.0,50.0,31.18,NEUTRAL,0.9,28.06,NEUTRAL,DOWNTREND,RETAIL,-1.52,-2.51,,0.406
SUVIDHAA,FINANCIAL_SERVICES,2.54,2026-07-13,11.42,19.52,34.6,50.0,50.0,31.18,NEUTRAL,0.9,28.06,NEUTRAL,INSUFFICIENT_DATA,RETAIL,-3.42,-25.29,-50.78,0.822
CMSINFO,FINANCIAL_SERVICES,273.6,2026-07-13,12.13,1.9,34.6,50.0,72.22,31.17,NEUTRAL,0.9,28.05,NEUTRAL,DOWNTREND,RETAIL,-5.93,-8.37,-48.66,1.35
PGHH,PHARMA,8906.0,2026-07-13,17.15,22.5,32.63,50.0,38.89,31.15,NEUTRAL,0.9,28.04,NEUTRAL,DOWNTREND,RETAIL,-1.38,-9.01,-33.08,0.396
TARACHAND,LOGISTICS,56.01,2026-07-13,27.67,8.06,33.47,50.0,38.89,31.06,NEUTRAL,0.9,27.95,NEUTRAL,DOWNTREND,RETAIL,0.63,-11.46,-25.55,1.211
RKDL,FMCG,18.67,2026-07-13,15.78,14.96,32.96,50.0,50.0,31.03,NEUTRAL,0.9,27.93,NEUTRAL,DOWNTREND,RETAIL,-2.51,-12.39,-37.29,0.576
HLVLTD,HOSPITALITY,7.49,2026-07-13,15.81,11.38,36.37,50.0,50.0,31.0,NEUTRAL,0.9,27.9,NEUTRAL,DOWNTREND,MIXED,-3.1,-7.76,-43.98,0.916
AARON,CAPITAL_GOODS,118.77,2026-07-13,27.71,0.0,32.54,50.0,50.0,30.94,NEUTRAL,0.9,27.85,NEUTRAL,DOWNTREND,RETAIL,3.6,-17.3,-70.83,1.03
COMPUSOFT,HEALTHCARE,13.17,2026-07-13,17.77,14.78,38.35,50.0,38.89,30.9,NEUTRAL,0.9,27.81,NEUTRAL,DOWNTREND,DII,-3.37,-4.57,-39.89,0.813
JYOTHYLAB,FMCG,200.66,2026-07-13,22.77,13.78,32.96,50.0,38.89,30.87,NEUTRAL,0.9,27.78,NEUTRAL,DOWNTREND,RETAIL,0.99,-10.92,-41.58,0.439
ASIANTILES,CAPITAL_GOODS,48.43,2026-07-13,10.94,22.52,32.54,47.98,50.0,30.84,NEUTRAL,0.9,27.76,NEUTRAL,DOWNTREND,RETAIL,-17.37,-30.35,,0.133
VISHWARAJ,FMCG,5.42,2026-07-13,21.95,6.28,32.96,50.0,50.0,30.84,NEUTRAL,0.9,27.76,NEUTRAL,DOWNTREND,RETAIL,-0.91,-3.21,-44.52,0.52
GMMPFAUDLR,CAPITAL_GOODS,774.0,2026-07-13,26.71,9.16,32.54,50.0,38.89,30.85,NEUTRAL,0.9,27.76,NEUTRAL,DOWNTREND,RETAIL,2.16,-15.15,-41.15,1.443
ESSARSHPNG,LOGISTICS,22.24,2026-07-13,24.24,2.82,33.47,50.0,50.0,30.82,NEUTRAL,0.9,27.74,NEUTRAL,INSUFFICIENT_DATA,RETAIL,-2.67,-20.14,,2.076
ARVEE,CHEMICALS,158.0,2026-07-13,21.45,8.68,30.65,50.0,50.0,30.73,NEUTRAL,0.9,27.66,NEUTRAL,INSUFFICIENT_DATA,RETAIL,-2.66,-10.12,-11.28,0.217
BALAJEE,CHEMICALS,28.84,2026-07-13,28.3,0.0,30.65,50.0,50.0,30.7,NEUTRAL,0.9,27.63,NEUTRAL,DOWNTREND,RETAIL,1.84,-16.11,-36.73,7.812
RPOWER,POWER,24.98,2026-07-13,25.71,0.0,33.82,50.0,50.0,30.69,NEUTRAL,0.9,27.62,NEUTRAL,DOWNTREND,MIXED,-6.34,-0.91,,0.5
LASA,PHARMA,7.32,2026-07-13,23.49,3.98,32.63,50.0,50.0,30.69,NEUTRAL,0.9,27.62,NEUTRAL,INSUFFICIENT_DATA,RETAIL,-3.68,-3.94,,0.519
21STCENMGM,FINANCIAL_SERVICES,31.33,2026-07-13,23.96,1.02,34.6,50.0,50.0,30.61,NEUTRAL,0.9,27.55,NEUTRAL,DOWNTREND,RETAIL,-3.21,3.26,-47.54,1.227
GATECH,FINANCIAL_SERVICES,0.48,2026-07-13,22.08,3.22,34.6,50.0,50.0,30.58,NEUTRAL,0.9,27.52,NEUTRAL,DOWNTREND,RETAIL,-7.69,-2.04,,0.699
GODFRYPHLP,FMCG,2091.8,2026-07-13,14.36,6.0,32.96,50.0,61.11,30.55,NEUTRAL,0.9,27.5,NEUTRAL,DOWNTREND,RETAIL,-6.39,-0.47,-77.64,0.633
DNAMEDIA,MEDIA,2.83,2026-07-13,20.12,0.0,40.07,50.0,50.0,30.54,NEUTRAL,0.9,27.49,NEUTRAL,DOWNTREND,RETAIL,-0.7,-11.01,-42.94,0.477
ELITECON,INFRASTRUCTURE,19.98,2026-07-13,27.29,0.0,31.01,50.0,50.0,30.52,NEUTRAL,0.9,27.47,NEUTRAL,INSUFFICIENT_DATA,RETAIL,-37.93,,,2.174
SMLT,METAL,67.76,2026-07-13,15.38,8.78,36.81,50.0,50.0,30.46,NEUTRAL,0.9,27.41,NEUTRAL,DOWNTREND,DII,-5.72,-2.49,-44.69,0.487
RTNINDIA,RETAIL,33.42,2026-07-13,17.84,4.44,37.54,50.0,50.0,30.36,NEUTRAL,0.9,27.32,NEUTRAL,DOWNTREND,RETAIL,-6.04,1.83,-45.37,0.734
ALMONDZ,FINANCIAL_SERVICES,13.02,2026-07-13,13.0,13.22,34.6,50.0,50.0,30.31,NEUTRAL,0.9,27.28,NEUTRAL,DOWNTREND,RETAIL,-4.12,-7.0,-40.14,0.398
SNOWMAN,LOGISTICS,36.55,2026-07-13,19.73,14.12,33.47,50.0,38.89,30.28,NEUTRAL,0.9,27.25,NEUTRAL,DOWNTREND,RETAIL,-1.46,-10.26,-38.19,0.966
RAYMONDLSL,TEXTILES,742.35,2026-07-13,19.42,9.98,37.16,50.0,38.89,30.12,NEUTRAL,0.9,27.11,NEUTRAL,DOWNTREND,RETAIL,-1.83,-7.69,-37.94,0.736
SYNGENE,INFRASTRUCTURE,420.35,2026-07-13,19.88,15.38,31.01,50.0,38.89,30.08,NEUTRAL,0.9,27.07,NEUTRAL,DOWNTREND,RETAIL,-7.54,3.88,-36.04,0.658
MKPL,FMCG,4.6,2026-07-13,20.8,3.96,32.96,50.0,50.0,30.08,NEUTRAL,0.9,27.07,NEUTRAL,DOWNTREND,RETAIL,-4.37,-13.37,,0.879
KEC,INFRASTRUCTURE,495.85,2026-07-13,20.88,5.74,31.01,50.0,50.0,30.07,NEUTRAL,0.9,27.06,NEUTRAL,DOWNTREND,RETAIL,0.22,-13.56,-43.33,0.627
FIRSTCRY,RETAIL,215.89,2026-07-13,20.24,0.0,37.54,50.0,50.0,30.07,NEUTRAL,0.9,27.06,NEUTRAL,DOWNTREND,RETAIL,-0.01,-11.38,-42.62,0.872
RAMKY,REALTY,403.8,2026-07-13,11.78,14.56,33.21,50.0,50.0,30.0,NEUTRAL,0.9,27.0,NEUTRAL,DOWNTREND,RETAIL,-6.23,-17.32,-34.28,1.945
RUCHIRA,CHEMICALS,104.93,2026-07-13,14.85,21.3,30.65,50.0,38.89,29.94,NEUTRAL,0.9,26.95,NEUTRAL,DOWNTREND,RETAIL,-6.63,-5.46,-25.8,0.48
XELPMOC,IT,83.4,2026-07-13,13.61,13.08,32.05,50.0,50.0,29.93,NEUTRAL,0.9,26.94,NEUTRAL,INSUFFICIENT_DATA,RETAIL,-7.8,-20.99,-9.19,0.314
AVONMORE,FINANCIAL_SERVICES,10.0,2026-07-13,21.98,0.0,34.6,50.0,50.0,29.92,NEUTRAL,0.9,26.93,NEUTRAL,DOWNTREND,RETAIL,2.25,-19.16,-47.75,0.295
SOLEX,CAPITAL_GOODS,1006.9,2026-07-13,22.31,1.46,32.54,50.0,50.0,29.88,NEUTRAL,0.9,26.89,NEUTRAL,INSUFFICIENT_DATA,RETAIL,-3.23,-21.48,,1.936
AFCONS,INFRASTRUCTURE,299.0,2026-07-13,11.59,24.74,31.01,50.0,38.89,29.88,NEUTRAL,0.9,26.89,NEUTRAL,DOWNTREND,RETAIL,-9.41,-7.97,-28.32,0.531
KCPSUGIND,FMCG,21.97,2026-07-13,14.5,18.92,32.96,50.0,38.89,29.83,NEUTRAL,0.9,26.85,NEUTRAL,DOWNTREND,RETAIL,-3.98,-10.87,-36.94,0.807
FINPIPE,CHEMICALS,168.56,2026-07-13,29.8,51.52,30.65,0.27,38.89,29.77,NEUTRAL,0.9,26.79,NEUTRAL,DOWNTREND,RETAIL,-1.43,2.32,-20.11,0.333
LICMFGOLD,OTHER,127.8,2026-07-13,17.15,0.0,39.76,50.0,50.0,29.74,NEUTRAL,0.9,26.77,NEUTRAL,DOWNTREND,DII,-3.58,-4.77,-98.56,1.372
BAGFILMS,MEDIA,4.52,2026-07-13,6.33,13.0,40.07,50.0,50.0,29.7,NEUTRAL,0.9,26.73,NEUTRAL,DOWNTREND,RETAIL,-9.05,-17.52,-37.57,0.33
SRD,CHEMICALS,40.63,2026-07-13,30.66,0.0,30.65,50.0,38.89,29.63,NEUTRAL,0.9,26.67,NEUTRAL,INSUFFICIENT_DATA,RETAIL,2.76,-8.88,-48.16,2.356
BAYERCROP,CHEMICALS,4099.8,2026-07-13,11.44,25.96,30.65,47.98,38.89,29.61,NEUTRAL,0.9,26.65,NEUTRAL,DOWNTREND,RETAIL,-4.62,-14.68,-35.41,0.468
NILAINFRA,REALTY,7.27,2026-07-13,7.78,19.58,33.21,47.98,50.0,29.6,NEUTRAL,0.9,26.64,NEUTRAL,DOWNTREND,RETAIL,-6.91,-16.34,-39.06,0.512
TATAELXSI,IT,3823.6,2026-07-13,11.59,22.16,32.05,50.0,38.89,29.57,NEUTRAL,0.9,26.61,NEUTRAL,DOWNTREND,RETAIL,-6.56,-13.99,-37.99,1.884
DEVIT,IT,28.08,2026-07-13,20.57,10.36,32.05,50.0,38.89,29.46,NEUTRAL,0.9,26.51,NEUTRAL,DOWNTREND,RETAIL,0.68,-10.57,-74.85,0.424
NATIONSTD,REALTY,507.5,2026-07-13,22.7,0.0,33.21,47.98,50.0,29.41,NEUTRAL,0.9,26.47,NEUTRAL,INSUFFICIENT_DATA,RETAIL,-57.35,,,0.04
RETAIL,RETAIL,17.57,2026-07-13,17.51,0.0,37.54,50.0,50.0,29.39,NEUTRAL,0.9,26.45,NEUTRAL,DOWNTREND,RETAIL,0.8,-20.06,-51.14,0.17
GROWWGOLD,OTHER,13.83,2026-07-13,15.7,0.0,39.76,50.0,50.0,29.38,NEUTRAL,0.9,26.44,NEUTRAL,DOWNTREND,DII,-3.56,-5.27,-85.72,0.774
BECTORFOOD,FMCG,170.35,2026-07-13,10.92,8.56,32.96,50.0,55.56,29.37,NEUTRAL,0.9,26.43,NEUTRAL,DOWNTREND,RETAIL,-4.55,-11.67,-89.0,0.79
GUJRAFFIA,CHEMICALS,38.0,2026-07-13,22.75,0.0,30.65,50.0,50.0,29.32,NEUTRAL,0.9,26.39,NEUTRAL,INSUFFICIENT_DATA,RETAIL,-9.0,-3.11,-5.75,1.233
SBGLP,REALTY,25.2,2026-07-13,16.89,12.62,33.21,50.0,38.89,29.22,NEUTRAL,0.9,26.3,NEUTRAL,DOWNTREND,RETAIL,-4.18,-20.73,,0.237
SEPC,INFRASTRUCTURE,6.49,2026-07-13,22.06,0.0,31.01,50.0,50.0,29.22,NEUTRAL,0.9,26.3,NEUTRAL,DOWNTREND,RETAIL,0.93,-11.22,-51.42,0.433
ORIENTPPR,CHEMICALS,16.72,2026-07-13,15.46,8.26,30.65,50.0,50.0,29.15,NEUTRAL,0.9,26.24,NEUTRAL,DOWNTREND,RETAIL,-3.18,-7.32,-42.97,0.515
JKLAKSHMI,CEMENT,564.15,2026-07-13,13.8,10.48,38.7,50.0,38.89,29.12,NEUTRAL,0.9,26.21,NEUTRAL,DOWNTREND,DII,-4.27,-9.74,-43.08,0.9
ACL,CEMENT,49.4,2026-07-13,10.6,6.04,38.7,50.0,50.0,29.1,NEUTRAL,0.9,26.19,NEUTRAL,INSUFFICIENT_DATA,DII,-6.63,-13.88,-29.19,0.499
INNOVANA,IT,331.7,2026-07-13,17.6,3.82,32.05,50.0,50.0,29.07,NEUTRAL,0.9,26.16,NEUTRAL,INSUFFICIENT_DATA,RETAIL,-1.1,-12.27,-44.55,0.618
MFML,TEXTILES,19.88,2026-07-13,12.15,7.48,37.16,47.98,50.0,29.06,NEUTRAL,0.9,26.15,NEUTRAL,DOWNTREND,RETAIL,-16.47,-13.68,,0.112
BOHRAIND,OTHER,13.75,2026-07-13,14.24,0.0,39.76,50.0,50.0,29.01,NEUTRAL,0.9,26.11,NEUTRAL,INSUFFICIENT_DATA,DII,-22.71,,-51.43,0.229
PIONEEREMB,TEXTILES,23.42,2026-07-13,12.72,4.32,37.16,50.0,50.0,28.98,NEUTRAL,0.9,26.08,NEUTRAL,DOWNTREND,RETAIL,-3.22,-9.33,-44.12,0.187
ATL,INFRASTRUCTURE,23.59,2026-07-13,21.27,16.46,31.01,50.0,27.78,28.98,NEUTRAL,0.9,26.08,NEUTRAL,DOWNTREND,RETAIL,-2.88,-5.41,-29.46,0.921
BLS,INFRASTRUCTURE,239.5,2026-07-13,11.97,15.44,31.01,50.0,44.44,28.95,NEUTRAL,0.9,26.06,NEUTRAL,DOWNTREND,RETAIL,-5.58,-16.98,-37.43,1.061
VIKASLIFE,CHEMICALS,1.4,2026-07-13,13.4,9.8,30.65,50.0,50.0,28.94,NEUTRAL,0.9,26.05,NEUTRAL,DOWNTREND,RETAIL,-4.11,-14.11,-45.1,1.322
JSWHL,FINANCIAL_SERVICES,11420.0,2026-07-13,17.51,0.22,34.6,50.0,50.0,28.84,NEUTRAL,0.9,25.96,NEUTRAL,DOWNTREND,RETAIL,-6.22,-16.0,,0.866
JHS,HEALTHCARE,7.53,2026-07-13,7.83,8.34,38.35,50.0,50.0,28.8,NEUTRAL,0.9,25.92,NEUTRAL,DOWNTREND,DII,-4.92,-17.7,-42.43,0.212
KAMOPAINTS,CHEMICALS,4.8,2026-07-13,20.5,0.0,30.65,50.0,50.0,28.76,NEUTRAL,0.9,25.88,NEUTRAL,DOWNTREND,RETAIL,-5.7,-14.29,,2.42
VIKRAMSOLR,CAPITAL_GOODS,195.24,2026-07-13,18.98,0.0,32.54,50.0,50.0,28.75,NEUTRAL,0.9,25.88,NEUTRAL,DOWNTREND,RETAIL,-8.46,-8.95,,1.434
TRU,FINANCIAL_SERVICES,5.2,2026-07-13,17.3,0.0,34.6,50.0,50.0,28.74,NEUTRAL,0.9,25.87,NEUTRAL,DOWNTREND,RETAIL,-8.45,-14.47,,1.409
ALANKIT,FINANCIAL_SERVICES,8.07,2026-07-13,17.25,0.0,34.6,50.0,50.0,28.73,NEUTRAL,0.9,25.86,NEUTRAL,DOWNTREND,RETAIL,-0.98,-10.33,-48.92,0.643
LEXUS,REALTY,14.32,2026-07-13,18.28,0.0,33.21,50.0,50.0,28.71,NEUTRAL,0.9,25.84,NEUTRAL,INSUFFICIENT_DATA,RETAIL,-4.91,,-58.68,0.072
DECCANCE,CEMENT,577.55,2026-07-13,20.43,0.0,38.7,50.0,38.89,28.68,NEUTRAL,0.9,25.81,NEUTRAL,DOWNTREND,DII,0.8,-12.64,-47.16,0.259
TPHQ,INFRASTRUCTURE,0.45,2026-07-13,16.14,4.66,31.01,50.0,50.0,28.67,NEUTRAL,0.9,25.8,NEUTRAL,DOWNTREND,RETAIL,-10.0,-25.0,,1.464
EMUDHRA,IT,456.15,2026-07-13,18.38,9.06,32.05,50.0,38.89,28.65,NEUTRAL,0.9,25.78,NEUTRAL,DOWNTREND,RETAIL,-2.82,-5.0,-43.55,0.724
SADBHAV,CAPITAL_GOODS,8.4,2026-07-13,18.21,0.0,32.54,50.0,50.0,28.56,NEUTRAL,0.9,25.7,NEUTRAL,INSUFFICIENT_DATA,RETAIL,-10.64,,-38.64,0.6
SALASAR,CAPITAL_GOODS,6.14,2026-07-13,10.23,11.74,32.54,47.98,50.0,28.51,NEUTRAL,0.9,25.66,NEUTRAL,DOWNTREND,RETAIL,-9.31,-14.84,-21.38,0.366
SECURKLOUD,IT,18.88,2026-07-13,10.02,10.48,32.05,50.0,50.0,28.51,NEUTRAL,0.9,25.66,NEUTRAL,INSUFFICIENT_DATA,RETAIL,-7.5,-27.91,-23.06,0.356
INOXWIND,CAPITAL_GOODS,81.09,2026-07-13,18.01,0.0,32.54,50.0,50.0,28.51,NEUTRAL,0.9,25.66,NEUTRAL,DOWNTREND,RETAIL,-1.98,-6.66,-50.73,0.979
AIRAN,IT,15.72,2026-07-13,13.83,5.68,32.05,50.0,50.0,28.5,NEUTRAL,0.9,25.65,NEUTRAL,DOWNTREND,RETAIL,-4.09,-10.33,-46.13,1.0
IVZINGOLD,OTHER,123.0,2026-07-13,12.11,0.0,39.76,50.0,50.0,28.48,NEUTRAL,0.9,25.63,NEUTRAL,DOWNTREND,DII,-2.96,-99.05,-98.57,0.898
SGL,TEXTILES,10.01,2026-07-13,14.17,0.0,37.16,50.0,50.0,28.47,NEUTRAL,0.9,25.62,NEUTRAL,DOWNTREND,RETAIL,-7.57,-16.65,,0.269
THOMASCOOK,HOSPITALITY,104.43,2026-07-13,11.9,10.92,36.37,50.0,38.89,28.27,NEUTRAL,0.9,25.44,NEUTRAL,DOWNTREND,MIXED,-9.25,-2.27,-41.51,0.455
LGHL,FMCG,211.34,2026-07-13,8.7,5.78,32.96,50.0,55.56,28.26,NEUTRAL,0.9,25.43,NEUTRAL,DOWNTREND,RETAIL,-7.53,-12.57,-74.21,1.083
SKFINDIA,CAPITAL_GOODS,1574.1,2026-07-13,23.63,0.0,32.54,50.0,38.89,28.25,NEUTRAL,0.9,25.42,NEUTRAL,DOWNTREND,RETAIL,0.03,-2.85,-68.3,0.823
TARAPUR,CAPITAL_GOODS,17.96,2026-07-13,16.86,0.0,32.54,50.0,50.0,28.22,NEUTRAL,0.9,25.4,NEUTRAL,INSUFFICIENT_DATA,RETAIL,-5.47,-26.45,,0.603
AQYLON,MEDIA,39.35,2026-07-13,15.01,0.0,40.07,47.98,44.44,28.03,NEUTRAL,0.9,25.23,NEUTRAL,INSUFFICIENT_DATA,RETAIL,-30.95,-17.09,,1.202
GICL,LOGISTICS,18.04,2026-07-13,15.32,0.0,33.47,50.0,50.0,28.02,NEUTRAL,0.9,25.22,NEUTRAL,INSUFFICIENT_DATA,RETAIL,-18.67,-56.28,,2.809
GROWWSLVR,OTHER,21.26,2026-07-13,10.14,0.0,39.76,50.0,50.0,27.99,NEUTRAL,0.9,25.19,NEUTRAL,DOWNTREND,DII,-5.85,-8.32,-81.06,0.579
SAURASHCEM,CEMENT,54.43,2026-07-13,10.92,0.0,38.7,50.0,50.0,27.97,NEUTRAL,0.9,25.17,NEUTRAL,DOWNTREND,DII,-5.52,-12.37,-41.88,0.672
CELLO,FMCG,365.95,2026-07-13,15.2,8.62,32.96,50.0,38.89,27.95,NEUTRAL,0.9,25.16,NEUTRAL,DOWNTREND,RETAIL,-2.83,-13.5,-41.07,0.778
ELIN,FMCG,99.35,2026-07-13,15.43,0.0,32.96,50.0,50.0,27.95,NEUTRAL,0.9,25.16,NEUTRAL,DOWNTREND,RETAIL,-7.1,-15.6,,0.451
HAVISHA,FINANCIAL_SERVICES,1.21,2026-07-13,14.15,0.0,34.6,50.0,50.0,27.96,NEUTRAL,0.9,25.16,NEUTRAL,INSUFFICIENT_DATA,RETAIL,-16.55,-26.67,,0.897
MWL,METAL,37.05,2026-07-13,15.03,0.0,36.81,50.0,44.44,27.79,NEUTRAL,0.9,25.01,NEUTRAL,DOWNTREND,DII,-90.12,-85.93,,4.931
SUNDARAM,FMCG,1.27,2026-07-13,9.38,6.72,32.96,50.0,50.0,27.78,NEUTRAL,0.9,25.0,NEUTRAL,DOWNTREND,RETAIL,-7.3,-9.29,-41.47,0.521
OSWALGREEN,AUTO,22.47,2026-07-13,13.34,0.0,34.67,50.0,50.0,27.77,NEUTRAL,0.9,24.99,ACCUMULATION,DOWNTREND,RETAIL,-1.23,-19.06,-51.49,0.552
SILVER1,OTHER,21.02,2026-07-13,9.15,0.0,39.76,50.0,50.0,27.74,NEUTRAL,0.9,24.97,MARKDOWN,DOWNTREND,DII,-5.95,-8.49,-80.96,0.455
MITTAL,TEXTILES,0.92,2026-07-13,10.23,1.1,37.16,50.0,50.0,27.71,NEUTRAL,0.9,24.94,ACCUMULATION,DOWNTREND,RETAIL,-9.8,-6.12,-47.13,0.847
MHLXMIRU,TEXTILES,136.42,2026-07-13,3.48,11.52,37.16,47.98,50.0,27.7,NEUTRAL,0.9,24.93,MARKDOWN,DOWNTREND,RETAIL,-21.62,-17.65,-39.17,0.078
TRACXN,CAPITAL_GOODS,30.45,2026-07-13,14.66,0.0,32.54,50.0,50.0,27.67,NEUTRAL,0.9,24.9,ACCUMULATION,DOWNTREND,RETAIL,-2.96,-7.25,-48.89,0.559
PIIND,CHEMICALS,2569.0,2026-07-13,7.77,18.66,30.65,50.0,38.89,27.64,NEUTRAL,0.9,24.88,MARKDOWN,DOWNTREND,RETAIL,-8.5,-12.98,-37.66,0.487
TIRUMALCHM,CHEMICALS,164.39,2026-07-13,16.03,0.0,30.65,50.0,50.0,27.64,NEUTRAL,0.9,24.88,MARKDOWN,DOWNTREND,RETAIL,-1.67,-12.67,-46.84,0.581
CRIZAC,RETAIL,198.92,2026-07-13,14.83,2.54,37.54,50.0,38.89,27.56,NEUTRAL,0.9,24.8,ACCUMULATION,DOWNTREND,RETAIL,-4.31,-9.43,-40.62,2.243
CIFL,FINANCIAL_SERVICES,22.24,2026-07-13,9.55,12.06,34.6,50.0,38.89,27.55,NEUTRAL,0.9,24.8,MARKDOWN,DOWNTREND,RETAIL,-4.3,-15.76,-38.67,0.283
CHEMPLASTS,CHEMICALS,199.31,2026-07-13,15.66,0.0,30.65,50.0,50.0,27.54,NEUTRAL,0.9,24.79,MARKDOWN,DOWNTREND,RETAIL,-0.45,-18.28,-56.27,0.228
ORIENTALTL,REALTY,5.48,2026-07-13,13.32,0.0,33.21,50.0,50.0,27.47,NEUTRAL,0.9,24.72,ACCUMULATION,DOWNTREND,RETAIL,-14.11,-24.52,,0.619
VIKASECO,CHEMICALS,1.22,2026-07-13,15.33,0.0,30.65,50.0,50.0,27.46,NEUTRAL,0.9,24.71,MARKDOWN,DOWNTREND,RETAIL,-2.4,-16.44,-48.52,0.988
AHLADA,REALTY,38.56,2026-07-13,14.69,6.38,33.21,50.0,38.89,27.42,NEUTRAL,0.9,24.68,ACCUMULATION,DOWNTREND,RETAIL,-3.24,-14.01,-41.5,1.318
TECILCHEM,CHEMICALS,9.36,2026-07-13,15.03,0.0,30.65,50.0,50.0,27.39,NEUTRAL,0.9,24.65,MARKDOWN,INSUFFICIENT_DATA,RETAIL,-15.14,-27.33,,1.358
INDOUS,PHARMA,89.72,2026-07-13,13.22,0.0,32.63,50.0,50.0,27.33,NEUTRAL,0.9,24.6,ACCUMULATION,DOWNTREND,RETAIL,-3.28,-15.8,-53.03,2.422
EPIGRAL,CHEMICALS,1068.5,2026-07-13,20.29,1.08,30.65,50.0,38.89,27.25,NEUTRAL,0.9,24.52,MARKDOWN,DOWNTREND,RETAIL,-4.07,-2.71,-40.59,10.005
PROSTARM,CAPITAL_GOODS,131.23,2026-07-13,9.87,3.54,32.54,50.0,50.0,27.18,NEUTRAL,0.9,24.46,MARKDOWN,DOWNTREND,RETAIL,-6.5,-10.55,-40.42,0.622
REMSONSIND,REALTY,78.54,2026-07-13,12.68,3.04,33.21,50.0,44.44,27.09,NEUTRAL,0.9,24.38,ACCUMULATION,DOWNTREND,RETAIL,-4.14,-17.6,-41.09,1.259
SULA,FMCG,150.98,2026-07-13,18.64,0.0,32.96,50.0,38.89,27.09,NEUTRAL,0.9,24.38,ACCUMULATION,DOWNTREND,RETAIL,-2.02,-7.2,-49.35,1.026
AVROIND,FMCG,9.55,2026-07-13,3.9,14.24,32.96,50.0,44.44,27.08,NEUTRAL,0.9,24.37,MARKDOWN,DOWNTREND,RETAIL,-11.33,-92.2,-93.56,0.736
GTPL,MEDIA,60.22,2026-07-13,12.45,0.0,40.07,50.0,38.89,26.96,NEUTRAL,0.9,24.26,ACCUMULATION,DOWNTREND,RETAIL,-5.34,-12.79,-48.72,1.1
HERANBA,CHEMICALS,183.25,2026-07-13,19.53,0.0,30.65,50.0,38.89,26.85,NEUTRAL,0.9,24.17,MARKDOWN,DOWNTREND,RETAIL,-2.05,-4.05,-53.06,0.716
LEMERITE,TEXTILES,22.92,2026-07-13,12.55,0.0,37.16,47.98,44.44,26.83,NEUTRAL,0.9,24.15,ACCUMULATION,INSUFFICIENT_DATA,RETAIL,-9.3,-94.83,,0.302
PSUBANK,OTHER,84.65,2026-07-13,5.16,0.0,39.76,50.0,50.0,26.74,NEUTRAL,0.9,24.07,MARKDOWN,DOWNTREND,DII,-89.92,-90.32,-88.21,4.261
TICL,REALTY,12.3,2026-07-13,10.94,0.0,33.21,47.98,50.0,26.47,NEUTRAL,0.9,23.82,ACCUMULATION,INSUFFICIENT_DATA,RETAIL,-41.65,-47.95,,0.262
HEALTHADD,OTHER,16.45,2026-07-13,4.09,0.0,39.76,50.0,50.0,26.47,NEUTRAL,0.9,23.82,MARKDOWN,DOWNTREND,DII,-89.47,-88.52,-88.87,1.076
NATCAPSUQ,PHARMA,143.68,2026-07-13,9.75,0.0,32.63,50.0,50.0,26.46,NEUTRAL,0.9,23.81,MARKDOWN,DOWNTREND,RETAIL,-6.82,-7.77,-35.4,0.274
MIDQ50ADD,OTHER,24.93,2026-07-13,3.17,0.0,39.76,50.0,50.0,26.24,NEUTRAL,0.9,23.62,MARKDOWN,DOWNTREND,DII,-89.75,-89.34,-90.24,0.794
BANG,TEXTILES,28.93,2026-07-13,5.97,0.0,37.16,47.98,50.0,26.02,NEUTRAL,0.9,23.42,MARKDOWN,DOWNTREND,RETAIL,-22.34,-18.51,-48.73,1.144
SDBL,FMCG,67.26,2026-07-13,6.02,0.0,32.96,50.0,50.0,25.6,NEUTRAL,0.9,23.04,MARKDOWN,DOWNTREND,RETAIL,-5.97,-17.71,-58.03,0.238
GSLSU,REALTY,36.47,2026-07-13,5.8,0.0,33.21,50.0,50.0,25.59,NEUTRAL,0.9,23.03,MARKDOWN,INSUFFICIENT_DATA,RETAIL,-30.65,-36.85,-71.91,3.172
PAKKA,CHEMICALS,73.72,2026-07-13,5.44,0.0,30.65,50.0,50.0,24.99,NEUTRAL,0.9,22.49,MARKDOWN,DOWNTREND,RETAIL,-8.07,-24.58,-65.09,0.576
RKEC,INFRASTRUCTURE,27.61,2026-07-13,3.68,0.0,31.01,50.0,50.0,24.62,NEUTRAL,0.9,22.16,MARKDOWN,DOWNTREND,RETAIL,-8.27,-27.99,-63.18,0.212
VEDL,METAL,269.65,2026-07-13,5.27,0.0,36.81,47.98,38.89,24.11,NEUTRAL,0.9,21.7,MARKDOWN,DOWNTREND,DII,-9.91,-63.81,-39.51,0.373
PRABHA,ENERGY,150.46,2026-07-13,13.16,1.08,28.81,50.0,27.78,23.44,NEUTRAL,0.9,21.1,MARKDOWN,DOWNTREND,MIXED,-4.24,-5.49,-48.64,0.208
KPITTECH,CAPITAL_GOODS,573.45,2026-07-13,6.01,0.0,32.54,47.98,38.89,23.44,NEUTRAL,0.9,21.1,MARKDOWN,DOWNTREND,RETAIL,-21.76,-19.96,-54.98,1.47
SHRADHA,REALTY,29.62,2026-07-13,7.41,0.0,33.21,50.0,27.78,22.66,NEUTRAL,0.9,20.39,MARKDOWN,DOWNTREND,RETAIL,-10.7,-23.12,-56.44,8.32
MAHAPEXLTD,FINANCIAL_SERVICES,44.19,2026-07-13,5.25,0.0,34.6,50.0,27.78,22.4,NEUTRAL,0.9,20.16,MARKDOWN,DOWNTREND,RETAIL,-9.45,-13.71,-60.18,0.499
ALLCARGO,LOGISTICS,8.15,2026-07-13,9.19,0.0,33.47,0.54,33.33,14.1,NEUTRAL,0.9,12.69,MARKDOWN,DOWNTREND,RETAIL,-8.12,-5.89,-77.78,0.586
