rank,symbol,sector,close,conviction,tier,supporting_evidence,primary_risk,bull_run_score,ml_bull_run_score,prox_52w_high_pct,trend_signal,adv_20d_cr,regime,as_of_date
1,RBA,HOSPITALITY,99.59,85.7,HIGH,within 5% of 52w high (strongest measured factor); strong uptrend; ML bull score 89,overbought (RSI 79),68.3,89.3,-3.5,STRONG_UPTREND,217.11,NEUTRAL,2026-08-18
2,PAYTM,RETAIL,1580.2,84.0,HIGH,within 5% of 52w high (strongest measured factor); strong uptrend; ML bull score 89,none flagged -- normal market risk applies,67.6,89.1,-4.7,STRONG_UPTREND,772.41,NEUTRAL,2026-08-18
3,IRISDOREME,TEXTILES,58.3,83.8,HIGH,within 5% of 52w high (strongest measured factor); strong uptrend; ML bull score 80,overbought (RSI 90),67.5,79.9,-1.4,STRONG_UPTREND,7.18,NEUTRAL,2026-08-18
4,NEULANDLAB,PHARMA,23661.0,83.4,HIGH,within 5% of 52w high (strongest measured factor); strong uptrend; ML bull score 84,none flagged -- normal market risk applies,67.6,84.4,-0.8,STRONG_UPTREND,256.36,NEUTRAL,2026-08-18
5,MOREPENLAB,PHARMA,89.82,80.7,HIGH,within 5% of 52w high (strongest measured factor); strong uptrend; ML bull score 81,none flagged -- normal market risk applies,61.2,80.7,-0.7,STRONG_UPTREND,249.67,NEUTRAL,2026-08-18
6,RATNAVEER,METAL,244.87,80.5,HIGH,within 5% of 52w high (strongest measured factor); strong uptrend; ML bull score 81,overbought (RSI 80),61.6,80.8,-1.1,STRONG_UPTREND,285.8,NEUTRAL,2026-08-18
7,EMIL,RETAIL,192.42,79.6,HIGH,within 5% of 52w high (strongest measured factor); strong uptrend; ML bull score 81,overbought (RSI 83),60.4,81.1,-2.2,STRONG_UPTREND,286.04,NEUTRAL,2026-08-18
8,SUDEEPPHRM,PHARMA,1101.55,79.5,HIGH,within 5% of 52w high (strongest measured factor); ML bull score 81; institutional buying (deals),none flagged -- normal market risk applies,64.0,80.7,-4.9,INSUFFICIENT_DATA,43.6,NEUTRAL,2026-08-18
9,TDPOWERSYS,CAPITAL_GOODS,1548.8,79.3,HIGH,within 5% of 52w high (strongest measured factor); strong uptrend; ML bull score 80,none flagged -- normal market risk applies,60.3,80.0,-1.3,STRONG_UPTREND,285.68,NEUTRAL,2026-08-18
10,PVP,REALTY,37.01,79.3,HIGH,within 5% of 52w high (strongest measured factor); ML bull score 81,none flagged -- normal market risk applies,61.7,81.4,-2.2,INSUFFICIENT_DATA,7.25,NEUTRAL,2026-08-18
11,PRICOLLTD,AUTO,806.55,79.3,HIGH,within 5% of 52w high (strongest measured factor); strong uptrend; ML bull score 80,none flagged -- normal market risk applies,59.8,80.5,-0.3,STRONG_UPTREND,64.95,NEUTRAL,2026-08-18
12,CYIENTDLM,CAPITAL_GOODS,737.45,79.1,HIGH,within 5% of 52w high (strongest measured factor); strong uptrend; ML bull score 80,none flagged -- normal market risk applies,60.7,80.0,-0.8,STRONG_UPTREND,89.23,NEUTRAL,2026-08-18
13,TI,FMCG,580.55,78.9,HIGH,within 5% of 52w high (strongest measured factor); strong uptrend; ML bull score 81,overbought (RSI 86),58.6,80.8,-0.6,STRONG_UPTREND,82.92,NEUTRAL,2026-08-18
14,KABRAEXTRU,CAPITAL_GOODS,520.5,78.8,HIGH,within 5% of 52w high (strongest measured factor); strong uptrend; ML bull score 80,none flagged -- normal market risk applies,61.0,80.3,-0.8,STRONG_UPTREND,24.99,NEUTRAL,2026-08-18
15,RKFORGE,AUTO,755.0,78.8,HIGH,within 5% of 52w high (strongest measured factor); strong uptrend; ML bull score 80,none flagged -- normal market risk applies,58.7,80.1,-1.1,STRONG_UPTREND,178.79,NEUTRAL,2026-08-18
16,ROLEXRINGS,AUTO,179.46,78.8,HIGH,within 5% of 52w high (strongest measured factor); strong uptrend; institutional buying (deals),none flagged -- normal market risk applies,67.0,64.1,-1.3,STRONG_UPTREND,131.89,NEUTRAL,2026-08-18
17,SHANTIGOLD,CAPITAL_GOODS,266.84,78.6,HIGH,within 5% of 52w high (strongest measured factor); strong uptrend; ML bull score 80,overbought (RSI 84),60.1,80.0,-0.4,STRONG_UPTREND,47.99,NEUTRAL,2026-08-18
18,UFLEX,CHEMICALS,586.05,78.5,HIGH,within 5% of 52w high (strongest measured factor); strong uptrend; ML bull score 80,overbought (RSI 83),58.2,80.2,-0.3,STRONG_UPTREND,58.09,NEUTRAL,2026-08-18
19,HAPPYFORGE,CAPITAL_GOODS,2198.1,78.5,HIGH,within 5% of 52w high (strongest measured factor); strong uptrend; ML bull score 80,overbought (RSI 88),60.8,80.1,-0.4,STRONG_UPTREND,27.91,NEUTRAL,2026-08-18
20,NETWEB,FMCG,5212.4,78.4,HIGH,within 5% of 52w high (strongest measured factor); strong uptrend; ML bull score 84,none flagged -- normal market risk applies,60.6,83.6,-1.1,STRONG_UPTREND,747.17,NEUTRAL,2026-08-18
21,UTLSOLAR,CAPITAL_GOODS,464.4,78.1,HIGH,within 5% of 52w high (strongest measured factor); ML bull score 80,none flagged -- normal market risk applies,60.1,79.9,-0.4,INSUFFICIENT_DATA,19.89,NEUTRAL,2026-08-18
22,DECNGOLD,METAL,239.9,78.1,HIGH,within 5% of 52w high (strongest measured factor); ML bull score 80,none flagged -- normal market risk applies,59.8,79.7,-1.6,INSUFFICIENT_DATA,68.75,NEUTRAL,2026-08-18
23,DALMIASUG,FMCG,459.6,78.0,HIGH,within 5% of 52w high (strongest measured factor); strong uptrend; ML bull score 80,none flagged -- normal market risk applies,58.9,79.5,-1.0,STRONG_UPTREND,47.62,NEUTRAL,2026-08-18
24,QUESS,OTHER,343.9,77.9,HIGH,within 5% of 52w high (strongest measured factor); strong uptrend; ML bull score 80,none flagged -- normal market risk applies,59.3,80.0,-1.6,STRONG_UPTREND,49.72,NEUTRAL,2026-08-18
25,WELCORP,METAL,1882.0,77.9,HIGH,within 5% of 52w high (strongest measured factor); strong uptrend; ML bull score 80,none flagged -- normal market risk applies,58.9,80.0,-0.7,STRONG_UPTREND,126.76,NEUTRAL,2026-08-18
26,AZAD,CAPITAL_GOODS,2899.9,77.8,HIGH,within 5% of 52w high (strongest measured factor); strong uptrend; ML bull score 82,none flagged -- normal market risk applies,60.7,82.0,-2.9,STRONG_UPTREND,204.21,NEUTRAL,2026-08-18
27,AVALON,CAPITAL_GOODS,2059.4,77.8,HIGH,within 5% of 52w high (strongest measured factor); strong uptrend; ML bull score 80,none flagged -- normal market risk applies,61.4,80.4,-1.0,STRONG_UPTREND,98.63,NEUTRAL,2026-08-18
28,AVTNPL,AGRICULTURE,88.1,77.8,HIGH,within 5% of 52w high (strongest measured factor); strong uptrend; ML bull score 80,overbought (RSI 87),59.7,80.0,-1.0,STRONG_UPTREND,2.63,NEUTRAL,2026-08-18
29,DEEPINDS,ENERGY,680.7,77.8,HIGH,within 5% of 52w high (strongest measured factor); strong uptrend; ML bull score 82,none flagged -- normal market risk applies,59.7,82.0,-2.6,STRONG_UPTREND,67.78,NEUTRAL,2026-08-18
30,SANSERA,AUTO,4002.0,77.8,HIGH,within 5% of 52w high (strongest measured factor); strong uptrend; ML bull score 80,none flagged -- normal market risk applies,59.8,80.2,-0.9,STRONG_UPTREND,123.81,NEUTRAL,2026-08-18
31,UJJIVANSFB,BANKING,72.21,77.6,HIGH,within 5% of 52w high (strongest measured factor); strong uptrend; ML bull score 80,none flagged -- normal market risk applies,59.2,79.9,-1.5,STRONG_UPTREND,184.76,NEUTRAL,2026-08-18
32,INDSWFTLAB,PHARMA,313.02,77.6,HIGH,within 5% of 52w high (strongest measured factor); strong uptrend; ML bull score 80,overbought (RSI 81),59.0,80.0,-2.3,STRONG_UPTREND,45.58,NEUTRAL,2026-08-18
33,CNL,RETAIL,1252.1,77.5,HIGH,within 5% of 52w high (strongest measured factor); ML bull score 79,none flagged -- normal market risk applies,57.5,78.8,-0.6,INSUFFICIENT_DATA,63.2,NEUTRAL,2026-08-18
34,ALPHAGEO,ENERGY,338.36,77.4,HIGH,within 5% of 52w high (strongest measured factor); strong uptrend; ML bull score 80,overbought (RSI 78),59.9,79.8,-1.3,STRONG_UPTREND,2.82,NEUTRAL,2026-08-18
35,DIVGIITTS,DEFENCE,1284.45,77.4,HIGH,within 5% of 52w high (strongest measured factor); strong uptrend; ML bull score 80,overbought (RSI 81),60.0,80.2,-2.6,STRONG_UPTREND,32.09,NEUTRAL,2026-08-18
36,FILATEX,TEXTILES,82.72,77.4,HIGH,within 5% of 52w high (strongest measured factor); strong uptrend; ML bull score 80,none flagged -- normal market risk applies,57.9,79.9,-3.5,STRONG_UPTREND,42.04,NEUTRAL,2026-08-18
37,UNIVCABLES,CAPITAL_GOODS,1724.6,77.3,HIGH,within 5% of 52w high (strongest measured factor); strong uptrend; ML bull score 80,none flagged -- normal market risk applies,60.7,80.0,-2.8,STRONG_UPTREND,46.69,NEUTRAL,2026-08-18
38,RUBICON,PHARMA,1798.7,77.3,HIGH,within 5% of 52w high (strongest measured factor); strong uptrend; ML bull score 80,none flagged -- normal market risk applies,58.0,80.0,-0.5,STRONG_UPTREND,71.35,NEUTRAL,2026-08-18
39,SHILPAMED,PHARMA,809.3,77.2,HIGH,within 5% of 52w high (strongest measured factor); strong uptrend; ML bull score 80,none flagged -- normal market risk applies,59.0,80.4,-2.0,STRONG_UPTREND,252.14,NEUTRAL,2026-08-18
40,NRBBEARING,AUTO,484.05,77.2,HIGH,within 5% of 52w high (strongest measured factor); strong uptrend; ML bull score 80,none flagged -- normal market risk applies,61.6,80.0,-0.6,STRONG_UPTREND,27.35,NEUTRAL,2026-08-18
41,MOTHERSON,CAPITAL_GOODS,168.06,77.2,HIGH,within 5% of 52w high (strongest measured factor); strong uptrend; ML bull score 80,none flagged -- normal market risk applies,58.8,80.0,-2.3,STRONG_UPTREND,370.17,NEUTRAL,2026-08-18
42,VARROC,AUTO,847.75,77.1,HIGH,within 5% of 52w high (strongest measured factor); strong uptrend; ML bull score 80,overbought (RSI 84),59.7,80.1,-3.1,STRONG_UPTREND,96.8,NEUTRAL,2026-08-18
43,HEG,CAPITAL_GOODS,698.3,77.0,HIGH,within 5% of 52w high (strongest measured factor); strong uptrend; ML bull score 80,none flagged -- normal market risk applies,56.8,79.7,-1.8,STRONG_UPTREND,193.23,NEUTRAL,2026-08-18
44,KWIL,FMCG,38.79,77.0,HIGH,within 5% of 52w high (strongest measured factor); ML bull score 80,none flagged -- normal market risk applies,58.6,79.8,-1.7,INSUFFICIENT_DATA,57.92,NEUTRAL,2026-08-18
45,RADICO,FMCG,4693.4,77.0,HIGH,within 5% of 52w high (strongest measured factor); strong uptrend; ML bull score 80,none flagged -- normal market risk applies,58.2,80.0,0.0,STRONG_UPTREND,221.39,NEUTRAL,2026-08-18
46,TVSMOTOR,AUTO,4385.9,77.0,HIGH,within 5% of 52w high (strongest measured factor); strong uptrend; ML bull score 80,none flagged -- normal market risk applies,58.1,80.0,-2.0,STRONG_UPTREND,651.57,NEUTRAL,2026-08-18
47,TARSONS,HEALTHCARE,361.5,76.8,HIGH,within 5% of 52w high (strongest measured factor); strong uptrend; ML bull score 80,none flagged -- normal market risk applies,59.8,80.0,-3.6,STRONG_UPTREND,41.99,NEUTRAL,2026-08-18
48,MANINDS,METAL,630.35,76.8,HIGH,within 5% of 52w high (strongest measured factor); strong uptrend; ML bull score 80,none flagged -- normal market risk applies,59.9,79.9,-1.3,STRONG_UPTREND,53.9,NEUTRAL,2026-08-18
49,DOLPHIN,ENERGY,576.85,76.8,HIGH,within 5% of 52w high (strongest measured factor); strong uptrend; ML bull score 80,overbought (RSI 87),60.4,80.2,-1.5,STRONG_UPTREND,5.61,NEUTRAL,2026-08-18
50,LUMAXTECH,AUTO,2049.0,76.8,HIGH,within 5% of 52w high (strongest measured factor); strong uptrend; ML bull score 80,overbought (RSI 79),58.4,80.2,-2.9,STRONG_UPTREND,98.89,NEUTRAL,2026-08-18
51,MARKSANS,PHARMA,331.45,76.7,HIGH,within 5% of 52w high (strongest measured factor); strong uptrend; ML bull score 80,none flagged -- normal market risk applies,57.9,80.0,-4.1,STRONG_UPTREND,187.82,NEUTRAL,2026-08-18
52,DYCL,CAPITAL_GOODS,465.35,76.6,HIGH,within 5% of 52w high (strongest measured factor); strong uptrend; ML bull score 80,none flagged -- normal market risk applies,56.9,79.6,-1.8,STRONG_UPTREND,54.56,NEUTRAL,2026-08-18
53,KRN,OTHER,1539.7,76.6,HIGH,within 5% of 52w high (strongest measured factor); ML bull score 75,none flagged -- normal market risk applies,57.3,75.3,-0.1,INSUFFICIENT_DATA,105.83,NEUTRAL,2026-08-18
54,LMW,CAPITAL_GOODS,20047.0,76.5,HIGH,within 5% of 52w high (strongest measured factor); strong uptrend; ML bull score 80,overbought (RSI 83),59.8,80.1,-0.5,STRONG_UPTREND,16.33,NEUTRAL,2026-08-18
55,FINCABLES,CAPITAL_GOODS,1320.85,76.5,HIGH,within 5% of 52w high (strongest measured factor); strong uptrend; ML bull score 80,none flagged -- normal market risk applies,57.9,80.4,-3.9,STRONG_UPTREND,251.62,NEUTRAL,2026-08-18
56,SUNDRMFAST,AUTO,1214.75,76.4,HIGH,within 5% of 52w high (strongest measured factor); strong uptrend; ML bull score 80,overbought (RSI 87),59.2,80.3,-2.3,STRONG_UPTREND,31.77,NEUTRAL,2026-08-18
57,KEI,CAPITAL_GOODS,5873.0,76.4,HIGH,within 5% of 52w high (strongest measured factor); strong uptrend; ML bull score 80,none flagged -- normal market risk applies,58.1,79.9,-0.1,STRONG_UPTREND,295.12,NEUTRAL,2026-08-18
58,SONACOMS,AUTO,805.1,76.4,HIGH,within 5% of 52w high (strongest measured factor); strong uptrend; ML bull score 80,none flagged -- normal market risk applies,58.9,80.2,-3.8,STRONG_UPTREND,246.07,NEUTRAL,2026-08-18
59,SHADOWFAX,LOGISTICS,258.6,76.4,HIGH,within 5% of 52w high (strongest measured factor); ML bull score 80,none flagged -- normal market risk applies,57.5,79.8,-1.9,INSUFFICIENT_DATA,458.33,NEUTRAL,2026-08-18
60,SETL,CAPITAL_GOODS,308.7,76.3,HIGH,within 5% of 52w high (strongest measured factor); ML bull score 79,none flagged -- normal market risk applies,57.9,79.1,-1.5,INSUFFICIENT_DATA,21.61,NEUTRAL,2026-08-18
61,ASIANENE,ENERGY,425.25,76.3,HIGH,within 5% of 52w high (strongest measured factor); strong uptrend; ML bull score 80,none flagged -- normal market risk applies,58.0,79.8,-1.6,STRONG_UPTREND,22.72,NEUTRAL,2026-08-18
62,THYROCARE,HEALTHCARE,618.6,76.3,HIGH,strong uptrend; ML bull score 77; institutional buying (deals),none flagged -- normal market risk applies,65.6,76.8,-6.6,STRONG_UPTREND,100.21,NEUTRAL,2026-08-18
63,PTCIL,POWER,20584.0,76.2,HIGH,within 5% of 52w high (strongest measured factor); strong uptrend; ML bull score 86,none flagged -- normal market risk applies,60.5,85.6,-0.8,STRONG_UPTREND,61.5,NEUTRAL,2026-08-18
64,SENORES,PHARMA,1545.7,76.2,HIGH,within 5% of 52w high (strongest measured factor); strong uptrend; ML bull score 80,none flagged -- normal market risk applies,59.4,80.0,-0.3,STRONG_UPTREND,45.77,NEUTRAL,2026-08-18
65,INDGN,HEALTHCARE,561.75,76.1,HIGH,strong uptrend; ML bull score 78; institutional buying (deals),none flagged -- normal market risk applies,62.5,77.8,-5.9,STRONG_UPTREND,39.82,NEUTRAL,2026-08-18
66,DHAMPURSUG,FMCG,170.87,76.0,HIGH,within 5% of 52w high (strongest measured factor); strong uptrend; ML bull score 80,none flagged -- normal market risk applies,57.6,80.4,-2.4,STRONG_UPTREND,9.39,NEUTRAL,2026-08-18
67,UGARSUGAR,FMCG,52.18,76.0,HIGH,within 5% of 52w high (strongest measured factor); strong uptrend; ML bull score 80,thin liquidity -- use TWAP slices,58.0,79.9,-3.2,STRONG_UPTREND,2.33,NEUTRAL,2026-08-18
68,TVSSRICHAK,AUTO,4868.9,76.0,HIGH,within 5% of 52w high (strongest measured factor); strong uptrend; ML bull score 80,overbought (RSI 82),59.3,79.9,-1.1,STRONG_UPTREND,29.03,NEUTRAL,2026-08-18
69,ANTHEM,PHARMA,898.0,76.0,HIGH,within 5% of 52w high (strongest measured factor); strong uptrend; ML bull score 80,none flagged -- normal market risk applies,56.6,79.8,-0.7,STRONG_UPTREND,74.03,NEUTRAL,2026-08-18
70,LAURUSLABS,PHARMA,1809.7,75.9,HIGH,within 5% of 52w high (strongest measured factor); strong uptrend; ML bull score 80,none flagged -- normal market risk applies,58.5,80.0,-3.3,STRONG_UPTREND,404.09,NEUTRAL,2026-08-18
71,SGMART,METAL,752.3,75.9,HIGH,within 5% of 52w high (strongest measured factor); strong uptrend; ML bull score 79,none flagged -- normal market risk applies,58.6,79.0,-0.7,STRONG_UPTREND,29.55,NEUTRAL,2026-08-18
72,ALIVUS,PHARMA,1394.4,75.8,HIGH,within 5% of 52w high (strongest measured factor); strong uptrend; ML bull score 80,none flagged -- normal market risk applies,58.3,80.0,-1.7,STRONG_UPTREND,23.43,NEUTRAL,2026-08-18
73,NELCO,IT,1081.5,75.8,HIGH,within 5% of 52w high (strongest measured factor); strong uptrend; ML bull score 80,none flagged -- normal market risk applies,58.4,80.0,-3.4,STRONG_UPTREND,58.0,NEUTRAL,2026-08-18
74,COMSYN,AUTO,281.69,75.8,HIGH,ML bull score 79,none flagged -- normal market risk applies,57.8,79.3,-5.5,INSUFFICIENT_DATA,45.35,NEUTRAL,2026-08-18
75,YASHO,CHEMICALS,4362.3,75.8,HIGH,within 5% of 52w high (strongest measured factor); strong uptrend; ML bull score 80,none flagged -- normal market risk applies,59.7,80.2,-2.8,STRONG_UPTREND,37.54,NEUTRAL,2026-08-18
76,KDDL,FMCG,4084.6,75.8,HIGH,within 5% of 52w high (strongest measured factor); strong uptrend; ML bull score 80,overbought (RSI 84),59.6,80.0,-1.7,STRONG_UPTREND,22.88,NEUTRAL,2026-08-18
77,LENSKART,RETAIL,607.6,75.7,HIGH,within 5% of 52w high (strongest measured factor); strong uptrend; ML bull score 80,none flagged -- normal market risk applies,58.1,79.9,-3.1,STRONG_UPTREND,383.45,NEUTRAL,2026-08-18
78,GKSL,HEALTHCARE,151.36,75.7,HIGH,within 5% of 52w high (strongest measured factor); ML bull score 78,overbought (RSI 83),58.4,78.4,-1.1,INSUFFICIENT_DATA,6.73,NEUTRAL,2026-08-18
79,DEEDEV,OTHER,650.55,75.6,HIGH,within 5% of 52w high (strongest measured factor); ML bull score 78,overbought (RSI 83),56.8,77.5,-2.0,INSUFFICIENT_DATA,31.62,NEUTRAL,2026-08-18
80,HAL,DEFENCE,5059.0,75.6,HIGH,within 5% of 52w high (strongest measured factor); strong uptrend; ML bull score 80,none flagged -- normal market risk applies,57.0,79.9,-1.8,STRONG_UPTREND,569.1,NEUTRAL,2026-08-18
81,ATHERENERG,AUTO,1485.2,75.5,HIGH,strong uptrend; ML bull score 80,none flagged -- normal market risk applies,59.0,80.0,-6.0,STRONG_UPTREND,683.36,NEUTRAL,2026-08-18
82,PREMIERPOL,OTHER,83.59,75.5,HIGH,within 5% of 52w high (strongest measured factor); ML bull score 78,none flagged -- normal market risk applies,55.8,78.4,-2.2,INSUFFICIENT_DATA,4.47,NEUTRAL,2026-08-18
83,CHENNPETRO,METAL,1382.4,75.5,HIGH,within 5% of 52w high (strongest measured factor); strong uptrend; ML bull score 80,none flagged -- normal market risk applies,58.6,79.8,-4.6,STRONG_UPTREND,393.2,NEUTRAL,2026-08-18
84,VSSL,METAL,361.55,75.5,HIGH,within 5% of 52w high (strongest measured factor); strong uptrend; ML bull score 80,none flagged -- normal market risk applies,58.7,80.1,-3.8,STRONG_UPTREND,12.3,NEUTRAL,2026-08-18
85,RISHABH,CAPITAL_GOODS,694.6,75.5,HIGH,within 5% of 52w high (strongest measured factor); ML bull score 80,none flagged -- normal market risk applies,58.0,79.7,-0.6,INSUFFICIENT_DATA,14.99,NEUTRAL,2026-08-18
86,DIVISLAB,PHARMA,8481.5,75.5,HIGH,within 5% of 52w high (strongest measured factor); strong uptrend; ML bull score 80,none flagged -- normal market risk applies,57.0,79.9,-2.2,STRONG_UPTREND,459.43,NEUTRAL,2026-08-18
87,PRECWIRE,METAL,457.75,75.5,HIGH,within 5% of 52w high (strongest measured factor); strong uptrend; ML bull score 80,none flagged -- normal market risk applies,59.9,79.8,-3.6,STRONG_UPTREND,35.1,NEUTRAL,2026-08-18
88,SEDEMAC,AUTO,3240.2,75.5,HIGH,within 5% of 52w high (strongest measured factor); ML bull score 80,none flagged -- normal market risk applies,59.0,79.7,-1.0,INSUFFICIENT_DATA,57.59,NEUTRAL,2026-08-18
89,BALRAMCHIN,FMCG,655.75,75.5,HIGH,within 5% of 52w high (strongest measured factor); strong uptrend; ML bull score 80,none flagged -- normal market risk applies,56.7,80.0,-1.5,STRONG_UPTREND,54.96,NEUTRAL,2026-08-18
90,ATALREAL,REALTY,35.85,75.4,HIGH,within 5% of 52w high (strongest measured factor); strong uptrend; ML bull score 74,none flagged -- normal market risk applies,57.7,74.2,-2.3,STRONG_UPTREND,36.86,NEUTRAL,2026-08-18
91,UNITDSPR,FMCG,1545.0,75.4,HIGH,within 5% of 52w high (strongest measured factor); strong uptrend; ML bull score 79,none flagged -- normal market risk applies,57.2,79.4,-0.2,STRONG_UPTREND,138.11,NEUTRAL,2026-08-18
92,RAYMOND,REALTY,647.85,75.3,HIGH,within 5% of 52w high (strongest measured factor); strong uptrend; ML bull score 80,none flagged -- normal market risk applies,58.9,79.7,-0.2,STRONG_UPTREND,33.73,NEUTRAL,2026-08-18
93,SJS,AUTO,2534.5,75.3,HIGH,within 5% of 52w high (strongest measured factor); strong uptrend; ML bull score 80,none flagged -- normal market risk applies,59.0,80.2,-2.1,STRONG_UPTREND,48.64,NEUTRAL,2026-08-18
94,PARAS,DEFENCE,1388.5,75.2,HIGH,within 5% of 52w high (strongest measured factor); strong uptrend; ML bull score 80,none flagged -- normal market risk applies,59.9,79.9,-3.8,STRONG_UPTREND,141.72,NEUTRAL,2026-08-18
95,KTKBANK,BANKING,306.5,75.2,HIGH,within 5% of 52w high (strongest measured factor); strong uptrend; ML bull score 80,none flagged -- normal market risk applies,57.3,80.0,-3.2,STRONG_UPTREND,106.08,NEUTRAL,2026-08-18
96,SHRIRAMFIN,FINANCIAL_SERVICES,1122.0,75.1,HIGH,within 5% of 52w high (strongest measured factor); strong uptrend; ML bull score 80,none flagged -- normal market risk applies,57.6,79.9,-2.8,STRONG_UPTREND,639.86,NEUTRAL,2026-08-18
97,MARINE,CAPITAL_GOODS,367.1,75.1,HIGH,strong uptrend; ML bull score 80,none flagged -- normal market risk applies,56.5,80.0,-5.4,STRONG_UPTREND,49.65,NEUTRAL,2026-08-18
98,ASKAUTOLTD,AUTO,649.2,75.1,HIGH,strong uptrend; ML bull score 80,none flagged -- normal market risk applies,56.8,80.4,-5.6,STRONG_UPTREND,116.92,NEUTRAL,2026-08-18
99,MACPOWER,CAPITAL_GOODS,1781.4,75.0,HIGH,within 5% of 52w high (strongest measured factor); strong uptrend; ML bull score 80,none flagged -- normal market risk applies,59.0,80.0,-3.7,STRONG_UPTREND,10.35,NEUTRAL,2026-08-18
100,SANGHVIMOV,CAPITAL_GOODS,506.95,74.9,HIGH,within 5% of 52w high (strongest measured factor); strong uptrend; ML bull score 80,none flagged -- normal market risk applies,57.9,80.0,-4.0,STRONG_UPTREND,30.22,NEUTRAL,2026-08-18
101,MMP,METAL,350.0,74.9,HIGH,within 5% of 52w high (strongest measured factor); strong uptrend; ML bull score 80,none flagged -- normal market risk applies,58.5,79.9,-3.2,STRONG_UPTREND,3.25,NEUTRAL,2026-08-18
102,RRKABEL,CAPITAL_GOODS,2748.6,74.9,HIGH,within 5% of 52w high (strongest measured factor); strong uptrend; ML bull score 80,none flagged -- normal market risk applies,58.6,80.0,-3.5,STRONG_UPTREND,202.03,NEUTRAL,2026-08-18
103,UNIMECH,DEFENCE,1511.3,74.9,HIGH,within 5% of 52w high (strongest measured factor); strong uptrend; ML bull score 80,none flagged -- normal market risk applies,58.2,79.9,-2.8,STRONG_UPTREND,37.1,NEUTRAL,2026-08-18
104,TITAN,FMCG,5068.5,74.8,HIGH,within 5% of 52w high (strongest measured factor); strong uptrend; ML bull score 80,none flagged -- normal market risk applies,56.4,79.9,-1.9,STRONG_UPTREND,499.42,NEUTRAL,2026-08-18
105,EXIDEIND,AUTO,475.7,74.8,HIGH,within 5% of 52w high (strongest measured factor); strong uptrend; ML bull score 80,none flagged -- normal market risk applies,56.5,79.9,-4.2,STRONG_UPTREND,311.1,NEUTRAL,2026-08-18
106,GLAND,PHARMA,2910.2,74.8,HIGH,within 5% of 52w high (strongest measured factor); strong uptrend; ML bull score 80,none flagged -- normal market risk applies,56.9,80.0,-4.3,STRONG_UPTREND,263.26,NEUTRAL,2026-08-18
107,KINGFA,CAPITAL_GOODS,6087.5,74.8,HIGH,within 5% of 52w high (strongest measured factor); ML bull score 80,none flagged -- normal market risk applies,59.9,80.5,-1.8,INSUFFICIENT_DATA,13.07,NEUTRAL,2026-08-18
108,MANORAMA,FMCG,1943.4,74.7,HIGH,within 5% of 52w high (strongest measured factor); strong uptrend; ML bull score 80,none flagged -- normal market risk applies,58.8,80.2,-4.9,STRONG_UPTREND,162.73,NEUTRAL,2026-08-18
109,SAHYADRI,CHEMICALS,388.15,74.7,HIGH,within 5% of 52w high (strongest measured factor); strong uptrend; ML bull score 80,overbought (RSI 78),59.6,80.5,-3.2,STRONG_UPTREND,1.42,NEUTRAL,2026-08-18
110,GNFC,CHEMICALS,600.65,74.7,HIGH,within 5% of 52w high (strongest measured factor); strong uptrend; ML bull score 80,none flagged -- normal market risk applies,56.5,79.9,-2.5,STRONG_UPTREND,33.32,NEUTRAL,2026-08-18
111,KANPRPLA,CHEMICALS,262.85,74.6,HIGH,within 5% of 52w high (strongest measured factor); strong uptrend; ML bull score 80,thin liquidity -- use TWAP slices,58.5,80.0,-3.4,STRONG_UPTREND,2.81,NEUTRAL,2026-08-18
112,TBOTEK,HOSPITALITY,1700.0,74.6,HIGH,within 5% of 52w high (strongest measured factor); strong uptrend; ML bull score 80,none flagged -- normal market risk applies,59.6,80.1,-3.7,STRONG_UPTREND,58.35,NEUTRAL,2026-08-18
113,SBCL,METAL,1024.6,74.5,HIGH,strong uptrend; ML bull score 80,none flagged -- normal market risk applies,58.2,80.0,-7.3,STRONG_UPTREND,119.67,NEUTRAL,2026-08-18
114,MMFL,AUTO,632.3,74.3,HIGH,within 5% of 52w high (strongest measured factor); strong uptrend; ML bull score 80,none flagged -- normal market risk applies,58.5,80.0,-4.8,STRONG_UPTREND,12.08,NEUTRAL,2026-08-18
115,SIGMAADV,OTHER,627.1,74.3,HIGH,within 5% of 52w high (strongest measured factor); ML bull score 77,overbought (RSI 88),55.5,76.6,-3.2,INSUFFICIENT_DATA,40.01,NEUTRAL,2026-08-18
116,KALYANKJIL,FMCG,610.0,74.3,HIGH,strong uptrend; ML bull score 80; volatility squeeze (breakout setup),none flagged -- normal market risk applies,55.0,79.9,-6.0,STRONG_UPTREND,1338.14,NEUTRAL,2026-08-18
117,NAUKRI,RETAIL,1355.8,74.2,HIGH,strong uptrend; ML bull score 79,none flagged -- normal market risk applies,57.4,79.4,-5.4,STRONG_UPTREND,320.18,NEUTRAL,2026-08-18
118,ARIES,CHEMICALS,434.65,74.2,HIGH,within 5% of 52w high (strongest measured factor); strong uptrend; ML bull score 80,overbought (RSI 82),56.7,79.9,-2.3,STRONG_UPTREND,2.56,NEUTRAL,2026-08-18
119,MPSLTD,HEALTHCARE,2814.8,74.1,HIGH,strong uptrend; ML bull score 81,none flagged -- normal market risk applies,59.5,80.8,-5.5,STRONG_UPTREND,48.67,NEUTRAL,2026-08-18
120,VINDHYATEL,TELECOM,2486.6,74.0,HIGH,within 5% of 52w high (strongest measured factor); strong uptrend; ML bull score 80,none flagged -- normal market risk applies,59.5,80.1,-4.4,STRONG_UPTREND,24.72,NEUTRAL,2026-08-18
121,AJANTPHARM,PHARMA,3718.2,74.0,HIGH,within 5% of 52w high (strongest measured factor); strong uptrend; ML bull score 80,none flagged -- normal market risk applies,57.4,80.0,-0.5,STRONG_UPTREND,42.22,NEUTRAL,2026-08-18
122,BAJAJ-AUTO,AUTO,11663.0,73.9,HIGH,within 5% of 52w high (strongest measured factor); strong uptrend; ML bull score 80,none flagged -- normal market risk applies,60.5,79.9,-1.7,STRONG_UPTREND,468.92,NEUTRAL,2026-08-18
123,BOSCHLTD,AUTO,46970.0,73.9,HIGH,within 5% of 52w high (strongest measured factor); strong uptrend; ML bull score 80,none flagged -- normal market risk applies,57.4,79.9,-1.6,STRONG_UPTREND,194.95,NEUTRAL,2026-08-18
124,ARTEMISMED,HEALTHCARE,314.4,73.9,HIGH,within 5% of 52w high (strongest measured factor); strong uptrend; ML bull score 80,none flagged -- normal market risk applies,56.8,79.8,-3.5,STRONG_UPTREND,15.06,NEUTRAL,2026-08-18
125,VRLLOG,LOGISTICS,296.2,73.9,HIGH,within 5% of 52w high (strongest measured factor); strong uptrend; ML bull score 80,none flagged -- normal market risk applies,55.7,79.6,-4.5,STRONG_UPTREND,25.84,NEUTRAL,2026-08-18
126,KSHINTL,CAPITAL_GOODS,1022.35,73.9,HIGH,within 5% of 52w high (strongest measured factor); ML bull score 80,none flagged -- normal market risk applies,57.5,79.8,-3.5,INSUFFICIENT_DATA,45.72,NEUTRAL,2026-08-18
127,HSCL,CHEMICALS,787.4,73.9,HIGH,within 5% of 52w high (strongest measured factor); strong uptrend; ML bull score 79,none flagged -- normal market risk applies,55.8,79.4,-3.9,STRONG_UPTREND,496.84,NEUTRAL,2026-08-18
128,SSWL,AUTO,309.5,73.8,HIGH,strong uptrend; ML bull score 80; volatility squeeze (breakout setup),none flagged -- normal market risk applies,56.9,79.9,-5.8,STRONG_UPTREND,29.96,NEUTRAL,2026-08-18
129,GSPCROP,CHEMICALS,589.75,73.8,HIGH,within 5% of 52w high (strongest measured factor); ML bull score 78; volatility squeeze (breakout setup),none flagged -- normal market risk applies,56.9,78.4,-3.0,INSUFFICIENT_DATA,20.25,NEUTRAL,2026-08-18
130,M&MFIN,FINANCIAL_SERVICES,388.9,73.8,HIGH,strong uptrend; ML bull score 80,none flagged -- normal market risk applies,56.4,79.9,-6.3,STRONG_UPTREND,285.44,NEUTRAL,2026-08-18
131,RPEL,CAPITAL_GOODS,1430.1,73.7,HIGH,within 5% of 52w high (strongest measured factor); strong uptrend; ML bull score 80,none flagged -- normal market risk applies,58.0,79.9,-2.9,STRONG_UPTREND,9.37,NEUTRAL,2026-08-18
132,KPL,PHARMA,3598.1,73.7,HIGH,within 5% of 52w high (strongest measured factor); ML bull score 80,overbought (RSI 81),58.2,80.0,-3.9,INSUFFICIENT_DATA,27.12,NEUTRAL,2026-08-18
133,ELGIEQUIP,CAPITAL_GOODS,624.2,73.7,HIGH,within 5% of 52w high (strongest measured factor); strong uptrend; ML bull score 80,none flagged -- normal market risk applies,56.9,79.8,-1.5,STRONG_UPTREND,38.28,NEUTRAL,2026-08-18
134,RSL,METAL,164.9,73.6,HIGH,within 5% of 52w high (strongest measured factor); ML bull score 76,overbought (RSI 81),57.0,76.3,-4.1,INSUFFICIENT_DATA,14.16,NEUTRAL,2026-08-18
135,BLSE,IT,310.8,73.6,HIGH,within 5% of 52w high (strongest measured factor); strong uptrend; ML bull score 80,none flagged -- normal market risk applies,55.8,79.7,-4.3,STRONG_UPTREND,28.5,NEUTRAL,2026-08-18
136,UNIPARTS,AUTO,801.15,73.6,HIGH,within 5% of 52w high (strongest measured factor); strong uptrend; ML bull score 80,none flagged -- normal market risk applies,58.7,80.0,-4.5,STRONG_UPTREND,18.28,NEUTRAL,2026-08-18
137,SCPL,OTHER,657.95,73.6,HIGH,within 5% of 52w high (strongest measured factor); ML bull score 79,none flagged -- normal market risk applies,58.4,79.4,-4.5,INSUFFICIENT_DATA,9.09,NEUTRAL,2026-08-18
138,GHCLTEXTIL,TEXTILES,120.08,73.6,HIGH,within 5% of 52w high (strongest measured factor); strong uptrend; ML bull score 80,none flagged -- normal market risk applies,55.5,79.9,-3.9,STRONG_UPTREND,16.72,NEUTRAL,2026-08-18
139,AETHER,CHEMICALS,1605.7,73.6,HIGH,within 5% of 52w high (strongest measured factor); strong uptrend; ML bull score 80,none flagged -- normal market risk applies,57.2,79.9,-3.2,STRONG_UPTREND,61.85,NEUTRAL,2026-08-18
140,ACSTECH,CEMENT,50.92,73.4,HIGH,within 5% of 52w high (strongest measured factor); ML bull score 80,thin liquidity -- use TWAP slices,57.9,79.8,-4.9,INSUFFICIENT_DATA,1.88,NEUTRAL,2026-08-18
141,PVRINOX,MEDIA,1192.0,73.4,HIGH,within 5% of 52w high (strongest measured factor); strong uptrend; ML bull score 79,none flagged -- normal market risk applies,57.8,79.0,-4.6,STRONG_UPTREND,65.3,NEUTRAL,2026-08-18
142,ANDHRSUGAR,CHEMICALS,101.98,73.3,HIGH,within 5% of 52w high (strongest measured factor); strong uptrend; ML bull score 79,none flagged -- normal market risk applies,55.0,79.1,-4.9,STRONG_UPTREND,13.23,NEUTRAL,2026-08-18
143,SKYGOLD,FMCG,776.4,73.3,HIGH,strong uptrend; ML bull score 80,none flagged -- normal market risk applies,58.0,80.0,-8.4,STRONG_UPTREND,113.96,NEUTRAL,2026-08-18
144,BOSCH-HCIL,FMCG,1700.4,73.3,HIGH,within 5% of 52w high (strongest measured factor); ML bull score 78,none flagged -- normal market risk applies,57.8,78.3,-2.6,INSUFFICIENT_DATA,10.73,NEUTRAL,2026-08-18
145,CREDITACC,FINANCIAL_SERVICES,1538.6,73.2,HIGH,uptrend; ML bull score 79; institutional buying (deals),none flagged -- normal market risk applies,62.5,78.8,-5.8,UPTREND,68.6,NEUTRAL,2026-08-18
146,APOLLOPIPE,CAPITAL_GOODS,545.3,73.2,HIGH,within 5% of 52w high (strongest measured factor); strong uptrend; ML bull score 79,none flagged -- normal market risk applies,55.9,78.9,-1.6,STRONG_UPTREND,21.43,NEUTRAL,2026-08-18
147,AYMSYNTEX,TEXTILES,271.9,73.2,HIGH,within 5% of 52w high (strongest measured factor); strong uptrend; ML bull score 80,thin liquidity -- use TWAP slices,59.2,79.9,-3.3,STRONG_UPTREND,1.29,NEUTRAL,2026-08-18
148,LTM,IT,4700.0,73.2,HIGH,within 5% of 52w high (strongest measured factor); ML bull score 77,none flagged -- normal market risk applies,55.5,76.7,-3.1,INSUFFICIENT_DATA,211.2,NEUTRAL,2026-08-18
149,ROSSTECH,DEFENCE,1108.9,73.2,HIGH,within 5% of 52w high (strongest measured factor); strong uptrend; ML bull score 80,none flagged -- normal market risk applies,57.0,79.9,-3.4,STRONG_UPTREND,35.04,NEUTRAL,2026-08-18
150,AKUMS,PHARMA,744.0,73.2,HIGH,within 5% of 52w high (strongest measured factor); strong uptrend; ML bull score 80,none flagged -- normal market risk applies,56.6,80.0,-4.0,STRONG_UPTREND,27.13,NEUTRAL,2026-08-18
151,PNBHOUSING,FINANCIAL_SERVICES,1150.8,73.1,HIGH,within 5% of 52w high (strongest measured factor); strong uptrend; ML bull score 79,none flagged -- normal market risk applies,54.4,79.1,-2.0,STRONG_UPTREND,121.03,NEUTRAL,2026-08-18
152,MUFIN,FINANCIAL_SERVICES,135.87,72.9,HIGH,within 5% of 52w high (strongest measured factor); strong uptrend; ML bull score 80,none flagged -- normal market risk applies,57.9,79.9,-2.9,STRONG_UPTREND,17.11,NEUTRAL,2026-08-18
153,SAILIFE,CHEMICALS,1416.4,72.9,HIGH,within 5% of 52w high (strongest measured factor); strong uptrend; ML bull score 80,none flagged -- normal market risk applies,57.4,80.0,-4.0,STRONG_UPTREND,79.86,NEUTRAL,2026-08-18
154,CRAFTSMAN,AUTO,10480.0,72.9,HIGH,within 5% of 52w high (strongest measured factor); strong uptrend; ML bull score 80,none flagged -- normal market risk applies,57.6,80.0,-2.6,STRONG_UPTREND,70.25,NEUTRAL,2026-08-18
155,CUPID,FMCG,267.32,72.7,HIGH,strong uptrend; ML bull score 80,none flagged -- normal market risk applies,58.4,80.0,-10.6,STRONG_UPTREND,864.65,NEUTRAL,2026-08-18
156,MATRIMONY,RETAIL,543.05,72.7,HIGH,strong uptrend; ML bull score 80,overbought (RSI 81),60.8,79.8,-5.2,STRONG_UPTREND,5.98,NEUTRAL,2026-08-18
157,HNDFDS,FMCG,608.45,72.6,HIGH,within 5% of 52w high (strongest measured factor); strong uptrend; ML bull score 80,none flagged -- normal market risk applies,57.5,79.7,-0.9,STRONG_UPTREND,5.17,NEUTRAL,2026-08-18
158,ARVSMART,REALTY,670.35,72.6,HIGH,within 5% of 52w high (strongest measured factor); strong uptrend; ML bull score 79,none flagged -- normal market risk applies,56.9,78.8,-3.4,STRONG_UPTREND,30.86,NEUTRAL,2026-08-18
159,OMAXE,REALTY,100.83,72.6,HIGH,strong uptrend; ML bull score 79,none flagged -- normal market risk applies,56.2,79.3,-7.2,STRONG_UPTREND,23.09,NEUTRAL,2026-08-18
160,CHOLAFIN,FINANCIAL_SERVICES,1884.7,72.6,HIGH,within 5% of 52w high (strongest measured factor); strong uptrend; ML bull score 80,none flagged -- normal market risk applies,56.0,79.8,-3.5,STRONG_UPTREND,306.07,NEUTRAL,2026-08-18
161,MODIS,REALTY,415.6,72.6,HIGH,within 5% of 52w high (strongest measured factor); ML bull score 79; volatility squeeze (breakout setup),none flagged -- normal market risk applies,57.6,78.8,-3.1,INSUFFICIENT_DATA,4.83,NEUTRAL,2026-08-18
162,POLYPLEX,CHEMICALS,1210.8,72.6,HIGH,within 5% of 52w high (strongest measured factor); strong uptrend; ML bull score 80,none flagged -- normal market risk applies,57.0,79.9,-4.2,STRONG_UPTREND,18.26,NEUTRAL,2026-08-18
163,AARTIIND,CHEMICALS,526.7,72.6,HIGH,within 5% of 52w high (strongest measured factor); strong uptrend; ML bull score 79,none flagged -- normal market risk applies,55.0,78.8,-2.8,STRONG_UPTREND,89.77,NEUTRAL,2026-08-18
164,MUNJALAU,AUTO,119.72,72.5,HIGH,strong uptrend; ML bull score 80,none flagged -- normal market risk applies,56.8,79.9,-8.3,STRONG_UPTREND,47.8,NEUTRAL,2026-08-18
165,TATATECH,FMCG,841.65,72.5,HIGH,strong uptrend; ML bull score 80,none flagged -- normal market risk applies,55.1,79.5,-5.5,STRONG_UPTREND,190.6,NEUTRAL,2026-08-18
166,OBEROIRLTY,REALTY,1931.0,72.5,HIGH,within 5% of 52w high (strongest measured factor); strong uptrend; ML bull score 80,none flagged -- normal market risk applies,58.0,79.6,-2.8,STRONG_UPTREND,69.33,NEUTRAL,2026-08-18
167,SOLARINDS,CHEMICALS,20000.0,72.5,HIGH,within 5% of 52w high (strongest measured factor); strong uptrend; ML bull score 80,none flagged -- normal market risk applies,55.8,79.9,-2.0,STRONG_UPTREND,258.76,NEUTRAL,2026-08-18
168,IDFCFIRSTB,BANKING,85.05,72.5,HIGH,within 5% of 52w high (strongest measured factor); strong uptrend; ML bull score 79,none flagged -- normal market risk applies,55.3,79.4,-4.2,STRONG_UPTREND,198.1,NEUTRAL,2026-08-18
169,BLUESTONE,FMCG,834.65,72.5,HIGH,strong uptrend; ML bull score 81,none flagged -- normal market risk applies,56.7,80.5,-9.9,STRONG_UPTREND,965.17,NEUTRAL,2026-08-18
170,EICHERMOT,AUTO,8050.0,72.5,HIGH,within 5% of 52w high (strongest measured factor); strong uptrend; ML bull score 79,none flagged -- normal market risk applies,56.0,78.5,-2.2,STRONG_UPTREND,411.89,NEUTRAL,2026-08-18
171,PPLPHARMA,PHARMA,204.73,72.4,HIGH,strong uptrend; ML bull score 80,none flagged -- normal market risk applies,55.8,79.8,-6.3,STRONG_UPTREND,165.58,NEUTRAL,2026-08-18
172,REDINGTON,IT,332.8,72.4,HIGH,strong uptrend; ML bull score 80,none flagged -- normal market risk applies,55.5,79.9,-8.7,STRONG_UPTREND,370.8,NEUTRAL,2026-08-18
173,PGIL,TEXTILES,2378.0,72.4,HIGH,strong uptrend; ML bull score 80,none flagged -- normal market risk applies,57.8,80.0,-6.4,STRONG_UPTREND,51.82,NEUTRAL,2026-08-18
174,JGCHEM,CHEMICALS,600.8,72.3,HIGH,strong uptrend; ML bull score 81,none flagged -- normal market risk applies,56.7,80.8,-8.1,STRONG_UPTREND,60.43,NEUTRAL,2026-08-18
175,FEDERALBNK,BANKING,354.1,72.3,HIGH,within 5% of 52w high (strongest measured factor); uptrend; ML bull score 80,none flagged -- normal market risk applies,57.8,79.8,-4.7,UPTREND,160.25,NEUTRAL,2026-08-18
176,IIFL,FINANCIAL_SERVICES,630.05,72.3,HIGH,strong uptrend; ML bull score 79,none flagged -- normal market risk applies,55.3,79.4,-6.7,STRONG_UPTREND,131.71,NEUTRAL,2026-08-18
177,NAM-INDIA,AMC,1202.7,72.2,HIGH,within 5% of 52w high (strongest measured factor); strong uptrend; ML bull score 80,none flagged -- normal market risk applies,56.8,79.6,-2.5,STRONG_UPTREND,116.15,NEUTRAL,2026-08-18
178,TIIL,METAL,3097.2,72.2,HIGH,strong uptrend; ML bull score 80,overbought (RSI 79),57.7,80.0,-6.1,STRONG_UPTREND,19.7,NEUTRAL,2026-08-18
179,PRUDENT,FINANCIAL_SERVICES,3338.0,72.1,HIGH,within 5% of 52w high (strongest measured factor); strong uptrend; ML bull score 80,none flagged -- normal market risk applies,56.2,79.9,-2.8,STRONG_UPTREND,21.66,NEUTRAL,2026-08-18
180,ADOR,CAPITAL_GOODS,1525.3,72.1,HIGH,within 5% of 52w high (strongest measured factor); strong uptrend; ML bull score 80,none flagged -- normal market risk applies,57.1,80.0,-4.5,STRONG_UPTREND,11.09,NEUTRAL,2026-08-18
181,UTTAMSUGAR,FMCG,283.0,72.1,HIGH,strong uptrend; ML bull score 80,none flagged -- normal market risk applies,55.7,79.7,-5.4,STRONG_UPTREND,5.76,NEUTRAL,2026-08-18
182,FLUOROCHEM,CHEMICALS,4707.5,72.0,HIGH,strong uptrend; ML bull score 80; volatility squeeze (breakout setup),none flagged -- normal market risk applies,56.1,80.0,-5.1,STRONG_UPTREND,126.28,NEUTRAL,2026-08-18
183,SHAILY,CAPITAL_GOODS,3396.3,72.0,HIGH,strong uptrend; ML bull score 80,none flagged -- normal market risk applies,56.7,79.9,-6.0,STRONG_UPTREND,79.11,NEUTRAL,2026-08-18
184,ACE,AUTO,1113.7,72.0,HIGH,within 5% of 52w high (strongest measured factor); strong uptrend; ML bull score 80,none flagged -- normal market risk applies,56.6,79.6,-4.8,STRONG_UPTREND,87.33,NEUTRAL,2026-08-18
185,LODHA,REALTY,1254.0,72.0,HIGH,strong uptrend; ML bull score 79,none flagged -- normal market risk applies,55.8,79.3,-6.8,STRONG_UPTREND,310.33,NEUTRAL,2026-08-18
186,POONAWALLA,FINANCIAL_SERVICES,497.45,71.9,HIGH,strong uptrend; ML bull score 79; institutional buying (deals),none flagged -- normal market risk applies,61.4,79.4,-12.8,STRONG_UPTREND,67.17,NEUTRAL,2026-08-18
187,ENTERO,PHARMA,1401.6,71.9,HIGH,within 5% of 52w high (strongest measured factor); strong uptrend; ML bull score 80,none flagged -- normal market risk applies,56.7,79.6,-4.5,STRONG_UPTREND,27.02,NEUTRAL,2026-08-18
188,VIJAYA,HEALTHCARE,1506.6,71.9,HIGH,within 5% of 52w high (strongest measured factor); strong uptrend; ML bull score 80,none flagged -- normal market risk applies,56.9,79.7,-4.2,STRONG_UPTREND,35.13,NEUTRAL,2026-08-18
189,TFCILTD,FINANCIAL_SERVICES,120.28,71.8,HIGH,strong uptrend,overbought (RSI 85),55.3,62.9,-5.3,STRONG_UPTREND,232.54,NEUTRAL,2026-08-18
190,AVADHSUGAR,OTHER,725.25,71.8,HIGH,within 5% of 52w high (strongest measured factor),overbought (RSI 84),52.8,63.2,-0.7,INSUFFICIENT_DATA,28.89,NEUTRAL,2026-08-18
191,SYRMA,CAPITAL_GOODS,1467.9,71.8,HIGH,within 5% of 52w high (strongest measured factor); strong uptrend; ML bull score 80,none flagged -- normal market risk applies,55.2,79.7,-4.9,STRONG_UPTREND,239.7,NEUTRAL,2026-08-18
192,RBLBANK,BANKING,381.5,71.6,HIGH,within 5% of 52w high (strongest measured factor); strong uptrend; ML bull score 79,none flagged -- normal market risk applies,54.9,79.2,-2.8,STRONG_UPTREND,146.9,NEUTRAL,2026-08-18
193,PAUSHAKLTD,CHEMICALS,734.2,71.6,HIGH,ML bull score 79,none flagged -- normal market risk applies,54.8,78.7,-5.9,INSUFFICIENT_DATA,10.39,NEUTRAL,2026-08-18
194,UNIONBANK,BANKING,188.9,71.6,HIGH,strong uptrend; ML bull score 80,none flagged -- normal market risk applies,55.3,79.6,-8.1,STRONG_UPTREND,258.02,NEUTRAL,2026-08-18
195,ENDURANCE,AUTO,2978.2,71.4,HIGH,within 5% of 52w high (strongest measured factor); strong uptrend; ML bull score 79,none flagged -- normal market risk applies,55.0,79.2,-3.3,STRONG_UPTREND,47.28,NEUTRAL,2026-08-18
196,AMBALALSA,PHARMA,45.7,71.4,HIGH,ML bull score 80,thin liquidity -- use TWAP slices,56.4,79.7,-8.6,INSUFFICIENT_DATA,1.81,NEUTRAL,2026-08-18
197,GAEL,AGRICULTURE,172.75,71.4,HIGH,strong uptrend; ML bull score 78,none flagged -- normal market risk applies,56.7,78.4,-6.1,STRONG_UPTREND,41.12,NEUTRAL,2026-08-18
198,KARURVYSYA,BANKING,334.0,71.4,HIGH,uptrend; ML bull score 77; volatility squeeze (breakout setup),none flagged -- normal market risk applies,54.7,77.0,-5.1,UPTREND,226.5,NEUTRAL,2026-08-18
199,COFORGE,IT,1806.0,71.3,HIGH,strong uptrend; ML bull score 80,none flagged -- normal market risk applies,55.9,79.8,-9.2,STRONG_UPTREND,579.51,NEUTRAL,2026-08-18
200,MAWANASUG,OTHER,124.06,71.3,HIGH,within 5% of 52w high (strongest measured factor),none flagged -- normal market risk applies,52.7,62.6,-1.4,INSUFFICIENT_DATA,5.97,NEUTRAL,2026-08-18
201,AUROPHARMA,PHARMA,1627.2,71.2,HIGH,within 5% of 52w high (strongest measured factor); strong uptrend; ML bull score 80,none flagged -- normal market risk applies,57.9,79.8,-3.3,STRONG_UPTREND,170.24,NEUTRAL,2026-08-18
202,COSMOFIRST,CHEMICALS,964.85,71.2,HIGH,within 5% of 52w high (strongest measured factor); strong uptrend; ML bull score 79,none flagged -- normal market risk applies,54.6,79.2,-4.8,STRONG_UPTREND,16.68,NEUTRAL,2026-08-18
203,TMCV,AUTO,470.4,71.1,HIGH,ML bull score 78,none flagged -- normal market risk applies,53.8,78.0,-7.6,INSUFFICIENT_DATA,395.46,NEUTRAL,2026-08-18
204,KMEW,INFRASTRUCTURE,2756.5,71.1,HIGH,strong uptrend; ML bull score 80,none flagged -- normal market risk applies,57.7,80.0,-8.1,STRONG_UPTREND,32.01,NEUTRAL,2026-08-18
205,TASTYBITE,FMCG,10014.5,71.0,HIGH,within 5% of 52w high (strongest measured factor); strong uptrend; ML bull score 80,none flagged -- normal market risk applies,55.7,79.9,-4.4,STRONG_UPTREND,16.14,NEUTRAL,2026-08-18
206,SHRIPISTON,AUTO,4436.6,70.9,HIGH,within 5% of 52w high (strongest measured factor); strong uptrend; ML bull score 80,none flagged -- normal market risk applies,56.7,79.9,-3.3,STRONG_UPTREND,25.8,NEUTRAL,2026-08-18
207,MAXESTATES,REALTY,474.35,70.9,HIGH,strong uptrend; ML bull score 80,none flagged -- normal market risk applies,57.5,79.6,-5.5,STRONG_UPTREND,5.15,NEUTRAL,2026-08-18
208,HONASA,FMCG,481.65,70.9,HIGH,strong uptrend; ML bull score 80,none flagged -- normal market risk applies,55.5,79.6,-5.5,STRONG_UPTREND,99.06,NEUTRAL,2026-08-18
209,WSTCSTPAPR,CHEMICALS,605.5,70.8,HIGH,strong uptrend; ML bull score 80,none flagged -- normal market risk applies,56.4,79.8,-6.1,STRONG_UPTREND,23.1,NEUTRAL,2026-08-18
210,ZIMLAB,OTHER,115.2,70.8,HIGH,within 5% of 52w high (strongest measured factor),overbought (RSI 82),54.5,60.2,-0.4,INSUFFICIENT_DATA,1.75,NEUTRAL,2026-08-18
211,KENNAMET,CAPITAL_GOODS,3551.7,70.8,HIGH,ML bull score 80,none flagged -- normal market risk applies,55.4,79.7,-5.9,INSUFFICIENT_DATA,12.79,NEUTRAL,2026-08-18
212,GANDHAR,ENERGY,246.69,70.8,HIGH,strong uptrend; ML bull score 80; institutional buying (deals),none flagged -- normal market risk applies,61.0,79.6,-18.6,STRONG_UPTREND,172.17,NEUTRAL,2026-08-18
213,OFSS,FINANCIAL_SERVICES,11789.0,70.7,HIGH,within 5% of 52w high (strongest measured factor); strong uptrend; ML bull score 71,none flagged -- normal market risk applies,54.4,71.4,-1.6,STRONG_UPTREND,496.09,NEUTRAL,2026-08-18
214,SIEMENS,CAPITAL_GOODS,3943.0,70.6,HIGH,within 5% of 52w high (strongest measured factor); strong uptrend; ML bull score 77,none flagged -- normal market risk applies,54.8,77.2,-3.8,STRONG_UPTREND,160.02,NEUTRAL,2026-08-18
215,AARTIPHARM,PHARMA,861.95,70.6,HIGH,strong uptrend; ML bull score 80,none flagged -- normal market risk applies,54.0,79.6,-8.9,STRONG_UPTREND,108.07,NEUTRAL,2026-08-18
216,TTKHLTCARE,DIVERSIFIED,1138.4,70.5,HIGH,strong uptrend; ML bull score 79,none flagged -- normal market risk applies,55.7,79.4,-6.4,STRONG_UPTREND,4.57,NEUTRAL,2026-08-18
217,RPTECH,IT,871.85,70.4,HIGH,strong uptrend; ML bull score 80,none flagged -- normal market risk applies,57.5,80.0,-9.9,STRONG_UPTREND,50.06,NEUTRAL,2026-08-18
218,PITTIENG,CAPITAL_GOODS,1046.55,70.3,HIGH,within 5% of 52w high (strongest measured factor); strong uptrend; ML bull score 80,none flagged -- normal market risk applies,55.6,79.8,-4.9,STRONG_UPTREND,9.19,NEUTRAL,2026-08-18
219,THELEELA,HOSPITALITY,503.0,70.3,HIGH,within 5% of 52w high (strongest measured factor); strong uptrend; ML bull score 80,none flagged -- normal market risk applies,56.5,79.8,-4.6,STRONG_UPTREND,28.05,NEUTRAL,2026-08-18
220,MINDACORP,AUTO,725.15,70.3,HIGH,strong uptrend; ML bull score 80,none flagged -- normal market risk applies,56.0,79.9,-5.7,STRONG_UPTREND,48.2,NEUTRAL,2026-08-18
221,WELSPUNLIV,TEXTILES,168.15,70.2,HIGH,strong uptrend; ML bull score 78,none flagged -- normal market risk applies,58.6,77.6,-5.5,STRONG_UPTREND,94.31,NEUTRAL,2026-08-18
222,NAZARA,IT,350.1,70.2,HIGH,within 5% of 52w high (strongest measured factor); strong uptrend,none flagged -- normal market risk applies,56.3,65.0,-3.3,STRONG_UPTREND,113.22,NEUTRAL,2026-08-18
223,PONNIERODE,FMCG,350.75,70.1,HIGH,within 5% of 52w high (strongest measured factor); strong uptrend; ML bull score 74,thin liquidity -- use TWAP slices,54.8,73.9,-2.3,STRONG_UPTREND,1.51,NEUTRAL,2026-08-18
224,MONARCH,FINANCIAL_SERVICES,389.05,70.1,HIGH,within 5% of 52w high (strongest measured factor); strong uptrend; ML bull score 73,none flagged -- normal market risk applies,55.3,73.0,-4.4,STRONG_UPTREND,17.21,NEUTRAL,2026-08-18
225,PNGSREVA,FMCG,576.45,70.1,HIGH,ML bull score 79,none flagged -- normal market risk applies,54.9,79.3,-10.5,INSUFFICIENT_DATA,49.46,NEUTRAL,2026-08-18
226,IBULLSLTD,OTHER,27.83,70.1,HIGH,broad composite strength only,none flagged -- normal market risk applies,53.3,60.4,-5.3,INSUFFICIENT_DATA,50.0,NEUTRAL,2026-08-18
227,BHAGYANGR,OTHER,382.5,70.0,HIGH,within 5% of 52w high (strongest measured factor),overbought (RSI 84),52.2,60.0,-2.2,INSUFFICIENT_DATA,24.87,NEUTRAL,2026-08-18
228,IPCALAB,PHARMA,1884.6,70.0,HIGH,within 5% of 52w high (strongest measured factor); strong uptrend; ML bull score 73,none flagged -- normal market risk applies,53.9,72.9,-3.1,STRONG_UPTREND,116.68,NEUTRAL,2026-08-18
229,TATVA,CHEMICALS,1685.8,69.9,MEDIUM,uptrend; ML bull score 80,none flagged -- normal market risk applies,54.9,79.7,-8.3,UPTREND,32.92,NEUTRAL,2026-08-18
230,AUBANK,BANKING,1072.2,69.9,MEDIUM,within 5% of 52w high (strongest measured factor); strong uptrend; ML bull score 74,none flagged -- normal market risk applies,53.8,74.1,-3.0,STRONG_UPTREND,185.96,NEUTRAL,2026-08-18
231,SURAKSHA,HEALTHCARE,308.45,69.8,MEDIUM,strong uptrend; ML bull score 78,none flagged -- normal market risk applies,54.8,78.3,-7.4,STRONG_UPTREND,10.49,NEUTRAL,2026-08-18
232,BAJFINANCE,FINANCIAL_SERVICES,1089.3,69.8,MEDIUM,strong uptrend; ML bull score 80,none flagged -- normal market risk applies,53.2,79.7,-7.4,STRONG_UPTREND,1034.13,NEUTRAL,2026-08-18
233,TCPLPACK,CHEMICALS,4037.6,69.8,MEDIUM,strong uptrend; ML bull score 80,none flagged -- normal market risk applies,54.9,79.9,-8.5,STRONG_UPTREND,15.77,NEUTRAL,2026-08-18
234,MAGADSUGAR,FMCG,570.65,69.7,MEDIUM,strong uptrend; ML bull score 79,none flagged -- normal market risk applies,54.4,79.5,-6.4,STRONG_UPTREND,3.22,NEUTRAL,2026-08-18
235,EIMCOELECO,CAPITAL_GOODS,2189.1,69.6,MEDIUM,strong uptrend; ML bull score 80,none flagged -- normal market risk applies,54.8,79.8,-8.0,STRONG_UPTREND,8.21,NEUTRAL,2026-08-18
236,GRASIM,CEMENT,3250.5,69.6,MEDIUM,within 5% of 52w high (strongest measured factor); strong uptrend; ML bull score 79,none flagged -- normal market risk applies,55.0,79.4,-4.7,STRONG_UPTREND,244.82,NEUTRAL,2026-08-18
237,STEELCAS,CAPITAL_GOODS,352.1,69.5,MEDIUM,within 5% of 52w high (strongest measured factor); strong uptrend,none flagged -- normal market risk applies,55.4,66.1,-2.4,STRONG_UPTREND,4.93,NEUTRAL,2026-08-18
238,NILKAMAL,FMCG,1810.0,69.4,MEDIUM,strong uptrend; ML bull score 79; volatility squeeze (breakout setup),none flagged -- normal market risk applies,54.6,79.3,-8.8,STRONG_UPTREND,24.0,NEUTRAL,2026-08-18
239,BHEL,FMCG,435.95,69.4,MEDIUM,within 5% of 52w high (strongest measured factor); strong uptrend,none flagged -- normal market risk applies,52.4,61.9,-2.4,STRONG_UPTREND,376.32,NEUTRAL,2026-08-18
240,KPIL,INFRASTRUCTURE,1404.2,69.3,MEDIUM,strong uptrend; ML bull score 78,none flagged -- normal market risk applies,54.7,78.5,-5.1,STRONG_UPTREND,46.77,NEUTRAL,2026-08-18
241,GALAXYSURF,CHEMICALS,2403.7,69.3,MEDIUM,strong uptrend; ML bull score 80,none flagged -- normal market risk applies,54.9,80.1,-9.2,STRONG_UPTREND,18.65,NEUTRAL,2026-08-18
242,JSFB,BANKING,548.85,69.1,MEDIUM,uptrend; ML bull score 76,none flagged -- normal market risk applies,55.5,75.7,-7.4,UPTREND,45.18,NEUTRAL,2026-08-18
243,TALBROAUTO,AUTO,423.45,69.1,MEDIUM,strong uptrend; ML bull score 80,none flagged -- normal market risk applies,55.8,79.9,-6.2,STRONG_UPTREND,9.04,NEUTRAL,2026-08-18
244,INDIGOPNTS,CHEMICALS,1161.0,68.7,MEDIUM,strong uptrend; ML bull score 78; institutional buying (deals),none flagged -- normal market risk applies,60.7,78.3,-13.7,STRONG_UPTREND,20.8,NEUTRAL,2026-08-18
245,MEDANTA,HEALTHCARE,1415.1,68.7,MEDIUM,strong uptrend; ML bull score 80,none flagged -- normal market risk applies,54.8,79.6,-5.1,STRONG_UPTREND,43.34,NEUTRAL,2026-08-18
246,SMLMAH,AUTO,5321.0,68.6,MEDIUM,strong uptrend; ML bull score 80,none flagged -- normal market risk applies,53.9,79.9,-11.1,STRONG_UPTREND,176.29,NEUTRAL,2026-08-18
247,KAPSTON,OTHER,522.7,68.6,MEDIUM,ML bull score 80,none flagged -- normal market risk applies,59.2,79.9,-12.9,INSUFFICIENT_DATA,4.75,NEUTRAL,2026-08-18
248,GUFICBIO,PHARMA,418.2,68.6,MEDIUM,strong uptrend; ML bull score 80,none flagged -- normal market risk applies,54.8,79.8,-6.6,STRONG_UPTREND,3.97,NEUTRAL,2026-08-18
249,TMB,REALTY,843.7,68.6,MEDIUM,uptrend; ML bull score 79; volatility squeeze (breakout setup),none flagged -- normal market risk applies,54.8,78.7,-8.0,UPTREND,58.44,NEUTRAL,2026-08-18
250,LALPATHLAB,HEALTHCARE,1877.3,68.6,MEDIUM,strong uptrend; ML bull score 78,none flagged -- normal market risk applies,56.9,77.8,-5.6,STRONG_UPTREND,93.32,NEUTRAL,2026-08-18
251,SAREGAMA,MEDIA,523.4,68.5,MEDIUM,strong uptrend; ML bull score 80; volatility squeeze (breakout setup),none flagged -- normal market risk applies,54.2,79.8,-8.9,STRONG_UPTREND,48.84,NEUTRAL,2026-08-18
252,360ONE,FINANCIAL_SERVICES,1173.0,68.5,MEDIUM,strong uptrend; ML bull score 73,none flagged -- normal market risk applies,54.8,72.7,-5.1,STRONG_UPTREND,113.16,NEUTRAL,2026-08-18
253,BEPL,CAPITAL_GOODS,122.89,68.5,MEDIUM,strong uptrend; ML bull score 79,none flagged -- normal market risk applies,55.8,79.0,-11.3,STRONG_UPTREND,81.79,NEUTRAL,2026-08-18
254,TNPETRO,HEALTHCARE,114.16,68.5,MEDIUM,strong uptrend; ML bull score 80,overbought (RSI 80),54.0,79.6,-12.1,STRONG_UPTREND,5.8,NEUTRAL,2026-08-18
255,MUKKA,AGRICULTURE,27.53,68.5,MEDIUM,strong uptrend; ML bull score 80,thin liquidity -- use TWAP slices,55.4,79.7,-11.8,STRONG_UPTREND,1.64,NEUTRAL,2026-08-18
256,THEJO,CAPITAL_GOODS,2118.1,68.3,MEDIUM,strong uptrend; ML bull score 80,thin liquidity -- use TWAP slices,55.9,79.5,-7.4,STRONG_UPTREND,2.43,NEUTRAL,2026-08-18
257,UNOMINDA,AUTO,1269.9,68.2,MEDIUM,strong uptrend; ML bull score 73,none flagged -- normal market risk applies,54.0,73.0,-8.1,STRONG_UPTREND,112.41,NEUTRAL,2026-08-18
258,HFCL,TELECOM,219.5,68.2,MEDIUM,within 5% of 52w high (strongest measured factor); strong uptrend,none flagged -- normal market risk applies,52.6,64.1,-5.0,STRONG_UPTREND,600.43,NEUTRAL,2026-08-18
259,INDOTECH,OTHER,3608.4,68.2,MEDIUM,broad composite strength only,none flagged -- normal market risk applies,54.9,64.6,-6.2,INSUFFICIENT_DATA,34.54,NEUTRAL,2026-08-18
260,DREDGECORP,INFRASTRUCTURE,1160.5,68.1,MEDIUM,strong uptrend; ML bull score 79,none flagged -- normal market risk applies,57.5,79.4,-9.8,STRONG_UPTREND,24.12,NEUTRAL,2026-08-18
261,DICIND,CHEMICALS,591.95,68.0,MEDIUM,strong uptrend; ML bull score 74,thin liquidity -- use TWAP slices,54.2,73.6,-6.2,STRONG_UPTREND,1.17,NEUTRAL,2026-08-18
262,NAVINFLUOR,CHEMICALS,8151.0,68.0,MEDIUM,strong uptrend; ML bull score 80,none flagged -- normal market risk applies,53.8,79.7,-7.1,STRONG_UPTREND,290.57,NEUTRAL,2026-08-18
263,HEROMOTOCO,AUTO,5745.0,68.0,MEDIUM,strong uptrend; ML bull score 75,none flagged -- normal market risk applies,54.4,75.4,-10.1,STRONG_UPTREND,485.72,NEUTRAL,2026-08-18
264,MANAPPURAM,FINANCIAL_SERVICES,348.6,67.9,MEDIUM,uptrend; ML bull score 79; volatility squeeze (breakout setup),none flagged -- normal market risk applies,54.8,79.4,-8.6,UPTREND,260.03,NEUTRAL,2026-08-18
265,LLOYDSENGG,CAPITAL_GOODS,91.21,67.9,MEDIUM,strong uptrend; ML bull score 75,none flagged -- normal market risk applies,54.3,75.4,-8.6,STRONG_UPTREND,118.37,NEUTRAL,2026-08-18
266,SUPRAJIT,AUTO,520.75,67.9,MEDIUM,strong uptrend; ML bull score 79,none flagged -- normal market risk applies,54.6,79.4,-6.9,STRONG_UPTREND,8.87,NEUTRAL,2026-08-18
267,ARVIND,TEXTILES,552.3,67.8,MEDIUM,strong uptrend; ML bull score 80,none flagged -- normal market risk applies,55.7,79.9,-8.0,STRONG_UPTREND,34.46,NEUTRAL,2026-08-18
268,APARINDS,CHEMICALS,16524.0,67.5,MEDIUM,strong uptrend; ML bull score 80,none flagged -- normal market risk applies,56.2,80.0,-10.5,STRONG_UPTREND,314.96,NEUTRAL,2026-08-18
269,BAJAJFINSV,FINANCIAL_SERVICES,2005.0,67.4,MEDIUM,strong uptrend; ML bull score 73,none flagged -- normal market risk applies,53.2,73.1,-8.7,STRONG_UPTREND,299.8,NEUTRAL,2026-08-18
270,PIXTRANS,CHEMICALS,1938.8,67.4,MEDIUM,strong uptrend; ML bull score 78,none flagged -- normal market risk applies,52.9,78.0,-7.2,STRONG_UPTREND,17.98,NEUTRAL,2026-08-18
271,GABRIEL,AUTO,1442.5,67.3,MEDIUM,uptrend; ML bull score 77; volatility squeeze (breakout setup),none flagged -- normal market risk applies,53.4,76.6,-9.8,UPTREND,90.79,NEUTRAL,2026-08-18
272,LLOYDSME,METAL,1942.0,67.1,MEDIUM,uptrend; ML bull score 79,none flagged -- normal market risk applies,53.1,79.3,-8.6,UPTREND,132.94,NEUTRAL,2026-08-18
273,RAJRATAN,AUTO,516.8,67.1,MEDIUM,strong uptrend; ML bull score 77,none flagged -- normal market risk applies,52.8,76.6,-8.4,STRONG_UPTREND,19.0,NEUTRAL,2026-08-18
274,VISAKAIND,TEXTILES,92.0,67.0,MEDIUM,strong uptrend; ML bull score 79,none flagged -- normal market risk applies,51.9,79.1,-11.9,STRONG_UPTREND,11.67,NEUTRAL,2026-08-18
275,AGARWALEYE,HEALTHCARE,501.6,66.9,MEDIUM,uptrend; institutional buying (deals),none flagged -- normal market risk applies,59.6,62.3,-11.7,UPTREND,131.63,NEUTRAL,2026-08-18
276,EPL,CHEMICALS,242.99,66.9,MEDIUM,strong uptrend; ML bull score 75,none flagged -- normal market risk applies,52.1,75.3,-6.5,STRONG_UPTREND,33.38,NEUTRAL,2026-08-18
277,MBAPL,CHEMICALS,164.73,66.8,MEDIUM,within 5% of 52w high (strongest measured factor); strong uptrend,none flagged -- normal market risk applies,49.5,62.0,-4.7,STRONG_UPTREND,25.79,NEUTRAL,2026-08-18
278,FCL,CHEMICALS,43.41,66.7,MEDIUM,strong uptrend,none flagged -- normal market risk applies,56.5,67.1,-8.0,STRONG_UPTREND,57.03,NEUTRAL,2026-08-18
279,APLAPOLLO,METAL,2081.3,66.7,MEDIUM,strong uptrend,none flagged -- normal market risk applies,55.9,64.8,-9.6,STRONG_UPTREND,146.24,NEUTRAL,2026-08-18
280,NYKAA,RETAIL,327.05,66.7,MEDIUM,uptrend,none flagged -- normal market risk applies,53.8,66.3,-6.0,UPTREND,215.58,NEUTRAL,2026-08-18
281,AEQUS,DEFENCE,249.58,66.7,MEDIUM,ML bull score 71,none flagged -- normal market risk applies,52.8,70.5,-9.0,INSUFFICIENT_DATA,71.7,NEUTRAL,2026-08-18
282,DATAPATTNS,DEFENCE,4528.7,66.7,MEDIUM,strong uptrend; ML bull score 80; volatility squeeze (breakout setup),none flagged -- normal market risk applies,54.0,79.7,-8.6,STRONG_UPTREND,514.3,NEUTRAL,2026-08-18
283,SUPREMEINF,INFRASTRUCTURE,90.66,66.6,MEDIUM,ML bull score 74,thin liquidity -- use TWAP slices,54.3,73.8,-8.8,INSUFFICIENT_DATA,2.06,NEUTRAL,2026-08-18
284,JINDALSAW,METAL,270.4,66.5,MEDIUM,within 5% of 52w high (strongest measured factor); strong uptrend,none flagged -- normal market risk applies,53.0,60.5,-3.8,STRONG_UPTREND,29.88,NEUTRAL,2026-08-18
285,SINGERIND,FMCG,80.97,66.5,MEDIUM,ML bull score 77,thin liquidity -- use TWAP slices,52.3,77.4,-11.3,INSUFFICIENT_DATA,2.25,NEUTRAL,2026-08-18
286,PIDILITIND,CHEMICALS,1669.0,66.5,MEDIUM,within 5% of 52w high (strongest measured factor); strong uptrend,none flagged -- normal market risk applies,54.0,60.9,-2.2,STRONG_UPTREND,216.11,NEUTRAL,2026-08-18
287,QPOWER,OTHER,1302.6,66.4,MEDIUM,broad composite strength only,none flagged -- normal market risk applies,51.7,65.7,-9.6,INSUFFICIENT_DATA,113.21,NEUTRAL,2026-08-18
288,KOLTEPATIL,REALTY,471.65,66.4,MEDIUM,strong uptrend; ML bull score 79,none flagged -- normal market risk applies,54.1,79.2,-15.0,STRONG_UPTREND,38.64,NEUTRAL,2026-08-18
289,SOTL,ENERGY,692.65,66.4,MEDIUM,strong uptrend; ML bull score 80,none flagged -- normal market risk applies,53.6,79.8,-15.0,STRONG_UPTREND,68.65,NEUTRAL,2026-08-18
290,KRISHANA,CHEMICALS,187.27,66.4,MEDIUM,within 5% of 52w high (strongest measured factor); strong uptrend,none flagged -- normal market risk applies,49.5,57.3,-4.3,STRONG_UPTREND,32.55,NEUTRAL,2026-08-18
291,ETERNAL,RETAIL,318.0,66.4,MEDIUM,strong uptrend; ML bull score 76,none flagged -- normal market risk applies,53.8,75.7,-13.7,STRONG_UPTREND,1045.97,NEUTRAL,2026-08-18
292,DBOL,OTHER,121.08,66.2,MEDIUM,within 5% of 52w high (strongest measured factor),thin liquidity -- use TWAP slices,51.7,60.7,-4.4,INSUFFICIENT_DATA,2.03,NEUTRAL,2026-08-18
293,HUHTAMAKI,CHEMICALS,279.1,66.2,MEDIUM,uptrend; ML bull score 79; volatility squeeze (breakout setup),none flagged -- normal market risk applies,52.0,79.5,-15.4,UPTREND,90.52,NEUTRAL,2026-08-18
294,KAJARIACER,CAPITAL_GOODS,1251.6,66.2,MEDIUM,within 5% of 52w high (strongest measured factor); strong uptrend,none flagged -- normal market risk applies,57.5,64.2,-3.3,STRONG_UPTREND,40.15,NEUTRAL,2026-08-18
295,ZENTEC,DEFENCE,1864.5,66.1,MEDIUM,strong uptrend; ML bull score 77,none flagged -- normal market risk applies,52.0,77.2,-7.9,STRONG_UPTREND,83.0,NEUTRAL,2026-08-18
296,GRAPHITE,CAPITAL_GOODS,729.5,65.9,MEDIUM,strong uptrend,none flagged -- normal market risk applies,51.0,66.2,-9.1,STRONG_UPTREND,134.81,NEUTRAL,2026-08-18
297,ABB,CAPITAL_GOODS,7660.0,65.9,MEDIUM,within 5% of 52w high (strongest measured factor); strong uptrend,none flagged -- normal market risk applies,52.6,60.6,-3.3,STRONG_UPTREND,246.81,NEUTRAL,2026-08-18
298,LGEINDIA,FMCG,1667.6,65.9,MEDIUM,within 5% of 52w high (strongest measured factor); strong uptrend,none flagged -- normal market risk applies,53.2,62.4,-5.0,STRONG_UPTREND,139.22,NEUTRAL,2026-08-18
299,PGEL,CAPITAL_GOODS,614.0,65.9,MEDIUM,within 5% of 52w high (strongest measured factor); strong uptrend,none flagged -- normal market risk applies,50.6,60.0,-4.7,STRONG_UPTREND,138.5,NEUTRAL,2026-08-18
300,POWERINDIA,CAPITAL_GOODS,35450.0,65.8,MEDIUM,strong uptrend; ML bull score 78,none flagged -- normal market risk applies,52.9,78.5,-8.6,STRONG_UPTREND,497.17,NEUTRAL,2026-08-18
301,INNOVACAP,PHARMA,1038.45,65.8,MEDIUM,strong uptrend; ML bull score 76,none flagged -- normal market risk applies,51.9,76.4,-7.3,STRONG_UPTREND,7.8,NEUTRAL,2026-08-18
302,SEAMECLTD,LOGISTICS,1561.1,65.7,MEDIUM,strong uptrend; ML bull score 78,none flagged -- normal market risk applies,54.2,78.3,-8.7,STRONG_UPTREND,14.97,NEUTRAL,2026-08-18
303,TRAVELFOOD,HOSPITALITY,1358.2,65.7,MEDIUM,strong uptrend; ML bull score 79,none flagged -- normal market risk applies,55.2,79.2,-7.7,STRONG_UPTREND,14.21,NEUTRAL,2026-08-18
304,VADILALIND,FMCG,7411.0,65.6,MEDIUM,strong uptrend; ML bull score 80,none flagged -- normal market risk applies,54.2,80.0,-12.3,STRONG_UPTREND,28.36,NEUTRAL,2026-08-18
305,TAALTECH,AVIATION,4238.8,65.5,MEDIUM,ML bull score 74,none flagged -- normal market risk applies,54.7,74.4,-9.7,INSUFFICIENT_DATA,3.27,NEUTRAL,2026-08-18
306,JSWINFRA,INFRASTRUCTURE,335.4,65.5,MEDIUM,strong uptrend; volatility squeeze (breakout setup),none flagged -- normal market risk applies,51.9,61.8,-5.7,STRONG_UPTREND,110.97,NEUTRAL,2026-08-18
307,ELANTAS,CHEMICALS,11705.5,65.4,MEDIUM,ML bull score 80,none flagged -- normal market risk applies,52.5,79.8,-11.3,INSUFFICIENT_DATA,6.31,NEUTRAL,2026-08-18
308,ENRIN,CAPITAL_GOODS,3605.7,65.4,MEDIUM,strong uptrend; ML bull score 76,none flagged -- normal market risk applies,52.2,76.4,-9.1,STRONG_UPTREND,283.18,NEUTRAL,2026-08-18
309,AEROFLEX,METAL,455.85,65.4,MEDIUM,strong uptrend; ML bull score 80,none flagged -- normal market risk applies,54.5,79.8,-12.7,STRONG_UPTREND,68.05,NEUTRAL,2026-08-18
310,EDELWEISS,FINANCIAL_SERVICES,122.67,65.3,MEDIUM,strong uptrend; ML bull score 71,none flagged -- normal market risk applies,51.8,71.3,-8.4,STRONG_UPTREND,40.29,NEUTRAL,2026-08-18
311,GOLDIAM,FMCG,374.4,65.2,MEDIUM,strong uptrend,none flagged -- normal market risk applies,54.6,62.8,-6.0,STRONG_UPTREND,53.85,NEUTRAL,2026-08-18
312,MANAKSTEEL,OTHER,85.03,65.2,MEDIUM,broad composite strength only,thin liquidity -- use TWAP slices,50.4,57.4,-5.4,INSUFFICIENT_DATA,1.86,NEUTRAL,2026-08-18
313,NEOGEN,CHEMICALS,2270.1,65.1,MEDIUM,within 5% of 52w high (strongest measured factor); strong uptrend,none flagged -- normal market risk applies,50.9,60.4,-4.4,STRONG_UPTREND,38.71,NEUTRAL,2026-08-18
314,ANANTRAJ,REALTY,627.55,65.1,MEDIUM,strong uptrend; ML bull score 79; volatility squeeze (breakout setup),none flagged -- normal market risk applies,52.3,79.3,-15.6,STRONG_UPTREND,158.63,NEUTRAL,2026-08-18
315,JSWSTEEL,METAL,1277.8,64.9,MEDIUM,within 5% of 52w high (strongest measured factor); strong uptrend,none flagged -- normal market risk applies,52.6,60.9,-4.3,STRONG_UPTREND,213.79,NEUTRAL,2026-08-18
316,LTF,FINANCIAL_SERVICES,315.0,64.9,MEDIUM,strong uptrend,none flagged -- normal market risk applies,52.2,63.1,-7.0,STRONG_UPTREND,147.13,NEUTRAL,2026-08-18
317,HCG,HEALTHCARE,712.35,64.8,MEDIUM,strong uptrend; ML bull score 77,none flagged -- normal market risk applies,50.7,77.2,-11.5,STRONG_UPTREND,13.59,NEUTRAL,2026-08-18
318,STYLAMIND,REALTY,3582.4,64.7,MEDIUM,strong uptrend; ML bull score 80; volatility squeeze (breakout setup),none flagged -- normal market risk applies,55.7,80.0,-13.7,STRONG_UPTREND,62.44,NEUTRAL,2026-08-18
319,APCOTEXIND,FINANCIAL_SERVICES,605.45,64.7,MEDIUM,strong uptrend; ML bull score 80,none flagged -- normal market risk applies,53.5,79.6,-15.0,STRONG_UPTREND,39.59,NEUTRAL,2026-08-18
320,EBGNG,IT,593.0,64.7,MEDIUM,strong uptrend; ML bull score 80,none flagged -- normal market risk applies,53.7,79.9,-14.0,STRONG_UPTREND,36.83,NEUTRAL,2026-08-18
321,GNA,AUTO,561.55,64.7,MEDIUM,strong uptrend,none flagged -- normal market risk applies,49.1,60.0,-6.7,STRONG_UPTREND,29.4,NEUTRAL,2026-08-18
322,GLAXO,PHARMA,2702.9,64.6,MEDIUM,strong uptrend,none flagged -- normal market risk applies,52.5,62.0,-6.3,STRONG_UPTREND,18.47,NEUTRAL,2026-08-18
323,CONCORDBIO,PHARMA,1515.0,64.5,MEDIUM,strong uptrend; ML bull score 75,none flagged -- normal market risk applies,52.8,75.0,-12.4,STRONG_UPTREND,28.64,NEUTRAL,2026-08-18
324,MWL,METAL,40.91,64.5,MEDIUM,strong uptrend,none flagged -- normal market risk applies,50.8,62.5,-6.9,STRONG_UPTREND,6.21,NEUTRAL,2026-08-18
325,BHARATSE,AUTO,238.44,64.4,MEDIUM,strong uptrend,none flagged -- normal market risk applies,51.6,64.1,-9.4,STRONG_UPTREND,11.48,NEUTRAL,2026-08-18
326,ALGOQUANT,FINANCIAL_SERVICES,66.29,64.4,MEDIUM,volatility squeeze (breakout setup),none flagged -- normal market risk applies,52.2,58.6,-6.6,INSUFFICIENT_DATA,8.77,NEUTRAL,2026-08-18
327,SPORTKING,TEXTILES,206.41,64.3,MEDIUM,uptrend; ML bull score 79,none flagged -- normal market risk applies,53.4,79.4,-14.5,UPTREND,23.68,NEUTRAL,2026-08-18
328,CONCOR,LOGISTICS,524.5,64.3,MEDIUM,strong uptrend,none flagged -- normal market risk applies,51.3,60.9,-8.0,STRONG_UPTREND,128.93,NEUTRAL,2026-08-18
329,ANANDRATHI,FINANCIAL_SERVICES,2176.0,64.2,MEDIUM,within 5% of 52w high (strongest measured factor); strong uptrend,none flagged -- normal market risk applies,51.7,58.7,-2.4,STRONG_UPTREND,47.43,NEUTRAL,2026-08-18
330,ASHOKLEY,AUTO,177.1,64.2,MEDIUM,strong uptrend; ML bull score 78,none flagged -- normal market risk applies,52.6,78.4,-17.8,STRONG_UPTREND,362.11,NEUTRAL,2026-08-18
331,HINDALCO,METAL,1049.9,64.1,MEDIUM,strong uptrend,none flagged -- normal market risk applies,51.7,65.4,-10.7,STRONG_UPTREND,540.76,NEUTRAL,2026-08-18
332,WINDLAS,PHARMA,933.4,64.1,MEDIUM,strong uptrend; ML bull score 70,none flagged -- normal market risk applies,55.8,70.4,-9.2,STRONG_UPTREND,16.31,NEUTRAL,2026-08-18
333,LT,INFRASTRUCTURE,4086.7,64.1,MEDIUM,strong uptrend,none flagged -- normal market risk applies,53.0,63.5,-8.0,STRONG_UPTREND,672.94,NEUTRAL,2026-08-18
334,ICICIBANK,BANKING,1415.3,63.9,MEDIUM,within 5% of 52w high (strongest measured factor); uptrend,none flagged -- normal market risk applies,50.2,60.0,-4.4,UPTREND,1617.08,NEUTRAL,2026-08-18
335,MIDHANI,DEFENCE,428.6,63.9,MEDIUM,strong uptrend,none flagged -- normal market risk applies,51.1,64.4,-6.1,STRONG_UPTREND,72.82,NEUTRAL,2026-08-18
336,APOLLOHOSP,HEALTHCARE,8825.5,63.9,MEDIUM,within 5% of 52w high (strongest measured factor); uptrend,none flagged -- normal market risk applies,51.5,60.5,-2.5,UPTREND,328.74,NEUTRAL,2026-08-18
337,MSTCLTD,METAL,653.2,63.9,MEDIUM,strong uptrend; ML bull score 80,none flagged -- normal market risk applies,53.3,79.6,-12.2,STRONG_UPTREND,16.75,NEUTRAL,2026-08-18
338,NESTLEIND,FMCG,1470.0,63.8,MEDIUM,uptrend,none flagged -- normal market risk applies,52.6,62.8,-5.3,UPTREND,383.63,NEUTRAL,2026-08-18
339,BERGEPAINT,CHEMICALS,549.35,63.8,MEDIUM,strong uptrend,none flagged -- normal market risk applies,51.3,63.2,-7.6,STRONG_UPTREND,29.0,NEUTRAL,2026-08-18
340,KOVAI,HEALTHCARE,6122.0,63.8,MEDIUM,within 5% of 52w high (strongest measured factor),none flagged -- normal market risk applies,54.5,61.5,-3.4,INSUFFICIENT_DATA,3.5,NEUTRAL,2026-08-18
341,SUMICHEM,CHEMICALS,559.8,63.7,MEDIUM,strong uptrend,none flagged -- normal market risk applies,50.2,61.2,-9.3,STRONG_UPTREND,38.08,NEUTRAL,2026-08-18
342,GRAVITA,METAL,1821.7,63.7,MEDIUM,within 5% of 52w high (strongest measured factor); strong uptrend,none flagged -- normal market risk applies,52.1,60.1,-4.8,STRONG_UPTREND,46.76,NEUTRAL,2026-08-18
343,IOLCP,PHARMA,161.28,63.6,MEDIUM,strong uptrend,none flagged -- normal market risk applies,49.9,64.1,-10.2,STRONG_UPTREND,44.8,NEUTRAL,2026-08-18
344,INDUSINDBK,BANKING,1010.6,63.6,MEDIUM,uptrend,none flagged -- normal market risk applies,50.9,60.7,-6.2,UPTREND,203.92,NEUTRAL,2026-08-18
345,GULFOILLUB,ENERGY,1174.6,63.6,MEDIUM,strong uptrend; ML bull score 71,none flagged -- normal market risk applies,52.5,71.4,-11.6,STRONG_UPTREND,14.07,NEUTRAL,2026-08-18
346,IDEAFORGE,OTHER,795.1,63.6,MEDIUM,volatility squeeze (breakout setup),none flagged -- normal market risk applies,49.6,54.1,-10.5,INSUFFICIENT_DATA,234.07,NEUTRAL,2026-08-18
347,PNB,BANKING,117.32,63.6,MEDIUM,strong uptrend,none flagged -- normal market risk applies,52.4,64.9,-13.2,STRONG_UPTREND,172.85,NEUTRAL,2026-08-18
348,VMART,RETAIL,792.3,63.4,MEDIUM,strong uptrend; ML bull score 79,none flagged -- normal market risk applies,52.2,78.7,-10.8,STRONG_UPTREND,12.57,NEUTRAL,2026-08-18
349,EMCURE,PHARMA,1873.9,63.4,MEDIUM,uptrend; ML bull score 79,none flagged -- normal market risk applies,53.3,78.9,-8.5,UPTREND,30.05,NEUTRAL,2026-08-18
350,VGUARD,FINANCIAL_SERVICES,343.95,63.4,MEDIUM,strong uptrend,none flagged -- normal market risk applies,51.2,60.4,-12.3,STRONG_UPTREND,105.67,NEUTRAL,2026-08-18
351,BECTORFOOD,FMCG,255.3,63.3,MEDIUM,strong uptrend,none flagged -- normal market risk applies,51.4,64.2,-14.6,STRONG_UPTREND,139.51,NEUTRAL,2026-08-18
352,WEL,FMCG,145.74,63.3,MEDIUM,strong uptrend; ML bull score 80,overbought (RSI 88),51.3,79.6,-20.6,STRONG_UPTREND,22.17,NEUTRAL,2026-08-18
353,SHREEJISPG,LOGISTICS,601.8,63.2,MEDIUM,uptrend,none flagged -- normal market risk applies,51.1,68.5,-11.7,UPTREND,51.45,NEUTRAL,2026-08-18
354,BALKRISIND,AUTO,2407.2,63.1,MEDIUM,strong uptrend; ML bull score 72,none flagged -- normal market risk applies,53.4,72.1,-13.2,STRONG_UPTREND,138.23,NEUTRAL,2026-08-18
355,MARICO,FMCG,852.05,63.1,MEDIUM,within 5% of 52w high (strongest measured factor); uptrend,none flagged -- normal market risk applies,50.1,60.1,-4.2,UPTREND,155.65,NEUTRAL,2026-08-18
356,STYL,FINANCIAL_SERVICES,398.3,62.9,MEDIUM,strong uptrend,none flagged -- normal market risk applies,50.9,60.4,-9.0,STRONG_UPTREND,9.34,NEUTRAL,2026-08-18
357,NATIONALUM,METAL,387.55,62.9,MEDIUM,strong uptrend,none flagged -- normal market risk applies,53.5,63.7,-12.9,STRONG_UPTREND,334.84,NEUTRAL,2026-08-18
358,OIL,ENERGY,474.65,62.9,MEDIUM,strong uptrend,none flagged -- normal market risk applies,51.2,61.2,-10.6,STRONG_UPTREND,159.36,NEUTRAL,2026-08-18
359,ORIENTELEC,FMCG,187.42,62.9,MEDIUM,strong uptrend; institutional buying (deals),none flagged -- normal market risk applies,55.0,59.9,-14.4,STRONG_UPTREND,35.12,NEUTRAL,2026-08-18
360,BELRISE,CAPITAL_GOODS,236.09,62.9,MEDIUM,ML bull score 79,none flagged -- normal market risk applies,53.0,78.9,-12.0,CONSOLIDATING,120.16,NEUTRAL,2026-08-18
361,GLENMARK,PHARMA,2329.0,62.8,MEDIUM,strong uptrend,none flagged -- normal market risk applies,50.5,60.1,-5.9,STRONG_UPTREND,118.82,NEUTRAL,2026-08-18
362,ALBERTDAVD,PHARMA,806.1,62.8,MEDIUM,strong uptrend,thin liquidity -- use TWAP slices,51.8,67.6,-10.7,STRONG_UPTREND,1.69,NEUTRAL,2026-08-18
363,PANAMAPET,ENERGY,487.1,62.7,MEDIUM,strong uptrend; ML bull score 80,none flagged -- normal market risk applies,51.7,79.8,-18.8,STRONG_UPTREND,61.4,NEUTRAL,2026-08-18
364,MAHLOG,LOGISTICS,404.95,62.7,MEDIUM,uptrend; volatility squeeze (breakout setup),none flagged -- normal market risk applies,51.0,68.4,-10.0,UPTREND,16.25,NEUTRAL,2026-08-18
365,BETA,PHARMA,2432.9,62.6,MEDIUM,ML bull score 77,none flagged -- normal market risk applies,52.4,76.7,-13.4,INSUFFICIENT_DATA,11.39,NEUTRAL,2026-08-18
366,CHOICEIN,INFRASTRUCTURE,803.8,62.6,MEDIUM,uptrend,none flagged -- normal market risk applies,52.2,60.1,-6.6,UPTREND,42.6,NEUTRAL,2026-08-18
367,NITINSPIN,TEXTILES,553.75,62.6,MEDIUM,strong uptrend; ML bull score 75,none flagged -- normal market risk applies,53.2,74.8,-7.6,STRONG_UPTREND,6.53,NEUTRAL,2026-08-18
368,GRANULES,PHARMA,861.55,62.6,MEDIUM,strong uptrend,none flagged -- normal market risk applies,49.0,60.1,-5.3,STRONG_UPTREND,73.6,NEUTRAL,2026-08-18
369,MAHLIFE,REALTY,386.65,62.6,MEDIUM,strong uptrend,none flagged -- normal market risk applies,51.6,64.2,-9.5,STRONG_UPTREND,14.43,NEUTRAL,2026-08-18
370,TATACAP,FINANCIAL_SERVICES,359.25,62.5,MEDIUM,uptrend,none flagged -- normal market risk applies,50.6,62.3,-7.9,UPTREND,79.64,NEUTRAL,2026-08-18
371,KECL,OTHER,137.5,62.5,MEDIUM,broad composite strength only,none flagged -- normal market risk applies,49.7,59.4,-11.3,INSUFFICIENT_DATA,8.55,NEUTRAL,2026-08-18
372,RITCO,LOGISTICS,292.5,62.5,MEDIUM,uptrend,none flagged -- normal market risk applies,52.5,63.2,-8.0,UPTREND,5.93,NEUTRAL,2026-08-18
373,PDSL,TEXTILES,376.35,62.4,MEDIUM,strong uptrend,none flagged -- normal market risk applies,52.4,65.9,-10.1,STRONG_UPTREND,5.93,NEUTRAL,2026-08-18
374,IGPL,CHEMICALS,472.8,62.4,MEDIUM,strong uptrend; ML bull score 78,none flagged -- normal market risk applies,51.1,77.7,-11.2,STRONG_UPTREND,4.08,NEUTRAL,2026-08-18
375,M&M,HOSPITALITY,3390.4,62.4,MEDIUM,strong uptrend,none flagged -- normal market risk applies,51.6,60.7,-11.7,STRONG_UPTREND,859.75,NEUTRAL,2026-08-18
376,ABCAPITAL,FINANCIAL_SERVICES,398.7,62.4,MEDIUM,uptrend,none flagged -- normal market risk applies,52.0,61.0,-7.4,UPTREND,153.63,NEUTRAL,2026-08-18
377,ARE&M,AUTO,945.7,62.3,MEDIUM,strong uptrend,none flagged -- normal market risk applies,50.7,60.4,-10.6,STRONG_UPTREND,135.05,NEUTRAL,2026-08-18
378,ZYDUSLIFE,PHARMA,1131.5,62.2,MEDIUM,strong uptrend,none flagged -- normal market risk applies,53.9,63.9,-6.1,STRONG_UPTREND,174.26,NEUTRAL,2026-08-18
379,MANOMAY,TEXTILES,215.35,62.1,MEDIUM,ML bull score 79,thin liquidity -- use TWAP slices,54.1,78.8,-17.1,INSUFFICIENT_DATA,2.77,NEUTRAL,2026-08-18
380,IFCI,FINANCIAL_SERVICES,78.93,62.0,MEDIUM,strong uptrend; ML bull score 80,none flagged -- normal market risk applies,53.3,79.7,-17.6,STRONG_UPTREND,133.82,NEUTRAL,2026-08-18
381,ASTERDM,HEALTHCARE,819.75,62.0,MEDIUM,uptrend,none flagged -- normal market risk applies,51.4,61.5,-8.0,UPTREND,63.3,NEUTRAL,2026-08-18
382,DCI,OTHER,382.35,62.0,MEDIUM,ML bull score 80,thin liquidity -- use TWAP slices,53.4,79.9,-19.5,INSUFFICIENT_DATA,1.99,NEUTRAL,2026-08-18
383,RAMRAT,CAPITAL_GOODS,467.5,62.0,MEDIUM,strong uptrend,none flagged -- normal market risk applies,53.0,60.4,-10.1,STRONG_UPTREND,14.48,NEUTRAL,2026-08-18
384,DEEPAKNTR,CHEMICALS,1780.5,62.0,MEDIUM,strong uptrend,none flagged -- normal market risk applies,47.8,59.9,-6.5,STRONG_UPTREND,87.15,NEUTRAL,2026-08-18
385,MANALIPETC,CHEMICALS,67.64,61.9,MEDIUM,strong uptrend; ML bull score 74,none flagged -- normal market risk applies,50.2,73.8,-12.8,STRONG_UPTREND,4.92,NEUTRAL,2026-08-18
386,DIAMONDYD,FMCG,1190.4,61.9,MEDIUM,within 5% of 52w high (strongest measured factor); strong uptrend,none flagged -- normal market risk applies,52.3,60.2,-4.4,STRONG_UPTREND,9.05,NEUTRAL,2026-08-18
387,RATEGAIN,IT,949.5,61.9,MEDIUM,strong uptrend,none flagged -- normal market risk applies,51.8,62.1,-9.6,STRONG_UPTREND,58.69,NEUTRAL,2026-08-18
388,IKS,IT,1830.2,61.8,MEDIUM,strong uptrend,none flagged -- normal market risk applies,51.9,61.4,-5.3,STRONG_UPTREND,28.96,NEUTRAL,2026-08-18
389,STARHEALTH,FINANCIAL_SERVICES,584.25,61.8,MEDIUM,uptrend,none flagged -- normal market risk applies,51.4,64.2,-6.5,UPTREND,31.25,NEUTRAL,2026-08-18
390,INDIANB,BANKING,881.2,61.8,MEDIUM,strong uptrend,none flagged -- normal market risk applies,51.7,61.8,-12.0,STRONG_UPTREND,136.39,NEUTRAL,2026-08-18
391,TECHM,IT,1610.0,61.8,MEDIUM,uptrend,none flagged -- normal market risk applies,51.8,64.3,-13.2,UPTREND,470.08,NEUTRAL,2026-08-18
392,ELPROINTL,REALTY,175.32,61.8,MEDIUM,within 5% of 52w high (strongest measured factor),thin liquidity -- use TWAP slices,51.9,60.1,-3.1,INSUFFICIENT_DATA,1.6,NEUTRAL,2026-08-18
393,STYLEBAAZA,OTHER,383.5,61.8,MEDIUM,broad composite strength only,none flagged -- normal market risk applies,48.6,58.7,-10.2,INSUFFICIENT_DATA,42.29,NEUTRAL,2026-08-18
394,NEPHROPLUS,HEALTHCARE,694.65,61.8,MEDIUM,ML bull score 72,none flagged -- normal market risk applies,53.4,71.7,-9.8,INSUFFICIENT_DATA,11.95,NEUTRAL,2026-08-18
395,BHARTIARTL,TELECOM,1969.3,61.8,MEDIUM,strong uptrend,none flagged -- normal market risk applies,49.7,60.4,-9.4,STRONG_UPTREND,1336.22,NEUTRAL,2026-08-18
396,JINDWORLD,TEXTILES,35.63,61.7,MEDIUM,uptrend; volatility squeeze (breakout setup),none flagged -- normal market risk applies,52.2,67.5,-16.0,UPTREND,95.41,NEUTRAL,2026-08-18
397,SUVEN,HEALTHCARE,333.05,61.7,MEDIUM,strong uptrend,none flagged -- normal market risk applies,50.2,60.0,-10.2,STRONG_UPTREND,23.43,NEUTRAL,2026-08-18
398,5PAISA,FINANCIAL_SERVICES,380.8,61.7,MEDIUM,strong uptrend,thin liquidity -- use TWAP slices,49.0,59.8,-6.8,STRONG_UPTREND,1.84,NEUTRAL,2026-08-18
399,GANESHHOU,REALTY,838.0,61.7,MEDIUM,strong uptrend,none flagged -- normal market risk applies,50.8,60.0,-6.9,STRONG_UPTREND,4.79,NEUTRAL,2026-08-18
400,BHAGCHEM,CHEMICALS,288.75,61.6,MEDIUM,strong uptrend,none flagged -- normal market risk applies,50.9,66.0,-8.9,STRONG_UPTREND,4.81,NEUTRAL,2026-08-18
401,SAKAR,PHARMA,905.35,61.5,MEDIUM,strong uptrend,none flagged -- normal market risk applies,51.6,60.2,-7.6,STRONG_UPTREND,13.75,NEUTRAL,2026-08-18
402,URBANCO,RETAIL,144.6,61.4,MEDIUM,strong uptrend; ML bull score 77; institutional buying (deals),none flagged -- normal market risk applies,56.0,77.5,-28.1,STRONG_UPTREND,147.04,NEUTRAL,2026-08-18
403,CORONA,PHARMA,2113.1,61.3,MEDIUM,broad composite strength only,none flagged -- normal market risk applies,50.2,60.0,-6.9,INSUFFICIENT_DATA,9.75,NEUTRAL,2026-08-18
404,SGFIN,FINANCIAL_SERVICES,660.25,61.2,MEDIUM,uptrend,none flagged -- normal market risk applies,53.3,61.0,-9.2,UPTREND,24.96,NEUTRAL,2026-08-18
405,ETHOSLTD,FMCG,2788.6,61.2,MEDIUM,strong uptrend; ML bull score 76,none flagged -- normal market risk applies,51.5,75.7,-14.1,STRONG_UPTREND,35.26,NEUTRAL,2026-08-18
406,POLICYBZR,FINANCIAL_SERVICES,1728.1,61.1,MEDIUM,strong uptrend,none flagged -- normal market risk applies,51.4,60.4,-12.5,STRONG_UPTREND,195.97,NEUTRAL,2026-08-18
407,NRAIL,CHEMICALS,509.9,61.1,MEDIUM,strong uptrend,thin liquidity -- use TWAP slices,51.1,63.8,-11.2,STRONG_UPTREND,1.45,NEUTRAL,2026-08-18
408,KAYA,HEALTHCARE,336.65,61.1,MEDIUM,ML bull score 80,thin liquidity -- use TWAP slices,53.0,79.7,-21.5,INSUFFICIENT_DATA,2.26,NEUTRAL,2026-08-18
409,USHAMART,METAL,498.05,61.0,MEDIUM,uptrend,none flagged -- normal market risk applies,50.1,60.1,-5.6,UPTREND,27.6,NEUTRAL,2026-08-18
410,TORNTPHARM,PHARMA,4900.0,61.0,MEDIUM,uptrend,none flagged -- normal market risk applies,50.0,60.6,-6.7,UPTREND,251.23,NEUTRAL,2026-08-18
411,GOKULAGRO,FMCG,231.66,61.0,MEDIUM,strong uptrend,none flagged -- normal market risk applies,48.9,57.7,-7.3,STRONG_UPTREND,12.8,NEUTRAL,2026-08-18
412,TRUALT,AGRICULTURE,479.25,60.8,MEDIUM,strong uptrend,none flagged -- normal market risk applies,52.3,67.3,-12.7,STRONG_UPTREND,25.99,NEUTRAL,2026-08-18
413,CENTENKA,TEXTILES,572.6,60.8,MEDIUM,uptrend; ML bull score 77,none flagged -- normal market risk applies,52.0,77.2,-14.8,UPTREND,19.42,NEUTRAL,2026-08-18
414,ARMANFIN,FINANCIAL_SERVICES,1962.9,60.7,MEDIUM,uptrend,none flagged -- normal market risk applies,51.6,60.1,-9.1,UPTREND,11.25,NEUTRAL,2026-08-18
415,ENGINERSIN,INFRASTRUCTURE,240.18,60.5,MEDIUM,strong uptrend,none flagged -- normal market risk applies,50.8,61.1,-10.0,STRONG_UPTREND,49.28,NEUTRAL,2026-08-18
416,ATUL,CHEMICALS,6721.0,60.4,MEDIUM,strong uptrend,none flagged -- normal market risk applies,50.1,60.2,-6.4,STRONG_UPTREND,58.32,NEUTRAL,2026-08-18
417,PERSISTENT,IT,5570.0,60.3,MEDIUM,strong uptrend,none flagged -- normal market risk applies,51.7,64.0,-15.6,STRONG_UPTREND,338.75,NEUTRAL,2026-08-18
418,SOMANYCERA,CAPITAL_GOODS,518.9,60.3,MEDIUM,strong uptrend,none flagged -- normal market risk applies,51.9,60.3,-6.8,STRONG_UPTREND,12.53,NEUTRAL,2026-08-18
419,DYNAMATECH,CAPITAL_GOODS,11123.0,60.2,MEDIUM,strong uptrend; ML bull score 76,none flagged -- normal market risk applies,51.3,75.6,-13.6,STRONG_UPTREND,20.16,NEUTRAL,2026-08-18
420,ASTRAL,CAPITAL_GOODS,1538.3,60.0,MEDIUM,strong uptrend,none flagged -- normal market risk applies,49.8,60.4,-13.0,STRONG_UPTREND,162.99,NEUTRAL,2026-08-18
421,INOXINDIA,CAPITAL_GOODS,1950.8,60.0,MEDIUM,uptrend,none flagged -- normal market risk applies,50.6,60.2,-8.0,UPTREND,37.61,NEUTRAL,2026-08-18
422,KIMS,HEALTHCARE,800.4,60.0,MEDIUM,broad composite strength only,none flagged -- normal market risk applies,50.8,60.2,-6.7,CONSOLIDATING,53.56,NEUTRAL,2026-08-18
423,GIPCL,CAPITAL_GOODS,174.44,60.0,MEDIUM,strong uptrend,none flagged -- normal market risk applies,50.3,60.4,-13.7,STRONG_UPTREND,12.03,NEUTRAL,2026-08-18
424,RAMCOIND,METAL,353.45,59.9,MEDIUM,strong uptrend,none flagged -- normal market risk applies,49.2,59.8,-11.2,STRONG_UPTREND,48.18,NEUTRAL,2026-08-18
425,OMAXAUTO,OTHER,195.24,59.8,MEDIUM,broad composite strength only,none flagged -- normal market risk applies,46.0,57.9,-13.9,INSUFFICIENT_DATA,9.7,NEUTRAL,2026-08-18
426,HINDCOPPER,METAL,572.65,59.8,MEDIUM,strong uptrend; ML bull score 79,none flagged -- normal market risk applies,49.7,79.1,-24.7,STRONG_UPTREND,561.04,NEUTRAL,2026-08-18
427,FINEORG,CHEMICALS,5110.4,59.7,MEDIUM,strong uptrend,none flagged -- normal market risk applies,49.6,60.1,-5.5,STRONG_UPTREND,17.7,NEUTRAL,2026-08-18
428,SBIN,BANKING,1061.2,59.7,MEDIUM,strong uptrend,none flagged -- normal market risk applies,49.8,65.4,-14.0,STRONG_UPTREND,1170.18,NEUTRAL,2026-08-18
429,LTFOODS,AGRICULTURE,417.15,59.7,MEDIUM,strong uptrend,none flagged -- normal market risk applies,49.6,60.4,-13.1,STRONG_UPTREND,34.63,NEUTRAL,2026-08-18
430,ADANIENT,INFRASTRUCTURE,3007.3,59.6,MEDIUM,broad composite strength only,none flagged -- normal market risk applies,48.4,60.5,-7.3,CONSOLIDATING,327.33,NEUTRAL,2026-08-18
431,POLYCAB,CAPITAL_GOODS,9370.0,59.5,MEDIUM,broad composite strength only,none flagged -- normal market risk applies,50.5,60.2,-7.5,CONSOLIDATING,254.9,NEUTRAL,2026-08-18
432,GAIL,ENERGY,172.1,59.5,MEDIUM,broad composite strength only,none flagged -- normal market risk applies,47.4,60.0,-7.9,CONSOLIDATING,212.53,NEUTRAL,2026-08-18
433,KROSS,AUTO,205.2,59.4,MEDIUM,strong uptrend; volatility squeeze (breakout setup),none flagged -- normal market risk applies,50.9,61.1,-13.6,STRONG_UPTREND,14.37,NEUTRAL,2026-08-18
434,AEROENTER,METAL,125.73,59.4,MEDIUM,strong uptrend; ML bull score 75,none flagged -- normal market risk applies,51.4,75.0,-15.9,STRONG_UPTREND,6.9,NEUTRAL,2026-08-18
435,BHARATFORG,AUTO,2093.0,59.3,MEDIUM,broad composite strength only,none flagged -- normal market risk applies,50.1,61.3,-8.8,CONSOLIDATING,256.24,NEUTRAL,2026-08-18
436,JSWENERGY,POWER,555.5,59.3,MEDIUM,volatility squeeze (breakout setup),none flagged -- normal market risk applies,50.2,61.3,-10.0,CONSOLIDATING,94.96,NEUTRAL,2026-08-18
437,SOUTHBANK,BANKING,45.22,59.3,MEDIUM,broad composite strength only,none flagged -- normal market risk applies,51.5,60.4,-9.4,CONSOLIDATING,46.74,NEUTRAL,2026-08-18
438,ORISSAMINE,METAL,4871.1,59.3,MEDIUM,strong uptrend; ML bull score 76,none flagged -- normal market risk applies,51.8,75.8,-20.6,STRONG_UPTREND,29.49,NEUTRAL,2026-08-18
439,CGPOWER,IT,898.8,59.3,MEDIUM,broad composite strength only,none flagged -- normal market risk applies,48.3,60.0,-8.4,CONSOLIDATING,337.39,NEUTRAL,2026-08-18
440,GEOJITFSL,FINANCIAL_SERVICES,79.31,59.3,MEDIUM,strong uptrend,thin liquidity -- use TWAP slices,47.8,59.5,-7.1,STRONG_UPTREND,2.84,NEUTRAL,2026-08-18
441,SILVERTUC,IT,197.27,59.2,MEDIUM,uptrend,none flagged -- normal market risk applies,52.0,60.0,-9.0,UPTREND,11.68,NEUTRAL,2026-08-18
442,IGIL,FMCG,355.15,58.9,MEDIUM,strong uptrend,none flagged -- normal market risk applies,49.0,60.3,-9.4,STRONG_UPTREND,28.22,NEUTRAL,2026-08-18
443,DWARKESH,FMCG,44.94,58.9,MEDIUM,strong uptrend,none flagged -- normal market risk applies,48.4,67.0,-15.4,STRONG_UPTREND,6.22,NEUTRAL,2026-08-18
444,BUILDPRO,RETAIL,1244.2,58.9,MEDIUM,broad composite strength only,none flagged -- normal market risk applies,48.4,58.7,-9.8,INSUFFICIENT_DATA,11.74,NEUTRAL,2026-08-18
445,MOTILALOFS,FINANCIAL_SERVICES,955.0,58.9,MEDIUM,strong uptrend,none flagged -- normal market risk applies,48.5,60.4,-13.0,STRONG_UPTREND,161.8,NEUTRAL,2026-08-18
446,CARERATING,FINANCIAL_SERVICES,1707.0,58.9,MEDIUM,uptrend,none flagged -- normal market risk applies,50.1,60.0,-7.1,UPTREND,8.72,NEUTRAL,2026-08-18
447,GMMPFAUDLR,CAPITAL_GOODS,1056.55,58.9,MEDIUM,strong uptrend,overbought (RSI 84),50.6,60.4,-19.2,STRONG_UPTREND,49.8,NEUTRAL,2026-08-18
448,JUBLINGREA,CHEMICALS,732.8,58.8,MEDIUM,uptrend,none flagged -- normal market risk applies,44.8,58.8,-7.8,UPTREND,41.09,NEUTRAL,2026-08-18
449,AEGISLOG,ENERGY,1287.2,58.8,MEDIUM,uptrend,none flagged -- normal market risk applies,48.5,60.3,-14.1,UPTREND,149.56,NEUTRAL,2026-08-18
450,ACMESOLAR,POWER,364.9,58.8,MEDIUM,broad composite strength only,none flagged -- normal market risk applies,47.7,60.0,-8.5,CONSOLIDATING,63.91,NEUTRAL,2026-08-18
451,MAHSEAMLES,METAL,622.0,58.7,MEDIUM,strong uptrend,none flagged -- normal market risk applies,50.9,60.0,-9.9,STRONG_UPTREND,6.61,NEUTRAL,2026-08-18
452,JAGSNPHARM,PHARMA,233.53,58.7,MEDIUM,strong uptrend,none flagged -- normal market risk applies,52.6,61.6,-11.7,STRONG_UPTREND,18.76,NEUTRAL,2026-08-18
453,MRPL,CHEMICALS,177.15,58.6,MEDIUM,strong uptrend,none flagged -- normal market risk applies,48.2,60.0,-16.6,STRONG_UPTREND,214.28,NEUTRAL,2026-08-18
454,HESTERBIO,PHARMA,2417.6,58.5,MEDIUM,uptrend,none flagged -- normal market risk applies,48.8,59.9,-9.9,UPTREND,7.58,NEUTRAL,2026-08-18
455,MEESHO,RETAIL,193.82,58.5,MEDIUM,institutional buying (deals),none flagged -- normal market risk applies,54.7,61.7,-23.8,INSUFFICIENT_DATA,206.69,NEUTRAL,2026-08-18
456,GRWRHITECH,CAPITAL_GOODS,7030.0,58.5,MEDIUM,uptrend,none flagged -- normal market risk applies,51.4,62.7,-12.0,UPTREND,58.6,NEUTRAL,2026-08-18
457,VISHNU,CHEMICALS,618.25,58.5,MEDIUM,strong uptrend,none flagged -- normal market risk applies,48.2,59.8,-7.7,STRONG_UPTREND,8.9,NEUTRAL,2026-08-18
458,DMCC,CHEMICALS,293.65,58.5,MEDIUM,strong uptrend,none flagged -- normal market risk applies,48.3,59.7,-11.8,STRONG_UPTREND,4.26,NEUTRAL,2026-08-18
459,INDHOTEL,HOSPITALITY,720.0,58.5,MEDIUM,broad composite strength only,none flagged -- normal market risk applies,47.4,59.9,-9.2,CONSOLIDATING,135.57,NEUTRAL,2026-08-18
460,ARIS,INFRASTRUCTURE,136.25,58.4,MEDIUM,broad composite strength only,none flagged -- normal market risk applies,50.8,46.9,-14.3,INSUFFICIENT_DATA,20.56,NEUTRAL,2026-08-18
461,INDIGO,AVIATION,5275.5,58.4,MEDIUM,strong uptrend,none flagged -- normal market risk applies,49.8,60.0,-11.6,STRONG_UPTREND,419.26,NEUTRAL,2026-08-18
462,GODREJPROP,REALTY,2054.0,58.3,MEDIUM,uptrend,none flagged -- normal market risk applies,48.2,60.2,-12.7,UPTREND,143.52,NEUTRAL,2026-08-18
463,ALKYLAMINE,CHEMICALS,1920.1,58.3,MEDIUM,strong uptrend,none flagged -- normal market risk applies,47.6,59.9,-9.7,STRONG_UPTREND,27.69,NEUTRAL,2026-08-18
464,CRISIL,FINANCIAL_SERVICES,4488.3,58.3,MEDIUM,strong uptrend; volatility squeeze (breakout setup),none flagged -- normal market risk applies,51.4,60.3,-12.2,STRONG_UPTREND,33.61,NEUTRAL,2026-08-18
465,SHAREINDIA,FINANCIAL_SERVICES,174.96,58.2,MEDIUM,uptrend,none flagged -- normal market risk applies,51.1,62.2,-17.1,UPTREND,16.18,NEUTRAL,2026-08-18
466,INGERRAND,CAPITAL_GOODS,4477.2,58.2,MEDIUM,strong uptrend,none flagged -- normal market risk applies,48.4,59.2,-6.1,STRONG_UPTREND,13.39,NEUTRAL,2026-08-18
467,JSWDULUX,CHEMICALS,3139.8,58.1,MEDIUM,broad composite strength only,none flagged -- normal market risk applies,48.9,60.0,-7.0,INSUFFICIENT_DATA,5.42,NEUTRAL,2026-08-18
468,CAMS,FINANCIAL_SERVICES,776.25,58.1,MEDIUM,broad composite strength only,none flagged -- normal market risk applies,50.1,59.0,-8.1,CONSOLIDATING,97.9,NEUTRAL,2026-08-18
469,DIFFNKG,CAPITAL_GOODS,398.4,58.1,MEDIUM,uptrend,none flagged -- normal market risk applies,52.0,61.2,-12.2,UPTREND,9.8,NEUTRAL,2026-08-18
470,KIRLOSBROS,CAPITAL_GOODS,1942.9,58.1,MEDIUM,strong uptrend,none flagged -- normal market risk applies,50.3,61.6,-11.2,STRONG_UPTREND,16.45,NEUTRAL,2026-08-18
471,ASAHIINDIA,AUTO,931.2,58.1,MEDIUM,strong uptrend,none flagged -- normal market risk applies,49.8,60.5,-13.3,STRONG_UPTREND,18.07,NEUTRAL,2026-08-18
472,KKCL,TEXTILES,521.0,58.1,MEDIUM,strong uptrend,none flagged -- normal market risk applies,50.5,62.0,-12.4,STRONG_UPTREND,3.72,NEUTRAL,2026-08-18
473,GREENLAM,INFRASTRUCTURE,252.8,58.1,MEDIUM,broad composite strength only,none flagged -- normal market risk applies,49.9,60.0,-9.3,CONSOLIDATING,6.77,NEUTRAL,2026-08-18
474,HARSHA,CAPITAL_GOODS,425.6,58.1,MEDIUM,strong uptrend,none flagged -- normal market risk applies,48.4,59.9,-9.2,STRONG_UPTREND,7.86,NEUTRAL,2026-08-18
475,DLF,REALTY,671.0,58.1,MEDIUM,strong uptrend,none flagged -- normal market risk applies,49.0,60.0,-15.6,STRONG_UPTREND,214.83,NEUTRAL,2026-08-18
476,CANHLIFE,FINANCIAL_SERVICES,148.9,58.0,MEDIUM,uptrend,none flagged -- normal market risk applies,47.0,59.6,-10.7,UPTREND,40.94,NEUTRAL,2026-08-18
477,RAINBOW,HEALTHCARE,1478.5,58.0,MEDIUM,uptrend,none flagged -- normal market risk applies,48.7,60.0,-8.2,UPTREND,15.35,NEUTRAL,2026-08-18
478,NAHARSPING,OTHER,296.7,58.0,MEDIUM,broad composite strength only,thin liquidity -- use TWAP slices,47.1,59.4,-15.0,INSUFFICIENT_DATA,2.06,NEUTRAL,2026-08-18
479,3MINDIA,DIVERSIFIED,34910.0,58.0,MEDIUM,uptrend,none flagged -- normal market risk applies,49.6,60.1,-8.2,UPTREND,14.68,NEUTRAL,2026-08-18
480,HIRECT,CAPITAL_GOODS,1258.6,57.9,WATCH,uptrend,none flagged -- normal market risk applies,49.7,59.9,-10.0,UPTREND,16.97,NEUTRAL,2026-08-18
481,CAPLIPOINT,PHARMA,2522.0,57.9,WATCH,uptrend,none flagged -- normal market risk applies,48.9,59.9,-6.6,UPTREND,28.42,NEUTRAL,2026-08-18
482,GCSL,FINANCIAL_SERVICES,492.4,57.8,WATCH,broad composite strength only,none flagged -- normal market risk applies,46.7,57.0,-9.3,INSUFFICIENT_DATA,29.37,NEUTRAL,2026-08-18
483,ESABINDIA,CAPITAL_GOODS,6289.0,57.7,WATCH,strong uptrend,none flagged -- normal market risk applies,51.0,60.7,-14.1,STRONG_UPTREND,5.57,NEUTRAL,2026-08-18
484,GUJALKALI,CHEMICALS,680.45,57.7,WATCH,strong uptrend; ML bull score 73,none flagged -- normal market risk applies,48.3,72.7,-16.5,STRONG_UPTREND,10.83,NEUTRAL,2026-08-18
485,AYE,FINANCIAL_SERVICES,169.77,57.6,WATCH,broad composite strength only,none flagged -- normal market risk applies,50.4,61.4,-14.0,INSUFFICIENT_DATA,35.08,NEUTRAL,2026-08-18
486,JYOTICNC,CAPITAL_GOODS,857.95,57.6,WATCH,strong uptrend,none flagged -- normal market risk applies,50.3,60.8,-18.8,STRONG_UPTREND,89.51,NEUTRAL,2026-08-18
487,METROPOLIS,HEALTHCARE,550.75,57.6,WATCH,institutional buying (deals),none flagged -- normal market risk applies,55.0,50.6,-9.6,CONSOLIDATING,13.67,NEUTRAL,2026-08-18
488,GNRL,ENERGY,103.69,57.6,WATCH,broad composite strength only,thin liquidity -- use TWAP slices,50.0,64.3,-14.2,INSUFFICIENT_DATA,1.72,NEUTRAL,2026-08-18
489,INDNIPPON,CAPITAL_GOODS,1138.5,57.6,WATCH,uptrend,none flagged -- normal market risk applies,47.7,59.8,-10.9,UPTREND,4.5,NEUTRAL,2026-08-18
490,SUNPHARMA,PHARMA,1882.0,57.6,WATCH,broad composite strength only,none flagged -- normal market risk applies,46.7,59.1,-8.1,CONSOLIDATING,450.46,NEUTRAL,2026-08-18
491,DPABHUSHAN,FMCG,1403.8,57.6,WATCH,uptrend; volatility squeeze (breakout setup),none flagged -- normal market risk applies,50.0,60.0,-15.9,UPTREND,7.9,NEUTRAL,2026-08-18
492,YATHARTH,HEALTHCARE,842.85,57.6,WATCH,broad composite strength only,none flagged -- normal market risk applies,49.3,59.7,-8.3,CONSOLIDATING,25.17,NEUTRAL,2026-08-18
493,CASTROLIND,ENERGY,187.55,57.5,WATCH,strong uptrend,none flagged -- normal market risk applies,46.4,59.3,-11.0,STRONG_UPTREND,58.87,NEUTRAL,2026-08-18
494,NMDC,METAL,85.5,57.5,WATCH,broad composite strength only,none flagged -- normal market risk applies,47.8,59.8,-12.3,CONSOLIDATING,149.4,NEUTRAL,2026-08-18
495,ADANIENSOL,POWER,1589.1,57.5,WATCH,broad composite strength only,none flagged -- normal market risk applies,49.4,60.8,-11.2,CONSOLIDATING,360.2,NEUTRAL,2026-08-18
496,ATLANTAELE,OTHER,1788.2,57.4,WATCH,strong uptrend,none flagged -- normal market risk applies,49.7,62.6,-13.1,STRONG_UPTREND,30.01,NEUTRAL,2026-08-18
497,NOVARTIND,PHARMA,1589.1,57.4,WATCH,broad composite strength only,none flagged -- normal market risk applies,49.5,60.2,-10.7,INSUFFICIENT_DATA,5.14,NEUTRAL,2026-08-18
498,KRBL,AGRICULTURE,395.7,57.4,WATCH,strong uptrend,none flagged -- normal market risk applies,49.7,60.1,-17.4,STRONG_UPTREND,19.8,NEUTRAL,2026-08-18
499,NIACL,FINANCIAL_SERVICES,183.64,57.3,WATCH,strong uptrend,none flagged -- normal market risk applies,48.8,60.4,-15.8,STRONG_UPTREND,49.12,NEUTRAL,2026-08-18
500,MUNJALSHOW,AUTO,136.62,57.2,WATCH,uptrend,thin liquidity -- use TWAP slices,47.4,59.8,-9.5,UPTREND,1.46,NEUTRAL,2026-08-18
501,BDL,DEFENCE,1380.0,57.2,WATCH,strong uptrend,none flagged -- normal market risk applies,49.1,60.2,-16.6,STRONG_UPTREND,200.72,NEUTRAL,2026-08-18
502,WEWORK,REALTY,707.8,57.2,WATCH,uptrend,none flagged -- normal market risk applies,49.6,59.9,-10.9,UPTREND,21.09,NEUTRAL,2026-08-18
503,SKFINDUS,CAPITAL_GOODS,2724.6,57.1,WATCH,broad composite strength only,none flagged -- normal market risk applies,50.3,61.0,-10.4,INSUFFICIENT_DATA,10.08,NEUTRAL,2026-08-18
504,AEGISVOPAK,ENERGY,269.5,57.0,WATCH,uptrend,none flagged -- normal market risk applies,47.6,60.1,-13.5,UPTREND,41.7,NEUTRAL,2026-08-18
505,JINDALSTEL,METAL,1116.1,56.9,WATCH,broad composite strength only,none flagged -- normal market risk applies,50.0,59.2,-14.6,DOWNTREND,101.61,NEUTRAL,2026-08-18
506,SHINDL,CAPITAL_GOODS,161.84,56.8,WATCH,broad composite strength only,thin liquidity -- use TWAP slices,48.4,59.0,-10.1,INSUFFICIENT_DATA,2.04,NEUTRAL,2026-08-18
507,PLAZACABLE,OTHER,53.57,56.8,WATCH,broad composite strength only,thin liquidity -- use TWAP slices,46.7,58.8,-17.6,INSUFFICIENT_DATA,1.42,NEUTRAL,2026-08-18
508,PAISALO,FINANCIAL_SERVICES,67.59,56.8,WATCH,uptrend,none flagged -- normal market risk applies,46.7,59.9,-12.7,UPTREND,72.94,NEUTRAL,2026-08-18
509,KFINTECH,METAL,973.0,56.8,WATCH,strong uptrend,none flagged -- normal market risk applies,49.3,60.2,-19.9,STRONG_UPTREND,127.58,NEUTRAL,2026-08-18
510,SEIL,HEALTHCARE,211.03,56.7,WATCH,broad composite strength only,none flagged -- normal market risk applies,49.9,60.8,-12.1,INSUFFICIENT_DATA,6.55,NEUTRAL,2026-08-18
511,KPRMILL,TEXTILES,1135.6,56.7,WATCH,strong uptrend,none flagged -- normal market risk applies,49.7,63.1,-14.9,STRONG_UPTREND,37.99,NEUTRAL,2026-08-18
512,CARTRADE,RETAIL,2796.9,56.7,WATCH,strong uptrend,none flagged -- normal market risk applies,49.8,60.4,-15.0,STRONG_UPTREND,173.06,NEUTRAL,2026-08-18
513,MPHASIS,IT,2510.0,56.7,WATCH,strong uptrend,none flagged -- normal market risk applies,48.6,60.0,-17.4,STRONG_UPTREND,158.94,NEUTRAL,2026-08-18
514,AAREYDRUGS,OTHER,85.58,56.7,WATCH,broad composite strength only,thin liquidity -- use TWAP slices,48.4,38.9,-10.8,INSUFFICIENT_DATA,1.85,NEUTRAL,2026-08-18
515,MAZDOCK,DEFENCE,2569.7,56.7,WATCH,strong uptrend,none flagged -- normal market risk applies,49.4,60.2,-16.1,STRONG_UPTREND,230.01,NEUTRAL,2026-08-18
516,DCBBANK,BANKING,184.09,56.6,WATCH,broad composite strength only,none flagged -- normal market risk applies,46.9,59.7,-10.6,CONSOLIDATING,29.71,NEUTRAL,2026-08-18
517,DEVYANI,HOSPITALITY,143.65,56.6,WATCH,strong uptrend,none flagged -- normal market risk applies,49.4,61.0,-24.8,STRONG_UPTREND,118.14,NEUTRAL,2026-08-18
518,EQUITASBNK,BANKING,74.92,56.5,WATCH,broad composite strength only,none flagged -- normal market risk applies,48.8,60.0,-10.7,CONSOLIDATING,24.61,NEUTRAL,2026-08-18
519,ASIANPAINT,CHEMICALS,2687.5,56.5,WATCH,broad composite strength only,none flagged -- normal market risk applies,47.1,59.9,-10.0,CONSOLIDATING,273.97,NEUTRAL,2026-08-18
520,PRESTIGE,REALTY,1591.9,56.5,WATCH,uptrend,none flagged -- normal market risk applies,47.5,60.0,-11.8,UPTREND,97.15,NEUTRAL,2026-08-18
521,BEL,DEFENCE,412.45,56.4,WATCH,broad composite strength only,none flagged -- normal market risk applies,45.8,59.5,-12.9,DOWNTREND,531.92,NEUTRAL,2026-08-18
522,TECHNVISN,IT,5045.1,56.4,WATCH,ML bull score 72; volatility squeeze (breakout setup),thin liquidity -- use TWAP slices,49.2,72.0,-18.6,INSUFFICIENT_DATA,1.44,NEUTRAL,2026-08-18
523,GOCLCORP,CHEMICALS,408.0,56.4,WATCH,strong uptrend,none flagged -- normal market risk applies,50.7,61.0,-11.3,STRONG_UPTREND,6.48,NEUTRAL,2026-08-18
524,LUMAXIND,AUTO,5792.0,56.4,WATCH,strong uptrend,none flagged -- normal market risk applies,50.3,61.1,-16.5,STRONG_UPTREND,14.2,NEUTRAL,2026-08-18
525,TIMEX,FMCG,541.3,56.3,WATCH,broad composite strength only,none flagged -- normal market risk applies,48.8,60.4,-12.4,INSUFFICIENT_DATA,19.85,NEUTRAL,2026-08-18
526,SHYAMMETL,METAL,986.9,56.3,WATCH,broad composite strength only,none flagged -- normal market risk applies,47.3,59.0,-9.5,CONSOLIDATING,45.19,NEUTRAL,2026-08-18
527,ASTRAMICRO,DEFENCE,1707.1,56.3,WATCH,broad composite strength only,none flagged -- normal market risk applies,48.7,61.0,-12.9,CONSOLIDATING,107.16,NEUTRAL,2026-08-18
528,SMARTWORKS,REALTY,494.95,56.2,WATCH,strong uptrend; ML bull score 75,none flagged -- normal market risk applies,50.3,74.8,-20.0,STRONG_UPTREND,10.54,NEUTRAL,2026-08-18
529,PETRONET,ENERGY,281.8,56.2,WATCH,strong uptrend,none flagged -- normal market risk applies,48.1,59.7,-13.7,STRONG_UPTREND,50.52,NEUTRAL,2026-08-18
530,AURUM,IT,229.12,56.1,WATCH,strong uptrend,none flagged -- normal market risk applies,47.9,59.6,-13.4,STRONG_UPTREND,6.06,NEUTRAL,2026-08-18
531,BRITANNIA,FMCG,5521.0,56.1,WATCH,broad composite strength only,none flagged -- normal market risk applies,47.1,59.9,-12.9,DOWNTREND,181.29,NEUTRAL,2026-08-18
532,JUBLFOOD,HOSPITALITY,511.5,56.0,WATCH,strong uptrend,none flagged -- normal market risk applies,47.3,60.1,-23.4,STRONG_UPTREND,193.31,NEUTRAL,2026-08-18
533,RPGLIFE,PHARMA,2741.3,56.0,WATCH,uptrend,none flagged -- normal market risk applies,45.6,59.4,-11.0,UPTREND,5.44,NEUTRAL,2026-08-18
534,ZEEL,MEDIA,104.87,56.0,WATCH,broad composite strength only,none flagged -- normal market risk applies,48.6,59.9,-13.9,CONSOLIDATING,355.03,NEUTRAL,2026-08-18
535,LLOYDSENT,CAPITAL_GOODS,75.65,56.0,WATCH,broad composite strength only,none flagged -- normal market risk applies,46.2,58.1,-10.7,CONSOLIDATING,29.91,NEUTRAL,2026-08-18
536,BIOCON,PHARMA,412.0,55.9,WATCH,broad composite strength only,none flagged -- normal market risk applies,43.6,58.6,-7.9,CONSOLIDATING,161.6,NEUTRAL,2026-08-18
537,SAMBHV,METAL,119.88,55.9,WATCH,strong uptrend,none flagged -- normal market risk applies,47.1,59.8,-15.2,STRONG_UPTREND,19.96,NEUTRAL,2026-08-18
538,YESBANK,BANKING,22.92,55.8,WATCH,broad composite strength only,none flagged -- normal market risk applies,47.6,59.7,-11.1,CONSOLIDATING,125.87,NEUTRAL,2026-08-18
539,UDS,OTHER,211.72,55.7,WATCH,strong uptrend; volatility squeeze (breakout setup),none flagged -- normal market risk applies,49.0,60.7,-20.0,STRONG_UPTREND,7.8,NEUTRAL,2026-08-18
540,GENUSPOWER,INFRASTRUCTURE,318.25,55.6,WATCH,strong uptrend,none flagged -- normal market risk applies,45.5,58.0,-12.3,STRONG_UPTREND,46.82,NEUTRAL,2026-08-18
541,PATELRMART,RETAIL,229.1,55.6,WATCH,strong uptrend,thin liquidity -- use TWAP slices,50.1,60.7,-14.9,STRONG_UPTREND,1.83,NEUTRAL,2026-08-18
542,RUDRA,OTHER,23.8,55.6,WATCH,broad composite strength only,thin liquidity -- use TWAP slices,45.5,59.8,-19.9,INSUFFICIENT_DATA,1.42,NEUTRAL,2026-08-18
543,CARBORUNIV,CAPITAL_GOODS,1122.7,55.6,WATCH,strong uptrend,none flagged -- normal market risk applies,49.4,62.6,-14.1,STRONG_UPTREND,20.71,NEUTRAL,2026-08-18
544,MAHABANK,BANKING,81.1,55.5,WATCH,broad composite strength only,none flagged -- normal market risk applies,49.5,61.1,-14.2,CONSOLIDATING,89.07,NEUTRAL,2026-08-18
545,ULTRACEMCO,CEMENT,11681.0,55.5,WATCH,broad composite strength only,none flagged -- normal market risk applies,46.6,59.1,-10.9,DOWNTREND,328.01,NEUTRAL,2026-08-18
546,JKPAPER,CHEMICALS,380.75,55.4,WATCH,uptrend,none flagged -- normal market risk applies,46.8,60.0,-14.4,UPTREND,42.83,NEUTRAL,2026-08-18
547,GROWW,FINANCIAL_SERVICES,198.69,55.4,WATCH,broad composite strength only,none flagged -- normal market risk applies,46.1,58.9,-12.6,INSUFFICIENT_DATA,402.7,NEUTRAL,2026-08-18
548,TIPSMUSIC,MEDIA,656.25,55.4,WATCH,volatility squeeze (breakout setup),none flagged -- normal market risk applies,46.9,59.6,-11.4,CONSOLIDATING,69.33,NEUTRAL,2026-08-18
549,RGL,FMCG,121.9,55.4,WATCH,strong uptrend,none flagged -- normal market risk applies,48.4,60.9,-17.6,STRONG_UPTREND,11.08,NEUTRAL,2026-08-18
550,CUB,BANKING,215.2,55.3,WATCH,uptrend,none flagged -- normal market risk applies,46.0,59.4,-12.3,UPTREND,87.49,NEUTRAL,2026-08-18
551,PHOENIXLTD,REALTY,1929.8,55.3,WATCH,broad composite strength only,none flagged -- normal market risk applies,46.3,59.6,-11.1,CONSOLIDATING,116.15,NEUTRAL,2026-08-18
552,CUMMINSIND,CAPITAL_GOODS,5450.0,55.3,WATCH,broad composite strength only,none flagged -- normal market risk applies,47.7,60.0,-10.7,CONSOLIDATING,241.91,NEUTRAL,2026-08-18
553,TINNARUBR,REALTY,1030.3,55.2,WATCH,uptrend; ML bull score 77; volatility squeeze (breakout setup),none flagged -- normal market risk applies,48.7,77.5,-22.1,UPTREND,26.01,NEUTRAL,2026-08-18
554,SAIL,METAL,173.6,55.1,WATCH,strong uptrend,none flagged -- normal market risk applies,47.3,60.2,-17.2,STRONG_UPTREND,298.16,NEUTRAL,2026-08-18
555,HAVELLS,CAPITAL_GOODS,1299.0,55.1,WATCH,broad composite strength only,none flagged -- normal market risk applies,48.2,59.9,-19.9,DOWNTREND,125.74,NEUTRAL,2026-08-18
556,ONEPOINT,IT,57.21,55.1,WATCH,strong uptrend,none flagged -- normal market risk applies,47.3,59.5,-13.1,STRONG_UPTREND,7.45,NEUTRAL,2026-08-18
557,BASF,CHEMICALS,4041.2,55.1,WATCH,strong uptrend,none flagged -- normal market risk applies,46.8,60.0,-16.3,STRONG_UPTREND,34.84,NEUTRAL,2026-08-18
558,GPPL,INFRASTRUCTURE,159.57,55.0,WATCH,broad composite strength only,none flagged -- normal market risk applies,48.1,60.1,-20.2,DOWNTREND,29.14,NEUTRAL,2026-08-18
559,BEML,AUTO,1908.5,55.0,WATCH,strong uptrend,none flagged -- normal market risk applies,48.6,59.9,-16.1,STRONG_UPTREND,79.78,NEUTRAL,2026-08-18
560,MARKOLINES,INFRASTRUCTURE,171.65,55.0,WATCH,broad composite strength only,none flagged -- normal market risk applies,48.3,59.6,-10.5,CONSOLIDATING,3.54,NEUTRAL,2026-08-18
561,SANGAMIND,TEXTILES,592.45,55.0,WATCH,uptrend,thin liquidity -- use TWAP slices,47.4,60.0,-11.9,UPTREND,1.77,NEUTRAL,2026-08-18
562,BANSALWIRE,METAL,323.75,55.0,WATCH,strong uptrend,none flagged -- normal market risk applies,49.0,60.4,-13.4,STRONG_UPTREND,8.24,NEUTRAL,2026-08-18
563,JNKINDIA,CAPITAL_GOODS,476.35,54.9,WATCH,strong uptrend,none flagged -- normal market risk applies,47.8,60.2,-14.6,STRONG_UPTREND,17.85,NEUTRAL,2026-08-18
564,CARYSIL,FMCG,1155.8,54.8,WATCH,broad composite strength only,none flagged -- normal market risk applies,47.1,59.8,-9.8,CONSOLIDATING,12.18,NEUTRAL,2026-08-18
565,SKIPPER,CAPITAL_GOODS,530.7,54.8,WATCH,volatility squeeze (breakout setup),none flagged -- normal market risk applies,46.7,58.2,-10.5,CONSOLIDATING,29.98,NEUTRAL,2026-08-18
566,SANDHAR,HOSPITALITY,632.55,54.8,WATCH,ML bull score 78; volatility squeeze (breakout setup),none flagged -- normal market risk applies,49.9,77.9,-17.1,CONSOLIDATING,18.7,NEUTRAL,2026-08-18
567,BORANA,TEXTILES,321.1,54.8,WATCH,broad composite strength only,thin liquidity -- use TWAP slices,48.8,59.4,-10.8,INSUFFICIENT_DATA,1.16,NEUTRAL,2026-08-18
568,EXPLEOSOL,IT,923.05,54.7,WATCH,strong uptrend,none flagged -- normal market risk applies,47.0,60.0,-21.4,STRONG_UPTREND,40.11,NEUTRAL,2026-08-18
569,TEXINFRA,CAPITAL_GOODS,107.85,54.7,WATCH,broad composite strength only,thin liquidity -- use TWAP slices,46.6,57.6,-8.6,CONSOLIDATING,1.37,NEUTRAL,2026-08-18
570,SMCGLOBAL,FINANCIAL_SERVICES,80.41,54.7,WATCH,strong uptrend; volatility squeeze (breakout setup),none flagged -- normal market risk applies,48.3,55.2,-15.3,STRONG_UPTREND,5.34,NEUTRAL,2026-08-18
571,KISSHT,IT,304.6,54.7,WATCH,broad composite strength only,none flagged -- normal market risk applies,47.0,58.1,-13.3,INSUFFICIENT_DATA,52.1,NEUTRAL,2026-08-18
572,PICCADIL,FMCG,695.45,54.7,WATCH,uptrend,none flagged -- normal market risk applies,46.2,59.4,-14.1,UPTREND,33.0,NEUTRAL,2026-08-18
573,BHARTIHEXA,TELECOM,1641.0,54.7,WATCH,strong uptrend,none flagged -- normal market risk applies,46.1,60.0,-16.1,STRONG_UPTREND,31.76,NEUTRAL,2026-08-18
574,COROMANDEL,INFRASTRUCTURE,2097.9,54.6,WATCH,broad composite strength only,none flagged -- normal market risk applies,49.3,59.7,-16.0,DOWNTREND,25.45,NEUTRAL,2026-08-18
575,RICOAUTO,AUTO,132.9,54.6,WATCH,broad composite strength only,none flagged -- normal market risk applies,49.9,61.5,-15.9,CONSOLIDATING,42.13,NEUTRAL,2026-08-18
576,AFFLE,IT,1703.9,54.6,WATCH,strong uptrend,none flagged -- normal market risk applies,48.8,60.3,-22.0,STRONG_UPTREND,84.62,NEUTRAL,2026-08-18
577,MCLEODRUSS,OTHER,44.85,54.6,WATCH,broad composite strength only,none flagged -- normal market risk applies,46.6,58.9,-20.8,INSUFFICIENT_DATA,3.01,NEUTRAL,2026-08-18
578,SIRCA,CHEMICALS,439.45,54.6,WATCH,broad composite strength only,none flagged -- normal market risk applies,47.7,59.8,-18.5,DOWNTREND,16.86,NEUTRAL,2026-08-18
579,STOVEKRAFT,FMCG,748.5,54.6,WATCH,broad composite strength only,none flagged -- normal market risk applies,46.3,59.9,-11.9,CONSOLIDATING,26.42,NEUTRAL,2026-08-18
580,GRINDWELL,CAPITAL_GOODS,2163.5,54.6,WATCH,strong uptrend,none flagged -- normal market risk applies,44.7,59.4,-11.9,STRONG_UPTREND,9.73,NEUTRAL,2026-08-18
581,TBZ,FMCG,243.7,54.6,WATCH,uptrend,none flagged -- normal market risk applies,44.1,59.8,-17.6,UPTREND,46.4,NEUTRAL,2026-08-18
582,SHRINGARMS,FMCG,227.24,54.5,WATCH,strong uptrend,none flagged -- normal market risk applies,47.3,59.7,-14.7,STRONG_UPTREND,11.84,NEUTRAL,2026-08-18
583,HOMEFIRST,FINANCIAL_SERVICES,1179.9,54.5,WATCH,uptrend,none flagged -- normal market risk applies,45.1,59.4,-10.5,UPTREND,19.05,NEUTRAL,2026-08-18
584,JTLIND,METAL,75.33,54.5,WATCH,broad composite strength only,none flagged -- normal market risk applies,46.0,59.7,-13.6,CONSOLIDATING,17.31,NEUTRAL,2026-08-18
585,NIVABUPA,FINANCIAL_SERVICES,82.71,54.5,WATCH,broad composite strength only,none flagged -- normal market risk applies,46.0,59.3,-9.5,CONSOLIDATING,13.97,NEUTRAL,2026-08-18
586,APEX,FMCG,422.55,54.4,WATCH,strong uptrend,none flagged -- normal market risk applies,45.6,60.1,-17.9,STRONG_UPTREND,24.38,NEUTRAL,2026-08-18
587,MANCREDIT,FINANCIAL_SERVICES,236.73,54.4,WATCH,strong uptrend,none flagged -- normal market risk applies,47.9,62.2,-17.6,STRONG_UPTREND,9.52,NEUTRAL,2026-08-18
588,VERANDA,HEALTHCARE,235.1,54.4,WATCH,broad composite strength only,none flagged -- normal market risk applies,49.2,60.7,-13.7,CONSOLIDATING,13.56,NEUTRAL,2026-08-18
589,TEGA,FINANCIAL_SERVICES,1744.0,54.3,WATCH,broad composite strength only,none flagged -- normal market risk applies,48.3,59.7,-17.9,DOWNTREND,33.15,NEUTRAL,2026-08-18
590,PLASTIBLEN,CHEMICALS,191.8,54.3,WATCH,uptrend,thin liquidity -- use TWAP slices,45.8,59.2,-11.3,UPTREND,1.37,NEUTRAL,2026-08-18
591,PARKHOSPS,HEALTHCARE,276.65,54.3,WATCH,broad composite strength only,none flagged -- normal market risk applies,47.5,51.9,-9.3,INSUFFICIENT_DATA,18.04,NEUTRAL,2026-08-18
592,GPTHEALTH,HEALTHCARE,153.32,54.3,WATCH,broad composite strength only,none flagged -- normal market risk applies,47.6,60.0,-12.4,CONSOLIDATING,3.91,NEUTRAL,2026-08-18
593,FOSECOIND,CHEMICALS,5641.0,54.3,WATCH,strong uptrend,none flagged -- normal market risk applies,47.9,60.0,-17.6,STRONG_UPTREND,3.4,NEUTRAL,2026-08-18
594,BAJAJHLDNG,FINANCIAL_SERVICES,11379.0,54.2,WATCH,strong uptrend,none flagged -- normal market risk applies,50.4,60.2,-18.0,STRONG_UPTREND,61.58,NEUTRAL,2026-08-18
595,PFIZER,PHARMA,4829.1,54.1,WATCH,strong uptrend,none flagged -- normal market risk applies,46.1,59.7,-13.4,STRONG_UPTREND,18.26,NEUTRAL,2026-08-18
596,ORCHPHARMA,PHARMA,998.35,54.1,WATCH,uptrend,none flagged -- normal market risk applies,47.9,59.9,-11.9,UPTREND,7.74,NEUTRAL,2026-08-18
597,MCX,FINANCIAL_SERVICES,2933.1,54.1,WATCH,strong uptrend,none flagged -- normal market risk applies,43.4,58.4,-15.7,STRONG_UPTREND,640.39,NEUTRAL,2026-08-18
598,CESC,POWER,170.22,54.0,WATCH,strong uptrend,none flagged -- normal market risk applies,46.0,59.9,-16.8,STRONG_UPTREND,22.11,NEUTRAL,2026-08-18
599,BATLIBOI,CAPITAL_GOODS,87.85,54.0,WATCH,broad composite strength only,thin liquidity -- use TWAP slices,47.4,60.6,-17.5,INSUFFICIENT_DATA,1.43,NEUTRAL,2026-08-18
600,PNGJL,FMCG,610.4,53.9,WATCH,uptrend; volatility squeeze (breakout setup),none flagged -- normal market risk applies,47.8,60.0,-17.1,UPTREND,56.51,NEUTRAL,2026-08-18
601,WESTLIFE,HOSPITALITY,579.6,53.9,WATCH,strong uptrend,none flagged -- normal market risk applies,49.2,61.3,-25.2,STRONG_UPTREND,19.37,NEUTRAL,2026-08-18
602,DHANBANK,BANKING,32.39,53.9,WATCH,broad composite strength only,none flagged -- normal market risk applies,46.2,59.0,-12.1,CONSOLIDATING,5.99,NEUTRAL,2026-08-18
603,JUBLCPL,CHEMICALS,2342.4,53.8,WATCH,broad composite strength only,none flagged -- normal market risk applies,49.5,60.3,-22.3,INSUFFICIENT_DATA,7.46,NEUTRAL,2026-08-18
604,JSL,METAL,744.0,53.8,WATCH,broad composite strength only,none flagged -- normal market risk applies,45.1,58.1,-15.8,DOWNTREND,29.13,NEUTRAL,2026-08-18
605,ITDC,CAPITAL_GOODS,698.3,53.7,WATCH,uptrend; volatility squeeze (breakout setup),none flagged -- normal market risk applies,44.0,59.6,-15.0,UPTREND,31.97,NEUTRAL,2026-08-18
606,ZFCVINDIA,FINANCIAL_SERVICES,2623.7,53.7,WATCH,strong uptrend,none flagged -- normal market risk applies,47.6,53.9,-13.8,STRONG_UPTREND,37.51,NEUTRAL,2026-08-18
607,PRIMESECU,FINANCIAL_SERVICES,283.3,53.6,WATCH,broad composite strength only,thin liquidity -- use TWAP slices,49.4,59.8,-12.8,DOWNTREND,1.5,NEUTRAL,2026-08-18
608,SUNFLAG,METAL,360.75,53.6,WATCH,uptrend,none flagged -- normal market risk applies,46.8,59.8,-15.7,UPTREND,8.75,NEUTRAL,2026-08-18
609,KRYSTAL,OTHER,620.4,53.6,WATCH,strong uptrend,thin liquidity -- use TWAP slices,46.8,59.9,-15.0,STRONG_UPTREND,1.73,NEUTRAL,2026-08-18
610,63MOONS,IT,780.25,53.6,WATCH,uptrend,none flagged -- normal market risk applies,46.7,60.0,-22.6,UPTREND,128.03,NEUTRAL,2026-08-18
611,CANBK,BANKING,131.1,53.5,WATCH,broad composite strength only,none flagged -- normal market risk applies,46.8,58.9,-19.5,DOWNTREND,269.46,NEUTRAL,2026-08-18
612,JKIPL,OTHER,97.1,53.5,WATCH,broad composite strength only,thin liquidity -- use TWAP slices,44.8,59.4,-22.3,INSUFFICIENT_DATA,2.63,NEUTRAL,2026-08-18
613,GULPOLY,AGRICULTURE,192.06,53.5,WATCH,broad composite strength only,none flagged -- normal market risk applies,47.4,60.4,-15.6,CONSOLIDATING,26.16,NEUTRAL,2026-08-18
614,BALUFORGE,CAPITAL_GOODS,513.35,53.4,WATCH,strong uptrend,none flagged -- normal market risk applies,46.5,60.9,-26.4,STRONG_UPTREND,61.79,NEUTRAL,2026-08-18
615,GARFIBRES,TEXTILES,748.45,53.3,WATCH,uptrend,none flagged -- normal market risk applies,50.8,60.1,-13.3,UPTREND,5.22,NEUTRAL,2026-08-18
616,MOL,CHEMICALS,62.97,53.3,WATCH,strong uptrend,none flagged -- normal market risk applies,47.1,60.2,-28.2,STRONG_UPTREND,23.84,NEUTRAL,2026-08-18
617,VENKEYS,FMCG,1531.0,53.3,WATCH,uptrend,none flagged -- normal market risk applies,46.6,59.7,-14.9,UPTREND,14.9,NEUTRAL,2026-08-18
618,ICICIAMC,AMC,3136.0,53.2,WATCH,broad composite strength only,none flagged -- normal market risk applies,47.6,59.6,-13.2,INSUFFICIENT_DATA,71.31,NEUTRAL,2026-08-18
619,PIRAMALFIN,FINANCIAL_SERVICES,2066.1,53.1,WATCH,broad composite strength only,none flagged -- normal market risk applies,45.9,43.3,-6.9,INSUFFICIENT_DATA,40.09,NEUTRAL,2026-08-18
620,HATSUN,FMCG,968.8,53.1,WATCH,strong uptrend,none flagged -- normal market risk applies,46.7,60.4,-17.8,STRONG_UPTREND,3.96,NEUTRAL,2026-08-18
621,KOTAKBANK,BANKING,392.7,53.1,WATCH,volatility squeeze (breakout setup),none flagged -- normal market risk applies,46.8,46.7,-13.4,DOWNTREND,421.67,NEUTRAL,2026-08-18
622,CIPLA,PHARMA,1431.5,53.1,WATCH,uptrend,none flagged -- normal market risk applies,44.0,59.9,-14.4,UPTREND,189.3,NEUTRAL,2026-08-18
623,HCLTECH,IT,1325.0,53.0,WATCH,broad composite strength only,none flagged -- normal market risk applies,48.5,59.8,-25.6,DOWNTREND,352.64,NEUTRAL,2026-08-18
624,CLSEL,AGRICULTURE,281.6,53.0,WATCH,volatility squeeze (breakout setup),thin liquidity -- use TWAP slices,46.1,59.5,-12.3,CONSOLIDATING,1.98,NEUTRAL,2026-08-18
625,HAPPSTMNDS,IT,426.8,53.0,WATCH,strong uptrend,none flagged -- normal market risk applies,46.6,60.0,-26.8,STRONG_UPTREND,69.92,NEUTRAL,2026-08-18
626,SANATHAN,TEXTILES,463.5,52.9,WATCH,uptrend,none flagged -- normal market risk applies,48.6,60.0,-16.0,UPTREND,3.42,NEUTRAL,2026-08-18
627,CCL,FMCG,1130.4,52.9,WATCH,broad composite strength only,none flagged -- normal market risk applies,44.6,58.9,-9.0,CONSOLIDATING,17.73,NEUTRAL,2026-08-18
628,PRIVISCL,CHEMICALS,3449.0,52.8,WATCH,broad composite strength only,none flagged -- normal market risk applies,45.9,57.4,-8.9,CONSOLIDATING,29.6,NEUTRAL,2026-08-18
629,ULTRAMAR,CHEMICALS,394.2,52.8,WATCH,broad composite strength only,none flagged -- normal market risk applies,43.9,58.9,-13.5,INSUFFICIENT_DATA,5.28,NEUTRAL,2026-08-18
630,SCHAEFFLER,AUTO,4028.9,52.7,WATCH,broad composite strength only,none flagged -- normal market risk applies,45.1,57.2,-9.8,CONSOLIDATING,27.25,NEUTRAL,2026-08-18
631,HTMEDIA,MEDIA,25.77,52.7,WATCH,broad composite strength only,thin liquidity -- use TWAP slices,46.4,57.3,-17.7,INSUFFICIENT_DATA,1.02,NEUTRAL,2026-08-18
632,ATULAUTO,AUTO,498.0,52.6,WATCH,uptrend,none flagged -- normal market risk applies,46.8,59.9,-16.5,UPTREND,22.53,NEUTRAL,2026-08-18
633,HYUNDAI,AUTO,2190.0,52.6,WATCH,strong uptrend,none flagged -- normal market risk applies,46.2,60.0,-24.2,STRONG_UPTREND,192.78,NEUTRAL,2026-08-18
634,SARDAEN,METAL,521.15,52.6,WATCH,strong uptrend,none flagged -- normal market risk applies,46.3,59.0,-18.5,STRONG_UPTREND,79.28,NEUTRAL,2026-08-18
635,PRINCEPIPE,CAPITAL_GOODS,284.25,52.6,WATCH,strong uptrend,none flagged -- normal market risk applies,47.1,60.0,-19.6,STRONG_UPTREND,7.27,NEUTRAL,2026-08-18
636,NHPC,POWER,76.6,52.6,WATCH,broad composite strength only,none flagged -- normal market risk applies,43.4,57.6,-14.1,DOWNTREND,104.99,NEUTRAL,2026-08-18
637,INDOBORAX,CHEMICALS,420.25,52.6,WATCH,strong uptrend,none flagged -- normal market risk applies,42.7,59.2,-15.8,STRONG_UPTREND,36.2,NEUTRAL,2026-08-18
638,ICIL,TEXTILES,388.7,52.6,WATCH,broad composite strength only,none flagged -- normal market risk applies,49.7,61.3,-16.2,CONSOLIDATING,18.59,NEUTRAL,2026-08-18
639,BPCL,CHEMICALS,316.65,52.5,WATCH,broad composite strength only,none flagged -- normal market risk applies,45.7,59.7,-19.2,DOWNTREND,181.84,NEUTRAL,2026-08-18
640,SONATSOFTW,IT,320.4,52.5,WATCH,strong uptrend,none flagged -- normal market risk applies,46.5,60.0,-24.0,STRONG_UPTREND,62.1,NEUTRAL,2026-08-18
641,AVL,RETAIL,608.65,52.5,WATCH,broad composite strength only,none flagged -- normal market risk applies,47.8,59.9,-13.7,CONSOLIDATING,11.72,NEUTRAL,2026-08-18
642,MANYAVAR,RETAIL,541.85,52.5,WATCH,strong uptrend,overbought (RSI 84),46.2,60.8,-30.4,STRONG_UPTREND,158.73,NEUTRAL,2026-08-18
643,DEEPAKFERT,CHEMICALS,1502.7,52.4,WATCH,broad composite strength only,none flagged -- normal market risk applies,44.0,59.1,-10.6,CONSOLIDATING,72.98,NEUTRAL,2026-08-18
644,LAXMIINDIA,OTHER,136.56,52.4,WATCH,broad composite strength only,none flagged -- normal market risk applies,44.4,58.4,-24.5,INSUFFICIENT_DATA,5.72,NEUTRAL,2026-08-18
645,PREMIERENE,CAPITAL_GOODS,1015.5,52.3,WATCH,volatility squeeze (breakout setup),none flagged -- normal market risk applies,43.0,56.5,-10.4,CONSOLIDATING,94.27,NEUTRAL,2026-08-18
646,OAL,CHEMICALS,349.45,52.3,WATCH,uptrend,thin liquidity -- use TWAP slices,45.1,59.7,-12.6,UPTREND,1.07,NEUTRAL,2026-08-18
647,TVSHLTD,FINANCIAL_SERVICES,14072.0,52.3,WATCH,volatility squeeze (breakout setup),none flagged -- normal market risk applies,46.6,59.5,-13.6,DOWNTREND,16.39,NEUTRAL,2026-08-18
648,WINDMACHIN,CAPITAL_GOODS,300.4,52.3,WATCH,broad composite strength only,none flagged -- normal market risk applies,46.1,58.9,-12.6,CONSOLIDATING,5.85,NEUTRAL,2026-08-18
649,WELENT,METAL,569.4,52.3,WATCH,broad composite strength only,none flagged -- normal market risk applies,45.2,54.3,-10.3,CONSOLIDATING,17.58,NEUTRAL,2026-08-18
650,INDIAGLYCO,FMCG,1070.9,52.3,WATCH,uptrend,none flagged -- normal market risk applies,44.4,58.2,-12.4,UPTREND,14.26,NEUTRAL,2026-08-18
651,FERMENTA,PHARMA,457.05,52.3,WATCH,broad composite strength only,none flagged -- normal market risk applies,44.5,59.7,-21.3,INSUFFICIENT_DATA,10.91,NEUTRAL,2026-08-18
652,GOKEX,TEXTILES,804.1,52.3,WATCH,uptrend,none flagged -- normal market risk applies,47.6,59.9,-15.8,UPTREND,21.93,NEUTRAL,2026-08-18
653,VOLTAMP,CAPITAL_GOODS,10001.0,52.3,WATCH,strong uptrend; ML bull score 75,none flagged -- normal market risk applies,46.9,75.3,-22.2,STRONG_UPTREND,63.26,NEUTRAL,2026-08-18
654,TENNIND,AUTO,548.45,52.1,WATCH,institutional buying (deals),none flagged -- normal market risk applies,51.0,45.1,-16.5,INSUFFICIENT_DATA,216.57,NEUTRAL,2026-08-18
655,VTL,TEXTILES,605.25,52.1,WATCH,broad composite strength only,none flagged -- normal market risk applies,44.9,59.3,-12.0,CONSOLIDATING,20.54,NEUTRAL,2026-08-18
656,INDORAMA,TEXTILES,54.76,52.0,WATCH,uptrend,thin liquidity -- use TWAP slices,47.8,65.2,-27.0,UPTREND,2.52,NEUTRAL,2026-08-18
657,ADANIPORTS,LOGISTICS,1691.0,52.0,WATCH,broad composite strength only,none flagged -- normal market risk applies,42.6,58.5,-10.6,CONSOLIDATING,393.65,NEUTRAL,2026-08-18
658,HINDZINC,METAL,567.5,52.0,WATCH,broad composite strength only,none flagged -- normal market risk applies,46.1,57.7,-22.6,DOWNTREND,271.05,NEUTRAL,2026-08-18
659,RELIANCE,ENERGY,1316.0,52.0,WATCH,broad composite strength only,none flagged -- normal market risk applies,43.6,59.0,-18.4,DOWNTREND,1482.83,NEUTRAL,2026-08-18
660,POLYMED,HEALTHCARE,1733.6,51.9,WATCH,strong uptrend,none flagged -- normal market risk applies,45.2,59.9,-19.2,STRONG_UPTREND,31.46,NEUTRAL,2026-08-18
661,GANDHITUBE,METAL,877.25,51.9,WATCH,uptrend,thin liquidity -- use TWAP slices,46.2,59.9,-15.0,UPTREND,1.14,NEUTRAL,2026-08-18
662,IMFA,METAL,1398.7,51.9,WATCH,uptrend,none flagged -- normal market risk applies,47.5,60.0,-16.7,UPTREND,30.72,NEUTRAL,2026-08-18
663,BLUEJET,PHARMA,593.2,51.8,WATCH,strong uptrend,none flagged -- normal market risk applies,44.0,59.8,-21.9,STRONG_UPTREND,67.16,NEUTRAL,2026-08-18
664,JIOFIN,FINANCIAL_SERVICES,249.75,51.8,WATCH,broad composite strength only,none flagged -- normal market risk applies,46.4,59.2,-22.3,DOWNTREND,491.9,NEUTRAL,2026-08-18
665,SHOPERSTOP,RETAIL,432.05,51.7,WATCH,strong uptrend,thin liquidity -- use TWAP slices,47.9,60.3,-24.5,STRONG_UPTREND,2.77,NEUTRAL,2026-08-18
666,BANKINDIA,BANKING,143.75,51.7,WATCH,broad composite strength only,none flagged -- normal market risk applies,44.7,59.3,-19.4,DOWNTREND,114.3,NEUTRAL,2026-08-18
667,RAIN,CHEMICALS,205.91,51.7,WATCH,broad composite strength only,none flagged -- normal market risk applies,45.9,59.9,-18.3,CONSOLIDATING,132.8,NEUTRAL,2026-08-18
668,AIIL,CAPITAL_GOODS,551.5,51.6,WATCH,uptrend,none flagged -- normal market risk applies,47.0,59.7,-19.2,UPTREND,30.13,NEUTRAL,2026-08-18
669,CGCL,FINANCIAL_SERVICES,226.24,51.6,WATCH,broad composite strength only,none flagged -- normal market risk applies,43.4,55.3,-14.5,CONSOLIDATING,85.06,NEUTRAL,2026-08-18
670,RECLTD,FINANCIAL_SERVICES,340.0,51.6,WATCH,broad composite strength only,none flagged -- normal market risk applies,45.9,59.0,-12.9,DOWNTREND,192.9,NEUTRAL,2026-08-18
671,SBC,TEXTILES,38.75,51.5,WATCH,broad composite strength only,none flagged -- normal market risk applies,46.3,58.7,-13.9,CONSOLIDATING,37.82,NEUTRAL,2026-08-18
672,SAPPHIRE,HOSPITALITY,234.68,51.5,WATCH,strong uptrend,none flagged -- normal market risk applies,45.7,60.3,-32.5,STRONG_UPTREND,91.43,NEUTRAL,2026-08-18
673,ALEMBICLTD,REALTY,90.15,51.5,WATCH,broad composite strength only,thin liquidity -- use TWAP slices,45.1,59.0,-16.9,DOWNTREND,2.52,NEUTRAL,2026-08-18
674,AMAGI,IT,581.0,51.4,WATCH,broad composite strength only,none flagged -- normal market risk applies,45.6,59.4,-20.1,INSUFFICIENT_DATA,73.82,NEUTRAL,2026-08-18
675,GMRAIRPORT,INFRASTRUCTURE,101.31,51.4,WATCH,broad composite strength only,none flagged -- normal market risk applies,45.4,57.4,-12.4,CONSOLIDATING,111.67,NEUTRAL,2026-08-18
676,CONFIPET,ENERGY,72.55,51.4,WATCH,broad composite strength only,none flagged -- normal market risk applies,44.9,59.8,-16.0,CONSOLIDATING,25.35,NEUTRAL,2026-08-18
677,KIRLOSIND,CAPITAL_GOODS,3842.9,51.3,WATCH,strong uptrend,none flagged -- normal market risk applies,46.0,59.9,-16.0,STRONG_UPTREND,4.05,NEUTRAL,2026-08-18
678,FEDFINA,FINANCIAL_SERVICES,152.0,51.3,WATCH,broad composite strength only,none flagged -- normal market risk applies,44.1,58.1,-14.8,CONSOLIDATING,14.29,NEUTRAL,2026-08-18
679,REGAAL,OTHER,90.46,51.3,WATCH,broad composite strength only,none flagged -- normal market risk applies,43.2,57.9,-24.2,INSUFFICIENT_DATA,6.83,NEUTRAL,2026-08-18
680,APOLLO,DEFENCE,387.05,51.3,WATCH,broad composite strength only,none flagged -- normal market risk applies,46.2,60.2,-17.0,CONSOLIDATING,209.68,NEUTRAL,2026-08-18
681,VIMTALABS,HEALTHCARE,623.45,51.2,WATCH,strong uptrend; ML bull score 71,none flagged -- normal market risk applies,45.3,71.5,-30.9,STRONG_UPTREND,44.78,NEUTRAL,2026-08-18
682,ABDL,FMCG,610.65,51.2,WATCH,broad composite strength only,none flagged -- normal market risk applies,45.4,59.6,-14.2,CONSOLIDATING,21.81,NEUTRAL,2026-08-18
683,MFSL,FINANCIAL_SERVICES,1571.7,51.2,WATCH,broad composite strength only,none flagged -- normal market risk applies,45.1,59.7,-17.0,DOWNTREND,135.42,NEUTRAL,2026-08-18
684,DJML,LOGISTICS,107.44,51.2,WATCH,broad composite strength only,none flagged -- normal market risk applies,46.5,58.1,-13.9,INSUFFICIENT_DATA,4.08,NEUTRAL,2026-08-18
685,CDSL,REALTY,1356.8,51.2,WATCH,strong uptrend,none flagged -- normal market risk applies,43.6,58.8,-18.9,STRONG_UPTREND,144.92,NEUTRAL,2026-08-18
686,TATAPOWER,POWER,381.5,51.1,WATCH,volatility squeeze (breakout setup),none flagged -- normal market risk applies,44.0,58.4,-17.9,DOWNTREND,129.92,NEUTRAL,2026-08-18
687,FIEMIND,AUTO,2281.7,51.1,WATCH,broad composite strength only,none flagged -- normal market risk applies,45.3,59.8,-14.7,CONSOLIDATING,29.71,NEUTRAL,2026-08-18
688,IRMENERGY,ENERGY,292.1,51.0,WATCH,strong uptrend,none flagged -- normal market risk applies,45.3,64.8,-25.7,STRONG_UPTREND,5.25,NEUTRAL,2026-08-18
689,BLS,INFRASTRUCTURE,272.56,51.0,WATCH,broad composite strength only,none flagged -- normal market risk applies,46.0,58.9,-27.5,DOWNTREND,48.98,NEUTRAL,2026-08-18
690,APOLLOTYRE,AUTO,436.7,51.0,WATCH,broad composite strength only,none flagged -- normal market risk applies,45.1,59.2,-19.2,DOWNTREND,28.5,NEUTRAL,2026-08-18
691,BLUSPRING,POWER,109.0,51.0,WATCH,broad composite strength only,none flagged -- normal market risk applies,46.5,59.9,-17.3,CONSOLIDATING,4.17,NEUTRAL,2026-08-18
692,GODREJAGRO,AGRICULTURE,597.0,51.0,WATCH,strong uptrend,none flagged -- normal market risk applies,44.7,59.9,-21.4,STRONG_UPTREND,11.04,NEUTRAL,2026-08-18
693,FIVESTAR,FINANCIAL_SERVICES,537.75,51.0,WATCH,uptrend,none flagged -- normal market risk applies,43.6,59.8,-19.3,UPTREND,35.36,NEUTRAL,2026-08-18
694,BALAMINES,CHEMICALS,2125.2,51.0,WATCH,broad composite strength only,none flagged -- normal market risk applies,43.5,58.7,-13.0,CONSOLIDATING,49.37,NEUTRAL,2026-08-18
695,LXCHEM,CHEMICALS,179.66,50.9,WATCH,uptrend; volatility squeeze (breakout setup),none flagged -- normal market risk applies,43.5,60.0,-25.4,UPTREND,42.99,NEUTRAL,2026-08-18
696,SIS,OTHER,416.45,50.9,WATCH,broad composite strength only,none flagged -- normal market risk applies,45.2,59.3,-13.4,CONSOLIDATING,5.9,NEUTRAL,2026-08-18
697,CENTEXT,METAL,21.93,50.9,WATCH,ML bull score 77,35%+ below its 52w high -- long repair needed,45.3,77.1,-36.9,INSUFFICIENT_DATA,1.12,NEUTRAL,2026-08-18
698,MEDICO,PHARMA,44.27,50.8,WATCH,broad composite strength only,thin liquidity -- use TWAP slices,47.4,57.0,-22.2,DOWNTREND,2.31,NEUTRAL,2026-08-18
699,IKIO,CHEMICALS,201.74,50.8,WATCH,uptrend; volatility squeeze (breakout setup),none flagged -- normal market risk applies,42.8,59.0,-18.9,UPTREND,6.04,NEUTRAL,2026-08-18
700,LANDMARK,AUTO,511.0,50.8,WATCH,uptrend,none flagged -- normal market risk applies,44.7,59.9,-22.9,UPTREND,17.19,NEUTRAL,2026-08-18
701,PARACABLES,CAPITAL_GOODS,63.55,50.8,WATCH,broad composite strength only,none flagged -- normal market risk applies,47.1,59.9,-16.0,CONSOLIDATING,10.82,NEUTRAL,2026-08-18
702,BIRLANU,REALTY,1551.8,50.8,WATCH,strong uptrend,none flagged -- normal market risk applies,46.5,60.0,-25.6,STRONG_UPTREND,7.09,NEUTRAL,2026-08-18
703,KRONOX,CHEMICALS,151.52,50.8,WATCH,broad composite strength only,none flagged -- normal market risk applies,46.6,59.7,-16.1,CONSOLIDATING,3.05,NEUTRAL,2026-08-18
704,LUPIN,PHARMA,2259.0,50.7,WATCH,broad composite strength only,none flagged -- normal market risk applies,42.1,56.0,-10.7,CONSOLIDATING,269.56,NEUTRAL,2026-08-18
705,WABAG,INFRASTRUCTURE,1897.6,50.7,WATCH,broad composite strength only,none flagged -- normal market risk applies,45.5,59.8,-15.8,CONSOLIDATING,93.18,NEUTRAL,2026-08-18
706,BCLIND,FMCG,36.36,50.7,WATCH,strong uptrend,thin liquidity -- use TWAP slices,44.5,59.2,-19.0,STRONG_UPTREND,2.9,NEUTRAL,2026-08-18
707,RITES,INFRASTRUCTURE,221.72,50.5,WATCH,strong uptrend,none flagged -- normal market risk applies,45.6,59.8,-21.1,STRONG_UPTREND,16.72,NEUTRAL,2026-08-18
708,VIDHIING,CHEMICALS,319.2,50.4,WATCH,strong uptrend,thin liquidity -- use TWAP slices,46.2,60.0,-22.2,STRONG_UPTREND,2.27,NEUTRAL,2026-08-18
709,SUYOG,TELECOM,813.85,50.4,WATCH,broad composite strength only,thin liquidity -- use TWAP slices,45.8,54.1,-11.6,CONSOLIDATING,1.77,NEUTRAL,2026-08-18
710,SIGMA,IT,45.15,50.4,WATCH,broad composite strength only,none flagged -- normal market risk applies,46.0,66.4,-31.1,INSUFFICIENT_DATA,3.22,NEUTRAL,2026-08-18
711,MAMATA,CAPITAL_GOODS,405.6,50.4,WATCH,uptrend,none flagged -- normal market risk applies,47.3,59.9,-21.2,UPTREND,3.39,NEUTRAL,2026-08-18
712,MANKIND,PHARMA,2380.9,50.4,WATCH,broad composite strength only,none flagged -- normal market risk applies,43.2,58.1,-11.0,CONSOLIDATING,104.98,NEUTRAL,2026-08-18
713,EMMVEE,CAPITAL_GOODS,320.75,50.3,WATCH,volatility squeeze (breakout setup),none flagged -- normal market risk applies,44.0,55.8,-13.7,INSUFFICIENT_DATA,59.94,NEUTRAL,2026-08-18
714,BAJEL,CAPITAL_GOODS,185.87,50.3,WATCH,broad composite strength only,none flagged -- normal market risk applies,45.9,59.8,-18.0,CONSOLIDATING,6.84,NEUTRAL,2026-08-18
715,DATAMATICS,IT,852.35,50.3,WATCH,strong uptrend,none flagged -- normal market risk applies,44.6,59.8,-19.1,STRONG_UPTREND,10.11,NEUTRAL,2026-08-18
716,AXISBANK,BANKING,1227.3,50.2,WATCH,broad composite strength only,none flagged -- normal market risk applies,42.9,56.1,-13.5,DOWNTREND,828.76,NEUTRAL,2026-08-18
717,LINCOLN,PHARMA,623.35,50.1,WATCH,strong uptrend,none flagged -- normal market risk applies,45.0,59.6,-19.0,STRONG_UPTREND,5.21,NEUTRAL,2026-08-18
718,WOCKPHARMA,PHARMA,1898.8,50.1,WATCH,broad composite strength only,none flagged -- normal market risk applies,47.8,63.1,-21.6,CONSOLIDATING,124.66,NEUTRAL,2026-08-18
719,PINELABS,FINANCIAL_SERVICES,162.63,50.1,WATCH,institutional buying (deals),35%+ below its 52w high -- long repair needed,47.2,59.7,-42.7,INSUFFICIENT_DATA,387.81,NEUTRAL,2026-08-18
720,TIMKEN,CAPITAL_GOODS,3290.5,50.0,WATCH,broad composite strength only,none flagged -- normal market risk applies,46.3,59.5,-16.2,CONSOLIDATING,13.16,NEUTRAL,2026-08-18
721,ECLERX,IT,1848.9,50.0,WATCH,uptrend,none flagged -- normal market risk applies,50.2,59.3,-26.0,UPTREND,50.5,NEUTRAL,2026-08-18
722,ANTELOPUS,ENERGY,800.9,50.0,WATCH,broad composite strength only,none flagged -- normal market risk applies,45.5,59.2,-14.2,CONSOLIDATING,14.37,NEUTRAL,2026-08-18
723,MGL,ENERGY,1129.1,50.0,WATCH,strong uptrend,none flagged -- normal market risk applies,43.9,59.8,-18.1,STRONG_UPTREND,38.59,NEUTRAL,2026-08-18
724,IGARASHI,AUTO,454.9,49.9,WATCH,uptrend,none flagged -- normal market risk applies,42.2,59.1,-18.5,UPTREND,21.95,NEUTRAL,2026-08-18
725,TATASTEEL,METAL,186.0,49.8,WATCH,broad composite strength only,none flagged -- normal market risk applies,43.8,51.1,-17.1,DOWNTREND,393.6,NEUTRAL,2026-08-18
726,SBILIFE,FINANCIAL_SERVICES,1790.4,49.8,WATCH,broad composite strength only,none flagged -- normal market risk applies,42.4,56.3,-16.0,DOWNTREND,158.19,NEUTRAL,2026-08-18
727,ESTER,CHEMICALS,98.96,49.8,WATCH,strong uptrend,none flagged -- normal market risk applies,43.4,59.9,-25.3,STRONG_UPTREND,3.02,NEUTRAL,2026-08-18
728,NIITLTD,HEALTHCARE,95.63,49.7,WATCH,volatility squeeze (breakout setup),none flagged -- normal market risk applies,44.4,59.4,-17.8,CONSOLIDATING,4.16,NEUTRAL,2026-08-18
729,HAWKINCOOK,FMCG,8340.0,49.7,WATCH,broad composite strength only,thin liquidity -- use TWAP slices,42.6,58.7,-13.1,INSUFFICIENT_DATA,1.7,NEUTRAL,2026-08-18
730,MANBA,FINANCIAL_SERVICES,130.52,49.6,WATCH,broad composite strength only,none flagged -- normal market risk applies,44.9,57.0,-15.2,CONSOLIDATING,3.82,NEUTRAL,2026-08-18
731,ONWARDTEC,TEXTILES,286.75,49.6,WATCH,uptrend; volatility squeeze (breakout setup),none flagged -- normal market risk applies,48.1,59.3,-19.2,UPTREND,3.07,NEUTRAL,2026-08-18
732,APLLTD,PHARMA,822.45,49.5,WATCH,strong uptrend,none flagged -- normal market risk applies,42.4,58.5,-17.6,STRONG_UPTREND,9.56,NEUTRAL,2026-08-18
733,AADHARHFC,FINANCIAL_SERVICES,487.65,49.5,WATCH,broad composite strength only,none flagged -- normal market risk applies,44.8,56.0,-13.4,CONSOLIDATING,15.14,NEUTRAL,2026-08-18
734,HONAUT,CAPITAL_GOODS,36400.0,49.5,WATCH,broad composite strength only,none flagged -- normal market risk applies,44.4,58.6,-12.3,CONSOLIDATING,25.38,NEUTRAL,2026-08-18
735,WENDT,CAPITAL_GOODS,8110.0,49.5,WATCH,strong uptrend,none flagged -- normal market risk applies,46.6,60.1,-21.6,STRONG_UPTREND,7.65,NEUTRAL,2026-08-18
736,UNICHEMLAB,PHARMA,543.3,49.4,WATCH,strong uptrend; volatility squeeze (breakout setup),none flagged -- normal market risk applies,42.0,58.5,-20.9,STRONG_UPTREND,15.64,NEUTRAL,2026-08-18
737,EXCELINDUS,CHEMICALS,990.55,49.4,WATCH,uptrend,thin liquidity -- use TWAP slices,46.1,59.9,-21.4,UPTREND,1.16,NEUTRAL,2026-08-18
738,IOB,TEXTILES,33.66,49.3,WATCH,volatility squeeze (breakout setup),none flagged -- normal market risk applies,43.9,59.7,-19.5,DOWNTREND,10.92,NEUTRAL,2026-08-18
739,KRISHIVAL,FMCG,408.3,49.3,WATCH,strong uptrend,thin liquidity -- use TWAP slices,44.1,60.2,-19.6,STRONG_UPTREND,1.4,NEUTRAL,2026-08-18
740,VENUSPIPES,METAL,1596.5,49.3,WATCH,broad composite strength only,none flagged -- normal market risk applies,44.8,58.5,-14.8,CONSOLIDATING,16.91,NEUTRAL,2026-08-18
741,PREMEXPLN,CHEMICALS,672.65,49.2,WATCH,broad composite strength only,none flagged -- normal market risk applies,46.8,61.7,-18.9,CONSOLIDATING,22.78,NEUTRAL,2026-08-18
742,IEX,FINANCIAL_SERVICES,125.3,49.1,WATCH,broad composite strength only,none flagged -- normal market risk applies,42.6,59.5,-21.8,DOWNTREND,68.64,NEUTRAL,2026-08-18
743,ACUTAAS,PHARMA,3198.2,49.1,WATCH,broad composite strength only,none flagged -- normal market risk applies,43.5,58.5,-14.5,CONSOLIDATING,122.02,NEUTRAL,2026-08-18
744,ALKEM,PHARMA,5374.0,49.1,WATCH,broad composite strength only,none flagged -- normal market risk applies,43.1,44.6,-9.4,DOWNTREND,65.97,NEUTRAL,2026-08-18
745,PYRAMID,CHEMICALS,166.69,49.0,WATCH,broad composite strength only,none flagged -- normal market risk applies,42.8,59.2,-16.1,CONSOLIDATING,5.96,NEUTRAL,2026-08-18
746,INDOSTAR,FINANCIAL_SERVICES,247.15,49.0,WATCH,broad composite strength only,none flagged -- normal market risk applies,44.6,57.5,-15.4,CONSOLIDATING,4.83,NEUTRAL,2026-08-18
747,SHARDAMOTR,AUTO,909.5,49.0,WATCH,strong uptrend,none flagged -- normal market risk applies,45.0,60.0,-23.6,STRONG_UPTREND,9.17,NEUTRAL,2026-08-18
748,PURVA,REALTY,226.6,49.0,WATCH,strong uptrend,none flagged -- normal market risk applies,44.1,59.7,-25.7,STRONG_UPTREND,29.18,NEUTRAL,2026-08-18
749,DIXON,REALTY,14025.0,48.9,WATCH,uptrend,none flagged -- normal market risk applies,41.9,59.6,-24.1,UPTREND,471.7,NEUTRAL,2026-08-18
750,MMTC,DIVERSIFIED,63.81,48.9,WATCH,broad composite strength only,none flagged -- normal market risk applies,45.5,57.8,-18.6,CONSOLIDATING,8.77,NEUTRAL,2026-08-18
751,ASHIANA,REALTY,365.0,48.9,WATCH,broad composite strength only,none flagged -- normal market risk applies,44.5,59.3,-16.3,CONSOLIDATING,16.46,NEUTRAL,2026-08-18
752,IMAGICAA,HOSPITALITY,47.06,48.9,WATCH,uptrend,none flagged -- normal market risk applies,44.3,57.5,-20.5,UPTREND,3.68,NEUTRAL,2026-08-18
753,ADVANCE,CHEMICALS,117.06,48.8,WATCH,uptrend,none flagged -- normal market risk applies,43.8,59.1,-24.0,UPTREND,7.96,NEUTRAL,2026-08-18
754,GODREJIND,REALTY,1223.0,48.7,WATCH,broad composite strength only,none flagged -- normal market risk applies,44.2,53.7,-15.2,CONSOLIDATING,13.09,NEUTRAL,2026-08-18
755,SUPREMEIND,REALTY,3590.0,48.7,WATCH,strong uptrend,none flagged -- normal market risk applies,44.3,56.2,-22.7,STRONG_UPTREND,69.06,NEUTRAL,2026-08-18
756,JINDRILL,ENERGY,586.2,48.7,WATCH,broad composite strength only,none flagged -- normal market risk applies,44.1,53.6,-15.5,CONSOLIDATING,13.68,NEUTRAL,2026-08-18
757,AUTOAXLES,AUTO,1787.0,48.7,WATCH,broad composite strength only,thin liquidity -- use TWAP slices,43.4,55.9,-15.5,DOWNTREND,2.68,NEUTRAL,2026-08-18
758,IIFLCAPS,FINANCIAL_SERVICES,334.55,48.6,WATCH,broad composite strength only,none flagged -- normal market risk applies,43.1,59.8,-18.7,CONSOLIDATING,11.61,NEUTRAL,2026-08-18
759,RACLGEAR,AUTO,1343.4,48.6,WATCH,uptrend,none flagged -- normal market risk applies,45.6,60.0,-20.6,UPTREND,5.72,NEUTRAL,2026-08-18
760,ESCORTS,AUTO,3133.6,48.6,WATCH,broad composite strength only,none flagged -- normal market risk applies,44.4,59.6,-25.0,DOWNTREND,39.99,NEUTRAL,2026-08-18
761,20MICRONS,METAL,197.26,48.6,WATCH,strong uptrend,none flagged -- normal market risk applies,43.6,51.6,-17.2,STRONG_UPTREND,3.78,NEUTRAL,2026-08-18
762,OPTIEMUS,TELECOM,554.35,48.6,WATCH,uptrend,none flagged -- normal market risk applies,43.8,59.7,-22.2,UPTREND,13.3,NEUTRAL,2026-08-18
763,TITAGARH,INFRASTRUCTURE,820.95,48.6,WATCH,broad composite strength only,none flagged -- normal market risk applies,43.5,58.4,-15.4,CONSOLIDATING,29.75,NEUTRAL,2026-08-18
764,OMNI,CAPITAL_GOODS,564.45,48.5,WATCH,broad composite strength only,none flagged -- normal market risk applies,44.0,59.6,-26.2,INSUFFICIENT_DATA,136.46,NEUTRAL,2026-08-18
765,MRF,AUTO,133015.0,48.4,WATCH,broad composite strength only,none flagged -- normal market risk applies,45.0,59.2,-18.7,DOWNTREND,56.69,NEUTRAL,2026-08-18
766,CAPITALSFB,BANKING,281.55,48.3,WATCH,broad composite strength only,thin liquidity -- use TWAP slices,42.0,57.6,-13.0,CONSOLIDATING,1.15,NEUTRAL,2026-08-18
767,ALICON,AUTO,726.1,48.2,WATCH,strong uptrend,none flagged -- normal market risk applies,46.0,59.9,-29.0,STRONG_UPTREND,3.99,NEUTRAL,2026-08-18
768,LGBBROSLTD,AUTO,1602.8,48.1,WATCH,broad composite strength only,none flagged -- normal market risk applies,44.1,59.0,-21.7,DOWNTREND,3.68,NEUTRAL,2026-08-18
769,MASFIN,FINANCIAL_SERVICES,305.3,48.0,WATCH,broad composite strength only,none flagged -- normal market risk applies,42.6,53.1,-14.9,DOWNTREND,4.46,NEUTRAL,2026-08-18
770,SUNDARMFIN,FINANCIAL_SERVICES,4523.9,48.0,WATCH,broad composite strength only,none flagged -- normal market risk applies,44.5,59.3,-19.8,DOWNTREND,27.69,NEUTRAL,2026-08-18
771,BFINVEST,FINANCIAL_SERVICES,464.3,47.9,WATCH,strong uptrend,thin liquidity -- use TWAP slices,43.7,59.8,-20.6,STRONG_UPTREND,2.52,NEUTRAL,2026-08-18
772,V2RETAIL,RETAIL,218.85,47.9,WATCH,broad composite strength only,none flagged -- normal market risk applies,42.0,51.3,-15.6,CONSOLIDATING,20.21,NEUTRAL,2026-08-18
773,DRREDDY,PHARMA,1192.0,47.8,WATCH,volatility squeeze (breakout setup),none flagged -- normal market risk applies,40.8,55.7,-15.8,DOWNTREND,273.44,NEUTRAL,2026-08-18
774,SEJALLTD,OTHER,682.2,47.8,WATCH,broad composite strength only,thin liquidity -- use TWAP slices,42.8,58.6,-27.5,INSUFFICIENT_DATA,1.81,NEUTRAL,2026-08-18
775,NUVAMA,FINANCIAL_SERVICES,1731.2,47.8,WATCH,broad composite strength only,none flagged -- normal market risk applies,43.6,54.5,-16.2,CONSOLIDATING,97.4,NEUTRAL,2026-08-18
776,EMUDHRA,IT,518.75,47.8,WATCH,strong uptrend,none flagged -- normal market risk applies,43.5,58.1,-29.9,STRONG_UPTREND,10.34,NEUTRAL,2026-08-18
777,JKIL,INFRASTRUCTURE,509.65,47.8,WATCH,broad composite strength only,none flagged -- normal market risk applies,44.3,58.7,-24.2,DOWNTREND,4.72,NEUTRAL,2026-08-18
778,POWERICA,CAPITAL_GOODS,560.35,47.8,WATCH,broad composite strength only,none flagged -- normal market risk applies,42.8,54.1,-17.2,INSUFFICIENT_DATA,10.53,NEUTRAL,2026-08-18
779,AGI,CHEMICALS,716.5,47.7,WATCH,strong uptrend,none flagged -- normal market risk applies,45.1,59.5,-23.7,STRONG_UPTREND,9.71,NEUTRAL,2026-08-18
780,VIYASH,PHARMA,252.15,47.6,WATCH,broad composite strength only,none flagged -- normal market risk applies,43.2,53.6,-15.4,INSUFFICIENT_DATA,50.65,NEUTRAL,2026-08-18
781,MSUMI,AUTO,40.33,47.6,WATCH,volatility squeeze (breakout setup),none flagged -- normal market risk applies,41.5,58.0,-24.7,DOWNTREND,38.67,NEUTRAL,2026-08-18
782,GPIL,METAL,250.82,47.6,WATCH,broad composite strength only,none flagged -- normal market risk applies,43.2,54.6,-21.6,DOWNTREND,46.39,NEUTRAL,2026-08-18
783,DMART,RETAIL,3995.0,47.6,WATCH,broad composite strength only,none flagged -- normal market risk applies,43.6,59.4,-19.3,DOWNTREND,219.12,NEUTRAL,2026-08-18
784,GICRE,FINANCIAL_SERVICES,355.5,47.5,WATCH,broad composite strength only,none flagged -- normal market risk applies,42.1,46.0,-14.9,DOWNTREND,16.17,NEUTRAL,2026-08-18
785,CEATLTD,AUTO,3608.5,47.5,WATCH,broad composite strength only,none flagged -- normal market risk applies,42.5,53.5,-18.7,DOWNTREND,36.26,NEUTRAL,2026-08-18
786,GARUDA,INFRASTRUCTURE,182.48,47.5,WATCH,strong uptrend,none flagged -- normal market risk applies,43.5,59.3,-26.8,STRONG_UPTREND,18.69,NEUTRAL,2026-08-18
787,PRAKASH,CAPITAL_GOODS,134.43,47.4,WATCH,strong uptrend,none flagged -- normal market risk applies,43.1,58.1,-24.0,STRONG_UPTREND,7.54,NEUTRAL,2026-08-18
788,IITL,FINANCIAL_SERVICES,150.35,47.4,WATCH,strong uptrend,thin liquidity -- use TWAP slices,44.2,59.9,-30.4,STRONG_UPTREND,2.07,NEUTRAL,2026-08-18
789,VEEDOL,ENERGY,1521.6,47.4,WATCH,strong uptrend,thin liquidity -- use TWAP slices,45.3,59.9,-25.2,STRONG_UPTREND,2.69,NEUTRAL,2026-08-18
790,TANLA,IT,573.5,47.4,WATCH,uptrend,none flagged -- normal market risk applies,41.2,59.8,-25.1,UPTREND,130.89,NEUTRAL,2026-08-18
791,MARUTI,AUTO,13760.0,47.4,WATCH,volatility squeeze (breakout setup),none flagged -- normal market risk applies,41.9,58.7,-20.8,DOWNTREND,539.2,NEUTRAL,2026-08-18
792,SBFC,FINANCIAL_SERVICES,93.95,47.3,WATCH,broad composite strength only,none flagged -- normal market risk applies,42.9,55.4,-23.6,DOWNTREND,12.57,NEUTRAL,2026-08-18
793,SAGILITY,IT,42.4,47.3,WATCH,broad composite strength only,none flagged -- normal market risk applies,42.6,57.0,-26.8,DOWNTREND,120.84,NEUTRAL,2026-08-18
794,RELAXO,FMCG,391.2,47.3,WATCH,uptrend,none flagged -- normal market risk applies,46.4,60.1,-25.6,UPTREND,19.63,NEUTRAL,2026-08-18
795,LICI,FINANCIAL_SERVICES,410.0,47.2,WATCH,broad composite strength only,none flagged -- normal market risk applies,40.4,43.5,-12.5,DOWNTREND,684.87,NEUTRAL,2026-08-18
796,CLEAN,CHEMICALS,840.0,47.2,WATCH,strong uptrend,none flagged -- normal market risk applies,42.7,59.9,-31.0,STRONG_UPTREND,46.64,NEUTRAL,2026-08-18
797,DVL,DIVERSIFIED,265.92,47.1,WATCH,strong uptrend,thin liquidity -- use TWAP slices,44.1,59.8,-30.1,STRONG_UPTREND,1.23,NEUTRAL,2026-08-18
798,CHALET,HOSPITALITY,844.7,47.1,WATCH,strong uptrend,none flagged -- normal market risk applies,41.8,54.0,-21.1,STRONG_UPTREND,8.64,NEUTRAL,2026-08-18
799,AARTIDRUGS,PHARMA,410.75,47.0,WATCH,uptrend,none flagged -- normal market risk applies,41.1,59.0,-23.2,UPTREND,9.32,NEUTRAL,2026-08-18
800,IVALUE,IT,279.1,46.9,WATCH,uptrend; volatility squeeze (breakout setup),none flagged -- normal market risk applies,42.4,50.2,-17.9,UPTREND,8.18,NEUTRAL,2026-08-18
801,AIAENG,CAPITAL_GOODS,4383.6,46.9,WATCH,broad composite strength only,none flagged -- normal market risk applies,44.2,58.6,-15.4,CONSOLIDATING,27.06,NEUTRAL,2026-08-18
802,POKARNA,REALTY,937.8,46.8,WATCH,volatility squeeze (breakout setup),none flagged -- normal market risk applies,43.5,59.2,-18.2,CONSOLIDATING,9.55,NEUTRAL,2026-08-18
803,TATACONSUM,FMCG,1072.6,46.8,WATCH,broad composite strength only,none flagged -- normal market risk applies,40.8,48.3,-16.4,DOWNTREND,162.19,NEUTRAL,2026-08-18
804,WPIL,CAPITAL_GOODS,433.9,46.8,WATCH,broad composite strength only,thin liquidity -- use TWAP slices,42.4,58.8,-15.0,INSUFFICIENT_DATA,2.95,NEUTRAL,2026-08-18
805,ORIENTHOT,HOSPITALITY,122.35,46.8,WATCH,broad composite strength only,none flagged -- normal market risk applies,43.2,57.1,-18.2,CONSOLIDATING,7.5,NEUTRAL,2026-08-18
806,PSPPROJECT,INFRASTRUCTURE,947.0,46.7,WATCH,broad composite strength only,none flagged -- normal market risk applies,44.9,58.0,-17.2,CONSOLIDATING,10.81,NEUTRAL,2026-08-18
807,GOODYEAR,AUTO,765.35,46.7,WATCH,broad composite strength only,thin liquidity -- use TWAP slices,41.5,48.7,-12.6,INSUFFICIENT_DATA,1.75,NEUTRAL,2026-08-18
808,INDIQUBE,REALTY,178.63,46.6,WATCH,strong uptrend,thin liquidity -- use TWAP slices,44.8,59.8,-26.7,STRONG_UPTREND,1.48,NEUTRAL,2026-08-18
809,TEJASNET,TELECOM,522.85,46.5,WATCH,broad composite strength only,none flagged -- normal market risk applies,44.3,57.1,-18.9,CONSOLIDATING,82.89,NEUTRAL,2026-08-18
810,GREENPLY,REALTY,286.3,46.5,WATCH,broad composite strength only,none flagged -- normal market risk applies,42.1,49.6,-14.4,CONSOLIDATING,7.33,NEUTRAL,2026-08-18
811,RANEHOLDIN,FINANCIAL_SERVICES,1600.9,46.5,WATCH,broad composite strength only,none flagged -- normal market risk applies,43.4,58.5,-15.5,CONSOLIDATING,3.9,NEUTRAL,2026-08-18
812,STLNETWORK,OTHER,25.37,46.4,WATCH,volatility squeeze (breakout setup),none flagged -- normal market risk applies,40.8,54.9,-28.3,INSUFFICIENT_DATA,11.31,NEUTRAL,2026-08-18
813,SUDARSCHEM,CHEMICALS,1092.9,46.4,WATCH,strong uptrend,none flagged -- normal market risk applies,40.9,59.8,-31.8,STRONG_UPTREND,50.98,NEUTRAL,2026-08-18
814,CPPLUS,CAPITAL_GOODS,3343.1,46.3,WATCH,broad composite strength only,none flagged -- normal market risk applies,44.0,60.0,-18.3,CONSOLIDATING,73.77,NEUTRAL,2026-08-18
815,SANSTAR,AGRICULTURE,109.19,46.2,WATCH,broad composite strength only,none flagged -- normal market risk applies,45.6,59.8,-20.6,CONSOLIDATING,3.61,NEUTRAL,2026-08-18
816,SATIN,FINANCIAL_SERVICES,228.73,46.2,WATCH,broad composite strength only,none flagged -- normal market risk applies,42.8,58.9,-16.6,CONSOLIDATING,13.8,NEUTRAL,2026-08-18
817,BLACKBUCK,LOGISTICS,569.5,46.2,WATCH,broad composite strength only,none flagged -- normal market risk applies,42.5,56.7,-23.9,DOWNTREND,22.67,NEUTRAL,2026-08-18
818,SCI,FINANCIAL_SERVICES,286.4,46.1,WATCH,broad composite strength only,none flagged -- normal market risk applies,42.4,58.3,-22.3,CONSOLIDATING,85.89,NEUTRAL,2026-08-18
819,CENTUM,CAPITAL_GOODS,3362.6,46.1,WATCH,broad composite strength only,none flagged -- normal market risk applies,43.6,58.9,-15.3,CONSOLIDATING,15.65,NEUTRAL,2026-08-18
820,HERITGFOOD,FMCG,363.65,46.0,WATCH,broad composite strength only,none flagged -- normal market risk applies,41.3,59.5,-32.7,DOWNTREND,11.98,NEUTRAL,2026-08-18
821,ADVAIT,CAPITAL_GOODS,2079.2,46.0,WATCH,broad composite strength only,none flagged -- normal market risk applies,46.2,59.3,-16.3,INSUFFICIENT_DATA,11.49,NEUTRAL,2026-08-18
822,NTPC,POWER,337.0,46.0,WATCH,broad composite strength only,none flagged -- normal market risk applies,43.0,49.0,-18.7,DOWNTREND,308.04,NEUTRAL,2026-08-18
823,DELHIVERY,LOGISTICS,456.0,46.0,WATCH,volatility squeeze (breakout setup),ML model disagrees,41.3,39.3,-13.0,CONSOLIDATING,182.56,NEUTRAL,2026-08-18
824,RELTD,CAPITAL_GOODS,159.87,46.0,WATCH,broad composite strength only,none flagged -- normal market risk applies,40.7,54.7,-18.6,CONSOLIDATING,3.22,NEUTRAL,2026-08-18
825,OMPOWER,INFRASTRUCTURE,167.96,46.0,WATCH,broad composite strength only,thin liquidity -- use TWAP slices,43.4,55.6,-16.8,INSUFFICIENT_DATA,2.0,NEUTRAL,2026-08-18
826,SESHAPAPER,CHEMICALS,227.28,45.8,WATCH,broad composite strength only,none flagged -- normal market risk applies,41.9,56.8,-22.5,DOWNTREND,6.49,NEUTRAL,2026-08-18
827,GRSE,DEFENCE,2600.1,45.8,WATCH,broad composite strength only,none flagged -- normal market risk applies,43.0,58.8,-22.1,CONSOLIDATING,121.36,NEUTRAL,2026-08-18
828,ABBOTINDIA,PHARMA,26905.0,45.7,WATCH,broad composite strength only,none flagged -- normal market risk applies,40.1,58.0,-17.9,DOWNTREND,29.57,NEUTRAL,2026-08-18
829,RADHIKAJWE,FMCG,67.9,45.7,WATCH,uptrend,none flagged -- normal market risk applies,40.9,55.6,-31.9,UPTREND,12.07,NEUTRAL,2026-08-18
830,PRAVEG,HOSPITALITY,258.9,45.7,WATCH,broad composite strength only,thin liquidity -- use TWAP slices,42.2,56.6,-20.3,INSUFFICIENT_DATA,2.72,NEUTRAL,2026-08-18
831,KOTHARIPET,CHEMICALS,133.91,45.6,WATCH,uptrend,thin liquidity -- use TWAP slices,41.1,56.8,-23.0,UPTREND,2.05,NEUTRAL,2026-08-18
832,LTTS,IT,3528.5,45.6,WATCH,volatility squeeze (breakout setup),none flagged -- normal market risk applies,42.1,56.7,-25.3,DOWNTREND,36.81,NEUTRAL,2026-08-18
833,BORORENEW,CAPITAL_GOODS,569.9,45.6,WATCH,volatility squeeze (breakout setup),none flagged -- normal market risk applies,42.6,58.4,-21.0,CONSOLIDATING,24.36,NEUTRAL,2026-08-18
834,TRENT,RETAIL,2946.0,45.6,WATCH,broad composite strength only,none flagged -- normal market risk applies,43.6,58.5,-22.1,CONSOLIDATING,319.06,NEUTRAL,2026-08-18
835,SIYSIL,TEXTILES,632.6,45.6,WATCH,strong uptrend,none flagged -- normal market risk applies,46.1,60.5,-25.5,STRONG_UPTREND,3.25,NEUTRAL,2026-08-18
836,COCHINSHIP,DEFENCE,1457.8,45.5,WATCH,broad composite strength only,none flagged -- normal market risk applies,42.2,58.4,-26.4,DOWNTREND,154.63,NEUTRAL,2026-08-18
837,SAMMAANCAP,FINANCIAL_SERVICES,153.33,45.5,WATCH,broad composite strength only,none flagged -- normal market risk applies,44.0,59.0,-20.5,DOWNTREND,107.54,NEUTRAL,2026-08-18
838,SHK,CHEMICALS,164.25,45.5,WATCH,strong uptrend,35%+ below its 52w high -- long repair needed,39.6,54.9,-40.4,STRONG_UPTREND,29.69,NEUTRAL,2026-08-18
839,GANECOS,TEXTILES,1101.2,45.4,WATCH,uptrend,none flagged -- normal market risk applies,39.5,48.4,-21.1,UPTREND,16.36,NEUTRAL,2026-08-18
840,RML,AUTO,1084.7,45.4,WATCH,volatility squeeze (breakout setup),none flagged -- normal market risk applies,41.6,57.1,-18.1,CONSOLIDATING,7.0,NEUTRAL,2026-08-18
841,CEMPRO,INFRASTRUCTURE,1321.8,45.4,WATCH,broad composite strength only,none flagged -- normal market risk applies,41.2,52.2,-19.8,CONSOLIDATING,86.11,NEUTRAL,2026-08-18
842,NOCIL,CHEMICALS,163.71,45.3,WATCH,broad composite strength only,none flagged -- normal market risk applies,39.8,57.2,-20.0,CONSOLIDATING,17.64,NEUTRAL,2026-08-18
843,MAHSCOOTER,FINANCIAL_SERVICES,13449.0,45.3,WATCH,strong uptrend,none flagged -- normal market risk applies,43.7,60.0,-27.4,STRONG_UPTREND,6.91,NEUTRAL,2026-08-18
844,CERA,REALTY,5787.0,45.3,WATCH,broad composite strength only,none flagged -- normal market risk applies,42.6,53.4,-14.1,CONSOLIDATING,7.59,NEUTRAL,2026-08-18
845,RAMCOCEM,CEMENT,922.6,45.3,WATCH,broad composite strength only,none flagged -- normal market risk applies,41.6,56.3,-24.0,DOWNTREND,22.46,NEUTRAL,2026-08-18
846,FORTIS,HEALTHCARE,908.75,45.2,WATCH,broad composite strength only,none flagged -- normal market risk applies,40.3,52.0,-17.7,DOWNTREND,129.85,NEUTRAL,2026-08-18
847,HDFCAMC,FINANCIAL_SERVICES,2523.0,45.1,WATCH,broad composite strength only,none flagged -- normal market risk applies,42.9,42.6,-15.0,DOWNTREND,181.23,NEUTRAL,2026-08-18
848,KSL,METAL,829.8,45.1,WATCH,broad composite strength only,thin liquidity -- use TWAP slices,41.1,54.6,-15.6,CONSOLIDATING,2.65,NEUTRAL,2026-08-18
849,SIMPLEXINF,INFRASTRUCTURE,251.31,45.1,WATCH,broad composite strength only,thin liquidity -- use TWAP slices,44.4,59.7,-23.8,CONSOLIDATING,2.57,NEUTRAL,2026-08-18
850,CMPDI,INFRASTRUCTURE,235.18,45.1,WATCH,broad composite strength only,none flagged -- normal market risk applies,39.9,53.5,-17.1,INSUFFICIENT_DATA,52.87,NEUTRAL,2026-08-18
851,KIRLFER,METAL,433.2,45.1,WATCH,broad composite strength only,none flagged -- normal market risk applies,40.8,55.3,-15.6,INSUFFICIENT_DATA,5.9,NEUTRAL,2026-08-18
852,ROTO,CAPITAL_GOODS,65.68,44.8,WATCH,broad composite strength only,none flagged -- normal market risk applies,43.3,57.5,-23.2,CONSOLIDATING,3.54,NEUTRAL,2026-08-18
853,HINDOILEXP,ENERGY,154.89,44.7,WATCH,broad composite strength only,none flagged -- normal market risk applies,42.0,50.6,-17.9,CONSOLIDATING,8.02,NEUTRAL,2026-08-18
854,KAMAHOLD,FINANCIAL_SERVICES,2456.4,44.6,WATCH,broad composite strength only,thin liquidity -- use TWAP slices,43.5,38.8,-11.8,INSUFFICIENT_DATA,1.5,NEUTRAL,2026-08-18
855,SPLPETRO,CHEMICALS,723.45,44.6,WATCH,strong uptrend,none flagged -- normal market risk applies,42.1,59.8,-26.1,STRONG_UPTREND,16.89,NEUTRAL,2026-08-18
856,CAPILLARY,IT,525.55,44.4,WATCH,broad composite strength only,none flagged -- normal market risk applies,41.1,61.8,-34.2,INSUFFICIENT_DATA,86.72,NEUTRAL,2026-08-18
857,CHOLAHLDNG,FINANCIAL_SERVICES,1576.4,44.4,WATCH,broad composite strength only,none flagged -- normal market risk applies,40.9,55.8,-23.6,DOWNTREND,37.04,NEUTRAL,2026-08-18
858,MUKANDLTD,METAL,135.27,44.4,WATCH,broad composite strength only,thin liquidity -- use TWAP slices,43.1,25.5,-12.3,CONSOLIDATING,2.41,NEUTRAL,2026-08-18
859,BLUEDART,LOGISTICS,5125.0,44.4,WATCH,broad composite strength only,none flagged -- normal market risk applies,43.0,59.5,-27.2,DOWNTREND,26.03,NEUTRAL,2026-08-18
860,LAOPALA,FMCG,191.22,44.4,WATCH,strong uptrend,none flagged -- normal market risk applies,41.9,51.2,-27.0,STRONG_UPTREND,11.58,NEUTRAL,2026-08-18
861,NORTHARC,FINANCIAL_SERVICES,278.7,44.4,WATCH,broad composite strength only,none flagged -- normal market risk applies,41.5,50.8,-16.6,CONSOLIDATING,21.15,NEUTRAL,2026-08-18
862,NPST,IT,1622.8,44.3,WATCH,strong uptrend,none flagged -- normal market risk applies,42.0,59.2,-27.4,STRONG_UPTREND,6.95,NEUTRAL,2026-08-18
863,KANSAINER,CHEMICALS,205.8,44.3,WATCH,broad composite strength only,none flagged -- normal market risk applies,40.5,51.0,-22.0,DOWNTREND,8.23,NEUTRAL,2026-08-18
864,HDBFS,FINANCIAL_SERVICES,683.9,44.2,WATCH,broad composite strength only,ML model disagrees,40.8,37.7,-14.6,DOWNTREND,28.69,NEUTRAL,2026-08-18
865,BATAINDIA,FMCG,758.1,44.2,WATCH,broad composite strength only,35%+ below its 52w high -- long repair needed,39.1,58.9,-40.9,DOWNTREND,50.76,NEUTRAL,2026-08-18
866,FINKURVE,FINANCIAL_SERVICES,72.93,44.2,WATCH,broad composite strength only,35%+ below its 52w high -- long repair needed,41.3,59.0,-45.9,DOWNTREND,1.1,NEUTRAL,2026-08-18
867,CENTURYPLY,REALTY,750.7,44.2,WATCH,broad composite strength only,ML model disagrees,43.2,25.7,-12.6,DOWNTREND,6.98,NEUTRAL,2026-08-18
868,IFBIND,FMCG,1386.0,44.1,WATCH,strong uptrend,none flagged -- normal market risk applies,42.9,60.0,-31.4,STRONG_UPTREND,10.49,NEUTRAL,2026-08-18
869,BRIGADE,HOSPITALITY,593.7,44.1,WATCH,strong uptrend,ML model disagrees,44.0,36.6,-26.0,STRONG_UPTREND,25.22,NEUTRAL,2026-08-18
870,PCBL,CHEMICALS,315.45,44.0,WATCH,uptrend,none flagged -- normal market risk applies,38.7,57.4,-25.9,UPTREND,106.65,NEUTRAL,2026-08-18
871,SAIPARENT,PHARMA,551.95,44.0,WATCH,volatility squeeze (breakout setup),none flagged -- normal market risk applies,43.2,58.4,-21.8,INSUFFICIENT_DATA,7.17,NEUTRAL,2026-08-18
872,NGLFINE,PHARMA,2908.4,43.9,WATCH,broad composite strength only,none flagged -- normal market risk applies,46.1,60.2,-19.3,CONSOLIDATING,3.05,NEUTRAL,2026-08-18
873,JAMNAAUTO,AUTO,123.33,43.9,WATCH,broad composite strength only,none flagged -- normal market risk applies,41.7,49.0,-19.2,DOWNTREND,35.09,NEUTRAL,2026-08-18
874,KIRLOSENG,CAPITAL_GOODS,2101.6,43.8,WATCH,broad composite strength only,none flagged -- normal market risk applies,42.0,59.5,-22.7,CONSOLIDATING,97.5,NEUTRAL,2026-08-18
875,AMBIKCO,TEXTILES,1615.9,43.7,WATCH,broad composite strength only,none flagged -- normal market risk applies,42.1,49.8,-16.3,CONSOLIDATING,4.49,NEUTRAL,2026-08-18
876,TIMETECHNO,CAPITAL_GOODS,189.61,43.7,WATCH,broad composite strength only,none flagged -- normal market risk applies,40.7,52.1,-23.9,CONSOLIDATING,70.88,NEUTRAL,2026-08-18
877,JUSTDIAL,RETAIL,680.3,43.6,WATCH,uptrend,ML model disagrees,39.8,35.3,-22.6,UPTREND,33.69,NEUTRAL,2026-08-18
878,FSL,IT,267.75,43.6,WATCH,broad composite strength only,none flagged -- normal market risk applies,40.3,48.4,-29.5,DOWNTREND,171.64,NEUTRAL,2026-08-18
879,SIGACHI,OTHER,26.35,43.5,WATCH,broad composite strength only,35%+ below its 52w high -- long repair needed,35.0,49.0,-43.6,INSUFFICIENT_DATA,9.15,NEUTRAL,2026-08-18
880,EXICOM,CAPITAL_GOODS,148.32,43.5,WATCH,broad composite strength only,none flagged -- normal market risk applies,42.9,50.2,-18.9,CONSOLIDATING,23.78,NEUTRAL,2026-08-18
881,NH,HEALTHCARE,1828.5,43.4,WATCH,broad composite strength only,ML model disagrees,41.5,32.1,-12.6,DOWNTREND,68.91,NEUTRAL,2026-08-18
882,KAMATHOTEL,HOSPITALITY,194.64,43.4,WATCH,strong uptrend,35%+ below its 52w high -- long repair needed,41.6,58.6,-41.0,STRONG_UPTREND,1.06,NEUTRAL,2026-08-18
883,EVEREADY,FMCG,352.9,43.4,WATCH,volatility squeeze (breakout setup),none flagged -- normal market risk applies,40.6,59.8,-25.7,CONSOLIDATING,4.44,NEUTRAL,2026-08-18
884,ASAL,AUTO,505.95,43.4,WATCH,broad composite strength only,thin liquidity -- use TWAP slices,42.2,57.5,-22.7,CONSOLIDATING,1.62,NEUTRAL,2026-08-18
885,ALLDIGI,IT,809.25,43.3,WATCH,broad composite strength only,thin liquidity -- use TWAP slices,42.8,44.4,-19.1,DOWNTREND,1.5,NEUTRAL,2026-08-18
886,JAGRAN,MEDIA,61.92,43.3,WATCH,broad composite strength only,thin liquidity -- use TWAP slices,40.7,51.6,-21.5,DOWNTREND,1.42,NEUTRAL,2026-08-18
887,DALBHARAT,FMCG,1844.0,43.3,WATCH,volatility squeeze (breakout setup),none flagged -- normal market risk applies,41.2,47.6,-26.1,DOWNTREND,36.86,NEUTRAL,2026-08-18
888,ELLEN,AUTO,328.3,43.2,WATCH,strong uptrend,35%+ below its 52w high -- long repair needed,40.7,44.3,-41.4,STRONG_UPTREND,27.51,NEUTRAL,2026-08-18
889,MUTHOOTMF,FINANCIAL_SERVICES,208.12,43.2,WATCH,broad composite strength only,none flagged -- normal market risk applies,42.0,54.2,-20.8,CONSOLIDATING,16.18,NEUTRAL,2026-08-18
890,NSLNISP,METAL,41.76,43.2,WATCH,broad composite strength only,none flagged -- normal market risk applies,42.2,51.8,-22.3,DOWNTREND,17.5,NEUTRAL,2026-08-18
891,MANAKCOAT,METAL,121.88,43.1,WATCH,strong uptrend,none flagged -- normal market risk applies,38.4,59.2,-33.3,STRONG_UPTREND,5.46,NEUTRAL,2026-08-18
892,MAXHEALTH,HEALTHCARE,1003.7,43.1,WATCH,broad composite strength only,none flagged -- normal market risk applies,38.8,49.2,-17.9,DOWNTREND,188.01,NEUTRAL,2026-08-18
893,DODLA,FMCG,1099.5,43.1,WATCH,broad composite strength only,none flagged -- normal market risk applies,41.6,56.4,-26.7,DOWNTREND,3.58,NEUTRAL,2026-08-18
894,UCOBANK,BANKING,26.11,43.1,WATCH,broad composite strength only,ML model disagrees,41.6,38.4,-23.6,DOWNTREND,12.15,NEUTRAL,2026-08-18
895,PARADEEP,CHEMICALS,146.66,43.1,WATCH,strong uptrend,35%+ below its 52w high -- long repair needed,39.0,54.5,-36.5,STRONG_UPTREND,190.63,NEUTRAL,2026-08-18
896,INDIANHUME,CAPITAL_GOODS,362.55,43.0,WATCH,uptrend,thin liquidity -- use TWAP slices,41.3,28.6,-16.1,UPTREND,2.07,NEUTRAL,2026-08-18
897,JASH,CAPITAL_GOODS,480.5,43.0,WATCH,broad composite strength only,none flagged -- normal market risk applies,43.1,40.9,-16.1,CONSOLIDATING,5.48,NEUTRAL,2026-08-18
898,LINDEINDIA,CHEMICALS,6732.0,42.9,WATCH,broad composite strength only,none flagged -- normal market risk applies,39.7,50.7,-16.4,CONSOLIDATING,18.86,NEUTRAL,2026-08-18
899,CRAMC,FINANCIAL_SERVICES,253.95,42.9,WATCH,broad composite strength only,none flagged -- normal market risk applies,39.8,55.7,-28.1,DOWNTREND,50.16,NEUTRAL,2026-08-18
900,RPSGVENT,IT,887.25,42.9,WATCH,broad composite strength only,thin liquidity -- use TWAP slices,41.8,59.2,-24.8,CONSOLIDATING,2.82,NEUTRAL,2026-08-18
901,VINCOFE,FMCG,146.28,42.9,WATCH,broad composite strength only,none flagged -- normal market risk applies,40.5,43.1,-18.7,DOWNTREND,32.53,NEUTRAL,2026-08-18
902,PUNJABCHEM,CHEMICALS,1127.3,42.8,WATCH,uptrend,thin liquidity -- use TWAP slices,38.6,58.1,-26.5,UPTREND,2.32,NEUTRAL,2026-08-18
903,MOLDTKPAC,CHEMICALS,680.15,42.7,WATCH,broad composite strength only,none flagged -- normal market risk applies,38.9,56.5,-21.9,CONSOLIDATING,8.24,NEUTRAL,2026-08-18
904,ASIANHOTNR,HOSPITALITY,300.0,42.7,WATCH,volatility squeeze (breakout setup),thin liquidity -- use TWAP slices,42.5,58.2,-25.5,DOWNTREND,2.52,NEUTRAL,2026-08-18
905,TATACOMM,CHEMICALS,1711.9,42.6,WATCH,broad composite strength only,none flagged -- normal market risk applies,39.8,57.3,-18.9,DOWNTREND,56.72,NEUTRAL,2026-08-18
906,IFGLEXPOR,CAPITAL_GOODS,218.97,42.6,WATCH,strong uptrend,35%+ below its 52w high -- long repair needed,39.2,59.8,-35.2,STRONG_UPTREND,1.44,NEUTRAL,2026-08-18
907,DHARMAJ,CHEMICALS,269.25,42.6,WATCH,strong uptrend,thin liquidity -- use TWAP slices,42.0,59.8,-28.4,STRONG_UPTREND,2.15,NEUTRAL,2026-08-18
908,FEDDERSHOL,FINANCIAL_SERVICES,40.1,42.6,WATCH,broad composite strength only,none flagged -- normal market risk applies,39.2,58.5,-25.0,INSUFFICIENT_DATA,10.59,NEUTRAL,2026-08-18
909,CLEANMAX,POWER,1239.9,42.6,WATCH,broad composite strength only,none flagged -- normal market risk applies,42.0,56.0,-19.3,INSUFFICIENT_DATA,22.45,NEUTRAL,2026-08-18
910,NIBE,DEFENCE,1439.0,42.5,WATCH,broad composite strength only,none flagged -- normal market risk applies,42.7,59.9,-22.1,CONSOLIDATING,8.92,NEUTRAL,2026-08-18
911,ADANIGREEN,POWER,1327.6,42.4,WATCH,broad composite strength only,none flagged -- normal market risk applies,39.8,53.6,-18.6,CONSOLIDATING,295.8,NEUTRAL,2026-08-18
912,COALINDIA,ENERGY,408.45,42.3,WATCH,broad composite strength only,ML model disagrees,41.6,33.1,-16.8,DOWNTREND,283.38,NEUTRAL,2026-08-18
913,ABSLAMC,RETAIL,1019.0,42.3,WATCH,broad composite strength only,none flagged -- normal market risk applies,40.5,44.9,-16.8,CONSOLIDATING,33.01,NEUTRAL,2026-08-18
914,MAYURUNIQ,TEXTILES,732.2,42.3,WATCH,broad composite strength only,none flagged -- normal market risk applies,44.0,54.8,-19.3,CONSOLIDATING,8.43,NEUTRAL,2026-08-18
915,GALAPREC,CAPITAL_GOODS,1018.0,42.2,WATCH,broad composite strength only,none flagged -- normal market risk applies,42.6,56.2,-19.2,CONSOLIDATING,5.09,NEUTRAL,2026-08-18
916,GPTINFRA,INFRASTRUCTURE,115.06,42.2,WATCH,broad composite strength only,thin liquidity -- use TWAP slices,41.6,58.9,-23.3,CONSOLIDATING,1.47,NEUTRAL,2026-08-18
917,IFBAGRO,OTHER,1038.15,42.2,WATCH,broad composite strength only,35%+ below its 52w high -- long repair needed,38.4,53.5,-42.0,INSUFFICIENT_DATA,7.63,NEUTRAL,2026-08-18
918,BSOFT,IT,310.8,42.2,WATCH,broad composite strength only,none flagged -- normal market risk applies,40.4,50.2,-34.4,DOWNTREND,59.24,NEUTRAL,2026-08-18
919,WHEELS,AUTO,1417.5,42.1,WATCH,broad composite strength only,none flagged -- normal market risk applies,41.5,58.8,-21.6,CONSOLIDATING,12.09,NEUTRAL,2026-08-18
920,TCIEXP,LOGISTICS,566.75,41.9,WATCH,strong uptrend,none flagged -- normal market risk applies,39.3,47.9,-27.3,STRONG_UPTREND,7.31,NEUTRAL,2026-08-18
921,GVT&D,CAPITAL_GOODS,4290.0,41.8,WATCH,broad composite strength only,none flagged -- normal market risk applies,39.4,59.7,-24.1,CONSOLIDATING,455.36,NEUTRAL,2026-08-18
922,MANGLMCEM,CEMENT,872.55,41.8,WATCH,broad composite strength only,thin liquidity -- use TWAP slices,41.6,35.9,-14.7,CONSOLIDATING,2.7,NEUTRAL,2026-08-18
923,SFL,REALTY,675.1,41.8,WATCH,broad composite strength only,none flagged -- normal market risk applies,40.3,51.0,-18.9,CONSOLIDATING,22.27,NEUTRAL,2026-08-18
924,EIDPARRY,FMCG,792.05,41.7,WATCH,institutional buying (deals),ML model disagrees,48.2,20.2,-32.6,DOWNTREND,28.51,NEUTRAL,2026-08-18
925,SUZLON,CAPITAL_GOODS,49.0,41.7,WATCH,broad composite strength only,none flagged -- normal market risk applies,39.6,48.7,-20.3,DOWNTREND,331.07,NEUTRAL,2026-08-18
926,BALAJITELE,MEDIA,92.72,41.7,WATCH,broad composite strength only,thin liquidity -- use TWAP slices,40.7,49.9,-34.4,DOWNTREND,2.54,NEUTRAL,2026-08-18
927,TRITURBINE,CAPITAL_GOODS,597.9,41.6,WATCH,broad composite strength only,none flagged -- normal market risk applies,40.4,57.8,-24.1,CONSOLIDATING,44.26,NEUTRAL,2026-08-18
928,PGHL,PHARMA,5836.5,41.6,WATCH,broad composite strength only,none flagged -- normal market risk applies,40.0,56.1,-16.3,CONSOLIDATING,10.19,NEUTRAL,2026-08-18
929,PAGEIND,TEXTILES,37360.0,41.6,WATCH,broad composite strength only,none flagged -- normal market risk applies,41.2,54.9,-18.6,CONSOLIDATING,121.28,NEUTRAL,2026-08-18
930,INFY,IT,1139.9,41.5,WATCH,broad composite strength only,none flagged -- normal market risk applies,44.6,42.3,-34.0,DOWNTREND,1505.49,NEUTRAL,2026-08-18
931,SIKA,DEFENCE,1052.9,41.4,WATCH,broad composite strength only,none flagged -- normal market risk applies,39.5,58.5,-22.6,INSUFFICIENT_DATA,3.98,NEUTRAL,2026-08-18
932,AAVAS,FINANCIAL_SERVICES,1389.8,41.3,WATCH,broad composite strength only,none flagged -- normal market risk applies,40.2,52.5,-21.6,DOWNTREND,12.59,NEUTRAL,2026-08-18
933,DBCORP,MEDIA,212.13,41.3,WATCH,broad composite strength only,thin liquidity -- use TWAP slices,41.5,38.4,-26.3,DOWNTREND,2.88,NEUTRAL,2026-08-18
934,ARFIN,METAL,83.69,41.2,WATCH,broad composite strength only,ML model disagrees,41.0,38.6,-21.2,INSUFFICIENT_DATA,13.92,NEUTRAL,2026-08-18
935,AJAXENGG,AUTO,567.25,41.1,WATCH,uptrend; volatility squeeze (breakout setup),none flagged -- normal market risk applies,40.4,43.2,-22.1,UPTREND,4.17,NEUTRAL,2026-08-18
936,JSWCEMENT,CEMENT,127.6,41.1,WATCH,broad composite strength only,none flagged -- normal market risk applies,38.3,43.6,-21.3,CONSOLIDATING,17.42,NEUTRAL,2026-08-18
937,MAITHANALL,METAL,980.0,40.9,WATCH,broad composite strength only,ML model disagrees,41.9,36.3,-19.0,DOWNTREND,3.75,NEUTRAL,2026-08-18
938,TMPV,AUTO,330.2,40.9,WATCH,broad composite strength only,ML model disagrees,40.2,35.4,-21.2,DOWNTREND,296.82,NEUTRAL,2026-08-18
939,HEIDELBERG,CEMENT,160.22,40.8,WATCH,broad composite strength only,thin liquidity -- use TWAP slices,41.4,39.6,-27.5,DOWNTREND,1.21,NEUTRAL,2026-08-18
940,WELSPLSOL,METAL,48.47,40.7,WATCH,broad composite strength only,thin liquidity -- use TWAP slices,40.6,59.4,-23.4,INSUFFICIENT_DATA,2.16,NEUTRAL,2026-08-18
941,TRIDENT,TEXTILES,24.57,40.7,WATCH,broad composite strength only,ML model disagrees,40.0,26.6,-20.6,DOWNTREND,16.04,NEUTRAL,2026-08-18
942,NTPCGREEN,POWER,92.14,40.7,WATCH,broad composite strength only,ML model disagrees,40.4,34.2,-23.2,DOWNTREND,83.58,NEUTRAL,2026-08-18
943,SPAL,TEXTILES,932.45,40.5,WATCH,broad composite strength only,none flagged -- normal market risk applies,42.3,58.8,-23.7,CONSOLIDATING,8.74,NEUTRAL,2026-08-18
944,SOUTHWEST,ENERGY,226.28,40.5,WATCH,broad composite strength only,ML model disagrees,44.1,23.5,-17.7,INSUFFICIENT_DATA,5.86,NEUTRAL,2026-08-18
945,KHAICHEM,OTHER,59.75,40.5,WATCH,broad composite strength only,35%+ below its 52w high -- long repair needed,33.6,54.3,-56.0,INSUFFICIENT_DATA,2.25,NEUTRAL,2026-08-18
946,SINDHUTRAD,LOGISTICS,23.79,40.4,WATCH,broad composite strength only,thin liquidity -- use TWAP slices,40.0,57.5,-27.3,CONSOLIDATING,2.99,NEUTRAL,2026-08-18
947,TIINDIA,AUTO,2741.4,40.3,WATCH,volatility squeeze (breakout setup),none flagged -- normal market risk applies,39.2,49.8,-19.8,DOWNTREND,91.69,NEUTRAL,2026-08-18
948,PWL,HEALTHCARE,119.97,40.3,WATCH,broad composite strength only,none flagged -- normal market risk applies,39.2,50.8,-25.9,INSUFFICIENT_DATA,121.13,NEUTRAL,2026-08-18
949,MOSCHIP,IT,211.72,40.2,WATCH,broad composite strength only,none flagged -- normal market risk applies,38.8,47.7,-26.6,CONSOLIDATING,53.26,NEUTRAL,2026-08-18
950,FUSION,FINANCIAL_SERVICES,195.58,40.2,WATCH,broad composite strength only,ML model disagrees,39.8,36.6,-19.5,CONSOLIDATING,16.59,NEUTRAL,2026-08-18
951,COCKERILL,CAPITAL_GOODS,8419.0,40.2,WATCH,broad composite strength only,none flagged -- normal market risk applies,42.3,59.6,-22.6,INSUFFICIENT_DATA,11.57,NEUTRAL,2026-08-18
952,KIOCL,METAL,388.15,40.1,WATCH,strong uptrend,35%+ below its 52w high -- long repair needed,39.3,59.8,-38.8,STRONG_UPTREND,12.63,NEUTRAL,2026-08-18
953,ELECTHERM,METAL,974.8,40.1,WATCH,broad composite strength only,thin liquidity -- use TWAP slices,43.2,58.9,-23.7,CONSOLIDATING,2.19,NEUTRAL,2026-08-18
954,YATRA,HOSPITALITY,113.95,39.9,WATCH,broad composite strength only,35%+ below its 52w high -- long repair needed,39.3,43.8,-43.6,DOWNTREND,26.04,NEUTRAL,2026-08-18
955,POWERGRID,POWER,266.15,39.9,WATCH,broad composite strength only,ML model disagrees,40.3,27.0,-18.1,DOWNTREND,227.6,NEUTRAL,2026-08-18
956,MASTEK,IT,1811.8,39.9,WATCH,uptrend; volatility squeeze (breakout setup),ML model disagrees,41.6,34.4,-30.7,UPTREND,20.74,NEUTRAL,2026-08-18
957,KNRCON,INFRASTRUCTURE,134.6,39.9,WATCH,broad composite strength only,35%+ below its 52w high -- long repair needed,39.6,37.8,-38.8,DOWNTREND,18.92,NEUTRAL,2026-08-18
958,THERMAX,CAPITAL_GOODS,4141.4,39.7,WATCH,broad composite strength only,none flagged -- normal market risk applies,38.4,53.1,-21.5,CONSOLIDATING,165.22,NEUTRAL,2026-08-18
959,J&KBANK,BANKING,147.97,39.7,WATCH,broad composite strength only,none flagged -- normal market risk applies,40.2,56.9,-26.7,CONSOLIDATING,89.1,NEUTRAL,2026-08-18
960,JAYNECOIND,METAL,88.31,39.6,WATCH,volatility squeeze (breakout setup),ML model disagrees,40.4,28.3,-24.5,CONSOLIDATING,39.36,NEUTRAL,2026-08-18
961,TCS,IT,2313.2,39.3,WATCH,broad composite strength only,ML model disagrees,42.8,24.4,-31.0,DOWNTREND,832.07,NEUTRAL,2026-08-18
962,CENTRALBK,BANKING,31.27,39.2,WATCH,volatility squeeze (breakout setup),ML model disagrees,39.1,29.6,-23.6,DOWNTREND,18.09,NEUTRAL,2026-08-18
963,SENCO,FMCG,341.55,39.1,WATCH,broad composite strength only,ML model disagrees,37.7,35.1,-20.6,CONSOLIDATING,98.02,NEUTRAL,2026-08-18
964,SUNDROP,FMCG,651.4,39.1,WATCH,broad composite strength only,thin liquidity -- use TWAP slices,40.3,51.1,-27.4,DOWNTREND,2.25,NEUTRAL,2026-08-18
965,ATGL,ENERGY,646.9,39.0,WATCH,broad composite strength only,none flagged -- normal market risk applies,37.4,53.9,-24.8,CONSOLIDATING,53.47,NEUTRAL,2026-08-18
966,ABREL,REALTY,1402.1,38.9,WATCH,broad composite strength only,ML model disagrees,39.0,37.7,-28.7,DOWNTREND,19.69,NEUTRAL,2026-08-18
967,CENTRUM,FINANCIAL_SERVICES,24.3,38.9,WATCH,broad composite strength only,35%+ below its 52w high -- long repair needed,38.7,47.9,-36.9,DOWNTREND,1.08,NEUTRAL,2026-08-18
968,IDBI,BANKING,82.18,38.9,WATCH,broad composite strength only,none flagged -- normal market risk applies,39.7,40.9,-30.6,DOWNTREND,41.31,NEUTRAL,2026-08-18
969,BSE,FINANCIAL_SERVICES,3332.0,38.8,WATCH,broad composite strength only,none flagged -- normal market risk applies,36.9,54.9,-25.1,CONSOLIDATING,1149.12,NEUTRAL,2026-08-18
970,ANURAS,CHEMICALS,1196.9,38.8,WATCH,broad composite strength only,ML model disagrees,41.2,20.8,-15.4,DOWNTREND,26.95,NEUTRAL,2026-08-18
971,DBL,INFRASTRUCTURE,419.6,38.7,WATCH,broad composite strength only,ML model disagrees,40.1,37.7,-28.3,DOWNTREND,60.17,NEUTRAL,2026-08-18
972,ICICIPRULI,FINANCIAL_SERVICES,507.0,38.7,WATCH,broad composite strength only,ML model disagrees,38.2,30.4,-28.3,DOWNTREND,80.37,NEUTRAL,2026-08-18
973,VOLTAS,FMCG,1267.0,38.6,WATCH,volatility squeeze (breakout setup),ML model disagrees,39.2,25.1,-19.9,DOWNTREND,102.56,NEUTRAL,2026-08-18
974,PDMJEPAPER,CHEMICALS,87.82,38.6,WATCH,uptrend,35%+ below its 52w high -- long repair needed,39.0,54.2,-37.3,UPTREND,2.35,NEUTRAL,2026-08-18
975,CANFINHOME,FINANCIAL_SERVICES,814.35,38.6,WATCH,volatility squeeze (breakout setup),ML model disagrees,40.6,22.9,-16.2,DOWNTREND,17.79,NEUTRAL,2026-08-18
976,BANKBARODA,BANKING,246.55,38.2,WATCH,volatility squeeze (breakout setup),ML model disagrees,40.5,25.9,-24.2,DOWNTREND,213.14,NEUTRAL,2026-08-18
977,LICHSGFIN,FINANCIAL_SERVICES,498.25,38.2,WATCH,broad composite strength only,ML model disagrees,38.7,23.6,-16.7,DOWNTREND,72.02,NEUTRAL,2026-08-18
978,DOMS,FMCG,2218.1,38.1,WATCH,broad composite strength only,ML model disagrees,40.2,25.6,-19.9,DOWNTREND,11.59,NEUTRAL,2026-08-18
979,SWELECTES,CAPITAL_GOODS,629.7,38.1,WATCH,broad composite strength only,35%+ below its 52w high -- long repair needed,37.5,59.0,-35.6,CONSOLIDATING,1.65,NEUTRAL,2026-08-18
980,NSIL,FINANCIAL_SERVICES,5555.0,38.0,WATCH,broad composite strength only,35%+ below its 52w high -- long repair needed,39.5,55.8,-36.4,DOWNTREND,1.15,NEUTRAL,2026-08-18
981,ONGC,ENERGY,238.49,38.0,WATCH,broad composite strength only,ML model disagrees,39.5,21.1,-22.4,DOWNTREND,295.78,NEUTRAL,2026-08-18
982,SCHNEIDER,CAPITAL_GOODS,1212.2,37.9,WATCH,broad composite strength only,none flagged -- normal market risk applies,40.6,42.8,-21.7,INSUFFICIENT_DATA,47.73,NEUTRAL,2026-08-18
983,ZODIAC,OTHER,256.25,37.8,WATCH,broad composite strength only,35%+ below its 52w high -- long repair needed,37.6,58.6,-38.2,INSUFFICIENT_DATA,3.01,NEUTRAL,2026-08-18
984,PFOCUS,OTHER,266.4,37.8,WATCH,broad composite strength only,none flagged -- normal market risk applies,40.4,55.9,-27.4,CONSOLIDATING,19.22,NEUTRAL,2026-08-18
985,PAKKA,CHEMICALS,89.28,37.8,WATCH,broad composite strength only,overbought (RSI 80),36.1,37.2,-50.1,DOWNTREND,1.23,NEUTRAL,2026-08-18
986,SWARAJENG,CAPITAL_GOODS,3628.6,37.7,WATCH,broad composite strength only,thin liquidity -- use TWAP slices,40.3,29.2,-20.2,DOWNTREND,2.98,NEUTRAL,2026-08-18
987,INDUSTOWER,TELECOM,380.0,37.6,WATCH,broad composite strength only,ML model disagrees,40.0,20.9,-21.1,DOWNTREND,186.18,NEUTRAL,2026-08-18
988,RELIGARE,ENERGY,231.1,37.6,WATCH,broad composite strength only,ML model disagrees,40.4,25.4,-17.5,DOWNTREND,23.44,NEUTRAL,2026-08-18
989,CEIGALL,INFRASTRUCTURE,315.95,37.6,WATCH,broad composite strength only,none flagged -- normal market risk applies,39.9,47.9,-22.1,CONSOLIDATING,7.63,NEUTRAL,2026-08-18
990,THANGAMAYL,FMCG,5336.5,37.6,WATCH,broad composite strength only,none flagged -- normal market risk applies,38.6,59.1,-28.2,CONSOLIDATING,169.69,NEUTRAL,2026-08-18
991,GRAUWEIL,CHEMICALS,67.96,37.6,WATCH,broad composite strength only,thin liquidity -- use TWAP slices,38.2,51.5,-22.2,INSUFFICIENT_DATA,1.99,NEUTRAL,2026-08-18
992,MEIL,OTHER,269.45,37.5,WATCH,broad composite strength only,35%+ below its 52w high -- long repair needed,34.4,59.2,-53.0,INSUFFICIENT_DATA,2.25,NEUTRAL,2026-08-18
993,SASKEN,IT,1919.5,37.4,WATCH,broad composite strength only,none flagged -- normal market risk applies,41.2,60.0,-31.0,CONSOLIDATING,5.87,NEUTRAL,2026-08-18
994,NITTAGELA,CHEMICALS,1589.1,37.3,WATCH,broad composite strength only,thin liquidity -- use TWAP slices,37.1,57.0,-23.9,INSUFFICIENT_DATA,1.58,NEUTRAL,2026-08-18
995,HMAAGRO,AGRICULTURE,22.95,37.3,WATCH,broad composite strength only,ML model disagrees,40.2,20.4,-33.0,DOWNTREND,4.07,NEUTRAL,2026-08-18
996,GATEWAY,LOGISTICS,55.15,37.3,WATCH,broad composite strength only,ML model disagrees,38.3,20.6,-18.6,DOWNTREND,7.99,NEUTRAL,2026-08-18
997,SKFINDIA,CAPITAL_GOODS,1652.8,37.2,WATCH,broad composite strength only,35%+ below its 52w high -- long repair needed,33.9,53.1,-67.4,DOWNTREND,21.39,NEUTRAL,2026-08-18
998,ICICIGI,FINANCIAL_SERVICES,1626.3,37.2,WATCH,broad composite strength only,ML model disagrees,40.8,22.7,-21.2,DOWNTREND,142.37,NEUTRAL,2026-08-18
999,SRF,CHEMICALS,2616.0,37.2,WATCH,broad composite strength only,ML model disagrees,37.6,21.9,-18.5,DOWNTREND,149.65,NEUTRAL,2026-08-18
1000,HEXT,IT,561.0,37.2,WATCH,broad composite strength only,ML model disagrees,39.9,21.3,-30.6,DOWNTREND,52.38,NEUTRAL,2026-08-18
1001,GMDCLTD,REALTY,574.0,36.9,WATCH,broad composite strength only,ML model disagrees,40.2,21.6,-25.6,DOWNTREND,80.25,NEUTRAL,2026-08-18
1002,KUANTUM,CHEMICALS,80.33,36.7,WATCH,broad composite strength only,thin liquidity -- use TWAP slices,40.2,31.4,-33.8,DOWNTREND,1.45,NEUTRAL,2026-08-18
1003,SURAJEST,REALTY,211.37,36.7,WATCH,broad composite strength only,thin liquidity -- use TWAP slices,41.2,24.7,-34.0,DOWNTREND,1.9,NEUTRAL,2026-08-18
1004,IOC,CHEMICALS,138.61,36.7,WATCH,broad composite strength only,ML model disagrees,39.4,21.3,-26.6,DOWNTREND,125.69,NEUTRAL,2026-08-18
1005,TTKPRESTIG,FMCG,592.1,36.7,WATCH,broad composite strength only,ML model disagrees,36.5,31.0,-23.2,CONSOLIDATING,45.14,NEUTRAL,2026-08-18
1006,JKCEMENT,CEMENT,5340.0,36.7,WATCH,broad composite strength only,ML model disagrees,39.7,28.0,-25.0,DOWNTREND,31.41,NEUTRAL,2026-08-18
1007,AMBER,CAPITAL_GOODS,7259.0,36.6,WATCH,volatility squeeze (breakout setup),ML model disagrees,39.1,22.4,-19.1,CONSOLIDATING,222.95,NEUTRAL,2026-08-18
1008,TVSSCS,LOGISTICS,121.48,36.6,WATCH,broad composite strength only,ML model disagrees,40.7,21.6,-17.1,INSUFFICIENT_DATA,6.42,NEUTRAL,2026-08-18
1009,OLECTRA,AUTO,1320.1,36.5,WATCH,broad composite strength only,ML model disagrees,39.3,29.2,-23.0,CONSOLIDATING,42.89,NEUTRAL,2026-08-18
1010,PRAJIND,CAPITAL_GOODS,334.05,36.5,WATCH,broad composite strength only,ML model disagrees,36.6,20.4,-22.8,DOWNTREND,34.42,NEUTRAL,2026-08-18
1011,ZYDUSWELL,FMCG,510.15,36.5,WATCH,broad composite strength only,ML model disagrees,37.2,28.4,-16.6,CONSOLIDATING,18.16,NEUTRAL,2026-08-18
1012,RENUKA,FMCG,23.0,36.5,WATCH,broad composite strength only,ML model disagrees,39.5,21.0,-31.3,DOWNTREND,10.07,NEUTRAL,2026-08-18
1013,SAKSOFT,IT,164.95,36.5,WATCH,uptrend; volatility squeeze (breakout setup),ML model disagrees,37.8,25.8,-26.6,UPTREND,12.26,NEUTRAL,2026-08-18
1014,SKMEGGPROD,FMCG,259.42,36.4,WATCH,broad composite strength only,none flagged -- normal market risk applies,36.1,57.0,-30.3,CONSOLIDATING,19.72,NEUTRAL,2026-08-18
1015,MANORG,OTHER,447.65,36.3,WATCH,broad composite strength only,thin liquidity -- use TWAP slices,39.7,46.7,-29.5,INSUFFICIENT_DATA,1.2,NEUTRAL,2026-08-18
1016,ADANIPOWER,POWER,203.56,36.2,WATCH,broad composite strength only,ML model disagrees,37.1,22.5,-19.9,CONSOLIDATING,372.04,NEUTRAL,2026-08-18
1017,DDEVPLSTIK,CHEMICALS,269.3,36.2,WATCH,broad composite strength only,ML model disagrees,38.6,31.1,-25.2,CONSOLIDATING,5.87,NEUTRAL,2026-08-18
1018,TNPL,CHEMICALS,140.88,36.1,WATCH,broad composite strength only,ML model disagrees,38.1,21.5,-19.8,DOWNTREND,5.47,NEUTRAL,2026-08-18
1019,FMGOETZE,AUTO,453.95,36.1,WATCH,broad composite strength only,thin liquidity -- use TWAP slices,39.8,23.7,-21.4,CONSOLIDATING,2.09,NEUTRAL,2026-08-18
1020,SHREEPUSHK,CHEMICALS,376.35,36.1,WATCH,broad composite strength only,thin liquidity -- use TWAP slices,39.3,30.2,-20.9,CONSOLIDATING,1.47,NEUTRAL,2026-08-18
1021,BALMLAWRIE,DIVERSIFIED,174.59,36.0,WATCH,volatility squeeze (breakout setup),thin liquidity -- use TWAP slices,38.0,34.5,-26.7,DOWNTREND,2.17,NEUTRAL,2026-08-18
1022,AWL,FMCG,193.34,36.0,WATCH,broad composite strength only,ML model disagrees,37.1,22.1,-31.7,DOWNTREND,53.4,NEUTRAL,2026-08-18
1023,GOODLUCK,METAL,1311.1,36.0,WATCH,broad composite strength only,ML model disagrees,38.8,37.2,-21.6,CONSOLIDATING,36.96,NEUTRAL,2026-08-18
1024,ANGELONE,FINANCIAL_SERVICES,293.5,36.0,WATCH,broad composite strength only,ML model disagrees,38.4,25.7,-18.6,CONSOLIDATING,147.78,NEUTRAL,2026-08-18
1025,JYOTHYLAB,FMCG,213.93,35.9,WATCH,broad composite strength only,35%+ below its 52w high -- long repair needed,37.1,20.6,-38.4,DOWNTREND,18.28,NEUTRAL,2026-08-18
1026,HIKAL,PHARMA,212.81,35.9,WATCH,broad composite strength only,ML model disagrees,36.9,27.6,-24.7,CONSOLIDATING,9.53,NEUTRAL,2026-08-18
1027,SWIGGY,RETAIL,278.8,35.9,WATCH,broad composite strength only,35%+ below its 52w high -- long repair needed,37.7,20.5,-41.2,DOWNTREND,622.41,NEUTRAL,2026-08-18
1028,SMSPHARMA,PHARMA,358.1,35.8,WATCH,broad composite strength only,ML model disagrees,38.9,27.5,-20.0,DOWNTREND,6.73,NEUTRAL,2026-08-18
1029,STAR,PHARMA,987.1,35.7,WATCH,broad composite strength only,ML model disagrees,38.3,25.0,-19.8,CONSOLIDATING,27.49,NEUTRAL,2026-08-18
1030,SNOWMAN,LOGISTICS,38.63,35.7,WATCH,broad composite strength only,35%+ below its 52w high -- long repair needed,37.5,31.2,-35.4,DOWNTREND,1.23,NEUTRAL,2026-08-18
1031,VINATIORGA,CHEMICALS,1344.2,35.7,WATCH,broad composite strength only,ML model disagrees,39.4,23.6,-27.3,DOWNTREND,8.87,NEUTRAL,2026-08-18
1032,COLPAL,FMCG,1964.0,35.7,WATCH,broad composite strength only,ML model disagrees,38.8,22.2,-21.6,DOWNTREND,73.31,NEUTRAL,2026-08-18
1033,ARVINDFASN,RETAIL,444.15,35.7,WATCH,broad composite strength only,ML model disagrees,38.8,24.8,-23.3,DOWNTREND,16.35,NEUTRAL,2026-08-18
1034,INDIACEM,CEMENT,376.15,35.7,WATCH,broad composite strength only,ML model disagrees,40.2,21.7,-22.6,DOWNTREND,9.54,NEUTRAL,2026-08-18
1035,BOROLTD,FMCG,244.81,35.6,WATCH,broad composite strength only,35%+ below its 52w high -- long repair needed,37.9,37.6,-38.5,DOWNTREND,1.73,NEUTRAL,2026-08-18
1036,BAJAJHFL,FINANCIAL_SERVICES,84.0,35.5,WATCH,broad composite strength only,ML model disagrees,38.8,26.6,-28.2,DOWNTREND,24.94,NEUTRAL,2026-08-18
1037,AVANTEL,DEFENCE,157.51,35.5,WATCH,volatility squeeze (breakout setup),none flagged -- normal market risk applies,37.3,40.2,-26.7,CONSOLIDATING,12.38,NEUTRAL,2026-08-18
1038,WIPRO,IT,181.9,35.5,WATCH,broad composite strength only,ML model disagrees,42.4,20.4,-33.4,DOWNTREND,244.16,NEUTRAL,2026-08-18
1039,KAYNES,CAPITAL_GOODS,3651.0,35.4,WATCH,broad composite strength only,35%+ below its 52w high -- long repair needed,35.5,25.9,-52.6,DOWNTREND,547.67,NEUTRAL,2026-08-18
1040,FORCEMOT,AUTO,18605.0,35.4,WATCH,broad composite strength only,ML model disagrees,37.4,27.5,-29.7,DOWNTREND,188.87,NEUTRAL,2026-08-18
1041,STYRENIX,CHEMICALS,2181.6,35.3,WATCH,broad composite strength only,ML model disagrees,37.9,26.5,-20.3,CONSOLIDATING,24.27,NEUTRAL,2026-08-18
1042,HEMIPROP,REALTY,134.27,35.2,WATCH,broad composite strength only,ML model disagrees,39.7,30.8,-29.6,DOWNTREND,5.0,NEUTRAL,2026-08-18
1043,PSB,BANKING,23.68,35.2,WATCH,broad composite strength only,thin liquidity -- use TWAP slices,37.6,23.5,-27.0,DOWNTREND,2.74,NEUTRAL,2026-08-18
1044,SBICARD,FINANCIAL_SERVICES,641.75,35.1,WATCH,broad composite strength only,ML model disagrees,37.0,20.6,-33.5,DOWNTREND,80.3,NEUTRAL,2026-08-18
1045,ONESOURCE,PHARMA,1558.2,35.1,WATCH,broad composite strength only,ML model disagrees,38.2,20.2,-19.0,DOWNTREND,38.17,NEUTRAL,2026-08-18
1046,JMFINANCIL,FINANCIAL_SERVICES,127.91,35.1,WATCH,broad composite strength only,ML model disagrees,37.2,21.2,-34.6,DOWNTREND,46.15,NEUTRAL,2026-08-18
1047,NAVNETEDUL,MEDIA,134.54,35.0,WATCH,broad composite strength only,ML model disagrees,38.9,20.4,-20.2,DOWNTREND,3.47,NEUTRAL,2026-08-18
1048,SUNTV,MEDIA,488.25,35.0,WATCH,broad composite strength only,ML model disagrees,40.2,22.2,-26.1,DOWNTREND,22.24,NEUTRAL,2026-08-18
1049,VAIBHAVGBL,FMCG,226.45,34.9,WATCH,broad composite strength only,ML model disagrees,40.0,27.3,-22.8,DOWNTREND,13.64,NEUTRAL,2026-08-18
1050,KIRLPNU,CAPITAL_GOODS,1534.3,34.9,WATCH,volatility squeeze (breakout setup),none flagged -- normal market risk applies,36.1,57.6,-30.2,CONSOLIDATING,34.52,NEUTRAL,2026-08-18
1051,SPARC,CHEMICALS,197.36,34.8,WATCH,broad composite strength only,none flagged -- normal market risk applies,37.3,55.9,-31.7,CONSOLIDATING,21.5,NEUTRAL,2026-08-18
1052,GSFC,CHEMICALS,159.87,34.7,WATCH,broad composite strength only,ML model disagrees,37.2,22.6,-27.5,DOWNTREND,9.22,NEUTRAL,2026-08-18
1053,CANTABIL,TEXTILES,236.3,34.6,WATCH,broad composite strength only,ML model disagrees,37.5,24.7,-26.5,DOWNTREND,4.25,NEUTRAL,2026-08-18
1054,RBZJEWEL,FMCG,136.19,34.6,WATCH,broad composite strength only,thin liquidity -- use TWAP slices,40.3,27.9,-23.9,DOWNTREND,1.1,NEUTRAL,2026-08-18
1055,UBL,FMCG,1367.9,34.5,WATCH,broad composite strength only,ML model disagrees,38.7,20.2,-27.3,DOWNTREND,20.51,NEUTRAL,2026-08-18
1056,VIDYAWIRES,METAL,89.4,34.5,WATCH,broad composite strength only,ML model disagrees,39.2,22.8,-23.8,INSUFFICIENT_DATA,8.5,NEUTRAL,2026-08-18
1057,SANOFICONR,PHARMA,4363.0,34.4,WATCH,broad composite strength only,ML model disagrees,37.9,20.6,-18.6,DOWNTREND,5.43,NEUTRAL,2026-08-18
1058,REFEX,CHEMICALS,302.75,34.4,WATCH,broad composite strength only,ML model disagrees,37.5,33.5,-27.0,CONSOLIDATING,18.96,NEUTRAL,2026-08-18
1059,RAYMONDREL,REALTY,581.05,34.4,WATCH,broad composite strength only,ML model disagrees,38.1,25.3,-20.9,CONSOLIDATING,23.2,NEUTRAL,2026-08-18
1060,ITI,TELECOM,277.25,34.3,WATCH,broad composite strength only,ML model disagrees,40.4,25.2,-25.6,DOWNTREND,7.79,NEUTRAL,2026-08-18
1061,HUDCO,REALTY,189.01,34.3,WATCH,broad composite strength only,ML model disagrees,40.5,20.8,-23.4,DOWNTREND,43.34,NEUTRAL,2026-08-18
1062,SIGNATURE,REALTY,805.05,34.3,WATCH,broad composite strength only,ML model disagrees,40.0,20.1,-30.5,DOWNTREND,18.52,NEUTRAL,2026-08-18
1063,JBMA,AUTO,621.35,34.2,WATCH,broad composite strength only,ML model disagrees,39.3,25.1,-21.4,CONSOLIDATING,15.87,NEUTRAL,2026-08-18
1064,STUDDS,AUTO,448.05,34.2,WATCH,broad composite strength only,thin liquidity -- use TWAP slices,41.5,21.0,-25.3,DOWNTREND,2.62,NEUTRAL,2026-08-18
1065,SHREECEM,CEMENT,24535.0,34.2,WATCH,broad composite strength only,ML model disagrees,38.9,21.6,-20.2,DOWNTREND,59.21,NEUTRAL,2026-08-18
1066,TARC,REALTY,124.36,34.2,WATCH,broad composite strength only,ML model disagrees,40.9,20.4,-33.2,DOWNTREND,15.48,NEUTRAL,2026-08-18
1067,RIIL,LOGISTICS,747.05,34.1,WATCH,volatility squeeze (breakout setup),ML model disagrees,38.2,26.6,-22.6,DOWNTREND,3.32,NEUTRAL,2026-08-18
1068,SANDUMA,ENERGY,200.89,34.0,WATCH,broad composite strength only,ML model disagrees,39.7,20.4,-26.4,DOWNTREND,16.12,NEUTRAL,2026-08-18
1069,IZMO,IT,916.25,34.0,WATCH,broad composite strength only,ML model disagrees,40.3,29.9,-22.0,INSUFFICIENT_DATA,9.3,NEUTRAL,2026-08-18
1070,ARKADE,CAPITAL_GOODS,129.99,34.0,WATCH,uptrend,ML model disagrees,37.9,25.0,-31.0,UPTREND,5.53,NEUTRAL,2026-08-18
1071,JAIBALAJI,OTHER,69.96,34.0,WATCH,broad composite strength only,35%+ below its 52w high -- long repair needed,37.0,22.8,-35.2,INSUFFICIENT_DATA,20.59,NEUTRAL,2026-08-18
1072,DCMSHRIRAM,DIVERSIFIED,1018.4,34.0,WATCH,broad composite strength only,ML model disagrees,39.8,20.3,-28.0,DOWNTREND,21.55,NEUTRAL,2026-08-18
1073,THOMASCOTT,TEXTILES,301.1,34.0,WATCH,broad composite strength only,none flagged -- normal market risk applies,38.0,41.8,-34.5,DOWNTREND,3.71,NEUTRAL,2026-08-18
1074,ADFFOODS,FMCG,262.85,33.9,WATCH,broad composite strength only,none flagged -- normal market risk applies,37.0,41.1,-24.2,CONSOLIDATING,5.46,NEUTRAL,2026-08-18
1075,CYIENT,IT,868.0,33.9,WATCH,broad composite strength only,ML model disagrees,42.0,20.2,-32.4,DOWNTREND,47.22,NEUTRAL,2026-08-18
1076,HINDUNILVR,FMCG,2055.0,33.9,WATCH,broad composite strength only,ML model disagrees,37.0,20.1,-25.3,DOWNTREND,376.79,NEUTRAL,2026-08-18
1077,SIGNPOST,MEDIA,267.55,33.5,WATCH,broad composite strength only,ML model disagrees,36.2,22.2,-20.6,CONSOLIDATING,3.41,NEUTRAL,2026-08-18
1078,BLKASHYAP,INFRASTRUCTURE,53.73,33.5,WATCH,volatility squeeze (breakout setup),thin liquidity -- use TWAP slices,37.6,21.1,-26.4,CONSOLIDATING,1.95,NEUTRAL,2026-08-18
1079,JINDALPOLY,CHEMICALS,665.65,33.5,WATCH,strong uptrend,35%+ below its 52w high -- long repair needed,35.9,34.5,-35.2,STRONG_UPTREND,1.76,NEUTRAL,2026-08-18
1080,EUROPRATIK,REALTY,283.75,33.5,WATCH,broad composite strength only,ML model disagrees,38.2,26.2,-27.2,CONSOLIDATING,5.32,NEUTRAL,2026-08-18
1081,BANDHANBNK,BANKING,173.25,33.4,WATCH,broad composite strength only,ML model disagrees,34.7,22.2,-21.5,CONSOLIDATING,338.36,NEUTRAL,2026-08-18
1082,RCF,CHEMICALS,123.26,33.3,WATCH,broad composite strength only,ML model disagrees,37.3,20.9,-25.1,DOWNTREND,7.75,NEUTRAL,2026-08-18
1083,PFC,FINANCIAL_SERVICES,374.4,33.3,WATCH,broad composite strength only,ML model disagrees,38.8,20.4,-23.0,DOWNTREND,284.04,NEUTRAL,2026-08-18
1084,SILGO,FMCG,68.79,33.2,WATCH,broad composite strength only,thin liquidity -- use TWAP slices,35.9,20.2,-21.4,INSUFFICIENT_DATA,1.17,NEUTRAL,2026-08-18
1085,BAJAJCON,FMCG,481.4,33.2,WATCH,broad composite strength only,none flagged -- normal market risk applies,38.2,52.6,-30.4,CONSOLIDATING,28.86,NEUTRAL,2026-08-18
1086,JWL,INFRASTRUCTURE,252.65,33.1,WATCH,broad composite strength only,ML model disagrees,39.0,20.1,-29.5,DOWNTREND,33.81,NEUTRAL,2026-08-18
1087,CHAMBLFERT,CHEMICALS,439.05,33.1,WATCH,broad composite strength only,ML model disagrees,37.4,21.1,-24.4,DOWNTREND,17.91,NEUTRAL,2026-08-18
1088,SUPRIYA,PHARMA,784.0,33.1,WATCH,broad composite strength only,ML model disagrees,39.1,36.0,-27.7,CONSOLIDATING,27.02,NEUTRAL,2026-08-18
1089,DOLLAR,CHEMICALS,268.35,33.0,WATCH,broad composite strength only,ML model disagrees,36.8,20.3,-32.2,DOWNTREND,5.2,NEUTRAL,2026-08-18
1090,WONDERLA,HOSPITALITY,468.7,33.0,WATCH,broad composite strength only,ML model disagrees,40.3,20.9,-28.9,DOWNTREND,6.98,NEUTRAL,2026-08-18
1091,CIEINDIA,AUTO,411.3,33.0,WATCH,broad composite strength only,ML model disagrees,35.6,20.1,-21.8,DOWNTREND,33.08,NEUTRAL,2026-08-18
1092,VBL,FMCG,433.85,32.9,WATCH,broad composite strength only,ML model disagrees,36.5,20.2,-21.9,DOWNTREND,293.51,NEUTRAL,2026-08-18
1093,ITCHOTELS,HOSPITALITY,166.36,32.9,WATCH,broad composite strength only,ML model disagrees,35.1,24.3,-34.4,DOWNTREND,35.28,NEUTRAL,2026-08-18
1094,COHANCE,PHARMA,444.75,32.9,WATCH,strong uptrend,35%+ below its 52w high -- long repair needed,32.7,37.9,-57.2,STRONG_UPTREND,41.98,NEUTRAL,2026-08-18
1095,POWERMECH,INFRASTRUCTURE,2452.3,32.9,WATCH,broad composite strength only,ML model disagrees,38.6,26.1,-24.2,CONSOLIDATING,18.1,NEUTRAL,2026-08-18
1096,NAVA,POWER,559.65,32.9,WATCH,broad composite strength only,ML model disagrees,37.2,20.6,-24.3,DOWNTREND,18.56,NEUTRAL,2026-08-18
1097,GMRP&UI,INFRASTRUCTURE,96.7,32.8,WATCH,broad composite strength only,ML model disagrees,38.7,20.3,-29.4,DOWNTREND,7.15,NEUTRAL,2026-08-18
1098,BAJAJELEC,FMCG,357.45,32.8,WATCH,broad composite strength only,35%+ below its 52w high -- long repair needed,32.0,20.2,-45.3,DOWNTREND,33.0,NEUTRAL,2026-08-18
1099,ARIHANTCAP,FINANCIAL_SERVICES,73.47,32.7,WATCH,broad composite strength only,35%+ below its 52w high -- long repair needed,37.4,22.1,-38.8,DOWNTREND,2.38,NEUTRAL,2026-08-18
1100,MUTHOOTFIN,FINANCIAL_SERVICES,2888.5,32.7,WATCH,broad composite strength only,ML model disagrees,36.2,25.9,-30.4,DOWNTREND,365.47,NEUTRAL,2026-08-18
1101,IONEXCHANG,INFRASTRUCTURE,374.45,32.6,WATCH,broad composite strength only,ML model disagrees,35.5,22.0,-23.0,DOWNTREND,17.16,NEUTRAL,2026-08-18
1102,GREAVESCOT,CAPITAL_GOODS,195.01,32.6,WATCH,broad composite strength only,ML model disagrees,35.9,34.0,-28.3,CONSOLIDATING,41.88,NEUTRAL,2026-08-18
1103,MANINFRA,REALTY,104.12,32.6,WATCH,broad composite strength only,35%+ below its 52w high -- long repair needed,36.6,20.3,-36.6,DOWNTREND,19.77,NEUTRAL,2026-08-18
1104,CARRARO,AUTO,513.45,32.5,WATCH,broad composite strength only,ML model disagrees,36.6,20.3,-23.1,DOWNTREND,7.47,NEUTRAL,2026-08-18
1105,AMBUJACEM,CEMENT,415.25,32.4,WATCH,broad composite strength only,ML model disagrees,35.9,20.2,-30.9,DOWNTREND,116.33,NEUTRAL,2026-08-18
1106,IRCTC,CAPITAL_GOODS,499.95,32.4,WATCH,broad composite strength only,ML model disagrees,36.7,20.1,-32.4,DOWNTREND,47.3,NEUTRAL,2026-08-18
1107,IGCL,CHEMICALS,71.38,32.3,WATCH,uptrend,35%+ below its 52w high -- long repair needed,35.3,26.8,-40.0,UPTREND,1.27,NEUTRAL,2026-08-18
1108,NUVOCO,CEMENT,331.1,32.3,WATCH,uptrend,ML model disagrees,35.9,20.2,-30.7,UPTREND,18.18,NEUTRAL,2026-08-18
1109,HINDPETRO,CHEMICALS,371.0,32.3,WATCH,broad composite strength only,ML model disagrees,36.4,20.5,-27.0,DOWNTREND,260.6,NEUTRAL,2026-08-18
1110,DBREALTY,OTHER,108.51,32.3,WATCH,broad composite strength only,35%+ below its 52w high -- long repair needed,34.9,21.0,-41.3,INSUFFICIENT_DATA,42.37,NEUTRAL,2026-08-18
1111,SHANKARA,OTHER,141.1,32.2,WATCH,volatility squeeze (breakout setup),35%+ below its 52w high -- long repair needed,30.0,22.8,-86.5,INSUFFICIENT_DATA,3.37,NEUTRAL,2026-08-18
1112,TSFINV,FINANCIAL_SERVICES,420.4,32.2,WATCH,broad composite strength only,35%+ below its 52w high -- long repair needed,33.0,53.3,-39.7,DOWNTREND,2.84,NEUTRAL,2026-08-18
1113,FLAIR,FMCG,255.1,32.2,WATCH,broad composite strength only,ML model disagrees,36.6,20.2,-26.9,DOWNTREND,4.32,NEUTRAL,2026-08-18
1114,SRM,INFRASTRUCTURE,471.5,32.1,WATCH,broad composite strength only,ML model disagrees,40.1,26.2,-27.5,DOWNTREND,4.3,NEUTRAL,2026-08-18
1115,NEWGEN,IT,534.85,32.1,WATCH,broad composite strength only,35%+ below its 52w high -- long repair needed,31.5,20.1,-48.7,DOWNTREND,97.08,NEUTRAL,2026-08-18
1116,SOBHA,REALTY,1321.0,32.1,WATCH,broad composite strength only,ML model disagrees,35.8,20.1,-23.7,DOWNTREND,32.65,NEUTRAL,2026-08-18
1117,BAYERCROP,CHEMICALS,4099.2,32.0,WATCH,broad composite strength only,ML model disagrees,36.8,20.3,-25.3,DOWNTREND,14.19,NEUTRAL,2026-08-18
1118,MOIL,METAL,272.8,32.0,WATCH,broad composite strength only,ML model disagrees,36.7,20.2,-32.6,DOWNTREND,63.36,NEUTRAL,2026-08-18
1119,VSTTILLERS,AUTO,4527.4,32.0,WATCH,broad composite strength only,ML model disagrees,36.5,20.3,-29.0,DOWNTREND,5.4,NEUTRAL,2026-08-18
1120,TCI,LOGISTICS,907.65,32.0,WATCH,broad composite strength only,ML model disagrees,38.2,20.4,-26.9,DOWNTREND,3.88,NEUTRAL,2026-08-18
1121,SPANDANA,FINANCIAL_SERVICES,247.5,31.9,WATCH,broad composite strength only,ML model disagrees,37.0,22.1,-22.5,DOWNTREND,8.33,NEUTRAL,2026-08-18
1122,KERNEX,LOGISTICS,1751.7,31.9,WATCH,broad composite strength only,none flagged -- normal market risk applies,36.6,48.3,-32.1,CONSOLIDATING,75.51,NEUTRAL,2026-08-18
1123,VIPIND,REALTY,300.5,31.9,WATCH,broad composite strength only,ML model disagrees,39.7,20.2,-33.8,DOWNTREND,6.17,NEUTRAL,2026-08-18
1124,PACEDIGITK,TELECOM,176.46,31.9,WATCH,broad composite strength only,ML model disagrees,37.6,21.2,-23.9,DOWNTREND,20.19,NEUTRAL,2026-08-18
1125,SPMLINFRA,INFRASTRUCTURE,197.0,31.9,WATCH,strong uptrend,ML model disagrees,36.4,24.4,-34.8,STRONG_UPTREND,3.53,NEUTRAL,2026-08-18
1126,RHIM,CAPITAL_GOODS,374.25,31.9,WATCH,broad composite strength only,ML model disagrees,35.0,20.0,-26.4,DOWNTREND,31.41,NEUTRAL,2026-08-18
1127,ICRA,FINANCIAL_SERVICES,5052.7,31.9,WATCH,broad composite strength only,ML model disagrees,36.8,20.9,-27.6,DOWNTREND,24.07,NEUTRAL,2026-08-18
1128,SAMHI,HOSPITALITY,159.41,31.8,WATCH,broad composite strength only,ML model disagrees,39.1,21.9,-28.2,DOWNTREND,16.33,NEUTRAL,2026-08-18
1129,GUJTHEM,PHARMA,351.25,31.8,WATCH,broad composite strength only,thin liquidity -- use TWAP slices,36.1,31.6,-26.7,DOWNTREND,2.61,NEUTRAL,2026-08-18
1130,BUTTERFLY,FMCG,655.9,31.7,WATCH,broad composite strength only,thin liquidity -- use TWAP slices,36.4,20.2,-20.4,CONSOLIDATING,2.38,NEUTRAL,2026-08-18
1131,CAMPUS,FMCG,217.92,31.7,WATCH,broad composite strength only,ML model disagrees,35.8,20.1,-26.6,DOWNTREND,17.29,NEUTRAL,2026-08-18
1132,INOXGREEN,POWER,181.54,31.7,WATCH,broad composite strength only,ML model disagrees,34.8,26.0,-34.9,DOWNTREND,26.36,NEUTRAL,2026-08-18
1133,IREDA,ENERGY,116.85,31.7,WATCH,broad composite strength only,ML model disagrees,35.0,20.2,-28.5,DOWNTREND,58.34,NEUTRAL,2026-08-18
1134,GOPAL,FMCG,270.75,31.7,WATCH,broad composite strength only,ML model disagrees,38.2,20.3,-32.0,DOWNTREND,4.68,NEUTRAL,2026-08-18
1135,TATAELXSI,IT,3760.0,31.7,WATCH,broad composite strength only,35%+ below its 52w high -- long repair needed,36.7,20.3,-36.8,DOWNTREND,138.41,NEUTRAL,2026-08-18
1136,KRSNAA,HEALTHCARE,558.45,31.7,WATCH,broad composite strength only,35%+ below its 52w high -- long repair needed,36.2,20.1,-37.6,DOWNTREND,4.77,NEUTRAL,2026-08-18
1137,ICEMAKE,CAPITAL_GOODS,722.45,31.6,WATCH,broad composite strength only,ML model disagrees,37.3,20.7,-21.5,DOWNTREND,3.64,NEUTRAL,2026-08-18
1138,ASTRAZEN,PHARMA,7640.5,31.6,WATCH,broad composite strength only,ML model disagrees,37.4,21.0,-22.4,DOWNTREND,11.43,NEUTRAL,2026-08-18
1139,BOROSCI,CAPITAL_GOODS,132.69,31.6,WATCH,broad composite strength only,thin liquidity -- use TWAP slices,37.7,38.7,-26.6,CONSOLIDATING,1.34,NEUTRAL,2026-08-18
1140,PNBGILTS,FINANCIAL_SERVICES,80.34,31.5,WATCH,broad composite strength only,thin liquidity -- use TWAP slices,36.8,21.2,-24.2,CONSOLIDATING,2.37,NEUTRAL,2026-08-18
1141,BIKAJI,TEXTILES,613.65,31.5,WATCH,broad composite strength only,ML model disagrees,36.5,20.2,-25.0,DOWNTREND,6.55,NEUTRAL,2026-08-18
1142,NAVKARCORP,POWER,98.89,31.4,WATCH,broad composite strength only,ML model disagrees,36.6,20.4,-25.4,CONSOLIDATING,4.21,NEUTRAL,2026-08-18
1143,AHLUCONT,INFRASTRUCTURE,793.85,31.3,WATCH,broad composite strength only,thin liquidity -- use TWAP slices,37.3,21.7,-26.4,DOWNTREND,2.64,NEUTRAL,2026-08-18
1144,BHARATWIRE,METAL,192.92,31.2,WATCH,broad composite strength only,thin liquidity -- use TWAP slices,38.0,23.0,-26.4,CONSOLIDATING,2.75,NEUTRAL,2026-08-18
1145,MSPL,METAL,34.47,31.2,WATCH,broad composite strength only,thin liquidity -- use TWAP slices,38.1,20.4,-25.3,DOWNTREND,2.87,NEUTRAL,2026-08-18
1146,NATCOPHARM,PHARMA,889.8,31.2,WATCH,broad composite strength only,ML model disagrees,35.2,20.6,-27.5,DOWNTREND,39.94,NEUTRAL,2026-08-18
1147,PATELENG,INFRASTRUCTURE,28.48,31.2,WATCH,broad composite strength only,ML model disagrees,34.3,22.5,-33.4,DOWNTREND,11.49,NEUTRAL,2026-08-18
1148,KIRIINDUS,CHEMICALS,410.45,31.2,WATCH,broad composite strength only,35%+ below its 52w high -- long repair needed,34.9,24.4,-47.3,DOWNTREND,12.48,NEUTRAL,2026-08-18
1149,EPACKPEB,CAPITAL_GOODS,221.55,31.1,WATCH,broad composite strength only,35%+ below its 52w high -- long repair needed,34.8,44.0,-35.6,DOWNTREND,40.23,NEUTRAL,2026-08-18
1150,EMBDL,REALTY,63.11,31.1,WATCH,broad composite strength only,35%+ below its 52w high -- long repair needed,33.6,20.2,-40.3,INSUFFICIENT_DATA,14.12,NEUTRAL,2026-08-18
1151,SWSOLAR,INFRASTRUCTURE,203.62,31.0,WATCH,volatility squeeze (breakout setup),ML model disagrees,37.7,21.6,-27.7,DOWNTREND,17.69,NEUTRAL,2026-08-18
1152,SHRIRAMPPS,REALTY,76.27,31.0,WATCH,broad composite strength only,ML model disagrees,37.5,20.4,-23.3,DOWNTREND,3.89,NEUTRAL,2026-08-18
1153,EMAMILTD,FMCG,404.5,31.0,WATCH,broad composite strength only,ML model disagrees,34.7,20.1,-34.6,DOWNTREND,26.55,NEUTRAL,2026-08-18
1154,GESHIP,AUTO,1274.9,31.0,WATCH,broad composite strength only,ML model disagrees,36.6,29.8,-29.1,DOWNTREND,128.26,NEUTRAL,2026-08-18
1155,VENTIVE,HOSPITALITY,592.2,31.0,WATCH,broad composite strength only,thin liquidity -- use TWAP slices,38.7,20.3,-25.4,DOWNTREND,1.12,NEUTRAL,2026-08-18
1156,MOBIKWIK,FINANCIAL_SERVICES,202.83,30.9,WATCH,volatility squeeze (breakout setup),35%+ below its 52w high -- long repair needed,33.4,24.4,-39.3,DOWNTREND,39.37,NEUTRAL,2026-08-18
1157,QUADFUTURE,CAPITAL_GOODS,349.35,30.9,WATCH,broad composite strength only,ML model disagrees,37.0,38.6,-30.5,CONSOLIDATING,11.12,NEUTRAL,2026-08-18
1158,HDFCBANK,BANKING,729.0,30.8,WATCH,broad composite strength only,ML model disagrees,33.0,21.2,-28.6,DOWNTREND,2096.28,NEUTRAL,2026-08-18
1159,RAYMONDLSL,TEXTILES,762.1,30.8,WATCH,broad composite strength only,35%+ below its 52w high -- long repair needed,35.5,20.2,-43.6,DOWNTREND,14.55,NEUTRAL,2026-08-18
1160,PROSTARM,CAPITAL_GOODS,135.96,30.8,WATCH,broad composite strength only,35%+ below its 52w high -- long repair needed,36.5,20.4,-42.6,DOWNTREND,4.3,NEUTRAL,2026-08-18
1161,OLAELEC,AUTO,39.22,30.7,WATCH,broad composite strength only,35%+ below its 52w high -- long repair needed,34.1,31.3,-45.0,INSUFFICIENT_DATA,197.43,NEUTRAL,2026-08-18
1162,OMINFRAL,INFRASTRUCTURE,86.87,30.7,WATCH,broad composite strength only,35%+ below its 52w high -- long repair needed,35.4,24.6,-39.7,DOWNTREND,1.38,NEUTRAL,2026-08-18
1163,CROMPTON,FMCG,246.5,30.6,WATCH,broad composite strength only,ML model disagrees,33.1,20.2,-27.0,DOWNTREND,86.43,NEUTRAL,2026-08-18
1164,KSB,CAPITAL_GOODS,795.25,30.6,WATCH,broad composite strength only,ML model disagrees,35.2,21.9,-22.7,DOWNTREND,13.97,NEUTRAL,2026-08-18
1165,GODIGIT,FINANCIAL_SERVICES,254.85,30.6,WATCH,institutional buying (deals),ML model disagrees,39.6,19.6,-33.2,DOWNTREND,30.36,NEUTRAL,2026-08-18
1166,SURYODAY,BANKING,154.01,30.6,WATCH,broad composite strength only,ML model disagrees,33.2,32.2,-29.4,CONSOLIDATING,84.61,NEUTRAL,2026-08-18
1167,IGL,ENERGY,151.0,30.6,WATCH,broad composite strength only,ML model disagrees,36.0,20.1,-32.4,DOWNTREND,19.9,NEUTRAL,2026-08-18
1168,EKC,CAPITAL_GOODS,109.53,30.5,WATCH,broad composite strength only,thin liquidity -- use TWAP slices,36.8,20.4,-29.1,DOWNTREND,2.34,NEUTRAL,2026-08-18
1169,SDBL,FMCG,73.43,30.5,WATCH,volatility squeeze (breakout setup),35%+ below its 52w high -- long repair needed,32.5,20.1,-48.5,DOWNTREND,12.03,NEUTRAL,2026-08-18
1170,HDFCLIFE,FINANCIAL_SERVICES,543.0,30.5,WATCH,broad composite strength only,ML model disagrees,33.3,20.1,-32.4,DOWNTREND,183.78,NEUTRAL,2026-08-18
1171,BHARATCOAL,ENERGY,33.33,30.5,WATCH,volatility squeeze (breakout setup),ML model disagrees,35.4,21.2,-26.1,INSUFFICIENT_DATA,21.75,NEUTRAL,2026-08-18
1172,NFL,CHEMICALS,71.54,30.4,WATCH,broad composite strength only,ML model disagrees,34.5,20.1,-30.5,DOWNTREND,3.33,NEUTRAL,2026-08-18
1173,NBCC,INFRASTRUCTURE,89.75,30.4,WATCH,broad composite strength only,ML model disagrees,36.6,20.6,-28.7,DOWNTREND,56.09,NEUTRAL,2026-08-18
1174,REDTAPE,FMCG,121.66,30.4,WATCH,broad composite strength only,ML model disagrees,35.2,20.9,-25.6,DOWNTREND,6.43,NEUTRAL,2026-08-18
1175,NLCINDIA,POWER,277.65,30.4,WATCH,broad composite strength only,ML model disagrees,36.0,22.3,-28.4,DOWNTREND,63.38,NEUTRAL,2026-08-18
1176,MVGJL,FMCG,152.64,30.3,WATCH,broad composite strength only,thin liquidity -- use TWAP slices,36.5,20.1,-28.9,DOWNTREND,1.13,NEUTRAL,2026-08-18
1177,FRACTAL,IT,818.0,30.3,WATCH,broad composite strength only,ML model disagrees,36.7,20.7,-26.8,INSUFFICIENT_DATA,31.86,NEUTRAL,2026-08-18
1178,TEXRAIL,CAPITAL_GOODS,106.89,30.2,WATCH,broad composite strength only,ML model disagrees,32.8,20.0,-30.1,DOWNTREND,13.54,NEUTRAL,2026-08-18
1179,RVNL,INFRASTRUCTURE,228.5,30.2,WATCH,broad composite strength only,35%+ below its 52w high -- long repair needed,32.5,20.1,-43.0,DOWNTREND,101.39,NEUTRAL,2026-08-18
1180,ELECTCAST,METAL,71.95,30.1,WATCH,broad composite strength only,ML model disagrees,35.3,20.1,-30.8,DOWNTREND,8.27,NEUTRAL,2026-08-18
1181,ERIS,PHARMA,1348.9,30.1,WATCH,broad composite strength only,ML model disagrees,34.4,20.2,-25.6,DOWNTREND,13.9,NEUTRAL,2026-08-18
1182,THOMASCOOK,HOSPITALITY,103.68,30.1,WATCH,broad composite strength only,35%+ below its 52w high -- long repair needed,34.1,20.1,-42.9,DOWNTREND,14.98,NEUTRAL,2026-08-18
1183,GENCON,REALTY,39.16,30.1,WATCH,broad composite strength only,thin liquidity -- use TWAP slices,37.8,20.1,-34.7,DOWNTREND,1.03,NEUTRAL,2026-08-18
1184,GMBREW,FMCG,891.35,30.1,WATCH,volatility squeeze (breakout setup),thin liquidity -- use TWAP slices,37.8,21.0,-32.9,DOWNTREND,1.81,NEUTRAL,2026-08-18
1185,EIEL,CAPITAL_GOODS,200.16,30.1,WATCH,broad composite strength only,ML model disagrees,36.0,20.7,-27.5,CONSOLIDATING,20.66,NEUTRAL,2026-08-18
1186,WAAREEENER,CAPITAL_GOODS,2707.0,30.1,WATCH,broad composite strength only,ML model disagrees,34.5,20.2,-30.0,DOWNTREND,237.91,NEUTRAL,2026-08-18
1187,APTUS,FINANCIAL_SERVICES,255.2,30.0,WATCH,broad composite strength only,ML model disagrees,33.7,24.7,-27.8,DOWNTREND,26.52,NEUTRAL,2026-08-18
1188,DABUR,FMCG,406.8,30.0,WATCH,broad composite strength only,ML model disagrees,33.7,20.1,-29.5,DOWNTREND,87.59,NEUTRAL,2026-08-18
1189,TIPSFILMS,MEDIA,341.55,29.9,WATCH,broad composite strength only,thin liquidity -- use TWAP slices,38.9,20.3,-34.6,DOWNTREND,1.65,NEUTRAL,2026-08-18
1190,AXISCADES,DEFENCE,1553.4,29.9,WATCH,broad composite strength only,ML model disagrees,37.6,26.5,-29.7,INSUFFICIENT_DATA,22.73,NEUTRAL,2026-08-18
1191,VESUVIUS,CAPITAL_GOODS,440.65,29.8,WATCH,broad composite strength only,thin liquidity -- use TWAP slices,35.6,20.3,-27.5,DOWNTREND,2.52,NEUTRAL,2026-08-18
1192,GILLETTE,FMCG,7569.5,29.8,WATCH,broad composite strength only,ML model disagrees,35.9,20.3,-29.5,DOWNTREND,13.92,NEUTRAL,2026-08-18
1193,GICHSGFIN,FINANCIAL_SERVICES,139.39,29.8,WATCH,broad composite strength only,thin liquidity -- use TWAP slices,35.8,20.0,-24.2,DOWNTREND,1.47,NEUTRAL,2026-08-18
1194,FAZE3Q,TEXTILES,484.45,29.7,WATCH,broad composite strength only,thin liquidity -- use TWAP slices,38.6,25.7,-25.5,INSUFFICIENT_DATA,1.9,NEUTRAL,2026-08-18
1195,REPCOHOME,FINANCIAL_SERVICES,349.6,29.7,WATCH,broad composite strength only,ML model disagrees,35.7,21.3,-23.3,DOWNTREND,3.28,NEUTRAL,2026-08-18
1196,TORNTPOWER,POWER,1312.8,29.6,WATCH,broad composite strength only,ML model disagrees,36.0,20.6,-28.0,DOWNTREND,40.27,NEUTRAL,2026-08-18
1197,KCP,AGRICULTURE,155.28,29.6,WATCH,broad composite strength only,thin liquidity -- use TWAP slices,34.9,20.1,-26.8,DOWNTREND,2.57,NEUTRAL,2026-08-18
1198,RAMCOSYS,IT,594.2,29.6,WATCH,broad composite strength only,35%+ below its 52w high -- long repair needed,34.5,45.8,-38.6,CONSOLIDATING,24.59,NEUTRAL,2026-08-18
1199,IRFC,FINANCIAL_SERVICES,87.05,29.5,WATCH,broad composite strength only,35%+ below its 52w high -- long repair needed,34.1,20.2,-36.5,DOWNTREND,63.01,NEUTRAL,2026-08-18
1200,WALCHANNAG,FINANCIAL_SERVICES,223.91,29.4,WATCH,volatility squeeze (breakout setup),ML model disagrees,36.2,26.3,-29.1,CONSOLIDATING,14.37,NEUTRAL,2026-08-18
1201,KALPATARU,REALTY,283.1,29.4,WATCH,volatility squeeze (breakout setup),ML model disagrees,37.8,20.2,-34.1,DOWNTREND,7.94,NEUTRAL,2026-08-18
1202,FINPIPE,CHEMICALS,159.36,29.4,WATCH,broad composite strength only,ML model disagrees,34.3,20.1,-28.4,DOWNTREND,7.83,NEUTRAL,2026-08-18
1203,ACC,CEMENT,1316.6,29.4,WATCH,broad composite strength only,ML model disagrees,34.7,20.1,-33.7,DOWNTREND,27.05,NEUTRAL,2026-08-18
1204,TAJGVK,HOSPITALITY,337.5,29.4,WATCH,broad composite strength only,ML model disagrees,35.5,22.7,-34.2,DOWNTREND,3.91,NEUTRAL,2026-08-18
1205,ACI,CHEMICALS,515.35,29.3,WATCH,broad composite strength only,ML model disagrees,33.3,20.1,-29.0,DOWNTREND,15.53,NEUTRAL,2026-08-18
1206,LEMONTREE,HOSPITALITY,109.55,29.3,WATCH,broad composite strength only,35%+ below its 52w high -- long repair needed,34.0,20.4,-39.4,DOWNTREND,33.22,NEUTRAL,2026-08-18
1207,JTEKTINDIA,AUTO,130.18,29.3,WATCH,broad composite strength only,ML model disagrees,36.5,21.8,-30.9,DOWNTREND,3.51,NEUTRAL,2026-08-18
1208,NDRAUTO,AUTO,803.55,29.2,WATCH,broad composite strength only,thin liquidity -- use TWAP slices,35.0,23.7,-32.3,CONSOLIDATING,2.45,NEUTRAL,2026-08-18
1209,BLUESTARCO,FMCG,1508.1,29.2,WATCH,broad composite strength only,ML model disagrees,32.9,20.1,-26.1,DOWNTREND,85.99,NEUTRAL,2026-08-18
1210,WAKEFIT,REALTY,124.63,29.1,WATCH,broad composite strength only,35%+ below its 52w high -- long repair needed,31.0,20.5,-44.4,INSUFFICIENT_DATA,105.26,NEUTRAL,2026-08-18
1211,DLINKINDIA,IT,418.7,29.1,WATCH,broad composite strength only,ML model disagrees,36.2,20.5,-23.8,DOWNTREND,3.93,NEUTRAL,2026-08-18
1212,GHCL,CHEMICALS,432.4,29.1,WATCH,broad composite strength only,35%+ below its 52w high -- long repair needed,37.7,20.2,-35.2,DOWNTREND,6.12,NEUTRAL,2026-08-18
1213,NIITMTS,HEALTHCARE,239.01,29.0,WATCH,broad composite strength only,35%+ below its 52w high -- long repair needed,32.1,20.1,-46.2,DOWNTREND,3.48,NEUTRAL,2026-08-18
1214,NCC,INFRASTRUCTURE,139.4,29.0,WATCH,broad composite strength only,35%+ below its 52w high -- long repair needed,33.6,20.1,-37.3,DOWNTREND,21.42,NEUTRAL,2026-08-18
1215,ADVENZYMES,PHARMA,305.6,29.0,WATCH,broad composite strength only,ML model disagrees,34.8,20.4,-27.1,DOWNTREND,10.51,NEUTRAL,2026-08-18
1216,INDRAMEDCO,HEALTHCARE,369.75,29.0,WATCH,broad composite strength only,35%+ below its 52w high -- long repair needed,33.0,20.2,-42.3,DOWNTREND,22.02,NEUTRAL,2026-08-18
1217,BBTC,FMCG,1463.6,29.0,WATCH,broad composite strength only,ML model disagrees,35.9,20.5,-31.4,DOWNTREND,4.82,NEUTRAL,2026-08-18
1218,GLOBUSSPR,FMCG,881.75,29.0,WATCH,broad composite strength only,ML model disagrees,33.2,20.1,-29.7,DOWNTREND,8.67,NEUTRAL,2026-08-18
1219,ITC,FMCG,273.05,29.0,WATCH,broad composite strength only,35%+ below its 52w high -- long repair needed,32.5,20.2,-36.0,DOWNTREND,426.21,NEUTRAL,2026-08-18
1220,PARKHOTELS,HOSPITALITY,116.48,28.9,WATCH,broad composite strength only,thin liquidity -- use TWAP slices,34.5,20.2,-29.0,DOWNTREND,1.38,NEUTRAL,2026-08-18
1221,FACT,CHEMICALS,793.25,28.9,WATCH,broad composite strength only,ML model disagrees,34.6,20.1,-25.1,DOWNTREND,6.82,NEUTRAL,2026-08-18
1222,KRISHNADEF,DEFENCE,1062.5,28.9,WATCH,broad composite strength only,ML model disagrees,35.6,20.4,-24.1,INSUFFICIENT_DATA,12.6,NEUTRAL,2026-08-18
1223,ANDHRAPAP,CHEMICALS,59.96,28.9,WATCH,broad composite strength only,thin liquidity -- use TWAP slices,33.2,20.1,-31.0,DOWNTREND,1.75,NEUTRAL,2026-08-18
1224,BANCOINDIA,AUTO,611.15,28.8,WATCH,broad composite strength only,ML model disagrees,36.6,23.1,-30.5,DOWNTREND,10.18,NEUTRAL,2026-08-18
1225,CELLO,FMCG,369.6,28.7,WATCH,broad composite strength only,35%+ below its 52w high -- long repair needed,29.1,20.1,-45.2,DOWNTREND,84.47,NEUTRAL,2026-08-18
1226,PTC,POWER,160.62,28.7,WATCH,broad composite strength only,ML model disagrees,33.8,20.2,-30.0,DOWNTREND,52.91,NEUTRAL,2026-08-18
1227,NITCO,CAPITAL_GOODS,92.54,28.7,WATCH,broad composite strength only,ML model disagrees,35.0,21.8,-26.6,CONSOLIDATING,5.63,NEUTRAL,2026-08-18
1228,JKTYRE,AUTO,382.0,28.6,WATCH,broad composite strength only,35%+ below its 52w high -- long repair needed,33.1,20.4,-37.6,DOWNTREND,34.59,NEUTRAL,2026-08-18
1229,IRCON,INFRASTRUCTURE,124.57,28.6,WATCH,broad composite strength only,ML model disagrees,34.1,20.0,-34.3,DOWNTREND,14.98,NEUTRAL,2026-08-18
1230,SWANCORP,CHEMICALS,305.2,28.5,WATCH,broad composite strength only,35%+ below its 52w high -- long repair needed,33.2,20.7,-39.7,DOWNTREND,25.59,NEUTRAL,2026-08-18
1231,INFOBEAN,IT,160.15,28.5,WATCH,broad composite strength only,35%+ below its 52w high -- long repair needed,34.5,20.6,-37.8,DOWNTREND,8.41,NEUTRAL,2026-08-18
1232,VMM,RETAIL,105.5,28.5,WATCH,broad composite strength only,ML model disagrees,34.0,20.1,-32.1,DOWNTREND,106.59,NEUTRAL,2026-08-18
1233,UPL,CHEMICALS,567.1,28.5,WATCH,broad composite strength only,ML model disagrees,31.2,20.1,-30.2,DOWNTREND,102.78,NEUTRAL,2026-08-18
1234,PFS,FINANCIAL_SERVICES,28.14,28.5,WATCH,broad composite strength only,thin liquidity -- use TWAP slices,35.2,20.1,-30.5,DOWNTREND,1.56,NEUTRAL,2026-08-18
1235,SUNTECK,REALTY,299.55,28.4,WATCH,broad composite strength only,35%+ below its 52w high -- long repair needed,32.9,20.2,-36.7,DOWNTREND,11.92,NEUTRAL,2026-08-18
1236,UTIAMC,AMC,907.3,28.4,WATCH,broad composite strength only,35%+ below its 52w high -- long repair needed,33.2,20.2,-36.0,DOWNTREND,20.0,NEUTRAL,2026-08-18
1237,NACLIND,CHEMICALS,173.45,28.4,WATCH,broad composite strength only,ML model disagrees,32.7,20.9,-29.2,INSUFFICIENT_DATA,23.01,NEUTRAL,2026-08-18
1238,SUBROS,CAPITAL_GOODS,762.2,28.4,WATCH,broad composite strength only,35%+ below its 52w high -- long repair needed,33.5,29.1,-37.2,DOWNTREND,4.52,NEUTRAL,2026-08-18
1239,ROSSARI,CHEMICALS,496.15,28.4,WATCH,broad composite strength only,ML model disagrees,33.3,20.1,-28.1,DOWNTREND,3.8,NEUTRAL,2026-08-18
1240,SJVN,POWER,66.56,28.4,WATCH,broad composite strength only,ML model disagrees,33.3,20.1,-33.6,DOWNTREND,12.08,NEUTRAL,2026-08-18
1241,JUNIPER,HOSPITALITY,192.09,28.4,WATCH,broad composite strength only,35%+ below its 52w high -- long repair needed,34.7,20.1,-38.5,DOWNTREND,5.27,NEUTRAL,2026-08-18
1242,EPIGRAL,CHEMICALS,1097.1,28.3,WATCH,volatility squeeze (breakout setup),35%+ below its 52w high -- long repair needed,32.5,20.7,-40.3,DOWNTREND,13.68,NEUTRAL,2026-08-18
1243,LIBERTSHOE,FMCG,248.05,28.2,WATCH,broad composite strength only,35%+ below its 52w high -- long repair needed,35.7,28.2,-38.8,DOWNTREND,1.05,NEUTRAL,2026-08-18
1244,ZENSARTECH,FMCG,490.75,28.2,WATCH,broad composite strength only,35%+ below its 52w high -- long repair needed,28.4,20.0,-43.5,DOWNTREND,82.54,NEUTRAL,2026-08-18
1245,FISCHER,HEALTHCARE,37.27,28.2,WATCH,broad composite strength only,35%+ below its 52w high -- long repair needed,30.2,23.2,-70.1,DOWNTREND,7.76,NEUTRAL,2026-08-18
1246,HCC,INFRASTRUCTURE,20.33,28.2,WATCH,broad composite strength only,ML model disagrees,32.2,20.9,-32.2,DOWNTREND,36.46,NEUTRAL,2026-08-18
1247,MHRIL,HOSPITALITY,224.89,28.0,WATCH,broad composite strength only,35%+ below its 52w high -- long repair needed,34.0,20.1,-39.0,DOWNTREND,3.87,NEUTRAL,2026-08-18
1248,GRINFRA,INFRASTRUCTURE,871.6,28.0,WATCH,volatility squeeze (breakout setup),35%+ below its 52w high -- long repair needed,33.8,20.1,-35.2,DOWNTREND,4.1,NEUTRAL,2026-08-18
1249,JPOLYINVST,FINANCIAL_SERVICES,1006.6,28.0,WATCH,broad composite strength only,thin liquidity -- use TWAP slices,36.9,26.0,-32.3,DOWNTREND,1.73,NEUTRAL,2026-08-18
1250,GOCOLORS,RETAIL,344.05,27.9,WATCH,volatility squeeze (breakout setup),35%+ below its 52w high -- long repair needed,35.3,22.4,-54.8,DOWNTREND,11.45,NEUTRAL,2026-08-18
1251,STARCEMENT,CEMENT,199.06,27.9,WATCH,broad composite strength only,35%+ below its 52w high -- long repair needed,34.0,20.1,-35.6,DOWNTREND,3.31,NEUTRAL,2026-08-18
1252,VEDL,METAL,269.7,27.8,WATCH,broad composite strength only,35%+ below its 52w high -- long repair needed,30.8,20.3,-66.1,DOWNTREND,297.55,NEUTRAL,2026-08-18
1253,MONTECARLO,TEXTILES,524.3,27.8,WATCH,broad composite strength only,35%+ below its 52w high -- long repair needed,33.6,20.7,-39.1,DOWNTREND,3.93,NEUTRAL,2026-08-18
1254,JSWHL,FINANCIAL_SERVICES,11798.0,27.7,WATCH,broad composite strength only,35%+ below its 52w high -- long repair needed,34.3,20.6,-48.2,DOWNTREND,4.07,NEUTRAL,2026-08-18
1255,INSECTICID,CHEMICALS,618.7,27.7,WATCH,broad composite strength only,thin liquidity -- use TWAP slices,33.0,20.0,-26.0,DOWNTREND,1.67,NEUTRAL,2026-08-18
1256,VSTIND,FMCG,214.5,27.7,WATCH,broad composite strength only,ML model disagrees,32.8,20.1,-25.2,DOWNTREND,5.44,NEUTRAL,2026-08-18
1257,JAYBARMARU,AUTO,127.72,27.4,WATCH,broad composite strength only,35%+ below its 52w high -- long repair needed,34.6,32.0,-38.3,INSUFFICIENT_DATA,8.11,NEUTRAL,2026-08-18
1258,KPITTECH,CAPITAL_GOODS,609.0,27.3,WATCH,broad composite strength only,35%+ below its 52w high -- long repair needed,31.0,20.5,-54.1,DOWNTREND,310.21,NEUTRAL,2026-08-18
1259,BAJAJHCARE,PHARMA,323.05,27.2,WATCH,volatility squeeze (breakout setup),35%+ below its 52w high -- long repair needed,30.4,20.3,-37.4,DOWNTREND,9.64,NEUTRAL,2026-08-18
1260,LUXIND,TEXTILES,1209.0,27.2,WATCH,broad composite strength only,thin liquidity -- use TWAP slices,33.5,20.8,-33.7,CONSOLIDATING,2.76,NEUTRAL,2026-08-18
1261,RUPA,TEXTILES,149.1,27.1,WATCH,broad composite strength only,thin liquidity -- use TWAP slices,36.0,21.0,-30.0,DOWNTREND,1.44,NEUTRAL,2026-08-18
1262,SURYAROSNI,METAL,221.27,27.1,WATCH,broad composite strength only,ML model disagrees,33.4,20.0,-29.6,DOWNTREND,17.59,NEUTRAL,2026-08-18
1263,SPIC,CHEMICALS,67.09,27.1,WATCH,broad composite strength only,35%+ below its 52w high -- long repair needed,30.7,20.5,-47.7,DOWNTREND,1.44,NEUTRAL,2026-08-18
1264,TATAINVEST,FINANCIAL_SERVICES,654.55,27.1,WATCH,broad composite strength only,35%+ below its 52w high -- long repair needed,31.8,20.8,-44.8,DOWNTREND,28.05,NEUTRAL,2026-08-18
1265,ARSSBL,FINANCIAL_SERVICES,509.2,27.0,WATCH,volatility squeeze (breakout setup),35%+ below its 52w high -- long repair needed,33.5,20.8,-35.9,DOWNTREND,6.16,NEUTRAL,2026-08-18
1266,ORKLAINDIA,FMCG,544.3,27.0,WATCH,volatility squeeze (breakout setup),ML model disagrees,35.2,20.1,-28.4,DOWNTREND,5.45,NEUTRAL,2026-08-18
1267,ASIANTILES,CAPITAL_GOODS,47.97,27.0,WATCH,broad composite strength only,35%+ below its 52w high -- long repair needed,34.9,20.1,-39.3,DOWNTREND,106.41,NEUTRAL,2026-08-18
1268,RAILTEL,TELECOM,279.95,27.0,WATCH,broad composite strength only,ML model disagrees,33.3,20.0,-32.2,DOWNTREND,13.72,NEUTRAL,2026-08-18
1269,PNCINFRA,INFRASTRUCTURE,215.17,26.9,WATCH,broad composite strength only,ML model disagrees,31.9,20.3,-33.8,DOWNTREND,15.78,NEUTRAL,2026-08-18
1270,UNIECOM,HEALTHCARE,84.95,26.9,WATCH,broad composite strength only,35%+ below its 52w high -- long repair needed,32.2,20.1,-45.5,DOWNTREND,3.65,NEUTRAL,2026-08-18
1271,GVPIL,CAPITAL_GOODS,731.15,26.9,WATCH,volatility squeeze (breakout setup),ML model disagrees,34.4,26.6,-32.6,INSUFFICIENT_DATA,16.17,NEUTRAL,2026-08-18
1272,TTML,TELECOM,38.15,26.9,WATCH,broad composite strength only,35%+ below its 52w high -- long repair needed,33.7,20.1,-37.1,DOWNTREND,9.32,NEUTRAL,2026-08-18
1273,BBOX,IT,774.1,26.9,WATCH,volatility squeeze (breakout setup),ML model disagrees,34.4,22.8,-29.8,CONSOLIDATING,35.11,NEUTRAL,2026-08-18
1274,RATNAMANI,METAL,2353.6,26.9,WATCH,broad composite strength only,ML model disagrees,34.0,20.3,-29.6,DOWNTREND,13.67,NEUTRAL,2026-08-18
1275,ELECON,CAPITAL_GOODS,438.25,26.9,WATCH,broad composite strength only,ML model disagrees,34.5,20.2,-31.0,DOWNTREND,20.24,NEUTRAL,2026-08-18
1276,INTERARCH,INFRASTRUCTURE,1738.8,26.8,WATCH,broad composite strength only,35%+ below its 52w high -- long repair needed,34.3,20.2,-37.1,DOWNTREND,10.19,NEUTRAL,2026-08-18
1277,GODREJCP,FMCG,928.0,26.8,WATCH,broad composite strength only,ML model disagrees,32.4,20.1,-29.1,DOWNTREND,207.88,NEUTRAL,2026-08-18
1278,PANACEABIO,PHARMA,413.15,26.8,WATCH,broad composite strength only,35%+ below its 52w high -- long repair needed,34.0,34.9,-36.1,CONSOLIDATING,9.59,NEUTRAL,2026-08-18
1279,SYNGENE,INFRASTRUCTURE,403.0,26.7,WATCH,broad composite strength only,35%+ below its 52w high -- long repair needed,30.5,20.0,-40.6,DOWNTREND,70.8,NEUTRAL,2026-08-18
1280,JUBLPHARMA,PHARMA,866.95,26.7,WATCH,broad composite strength only,ML model disagrees,32.3,20.1,-26.8,DOWNTREND,18.67,NEUTRAL,2026-08-18
1281,ASHAPURMIN,METAL,612.2,26.7,WATCH,broad composite strength only,ML model disagrees,33.6,20.4,-33.8,DOWNTREND,39.37,NEUTRAL,2026-08-18
1282,SUNCLAY,AUTO,1289.8,26.7,WATCH,broad composite strength only,thin liquidity -- use TWAP slices,31.5,20.1,-33.6,DOWNTREND,1.57,NEUTRAL,2026-08-18
1283,GODAVARIB,FMCG,245.6,26.6,WATCH,broad composite strength only,ML model disagrees,34.0,20.0,-30.4,DOWNTREND,14.51,NEUTRAL,2026-08-18
1284,SOLARA,PHARMA,509.1,26.5,WATCH,broad composite strength only,ML model disagrees,32.9,20.2,-28.5,DOWNTREND,13.28,NEUTRAL,2026-08-18
1285,WHIRLPOOL,FMCG,777.35,26.4,WATCH,broad composite strength only,35%+ below its 52w high -- long repair needed,30.7,20.1,-45.9,DOWNTREND,31.89,NEUTRAL,2026-08-18
1286,NESCO,REALTY,1046.3,26.4,WATCH,broad composite strength only,35%+ below its 52w high -- long repair needed,32.4,20.1,-36.2,DOWNTREND,4.28,NEUTRAL,2026-08-18
1287,EMSLIMITED,INFRASTRUCTURE,369.1,26.3,WATCH,broad composite strength only,35%+ below its 52w high -- long repair needed,32.4,21.7,-37.8,CONSOLIDATING,9.34,NEUTRAL,2026-08-18
1288,GODFRYPHLP,FMCG,2131.0,26.3,WATCH,broad composite strength only,35%+ below its 52w high -- long repair needed,31.7,20.3,-46.0,DOWNTREND,137.89,NEUTRAL,2026-08-18
1289,ORIENTCEM,CEMENT,131.89,26.1,WATCH,broad composite strength only,35%+ below its 52w high -- long repair needed,30.4,20.1,-44.4,DOWNTREND,3.64,NEUTRAL,2026-08-18
1290,SHILCTECH,CAPITAL_GOODS,3871.0,26.1,WATCH,broad composite strength only,ML model disagrees,33.9,21.5,-28.3,INSUFFICIENT_DATA,14.97,NEUTRAL,2026-08-18
1291,NUCLEUS,IT,713.8,26.1,WATCH,broad composite strength only,ML model disagrees,31.9,20.0,-34.2,DOWNTREND,3.25,NEUTRAL,2026-08-18
1292,TATACHEM,CHEMICALS,662.9,26.1,WATCH,broad composite strength only,35%+ below its 52w high -- long repair needed,30.3,20.0,-35.4,DOWNTREND,43.63,NEUTRAL,2026-08-18
1293,PATANJALI,FMCG,353.9,26.0,WATCH,volatility squeeze (breakout setup),35%+ below its 52w high -- long repair needed,35.7,20.3,-42.5,DOWNTREND,185.11,NEUTRAL,2026-08-18
1294,SAATVIKGL,CAPITAL_GOODS,402.65,26.0,WATCH,broad composite strength only,ML model disagrees,34.9,20.2,-29.0,DOWNTREND,4.21,NEUTRAL,2026-08-18
1295,ORIENTTECH,TEXTILES,254.85,26.0,WATCH,broad composite strength only,35%+ below its 52w high -- long repair needed,29.9,20.0,-45.4,DOWNTREND,15.11,NEUTRAL,2026-08-18
1296,AGIIL,REALTY,301.5,25.9,WATCH,broad composite strength only,ML model disagrees,30.9,19.9,-30.6,DOWNTREND,55.64,NEUTRAL,2026-08-18
1297,WANBURY,PHARMA,250.7,25.9,WATCH,broad composite strength only,ML model disagrees,33.5,20.6,-30.1,INSUFFICIENT_DATA,13.4,NEUTRAL,2026-08-18
1298,SAURASHCEM,CEMENT,58.72,25.9,WATCH,broad composite strength only,35%+ below its 52w high -- long repair needed,27.7,20.1,-53.2,DOWNTREND,3.44,NEUTRAL,2026-08-18
1299,NILE,METAL,1477.6,25.9,WATCH,broad composite strength only,thin liquidity -- use TWAP slices,35.0,20.9,-26.8,INSUFFICIENT_DATA,1.03,NEUTRAL,2026-08-18
1300,INOXWIND,CAPITAL_GOODS,78.13,25.8,WATCH,broad composite strength only,35%+ below its 52w high -- long repair needed,29.6,20.1,-51.0,DOWNTREND,103.19,NEUTRAL,2026-08-18
1301,DIGITIDE,IT,96.49,25.8,WATCH,broad composite strength only,35%+ below its 52w high -- long repair needed,28.5,20.2,-53.9,DOWNTREND,3.7,NEUTRAL,2026-08-18
1302,EIHOTEL,HOSPITALITY,296.0,25.7,WATCH,broad composite strength only,ML model disagrees,31.8,20.2,-31.9,DOWNTREND,5.87,NEUTRAL,2026-08-18
1303,WAAREERTL,CAPITAL_GOODS,896.95,25.6,WATCH,broad composite strength only,ML model disagrees,33.1,21.3,-34.0,DOWNTREND,17.59,NEUTRAL,2026-08-18
1304,MARSONS,CAPITAL_GOODS,104.8,25.6,WATCH,broad composite strength only,35%+ below its 52w high -- long repair needed,31.4,20.1,-40.2,INSUFFICIENT_DATA,20.71,NEUTRAL,2026-08-18
1305,MTNL,INFRASTRUCTURE,27.08,25.6,WATCH,broad composite strength only,35%+ below its 52w high -- long repair needed,32.0,20.0,-41.7,DOWNTREND,2.41,NEUTRAL,2026-08-18
1306,METROBRAND,FMCG,942.8,25.5,WATCH,broad composite strength only,ML model disagrees,33.0,20.0,-29.7,DOWNTREND,5.54,NEUTRAL,2026-08-18
1307,SCODATUBES,METAL,129.68,25.5,WATCH,broad composite strength only,thin liquidity -- use TWAP slices,33.5,20.3,-30.9,DOWNTREND,2.2,NEUTRAL,2026-08-18
1308,DELTACORP,HOSPITALITY,60.18,25.5,WATCH,broad composite strength only,35%+ below its 52w high -- long repair needed,31.2,20.0,-38.1,DOWNTREND,5.12,NEUTRAL,2026-08-18
1309,FIRSTCRY,RETAIL,208.41,25.4,WATCH,broad composite strength only,35%+ below its 52w high -- long repair needed,29.7,20.1,-52.5,DOWNTREND,13.55,NEUTRAL,2026-08-18
1310,ABFRL,RETAIL,55.29,25.4,WATCH,broad composite strength only,35%+ below its 52w high -- long repair needed,30.5,20.0,-41.8,DOWNTREND,42.4,NEUTRAL,2026-08-18
1311,RAMKY,REALTY,390.05,25.4,WATCH,broad composite strength only,35%+ below its 52w high -- long repair needed,32.5,20.0,-44.7,DOWNTREND,1.32,NEUTRAL,2026-08-18
1312,XPROINDIA,CHEMICALS,1103.7,25.4,WATCH,broad composite strength only,ML model disagrees,32.8,23.7,-29.9,CONSOLIDATING,11.09,NEUTRAL,2026-08-18
1313,ABLBL,RETAIL,89.92,25.3,WATCH,broad composite strength only,35%+ below its 52w high -- long repair needed,29.6,20.1,-40.6,DOWNTREND,9.49,NEUTRAL,2026-08-18
1314,LATENTVIEW,REALTY,285.5,25.3,WATCH,broad composite strength only,35%+ below its 52w high -- long repair needed,29.6,20.0,-44.8,DOWNTREND,25.34,NEUTRAL,2026-08-18
1315,PRSMJOHNSN,CEMENT,105.33,25.3,WATCH,broad composite strength only,35%+ below its 52w high -- long repair needed,30.8,20.0,-40.2,DOWNTREND,30.49,NEUTRAL,2026-08-18
1316,CAPACITE,INFRASTRUCTURE,211.89,25.3,WATCH,volatility squeeze (breakout setup),35%+ below its 52w high -- long repair needed,32.7,20.1,-36.6,DOWNTREND,8.5,NEUTRAL,2026-08-18
1317,JKLAKSHMI,CEMENT,557.25,25.2,WATCH,broad composite strength only,35%+ below its 52w high -- long repair needed,29.4,20.0,-43.7,DOWNTREND,16.44,NEUTRAL,2026-08-18
1318,INDIAMART,RETAIL,1770.0,25.2,WATCH,broad composite strength only,ML model disagrees,31.0,20.1,-33.4,DOWNTREND,31.01,NEUTRAL,2026-08-18
1319,MEDIASSIST,HEALTHCARE,343.5,25.1,WATCH,broad composite strength only,35%+ below its 52w high -- long repair needed,32.2,20.2,-40.3,DOWNTREND,5.19,NEUTRAL,2026-08-18
1320,SULA,FMCG,149.13,25.1,WATCH,broad composite strength only,35%+ below its 52w high -- long repair needed,28.0,20.1,-49.8,DOWNTREND,10.1,NEUTRAL,2026-08-18
1321,JAYKAY,FMCG,150.5,25.1,WATCH,broad composite strength only,thin liquidity -- use TWAP slices,34.2,20.3,-31.5,INSUFFICIENT_DATA,2.81,NEUTRAL,2026-08-18
1322,DSSL,IT,1158.1,25.1,WATCH,broad composite strength only,35%+ below its 52w high -- long repair needed,34.6,28.3,-39.8,CONSOLIDATING,3.48,NEUTRAL,2026-08-18
1323,INDOCO,PHARMA,218.74,25.0,WATCH,broad composite strength only,ML model disagrees,30.0,20.3,-34.2,DOWNTREND,7.5,NEUTRAL,2026-08-18
1324,AGARIND,CHEMICALS,499.6,24.9,WATCH,broad composite strength only,35%+ below its 52w high -- long repair needed,29.1,20.0,-50.3,DOWNTREND,12.26,NEUTRAL,2026-08-18
1325,EUREKAFORB,FMCG,432.0,24.9,WATCH,broad composite strength only,35%+ below its 52w high -- long repair needed,31.5,20.0,-35.4,DOWNTREND,7.5,NEUTRAL,2026-08-18
1326,ANUP,CAPITAL_GOODS,1834.5,24.8,WATCH,broad composite strength only,ML model disagrees,33.7,20.3,-28.8,DOWNTREND,10.81,NEUTRAL,2026-08-18
1327,BIRLACORPN,CEMENT,901.8,24.8,WATCH,broad composite strength only,ML model disagrees,31.0,20.0,-33.0,DOWNTREND,9.6,NEUTRAL,2026-08-18
1328,ZUARI,CHEMICALS,222.71,24.7,WATCH,broad composite strength only,35%+ below its 52w high -- long repair needed,30.2,20.0,-42.4,DOWNTREND,2.9,NEUTRAL,2026-08-18
1329,VASCONEQ,OTHER,31.13,24.7,WATCH,broad composite strength only,35%+ below its 52w high -- long repair needed,32.4,22.2,-58.3,INSUFFICIENT_DATA,4.07,NEUTRAL,2026-08-18
1330,FINOPB,BANKING,146.95,24.7,WATCH,broad composite strength only,35%+ below its 52w high -- long repair needed,29.4,20.2,-56.6,DOWNTREND,12.5,NEUTRAL,2026-08-18
1331,FRONTSP,AUTO,1287.0,24.6,WATCH,broad composite strength only,ML model disagrees,33.9,20.4,-31.1,INSUFFICIENT_DATA,4.51,NEUTRAL,2026-08-18
1332,VPRPL,OTHER,34.92,24.5,WATCH,broad composite strength only,35%+ below its 52w high -- long repair needed,32.3,21.3,-76.2,INSUFFICIENT_DATA,6.82,NEUTRAL,2026-08-18
1333,ROUTE,TELECOM,508.6,24.4,WATCH,broad composite strength only,35%+ below its 52w high -- long repair needed,29.0,20.0,-42.9,DOWNTREND,100.93,NEUTRAL,2026-08-18
1334,MCLOUD,IT,26.77,24.4,WATCH,broad composite strength only,35%+ below its 52w high -- long repair needed,27.7,21.5,-69.2,DOWNTREND,9.34,NEUTRAL,2026-08-18
1335,HITECH,METAL,78.43,24.4,WATCH,broad composite strength only,35%+ below its 52w high -- long repair needed,30.7,20.0,-38.5,DOWNTREND,4.05,NEUTRAL,2026-08-18
1336,SANOFI,PHARMA,3197.4,24.3,WATCH,broad composite strength only,35%+ below its 52w high -- long repair needed,31.2,20.2,-38.4,DOWNTREND,8.58,NEUTRAL,2026-08-18
1337,VIKRAMSOLR,CAPITAL_GOODS,183.1,24.3,WATCH,broad composite strength only,35%+ below its 52w high -- long repair needed,26.7,20.1,-55.1,DOWNTREND,102.07,NEUTRAL,2026-08-18
1338,UGROCAP,FINANCIAL_SERVICES,92.75,24.2,WATCH,broad composite strength only,35%+ below its 52w high -- long repair needed,28.3,20.1,-51.8,DOWNTREND,4.88,NEUTRAL,2026-08-18
1339,NELCAST,CAPITAL_GOODS,116.94,24.2,WATCH,broad composite strength only,ML model disagrees,29.6,20.1,-32.5,DOWNTREND,6.69,NEUTRAL,2026-08-18
1340,MAPMYINDIA,IT,991.7,24.1,WATCH,broad composite strength only,35%+ below its 52w high -- long repair needed,23.9,19.9,-50.4,DOWNTREND,39.87,NEUTRAL,2026-08-18
1341,PLATIND,FMCG,214.2,24.1,WATCH,broad composite strength only,35%+ below its 52w high -- long repair needed,32.0,20.1,-37.4,DOWNTREND,1.56,NEUTRAL,2026-08-18
1342,FABTECH,HEALTHCARE,145.91,24.0,WATCH,broad composite strength only,35%+ below its 52w high -- long repair needed,31.3,20.2,-44.5,DOWNTREND,1.28,NEUTRAL,2026-08-18
1343,INTELLECT,IT,695.45,24.0,WATCH,broad composite strength only,35%+ below its 52w high -- long repair needed,28.6,20.1,-44.1,DOWNTREND,38.66,NEUTRAL,2026-08-18
1344,RESPONIND,REALTY,159.01,23.9,WATCH,volatility squeeze (breakout setup),ML model disagrees,31.0,20.2,-34.0,DOWNTREND,4.2,NEUTRAL,2026-08-18
1345,NETWORK18,FINANCIAL_SERVICES,28.95,23.8,WATCH,volatility squeeze (breakout setup),35%+ below its 52w high -- long repair needed,27.8,20.0,-50.2,DOWNTREND,7.06,NEUTRAL,2026-08-18
1346,INDIASHLTR,FINANCIAL_SERVICES,674.75,23.8,WATCH,broad composite strength only,ML model disagrees,30.1,17.9,-30.4,DOWNTREND,12.03,NEUTRAL,2026-08-18
1347,AFCONS,INFRASTRUCTURE,271.7,23.7,WATCH,volatility squeeze (breakout setup),35%+ below its 52w high -- long repair needed,28.5,20.0,-43.3,DOWNTREND,30.24,NEUTRAL,2026-08-18
1348,CMSINFO,FINANCIAL_SERVICES,254.35,23.7,WATCH,broad composite strength only,35%+ below its 52w high -- long repair needed,33.6,20.1,-41.2,DOWNTREND,16.89,NEUTRAL,2026-08-18
1349,ELIN,FMCG,102.28,23.6,WATCH,volatility squeeze (breakout setup),35%+ below its 52w high -- long repair needed,25.8,20.3,-56.3,DOWNTREND,2.38,NEUTRAL,2026-08-18
1350,DENTA,IT,287.05,23.6,WATCH,broad composite strength only,35%+ below its 52w high -- long repair needed,32.2,21.3,-40.2,DOWNTREND,9.05,NEUTRAL,2026-08-18
1351,FDC,PHARMA,354.3,23.6,WATCH,broad composite strength only,ML model disagrees,30.1,20.2,-32.9,DOWNTREND,10.56,NEUTRAL,2026-08-18
1352,INDOFARM,AUTO,144.1,23.6,WATCH,broad composite strength only,35%+ below its 52w high -- long repair needed,29.2,20.1,-47.0,DOWNTREND,2.92,NEUTRAL,2026-08-18
1353,RHETAN,METAL,21.28,23.6,WATCH,broad composite strength only,35%+ below its 52w high -- long repair needed,29.5,20.4,-39.0,DOWNTREND,29.4,NEUTRAL,2026-08-18
1354,PROTEAN,IT,548.5,23.6,WATCH,broad composite strength only,35%+ below its 52w high -- long repair needed,31.5,20.1,-42.0,DOWNTREND,18.07,NEUTRAL,2026-08-18
1355,TECHNOE,INFRASTRUCTURE,959.15,23.6,WATCH,broad composite strength only,35%+ below its 52w high -- long repair needed,29.7,20.0,-39.1,DOWNTREND,21.41,NEUTRAL,2026-08-18
1356,HBLENGINE,CAPITAL_GOODS,674.6,23.5,WATCH,broad composite strength only,35%+ below its 52w high -- long repair needed,30.1,20.1,-39.9,DOWNTREND,55.53,NEUTRAL,2026-08-18
1357,DCW,CHEMICALS,44.26,23.4,WATCH,broad composite strength only,35%+ below its 52w high -- long repair needed,28.2,20.0,-43.4,DOWNTREND,3.63,NEUTRAL,2026-08-18
1358,TVSELECT,RETAIL,450.35,23.4,WATCH,broad composite strength only,35%+ below its 52w high -- long repair needed,32.4,20.3,-39.1,INSUFFICIENT_DATA,2.79,NEUTRAL,2026-08-18
1359,JAICORPLTD,CAPITAL_GOODS,101.2,23.4,WATCH,broad composite strength only,35%+ below its 52w high -- long repair needed,29.2,20.0,-43.2,DOWNTREND,3.61,NEUTRAL,2026-08-18
1360,DCAL,PHARMA,175.83,23.4,WATCH,broad composite strength only,35%+ below its 52w high -- long repair needed,29.4,20.1,-45.4,DOWNTREND,5.8,NEUTRAL,2026-08-18
1361,PIIND,CHEMICALS,2472.0,23.3,WATCH,broad composite strength only,35%+ below its 52w high -- long repair needed,29.6,20.1,-35.5,DOWNTREND,72.99,NEUTRAL,2026-08-18
1362,RPOWER,POWER,22.72,23.3,WATCH,broad composite strength only,35%+ below its 52w high -- long repair needed,28.4,20.1,-55.2,DOWNTREND,41.6,NEUTRAL,2026-08-18
1363,DHANUKA,CHEMICALS,997.0,23.3,WATCH,broad composite strength only,35%+ below its 52w high -- long repair needed,33.4,20.1,-39.7,DOWNTREND,4.78,NEUTRAL,2026-08-18
1364,RSYSTEMS,IT,240.2,23.3,WATCH,broad composite strength only,35%+ below its 52w high -- long repair needed,25.3,20.1,-50.5,DOWNTREND,9.04,NEUTRAL,2026-08-18
1365,SHANTIGEAR,CAPITAL_GOODS,393.35,23.3,WATCH,broad composite strength only,thin liquidity -- use TWAP slices,31.2,20.0,-33.6,DOWNTREND,1.26,NEUTRAL,2026-08-18
1366,MAXIND,FINANCIAL_SERVICES,150.33,23.2,WATCH,broad composite strength only,35%+ below its 52w high -- long repair needed,30.6,20.0,-37.8,DOWNTREND,4.29,NEUTRAL,2026-08-18
1367,HARIOMPIPE,METAL,346.45,23.1,WATCH,broad composite strength only,35%+ below its 52w high -- long repair needed,31.7,20.2,-39.4,DOWNTREND,4.66,NEUTRAL,2026-08-18
1368,GRMOVER,AGRICULTURE,88.28,23.0,WATCH,broad composite strength only,35%+ below its 52w high -- long repair needed,27.2,20.1,-52.4,DOWNTREND,9.59,NEUTRAL,2026-08-18
1369,TARIL,CAPITAL_GOODS,296.3,23.0,WATCH,broad composite strength only,35%+ below its 52w high -- long repair needed,27.6,20.4,-46.3,CONSOLIDATING,43.09,NEUTRAL,2026-08-18
1370,GKENERGY,INFRASTRUCTURE,124.43,23.0,WATCH,broad composite strength only,35%+ below its 52w high -- long repair needed,30.1,21.5,-48.1,DOWNTREND,6.45,NEUTRAL,2026-08-18
1371,ALLTIME,FMCG,213.14,23.0,WATCH,broad composite strength only,thin liquidity -- use TWAP slices,31.0,20.2,-32.8,DOWNTREND,1.21,NEUTRAL,2026-08-18
1372,RUSTOMJEE,REALTY,375.1,23.0,WATCH,broad composite strength only,35%+ below its 52w high -- long repair needed,28.5,20.3,-43.4,DOWNTREND,17.94,NEUTRAL,2026-08-18
1373,CRIZAC,RETAIL,176.19,23.0,WATCH,broad composite strength only,35%+ below its 52w high -- long repair needed,24.6,37.9,-54.6,DOWNTREND,6.58,NEUTRAL,2026-08-18
1374,EXCELSOFT,IT,73.07,22.9,WATCH,broad composite strength only,35%+ below its 52w high -- long repair needed,28.4,20.1,-48.8,INSUFFICIENT_DATA,4.15,NEUTRAL,2026-08-18
1375,KSCL,AGRICULTURE,772.3,22.9,WATCH,broad composite strength only,35%+ below its 52w high -- long repair needed,29.6,20.0,-37.0,DOWNTREND,9.78,NEUTRAL,2026-08-18
1376,BFUTILITIE,INFRASTRUCTURE,545.65,22.9,WATCH,volatility squeeze (breakout setup),35%+ below its 52w high -- long repair needed,31.7,20.1,-39.3,INSUFFICIENT_DATA,4.01,NEUTRAL,2026-08-18
1377,SAFARI,CHEMICALS,1497.3,22.9,WATCH,broad composite strength only,35%+ below its 52w high -- long repair needed,30.1,20.0,-40.3,DOWNTREND,6.62,NEUTRAL,2026-08-18
1378,DCXINDIA,DEFENCE,173.32,22.9,WATCH,broad composite strength only,35%+ below its 52w high -- long repair needed,29.4,20.1,-39.4,DOWNTREND,8.56,NEUTRAL,2026-08-18
1379,SALZERELEC,CAPITAL_GOODS,570.3,22.8,WATCH,broad composite strength only,35%+ below its 52w high -- long repair needed,30.9,20.0,-40.1,DOWNTREND,3.65,NEUTRAL,2026-08-18
1380,SHAKTIPUMP,CAPITAL_GOODS,503.2,22.8,WATCH,broad composite strength only,35%+ below its 52w high -- long repair needed,28.7,20.1,-45.0,DOWNTREND,20.48,NEUTRAL,2026-08-18
1381,AVANTIFEED,AGRICULTURE,875.6,22.8,WATCH,broad composite strength only,35%+ below its 52w high -- long repair needed,28.2,20.1,-45.1,DOWNTREND,42.38,NEUTRAL,2026-08-18
1382,TRANSRAILL,CAPITAL_GOODS,464.85,22.7,WATCH,broad composite strength only,35%+ below its 52w high -- long repair needed,28.0,20.0,-43.5,DOWNTREND,14.13,NEUTRAL,2026-08-18
1383,PARAGMILK,FMCG,207.29,22.7,WATCH,broad composite strength only,35%+ below its 52w high -- long repair needed,28.3,20.2,-45.0,DOWNTREND,9.1,NEUTRAL,2026-08-18
1384,JSLL,PHARMA,517.3,22.6,WATCH,broad composite strength only,35%+ below its 52w high -- long repair needed,27.5,20.2,-39.1,DOWNTREND,35.69,NEUTRAL,2026-08-18
1385,CONTROLPR,IT,569.7,22.6,WATCH,broad composite strength only,35%+ below its 52w high -- long repair needed,29.6,20.0,-36.6,DOWNTREND,4.67,NEUTRAL,2026-08-18
1386,ADVENTHTL,HOSPITALITY,134.9,22.6,WATCH,broad composite strength only,35%+ below its 52w high -- long repair needed,29.0,20.3,-48.8,INSUFFICIENT_DATA,1.76,NEUTRAL,2026-08-18
1387,PENIND,MEDIA,151.45,22.5,WATCH,broad composite strength only,35%+ below its 52w high -- long repair needed,29.1,20.1,-45.9,DOWNTREND,4.88,NEUTRAL,2026-08-18
1388,BOMDYEING,TEXTILES,113.89,22.5,WATCH,broad composite strength only,35%+ below its 52w high -- long repair needed,28.1,20.1,-41.7,DOWNTREND,5.01,NEUTRAL,2026-08-18
1389,GALLANTT,METAL,582.95,22.4,WATCH,broad composite strength only,35%+ below its 52w high -- long repair needed,28.6,20.2,-38.5,DOWNTREND,11.84,NEUTRAL,2026-08-18
1390,RTNINDIA,RETAIL,30.48,22.4,WATCH,broad composite strength only,35%+ below its 52w high -- long repair needed,27.6,20.1,-52.4,DOWNTREND,3.36,NEUTRAL,2026-08-18
1391,INA,POWER,98.41,22.3,WATCH,broad composite strength only,35%+ below its 52w high -- long repair needed,29.6,20.5,-39.2,INSUFFICIENT_DATA,5.76,NEUTRAL,2026-08-18
1392,ISGEC,CAPITAL_GOODS,746.85,22.3,WATCH,broad composite strength only,ML model disagrees,29.7,20.1,-33.0,DOWNTREND,5.25,NEUTRAL,2026-08-18
1393,KLBRENG-B,CAPITAL_GOODS,346.9,22.3,WATCH,broad composite strength only,35%+ below its 52w high -- long repair needed,30.9,22.4,-36.3,INSUFFICIENT_DATA,4.29,NEUTRAL,2026-08-18
1394,BBL,CAPITAL_GOODS,2298.5,22.3,WATCH,broad composite strength only,ML model disagrees,30.7,20.1,-32.6,DOWNTREND,8.44,NEUTRAL,2026-08-18
1395,AJMERA,REALTY,118.7,22.2,WATCH,broad composite strength only,35%+ below its 52w high -- long repair needed,28.1,20.2,-46.4,DOWNTREND,4.1,NEUTRAL,2026-08-18
1396,DAMCAPITAL,FINANCIAL_SERVICES,146.39,22.2,WATCH,broad composite strength only,35%+ below its 52w high -- long repair needed,26.5,20.0,-48.8,DOWNTREND,4.05,NEUTRAL,2026-08-18
1397,AMRUTANJAN,PHARMA,491.85,22.2,WATCH,broad composite strength only,35%+ below its 52w high -- long repair needed,30.4,20.0,-37.8,DOWNTREND,3.24,NEUTRAL,2026-08-18
1398,CSBBANK,BANKING,319.95,22.2,WATCH,broad composite strength only,35%+ below its 52w high -- long repair needed,27.8,20.2,-44.3,DOWNTREND,17.41,NEUTRAL,2026-08-18
1399,PGHH,PHARMA,8365.0,22.1,WATCH,broad composite strength only,35%+ below its 52w high -- long repair needed,28.1,20.0,-42.4,DOWNTREND,18.18,NEUTRAL,2026-08-18
1400,TEAMLEASE,FINANCIAL_SERVICES,1239.6,22.1,WATCH,broad composite strength only,35%+ below its 52w high -- long repair needed,32.6,20.2,-36.2,DOWNTREND,5.37,NEUTRAL,2026-08-18
1401,IXIGO,HOSPITALITY,172.51,22.0,WATCH,broad composite strength only,35%+ below its 52w high -- long repair needed,27.5,20.3,-49.1,DOWNTREND,17.31,NEUTRAL,2026-08-18
1402,CAMLINFINE,PHARMA,114.11,22.0,WATCH,broad composite strength only,35%+ below its 52w high -- long repair needed,28.0,20.1,-51.4,DOWNTREND,18.03,NEUTRAL,2026-08-18
1403,VIKRAN,CAPITAL_GOODS,62.54,21.9,WATCH,broad composite strength only,35%+ below its 52w high -- long repair needed,27.8,20.2,-47.2,DOWNTREND,10.51,NEUTRAL,2026-08-18
1404,MBEL,INFRASTRUCTURE,283.3,21.9,WATCH,broad composite strength only,35%+ below its 52w high -- long repair needed,27.2,20.2,-47.1,DOWNTREND,8.58,NEUTRAL,2026-08-18
1405,CEINSYS,IT,782.65,21.8,WATCH,broad composite strength only,35%+ below its 52w high -- long repair needed,31.1,20.2,-37.4,INSUFFICIENT_DATA,5.75,NEUTRAL,2026-08-18
1406,HPL,CAPITAL_GOODS,312.35,21.6,WATCH,broad composite strength only,35%+ below its 52w high -- long repair needed,28.9,20.0,-38.5,DOWNTREND,2.9,NEUTRAL,2026-08-18
1407,JAINREC,METAL,301.9,21.6,WATCH,broad composite strength only,35%+ below its 52w high -- long repair needed,26.7,20.0,-49.2,DOWNTREND,53.42,NEUTRAL,2026-08-18
1408,ZOTA,PHARMA,1111.4,21.6,WATCH,broad composite strength only,35%+ below its 52w high -- long repair needed,29.4,20.4,-36.1,DOWNTREND,8.35,NEUTRAL,2026-08-18
1409,EFCIL,REALTY,174.1,21.6,WATCH,broad composite strength only,35%+ below its 52w high -- long repair needed,25.0,20.2,-49.1,DOWNTREND,5.26,NEUTRAL,2026-08-18
1410,ASHOKA,INFRASTRUCTURE,113.27,21.6,WATCH,broad composite strength only,35%+ below its 52w high -- long repair needed,27.3,20.0,-47.2,DOWNTREND,7.64,NEUTRAL,2026-08-18
1411,SYMPHONY,FMCG,620.55,21.5,WATCH,broad composite strength only,35%+ below its 52w high -- long repair needed,28.8,20.1,-36.3,DOWNTREND,6.31,NEUTRAL,2026-08-18
1412,WEBELSOLAR,CAPITAL_GOODS,82.8,21.4,WATCH,broad composite strength only,35%+ below its 52w high -- long repair needed,26.3,20.0,-41.5,DOWNTREND,15.97,NEUTRAL,2026-08-18
1413,LAXMIDENTL,HEALTHCARE,200.64,21.4,WATCH,broad composite strength only,35%+ below its 52w high -- long repair needed,28.8,20.2,-46.8,DOWNTREND,3.08,NEUTRAL,2026-08-18
1414,GEMAROMA,OTHER,169.66,21.3,WATCH,broad composite strength only,35%+ below its 52w high -- long repair needed,29.2,20.2,-47.9,INSUFFICIENT_DATA,1.85,NEUTRAL,2026-08-18
1415,TRIVENI,CAPITAL_GOODS,279.64,21.3,WATCH,broad composite strength only,35%+ below its 52w high -- long repair needed,27.7,20.7,-42.9,DOWNTREND,26.95,NEUTRAL,2026-08-18
1416,AWHCL,INFRASTRUCTURE,385.9,21.3,WATCH,broad composite strength only,35%+ below its 52w high -- long repair needed,29.5,20.0,-37.4,DOWNTREND,5.56,NEUTRAL,2026-08-18
1417,HUBTOWN,REALTY,182.91,21.2,WATCH,broad composite strength only,35%+ below its 52w high -- long repair needed,25.6,20.3,-49.6,DOWNTREND,8.84,NEUTRAL,2026-08-18
1418,ADSL,IT,111.06,21.2,WATCH,broad composite strength only,35%+ below its 52w high -- long repair needed,26.1,20.0,-47.0,DOWNTREND,1.54,NEUTRAL,2026-08-18
1419,SERVOTECH,CAPITAL_GOODS,82.55,21.2,WATCH,broad composite strength only,35%+ below its 52w high -- long repair needed,25.8,20.2,-42.3,DOWNTREND,7.78,NEUTRAL,2026-08-18
1420,PRECAM,AUTO,134.65,21.1,WATCH,broad composite strength only,35%+ below its 52w high -- long repair needed,26.0,20.0,-48.6,DOWNTREND,1.62,NEUTRAL,2026-08-18
1421,MIDWESTLTD,REALTY,1110.0,20.9,WATCH,broad composite strength only,35%+ below its 52w high -- long repair needed,30.7,20.2,-40.3,DOWNTREND,1.62,NEUTRAL,2026-08-18
1422,JARO,HEALTHCARE,449.1,20.9,WATCH,broad composite strength only,35%+ below its 52w high -- long repair needed,28.3,20.1,-49.5,DOWNTREND,4.35,NEUTRAL,2026-08-18
1423,BHARATRAS,CHEMICALS,1301.0,20.9,WATCH,broad composite strength only,35%+ below its 52w high -- long repair needed,30.1,20.2,-56.4,DOWNTREND,1.67,NEUTRAL,2026-08-18
1424,MASTERTR,FINANCIAL_SERVICES,78.48,20.9,WATCH,broad composite strength only,35%+ below its 52w high -- long repair needed,25.0,17.0,-52.3,DOWNTREND,1.82,NEUTRAL,2026-08-18
1425,SHARDACROP,CHEMICALS,787.1,20.8,WATCH,broad composite strength only,35%+ below its 52w high -- long repair needed,26.5,20.1,-39.3,DOWNTREND,15.83,NEUTRAL,2026-08-18
1426,JISLJALEQS,CAPITAL_GOODS,27.73,20.7,WATCH,broad composite strength only,35%+ below its 52w high -- long repair needed,25.7,20.2,-53.0,DOWNTREND,6.16,NEUTRAL,2026-08-18
1427,DECCANCE,CEMENT,544.0,20.6,WATCH,broad composite strength only,35%+ below its 52w high -- long repair needed,25.1,20.0,-53.3,DOWNTREND,1.23,NEUTRAL,2026-08-18
1428,KITEX,TEXTILES,128.81,20.6,WATCH,broad composite strength only,35%+ below its 52w high -- long repair needed,25.9,20.4,-44.6,DOWNTREND,6.24,NEUTRAL,2026-08-18
1429,WAAREEINDO,CAPITAL_GOODS,300.35,20.4,WATCH,broad composite strength only,35%+ below its 52w high -- long repair needed,29.2,20.9,-46.6,INSUFFICIENT_DATA,3.62,NEUTRAL,2026-08-18
1430,IPL,CHEMICALS,141.05,20.4,WATCH,broad composite strength only,35%+ below its 52w high -- long repair needed,27.4,20.1,-41.3,DOWNTREND,2.49,NEUTRAL,2026-08-18
1431,MEDPLUS,PHARMA,656.5,20.3,WATCH,broad composite strength only,35%+ below its 52w high -- long repair needed,28.8,13.6,-35.8,DOWNTREND,22.67,NEUTRAL,2026-08-18
1432,GANESHCP,FMCG,163.96,20.2,WATCH,broad composite strength only,35%+ below its 52w high -- long repair needed,26.2,20.1,-47.1,DOWNTREND,3.3,NEUTRAL,2026-08-18
1433,HGINFRA,INFRASTRUCTURE,514.5,20.1,WATCH,broad composite strength only,35%+ below its 52w high -- long repair needed,25.6,20.1,-51.0,DOWNTREND,3.25,NEUTRAL,2026-08-18
1434,ASALCBR,FMCG,733.25,20.1,WATCH,broad composite strength only,35%+ below its 52w high -- long repair needed,28.3,20.1,-42.6,DOWNTREND,3.1,NEUTRAL,2026-08-18
1435,TIRUMALCHM,CHEMICALS,154.73,20.1,WATCH,broad composite strength only,35%+ below its 52w high -- long repair needed,25.0,20.1,-52.9,DOWNTREND,9.27,NEUTRAL,2026-08-18
1436,HIMATSEIDE,TEXTILES,70.5,20.1,WATCH,broad composite strength only,35%+ below its 52w high -- long repair needed,24.7,20.6,-47.7,DOWNTREND,3.5,NEUTRAL,2026-08-18
1437,AWFIS,IT,268.95,20.0,WATCH,broad composite strength only,35%+ below its 52w high -- long repair needed,25.9,20.9,-57.9,DOWNTREND,6.17,NEUTRAL,2026-08-18
1438,RPPINFRA,FINANCIAL_SERVICES,58.35,20.0,WATCH,broad composite strength only,35%+ below its 52w high -- long repair needed,23.9,19.9,-65.7,DOWNTREND,1.97,NEUTRAL,2026-08-18
1439,KPIGREEN,POWER,303.1,19.8,WATCH,broad composite strength only,35%+ below its 52w high -- long repair needed,25.7,18.3,-44.1,DOWNTREND,39.75,NEUTRAL,2026-08-18
1440,AURIONPRO,IT,722.75,19.8,WATCH,broad composite strength only,35%+ below its 52w high -- long repair needed,26.0,20.2,-46.4,DOWNTREND,15.98,NEUTRAL,2026-08-18
1441,AQYLON,MEDIA,21.79,19.8,WATCH,broad composite strength only,35%+ below its 52w high -- long repair needed,24.3,20.6,-85.4,INSUFFICIENT_DATA,9.65,NEUTRAL,2026-08-18
1442,CEWATER,INFRASTRUCTURE,275.0,19.5,WATCH,volatility squeeze (breakout setup),35%+ below its 52w high -- long repair needed,26.5,20.0,-50.6,DOWNTREND,2.57,NEUTRAL,2026-08-18
1443,ASTEC,CHEMICALS,580.8,19.3,WATCH,broad composite strength only,35%+ below its 52w high -- long repair needed,28.3,19.3,-38.3,DOWNTREND,1.88,NEUTRAL,2026-08-18
1444,MARATHON,REALTY,358.8,19.3,WATCH,broad composite strength only,35%+ below its 52w high -- long repair needed,25.0,20.2,-47.6,DOWNTREND,2.25,NEUTRAL,2026-08-18
1445,SOLARWORLD,INFRASTRUCTURE,153.71,19.2,WATCH,broad composite strength only,35%+ below its 52w high -- long repair needed,26.5,20.2,-60.4,DOWNTREND,5.75,NEUTRAL,2026-08-18
1446,GREENPANEL,REALTY,169.59,19.2,WATCH,broad composite strength only,35%+ below its 52w high -- long repair needed,24.2,20.0,-49.2,DOWNTREND,3.46,NEUTRAL,2026-08-18
1447,KALAMANDIR,RETAIL,86.16,19.2,WATCH,volatility squeeze (breakout setup),35%+ below its 52w high -- long repair needed,23.9,19.7,-61.4,DOWNTREND,4.95,NEUTRAL,2026-08-18
1448,HLEGLAS,CAPITAL_GOODS,314.6,19.1,WATCH,broad composite strength only,35%+ below its 52w high -- long repair needed,24.1,20.0,-52.5,DOWNTREND,13.8,NEUTRAL,2026-08-18
1449,INDOTHAI,FINANCIAL_SERVICES,73.23,18.9,WATCH,broad composite strength only,35%+ below its 52w high -- long repair needed,24.4,19.7,-80.6,INSUFFICIENT_DATA,13.3,NEUTRAL,2026-08-18
1450,HINDWAREAP,REALTY,197.63,18.8,WATCH,broad composite strength only,35%+ below its 52w high -- long repair needed,25.5,20.0,-49.7,DOWNTREND,3.78,NEUTRAL,2026-08-18
1451,STANLEY,REALTY,136.65,18.5,WATCH,broad composite strength only,35%+ below its 52w high -- long repair needed,25.5,19.9,-57.4,DOWNTREND,1.54,NEUTRAL,2026-08-18
1452,TCC,RETAIL,256.3,18.2,WATCH,broad composite strength only,35%+ below its 52w high -- long repair needed,26.2,20.2,-51.3,INSUFFICIENT_DATA,1.26,NEUTRAL,2026-08-18
1453,KEC,INFRASTRUCTURE,436.35,17.4,WATCH,broad composite strength only,35%+ below its 52w high -- long repair needed,25.1,7.2,-53.5,DOWNTREND,42.27,NEUTRAL,2026-08-18
1454,SOLEX,CAPITAL_GOODS,789.0,17.2,WATCH,broad composite strength only,35%+ below its 52w high -- long repair needed,26.0,19.9,-60.2,DOWNTREND,2.67,NEUTRAL,2026-08-18
