symbol,sector,bull_run_score,label,accumulation_score,ml_bull_run_score
ETHOSLTD,FMCG,64.42,BULL_RUN,99.70068,80.78
BAJAJ-AUTO,AUTO,63.1,BULL_RUN,99.58465,80.05
NURECA,HEALTHCARE,61.9,BULL_RUN,99.050865,87.66
SPECTRUM,CAPITAL_GOODS,61.42,BULL_RUN,99.777374,80.2
BIOCON,PHARMA,61.42,BULL_RUN,41.123882,64.8
UNIVCABLES,CAPITAL_GOODS,61.01,BULL_RUN,99.72659,79.95
MPSLTD,HEALTHCARE,60.92,BULL_RUN,99.49635,80.5
SPORTKING,TEXTILES,60.89,BULL_RUN,99.583084,80.14
KAPSTON,OTHER,60.75,BULL_RUN,98.6212,79.7
LALPATHLAB,HEALTHCARE,60.68,BULL_RUN,87.19446,78.62
QUESS,OTHER,60.67,BULL_RUN,99.75361,79.98
RPTECH,IT,60.49,BULL_RUN,99.47857,79.95
RSDFIN,FINANCIAL_SERVICES,60.46,BULL_RUN,99.30225,79.9
NYKAA,RETAIL,60.45,BULL_RUN,99.89503,80.01
GABRIEL,AUTO,60.37,BULL_RUN,99.7764,79.99
LANDMARK,AUTO,60.25,BULL_RUN,98.0374,79.64
DEEPINDS,ENERGY,60.16,BULL_RUN,99.154915,80.13
SONACOMS,AUTO,60.16,BULL_RUN,99.86847,80.24
PAYTM,RETAIL,60.14,BULL_RUN,98.93861,88.26
UYFINCORP,FINANCIAL_SERVICES,60.08,BULL_RUN,96.843735,79.38
SKYGOLD,FMCG,60.05,BULL_RUN,98.91777,79.72
KABRAEXTRU,CAPITAL_GOODS,60.05,BULL_RUN,99.819176,80.28
RATNAVEER,METAL,59.99,EMERGING,99.618225,79.96
SUDEEPPHRM,PHARMA,59.99,EMERGING,21.941326,60.49
RAIN,CHEMICALS,59.98,EMERGING,99.3857,80.36
GANDHAR,ENERGY,59.93,EMERGING,99.788765,79.92
FEDERALBNK,BANKING,59.91,EMERGING,99.72831,79.97
GAEL,AGRICULTURE,59.87,EMERGING,99.81124,79.95
FILATEX,TEXTILES,59.77,EMERGING,99.760605,80.04
DIACABS,FINANCIAL_SERVICES,59.76,EMERGING,99.672516,79.97
CUPID,FMCG,59.74,EMERGING,99.49533,79.93
LAURUSLABS,PHARMA,59.69,EMERGING,99.90638,80.55
MAJESAUT,AUTO,59.67,EMERGING,99.36783,79.95
JINDWORLD,TEXTILES,59.59,EMERGING,99.050644,79.92
DIVISLAB,PHARMA,59.54,EMERGING,99.64304,80.53
CHENNPETRO,METAL,59.49,EMERGING,99.60754,79.9
PRICOLLTD,AUTO,59.44,EMERGING,99.54064,79.99
ESAFSFB,BANKING,59.44,EMERGING,99.643135,79.91
TVSMOTOR,AUTO,59.44,EMERGING,99.36143,80.05
VINDHYATEL,TELECOM,59.3,EMERGING,99.34377,79.93
ABCAPITAL,FINANCIAL_SERVICES,59.29,EMERGING,99.643074,79.92
WELCORP,METAL,59.25,EMERGING,99.83693,79.99
ATULAUTO,AUTO,59.19,EMERGING,99.06709,79.89
UNIPARTS,AUTO,59.12,EMERGING,99.78956,79.97
JSFB,BANKING,59.1,EMERGING,99.23942,79.92
M&MFIN,FINANCIAL_SERVICES,59.09,EMERGING,99.30229,80.14
ARMANFIN,FINANCIAL_SERVICES,59.09,EMERGING,98.31094,79.68
SJS,AUTO,59.05,EMERGING,99.76677,79.96
SCPL,OTHER,59.03,EMERGING,98.22585,79.54
NGLFINE,PHARMA,59.01,EMERGING,99.76786,79.95
ASKAUTOLTD,AUTO,58.99,EMERGING,99.7059,80.24
LLOYDSENGG,CAPITAL_GOODS,58.98,EMERGING,99.4242,79.87
MANAPPURAM,FINANCIAL_SERVICES,58.94,EMERGING,99.63649,79.97
IRISDOREME,TEXTILES,58.93,EMERGING,98.32342,79.9
UJJIVANSFB,BANKING,58.81,EMERGING,99.39802,79.95
TRANSPEK,CAPITAL_GOODS,58.64,EMERGING,98.43709,79.7
CRAFTSMAN,AUTO,58.59,EMERGING,99.36547,79.94
REDINGTON,IT,58.59,EMERGING,99.691376,79.97
ATHERENERG,AUTO,58.55,EMERGING,99.881386,79.99
RITCO,LOGISTICS,58.54,EMERGING,93.38996,79.7
SSWL,AUTO,58.46,EMERGING,99.769684,80.09
MOTHERSON,CAPITAL_GOODS,58.43,EMERGING,98.08604,79.82
THEJO,CAPITAL_GOODS,58.4,EMERGING,98.87187,79.87
HAPPYFORGE,CAPITAL_GOODS,58.35,EMERGING,99.74247,79.95
RANEHOLDIN,FINANCIAL_SERVICES,58.28,EMERGING,99.52249,79.9
ARTEMISMED,HEALTHCARE,58.25,EMERGING,99.01445,79.92
ALGOQUANT,FINANCIAL_SERVICES,58.21,EMERGING,43.52223,74.01
LASERPOWER,OTHER,58.2,EMERGING,1.2392343,59.29
BUILDPRO,RETAIL,58.2,EMERGING,88.208046,78.61
OPTIEMUS,TELECOM,58.17,EMERGING,99.63849,79.95
VADILALIND,FMCG,58.1,EMERGING,99.550735,79.95
ATALREAL,REALTY,58.07,EMERGING,90.34415,78.27
NITINSPIN,TEXTILES,58.06,EMERGING,97.50035,79.81
MEDANTA,HEALTHCARE,58.06,EMERGING,99.644,79.95
SAHYADRI,CHEMICALS,58.03,EMERGING,98.89539,79.84
SHRIPISTON,AUTO,58.0,EMERGING,97.761604,79.88
YASHO,CHEMICALS,57.98,EMERGING,99.77276,80.04
AMAGI,IT,57.94,EMERGING,98.36359,79.95
CYIENTDLM,CAPITAL_GOODS,57.92,EMERGING,99.224915,79.97
SANSERA,AUTO,57.87,EMERGING,99.68454,79.97
BAJFINANCE,FINANCIAL_SERVICES,57.85,EMERGING,99.75443,79.97
LLOYDSME,METAL,57.75,EMERGING,99.623116,79.94
SAILIFE,CHEMICALS,57.73,EMERGING,99.5985,79.92
RRKABEL,CAPITAL_GOODS,57.72,EMERGING,99.6014,79.95
GSPCROP,CHEMICALS,57.69,EMERGING,81.1931,77.49
HMVL,MEDIA,57.68,EMERGING,98.503555,79.84
LOTUSDEV,REALTY,57.68,EMERGING,96.78821,79.83
TBZ,FMCG,57.63,EMERGING,99.08735,79.84
CONFIPET,ENERGY,57.62,EMERGING,99.47639,79.86
ASIANENE,ENERGY,57.56,EMERGING,98.27235,79.8
GRWRHITECH,CAPITAL_GOODS,57.56,EMERGING,98.871185,79.88
RKFORGE,AUTO,57.56,EMERGING,98.10005,79.75
THELEELA,HOSPITALITY,57.54,EMERGING,99.34266,79.78
CENTENKA,TEXTILES,57.5,EMERGING,99.58593,79.95
SGFIN,FINANCIAL_SERVICES,57.46,EMERGING,98.195305,79.71
PRUDENT,FINANCIAL_SERVICES,57.45,EMERGING,99.39811,79.87
AEGISVOPAK,ENERGY,57.43,EMERGING,99.57771,79.92
METROPOLIS,HEALTHCARE,57.42,EMERGING,76.1227,77.27
MAHASTEEL,OTHER,57.39,EMERGING,70.21711,71.96
SUPRAJIT,AUTO,57.38,EMERGING,98.09206,79.88
VARROC,AUTO,57.36,EMERGING,98.67675,79.71
TATVA,CHEMICALS,57.33,EMERGING,99.30943,80.12
CHOLAFIN,FINANCIAL_SERVICES,57.32,EMERGING,98.59437,79.87
OMNI,CAPITAL_GOODS,57.27,EMERGING,98.83732,79.86
KARURVYSYA,BANKING,57.24,EMERGING,98.20533,79.78
ZYDUSLIFE,PHARMA,57.22,EMERGING,56.863056,75.05
EMCURE,PHARMA,57.2,EMERGING,99.62902,79.83
RADICO,FMCG,57.2,EMERGING,99.7436,79.94
ADOR,CAPITAL_GOODS,57.2,EMERGING,99.85722,79.98
NILE,METAL,57.2,EMERGING,90.294945,78.53
SHREEJISPG,LOGISTICS,57.13,EMERGING,98.39616,79.84
KDDL,FMCG,57.11,EMERGING,98.12111,79.75
UTLSOLAR,CAPITAL_GOODS,57.1,EMERGING,84.50717,78.03
CMLL,OTHER,57.07,EMERGING,1.5259781,59.16
MMFL,AUTO,57.04,EMERGING,98.74385,79.73
TAALTECH,AVIATION,57.02,EMERGING,88.19226,77.96
EICHERMOT,AUTO,56.99,EMERGING,95.57074,79.56
AETHER,CHEMICALS,56.93,EMERGING,99.84772,79.96
AARVI,OTHER,56.92,EMERGING,96.563385,79.38
PPLPHARMA,PHARMA,56.9,EMERGING,98.1502,79.84
HIRECT,CAPITAL_GOODS,56.87,EMERGING,42.161945,66.46
RATEGAIN,IT,56.83,EMERGING,93.73997,79.43
SOTL,ENERGY,56.83,EMERGING,98.62411,79.83
MANCREDIT,FINANCIAL_SERVICES,56.83,EMERGING,98.49401,79.8
GLAND,PHARMA,56.81,EMERGING,99.49189,79.95
MINDACORP,AUTO,56.77,EMERGING,95.83232,79.52
SHALPAINTS,CHEMICALS,56.75,EMERGING,93.77313,79.68
KNACK,OTHER,56.71,EMERGING,0.7763853,59.34
JGCHEM,CHEMICALS,56.66,EMERGING,91.07104,79.07
VISAKAIND,TEXTILES,56.66,EMERGING,98.44648,79.81
PICCADIL,FMCG,56.56,EMERGING,96.34187,79.54
PGIL,TEXTILES,56.56,EMERGING,81.4447,76.84
ELPROINTL,REALTY,56.56,EMERGING,94.747284,79.14
FERMENTA,PHARMA,56.53,EMERGING,96.524765,79.75
BLSE,IT,56.52,EMERGING,93.80583,79.62
THYROCARE,HEALTHCARE,56.52,EMERGING,57.57286,71.83
HEG,CAPITAL_GOODS,56.51,EMERGING,93.036674,79.53
INDNIPPON,CAPITAL_GOODS,56.48,EMERGING,99.77179,80.02
ACE,AUTO,56.47,EMERGING,97.73522,79.74
CHOICEIN,INFRASTRUCTURE,56.43,EMERGING,86.1792,78.78
SAKAR,PHARMA,56.42,EMERGING,98.61579,79.68
AMBALALSA,PHARMA,56.38,EMERGING,95.65631,79.63
SGMART,METAL,56.37,EMERGING,81.029076,76.81
TORNTPHARM,PHARMA,56.34,EMERGING,99.66259,79.94
TFCILTD,FINANCIAL_SERVICES,56.3,EMERGING,40.7533,62.76
BALRAMCHIN,FMCG,56.3,EMERGING,99.773636,79.97
TITAN,FMCG,56.29,EMERGING,98.90291,79.81
INDIANHUME,CAPITAL_GOODS,56.28,EMERGING,96.3869,79.5
TBOTEK,HOSPITALITY,56.25,EMERGING,96.993614,79.73
UNITDSPR,FMCG,56.22,EMERGING,96.0539,79.01
AJANTPHARM,PHARMA,56.22,EMERGING,98.91076,79.86
GODREJIND,REALTY,56.22,EMERGING,99.556595,79.86
SHILPAMED,PHARMA,56.22,EMERGING,96.06887,79.06
NELCO,IT,56.21,EMERGING,98.32048,79.79
BAJAJFINSV,FINANCIAL_SERVICES,56.21,EMERGING,98.31172,79.84
LODHA,REALTY,56.17,EMERGING,98.55393,80.34
LLOYDSENT,CAPITAL_GOODS,56.17,EMERGING,95.98583,79.41
RAINBOW,HEALTHCARE,56.16,EMERGING,98.374214,79.79
HNDFDS,FMCG,56.12,EMERGING,95.47575,78.85
SHRIRAMFIN,FINANCIAL_SERVICES,56.12,EMERGING,84.196976,75.44
IIFL,FINANCIAL_SERVICES,56.11,EMERGING,98.41168,80.14
LENSKART,RETAIL,55.96,EMERGING,76.00831,75.34
KTKBANK,BANKING,55.95,EMERGING,97.490395,79.84
AEGISLOG,ENERGY,55.94,EMERGING,97.25125,79.67
IGPL,CHEMICALS,55.92,EMERGING,97.09556,79.73
ARIHANT,REALTY,55.91,EMERGING,90.77837,78.74
RBLBANK,BANKING,55.87,EMERGING,96.04501,79.54
KMEW,INFRASTRUCTURE,55.86,EMERGING,99.64927,79.88
APCOTEXIND,FINANCIAL_SERVICES,55.84,EMERGING,99.42994,79.92
RSL,METAL,55.83,EMERGING,45.00617,67.63
BHARATFORG,AUTO,55.83,EMERGING,91.054276,79.2
TMB,REALTY,55.83,EMERGING,99.29479,79.87
LTM,IT,55.81,EMERGING,89.388176,79.27
VERANDA,HEALTHCARE,55.8,EMERGING,95.01111,79.17
RAJRATAN,AUTO,55.79,EMERGING,96.38647,79.7
BEPL,CAPITAL_GOODS,55.78,EMERGING,95.336,79.28
UNIMECH,DEFENCE,55.77,EMERGING,94.221245,78.9
FLUOROCHEM,CHEMICALS,55.77,EMERGING,99.83864,79.95
DALMIASUG,FMCG,55.76,EMERGING,88.20263,78.56
ABB,CAPITAL_GOODS,55.76,EMERGING,96.22378,79.77
ALIVUS,PHARMA,55.73,EMERGING,98.05966,79.69
GARFIBRES,TEXTILES,55.67,EMERGING,25.591587,66.08
NEULANDLAB,PHARMA,55.64,EMERGING,98.03397,79.82
ADANIENSOL,POWER,55.63,EMERGING,97.51394,79.78
COFORGE,IT,55.6,EMERGING,97.60366,79.78
BELRISE,CAPITAL_GOODS,55.59,EMERGING,90.42289,77.84
PGEL,CAPITAL_GOODS,55.58,EMERGING,82.80763,76.74
CNL,RETAIL,55.56,EMERGING,84.451004,78.42
GRASIM,CEMENT,55.54,EMERGING,75.47842,78.41
IDFCFIRSTB,BANKING,55.52,EMERGING,97.39571,79.77
MONARCH,FINANCIAL_SERVICES,55.51,EMERGING,82.11319,77.47
SIEMENS,CAPITAL_GOODS,55.51,EMERGING,86.06268,78.0
OAL,CHEMICALS,55.48,EMERGING,97.788795,79.69
NAZARA,IT,55.44,EMERGING,28.750631,61.32
BLUESTONE,FMCG,55.43,EMERGING,97.0009,79.75
MUTHOOTMF,FINANCIAL_SERVICES,55.41,EMERGING,97.916916,79.65
MEDICO,PHARMA,55.4,EMERGING,94.68232,79.39
ASTERDM,HEALTHCARE,55.39,EMERGING,96.75328,79.35
NESTLEIND,FMCG,55.37,EMERGING,91.248856,78.58
APOLLOPIPE,CAPITAL_GOODS,55.36,EMERGING,98.49269,79.79
ROSSTECH,DEFENCE,55.35,EMERGING,94.74299,79.53
WSTCSTPAPR,CHEMICALS,55.32,EMERGING,98.26423,79.16
GHCLTEXTIL,TEXTILES,55.28,EMERGING,99.74313,79.94
AMBIKCO,TEXTILES,55.23,EMERGING,73.48664,76.09
RHETAN,METAL,55.22,EMERGING,23.986992,68.0
KALYANKJIL,FMCG,55.19,EMERGING,99.11486,79.83
SANGAMIND,TEXTILES,55.15,EMERGING,96.770256,79.55
AZAD,CAPITAL_GOODS,55.15,EMERGING,90.80581,78.83
SOUTHBANK,BANKING,55.12,EMERGING,94.16835,78.56
HUHTAMAKI,CHEMICALS,55.11,EMERGING,98.983406,80.24
ASTRAMICRO,DEFENCE,55.1,EMERGING,95.83216,79.68
INDORAMA,TEXTILES,55.07,EMERGING,98.01813,79.88
BALKRISIND,AUTO,55.05,EMERGING,92.25147,78.06
SHAREINDIA,FINANCIAL_SERVICES,55.04,EMERGING,95.96953,79.29
MUNJALSHOW,AUTO,55.04,EMERGING,83.493904,78.23
ALPHAGEO,ENERGY,55.01,EMERGING,94.36117,79.61
NOVARTIND,PHARMA,54.97,EMERGING,94.57916,79.55
COMSYN,AUTO,54.95,EMERGING,95.54265,79.08
TATATECH,FMCG,54.94,EMERGING,89.683495,79.09
SHYAMMETL,METAL,54.94,EMERGING,94.41709,79.44
PVRINOX,MEDIA,54.91,EMERGING,73.11933,76.55
PAUSHAKLTD,CHEMICALS,54.9,EMERGING,93.8887,78.89
GPTHEALTH,HEALTHCARE,54.88,EMERGING,98.18275,79.65
EXIDEIND,AUTO,54.86,EMERGING,95.54308,79.55
GOODYEAR,AUTO,54.86,EMERGING,77.261696,76.45
SMLMAH,AUTO,54.85,EMERGING,96.96456,79.68
KSHINTL,CAPITAL_GOODS,54.82,EMERGING,91.971214,78.64
AKUMS,PHARMA,54.79,EMERGING,99.1629,79.86
UFBL,HOSPITALITY,54.69,EMERGING,76.01739,77.42
SHAILY,CAPITAL_GOODS,54.69,EMERGING,85.69648,73.64
NAUKRI,RETAIL,54.68,EMERGING,67.68209,75.57
ADVAIT,CAPITAL_GOODS,54.68,EMERGING,35.722755,63.99
AUROPHARMA,PHARMA,54.62,EMERGING,40.575047,62.89
GCSL,FINANCIAL_SERVICES,54.61,EMERGING,80.80371,78.06
INDSWFTLAB,PHARMA,54.6,EMERGING,74.696686,76.62
PRECOT,TEXTILES,54.59,EMERGING,93.45623,78.74
3IINFOLTD,IT,54.59,EMERGING,98.57744,79.89
INDUSINDBK,BANKING,54.54,EMERGING,97.10992,79.53
VAIBHAVGBL,FMCG,54.5,EMERGING,97.19977,79.54
MMP,METAL,54.5,EMERGING,76.0084,78.52
SAREGAMA,MEDIA,54.45,EMERGING,95.34831,79.58
3MINDIA,DIVERSIFIED,54.43,EMERGING,27.104712,65.95
SUNPHARMA,PHARMA,54.42,EMERGING,96.446625,79.34
DECNGOLD,METAL,54.41,EMERGING,91.48037,78.83
SBC,TEXTILES,54.37,EMERGING,18.152943,60.84
SFL,REALTY,54.3,EMERGING,86.2818,77.86
JSWSTEEL,METAL,54.29,EMERGING,20.61227,62.61
VOEPL,OTHER,54.29,EMERGING,92.18447,78.39
HESTERBIO,PHARMA,54.27,EMERGING,98.61612,79.74
AARTISURF,CHEMICALS,54.27,EMERGING,73.13264,75.42
HSCL,CHEMICALS,54.25,EMERGING,99.373924,79.87
GNA,AUTO,54.23,EMERGING,99.13721,79.89
KAJARIACER,CAPITAL_GOODS,54.2,EMERGING,21.258265,61.2
SILVERTUC,IT,54.18,EMERGING,31.367716,64.89
KIRANVYPAR,FINANCIAL_SERVICES,54.18,EMERGING,83.69867,78.61
CREDITACC,FINANCIAL_SERVICES,54.1,EMERGING,76.27693,73.02
MUNJALAU,AUTO,54.08,EMERGING,72.69181,77.44
LAGNAM,TEXTILES,54.07,EMERGING,23.897453,62.51
VSSL,METAL,54.03,EMERGING,50.361603,76.35
QMSMEDI,OTHER,54.0,EMERGING,21.274271,62.46
OFSS,FINANCIAL_SERVICES,53.96,EMERGING,95.93714,79.37
APOLLOHOSP,HEALTHCARE,53.96,EMERGING,45.075703,66.26
UEL,POWER,53.89,EMERGING,93.14034,78.8
TEXINFRA,CAPITAL_GOODS,53.89,EMERGING,10.995304,60.7
JUBLINGREA,CHEMICALS,53.88,EMERGING,84.51822,78.24
SHADOWFAX,LOGISTICS,53.83,EMERGING,91.57448,79.07
STARHEALTH,FINANCIAL_SERVICES,53.82,EMERGING,80.91786,76.22
MUKANDLTD,METAL,53.79,EMERGING,4.5016813,60.53
MARICO,FMCG,53.78,EMERGING,88.97404,78.03
ICICIBANK,BANKING,53.77,EMERGING,51.357796,66.0
RISHABH,CAPITAL_GOODS,53.75,EMERGING,48.118736,62.73
MANORAMA,FMCG,53.74,EMERGING,61.222057,72.16
TECHM,IT,53.73,EMERGING,94.74401,79.23
RUBICON,PHARMA,53.69,EMERGING,94.84254,79.3
GOCLCORP,CHEMICALS,53.62,EMERGING,89.39689,78.57
NRBBEARING,AUTO,53.6,EMERGING,77.764496,65.25
360ONE,FINANCIAL_SERVICES,53.6,EMERGING,42.27383,65.92
SUNDRMFAST,AUTO,53.59,EMERGING,84.0523,79.16
PNBHOUSING,FINANCIAL_SERVICES,53.53,EMERGING,71.34764,76.66
PIDILITIND,CHEMICALS,53.51,EMERGING,4.7879643,59.95
ANTHEM,PHARMA,53.49,EMERGING,90.99657,79.01
SANATHAN,TEXTILES,53.49,EMERGING,95.21311,77.82
BUTTERFLY,FMCG,53.48,EMERGING,41.82304,66.98
MUFIN,FINANCIAL_SERVICES,53.42,EMERGING,10.334071,60.66
MAHLIFE,REALTY,53.35,EMERGING,89.129005,78.24
ECLERX,IT,53.35,EMERGING,2.787914,60.06
AVALON,CAPITAL_GOODS,53.33,EMERGING,27.916735,62.93
ITDC,CAPITAL_GOODS,53.32,EMERGING,66.26675,77.5
STEELCAS,CAPITAL_GOODS,53.3,EMERGING,27.902699,62.99
SIGIND,MEDIA,53.25,EMERGING,35.044964,68.32
RPGLIFE,PHARMA,53.25,EMERGING,85.00073,79.38
SBCL,METAL,53.22,EMERGING,24.218637,62.61
HALDER,AGRICULTURE,53.21,EMERGING,48.549423,68.99
A2ZINFRA,INFRASTRUCTURE,53.2,EMERGING,79.70034,76.6
IMFA,METAL,53.19,EMERGING,42.22628,75.14
CORONA,PHARMA,53.18,EMERGING,87.184235,77.75
BETA,PHARMA,53.14,EMERGING,78.709015,77.24
GATECH,FINANCIAL_SERVICES,53.11,EMERGING,88.87091,79.3
SALSTEEL,OTHER,53.1,EMERGING,1.5424219,47.94
MENNPIS,AUTO,53.07,EMERGING,73.28442,77.24
SENORES,PHARMA,53.03,EMERGING,40.718662,65.0
SGIL,CAPITAL_GOODS,53.01,EMERGING,2.3407178,60.31
SONATSOFTW,IT,53.0,EMERGING,97.07584,79.63
CAPLIPOINT,PHARMA,52.99,EMERGING,6.6133685,60.66
MARINE,CAPITAL_GOODS,52.98,EMERGING,34.01365,62.04
DENORA,CAPITAL_GOODS,52.96,EMERGING,56.677975,65.48
SENCO,FMCG,52.95,EMERGING,66.6192,77.23
PARKHOSPS,HEALTHCARE,52.95,EMERGING,45.364326,68.53
PTCIL,POWER,52.91,EMERGING,11.647747,62.71
PANAMAPET,ENERGY,52.87,EMERGING,96.15456,79.3
HTMEDIA,MEDIA,52.86,EMERGING,65.83584,77.39
HAL,DEFENCE,52.85,EMERGING,25.4992,63.33
POLYPLEX,CHEMICALS,52.85,EMERGING,52.991657,72.39
ZSARACOM,FINANCIAL_SERVICES,52.83,EMERGING,86.83031,78.53
MACPOWER,CAPITAL_GOODS,52.82,EMERGING,71.22207,77.53
WEWORK,REALTY,52.8,EMERGING,7.5623617,60.55
STYLAMIND,REALTY,52.79,EMERGING,98.51157,79.87
TRAVELFOOD,HOSPITALITY,52.79,EMERGING,26.636314,61.05
MODIS,REALTY,52.78,EMERGING,37.78291,68.85
RAYMONDREL,REALTY,52.78,EMERGING,52.839447,68.07
CENTUM,CAPITAL_GOODS,52.75,EMERGING,73.94644,69.25
STYL,FINANCIAL_SERVICES,52.74,EMERGING,93.14041,78.81
SHINDL,CAPITAL_GOODS,52.73,EMERGING,55.936455,75.71
ETERNAL,RETAIL,52.72,EMERGING,87.672844,74.15
PERSISTENT,IT,52.7,EMERGING,62.200874,77.67
BHAGCHEM,CHEMICALS,52.7,EMERGING,86.46258,78.28
USHAMART,METAL,52.7,EMERGING,36.83034,66.04
INDHOTEL,HOSPITALITY,52.7,EMERGING,83.79596,77.99
PAISALO,FINANCIAL_SERVICES,52.7,EMERGING,41.636066,68.92
GLAXO,PHARMA,52.69,EMERGING,65.86338,73.96
LTF,FINANCIAL_SERVICES,52.64,EMERGING,42.3154,64.83
JAYAGROGN,CHEMICALS,52.63,EMERGING,16.888092,61.78
KINGFA,CAPITAL_GOODS,52.6,EMERGING,11.83683,60.42
KIMS,HEALTHCARE,52.6,EMERGING,49.620785,62.78
NAHARSPING,OTHER,52.6,EMERGING,8.847514,48.18
SMCGLOBAL,FINANCIAL_SERVICES,52.52,EMERGING,2.4028044,60.01
GOODLUCK,METAL,52.52,EMERGING,32.46502,61.54
GRANULES,PHARMA,52.52,EMERGING,36.62581,65.02
CINELINE,MEDIA,52.49,EMERGING,1.6566333,60.27
CARTRADE,RETAIL,52.49,EMERGING,61.085255,66.99
ALKEM,PHARMA,52.47,EMERGING,30.46752,64.65
RICOAUTO,AUTO,52.47,EMERGING,35.93101,66.95
KHAITANLTD,OTHER,52.45,EMERGING,0.18933249,53.93
M&M,HOSPITALITY,52.43,EMERGING,18.7655,62.16
KCPSUGIND,FMCG,52.42,EMERGING,96.173325,79.18
JAMNAAUTO,AUTO,52.42,EMERGING,20.915663,60.96
ANANTRAJ,REALTY,52.4,EMERGING,97.19101,79.7
WOCKPHARMA,PHARMA,52.37,EMERGING,98.09591,79.84
CONCOR,LOGISTICS,52.34,EMERGING,7.527519,60.85
TPLPLASTEH,CHEMICALS,52.34,EMERGING,79.24089,78.45
TINNARUBR,REALTY,52.34,EMERGING,99.66323,79.93
PRAVEG,HOSPITALITY,52.33,EMERGING,50.119297,73.76
TARSONS,HEALTHCARE,52.32,EMERGING,5.5013633,60.39
NETWEB,FMCG,52.31,EMERGING,85.781685,77.87
RML,AUTO,52.29,EMERGING,30.890045,63.25
NIBL,CAPITAL_GOODS,52.28,EMERGING,60.20512,76.15
63MOONS,IT,52.27,EMERGING,83.85737,78.86
INDGN,HEALTHCARE,52.27,EMERGING,5.853018,61.19
ASIANPAINT,CHEMICALS,52.2,EMERGING,33.32198,68.15
NIVABUPA,FINANCIAL_SERVICES,52.19,EMERGING,13.515934,61.04
TTKHLTCARE,DIVERSIFIED,52.18,EMERGING,4.4660206,60.26
FSL,IT,52.18,EMERGING,46.981495,75.24
NILKAMAL,FMCG,52.16,EMERGING,98.3113,79.62
TAKE,OTHER,52.16,EMERGING,0.14365734,56.9
GRAVISSHO,HOSPITALITY,52.15,EMERGING,85.46117,78.3
PNGJL,FMCG,52.12,EMERGING,34.597908,62.16
KROSS,AUTO,52.1,EMERGING,21.8061,62.66
ENDURANCE,AUTO,52.09,EMERGING,25.575579,63.13
HEROMOTOCO,AUTO,52.09,EMERGING,15.1254635,61.26
NITIRAJ,CAPITAL_GOODS,52.06,EMERGING,7.5570183,63.84
NEPHROPLUS,HEALTHCARE,52.04,EMERGING,11.697512,60.87
CANHLIFE,FINANCIAL_SERVICES,51.99,WATCHLIST,13.755123,62.34
UNOMINDA,AUTO,51.98,WATCHLIST,28.307026,70.61
INOXINDIA,CAPITAL_GOODS,51.98,WATCHLIST,7.1354814,61.09
AARNAV,TEXTILES,51.96,WATCHLIST,91.98206,79.07
IKS,IT,51.94,WATCHLIST,9.296827,60.65
APLAPOLLO,METAL,51.94,WATCHLIST,8.731135,60.25
OBEROIRLTY,REALTY,51.92,WATCHLIST,12.462076,60.7
AVADHSUGAR,OTHER,51.91,WATCHLIST,36.949055,62.66
TATACAP,FINANCIAL_SERVICES,51.87,WATCHLIST,23.34417,62.78
JSWINFRA,INFRASTRUCTURE,51.86,WATCHLIST,21.266504,63.47
MAHLOG,LOGISTICS,51.84,WATCHLIST,66.976906,77.05
NAM-INDIA,AMC,51.82,WATCHLIST,2.999347,60.32
SUNFLAG,METAL,51.74,WATCHLIST,69.95461,77.46
MANGLMCEM,CEMENT,51.73,WATCHLIST,44.53627,71.74
NATIONALUM,METAL,51.66,WATCHLIST,51.49356,63.83
E2E,IT,51.62,WATCHLIST,2.880697,29.99
FIEMIND,AUTO,51.62,WATCHLIST,13.524903,61.52
BALPHARMA,PHARMA,51.6,WATCHLIST,6.3569794,61.34
PYRAMID,CHEMICALS,51.55,WATCHLIST,15.635284,62.93
DIVGIITTS,DEFENCE,51.52,WATCHLIST,32.78049,63.35
PARAS,DEFENCE,51.51,WATCHLIST,31.559547,61.59
TIMEX,FMCG,51.5,WATCHLIST,89.06372,77.85
GULPOLY,AGRICULTURE,51.5,WATCHLIST,51.699245,65.46
RAYMOND,REALTY,51.47,WATCHLIST,6.5255404,60.41
TALBROAUTO,AUTO,51.46,WATCHLIST,1.3243264,59.88
LUMAXIND,AUTO,51.44,WATCHLIST,60.008793,71.27
WELENT,METAL,51.37,WATCHLIST,1.7901208,60.08
ORCHPHARMA,PHARMA,51.37,WATCHLIST,12.195444,60.85
SARLAPOLY,TEXTILES,51.35,WATCHLIST,1.7913569,59.96
AUBANK,BANKING,51.34,WATCHLIST,3.5079765,60.19
JINDRILL,ENERGY,51.34,WATCHLIST,3.9299805,60.47
CARERATING,FINANCIAL_SERVICES,51.34,WATCHLIST,1.0069385,60.07
TIPSMUSIC,MEDIA,51.32,WATCHLIST,1.9976044,60.39
ARE&M,AUTO,51.26,WATCHLIST,9.625035,60.89
JKPAPER,CHEMICALS,51.26,WATCHLIST,32.972374,73.55
TVSHLTD,FINANCIAL_SERVICES,51.25,WATCHLIST,8.545264,61.1
BHEL,FMCG,51.24,WATCHLIST,51.36026,75.99
JETFREIGHT,LOGISTICS,51.23,WATCHLIST,38.416054,56.81
JUSTDIAL,RETAIL,51.22,WATCHLIST,3.5247393,60.26
SUYOG,TELECOM,51.22,WATCHLIST,1.7804539,59.97
CREST,FINANCIAL_SERVICES,51.21,WATCHLIST,2.6160781,60.05
PAR,PHARMA,51.2,WATCHLIST,4.2795005,60.88
CORDELIA,OTHER,51.19,WATCHLIST,27.355385,63.17
VIJAYA,HEALTHCARE,51.17,WATCHLIST,4.870637,60.21
TCPLPACK,CHEMICALS,51.17,WATCHLIST,20.284765,61.95
DPABHUSHAN,FMCG,51.15,WATCHLIST,5.247375,60.26
HFCL,TELECOM,51.14,WATCHLIST,33.436306,63.91
RPSGVENT,IT,51.12,WATCHLIST,89.52553,78.94
SBILIFE,FINANCIAL_SERVICES,51.1,WATCHLIST,11.586526,60.29
SOLARINDS,CHEMICALS,51.06,WATCHLIST,3.1036882,60.28
DIFFNKG,CAPITAL_GOODS,51.06,WATCHLIST,3.2633047,60.17
AEROPLANE,OTHER,51.05,WATCHLIST,0.6342614,59.68
TIMETECHNO,CAPITAL_GOODS,51.04,WATCHLIST,8.469597,60.16
KUSUMGAR,OTHER,51.03,WATCHLIST,0.36388588,59.54
LMW,CAPITAL_GOODS,51.02,WATCHLIST,9.652285,61.13
ONWARDTEC,TEXTILES,51.01,WATCHLIST,11.753966,60.81
MERCURYEV,OTHER,50.96,WATCHLIST,0.3206073,59.45
PNGSREVA,FMCG,50.96,WATCHLIST,12.834978,60.19
CCAVENUE,FINANCIAL_SERVICES,50.96,WATCHLIST,6.0038214,59.56
AFIL,OTHER,50.94,WATCHLIST,1.9833086,59.66
GODREJPROP,REALTY,50.92,WATCHLIST,50.40525,74.24
TIIL,METAL,50.88,WATCHLIST,1.4298458,60.05
BHARTIARTL,TELECOM,50.87,WATCHLIST,4.679388,60.25
INDPRUD,AUTO,50.87,WATCHLIST,8.3481045,61.46
CSM,OTHER,50.86,WATCHLIST,21.582188,65.24
SUNDARMFIN,FINANCIAL_SERVICES,50.84,WATCHLIST,33.351643,61.36
MANOMAY,TEXTILES,50.81,WATCHLIST,47.22849,75.92
NDLVENTURE,FINANCIAL_SERVICES,50.8,WATCHLIST,9.452059,59.5
PONNIERODE,FMCG,50.8,WATCHLIST,26.963408,62.77
JYOTICNC,CAPITAL_GOODS,50.8,WATCHLIST,5.407264,61.26
SUPREMEINF,INFRASTRUCTURE,50.78,WATCHLIST,2.1614113,58.67
CARYSIL,FMCG,50.77,WATCHLIST,12.478125,61.0
HONASA,FMCG,50.76,WATCHLIST,11.352241,60.27
ANTELOPUS,ENERGY,50.69,WATCHLIST,13.63821,60.73
DIAMONDYD,FMCG,50.69,WATCHLIST,4.551935,60.17
CPPLUS,CAPITAL_GOODS,50.69,WATCHLIST,26.411173,66.04
BORANA,TEXTILES,50.66,WATCHLIST,5.3659444,59.65
SPECIALITY,HOSPITALITY,50.66,WATCHLIST,13.181088,60.62
NEOGEN,CHEMICALS,50.65,WATCHLIST,68.64261,77.86
HEALTHX,HEALTHCARE,50.6,WATCHLIST,5.4064984,59.3
JAGSNPHARM,PHARMA,50.59,WATCHLIST,1.2356567,60.07
WELSPUNLIV,TEXTILES,50.58,WATCHLIST,1.0455121,59.49
DREDGECORP,INFRASTRUCTURE,50.57,WATCHLIST,21.5748,60.85
AVL,RETAIL,50.52,WATCHLIST,4.520932,60.34
ULTRACEMCO,CEMENT,50.43,WATCHLIST,2.8089893,60.14
IKIO,CHEMICALS,50.41,WATCHLIST,43.434498,64.54
PLASTIBLEN,CHEMICALS,50.41,WATCHLIST,64.148575,63.28
PGHL,PHARMA,50.4,WATCHLIST,1.8461211,60.19
KICL,FINANCIAL_SERVICES,50.36,WATCHLIST,27.77974,62.26
GATECHDVR,FINANCIAL_SERVICES,50.36,WATCHLIST,25.524193,64.32
VIDHIING,CHEMICALS,50.35,WATCHLIST,2.7662554,60.28
CLEANMAX,POWER,50.33,WATCHLIST,31.777254,62.28
TASTYBITE,FMCG,50.32,WATCHLIST,7.375847,60.55
RECLTD,FINANCIAL_SERVICES,50.32,WATCHLIST,0.1582046,59.92
RELIABLE,FINANCIAL_SERVICES,50.32,WATCHLIST,14.97453,59.61
KECL,OTHER,50.3,WATCHLIST,3.8289845,59.25
ICEMAKE,CAPITAL_GOODS,50.27,WATCHLIST,4.2778435,60.33
SANSTAR,AGRICULTURE,50.27,WATCHLIST,11.7457075,61.48
SANGHVIMOV,CAPITAL_GOODS,50.26,WATCHLIST,1.4429288,60.01
EQUITASBNK,BANKING,50.26,WATCHLIST,6.2887616,60.25
SUVEN,HEALTHCARE,50.25,WATCHLIST,54.124153,74.96
ASHOKLEY,AUTO,50.24,WATCHLIST,32.53414,67.2
NEAGI,FMCG,50.22,WATCHLIST,11.179606,61.01
NAVINFLUOR,CHEMICALS,50.21,WATCHLIST,5.401207,60.52
RIR,OTHER,50.19,WATCHLIST,0.9041463,59.85
NIRLON,REALTY,50.14,WATCHLIST,1.6593311,60.11
VENKEYS,FMCG,50.13,WATCHLIST,15.6178875,61.09
JINDALSAW,METAL,50.13,WATCHLIST,6.8772306,60.64
ANANDRATHI,FINANCIAL_SERVICES,50.12,WATCHLIST,4.8605676,55.17
MANKIND,PHARMA,50.12,WATCHLIST,10.401601,60.35
LUMAXTECH,AUTO,50.12,WATCHLIST,13.40487,61.74
AUTOAXLES,AUTO,50.12,WATCHLIST,8.828468,60.59
DIGJAMLMTD,TEXTILES,50.1,WATCHLIST,13.913311,60.19
AUTOBEES,OTHER,50.06,WATCHLIST,84.00284,78.57
NRAIL,CHEMICALS,50.02,WATCHLIST,1.0730324,60.03
SHIVAUM,METAL,50.02,WATCHLIST,1.6954621,60.05
IPCALAB,PHARMA,50.01,WATCHLIST,7.1259117,60.64
HCLTECH,IT,50.0,WATCHLIST,4.185196,60.5
KIRLFER,METAL,50.0,WATCHLIST,3.4222074,60.32
INDOBORAX,CHEMICALS,49.95,WATCHLIST,60.189365,76.46
SIKKO,CHEMICALS,49.94,WATCHLIST,9.215921,58.82
RELIGARE,ENERGY,49.93,WATCHLIST,8.387339,60.14
SIGMA,IT,49.92,WATCHLIST,76.166985,77.82
CPL,OTHER,49.92,WATCHLIST,0.80342823,59.82
SYRMA,CAPITAL_GOODS,49.9,WATCHLIST,9.759322,60.61
RPEL,CAPITAL_GOODS,49.9,WATCHLIST,0.9675474,59.99
CUMMINSIND,CAPITAL_GOODS,49.9,WATCHLIST,7.508918,60.35
INDIAGLYCO,FMCG,49.89,WATCHLIST,0.7284962,58.25
SEDEMAC,AUTO,49.88,WATCHLIST,2.2966325,59.74
KOTHARIPET,CHEMICALS,49.88,WATCHLIST,4.375099,60.58
BOSCHLTD,AUTO,49.85,WATCHLIST,0.55646765,59.96
DENTA,IT,49.85,WATCHLIST,69.33922,73.3
MAGADSUGAR,FMCG,49.85,WATCHLIST,27.128696,66.43
AUTOIETF,OTHER,49.82,WATCHLIST,80.744835,78.42
POONAWALLA,FINANCIAL_SERVICES,49.8,WATCHLIST,78.89474,77.38
IFCI,FINANCIAL_SERVICES,49.79,WATCHLIST,10.898815,60.74
AEQUS,DEFENCE,49.73,WATCHLIST,4.7327805,60.29
SURYALAXMI,TEXTILES,49.73,WATCHLIST,0.14399531,59.94
SBIFUNDS,OTHER,49.72,WATCHLIST,0.4330721,59.65
AGARWALEYE,HEALTHCARE,49.7,WATCHLIST,8.066356,60.48
ADANIENT,INFRASTRUCTURE,49.68,WATCHLIST,6.193722,60.41
RBZJEWEL,FMCG,49.65,WATCHLIST,33.30947,74.84
AKCAPIT,FINANCIAL_SERVICES,49.64,WATCHLIST,0.7574481,59.95
ENTERO,PHARMA,49.64,WATCHLIST,3.7068021,60.26
3BBLACKBIO,HEALTHCARE,49.64,WATCHLIST,3.264094,60.62
TNIDETF,OTHER,49.57,WATCHLIST,72.62054,76.0
PATELRMART,RETAIL,49.54,WATCHLIST,2.4219418,60.28
ASHAPURMIN,METAL,49.53,WATCHLIST,39.938213,64.24
GYFTR,OTHER,49.52,WATCHLIST,0.29940397,59.58
AIAENG,CAPITAL_GOODS,49.52,WATCHLIST,2.3761678,60.2
AURUS,OTHER,49.5,WATCHLIST,0.35176453,59.75
SKIPPER,CAPITAL_GOODS,49.5,WATCHLIST,0.27763507,59.86
SOUTHWEST,ENERGY,49.48,WATCHLIST,1.0955118,58.37
HARRMALAYA,CHEMICALS,49.47,WATCHLIST,0.3667362,59.58
PANSARI,REALTY,49.47,WATCHLIST,26.674334,68.47
MUTHOOTCAP,FINANCIAL_SERVICES,49.47,WATCHLIST,0.3900736,60.0
CAPITALSFB,BANKING,49.44,WATCHLIST,0.17662191,60.0
CAMS,FINANCIAL_SERVICES,49.43,WATCHLIST,0.21875645,58.31
BOSCH-HCIL,FMCG,49.43,WATCHLIST,2.4810646,58.55
LUPIN,PHARMA,49.42,WATCHLIST,6.795863,60.23
TANLA,IT,49.41,WATCHLIST,82.66825,77.81
STYRENIX,CHEMICALS,49.39,WATCHLIST,2.6220658,60.09
BHARTIHEXA,TELECOM,49.39,WATCHLIST,0.67127186,60.07
GREAVESCOT,CAPITAL_GOODS,49.38,WATCHLIST,11.794377,60.57
VRLLOG,LOGISTICS,49.37,WATCHLIST,0.4525664,59.19
GOKULAGRO,FMCG,49.37,WATCHLIST,0.30894718,59.83
STEL,FINANCIAL_SERVICES,49.34,WATCHLIST,0.54270595,59.87
TVSSCS,LOGISTICS,49.33,WATCHLIST,0.6878235,55.42
MARKSANS,PHARMA,49.32,WATCHLIST,1.1404461,60.04
GANDHITUBE,METAL,49.28,WATCHLIST,0.7590944,60.23
HDFCGROWTH,OTHER,49.28,WATCHLIST,77.33249,78.5
SIS,OTHER,49.28,WATCHLIST,1.137441,60.11
SAMBHV,METAL,49.28,WATCHLIST,3.3627472,60.71
ATUL,CHEMICALS,49.27,WATCHLIST,2.1802354,60.1
HONAUT,CAPITAL_GOODS,49.24,WATCHLIST,1.87277,60.09
AGL,OTHER,49.24,WATCHLIST,0.23738399,59.61
IGIL,FMCG,49.23,WATCHLIST,4.6977053,60.26
ARIS,INFRASTRUCTURE,49.23,WATCHLIST,42.901085,72.4
TMCV,AUTO,49.23,WATCHLIST,11.99281,60.67
AJAXENGG,AUTO,49.21,WATCHLIST,1.0356723,60.07
BLUSPRING,POWER,49.18,WATCHLIST,7.686248,60.43
JMA,AUTO,49.16,WATCHLIST,0.20208652,59.82
DISAQ,CAPITAL_GOODS,49.14,WATCHLIST,0.18788216,59.2
PHARMABEES,OTHER,49.13,WATCHLIST,82.28688,79.06
ITADD,OTHER,49.13,WATCHLIST,48.255196,76.57
ADVANCE,CHEMICALS,49.12,WATCHLIST,7.8056455,61.13
ASHIKAG,OTHER,49.12,WATCHLIST,0.6214283,59.8
AARTIIND,CHEMICALS,49.11,WATCHLIST,1.7205551,59.84
GULFOILLUB,ENERGY,49.11,WATCHLIST,7.5246515,61.01
IVC,FINANCIAL_SERVICES,49.11,WATCHLIST,1.1773477,60.17
ITBETA,OTHER,49.1,WATCHLIST,57.413136,76.54
ASHIANA,REALTY,49.1,WATCHLIST,0.8071447,60.08
EXICOM,CAPITAL_GOODS,49.09,WATCHLIST,0.4275995,59.62
IONEXCHANG,INFRASTRUCTURE,49.09,WATCHLIST,0.77502185,59.97
SUMICHEM,CHEMICALS,49.07,WATCHLIST,1.9021875,60.14
COROMANDEL,INFRASTRUCTURE,49.07,WATCHLIST,0.48445034,59.85
SHREECEM,CEMENT,49.05,WATCHLIST,2.3017216,60.07
NAHARCAP,FINANCIAL_SERVICES,49.05,WATCHLIST,2.6675785,60.43
SAYAJIHOTL,HOSPITALITY,49.03,WATCHLIST,0.29672718,59.51
GROWWEV,OTHER,49.03,WATCHLIST,74.86775,77.21
TECH,OTHER,49.0,WATCHLIST,17.49826,62.58
ITETF,OTHER,48.98,WATCHLIST,11.812722,61.13
BPCL,CHEMICALS,48.97,WATCHLIST,5.141496,60.08
LTFOODS,AGRICULTURE,48.97,WATCHLIST,1.2691444,59.96
SBIETFIT,OTHER,48.94,WATCHLIST,17.08334,61.18
ICIL,TEXTILES,48.92,WATCHLIST,1.0700712,59.97
EVINDIA,OTHER,48.92,WATCHLIST,82.3781,78.36
RAJPALAYAM,TEXTILES,48.91,WATCHLIST,0.11254375,59.86
ITBEES,OTHER,48.9,WATCHLIST,14.715422,61.25
MANBA,FINANCIAL_SERVICES,48.9,WATCHLIST,2.2460074,59.96
JSWENERGY,POWER,48.89,WATCHLIST,11.663885,60.52
JINDALSTEL,METAL,48.88,WATCHLIST,1.6840682,59.18
PRESTIGE,REALTY,48.86,WATCHLIST,1.9746546,60.37
EVIETF,OTHER,48.86,WATCHLIST,80.715805,77.74
HINDALCO,METAL,48.84,WATCHLIST,5.004949,60.77
BBTCL,CHEMICALS,48.8,WATCHLIST,11.931779,60.73
MANALIPETC,CHEMICALS,48.8,WATCHLIST,2.7219641,60.36
ITIETF,OTHER,48.79,WATCHLIST,12.561806,60.68
GUFICBIO,PHARMA,48.78,WATCHLIST,9.450703,60.45
IT,OTHER,48.78,WATCHLIST,14.339453,60.88
HYUNDAI,AUTO,48.77,WATCHLIST,60.686745,74.85
GROWWNET,OTHER,48.76,WATCHLIST,70.47991,75.13
ARVIND,TEXTILES,48.76,WATCHLIST,4.6461115,60.13
KKCL,TEXTILES,48.75,WATCHLIST,0.28929764,59.97
INTERNET,OTHER,48.74,WATCHLIST,73.1168,76.32
MRPL,CHEMICALS,48.74,WATCHLIST,2.6522748,60.28
INDIGO,AVIATION,48.74,WATCHLIST,2.8346922,59.97
CRISIL,FINANCIAL_SERVICES,48.71,WATCHLIST,1.9890169,60.09
VAML,OTHER,48.64,WATCHLIST,0.08684363,59.53
CONCORDBIO,PHARMA,48.64,WATCHLIST,4.1913657,60.72
WORTHPERI,CHEMICALS,48.63,WATCHLIST,1.192703,60.06
IOLCP,PHARMA,48.62,WATCHLIST,12.002078,61.14
BFINVEST,FINANCIAL_SERVICES,48.62,WATCHLIST,46.86051,73.6
MOREPENLAB,PHARMA,48.59,WATCHLIST,0.39625657,59.84
FEDDERSHOL,FINANCIAL_SERVICES,48.58,WATCHLIST,77.84611,77.15
KERNEX,LOGISTICS,48.58,WATCHLIST,0.15651956,59.42
HEALTHIETF,OTHER,48.58,WATCHLIST,84.24921,78.87
CLSEL,AGRICULTURE,48.57,WATCHLIST,0.23920201,59.79
DEEPAKNTR,CHEMICALS,48.56,WATCHLIST,1.0329669,59.94
HDFCNIFIT,OTHER,48.5,WATCHLIST,8.679611,60.37
YATHARTH,HEALTHCARE,48.45,WATCHLIST,0.20974912,59.66
PFIZER,PHARMA,48.44,WATCHLIST,0.59904945,60.14
SUDARCOLOR,CHEMICALS,48.43,WATCHLIST,2.0568848,59.47
OMAXE,REALTY,48.39,WATCHLIST,0.5101043,60.0
ACMESOLAR,POWER,48.38,WATCHLIST,4.405128,60.17
DYNAMATECH,CAPITAL_GOODS,48.37,WATCHLIST,5.9300494,63.33
CENTURYPLY,REALTY,48.35,WATCHLIST,0.6895954,58.72
MOLOWVOL,OTHER,48.33,WATCHLIST,73.20892,77.66
GEOJITFSL,FINANCIAL_SERVICES,48.32,WATCHLIST,0.67028093,59.93
STOVEKRAFT,FMCG,48.28,WATCHLIST,1.4955443,59.99
HEALTHY,OTHER,48.28,WATCHLIST,77.87889,78.28
SAMHI,HOSPITALITY,48.28,WATCHLIST,0.69878787,60.04
COSMOFIRST,CHEMICALS,48.27,WATCHLIST,8.7467575,60.96
ADROITINFO,CAPITAL_GOODS,48.26,WATCHLIST,0.2273837,59.97
RAMCOIND,METAL,48.25,WATCHLIST,0.8035061,59.89
ELGIEQUIP,CAPITAL_GOODS,48.23,WATCHLIST,1.1678642,59.99
JIOFIN,FINANCIAL_SERVICES,48.2,WATCHLIST,0.22828314,59.82
SIL,CHEMICALS,48.2,WATCHLIST,0.48858696,60.0
COCKERILL,CAPITAL_GOODS,48.19,WATCHLIST,3.3051062,60.4
GUJALKALI,CHEMICALS,48.18,WATCHLIST,40.386627,76.81
METROGLOBL,OTHER,48.17,WATCHLIST,5.354855,60.51
MOHEALTH,OTHER,48.16,WATCHLIST,82.55873,78.35
PARASPETRO,FINANCIAL_SERVICES,48.16,WATCHLIST,25.153706,60.65
APARINDS,CHEMICALS,48.12,WATCHLIST,13.961082,60.79
DCBBANK,BANKING,48.11,WATCHLIST,0.413452,59.93
OIL,ENERGY,48.09,WATCHLIST,0.79054505,59.53
CGCL,FINANCIAL_SERVICES,48.06,WATCHLIST,7.346487,60.61
MIDSELIETF,OTHER,48.05,WATCHLIST,79.62613,77.2
PETRONET,ENERGY,48.03,WATCHLIST,0.87601787,60.08
AFFLE,IT,48.02,WATCHLIST,0.8778665,60.02
GANECOS,TEXTILES,48.01,WATCHLIST,5.5297933,60.29
MATRIMONY,RETAIL,47.99,WATCHLIST,0.5136065,58.95
JASH,CAPITAL_GOODS,47.98,WATCHLIST,0.22720571,59.94
FUSION,FINANCIAL_SERVICES,47.96,WATCHLIST,0.98663557,59.97
GAIL,ENERGY,47.95,WATCHLIST,2.4912167,59.98
KOLTEPATIL,REALTY,47.94,WATCHLIST,0.8952442,60.02
BAJAJHLDNG,FINANCIAL_SERVICES,47.93,WATCHLIST,4.3186765,60.15
SHRINGARMS,FMCG,47.93,WATCHLIST,0.35501096,59.48
PARACABLES,CAPITAL_GOODS,47.9,WATCHLIST,0.5584081,59.68
VLSFINANCE,FINANCIAL_SERVICES,47.9,WATCHLIST,0.9854512,59.17
VMART,RETAIL,47.88,WATCHLIST,1.0745326,60.11
NH,HEALTHCARE,47.87,WATCHLIST,0.48926,59.88
NEXT50,OTHER,47.84,WATCHLIST,81.603,77.96
TITAGARH,INFRASTRUCTURE,47.84,WATCHLIST,2.1415527,59.79
PREMIERPOL,OTHER,47.83,WATCHLIST,6.6541,60.05
CONSUMER,OTHER,47.83,WATCHLIST,70.20134,77.27
PNB,BANKING,47.77,WATCHLIST,3.3020537,59.75
GROWWNXT50,OTHER,47.74,WATCHLIST,66.23926,77.13
RAMRAT,CAPITAL_GOODS,47.74,WATCHLIST,1.0874078,59.43
MANAKSTEEL,OTHER,47.72,WATCHLIST,0.4875924,56.02
KSL,METAL,47.71,WATCHLIST,0.362028,59.97
KRISHNADEF,DEFENCE,47.71,WATCHLIST,0.23366739,58.03
SRGHFL,FINANCIAL_SERVICES,47.71,WATCHLIST,0.039013553,59.72
GMRAIRPORT,INFRASTRUCTURE,47.7,WATCHLIST,0.30836028,59.22
INNOVACAP,PHARMA,47.69,WATCHLIST,0.1475447,59.94
GREENLAM,INFRASTRUCTURE,47.69,WATCHLIST,0.08298837,59.87
SETL,CAPITAL_GOODS,47.67,WATCHLIST,0.15288784,56.07
DHANBANK,BANKING,47.66,WATCHLIST,0.271848,59.84
GLENMARK,PHARMA,47.66,WATCHLIST,1.8107414,59.98
MOREALTY,OTHER,47.65,WATCHLIST,63.04179,76.17
SOMANYCERA,CAPITAL_GOODS,47.65,WATCHLIST,0.2659678,59.46
TNPL,CHEMICALS,47.65,WATCHLIST,2.2291033,60.13
BI,HEALTHCARE,47.61,WATCHLIST,5.982875,60.53
LT,INFRASTRUCTURE,47.57,WATCHLIST,0.2415157,59.84
PRIVISCL,CHEMICALS,47.57,WATCHLIST,0.24685852,59.7
INDTERRAIN,TEXTILES,47.53,WATCHLIST,0.47680396,59.92
GRPLTD,CHEMICALS,47.52,WATCHLIST,12.057746,60.92
AIIL,CAPITAL_GOODS,47.47,WATCHLIST,1.004349,59.76
DATAPATTNS,DEFENCE,47.46,WATCHLIST,2.1291935,60.05
NEXT30ADD,OTHER,47.44,WATCHLIST,54.59566,75.45
NBIFIN,FINANCIAL_SERVICES,47.43,WATCHLIST,2.8766139,60.07
METALIETF,OTHER,47.43,WATCHLIST,45.7756,72.78
INDUSTOWER,TELECOM,47.43,WATCHLIST,1.1187147,59.48
UDS,OTHER,47.42,WATCHLIST,4.837952,60.39
CIPLA,PHARMA,47.4,WATCHLIST,6.369321,60.26
ARVSMART,REALTY,47.39,WATCHLIST,0.048424404,59.49
MOMGF,OTHER,47.38,WATCHLIST,55.739998,73.01
NAHARINDUS,CHEMICALS,47.37,WATCHLIST,0.109168604,59.48
FINIETF,OTHER,47.37,WATCHLIST,56.385315,75.13
HCG,HEALTHCARE,47.34,WATCHLIST,10.878913,60.7
MARKOLINES,INFRASTRUCTURE,47.34,WATCHLIST,0.14946665,56.36
KOVAI,HEALTHCARE,47.33,WATCHLIST,0.08536449,59.34
FCL,CHEMICALS,47.31,WATCHLIST,0.15169328,58.89
CERA,REALTY,47.31,WATCHLIST,0.052149087,59.52
IMPAL,AUTO,47.3,WATCHLIST,0.38058734,59.94
INDIANB,BANKING,47.3,WATCHLIST,0.95925266,59.71
CONSUMBEES,OTHER,47.29,WATCHLIST,76.55269,77.39
AFSL,FINANCIAL_SERVICES,47.29,WATCHLIST,0.032387868,59.63
RPPL,CHEMICALS,47.28,WATCHLIST,0.2160915,59.81
ORIENTBELL,CAPITAL_GOODS,47.28,WATCHLIST,0.3608042,59.85
MAKEINDIA,OTHER,47.27,WATCHLIST,59.3098,74.34
NAHARPOLY,CHEMICALS,47.27,WATCHLIST,1.358045,60.27
MAHSCOOTER,FINANCIAL_SERVICES,47.26,WATCHLIST,4.8566113,61.07
SNXT30BEES,OTHER,47.25,WATCHLIST,59.49423,73.96
MONEXT50,OTHER,47.25,WATCHLIST,62.263523,70.56
LOWVOL1,OTHER,47.23,WATCHLIST,50.82618,65.45
JUNIORBEES,OTHER,47.22,WATCHLIST,81.87067,77.48
UGARSUGAR,FMCG,47.22,WATCHLIST,0.67879355,59.76
BLIL,FINANCIAL_SERVICES,47.21,WATCHLIST,0.09309971,59.54
EQUAL50ADD,OTHER,47.21,WATCHLIST,63.87773,75.91
BERGEPAINT,CHEMICALS,47.21,WATCHLIST,0.310694,59.87
HDFCQUAL,OTHER,47.2,WATCHLIST,61.77653,74.11
DOLPHIN,ENERGY,47.2,WATCHLIST,1.1573434,59.04
QUAL30IETF,OTHER,47.19,WATCHLIST,49.993454,72.68
ABSLNN50ET,OTHER,47.16,WATCHLIST,79.517044,77.62
PDSL,TEXTILES,47.15,WATCHLIST,0.3173218,59.93
JSL,METAL,47.14,WATCHLIST,0.51322633,59.28
GROWWRLTY,OTHER,47.14,WATCHLIST,63.156574,74.73
SETFNN50,OTHER,47.14,WATCHLIST,51.7986,67.98
NEXT50IETF,OTHER,47.12,WATCHLIST,80.725624,77.41
FLEXIADD,OTHER,47.12,WATCHLIST,41.98402,68.67
SEAMECLTD,LOGISTICS,47.11,WATCHLIST,1.6711762,59.2
HEALTHCARE,OTHER,47.11,WATCHLIST,80.62812,77.49
ABBOTINDIA,PHARMA,47.1,WATCHLIST,0.7832906,60.05
UNICHEMLAB,PHARMA,47.1,WATCHLIST,61.07148,74.11
AYMSYNTEX,TEXTILES,47.1,WATCHLIST,0.16561048,59.8
MID150,OTHER,47.09,WATCHLIST,59.466022,64.58
PHOENIXLTD,REALTY,47.04,WATCHLIST,1.3353446,59.95
LOWVOLIETF,OTHER,47.03,WATCHLIST,72.627556,72.11
METAL,OTHER,47.02,WATCHLIST,43.25215,66.82
LOWVOL,OTHER,47.02,WATCHLIST,62.318577,75.13
SHBAJRG,METAL,47.0,WATCHLIST,0.17034432,59.4
ALPL30IETF,OTHER,47.0,WATCHLIST,73.40681,75.79
HDFCNEXT50,OTHER,46.99,WATCHLIST,41.229206,62.8
KANPRPLA,CHEMICALS,46.99,WATCHLIST,0.48331103,59.82
YESBANK,BANKING,46.98,WATCHLIST,0.0995439,59.58
HAVELLS,CAPITAL_GOODS,46.95,WATCHLIST,0.46427646,59.9
SBINEQWETF,OTHER,46.95,WATCHLIST,49.841946,69.87
DIXON,REALTY,46.94,WATCHLIST,2.5379467,60.19
MOIPO,OTHER,46.91,WATCHLIST,41.297676,64.37
LIKHITHA,OTHER,46.9,WATCHLIST,0.15577978,58.32
PFOCUS,OTHER,46.89,WATCHLIST,2.747683,59.86
EQUAL50,OTHER,46.88,WATCHLIST,48.28722,69.36
GALAPREC,CAPITAL_GOODS,46.87,WATCHLIST,0.10643455,59.81
MID150BEES,OTHER,46.86,WATCHLIST,62.798244,66.18
DDEVPLSTIK,CHEMICALS,46.86,WATCHLIST,11.42562,61.73
NIFTY100EW,OTHER,46.85,WATCHLIST,32.464252,63.7
GROWWLOVOL,OTHER,46.85,WATCHLIST,30.033546,63.7
NIFTYQLITY,OTHER,46.85,WATCHLIST,52.416832,68.12
HIKAL,PHARMA,46.84,WATCHLIST,0.43477723,59.95
MOALPHA50,OTHER,46.84,WATCHLIST,48.823,64.33
MID150CASE,OTHER,46.82,WATCHLIST,33.458145,61.44
HDFCLOWVOL,OTHER,46.81,WATCHLIST,65.53305,72.98
BLUEDART,LOGISTICS,46.81,WATCHLIST,1.6613498,60.03
SBIETFQLTY,OTHER,46.8,WATCHLIST,30.266935,65.4
ORIENTHOT,HOSPITALITY,46.79,WATCHLIST,0.124711476,59.67
SELECTIPO,OTHER,46.79,WATCHLIST,17.206678,62.47
SBIETFCON,OTHER,46.79,WATCHLIST,73.28145,69.92
SML100CASE,OTHER,46.79,WATCHLIST,75.99013,75.31
NITTAGELA,CHEMICALS,46.76,WATCHLIST,30.04507,61.61
EXCELINDUS,CHEMICALS,46.76,WATCHLIST,0.40212348,60.01
HDFCMID150,OTHER,46.74,WATCHLIST,50.81268,63.34
FEDFINA,FINANCIAL_SERVICES,46.71,WATCHLIST,0.1916531,59.81
SREEL,FMCG,46.7,WATCHLIST,1.6219282,60.01
CONSUMIETF,OTHER,46.68,WATCHLIST,60.380108,65.72
INDIACEM,CEMENT,46.67,WATCHLIST,0.6284185,59.27
MON50EQUAL,OTHER,46.67,WATCHLIST,62.82836,72.97
SHOPERSTOP,RETAIL,46.66,WATCHLIST,1.7480625,60.08
SHILCTECH,CAPITAL_GOODS,46.66,WATCHLIST,0.34981456,56.66
INDIGOPNTS,CHEMICALS,46.65,WATCHLIST,1.8463777,60.05
DYCL,CAPITAL_GOODS,46.64,WATCHLIST,22.30559,61.5
LICNMID100,OTHER,46.64,WATCHLIST,20.942293,60.88
IMAGICAA,HOSPITALITY,46.62,WATCHLIST,0.21987338,59.88
HDFCSML250,OTHER,46.6,WATCHLIST,48.51293,62.25
MSCIINDIA,OTHER,46.59,WATCHLIST,58.95073,72.77
KMSUGAR,FMCG,46.59,WATCHLIST,0.17041115,59.55
SCODATUBES,METAL,46.59,WATCHLIST,0.16787922,59.9
KIRLOSENG,CAPITAL_GOODS,46.58,WATCHLIST,3.8297408,60.14
TOP20,OTHER,46.58,WATCHLIST,59.567406,74.27
SHARIABEES,OTHER,46.57,WATCHLIST,8.309228,60.56
NEXT50ETF,OTHER,46.55,WATCHLIST,70.81058,73.79
EQUAL200,OTHER,46.54,WATCHLIST,28.674337,62.61
GRAPHITE,CAPITAL_GOODS,46.54,WATCHLIST,1.9167817,59.85
MIDCAPETF,OTHER,46.54,WATCHLIST,49.94295,63.01
SECMARK,IT,46.54,WATCHLIST,0.34743223,59.65
MOM100,OTHER,46.53,WATCHLIST,47.196396,61.82
CARBORUNIV,CAPITAL_GOODS,46.51,WATCHLIST,3.7526913,60.24
BLUESTARCO,FMCG,46.51,WATCHLIST,0.21325855,59.74
LGEINDIA,FMCG,46.49,WATCHLIST,0.07874243,59.53
NUVOCO,CEMENT,46.49,WATCHLIST,1.0675666,59.99
MAYURUNIQ,TEXTILES,46.49,WATCHLIST,0.34658733,58.79
KISSHT,IT,46.48,WATCHLIST,0.13270742,58.29
INGERRAND,CAPITAL_GOODS,46.47,WATCHLIST,0.12294569,58.21
LANCORHOL,REALTY,46.47,WATCHLIST,14.962429,60.96
MOQUALITY,OTHER,46.45,WATCHLIST,16.495596,60.54
GRINDWELL,CAPITAL_GOODS,46.42,WATCHLIST,1.4700733,60.08
MIDCAPIETF,OTHER,46.41,WATCHLIST,60.598427,64.22
IEX,FINANCIAL_SERVICES,46.41,WATCHLIST,0.55386776,59.81
MAHKTECH,OTHER,46.4,WATCHLIST,1.5988473,59.2
ASIANHOTNR,HOSPITALITY,46.4,WATCHLIST,0.23860094,59.61
SONAMLTD,CAPITAL_GOODS,46.39,WATCHLIST,0.24800473,59.67
FIVESTAR,FINANCIAL_SERVICES,46.39,WATCHLIST,1.7250739,60.23
INFY,IT,46.37,WATCHLIST,0.88722277,58.56
FMGOETZE,AUTO,46.37,WATCHLIST,0.19563156,59.9
GROWWCHEM,OTHER,46.36,WATCHLIST,71.13101,74.86
TATASTEEL,METAL,46.36,WATCHLIST,0.13812502,58.87
WABAG,INFRASTRUCTURE,46.35,WATCHLIST,0.09834601,59.83
ADL,REALTY,46.34,WATCHLIST,3.9961345,60.89
MNC,OTHER,46.33,WATCHLIST,30.093866,61.03
DEEPAKFERT,CHEMICALS,46.31,WATCHLIST,0.09798501,59.51
21STCENMGM,FINANCIAL_SERVICES,46.3,WATCHLIST,0.95523775,59.94
LXCHEM,CHEMICALS,46.3,WATCHLIST,8.86124,62.05
KAMAHOLD,FINANCIAL_SERVICES,46.3,WATCHLIST,0.06315982,58.99
SAPPL,CHEMICALS,46.27,WATCHLIST,0.48967823,59.26
MPHASIS,IT,46.26,WATCHLIST,0.13066709,59.83
GANESHHOU,REALTY,46.24,WATCHLIST,0.18035972,59.73
WINDLAS,PHARMA,46.24,WATCHLIST,0.1443239,59.84
AVTNPL,AGRICULTURE,46.23,WATCHLIST,0.7673648,59.94
QUALITY30,OTHER,46.23,WATCHLIST,19.829645,61.7
MOMNC,OTHER,46.22,WATCHLIST,54.52115,68.67
MULTICAP,OTHER,46.19,WATCHLIST,65.32827,62.95
ALPHA,OTHER,46.17,WATCHLIST,47.906574,62.37
ARKADE,CAPITAL_GOODS,46.16,WATCHLIST,1.1037966,60.01
SNXT50BETA,OTHER,46.13,WATCHLIST,65.60317,68.43
SIRCA,CHEMICALS,46.12,WATCHLIST,0.60478747,58.86
HDFCBSE500,OTHER,46.12,WATCHLIST,63.796436,66.69
BCLIND,FMCG,46.11,WATCHLIST,0.08359425,59.75
GROWWSC250,OTHER,46.1,WATCHLIST,47.11241,63.58
MAFANG,OTHER,46.1,WATCHLIST,3.8499053,58.99
CHEMICAL,OTHER,46.09,WATCHLIST,57.479454,71.15
GRAVITA,METAL,46.08,WATCHLIST,0.028077416,55.42
RADAAN,MEDIA,46.07,WATCHLIST,0.07217017,59.9
DLF,REALTY,46.06,WATCHLIST,0.34276128,59.92
HNGSNGBEES,OTHER,46.04,WATCHLIST,13.482314,61.26
DBOL,OTHER,46.04,WATCHLIST,19.333057,61.05
SIYSIL,TEXTILES,46.03,WATCHLIST,5.978182,60.43
DMCC,CHEMICALS,46.01,WATCHLIST,0.0705087,59.73
SAHLIBHFI,FINANCIAL_SERVICES,45.99,WATCHLIST,0.05043778,57.8
MAXIND,FINANCIAL_SERVICES,45.98,WATCHLIST,0.33782318,59.98
UNIONBANK,BANKING,45.96,WATCHLIST,1.2843081,60.07
JITFINFRA,LOGISTICS,45.96,WATCHLIST,73.20337,74.5
DIVOPPBEES,OTHER,45.95,WATCHLIST,37.124043,64.62
CCL,FMCG,45.93,WATCHLIST,0.088976495,59.55
BRITANNIA,FMCG,45.93,WATCHLIST,0.33796403,59.79
IZMO,IT,45.92,WATCHLIST,0.30256623,57.53
NIF100IETF,OTHER,45.92,WATCHLIST,43.088047,63.07
TCS,IT,45.91,WATCHLIST,0.5897336,58.92
LICNFNHGP,OTHER,45.87,WATCHLIST,19.267174,60.93
MONIFTY500,OTHER,45.87,WATCHLIST,35.78519,60.94
GOKEX,TEXTILES,45.86,WATCHLIST,0.13258423,59.25
URBANCO,RETAIL,45.86,WATCHLIST,53.19303,74.31
GRAUWEIL,CHEMICALS,45.84,WATCHLIST,0.13614771,59.2
AYE,FINANCIAL_SERVICES,45.84,WATCHLIST,0.08175363,57.95
ASAHIINDIA,AUTO,45.84,WATCHLIST,0.12748963,59.11
RAMBHAJO,OTHER,45.83,WATCHLIST,0.33575308,59.74
SKFINDUS,CAPITAL_GOODS,45.83,WATCHLIST,0.21889983,55.51
NIFTYETF,OTHER,45.82,WATCHLIST,23.430548,60.91
ASTRAL,CAPITAL_GOODS,45.81,WATCHLIST,0.71426773,59.53
HINDOILEXP,ENERGY,45.81,WATCHLIST,0.05751958,59.51
THAKDEV,REALTY,45.81,WATCHLIST,0.130932,59.62
AONETOTAL,OTHER,45.79,WATCHLIST,48.36006,62.12
MOGSEC,OTHER,45.79,WATCHLIST,29.968166,60.94
ESG,OTHER,45.77,WATCHLIST,25.437746,62.45
IDFNIFTYET,OTHER,45.74,WATCHLIST,27.274004,61.4
TOP100CASE,OTHER,45.72,WATCHLIST,27.247778,60.87
SMALLCAP,OTHER,45.68,WATCHLIST,28.866213,61.31
ULTRAMAR,CHEMICALS,45.68,WATCHLIST,0.5689019,58.72
PNCINFRA,INFRASTRUCTURE,45.67,WATCHLIST,0.3210959,60.02
MIDCAPADD,OTHER,45.64,WATCHLIST,37.358494,62.53
MANUFGBEES,OTHER,45.64,WATCHLIST,16.912651,60.69
XTGLOBAL,IT,45.61,WATCHLIST,0.5454639,60.2
UFLEX,CHEMICALS,45.61,WATCHLIST,0.20147516,59.88
PREMCO,TEXTILES,45.61,WATCHLIST,7.012888,61.79
NSLNISP,METAL,45.6,WATCHLIST,0.21954682,59.74
SETFNIF50,OTHER,45.59,WATCHLIST,23.759422,61.19
LICNETFN50,OTHER,45.59,WATCHLIST,19.240822,60.86
POLYCAB,CAPITAL_GOODS,45.58,WATCHLIST,0.19224608,59.85
KIRLOSIND,CAPITAL_GOODS,45.57,WATCHLIST,0.26283532,59.87
BSLNIFTY,OTHER,45.56,WATCHLIST,17.430002,60.71
RELTD,CAPITAL_GOODS,45.54,WATCHLIST,0.1587133,59.8
SMALL250,OTHER,45.53,WATCHLIST,35.12947,61.8
KFINTECH,METAL,45.53,WATCHLIST,0.17971352,59.78
KPL,PHARMA,45.53,WATCHLIST,0.2067303,59.06
SATIN,FINANCIAL_SERVICES,45.51,WATCHLIST,0.43623927,59.67
MSCI360,OTHER,45.5,WATCHLIST,31.633652,60.97
MOSERVICE,OTHER,45.48,WATCHLIST,24.275223,60.63
PACEDIGITK,TELECOM,45.48,WATCHLIST,0.10859439,57.97
KWIL,FMCG,45.47,WATCHLIST,1.0897716,58.98
COUNCODOS,REALTY,45.47,WATCHLIST,0.2647914,60.0
BSE500IETF,OTHER,45.47,WATCHLIST,25.037224,60.87
NIFTYBEES,OTHER,45.43,WATCHLIST,22.143633,61.02
STARPAPER,CHEMICALS,45.42,WATCHLIST,0.05407971,59.9
KENNAMET,CAPITAL_GOODS,45.41,WATCHLIST,0.3501899,59.74
GROWWN200,OTHER,45.4,WATCHLIST,6.577345,60.2
MOM50,OTHER,45.4,WATCHLIST,23.546158,60.9
NETF,OTHER,45.4,WATCHLIST,23.503942,60.8
MANINDS,METAL,45.4,WATCHLIST,0.2066587,56.88
SHIVATEX,TEXTILES,45.4,WATCHLIST,0.1761085,58.93
TI,FMCG,45.39,WATCHLIST,1.934488,59.99
SCHAEFFLER,AUTO,45.38,WATCHLIST,0.14434445,59.66
MIDSMALL,OTHER,45.38,WATCHLIST,11.060942,60.4
NEXT50BETA,OTHER,45.37,WATCHLIST,37.553314,61.53
AONENIFTY,OTHER,45.37,WATCHLIST,29.952154,61.25
PFC,FINANCIAL_SERVICES,45.37,WATCHLIST,0.11056461,58.66
MVGJL,FMCG,45.36,WATCHLIST,0.06162038,59.63
NUVAMA,FINANCIAL_SERVICES,45.36,WATCHLIST,0.3400393,58.6
SARDAEN,METAL,45.32,WATCHLIST,0.15786746,57.82
JPPOWER,POWER,45.31,WATCHLIST,1.9534634,59.94
NEXT50ADD,OTHER,45.29,WATCHLIST,25.917858,62.12
PSPPROJECT,INFRASTRUCTURE,45.29,WATCHLIST,0.20561247,59.11
SAGILITY,IT,45.28,WATCHLIST,2.0693233,59.73
COMFINTE,FMCG,45.27,WATCHLIST,59.3718,75.57
SHANTIGOLD,CAPITAL_GOODS,45.25,WATCHLIST,0.29660097,59.76
SHREEPUSHK,CHEMICALS,45.24,WATCHLIST,0.0876,59.67
MSCIADD,OTHER,45.23,WATCHLIST,22.403719,61.07
MRF,AUTO,45.22,WATCHLIST,0.038670916,59.54
ESENSEX,OTHER,45.22,WATCHLIST,4.677938,59.61
POWERGRID,POWER,45.22,WATCHLIST,0.06405865,59.53
RADIOCITY,MEDIA,45.22,WATCHLIST,0.72935367,59.99
GROWWMC150,OTHER,45.22,WATCHLIST,24.711613,61.09
KEI,CAPITAL_GOODS,45.21,WATCHLIST,0.07815251,59.84
MIDCAPBETA,OTHER,45.21,WATCHLIST,26.248573,62.09
IIFLCAPS,FINANCIAL_SERVICES,45.21,WATCHLIST,0.5386261,60.0
MASFIN,FINANCIAL_SERVICES,45.2,WATCHLIST,0.04589978,58.86
SENSEXETF,OTHER,45.2,WATCHLIST,13.905899,60.51
GROWWNIFTY,OTHER,45.19,WATCHLIST,22.634884,60.86
NIFTYADD,OTHER,45.19,WATCHLIST,23.560135,60.75
SMARTWORKS,REALTY,45.17,WATCHLIST,1.7472903,59.97
HARSHA,CAPITAL_GOODS,45.16,WATCHLIST,0.07349604,59.45
NIFTYCASE,OTHER,45.16,WATCHLIST,19.921606,60.61
EBBETF0433,OTHER,45.15,WATCHLIST,49.47355,63.15
ENIFTY,OTHER,45.15,WATCHLIST,17.52599,60.72
NIFTYIETF,OTHER,45.14,WATCHLIST,11.218603,60.91
SBINMID150,OTHER,45.11,WATCHLIST,20.524906,61.87
AADHARHFC,FINANCIAL_SERVICES,45.11,WATCHLIST,0.2014322,58.27
MASTEK,IT,45.1,WATCHLIST,0.69992894,60.02
BANARISUG,FMCG,45.1,WATCHLIST,0.018849796,51.0
MONIFTY100,OTHER,45.09,WATCHLIST,6.9490128,60.1
EPL,CHEMICALS,45.09,WATCHLIST,0.023851488,58.6
BOROSCI,CAPITAL_GOODS,45.07,WATCHLIST,0.44431353,58.4
WENDT,CAPITAL_GOODS,45.07,WATCHLIST,0.65128225,59.67
JAYBARMARU,AUTO,45.05,WATCHLIST,0.32840052,56.95
IDEA,TELECOM,45.05,WATCHLIST,0.21836036,59.0
AURUM,IT,45.04,WATCHLIST,0.21290793,59.62
ROSSELLIND,FMCG,45.04,WATCHLIST,0.11141298,59.58
NIFTY1,OTHER,45.04,WATCHLIST,8.502601,60.43
TIL,AUTO,45.04,WATCHLIST,33.598404,72.7
GROWWMETAL,OTHER,45.03,WATCHLIST,7.0214114,60.18
HDFCNIF100,OTHER,45.01,WATCHLIST,9.75637,60.31
TIJARIA,CAPITAL_GOODS,45.0,WATCHLIST,90.66439,77.53
WIPRO,IT,44.97,WATCHLIST,0.38575363,45.25
PREMIERENE,CAPITAL_GOODS,44.96,WATCHLIST,0.14573698,58.67
DRAGARWQ,HEALTHCARE,44.95,WATCHLIST,0.37220517,59.8
STALLION,PHARMA,44.94,WATCHLIST,89.51085,65.24
TAINWALCHM,CHEMICALS,44.94,WATCHLIST,0.1703461,59.64
AMNPLST,CHEMICALS,44.94,WATCHLIST,0.07825494,59.88
MCCHRLS-B,HOSPITALITY,44.93,WATCHLIST,0.1465558,59.75
GKSL,HEALTHCARE,44.93,WATCHLIST,0.17237236,55.85
NIF100BEES,OTHER,44.93,WATCHLIST,6.9701753,60.13
DIVIDEND,OTHER,44.92,WATCHLIST,3.343317,60.18
LICI,FINANCIAL_SERVICES,44.91,WATCHLIST,0.076958925,55.04
MOLDTECH,CHEMICALS,44.9,WATCHLIST,32.541557,65.59
AMBER,CAPITAL_GOODS,44.87,WATCHLIST,0.10017597,59.63
HECPROJECT,INFRASTRUCTURE,44.86,WATCHLIST,0.09096252,56.97
LICNETFSEN,OTHER,44.85,WATCHLIST,4.557958,60.27
BANSWRAS,TEXTILES,44.84,WATCHLIST,0.053868756,58.55
SANDHAR,HOSPITALITY,44.84,WATCHLIST,0.3107642,58.95
NIFTYBETF,OTHER,44.81,WATCHLIST,3.3866973,60.04
SMALLADD,OTHER,44.81,WATCHLIST,4.703356,60.43
ALPHAETF,OTHER,44.8,WATCHLIST,26.528008,61.06
GROWWHOSPI,OTHER,44.8,WATCHLIST,16.338781,61.01
TOP15IETF,OTHER,44.8,WATCHLIST,5.010737,60.03
AMBICAAGAR,FMCG,44.8,WATCHLIST,0.051828887,59.58
VIYASH,PHARMA,44.79,WATCHLIST,1.0509987,43.46
IITL,FINANCIAL_SERVICES,44.78,WATCHLIST,1.5541613,59.24
BSLSENETFG,OTHER,44.77,WATCHLIST,1.8409365,59.97
SUPERHOUSE,TEXTILES,44.74,WATCHLIST,0.16204341,59.94
SBIN,BANKING,44.74,WATCHLIST,0.46845233,59.94
DHAMPURSUG,FMCG,44.73,WATCHLIST,0.31530052,59.28
PODDARMENT,CHEMICALS,44.73,WATCHLIST,0.02841501,56.97
AHCL,PHARMA,44.72,WATCHLIST,0.12251035,52.37
KNAGRI,FMCG,44.71,WATCHLIST,0.04031211,41.17
COMMOIETF,OTHER,44.7,WATCHLIST,2.3797874,59.72
SAMMAANCAP,FINANCIAL_SERVICES,44.69,WATCHLIST,0.09570218,59.68
AARTIDRUGS,PHARMA,44.69,WATCHLIST,0.17237057,59.95
HALEOSLABS,PHARMA,44.68,WATCHLIST,0.03500691,55.08
POLYMED,HEALTHCARE,44.67,WATCHLIST,0.6172273,59.93
APOLLO,DEFENCE,44.67,WATCHLIST,0.22581643,59.79
KIRLOSBROS,CAPITAL_GOODS,44.67,WATCHLIST,0.14371838,59.42
HDFCNIFTY,OTHER,44.65,WATCHLIST,2.9172766,59.85
ELM250,OTHER,44.64,WATCHLIST,2.3474426,60.01
KOTAKBANK,BANKING,44.63,WATCHLIST,0.03721483,46.98
BANKETF,OTHER,44.61,WATCHLIST,4.704874,59.9
MOSMALL250,OTHER,44.6,WATCHLIST,6.421381,59.99
GODREJCP,FMCG,44.59,WATCHLIST,0.1482668,59.49
KAYA,HEALTHCARE,44.59,WATCHLIST,25.549858,66.45
TMPV,AUTO,44.59,WATCHLIST,0.07797505,58.36
SETFNIFBK,OTHER,44.57,WATCHLIST,5.319143,59.93
ONEPOINT,IT,44.56,WATCHLIST,0.044100314,58.56
ADANIGREEN,POWER,44.56,WATCHLIST,0.5109987,59.62
TAJGVK,HOSPITALITY,44.56,WATCHLIST,0.20184818,60.0
REPRO,MEDIA,44.53,WATCHLIST,0.2511817,59.74
TTKPRESTIG,FMCG,44.53,WATCHLIST,1.1634973,59.84
EBBETF0431,OTHER,44.52,WATCHLIST,7.5879655,60.11
LTGILTBEES,OTHER,44.52,WATCHLIST,7.2886457,60.04
ENEXT50,OTHER,44.52,WATCHLIST,2.5412054,60.05
RELAXO,FMCG,44.51,WATCHLIST,0.49758744,59.95
NHPC,POWER,44.51,WATCHLIST,0.061505083,58.99
BFSI,OTHER,44.5,WATCHLIST,2.1784265,59.91
HDFCSENSEX,OTHER,44.5,WATCHLIST,1.158144,59.93
SENSEXIETF,OTHER,44.49,WATCHLIST,1.4066767,59.87
GLOBAL,HEALTHCARE,44.48,WATCHLIST,0.06996645,56.04
BENGALASM,FINANCIAL_SERVICES,44.46,WATCHLIST,0.06389262,59.31
PRIMESECU,FINANCIAL_SERVICES,44.43,WATCHLIST,0.037490677,57.36
INFRAIETF,OTHER,44.42,WATCHLIST,2.8246257,59.86
GSEC10IETF,OTHER,44.41,WATCHLIST,7.4824276,59.91
EBANKNIFTY,OTHER,44.4,WATCHLIST,3.1680703,59.9
GENUSPOWER,INFRASTRUCTURE,44.38,WATCHLIST,0.024984088,59.77
RHIM,CAPITAL_GOODS,44.38,WATCHLIST,0.04260322,56.46
CHEVIOT,TEXTILES,44.35,WATCHLIST,0.0780353,59.71
GIPCL,CAPITAL_GOODS,44.35,WATCHLIST,0.09110365,59.72
ISFT,RETAIL,44.34,WATCHLIST,0.11313532,59.47
ANUP,CAPITAL_GOODS,44.34,WATCHLIST,0.08022579,58.35
NIFTYBETA,OTHER,44.34,WATCHLIST,0.78435594,59.95
LTTS,IT,44.33,WATCHLIST,0.1264508,59.66
VIMTALABS,HEALTHCARE,44.33,WATCHLIST,54.656082,70.87
MOMENTUM50,OTHER,44.33,WATCHLIST,3.4294426,59.83
KSR,OTHER,44.32,WATCHLIST,0.08219037,56.89
ESCORTS,AUTO,44.32,WATCHLIST,0.9398142,59.68
EBBETF0430,OTHER,44.32,WATCHLIST,7.895149,60.13
AONELIQUID,OTHER,44.31,WATCHLIST,5.47245,60.11
LICNETFGSC,OTHER,44.29,WATCHLIST,6.021503,60.01
SMALLGROWW,OTHER,44.27,WATCHLIST,0.7007736,59.86
MOVALUE,OTHER,44.27,WATCHLIST,1.7349753,59.67
HEMIPROP,REALTY,44.25,WATCHLIST,0.7730968,59.84
UMIYA-MRO,TELECOM,44.24,WATCHLIST,0.06756026,59.83
NORTHARC,FINANCIAL_SERVICES,44.24,WATCHLIST,0.16066435,58.31
SENSEXADD,OTHER,44.24,WATCHLIST,1.3028735,59.95
CEMPRO,INFRASTRUCTURE,44.23,WATCHLIST,0.49417588,59.72
GKWLIMITED,FINANCIAL_SERVICES,44.22,WATCHLIST,0.047935072,53.25
MIDCAP,OTHER,44.22,WATCHLIST,1.412596,46.96
FINEORG,CHEMICALS,44.22,WATCHLIST,0.26564002,55.97
LIQUIDBETF,OTHER,44.21,WATCHLIST,5.158394,60.1
DCI,OTHER,44.19,WATCHLIST,11.657039,41.08
CASTROLIND,ENERGY,44.19,WATCHLIST,0.030246746,50.44
GROWWLIQID,OTHER,44.17,WATCHLIST,7.2642198,60.14
MARUTI,AUTO,44.17,WATCHLIST,1.0146635,59.38
LIQUIDADD,OTHER,44.16,WATCHLIST,4.9962983,60.12
MOTOUR,OTHER,44.15,WATCHLIST,0.71115774,59.68
TOP10ADD,OTHER,44.15,WATCHLIST,1.0511128,59.81
MONQ50,OTHER,44.14,WATCHLIST,5.900394,59.95
ASTRAZEN,PHARMA,44.14,WATCHLIST,0.025557794,59.63
LIQUIDCASE,OTHER,44.14,WATCHLIST,5.1493826,60.14
SEIL,HEALTHCARE,44.12,WATCHLIST,0.24211532,59.28
RADHIKAJWE,FMCG,44.1,WATCHLIST,0.26487,59.7
NMDC,METAL,44.09,WATCHLIST,0.048529085,59.16
SMALLIETF,OTHER,44.09,WATCHLIST,0.80221874,59.85
GILT5YBEES,OTHER,44.09,WATCHLIST,3.0772815,60.05
PARKHOTELS,HOSPITALITY,44.08,WATCHLIST,0.06326878,59.5
CMPDI,INFRASTRUCTURE,44.07,WATCHLIST,0.11468077,57.16
BIMETAL,AUTO,44.07,WATCHLIST,0.15243553,59.74
TATACONSUM,FMCG,44.06,WATCHLIST,0.049940318,59.1
BANKBEES,OTHER,44.06,WATCHLIST,2.9511032,59.83
MAXHEALTH,HEALTHCARE,44.05,WATCHLIST,0.17388809,59.72
PCBL,CHEMICALS,44.05,WATCHLIST,2.6105895,60.08
RAMANEWS,CHEMICALS,44.04,WATCHLIST,0.41900676,56.78
IOB,TEXTILES,44.04,WATCHLIST,0.03936032,59.71
GROWWDEFNC,OTHER,44.04,WATCHLIST,1.1927958,59.75
WELSPLSOL,METAL,44.03,WATCHLIST,0.10752442,59.69
KRYSTAL,OTHER,44.03,WATCHLIST,0.035322603,58.76
PVSL,AUTO,44.02,WATCHLIST,0.21743207,59.78
HGS,IT,44.0,WATCHLIST,0.065123655,59.84
LIQGRWBEES,OTHER,43.99,WATCHLIST,4.5239415,60.1
ELECTHERM,METAL,43.99,WATCHLIST,0.21309666,59.09
WPIL,CAPITAL_GOODS,43.97,WATCHLIST,0.056699675,59.04
WEL,FMCG,43.97,WATCHLIST,0.78275454,59.93
BLUEJET,PHARMA,43.96,WATCHLIST,2.4106462,60.16
CONS,OTHER,43.94,WATCHLIST,0.81668943,33.16
MOMIDMTM,OTHER,43.92,WATCHLIST,1.0912348,59.71
VISHNU,CHEMICALS,43.92,WATCHLIST,0.09911191,58.62
IWP,CHEMICALS,43.92,WATCHLIST,0.056986824,56.51
LIQUID1,OTHER,43.91,WATCHLIST,3.8246295,60.09
ASHIMASYN,TEXTILES,43.89,WATCHLIST,0.4168314,59.33
SENSEXBETA,OTHER,43.88,WATCHLIST,1.1084661,59.84
PIRAMALFIN,FINANCIAL_SERVICES,43.88,WATCHLIST,0.273559,31.1
MIDHANI,DEFENCE,43.88,WATCHLIST,0.04936339,59.13
VAL30IETF,OTHER,43.88,WATCHLIST,1.0745133,59.67
SETFGOLD,OTHER,43.87,WATCHLIST,0.975026,58.66
SINTERCOM,AUTO,43.86,WATCHLIST,0.2132765,46.43
OILIETF,OTHER,43.86,WATCHLIST,1.0028012,59.64
SBISMLETF,OTHER,43.85,WATCHLIST,0.53397954,59.78
INDOSTAR,FINANCIAL_SERVICES,43.84,WATCHLIST,0.068110906,58.13
HDFCGOLD,OTHER,43.83,WATCHLIST,0.5219259,58.5
PSUBNKBEES,OTHER,43.81,WATCHLIST,0.7784281,59.7
QGOLDHALF,OTHER,43.81,WATCHLIST,0.82133126,58.72
GILT5BETA,OTHER,43.8,WATCHLIST,0.8639574,59.89
VOLTAS,FMCG,43.8,WATCHLIST,0.17485903,58.93
BANARBEADS,FMCG,43.79,WATCHLIST,0.9080085,59.35
SETF10GILT,OTHER,43.79,WATCHLIST,1.252953,59.94
BANKBETF,OTHER,43.79,WATCHLIST,0.8416013,59.82
GROWWMOM50,OTHER,43.78,WATCHLIST,1.114969,59.77
AEROFLEX,METAL,43.77,WATCHLIST,0.09501953,59.51
BRIGADE,HOSPITALITY,43.77,WATCHLIST,0.08272573,26.26
BBNPNBETF,OTHER,43.76,WATCHLIST,0.41955012,59.85
LIQUIDPLUS,OTHER,43.76,WATCHLIST,3.0528736,60.08
LTGILTCASE,OTHER,43.75,WATCHLIST,5.6414485,60.0
J&KBANK,BANKING,43.75,WATCHLIST,1.5756769,59.85
WESTLIFE,HOSPITALITY,43.74,WATCHLIST,0.7107275,59.83
CASHIETF,OTHER,43.73,WATCHLIST,2.8489032,60.06
EMIL,RETAIL,43.73,WATCHLIST,0.29933113,59.71
MOGOLD,OTHER,43.72,WATCHLIST,0.29855257,59.01
BANKBETA,OTHER,43.71,WATCHLIST,0.50569654,59.78
SHARDAMOTR,AUTO,43.71,WATCHLIST,0.16947153,59.8
HDFCVALUE,OTHER,43.7,WATCHLIST,0.56754863,59.73
COLPAL,FMCG,43.69,WATCHLIST,0.04181741,58.83
ALKYLAMINE,CHEMICALS,43.69,WATCHLIST,0.035210997,59.76
HINDZINC,METAL,43.69,WATCHLIST,0.5940948,56.44
HPIL,CHEMICALS,43.68,WATCHLIST,0.21098384,49.35
TATAGOLD,OTHER,43.68,WATCHLIST,0.3534589,59.03
GOLDIETF,OTHER,43.67,WATCHLIST,0.49228728,58.24
VRAJ,METAL,43.67,WATCHLIST,0.04627072,52.75
PITTIENG,CAPITAL_GOODS,43.67,WATCHLIST,0.035184056,54.15
SUPREMEIND,REALTY,43.64,WATCHLIST,0.11580532,59.03
CONSUMAXIS,OTHER,43.64,WATCHLIST,2.2475338,59.94
PTL,AUTO,43.63,WATCHLIST,0.041180234,49.15
GSEC10ABSL,OTHER,43.63,WATCHLIST,1.114714,59.88
GOLDCASE,OTHER,43.62,WATCHLIST,0.32333496,58.79
PRIMO,CHEMICALS,43.61,WATCHLIST,0.024862707,54.09
HYBRIDETF,OTHER,43.59,WATCHLIST,0.2849052,59.64
BBETF0432,OTHER,43.58,WATCHLIST,0.33324963,59.75
NV20IETF,OTHER,43.57,WATCHLIST,0.086286955,59.7
SBIVALETF,OTHER,43.56,WATCHLIST,0.07131378,59.72
FORTIS,HEALTHCARE,43.56,WATCHLIST,0.13590933,59.83
BANKIETF,OTHER,43.53,WATCHLIST,0.12671104,59.74
SENSEXAXIS,OTHER,43.53,WATCHLIST,0.2849052,59.64
GOLDBEES,OTHER,43.52,WATCHLIST,0.10687013,58.71
HDFCLIQUID,OTHER,43.52,WATCHLIST,0.29727167,59.77
SUDARSCHEM,CHEMICALS,43.52,WATCHLIST,8.773576,60.28
MCL,METAL,43.51,WATCHLIST,9.432111,57.59
IFBIND,FMCG,43.5,WATCHLIST,11.475496,61.07
WIPL,REALTY,43.5,WATCHLIST,0.08756579,54.98
SUNDROP,FMCG,43.48,WATCHLIST,0.07934814,59.82
SHRIRAMPPS,REALTY,43.48,WATCHLIST,0.024607632,58.41
MOSCHIP,IT,43.48,WATCHLIST,0.16261202,59.89
ADVENZYMES,PHARMA,43.48,WATCHLIST,1.1685914,59.73
GOLDETF,OTHER,43.47,WATCHLIST,0.084202275,59.23
GSEC5IETF,OTHER,43.46,WATCHLIST,0.22137003,59.81
HEALTHAXIS,OTHER,43.46,WATCHLIST,0.26854888,59.69
ENGINERSIN,INFRASTRUCTURE,43.46,WATCHLIST,0.05594672,57.87
RRIL,TEXTILES,43.45,WATCHLIST,0.044938397,58.12
PAGEIND,TEXTILES,43.45,WATCHLIST,0.20508167,58.6
VOLTAMP,CAPITAL_GOODS,43.44,WATCHLIST,4.188483,59.86
NTPC,POWER,43.43,WATCHLIST,0.095958464,57.32
ABSLMSCIN,OTHER,43.42,WATCHLIST,0.045584682,59.43
SBIETFPB,OTHER,43.42,WATCHLIST,0.1445132,59.78
MODEFENCE,OTHER,43.41,WATCHLIST,0.123826474,59.76
HDFCPVTBAN,OTHER,43.37,WATCHLIST,0.17340824,59.81
LIQUID,OTHER,43.36,WATCHLIST,0.13162932,59.76
GOLD1,OTHER,43.35,WATCHLIST,0.08562302,58.1
MASPTOP50,OTHER,43.34,WATCHLIST,0.059816543,59.49
MEESHO,RETAIL,43.34,WATCHLIST,0.28759733,59.6
SBIMIDMOM,OTHER,43.34,WATCHLIST,0.04599967,59.82
CEMNTGROWW,OTHER,43.33,WATCHLIST,0.24255294,59.67
EIEL,CAPITAL_GOODS,43.31,WATCHLIST,0.04843703,58.71
LIQUIDSHRI,OTHER,43.3,WATCHLIST,0.34967095,59.85
FAZE3Q,TEXTILES,43.29,WATCHLIST,0.32046485,33.36
VALUEAXIS,OTHER,43.29,WATCHLIST,0.20299263,59.68
BEDMUTHA,METAL,43.29,WATCHLIST,0.29639924,39.19
NPBET,OTHER,43.26,WATCHLIST,0.16282922,59.82
PROTEAN,IT,43.26,WATCHLIST,0.19852537,59.87
PVTBANK,OTHER,43.25,WATCHLIST,0.20299263,59.69
STEELXIND,METAL,43.25,WATCHLIST,0.124959104,57.8
IGARASHI,AUTO,43.25,WATCHLIST,0.071641125,56.33
GOLDIAM,FMCG,43.24,WATCHLIST,0.13797028,36.18
BECTORFOOD,FMCG,43.24,WATCHLIST,0.50979096,43.56
TARC,REALTY,43.23,WATCHLIST,0.06788445,57.56
GOLD360,OTHER,43.23,WATCHLIST,0.09723781,59.3
ICICIPRULI,FINANCIAL_SERVICES,43.21,WATCHLIST,0.12412754,57.67
VENUSPIPES,METAL,43.21,WATCHLIST,0.27015847,59.08
ELGIRUBCO,CHEMICALS,43.2,WATCHLIST,12.041076,61.14
BATLIBOI,CAPITAL_GOODS,43.2,WATCHLIST,0.05296319,58.83
HDFCNIMEG,OTHER,43.19,WATCHLIST,0.20299263,59.69
VINCOFE,FMCG,43.19,WATCHLIST,0.04646192,59.28
IVALUE,IT,43.17,WATCHLIST,0.10460882,58.24
ELIQUID,OTHER,43.17,WATCHLIST,0.23607239,59.86
ABSLBANETF,OTHER,43.17,WATCHLIST,0.11721797,59.86
BNKETFAXIS,OTHER,43.15,WATCHLIST,0.20299263,59.69
BSLGOLDETF,OTHER,43.14,WATCHLIST,0.08127573,59.29
SIGNPOST,MEDIA,43.13,WATCHLIST,0.09148373,53.32
MIRZAINT,TEXTILES,43.12,WATCHLIST,0.041604508,34.07
TNPETRO,HEALTHCARE,43.12,WATCHLIST,0.20908217,59.68
EMMVEE,CAPITAL_GOODS,43.11,WATCHLIST,0.15020287,56.84
UTTAMSUGAR,FMCG,43.11,WATCHLIST,0.20877118,59.2
CTE,IT,43.11,WATCHLIST,47.280277,74.11
LIQUIDIETF,OTHER,43.11,WATCHLIST,0.120051436,59.87
ZYDUSWELL,FMCG,43.1,WATCHLIST,0.2853409,54.84
AXISBANK,BANKING,43.1,WATCHLIST,0.054389227,58.57
SILVERAXIS,OTHER,43.1,WATCHLIST,0.1556379,59.71
FMCGADD,OTHER,43.09,WATCHLIST,0.109708324,59.74
BTML,MEDIA,43.07,WATCHLIST,0.19508767,58.09
POLICYBZR,FINANCIAL_SERVICES,43.07,WATCHLIST,0.034818146,59.12
EDELWEISS,FINANCIAL_SERVICES,43.07,WATCHLIST,0.074149385,54.7
SPAL,TEXTILES,43.07,WATCHLIST,0.12992363,59.23
MOMMIDCAP,OTHER,43.07,WATCHLIST,0.151031,59.72
ELANTAS,CHEMICALS,43.07,WATCHLIST,0.07567573,58.58
MAFATIND,TEXTILES,43.06,WATCHLIST,0.07693578,59.34
JSWCEMENT,CEMENT,43.06,WATCHLIST,0.07923152,59.27
IRB,INFRASTRUCTURE,43.06,WATCHLIST,0.07119919,46.81
ABSLLIQUID,OTHER,43.05,WATCHLIST,0.14942281,59.9
SBIBPB,OTHER,43.05,WATCHLIST,0.048660547,59.83
LIQUIDETF,OTHER,43.02,WATCHLIST,0.13663794,59.9
VALUE,OTHER,43.02,WATCHLIST,0.07065312,59.72
BANK10BETF,OTHER,43.01,WATCHLIST,0.151031,59.72
NV20BEES,OTHER,43.01,WATCHLIST,0.059299614,59.77
DELHIVERY,LOGISTICS,43.0,WATCHLIST,0.10456383,54.75
EMETAL,OTHER,42.99,WATCHLIST,0.14772534,59.74
INFRABEES,OTHER,42.98,WATCHLIST,0.109207295,59.79
PVTBANIETF,OTHER,42.98,WATCHLIST,0.09669938,59.85
HAWKINCOOK,FMCG,42.98,WATCHLIST,0.15409991,58.87
SCHNEIDER,CAPITAL_GOODS,42.98,WATCHLIST,0.07398542,35.33
KPIL,INFRASTRUCTURE,42.98,WATCHLIST,0.09295169,56.7
EGOLD,OTHER,42.95,WATCHLIST,0.08428945,58.93
ITAXIS,OTHER,42.95,WATCHLIST,0.16113198,59.73
SANDUMA,ENERGY,42.95,WATCHLIST,0.053758424,23.42
KRONOX,CHEMICALS,42.95,WATCHLIST,0.06402727,49.01
SBILIQETF,OTHER,42.95,WATCHLIST,0.2441853,59.89
GOLDAXIS,OTHER,42.94,WATCHLIST,0.16113198,59.73
EUROPRATIK,REALTY,42.94,WATCHLIST,0.06269652,59.62
DEFENCE,OTHER,42.93,WATCHLIST,0.09162709,59.82
NIFTYAXIS,OTHER,42.92,WATCHLIST,0.16113198,59.73
SPANDANA,FINANCIAL_SERVICES,42.92,WATCHLIST,0.113198325,57.06
SCI,FINANCIAL_SERVICES,42.91,WATCHLIST,0.14046015,58.39
SAGARDEEP,METAL,42.91,WATCHLIST,0.017472334,33.75
BANKPSU,OTHER,42.91,WATCHLIST,0.05379679,59.84
PML,FINANCIAL_SERVICES,42.89,WATCHLIST,0.16075423,56.15
PSUBANKADD,OTHER,42.88,WATCHLIST,0.05662223,59.81
BBNPPGOLD,OTHER,42.88,WATCHLIST,0.08883761,58.23
HEXATRADEX,FINANCIAL_SERVICES,42.88,WATCHLIST,0.023205828,36.17
BANKADD,OTHER,42.88,WATCHLIST,0.070558205,59.87
WANBURY,PHARMA,42.88,WATCHLIST,0.095937066,49.12
DJML,LOGISTICS,42.88,WATCHLIST,0.062103137,46.37
SBFC,FINANCIAL_SERVICES,42.88,WATCHLIST,0.05781331,58.34
GICRE,FINANCIAL_SERVICES,42.87,WATCHLIST,0.020299567,46.74
UNIONGOLD,OTHER,42.85,WATCHLIST,0.08580216,59.41
INDOMIM,OTHER,42.85,WATCHLIST,0.13053654,59.54
HDFCMOMENT,OTHER,42.83,WATCHLIST,0.17999858,59.8
MALUPAPER,CHEMICALS,42.83,WATCHLIST,0.094597004,57.59
ADANIPORTS,LOGISTICS,42.82,WATCHLIST,0.1598525,59.02
PIXTRANS,CHEMICALS,42.81,WATCHLIST,0.099130094,34.94
JBMA,AUTO,42.8,WATCHLIST,0.084574565,54.74
LIQUIDBETA,OTHER,42.8,WATCHLIST,0.18494248,59.73
AEROENTER,METAL,42.8,WATCHLIST,0.08737294,58.57
RVHL,REALTY,42.79,WATCHLIST,26.579332,64.41
QNIFTY,OTHER,42.78,WATCHLIST,0.049598865,51.53
MOMOMENTUM,OTHER,42.78,WATCHLIST,0.17569028,59.77
GALAXYSURF,CHEMICALS,42.77,WATCHLIST,0.13475297,59.63
GNFC,CHEMICALS,42.75,WATCHLIST,0.09854387,59.5
HLEGLAS,CAPITAL_GOODS,42.75,WATCHLIST,4.5015397,60.56
EIHOTEL,HOSPITALITY,42.73,WATCHLIST,0.07659693,59.3
ATLASCYCLE,FINANCIAL_SERVICES,42.72,WATCHLIST,0.034757983,31.72
QUINT,MEDIA,42.71,WATCHLIST,0.08477176,58.46
CEIGALL,INFRASTRUCTURE,42.71,WATCHLIST,0.16626464,56.35
HDFCNIFBAN,OTHER,42.71,WATCHLIST,0.099318825,59.87
CRAMC,FINANCIAL_SERVICES,42.71,WATCHLIST,0.09766387,58.69
LIQUIDBEES,OTHER,42.7,WATCHLIST,0.11342986,59.9
TERASOFT,IT,42.69,WATCHLIST,0.044273116,26.92
ABMINTLLTD,TEXTILES,42.67,WATCHLIST,2.5823576,48.35
ACSTECH,CEMENT,42.66,WATCHLIST,0.15800048,58.78
ABSLPSE,OTHER,42.66,WATCHLIST,0.16631553,59.36
ALICON,AUTO,42.64,WATCHLIST,0.08248156,58.4
SOMATEX,TEXTILES,42.63,WATCHLIST,0.6405985,40.36
LINDEINDIA,CHEMICALS,42.63,WATCHLIST,0.24480484,58.91
TATAPOWER,POWER,42.62,WATCHLIST,0.05220541,57.66
TCIEXP,LOGISTICS,42.62,WATCHLIST,0.08471386,59.91
CARRARO,AUTO,42.62,WATCHLIST,0.025501251,58.83
PSUBNKIETF,OTHER,42.62,WATCHLIST,0.05622381,59.85
BANK10ADD,OTHER,42.62,WATCHLIST,0.075556695,59.89
BALAMINES,CHEMICALS,42.62,WATCHLIST,0.15823616,59.51
ABDL,FMCG,42.62,WATCHLIST,0.08371645,57.25
EIMCOELECO,CAPITAL_GOODS,42.61,WATCHLIST,0.13722093,59.21
MOPSE,OTHER,42.61,WATCHLIST,0.22250016,59.24
MOM30IETF,OTHER,42.61,WATCHLIST,0.13451043,59.83
NKIND,CAPITAL_GOODS,42.6,WATCHLIST,0.2566555,54.3
PDMJEPAPER,CHEMICALS,42.59,WATCHLIST,0.41853255,59.96
MOMENTUM,OTHER,42.59,WATCHLIST,0.099502236,59.83
BAJAJCON,FMCG,42.58,WATCHLIST,0.72186065,59.32
LCL,OTHER,42.58,WATCHLIST,0.12969477,59.54
AMDIND,CHEMICALS,42.56,WATCHLIST,0.33850524,59.6
GILT10BETA,OTHER,42.55,WATCHLIST,0.09754048,59.89
DYNPRO,CHEMICALS,42.52,WATCHLIST,0.1673142,59.95
ABSL10BANK,OTHER,42.51,WATCHLIST,0.07058773,59.87
IOC,CHEMICALS,42.51,WATCHLIST,0.107081585,58.11
GUJENERGY,OTHER,42.5,WATCHLIST,0.27007753,58.58
LIQUIDSBI,OTHER,42.49,WATCHLIST,0.14833792,59.93
SIGNATURE,REALTY,42.45,WATCHLIST,0.063874565,22.42
RGL,FMCG,42.45,WATCHLIST,0.037253987,56.8
ACUTAAS,PHARMA,42.44,WATCHLIST,0.25104588,59.04
VENTIVE,HOSPITALITY,42.39,WATCHLIST,0.033055805,23.25
MSTCLTD,METAL,42.38,WATCHLIST,0.08328656,57.67
MSUMI,AUTO,42.38,WATCHLIST,0.11253903,58.83
UPL,CHEMICALS,42.38,WATCHLIST,0.08763398,58.18
PTC,POWER,42.33,WATCHLIST,0.35809815,59.28
RAMCOCEM,CEMENT,42.32,WATCHLIST,0.05591518,57.83
ANUHPHR,PHARMA,42.32,WATCHLIST,0.020693503,53.33
VGUARD,FINANCIAL_SERVICES,42.32,WATCHLIST,0.022855744,52.28
IDBI,BANKING,42.31,WATCHLIST,0.17708308,59.34
AHLEAST,HOSPITALITY,42.3,WATCHLIST,0.021552466,24.99
GROWWRAIL,OTHER,42.29,WATCHLIST,0.098108545,57.92
BLACKBUCK,LOGISTICS,42.29,WATCHLIST,0.08101345,56.36
CHOICEGOLD,OTHER,42.29,WATCHLIST,0.117312916,58.81
MOBANK10,OTHER,42.29,WATCHLIST,0.065240666,59.86
HOMEFIRST,FINANCIAL_SERVICES,42.26,WATCHLIST,0.0351421,58.91
ONGC,ENERGY,42.26,WATCHLIST,0.086432114,42.78
AAVAS,FINANCIAL_SERVICES,42.25,WATCHLIST,0.20268741,52.04
GLOSTERLTD,TEXTILES,42.22,WATCHLIST,0.14795208,40.39
OMPOWER,INFRASTRUCTURE,42.2,WATCHLIST,0.061565172,57.31
MODTHREAD,TEXTILES,42.2,WATCHLIST,0.08513899,59.19
SESHAPAPER,CHEMICALS,42.18,WATCHLIST,0.020743284,31.5
SBICARD,FINANCIAL_SERVICES,42.16,WATCHLIST,0.11156549,35.05
AONEGOLD,OTHER,42.16,WATCHLIST,0.06847078,58.83
RMC,OTHER,42.16,WATCHLIST,0.2920777,56.96
HDFCPSUBK,OTHER,42.16,WATCHLIST,0.048777554,59.81
FOSECOIND,CHEMICALS,42.15,WATCHLIST,0.3452093,59.73
LOTUSEYE,HEALTHCARE,42.15,WATCHLIST,0.058282394,28.08
CANBK,BANKING,42.13,WATCHLIST,0.13092135,38.04
GESHIP,AUTO,42.13,WATCHLIST,0.2932787,59.12
ABGSEC,OTHER,42.06,WATCHLIST,0.12336875,59.91
HDFCAMC,FINANCIAL_SERVICES,42.04,WATCHLIST,0.088121355,42.87
JUBLFOOD,HOSPITALITY,42.04,WATCHLIST,0.46928278,58.04
ELDEHSG,REALTY,42.02,WATCHLIST,0.13697278,48.65
V2RETAIL,RETAIL,42.02,WATCHLIST,0.022128468,45.36
PWL,HEALTHCARE,42.01,WATCHLIST,0.17598473,57.42
ECAPINSURE,OTHER,42.0,WATCHLIST,0.08787748,59.82
TARMAT,INFRASTRUCTURE,41.99,WATCHLIST,0.2930196,49.1
INDIANCARD,TEXTILES,41.99,WATCHLIST,0.07655349,58.39
PRECWIRE,METAL,41.99,WATCHLIST,0.15176804,54.62
DHARMAJ,CHEMICALS,41.99,WATCHLIST,0.15114085,59.43
MOMENTUM30,OTHER,41.99,WATCHLIST,0.06597529,59.78
INFRA,OTHER,41.98,WATCHLIST,0.07899872,59.85
DBL,INFRASTRUCTURE,41.98,WATCHLIST,0.043224644,55.3
ALEMBICLTD,REALTY,41.98,WATCHLIST,0.02648414,54.87
GTLINFRA,FINANCIAL_SERVICES,41.98,WATCHLIST,0.032891553,56.77
ICICIAMC,AMC,41.97,WATCHLIST,0.0900213,56.55
AMBUJACEM,CEMENT,41.95,WATCHLIST,0.12487384,33.49
JTLIND,METAL,41.94,WATCHLIST,0.03179122,35.72
CHALET,HOSPITALITY,41.93,WATCHLIST,0.0774668,56.26
SRTL,TEXTILES,41.92,WATCHLIST,0.061813813,36.01
GSEC10YEAR,OTHER,41.91,WATCHLIST,0.11924839,59.9
CMRGREEN,OTHER,41.91,WATCHLIST,0.23353103,54.68
GOLDBETA,OTHER,41.91,WATCHLIST,0.077971525,57.8
GOLDADD,OTHER,41.9,WATCHLIST,0.07955893,58.46
APOLLOTYRE,AUTO,41.86,WATCHLIST,0.06859125,39.7
TVSSRICHAK,AUTO,41.85,WATCHLIST,0.06983226,41.5
TIPSFILMS,MEDIA,41.85,WATCHLIST,0.18268992,59.49
EMULTIMQ,OTHER,41.84,WATCHLIST,0.19707237,59.56
SABEVENTS,OTHER,41.83,WATCHLIST,0.21044712,58.95
SWIGGY,RETAIL,41.83,WATCHLIST,0.2964752,52.19
MON100,OTHER,41.83,WATCHLIST,0.13776243,59.4
PVTBKGROWW,OTHER,41.82,WATCHLIST,0.07039073,59.77
BANSALWIRE,METAL,41.82,WATCHLIST,0.26613736,55.19
20MICRONS,METAL,41.81,WATCHLIST,0.021630675,43.48
EBGNG,IT,41.81,WATCHLIST,0.44002756,57.75
ASAL,AUTO,41.81,WATCHLIST,0.09494536,58.97
ARENTERP,METAL,41.81,WATCHLIST,0.4479832,43.09
BASF,CHEMICALS,41.8,WATCHLIST,0.07301686,58.06
MEGASTAR,FMCG,41.8,WATCHLIST,0.10130522,26.57
BHARATSE,AUTO,41.8,WATCHLIST,0.05546105,39.9
ZFCVINDIA,FINANCIAL_SERVICES,41.73,WATCHLIST,0.08110556,33.19
HSBCGOLD,OTHER,41.71,WATCHLIST,0.058303807,58.34
BIKAJI,TEXTILES,41.7,WATCHLIST,0.035324052,43.95
METROBRAND,FMCG,41.69,WATCHLIST,0.020532832,57.96
NV20,OTHER,41.67,WATCHLIST,0.064371966,43.08
ACCELYA,IT,41.67,WATCHLIST,0.06566644,54.93
HUDCO,REALTY,41.66,WATCHLIST,0.049011867,24.76
ARIHANTCAP,FINANCIAL_SERVICES,41.65,WATCHLIST,0.10701443,59.24
NOCIL,CHEMICALS,41.63,WATCHLIST,0.08146077,50.53
SHAHALLOYS,METAL,41.63,WATCHLIST,0.04692012,24.27
RANASUG,FMCG,41.62,WATCHLIST,0.023925876,36.37
DBCORP,MEDIA,41.6,WATCHLIST,0.12672408,46.35
MMTC,DIVERSIFIED,41.6,WATCHLIST,0.037880197,27.61
VTL,TEXTILES,41.57,WATCHLIST,0.3649453,52.91
DALBHARAT,FMCG,41.56,WATCHLIST,0.13805513,57.68
RBA,HOSPITALITY,41.55,WATCHLIST,0.1558096,57.59
BMWVENTLTD,METAL,41.55,WATCHLIST,0.046220712,25.71
LORDSCHLO,CHEMICALS,41.53,WATCHLIST,0.62892705,59.12
POWERINDIA,CAPITAL_GOODS,41.52,WATCHLIST,0.114177,59.47
TEXRAIL,CAPITAL_GOODS,41.51,WATCHLIST,0.033684153,54.48
TDPOWERSYS,CAPITAL_GOODS,41.51,WATCHLIST,0.084147565,59.01
NIITLTD,HEALTHCARE,41.51,WATCHLIST,0.07687734,56.15
HARIOMPIPE,METAL,41.47,WATCHLIST,0.0674337,59.64
AKASH,INFRASTRUCTURE,41.45,WATCHLIST,0.029951153,29.95
HBESD,REALTY,41.44,WATCHLIST,0.061741214,59.59
SAIL,METAL,41.44,WATCHLIST,0.04994298,53.26
IGCL,CHEMICALS,41.44,WATCHLIST,0.11241211,59.16
GREENPLY,REALTY,41.44,WATCHLIST,0.033348538,53.75
XCHANGING,IT,41.44,WATCHLIST,0.109872796,58.36
TECHNVISN,IT,41.43,WATCHLIST,0.81478286,58.88
COASTCORP,CAPITAL_GOODS,41.41,WATCHLIST,0.10993791,29.61
XPROINDIA,CHEMICALS,41.41,WATCHLIST,0.5590415,59.01
PVTBANKADD,OTHER,41.41,WATCHLIST,0.07091792,59.71
GOKUL,FMCG,41.41,WATCHLIST,0.01427541,29.14
ICICIB22,OTHER,41.39,WATCHLIST,0.1162957,58.86
SAKSOFT,IT,41.38,WATCHLIST,0.085267834,50.47
NDGL,FINANCIAL_SERVICES,41.36,WATCHLIST,0.24467772,57.14
VIDYAWIRES,METAL,41.36,WATCHLIST,0.03363307,51.86
OBCL,LOGISTICS,41.36,WATCHLIST,0.028182039,23.97
MOCAPITAL,OTHER,41.36,WATCHLIST,0.11335738,59.62
WHEELS,AUTO,41.35,WATCHLIST,0.1236435,59.06
GOLDBND,OTHER,41.35,WATCHLIST,0.05424933,58.87
FMCGIETF,OTHER,41.35,WATCHLIST,0.07880594,59.79
SUPRIYA,PHARMA,41.34,WATCHLIST,0.084674194,35.72
GROWWPSE,OTHER,41.32,WATCHLIST,0.121801406,58.46
MFSL,FINANCIAL_SERVICES,41.31,WATCHLIST,0.039947674,48.94
TWCGOLDETF,OTHER,41.31,WATCHLIST,0.050060038,59.13
LAOPALA,FMCG,41.28,WATCHLIST,0.05109279,45.46
APLLTD,PHARMA,41.27,WATCHLIST,0.035021883,58.48
INDOFARM,AUTO,41.27,WATCHLIST,0.08396635,59.77
RELIANCE,ENERGY,41.26,WATCHLIST,0.03484685,46.42
ANDHRSUGAR,CHEMICALS,41.26,WATCHLIST,0.028300995,54.25
RITES,INFRASTRUCTURE,41.26,WATCHLIST,0.037199613,51.69
RUPA,TEXTILES,41.26,WATCHLIST,0.051241513,56.53
GROWWPSUBK,OTHER,41.26,WATCHLIST,0.046808306,59.83
BANKINDIA,BANKING,41.25,WATCHLIST,0.046899416,55.47
HINDPETRO,CHEMICALS,41.24,WATCHLIST,0.024447931,56.26
STCINDIA,DIVERSIFIED,41.23,WATCHLIST,0.038744863,36.43
MOBIKWIK,FINANCIAL_SERVICES,41.21,WATCHLIST,0.48030472,59.91
ESILVER,OTHER,41.2,WATCHLIST,0.12006047,34.1
NIACL,FINANCIAL_SERVICES,41.19,WATCHLIST,0.106059596,57.69
BEEKAY,METAL,41.18,WATCHLIST,0.11962963,48.7
SALONA,TEXTILES,41.18,WATCHLIST,0.03194621,23.27
KPRMILL,TEXTILES,41.18,WATCHLIST,0.092120536,59.07
ENERGY,OTHER,41.17,WATCHLIST,0.06800716,59.75
SRHHYPOLTD,CHEMICALS,41.16,WATCHLIST,0.013678361,47.21
AONETMMQ50,OTHER,41.14,WATCHLIST,0.051444978,59.78
MAHABANK,BANKING,41.14,WATCHLIST,0.18823373,54.06
BANCOINDIA,AUTO,41.09,WATCHLIST,0.058110304,58.78
GOACARBON,METAL,41.07,WATCHLIST,0.014235813,27.95
KIOCL,METAL,41.06,WATCHLIST,2.7120361,59.32
HDBFS,FINANCIAL_SERVICES,41.06,WATCHLIST,0.11108191,40.64
TATACOMM,CHEMICALS,41.04,WATCHLIST,0.098756984,59.38
MAMATA,CAPITAL_GOODS,41.04,WATCHLIST,0.04414641,52.25
ORIENTCER,CAPITAL_GOODS,41.03,WATCHLIST,0.06131539,57.22
UBL,FMCG,41.0,WATCHLIST,0.15310387,56.08
ORISSAMINE,METAL,41.0,WATCHLIST,0.04840719,54.69
SRM,INFRASTRUCTURE,40.97,WATCHLIST,0.026392993,36.82
ARCHIDPLY,REALTY,40.95,WATCHLIST,0.018705828,26.24
BESTAGRO,CHEMICALS,40.95,WATCHLIST,10.024488,55.38
ACC,CEMENT,40.91,WATCHLIST,0.2640334,21.65
NCLIND,CEMENT,40.9,WATCHLIST,0.027813515,28.13
JSWDULUX,CHEMICALS,40.88,WATCHLIST,0.10801026,23.18
JKCEMENT,CEMENT,40.88,WATCHLIST,0.06005653,57.69
TGBHOTELS,HOSPITALITY,40.87,WATCHLIST,0.033860657,38.18
ZENTEC,DEFENCE,40.87,WATCHLIST,0.09128368,57.96
JAYNECOIND,METAL,40.86,WATCHLIST,0.036158472,36.6
CDSL,REALTY,40.84,WATCHLIST,0.033107877,57.49
SURYALA,TEXTILES,40.84,WATCHLIST,0.07843015,59.55
AGI,CHEMICALS,40.84,WATCHLIST,0.043266285,55.21
INDIQUBE,REALTY,40.81,WATCHLIST,0.0155520495,58.11
GROBTEA,FMCG,40.8,WATCHLIST,0.07840901,49.17
ELCIDIN,FINANCIAL_SERVICES,40.77,WATCHLIST,0.15260886,57.99
HDFCSILVER,OTHER,40.76,WATCHLIST,0.08977456,30.65
DOMS,FMCG,40.76,WATCHLIST,0.069216356,35.79
EPACKPEB,CAPITAL_GOODS,40.75,WATCHLIST,0.12709947,58.88
DATAMATICS,IT,40.72,WATCHLIST,0.027917795,59.25
CANFINHOME,FINANCIAL_SERVICES,40.72,WATCHLIST,0.06732466,22.91
SILVERBEES,OTHER,40.72,WATCHLIST,0.09968403,30.77
BSOFT,IT,40.71,WATCHLIST,0.08014747,51.48
ANURAS,CHEMICALS,40.7,WATCHLIST,0.034343652,20.34
TEJASNET,TELECOM,40.7,WATCHLIST,0.094349965,51.25
APOLSINHOT,HOSPITALITY,40.7,WATCHLIST,0.031075682,33.27
SANOFICONR,PHARMA,40.69,WATCHLIST,0.019091818,45.79
BANKNIFTY1,OTHER,40.69,WATCHLIST,0.043926194,55.64
MOINFRA,OTHER,40.66,WATCHLIST,0.059906837,59.82
BSE,FINANCIAL_SERVICES,40.65,WATCHLIST,0.20189716,59.48
SILVERIETF,OTHER,40.64,WATCHLIST,0.08263124,29.29
SBISILVER,OTHER,40.62,WATCHLIST,0.08323753,28.98
MAPMYINDIA,IT,40.6,WATCHLIST,0.12628561,59.31
KRBL,AGRICULTURE,40.6,WATCHLIST,0.034650125,39.5
TATSILV,OTHER,40.6,WATCHLIST,0.07508468,26.13
ESABINDIA,CAPITAL_GOODS,40.59,WATCHLIST,0.039812088,41.55
SILVER,OTHER,40.59,WATCHLIST,0.08016805,26.82
GROWW,FINANCIAL_SERVICES,40.58,WATCHLIST,0.08669452,24.21
TORNTPOWER,POWER,40.58,WATCHLIST,0.06141291,58.5
TRITURBINE,CAPITAL_GOODS,40.58,WATCHLIST,0.14195092,58.87
VHL,FINANCIAL_SERVICES,40.57,WATCHLIST,0.044106767,52.26
POKARNA,REALTY,40.57,WATCHLIST,0.077657305,56.91
KOTARISUG,FMCG,40.56,WATCHLIST,0.07928284,55.09
MUKKA,AGRICULTURE,40.56,WATCHLIST,0.029609315,27.36
AJOONI,AGRICULTURE,40.55,WATCHLIST,0.05373386,29.38
DMART,RETAIL,40.54,WATCHLIST,0.07446865,57.68
CESC,POWER,40.53,WATCHLIST,0.050214738,28.64
MWL,METAL,40.51,WATCHLIST,0.3888748,48.46
CUB,BANKING,40.51,WATCHLIST,0.07125146,54.93
SILVERCASE,OTHER,40.47,WATCHLIST,0.08397591,27.03
MOL,CHEMICALS,40.46,WATCHLIST,0.08204514,53.82
ZEEL,MEDIA,40.41,WATCHLIST,0.07925992,55.13
PUNJABCHEM,CHEMICALS,40.4,WATCHLIST,0.05447821,59.76
STAR,PHARMA,40.4,WATCHLIST,0.060611382,51.73
MOENERGY,OTHER,40.4,WATCHLIST,0.059347793,59.54
KALYANIFRG,CAPITAL_GOODS,40.37,WATCHLIST,0.019389825,28.9
COALINDIA,ENERGY,40.37,WATCHLIST,0.051357992,23.8
GPPL,INFRASTRUCTURE,40.37,WATCHLIST,0.026766522,51.26
LICHSGFIN,FINANCIAL_SERVICES,40.36,WATCHLIST,0.06812692,31.5
GROWWCAPM,OTHER,40.34,WATCHLIST,0.05952743,59.53
MAHSEAMLES,METAL,40.33,WATCHLIST,0.021362461,21.02
SILVER360,OTHER,40.28,WATCHLIST,0.067489155,26.64
MANAKCOAT,METAL,40.28,WATCHLIST,0.13697723,57.5
GROWWPOWER,OTHER,40.28,WATCHLIST,0.06872175,59.53
ORIENTPPR,CHEMICALS,40.27,WATCHLIST,0.14360668,52.02
MERCANTILE,REALTY,40.26,WATCHLIST,0.0912725,46.13
URJA,CAPITAL_GOODS,40.26,WATCHLIST,0.035678674,20.67
SILVERADD,OTHER,40.2,WATCHLIST,0.070073515,28.5
GHCL,CHEMICALS,40.19,WATCHLIST,0.097813524,20.9
NITCO,CAPITAL_GOODS,40.18,WATCHLIST,0.10576437,56.99
MAXESTATES,REALTY,40.16,WATCHLIST,0.023574373,28.01
JTEKTINDIA,AUTO,40.15,WATCHLIST,0.055375848,58.12
SAATVIKGL,CAPITAL_GOODS,40.15,WATCHLIST,0.03775602,51.78
MAITHANALL,METAL,40.15,WATCHLIST,0.028446235,22.93
ROLEXRINGS,AUTO,40.14,WATCHLIST,0.124729834,44.82
PIIND,CHEMICALS,40.13,WATCHLIST,0.08277754,23.75
TSFINV,FINANCIAL_SERVICES,40.11,WATCHLIST,0.18548515,59.87
MAGNUM,CHEMICALS,40.11,WATCHLIST,0.09333769,24.03
HEXT,IT,40.11,WATCHLIST,0.13717619,52.98
WILLAMAGOR,FINANCIAL_SERVICES,40.1,WATCHLIST,0.026214082,21.57
CPSEETF,OTHER,40.1,WATCHLIST,0.08262257,58.28
GODIGIT,FINANCIAL_SERVICES,40.07,WATCHLIST,0.3732759,10.74
LAHOTIOV,TEXTILES,40.06,WATCHLIST,0.15192682,57.36
INFOBEAN,IT,40.05,WATCHLIST,0.0360802,35.28
JAGRAN,MEDIA,40.05,WATCHLIST,0.016684722,51.54
POWERMECH,INFRASTRUCTURE,40.04,WATCHLIST,0.033724766,30.47
BEL,DEFENCE,40.04,WATCHLIST,0.058731005,46.61
NSIL,FINANCIAL_SERVICES,40.01,WATCHLIST,0.1738381,54.69
VGL,TEXTILES,39.99,NEUTRAL,0.053288717,36.76
ROTO,CAPITAL_GOODS,39.97,NEUTRAL,0.031006848,34.51
BIL,TEXTILES,39.96,NEUTRAL,0.029032052,45.57
5PAISA,FINANCIAL_SERVICES,39.94,NEUTRAL,0.06431469,46.33
FINCABLES,CAPITAL_GOODS,39.93,NEUTRAL,0.08396219,48.03
SIKA,DEFENCE,39.89,NEUTRAL,0.07880552,59.27
KSOLVES,IT,39.87,NEUTRAL,0.026706973,24.2
ABSLAMC,RETAIL,39.87,NEUTRAL,0.12766917,36.11
BAYERCROP,CHEMICALS,39.85,NEUTRAL,0.054754164,26.12
GATEWAY,LOGISTICS,39.83,NEUTRAL,0.0232043,48.28
ARFIN,METAL,39.82,NEUTRAL,0.042538974,29.54
CEATLTD,AUTO,39.8,NEUTRAL,0.07861756,27.48
BHARATWIRE,METAL,39.79,NEUTRAL,0.0319105,45.11
CGPOWER,IT,39.75,NEUTRAL,0.113978915,58.63
SRF,CHEMICALS,39.74,NEUTRAL,0.07564509,48.26
RUBFILA,CHEMICALS,39.68,NEUTRAL,0.011120692,28.2
AAKASH,OTHER,39.67,NEUTRAL,0.057949375,52.1
ALLDIGI,IT,39.65,NEUTRAL,0.015891524,22.85
PREMEXPLN,CHEMICALS,39.64,NEUTRAL,0.11268116,58.15
HINDCOPPER,METAL,39.63,NEUTRAL,0.14964601,56.29
SAIPARENT,PHARMA,39.63,NEUTRAL,0.08562107,52.28
MAANALU,METAL,39.61,NEUTRAL,0.14331478,22.18
ASIANTILES,CAPITAL_GOODS,39.56,NEUTRAL,0.046657693,20.23
GOPAL,FMCG,39.56,NEUTRAL,0.05102562,22.98
ENRIN,CAPITAL_GOODS,39.56,NEUTRAL,0.07469484,54.21
GMMPFAUDLR,CAPITAL_GOODS,39.54,NEUTRAL,0.1503368,21.13
ABFRL,RETAIL,39.54,NEUTRAL,0.03556791,40.62
MOIL,METAL,39.5,NEUTRAL,0.030343276,20.59
KRISHIVAL,FMCG,39.47,NEUTRAL,0.16739419,50.68
JWL,INFRASTRUCTURE,39.47,NEUTRAL,0.021145387,21.63
SHK,CHEMICALS,39.47,NEUTRAL,0.34520268,55.97
NLCINDIA,POWER,39.46,NEUTRAL,0.071565,56.61
RACLGEAR,AUTO,39.44,NEUTRAL,0.05654826,55.4
GICHSGFIN,FINANCIAL_SERVICES,39.43,NEUTRAL,0.012416258,20.83
GAYAHWS,INFRASTRUCTURE,39.39,NEUTRAL,0.11699933,21.41
NATHBIOGEN,AGRICULTURE,39.38,NEUTRAL,0.03666063,22.33
IRCTC,CAPITAL_GOODS,39.38,NEUTRAL,0.08481405,20.15
LICMFGOLD,OTHER,39.34,NEUTRAL,0.035908323,29.81
DCMSHRIRAM,DIVERSIFIED,39.33,NEUTRAL,0.058617316,20.09
DICIND,CHEMICALS,39.31,NEUTRAL,0.017258374,22.44
ATLANTAELE,OTHER,39.28,NEUTRAL,0.17788877,56.21
SUNTV,MEDIA,39.25,NEUTRAL,0.053119317,21.5
GROWWGOLD,OTHER,39.24,NEUTRAL,0.046428367,24.63
ICICIGI,FINANCIAL_SERVICES,39.24,NEUTRAL,0.029144617,20.32
SPARC,CHEMICALS,39.23,NEUTRAL,0.111551255,58.71
TVSELECT,RETAIL,39.21,NEUTRAL,0.0329325,46.09
MOLDTKPAC,CHEMICALS,39.21,NEUTRAL,0.08809415,56.88
WONDERLA,HOSPITALITY,39.2,NEUTRAL,0.03132134,24.09
AHLUCONT,INFRASTRUCTURE,39.2,NEUTRAL,0.024788052,27.58
AVANTEL,DEFENCE,39.19,NEUTRAL,0.054022864,55.62
IVZINGOLD,OTHER,39.17,NEUTRAL,0.04211714,22.92
TIMKEN,CAPITAL_GOODS,39.17,NEUTRAL,0.0395618,22.17
CHAMBLFERT,CHEMICALS,39.15,NEUTRAL,0.027156625,27.66
MANAKSIA,METAL,39.15,NEUTRAL,0.019627001,20.21
CCHHL,HOSPITALITY,39.11,NEUTRAL,0.030030612,20.66
MOSILVER,OTHER,39.1,NEUTRAL,0.054439303,21.26
THOMASCOTT,TEXTILES,39.1,NEUTRAL,0.03592034,33.54
BAJAJHFL,FINANCIAL_SERVICES,39.1,NEUTRAL,0.027008386,46.19
KUANTUM,CHEMICALS,39.06,NEUTRAL,0.040938478,20.66
REDTAPE,FMCG,39.06,NEUTRAL,0.029475557,54.75
BORORENEW,CAPITAL_GOODS,39.06,NEUTRAL,0.0713695,44.27
SUNTECK,REALTY,39.05,NEUTRAL,0.12026826,20.16
ADANIPOWER,POWER,39.02,NEUTRAL,0.1464476,25.08
WINDMACHIN,CAPITAL_GOODS,38.99,NEUTRAL,0.022896556,20.65
SATIA,CHEMICALS,38.99,NEUTRAL,0.028265644,49.26
ORIENTELEC,FMCG,38.98,NEUTRAL,0.016906122,25.94
ANGELONE,FINANCIAL_SERVICES,38.96,NEUTRAL,0.10062222,28.34
BLKASHYAP,INFRASTRUCTURE,38.94,NEUTRAL,0.027355159,32.7
POWERICA,CAPITAL_GOODS,38.93,NEUTRAL,0.11627637,54.69
PRAXIS,OTHER,38.89,NEUTRAL,0.12485429,37.16
GLOBALVECT,AVIATION,38.89,NEUTRAL,0.03693341,20.26
PIGL,CAPITAL_GOODS,38.89,NEUTRAL,0.04670744,24.44
NATCOPHARM,PHARMA,38.88,NEUTRAL,0.04175346,47.67
UFO,MEDIA,38.86,NEUTRAL,0.025387352,24.28
SPLPETRO,CHEMICALS,38.86,NEUTRAL,0.02636108,57.1
LUXIND,TEXTILES,38.85,NEUTRAL,0.048262473,38.62
VIPIND,REALTY,38.85,NEUTRAL,0.046925154,20.35
AONESILVER,OTHER,38.84,NEUTRAL,0.059249192,20.92
REPCOHOME,FINANCIAL_SERVICES,38.84,NEUTRAL,0.058140386,23.59
PRAENG,REALTY,38.81,NEUTRAL,0.054102857,23.23
JNKINDIA,CAPITAL_GOODS,38.79,NEUTRAL,0.073576,59.13
TENNIND,AUTO,38.79,NEUTRAL,0.23708257,21.26
GODREJAGRO,AGRICULTURE,38.78,NEUTRAL,0.03417856,21.4
EMSLIMITED,INFRASTRUCTURE,38.76,NEUTRAL,0.04603794,44.86
GILLETTE,FMCG,38.75,NEUTRAL,0.036282293,21.45
GARUDA,INFRASTRUCTURE,38.74,NEUTRAL,0.019434543,27.83
UCAL,AUTO,38.74,NEUTRAL,0.0634023,23.28
CURAA,OTHER,38.71,NEUTRAL,0.07396597,21.91
NORBTEAEXP,TEXTILES,38.7,NEUTRAL,0.11108641,21.93
HATHWAY,MEDIA,38.69,NEUTRAL,0.027750582,21.08
LATENTVIEW,REALTY,38.67,NEUTRAL,0.10965561,32.11
GFLLIMITED,FINANCIAL_SERVICES,38.66,NEUTRAL,0.059007008,40.53
UNITEDTEA,FMCG,38.66,NEUTRAL,0.017021434,21.19
VINATIORGA,CHEMICALS,38.65,NEUTRAL,0.019961072,20.83
MGL,ENERGY,38.63,NEUTRAL,0.024724208,23.62
DCMFINSERV,OTHER,38.62,NEUTRAL,2.4322093,59.18
UMESLTD,OTHER,38.6,NEUTRAL,0.04379915,23.34
ABREL,REALTY,38.56,NEUTRAL,0.03572949,30.4
MOTILALOFS,FINANCIAL_SERVICES,38.56,NEUTRAL,0.06434137,54.92
TRUALT,AGRICULTURE,38.55,NEUTRAL,0.0364875,20.28
SICAGEN,CHEMICALS,38.52,NEUTRAL,0.060118634,20.62
GRSE,DEFENCE,38.52,NEUTRAL,0.07334558,23.72
NAVKARCORP,POWER,38.5,NEUTRAL,0.03372671,30.02
AXITA,TEXTILES,38.5,NEUTRAL,0.122773714,20.24
RUDRA,OTHER,38.49,NEUTRAL,0.23714606,59.02
SINDHUTRAD,LOGISTICS,38.49,NEUTRAL,0.044113684,55.55
CREATIVEYE,MEDIA,38.48,NEUTRAL,0.035924174,20.3
JUBLPHARMA,PHARMA,38.48,NEUTRAL,0.031705625,22.44
KANSAINER,CHEMICALS,38.47,NEUTRAL,0.03780918,25.91
SAKHTISUG,FMCG,38.47,NEUTRAL,0.016645823,20.6
MSPL,METAL,38.44,NEUTRAL,0.03554403,21.91
UCOBANK,BANKING,38.43,NEUTRAL,0.03700123,25.92
GEMAROMA,OTHER,38.4,NEUTRAL,5.1542306,42.85
BIOFILCHEM,PHARMA,38.38,NEUTRAL,0.04598305,22.71
SILVERAG,OTHER,38.38,NEUTRAL,0.0423908,20.78
LOVABLE,TEXTILES,38.38,NEUTRAL,0.029399555,22.07
PARADEEP,CHEMICALS,38.38,NEUTRAL,1.3085206,49.11
THERMAX,CAPITAL_GOODS,38.38,NEUTRAL,0.5528043,53.23
LCCINFOTEC,OTHER,38.37,NEUTRAL,0.13807063,20.33
SANDESH,MEDIA,38.33,NEUTRAL,0.024142906,20.85
GVT&D,CAPITAL_GOODS,38.32,NEUTRAL,0.07964119,58.97
PINELABS,FINANCIAL_SERVICES,38.32,NEUTRAL,0.40863034,21.03
JKTYRE,AUTO,38.32,NEUTRAL,0.042036075,33.75
HAVISHA,FINANCIAL_SERVICES,38.3,NEUTRAL,0.62207764,37.79
NBCC,INFRASTRUCTURE,38.27,NEUTRAL,0.0241832,22.05
CYIENT,IT,38.26,NEUTRAL,0.052607175,20.14
MOTISONS,FMCG,38.25,NEUTRAL,0.017616585,26.7
SAMBHAAV,MEDIA,38.24,NEUTRAL,0.8751748,53.97
HAPPSTMNDS,IT,38.24,NEUTRAL,0.07001891,30.85
ASTAR,FMCG,38.23,NEUTRAL,0.040955186,36.31
TCI,LOGISTICS,38.21,NEUTRAL,0.027363244,20.42
ARVINDFASN,RETAIL,38.21,NEUTRAL,0.023517283,23.24
TRENT,RETAIL,38.18,NEUTRAL,0.33110088,53.22
SILVERBETA,OTHER,38.17,NEUTRAL,0.040119335,21.1
BAIDFIN,FINANCIAL_SERVICES,38.16,NEUTRAL,0.018767964,20.61
CMSINFO,FINANCIAL_SERVICES,38.13,NEUTRAL,0.075127095,20.21
TRIDENT,TEXTILES,38.12,NEUTRAL,0.029967291,22.03
FDC,PHARMA,38.12,NEUTRAL,0.049767625,28.6
KSB,CAPITAL_GOODS,38.12,NEUTRAL,0.056625117,33.44
CANTABIL,TEXTILES,38.12,NEUTRAL,0.03185339,31.71
PASHUPATI,TEXTILES,38.07,NEUTRAL,0.0631078,21.53
RUCHINFRA,INFRASTRUCTURE,38.07,NEUTRAL,0.033729315,21.02
MAZDOCK,DEFENCE,38.05,NEUTRAL,0.085594706,27.85
ITI,TELECOM,38.05,NEUTRAL,0.019138934,20.42
VISL,OTHER,38.05,NEUTRAL,0.07873572,28.03
MBAPL,CHEMICALS,38.04,NEUTRAL,0.13934042,54.99
BAJAJST,CAPITAL_GOODS,38.02,NEUTRAL,0.0900448,26.31
SILVERBND,OTHER,38.02,NEUTRAL,0.049543113,20.94
CPEDU,HEALTHCARE,38.02,NEUTRAL,0.09306171,54.98
ATGL,ENERGY,38.01,NEUTRAL,0.18717091,56.13
HEIDELBERG,CEMENT,38.0,NEUTRAL,0.021223212,20.72
GMRP&UI,INFRASTRUCTURE,38.0,NEUTRAL,0.028485695,20.24
ADFFOODS,FMCG,37.98,NEUTRAL,0.073054306,53.17
JSLL,PHARMA,37.95,NEUTRAL,0.033276826,21.14
CENTRALBK,BANKING,37.94,NEUTRAL,0.041024722,32.32
ICDSLTD,FINANCIAL_SERVICES,37.93,NEUTRAL,0.2942088,40.61
TURTLEMINT,OTHER,37.9,NEUTRAL,0.06813974,30.21
PNBGILTS,FINANCIAL_SERVICES,37.9,NEUTRAL,0.029253883,22.18
GPIL,METAL,37.89,NEUTRAL,0.033323873,20.41
ALBERTDAVD,PHARMA,37.88,NEUTRAL,0.028923448,22.09
SMSPHARMA,PHARMA,37.87,NEUTRAL,0.08158086,26.79
RCF,CHEMICALS,37.87,NEUTRAL,0.015587917,22.03
KIRIINDUS,CHEMICALS,37.85,NEUTRAL,0.10857307,57.16
PVP,REALTY,37.84,NEUTRAL,0.09536631,20.27
FINOPB,BANKING,37.82,NEUTRAL,0.27412665,21.26
KRITINUT,OTHER,37.81,NEUTRAL,0.15077566,25.26
INDBANK,FINANCIAL_SERVICES,37.81,NEUTRAL,0.031018615,23.58
SOBHA,REALTY,37.8,NEUTRAL,0.026564332,20.81
ROML,FMCG,37.79,NEUTRAL,0.022758827,24.74
EIDPARRY,FMCG,37.78,NEUTRAL,0.046042394,20.19
MADHAVIPL,INFRASTRUCTURE,37.77,NEUTRAL,0.053459425,21.14
CROMPTON,FMCG,37.76,NEUTRAL,0.026989132,38.77
DSSL,IT,37.75,NEUTRAL,0.07310654,32.68
BBTC,FMCG,37.72,NEUTRAL,0.041324455,23.09
ASPINWALL,LOGISTICS,37.71,NEUTRAL,0.013815617,25.19
FACT,CHEMICALS,37.71,NEUTRAL,0.016736077,20.79
OLECTRA,AUTO,37.69,NEUTRAL,0.054612786,30.16
DONEAR,TEXTILES,37.69,NEUTRAL,0.03573782,20.47
AERONEU,CHEMICALS,37.68,NEUTRAL,0.11282778,25.72
INCREDIBLE,METAL,37.66,NEUTRAL,0.066511795,20.32
LOYALTEX,OTHER,37.65,NEUTRAL,0.073493175,24.9
ADVANIHOTR,HOSPITALITY,37.64,NEUTRAL,0.036886875,20.94
STUDDS,AUTO,37.62,NEUTRAL,0.032154106,20.33
ERIS,PHARMA,37.61,NEUTRAL,0.028994929,23.76
BEML,AUTO,37.58,NEUTRAL,0.05591518,20.62
DVL,DIVERSIFIED,37.58,NEUTRAL,0.03566257,21.82
STARTECK,FINANCIAL_SERVICES,37.58,NEUTRAL,0.030933503,21.62
CENTEXT,METAL,37.58,NEUTRAL,0.42938414,54.5
BLAL,FINANCIAL_SERVICES,37.55,NEUTRAL,0.01736547,20.58
SUBROS,CAPITAL_GOODS,37.52,NEUTRAL,0.04869377,59.08
NATCAPSUQ,PHARMA,37.51,NEUTRAL,0.15778843,55.01
OMINFRAL,INFRASTRUCTURE,37.51,NEUTRAL,0.03920511,34.97
SURYODAY,BANKING,37.5,NEUTRAL,0.1392083,56.25
ACI,CHEMICALS,37.48,NEUTRAL,0.01837569,22.88
BALKRISHNA,CHEMICALS,37.44,NEUTRAL,0.018849384,22.95
S&SPOWER,OTHER,37.44,NEUTRAL,0.10914662,23.22
PIONEEREMB,TEXTILES,37.41,NEUTRAL,0.05171679,22.9
DLINKINDIA,IT,37.41,NEUTRAL,0.023084741,22.11
ZFSTEERING,AUTO,37.41,NEUTRAL,0.039933983,21.76
QUADFUTURE,CAPITAL_GOODS,37.41,NEUTRAL,0.041917387,37.35
AWL,FMCG,37.39,NEUTRAL,0.035174362,22.79
RKSWAMY,MEDIA,37.39,NEUTRAL,0.059821676,23.0
SASKEN,IT,37.38,NEUTRAL,0.083027445,59.4
BCPL,REALTY,37.37,NEUTRAL,0.04895313,21.21
RAMAPHO,CHEMICALS,37.34,NEUTRAL,0.24176247,21.09
KRISHANA,CHEMICALS,37.33,NEUTRAL,0.08409234,21.69
TIINDIA,AUTO,37.31,NEUTRAL,0.026520502,23.12
EVEREADY,FMCG,37.31,NEUTRAL,0.03812963,34.16
NIBE,DEFENCE,37.27,NEUTRAL,0.054996938,58.34
LGBBROSLTD,AUTO,37.25,NEUTRAL,0.11517995,20.8
PRINCEPIPE,CAPITAL_GOODS,37.23,NEUTRAL,0.029579462,28.99
NAVNETEDUL,MEDIA,37.21,NEUTRAL,0.059752837,20.34
MUTHOOTFIN,FINANCIAL_SERVICES,37.2,NEUTRAL,0.084579006,47.26
ADVENTHTL,HOSPITALITY,37.2,NEUTRAL,0.4520125,31.34
ZODIAC,OTHER,37.19,NEUTRAL,0.16601013,51.19
ONESOURCE,PHARMA,37.18,NEUTRAL,0.020847918,20.14
CHOLAHLDNG,FINANCIAL_SERVICES,37.17,NEUTRAL,0.042876743,22.58
LAMBODHARA,TEXTILES,37.16,NEUTRAL,0.026999015,51.08
HCL-INSYS,IT,37.15,NEUTRAL,0.016594967,20.1
VOGL,OTHER,37.13,NEUTRAL,0.06828236,34.45
ROSSARI,CHEMICALS,37.12,NEUTRAL,0.008853284,21.49
THOMASCOOK,HOSPITALITY,37.12,NEUTRAL,0.10467173,20.53
HINDUNILVR,FMCG,37.12,NEUTRAL,0.0306138,20.86
DEVYANI,HOSPITALITY,37.12,NEUTRAL,0.028606314,21.01
EMUDHRA,IT,37.11,NEUTRAL,0.029078228,22.08
GPTINFRA,INFRASTRUCTURE,37.07,NEUTRAL,0.05354604,38.0
APCL,CEMENT,37.06,NEUTRAL,0.037357334,20.06
NIRAJISPAT,FMCG,37.06,NEUTRAL,0.20958757,57.53
SHREDIGCEM,CEMENT,37.03,NEUTRAL,0.023940116,23.44
BEARDSELL,CAPITAL_GOODS,37.02,NEUTRAL,0.011804824,23.66
SHRIKRISH,REALTY,36.99,NEUTRAL,0.05735669,48.43
ARIES,CHEMICALS,36.98,NEUTRAL,0.012872683,21.54
SUKHJITS,AGRICULTURE,36.95,NEUTRAL,0.02185861,26.35
TEGA,FINANCIAL_SERVICES,36.94,NEUTRAL,0.02133598,20.44
BALMLAWRIE,DIVERSIFIED,36.91,NEUTRAL,0.026594184,29.97
ALMONDZ,FINANCIAL_SERVICES,36.9,NEUTRAL,0.02495885,20.07
BFUTILITIE,INFRASTRUCTURE,36.9,NEUTRAL,0.03625743,36.38
STEELCITY,FINANCIAL_SERVICES,36.89,NEUTRAL,0.036316242,20.1
KEEPLEARN,HEALTHCARE,36.89,NEUTRAL,0.033604044,20.09
GSFC,CHEMICALS,36.88,NEUTRAL,0.015916895,20.86
HITECH,METAL,36.88,NEUTRAL,0.010939512,23.0
JKIL,INFRASTRUCTURE,36.87,NEUTRAL,0.015274081,20.06
FRONTSP,AUTO,36.86,NEUTRAL,0.080663376,21.27
RSYSTEMS,IT,36.86,NEUTRAL,0.045799408,22.09
ICRA,FINANCIAL_SERVICES,36.85,NEUTRAL,0.029240279,21.52
PILANIINVS,FINANCIAL_SERVICES,36.84,NEUTRAL,0.018216014,20.7
SCILAL,FINANCIAL_SERVICES,36.84,NEUTRAL,0.015170432,20.36
NILAINFRA,REALTY,36.83,NEUTRAL,0.019847259,20.08
BANKBARODA,BANKING,36.8,NEUTRAL,0.037043903,20.76
LIBERTSHOE,FMCG,36.8,NEUTRAL,0.031624872,46.48
GANGESSECU,FMCG,36.79,NEUTRAL,0.031412005,21.38
CORALFINAC,REALTY,36.77,NEUTRAL,0.034285143,22.64
BONLON,CHEMICALS,36.76,NEUTRAL,0.021750605,20.55
NAVA,POWER,36.76,NEUTRAL,0.03355903,20.85
WALCHANNAG,FINANCIAL_SERVICES,36.76,NEUTRAL,0.061904553,29.05
SINCLAIR,HOSPITALITY,36.73,NEUTRAL,0.024325002,20.49
IFGLEXPOR,CAPITAL_GOODS,36.73,NEUTRAL,0.082559496,59.83
IRCON,INFRASTRUCTURE,36.71,NEUTRAL,0.04611394,20.05
HINDCON,OTHER,36.65,NEUTRAL,0.056577154,24.44
GODFRYPHLP,FMCG,36.65,NEUTRAL,0.1197056,36.69
NEWGEN,IT,36.65,NEUTRAL,0.13079204,22.39
THEINVEST,FINANCIAL_SERVICES,36.65,NEUTRAL,0.039148033,20.57
SURAKSHA,HEALTHCARE,36.64,NEUTRAL,0.01640471,20.1
BOHRAIND,OTHER,36.63,NEUTRAL,1.0790012,25.54
EIHAHOTELS,HOSPITALITY,36.6,NEUTRAL,0.026518578,22.14
PENIND,MEDIA,36.58,NEUTRAL,0.027162788,23.59
BAJEL,CAPITAL_GOODS,36.56,NEUTRAL,0.020078946,21.11
GENUSPAPER,CHEMICALS,36.56,NEUTRAL,0.04542202,20.78
LANDSMILL,OTHER,36.55,NEUTRAL,0.036348335,20.69
ZENSARTECH,FMCG,36.5,NEUTRAL,0.15973882,20.51
INNOVISION,INFRASTRUCTURE,36.49,NEUTRAL,0.08783445,26.59
COCHINSHIP,DEFENCE,36.48,NEUTRAL,0.07370555,21.21
BHARATCOAL,ENERGY,36.47,NEUTRAL,0.04207007,21.46
ORICONENT,TEXTILES,36.47,NEUTRAL,0.03858112,20.19
SILVER1,OTHER,36.45,NEUTRAL,0.0477932,20.23
GTL,TELECOM,36.43,NEUTRAL,0.023330998,20.99
IGL,ENERGY,36.42,NEUTRAL,0.01921227,20.13
LPDC,REALTY,36.38,NEUTRAL,0.027412202,20.28
RATNAMANI,METAL,36.35,NEUTRAL,0.026412122,23.14
DRREDDY,PHARMA,36.35,NEUTRAL,0.06407394,28.06
VINYLINDIA,CHEMICALS,36.35,NEUTRAL,0.017983362,21.39
CIEINDIA,AUTO,36.34,NEUTRAL,0.036364414,20.14
MHLXMIRU,TEXTILES,36.32,NEUTRAL,0.058064796,20.09
KALPATARU,REALTY,36.28,NEUTRAL,0.025929738,20.45
NTPCGREEN,POWER,36.26,NEUTRAL,0.02504359,20.2
DEN,MEDIA,36.25,NEUTRAL,0.030843511,20.12
IRIS,IT,36.23,NEUTRAL,0.038210336,22.37
JPOLYINVST,FINANCIAL_SERVICES,36.23,NEUTRAL,0.040007338,24.29
NILASPACES,REALTY,36.22,NEUTRAL,0.056193065,31.27
VEEDOL,ENERGY,36.21,NEUTRAL,0.026828453,21.57
BBOX,IT,36.17,NEUTRAL,0.11016106,58.62
WAKEFIT,REALTY,36.11,NEUTRAL,0.13590002,31.69
LAL,TEXTILES,36.1,NEUTRAL,0.060925905,46.38
AMJLAND,CHEMICALS,36.09,NEUTRAL,0.024391284,20.13
GROWWSLVR,OTHER,36.07,NEUTRAL,0.037648838,20.18
SHANTI,FMCG,36.06,NEUTRAL,0.1701831,21.27
SINGERIND,FMCG,36.05,NEUTRAL,0.030412292,20.13
KANANIIND,CAPITAL_GOODS,36.04,NEUTRAL,0.022122584,20.12
JUNIPER,HOSPITALITY,36.04,NEUTRAL,0.036318976,20.09
KLBRENG-B,CAPITAL_GOODS,36.03,NEUTRAL,0.118115194,22.98
KREBSBIO,PHARMA,36.02,NEUTRAL,0.04197171,20.13
THANGAMAYL,FMCG,36.01,NEUTRAL,0.23671012,56.31
KOTIC,CHEMICALS,35.99,NEUTRAL,0.0502932,32.2
INA,POWER,35.99,NEUTRAL,0.035702135,24.11
JAYKAY,FMCG,35.97,NEUTRAL,0.024396447,20.27
CROWN,CAPITAL_GOODS,35.96,NEUTRAL,0.03344941,20.28
VEDPOWER,OTHER,35.96,NEUTRAL,0.06584734,29.58
HISARMETAL,METAL,35.93,NEUTRAL,0.02137485,20.13
GNRL,ENERGY,35.93,NEUTRAL,0.045493934,46.64
BLBLIMITED,FINANCIAL_SERVICES,35.93,NEUTRAL,0.13853511,20.16
AXISCADES,DEFENCE,35.93,NEUTRAL,0.07069463,20.53
BAJAJHIND,FMCG,35.91,NEUTRAL,0.022078311,20.1
HATSUN,FMCG,35.91,NEUTRAL,0.027832668,20.47
ORKLAINDIA,FMCG,35.88,NEUTRAL,0.09736115,20.23
BIRLAPREC,CAPITAL_GOODS,35.86,NEUTRAL,0.05142527,23.47
INFOMEDIA,MEDIA,35.86,NEUTRAL,0.0455429,29.64
DCAL,PHARMA,35.8,NEUTRAL,0.02873361,23.52
WEALTH,FINANCIAL_SERVICES,35.79,NEUTRAL,0.020815402,20.4
KHANDSE,FINANCIAL_SERVICES,35.75,NEUTRAL,0.01661362,20.36
VIKRAN,CAPITAL_GOODS,35.73,NEUTRAL,0.030619143,20.99
ZENITHEXPO,TEXTILES,35.71,NEUTRAL,0.021609176,44.52
TEXMOPIPES,CAPITAL_GOODS,35.7,NEUTRAL,0.015858313,20.07
EXCELSOFT,IT,35.68,NEUTRAL,0.094582945,23.53
AEPL,CAPITAL_GOODS,35.68,NEUTRAL,0.07738987,23.59
BDL,DEFENCE,35.67,NEUTRAL,0.04186378,20.47
GRINFRA,INFRASTRUCTURE,35.63,NEUTRAL,0.023923185,20.68
SUMMITSEC,FINANCIAL_SERVICES,35.6,NEUTRAL,0.031752758,20.12
SILGO,FMCG,35.6,NEUTRAL,0.056731567,20.17
DABUR,FMCG,35.59,NEUTRAL,0.0453598,20.17
MASTERTR,FINANCIAL_SERVICES,35.58,NEUTRAL,0.10065712,20.36
PSB,BANKING,35.57,NEUTRAL,0.019484269,21.36
JAYSREETEA,FMCG,35.57,NEUTRAL,0.015379876,20.09
VESUVIUS,CAPITAL_GOODS,35.56,NEUTRAL,0.019055318,20.21
NAGREEKCAP,OTHER,35.52,NEUTRAL,0.31263447,58.64
SURANASOL,CAPITAL_GOODS,35.52,NEUTRAL,0.020931311,22.33
FCSSOFT,OTHER,35.5,NEUTRAL,0.124524415,27.61
SWARAJENG,CAPITAL_GOODS,35.48,NEUTRAL,0.02567833,20.54
THEMISMED,PHARMA,35.47,NEUTRAL,0.030933298,24.61
RIIL,LOGISTICS,35.47,NEUTRAL,0.016328417,20.28
SPMLINFRA,INFRASTRUCTURE,35.46,NEUTRAL,0.035638798,23.01
BAJAJHCARE,PHARMA,35.42,NEUTRAL,0.034445364,21.09
TVTODAY,MEDIA,35.42,NEUTRAL,0.03980512,20.71
APTUS,FINANCIAL_SERVICES,35.41,NEUTRAL,0.034682993,26.79
SOLARA,PHARMA,35.39,NEUTRAL,0.027631724,20.41
VASWANI,CHEMICALS,35.38,NEUTRAL,0.01960155,20.05
KAYNES,CAPITAL_GOODS,35.36,NEUTRAL,0.28900674,29.52
ANDHRAPAP,CHEMICALS,35.36,NEUTRAL,0.017740378,21.1
LINCOLN,PHARMA,35.35,NEUTRAL,0.021705711,20.41
PURVA,REALTY,35.35,NEUTRAL,0.0178246,20.3
VAISHALI,OTHER,35.31,NEUTRAL,0.06501562,22.18
GRANDOAK,FINANCIAL_SERVICES,35.31,NEUTRAL,0.05680502,58.16
ENIL,MEDIA,35.3,NEUTRAL,0.028196253,20.56
VSTTILLERS,AUTO,35.27,NEUTRAL,0.025282184,20.27
APEX,FMCG,35.27,NEUTRAL,0.029904898,22.14
MADRASFERT,CHEMICALS,35.26,NEUTRAL,0.012789338,20.19
SYNCOMF,PHARMA,35.25,NEUTRAL,0.016246308,20.26
IREDA,ENERGY,35.25,NEUTRAL,0.024230585,20.61
PANACEABIO,PHARMA,35.21,NEUTRAL,0.06664397,56.29
HINDCOMPOS,AUTO,35.2,NEUTRAL,0.032751963,20.31
BRNL,INFRASTRUCTURE,35.14,NEUTRAL,0.026997082,20.22
AASTHA,OTHER,35.14,NEUTRAL,0.41109365,59.71
SNOWMAN,LOGISTICS,35.14,NEUTRAL,0.01353911,20.44
INTERARCH,INFRASTRUCTURE,35.12,NEUTRAL,0.07878248,20.41
VBL,FMCG,35.11,NEUTRAL,0.03823103,20.52
UTIAMC,AMC,35.08,NEUTRAL,0.032643452,20.29
LINC,FMCG,35.08,NEUTRAL,0.020352632,20.39
ABMKNO,IT,35.06,NEUTRAL,0.03262267,20.29
VINNY,TEXTILES,35.06,NEUTRAL,0.017538197,20.05
SPLIL,TEXTILES,35.06,NEUTRAL,0.035119176,20.64
CENTRUM,FINANCIAL_SERVICES,35.06,NEUTRAL,0.030011695,21.52
JHS,HEALTHCARE,35.06,NEUTRAL,0.041555397,20.07
USK,INFRASTRUCTURE,35.03,NEUTRAL,0.025249133,20.02
FORCEMOT,AUTO,35.02,NEUTRAL,0.03369753,21.09
GODAVARIB,FMCG,35.02,NEUTRAL,0.01968514,20.12
BBL,CAPITAL_GOODS,35.0,NEUTRAL,0.029051047,20.33
JYOTISTRUC,CAPITAL_GOODS,34.99,NEUTRAL,0.03810826,20.93
MODIRUBBER,AUTO,34.99,NEUTRAL,0.02056312,20.22
AIROLAM,REALTY,34.98,NEUTRAL,0.016399879,20.21
AARTIPHARM,PHARMA,34.96,NEUTRAL,0.022582551,20.29
PLATIND,FMCG,34.95,NEUTRAL,0.015339322,22.85
KRITIKA,METAL,34.95,NEUTRAL,0.028342742,20.28
EXPLEOSOL,IT,34.95,NEUTRAL,0.010569945,20.13
FINPIPE,CHEMICALS,34.93,NEUTRAL,0.017281642,20.25
RELCHEMQ,TEXTILES,34.92,NEUTRAL,0.018907182,20.18
TARACHAND,LOGISTICS,34.91,NEUTRAL,0.054883875,21.22
MONEYBOXX,FINANCIAL_SERVICES,34.89,NEUTRAL,0.06765214,20.28
GUJTHEM,PHARMA,34.88,NEUTRAL,0.027097063,21.82
LAXMICOT,TEXTILES,34.88,NEUTRAL,0.064063534,20.83
BRIGHOTEL,HOSPITALITY,34.85,NEUTRAL,0.029562011,20.33
IRFC,FINANCIAL_SERVICES,34.84,NEUTRAL,0.028027698,20.16
LEMONTREE,HOSPITALITY,34.83,NEUTRAL,0.04257076,23.72
DIGITIDE,IT,34.82,NEUTRAL,0.1408073,20.94
TEAMGTY,FINANCIAL_SERVICES,34.79,NEUTRAL,0.035424884,20.95
COMPUSOFT,HEALTHCARE,34.78,NEUTRAL,0.023753198,20.14
AARON,CAPITAL_GOODS,34.74,NEUTRAL,0.07400181,20.79
GMDCLTD,REALTY,34.71,NEUTRAL,0.020455431,20.15
ZODIACLOTH,TEXTILES,34.71,NEUTRAL,0.03310715,20.6
JINDALPOLY,CHEMICALS,34.7,NEUTRAL,0.022744657,42.84
KEYFINSERV,FINANCIAL_SERVICES,34.7,NEUTRAL,0.034864467,20.18
EKC,CAPITAL_GOODS,34.7,NEUTRAL,0.01299225,20.07
ALPA,PHARMA,34.69,NEUTRAL,0.017654907,20.23
INDIASHLTR,FINANCIAL_SERVICES,34.68,NEUTRAL,0.020422203,20.08
SWSOLAR,INFRASTRUCTURE,34.68,NEUTRAL,0.04565489,20.89
NDRAUTO,AUTO,34.66,NEUTRAL,0.013222934,27.66
SIMPLEXINF,INFRASTRUCTURE,34.65,NEUTRAL,0.025199348,20.24
SCHAND,HOSPITALITY,34.64,NEUTRAL,0.020196917,20.02
SURYAROSNI,METAL,34.63,NEUTRAL,0.023866206,20.13
TNTELE,RETAIL,34.63,NEUTRAL,0.033541854,24.63
SAURASHCEM,CEMENT,34.59,NEUTRAL,0.07282503,20.16
TATAELXSI,IT,34.56,NEUTRAL,0.022068987,20.19
RESPONIND,REALTY,34.52,NEUTRAL,0.029816136,21.86
SYMPHONY,FMCG,34.5,NEUTRAL,0.035345376,20.05
HBSL,OTHER,34.46,NEUTRAL,0.08784654,56.93
MANYAVAR,RETAIL,34.44,NEUTRAL,0.057443347,20.21
RTNPOWER,POWER,34.41,NEUTRAL,0.02988452,20.09
HILINFRA,OTHER,34.4,NEUTRAL,0.25624403,59.21
CAMPUS,FMCG,34.4,NEUTRAL,0.020880561,20.04
MEDIASSIST,HEALTHCARE,34.35,NEUTRAL,0.02324314,20.33
MARSONS,CAPITAL_GOODS,34.34,NEUTRAL,0.031272102,21.01
GVPTECH,IT,34.34,NEUTRAL,0.019553145,20.12
BLS,INFRASTRUCTURE,34.34,NEUTRAL,0.023142038,20.06
ORIENTTECH,TEXTILES,34.33,NEUTRAL,0.046877652,20.33
ZOTA,PHARMA,34.33,NEUTRAL,0.05371486,22.08
TTML,TELECOM,34.33,NEUTRAL,0.025746949,20.09
REFEX,CHEMICALS,34.31,NEUTRAL,0.047803428,21.13
VMM,RETAIL,34.31,NEUTRAL,0.027680531,20.13
BANDHANBNK,BANKING,34.28,NEUTRAL,0.040447418,22.3
MEIL,OTHER,34.27,NEUTRAL,0.34575891,59.11
LEMERITE,TEXTILES,34.26,NEUTRAL,0.1780126,41.25
ITC,FMCG,34.24,NEUTRAL,0.05944179,20.27
GLOBE,TEXTILES,34.23,NEUTRAL,0.041800138,20.13
RAILTEL,TELECOM,34.2,NEUTRAL,0.033647355,20.05
SUVIDHAA,FINANCIAL_SERVICES,34.19,NEUTRAL,0.10894316,21.14
ORIENTCEM,CEMENT,34.19,NEUTRAL,0.032285422,20.14
DCMSRIND,DIVERSIFIED,34.17,NEUTRAL,0.06807003,20.26
ELLEN,AUTO,34.15,NEUTRAL,0.088168845,21.27
GLOBUSSPR,FMCG,34.12,NEUTRAL,0.036801625,20.16
AVONMORE,FINANCIAL_SERVICES,34.11,NEUTRAL,0.07802969,20.21
ARCHIES,FMCG,34.09,NEUTRAL,0.0295776,20.09
DHUNINV,FINANCIAL_SERVICES,34.08,NEUTRAL,0.037036084,20.25
GREENPOWER,POWER,34.07,NEUTRAL,0.015046421,20.09
KPIGREEN,POWER,34.07,NEUTRAL,0.03863442,20.03
GENCON,REALTY,34.04,NEUTRAL,0.023909137,20.23
CSLFINANCE,FINANCIAL_SERVICES,34.03,NEUTRAL,0.014359631,20.08
ENERGYDEV,POWER,34.02,NEUTRAL,0.057312723,22.28
KOTHARIPRO,FMCG,34.01,NEUTRAL,0.026817355,22.68
SJVN,POWER,34.0,NEUTRAL,0.035685275,20.4
TEAMLEASE,FINANCIAL_SERVICES,33.99,NEUTRAL,0.08614221,20.16
ZENITHSTL,METAL,33.96,NEUTRAL,0.02325471,20.14
GUJAPOLLO,CHEMICALS,33.96,NEUTRAL,0.057752065,21.82
DEVX,OTHER,33.95,NEUTRAL,0.03473637,20.19
AAATECH,IT,33.92,NEUTRAL,0.058702327,20.75
EPIGRAL,CHEMICALS,33.9,NEUTRAL,0.014593408,21.07
HDFCBANK,BANKING,33.9,NEUTRAL,0.053877898,21.75
PALASHSECU,FMCG,33.9,NEUTRAL,0.018330155,20.04
SHEKHAWATI,OTHER,33.9,NEUTRAL,0.22783276,22.14
DELTAMAGNT,CAPITAL_GOODS,33.87,NEUTRAL,0.03231406,20.11
BVCL,CEMENT,33.83,NEUTRAL,0.06566227,21.26
MALLCOM,CAPITAL_GOODS,33.82,NEUTRAL,0.013471695,20.08
INSECTICID,CHEMICALS,33.82,NEUTRAL,0.025272783,20.66
ROUTE,TELECOM,33.81,NEUTRAL,0.048037115,20.22
MURUDCERA,CAPITAL_GOODS,33.8,NEUTRAL,0.018987596,20.07
IXIGO,HOSPITALITY,33.8,NEUTRAL,0.03126197,29.59
JAIPURKURT,TEXTILES,33.78,NEUTRAL,0.025608188,20.06
STARCEMENT,CEMENT,33.78,NEUTRAL,0.022940608,20.14
PCJEWELLER,FMCG,33.75,NEUTRAL,0.021210488,21.16
ASHOKAMET,METAL,33.75,NEUTRAL,0.026131785,20.05
JISLDVREQS,CAPITAL_GOODS,33.75,NEUTRAL,0.01956055,20.31
ZUARI,CHEMICALS,33.74,NEUTRAL,0.010025436,20.14
NDL,TEXTILES,33.74,NEUTRAL,0.0146991415,20.02
SAKUMA,OTHER,33.72,NEUTRAL,0.06821059,21.78
RVTH,CAPITAL_GOODS,33.71,NEUTRAL,0.07238317,41.94
JAINREC,METAL,33.71,NEUTRAL,0.073842295,20.29
HDFCLIFE,FINANCIAL_SERVICES,33.71,NEUTRAL,0.029990299,20.18
NACLIND,CHEMICALS,33.69,NEUTRAL,0.046595667,21.48
SKMEGGPROD,FMCG,33.69,NEUTRAL,0.06942615,30.91
LIBAS,TEXTILES,33.68,NEUTRAL,0.014515746,20.05
GILLANDERS,FMCG,33.68,NEUTRAL,0.0204006,20.05
GVPIL,CAPITAL_GOODS,33.67,NEUTRAL,0.062010724,20.56
NIITMTS,HEALTHCARE,33.64,NEUTRAL,0.04016753,20.25
FRACTAL,IT,33.62,NEUTRAL,0.044365767,20.4
YUKEN,CAPITAL_GOODS,33.62,NEUTRAL,0.0261277,20.24
SULA,FMCG,33.62,NEUTRAL,0.07131321,20.33
SANOFI,PHARMA,33.61,NEUTRAL,0.07562166,20.24
SWANCORP,CHEMICALS,33.6,NEUTRAL,0.038612377,20.41
TATAINVEST,FINANCIAL_SERVICES,33.59,NEUTRAL,0.026961742,21.7
DHANUKA,CHEMICALS,33.58,NEUTRAL,0.0690862,20.15
MIDWESTLTD,REALTY,33.55,NEUTRAL,0.039712034,20.81
INTELLECT,IT,33.55,NEUTRAL,0.047397494,21.5
BIRLANU,REALTY,33.55,NEUTRAL,0.014087087,20.11
ABLBL,RETAIL,33.53,NEUTRAL,0.058113124,20.18
SWELECTES,CAPITAL_GOODS,33.48,NEUTRAL,0.029761577,26.52
WEIZMANIND,TEXTILES,33.47,NEUTRAL,0.033814427,20.1
MCX,FINANCIAL_SERVICES,33.45,NEUTRAL,0.11417081,28.3
SUMIT,OTHER,33.43,NEUTRAL,0.10014242,21.65
EUROBOND,METAL,33.41,NEUTRAL,0.013721537,20.16
GREENPANEL,REALTY,33.41,NEUTRAL,0.026611533,20.05
HGM,IT,33.36,NEUTRAL,0.08527036,20.2
ISGEC,CAPITAL_GOODS,33.34,NEUTRAL,0.013644399,20.04
SUZLON,CAPITAL_GOODS,33.33,NEUTRAL,0.02900137,22.71
DAMCAPITAL,FINANCIAL_SERVICES,33.32,NEUTRAL,0.015845373,20.13
HBLENGINE,CAPITAL_GOODS,33.3,NEUTRAL,0.050282992,20.38
HONDAPOWER,CAPITAL_GOODS,33.27,NEUTRAL,0.035401963,20.07
RKDL,FMCG,33.26,NEUTRAL,0.020545091,20.04
BIRLACORPN,CEMENT,33.26,NEUTRAL,0.02990473,20.03
IVZINNIFTY,OTHER,33.26,NEUTRAL,0.0853867,3.2
PFS,FINANCIAL_SERVICES,33.25,NEUTRAL,0.022657473,20.1
MIDQ50ADD,OTHER,33.25,NEUTRAL,0.08616401,2.98
KHAICHEM,OTHER,33.23,NEUTRAL,0.4170773,57.32
BIRLAMONEY,FINANCIAL_SERVICES,33.23,NEUTRAL,0.021455135,20.41
SHALBY,HEALTHCARE,33.19,NEUTRAL,0.034744482,20.66
KIRLPNU,CAPITAL_GOODS,33.19,NEUTRAL,0.07185572,40.01
LAXMIDENTL,HEALTHCARE,33.16,NEUTRAL,0.051672645,20.8
JYOTHYLAB,FMCG,33.16,NEUTRAL,0.03002171,20.06
DOLLAR,CHEMICALS,33.15,NEUTRAL,0.019743599,20.15
ACEINTEG,DEFENCE,33.13,NEUTRAL,0.02011238,20.22
BPL,CAPITAL_GOODS,33.13,NEUTRAL,0.013806898,20.31
BSL,TEXTILES,33.12,NEUTRAL,0.03297092,20.41
JINDALPHOT,FINANCIAL_SERVICES,33.11,NEUTRAL,0.05095862,20.42
CINEVISTA,MEDIA,33.05,NEUTRAL,0.020719564,20.09
SAFARI,CHEMICALS,33.02,NEUTRAL,0.066877946,20.17
CAPILLARY,IT,32.95,NEUTRAL,0.07557224,27.28
AMRUTANJAN,PHARMA,32.92,NEUTRAL,0.02930497,20.04
TRACXN,CAPITAL_GOODS,32.92,NEUTRAL,0.018916668,20.06
MONTECARLO,TEXTILES,32.92,NEUTRAL,0.01882029,20.7
GSS,OTHER,32.85,NEUTRAL,0.3244759,22.79
TOTAL,LOGISTICS,32.85,NEUTRAL,0.019899765,20.02
RENUKA,FMCG,32.81,NEUTRAL,0.017979795,20.02
HCC,INFRASTRUCTURE,32.79,NEUTRAL,0.020067958,21.82
PSUBANK,OTHER,32.78,NEUTRAL,0.039344862,2.84
SAPPHIRE,HOSPITALITY,32.78,NEUTRAL,0.019298026,20.94
SHREYANIND,CHEMICALS,32.77,NEUTRAL,0.01863604,20.09
ITCHOTELS,HOSPITALITY,32.77,NEUTRAL,0.06659844,21.63
PROSTARM,CAPITAL_GOODS,32.76,NEUTRAL,0.032380763,20.21
TRIGYN,IT,32.74,NEUTRAL,0.011359928,20.05
SELMC,CAPITAL_GOODS,32.73,NEUTRAL,0.11178496,20.13
MADHAV,REALTY,32.72,NEUTRAL,0.020930933,20.01
AJMERA,REALTY,32.7,NEUTRAL,0.025568224,20.34
WAAREERTL,CAPITAL_GOODS,32.68,NEUTRAL,0.062492244,21.36
TREL,LOGISTICS,32.67,NEUTRAL,0.027652254,20.18
GOYALALUM,METAL,32.66,NEUTRAL,0.031016426,20.51
SBGLP,REALTY,32.64,NEUTRAL,0.021406483,20.03
ZUARIIND,FMCG,32.63,NEUTRAL,0.010803194,20.4
MFML,TEXTILES,32.62,NEUTRAL,0.035216067,20.07
OSWALAGRO,OTHER,32.62,NEUTRAL,0.10631947,24.83
FIBERWEB,TEXTILES,32.62,NEUTRAL,0.08727213,20.51
KPEL,POWER,32.62,NEUTRAL,0.025289584,20.07
UNIECOM,HEALTHCARE,32.56,NEUTRAL,0.016590253,20.05
GLOBECIVIL,OTHER,32.55,NEUTRAL,0.09290884,38.73
HEALTHADD,OTHER,32.53,NEUTRAL,0.099194944,3.65
BHARATRAS,CHEMICALS,32.53,NEUTRAL,0.06280431,20.34
KCP,AGRICULTURE,32.49,NEUTRAL,0.025699563,20.07
HERITGFOOD,FMCG,32.47,NEUTRAL,0.016911315,20.08
PARAGMILK,FMCG,32.47,NEUTRAL,0.05744669,20.79
EUREKAFORB,FMCG,32.45,NEUTRAL,0.02256206,20.05
ESTER,CHEMICALS,32.44,NEUTRAL,0.01601915,20.08
RACE,OTHER,32.43,NEUTRAL,0.062384393,21.1
WAAREEENER,CAPITAL_GOODS,32.39,NEUTRAL,0.030233774,20.09
INNOVANA,IT,32.36,NEUTRAL,0.019606559,20.54
ANIKINDS,OTHER,32.36,NEUTRAL,0.08559023,21.49
DUCON,OTHER,32.36,NEUTRAL,0.058110386,21.97
NPST,IT,32.35,NEUTRAL,0.02862293,21.8
BOMDYEING,TEXTILES,32.34,NEUTRAL,0.021915684,20.38
EMKAY,FINANCIAL_SERVICES,32.34,NEUTRAL,0.03193561,22.54
GMBREW,FMCG,32.34,NEUTRAL,0.043385763,20.25
VIVIDHA,TEXTILES,32.32,NEUTRAL,0.021855962,20.07
NFL,CHEMICALS,32.3,NEUTRAL,0.01284262,20.01
SHANTIGEAR,CAPITAL_GOODS,32.29,NEUTRAL,0.019167772,20.03
DOLATALGO,FINANCIAL_SERVICES,32.28,NEUTRAL,0.022829218,20.04
WHIRLPOOL,FMCG,32.25,NEUTRAL,0.026219333,20.07
SILINV,FINANCIAL_SERVICES,32.24,NEUTRAL,0.018240051,20.14
PRAKASHSTL,METAL,32.23,NEUTRAL,0.018547652,20.02
STANLEY,REALTY,32.22,NEUTRAL,0.028008252,20.1
DWARKESH,FMCG,32.21,NEUTRAL,0.025889574,20.08
TREEHOUSE,HEALTHCARE,32.21,NEUTRAL,0.037541155,20.15
SARVESHWAR,OTHER,32.19,NEUTRAL,0.062247135,23.05
INTLCONV,CAPITAL_GOODS,32.15,NEUTRAL,0.013650087,20.13
AKG,OTHER,32.15,NEUTRAL,0.02429077,20.06
MUFTI,RETAIL,32.13,NEUTRAL,0.010354134,20.08
RAMCOSYS,IT,32.13,NEUTRAL,0.1566677,37.74
BALAXI,OTHER,32.11,NEUTRAL,0.12580264,22.89
IRMENERGY,ENERGY,32.1,NEUTRAL,0.013355187,20.17
RAJMET,METAL,32.06,NEUTRAL,0.025345778,20.02
DELTACORP,HOSPITALITY,32.06,NEUTRAL,0.013987329,20.06
DNAMEDIA,MEDIA,32.05,NEUTRAL,0.027873244,20.16
BATAINDIA,FMCG,32.04,NEUTRAL,0.024672847,20.13
SMLT,METAL,32.04,NEUTRAL,0.016175048,20.03
SOLARWORLD,INFRASTRUCTURE,32.02,NEUTRAL,0.030112091,20.15
INDIAMART,RETAIL,32.02,NEUTRAL,0.02515554,20.1
VAKRANGEE,IT,32.02,NEUTRAL,0.022636488,20.05
KOKUYOCMLN,FMCG,32.01,NEUTRAL,0.024054628,20.19
INDOCO,PHARMA,31.99,NEUTRAL,0.018834274,20.26
SURAJLTD,METAL,31.99,NEUTRAL,0.021808209,20.06
AGROPHOS,CHEMICALS,31.97,NEUTRAL,0.027505193,20.23
FLAIR,FMCG,31.96,NEUTRAL,0.015980735,19.98
ARTNIRMAN,REALTY,31.95,NEUTRAL,0.16733213,21.32
AVANTIFEED,AGRICULTURE,31.92,NEUTRAL,0.03350424,20.46
GRMOVER,AGRICULTURE,31.91,NEUTRAL,0.066105194,20.27
RUSHIL,REALTY,31.91,NEUTRAL,0.01696018,20.09
EFCIL,REALTY,31.91,NEUTRAL,0.031514052,20.98
NCC,INFRASTRUCTURE,31.88,NEUTRAL,0.017229747,20.08
ELECTCAST,METAL,31.87,NEUTRAL,0.016030153,20.07
AWHCL,INFRASTRUCTURE,31.86,NEUTRAL,0.01883176,20.09
CUBEXTUB,METAL,31.82,NEUTRAL,0.023158617,20.1
CLEAN,CHEMICALS,31.79,NEUTRAL,0.027587,20.45
GKENERGY,INFRASTRUCTURE,31.75,NEUTRAL,0.023152256,26.9
TFL,FINANCIAL_SERVICES,31.75,NEUTRAL,0.02884631,20.03
SURANAT&P,POWER,31.75,NEUTRAL,0.01828022,20.18
CEINSYS,IT,31.74,NEUTRAL,0.06371181,20.18
VSTIND,FMCG,31.72,NEUTRAL,0.017501345,20.08
SAGCEM,CEMENT,31.71,NEUTRAL,0.021924168,20.07
3PLAND,FINANCIAL_SERVICES,31.71,NEUTRAL,0.025139572,20.06
XELPMOC,IT,31.7,NEUTRAL,0.022509376,20.31
PRAKASH,CAPITAL_GOODS,31.68,NEUTRAL,0.011052061,20.04
BALUFORGE,CAPITAL_GOODS,31.64,NEUTRAL,0.030179173,20.1
AROGRANITE,REALTY,31.64,NEUTRAL,0.040044904,20.05
EMAMILTD,FMCG,31.63,NEUTRAL,0.035885036,20.07
SALZERELEC,CAPITAL_GOODS,31.63,NEUTRAL,0.01872585,20.03
EMBDL,REALTY,31.59,NEUTRAL,0.04018619,20.17
KPITTECH,CAPITAL_GOODS,31.57,NEUTRAL,0.043161236,20.53
RAJSREESUG,FMCG,31.57,NEUTRAL,0.02148775,20.07
ALLTIME,FMCG,31.54,NEUTRAL,0.0130517045,20.13
BALAJITELE,MEDIA,31.54,NEUTRAL,0.039747432,20.09
MINDTECK,IT,31.54,NEUTRAL,0.020153958,20.16
FISCHER,HEALTHCARE,31.51,NEUTRAL,0.056312837,20.58
RUCHIRA,CHEMICALS,31.48,NEUTRAL,0.01237797,20.24
TTL,TEXTILES,31.46,NEUTRAL,0.10750055,21.07
CAPTRUST,OTHER,31.45,NEUTRAL,0.08885665,28.38
JARO,HEALTHCARE,31.41,NEUTRAL,0.032333843,22.29
DODLA,FMCG,31.36,NEUTRAL,0.033260047,20.11
NESCO,REALTY,31.34,NEUTRAL,0.013478915,20.05
KOHINOOR,AGRICULTURE,31.33,NEUTRAL,0.020760737,20.02
SURAJEST,REALTY,31.33,NEUTRAL,0.025953384,20.06
TATACHEM,CHEMICALS,31.32,NEUTRAL,0.022776755,20.03
MANAKALUCO,METAL,31.23,NEUTRAL,0.026788147,21.41
PROZONER,REALTY,31.22,NEUTRAL,0.06856403,20.08
KNRCON,INFRASTRUCTURE,31.18,NEUTRAL,0.022272725,20.14
VSTL,METAL,31.14,NEUTRAL,0.019741341,20.02
EXXARO,CAPITAL_GOODS,31.12,NEUTRAL,0.09832705,20.1
KAVDEFENCE,TELECOM,31.1,NEUTRAL,0.16515046,20.56
UTKARSHBNK,BANKING,31.08,NEUTRAL,0.028665313,23.59
PRSMJOHNSN,CEMENT,31.08,NEUTRAL,0.03506456,20.02
TRF,CAPITAL_GOODS,31.08,NEUTRAL,0.025335848,20.05
WAAREEINDO,CAPITAL_GOODS,31.02,NEUTRAL,0.07405911,22.12
RVNL,INFRASTRUCTURE,31.02,NEUTRAL,0.03585884,20.05
PRAJIND,CAPITAL_GOODS,30.95,NEUTRAL,0.0096705,20.04
ASTEC,CHEMICALS,30.93,NEUTRAL,0.021004364,20.06
UGROCAP,FINANCIAL_SERVICES,30.93,NEUTRAL,0.039135624,20.35
PAVNAIND,OTHER,30.91,NEUTRAL,0.18911724,23.58
HMAAGRO,AGRICULTURE,30.86,NEUTRAL,0.032650363,20.05
PKTEA,FMCG,30.86,NEUTRAL,0.0368797,20.03
DCXINDIA,DEFENCE,30.86,NEUTRAL,0.016982576,20.12
SAMPANN,CHEMICALS,30.85,NEUTRAL,0.019496607,20.1
BIGBLOC,CEMENT,30.85,NEUTRAL,0.022464586,20.08
RNBDENIMS,TEXTILES,30.84,NEUTRAL,0.100424126,20.36
ELIN,FMCG,30.83,NEUTRAL,0.027743995,20.21
MEDPLUS,PHARMA,30.82,NEUTRAL,0.02810519,20.1
GALLANTT,METAL,30.8,NEUTRAL,0.021598894,20.22
GOCOLORS,RETAIL,30.8,NEUTRAL,0.051800862,20.37
JKLAKSHMI,CEMENT,30.77,NEUTRAL,0.03684846,20.05
TIRUMALCHM,CHEMICALS,30.76,NEUTRAL,0.013770085,20.04
CAMLINFINE,PHARMA,30.74,NEUTRAL,0.016356949,20.3
JSWHL,FINANCIAL_SERVICES,30.73,NEUTRAL,0.057639252,20.14
RUSTOMJEE,REALTY,30.72,NEUTRAL,0.03523736,20.11
LFIC,FINANCIAL_SERVICES,30.68,NEUTRAL,0.03240701,20.11
YATRA,HOSPITALITY,30.65,NEUTRAL,0.025018914,20.69
ISHANCH,CHEMICALS,30.57,NEUTRAL,0.053359084,20.14
TEMBO,METAL,30.55,NEUTRAL,0.05520007,20.19
EASEMYTRIP,HOSPITALITY,30.47,NEUTRAL,0.016234662,20.05
DGCONTENT,MEDIA,30.46,NEUTRAL,0.045321316,20.05
DRCSYSTEMS,IT,30.43,NEUTRAL,0.022656417,20.06
PATELENG,INFRASTRUCTURE,30.4,NEUTRAL,0.041888926,20.72
VARDMNPOLY,OTHER,30.4,NEUTRAL,0.063064545,20.1
RHL,HOSPITALITY,30.28,NEUTRAL,0.023380857,20.04
NIPPOBATRY,FMCG,30.28,NEUTRAL,0.016140137,20.03
KITEX,TEXTILES,30.28,NEUTRAL,0.012868621,20.07
SGL,TEXTILES,30.27,NEUTRAL,0.032036517,20.05
CCCL,REALTY,30.26,NEUTRAL,0.04023013,22.99
DCW,CHEMICALS,30.25,NEUTRAL,0.01996724,20.08
RTNINDIA,RETAIL,30.21,NEUTRAL,0.05379879,20.11
HEADSUP,TEXTILES,30.16,NEUTRAL,0.018031009,20.07
REMSONSIND,REALTY,30.16,NEUTRAL,0.01644228,20.05
OLAELEC,AUTO,30.12,NEUTRAL,0.09352678,21.57
VISHWARAJ,FMCG,30.08,NEUTRAL,0.048235334,20.06
FABTECH,HEALTHCARE,30.08,NEUTRAL,0.047062494,20.09
SHANKARA,OTHER,30.07,NEUTRAL,0.19191462,21.95
AGIIL,REALTY,30.07,NEUTRAL,0.022000078,19.88
ARIHANTSUP,REALTY,30.03,NEUTRAL,0.023076952,20.1
KRSNAA,HEALTHCARE,30.02,NEUTRAL,0.029042931,20.06
WSI,INFRASTRUCTURE,30.02,NEUTRAL,0.031786345,20.05
JMFINANCIL,FINANCIAL_SERVICES,30.02,NEUTRAL,0.046128698,20.07
JUBLCPL,CHEMICALS,30.02,NEUTRAL,0.03858009,20.44
SSDL,TEXTILES,29.99,NEUTRAL,0.019991262,20.02
GUJRAFFIA,CHEMICALS,29.97,NEUTRAL,0.05591284,22.27
PRABHA,ENERGY,29.96,NEUTRAL,0.032178484,20.18
ELECON,CAPITAL_GOODS,29.95,NEUTRAL,0.034102704,20.12
ATL,INFRASTRUCTURE,29.95,NEUTRAL,0.023893047,20.06
IPL,CHEMICALS,29.83,NEUTRAL,0.024893068,20.1
ALOKINDS,TEXTILES,29.82,NEUTRAL,0.029738802,20.04
SADBHAV,CAPITAL_GOODS,29.76,NEUTRAL,0.045090836,20.34
WCIL,LOGISTICS,29.73,NEUTRAL,0.014407043,20.03
TRANSRAILL,CAPITAL_GOODS,29.7,NEUTRAL,0.023751229,20.08
ARSSBL,FINANCIAL_SERVICES,29.68,NEUTRAL,0.032265082,20.36
BOROLTD,FMCG,29.67,NEUTRAL,0.021388326,20.05
HINDWAREAP,REALTY,29.61,NEUTRAL,0.019172413,20.07
MOHITIND,TEXTILES,29.61,NEUTRAL,0.025048558,20.02
ATAM,CAPITAL_GOODS,29.55,NEUTRAL,0.015742606,20.02
MTNL,INFRASTRUCTURE,29.52,NEUTRAL,0.015235273,20.03
ROHLTD,HOSPITALITY,29.49,NEUTRAL,0.02396766,20.04
CAPACITE,INFRASTRUCTURE,29.48,NEUTRAL,0.021828722,20.08
OSWALSEEDS,AGRICULTURE,29.47,NEUTRAL,0.044605803,20.32
BANG,TEXTILES,29.47,NEUTRAL,0.018453982,20.04
TCC,RETAIL,29.45,NEUTRAL,0.04890528,20.2
LASA,PHARMA,29.45,NEUTRAL,0.074172884,22.25
INDRAMEDCO,HEALTHCARE,29.44,NEUTRAL,0.017172834,20.04
SALASAR,CAPITAL_GOODS,29.42,NEUTRAL,0.01611664,20.04
NELCAST,CAPITAL_GOODS,29.4,NEUTRAL,0.018852996,20.08
INVENTURE,FINANCIAL_SERVICES,29.38,NEUTRAL,0.04207059,20.03
DREAMFOLKS,INFRASTRUCTURE,29.36,NEUTRAL,0.030572645,20.06
MANGALAM,OTHER,29.34,NEUTRAL,0.042598568,20.25
PNC,MEDIA,29.27,NEUTRAL,0.04896475,20.51
SILLYMONKS,MEDIA,29.21,NEUTRAL,0.11097853,20.17
CSBBANK,BANKING,29.19,NEUTRAL,0.024547314,20.05
TECHNOE,INFRASTRUCTURE,29.18,NEUTRAL,0.017500162,20.04
BAGFILMS,MEDIA,29.12,NEUTRAL,0.026598874,20.02
VIRINCHI,IT,29.11,NEUTRAL,0.07923013,20.87
BAJAJELEC,FMCG,29.08,NEUTRAL,0.01879988,20.06
ANTGRAPHIC,CHEMICALS,29.07,NEUTRAL,0.030460313,20.07
PGHH,PHARMA,29.04,NEUTRAL,0.018283809,20.04
MHRIL,HOSPITALITY,29.04,NEUTRAL,0.029042572,20.17
GEEKAYWIRE,METAL,29.04,NEUTRAL,0.03246283,20.1
CRIZAC,RETAIL,29.01,NEUTRAL,0.03135531,20.55
HLVLTD,HOSPITALITY,28.96,NEUTRAL,0.03332451,20.04
SUNCLAY,AUTO,28.95,NEUTRAL,0.020434944,20.07
SHARDACROP,CHEMICALS,28.91,NEUTRAL,0.019438842,20.03
WEBELSOLAR,CAPITAL_GOODS,28.84,NEUTRAL,0.052400015,20.54
SUPREME,FINANCIAL_SERVICES,28.83,NEUTRAL,0.014735658,20.06
MARATHON,REALTY,28.83,NEUTRAL,0.027918672,20.03
SECURKLOUD,IT,28.82,NEUTRAL,0.041577548,20.09
BCG,IT,28.77,NEUTRAL,0.036470998,20.12
SDBL,FMCG,28.76,NEUTRAL,0.01603659,20.09
ARVEE,CHEMICALS,28.7,NEUTRAL,0.033258777,20.26
UNITECH,REALTY,28.69,NEUTRAL,0.028943973,20.04
ASHOKA,INFRASTRUCTURE,28.67,NEUTRAL,0.026490632,20.03
HPAL,CHEMICALS,28.61,NEUTRAL,0.012267611,20.02
SHAH,METAL,28.6,NEUTRAL,0.019682474,20.06
RADIANTCMS,FINANCIAL_SERVICES,28.59,NEUTRAL,0.010408144,20.01
DTIL,FMCG,28.59,NEUTRAL,0.020418853,20.04
DANGEE,FMCG,28.59,NEUTRAL,0.01982411,20.03
KSCL,AGRICULTURE,28.52,NEUTRAL,0.038978774,20.02
RAMKY,REALTY,28.48,NEUTRAL,0.016941318,20.03
KAMATHOTEL,HOSPITALITY,28.46,NEUTRAL,0.026343891,20.05
MAHEPC,CAPITAL_GOODS,28.45,NEUTRAL,0.019710701,20.13
NUCLEUS,IT,28.45,NEUTRAL,0.013046901,20.08
SHREERAMA,CHEMICALS,28.44,NEUTRAL,0.023535475,20.04
MANINFRA,REALTY,28.4,NEUTRAL,0.016432626,20.03
JAICORPLTD,CAPITAL_GOODS,28.38,NEUTRAL,0.013494773,20.03
PATANJALI,FMCG,28.35,NEUTRAL,0.044284068,3.56
NEXTMEDIA,MEDIA,28.33,NEUTRAL,0.031050067,20.04
CONTROLPR,IT,28.23,NEUTRAL,0.014282708,19.99
HGINFRA,INFRASTRUCTURE,28.16,NEUTRAL,0.013366602,20.05
TOLINS,AUTO,28.15,NEUTRAL,0.018763721,20.03
EPACK,FMCG,28.14,NEUTRAL,0.011666543,20.03
ZEEMEDIA,MEDIA,28.08,NEUTRAL,0.13586132,20.22
NAGREEKEXP,TEXTILES,28.02,NEUTRAL,0.017990874,20.05
SPENCERS,RETAIL,28.0,NEUTRAL,0.01962167,20.02
ADSL,IT,27.96,NEUTRAL,0.018165383,20.04
RETAIL,RETAIL,27.92,NEUTRAL,0.01529657,20.06
BCONCEPTS,RETAIL,27.82,NEUTRAL,0.027467221,20.04
FOODSIN,FMCG,27.79,NEUTRAL,0.016307473,20.04
TECILCHEM,CHEMICALS,27.78,NEUTRAL,0.02705702,20.55
HIMATSEIDE,TEXTILES,27.76,NEUTRAL,0.037080258,20.13
MITTAL,TEXTILES,27.76,NEUTRAL,0.018094458,20.03
JISLJALEQS,CAPITAL_GOODS,27.76,NEUTRAL,0.029729135,20.1
KARMAENG,POWER,27.76,NEUTRAL,0.02763054,20.03
VEDL,METAL,27.74,NEUTRAL,0.032555066,20.19
DAVANGERE,FMCG,27.7,NEUTRAL,0.032817166,20.05
ASALCBR,FMCG,27.64,NEUTRAL,0.04161139,20.14
VCL,TEXTILES,27.64,NEUTRAL,0.05383862,20.23
ALANKIT,FINANCIAL_SERVICES,27.5,NEUTRAL,0.013597746,20.06
SPIC,CHEMICALS,27.5,NEUTRAL,0.018030355,20.12
RAYMONDLSL,TEXTILES,27.43,NEUTRAL,0.024305435,20.06
REGENCERAM,CAPITAL_GOODS,27.39,NEUTRAL,0.015106802,14.56
HPL,CAPITAL_GOODS,27.38,NEUTRAL,0.010863005,20.03
TOUCHWOOD,MEDIA,27.32,NEUTRAL,0.018413082,20.02
AGARIND,CHEMICALS,27.27,NEUTRAL,0.018576909,20.06
PRECAM,AUTO,27.26,NEUTRAL,0.017128583,20.04
ABCOTS,TEXTILES,27.24,NEUTRAL,0.032404512,20.09
SYNGENE,INFRASTRUCTURE,27.2,NEUTRAL,0.03393495,20.13
GANESHCP,FMCG,27.16,NEUTRAL,0.015237395,20.03
FINKURVE,FINANCIAL_SERVICES,27.15,NEUTRAL,0.059634842,20.07
SHRADHA,REALTY,27.14,NEUTRAL,0.029369662,20.11
VIKRAMSOLR,CAPITAL_GOODS,27.14,NEUTRAL,0.017531475,20.07
MBEL,INFRASTRUCTURE,27.1,NEUTRAL,0.01838219,20.16
VIKASLIFE,CHEMICALS,27.09,NEUTRAL,0.026637094,19.98
DIGIDRIVE,RETAIL,27.07,NEUTRAL,0.022347517,20.04
MAHAPEXLTD,FINANCIAL_SERVICES,27.01,NEUTRAL,0.016852288,20.09
GTPL,MEDIA,26.96,NEUTRAL,0.031076394,20.29
DECCANCE,CEMENT,26.89,NEUTRAL,0.032420643,20.04
ZAGGLE,IT,26.84,NEUTRAL,0.024172964,20.04
SERVOTECH,CAPITAL_GOODS,26.83,NEUTRAL,0.018371169,20.12
SUNDARAM,FMCG,26.81,NEUTRAL,0.0286917,20.01
MOKSH,FMCG,26.78,NEUTRAL,0.016128954,15.38
AKSHAR,TEXTILES,26.76,NEUTRAL,0.037741907,20.03
FIRSTCRY,RETAIL,26.75,NEUTRAL,0.029107105,20.05
TVVISION,MEDIA,26.72,NEUTRAL,0.0586319,20.05
SOMICONVEY,CAPITAL_GOODS,26.7,NEUTRAL,0.015465478,19.97
ANMOL,FINANCIAL_SERVICES,26.65,NEUTRAL,0.013936246,19.83
ATLANTAA,INFRASTRUCTURE,26.59,NEUTRAL,0.031430427,20.17
SHAKTIPUMP,CAPITAL_GOODS,26.58,NEUTRAL,0.0403964,20.09
DIAMINESQ,CHEMICALS,26.58,NEUTRAL,0.020863468,20.04
BELLACASA,TEXTILES,26.58,NEUTRAL,0.03403948,20.17
RPOWER,POWER,26.5,NEUTRAL,0.033959515,20.06
HARDWYN,REALTY,26.45,NEUTRAL,0.035813246,17.74
LEXUS,REALTY,26.42,NEUTRAL,0.050836287,20.09
AIRAN,IT,26.36,NEUTRAL,0.025152013,20.03
KEC,INFRASTRUCTURE,26.32,NEUTRAL,0.035234068,20.03
ACL,CEMENT,26.31,NEUTRAL,0.08877,20.06
NDTV,MEDIA,26.25,NEUTRAL,0.025542837,20.32
ABINFRA,INFRASTRUCTURE,26.22,NEUTRAL,0.045790177,20.07
AKI,TEXTILES,26.19,NEUTRAL,0.06751344,20.28
NARMADA,AGRICULTURE,26.19,NEUTRAL,0.04748185,19.98
ORIENTALTL,REALTY,26.14,NEUTRAL,0.025704343,20.29
RALLIS,CHEMICALS,26.13,NEUTRAL,0.016884439,19.99
HERANBA,CHEMICALS,26.11,NEUTRAL,0.015757173,20.03
MEDICAMEQ,PHARMA,26.08,NEUTRAL,0.011963314,20.06
TRU,FINANCIAL_SERVICES,26.05,NEUTRAL,0.032323826,20.08
VIKASECO,CHEMICALS,26.01,NEUTRAL,0.023400974,20.07
KAMOPAINTS,CHEMICALS,25.97,NEUTRAL,0.028711127,20.04
OSWALGREEN,AUTO,25.87,NEUTRAL,0.014871605,21.45
CELEBRITY,TEXTILES,25.73,NEUTRAL,0.025931519,20.03
RKEC,INFRASTRUCTURE,25.71,NEUTRAL,0.013239954,19.38
SOLEX,CAPITAL_GOODS,25.67,NEUTRAL,0.023622926,20.1
HUBTOWN,REALTY,25.67,NEUTRAL,0.018099098,20.22
SRD,CHEMICALS,25.63,NEUTRAL,0.020643959,20.08
TPHQ,INFRASTRUCTURE,25.6,NEUTRAL,0.027329639,20.08
MCLOUD,IT,25.58,NEUTRAL,0.019499397,20.75
UNIENTER,CHEMICALS,25.54,NEUTRAL,0.031888783,19.34
AFCONS,INFRASTRUCTURE,25.53,NEUTRAL,0.036843594,19.94
TREJHARA,IT,25.51,NEUTRAL,0.031319723,20.04
ALLCARGO,LOGISTICS,25.33,NEUTRAL,0.014521836,20.1
INDOTHAI,FINANCIAL_SERVICES,25.3,NEUTRAL,0.04396761,20.18
SPCENET,TELECOM,25.28,NEUTRAL,0.021294763,20.04
INTENTECH,IT,25.27,NEUTRAL,0.016728068,20.12
GICL,LOGISTICS,25.16,NEUTRAL,0.028494172,20.67
ELITECON,INFRASTRUCTURE,25.11,NEUTRAL,0.061221957,20.33
KELLTONTEC,IT,25.1,NEUTRAL,0.011936809,20.11
TARIL,CAPITAL_GOODS,25.1,NEUTRAL,0.029490512,20.36
DEVIT,IT,25.06,NEUTRAL,0.0203199,20.01
BAJAJINDEF,CAPITAL_GOODS,25.04,NEUTRAL,0.013862806,20.23
COHANCE,PHARMA,25.0,NEUTRAL,0.03373377,21.52
ESSARSHPNG,LOGISTICS,24.95,ACCUMULATION,0.042014062,21.4
INDOUS,PHARMA,24.75,ACCUMULATION,0.012361328,39.35
GENESYS,IT,24.68,ACCUMULATION,0.033995453,20.18
ORCHASP,IT,24.62,ACCUMULATION,0.021200923,20.23
MKPL,FMCG,24.62,MARKDOWN,0.022506457,19.7
AQYLON,MEDIA,24.6,ACCUMULATION,0.09808686,20.2
CEWATER,INFRASTRUCTURE,24.48,MARKDOWN,0.02472364,7.81
AHLADA,REALTY,24.44,ACCUMULATION,0.030728398,20.13
TARAPUR,CAPITAL_GOODS,24.33,MARKDOWN,0.06482422,19.15
SEPC,INFRASTRUCTURE,24.32,MARKDOWN,0.01521093,9.84
LGHL,FMCG,24.19,MARKDOWN,0.028267477,18.86
NETWORK18,FINANCIAL_SERVICES,24.19,MARKDOWN,0.016321722,8.55
RPPINFRA,FINANCIAL_SERVICES,24.13,ACCUMULATION,0.017520815,21.42
NATIONSTD,REALTY,24.11,ACCUMULATION,0.054928888,20.68
INOXWIND,CAPITAL_GOODS,24.1,MARKDOWN,0.026031248,16.13
JLHL,HEALTHCARE,24.09,MARKDOWN,0.10527772,9.18
BALAJEE,CHEMICALS,24.07,MARKDOWN,0.014664186,19.75
CIFL,FINANCIAL_SERVICES,24.0,ACCUMULATION,0.013620351,15.68
SUMEETINDS,REALTY,23.98,ACCUMULATION,0.053070776,20.97
RAJTV,MEDIA,23.81,MARKDOWN,0.025200188,2.83
POCL,METAL,23.77,MARKDOWN,0.042681362,9.39
AWFIS,IT,23.67,MARKDOWN,0.019349543,6.75
CHEMPLASTS,CHEMICALS,23.62,MARKDOWN,0.016346332,1.71
OSWALPUMPS,CAPITAL_GOODS,23.32,MARKDOWN,0.038272694,0.83
SKFINDIA,CAPITAL_GOODS,23.31,ACCUMULATION,0.04290798,20.0
CELLO,FMCG,23.18,MARKDOWN,0.017318428,15.54
AURIONPRO,IT,22.81,MARKDOWN,0.022987815,18.92
PAKKA,CHEMICALS,22.78,MARKDOWN,0.01764873,0.95
KALAMANDIR,RETAIL,22.67,MARKDOWN,0.017301196,4.73
GSLSU,REALTY,22.32,MARKDOWN,0.030230777,0.56
AVROIND,FMCG,22.03,MARKDOWN,0.016471341,1.2
