symbol,close_now,ret_30d,ret_60d,ret_90d,ret_365d,vol_ratio,sector,sector_rel_30d,ret_30d_pct,ret_90d_pct,ret_365d_pct,vol_ratio_pct,sector_rel_pct,price_score,as_of_date
20MICRONS,197.26,-3.78,6.97,13.37,-13.83,1.263,METAL,-3.58,32.74165953806673,75.0555802578924,37.89528252980819,78.84908536585365,28.122326775021385,45.96,2026-08-17
21STCENMGM,44.93,35.9,39.84,39.93,-16.77,0.89,FINANCIAL_SERVICES,37.24,98.46022241231822,93.68608270342375,34.733022291342664,59.52743902439024,98.54576561163387,82.59,2026-08-17
360ONE,1173.0,8.48,3.48,7.24,7.87,1.098,FINANCIAL_SERVICES,9.82,82.42087254063301,62.51667407736772,69.05132192846034,74.1234756097561,84.901625320787,74.73,2026-08-17
3BBLACKBIO,1148.4,-9.47,-8.76,-16.28,,2.037,HEALTHCARE,-10.26,12.125748502994012,6.825255669186305,,90.1295731707317,8.383233532934131,21.71,2026-08-17
3MINDIA,34910.0,-1.51,8.08,11.73,14.78,0.771,DIVERSIFIED,-1.26,42.42942686056458,72.20987105380169,75.42768273716952,52.6295731707317,41.31736526946108,56.82,2026-08-17
3PLAND,32.35,1.09,0.5,1.28,-31.05,0.711,FINANCIAL_SERVICES,2.43,56.4585115483319,45.88706091596265,17.418351477449455,48.68521341463415,63.280581693755344,46.64,2026-08-17
5PAISA,380.8,-1.1,16.95,25.37,6.4,0.803,FINANCIAL_SERVICES,0.24,44.140290846877676,87.12761227212094,67.34059097978226,54.5922256097561,52.0530367835757,61.24,2026-08-17
63MOONS,780.25,12.49,16.73,20.79,-16.05,0.173,IT,14.61,88.40889649272883,83.37038683859494,35.51062726801452,5.430640243902439,89.90590248075277,72.65,2026-08-17
A2ZINFRA,14.49,8.46,1.54,,,0.36,INFRASTRUCTURE,12.86,82.2284003421728,,,19.53125,88.13088109495295,65.48,2026-08-17
AAATECH,91.98,-2.26,-4.86,-1.71,18.23,2.059,IT,-0.14,38.40889649272883,37.21654068474878,78.12337998963194,90.47256097560977,48.631308810949534,50.19,2026-08-17
AADHARHFC,487.65,-5.3,0.55,5.06,-3.14,0.681,FINANCIAL_SERVICES,-3.96,25.791274593669804,57.00311249444198,52.04769310523587,46.39862804878049,26.304533789563727,39.95,2026-08-17
AAKASH,8.77,-3.31,-9.49,,,0.603,OTHER,-5.14,34.302822925577416,,,40.301067073170735,22.647562018819503,39.92,2026-08-17
AAREYDRUGS,85.58,,,,,1.0,OTHER,,,,,67.64481707317073,,50.88,2026-08-17
AARNAV,31.23,-0.38,25.02,40.99,,0.431,TEXTILES,1.58,46.877673224978615,94.086260560249,,26.086128048780488,59.53806672369547,60.16,2026-08-17
AARON,138.85,18.4,11.57,5.57,-36.2,0.755,CAPITAL_GOODS,20.84,93.15654405474764,58.69275233437084,12.908242612752721,51.75304878048781,94.09751924721984,66.56,2026-08-17
AARTIDRUGS,410.75,-2.18,10.62,11.69,-12.62,0.653,PHARMA,-0.16,39.00769888793841,72.14317474433082,39.76153447382063,44.39786585365854,48.460222412318224,49.13,2026-08-17
AARTIIND,526.7,4.35,6.04,12.97,36.45,0.464,CHEMICALS,3.39,71.55688622754491,74.25522454424188,86.49559357179885,29.23018292682927,67.4508126603935,72.49,2026-08-17
AARTIPHARM,861.95,20.15,34.82,21.1,5.29,0.453,PHARMA,22.17,94.05474764756202,83.8150289017341,65.24105754276827,27.934451219512198,94.76047904191617,82.53,2026-08-17
AARVI,152.6,-0.6,9.72,21.88,25.44,0.49,OTHER,-2.43,45.958083832335326,84.59315251222765,81.70036288232244,31.040396341463417,33.63986313088109,60.17,2026-08-17
AASTHA,73.21,,,,,0.103,OTHER,,,,,1.9435975609756098,,47.6,2026-08-17
AAVAS,1389.8,-7.4,-0.27,0.37,-11.61,1.33,FINANCIAL_SERVICES,-6.06,18.66980325064157,42.99688750555802,41.16122343182996,80.54496951219512,19.6535500427716,32.49,2026-08-17
ABANSENT,31.89,,,,,0.357,OTHER,,,,,19.264481707317074,,48.46,2026-08-17
ABB,7660.0,-0.1,9.1,20.04,52.53,0.292,CAPITAL_GOODS,2.34,48.460222412318224,82.39217429968875,91.86106791083462,13.31935975609756,62.76732249786142,66.01,2026-08-17
ABBOTINDIA,26905.0,-3.46,3.08,-3.7,-15.62,1.027,PHARMA,-1.44,33.57570573139436,30.902623388172522,36.08087091757387,71.55106707317073,39.542343883661246,36.2,2026-08-17
ABCAPITAL,398.7,-0.25,6.66,11.63,41.89,0.516,FINANCIAL_SERVICES,1.09,47.69033361847733,71.94308581591818,88.07672369103162,33.479420731707314,56.864841745081264,62.5,2026-08-17
ABCOTS,199.66,-4.27,-14.42,-8.91,,1.056,TEXTILES,-2.3,30.560307955517533,19.164072921298356,,72.69435975609755,34.08896492728828,34.24,2026-08-17
ABDL,610.65,-2.89,-3.03,9.96,19.77,0.979,FMCG,-2.88,36.035072711719415,68.78612716763006,79.10834629341628,63.681402439024396,31.54405474764756,53.55,2026-08-17
ABFRL,55.29,-5.78,-9.32,-11.76,-33.03,0.819,RETAIL,-4.75,23.802395209580837,12.583370386838594,15.552099533437014,55.77362804878049,24.272882805816938,21.02,2026-08-17
ABGSEC,115.07,0.24,2.18,,6.0,0.112,OTHER,-1.59,50.898203592814376,,66.25194401244168,2.2865853658536586,38.53721129170231,49.46,2026-08-17
ABINFRA,11.36,12.92,8.19,-13.41,,5.532,INFRASTRUCTURE,17.32,88.75106928999145,9.959982214317474,,97.86585365853658,91.6595380667237,62.2,2026-08-17
ABLBL,89.92,-5.77,-10.71,-13.6,-35.26,3.488,RETAIL,-4.74,23.887938408896492,9.69319697643397,13.530326594090203,96.15091463414635,24.379811804961506,21.95,2026-08-17
ABMINTLLTD,56.2,38.32,37.78,,,1.227,TEXTILES,40.28,98.80239520958084,,,77.89634146341463,99.01625320786998,75.83,2026-08-17
ABMKNO,197.0,-1.72,-7.91,-17.22,,1.808,IT,0.4,41.10350727117194,6.180524677634504,,87.5,53.40034217279727,38.32,2026-08-17
ABREL,1402.1,-3.74,6.57,8.53,-21.6,1.257,REALTY,-2.0,32.82720273738238,66.1849710982659,28.09745982374287,78.6013719512195,35.778443113772454,42.95,2026-08-17
ABSL10BANK,169.69,-1.7,0.04,5.9,,0.052,OTHER,-3.53,41.21043627031651,59.35971542907959,,0.666920731707317,28.464499572284,43.57,2026-08-17
ABSLAMC,1019.0,-9.99,-9.07,-1.11,20.91,0.384,RETAIL,-8.96,10.821214713430283,38.92841262783459,79.83411093831,21.49390243902439,11.077844311377245,32.22,2026-08-17
ABSLBANETF,59.27,0.39,1.33,7.78,6.43,0.487,OTHER,-1.44,51.98887938408896,64.1396176078257,67.3924313115604,30.773628048780488,39.542343883661246,55.18,2026-08-17
ABSLLIQUID,1000.0,0.0,0.0,0.0,0.0,1.196,OTHER,-1.83,49.0590248075278,41.84081814139618,56.68740279937792,77.01981707317073,36.954662104362704,48.36,2026-08-17
ABSLMSCIN,29.89,1.39,2.5,4.8,,14.182,OTHER,-0.44,58.23353293413174,56.2916851934193,,99.77134146341463,45.551753635585975,56.28,2026-08-17
ABSLNN50ET,78.38,3.95,3.95,7.38,11.99,0.602,OTHER,2.12,69.88879384088965,63.16140506891952,72.73198548470711,40.18673780487805,61.54833190761334,66.04,2026-08-17
ABSLPSE,10.28,-0.1,-1.15,-5.69,7.42,1.575,OTHER,-1.93,48.460222412318224,25.34459759893286,68.58475894245724,84.52743902439023,36.227544910179645,46.67,2026-08-17
ACC,1316.6,-4.13,-2.4,-3.39,-26.79,0.642,CEMENT,0.0,31.223267750213857,31.702979101823033,22.654224987039917,43.46417682926829,50.0,33.06,2026-08-17
ACCELYA,1134.3,0.7,1.83,1.04,-19.68,0.504,IT,2.82,54.127459366980325,44.53090262338817,30.84499740798341,32.10746951219512,65.26946107784431,47.64,2026-08-17
ACE,1113.7,10.96,19.69,25.38,6.8,0.384,AUTO,8.7,86.69803250641574,87.19430858159181,67.70347330222913,21.49390243902439,82.97690333618478,79.2,2026-08-17
ACEINTEG,17.78,-13.1,-10.7,-6.72,-25.45,0.579,DEFENCE,-16.13,5.645851154833191,23.477100933748332,24.002073613271126,38.41463414634146,2.352437981180496,14.92,2026-08-17
ACGL,1766.7,,,,,1.0,OTHER,,,,,67.64481707317073,,50.88,2026-08-17
ACI,515.35,-6.15,-2.29,-4.1,-21.35,0.473,CHEMICALS,-7.1,22.177074422583402,29.657625611382837,28.46034214618974,30.01143292682927,16.0393498716852,24.77,2026-08-17
ACL,45.94,-6.47,-14.78,-17.69,-48.23,0.69,CEMENT,-2.34,20.9153122326775,5.802578923966207,5.546915500259201,47.046493902439025,33.9606501283148,17.33,2026-08-17
ACMESOLAR,364.9,-7.39,7.43,32.21,27.72,0.568,POWER,-2.16,18.733960650128314,90.92930191196086,82.84085018144116,37.5952743902439,35.222412318220705,53.02,2026-08-17
ACSTECH,50.92,16.79,36.37,47.55,,0.863,CEMENT,20.92,92.0017108639863,95.77590040017786,,57.983993902439025,94.14029084687768,83.16,2026-08-17
ACUTAAS,3198.2,-10.76,6.73,17.11,126.25,0.473,PHARMA,-8.74,9.195893926432849,79.34637616718541,98.70399170554691,30.01143292682927,11.633875106928999,46.04,2026-08-17
ADANIENSOL,1589.1,-5.94,6.57,21.9,101.5,0.897,POWER,-0.71,23.139435414884517,84.65984882169853,97.56350440642821,59.92759146341463,43.58426005132592,58.31,2026-08-17
ADANIENT,3007.3,-4.57,2.16,10.73,32.36,0.871,INFRASTRUCTURE,-0.17,29.127459366980325,70.29791018230324,85.06998444790047,58.4984756097561,48.33190761334474,54.96,2026-08-17
ADANIGREEN,1327.6,-14.0,-10.45,-3.73,42.56,0.318,POWER,-8.77,4.790419161676647,30.813694975544685,88.4914463452566,15.548780487804878,11.46278870829769,29.58,2026-08-17
ADANIPORTS,1691.0,-7.41,-7.19,-5.8,28.55,0.727,LOGISTICS,-6.61,18.562874251497004,25.077812361049357,83.41109383100051,49.98094512195122,17.70744225834046,34.6,2026-08-17
ADANIPOWER,203.56,-6.01,-8.55,-8.03,-65.62,0.902,POWER,-0.78,22.7972626176219,20.83148065807025,2.903058579574909,60.11814024390244,43.45594525235244,23.29,2026-08-17
ADFFOODS,262.85,-13.08,-12.75,-2.03,19.89,0.49,FMCG,-13.07,5.688622754491018,36.238328145842594,79.23794712286158,31.040396341463417,4.319931565440547,29.1,2026-08-17
ADL,68.65,-6.46,-2.56,-2.76,-22.54,1.519,REALTY,-4.72,20.979469632164243,33.23699421965318,27.00881285640228,83.80335365853658,24.46535500427716,28.91,2026-08-17
ADOR,1525.3,12.75,30.59,44.74,67.74,0.303,CAPITAL_GOODS,15.19,88.57998289136013,95.1089373054691,93.93468118195956,14.310213414634147,90.33361847733106,87.83,2026-08-17
ADROITINFO,9.99,11.0,6.84,2.67,-4.49,0.703,CAPITAL_GOODS,13.44,86.82634730538922,49.17741218319253,50.10368066355625,47.980182926829265,88.87938408896493,68.44,2026-08-17
ADSL,111.06,-8.0,-8.71,-11.64,-29.42,0.65,IT,-5.88,16.424294268605646,12.850155624722099,19.232763089683775,44.11204268292683,20.01710863986313,18.02,2026-08-17
ADVAIT,2079.2,-1.5,-14.61,9.2,,0.55,CAPITAL_GOODS,0.94,42.536355859709154,67.45220097821255,,35.99466463414634,56.15911035072712,51.97,2026-08-17
ADVANCE,117.06,1.2,20.32,13.79,,0.132,CHEMICALS,0.24,56.971770744225836,75.56691863050244,,3.353658536585366,52.0530367835757,56.81,2026-08-17
ADVANIHOTR,49.91,-4.15,-5.06,-5.02,-19.87,2.041,HOSPITALITY,-1.93,31.09495295124038,26.700755891507338,30.48211508553655,90.16768292682927,36.227544910179645,33.6,2026-08-17
ADVENTHTL,134.9,-8.74,-2.47,-10.28,,1.138,HOSPITALITY,-6.52,14.242942686056459,15.651400622498887,,75.51448170731707,17.98545765611634,25.37,2026-08-17
ADVENZYMES,305.6,-5.98,-17.08,-15.99,1.24,0.586,PHARMA,-3.96,22.96834901625321,7.292129835482436,58.63141524105754,38.833841463414636,26.304533789563727,27.48,2026-08-17
ADVIKCA,1.21,,,,,1.0,OTHER,,,,,67.64481707317073,,50.88,2026-08-17
AEGISLOG,1287.2,-0.79,30.59,90.94,84.12,0.424,ENERGY,-2.23,45.27373823781009,99.46642952423299,95.95645412130638,25.304878048780488,34.68776732249786,66.37,2026-08-17
AEGISVOPAK,269.5,0.09,13.81,36.3,5.61,0.419,ENERGY,-1.35,49.786142001710864,92.48554913294798,65.73354069466045,24.56173780487805,40.804106073567155,61.04,2026-08-17
AEPL,14.93,-6.92,-7.32,,,0.191,CAPITAL_GOODS,-4.48,19.67493584260051,,,6.63109756097561,24.935842600513258,33.46,2026-08-17
AEQUS,249.58,6.34,25.43,23.24,,0.403,DEFENCE,3.31,77.09580838323353,85.68252556691863,,23.151676829268293,67.10863986313088,69.63,2026-08-17
AEROENTER,125.73,5.12,16.78,23.58,43.72,0.719,METAL,5.32,74.29426860564585,85.77145397954646,88.80248833592535,49.19969512195122,72.7972626176219,78.59,2026-08-17
AEROFLEX,455.85,10.95,-3.36,22.92,158.9,0.711,METAL,11.15,86.65526090675792,85.41574032903513,99.48159668221876,48.68521341463415,86.3130881094953,86.96,2026-08-17
AERONEU,84.49,-6.41,-5.06,-4.08,,0.469,CHEMICALS,-7.36,21.19332763045338,29.746554024010674,,29.6875,15.07698887938409,28.6,2026-08-17
AEROPLANE,182.85,,,,,0.652,OTHER,,,,,44.302591463414636,,49.72,2026-08-17
AETHER,1605.7,7.1,36.34,44.46,118.17,0.264,CHEMICALS,6.14,78.82805816937554,94.93108048021342,98.54847071021254,11.451981707317072,75.72711719418305,82.96,2026-08-17
AFCONS,271.7,-4.8,-16.94,-19.26,-37.36,0.158,INFRASTRUCTURE,-0.4,28.20786997433704,4.6465095598043575,12.026956972524625,4.439786585365853,46.10778443113773,20.58,2026-08-17
AFFLE,1703.9,10.65,15.46,15.35,-10.07,0.322,IT,12.77,86.44140290846877,77.32325477990219,43.64955935717988,16.04420731707317,88.02395209580838,72.32,2026-08-17
AFIL,9.4,,,,34.29,0.596,OTHER,,,,85.87350959046138,39.69131097560975,,56.66,2026-08-17
AFSL,201.2,-0.23,0.1,-0.13,-8.56,0.721,FINANCIAL_SERVICES,1.11,47.775876817792984,41.30724766562917,45.463970969414206,49.35213414634146,56.95038494439692,47.15,2026-08-17
AGARIND,499.6,-2.05,-13.95,20.28,-36.12,0.177,CHEMICALS,-3.0,39.47818648417451,82.65895953757226,12.960082944530846,5.602134146341464,31.11633875106929,42.02,2026-08-17
AGARWALEYE,501.6,1.92,14.4,11.44,9.06,0.172,HEALTHCARE,1.14,61.612489307100084,71.45397954646509,69.88076723691032,5.354420731707317,57.292557741659536,62.27,2026-08-17
AGI,716.5,2.28,2.06,23.64,-22.06,1.452,CHEMICALS,1.32,63.964927288280585,85.8603823921743,27.423535510627268,82.45045731707317,57.97690333618477,62.16,2026-08-17
AGIIL,301.5,-9.99,-18.57,-28.07,-73.96,0.716,REALTY,-8.25,10.821214713430283,1.823032458870609,2.332814930015552,49.06631097560975,12.574850299401197,9.05,2026-08-17
AGL,14.01,,,,,0.878,OTHER,,,,,58.84146341463414,,50.44,2026-08-17
AGRITECH,103.49,,,-4.16,-26.12,1.393,AGRICULTURE,,,29.27967985771454,23.48367029548989,81.40243902439023,,41.09,2026-08-17
AGROPHOS,26.39,-11.2,-15.23,-13.39,,2.134,CHEMICALS,-12.16,8.426005132591959,10.004446420631393,,90.85365853658537,5.474764756201882,20.81,2026-08-17
AHCL,14.51,-4.41,-9.71,8.69,,0.609,PHARMA,-2.39,29.875962360992304,66.60738105824811,,41.06326219512195,33.76817792985457,44.23,2026-08-17
AHLADA,37.0,-3.97,-9.93,-13.35,-35.51,2.008,REALTY,-2.23,31.822070145423435,10.071142730102267,13.271124935199586,89.59603658536585,34.68776732249786,25.99,2026-08-17
AHLEAST,140.95,-1.17,-7.67,-12.62,-7.49,0.548,HOSPITALITY,1.05,43.798118049615056,11.405068919519787,46.65629860031104,35.86128048780488,56.69375534644996,37.81,2026-08-17
AHLUCONT,793.85,-8.04,-5.21,-0.06,-14.11,3.044,INFRASTRUCTURE,-3.64,16.189050470487594,41.529568697198755,37.636080870917574,94.89329268292683,27.844311377245507,32.5,2026-08-17
AIAENG,4383.6,-8.28,-2.4,13.67,44.21,0.859,CAPITAL_GOODS,-5.84,15.761334473909324,75.3223654957759,89.00984966303784,57.77439024390244,20.166809238665525,48.06,2026-08-17
AIIL,551.5,6.13,-0.03,9.1,-82.36,0.23,CAPITAL_GOODS,8.57,76.60393498716851,67.22987994664295,1.347848626231208,9.317835365853659,82.57057313943541,56.74,2026-08-17
AIRAN,15.23,-1.42,-5.87,-10.25,-40.72,2.252,IT,0.7,42.89991445680069,15.762561138283681,9.331259720062208,91.5015243902439,54.89734816082121,33.63,2026-08-17
AIROLAM,87.42,-1.92,0.06,3.59,-17.49,3.215,REALTY,-0.18,40.03421727972626,51.80080035571365,33.51477449455677,95.5030487804878,48.13943541488452,45.66,2026-08-17
AJANTPHARM,3718.2,7.69,20.73,17.03,44.17,1.004,PHARMA,9.71,79.89734816082121,79.21298354824367,88.95800933125972,70.82698170731707,84.73053892215569,81.81,2026-08-17
AJAXENGG,567.25,-7.18,1.38,7.75,-17.68,1.579,AUTO,-9.44,19.11890504704876,64.00622498888396,33.28149300155521,84.60365853658537,10.008554319931566,35.08,2026-08-17
AJMERA,118.7,-8.06,-14.98,-6.02,-86.76,0.505,REALTY,-6.32,16.124893071000855,24.499777678968428,1.1923276308968378,32.27896341463415,18.562874251497004,16.41,2026-08-17
AJOONI,3.81,-10.35,0.26,-8.85,-27.29,1.652,AGRICULTURE,-14.88,10.072711719418306,19.297465540240108,21.90254017625713,85.48018292682927,2.9940119760479043,17.45,2026-08-17
AKASH,25.43,-5.57,-5.29,-4.69,-2.27,0.975,INFRASTRUCTURE,-1.17,24.57228400342173,27.76789684304135,52.92897874546397,63.5670731707317,41.74508126603935,35.57,2026-08-17
AKCAPIT,1747.9,-1.34,0.51,9.89,,0.683,FINANCIAL_SERVICES,0.0,43.11377245508982,68.56380613606046,,46.551067073170735,50.0,52.06,2026-08-17
AKG,8.98,-10.11,-16.07,-20.18,-27.41,0.592,OTHER,-11.94,10.500427715996578,4.001778568252556,21.669258683255574,39.462652439024396,5.966638152266895,11.88,2026-08-17
AKI,4.13,-9.03,-16.23,-15.54,,0.314,TEXTILES,-7.06,13.558597091531224,7.558915073365941,,15.301067073170731,16.189050470487594,19.83,2026-08-17
AKSHAR,0.41,-4.65,-8.89,-16.33,-28.07,1.217,TEXTILES,-2.69,28.74251497005988,6.714095153401511,20.787973043027474,77.61051829268293,32.59195893926432,24.67,2026-08-17
AKUMS,744.0,8.94,24.65,43.92,55.94,0.847,PHARMA,10.96,83.76817792985459,94.79768786127167,92.32763089683775,57.012195121951216,86.07784431137725,87.25,2026-08-17
ALANKIT,8.17,2.25,-2.27,-7.89,-42.63,0.879,FINANCIAL_SERVICES,3.59,63.75106928999145,21.431747443308137,8.242612752721618,58.91768292682927,68.30624465355004,42.51,2026-08-17
ALBERTDAVD,806.1,16.12,12.76,11.83,0.33,0.495,PHARMA,18.14,91.27459366980325,72.49888839484215,57.283566614826334,31.25,92.38665526090676,76.95,2026-08-17
ALEMBICLTD,90.15,0.72,1.01,0.22,-13.02,2.247,REALTY,2.46,54.31993156544055,42.55224544241885,39.113530326594095,91.42530487804879,63.55859709153122,51.58,2026-08-17
ALFREDHE,3151.2,,,,,1.0,OTHER,,,,,67.64481707317073,,50.88,2026-08-17
ALGOQUANT,66.29,1.77,15.53,11.77,,0.837,FINANCIAL_SERVICES,3.11,60.543199315654405,72.25433526011561,,56.57393292682927,66.3601368691189,62.04,2026-08-17
ALICON,726.1,13.51,9.89,10.17,-13.45,4.974,AUTO,11.25,89.13601368691188,69.38639395286795,38.28408501814412,97.40853658536585,86.37724550898204,74.03,2026-08-17
ALIVUS,1394.4,19.78,33.46,33.49,47.01,0.983,PHARMA,21.8,93.92643284858853,91.28501556247221,89.7874546397097,63.92911585365854,94.56800684345595,91.03,2026-08-17
ALKEM,5374.0,-5.87,0.49,-2.04,-0.89,1.28,PHARMA,-3.85,23.353293413173652,36.19386393952868,54.48418869880767,79.26829268292683,26.881950384944396,36.11,2026-08-17
ALKYLAMINE,1920.1,1.64,7.37,11.47,-7.14,0.442,CHEMICALS,0.68,59.858853721129165,71.54290795909293,47.01918092275791,27.01981707317073,54.76903336184773,57.81,2026-08-17
ALLCARGO,10.06,26.54,11.04,14.32,-68.71,0.5,LOGISTICS,27.34,96.57827202737383,76.16718541574032,2.6438569206842923,31.726371951219512,96.62104362703165,69.45,2026-08-17
ALLDIGI,809.25,-1.0,0.82,0.24,-15.16,0.535,IT,1.12,44.43969204448246,42.64117385504669,36.57335406946605,35.0609756097561,57.05731394354149,43.84,2026-08-17
ALLTIME,213.14,-13.15,-14.48,-10.46,-29.68,0.811,FMCG,-13.14,5.560307955517536,15.073365940417963,19.02540176257128,55.049542682926834,4.148845166809239,12.89,2026-08-17
ALMONDZ,14.2,7.74,7.17,-4.95,-29.74,0.216,FINANCIAL_SERVICES,9.08,80.06843455945253,26.967541129390842,18.947641264904096,8.15548780487805,83.66124893071,51.51,2026-08-17
ALOKINDS,11.53,-7.91,-10.9,-16.45,-34.56,0.858,TEXTILES,-5.94,16.63815226689478,6.625166740773677,14.074650077760499,57.66006097560976,19.888793840889647,16.16,2026-08-17
ALPA,63.72,-7.52,-9.68,-9.94,-33.07,1.069,PHARMA,-5.5,18.04961505560308,16.89639839928857,15.500259201658892,73.0564024390244,21.3857998289136,20.5,2026-08-17
ALPHA,54.18,4.63,6.53,9.12,12.29,0.912,OTHER,2.8,72.84003421727972,67.31880835927079,72.88750648004148,60.61356707317073,65.098374679213,69.7,2026-08-17
ALPHAETF,26.82,2.56,2.8,5.34,7.67,1.157,OTHER,0.73,65.14114627887083,57.98132503334815,68.94764126490409,76.0670731707317,55.111206159110345,63.15,2026-08-17
ALPHAGEO,338.36,68.64,61.19,54.32,41.45,3.014,ENERGY,67.2,99.95722840034217,97.02089817696753,87.86936236391914,94.85518292682927,99.95722840034217,96.55,2026-08-17
ALPINETEX,57.14,,,,,1.236,OTHER,,,,,78.27743902439023,,51.41,2026-08-17
ALPL30IETF,28.33,2.83,4.81,6.22,4.27,0.387,OTHER,1.0,66.08212147134303,60.31569586482881,63.089683773976155,21.9702743902439,56.4585115483319,60.39,2026-08-17
ALUFLUOR,434.05,,,,,1.0,OTHER,,,,,67.64481707317073,,50.88,2026-08-17
AMAGI,581.0,-3.0,33.5,43.63,,0.721,IT,-0.88,35.62874251497006,94.66429524232993,,49.35213414634146,43.00684345594525,55.05,2026-08-17
AMAL,751.25,,,,,1.0,OTHER,,,,,67.64481707317073,,50.88,2026-08-17
AMARJOTHI,162.0,,,,,1.0,OTHER,,,,,67.64481707317073,,50.88,2026-08-17
AMBALALSA,45.7,46.38,42.01,40.49,,1.27,PHARMA,48.4,99.61505560307955,93.90840373499333,,79.02057926829268,99.65782720273738,87.24,2026-08-17
AMBER,7259.0,-9.45,-7.06,-14.36,0.41,1.788,CAPITAL_GOODS,-7.01,12.254063301967493,8.759448643841708,57.36132711249352,87.3094512195122,16.424294268605646,24.78,2026-08-17
AMBICAAGAR,23.78,-4.88,-6.53,2.19,-11.2,5.049,FMCG,-4.87,27.71599657827203,48.04357492218764,42.120269569725245,97.52286585365853,23.716852010265185,38.57,2026-08-17
AMBIKCO,1615.9,-6.79,-0.66,2.36,16.46,0.324,TEXTILES,-4.82,20.01710863986313,48.37705646954202,76.7236910316226,16.139481707317074,23.887938408896492,38.84,2026-08-17
AMBUJACEM,415.25,-4.23,-2.53,-4.27,-27.51,1.469,CEMENT,-0.1,30.710008554319934,28.857269897732323,21.461897356143076,82.86966463414635,48.88793840889649,33.73,2026-08-17
AMDIND,51.41,14.99,8.71,13.04,1.96,1.58,CHEMICALS,14.04,90.33361847733106,74.2996887505558,59.95334370139969,84.64176829268293,89.52095808383234,79.84,2026-08-17
AMJLAND,38.62,1.85,-0.49,0.47,-31.69,0.521,CHEMICALS,0.9,61.12061591103507,43.37483325922633,16.588906168999483,33.860518292682926,55.96663815226689,45.64,2026-08-17
AMNPLST,185.55,-7.69,-4.41,-10.8,-16.88,0.939,CHEMICALS,-8.64,17.365269461077844,14.495331258337037,34.52566096423017,62.06173780487805,11.93327630453379,21.5,2026-08-17
AMRUTANJAN,491.85,-8.01,-9.14,-11.35,-30.13,0.856,PHARMA,-5.99,16.33875106928999,13.428190306803023,18.455158113011922,57.50762195121951,19.803250641573992,18.61,2026-08-17
ANANDRATHI,2176.0,4.64,22.74,-39.27,-22.33,0.897,FINANCIAL_SERVICES,5.98,72.88280581693756,1.200533570475767,27.216174183514774,59.92759146341463,75.06415739948675,45.51,2026-08-17
ANANTRAJ,627.55,9.34,16.06,28.54,18.02,0.375,REALTY,11.08,84.49529512403764,88.90618052467764,78.01969932607568,20.960365853658537,86.24893071000855,81.39,2026-08-17
ANDHRAPAP,59.96,-3.48,-4.54,-7.97,-23.43,0.5,CHEMICALS,-4.44,33.4901625320787,21.187194308581592,25.920165889061693,31.726371951219512,25.08554319931565,27.55,2026-08-17
ANDHRSUGAR,101.98,20.63,22.28,12.49,33.66,0.814,CHEMICALS,19.67,94.3541488451668,73.41040462427746,85.48470710212545,55.31631097560976,93.32763045337896,85.24,2026-08-17
ANDREWYU,26.23,,,,,1.0,OTHER,,,,,67.64481707317073,,50.88,2026-08-17
ANGELONE,293.5,-12.34,-15.72,-4.35,-87.45,0.781,FINANCIAL_SERVICES,-11.0,6.544054747647563,28.59048465984882,0.9331259720062209,53.125,7.3139435414884515,13.38,2026-08-17
ANIKINDS,42.76,,,,-54.45,1.719,OTHER,,,,3.9398652151373765,86.28048780487805,,42.6,2026-08-17
ANMOL,10.02,-7.14,-19.0,-14.14,-38.72,1.25,FINANCIAL_SERVICES,-5.8,19.28999144568007,8.915073365940419,10.808709175738725,78.39176829268293,20.35928143712575,18.12,2026-08-17
ANNAPURNA,163.0,,,,,1.47,OTHER,,,,,82.96493902439023,,51.65,2026-08-17
ANSALBU,72.8,,,,,1.0,OTHER,,,,,67.64481707317073,,50.88,2026-08-17
ANTELOPUS,800.9,-2.42,6.07,6.57,,1.416,ENERGY,-3.86,37.83147989734816,61.27167630057804,,81.78353658536585,26.79640718562874,46.67,2026-08-17
ANTGRAPHIC,0.74,-3.9,-8.64,-16.85,-33.33,1.59,CHEMICALS,-4.86,32.12147134302823,6.447309915518009,15.189217210990149,84.7751524390244,23.781009409751924,23.7,2026-08-17
ANTHEM,898.0,18.32,16.68,14.64,7.44,0.758,PHARMA,20.34,93.04961505560307,76.52289906625167,68.63659927423535,51.86737804878049,93.7125748502994,82.08,2026-08-17
ANUHPHR,75.72,-5.52,-6.37,-3.65,-13.35,0.886,PHARMA,-3.5,24.87168520102652,31.080480213428192,38.543286677034736,59.375,28.63558597091531,31.45,2026-08-17
ANUP,1834.5,-14.81,-6.62,-6.71,-17.97,0.483,CAPITAL_GOODS,-12.37,3.9349871685201028,23.566029346376165,32.8149300155521,30.48780487804878,5.111206159110351,16.12,2026-08-17
ANURAS,1196.9,-5.68,-5.11,-13.02,6.46,1.661,CHEMICALS,-6.64,24.187339606501283,10.782570031124944,67.44427164333851,85.51829268292683,17.557741659538067,31.56,2026-08-17
AONEGOLD,14.25,8.45,1.64,-2.2,,0.801,OTHER,6.62,82.14285714285714,35.57136505113384,,54.43978658536586,77.86569717707442,62.04,2026-08-17
AONELIQUID,1072.91,0.43,0.84,1.25,4.9,0.396,OTHER,-1.4,52.65183917878529,45.53134726545131,64.56713322965267,22.732469512195124,40.33361847733105,49.91,2026-08-17
AONENIFTY,10.05,1.31,2.13,3.72,-0.69,0.948,OTHER,-0.52,57.463644140290846,52.42329924410849,54.847071021254536,62.5,44.78186484174508,54.03,2026-08-17
AONESILVER,8.93,7.72,-5.1,-11.93,,1.055,OTHER,5.89,80.0256629597947,12.361049355269008,,72.63719512195121,74.76475620188195,55.95,2026-08-17
AONETMMQ50,10.44,3.37,1.95,3.06,,0.672,OTHER,1.54,68.09238665526091,50.02223210315696,,46.09375,59.366980325064155,57.55,2026-08-17
AONETOTAL,12.04,1.69,3.17,5.52,4.33,0.898,OTHER,-0.14,60.24379811804962,58.51489550911516,63.193364437532395,59.984756097560975,48.631308810949534,58.65,2026-08-17
APARINDS,16524.0,16.33,2.2,30.62,109.66,0.8,CHEMICALS,15.37,91.53122326775022,89.9510893730547,98.13374805598755,54.36356707317073,90.46193327630453,90.44,2026-08-17
APCL,106.87,4.36,-7.34,-6.91,,6.763,CEMENT,8.49,71.59965782720273,22.987994664295243,,98.47560975609755,82.33532934131736,58.08,2026-08-17
APCOTEXIND,605.45,11.77,16.2,23.97,56.77,0.241,FINANCIAL_SERVICES,13.11,87.93840889649273,86.1271676300578,92.37947122861586,10.099085365853659,88.5158254918734,84.57,2026-08-17
APEX,422.55,3.81,0.66,-9.32,84.21,1.697,FMCG,3.82,69.54662104362703,18.230324588706093,96.0082944530845,86.05182926829268,68.90504704875963,62.74,2026-08-17
APLAPOLLO,2081.3,16.11,12.99,10.11,27.77,0.654,METAL,16.31,91.23182207014541,69.18630502445531,82.89269051321928,44.49314024390244,91.10350727117195,81.7,2026-08-17
APLLTD,822.45,-2.06,10.29,4.89,-12.18,0.802,PHARMA,-0.04,39.43541488451668,56.536238328145835,40.1244167962675,54.516006097560975,49.33704020530368,46.09,2026-08-17
APOLLO,387.05,-2.85,-11.11,31.4,59.08,0.754,DEFENCE,-5.88,36.18477331052181,90.3734993330369,92.6905132192846,51.69588414634146,20.01710863986313,59.38,2026-08-17
APOLLOHOSP,8825.5,-0.7,5.18,9.19,13.24,0.997,HEALTHCARE,-1.48,45.57313943541488,67.40773677189861,74.10575427682737,64.42454268292683,39.17878528656972,56.72,2026-08-17
APOLLOPIPE,545.3,8.15,9.37,4.32,36.38,2.211,CAPITAL_GOODS,10.59,81.24465355004277,54.66874166296132,86.36599274235354,91.19664634146342,85.5218135158255,76.76,2026-08-17
APOLLOTYRE,436.7,1.08,4.86,10.7,-4.35,0.347,AUTO,-1.18,56.41573994867408,70.25344597598932,50.33696215655781,18.025914634146343,41.702309666381524,54.53,2026-08-17
APOLSINHOT,1205.8,-6.55,-4.56,8.07,-13.05,0.665,HOSPITALITY,-4.33,20.508982035928145,65.09559804357492,39.0357698289269,45.35060975609756,25.40633019674936,37.34,2026-08-17
APTUS,255.2,-14.92,-5.27,-3.5,-24.07,0.668,FINANCIAL_SERVICES,-13.58,3.721129170230967,31.347265451311696,25.34992223950233,45.67454268292683,3.8066723695466207,17.06,2026-08-17
AQYLON,21.79,-38.1,-59.01,-61.27,,0.138,MEDIA,-35.63,0.4704875962360992,0.6669630947087595,,3.601371951219512,0.4704875962360992,10.58,2026-08-17
ARCHIDPLY,95.91,19.08,17.91,16.25,-1.72,0.853,REALTY,20.82,93.49871685201026,77.9012894619831,53.47330222913427,57.412347560975604,94.0333618477331,79.87,2026-08-17
ARCHIES,13.49,-4.33,-6.06,-9.83,,0.786,FMCG,-4.32,30.41060735671514,17.185415740329034,,53.35365853658537,25.449101796407188,31.43,2026-08-17
ARCL,236.4,,,,,1.0,OTHER,,,,,67.64481707317073,,50.88,2026-08-17
ARDEE,62.34,,,,,0.271,OTHER,,,,,11.985518292682928,,48.1,2026-08-17
ARE&M,945.7,4.91,12.8,14.78,-3.09,0.266,AUTO,2.65,73.73823781009409,76.78968430413518,52.255054432348366,11.547256097560975,64.6278870829769,65.73,2026-08-17
ARENTERP,38.36,5.36,3.09,-0.13,,0.004,METAL,5.56,75.04277159965783,41.30724766562917,,0.038109756097560975,73.52437981180496,57.62,2026-08-17
ARFIN,83.69,-5.1,-12.48,-8.52,143.92,0.958,METAL,-4.9,26.988879384088964,19.89773232547799,99.22239502332815,62.95731707317073,23.5885372112917,40.95,2026-08-17
ARIES,434.65,26.3,27.5,22.9,1.36,3.355,CHEMICALS,25.34,96.44995722840034,85.37127612272121,58.81285640228098,95.92225609756098,95.93669803250641,86.05,2026-08-17
ARIHANT,1031.6,30.07,16.89,20.11,,0.467,REALTY,31.81,97.45508982035929,82.48110271231658,,29.554115853658537,97.6475620188195,80.85,2026-08-17
ARIHANTCAP,73.47,3.9,2.55,6.37,-34.4,0.387,FINANCIAL_SERVICES,5.24,69.73909324208726,60.73810582481103,14.282011404872991,21.9702743902439,72.6261762189906,54.44,2026-08-17
ARIHANTSUP,257.6,-0.88,-3.18,-4.17,-37.77,0.158,REALTY,0.86,44.82463644140291,29.212983548243663,11.612234318299636,4.439786585365853,55.77416595380667,33.9,2026-08-17
ARIS,136.25,20.14,12.5,-1.2,,0.562,INFRASTRUCTURE,24.54,94.01197604790418,38.683859493108045,,37.176067073170735,95.63729683490163,68.78,2026-08-17
ARKADE,129.99,-5.52,12.75,13.79,-27.0,0.487,CAPITAL_GOODS,-3.08,24.87168520102652,75.56691863050244,22.3950233281493,30.773628048780488,30.731394354148843,38.22,2026-08-17
ARMANFIN,1962.9,0.06,16.39,9.83,37.82,0.707,FINANCIAL_SERVICES,1.4,49.636441402908474,68.47487772343264,87.03991705546915,48.38033536585366,58.66124893071001,63.12,2026-08-17
AROGRANITE,24.57,-2.15,-2.19,-6.47,-31.41,2.553,REALTY,-0.41,39.17878528656972,23.943975100044465,17.003628823224467,93.0640243902439,45.808383233532936,34.62,2026-08-17
ARSSBL,509.2,-6.54,-6.6,-3.13,,1.168,FINANCIAL_SERVICES,-5.2,20.615911035072713,32.50333481547354,,76.2576219512195,22.49786142001711,32.53,2026-08-17
ARTEMISMED,314.4,14.16,20.18,12.37,41.52,0.465,HEALTHCARE,13.38,89.69204448246364,73.23254779902179,87.97304302747537,29.34451219512195,88.75106928999145,82.07,2026-08-17
ARTNIRMAN,42.23,7.95,3.68,,,0.283,REALTY,9.69,80.53892215568862,,,12.804878048780488,84.66638152266894,64.03,2026-08-17
ARVEE,165.55,4.77,-2.09,1.25,2.96,0.113,CHEMICALS,3.81,73.43883661248931,45.53134726545131,61.11975116640747,2.34375,68.8622754491018,59.76,2026-08-17
ARVIND,552.3,3.14,11.26,22.43,95.16,1.694,TEXTILES,5.11,67.30111206159111,84.99333036905291,96.78589942975636,85.97560975609755,72.36954662104363,79.32,2026-08-17
ARVINDFASN,444.15,-5.34,-5.89,2.48,-15.56,0.747,RETAIL,-4.31,25.53464499572284,48.75500222321031,36.18455158113012,51.21951219512195,25.513259195893927,34.75,2026-08-17
ARVSMART,670.35,11.87,10.93,13.65,10.52,0.3,REALTY,13.61,88.02395209580838,75.27790128946198,71.30637636080871,13.891006097560975,89.05047048759623,77.94,2026-08-17
ARYAMAN,599.9,,,,,1.0,OTHER,,,,,67.64481707317073,,50.88,2026-08-17
ASAHIINDIA,931.2,3.71,4.98,13.61,6.61,1.234,AUTO,1.45,69.0333618477331,75.23343708314808,67.49611197511665,78.20121951219512,58.83233532934131,69.2,2026-08-17
ASAL,505.95,-4.86,0.94,6.02,4.14,1.942,AUTO,-7.12,27.758768177929856,59.759893285904845,62.88232244686366,89.02439024390245,15.846877673224979,44.06,2026-08-17
ASALCBR,733.25,-9.91,-10.58,-12.94,-29.74,2.212,FMCG,-9.9,11.09923011120616,11.027123165851489,18.947641264904096,91.23475609756098,9.110350727117195,16.36,2026-08-17
ASHAPURMIN,612.2,-12.98,-13.35,-4.18,26.17,0.489,METAL,-12.78,5.774165953806673,29.168519341929745,82.11508553654744,30.964176829268293,4.662104362703165,27.98,2026-08-17
ASHIANA,365.0,-3.55,-6.19,2.5,13.02,0.097,REALTY,-1.81,33.27630453378956,48.82169853268119,73.71695178849144,1.753048780487805,37.18990590248075,44.26,2026-08-17
ASHIMASYN,17.51,20.93,9.1,0.11,-29.4,0.171,TEXTILES,22.9,94.61077844311377,42.24099599822143,19.284603421461895,5.278201219512195,95.08126603934987,62.06,2026-08-17
ASHOKA,113.27,-10.64,-14.58,-11.57,-36.54,0.853,INFRASTRUCTURE,-6.24,9.281437125748502,13.02801244997777,12.649040953862103,57.412347560975604,18.88366124893071,14.74,2026-08-17
ASHOKAMET,13.77,-4.24,-9.17,-12.9,-17.25,0.733,METAL,-4.04,30.645851154833192,11.071587372165407,33.748055987558324,50.30487804878049,25.983746792130024,26.66,2026-08-17
ASHOKLEY,177.1,14.35,11.74,15.65,34.81,1.957,AUTO,12.09,89.94867408041061,77.54557581147176,86.10679108346292,89.17682926829268,87.29683490162532,85.64,2026-08-17
ASIANENE,425.25,16.46,20.78,35.67,15.59,3.581,ENERGY,15.02,91.61676646706587,92.12983548243663,76.10160705028512,96.22713414634147,90.11976047904191,88.65,2026-08-17
ASIANHOTNR,300.0,0.35,-0.66,0.3,-7.42,0.168,HOSPITALITY,2.57,51.66809238665526,42.86349488661627,46.78589942975635,5.08765243902439,64.17878528656972,48.04,2026-08-17
ASIANPAINT,2687.5,0.48,-2.21,3.14,8.31,0.321,CHEMICALS,-0.48,53.1437125748503,50.200088928412626,69.46604458268533,15.910823170731708,45.124037639007696,52.61,2026-08-17
ASIANTILES,47.97,0.82,-19.8,-20.84,,0.301,CAPITAL_GOODS,3.26,54.81180496150556,3.601600711427301,,14.02439024390244,66.93755346449957,40.83,2026-08-17
ASIANTNE,9.73,,,,,1.0,OTHER,,,,,67.64481707317073,,50.88,2026-08-17
ASKAUTOLTD,649.2,33.86,42.31,41.45,31.51,0.301,AUTO,31.6,98.16082121471344,94.1307247665629,84.96630378434422,14.02439024390244,97.56201881950385,90.22,2026-08-17
ASPINWALL,236.24,-8.01,-6.53,0.96,-13.27,0.562,LOGISTICS,-7.21,16.33875106928999,44.28634948866163,38.72472783825817,37.176067073170735,15.440547476475619,28.71,2026-08-17
ASSAMENT,850.0,,,,,1.0,OTHER,,,,,67.64481707317073,,50.88,2026-08-17
ASTAR,585.05,-7.12,-6.65,-7.31,,0.097,FMCG,-7.11,19.375534644995724,22.276567363272566,,1.753048780487805,15.932420872540634,24.83,2026-08-17
ASTEC,580.8,-17.08,-26.47,-14.06,-30.82,1.257,CHEMICALS,-18.03,2.309666381522669,9.04846598488217,17.67755313634007,78.6013719512195,1.8819503849443968,10.82,2026-08-17
ASTERDM,819.75,0.94,5.09,8.77,36.4,1.608,HEALTHCARE,0.16,55.453378956372966,66.91863050244552,86.41783307413168,85.11814024390245,51.58254918733961,65.42,2026-08-17
ASTRAL,1538.3,11.71,-1.64,-0.81,10.66,0.345,CAPITAL_GOODS,14.15,87.81009409751924,39.57314361938639,71.53965785381027,17.778201219512198,89.60650128314799,69.26,2026-08-17
ASTRAMICRO,1707.1,-0.85,15.34,54.27,70.67,0.423,DEFENCE,-3.88,44.91017964071856,96.97643397065362,94.66044582685329,25.190548780487802,26.625320786997435,64.15,2026-08-17
ASTRAZEN,7640.5,-5.51,-10.14,-9.78,-4.69,1.296,PHARMA,-3.49,25.021385799828916,17.341040462427745,49.792638672887506,79.83993902439023,28.72112917023097,31.35,2026-08-17
ATALREAL,35.85,17.0,14.79,24.87,,0.526,REALTY,18.74,92.23695466210437,86.83859493108048,,34.1844512195122,92.81437125748504,79.62,2026-08-17
ATAM,60.67,-11.42,-15.88,-16.54,-35.45,1.106,CAPITAL_GOODS,-8.98,8.105218135158255,6.5807025344597605,13.32296526697771,74.46646341463415,10.992301112061591,12.52,2026-08-17
ATGL,646.9,-8.59,-9.36,4.97,1.76,0.433,ENERGY,-10.03,14.756201881950384,56.69186305024455,59.40902021772939,26.333841463414636,8.682634730538922,33.84,2026-08-17
ATHERENERG,1485.2,17.21,48.81,58.44,244.19,0.537,AUTO,14.95,92.42942686056459,97.55446865273456,99.94815966822188,35.28963414634146,90.07698887938409,92.0,2026-08-17
ATL,23.91,3.73,-2.09,-4.21,-11.35,0.707,INFRASTRUCTURE,8.13,69.09751924721984,29.012894619831037,41.679626749611195,48.38033536585366,81.54405474764756,54.42,2026-08-17
ATLANTAA,39.64,4.4,-4.78,-10.82,21.89,0.409,INFRASTRUCTURE,8.8,71.79213002566296,14.428634948866161,80.14515292897875,23.666158536585368,83.14798973481608,58.42,2026-08-17
ATLANTAELE,1788.2,2.42,,3.2,,3.106,OTHER,0.59,64.37125748502994,50.28901734104046,,95.16006097560977,54.34131736526946,58.01,2026-08-17
ATLASCYCLE,97.61,-1.27,-1.89,-3.22,,0.612,FINANCIAL_SERVICES,0.07,43.45594525235244,32.103156958648285,,41.36814024390244,50.962360992301114,42.95,2026-08-17
ATUL,6721.0,9.93,2.08,-5.34,7.35,0.343,CHEMICALS,8.98,85.3721129170231,25.944864384170742,68.48107827890098,17.58765243902439,83.40461933276305,63.45,2026-08-17
ATULAUTO,498.0,2.59,7.75,-3.84,15.95,0.328,AUTO,0.33,65.29084687767323,30.45798132503335,76.30896837739762,16.692073170731707,53.015397775876814,54.51,2026-08-17
AUBANK,1072.2,3.58,4.8,8.25,43.87,0.523,BANKING,3.91,68.69118905047048,65.4290795909293,88.9061689994816,34.07012195121951,69.37553464499572,70.29,2026-08-17
AURIONPRO,722.75,-14.7,-17.01,-3.75,-44.92,0.504,IT,-12.58,4.170230966638152,30.724766562916848,7.102125453602904,32.10746951219512,4.918733960650128,12.9,2026-08-17
AUROPHARMA,1627.2,5.09,16.5,7.63,55.62,0.967,PHARMA,7.11,74.18733960650128,63.69497554468653,92.2239502332815,63.35746951219512,79.42686056458511,75.42,2026-08-17
AURUM,229.12,-5.0,16.06,29.41,34.18,0.326,IT,-2.88,27.159965782720274,89.37305469097376,85.74390876101607,16.38719512195122,31.54405474764756,54.55,2026-08-17
AURUS,4.71,0.0,,,,0.436,OTHER,-1.83,49.0590248075278,,,26.676829268292686,36.954662104362704,46.55,2026-08-17
AUSOMENT,144.39,,,6.22,,0.105,OTHER,,,60.31569586482881,,2.096036585365854,,50.18,2026-08-17
AUSTENG,122.87,,,,,1.0,OTHER,,,,,67.64481707317073,,50.88,2026-08-17
AUTOAXLES,1787.0,-2.77,0.68,6.1,3.53,0.304,AUTO,-5.03,36.44140290846878,60.02667852378835,61.81959564541213,14.557926829268292,23.09666381522669,44.32,2026-08-17
AUTOBEES,303.12,9.78,9.43,13.23,16.52,0.574,OTHER,7.95,85.13686911890504,74.65540240106714,76.77553136340073,38.0907012195122,80.9666381522669,77.87,2026-08-17
AUTOIETF,30.4,9.79,9.79,13.18,16.88,0.344,OTHER,7.96,85.20102651839179,74.52200978212538,77.13841368584758,17.682926829268293,81.03079555175363,76.92,2026-08-17
AVADHSUGAR,725.25,,,,70.93,1.829,OTHER,,,,94.71228615863141,88.10975609756098,,60.85,2026-08-17
AVALON,2059.4,16.51,18.47,55.65,144.09,2.049,CAPITAL_GOODS,18.95,91.6595380667237,97.24321920853713,99.27423535510627,90.3201219512195,92.98545765611634,94.71,2026-08-17
AVANCE,0.9,,,,,1.0,OTHER,,,,,67.64481707317073,,50.88,2026-08-17
AVANTEL,157.51,-8.96,-7.03,4.78,6.35,0.67,DEFENCE,-11.99,13.77245508982036,56.22498888394843,67.18506998444789,45.88414634146341,5.859709153122327,35.49,2026-08-17
AVANTIFEED,875.6,-15.46,-12.52,-33.83,36.82,0.829,AGRICULTURE,-19.99,3.122326775021386,1.2449977767896843,86.6770347330223,56.17378048780488,1.5397775876817792,21.78,2026-08-17
AVL,608.65,-4.08,3.0,10.24,19.19,1.605,RETAIL,-3.05,31.501283147989735,69.54201867496666,78.79730430274753,85.02286585365853,30.881094952951237,53.05,2026-08-17
AVONMORE,13.01,31.68,15.64,18.06,-33.52,1.113,FINANCIAL_SERVICES,33.02,97.77587681779298,80.43574922187638,15.033696215655782,74.67606707317073,97.9469632164243,75.76,2026-08-17
AVROIND,8.5,-8.31,-16.75,-17.56,-94.4,0.551,FMCG,-8.3,15.590248075278016,5.891507336594041,0.3110419906687403,36.07088414634146,12.489307100085544,10.67,2026-08-17
AVTNPL,88.1,25.3,20.21,32.24,20.67,10.092,AGRICULTURE,20.77,96.04362703165098,91.01823032458871,79.67858994297563,99.35213414634147,93.92643284858853,91.36,2026-08-17
AWFIS,268.95,-7.66,-11.54,-15.4,-53.28,0.891,IT,-5.54,17.493584260051325,7.603379279679857,4.354587869362364,59.58460365853659,21.236099230111204,15.06,2026-08-17
AWHCL,385.9,-14.56,-15.04,-18.14,-33.3,0.535,INFRASTRUCTURE,-10.16,4.319931565440547,5.42463317029791,15.292897874546396,35.0609756097561,8.554319931565441,8.96,2026-08-17
AWL,193.34,1.84,-1.99,-3.2,-23.26,0.367,FMCG,1.85,61.01368691189051,32.1476211649622,26.17936754795231,20.27439024390244,60.436270316509834,44.71,2026-08-17
AXISBANK,1227.3,-6.14,-10.13,-1.41,16.87,0.778,BANKING,-5.81,22.28400342172797,38.216985326811916,77.08657335406947,53.0297256097561,20.29512403763901,38.47,2026-08-17
AXISCADES,1553.4,-0.54,-14.9,-24.53,,1.232,DEFENCE,-3.57,46.19332763045338,2.5344597598932856,,78.08689024390245,28.22925577416595,34.94,2026-08-17
AXITA,7.25,-2.03,-5.6,-7.88,-17.61,0.303,TEXTILES,-0.06,39.56372968349016,21.476211649622055,33.33333333333333,14.310213414634147,49.16595380667237,33.97,2026-08-17
AXTEL,418.0,,,,,1.0,OTHER,,,,,67.64481707317073,,50.88,2026-08-17
AYE,169.77,2.18,2.15,35.52,,0.179,FINANCIAL_SERVICES,3.52,63.25919589392643,91.86305024455314,,5.697408536585366,67.89991445680069,65.58,2026-08-17
AYMSYNTEX,271.9,15.25,25.14,19.23,42.89,1.171,TEXTILES,17.22,90.63301967493584,81.41396176078257,88.54328667703474,76.39100609756098,91.61676646706587,87.35,2026-08-17
AZAD,2899.9,20.42,36.06,38.21,88.97,4.101,CAPITAL_GOODS,22.86,94.1830624465355,93.24144064028457,96.47485743908761,96.76067073170732,95.03849443969204,94.66,2026-08-17
AZADIND,91.48,,,,,1.0,OTHER,,,,,67.64481707317073,,50.88,2026-08-17
BAGFILMS,4.46,-0.45,-12.38,-10.26,-29.21,1.233,MEDIA,2.02,46.471343028229256,15.695864828812805,19.59564541213064,78.14405487804879,61.12061591103507,37.18,2026-08-17
BAIDFIN,9.6,-6.25,-4.38,-17.17,-14.29,3.099,FINANCIAL_SERVICES,-4.91,21.599657827202737,6.24722098710538,37.37687921202696,95.1219512195122,23.52437981180496,24.88,2026-08-17
BAJAJ-AUTO,11663.0,12.89,17.35,12.39,34.19,0.454,AUTO,10.63,88.6655260906758,73.2770120053357,85.7957490927942,28.04878048780488,85.71428571428571,80.77,2026-08-17
BAJAJCON,481.4,-13.06,-19.83,-10.43,109.75,2.464,FMCG,-13.05,5.731394354148845,15.1622943530458,98.18558838776568,92.6829268292683,4.362703165098375,30.72,2026-08-17
BAJAJELEC,357.45,6.42,10.67,-9.07,-37.73,0.235,FMCG,6.43,77.43798118049615,18.786127167630056,11.66407465007776,9.679878048780488,77.07442258340463,46.18,2026-08-17
BAJAJFINSV,2005.0,9.05,12.18,16.02,4.2,0.706,FINANCIAL_SERVICES,10.39,84.00342172797262,77.76789684304136,62.98600311041991,48.208841463414636,85.28656971770744,76.64,2026-08-17
BAJAJHCARE,323.05,-13.37,6.86,13.69,-25.67,0.183,PHARMA,-11.35,5.260906757912745,75.38906180524677,23.691031622602384,6.002286585365853,6.779298545765612,26.74,2026-08-17
BAJAJHFL,84.0,-2.74,-2.21,0.18,-25.22,0.782,FINANCIAL_SERVICES,-1.4,36.61248930710009,42.39662072032014,24.10575427682737,53.182164634146346,40.33361847733105,36.94,2026-08-17
BAJAJHIND,17.93,4.61,-9.76,0.62,-13.17,1.731,FMCG,4.62,72.77587681779298,43.68608270342374,38.77656817003629,86.50914634146342,71.49272882805818,59.2,2026-08-17
BAJAJHLDNG,11379.0,9.23,8.74,10.39,-12.45,2.67,FINANCIAL_SERVICES,10.57,84.1103507271172,69.89773232547799,40.02073613271125,93.63567073170732,85.45765611633875,72.42,2026-08-17
BAJAJINDEF,215.32,-9.42,-10.04,-23.37,-40.06,1.221,CAPITAL_GOODS,-6.98,12.403763900769889,2.8901734104046244,9.642301710730948,77.66768292682927,16.5098374679213,13.35,2026-08-17
BAJAJST,358.3,-10.35,-3.23,-12.4,,0.711,CAPITAL_GOODS,-7.91,10.072711719418306,11.738550466874166,,48.68521341463415,13.387510692899914,20.9,2026-08-17
BAJEL,185.87,3.27,-6.85,5.21,,0.292,CAPITAL_GOODS,5.71,67.81437125748504,57.38105824811027,,13.31935975609756,74.12318220701454,59.86,2026-08-17
BAJFINANCE,1089.3,4.98,13.51,19.64,24.31,0.238,FINANCIAL_SERVICES,6.32,73.86655260906758,82.03646064917741,81.38932089165371,9.870426829268293,76.77502138579982,74.65,2026-08-17
BALAJEE,27.25,-5.32,-7.0,-14.06,-47.62,0.41,CHEMICALS,-6.28,25.641573994867407,9.04846598488217,5.806117159149818,23.78048780487805,18.733960650128314,16.4,2026-08-17
BALAJITELE,92.72,3.24,9.49,-8.58,,0.96,MEDIA,5.71,67.75021385799829,19.630947087594485,,63.07164634146341,74.12318220701454,52.89,2026-08-17
BALAMINES,2125.2,-10.4,2.35,24.56,40.09,0.366,CHEMICALS,-11.36,9.944396920444824,86.52734548688305,87.45463970969413,20.198170731707318,6.715141146278871,44.62,2026-08-17
BALAXI,24.21,,,,-46.98,0.92,OTHER,,,,6.1171591498185585,61.0327743902439,,41.78,2026-08-17
BALKRISHNA,17.45,-1.47,-6.48,-5.16,-20.32,0.654,CHEMICALS,-2.42,42.72882805816938,26.300578034682083,29.73043027475376,44.49314024390244,33.704020530367835,34.76,2026-08-17
BALKRISIND,2407.2,12.22,7.92,12.05,3.57,0.354,AUTO,9.96,88.23781009409753,72.83236994219652,61.94919647485744,18.864329268292682,85.11548331907613,75.19,2026-08-17
BALMLAWRIE,174.59,-1.87,-3.79,-10.25,-20.13,0.475,DIVERSIFIED,-1.62,40.290846877673225,15.762561138283681,30.11923276308968,30.163871951219512,38.30196749358426,31.32,2026-08-17
BALPHARMA,85.0,-1.98,-4.72,6.61,-1.95,0.425,PHARMA,0.04,39.69204448246364,61.360604713205866,53.13634007257646,25.381097560975608,50.68434559452524,48.73,2026-08-17
BALRAMCHIN,655.75,9.66,17.3,21.53,17.37,1.688,FMCG,9.67,84.98716852010266,84.17074255224544,77.44945567651634,85.86128048780488,84.60222412318221,83.26,2026-08-17
BALUFORGE,513.35,14.72,13.71,7.36,,4.178,CAPITAL_GOODS,17.16,90.16253207869974,63.028012449977766,,96.875,91.53122326775022,75.89,2026-08-17
BANARBEADS,111.74,-4.51,11.76,-3.01,8.15,0.066,FMCG,-4.5,29.319931565440548,32.77012005335705,69.31052358735096,1.009908536585366,24.807527801539777,36.09,2026-08-17
BANARISUG,3469.8,-0.15,-3.66,-3.73,-7.59,0.501,FMCG,-0.14,48.18220701454234,30.813694975544685,46.39709694142042,31.78353658536585,48.631308810949534,42.73,2026-08-17
BANCOINDIA,611.15,-7.57,-9.65,0.46,4.79,1.117,AUTO,-9.83,17.857142857142858,43.28590484659849,64.17833074131674,74.77134146341463,9.32420872540633,35.04,2026-08-17
BANDHANBNK,173.25,-19.2,-20.07,-10.91,4.46,0.143,BANKING,-18.87,1.6680923866552608,14.184081814139619,63.34888543286677,3.753810975609756,1.7536355859709154,17.25,2026-08-17
BANG,28.8,-1.64,-7.84,-23.95,-42.37,1.916,TEXTILES,0.32,41.638152266894785,2.667852378835038,8.398133748055987,88.7766768292683,52.908468776732256,29.3,2026-08-17
BANK10ADD,16.99,-1.96,0.41,4.75,,0.353,OTHER,-3.79,39.84174508126604,56.15829257447754,,18.71189024390244,27.053036783575706,42.98,2026-08-17
BANK10BETF,20.97,,,,,0.327,OTHER,,,,,16.539634146341463,,48.33,2026-08-17
BANKA,78.66,,,,-9.97,1.174,OTHER,,,,43.77916018662519,76.60060975609755,,50.09,2026-08-17
BANKADD,59.26,0.39,1.32,7.96,,0.274,OTHER,-1.44,51.98887938408896,64.73988439306359,,12.09984756097561,39.542343883661246,50.92,2026-08-17
BANKBARODA,246.55,-0.7,-10.46,-5.68,4.85,0.798,BANKING,-0.37,45.57313943541488,25.389061805246776,64.41161223431831,54.21112804878049,46.51411462788708,44.87,2026-08-17
BANKBEES,598.42,0.22,1.32,8.09,6.28,1.125,OTHER,-1.61,50.66295979469631,65.22899066251668,67.05546915500258,75.03810975609755,38.40889649272883,56.96,2026-08-17
BANKBETA,59.77,0.3,1.34,7.97,,0.155,OTHER,-1.53,51.43284858853722,64.78434859937751,,4.28734756097561,38.9863130881095,50.26,2026-08-17
BANKBETF,58.76,0.22,1.36,7.98,5.82,0.349,OTHER,-1.61,50.66295979469631,64.85104490884838,66.04458268532919,18.31173780487805,38.40889649272883,53.83,2026-08-17
BANKETF,587.66,0.05,1.01,7.71,6.18,0.584,OTHER,-1.78,49.57228400342173,63.85060026678524,66.7185069984448,38.738567073170735,37.36099230111206,54.2,2026-08-17
BANKIETF,59.38,0.27,1.42,8.04,6.36,0.777,OTHER,-1.56,51.17621899059025,65.051133837261,67.26283048211509,52.93445121951219,38.8366124893071,56.1,2026-08-17
BANKINDIA,143.75,0.29,-1.32,1.05,27.91,0.61,BANKING,0.62,51.34730538922155,44.619831036016,82.99637117677553,41.19664634146341,54.49101796407185,55.96,2026-08-17
BANKNIFTY1,59.89,0.07,1.15,7.58,-89.37,0.156,OTHER,-1.76,49.700598802395206,63.47265451311694,0.7257646448937273,4.3635670731707314,37.446535500427714,39.24,2026-08-17
BANKPSU,88.09,4.53,2.07,9.27,28.11,0.357,OTHER,2.7,72.45508982035929,67.65228990662516,83.25557283566614,19.264481707317074,64.77758768177931,69.6,2026-08-17
BANSALWIRE,323.75,2.36,6.27,6.51,-10.48,0.479,METAL,2.56,64.24294268605647,61.049355269008444,43.18299637117677,30.335365853658537,64.09324208725407,57.51,2026-08-17
BANSWRAS,115.47,-12.79,-13.56,-4.13,-6.88,1.077,TEXTILES,-10.82,6.009409751924722,29.524232992441085,47.12286158631415,73.5327743902439,7.570573139435415,23.72,2026-08-17
BASF,4041.2,6.56,16.73,4.82,-9.79,1.054,CHEMICALS,5.6,77.78015397775877,56.358381502890175,44.06428201140487,72.58003048780488,73.63130881094952,64.8,2026-08-17
BATAINDIA,758.1,11.61,11.67,9.22,-28.82,1.182,FMCG,11.62,87.68177929854576,67.49666518452646,20.036288232244686,76.7530487804878,86.65526090675792,68.41,2026-08-17
BATLIBOI,87.85,6.16,11.26,7.57,,0.248,CAPITAL_GOODS,8.6,76.64670658682635,63.405958203646065,,10.423018292682928,82.67750213857998,65.6,2026-08-17
BAYERCROP,4099.2,-2.91,-3.18,-5.76,-23.11,0.857,CHEMICALS,-3.86,35.97091531223268,25.21120497999111,26.334888543286677,57.58384146341463,26.79640718562874,31.06,2026-08-17
BBETF0432,1358.46,1.01,2.0,3.88,6.07,0.407,OTHER,-0.82,55.92386655260907,52.9568697198755,66.40746500777604,23.494664634146343,43.30624465355004,53.76,2026-08-17
BBL,2298.5,-14.78,-17.82,-10.35,-22.92,0.385,CAPITAL_GOODS,-12.34,4.020530367835757,15.47354379724322,26.54224987039917,21.722560975609756,5.196749358426005,12.45,2026-08-17
BBNPNBETF,58.07,0.14,0.68,7.2,6.08,1.559,OTHER,-1.69,50.128314798973484,62.38328145842596,66.45930533955418,84.22256097560977,37.87425149700599,56.32,2026-08-17
BBNPPGOLD,147.8,8.24,1.9,-2.15,50.28,0.23,OTHER,6.41,81.50128314798974,35.83815028901734,90.72058061171592,9.317835365853659,77.03165098374679,67.65,2026-08-17
BBOX,774.1,-10.8,-23.86,-11.91,,0.771,IT,-8.68,9.131736526946108,12.449977767896844,,52.6295731707317,11.826347305389222,20.71,2026-08-17
BBTC,1463.6,-1.59,-4.6,-3.89,-17.23,1.318,FMCG,-1.58,41.80923866552609,30.280124499777678,33.79989631933644,80.29725609756098,38.6869118905047,38.78,2026-08-17
BBTCL,233.35,7.11,5.48,20.13,14.89,2.377,CHEMICALS,6.16,78.87082976903336,82.5255669186305,75.53136340072577,92.14939024390245,75.89820359281437,79.33,2026-08-17
BCG,9.67,-0.62,-6.93,,-38.68,2.049,IT,1.5,45.76561163387511,,10.88646967340591,90.3201219512195,59.06757912745937,44.07,2026-08-17
BCLIND,36.36,0.66,-4.11,8.5,-9.71,3.309,FMCG,0.67,53.806672369546625,66.11827478879502,44.27164333851737,95.75076219512195,54.70487596236099,57.21,2026-08-17
BCONCEPTS,157.11,-21.11,-10.27,-29.25,-44.58,1.544,RETAIL,-20.08,1.4542343883661248,1.7341040462427744,7.20580611715915,84.03201219512195,1.4114627887082978,6.8,2026-08-17
BCPL,73.35,3.18,-3.08,-4.74,,2.06,REALTY,4.92,67.53635585970915,27.634504224099597,,90.51067073170732,72.027373823781,55.88,2026-08-17
BDL,1380.0,9.28,11.59,4.12,-6.61,2.31,DEFENCE,6.25,84.32420872540634,53.979546465095595,47.53758424053914,91.92073170731707,76.34730538922156,68.56,2026-08-17
BEARDSELL,24.87,-9.76,-14.15,-3.98,-14.12,1.327,CAPITAL_GOODS,-7.32,11.334473909324208,29.968875055580256,37.55832037325039,80.48780487804879,15.183917878528657,25.27,2026-08-17
BECTORFOOD,255.3,32.81,38.65,40.41,-81.5,0.32,FMCG,32.82,97.90419161676647,93.81947532236549,1.503369621565578,15.777439024390244,97.90419161676647,73.5,2026-08-17
BEDMUTHA,109.11,0.8,-0.59,,-19.88,0.682,METAL,1.0,54.66210436270317,,30.430274753758425,46.45579268292683,56.4585115483319,48.51,2026-08-17
BEEKAY,431.15,7.13,7.45,0.52,,0.394,METAL,7.33,78.91360136869119,43.48599377501112,,22.541920731707318,79.98289136013686,61.62,2026-08-17
BEL,412.45,1.31,1.2,-2.64,12.74,0.604,DEFENCE,-1.72,57.463644140290846,33.659404179635395,73.50959046137895,40.47256097560975,37.66039349871686,50.9,2026-08-17
BELLACASA,222.69,-8.73,-6.92,-6.88,-44.69,1.892,TEXTILES,-6.76,14.285714285714285,23.076923076923077,7.153965785381026,88.60518292682927,17.130025662959795,19.2,2026-08-17
BELRISE,236.09,2.24,-0.56,12.71,66.98,3.423,CAPITAL_GOODS,4.68,63.6869118905047,73.85504668741663,93.62363919129082,95.9984756097561,71.59965782720273,75.02,2026-08-17
BEML,1908.5,4.83,7.12,6.73,-50.62,0.984,AUTO,2.57,73.67408041060736,61.71631836371721,4.769310523587351,63.98628048780488,64.17878528656972,55.0,2026-08-17
BENARAS,10178.0,,,,,1.0,OTHER,,,,,67.64481707317073,,50.88,2026-08-17
BENGALASM,6234.5,-0.33,-3.04,-1.92,,0.391,FINANCIAL_SERVICES,1.01,47.30538922155689,36.549577590040016,,22.351371951219512,56.544054747647564,45.29,2026-08-17
BEPL,122.89,12.04,24.24,28.68,16.97,0.079,CAPITAL_GOODS,14.48,88.15226689478186,89.01734104046243,77.21617418351478,1.295731707317073,89.77758768177931,82.08,2026-08-17
BERGEPAINT,549.35,10.24,7.61,2.98,4.62,0.924,CHEMICALS,9.28,85.73567151411463,49.844375277901285,63.55624675997926,61.28048780487805,83.93926432848589,70.83,2026-08-17
BESTAGRO,18.88,21.49,18.3,10.86,-94.94,0.113,CHEMICALS,20.53,94.76047904191617,70.56469542018675,0.2592016588906169,2.34375,93.75534644995723,65.04,2026-08-17
BETA,2432.9,7.62,28.7,91.28,,0.514,PHARMA,9.64,79.81180496150556,99.51089373054691,,33.23170731707317,84.49529512403764,77.15,2026-08-17
BFINVEST,464.3,-1.96,2.77,13.95,-1.27,0.867,FINANCIAL_SERVICES,-0.62,39.84174508126604,75.8559359715429,54.01762571280456,58.231707317073166,44.24721984602224,53.26,2026-08-17
BFSI,27.31,-0.98,-0.26,4.28,1.79,6.716,OTHER,-2.81,44.56800684345594,54.55758114717653,59.486780715396584,98.39939024390245,31.971770744225836,50.85,2026-08-17
BFUTILITIE,545.65,-12.02,-12.98,1.66,-34.55,0.756,INFRASTRUCTURE,-7.62,7.18562874251497,47.02089817696754,14.152410575427682,51.79115853658537,14.328485885372114,21.84,2026-08-17
BHAGCHEM,288.75,4.2,11.21,15.94,6.69,0.977,CHEMICALS,3.24,70.87254063301968,77.67896843041352,67.54795230689477,63.60518292682927,66.8092386655261,70.94,2026-08-17
BHAGYANGR,382.5,,,,,1.587,OTHER,,,,,84.71798780487805,,51.74,2026-08-17
BHANDARI,3.03,,,,-39.64,1.0,OTHER,,,,9.849663037843442,67.64481707317073,,42.85,2026-08-17
BHARATCOAL,33.33,-9.28,-13.04,-13.23,,0.71,ENERGY,-10.72,12.70316509837468,10.404624277456648,,48.57088414634146,7.720273738237809,20.63,2026-08-17
BHARATFORG,2093.0,-0.56,4.01,9.4,86.49,0.933,AUTO,-2.82,46.129170230966636,67.8523788350378,96.26749611197512,61.68064024390244,31.886227544910177,60.23,2026-08-17
BHARATRAS,1301.0,-4.13,-9.87,-5.73,-87.42,0.969,CHEMICALS,-5.08,31.223267750213857,25.255669186305024,0.9849663037843441,63.41463414634146,22.92557741659538,24.05,2026-08-17
BHARATSE,238.44,1.86,28.82,25.77,78.33,0.498,AUTO,-0.4,61.24893071000855,87.50555802578924,95.38621047174702,31.478658536585364,46.10778443113773,70.88,2026-08-17
BHARATWIRE,192.92,-6.55,-12.74,-15.32,8.9,0.935,METAL,-6.35,20.508982035928145,7.647843485993774,69.77708657335407,61.79496951219512,18.498716852010265,28.91,2026-08-17
BHARTIARTL,1969.3,2.47,6.28,3.35,3.39,0.83,TELECOM,6.26,64.60650128314799,50.91151622943531,61.6381544841887,56.21189024390244,76.43284858853721,61.94,2026-08-17
BHARTIHEXA,1641.0,0.81,12.06,5.04,-10.8,1.405,TELECOM,4.6,54.72626176218991,56.89195197865718,42.871954380508036,81.6310975609756,71.42857142857143,56.75,2026-08-17
BHEL,435.95,0.13,13.47,9.45,106.12,1.45,FMCG,0.14,50.04277159965783,68.09693196976434,97.92638672887507,82.35518292682927,51.454234388366125,65.96,2026-08-17
BI,92.17,46.26,60.46,42.85,,16.117,HEALTHCARE,45.48,99.57228400342173,94.61983103601601,,99.92378048780488,99.3584260051326,88.41,2026-08-17
BIGBLOC,44.33,-5.76,-12.15,-22.62,-23.84,0.815,CEMENT,-1.63,23.952095808383234,3.0680302356602933,25.609123898392948,55.449695121951216,38.19503849443969,22.77,2026-08-17
BIKAJI,613.65,-4.14,-8.83,-8.28,-22.71,0.42,TEXTILES,-2.17,31.137724550898206,20.453534904401955,26.80145152928979,24.695121951219512,35.0727117194183,27.87,2026-08-17
BIL,854.9,17.29,22.73,16.34,-1.85,2.38,TEXTILES,19.26,92.53635585970915,78.03468208092485,53.240020736132706,92.1875,93.19931565440548,81.13,2026-08-17
BIMETAL,620.0,-9.05,-3.03,10.08,,2.421,AUTO,-11.31,13.494439692044482,69.1418408181414,,92.41615853658537,6.88622754491018,37.66,2026-08-17
BIOCON,412.0,-6.51,-1.07,-4.21,14.99,0.772,PHARMA,-4.49,20.765611633875107,29.012894619831037,75.58320373250389,52.724847560975604,24.850299401197603,36.0,2026-08-17
BIOFILCHEM,31.73,-5.79,-9.73,-2.79,,2.034,PHARMA,-3.77,23.7382378100941,33.12583370386839,,90.0342987804878,27.224123182207016,35.18,2026-08-17
BIRLACORPN,901.8,-12.28,-9.76,-11.47,-28.23,0.138,CEMENT,-8.15,6.6509837467921304,13.205869275233436,20.52877138413686,3.601371951219512,12.76732249786142,11.83,2026-08-17
BIRLAMONEY,129.87,-6.51,-4.91,-6.99,-27.82,0.804,FINANCIAL_SERVICES,-5.17,20.765611633875107,22.72120942641174,21.228615863141524,54.6875,22.540633019674935,23.31,2026-08-17
BIRLANU,1551.8,24.37,13.05,8.74,-17.9,0.208,REALTY,26.11,95.5945252352438,66.8297020898177,32.892690513219286,7.79344512195122,96.19332763045337,71.56,2026-08-17
BIRLAPREC,35.91,1.18,-4.95,-10.16,,1.158,CAPITAL_GOODS,3.62,56.82207014542344,15.984882169853268,,76.10518292682927,68.41317365269461,47.95,2026-08-17
BLACKBUCK,569.5,-0.8,3.1,7.31,-11.26,0.462,LOGISTICS,0.0,45.209580838323355,62.7389951089373,41.93882840850181,29.039634146341463,50.0,48.85,2026-08-17
BLAL,169.43,-6.57,-8.15,-11.14,-19.18,1.13,FINANCIAL_SERVICES,-5.23,20.402053036783578,13.694975544686528,31.41524105754277,75.1905487804878,22.348160821214712,23.96,2026-08-17
BLBLIMITED,16.03,1.65,-0.12,,1.84,4.486,FINANCIAL_SERVICES,2.99,60.00855431993156,,59.69414204250907,97.10365853658537,65.97519247219846,60.19,2026-08-17
BLIL,70.59,0.26,-1.74,-7.37,,0.805,FINANCIAL_SERVICES,1.6,51.06928999144568,22.098710538016896,,54.76371951219512,59.68776732249786,45.09,2026-08-17
BLKASHYAP,53.73,-9.22,-1.16,0.79,-21.68,0.791,INFRASTRUCTURE,-4.82,12.917023096663815,43.975100044464206,27.993779160186627,53.75381097560976,23.887938408896492,27.38,2026-08-17
BLS,272.56,14.52,3.16,7.77,-26.8,1.223,INFRASTRUCTURE,18.92,90.03421727972626,64.07292129835483,22.602384655261794,77.7248475609756,92.9213002566296,69.88,2026-08-17
BLSE,310.8,15.65,36.3,61.8,,0.286,IT,17.77,90.84687767322498,98.08803912850156,,12.88109756097561,91.91616766467065,80.75,2026-08-17
BLUECHIP,1.84,,,-5.64,,0.864,FINANCIAL_SERVICES,,,25.477990217874613,,58.04115853658537,,44.27,2026-08-17
BLUECLOUDS,21.83,,,,,1.0,OTHER,,,,,67.64481707317073,,50.88,2026-08-17
BLUEDART,5125.0,4.4,6.01,1.06,-10.02,0.097,LOGISTICS,5.2,71.79213002566296,44.68652734548688,43.701399688958006,1.753048780487805,72.54063301967494,56.01,2026-08-17
BLUEJET,593.2,0.86,16.22,37.83,-16.14,0.319,PHARMA,2.88,55.025662959794694,93.01911960871499,35.35510627268014,15.64405487804878,65.44054747647561,60.18,2026-08-17
BLUESTARCO,1508.1,-13.41,-6.99,-9.04,-19.14,1.099,FMCG,-13.4,5.218135158254919,18.852823477100934,31.46708138932089,74.16158536585365,3.9777587681779294,17.14,2026-08-17
BLUESTONE,834.65,37.91,59.96,75.59,54.02,0.121,FMCG,37.92,98.75962360992301,99.11071587372166,91.96474857439088,2.6867378048780486,98.67408041060736,92.67,2026-08-17
BLUSPRING,109.0,-7.51,18.71,60.44,37.11,0.52,POWER,-2.28,18.113772455089823,97.86571809693197,86.83255572835667,33.765243902439025,34.217279726261765,54.99,2026-08-17
BMWVENTLTD,57.62,-2.47,-3.03,-6.93,,0.482,METAL,-2.27,37.59623609923011,22.87683414851045,,30.41158536585366,34.34559452523524,35.55,2026-08-17
BNAGROCHEM,232.75,,,-19.62,,0.115,OTHER,,,4.401956425077812,,2.419969512195122,,36.22,2026-08-17
BNKETFAXIS,596.67,0.39,,,,0.147,OTHER,-1.44,51.98887938408896,,,3.9634146341463414,39.542343883661246,46.83,2026-08-17
BOHRAIND,14.01,3.17,-13.52,,-50.11,0.258,OTHER,1.34,67.49358426005134,,4.924831518921721,11.070884146341463,58.23353293413174,46.4,2026-08-17
BOMDYEING,113.89,-9.12,-14.41,-7.27,-34.4,0.581,TEXTILES,-7.15,13.216424294268606,22.321031569586484,14.282011404872991,38.56707317073171,15.739948674080411,17.35,2026-08-17
BONLON,42.02,3.14,-9.75,-11.96,,1.288,CHEMICALS,2.18,67.30111206159111,12.272120942641173,,79.57317073170732,62.08297690333618,49.91,2026-08-17
BORANA,321.1,-1.35,1.21,-0.33,49.08,0.499,TEXTILES,0.61,43.04961505560308,40.595820364606496,90.15033696215656,31.59298780487805,54.44824636441403,52.99,2026-08-17
BOROLTD,244.81,0.72,9.98,7.8,-27.36,3.445,FMCG,0.73,54.31993156544055,64.2507781236105,21.721099015033694,96.07469512195121,55.111206159110345,52.49,2026-08-17
BORORENEW,569.9,-6.88,1.02,13.93,3.63,0.405,CAPITAL_GOODS,-4.44,19.71770744225834,75.81147176522899,62.052877138413685,23.323170731707318,25.08554319931565,43.19,2026-08-17
BOROSCI,132.69,-17.47,-14.41,12.04,-4.28,0.356,CAPITAL_GOODS,-15.03,2.1813515825491874,72.78790573588262,50.44064282011404,19.16920731707317,2.9084687767322497,30.44,2026-08-17
BOSCH-HCIL,1700.4,27.64,26.16,22.71,,1.134,FMCG,27.65,96.96321642429427,85.28234771009338,,75.34298780487805,96.79213002566296,83.54,2026-08-17
BOSCHLTD,46970.0,14.25,20.3,24.46,18.88,0.746,AUTO,11.99,89.82035928143712,86.37172076478434,78.48626231207881,51.143292682926834,87.08297690333619,84.35,2026-08-17
BPCL,316.65,1.49,1.46,11.32,1.46,0.789,CHEMICALS,0.53,59.024807527801535,71.3428190306803,58.96837739761535,53.58231707317073,53.99914456800684,61.07,2026-08-17
BPL,50.15,-12.45,-7.01,-9.0,-35.94,0.825,CAPITAL_GOODS,-10.01,6.372968349016253,18.897287683414852,13.063763608087092,56.09756097560976,8.72540633019675,13.68,2026-08-17
BPLPHARMA,1307.0,,,,,1.0,OTHER,,,,,67.64481707317073,,50.88,2026-08-17
BRAHMINFRA,170.77,,,,,1.0,OTHER,,,,,67.64481707317073,,50.88,2026-08-17
BRIGADE,593.7,7.0,-17.57,-13.74,-37.12,1.259,HOSPITALITY,9.22,78.59281437125748,9.515340151178302,12.234318299637117,78.73475609756098,83.87510692899914,48.85,2026-08-17
BRIGHOTEL,61.07,-2.02,-4.4,0.23,-26.56,1.769,HOSPITALITY,0.2,39.606501283147985,42.59670964873277,22.965266977708655,86.96646341463415,51.83917878528656,41.23,2026-08-17
BRIGHTBR,231.6,,,,,1.0,OTHER,,,,,67.64481707317073,,50.88,2026-08-17
BRITANNIA,5521.0,3.96,5.82,2.13,-4.24,0.596,FMCG,3.97,70.01710863986314,47.88795020008893,50.49248315189217,39.69131097560975,69.63216424294268,59.01,2026-08-17
BRNL,17.45,-2.89,-7.87,-13.83,-13.61,0.327,INFRASTRUCTURE,1.51,36.035072711719415,9.337483325922632,38.15448418869881,16.539634146341463,59.17450812660393,32.28,2026-08-17
BSE,3332.0,-9.58,-19.95,-16.71,50.39,2.262,FINANCIAL_SERVICES,-8.24,11.847733105218134,6.491774121831925,90.77242094349404,91.57774390243902,12.617621899059026,30.4,2026-08-17
BSE500IETF,40.01,2.07,3.07,5.21,3.92,6.929,OTHER,0.24,62.532078699743366,57.38105824811027,62.62312078797304,98.58993902439023,52.0530367835757,61.49,2026-08-17
BSHSL,88.65,,,,-38.58,1.0,OTHER,,,,10.938310005184034,67.64481707317073,,43.07,2026-08-17
BSL,123.72,-1.9,0.06,-0.41,,1.235,TEXTILES,0.06,40.141146278870835,40.41796353935082,,78.23932926829268,50.85543199315654,45.69,2026-08-17
BSLGOLDETF,134.49,8.46,1.82,-2.12,51.04,1.077,OTHER,6.63,82.2284003421728,35.97154290795909,91.31674442716434,73.5327743902439,77.92985457656117,71.4,2026-08-17
BSLNIFTY,28.62,1.38,2.4,3.92,-0.28,0.809,OTHER,-0.45,58.08383233532935,53.179190751445084,55.98755832037325,54.91615853658537,45.42343883661249,54.38,2026-08-17
BSLSENETFG,78.38,0.97,1.44,3.94,-2.77,1.445,OTHER,-0.86,55.710008554319934,53.35704757670076,52.74753758424053,82.3170731707317,43.17792985457656,53.98,2026-08-17
BSOFT,310.8,7.26,-4.15,-1.15,-15.91,0.327,IT,9.38,79.21300256629597,38.8172521120498,35.82166925868325,16.539634146341463,84.1103507271172,58.04,2026-08-17
BTML,8.95,43.43,35.81,36.02,10.63,0.796,MEDIA,45.9,99.16595380667236,92.26322810137839,71.48781752203213,54.09679878048781,99.40119760479041,89.69,2026-08-17
BUILDPRO,1244.2,0.09,22.58,7.79,,0.317,RETAIL,1.12,49.786142001710864,64.20631391729657,,15.491615853658535,57.05731394354149,52.81,2026-08-17
BUTTERFLY,655.9,-14.98,4.48,-7.83,-11.08,0.391,FMCG,-14.97,3.5286569717707437,21.609604268563807,42.45723172628305,22.351371951219512,2.9512403763900767,16.69,2026-08-17
BVCL,40.53,-3.71,-3.25,-3.91,-5.3,1.028,CEMENT,0.42,32.93413173652694,30.12449977767897,49.04095386210472,71.62728658536585,53.48588537211292,40.47,2026-08-17
CALSOFT,25.83,,,,,1.0,OTHER,,,,,67.64481707317073,,50.88,2026-08-17
CAMLINFINE,114.11,-8.66,-17.59,-8.97,,9.653,PHARMA,-6.64,14.499572284003422,19.030680302356604,,99.19969512195121,17.557741659538067,27.43,2026-08-17
CAMPUS,217.92,-3.85,-6.53,-8.53,-16.65,0.137,FMCG,-3.84,32.39948674080411,19.808803912850156,34.888543286677034,3.50609756097561,26.94610778443114,27.49,2026-08-17
CAMS,776.25,3.35,-2.01,-0.99,-79.17,1.045,FINANCIAL_SERVICES,4.69,68.00684345594526,39.30635838150289,1.8144116122343183,72.21798780487805,71.66381522668948,48.35,2026-08-17
CANBK,131.1,4.13,-1.3,2.37,23.67,0.516,BANKING,4.46,70.63729683490163,48.465984882169856,80.9227579056506,33.479420731707314,71.00085543199316,65.35,2026-08-17
CANFINHOME,814.35,-9.96,-6.41,-4.14,10.07,0.629,FINANCIAL_SERVICES,-8.62,10.949529512403764,29.47976878612717,71.12493519958528,42.49237804878049,11.976047904191617,29.35,2026-08-17
CANHLIFE,148.9,-3.03,6.85,9.95,,0.078,FINANCIAL_SERVICES,-1.69,35.47904191616767,68.74166296131614,,1.2385670731707317,37.87425149700599,45.35,2026-08-17
CANTABIL,236.3,-7.65,7.24,4.59,-8.57,0.707,TEXTILES,-5.68,17.57912745936698,55.646954201867494,45.41213063763608,48.38033536585366,20.70145423438837,34.67,2026-08-17
CAPACITE,211.89,-6.86,-10.61,-8.55,-28.23,0.326,INFRASTRUCTURE,-2.46,19.84602224123182,19.74210760337928,20.52877138413686,16.38719512195122,33.40461933276305,21.82,2026-08-17
CAPILLARY,525.55,6.32,5.41,-0.17,,0.093,IT,8.44,77.03165098374679,41.129390840373496,,1.5815548780487805,82.18562874251496,59.65,2026-08-17
CAPITALSFB,281.55,-5.95,-4.54,1.68,-5.22,0.281,BANKING,-5.62,23.075278015397778,47.08759448643842,49.196474857439085,12.557164634146343,20.851154833190762,33.44,2026-08-17
CAPLIPOINT,2522.0,-5.6,6.06,26.18,20.99,0.917,PHARMA,-3.58,24.443969204448244,87.86127167630057,79.93779160186625,60.89939024390244,28.122326775021385,53.77,2026-08-17
CARBORUNIV,1122.7,3.45,5.37,1.84,24.29,0.772,CAPITAL_GOODS,5.89,68.30624465355004,47.265451311694086,81.33748055987559,52.724847560975604,74.76475620188195,65.84,2026-08-17
CARERATING,1707.0,2.02,4.08,-5.19,8.35,1.828,FINANCIAL_SERVICES,3.36,62.125748502994014,26.16718541574033,69.51788491446345,88.07164634146342,67.27972626176218,56.68,2026-08-17
CARRARO,513.45,-9.87,-4.2,-9.93,21.18,0.459,AUTO,-12.13,11.1633875106929,16.94086260560249,79.98963193364438,28.56326219512195,5.560307955517536,26.4,2026-08-17
CARTRADE,2796.9,-0.56,17.33,53.27,17.38,0.156,RETAIL,0.47,46.129170230966636,96.84304135171186,77.52721617418351,4.3635670731707314,53.76390076988879,64.14,2026-08-17
CARYSIL,1155.8,-5.8,-2.18,25.84,35.94,1.125,FMCG,-5.79,23.652694610778443,87.59448643841708,86.26231207879731,75.03810975609755,20.42343883661249,54.24,2026-08-17
CASHIETF,1075.6,0.43,0.84,1.25,4.91,0.404,OTHER,-1.4,52.65183917878529,45.53134726545131,64.64489372731985,23.227896341463413,40.33361847733105,49.95,2026-08-17
CASTROLIND,187.55,1.59,1.15,3.37,-6.64,0.459,ENERGY,0.15,59.55945252352438,51.022676745220096,47.38206324520477,28.56326219512195,51.51839178785287,52.23,2026-08-17
CCAVENUE,15.21,-12.79,6.29,11.18,,0.487,FINANCIAL_SERVICES,-11.45,6.009409751924722,71.00933748332592,,30.773628048780488,6.58682634730539,32.38,2026-08-17
CCCL,15.59,-4.94,4.77,4.63,-15.23,0.394,REALTY,-3.2,27.395209580838326,55.82481102712317,36.340072576464486,22.541920731707318,30.047048759623614,36.45,2026-08-17
CCHHL,12.55,-3.31,-5.64,-7.99,-32.96,0.706,HOSPITALITY,-1.09,34.302822925577416,20.942641173855048,15.603939865215139,48.208841463414636,42.130025662959795,29.09,2026-08-17
CCL,1130.4,-5.48,0.84,1.26,30.21,0.515,FMCG,-5.47,25.149700598802394,45.775900400177854,83.92949714878175,33.34603658536585,21.535500427716,41.93,2026-08-17
CDSL,1356.8,-3.81,7.34,14.33,-9.07,0.91,REALTY,-2.07,32.57057313943542,76.2338817252112,45.04924831518922,60.49923780487805,35.52181351582549,47.82,2026-08-17
CEATLTD,3608.5,-5.77,5.37,12.34,18.73,0.38,AUTO,-8.03,23.887938408896492,73.18808359270787,78.43442198030067,21.227134146341463,13.17365269461078,45.38,2026-08-17
CEIGALL,315.95,-10.01,-14.69,-8.53,27.97,0.649,INFRASTRUCTURE,-5.61,10.714285714285714,19.808803912850156,83.04821150855366,44.05487804878049,20.9153122326775,30.65,2026-08-17
CEINSYS,782.65,-13.96,-17.71,-17.35,,1.149,IT,-11.84,4.918733960650128,6.09159626500667,,75.8765243902439,6.159110350727117,17.96,2026-08-17
CELEBRITY,6.8,-6.59,-8.11,-13.04,-45.21,1.841,TEXTILES,-4.62,20.35928143712575,10.715873721654068,6.842923794712286,88.31935975609755,24.615055603079554,19.28,2026-08-17
CELLO,369.6,-0.27,-5.16,-6.9,-31.98,0.187,FMCG,-0.26,47.604790419161674,23.032458870609158,16.329704510108865,6.364329268292683,47.26261762189906,33.09,2026-08-17
CEMNTGROWW,15.09,,,,,0.558,OTHER,,,,,36.75685975609756,,49.34,2026-08-17
CEMPRO,1321.8,-17.55,13.73,46.94,,1.498,INFRASTRUCTURE,-13.15,2.1385799828913603,95.59804357492219,,83.44131097560977,4.1060735671514115,39.44,2026-08-17
CENTENKA,572.6,5.31,14.41,32.01,14.14,0.213,TEXTILES,7.28,74.78614200171087,90.72921298354825,74.96111975116641,8.003048780487806,79.79041916167665,76.22,2026-08-17
CENTEXT,21.93,19.77,8.4,9.7,2.72,2.121,METAL,19.97,93.88366124893071,68.34148510449089,60.756868843960596,90.8155487804878,93.49871685201026,80.66,2026-08-17
CENTRALBK,31.27,-4.11,-2.28,-8.43,-10.25,0.598,BANKING,-3.78,31.330196749358425,20.142285460204533,43.33851736651115,39.90091463414634,27.138579982891358,30.73,2026-08-17
CENTRUM,24.3,-1.06,9.91,3.45,,1.455,FINANCIAL_SERVICES,0.28,44.3327630453379,51.31169408626056,,82.54573170731707,52.609067579127455,50.36,2026-08-17
CENTUM,3362.6,-9.7,-7.31,11.68,23.21,4.186,CAPITAL_GOODS,-7.26,11.420017108639863,72.07647843485994,80.66355624675998,96.91310975609755,15.312232677502138,45.29,2026-08-17
CENTURYPLY,750.7,-4.85,-0.17,-2.16,1.5,0.395,REALTY,-3.11,27.822925577416598,35.771453979546465,59.04613789528253,22.63719512195122,30.624465355004276,36.22,2026-08-17
CERA,5787.0,-5.39,-6.78,2.69,-8.32,0.457,REALTY,-3.65,25.36355859709153,49.24410849266341,45.619491964748576,28.296493902439025,27.80153977758768,35.9,2026-08-17
CESC,170.22,2.54,-1.18,-5.48,5.31,1.744,POWER,7.77,65.01283147989734,25.700311249444198,65.4224987039917,86.69969512195121,80.71000855431993,58.71,2026-08-17
CEWATER,275.0,-13.98,-9.39,-5.07,-50.15,4.023,INFRASTRUCTURE,-9.58,4.875962360992301,26.589595375722542,4.872991187143598,96.72256097560977,9.816082121471343,15.64,2026-08-17
CFEL,30.16,,,,,1.0,OTHER,,,,,67.64481707317073,,50.88,2026-08-17
CGCL,226.24,-12.61,3.84,22.29,18.6,0.659,FINANCIAL_SERVICES,-11.27,6.223267750213858,84.92663405958204,78.33074131674442,44.96951219512195,6.95038494439692,42.37,2026-08-17
CGPOWER,898.8,-2.51,-4.45,7.23,33.89,0.57,IT,-0.39,37.46792130025663,62.4722098710538,85.58838776568169,37.74771341463415,46.364414029084685,54.69,2026-08-17
CGVAK,152.0,,,,,1.0,OTHER,,,,,67.64481707317073,,50.88,2026-08-17
CHALET,844.7,-3.13,11.67,7.65,-16.13,0.922,HOSPITALITY,-0.91,34.96578272027374,63.78390395731436,35.40694660445827,61.16615853658537,42.857142857142854,44.75,2026-08-17
CHAMBLFERT,439.05,-3.8,-10.4,-2.41,-20.56,0.881,CHEMICALS,-4.76,32.634730538922156,34.5709204090707,29.28978745463971,59.03201219512195,24.144568006843457,32.5,2026-08-17
CHEMBOND,172.41,,,,,1.0,OTHER,,,,,67.64481707317073,,50.88,2026-08-17
CHEMCRUX,86.63,,,,,1.0,OTHER,,,,,67.64481707317073,,50.88,2026-08-17
CHEMFAB,366.95,,,,-45.55,1.0,OTHER,,,,6.635562467599793,67.64481707317073,,42.21,2026-08-17
CHEMICAL,30.81,1.42,3.88,5.41,,0.884,OTHER,-0.41,58.38323353293413,58.29257447754558,,59.33689024390244,45.808383233532936,54.85,2026-08-17
CHEMPLASTS,181.73,-8.21,-11.23,-20.77,-56.81,0.153,CHEMICALS,-9.17,15.868263473053892,3.646064917741218,3.576982892690513,4.211128048780488,10.735671514114628,9.0,2026-08-17
CHENNPETRO,1382.4,11.41,16.82,37.01,112.71,0.793,METAL,11.61,87.42514970059881,92.75233437083148,98.2374287195438,53.90625,86.59110350727117,89.12,2026-08-17
CHEVIOT,1161.5,2.65,6.21,-2.8,-5.6,0.164,TEXTILES,4.62,65.46193327630453,33.08136949755447,48.52255054432349,4.782774390243903,71.49272882805818,51.85,2026-08-17
CHOICEGOLD,152.08,8.63,1.97,-1.09,,0.426,OTHER,6.8,82.95551753635586,39.061805246776345,,25.45731707317073,78.9349871685201,61.91,2026-08-17
CHOICEIN,803.8,-0.35,13.26,21.01,0.13,0.426,INFRASTRUCTURE,4.05,47.13430282292558,83.63717207647844,57.02436495593572,25.45731707317073,69.803250641574,60.55,2026-08-17
CHOLAFIN,1884.7,5.34,12.16,21.88,27.67,0.509,FINANCIAL_SERVICES,6.68,74.91445680068435,84.59315251222765,82.76308968377397,32.698170731707314,78.27202737382379,77.3,2026-08-17
CHOLAHLDNG,1576.4,0.82,-0.34,-4.92,-11.66,0.624,FINANCIAL_SERVICES,2.16,54.81180496150556,27.078701645175634,40.97978227060653,42.20655487804878,61.93327630453379,45.55,2026-08-17
CIEINDIA,411.3,-12.97,-12.37,-10.73,6.33,0.224,AUTO,-15.23,5.816937553464499,14.695420186749667,67.13322965266978,8.765243902439025,2.7159965782720277,19.98,2026-08-17
CIFL,20.94,-5.21,-15.9,-24.97,-38.83,0.252,FINANCIAL_SERVICES,-3.87,26.34730538922156,2.401067140951534,10.679108346293416,10.689786585365853,26.71086398631309,16.5,2026-08-17
CINELINE,88.49,16.45,11.07,10.5,-1.75,0.421,MEDIA,18.92,91.57399486740803,70.03112494441974,53.39554173146708,24.885670731707318,92.9213002566296,75.42,2026-08-17
CINEVISTA,14.8,-1.6,-3.46,-6.51,,1.073,MEDIA,0.87,41.74508126603935,23.877278790573587,,73.30411585365853,55.8169375534645,42.62,2026-08-17
CIPLA,1431.5,0.14,4.25,-0.04,-9.39,0.583,PHARMA,2.16,50.128314798973484,41.57403290351267,44.60860549507517,38.681402439024396,61.93327630453379,48.08,2026-08-17
CLEAN,840.0,9.33,7.25,9.57,-25.96,0.815,CHEMICALS,8.38,84.40975192472199,68.20809248554913,23.587350959046137,55.449695121951216,81.90761334473909,66.37,2026-08-17
CLEANMAX,1239.9,-3.79,-4.53,-3.88,,0.203,POWER,1.44,32.67750213857998,30.346820809248555,,7.545731707317073,58.76817792985458,38.22,2026-08-17
CLSEL,281.6,0.86,-4.57,4.61,-1.23,0.312,AGRICULTURE,-3.67,55.025662959794694,55.73588261449534,54.17314670813893,15.091463414634147,27.71599657827203,48.94,2026-08-17
CMLL,515.35,,,,,0.098,OTHER,,,,,1.8483231707317072,,47.59,2026-08-17
CMPDI,235.18,-10.94,-9.02,1.14,,0.657,INFRASTRUCTURE,-6.54,8.810949529512403,44.931080480213424,,44.77896341463415,17.899914456800683,29.24,2026-08-17
CMRGREEN,214.92,-3.45,-8.08,,,0.961,OTHER,-5.28,33.61847733105218,,,63.14786585365854,22.19846022241232,40.75,2026-08-17
CMSINFO,254.35,-5.13,-13.97,-16.04,-41.24,1.864,FINANCIAL_SERVICES,-3.79,26.817792985457658,7.158737216540685,8.864696734059098,88.45274390243902,27.053036783575706,21.43,2026-08-17
CNL,1252.1,36.48,76.94,96.58,,0.08,RETAIL,37.51,98.54576561163387,99.68875055580257,,1.333841463414634,98.58853721129171,84.27,2026-08-17
COALINDIA,408.45,-4.42,-9.42,-11.63,9.67,0.722,ENERGY,-5.86,29.769033361847736,12.916851934192975,70.60653188180405,49.46646341463415,20.102651839178783,33.26,2026-08-17
COASTCORP,41.75,-22.11,-18.73,-32.94,30.18,0.417,CAPITAL_GOODS,-19.67,1.2403763900769889,1.2894619831036016,83.87765681700363,24.390243902439025,1.5825491873396065,18.99,2026-08-17
COCHINSHIP,1457.8,3.62,1.83,-8.57,-11.21,1.898,DEFENCE,0.59,68.77673224978615,19.697643397065363,42.04250907205806,88.64329268292683,54.34131736526946,49.99,2026-08-17
COCKERILL,8419.0,-9.11,-9.31,59.45,,0.872,CAPITAL_GOODS,-6.67,13.259195893926432,97.73232547799023,,58.63185975609756,17.40804106073567,44.62,2026-08-17
COFORGE,1806.0,17.99,23.29,40.86,3.83,0.34,IT,20.11,92.81437125748504,94.04179635393508,62.415759460860556,17.378048780487802,93.5414884516681,83.38,2026-08-17
COHANCE,444.75,0.68,2.86,5.09,-49.51,1.605,PHARMA,2.7,53.95637296834902,57.13650511338373,4.976671850699844,85.02286585365853,64.77758768177931,48.13,2026-08-17
COLPAL,1964.0,-1.85,-6.34,-9.07,-14.01,0.322,FMCG,-1.84,40.41916167664671,18.786127167630056,37.73976153447382,16.04420731707317,36.74080410607357,32.7,2026-08-17
COMFINTE,6.53,18.08,11.24,-16.28,,0.435,FMCG,18.09,92.85714285714286,6.825255669186305,,26.54344512195122,92.34388366124892,59.39,2026-08-17
COMMOIETF,100.24,0.43,-1.59,-3.58,13.82,2.617,OTHER,-1.4,52.65183917878529,31.169408626056022,74.67599792638673,93.4451219512195,40.33361847733105,51.88,2026-08-17
COMPEAU,351.1,,,,,1.0,OTHER,,,,,67.64481707317073,,50.88,2026-08-17
COMPUSOFT,13.29,1.22,-4.32,-1.56,-31.21,0.554,HEALTHCARE,0.44,57.18562874251497,37.794575366829704,17.210990150336965,36.37576219512195,53.635585970915315,42.77,2026-08-17
COMSYN,281.69,49.96,77.31,84.06,108.92,0.27,AUTO,47.7,99.7005988023952,99.28857269897733,98.08190772420944,11.833079268292684,99.61505560307955,94.87,2026-08-17
CONCOR,524.5,6.98,13.2,1.1,-0.75,0.249,LOGISTICS,7.78,78.52865697177074,44.86438417074255,54.74339035769829,10.49923780487805,80.75278015397775,62.29,2026-08-17
CONCORDBIO,1515.0,12.56,10.2,33.44,-11.2,3.341,PHARMA,14.58,88.45166809238665,91.24055135615829,42.120269569725245,95.84603658536585,89.86313088109496,80.46,2026-08-17
CONFIPET,72.55,-3.95,4.15,17.76,49.87,0.293,ENERGY,-5.39,31.886227544910177,80.03557136505114,90.56505961638155,13.414634146341465,21.79213002566296,53.22,2026-08-17
CONS,12.51,4.25,6.2,7.11,-89.95,0.393,OTHER,2.42,71.00085543199316,62.249888839484214,0.6220839813374806,22.484756097560975,63.216424294268606,51.14,2026-08-17
CONSUMAXIS,124.73,3.9,,,,0.068,OTHER,2.07,69.73909324208726,,,1.1432926829268293,61.377245508982035,56.17,2026-08-17
CONSUMBEES,135.23,4.3,6.08,7.12,-0.1,0.613,OTHER,2.47,71.27887082976903,62.29435304579813,56.24675997926387,41.5015243902439,63.64414029084687,63.39,2026-08-17
CONSUMER,12.28,4.6,9.35,13.08,1.66,2.08,OTHER,2.77,72.69033361847733,74.34415295686972,59.305339554173145,90.66310975609755,65.01283147989734,70.17,2026-08-17
CONSUMIETF,125.44,4.01,5.86,6.56,-0.02,0.146,OTHER,2.18,70.31650983746792,61.16051578479325,56.50596163815449,3.90625,62.08297690333618,60.71,2026-08-17
CONTROLPR,569.7,-12.12,-7.6,-9.63,-26.19,0.233,IT,-10.0,6.993156544054748,17.518897287683416,23.35406946604458,9.527439024390244,8.78956372968349,13.29,2026-08-17
CORALFINAC,34.28,7.16,6.53,5.51,-20.54,2.801,REALTY,8.9,78.97775876817794,58.47043130280124,29.367547952306893,94.01676829268293,83.3190761334474,65.33,2026-08-17
CORDELIA,823.2,0.68,,,,5.086,OTHER,-1.15,53.95637296834902,,,97.59908536585365,41.89478186484175,52.55,2026-08-17
COROMANDEL,2097.9,3.74,1.85,12.44,-11.56,0.881,INFRASTRUCTURE,8.14,69.16167664670658,73.36594041796354,41.264904095386214,59.03201219512195,81.60821214713431,65.99,2026-08-17
CORONA,2113.1,2.33,20.71,18.89,,0.222,PHARMA,4.35,64.07185628742515,81.14717652289907,,8.631859756097562,70.63729683490163,63.74,2026-08-17
COSMOFIRST,964.85,13.99,28.17,26.94,-4.12,1.258,CHEMICALS,13.04,89.43541488451669,88.21698532681191,50.75168481078279,78.67759146341463,88.40889649272883,80.7,2026-08-17
CPCAP,130.32,,,,-9.39,0.349,OTHER,,,,44.60860549507517,18.31173780487805,,47.34,2026-08-17
CPEDU,208.11,8.74,13.73,11.85,,0.266,HEALTHCARE,7.96,83.25491873396065,72.63228101378391,,11.547256097560975,81.03079555175363,70.03,2026-08-17
CPL,68.46,,,,,2.371,OTHER,,,,,92.11128048780488,,52.11,2026-08-17
CPPLUS,3343.1,-12.02,-1.0,35.66,160.57,2.927,CAPITAL_GOODS,-9.58,7.18562874251497,92.08537127612271,99.58527734577501,94.66463414634147,9.816082121471343,51.66,2026-08-17
CPSEETF,93.76,-1.85,-3.76,-11.46,5.87,1.497,OTHER,-3.68,40.41916167664671,13.250333481547354,66.09642301710731,83.38414634146342,27.673224978614204,39.0,2026-08-17
CRAFTSMAN,10480.0,15.15,12.37,23.84,46.41,0.76,AUTO,12.89,90.54747647562019,86.0827034237439,89.47641264904095,52.076981707317074,88.19503849443969,86.94,2026-08-17
CRAMC,253.95,-1.53,1.21,5.61,,0.197,FINANCIAL_SERVICES,-0.19,42.34388366124893,58.803912850155626,,7.145579268292683,47.946963216424294,47.07,2026-08-17
CRAVATEX,350.0,,,,,1.0,OTHER,,,,,67.64481707317073,,50.88,2026-08-17
CREATIVEYE,6.21,3.67,-7.17,-12.41,,0.164,MEDIA,6.14,68.88366124893071,11.69408626056025,,4.782774390243903,75.72711719418305,48.63,2026-08-17
CREDITACC,1538.6,2.91,9.31,16.99,12.88,0.121,FINANCIAL_SERVICES,4.25,66.40290846877673,79.12405513561583,73.66511145671333,2.6867378048780486,70.42343883661249,68.45,2026-08-17
CREST,355.3,-4.01,-9.15,-2.5,-5.43,0.352,FINANCIAL_SERVICES,-2.67,31.67236954662104,34.1929746554024,48.781752203214104,18.578506097560975,32.698887938408895,35.22,2026-08-17
CRISIL,4488.3,6.08,11.07,8.48,-11.88,0.348,FINANCIAL_SERVICES,7.42,76.30453378956373,66.02934637616718,40.642820114048725,18.140243902439025,80.11120615911035,64.27,2026-08-17
CRIZAC,176.19,-6.72,-17.94,-16.14,-47.48,0.453,RETAIL,-5.69,20.102651839178783,7.025344597598933,5.857957490927942,27.934451219512198,20.65868263473054,14.46,2026-08-17
CROMPTON,246.5,-5.3,-6.88,-18.36,-24.14,0.246,FMCG,-5.29,25.791274593669804,5.157847932414406,25.298081907724207,10.308689024390244,22.134302822925576,19.21,2026-08-17
CROWN,107.04,-5.86,-5.23,-16.25,-32.87,0.404,CAPITAL_GOODS,-3.42,23.396065012831478,6.91418408181414,15.759460860549506,23.227896341463413,28.97775876817793,18.58,2026-08-17
CRSL,2.11,,,,,1.0,OTHER,,,,,67.64481707317073,,50.88,2026-08-17
CSBBANK,319.95,-12.47,-13.37,-10.79,-17.87,0.304,BANKING,-12.14,6.330196749358426,14.584259670964872,33.022291342664595,14.557926829268292,5.5175363558597095,14.02,2026-08-17
CSLFINANCE,219.55,2.15,-4.08,-4.55,-25.0,1.475,FINANCIAL_SERVICES,3.49,63.045337895637296,28.10137839039573,24.364955935717987,83.1173780487805,67.70744225834046,48.28,2026-08-17
CSM,100.37,-5.53,,,,0.321,OTHER,-7.36,24.76475620188195,,,15.910823170731708,15.07698887938409,34.22,2026-08-17
CTE,40.77,30.38,30.17,,,0.519,IT,32.5,97.51924721984602,,,33.708079268292686,97.77587681779298,72.98,2026-08-17
CUB,215.2,-2.57,4.75,-14.14,6.24,0.861,BANKING,-2.24,37.16852010265184,8.915073365940419,66.87402799377917,57.869664634146346,34.58083832335329,36.69,2026-08-17
CUBEXTUB,83.22,5.46,-3.85,-18.32,,1.426,METAL,5.66,75.2994011976048,5.202312138728324,,82.01219512195121,73.90932420872541,52.84,2026-08-17
CUMMINSIND,5450.0,-2.54,-4.78,1.08,42.06,1.075,CAPITAL_GOODS,-0.1,37.382378100940976,44.77545575811472,88.12856402280974,73.4375,48.88793840889649,52.91,2026-08-17
CUPID,267.32,25.51,62.12,122.1,57.28,1.741,FMCG,25.52,96.15055603079556,99.82214317474433,92.431311560394,86.66158536585365,96.02224123182206,95.83,2026-08-17
CURAA,71.0,-8.29,-18.01,,,0.381,OTHER,-10.12,15.67579127459367,,,21.284298780487802,8.597091531223269,30.34,2026-08-17
CYBERMEDIA,16.62,,,,3.88,1.0,OTHER,,,,62.57128045619492,67.64481707317073,,53.4,2026-08-17
CYIENT,868.0,0.99,-4.37,-0.31,-27.82,0.466,IT,3.11,55.8169375534645,40.64028457092041,21.228615863141524,29.458841463414636,66.3601368691189,45.37,2026-08-17
CYIENTDLM,737.45,25.65,57.34,77.17,72.18,0.505,CAPITAL_GOODS,28.09,96.23609923011121,99.19964428634948,94.91964748574391,32.27896341463415,96.92044482463645,93.62,2026-08-17
DABUR,406.8,-5.27,-6.58,-13.02,-22.13,0.637,FMCG,-5.26,25.91958939264328,10.782570031124944,27.319854847071024,43.10213414634146,22.241231822070144,22.72,2026-08-17
DAICHI,329.9,,15.94,27.84,,1.803,CHEMICALS,,,88.6616273899511,,87.38567073170732,,61.53,2026-08-17
DALBHARAT,1844.0,0.75,7.86,6.74,-21.8,0.666,FMCG,0.76,54.42686056458511,61.760782570031125,27.682737169517885,45.5030487804878,55.28229255774166,50.59,2026-08-17
DALMIASUG,459.6,26.35,35.4,34.35,23.76,1.632,FMCG,26.36,96.49272882805818,91.64072921298356,81.07827890098497,85.28963414634147,96.36441402908468,91.62,2026-08-17
DAMCAPITAL,146.39,-14.14,-4.06,-4.16,-34.42,0.836,FINANCIAL_SERVICES,-12.8,4.555175363558598,29.27967985771454,14.204250907205807,56.45960365853659,4.619332763045338,15.27,2026-08-17
DANGEE,2.94,-6.07,-6.67,-10.09,,0.463,FMCG,-6.06,22.647562018819503,16.496220542463316,,29.115853658536583,19.6535500427716,26.45,2026-08-17
DATAMATICS,852.35,0.28,6.98,14.9,-14.62,0.505,IT,2.4,51.2617621899059,76.878612716763,37.27319854847071,32.27896341463415,63.130881094952954,55.7,2026-08-17
DATAPATTNS,4528.7,9.33,1.15,16.82,80.74,0.354,DEFENCE,6.3,84.40975192472199,78.74610938194753,95.64541213063764,18.864329268292682,76.71086398631309,80.81,2026-08-17
DAVANGERE,3.2,-8.83,-12.57,-17.74,-3.32,0.778,FMCG,-8.82,14.114627887082975,5.713650511338372,51.788491446345255,53.0297256097561,11.248930710008555,21.07,2026-08-17
DBCORP,212.13,0.72,2.33,1.63,-20.39,0.195,MEDIA,3.19,54.31993156544055,46.865273454868834,29.652669777086572,6.897865853658537,66.61676646706587,47.0,2026-08-17
DBL,419.6,2.75,-3.12,-4.96,-10.96,0.127,INFRASTRUCTURE,7.15,65.73994867408041,26.856380613606046,42.66459305339554,3.1059451219512195,79.55517536355859,50.34,2026-08-17
DBOL,121.08,,,,42.36,2.554,OTHER,,,,88.28408501814413,93.10213414634147,,59.81,2026-08-17
DBREALTY,108.51,,,-7.82,-35.91,1.867,OTHER,,,21.654068474877725,13.115603939865213,88.49085365853658,,37.46,2026-08-17
DCAL,175.83,-9.42,-0.18,-9.48,,8.157,PHARMA,-7.4,12.403763900769889,17.78568252556692,,98.8185975609756,14.841745081266039,25.95,2026-08-17
DCBBANK,184.09,-1.22,0.2,0.29,50.75,0.361,BANKING,-0.89,43.627031650983746,42.7967985771454,90.97978227060653,19.683689024390244,42.89991445680069,51.58,2026-08-17
DCI,382.35,40.44,,,54.94,2.187,OTHER,38.61,98.97348160821214,,92.12026956972524,91.08231707317073,98.80239520958084,84.94,2026-08-17
DCMFINSERV,5.55,,,,,0.448,OTHER,,,,,27.34375,,48.87,2026-08-17
DCMNVL,173.83,,,12.85,5.89,0.331,OTHER,,,74.0329035126723,66.14826334888542,16.920731707317074,,57.58,2026-08-17
DCMSHRIRAM,1018.4,0.11,-2.81,-9.65,-18.05,0.522,DIVERSIFIED,0.36,49.93584260051326,17.474433081369497,32.68532918610679,33.974847560975604,53.207869974337044,38.06,2026-08-17
DCMSIL,74.26,,,,,1.0,OTHER,,,,,67.64481707317073,,50.88,2026-08-17
DCMSRIND,45.73,15.02,17.77,12.52,-71.08,3.068,DIVERSIFIED,15.27,90.37639007698888,73.49933303690528,2.436495593571799,95.0076219512195,90.37639007698888,68.8,2026-08-17
DCW,44.26,-5.69,-8.31,-5.65,-40.88,0.838,CHEMICALS,-6.64,24.123182207014544,25.43352601156069,9.07205806117159,56.669207317073166,17.557741659538067,22.08,2026-08-17
DCXINDIA,173.32,-9.09,-7.92,-11.25,-32.65,0.607,DEFENCE,-12.12,13.366124893071001,13.561582925744775,15.966822187662,40.83460365853659,5.603079555175364,14.14,2026-08-17
DDEVPLSTIK,269.3,-6.17,6.26,11.42,-12.96,0.883,CHEMICALS,-7.12,22.112917023096664,71.40951534015117,39.243131156039404,59.26067073170732,15.846877673224979,38.78,2026-08-17
DECCANCE,544.0,-6.64,-5.8,-13.06,-47.94,0.257,CEMENT,-2.51,20.273738237810093,10.649177412183192,5.67651632970451,10.95655487804878,33.08383233532935,16.4,2026-08-17
DECNGOLD,239.9,21.12,18.91,95.57,,1.4,METAL,21.32,94.69632164242942,99.64428634948867,,81.49771341463415,94.3541488451668,86.28,2026-08-17
DEEDEV,650.55,,,29.75,140.23,2.283,OTHER,,,89.59537572254335,99.06687402799378,91.76829268292683,,71.8,2026-08-17
DEEP,36.01,,,,,1.0,OTHER,,,,,67.64481707317073,,50.88,2026-08-17
DEEPAKFERT,1502.7,-6.15,-2.1,13.97,3.37,0.507,CHEMICALS,-7.1,22.177074422583402,75.94486438417074,61.53447382063245,32.545731707317074,16.0393498716852,43.09,2026-08-17
DEEPAKNTR,1780.5,2.22,8.48,-2.51,-3.42,1.047,CHEMICALS,1.27,63.5158254918734,34.148510449088484,51.632970451010884,72.3704268292683,57.805816937553466,53.38,2026-08-17
DEEPINDS,680.7,43.43,37.45,52.76,27.88,0.304,ENERGY,41.99,99.16595380667236,96.6651845264562,82.94453084499742,14.557926829268292,99.0590248075278,91.05,2026-08-17
DEFENCE,82.69,6.52,8.36,10.99,,1.787,OTHER,4.69,77.63045337895637,70.78701645175633,,87.27134146341463,71.66381522668948,69.98,2026-08-17
DELHIVERY,456.0,-8.18,1.04,-4.15,-4.7,0.341,LOGISTICS,-7.38,15.97519247219846,29.390840373499334,49.71487817522032,17.473323170731707,15.012831479897349,26.01,2026-08-17
DELTACORP,60.18,-7.57,-8.49,-13.22,-30.2,0.61,HOSPITALITY,-5.35,17.857142857142858,10.449088483770565,18.35147744945568,41.19664634146341,22.005988023952096,17.89,2026-08-17
DELTAMAGNT,59.08,0.6,2.32,-3.35,,0.131,CAPITAL_GOODS,3.04,53.57142857142857,31.79190751445087,,3.315548780487805,66.0393498716852,46.77,2026-08-17
DEN,27.78,-1.52,-4.04,6.36,-22.34,0.888,MEDIA,0.95,42.38665526090676,60.62694530902624,27.16433385173665,59.45121951219512,56.24465355004277,46.83,2026-08-17
DENORA,830.55,-7.31,2.24,17.73,-2.98,0.268,CAPITAL_GOODS,-4.87,18.926432848588536,79.99110715873722,52.4364955935718,11.661585365853659,23.716852010265185,41.25,2026-08-17
DENTA,287.05,-12.67,6.63,9.25,-27.47,0.91,IT,-10.55,6.094952951240376,67.54112939084037,21.513737687921203,60.49923780487805,7.998289136013686,27.55,2026-08-17
DEVIT,26.02,-8.41,-6.5,-9.5,-37.42,0.23,IT,-6.29,15.226689478186483,17.741218319253,11.923276308968378,9.317835365853659,18.64841745081266,15.41,2026-08-17
DEVX,32.88,-3.83,-10.02,-18.45,,0.461,OTHER,-5.66,32.50641573994867,5.024455313472655,,28.92530487804878,20.744225834046194,27.19,2026-08-17
DEVYANI,143.65,30.07,25.81,21.65,-17.49,0.411,HOSPITALITY,32.29,97.45508982035929,84.34859937750112,33.51477449455677,23.932926829268293,97.69033361847733,77.75,2026-08-17
DGCONTENT,24.33,-8.53,-10.75,-13.35,,0.384,MEDIA,-6.06,14.948674080410607,10.071142730102267,,21.49390243902439,19.6535500427716,21.77,2026-08-17
DHABRIYA,504.35,,,,,1.0,OTHER,,,,,67.64481707317073,,50.88,2026-08-17
DHAMPURSUG,170.87,19.06,18.17,20.64,33.71,2.563,FMCG,19.07,93.45594525235244,83.28145842596709,85.53654743390358,93.21646341463415,93.07100085543199,89.26,2026-08-17
DHANBANK,32.39,-5.01,-0.09,3.81,23.48,0.541,BANKING,-4.68,27.11719418306245,52.690084481991995,80.81907724209435,35.49923780487805,24.5295124037639,44.28,2026-08-17
DHANUKA,997.0,-4.18,-7.39,-7.98,-37.69,0.347,CHEMICALS,-5.14,30.902480752780153,21.05380168963984,11.715914981855883,18.025914634146343,22.647562018819503,22.72,2026-08-17
DHARMAJ,269.25,3.54,-3.49,1.53,,0.281,CHEMICALS,2.58,68.562874251497,46.554024010671405,,12.557164634146343,64.26432848588537,55.9,2026-08-17
DHATRE,4.26,,,,,1.0,OTHER,,,,,67.64481707317073,,50.88,2026-08-17
DHOOTTRANS,1187.05,,,,,1.0,OTHER,,,,,67.64481707317073,,50.88,2026-08-17
DHRUV,25.14,,,,,1.473,OTHER,,,,,83.07926829268293,,51.65,2026-08-17
DHUNINV,1014.65,5.52,20.79,18.02,-30.17,1.146,FINANCIAL_SERVICES,6.86,75.42771599657827,80.30235660293464,18.4033177812338,75.80030487804879,79.06330196749359,65.81,2026-08-17
DIAMINESQ,235.85,-10.82,-4.8,-14.42,-35.09,0.77,CHEMICALS,-11.78,9.067579127459368,8.626056024899956,13.789528252980817,52.55335365853659,6.244653550042772,11.65,2026-08-17
DIAMONDYD,1190.4,0.48,5.48,18.52,30.87,0.205,FMCG,0.49,53.1437125748503,80.88039128501556,84.34421980300674,7.602896341463415,53.87082976903336,64.15,2026-08-17
DICIND,591.95,16.58,16.61,14.49,0.31,3.282,CHEMICALS,15.62,91.830624465355,76.43397065362383,57.23172628304821,95.6935975609756,90.73994867408041,81.09,2026-08-17
DIFFNKG,398.4,2.06,6.92,30.39,12.35,0.456,CAPITAL_GOODS,4.5,62.467921300256634,89.86216096042685,72.99118714359773,28.18216463414634,71.12917023096664,71.01,2026-08-17
DIGIDRIVE,17.52,-6.61,-5.65,-22.61,-45.15,1.032,RETAIL,-5.58,20.316509837467922,3.112494441974211,6.946604458268533,71.81783536585365,21.04362703165098,16.03,2026-08-17
DIGISPICE,16.62,,,,-34.18,1.294,OTHER,,,,14.515292897874547,79.76371951219512,,44.39,2026-08-17
DIGITIDE,96.49,-7.19,15.21,2.99,-52.16,0.998,IT,-5.07,19.054747647562017,49.88883948421521,4.561949196474858,64.5388719512195,22.96834901625321,26.73,2026-08-17
DIGJAMLMTD,50.52,13.22,15.11,8.34,,0.252,TEXTILES,15.18,88.96492728828058,65.71809693196975,,10.689786585365853,90.29084687767323,71.65,2026-08-17
DISAQ,11641.0,-3.68,1.22,-4.29,,0.564,CAPITAL_GOODS,-1.24,32.97690333618477,28.812805691418408,,37.34756097560975,41.40290846877674,36.82,2026-08-17
DISHTV,2.81,,,,-45.22,0.732,OTHER,,,,6.7910834629341625,50.19054878048781,,41.37,2026-08-17
DIVGIITTS,1284.45,36.35,49.0,93.44,92.05,1.528,DEFENCE,33.32,98.50299401197606,99.55535793686082,96.6822187662001,83.8795731707317,97.98973481608212,97.59,2026-08-17
DIVIDEND,35.91,2.51,1.07,-0.22,,0.124,OTHER,0.68,64.90590248075277,41.01823032458871,,2.877286585365854,54.76903336184773,51.33,2026-08-17
DIVISLAB,8481.5,15.93,26.35,25.46,37.01,0.473,PHARMA,17.95,91.01796407185628,87.23877278790575,86.78071539657853,30.01143292682927,92.21556886227546,86.36,2026-08-17
DIVOPPBEES,78.5,2.98,1.42,1.17,1.96,0.868,OTHER,1.15,66.63815226689478,44.9977767896843,59.95334370139969,58.28887195121951,57.356715141146275,58.08,2026-08-17
DIXON,14025.0,-3.32,14.63,27.74,-15.86,0.517,REALTY,-1.58,34.195893926432845,88.52823477100934,35.925349922239505,33.59375,38.6869118905047,48.77,2026-08-17
DJML,107.44,2.12,0.96,,5.3,0.604,LOGISTICS,2.92,62.81009409751924,,65.34473820632452,40.47256097560975,65.61163387510693,59.42,2026-08-17
DLF,671.0,3.53,6.63,18.39,-11.08,0.878,REALTY,5.27,68.52010265183918,80.65807025344598,42.45723172628305,58.84146341463414,72.75449101796407,66.49,2026-08-17
DLINKINDIA,418.7,-8.6,-18.0,-13.33,-9.97,0.876,IT,-6.48,14.67065868263473,10.160071142730102,43.77916018662519,58.72713414634146,18.092386655260906,22.08,2026-08-17
DMART,3995.0,1.12,-4.91,-8.34,-15.3,0.499,RETAIL,2.15,56.58682634730538,20.409070698088037,36.28823224468636,31.59298780487805,61.80496150556031,43.02,2026-08-17
DMCC,293.65,8.9,13.64,-6.32,-9.33,0.388,CHEMICALS,7.94,83.66124893071,24.14406402845709,44.7900466562986,22.103658536585368,80.92386655260907,57.52,2026-08-17
DNAMEDIA,2.69,-5.61,-8.19,-9.43,-42.77,1.67,MEDIA,-3.14,24.379811804961506,17.96353935082259,8.13893208916537,85.67073170731707,30.453378956372966,23.5,2026-08-17
DODLA,1099.5,2.54,0.7,7.21,-21.02,0.904,FMCG,2.55,65.01283147989734,62.42774566473989,28.92690513219285,60.213414634146346,63.98631308810949,56.76,2026-08-17
DOLATALGO,71.18,2.04,-6.88,-7.85,-10.88,2.391,FINANCIAL_SERVICES,3.38,62.36099230111206,21.56514006224989,42.716433385173666,92.22560975609755,67.40804106073567,50.48,2026-08-17
DOLLAR,268.35,1.05,6.13,1.09,-24.71,0.619,CHEMICALS,0.09,56.201881950384944,44.819919964428635,24.624157594608604,41.958841463414636,51.11206159110351,45.57,2026-08-17
DOLPHIN,576.85,50.46,46.67,39.71,30.86,3.095,ENERGY,49.02,99.78614200171087,93.64161849710982,84.24053913945049,95.04573170731707,99.7005988023952,94.89,2026-08-17
DOMS,2218.1,-1.67,-4.14,-2.01,-9.88,0.509,FMCG,-1.66,41.48845166809239,36.30502445531347,43.9087610160705,32.698170731707314,38.045337895637296,39.72,2026-08-17
DONEAR,87.64,5.16,-2.21,-6.65,-6.84,1.846,TEXTILES,7.12,74.59366980325063,23.654957759004002,47.174701918092275,88.3765243902439,79.46963216424294,57.8,2026-08-17
DPABHUSHAN,1403.8,5.7,52.03,51.71,-11.12,0.151,FMCG,5.71,75.66295979469632,96.3983992885727,42.275790565059616,4.153963414634147,74.12318220701454,70.36,2026-08-17
DRAGARWQ,5294.0,6.9,6.44,4.69,,0.943,HEALTHCARE,6.12,78.40034217279727,55.93597154290796,,62.25228658536586,75.55603079555175,65.87,2026-08-17
DRCSYSTEMS,13.07,-4.74,-9.36,-14.35,,0.639,IT,-2.62,28.443113772455092,8.803912850155625,,43.27362804878049,32.84858853721129,29.25,2026-08-17
DREAMFOLKS,65.85,-4.41,-10.55,-12.58,,0.866,INFRASTRUCTURE,-0.01,29.875962360992304,11.516229435304579,,58.174542682926834,49.57228400342173,33.68,2026-08-17
DREDGECORP,1160.5,13.15,6.62,33.57,92.77,0.657,INFRASTRUCTURE,17.55,88.79384088964927,91.32947976878613,96.73405909797823,44.77896341463415,91.78785286569718,89.26,2026-08-17
DRREDDY,1192.0,-2.65,-6.65,-10.83,-5.64,0.957,PHARMA,-0.63,36.93327630453379,14.361938639395285,48.41886988076723,62.900152439024396,44.16167664670659,35.97,2026-08-17
DSSL,1158.1,-4.35,-10.1,-15.03,17.31,1.983,IT,-2.23,30.28229255774166,7.959092930191196,77.3976153447382,89.27210365853658,34.68776732249786,37.73,2026-08-17
DTIL,133.13,-2.3,-1.63,-2.89,-31.49,0.459,FMCG,-2.29,38.23781009409752,32.9035126722988,16.796267496111973,28.56326219512195,34.13173652694611,31.52,2026-08-17
DUCON,3.24,6.23,,,-41.3,2.435,OTHER,4.4,76.90333618477331,,8.812856402280975,92.4923780487805,70.80838323353294,56.42,2026-08-17
DVL,265.92,11.17,9.66,8.9,-21.5,0.401,DIVERSIFIED,11.42,87.12574850299401,67.0964873277012,28.304821150855364,22.99923780487805,86.4841745081266,67.05,2026-08-17
DWARKESH,44.94,3.52,-0.07,6.32,13.63,1.998,FMCG,3.53,68.47733105218136,60.449088483770566,74.4945567651633,89.48170731707317,67.98545765611634,68.65,2026-08-17
DYCL,465.35,18.32,42.53,51.11,6.16,0.36,CAPITAL_GOODS,20.76,93.04961505560307,96.26500666963095,66.66666666666666,19.53125,93.88366124893071,85.03,2026-08-17
DYNAMATECH,11123.0,5.56,6.51,3.6,71.56,0.943,CAPITAL_GOODS,8.0,75.53464499572284,51.889728768341485,94.76412649040954,62.25228658536586,81.15911035072712,73.65,2026-08-17
DYNPRO,232.05,-0.57,0.35,-2.13,-40.74,0.536,CHEMICALS,-1.52,46.0650128314799,35.88261449533126,9.279419388284085,35.17530487804878,39.07185628742515,34.57,2026-08-17
EASEMYTRIP,6.13,-10.12,-26.41,-22.5,-27.02,2.475,HOSPITALITY,-7.9,10.436270316509837,3.156958648288128,22.343182996371176,92.72103658536585,13.430282292557742,15.56,2026-08-17
EASTWEST,2.45,,,,,1.0,OTHER,,,,,67.64481707317073,,50.88,2026-08-17
EBANK10,16.74,,,,,0.618,OTHER,,,,,41.84451219512195,,49.59,2026-08-17
EBANKNIFTY,58.11,0.19,1.06,7.35,5.64,1.21,OTHER,-1.64,50.44910179640718,62.91685193419298,65.78538102643857,77.38185975609755,38.109495295124034,56.13,2026-08-17
EBBETF0430,1611.52,0.42,1.11,2.54,5.39,0.815,OTHER,-1.41,52.30966638152267,48.910626945309026,65.52617936754795,55.449695121951216,39.99144568006843,52.41,2026-08-17
EBBETF0431,1443.19,0.54,1.54,3.1,5.7,0.557,OTHER,-1.29,53.443113772455085,50.11116051578479,65.88906168999482,36.6234756097561,41.16766467065868,52.42,2026-08-17
EBBETF0433,1316.39,0.3,1.89,3.4,5.46,0.434,OTHER,-1.53,51.43284858853722,51.20053357047577,65.57801969932608,26.429115853658537,38.9863130881095,51.09,2026-08-17
EBGNG,593.0,3.75,31.31,41.48,66.92,0.989,IT,5.87,69.24721984602225,94.17518897287684,93.5717988595127,64.23399390243902,74.50812660393498,80.88,2026-08-17
EBIX,16.25,,,,,1.0,OTHER,,,,,67.64481707317073,,50.88,2026-08-17
ECAPINSURE,23.89,-0.99,-0.46,-2.69,3.82,1.275,OTHER,-2.82,44.48246364414029,33.57047576700756,62.363919129082426,79.15396341463415,31.886227544910177,45.17,2026-08-17
ECLERX,1848.9,5.07,28.74,24.66,-58.5,0.358,IT,7.19,74.08041060735671,86.59404179635393,3.4733022291342666,19.397865853658537,79.68349016253208,61.19,2026-08-17
ECORECO,479.0,,,,,1.0,OTHER,,,,,67.64481707317073,,50.88,2026-08-17
EDELWEISS,122.67,4.07,1.76,8.18,13.67,0.959,FINANCIAL_SERVICES,5.41,70.40205303678357,65.3179190751445,74.54639709694142,62.9954268292683,72.98973481608212,69.98,2026-08-17
EFCIL,174.1,-9.49,-8.94,-2.31,-47.94,1.147,REALTY,-7.75,12.061591103507272,34.926634059582035,5.67651632970451,75.83841463414635,14.007698887938409,19.98,2026-08-17
EGOLD,152.85,8.37,1.73,-2.21,50.67,0.699,OTHER,6.54,81.69375534644996,35.50466874166296,90.92794193882841,47.7515243902439,77.41659538066725,69.65,2026-08-17
EICHERMOT,8050.0,8.51,6.47,14.76,30.87,0.796,AUTO,6.25,82.46364414029085,76.7229879946643,84.34421980300674,54.09679878048781,76.34730538922156,79.07,2026-08-17
EIDPARRY,792.05,2.8,7.8,0.33,-29.98,0.941,FMCG,2.81,65.99657827202738,42.90795909293019,18.68843960601348,62.15701219512195,65.14114627887083,50.44,2026-08-17
EIEL,200.16,-11.75,3.21,3.55,-21.74,0.534,CAPITAL_GOODS,-9.31,7.656116338751069,51.71187194308582,27.89009849663038,34.94664634146341,10.436270316509837,24.5,2026-08-17
EIHAHOTELS,292.2,-9.61,-5.67,-7.97,-24.4,0.876,HOSPITALITY,-7.39,11.698032506415739,21.187194308581592,24.98703991705547,58.72713414634146,14.948674080410607,19.57,2026-08-17
EIHOTEL,296.0,-11.89,-3.16,-6.36,-26.99,0.957,HOSPITALITY,-9.67,7.527801539777587,24.055135615829258,22.446863659927423,62.900152439024396,9.666381522668948,17.73,2026-08-17
EIMCOELECO,2189.1,16.91,35.36,38.49,-0.64,6.202,CAPITAL_GOODS,19.35,92.04448246364414,93.3303690529124,55.15811301192327,98.28506097560977,93.24208725406329,85.48,2026-08-17
EKC,109.53,-4.95,-2.09,-4.51,-19.4,0.852,CAPITAL_GOODS,-2.51,27.28828058169376,28.190306803023567,31.052358735095904,57.3170731707317,33.08383233532935,30.64,2026-08-17
EKI,80.84,,,,,1.0,OTHER,,,,,67.64481707317073,,50.88,2026-08-17
ELANTAS,11705.5,27.19,16.92,27.8,,0.431,CHEMICALS,26.24,96.8349016253208,88.57269897732326,,26.086128048780488,96.27887082976903,81.78,2026-08-17
ELCIDIN,110895.0,-0.25,-6.18,-6.55,,1.168,FINANCIAL_SERVICES,1.09,47.69033361847733,23.83281458425967,,76.2576219512195,56.864841745081264,44.99,2026-08-17
ELDEHSG,765.35,-3.37,-2.18,-8.01,5.53,0.121,REALTY,-1.63,33.93926432848588,20.89817696754113,65.68170036288232,2.6867378048780486,38.19503849443969,36.1,2026-08-17
ELECON,438.25,-4.93,-21.23,-9.61,-21.11,0.527,CAPITAL_GOODS,-2.49,27.502138579982894,17.56336149399733,28.771384136858476,34.2797256097561,33.14798973481608,26.46,2026-08-17
ELECTCAST,71.95,-4.51,-6.9,-12.21,-27.18,0.735,METAL,-4.31,29.319931565440548,11.983103601600712,22.08398133748056,50.43826219512195,25.513259195893927,24.02,2026-08-17
ELECTHERM,974.8,-8.17,-14.6,36.61,13.13,0.712,METAL,-7.97,16.0393498716852,92.5744775455758,73.92431311560394,48.79954268292683,13.301967493584261,47.98,2026-08-17
ELGIEQUIP,624.2,7.32,3.81,19.29,29.15,2.41,CAPITAL_GOODS,9.76,79.38408896492729,81.56958648288128,83.64437532400207,92.33993902439023,84.81608212147135,82.25,2026-08-17
ELGIRUBCO,59.11,-4.92,19.29,22.48,-6.63,0.387,CHEMICALS,-5.88,27.587681779298546,85.0600266785238,47.459823742871954,21.9702743902439,20.01710863986313,44.51,2026-08-17
ELIN,102.28,-6.52,-5.05,-13.62,-42.91,0.982,FMCG,-6.51,20.680068434559455,9.648732770120054,8.035251425609125,63.87195121951219,18.04961505560308,17.16,2026-08-17
ELIQUID,1043.95,0.43,0.84,1.26,,0.064,OTHER,-1.4,52.65183917878529,45.775900400177854,,0.9527439024390244,40.33361847733105,45.97,2026-08-17
ELITECON,16.73,-4.4,-44.1,-44.33,,1.019,INFRASTRUCTURE,0.0,30.00427715996578,1.0226767452200978,,71.41768292682927,50.0,31.83,2026-08-17
ELLEN,328.3,11.29,17.42,19.21,-38.03,0.463,AUTO,9.03,87.25406330196749,81.36949755446865,11.301192327630897,29.115853658536583,83.55431993156543,67.13,2026-08-17
ELM250,17.16,3.06,5.21,6.65,,1.093,OTHER,1.23,66.95893926432849,61.51622943530458,,73.9138719512195,57.61334473909324,61.15,2026-08-17
ELMDIV,36.88,,,,,0.032,OTHER,,,,,0.20960365853658539,,47.51,2026-08-17
ELPROINTL,175.32,0.2,3.4,6.36,,0.306,REALTY,1.94,50.53464499572284,60.62694530902624,,14.767530487804878,60.82121471343028,52.71,2026-08-17
EMAMILTD,404.5,-0.6,1.09,-5.5,-29.38,0.637,FMCG,-0.59,45.958083832335326,25.65584704313028,19.336443753240022,43.10213414634146,44.39692044482464,35.18,2026-08-17
EMAMIREAL,74.89,,,,-37.64,0.335,OTHER,,,,11.81959564541213,17.054115853658537,,40.72,2026-08-17
EMBDL,63.11,-1.85,-4.93,-10.15,-34.38,0.807,REALTY,-0.11,40.41916167664671,16.14050689195198,14.359771902540174,54.82088414634146,48.80239520958084,31.12,2026-08-17
EMCURE,1873.9,3.95,8.01,9.91,27.6,1.335,PHARMA,5.97,69.88879384088965,68.65273454868831,82.65940902021774,80.64024390243902,75.0,73.44,2026-08-17
EMETAL,13.15,,,,,0.837,OTHER,,,,,56.57393292682927,,50.33,2026-08-17
EMIL,192.42,45.97,72.28,60.5,50.42,0.238,RETAIL,47.0,99.5295124037639,97.91018230324589,90.82426127527216,9.870426829268293,99.48674080410608,92.89,2026-08-17
EMKAY,235.29,-7.78,-19.57,20.88,10.92,0.529,FINANCIAL_SERVICES,-6.44,17.08725406330197,83.45931525122276,71.69517884914464,34.375,18.17792985457656,45.63,2026-08-17
EMMVEE,320.75,-12.21,-4.64,24.32,,0.764,CAPITAL_GOODS,-9.77,6.757912745936697,86.19386393952868,,52.30564024390244,9.409751924721984,37.94,2026-08-17
EMPIND,1102.5,,,,,1.0,OTHER,,,,,67.64481707317073,,50.88,2026-08-17
EMPOWER,2.16,,,,,1.0,OTHER,,,,,67.64481707317073,,50.88,2026-08-17
EMSLIMITED,369.1,-14.76,18.04,13.69,-32.43,1.692,INFRASTRUCTURE,-10.36,4.063301967493584,75.38906180524677,16.07050285121825,85.9375,8.276304533789563,29.02,2026-08-17
EMUDHRA,518.75,15.26,12.11,10.24,-29.28,0.354,IT,17.38,90.67579127459366,69.54201867496666,19.491964748574393,18.864329268292682,91.70230966638152,67.72,2026-08-17
EMULTIMQ,42.24,2.0,-1.31,0.07,3.38,0.25,OTHER,0.17,61.97604790419161,42.19653179190752,61.58631415241057,10.575457317073171,51.62532078699743,52.83,2026-08-17
ENDURANCE,2978.2,7.77,13.86,16.86,6.1,1.936,AUTO,5.51,80.11120615911035,78.87950200088927,66.5111456713323,88.9672256097561,73.35329341317365,76.51,2026-08-17
ENERGY,38.95,-1.47,-2.89,-2.58,,0.531,OTHER,-3.3,42.72882805816938,33.81502890173411,,34.66082317073171,29.57656116338751,39.58,2026-08-17
ENERGYDEV,16.51,-3.34,0.55,-0.48,,0.878,POWER,1.89,34.06757912745937,40.240106714095155,,58.84146341463414,60.52181351582549,44.0,2026-08-17
ENEXT50,74.37,4.13,4.04,,,0.408,OTHER,2.3,70.63729683490163,,,23.589939024390244,62.51069289991445,57.78,2026-08-17
ENGINERSIN,240.18,3.7,3.41,-2.66,22.74,0.648,INFRASTRUCTURE,8.1,68.99059024807528,33.614939973321476,80.50803525142561,43.99771341463415,81.39435414884517,63.06,2026-08-17
ENIFTY,24.58,1.36,2.16,3.63,,0.547,OTHER,-0.47,57.93413173652695,52.08981769675412,,35.708841463414636,45.27373823781009,51.88,2026-08-17
ENIL,101.02,-4.36,-8.16,-12.97,-40.92,1.279,MEDIA,-1.89,30.196749358426008,10.982658959537572,8.968377397615344,79.1920731707317,36.44140290846878,24.53,2026-08-17
ENKEIWHEL,400.85,,,,,1.0,OTHER,,,,,67.64481707317073,,50.88,2026-08-17
ENRIN,3605.7,5.88,-0.09,16.84,8.05,0.385,CAPITAL_GOODS,8.32,75.91958939264329,78.79057358826145,69.10316226023848,21.722560975609756,81.77929854576561,73.44,2026-08-17
ENTERO,1401.6,16.28,25.51,17.55,15.8,0.33,PHARMA,18.3,91.48845166809238,79.72432192085371,76.15344738206325,16.86356707317073,92.51497005988024,81.9,2026-08-17
EPACK,210.7,-14.05,-8.85,-12.3,-45.18,0.983,FMCG,-14.04,4.704875962360992,11.871943085815918,6.894764126490409,63.92911585365854,3.4217279726261762,9.7,2026-08-17
EPACKPEB,221.55,-11.13,-11.07,10.54,,0.648,CAPITAL_GOODS,-8.69,8.554319931565441,70.12005335704757,,43.99771341463415,11.76218990590248,34.49,2026-08-17
EPIGRAL,1097.1,2.78,-3.68,-9.81,-38.75,0.361,CHEMICALS,1.82,65.82549187339607,17.252112049799912,10.730948678071538,19.683689024390244,60.24379811804962,39.52,2026-08-17
EPL,242.99,3.56,6.46,12.87,4.73,1.42,CHEMICALS,2.6,68.62703165098375,74.07736771898622,64.02280974598239,81.8407012195122,64.4781864841745,69.11,2026-08-17
EQUAL200,14.05,2.11,3.77,5.64,9.77,0.354,OTHER,0.28,62.74593669803251,58.93730546909738,70.76205287713842,18.864329268292682,52.609067579127455,59.68,2026-08-17
EQUAL50,336.8,2.16,3.14,3.64,6.79,0.506,OTHER,0.33,63.15226689478186,52.15651400622499,67.62571280456194,32.45045731707317,53.015397775876814,58.24,2026-08-17
EQUAL50ADD,347.99,2.39,3.14,3.56,6.98,0.716,OTHER,0.56,64.3071000855432,51.75633614939973,67.96267496111975,49.06631097560975,54.191616766467064,59.62,2026-08-17
EQUITASBNK,74.92,-3.23,-4.86,10.24,43.42,0.43,BANKING,-2.9,34.55945252352438,69.54201867496666,88.6988076723691,25.952743902439025,31.45851154833191,53.24,2026-08-17
ERIS,1348.9,-9.37,-2.01,-1.6,-25.13,0.676,PHARMA,-7.35,12.574850299401197,37.63895064473099,24.209434940383616,46.265243902439025,15.14114627887083,23.24,2026-08-17
ESABINDIA,6289.0,11.01,10.24,-4.53,17.5,0.981,CAPITAL_GOODS,13.45,86.89050470487597,28.14584259670965,77.65681700362882,63.83384146341463,88.92215568862275,69.51,2026-08-17
ESCORTS,3133.6,6.41,10.73,4.45,-11.76,0.418,AUTO,4.15,77.3738237810094,55.269008448199195,40.90202177293934,24.485518292682926,70.05988023952095,60.81,2026-08-17
ESENSEX,78.66,1.61,2.42,4.63,,2.557,OTHER,-0.22,59.68776732249786,55.82481102712317,,93.14024390243902,47.66894781864842,56.65,2026-08-17
ESG,41.95,1.16,2.32,4.22,-1.29,2.281,OTHER,-0.67,56.67236954662105,54.42418852823477,53.939865215137374,91.73018292682927,43.862275449101794,55.4,2026-08-17
ESILVER,233.54,7.84,-5.25,-10.62,99.97,2.843,OTHER,6.01,80.30367835757058,14.806580702534461,97.14878175220322,94.09298780487805,75.19247219846022,67.22,2026-08-17
ESSARSHPNG,15.99,-22.42,-34.39,-32.79,-32.59,5.061,LOGISTICS,-21.62,1.176218990590248,1.333926189417519,16.018662519440124,97.5609756097561,1.1120615911035072,8.99,2026-08-17
ESSENTIA,1.32,,,-22.35,-30.89,0.05,OTHER,,,3.2014228546020456,17.573872472783826,0.5907012195121951,,29.34,2026-08-17
ESTER,98.96,10.5,8.53,1.21,-7.76,0.218,CHEMICALS,9.54,86.3130881094953,45.24232992441085,46.08605495075169,8.346036585365853,84.32420872540634,63.8,2026-08-17
ETERNAL,318.0,11.01,25.39,31.85,0.03,0.603,RETAIL,12.04,86.89050470487597,90.61805246776345,56.868843960601346,40.301067073170735,87.23267750213857,79.54,2026-08-17
ETHOSLTD,2788.6,5.9,15.81,20.29,16.66,0.109,FMCG,5.91,75.96236099230111,82.70342374388618,76.82737169517885,2.191310975609756,74.8502994011976,73.97,2026-08-17
EUREKAFORB,432.0,-7.85,-5.44,-15.59,-24.88,2.003,FMCG,-7.84,16.80923866552609,7.469986660738106,24.468636599274234,89.5579268292683,13.558597091531224,19.16,2026-08-17
EUROBOND,155.0,-6.36,-15.22,-14.84,-32.33,1.316,METAL,-6.16,21.343028229255776,8.270342374388617,16.12234318299637,80.24009146341463,19.16167664670659,19.65,2026-08-17
EUROPRATIK,283.75,-8.32,1.83,9.45,,0.655,REALTY,-6.58,15.526090675791274,68.09693196976434,,44.60746951219512,17.771599657827203,37.35,2026-08-17
EVEREADY,352.9,0.23,2.04,10.3,-15.5,0.274,FMCG,0.24,50.74850299401198,69.74210760337928,36.236391912908246,12.09984756097561,52.0530367835757,50.86,2026-08-17
EVIETF,34.17,8.58,9.17,14.43,13.18,0.767,OTHER,6.75,82.84858853721128,76.345042240996,74.02799377916018,52.47713414634146,78.82805816937554,77.34,2026-08-17
EVINDIA,34.12,8.39,8.66,13.96,13.06,0.804,OTHER,6.56,81.73652694610777,75.90040017785682,73.76879212026957,54.6875,77.45936698032506,76.69,2026-08-17
EXCELINDUS,990.55,9.6,6.86,0.4,-19.06,1.172,CHEMICALS,8.64,84.901625320787,43.0635838150289,31.622602384655263,76.48628048780488,82.80581693755347,63.05,2026-08-17
EXCELSOFT,73.07,-7.55,-7.97,-17.55,,0.997,IT,-5.43,17.9213002566296,5.958203646064917,,64.42454268292683,21.685201026518392,24.24,2026-08-17
EXICOM,148.32,-10.23,-11.66,30.36,3.68,0.319,CAPITAL_GOODS,-7.79,10.222412318220702,89.81769675411294,62.10471747019181,15.64405487804878,13.77245508982036,41.3,2026-08-17
EXIDEIND,475.7,12.91,22.43,36.28,19.88,0.449,AUTO,10.65,88.70829769033361,92.44108492663406,79.16018662519441,27.496189024390244,85.75705731394353,84.23,2026-08-17
EXPLEOSOL,923.05,15.56,10.92,4.22,-11.55,15.481,IT,17.68,90.80410607356714,54.42418852823477,41.31674442716433,99.88567073170732,91.87339606501284,72.43,2026-08-17
EXXARO,6.0,-4.76,-11.5,-9.91,,2.115,CAPITAL_GOODS,-2.32,28.357570573139434,16.98532681191641,,90.77743902439023,34.046193327630455,33.82,2026-08-17
FABTECH,145.91,-6.85,-7.9,-4.77,,0.461,HEALTHCARE,-7.64,19.888793840889647,27.545575811471767,,28.92530487804878,14.264328485885372,27.43,2026-08-17
FACT,793.25,-6.2,-20.5,-10.13,-17.86,1.082,CHEMICALS,-7.16,21.856287425149702,16.27389951089373,33.07413167444271,73.66615853658537,15.67579127459367,24.37,2026-08-17
FAZE3Q,484.45,-14.31,-10.08,,10.52,0.673,TEXTILES,-12.34,4.405474764756201,,71.30637636080871,46.1890243902439,5.196749358426005,31.39,2026-08-17
FCL,43.41,13.19,0.25,70.64,-82.02,0.568,CHEMICALS,12.24,88.92215568862275,98.79946642952423,1.3996889580093312,37.5952743902439,87.42514970059881,71.1,2026-08-17
FCSSOFT,1.51,,,,-38.11,1.407,OTHER,,,,11.093831000518403,81.70731707317073,,43.8,2026-08-17
FDC,354.3,-15.98,-7.79,-3.24,-23.36,0.352,PHARMA,-13.96,2.8656971770744226,31.991996442863496,26.049766718507,18.578506097560975,3.5500427715996574,15.67,2026-08-17
FEDDERSHOL,40.1,-10.11,11.79,18.29,,0.226,FINANCIAL_SERVICES,-8.77,10.500427715996578,80.61360604713205,,8.99390243902439,11.46278870829769,36.0,2026-08-17
FEDERALBNK,354.1,8.42,10.45,25.88,83.99,0.548,BANKING,8.75,82.01454234388366,87.6834148510449,95.90461378952824,35.86128048780488,83.06244653550043,84.06,2026-08-17
FEDFINA,152.0,-5.82,-6.73,0.28,10.71,0.633,FINANCIAL_SERVICES,-4.48,23.52437981180496,42.730102267674525,71.6433385173665,42.7782012195122,24.935842600513258,39.12,2026-08-17
FERMENTA,457.05,-0.52,42.47,56.18,,0.578,PHARMA,1.5,46.23609923011121,97.4210760337928,,38.31935975609756,59.06757912745937,61.31,2026-08-17
FIBERWEB,26.96,-14.0,-7.03,,-43.89,4.866,TEXTILES,-12.04,4.790419161676647,,7.36132711249352,97.33231707317073,5.7100085543199315,21.37,2026-08-17
FIEMIND,2281.7,-1.28,-3.09,5.23,11.78,0.901,AUTO,-3.54,43.41317365269461,57.536682970208986,72.47278382581649,60.04192073170732,28.37895637296835,51.33,2026-08-17
FILATEX,82.72,13.16,55.58,95.19,58.74,0.313,TEXTILES,15.12,88.8366124893071,99.59982214317475,92.63867288750647,15.20579268292683,90.24807527801539,88.82,2026-08-17
FILATFASH,0.18,,,,-66.04,2.669,OTHER,,,,2.851218247796786,93.59756097560977,,42.75,2026-08-17
FINCABLES,1320.85,26.04,25.14,25.69,60.68,1.337,CAPITAL_GOODS,28.48,96.32164242942686,87.4166296131614,92.89787454639709,80.67835365853658,97.09153122326775,92.74,2026-08-17
FINEORG,5110.4,0.64,1.44,10.34,9.65,0.631,CHEMICALS,-0.32,53.72112917023097,69.80880391285015,70.52877138413686,42.62576219512195,46.877673224978615,59.52,2026-08-17
FINIETF,33.25,2.59,3.26,4.2,13.17,0.661,OTHER,0.76,65.29084687767323,54.33526011560693,73.97615344738206,45.045731707317074,55.28229255774166,61.78,2026-08-17
FINKURVE,72.93,14.13,2.33,8.72,,8.218,FINANCIAL_SERVICES,15.47,89.60650128314799,66.76300578034682,,98.85670731707317,90.54747647562019,76.58,2026-08-17
FINOPB,146.95,-7.13,7.73,23.21,-45.56,0.124,BANKING,-6.8,19.332763045337895,85.63806136060471,6.583722135821669,2.877286585365854,16.9803250641574,32.18,2026-08-17
FINPIPE,159.36,-4.79,-6.64,-3.98,-23.8,0.745,CHEMICALS,-5.74,28.29341317365269,29.968875055580256,25.660964230171075,51.08612804878049,20.573139435414884,28.17,2026-08-17
FIRSTCRY,208.41,-2.24,-4.98,-7.05,-44.46,1.064,RETAIL,-1.21,38.57998289136014,22.587816807469988,7.257646448937273,72.98018292682927,41.61676646706587,30.49,2026-08-17
FISCHER,37.27,-3.42,8.12,6.88,-96.49,0.278,HEALTHCARE,-4.2,33.704020530367835,61.849710982658955,0.15552099533437014,12.404725609756099,25.705731394354146,31.77,2026-08-17
FIVESTAR,537.75,-2.66,15.78,17.21,-4.43,0.513,FINANCIAL_SERVICES,-1.32,36.84773310521813,79.54646509559804,50.181441161223425,33.136432926829265,40.99657827202737,50.63,2026-08-17
FLAIR,255.1,-0.7,-4.71,-23.62,-16.92,2.931,FMCG,-0.69,45.57313943541488,2.845709204090707,34.447900466562984,94.70274390243902,43.73396065012832,34.85,2026-08-17
FLEXIADD,10.3,4.15,4.78,7.63,,1.084,OTHER,2.32,70.70145423438836,63.69497554468653,,73.70426829268293,62.66039349871685,63.75,2026-08-17
FLUOROCHEM,4707.5,14.15,28.21,26.77,39.25,1.072,CHEMICALS,13.2,89.64927288280582,88.08359270787017,87.29911871435976,73.22789634146342,88.62275449101796,87.81,2026-08-17
FMCGADD,48.57,-0.08,-2.29,,,1.781,OTHER,-1.91,48.56715141146279,,,87.2141768292683,36.39863130881095,49.32,2026-08-17
FMCGIETF,51.98,-0.1,-2.15,-4.64,-13.42,1.231,OTHER,-1.93,48.460222412318224,27.901289461983104,38.41368584758943,78.01067073170732,36.227544910179645,40.95,2026-08-17
FMGOETZE,453.95,-7.37,3.39,4.08,-12.93,0.492,AUTO,-9.63,18.798118049615056,53.779457536682976,39.29497148781752,31.116615853658537,9.709153122326775,30.9,2026-08-17
FOODSIN,53.75,-9.69,-4.87,-4.12,,1.438,FMCG,-9.68,11.484174508126605,29.568697198755,,82.25990853658537,9.62360992301112,26.97,2026-08-17
FORCEMOT,18605.0,0.54,0.97,-8.6,-6.75,0.537,AUTO,-1.72,53.443113772455085,19.542018674966652,47.27838258164852,35.28963414634146,37.66039349871686,40.46,2026-08-17
FORTIS,908.75,-5.64,-6.23,-5.7,-0.79,0.935,HEALTHCARE,-6.42,24.33704020530368,25.30013339261894,54.63970969414205,61.79496951219512,18.263473053892216,31.6,2026-08-17
FOSECOIND,5641.0,10.46,7.66,11.27,-13.06,0.939,CHEMICALS,9.51,86.24893071000855,71.23165851489551,38.983929497148786,62.06173780487805,84.21727972626176,71.53,2026-08-17
FRACTAL,818.0,-7.61,-18.69,-12.98,,1.379,IT,-5.49,17.664670658682635,10.915962650066696,,81.32621951219512,21.449957228400343,26.2,2026-08-17
FREDUN,1474.0,,,,,1.0,OTHER,,,,,67.64481707317073,,50.88,2026-08-17
FRONTSP,1287.0,-8.9,-12.65,-18.23,,0.947,AUTO,-11.16,13.90076988879384,5.246776345042241,,62.46189024390244,7.057313943541487,20.36,2026-08-17
FSL,267.75,0.87,10.19,12.69,-24.35,0.095,IT,2.99,55.13259195893926,73.78835037794576,25.064800414722654,1.6577743902439026,65.97519247219846,52.74,2026-08-17
FUSION,195.58,-13.27,7.83,-4.15,16.42,0.601,FINANCIAL_SERVICES,-11.93,5.3464499572284,29.390840373499334,76.64593053395542,40.110518292682926,6.030795551753636,27.46,2026-08-17
GABRIEL,1442.5,5.82,26.94,32.22,28.74,0.208,AUTO,3.56,75.87681779298546,90.9737661182748,83.46293416277865,7.79344512195122,68.04961505560307,76.59,2026-08-17
GAEL,172.75,16.54,9.2,6.12,68.7,0.239,AGRICULTURE,12.01,91.74508126603935,60.093374833259226,94.14204250907206,9.965701219512194,87.16852010265184,79.54,2026-08-17
GAIL,172.1,0.23,-2.27,6.15,0.27,0.348,ENERGY,-1.21,50.74850299401198,60.182303245887056,57.179885951270094,18.140243902439025,41.61676646706587,51.39,2026-08-17
GALAPREC,1018.0,-14.94,-2.48,18.9,22.57,0.621,CAPITAL_GOODS,-12.5,3.592814371257485,81.19164072921299,80.45619491964749,42.073170731707314,4.961505560307955,40.49,2026-08-17
GALAXYSURF,2403.7,24.06,33.84,31.72,7.45,9.802,CHEMICALS,23.1,95.46621043627032,90.57358826144953,68.68843960601347,99.3140243902439,95.18819503849444,89.04,2026-08-17
GALLANTT,582.95,-15.02,-14.18,-21.74,-3.16,0.193,METAL,-14.82,3.4644995722840037,3.2903512672298802,51.94401244167963,6.745426829268293,3.122326775021386,13.23,2026-08-17
GANDHAR,246.69,16.94,56.32,64.48,65.56,0.146,ENERGY,15.5,92.08725406330197,98.31036016007114,93.41627786417833,3.90625,90.59024807527801,89.28,2026-08-17
GANDHITUBE,877.25,1.11,2.62,1.07,5.32,0.423,METAL,1.31,56.544054747647564,44.730991551800805,65.47433903576983,25.190548780487802,57.86997433704021,54.01,2026-08-17
GANECOS,1101.2,-7.33,21.09,8.29,-17.76,0.603,TEXTILES,-5.36,18.862275449101794,65.56247220987106,33.12597200622084,40.301067073170735,21.92044482463644,34.92,2026-08-17
GANESHCP,163.96,-9.99,-19.67,-16.25,,1.253,FMCG,-9.98,10.821214713430283,6.91418408181414,,78.5060975609756,8.917878528656972,20.78,2026-08-17
GANESHHOU,838.0,0.43,9.17,22.25,,0.511,REALTY,2.17,52.65183917878529,84.83770564695419,,32.94588414634146,62.01881950384944,60.59,2026-08-17
GANGAFORGE,2.49,,-1.58,6.41,-20.45,0.092,CAPITAL_GOODS,,,60.82703423743886,29.497148781752202,1.524390243902439,,46.18,2026-08-17
GANGESSECU,120.31,1.1,-3.96,-9.25,-25.65,2.74,FMCG,1.11,56.50128314798973,18.319253001333927,23.742871954380508,93.90243902439023,56.95038494439692,42.34,2026-08-17
GARFIBRES,748.45,-2.37,10.07,19.09,-3.41,0.562,TEXTILES,-0.41,37.959794696321644,81.32503334815475,51.710730948678076,37.176067073170735,45.808383233532936,52.69,2026-08-17
GARUDA,182.48,2.09,6.81,1.49,-11.36,0.326,INFRASTRUCTURE,6.49,62.66039349871685,46.465095598043575,41.60186625194402,16.38719512195122,77.3738237810094,54.29,2026-08-17
GATEWAY,55.15,-6.35,-6.16,-2.53,-17.01,0.599,LOGISTICS,-5.55,21.3857998289136,34.01511783014673,34.29237947122862,39.99618902439025,21.129170230966636,28.02,2026-08-17
GAYAHWS,1.89,-3.57,-14.48,-20.25,,0.919,INFRASTRUCTURE,0.83,33.23353293413174,3.9573143619386393,,60.97560975609756,55.710008554319934,34.03,2026-08-17
GCSL,492.4,-4.05,14.23,26.53,,0.822,FINANCIAL_SERVICES,-2.71,31.608212147134303,88.03912850155625,,55.983231707317074,32.50641573994867,50.75,2026-08-17
GEEKAYWIRE,23.26,-2.56,-4.67,-12.85,-65.54,1.944,METAL,-2.36,37.25406330196749,11.204979991107159,2.9548989113530326,89.0625,33.89649272882806,25.97,2026-08-17
GEMAROMA,169.66,-9.61,-10.99,,-46.82,1.074,OTHER,-11.44,11.698032506415739,,6.272680145152928,73.36128048780488,6.6509837467921304,22.51,2026-08-17
GENCON,39.16,-3.17,2.73,-1.53,,0.937,REALTY,-1.43,34.81608212147134,37.88350377945754,,61.92835365853659,39.73481608212147,40.71,2026-08-17
GENESYS,170.85,-48.36,-46.68,-18.18,-70.44,2.582,IT,-46.24,0.3849443969204448,5.335704757670076,2.488335925349922,93.29268292682927,0.3849443969204448,6.69,2026-08-17
GENUSPAPER,11.3,-2.59,-7.68,-12.27,-39.31,0.578,CHEMICALS,-3.54,37.1043627031651,11.916407292129835,10.238465526179368,38.31935975609756,28.37895637296835,24.19,2026-08-17
GENUSPOWER,318.25,-2.87,-3.24,1.37,-9.34,2.202,INFRASTRUCTURE,1.53,36.09923011120616,46.2872387727879,44.738206324520476,91.15853658536585,59.302822925577416,46.61,2026-08-17
GEOJITFSL,79.31,-3.86,1.64,7.26,10.0,1.36,FINANCIAL_SERVICES,-2.52,32.33532934131736,62.561138283681636,71.07309486780716,81.00228658536585,33.0196749358426,50.18,2026-08-17
GESHIP,1274.9,-7.44,-10.13,-16.89,34.57,0.697,AUTO,-9.7,18.391787852865697,6.358381502890173,86.00311041990669,47.5609756097561,9.55945252352438,29.04,2026-08-17
GFLLIMITED,49.49,10.25,5.05,8.44,-18.17,1.225,FINANCIAL_SERVICES,11.59,85.8426005132592,65.89595375722543,32.50388802488336,77.8201219512195,86.52694610778443,69.89,2026-08-17
GHCL,432.4,-0.79,-4.67,-8.52,-22.72,0.779,CHEMICALS,-1.74,45.27373823781009,19.89773232547799,26.749611197511662,53.08689024390244,37.5748502994012,34.46,2026-08-17
GHCLTEXTIL,120.08,4.61,26.91,37.11,55.75,0.631,TEXTILES,6.58,72.77587681779298,92.7967985771454,92.27579056505961,42.62576219512195,77.63045337895637,80.9,2026-08-17
GICHSGFIN,139.39,-7.37,-13.32,-7.9,-19.81,0.967,FINANCIAL_SERVICES,-6.03,18.798118049615056,21.365051133837262,30.585795749092792,63.35746951219512,19.760479041916167,24.17,2026-08-17
GICL,23.38,41.61,-0.64,-41.78,,1.341,LOGISTICS,42.41,99.0590248075278,1.0671409515340151,,80.7545731707317,99.14456800684346,63.85,2026-08-17
GICRE,355.5,-2.55,-0.81,-8.25,-4.72,0.798,FINANCIAL_SERVICES,-1.21,37.33960650128314,20.497999110715874,49.61119751166407,54.21112804878049,41.61676646706587,37.07,2026-08-17
GILLANDERS,88.49,-0.01,-0.44,-5.86,-28.09,0.443,FMCG,0.0,48.781009409751924,24.98888394842152,20.736132711249354,27.07698170731707,50.0,36.32,2026-08-17
GILLETTE,7569.5,-2.81,-1.89,-3.04,-24.25,0.603,FMCG,-2.8,36.227544910179645,32.72565584704313,25.194401244167963,40.301067073170735,32.035928143712574,32.72,2026-08-17
GILT10BETA,26.91,0.26,3.14,3.22,,0.036,OTHER,-1.57,51.06928999144568,50.40017785682526,,0.38109756097560976,38.793840889649275,46.31,2026-08-17
GILT5BETA,66.43,1.57,0.85,1.54,,13.442,OTHER,-0.26,59.45252352437981,46.59848821698533,,99.65701219512195,47.26261762189906,54.53,2026-08-17
GILT5YBEES,66.26,0.53,1.21,3.29,6.27,1.369,OTHER,-1.3,53.33618477331052,50.57803468208093,66.97770865733541,81.25,41.10350727117194,54.94,2026-08-17
GIPCL,174.44,6.68,6.53,19.03,-4.15,0.58,CAPITAL_GOODS,9.12,78.01539777587682,81.28056914184081,50.69984447900466,38.4717987804878,83.7895637296835,72.26,2026-08-17
GKB,65.0,,,,,1.0,OTHER,,,,,67.64481707317073,,50.88,2026-08-17
GKENERGY,124.43,-9.94,-16.06,-1.76,,0.723,INFRASTRUCTURE,-5.54,11.035072711719419,37.12761227212094,,49.56173780487805,21.236099230111204,28.81,2026-08-17
GKSL,151.36,17.53,17.87,10.3,,8.282,HEALTHCARE,16.74,92.68605645851154,69.74210760337928,,98.89481707317073,91.23182207014541,78.51,2026-08-17
GKWLIMITED,1607.9,-4.21,-12.05,-3.49,-5.6,1.061,FINANCIAL_SERVICES,-2.87,30.77416595380667,31.41396176078257,48.52255054432349,72.88490853658537,31.629597946963216,36.72,2026-08-17
GLAND,2910.2,15.05,33.58,55.77,50.98,0.437,PHARMA,17.07,90.41916167664671,97.28768341485105,91.18714359771903,26.753048780487802,91.44568006843457,89.26,2026-08-17
GLAXO,2702.9,7.84,22.7,10.83,-3.1,1.254,PHARMA,9.86,80.30367835757058,70.52023121387283,52.203214100570236,78.54420731707317,84.98716852010266,72.85,2026-08-17
GLENMARK,2329.0,1.84,7.99,0.13,19.39,0.585,PHARMA,3.86,61.01368691189051,42.28546020453535,78.9528252980819,38.795731707317074,69.09751924721984,60.02,2026-08-17
GLFL,5.64,,,,,0.695,OTHER,,,,,47.40853658536585,,49.87,2026-08-17
GLOBAL,107.47,5.14,2.83,2.33,,4.144,HEALTHCARE,4.35,74.40119760479041,48.28812805691418,,96.83689024390245,70.63729683490163,63.55,2026-08-17
GLOBALE,10.87,,,,-20.31,1.233,OTHER,,,,29.808190772420947,78.14405487804879,,47.37,2026-08-17
GLOBALVECT,149.0,-4.18,-8.21,-13.16,-29.04,0.391,AVIATION,-4.37,30.902480752780153,10.51578479324144,19.80300673924313,22.351371951219512,25.192472198460226,22.3,2026-08-17
GLOBE,2.0,-5.66,-13.42,-17.36,-4.76,0.684,TEXTILES,-3.7,24.294268605645854,6.047132058692752,49.55935717988595,46.66539634146341,27.587681779298546,26.4,2026-08-17
GLOBECIVIL,44.86,,,,-43.39,0.557,OTHER,,,,7.568688439606014,36.6234756097561,,40.84,2026-08-17
GLOBUSSPR,881.75,-10.8,2.14,-2.39,-29.08,0.221,FMCG,-10.79,9.131736526946108,34.63761671854157,19.751166407465007,8.555640243902438,7.613344739093241,17.38,2026-08-17
GLOSTERLTD,619.75,-8.91,-9.33,-7.94,-5.28,1.155,TEXTILES,-6.94,13.857998289136015,21.298354824366385,49.09279419388284,75.95274390243902,16.78785286569718,26.31,2026-08-17
GMBREW,891.35,-2.12,-2.08,0.69,30.63,0.865,FMCG,-2.11,39.24294268605646,43.8194753223655,84.13685847589424,58.0983231707317,35.393498716852015,49.73,2026-08-17
GMDCLTD,574.0,-2.16,-7.32,-12.04,40.12,0.749,REALTY,-0.42,39.114627887082975,12.18319253001334,87.50648004147227,51.33384146341463,45.65868263473054,43.65,2026-08-17
GMMPFAUDLR,1056.55,30.94,34.76,17.85,-12.17,0.732,CAPITAL_GOODS,33.38,97.6475620188195,80.2134281903068,40.17625712804562,50.19054878048781,98.03250641573995,79.48,2026-08-17
GMRAIRPORT,101.31,-9.5,-5.77,4.89,14.22,0.75,INFRASTRUCTURE,-5.1,11.99743370402053,56.536238328145835,75.09072058061172,51.42911585365854,22.861420017108642,39.35,2026-08-17
GMRP&UI,96.7,-1.57,-8.2,-15.1,-15.01,0.946,INFRASTRUCTURE,2.83,41.958939264328485,7.825700311249443,36.85847589424572,62.4047256097561,65.39777587681779,36.94,2026-08-17
GNA,561.55,-5.14,46.43,51.26,85.3,0.936,AUTO,-7.4,26.71086398631309,96.30947087594487,96.11197511664075,61.85213414634146,14.841745081266039,57.97,2026-08-17
GNFC,600.65,17.09,12.05,16.78,14.12,3.875,CHEMICALS,16.13,92.30111206159111,78.59048465984883,74.90927941938828,96.64634146341463,90.97519247219846,85.41,2026-08-17
GNRL,103.69,6.4,16.87,6.32,,1.017,ENERGY,4.96,77.33105218135158,60.449088483770566,,71.34146341463415,72.17707442258342,66.57,2026-08-17
GOACARBON,355.95,-6.55,-12.11,-11.12,-20.32,0.396,METAL,-6.35,20.508982035928145,13.806136060471323,29.73043027475376,22.732469512195124,18.498716852010265,20.49,2026-08-17
GOCLCORP,408.0,1.25,1.44,35.77,11.63,0.506,CHEMICALS,0.29,57.313943541488456,92.21876389506447,72.31726283048211,32.45045731707317,52.715996578272026,67.11,2026-08-17
GOCOLORS,344.05,-2.42,-8.99,29.03,-50.61,0.909,RETAIL,-1.39,37.83147989734816,89.15073365940418,4.821150855365474,60.423018292682926,40.611633875106925,45.61,2026-08-17
GODAVARIB,245.6,-5.23,-18.49,-17.74,,0.269,FMCG,-5.22,26.218990590248076,5.713650511338372,,11.71875,22.412318220701454,24.55,2026-08-17
GODFRYPHLP,2131.0,0.44,-5.09,-12.12,-79.75,0.164,FMCG,0.45,52.92985457656116,12.072032014228546,1.762571280456195,4.782774390243903,53.67835757057314,30.19,2026-08-17
GODIGIT,254.85,-10.55,-13.92,-17.98,-31.3,0.376,FINANCIAL_SERVICES,-9.21,9.409751924721984,5.513561582925744,17.159149818558838,20.9984756097561,10.6928999144568,10.76,2026-08-17
GODREJAGRO,597.0,4.41,3.74,4.78,-19.11,2.498,AGRICULTURE,-0.12,71.87767322497861,56.22498888394843,31.518921721099012,92.91158536585365,48.75962360992301,57.48,2026-08-17
GODREJCP,928.0,-12.26,-10.29,-10.7,-26.27,0.472,FMCG,-12.25,6.715141146278871,14.762116496220543,23.17262830482115,29.878048780487802,5.389221556886228,12.98,2026-08-17
GODREJIND,1223.0,-8.68,15.26,7.75,-3.7,2.024,REALTY,-6.94,14.414029084687769,64.00622498888396,51.27008812856402,89.80564024390245,16.78785286569718,38.31,2026-08-17
GODREJPROP,2054.0,-1.74,14.46,19.83,2.34,1.105,REALTY,0.0,40.99657827202737,82.16985326811917,60.23846552617936,74.37118902439023,50.0,58.16,2026-08-17
GOKEX,804.1,-3.91,13.21,16.93,16.73,1.338,TEXTILES,-1.95,32.05731394354149,78.96843041351713,76.98289269051321,80.71646341463415,36.056458511548335,55.8,2026-08-17
GOKUL,38.68,-3.88,-4.99,-9.88,-3.95,1.036,FMCG,-3.87,32.2284003421728,17.029791018230327,50.90720580611716,72.02743902439023,26.71086398631309,33.33,2026-08-17
GOKULAGRO,231.66,9.28,4.15,-3.49,-29.88,0.351,FMCG,9.29,84.32420872540634,31.41396176078257,18.766200103680664,18.464176829268293,84.00342172797262,54.64,2026-08-17
GOLD1,127.7,8.64,1.89,-2.29,51.21,0.691,OTHER,6.81,83.04106073567151,35.03779457536683,91.49818558838777,47.21798780487805,78.99914456800684,70.33,2026-08-17
GOLD360,148.9,8.41,1.71,-2.49,49.42,2.029,OTHER,6.58,81.88622754491018,34.25967096487328,90.4613789528253,89.9390243902439,77.63045337895637,71.46,2026-08-17
GOLDADD,148.65,8.54,1.98,-2.27,,0.59,OTHER,6.71,82.65611633875108,35.19341929746554,,39.10060975609756,78.55004277159966,61.47,2026-08-17
GOLDAXIS,127.41,8.54,,,,0.54,OTHER,6.71,82.65611633875108,,,35.423018292682926,78.55004277159966,64.98,2026-08-17
GOLDBEES,126.42,8.54,1.84,-2.31,50.81,1.102,OTHER,6.71,82.65611633875108,34.926634059582035,91.08346293416277,74.27591463414635,78.55004277159966,71.37,2026-08-17
GOLDBETA,128.75,8.47,1.98,-2.31,,1.5,OTHER,6.64,82.33532934131736,34.926634059582035,,83.4984756097561,78.01539777587682,63.43,2026-08-17
GOLDBND,152.83,8.4,1.87,-1.81,,4.377,OTHER,6.57,81.80068434559452,36.8830591373944,,97.02743902439023,77.5235243798118,64.33,2026-08-17
GOLDCASE,24.06,8.53,1.78,-2.31,51.04,0.747,OTHER,6.7,82.52780153977758,34.926634059582035,91.31674442716434,51.21951219512195,78.37895637296835,70.2,2026-08-17
GOLDETF,148.56,8.41,1.82,-2.35,51.04,1.59,OTHER,6.58,81.88622754491018,34.815473543797246,91.31674442716434,84.7751524390244,77.63045337895637,71.51,2026-08-17
GOLDIAM,374.4,6.12,-22.91,-1.11,6.86,0.987,FMCG,6.13,76.53977758768178,38.92841262783459,67.80715396578539,64.1577743902439,75.6201881950385,64.63,2026-08-17
GOLDIETF,131.02,8.57,1.89,-2.07,51.31,0.892,OTHER,6.74,82.78443113772454,36.127167630057805,91.5500259201659,59.67987804878049,78.76390076988879,71.11,2026-08-17
GOODLUCK,1311.1,-16.17,-0.2,-1.35,18.45,0.516,METAL,-15.97,2.780153977758768,38.46153846153847,78.17522032141005,33.479420731707314,2.4807527801539777,28.27,2026-08-17
GOODYEAR,765.35,-6.42,2.54,1.94,,0.218,AUTO,-8.68,21.107784431137723,47.71009337483326,,8.346036585365853,11.826347305389222,31.51,2026-08-17
GOPAL,270.75,1.5,-4.78,-6.85,-27.03,1.01,FMCG,1.51,59.13173652694611,23.165851489550914,22.291342664593053,71.01753048780488,59.17450812660393,43.37,2026-08-17
GOYALALUM,6.4,-4.48,-7.78,-7.38,-16.78,1.553,METAL,-4.28,29.57656116338751,22.054246331702977,34.68118195956454,84.0701219512195,25.57741659538067,30.84,2026-08-17
GPIL,250.82,1.9,-9.4,-12.88,5.19,2.437,METAL,2.1,61.46278870829769,11.116051578479325,65.00777604976672,92.5685975609756,61.44140290846878,51.14,2026-08-17
GPPL,159.57,6.38,2.99,5.64,2.14,1.518,INFRASTRUCTURE,10.78,77.22412318220702,58.93730546909738,60.082944530845,83.76524390243902,85.92814371257485,70.86,2026-08-17
GPTHEALTH,153.32,-0.3,4.04,8.32,1.36,0.385,HEALTHCARE,-1.08,47.455089820359284,65.62916851934193,58.81285640228098,21.722560975609756,42.194183062446534,52.19,2026-08-17
GPTINFRA,115.06,-3.21,-0.39,-1.19,-0.68,0.541,INFRASTRUCTURE,1.19,34.709153122326775,38.75055580257892,54.92483151892172,35.49923780487805,57.463644140290846,43.22,2026-08-17
GRADIENTE,2.77,,27.65,,,0.426,MEDIA,,,,,25.45731707317073,,48.77,2026-08-17
GRANDOAK,38.15,-9.4,-4.22,46.9,,0.668,FINANCIAL_SERVICES,-8.06,12.489307100085544,95.50911516229435,,45.67454268292683,13.045337895637296,42.49,2026-08-17
GRANULES,861.55,-4.62,15.13,17.03,83.5,0.461,PHARMA,-2.6,28.91360136869119,79.21298354824367,95.85277345775013,28.92530487804878,32.91274593669804,55.48,2026-08-17
GRAPHITE,729.5,11.36,11.45,-5.8,40.07,0.303,CAPITAL_GOODS,13.8,87.33960650128316,25.077812361049357,87.40279937791601,14.310213414634147,89.26432848588537,68.42,2026-08-17
GRASIM,3250.5,5.78,3.51,10.79,16.25,1.817,CEMENT,9.91,75.7912745936698,70.38683859493108,76.46448937273198,87.9001524390244,85.02994011976048,76.57,2026-08-17
GRAUWEIL,67.96,-12.67,-10.59,5.56,,0.607,CHEMICALS,-13.62,6.094952951240376,58.62605602489995,,40.83460365853659,3.7639007698887936,29.4,2026-08-17
GRAVISSHO,28.53,-7.19,-0.7,-5.93,,0.56,HOSPITALITY,-4.97,19.054747647562017,24.899955535793687,,36.92835365853659,23.353293413173652,28.24,2026-08-17
GRAVITA,1821.7,-0.43,9.48,7.91,8.45,1.109,METAL,-0.23,46.68520102651839,64.62872387727879,69.56972524624157,74.5998475609756,47.49786142001711,57.27,2026-08-17
GREAVESCOT,195.01,-23.95,1.96,17.65,-3.55,0.372,CAPITAL_GOODS,-21.51,0.9837467921300257,79.87994664295243,51.52928978745464,20.75076219512195,1.1548331907613345,31.83,2026-08-17
GREENLAM,252.8,0.96,-2.4,8.4,8.48,0.167,INFRASTRUCTURE,5.36,55.62446535500428,65.76256113828369,69.6215655780197,4.992378048780488,72.88280581693756,61.02,2026-08-17
GREENPANEL,169.59,-16.06,-11.76,-16.32,-37.35,2.049,REALTY,-14.32,2.8229255774165956,6.75855935971543,12.130637636080872,90.3201219512195,3.20786997433704,10.1,2026-08-17
GREENPLY,286.3,-10.59,-3.5,12.61,-6.91,0.4,REALTY,-8.85,9.345594525235244,73.67718986216096,47.07102125453603,22.884908536585368,11.1633875106929,33.92,2026-08-17
GREENPOWER,9.55,-4.69,-15.19,-16.08,-31.49,1.093,POWER,0.54,28.614200171086402,7.06980880391285,16.796267496111973,73.9138719512195,54.06330196749358,26.95,2026-08-17
GRINDWELL,2163.5,-9.18,5.68,16.32,38.61,0.278,CAPITAL_GOODS,-6.74,13.00256629597947,77.96798577145398,87.24727838258165,12.404725609756099,17.236954662104363,44.7,2026-08-17
GRINFRA,871.6,-3.21,-0.77,-6.77,-30.87,0.39,INFRASTRUCTURE,1.19,34.709153122326775,23.34370831480658,17.62571280456195,22.21798780487805,57.463644140290846,31.24,2026-08-17
GRMOVER,88.28,-4.85,-5.03,-48.3,-76.54,1.101,AGRICULTURE,-9.38,27.822925577416598,0.9337483325922632,1.9180922757905652,74.23780487804879,10.26518391787853,15.61,2026-08-17
GROBTEA,953.8,-0.18,5.68,5.92,,3.34,FMCG,-0.17,47.946963216424294,59.42641173855046,,95.8079268292683,48.33190761334474,53.68,2026-08-17
GROWW,198.69,-3.38,-0.5,5.87,,0.763,FINANCIAL_SERVICES,-2.04,33.85372112917023,59.270787016451756,,52.2484756097561,35.62874251497006,44.62,2026-08-17
GROWWCAPM,11.25,-1.23,-3.52,-3.18,,1.613,OTHER,-3.06,43.541488451668094,32.30324588706092,,85.21341463414635,30.795551753635586,42.2,2026-08-17
GROWWCHEM,30.74,1.79,3.61,5.02,,9.585,OTHER,-0.04,60.71428571428571,56.825255669186305,,99.16158536585365,49.33704020530368,57.81,2026-08-17
GROWWDEFNC,98.82,6.34,8.69,9.41,30.92,1.733,OTHER,4.51,77.09580838323353,67.8968430413517,84.65526179367548,86.54725609756098,71.17194183062446,75.89,2026-08-17
GROWWEV,34.18,9.38,9.73,14.16,13.82,1.346,OTHER,7.55,84.60222412318221,76.0782570031125,74.67599792638673,80.90701219512195,80.41060735671513,79.67,2026-08-17
GROWWGOLD,14.93,8.42,1.63,-2.23,-84.94,0.963,OTHER,6.59,82.01454234388366,35.43797243219208,1.2960082944530846,63.224085365853654,77.75876817792987,52.65,2026-08-17
GROWWHOSPI,52.67,-2.79,1.76,3.03,,1.363,OTHER,-4.62,36.3130881094953,49.97776789684304,,81.09756097560977,24.615055603079554,42.95,2026-08-17
GROWWLIQID,110.37,0.41,0.8,1.18,4.65,1.059,OTHER,-1.42,52.15996578272028,45.08670520231214,63.71176775531363,72.80868902439023,39.84174508126604,51.89,2026-08-17
GROWWLOVOL,10.55,1.64,3.63,2.93,3.53,0.618,OTHER,-0.19,59.858853721129165,49.755446865273456,61.81959564541213,41.84451219512195,47.946963216424294,55.04,2026-08-17
GROWWMC150,237.43,2.49,4.48,6.82,,0.643,OTHER,0.66,64.75620188195037,61.805246776345044,,43.59756097560975,54.64071856287425,58.49,2026-08-17
GROWWMETAL,12.42,4.55,1.31,-1.9,,0.567,OTHER,2.72,72.54063301967494,36.594041796353935,,37.5,64.88451668092387,56.15,2026-08-17
GROWWMOM50,11.04,2.79,2.32,4.74,7.08,0.775,OTHER,0.96,65.91103507271173,56.11382836816363,68.17003628823225,52.8391768292683,56.287425149700596,61.82,2026-08-17
GROWWN200,11.55,2.21,3.49,3.22,3.87,1.044,OTHER,0.38,63.430282292557735,50.40017785682526,62.51944012441679,72.1798780487805,53.293413173652695,58.91,2026-08-17
GROWWNET,10.65,6.61,16.78,20.48,-0.84,0.986,OTHER,4.78,77.88708297690333,82.97020898176967,54.536029030585794,64.10060975609755,71.79213002566296,72.88,2026-08-17
GROWWNIFTY,9.82,1.03,1.55,3.37,-1.01,1.225,OTHER,-0.8,56.030795551753634,51.022676745220096,54.38050803525143,77.8201219512195,43.370402053036784,53.64,2026-08-17
GROWWNXT50,75.27,4.08,4.25,8.08,12.18,1.153,OTHER,2.25,70.46621043627032,65.16229435304581,72.78382581648522,75.91463414634147,62.29683490162532,68.65,2026-08-17
GROWWPOWER,11.52,-2.7,-4.71,-4.32,19.01,0.751,OTHER,-4.53,36.67664670658682,28.701645175633615,78.58994297563504,51.505335365853654,24.76475620188195,42.02,2026-08-17
GROWWPSE,99.32,-0.37,-1.46,-6.05,,0.349,OTHER,-2.2,47.02737382378101,24.455313472654513,,18.31173780487805,34.944396920444824,38.73,2026-08-17
GROWWPSUBK,87.63,3.86,2.41,8.43,,0.115,OTHER,2.03,69.63216424294268,65.85148955091151,,2.419969512195122,61.1633875106929,60.13,2026-08-17
GROWWRAIL,29.05,0.45,-2.52,-9.13,-14.26,0.666,OTHER,-1.38,53.015397775876814,18.497109826589593,37.42871954380508,45.5030487804878,40.67579127459367,39.04,2026-08-17
GROWWRLTY,10.2,0.39,11.96,20.14,,1.817,OTHER,-1.44,51.98887938408896,82.57003112494442,,87.9001524390244,39.542343883661246,59.16,2026-08-17
GROWWSC250,10.59,1.44,6.01,10.2,,0.837,OTHER,-0.39,58.70402053036784,69.45309026233882,,56.57393292682927,46.364414029084685,57.69,2026-08-17
GROWWSLVR,22.91,8.02,-5.29,-10.05,-80.05,0.847,OTHER,6.19,80.79555175363559,16.7185415740329,1.607050285121825,57.012195121951216,76.00513259195894,47.03,2026-08-17
GRPLTD,2049.2,10.06,23.11,13.34,-6.56,1.016,CHEMICALS,9.1,85.58597091531223,74.9444197421076,47.69310523587351,71.24618902439023,83.74679213002565,74.35,2026-08-17
GRSE,2600.1,0.36,-2.37,-3.19,7.26,0.616,DEFENCE,-2.67,51.75363558597091,32.21431747443308,68.32555728356662,41.730182926829265,32.698887938408895,46.82,2026-08-17
GRWRHITECH,7030.0,1.42,10.18,30.1,159.18,0.531,CAPITAL_GOODS,3.86,58.38323353293413,89.77323254779903,99.53343701399689,34.66082317073171,69.09751924721984,74.88,2026-08-17
GSEC10IETF,267.0,1.48,2.16,2.83,5.06,0.198,OTHER,-0.35,58.93926432848588,49.53312583370387,64.80041472265422,7.240853658536585,46.68520102651839,53.34,2026-08-17
GSEC10YEAR,30.61,0.16,1.8,3.45,5.99,0.921,OTHER,-1.67,50.278015397775874,51.31169408626056,66.20010368066356,61.108993902439025,37.98118049615056,52.42,2026-08-17
GSEC5IETF,66.33,0.44,0.62,3.01,6.14,0.428,OTHER,-1.39,52.92985457656116,49.93330369052912,66.58890616899949,25.72408536585366,40.611633875106925,51.7,2026-08-17
GSFC,159.87,-0.21,-4.42,-5.96,-19.99,3.353,CHEMICALS,-1.16,47.84003421727972,24.6776345042241,30.274753758424055,95.88414634146342,41.80923866552609,40.03,2026-08-17
GSLSU,33.71,19.45,-33.56,-40.1,-69.89,0.374,REALTY,21.19,93.79811804961506,1.1116051578479325,2.5401762571280453,20.884146341463413,94.311377245509,48.81,2026-08-17
GSPCROP,589.75,19.62,29.05,37.86,,0.449,CHEMICALS,18.66,93.84088964927288,93.0635838150289,,27.496189024390244,92.7715996578272,81.4,2026-08-17
GSS,13.01,,,,-54.04,0.691,OTHER,,,,4.095386210471747,47.21798780487805,,40.68,2026-08-17
GTL,7.41,3.49,-8.41,,-24.54,1.776,TELECOM,7.28,68.37040205303678,,24.8315189217211,87.15701219512195,79.79041916167665,57.72,2026-08-17
GTLINFRA,1.21,-4.72,-20.92,-10.37,-19.33,0.666,FINANCIAL_SERVICES,-3.38,28.507271171941827,15.384615384615385,31.207879730430278,45.5030487804878,29.27715996578272,26.73,2026-08-17
GTPL,54.04,-14.8,-18.15,-21.27,-53.42,0.942,MEDIA,-12.33,3.9777587681779294,3.4682080924855487,4.302747537584241,62.19512195121951,5.260906757912745,7.02,2026-08-17
GUFICBIO,418.2,7.7,13.03,48.3,10.94,3.2,PHARMA,9.72,79.94011976047905,95.82036460649176,71.79885951270089,95.46493902439023,84.77331052181351,83.78,2026-08-17
GUJALKALI,680.45,15.45,5.67,-3.19,20.38,0.669,CHEMICALS,14.5,90.76133447390933,32.21431747443308,79.52306894764126,45.75076219512195,89.82035928143712,71.49,2026-08-17
GUJAPOLLO,349.15,-1.22,-5.11,-10.6,-31.75,1.342,CHEMICALS,-2.17,43.627031650983746,14.851044908848376,16.459305339554174,80.81173780487805,35.0727117194183,31.58,2026-08-17
GUJENERGY,276.5,-4.24,,,,0.865,OTHER,-6.07,30.645851154833192,,,58.0983231707317,19.525235243798118,39.06,2026-08-17
GUJRAFFIA,41.32,3.77,1.8,10.16,6.14,1.231,CHEMICALS,2.82,69.37553464499572,69.29746554024011,66.58890616899949,78.01067073170732,65.26946107784431,68.61,2026-08-17
GUJTHEM,351.25,-5.17,-7.22,-5.14,-9.14,0.916,PHARMA,-3.15,26.518391787852863,26.411738550466872,44.89372731985485,60.86128048780488,30.367835757057314,32.46,2026-08-17
GULFOILLUB,1174.6,14.08,18.29,24.66,-5.24,0.301,ENERGY,12.64,89.52095808383234,86.59404179635393,49.14463452566096,14.02439024390244,87.74593669803251,76.67,2026-08-17
GULPOLY,192.06,6.12,-7.82,0.97,16.78,0.235,AGRICULTURE,1.59,76.53977758768178,44.397510004446424,77.03473302229135,9.679878048780488,59.623609923011124,62.72,2026-08-17
GVPIL,731.15,-10.94,-28.65,,,2.042,CAPITAL_GOODS,-8.5,8.810949529512403,,,90.20579268292683,12.211291702309666,31.93,2026-08-17
GVPTECH,7.02,4.0,9.52,4.46,-30.5,0.504,IT,6.12,70.2737382378101,55.31347265451312,18.118195956454123,32.10746951219512,75.55603079555175,54.99,2026-08-17
GVT&D,4290.0,-6.42,-11.95,-1.21,59.47,0.41,CAPITAL_GOODS,-3.98,21.107784431137723,38.639395286794134,92.74235355106273,23.78048780487805,26.133447390932417,40.71,2026-08-17
GYFTR,162.22,-0.34,,,,0.783,OTHER,-2.17,47.19846022241232,,,53.23932926829268,35.0727117194183,46.94,2026-08-17
HAL,5059.0,14.1,18.87,15.34,15.41,1.61,DEFENCE,11.07,89.56372968349017,77.27879057358827,75.84240539139451,85.17530487804879,86.1847733105218,83.02,2026-08-17
HALDER,294.92,28.24,26.04,28.28,,1.09,AGRICULTURE,23.71,97.13430282292558,88.75055580257893,,73.85670731707317,95.42343883661249,84.19,2026-08-17
HALEOSLABS,1437.5,-8.98,4.58,-8.13,,0.735,PHARMA,-6.96,13.686911890504705,20.653623832814585,,50.43826219512195,16.659538066723695,24.97,2026-08-17
HAMPTON,7.95,,,,,1.0,OTHER,,,,,67.64481707317073,,50.88,2026-08-17
HAPPSTMNDS,426.8,11.9,21.15,18.15,-26.62,2.048,IT,14.02,88.06672369546621,80.52467763450423,22.913426645930535,90.2439024390244,89.4781864841745,73.47,2026-08-17
HAPPYFORGE,2198.1,36.62,64.44,58.52,141.51,1.815,CAPITAL_GOODS,39.06,98.58853721129171,97.59893285904847,99.17055469155002,87.76676829268293,98.88793840889649,97.96,2026-08-17
HARDWYN,10.95,-27.72,-54.07,-54.01,-18.1,0.871,REALTY,-25.98,0.6843455945252352,0.755891507336594,32.607568688439606,58.4984756097561,0.6415739948674081,9.97,2026-08-17
HARIOMPIPE,346.45,-13.67,-17.33,12.27,-27.71,1.156,METAL,-13.47,5.132591958939265,73.0102267674522,21.358216692586833,76.00990853658537,3.8922155688622757,28.7,2026-08-17
HARRMALAYA,193.47,-13.12,-8.91,-7.49,-7.88,1.264,CHEMICALS,-14.08,5.603079555175364,21.920853712761225,45.98237428719544,78.88719512195121,3.3361847733105217,21.08,2026-08-17
HARSHA,425.6,-0.43,-2.54,4.92,4.42,1.811,CAPITAL_GOODS,2.01,46.68520102651839,56.60293463761672,63.29704510108864,87.65243902439023,61.07784431137725,56.69,2026-08-17
HATHWAY,10.59,-4.42,-5.11,3.32,-27.96,1.213,MEDIA,-1.95,29.769033361847736,50.68919519786572,20.839813374805598,77.45807926829268,36.056458511548335,36.54,2026-08-17
HATSUN,968.8,4.51,6.56,2.87,9.64,0.851,FMCG,4.52,72.26261762189907,49.6220542463317,70.45101088646967,57.24085365853659,71.2147134302823,65.33,2026-08-17
HAVELLS,1299.0,10.97,10.07,7.39,-14.42,0.742,CAPITAL_GOODS,13.41,86.74080410607357,63.2281013783904,37.32503888024883,50.838414634146346,88.8366124893071,69.5,2026-08-17
HAVISHA,1.4,16.67,7.69,,,0.882,FINANCIAL_SERVICES,18.01,91.95893926432849,,,59.14634146341463,92.25834046193327,71.48,2026-08-17
HAWKINCOOK,8340.0,-6.87,6.62,16.32,,0.201,FMCG,-6.86,19.78186484174508,77.96798577145398,,7.450457317073171,16.894781864841747,39.32,2026-08-17
HAZOOR,21.49,,,,,1.0,OTHER,,,,,67.64481707317073,,50.88,2026-08-17
HBESD,75.41,1.22,-0.76,-2.41,,3.161,REALTY,2.96,57.18562874251497,34.5709204090707,,95.35060975609755,65.73994867408041,53.29,2026-08-17
HBLENGINE,674.6,-9.0,-15.64,-12.61,-12.54,0.927,CAPITAL_GOODS,-6.56,13.60136869118905,11.471765228990662,39.917055469155,61.49009146341463,17.835757057313945,21.36,2026-08-17
HBPOR,62.99,,,,,1.0,OTHER,,,,,67.64481707317073,,50.88,2026-08-17
HBSL,56.9,,,,,0.799,OTHER,,,,,54.287347560975604,,50.21,2026-08-17
HCC,20.33,-11.42,-20.24,-5.04,,1.185,INFRASTRUCTURE,-7.02,8.105218135158255,26.634059582036464,,76.82926829268293,16.360136869118904,25.79,2026-08-17
HCG,712.35,7.92,13.85,11.79,3.81,1.046,HEALTHCARE,7.14,80.47476475620188,72.29879946642951,62.3120787973043,72.29420731707317,79.51240376390078,74.24,2026-08-17
HCL-INSYS,11.24,-4.58,-10.65,-3.77,,0.683,IT,-2.46,29.0846877673225,30.680302356602933,,46.551067073170735,33.40461933276305,35.19,2026-08-17
HCLTECH,1325.0,11.59,14.32,16.99,-11.24,0.345,IT,13.71,87.55346449957229,79.12405513561583,41.99066874027994,17.778201219512198,89.17878528656972,73.09,2026-08-17
HDBFS,683.9,-9.09,-3.61,1.33,-13.44,0.45,FINANCIAL_SERVICES,-7.75,13.366124893071001,46.19831036016007,38.3618455158113,27.61051829268293,14.007698887938409,27.38,2026-08-17
HDFCAMC,2523.0,-3.04,-5.1,-6.68,-56.19,0.782,FINANCIAL_SERVICES,-1.7,35.393498716852015,23.610493552690084,3.68066355624676,53.182164634146346,37.76732249786142,27.35,2026-08-17
HDFCBANK,729.0,-9.81,-7.12,-5.02,-25.11,0.503,BANKING,-9.48,11.206159110350727,26.700755891507338,24.261275272161743,31.95503048780488,9.965782720273738,18.54,2026-08-17
HDFCBSE500,38.12,1.98,2.97,5.36,3.93,1.079,OTHER,0.15,61.89050470487596,58.092485549132945,62.674961119751174,73.60899390243902,51.51839178785287,60.13,2026-08-17
HDFCGOLD,130.62,8.45,1.82,-2.37,51.04,1.144,OTHER,6.62,82.14285714285714,34.70431302801245,91.31674442716434,75.76219512195121,77.86569717707442,71.16,2026-08-17
HDFCGROWTH,121.37,5.14,6.72,7.58,-1.02,0.743,OTHER,3.31,74.40119760479041,63.47265451311694,54.3286677034733,50.91463414634146,67.10863986313088,65.39,2026-08-17
HDFCLIFE,543.0,-4.33,-5.47,-10.79,-30.08,0.937,FINANCIAL_SERVICES,-2.99,30.41060735671514,14.584259670964872,18.55883877656817,61.92835365853659,31.201881950384948,25.78,2026-08-17
HDFCLIQUID,1074.03,0.43,0.83,1.25,4.77,2.088,OTHER,-1.4,52.65183917878529,45.53134726545131,64.12649040953862,90.70121951219512,40.33361847733105,53.22,2026-08-17
HDFCLOWVOL,21.0,2.49,4.12,4.43,1.25,0.189,OTHER,0.66,64.75620188195037,55.202312138728324,58.68325557283567,6.516768292682927,54.64071856287425,56.72,2026-08-17
HDFCMID150,23.71,1.54,3.36,5.33,10.95,0.664,OTHER,-0.29,59.2814371257485,57.936860827034245,71.85069984447901,45.27439024390244,47.04875962360992,58.92,2026-08-17
HDFCMOMENT,31.47,2.14,0.45,3.66,3.35,0.882,OTHER,0.31,62.91702309666382,52.245442418852825,61.456713322965264,59.14634146341463,52.80153977758768,58.25,2026-08-17
HDFCNEXT50,76.35,4.3,4.18,7.81,12.26,0.428,OTHER,2.47,71.27887082976903,64.2952423299244,72.83566614826334,25.72408536585366,63.64414029084687,66.42,2026-08-17
HDFCNIF100,26.31,1.43,2.33,3.62,1.15,0.414,OTHER,-0.4,58.55431993156544,52.02312138728323,58.47589424572317,24.19969512195122,46.10778443113773,53.32,2026-08-17
HDFCNIFBAN,59.54,0.32,1.4,8.0,6.36,1.406,OTHER,-1.51,51.539777587681776,64.91774121831926,67.26283048211509,81.66920731707317,39.136013686911895,57.67,2026-08-17
HDFCNIFIT,32.99,7.53,8.48,11.64,-12.77,0.258,OTHER,5.7,79.68349016253208,71.9875500222321,39.55417314670814,11.070884146341463,74.03763900769889,65.46,2026-08-17
HDFCNIFTY,274.89,1.39,2.28,3.88,-0.44,0.371,OTHER,-0.44,58.23353293413174,52.9568697198755,55.676516329704505,20.560213414634145,45.551753635585975,52.62,2026-08-17
HDFCNIMEG,131.79,,,,,0.124,OTHER,,,,,2.877286585365854,,47.64,2026-08-17
HDFCPSUBK,87.93,4.26,1.52,7.88,27.31,0.181,OTHER,2.43,71.04362703165098,64.42863494886616,82.58164852255054,5.8879573170731705,63.280581693755344,67.28,2026-08-17
HDFCPVTBAN,28.06,-1.75,-1.09,5.61,4.58,0.75,OTHER,-3.58,40.93242087254063,58.803912850155626,63.45256609642301,51.42911585365854,28.122326775021385,48.51,2026-08-17
HDFCQUAL,59.72,4.81,4.85,4.13,3.3,0.24,OTHER,2.98,73.56715141146279,54.06847487772344,61.32711249351996,10.041920731707316,65.8896492728828,61.92,2026-08-17
HDFCSENSEX,88.25,0.78,1.8,3.8,-2.98,0.662,OTHER,-1.05,54.533789563729684,52.623388172521125,52.4364955935718,45.1219512195122,42.32249786142002,51.33,2026-08-17
HDFCSILVER,223.64,8.05,-5.28,-10.16,99.55,0.815,OTHER,6.22,80.90248075278016,15.984882169853268,96.99326075686885,55.449695121951216,76.17621899059024,65.91,2026-08-17
HDFCSML250,185.2,1.65,5.82,10.16,9.74,0.655,OTHER,-0.18,60.00855431993156,69.29746554024011,70.68429237947123,44.60746951219512,48.13943541488452,61.92,2026-08-17
HDFCVALUE,126.6,-0.33,-1.33,0.19,-4.88,0.572,OTHER,-2.16,47.30538922155689,42.46331702979102,49.40383618455158,37.957317073170735,35.222412318220705,44.23,2026-08-17
HEADSUP,6.69,1.98,-11.27,-10.2,-36.04,1.978,TEXTILES,3.94,61.89050470487596,15.851489550911516,13.011923276308968,89.21493902439023,69.4824636441403,43.11,2026-08-17
HEALTHADD,16.65,0.24,-89.32,-89.49,-88.6,0.342,OTHER,-1.59,50.898203592814376,0.17785682525566918,0.8035251425609125,17.53048780487805,38.53721129170231,24.68,2026-08-17
HEALTHAXIS,167.93,-0.11,,,,0.302,OTHER,-1.94,48.35329341317365,,,14.119664634146343,36.14200171086399,45.55,2026-08-17
HEALTHCARE,21.55,0.84,8.13,7.05,,0.411,OTHER,-0.99,54.91873396065012,62.2054246331703,,23.932926829268293,42.57912745936698,52.36,2026-08-17
HEALTHIETF,168.59,-0.38,6.61,4.11,13.38,1.686,OTHER,-2.21,46.877673224978615,53.935082258781684,74.2871954380508,85.82317073170732,34.858853721129165,54.27,2026-08-17
HEALTHX,291.5,-10.06,-4.61,2.62,,0.526,HEALTHCARE,-10.84,10.650128314798973,49.021787461093815,,34.1844512195122,7.506415739948674,28.82,2026-08-17
HEALTHY,16.99,0.12,7.06,4.94,13.8,0.593,OTHER,-1.71,50.0,56.64739884393064,74.59823742871954,39.53887195121951,37.72455089820359,54.22,2026-08-17
HECPROJECT,119.89,-0.7,-7.58,-1.68,,1.75,INFRASTRUCTURE,3.7,45.57313943541488,37.438861716318364,,86.77591463414635,68.73396065012831,49.96,2026-08-17
HEG,698.3,14.77,29.0,11.8,46.03,0.407,CAPITAL_GOODS,17.21,90.24807527801539,72.34326367274345,89.42457231726283,23.494664634146343,91.57399486740803,82.47,2026-08-17
HEIDELBERG,160.22,0.51,5.33,4.57,-24.01,2.237,CEMENT,4.64,53.25064157399487,55.51356158292574,25.401762571280457,91.34908536585365,71.55688622754491,52.9,2026-08-17
HEMIPROP,134.27,-1.47,-5.38,-9.87,-0.74,0.956,REALTY,0.27,42.72882805816938,17.074255224544242,54.79523068947641,62.82393292682927,52.50213857998289,41.2,2026-08-17
HERANBA,166.23,-8.28,-12.45,-18.72,-54.13,3.443,CHEMICALS,-9.24,15.761334473909324,4.891062694530903,4.043545878693624,96.03658536585365,10.650128314798973,13.95,2026-08-17
HERITGFOOD,363.65,8.34,10.41,10.05,-21.98,0.418,FMCG,8.35,81.60821214713431,69.05291240551357,27.527216174183515,24.485518292682926,81.84345594525236,64.83,2026-08-17
HEROMOTOCO,5745.0,17.29,14.19,13.44,13.24,0.469,AUTO,15.03,92.53635585970915,75.14450867052022,74.10575427682737,29.6875,90.16253207869974,81.0,2026-08-17
HESTERBIO,2417.6,-0.82,17.68,32.01,14.24,0.098,PHARMA,1.2,45.16680923866553,90.72921298354825,75.1684810782789,1.8483231707317072,57.5491873396065,62.25,2026-08-17
HEXATRADEX,157.31,-0.51,-3.21,-4.4,-11.27,0.213,FINANCIAL_SERVICES,0.83,46.27887082976903,28.479324144064027,41.88698807672369,8.003048780487806,55.710008554319934,40.45,2026-08-17
HEXT,561.0,-0.13,12.26,15.87,-29.34,0.063,IT,1.99,48.289136013686914,77.6345042240996,19.440124416796266,0.8955792682926829,61.035072711719415,49.4,2026-08-17
HFCL,219.5,-2.17,16.15,48.42,205.63,0.374,TELECOM,1.62,39.050470487596236,95.8648288128057,99.74079834110938,20.884146341463413,59.75192472198461,67.59,2026-08-17
HGINFRA,514.5,-7.51,-10.92,-14.85,-47.34,1.297,INFRASTRUCTURE,-3.11,18.113772455089823,8.203646064917741,5.961638154484189,79.8780487804878,30.624465355004276,18.17,2026-08-17
HGM,45.06,-10.31,-16.23,-23.9,,1.185,IT,-8.19,10.179640718562874,2.756780791462872,,76.82926829268293,12.660393498716852,19.99,2026-08-17
HGS,413.05,-5.51,-3.79,1.5,-20.98,1.086,IT,-3.39,25.021385799828916,46.509559804357494,29.030585795749094,73.7423780487805,29.148845166809238,34.25,2026-08-17
HIKAL,212.81,-9.21,12.18,5.63,-16.79,0.438,PHARMA,-7.19,12.95979469632164,58.8706091596265,34.62934162778642,26.81021341463415,15.54747647562019,29.85,2026-08-17
HILINFRA,44.46,,,,,0.663,OTHER,,,,,45.2172256097561,,49.76,2026-08-17
HIMATSEIDE,70.5,-17.44,-9.52,-10.08,-42.51,2.241,TEXTILES,-15.48,2.2241231822070144,16.585148955091153,8.346293416277865,91.38719512195121,2.5662959794696323,11.55,2026-08-17
HINDADH,335.55,,,,,1.0,OTHER,,,,,67.64481707317073,,50.88,2026-08-17
HINDALCO,1049.9,9.44,6.87,-1.65,48.77,0.606,METAL,9.64,84.68776732249786,37.55002223210316,90.04665629860031,40.66310975609756,84.49529512403764,71.75,2026-08-17
HINDALUMI,99.17,,,,,1.0,OTHER,,,,,67.64481707317073,,50.88,2026-08-17
HINDCOMPOS,409.55,-8.67,-2.35,-2.56,-11.08,0.566,AUTO,-10.93,14.456800684345595,33.88172521120498,42.45723172628305,37.46189024390244,7.3994867408041065,25.0,2026-08-17
HINDCON,22.13,,,,-31.74,0.568,OTHER,,,,16.537065837221355,37.5952743902439,,42.69,2026-08-17
HINDCOPPER,572.65,18.23,11.9,0.42,147.7,3.221,METAL,18.43,92.94268605645851,43.152512227656736,99.3260756868844,95.54115853658537,92.64328485885372,81.86,2026-08-17
HINDOILEXP,154.89,-1.56,-3.15,-8.45,-5.6,0.841,ENERGY,-3.0,42.08725406330196,20.0533570475767,48.52255054432349,56.764481707317074,31.11633875106929,36.95,2026-08-17
HINDPETRO,371.0,-7.11,-7.67,1.26,-3.12,0.521,CHEMICALS,-8.07,19.41830624465355,45.775900400177854,52.12545360290306,33.860518292682926,12.917023096663815,32.3,2026-08-17
HINDUNILVR,2055.0,-2.07,-6.59,-9.56,-23.68,0.587,FMCG,-2.06,39.39264328485885,17.63005780346821,25.76464489372732,38.92911585365854,35.58597091531223,30.63,2026-08-17
HINDWAREAP,197.63,-18.94,-22.06,-9.41,-37.95,3.246,REALTY,-17.2,1.7536355859709154,18.07469986660738,11.35303265940902,95.6173780487805,1.924721984602224,12.47,2026-08-17
HINDZINC,567.5,8.73,0.57,-11.02,31.93,1.032,METAL,8.93,83.1907613344739,13.961760782570032,85.01814411612234,71.81783536585365,83.36184773310522,65.71,2026-08-17
HIRECT,1258.6,-2.31,9.92,33.0,-20.44,0.351,CAPITAL_GOODS,0.13,38.15226689478187,91.06269453090262,29.54898911353033,18.464176829268293,51.36869118905047,50.66,2026-08-17
HISARMETAL,152.44,-0.38,-2.67,-0.94,-18.57,0.74,METAL,-0.18,46.877673224978615,39.35082258781681,31.88180404354588,50.800304878048784,48.13943541488452,42.38,2026-08-17
HITECH,78.43,-9.5,-13.26,-7.32,-9.04,0.694,METAL,-9.3,11.99743370402053,22.23210315695865,45.10108864696734,47.332317073170735,10.479041916167663,22.72,2026-08-17
HLEGLAS,314.6,-28.08,-17.64,-0.87,-40.68,0.636,CAPITAL_GOODS,-25.64,0.6415739948674081,39.43975100044464,9.383100051840332,42.96875,0.6843455945252352,14.21,2026-08-17
HLVLTD,6.73,-9.05,-16.08,-12.37,-41.78,3.06,HOSPITALITY,-6.83,13.494439692044482,11.827478879502001,8.605495075168482,94.96951219512195,16.937553464499572,16.69,2026-08-17
HMAAGRO,22.95,4.65,0.13,-4.81,-26.7,4.662,AGRICULTURE,0.12,72.96834901625321,27.47887950200089,22.809745982374288,97.1798780487805,51.2617621899059,49.52,2026-08-17
HNDFDS,608.45,7.87,9.92,16.98,14.87,1.433,FMCG,7.88,80.41060735671513,79.035126722988,75.47952306894764,82.08841463414635,80.83832335329342,79.23,2026-08-17
HNGSNGBEES,484.53,0.04,-1.36,-9.83,5.29,0.76,OTHER,-1.79,49.50812660393499,17.185415740329034,65.24105754276827,52.076981707317074,37.27544910179641,42.87,2026-08-17
HOMEFIRST,1179.9,-3.67,3.86,9.68,-8.85,0.238,FINANCIAL_SERVICES,-2.33,33.0196749358426,68.27478879502002,45.25660964230171,9.870426829268293,34.00342172797263,43.27,2026-08-17
HONASA,481.65,2.46,20.29,36.06,62.34,1.325,FMCG,2.47,64.49957228400342,92.3076923076923,93.26075686884397,80.39253048780488,63.64414029084687,77.87,2026-08-17
HONAUT,36400.0,-6.7,-0.6,25.63,-3.93,0.384,CAPITAL_GOODS,-4.26,20.230966638152267,87.37216540684749,50.95904613789528,21.49390243902439,25.620188195038494,44.03,2026-08-17
HONDAPOWER,2138.1,1.2,-2.55,-1.69,-23.59,1.837,CAPITAL_GOODS,3.64,56.971770744225836,37.32770120053357,25.868325557283566,88.22408536585365,68.49871685201026,49.13,2026-08-17
HPAL,35.64,4.92,-4.01,-3.18,-22.66,0.522,CHEMICALS,3.96,73.78100940975193,32.30324588706092,26.853291861067913,33.974847560975604,69.56800684345595,51.4,2026-08-17
HPIL,127.35,1.07,0.78,-4.96,-1.72,0.228,CHEMICALS,0.12,56.35158254918734,26.856380613606046,53.47330222913427,9.089176829268293,51.2617621899059,45.28,2026-08-17
HPL,312.35,-10.1,-17.77,-10.04,-33.76,1.303,CAPITAL_GOODS,-7.66,10.564585115483318,16.76300578034682,14.774494556765164,79.95426829268293,14.157399486740804,16.96,2026-08-17
HRYNSHP,101.0,,,,,1.0,OTHER,,,,,67.64481707317073,,50.88,2026-08-17
HSBCGOLD,133.16,8.85,2.37,-2.58,,0.164,OTHER,7.02,83.53293413173652,33.81502890173411,,4.782774390243903,79.29854576561164,59.82,2026-08-17
HSCL,787.4,9.01,14.25,32.11,72.83,0.435,CHEMICALS,8.06,83.91787852865697,90.88483770564696,95.02332814930016,26.54344512195122,81.26603934987169,84.61,2026-08-17
HTMEDIA,25.77,-2.75,14.43,21.73,,0.293,MEDIA,-0.28,36.548331907613345,84.4597598932859,,13.414634146341465,47.13430282292558,51.65,2026-08-17
HUBTOWN,182.91,-9.6,-9.63,-13.84,-48.64,0.354,REALTY,-7.86,11.783575705731394,9.293019119608715,5.287713841368585,18.864329268292682,13.47305389221557,10.47,2026-08-17
HUDCO,189.01,-6.74,-11.19,-8.48,-9.08,1.042,REALTY,-5.0,20.059880239520957,19.986660738105826,44.997407983411094,72.14176829268293,23.22497861420017,28.11,2026-08-17
HUHTAMAKI,279.1,19.94,61.93,68.76,30.68,0.046,CHEMICALS,18.98,93.96920444824637,98.48821698532682,84.18869880767237,0.5335365853658537,93.02822925577416,88.33,2026-08-17
HYBRIDETF,10.17,,,,,2.226,OTHER,,,,,91.3109756097561,,52.07,2026-08-17
HYUNDAI,2190.0,8.15,10.9,19.99,-12.13,0.749,AUTO,5.89,81.24465355004277,82.34771009337484,40.22809745982374,51.33384146341463,74.76475620188195,70.85,2026-08-17
IBULLSLTD,27.83,,,44.65,,0.815,OTHER,,,95.06447309915518,,55.449695121951216,,61.54,2026-08-17
ICDSLTD,40.47,-0.07,-4.1,,,0.769,FINANCIAL_SERVICES,1.27,48.631308810949534,,,52.515243902439025,57.805816937553466,50.82,2026-08-17
ICEMAKE,722.45,-10.22,-5.18,-5.97,-0.57,1.437,CAPITAL_GOODS,-7.78,10.26518391787853,24.63317029791018,55.41731467081389,82.20274390243902,13.857998289136015,27.02,2026-08-17
ICICIAMC,3136.0,0.84,-3.37,-1.99,,1.342,AMC,0.0,54.91873396065012,36.37172076478435,,80.81173780487805,50.0,49.86,2026-08-17
ICICIB22,115.71,0.17,-3.68,-4.58,9.65,1.213,OTHER,-1.66,50.34217279726262,28.056914184081815,70.52877138413686,77.45807926829268,38.045337895637296,48.32,2026-08-17
ICICIBANK,1415.3,-0.2,6.07,13.72,-0.09,0.471,BANKING,0.13,47.90419161676647,75.47799021787462,56.298600311041994,29.801829268292686,51.36869118905047,56.09,2026-08-17
ICICIGI,1626.3,0.15,-8.82,-11.38,-13.16,0.299,FINANCIAL_SERVICES,1.49,50.213857998289136,13.383726100489108,38.82840850181441,13.776676829268292,58.982035928143716,38.22,2026-08-17
ICICIPRULI,507.0,-0.36,3.4,-5.34,-17.73,0.932,FINANCIAL_SERVICES,0.98,47.09153122326775,25.944864384170742,33.22965266977709,61.60442073170732,56.37296834901625,41.15,2026-08-17
ICIL,388.7,-1.86,13.04,33.94,61.39,0.813,TEXTILES,0.1,40.33361847733105,91.46287238772788,93.00155520995335,55.22103658536586,51.17621899059025,66.02,2026-08-17
ICRA,5052.7,-3.41,-2.07,-6.26,-19.2,1.498,FINANCIAL_SERVICES,-2.07,33.74679213002567,24.34415295686972,31.363400725764645,83.44131097560977,35.52181351582549,33.67,2026-08-17
IDBI,82.18,-3.93,6.52,16.77,-10.55,0.41,BANKING,-3.6,31.95038494439692,78.52378835037794,43.131156039398654,23.78048780487805,27.929854576561162,44.82,2026-08-17
IDEA,13.71,-1.3,-6.22,5.87,104.32,0.852,TELECOM,2.49,43.32763045337896,59.270787016451756,97.82270606531883,57.3170731707317,63.793840889649275,61.98,2026-08-17
IDEAFORGE,795.1,,,-2.88,68.33,0.488,OTHER,,,32.947976878612714,94.03836184551582,30.887957317073173,,53.59,2026-08-17
IDFCFIRSTB,85.05,7.28,9.74,25.72,23.69,0.32,BANKING,7.61,79.25577416595381,87.46109381947532,80.97459823742872,15.777439024390244,80.53892215568862,78.67,2026-08-17
IDFNIFTYET,271.61,2.26,3.09,4.83,-0.07,0.378,OTHER,0.43,63.857998289136006,56.425077812361046,56.40228097459824,21.09375,53.57142857142857,56.83,2026-08-17
IEX,125.3,0.45,1.4,0.02,-11.3,0.246,FINANCIAL_SERVICES,1.79,53.015397775876814,42.10760337927968,41.809227579056504,10.308689024390244,60.13686911890505,46.98,2026-08-17
IFBAGRO,1038.15,,,7.28,,1.0,OTHER,,,62.60560248999555,,67.64481707317073,,54.03,2026-08-17
IFBIND,1386.0,1.89,8.94,24.52,-4.8,0.388,FMCG,1.9,61.39863130881095,86.43841707425523,49.50751684810783,22.103658536585368,60.60735671514115,63.2,2026-08-17
IFCI,78.93,7.31,-11.11,24.71,51.85,1.929,FINANCIAL_SERVICES,8.65,79.34131736526946,86.74966651845266,91.70554691550026,88.8719512195122,82.84858853721128,84.67,2026-08-17
IFGLEXPOR,218.97,-0.06,13.12,32.09,-15.74,0.355,CAPITAL_GOODS,2.38,48.67408041060736,90.79590929301912,35.97719025401763,19.054878048780488,63.045337895637296,57.34,2026-08-17
IGARASHI,454.9,-2.8,19.6,16.06,-4.4,0.185,AUTO,-5.06,36.27031650983747,77.81236104935527,50.233281493001556,6.192835365853658,23.011120615911036,45.96,2026-08-17
IGCL,71.38,-0.89,10.19,15.97,-34.3,0.41,CHEMICALS,-1.85,44.73909324208725,77.72343263672742,14.4116122343183,23.78048780487805,36.69803250641574,44.67,2026-08-17
IGIL,355.15,1.34,-3.12,8.72,2.91,1.47,FMCG,1.35,57.698887938408895,66.76300578034682,61.067910834629345,82.96493902439023,58.42600513259196,62.01,2026-08-17
IGL,151.0,-1.95,-10.52,-0.74,-27.26,1.252,ENERGY,-3.39,39.90590248075278,39.839928857269896,22.032141005702435,78.46798780487805,29.148845166809238,36.63,2026-08-17
IGPL,472.8,9.56,5.75,6.43,7.55,1.74,CHEMICALS,8.6,84.77331052181351,60.893730546909744,68.84396060134786,86.6234756097561,82.67750213857998,75.4,2026-08-17
IIFL,630.05,11.1,19.31,35.54,39.9,0.361,FINANCIAL_SERVICES,12.44,86.99743370402054,91.929746554024,87.3509590461379,19.683689024390244,87.59623609923011,85.03,2026-08-17
IIFLCAPS,334.55,-0.77,-2.44,-2.45,8.53,0.339,FINANCIAL_SERVICES,0.57,45.33789563729683,34.37083148065807,69.67340590979782,17.2827743902439,54.277159965782715,47.4,2026-08-17
IITL,150.35,16.23,12.93,-7.98,,1.014,FINANCIAL_SERVICES,17.57,91.44568006843457,21.05380168963984,,71.1890243902439,91.830624465355,64.6,2026-08-17
IKIO,201.74,-5.19,24.18,29.28,-5.99,0.137,CHEMICALS,-6.14,26.475620188195037,89.239662072032,48.1078278900985,3.50609756097561,19.24721984602224,44.26,2026-08-17
IKS,1830.2,-1.77,11.5,14.72,17.42,0.703,IT,0.35,40.73994867408041,76.6118274788795,77.60497667185071,47.980182926829265,53.12232677502139,59.3,2026-08-17
IMAGICAA,47.06,-1.45,8.01,8.88,-17.89,0.497,HOSPITALITY,0.77,42.857142857142854,67.05202312138728,32.97045101088647,31.383384146341463,55.38922155688623,48.23,2026-08-17
IMFA,1398.7,2.71,-2.58,-5.27,62.22,0.398,METAL,2.91,65.61163387510693,26.078257003112494,93.15707620528771,22.789634146341463,65.5688622754491,59.09,2026-08-17
IMPAL,1083.1,-2.97,-0.19,6.56,6.26,0.69,AUTO,-5.23,35.67151411462789,61.16051578479325,66.92586832555727,47.046493902439025,22.348160821214712,46.86,2026-08-17
INA,98.41,-15.11,-16.64,-21.53,,0.556,POWER,-9.88,3.2506415739948675,3.379279679857715,,36.50914634146341,9.174508126603936,15.18,2026-08-17
INCREDIBLE,31.84,-3.92,-8.61,-9.8,,0.214,METAL,-3.72,31.993156544054745,17.296576256113827,,8.098323170731707,27.480752780153978,30.05,2026-08-17
INDBANK,32.38,-2.7,-4.23,-2.53,1.82,0.697,FINANCIAL_SERVICES,-1.36,36.67664670658682,34.01511783014673,59.56454121306376,47.5609756097561,40.73994867408041,41.74,2026-08-17
INDGN,561.75,9.94,8.95,8.85,-0.04,0.266,HEALTHCARE,9.15,85.45765611633875,67.00755891507336,56.45412130637636,11.547256097560975,83.8323353293413,71.11,2026-08-17
INDHOTEL,720.0,-1.57,3.69,9.71,-6.38,0.366,HOSPITALITY,0.65,41.958939264328485,68.3859493108048,47.900466562986004,20.198170731707318,54.57656116338752,50.56,2026-08-17
INDIACEM,376.15,-5.45,-4.3,-6.0,-1.83,0.335,CEMENT,-1.32,25.25662959794696,24.544241885282347,53.29186106791084,17.054115853658537,40.99657827202737,32.64,2026-08-17
INDIAGLYCO,1070.9,-7.41,9.9,5.06,31.21,0.911,FMCG,-7.4,18.562874251497004,57.00311249444198,84.75894245723173,60.556402439024396,14.841745081266039,42.95,2026-08-17
INDIAMART,1770.0,-9.09,-15.07,-9.53,-33.32,0.669,RETAIL,-8.06,13.366124893071001,17.696754112939082,15.241057542768274,45.75076219512195,13.045337895637296,16.39,2026-08-17
INDIANB,881.2,7.48,3.27,7.38,34.35,0.608,BANKING,7.81,79.64071856287424,63.16140506891952,85.95127008812857,40.948932926829265,80.79555175363559,75.02,2026-08-17
INDIANCARD,216.07,-2.19,-0.22,4.57,-19.48,1.365,TEXTILES,-0.23,38.92215568862276,55.51356158292574,30.94867807153966,81.13567073170732,47.49786142001711,44.87,2026-08-17
INDIANHUME,362.55,-10.42,16.02,15.19,-3.31,0.431,CAPITAL_GOODS,-7.98,9.880239520958083,77.14539795464651,51.840331778123385,26.086128048780488,13.259195893926432,36.41,2026-08-17
INDIASHLTR,674.75,-17.22,-14.26,-18.37,-25.84,0.412,FINANCIAL_SERVICES,-15.88,2.266894781864842,5.113383726100489,23.63919129082426,24.028201219512198,2.5235243798118048,8.38,2026-08-17
INDIGO,5275.5,0.19,9.0,22.26,-12.8,0.399,AVIATION,0.0,50.44910179640718,84.88216985326812,39.4504924831519,22.827743902439025,50.0,55.41,2026-08-17
INDIGOPNTS,1161.0,9.03,12.85,17.83,5.18,1.571,CHEMICALS,8.07,83.9606501283148,80.12449977767898,64.9559357179886,84.4702743902439,81.30881094952952,78.83,2026-08-17
INDIQUBE,178.63,4.46,9.95,6.56,-17.74,0.249,REALTY,6.2,72.15568862275448,61.16051578479325,33.177812337998965,10.49923780487805,76.06928999144567,59.12,2026-08-17
INDNIPPON,1138.5,-5.6,22.87,51.68,45.45,0.499,CAPITAL_GOODS,-3.16,24.443969204448244,96.35393508225877,89.21721099015033,31.59298780487805,30.196749358426008,56.6,2026-08-17
INDOBORAX,420.25,-6.09,14.42,53.12,,0.078,CHEMICALS,-7.04,22.540633019674935,96.75411293908404,,1.2385670731707317,16.29597946963216,44.58,2026-08-17
INDOCO,218.74,-13.17,-6.11,-2.74,-21.1,0.129,PHARMA,-11.15,5.5175363558597095,33.41485104490885,28.875064800414723,3.2583841463414633,7.100085543199315,17.29,2026-08-17
INDOFARM,144.1,-12.09,9.08,10.79,-37.8,0.574,AUTO,-14.35,7.057313943541487,70.38683859493108,11.560393986521515,38.0907012195122,3.165098374679213,24.76,2026-08-17
INDOKEM,590.55,,,,,1.0,OTHER,,,,,67.64481707317073,,50.88,2026-08-17
INDOMIM,866.15,,,,,0.192,OTHER,,,,,6.6882621951219505,,47.83,2026-08-17
INDORAMA,54.76,7.08,19.17,51.82,,0.225,TEXTILES,9.04,78.72112917023097,96.44286349488662,,8.917682926829269,83.61847733105218,74.65,2026-08-17
INDOSTAR,247.15,-9.17,-0.13,25.37,-6.26,1.852,FINANCIAL_SERVICES,-7.83,13.045337895637296,87.12761227212094,48.055987558320375,88.41463414634147,13.622754491017963,42.42,2026-08-17
INDOTECH,3608.4,,,38.8,102.9,0.604,OTHER,,,93.37483325922632,97.66718506998446,40.47256097560975,,69.9,2026-08-17
INDOTHAI,73.23,-66.59,-69.06,-72.81,,0.023,FINANCIAL_SERVICES,-65.25,0.21385799828913601,0.4891062694530902,,0.1524390243902439,0.2566295979469632,10.24,2026-08-17
INDOUS,84.75,-1.11,-4.98,-19.46,-43.03,1.934,PHARMA,0.91,44.05474764756202,4.490884837705647,7.879730430274753,88.91006097560977,56.030795551753634,30.97,2026-08-17
INDOWIND,8.74,,,,-48.31,1.172,OTHER,,,,5.443234836702955,76.48628048780488,,42.41,2026-08-17
INDPRUD,6203.0,-5.3,-2.25,-3.84,,0.558,AUTO,-7.56,25.791274593669804,30.45798132503335,,36.75685975609756,14.414029084687769,30.64,2026-08-17
INDRAMEDCO,369.75,-1.2,-3.26,0.54,-18.42,0.22,HEALTHCARE,-1.98,43.73396065012832,43.530457981325036,32.06324520476931,8.479420731707316,35.90675791274593,38.41,2026-08-17
INDSWFTLAB,313.02,33.83,92.46,133.79,,1.882,PHARMA,35.85,98.1180496150556,99.95553579368608,,88.52896341463415,98.24636441402909,88.49,2026-08-17
INDTERRAIN,31.06,3.5,-6.19,-2.45,-11.99,0.145,TEXTILES,5.46,68.43455945252353,34.37083148065807,40.539139450492485,3.8490853658536586,73.09666381522669,51.81,2026-08-17
INDUSINDBK,1010.6,-0.29,9.14,14.01,33.61,0.55,BANKING,0.04,47.540633019674935,75.98932859048466,85.43286677034733,35.99466463414634,50.68434559452524,62.13,2026-08-17
INDUSTOWER,380.0,-6.32,-7.71,-11.66,10.93,0.294,TELECOM,-2.54,21.428571428571427,12.805691418408182,71.74701918092275,13.548018292682926,32.97690333618477,30.67,2026-08-17
INFOBEAN,160.15,-4.93,-6.26,6.01,-74.62,0.294,IT,-2.81,27.502138579982894,59.71542907959093,2.177293934681182,13.548018292682926,31.971770744225836,30.46,2026-08-17
INFOMEDIA,5.26,-5.23,-9.15,-4.19,,1.771,MEDIA,-2.76,26.218990590248076,29.101823032458874,,87.0045731707317,32.27117194183062,35.64,2026-08-17
INFRA,12.28,0.24,0.74,3.63,,0.621,OTHER,-1.59,50.898203592814376,52.08981769675412,,42.073170731707314,38.53721129170231,48.72,2026-08-17
INFRABEES,977.79,1.77,0.66,1.56,5.21,1.21,OTHER,-0.06,60.543199315654405,46.73188083592708,65.05961638154484,77.38185975609755,49.16595380667237,57.13,2026-08-17
INFRAIETF,96.95,1.21,-0.13,1.25,5.13,1.605,OTHER,-0.62,57.0786997433704,45.53134726545131,64.90409538621047,85.02286585365853,44.24721984602224,55.23,2026-08-17
INFY,1139.9,5.31,-0.32,1.87,-25.48,0.452,IT,7.43,74.78614200171087,47.35437972432192,23.950233281493002,27.762957317073173,80.17536355859708,56.22,2026-08-17
INGERRAND,4477.2,-4.27,0.92,1.78,19.21,3.159,CAPITAL_GOODS,-1.83,30.560307955517533,47.22098710538017,78.9009849663038,95.3125,36.954662104362704,48.59,2026-08-17
INNOVACAP,1038.45,2.68,7.7,20.99,13.87,0.604,PHARMA,4.7,65.5688622754491,83.59270787016452,74.75375842405391,40.47256097560975,71.72797262617621,71.58,2026-08-17
INNOVANA,307.15,-9.95,-6.85,-17.17,,3.058,IT,-7.83,10.992301112061591,6.24722098710538,,94.9314024390244,13.622754491017963,22.2,2026-08-17
INNOVISION,276.9,-5.06,-4.53,-10.36,,0.921,INFRASTRUCTURE,-0.66,27.03165098374679,15.429079590929302,,61.108993902439025,44.01197604790419,32.98,2026-08-17
INOXGREEN,181.54,-4.7,-8.35,2.2,,0.446,POWER,0.53,28.57142857142857,48.110271231658515,,27.191310975609756,53.99914456800684,41.49,2026-08-17
INOXINDIA,1950.8,-2.19,6.04,36.13,72.94,0.355,CAPITAL_GOODS,0.25,38.92215568862276,92.35215651400623,95.07516848107828,19.054878048780488,52.224123182207016,64.51,2026-08-17
INOXWIND,78.13,-0.84,-13.94,-18.21,-44.99,2.643,CAPITAL_GOODS,1.6,44.952951240376386,5.291240551356158,7.05028512182478,93.52134146341463,59.68776732249786,32.1,2026-08-17
INSECTICID,618.7,-6.24,-13.36,-14.4,-24.49,0.54,CHEMICALS,-7.2,21.706586826347305,8.670520231213873,24.935199585277346,35.423018292682926,15.483319076133448,18.85,2026-08-17
INSUREIETF,15.52,,,,,0.382,OTHER,,,,,21.341463414634145,,48.57,2026-08-17
INTELLECT,695.45,-8.49,-8.45,1.29,-29.26,0.377,IT,-6.37,15.14114627887083,45.93152512227657,19.543805080352513,21.036585365853657,18.391787852865697,24.5,2026-08-17
INTENTECH,79.81,-11.97,-22.7,-21.59,-3.62,0.196,IT,-9.85,7.335329341317365,3.3348154735437974,51.4256091238984,7.03125,9.260051325919589,15.43,2026-08-17
INTERARCH,1738.8,-5.98,-7.06,-1.65,,0.88,INFRASTRUCTURE,-1.58,22.96834901625321,37.55002223210316,,58.955792682926834,38.6869118905047,36.18,2026-08-17
INTERNET,14.35,6.38,16.48,19.68,-0.62,1.983,OTHER,4.55,77.22412318220702,82.08092485549133,55.261793675479524,89.27210365853658,71.30025662959795,73.76,2026-08-17
INTLCONV,79.06,2.5,-3.68,-0.53,-10.14,1.706,CAPITAL_GOODS,4.94,64.84174508126604,40.12894619831036,43.59771902540176,86.16615853658537,72.11291702309667,56.57,2026-08-17
INVENTURE,0.9,-1.1,-7.22,-9.09,-39.6,0.591,FINANCIAL_SERVICES,0.24,44.140290846877676,18.674966651845263,9.901503369621565,39.27210365853659,52.0530367835757,31.87,2026-08-17
IOB,33.66,-0.38,-1.09,-0.38,-11.84,0.511,TEXTILES,1.58,46.877673224978615,40.50689195197866,40.72058061171592,32.94588414634146,59.53806672369547,45.26,2026-08-17
IOC,138.61,-2.25,-4.48,3.07,-0.25,0.871,CHEMICALS,-3.2,38.51582549187339,50.06669630947087,56.09123898392949,58.4984756097561,30.047048759623614,44.65,2026-08-17
IOLCP,161.28,-1.7,27.94,52.24,75.61,0.597,PHARMA,0.32,41.21043627031651,96.62072032014228,95.17884914463453,39.82469512195122,52.908468776732256,67.54,2026-08-17
IONEXCHANG,374.45,-14.11,2.52,-4.02,-13.3,0.37,INFRASTRUCTURE,-9.71,4.619332763045338,29.879946642952422,38.672887506480045,20.4077743902439,9.473909324208725,19.26,2026-08-17
IPCALAB,1884.6,-0.3,21.57,17.42,31.38,11.933,PHARMA,1.72,47.455089820359284,79.63539350822589,84.86262312078797,99.58079268292683,59.965782720273744,67.46,2026-08-17
IPL,141.05,-10.52,-12.99,-14.62,-35.38,0.67,CHEMICALS,-11.48,9.666381522668948,8.448199199644286,13.374805598755831,45.88414634146341,6.501283147989735,11.44,2026-08-17
IPRINGLTD,134.0,,,,,1.0,OTHER,,,,,67.64481707317073,,50.88,2026-08-17
IRB,19.17,-4.63,-10.0,-5.57,-56.64,0.547,INFRASTRUCTURE,-0.23,28.828058169375538,25.566918630502443,3.6288232244686367,35.708841463414636,47.49786142001711,26.12,2026-08-17
IRCON,124.57,-4.49,-10.33,-12.67,-24.74,0.69,INFRASTRUCTURE,-0.09,29.491017964071858,11.33837261004891,24.57231726283048,47.046493902439025,48.99486740804106,27.77,2026-08-17
IRCTC,499.95,0.01,-4.39,-6.72,-30.3,0.656,CAPITAL_GOODS,2.45,49.35842600513259,23.477100933748332,18.299637117677552,44.702743902439025,63.49443969204448,38.56,2026-08-17
IREDA,116.85,-3.29,-7.37,-8.06,-18.95,0.665,ENERGY,-4.73,34.40975192472198,20.72032014228546,31.674442716433386,45.35060975609756,24.42258340461933,29.49,2026-08-17
IRFC,87.05,-1.54,-10.84,-11.95,-28.18,1.07,FINANCIAL_SERVICES,-0.2,42.25834046193327,12.31658514895509,20.632452047693107,73.11356707317073,47.7972626176219,32.82,2026-08-17
IRIS,246.76,-2.12,7.45,4.99,,1.301,IT,0.0,39.24294268605646,56.78079146287239,,79.91615853658537,50.0,49.43,2026-08-17
IRISDOREME,58.3,24.52,53.54,63.67,,1.106,TEXTILES,26.48,95.68006843455944,98.17696754112939,,74.46646341463415,96.44995722840034,86.22,2026-08-17
IRMENERGY,292.1,11.13,7.59,1.97,9.34,0.489,ENERGY,9.69,87.04020530367835,47.754557581147175,70.19180922757906,30.964176829268293,84.66638152266894,70.69,2026-08-17
ISFT,82.25,5.73,-4.06,2.79,-18.3,1.998,RETAIL,6.76,75.72711719418305,49.44419742107603,32.34836702954899,89.48170731707317,78.87082976903336,61.64,2026-08-17
ISGEC,746.85,-16.26,-19.01,-31.21,-24.51,5.271,CAPITAL_GOODS,-13.82,2.7159965782720277,1.4673188083592708,24.883359253499222,97.7515243902439,3.6142001710863987,11.72,2026-08-17
ISHANCH,47.33,-11.08,-20.77,-24.79,,0.812,CHEMICALS,-12.04,8.597091531223269,2.4455313472654514,,55.12576219512195,5.7100085543199315,17.23,2026-08-17
ISTLTD,666.9,,,,,1.0,OTHER,,,,,67.64481707317073,,50.88,2026-08-17
IT,34.26,7.47,8.42,11.49,-12.6,0.336,OTHER,5.64,79.59794696321643,71.63183637172077,39.813374805598755,17.16844512195122,73.80239520958084,65.66,2026-08-17
ITADD,32.77,7.83,8.51,10.6,,1.316,OTHER,6.0,80.23952095808383,70.1645175633615,,80.24009146341463,75.1497005988024,70.91,2026-08-17
ITAXIS,341.65,8.16,,,,0.035,OTHER,6.33,81.30881094952952,,,0.3429878048780488,76.81779298545766,62.5,2026-08-17
ITBEES,34.24,7.44,7.94,11.6,-12.79,0.459,OTHER,5.61,79.55517536355859,71.83192530013339,39.502332814930014,28.56326219512195,73.71685201026519,66.19,2026-08-17
ITBETA,327.67,8.89,9.09,12.78,,0.045,OTHER,7.06,83.61847733105218,73.89951089373055,,0.4763719512195122,79.38408896492729,69.67,2026-08-17
ITC,273.05,-2.26,-6.38,-11.76,-32.3,0.835,FMCG,-2.25,38.40889649272883,12.583370386838594,16.174183514774494,56.40243902439024,34.49529512403764,27.82,2026-08-17
ITCHOTELS,166.36,-4.46,5.48,7.0,-30.44,0.466,HOSPITALITY,-2.24,29.64071856287425,62.11649622054246,18.195956454121305,29.458841463414636,34.58083832335329,36.2,2026-08-17
ITDC,698.3,-7.54,12.92,27.35,31.09,0.117,CAPITAL_GOODS,-5.1,17.98545765611634,88.35037794575366,84.7071021254536,2.5152439024390247,22.861420017108642,48.88,2026-08-17
ITETF,32.66,7.61,8.25,11.81,-12.84,0.322,OTHER,5.78,79.76903336184773,72.38772787905737,39.39865215137377,16.04420731707317,74.33704020530368,65.85,2026-08-17
ITI,277.25,-3.01,-8.54,-3.31,-3.75,0.365,TELECOM,0.78,35.56458511548332,31.8808359270787,51.14048729911872,20.083841463414632,55.453378956372966,39.97,2026-08-17
ITIETF,34.27,7.56,7.94,11.85,-12.58,0.303,OTHER,5.73,79.7262617621899,72.63228101378391,39.86521513737688,14.310213414634147,74.25149700598801,65.89,2026-08-17
ITL,318.4,,,,,1.0,OTHER,,,,,67.64481707317073,,50.88,2026-08-17
IVALUE,279.1,-9.63,6.64,13.34,,0.596,IT,-7.51,11.612489307100086,74.9444197421076,,39.69131097560975,14.627887082976903,36.98,2026-08-17
IVC,8.32,-1.07,-2.12,8.62,1.09,0.612,FINANCIAL_SERVICES,0.27,44.26860564585115,66.38506002667852,58.320373250388805,41.36814024390244,52.50213857998289,53.7,2026-08-17
IVZINGOLD,133.25,8.69,1.91,-1.66,-98.49,0.194,OTHER,6.86,83.10521813515825,37.48332592263228,0.10368066355624676,6.802591463414634,79.06330196749359,50.68,2026-08-17
IVZINNIFTY,279.22,-89.88,-89.8,-89.6,,0.385,OTHER,-91.71,0.0427715996578272,0.08892841262783459,,21.722560975609756,0.0427715996578272,11.13,2026-08-17
IWP,34.48,4.68,2.25,-2.16,,1.011,CHEMICALS,3.72,73.09666381522669,35.771453979546465,,71.13185975609755,68.77673224978615,58.4,2026-08-17
IXIGO,172.51,-13.26,-8.21,4.16,-39.37,0.282,HOSPITALITY,-11.04,5.389221556886228,54.290795909293024,10.160705028512181,12.709603658536587,7.228400342172797,19.21,2026-08-17
IZMO,916.25,-18.16,-15.39,,30.88,1.307,IT,-16.04,1.924721984602224,,84.44790046656298,80.0685975609756,2.3952095808383236,34.43,2026-08-17
J&KBANK,147.97,-16.74,-8.65,13.21,46.5,0.94,BANKING,-16.41,2.5235243798118048,74.61093819475323,89.55417314670814,62.118902439024396,2.266894781864842,40.89,2026-08-17
JAGRAN,61.92,-1.84,-3.91,-7.9,-13.72,1.185,MEDIA,0.63,40.526090675791274,21.365051133837262,38.10264385692068,76.82926829268293,54.533789563729684,39.17,2026-08-17
JAGSNPHARM,233.53,2.94,11.6,13.25,-0.14,0.125,PHARMA,4.96,66.53122326775022,74.78879502000889,56.19491964748574,3.0297256097560976,72.17707442258342,64.2,2026-08-17
JAIBALAJI,69.96,,,-8.64,-30.75,1.034,OTHER,,,19.475322365495774,17.833074131674444,71.89405487804879,,37.03,2026-08-17
JAICORPLTD,101.2,-6.14,-15.09,-10.09,-17.39,0.863,CAPITAL_GOODS,-3.7,22.28400342172797,16.496220542463316,33.592534992223946,57.983993902439025,27.587681779298546,25.68,2026-08-17
JAINREC,301.9,-12.12,-18.84,-46.67,,0.503,METAL,-11.92,6.993156544054748,0.9782125389061804,,31.95503048780488,6.0735671514114635,15.2,2026-08-17
JAIPURKURT,27.43,-0.83,-3.18,-9.44,-27.76,0.067,TEXTILES,1.13,45.05988023952096,17.896843041351712,21.30637636080871,1.0861280487804876,57.18562874251497,33.14,2026-08-17
JAMNAAUTO,123.33,-7.98,-4.02,6.15,22.45,0.414,AUTO,-10.24,16.46706586826347,60.182303245887056,80.35251425609124,24.19969512195122,8.426005132591959,39.35,2026-08-17
JARO,449.1,-9.74,-18.11,-6.32,,1.912,HEALTHCARE,-10.52,11.377245508982035,24.14406402845709,,88.71951219512195,8.062446535500428,25.66,2026-08-17
JASH,480.5,-8.52,-4.55,24.32,-7.58,0.556,CAPITAL_GOODS,-6.08,15.012831479897349,86.19386393952868,46.448937273198545,36.50914634146341,19.41830624465355,40.83,2026-08-17
JAYAGROGN,217.68,-1.76,-3.13,-2.43,-9.13,0.313,CHEMICALS,-2.72,40.84687767322498,34.459759893285906,44.94556765163297,15.20579268292683,32.44225834046193,37.53,2026-08-17
JAYBARMARU,127.72,-28.95,-23.83,49.31,,0.335,AUTO,-31.21,0.5560307955517536,96.04268563806137,,17.054115853658537,0.5132591958939264,35.13,2026-08-17
JAYKAY,150.5,-11.62,-12.69,-4.88,,1.809,FMCG,-11.61,7.784431137724551,27.2565584704313,,87.53810975609755,6.372968349016253,24.87,2026-08-17
JAYNECOIND,88.31,-4.0,-1.82,-15.13,50.14,0.511,METAL,-3.8,31.7579127459367,7.781236104935527,90.61689994815967,32.94588414634146,26.988879384088964,36.88,2026-08-17
JAYSREETEA,88.32,8.53,0.35,-2.42,-11.49,2.871,FMCG,8.54,82.52780153977758,34.504224099599824,41.39450492483152,94.32164634146342,82.46364414029085,62.88,2026-08-17
JBMA,621.35,-8.5,-9.25,-3.16,0.53,0.836,AUTO,-10.76,15.07698887938409,32.41440640284571,57.49092794193883,56.45960365853659,7.656116338751069,28.85,2026-08-17
JENBURPH,1045.1,,,,,1.0,OTHER,,,,,67.64481707317073,,50.88,2026-08-17
JETFREIGHT,22.73,-8.35,5.09,7.32,67.13,0.27,LOGISTICS,-7.55,15.483319076133448,62.78345931525122,93.83100051840331,11.833079268292684,14.456800684345595,42.64,2026-08-17
JGCHEM,600.8,35.47,39.45,53.01,25.57,0.42,CHEMICALS,34.52,98.37467921300257,96.70964873277012,81.85588387765682,24.695121951219512,98.1180496150556,90.93,2026-08-17
JHS,8.45,14.19,5.62,,-18.28,0.606,HEALTHCARE,13.4,89.75620188195037,,32.40020736132711,40.66310975609756,88.79384088964927,65.75,2026-08-17
JINDALPHOT,1057.6,-6.18,-4.75,2.56,24.33,0.859,FINANCIAL_SERVICES,-4.84,22.02737382378101,48.955091151622945,81.44116122343183,57.77439024390244,23.823781009409753,42.7,2026-08-17
JINDALPOLY,665.65,-2.3,-7.5,-4.82,30.37,2.9,CHEMICALS,-3.26,38.23781009409752,27.389951089373056,84.033177812338,94.51219512195121,29.726261762189903,46.22,2026-08-17
JINDALSAW,270.4,0.88,9.07,18.03,36.45,0.37,METAL,1.08,55.26090675791274,80.36905291240551,86.49559357179885,20.4077743902439,56.77929854576561,66.27,2026-08-17
JINDALSTEL,1116.1,8.57,-2.08,-9.41,14.22,0.707,METAL,8.77,82.78443113772454,18.07469986660738,75.09072058061172,48.38033536585366,83.10521813515825,63.4,2026-08-17
JINDRILL,586.2,-1.57,-0.22,0.72,-3.81,0.486,ENERGY,-3.01,41.958939264328485,43.90840373499333,51.01088646967341,30.678353658536583,31.052181351582547,42.06,2026-08-17
JINDWORLD,35.63,11.14,17.71,34.3,1.86,0.074,TEXTILES,13.1,87.08297690333619,91.59626500666963,59.87558320373251,1.1814024390243902,88.45166809238665,78.68,2026-08-17
JIOFIN,249.75,5.98,3.22,7.16,-20.9,0.496,FINANCIAL_SERVICES,7.32,76.13344739093242,62.338817252112044,29.13426645930534,31.28810975609756,79.94011976047905,61.61,2026-08-17
JISLDVREQS,21.28,-5.59,-10.44,-10.06,-27.89,0.362,CAPITAL_GOODS,-3.15,24.508126603934986,16.674077367718986,20.99533437013997,19.798018292682926,30.367835757057314,22.49,2026-08-17
JISLJALEQS,27.73,-10.52,-14.23,-10.89,-41.45,1.33,CAPITAL_GOODS,-8.08,9.666381522668948,14.273010226767452,8.709175738724728,80.54496951219512,12.874251497005988,14.65,2026-08-17
JITFINFRA,306.2,-14.86,1.98,,9.53,1.514,LOGISTICS,-14.06,3.7639007698887936,,70.32141005702437,83.65091463414635,3.3789563729683487,32.57,2026-08-17
JKCEMENT,5340.0,-1.63,0.49,-2.27,-22.98,0.92,CEMENT,2.5,41.702309666381524,35.19341929746554,26.3867288750648,61.0327743902439,63.857998289136006,41.3,2026-08-17
JKIL,509.65,4.11,4.16,3.21,-20.4,1.888,INFRASTRUCTURE,8.51,70.53036783575706,50.333481547354374,29.600829445308452,88.5670731707317,82.39948674080411,59.98,2026-08-17
JKIPL,97.1,,,,,1.029,OTHER,,,,,71.6844512195122,,51.08,2026-08-17
JKLAKSHMI,557.25,-3.34,-7.2,-14.75,-39.8,0.387,CEMENT,0.79,34.06757912745937,8.314806580702534,9.745982374287196,21.9702743902439,55.51753635585971,25.38,2026-08-17
JKPAPER,380.75,2.99,6.64,-0.24,0.65,0.198,CHEMICALS,2.04,66.70230966638152,40.84037349933304,57.80196993260757,7.240853658536585,61.227544910179645,54.66,2026-08-17
JKTYRE,382.0,-9.09,-1.33,1.04,19.11,0.417,AUTO,-11.35,13.366124893071001,44.53090262338817,78.69362363919129,24.390243902439025,6.779298545765612,33.79,2026-08-17
JLHL,315.15,-79.72,-76.53,-76.24,-77.9,0.625,HEALTHCARE,-80.5,0.1283147989734816,0.4446420631391729,1.8662519440124419,42.26371951219512,0.1283147989734816,2.66,2026-08-17
JMA,89.2,0.1,-4.06,5.23,-0.36,1.81,AUTO,-2.16,49.871685201026516,57.536682970208986,55.857957490927944,87.5952743902439,35.222412318220705,52.67,2026-08-17
JMFINANCIL,127.91,1.63,2.42,-4.41,-31.48,0.604,FINANCIAL_SERVICES,2.97,59.75192472198461,28.390395731436197,16.89994815966822,40.47256097560975,65.82549187339607,43.29,2026-08-17
JNKINDIA,476.35,-4.13,-3.25,44.37,60.41,1.274,CAPITAL_GOODS,-1.69,31.223267750213857,94.8421520675856,92.84603421461898,79.11585365853658,37.87425149700599,62.84,2026-08-17
JNPR,241.68,,,,,0.104,OTHER,,,,,2.019817073170732,,47.6,2026-08-17
JPOLYINVST,1006.6,-7.72,-7.82,-2.74,37.88,0.229,FINANCIAL_SERVICES,-6.38,17.32249786142002,33.41485104490885,87.09175738724728,9.203506097560975,18.32763045337896,35.04,2026-08-17
JPPOWER,17.39,2.35,-3.23,-11.0,-3.66,0.446,POWER,7.58,64.17878528656972,14.050689195197865,51.32192846034215,27.191310975609756,80.4961505560308,49.67,2026-08-17
JSFB,548.85,10.28,17.48,11.82,11.54,0.737,BANKING,10.61,85.97091531223268,72.43219208537127,72.21358216692587,50.62881097560976,85.62874251497006,78.02,2026-08-17
JSL,744.0,0.88,4.81,-0.73,-6.44,0.906,METAL,1.08,55.26090675791274,39.884393063583815,47.84862623120788,60.2515243902439,56.77929854576561,50.41,2026-08-17
JSLL,517.3,-10.52,-12.91,-19.06,-26.0,0.98,PHARMA,-8.5,9.666381522668948,4.757670075589151,23.535510627268014,63.75762195121951,12.211291702309666,14.3,2026-08-17
JSWCEMENT,127.6,-10.32,-1.34,3.6,-15.21,0.727,CEMENT,-6.19,10.136869118905047,51.889728768341485,36.39191290824261,49.98094512195122,19.033361847733104,29.15,2026-08-17
JSWDULUX,3139.8,1.93,-1.93,6.91,,1.028,CHEMICALS,0.97,61.719418306244656,61.96087149844375,,71.62728658536585,56.33019674935843,59.12,2026-08-17
JSWENERGY,555.5,2.23,-1.17,7.85,8.26,0.66,POWER,7.46,63.622754491017965,64.33970653623832,69.4142042509072,45.00762195121951,80.23952095808383,66.52,2026-08-17
JSWHL,11798.0,5.37,-7.97,-4.71,-34.14,0.371,FINANCIAL_SERVICES,6.71,75.1497005988024,27.701200533570475,14.56713322965267,20.560213414634145,78.55004277159966,48.95,2026-08-17
JSWINFRA,335.4,-1.15,14.16,25.57,13.08,0.711,INFRASTRUCTURE,3.25,43.862275449101794,87.32770120053357,73.82063245204769,48.68521341463415,66.89478186484175,64.42,2026-08-17
JSWSTEEL,1277.8,4.65,0.27,-0.08,22.03,0.794,METAL,4.85,72.96834901625321,41.48510449088484,80.19699326075687,53.98246951219512,71.94183062446535,65.44,2026-08-17
JTEKTINDIA,130.18,-6.41,-2.43,-2.09,0.05,0.591,AUTO,-8.67,21.19332763045338,36.06047132058693,56.92068429237948,39.27210365853659,11.890504704875962,31.56,2026-08-17
JTLIND,75.33,-1.54,-2.16,9.73,1.63,0.391,METAL,-1.34,42.25834046193327,68.43041351711872,59.201658890616905,22.351371951219512,40.88964927288281,50.99,2026-08-17
JUBLCPL,2342.4,17.0,24.68,28.34,-9.55,0.655,CHEMICALS,16.05,92.23695466210437,88.79502000889285,44.427164333851735,44.60746951219512,90.93242087254063,79.24,2026-08-17
JUBLFOOD,511.5,20.88,20.82,10.87,-20.18,0.56,HOSPITALITY,23.1,94.56800684345595,70.60915962650066,29.963711767755314,36.92835365853659,95.18819503849444,72.87,2026-08-17
JUBLINGREA,732.8,-3.38,12.74,0.14,0.63,0.306,CHEMICALS,-4.34,33.85372112917023,42.329924410849266,57.750129600829446,14.767530487804878,25.320786997433704,38.52,2026-08-17
JUBLPHARMA,866.95,-15.06,-11.54,-12.44,-16.82,1.516,PHARMA,-13.04,3.4217279726261762,11.649622054246333,34.57750129600829,83.72713414634147,4.405474764756201,15.87,2026-08-17
JUNIORBEES,808.27,4.03,4.32,8.08,12.48,0.79,OTHER,2.2,70.35928143712576,65.16229435304581,73.1467081389321,53.65853658536586,62.16852010265184,67.55,2026-08-17
JUNIPER,192.09,-1.48,-2.64,-4.9,-33.29,0.435,HOSPITALITY,0.74,42.64328485885372,27.167630057803464,15.344738206324521,26.54344512195122,55.17536355859709,34.39,2026-08-17
JUSTDIAL,680.3,-14.25,25.1,30.49,-17.05,0.162,RETAIL,-13.22,4.491017964071856,89.90662516674077,34.21461897356143,4.592225609756097,4.063301967493584,31.73,2026-08-17
JWL,252.65,-0.88,-8.72,-8.18,-23.36,0.687,INFRASTRUCTURE,3.52,44.82463644140291,20.58692752334371,26.049766718507,46.875,67.89991445680069,38.57,2026-08-17
JYOTHYLAB,213.93,6.95,4.36,-2.45,-37.36,5.88,FMCG,6.96,78.48588537211292,34.37083148065807,12.026956972524625,98.09451219512195,79.25577416595381,55.26,2026-08-17
JYOTICNC,857.95,7.37,22.4,21.29,-7.53,0.978,CAPITAL_GOODS,9.81,79.46963216424294,84.0373499333037,46.500777604976676,63.643292682926834,84.85885372112917,74.03,2026-08-17
JYOTIRES,855.5,,,,,1.0,OTHER,,,,,67.64481707317073,,50.88,2026-08-17
JYOTISTRUC,10.65,-5.92,-13.06,-14.53,-31.77,0.744,CAPITAL_GOODS,-3.48,23.267750213857997,8.492663405958204,16.38154484188699,51.00990853658537,28.80667236954662,20.41,2026-08-17
KABRAEXTRU,520.5,57.61,117.11,129.36,81.23,0.408,CAPITAL_GOODS,60.05,99.91445680068435,99.91107158737216,95.74909279419388,23.589939024390244,99.91445680068435,95.26,2026-08-17
KAJARIACER,1251.6,0.79,9.88,17.59,0.89,1.196,CAPITAL_GOODS,3.23,54.59794696321643,79.79101823032458,58.06117159149819,77.01981707317073,66.72369546621043,64.53,2026-08-17
KAKATCEM,109.49,,,,-27.16,0.452,OTHER,,,,22.135821669258686,27.762957317073173,,43.32,2026-08-17
KALAMANDIR,86.16,-8.54,-18.35,-16.4,-53.98,0.513,RETAIL,-7.51,14.884516680923868,6.669630947087595,4.147226542249871,33.136432926829265,14.627887082976903,11.56,2026-08-17
KALPATARU,283.1,2.22,-16.4,-14.46,-26.34,0.104,REALTY,3.96,63.5158254918734,8.537127612272121,23.12078797304303,2.019817073170732,69.56800684345595,39.53,2026-08-17
KALYANIFRG,651.7,6.11,8.99,5.17,-6.58,0.53,CAPITAL_GOODS,8.55,76.47562018819504,57.26989773232548,47.615344738206325,34.489329268292686,82.50641573994866,64.71,2026-08-17
KALYANKJIL,610.0,11.6,61.14,72.78,22.39,0.428,FMCG,11.61,87.61762189905903,98.93285904846599,80.30067392431312,25.72408536585366,86.59110350727117,85.73,2026-08-17
KAMAHOLD,2456.4,-6.09,-8.09,-6.78,,1.452,FINANCIAL_SERVICES,-4.75,22.540633019674935,23.299244108492665,,82.45045731707317,24.272882805816938,31.48,2026-08-17
KAMANWALA,13.55,,,,,1.0,OTHER,,,,,67.64481707317073,,50.88,2026-08-17
KAMATHOTEL,194.64,8.4,15.27,21.27,-35.29,1.247,HOSPITALITY,10.62,81.80068434559452,83.94842152067585,13.478486262312078,78.35365853658537,85.67151411462788,69.08,2026-08-17
KAMOPAINTS,4.43,-1.77,-16.73,,-56.86,0.927,CHEMICALS,-2.72,40.73994867408041,,3.52514256091239,61.49009146341463,32.44225834046193,35.4,2026-08-17
KANANIIND,1.5,-1.32,-6.83,-3.23,-23.86,0.642,CAPITAL_GOODS,1.12,43.15654405474765,32.05869275233437,25.557283566614824,43.46417682926829,57.05731394354149,38.96,2026-08-17
KANCHI,377.65,,,,,0.143,OTHER,,,,,3.753810975609756,,47.69,2026-08-17
KANCOTEA,49.65,,,,,1.0,OTHER,,,,,67.64481707317073,,50.88,2026-08-17
KANPRPLA,262.85,33.51,36.79,31.49,26.53,1.814,CHEMICALS,32.56,98.03250641573995,90.44019564250777,82.32244686365992,87.72865853658537,97.81864841745082,92.45,2026-08-17
KANSAINER,205.8,2.44,-4.58,-7.33,-12.08,0.256,CHEMICALS,1.48,64.41402908468777,22.187638950644732,40.35769828926905,10.899390243902438,58.93926432848588,45.55,2026-08-17
KAPSTON,522.7,24.39,52.12,59.46,114.83,3.181,OTHER,22.56,95.63729683490163,97.77678968430413,98.39294971487817,95.42682926829268,94.91017964071857,96.6,2026-08-17
KARMAENG,40.52,8.05,-5.59,-19.49,,0.18,POWER,13.28,80.90248075278016,4.44642063139173,,5.7926829268292686,88.6655260906758,53.02,2026-08-17
KARURVYSYA,334.0,9.81,13.39,11.69,54.56,0.248,BANKING,10.14,85.24379811804963,72.14317474433082,92.01658890616899,10.423018292682928,85.15825491873396,79.57,2026-08-17
KAVDEFENCE,56.61,-4.34,-9.19,,,1.745,TELECOM,-0.55,30.32506415739949,,,86.73780487804879,44.56800684345594,44.14,2026-08-17
KAYA,336.65,38.57,30.64,37.58,,2.768,HEALTHCARE,37.79,98.84516680923866,92.93019119608715,,93.9405487804878,98.63130881094952,87.32,2026-08-17
KAYNES,3651.0,6.17,14.9,11.59,-41.09,0.452,CAPITAL_GOODS,8.61,76.68947818648417,71.76522899066252,8.916537065837222,27.762957317073173,82.76304533789563,60.37,2026-08-17
KCP,155.28,-8.18,-6.26,-4.4,-22.82,1.096,AGRICULTURE,-12.71,15.97519247219846,28.479324144064027,26.64593053395542,74.08536585365853,4.769033361847733,22.46,2026-08-17
KDDL,4084.6,25.41,44.56,81.78,70.33,0.554,FMCG,25.42,96.10778443113772,99.2441084926634,94.60860549507517,36.37576219512195,95.97946963216424,93.59,2026-08-17
KEC,436.35,-12.41,-17.32,-20.45,-46.7,0.846,INFRASTRUCTURE,-8.01,6.437125748502994,3.823921742996887,6.324520476931052,56.9359756097561,13.216424294268606,9.3,2026-08-17
KECL,137.5,,,,17.87,0.67,OTHER,,,,77.9419388284085,45.88414634146341,,55.38,2026-08-17
KEEPLEARN,1.92,6.67,-5.42,-7.25,,2.442,HEALTHCARE,5.88,77.972626176219,22.365495775900403,,92.60670731707317,74.61505560307955,58.7,2026-08-17
KEI,5873.0,15.71,9.03,14.76,51.57,0.699,CAPITAL_GOODS,18.15,90.8896492728828,76.7229879946643,91.601866251944,47.7515243902439,92.42942686056459,85.56,2026-08-17
KELLTONTEC,13.54,-9.25,-13.87,-10.15,-46.86,1.037,IT,-7.13,12.83147989734816,16.14050689195198,6.2208398133748055,72.08460365853658,15.782720273738239,15.74,2026-08-17
KENNAMET,3551.7,27.58,17.11,21.7,,0.937,CAPITAL_GOODS,30.02,96.92044482463645,84.39306358381504,,61.92835365853659,97.39093242087255,82.73,2026-08-17
KERNEX,1751.7,-16.78,-14.76,24.69,,3.832,LOGISTICS,-15.98,2.4807527801539777,86.68297020898177,,96.60823170731707,2.4379811804961506,37.74,2026-08-17
KEYFINSERV,257.95,-3.08,0.47,-3.91,-0.31,0.841,FINANCIAL_SERVICES,-1.74,35.24379811804961,30.12449977767897,55.93571798859512,56.764481707317074,37.5748502994012,39.53,2026-08-17
KFINTECH,973.0,11.69,12.91,20.39,-7.69,1.672,METAL,11.89,87.76732249786143,82.88128056914184,46.24157594608606,85.70884146341463,86.9546621043627,78.02,2026-08-17
KHAICHEM,59.75,,,,,6.721,OTHER,,,,,98.4375,,52.42,2026-08-17
KHAITANLTD,147.04,,,,,0.294,OTHER,,,,,13.548018292682926,,48.18,2026-08-17
KHANDSE,17.25,0.0,-4.22,3.29,-27.46,1.05,FINANCIAL_SERVICES,1.34,49.0590248075278,50.57803468208093,21.565578019699327,72.4657012195122,58.23353293413174,46.49,2026-08-17
KICL,5292.5,-2.56,2.58,9.99,9.53,0.609,FINANCIAL_SERVICES,-1.22,37.25406330196749,68.89728768341486,70.32141005702437,41.06326219512195,41.5098374679213,52.61,2026-08-17
KIMS,800.4,-0.32,2.79,5.09,7.32,0.892,HEALTHCARE,-1.1,47.39093242087254,57.13650511338373,68.37739761534473,59.67987804878049,42.06586826347306,53.84,2026-08-17
KINGFA,6087.5,19.21,19.66,17.59,43.74,7.202,CAPITAL_GOODS,21.65,93.58426005132591,79.79101823032458,88.85432866770347,98.7423780487805,94.43969204448246,89.58,2026-08-17
KIOCL,388.15,3.33,-5.43,0.18,-5.67,0.222,METAL,3.53,67.96407185628742,42.39662072032014,48.367029548989116,8.631859756097562,67.98545765611634,54.69,2026-08-17
KIRANVYPAR,201.75,9.63,8.67,7.89,,0.653,FINANCIAL_SERVICES,10.97,84.94439692044482,64.49533125833705,,44.39786585365854,86.142001710864,71.0,2026-08-17
KIRIINDUS,410.45,3.32,4.75,5.15,-23.12,0.57,CHEMICALS,2.36,67.9213002566296,57.22543352601156,26.283048211508554,37.74771341463415,62.895637296834906,54.66,2026-08-17
KIRLFER,433.2,-7.91,-0.45,-2.99,,4.877,METAL,-7.71,16.63815226689478,32.814584259670966,,97.3704268292683,14.071856287425149,31.01,2026-08-17
KIRLOSBROS,1942.9,3.84,6.95,20.87,-3.75,0.492,CAPITAL_GOODS,6.28,69.58939264328487,83.41485104490884,51.14048729911872,31.116615853658537,76.53977758768178,68.47,2026-08-17
KIRLOSENG,2101.6,-12.29,9.54,20.77,127.54,0.705,CAPITAL_GOODS,-9.85,6.58682634730539,83.325922632281,98.80767236910316,48.113567073170735,9.260051325919589,46.69,2026-08-17
KIRLOSIND,3842.9,-2.38,18.44,26.0,2.7,0.578,CAPITAL_GOODS,0.06,37.8956372968349,87.77234326367275,60.70502851218248,38.31935975609756,50.85543199315654,56.89,2026-08-17
KIRLPNU,1534.3,-11.84,-6.8,-0.46,24.24,0.515,CAPITAL_GOODS,-9.4,7.570573139435415,40.351267229879944,81.28564022809745,33.34603658536585,10.158254918733961,32.19,2026-08-17
KISSHT,304.6,-5.15,13.26,55.35,,0.572,IT,-3.03,26.603934987168522,97.19875500222321,,37.957317073170735,30.988023952095805,50.16,2026-08-17
KITEX,128.81,-15.07,-17.01,-17.82,-27.83,2.776,TEXTILES,-13.1,3.3789563729683487,5.558025789239663,21.124935199585277,93.97865853658537,4.234388366124893,12.13,2026-08-17
KJMCFIN,58.85,,,,,1.0,OTHER,,,,,67.64481707317073,,50.88,2026-08-17
KKCL,521.0,3.29,7.96,15.59,-0.08,0.453,TEXTILES,5.26,67.87852865697177,77.41218319253001,56.35044064282011,27.934451219512198,72.71171941830625,66.68,2026-08-17
KLBRENG-B,346.9,-22.46,-28.57,-29.88,,4.388,CAPITAL_GOODS,-20.02,1.1120615911035072,1.6451756336149401,,97.0655487804878,1.4970059880239521,15.88,2026-08-17
KMCSHIL,143.13,,,,,1.0,OTHER,,,,,67.64481707317073,,50.88,2026-08-17
KMEW,2756.5,13.38,38.62,39.37,42.24,5.412,INFRASTRUCTURE,17.78,89.09324208725407,93.41929746554024,88.23224468636599,97.78963414634147,91.95893926432849,90.87,2026-08-17
KMSUGAR,29.79,4.38,11.24,6.39,5.79,5.028,FMCG,4.39,71.66381522668948,60.78257003112495,65.966822187662,97.48475609756098,70.74422583404619,68.96,2026-08-17
KNACK,207.56,6.76,,,,1.003,OTHER,4.93,78.2934131736527,,,70.76981707317073,72.07014542343883,64.25,2026-08-17
KNAGRI,216.19,8.81,3.14,11.61,,7.171,FMCG,8.82,83.40461933276305,71.89862160960428,,98.66615853658537,83.1907613344739,74.58,2026-08-17
KNRCON,134.6,8.23,4.27,3.89,-30.77,1.628,INFRASTRUCTURE,12.63,81.437125748503,53.04579813250333,17.729393468118197,85.2515243902439,87.68177929854576,62.73,2026-08-17
KOHINOOR,27.78,15.08,7.59,13.81,-19.31,4.282,AGRICULTURE,10.55,90.50470487596236,75.63361493997333,31.259720062208395,96.95121951219512,85.41488451668093,74.5,2026-08-17
KOKUYOCMLN,84.73,-0.98,-1.73,-8.73,-25.58,1.636,FMCG,-0.97,44.56800684345594,19.38639395286794,23.89839294971488,85.40396341463415,42.66467065868264,35.89,2026-08-17
KOLTEPATIL,471.65,22.79,26.94,25.86,2.47,0.121,REALTY,24.53,95.1240376390077,87.638950644731,60.393986521513746,2.6867378048780486,95.57313943541489,81.75,2026-08-17
KOTAKBANK,392.7,4.12,-3.71,1.46,-80.02,0.424,BANKING,4.45,70.57313943541489,46.33170297910183,1.6848107827890098,25.304878048780488,70.91531223267751,48.52,2026-08-17
KOTARISUG,26.29,4.33,-2.45,4.33,-11.84,1.919,FMCG,4.34,71.47134302822926,54.73543797243219,40.72058061171592,88.83384146341463,70.57313943541489,61.87,2026-08-17
KOTHARIPET,133.91,2.74,8.71,-4.26,-18.37,1.493,CHEMICALS,1.78,65.69717707442258,28.9239662072032,32.21876620010368,83.3079268292683,60.09409751924723,49.85,2026-08-17
KOTHARIPRO,68.58,0.06,-0.94,-5.93,-10.2,0.902,FMCG,0.07,49.636441402908474,24.899955535793687,43.44219803006739,60.11814024390244,50.962360992301114,42.94,2026-08-17
KOTIC,143.36,-19.08,-15.69,-17.69,,1.136,CHEMICALS,-20.03,1.7108639863130881,5.802578923966207,,75.45731707317073,1.4542343883661248,16.04,2026-08-17
KOVAI,6122.0,2.91,5.65,12.8,,1.262,HEALTHCARE,2.12,66.40290846877673,73.94397510004447,,78.8109756097561,61.54833190761334,64.9,2026-08-17
KPEL,243.75,-24.3,-30.41,-30.24,-43.01,2.295,POWER,-19.07,0.9409751924721984,1.6007114273010228,7.931570762052877,91.8826219512195,1.6680923866552608,7.16,2026-08-17
KPIGREEN,303.1,-25.5,-25.71,-27.94,-39.17,2.325,POWER,-20.27,0.8554319931565441,1.8674966651845264,10.368066355624677,91.97789634146342,1.3259195893926432,7.64,2026-08-17
KPIL,1404.2,6.37,2.82,11.66,11.16,1.131,INFRASTRUCTURE,10.77,77.15996578272028,72.03201422854602,71.95438050803526,75.22865853658537,85.88537211291703,76.05,2026-08-17
KPITTECH,609.0,10.46,-19.5,-13.46,-49.25,0.197,CAPITAL_GOODS,12.9,86.24893071000855,9.915518008003557,5.132192846034215,7.145579268292683,88.23781009409753,47.29,2026-08-17
KPL,3598.1,27.73,49.08,109.36,,1.455,PHARMA,29.75,97.0059880239521,99.73321476211649,,82.54573170731707,97.34816082121472,87.61,2026-08-17
KPRMILL,1135.6,0.34,7.68,22.97,15.88,0.918,TEXTILES,2.3,51.60393498716852,85.482436638506,76.20528771384136,60.9375,62.51069289991445,67.1,2026-08-17
KRBL,395.7,10.21,4.2,16.78,-11.49,1.81,AGRICULTURE,5.68,85.67151411462788,78.59048465984883,41.39450492483152,87.5952743902439,73.95209580838323,73.38,2026-08-17
KREBSBIO,54.66,3.19,-17.96,,,0.553,PHARMA,5.21,67.57912745936699,,,36.24237804878049,72.58340461933275,58.85,2026-08-17
KRISHANA,187.27,33.53,-72.48,-72.03,-68.14,0.42,CHEMICALS,32.58,98.07527801539777,0.5335704757670076,2.695697252462416,24.695121951219512,97.86142001710864,50.91,2026-08-17
KRISHIVAL,408.3,2.39,0.68,10.82,,0.184,FMCG,2.4,64.3071000855432,70.47576700755891,,6.097560975609756,63.130881094952954,59.9,2026-08-17
KRISHNADEF,1062.5,-18.14,-13.45,-1.69,,1.049,DEFENCE,-21.17,1.9674935842600514,37.32770120053357,,72.40853658536585,1.2403763900769889,23.83,2026-08-17
KRITI,66.73,,,,,0.764,OTHER,,,,,52.30564024390244,,50.12,2026-08-17
KRITIKA,5.54,-1.25,-7.82,-9.18,-35.2,0.432,METAL,-1.05,43.49871685201027,18.40818141396176,13.634007257646449,26.21951219512195,42.32249786142002,30.21,2026-08-17
KRITINUT,85.15,,,,-13.58,0.477,OTHER,,,,38.20632452047693,30.259146341463417,,46.65,2026-08-17
KRN,1539.7,,,31.31,69.7,2.443,OTHER,,,90.26233881725211,94.40124416796267,92.64481707317073,,71.08,2026-08-17
KRONOX,151.52,0.71,-1.77,15.18,-9.77,0.643,CHEMICALS,-0.25,54.21300256629598,77.1009337483326,44.116122343182994,43.59756097560975,47.34816082121471,56.36,2026-08-17
KROSS,205.2,9.57,10.72,8.71,0.59,0.186,AUTO,7.31,84.83746792130026,66.69630947087595,57.6464489372732,6.288109756097561,79.8759623609923,70.19,2026-08-17
KRSNAA,558.45,2.12,4.31,-4.44,-29.62,1.009,HEALTHCARE,1.34,62.81009409751924,28.257003112494445,19.103162260238467,70.9032012195122,58.23353293413174,45.15,2026-08-17
KRYSTAL,620.4,3.36,7.69,4.32,-7.22,0.497,OTHER,1.53,68.04961505560307,54.66874166296132,46.96734059097978,31.383384146341463,59.302822925577416,57.34,2026-08-17
KSB,795.25,-12.91,-8.11,-6.56,-5.36,0.282,CAPITAL_GOODS,-10.47,5.859709153122327,23.766118274788795,48.91135303265941,12.709603658536587,8.126603934987168,19.63,2026-08-17
KSCL,772.3,-7.43,-10.52,-15.9,-32.86,0.944,AGRICULTURE,-11.96,18.434559452523523,7.336594041796355,15.811301192327631,62.328506097560975,5.9024807527801535,15.45,2026-08-17
KSE,194.47,,,,,1.0,OTHER,,,,,67.64481707317073,,50.88,2026-08-17
KSHINTL,1022.35,13.18,18.79,60.94,,0.647,CAPITAL_GOODS,15.62,88.87938408896493,97.99911071587371,,43.90243902439025,90.73994867408041,81.41,2026-08-17
KSHITIJPOL,3.03,,,,-0.66,1.128,OTHER,,,,55.10627268014515,75.13338414634147,,52.28,2026-08-17
KSL,829.8,-9.63,2.22,1.93,-2.43,1.594,METAL,-9.43,11.612489307100086,47.66562916851934,52.825298081907725,84.8704268292683,10.051325919589392,32.3,2026-08-17
KSOLVES,274.1,-8.19,-9.22,-2.59,-17.27,0.575,IT,-6.07,15.911035072711718,33.74833259226323,33.64437532400208,38.14786585365854,19.525235243798118,25.57,2026-08-17
KSR,29.3,-1.55,-3.93,,,0.066,OTHER,-3.38,42.17279726261762,,,1.009908536585366,29.27715996578272,41.7,2026-08-17
KTKBANK,306.5,12.05,9.84,24.54,80.09,0.384,BANKING,12.38,88.19503849443969,86.48288128056915,95.54173146708139,21.49390243902439,87.51069289991446,85.8,2026-08-17
KUANTUM,80.33,5.19,6.72,2.65,-29.09,1.035,CHEMICALS,4.24,74.63644140290847,49.13294797687861,19.699326075686884,71.9702743902439,70.35928143712576,56.5,2026-08-17
KUSUMGAR,592.25,0.6,,,,0.42,OTHER,-1.23,53.57142857142857,,,24.695121951219512,41.44568006843456,48.7,2026-08-17
KWIL,38.79,18.84,3.94,46.93,,5.749,FMCG,18.85,93.37040205303678,95.55357936860827,,98.01829268292683,92.85714285714286,85.4,2026-08-17
LADDERUP,49.11,,,,,1.0,OTHER,,,,,67.64481707317073,,50.88,2026-08-17
LAGNAM,77.94,-8.39,-3.59,-6.86,-10.76,0.571,TEXTILES,-6.43,15.33361847733105,23.121387283236995,42.94971487817522,37.84298780487805,18.22070145423439,24.36,2026-08-17
LAHOTIOV,42.98,-1.65,-2.63,-1.69,,1.816,TEXTILES,0.31,41.55260906757913,37.32770120053357,,87.82393292682927,52.80153977758768,46.19,2026-08-17
LAL,8.72,-1.02,21.11,23.16,,0.109,TEXTILES,0.94,44.39692044482464,85.54913294797689,,2.191310975609756,56.15911035072712,55.46,2026-08-17
LALPATHLAB,1877.3,8.35,14.33,17.12,-43.26,0.287,HEALTHCARE,7.56,81.65098374679212,79.41307247665628,7.620528771384137,12.957317073170731,80.45337895637297,62.67,2026-08-17
LAMBODHARA,110.1,-6.3,3.62,3.9,-9.58,0.554,TEXTILES,-4.34,21.514114627887082,53.090262338817254,44.37532400207361,36.37576219512195,25.320786997433704,35.29,2026-08-17
LANCER,11.07,,,,,1.0,OTHER,,,,,67.64481707317073,,50.88,2026-08-17
LANCORHOL,29.29,10.99,14.32,,16.37,1.343,REALTY,12.73,86.7835757057314,,76.56817003628824,80.8689024390244,87.8956372968349,75.42,2026-08-17
LANDMARK,511.0,2.26,20.32,36.23,-11.12,0.228,AUTO,0.0,63.857998289136006,92.39662072032014,42.275790565059616,9.089176829268293,50.0,61.86,2026-08-17
LANDSMILL,0.75,0.0,-13.79,-13.79,,0.708,OTHER,-1.83,49.0590248075278,9.426411738550467,,48.51371951219512,36.954662104362704,37.5,2026-08-17
LAOPALA,191.22,0.87,5.71,11.03,-21.44,0.328,FMCG,0.88,55.13259195893926,70.87594486438417,28.356661482633488,16.692073170731707,55.859709153122324,51.9,2026-08-17
LASA,7.14,-2.19,-4.03,,,0.653,PHARMA,-0.17,38.92215568862276,,,44.39786585365854,48.33190761334474,45.59,2026-08-17
LASERPOWER,324.35,23.6,,,,1.557,OTHER,21.77,95.29512403763901,,,84.16539634146342,94.5038494439692,74.24,2026-08-17
LATENTVIEW,285.5,-6.5,-6.35,-7.08,-32.81,0.271,REALTY,-4.76,20.82976903336185,22.54335260115607,15.863141524105753,11.985518292682928,24.144568006843457,20.32,2026-08-17
LATTEYS,23.29,,,,16.16,1.0,OTHER,,,,76.36080870917574,67.64481707317073,,56.15,2026-08-17
LAURUSLABS,1809.7,16.19,31.48,36.73,108.33,0.765,PHARMA,18.21,91.40290846877673,92.61894175188972,97.97822706065318,52.38185975609756,92.47219846022242,91.23,2026-08-17
LAXMICOT,13.41,-10.72,-9.45,,-46.95,0.844,TEXTILES,-8.76,9.238665526090676,,6.168999481596682,56.87881097560976,11.569717707442258,21.55,2026-08-17
LAXMIDENTL,200.64,-10.54,-12.04,-0.18,-41.56,1.181,HEALTHCARE,-11.32,9.452523524379812,41.084926634059585,8.657335406946604,76.69588414634147,6.8434559452523525,20.17,2026-08-17
LAXMIINDIA,136.56,,,,2.55,1.0,OTHER,,,,60.49766718506998,67.64481707317073,,52.98,2026-08-17
LCCINFOTEC,3.82,-19.58,-12.18,,-14.92,0.609,OTHER,-21.41,1.6253207869974338,,36.910316226023845,41.06326219512195,1.1976047904191618,22.68,2026-08-17
LCL,546.2,,,,,0.171,OTHER,,,,,5.278201219512195,,47.76,2026-08-17
LEAPIND,155.49,,,,,0.47,OTHER,,,,,29.76371951219512,,48.99,2026-08-17
LEENEE,7.06,,,,,1.0,OTHER,,,,,67.64481707317073,,50.88,2026-08-17
LEMERITE,23.25,10.77,-18.45,-95.05,,0.591,TEXTILES,12.74,86.56971770744227,0.044464206313917294,,39.27210365853659,87.93840889649273,55.46,2026-08-17
LEMONTREE,109.55,-4.0,-0.4,-1.51,-33.68,0.966,HOSPITALITY,-1.78,31.7579127459367,37.97243219208537,14.930015552099535,63.300304878048784,37.36099230111206,32.36,2026-08-17
LENSKART,607.6,13.86,20.78,29.48,,3.449,RETAIL,14.89,89.3071000855432,89.41751889728768,,96.11280487804879,90.03421727972626,81.92,2026-08-17
LEXUS,13.58,-8.8,-14.38,,-54.34,0.515,REALTY,-7.06,14.157399486740804,,3.9917055469155,33.34603658536585,16.189050470487594,22.35,2026-08-17
LFIC,140.7,-2.2,-4.56,-1.37,-31.1,0.581,FINANCIAL_SERVICES,-0.86,38.8366124893071,38.37261004891063,17.366511145671332,38.56707317073171,43.17792985457656,35.06,2026-08-17
LGBBROSLTD,1602.8,1.86,3.4,0.86,23.59,0.613,AUTO,-0.4,61.24893071000855,44.086260560249,80.87091757387248,41.5015243902439,46.10778443113773,57.62,2026-08-17
LGEINDIA,1667.6,5.46,6.24,5.56,,2.702,FMCG,5.47,75.2994011976048,58.62605602489995,,93.71189024390245,73.18220701454234,66.67,2026-08-17
LGHL,177.62,-15.1,-23.15,-27.31,-74.9,0.534,FMCG,-15.09,3.293413173652695,1.9119608714984435,2.0736132711249353,34.94664634146341,2.8656971770744226,4.22,2026-08-17
LIBAS,9.52,-9.25,-20.07,-20.67,-21.77,1.165,TEXTILES,-7.28,12.83147989734816,3.734993330369053,27.786417833074132,76.1814024390244,15.248075278015397,17.08,2026-08-17
LIBERTSHOE,248.05,-2.93,4.46,4.0,,0.672,FMCG,-2.92,35.8426005132592,53.490440195642506,,46.09375,31.372968349016254,42.93,2026-08-17
LICHSGFIN,498.25,-8.87,-9.87,-8.92,-11.09,1.954,FINANCIAL_SERVICES,-7.53,13.943541488451668,19.119608714984437,42.3535510627268,89.13871951219512,14.499572284003422,24.76,2026-08-17
LICI,410.0,-6.46,-0.24,-48.7,-53.85,0.298,FINANCIAL_SERVICES,-5.12,20.979469632164243,0.8892841262783459,4.199066874027993,13.719512195121952,22.775876817792987,12.51,2026-08-17
LICMFGOLD,137.5,7.97,1.78,-2.52,-98.5,0.502,OTHER,6.14,80.60307955517536,34.104046242774565,0.05184033177812338,31.840701219512198,75.72711719418305,49.7,2026-08-17
LICNETFGSC,29.51,-0.14,1.44,3.33,5.28,0.813,OTHER,-1.97,48.24636441402909,50.75589150733659,65.16329704510109,55.22103658536586,35.97091531223268,50.76,2026-08-17
LICNETFN50,273.74,1.24,2.34,4.22,-0.61,0.185,OTHER,-0.59,57.27117194183062,54.42418852823477,55.33955417314671,6.192835365853658,44.39692044482464,51.69,2026-08-17
LICNETFSEN,880.61,0.68,2.23,,,0.277,OTHER,-1.15,53.95637296834902,,,12.309451219512194,41.89478186484175,48.28,2026-08-17
LICNFNHGP,281.16,1.96,3.05,4.61,1.84,0.302,OTHER,0.13,61.80496150556031,55.73588261449534,59.69414204250907,14.119664634146343,51.36869118905047,55.92,2026-08-17
LICNMID100,64.17,1.82,3.3,5.3,10.7,0.164,OTHER,-0.01,60.84260051325919,57.78123610493553,71.59149818558839,4.782774390243903,49.57228400342173,57.73,2026-08-17
LIKHITHA,206.67,-14.93,,,-17.1,1.726,OTHER,-16.76,3.6569717707442257,,34.13685847589424,86.47103658536585,2.0530367835757057,25.24,2026-08-17
LINC,97.28,-11.74,-4.86,0.62,,0.445,FMCG,-11.73,7.698887938408896,43.68608270342374,,27.134146341463417,6.330196749358426,25.92,2026-08-17
LINCOLN,623.35,3.59,-3.51,-3.24,15.04,0.494,PHARMA,5.61,68.73396065012831,31.991996442863496,75.66096423017107,31.21189024390244,73.71685201026519,59.81,2026-08-17
LINDEINDIA,6732.0,-5.56,-3.71,-8.43,4.89,1.142,CHEMICALS,-6.52,24.636441402908467,20.142285460204533,64.48937273198548,75.6859756097561,17.98545765611634,33.04,2026-08-17
LIQGRWBEES,1051.95,0.4,0.79,1.18,4.64,1.485,OTHER,-1.43,52.09580838323353,45.08670520231214,63.659927423535514,83.2126524390244,39.73481608212147,52.36,2026-08-17
LIQUID,999.99,0.0,0.0,0.0,0.0,0.36,OTHER,-1.83,49.0590248075278,41.84081814139618,56.68740279937792,19.53125,36.954662104362704,45.49,2026-08-17
LIQUID1,1118.52,0.43,0.85,1.26,4.95,0.606,OTHER,-1.4,52.65183917878529,45.775900400177854,64.7485743908761,40.66310975609756,40.33361847733105,50.91,2026-08-17
LIQUIDADD,1140.64,0.42,0.83,1.23,4.84,1.665,OTHER,-1.41,52.30966638152267,45.33125833703868,64.30793157076205,85.5564024390244,39.99144568006843,52.78,2026-08-17
LIQUIDBEES,999.99,-0.0,-0.0,-0.0,0.0,0.615,OTHER,-1.83,49.0590248075278,41.84081814139618,56.68740279937792,41.634908536585364,36.954662104362704,46.59,2026-08-17
LIQUIDBETA,1004.49,,,,,0.014,OTHER,,,,,0.11432926829268292,,47.51,2026-08-17
LIQUIDBETF,1094.92,0.42,0.82,1.21,4.75,0.548,OTHER,-1.41,52.30966638152267,45.24232992441085,64.0746500777605,35.86128048780488,39.99144568006843,50.23,2026-08-17
LIQUIDCASE,115.49,0.42,0.82,1.23,4.85,0.771,OTHER,-1.41,52.30966638152267,45.33125833703868,64.41161223431831,52.6295731707317,39.99144568006843,51.15,2026-08-17
LIQUIDETF,1000.0,0.0,0.0,0.0,0.0,8.392,OTHER,-1.83,49.0590248075278,41.84081814139618,56.68740279937792,98.9329268292683,36.954662104362704,49.46,2026-08-17
LIQUIDIETF,999.99,0.0,0.0,0.0,0.0,0.726,OTHER,-1.83,49.0590248075278,41.84081814139618,56.68740279937792,49.86661585365854,36.954662104362704,47.0,2026-08-17
LIQUIDPLUS,1099.21,0.43,0.84,1.25,4.93,1.28,OTHER,-1.4,52.65183917878529,45.53134726545131,64.69673405909798,79.26829268292683,40.33361847733105,52.76,2026-08-17
LIQUIDSBI,999.99,0.0,-0.0,-0.0,-0.0,6.048,OTHER,-1.83,49.0590248075278,41.84081814139618,56.68740279937792,98.17073170731707,36.954662104362704,49.42,2026-08-17
LIQUIDSHRI,1117.64,0.41,0.79,1.18,4.67,0.192,OTHER,-1.42,52.15996578272028,45.08670520231214,63.81544841886988,6.6882621951219505,39.84174508126604,48.6,2026-08-17
LKPSEC,16.44,,,,,1.0,OTHER,,,,,67.64481707317073,,50.88,2026-08-17
LLOYDSENGG,91.21,2.96,14.1,29.21,40.54,0.402,CAPITAL_GOODS,5.4,66.59538066723695,89.1951978657181,87.66200103680663,23.09451219512195,72.92557741659537,75.23,2026-08-17
LLOYDSENT,75.65,-4.52,6.64,7.3,5.79,0.532,CAPITAL_GOODS,-2.08,29.255774165953806,62.67229879946643,65.966822187662,34.832317073170735,35.457656116338754,46.16,2026-08-17
LLOYDSME,1942.0,5.34,10.03,12.0,48.41,0.386,METAL,5.54,74.91445680068435,72.7434415295687,89.99481596682219,21.85594512195122,73.48160821214714,74.52,2026-08-17
LMW,20047.0,25.53,26.9,37.68,37.2,2.912,CAPITAL_GOODS,27.97,96.19332763045337,92.97465540240107,86.88439606013478,94.55030487804879,96.87767322497861,93.55,2026-08-17
LODHA,1254.0,6.44,33.7,47.54,1.39,0.366,REALTY,8.18,77.5021385799829,95.73143619386394,58.89061689994816,20.198170731707318,81.65098374679212,76.09,2026-08-17
LORDSCHLO,139.98,3.78,4.27,-1.81,,0.428,CHEMICALS,2.82,69.41830624465355,36.8830591373944,,25.72408536585366,65.26946107784431,54.59,2026-08-17
LOTUSCHO,622.05,,,,,1.0,OTHER,,,,,67.64481707317073,,50.88,2026-08-17
LOTUSEYE,115.83,-5.5,-17.19,8.7,11.88,0.242,HEALTHCARE,-6.28,25.106928999144568,66.65184526456203,72.6023846552618,10.13719512195122,18.733960650128314,43.29,2026-08-17
LOVABLE,72.04,-4.83,-0.76,-0.37,-21.95,0.861,TEXTILES,-2.86,27.90846877673225,40.55135615829257,27.579056505961635,57.869664634146346,31.693755346449958,33.07,2026-08-17
LOWVOL,209.6,2.09,3.55,4.59,0.68,0.326,OTHER,0.26,62.66039349871685,55.646954201867494,57.8538102643857,16.38719512195122,52.373823781009406,56.09,2026-08-17
LOWVOL1,21.46,2.04,0.28,2.63,1.23,1.134,OTHER,0.21,62.36099230111206,49.08848377056469,58.57957490927942,75.34298780487805,51.881950384944396,57.36,2026-08-17
LOWVOLIETF,22.51,2.18,3.92,4.7,0.58,0.282,OTHER,0.35,63.25919589392643,55.98043574922188,57.59460860549508,12.709603658536587,53.12232677502139,56.26,2026-08-17
LOYALTEX,221.0,9.72,,,,0.506,OTHER,7.89,85.05132591958939,,,32.45045731707317,80.88109495295124,66.02,2026-08-17
LPDC,7.87,22.02,15.57,,-1.25,1.201,REALTY,23.76,94.9529512403764,,54.06946604458268,77.21036585365853,95.46621043627032,74.73,2026-08-17
LT,4086.7,8.24,-2.38,4.55,15.4,0.646,INFRASTRUCTURE,12.64,81.50128314798974,55.44686527345487,75.79056505961638,43.82621951219512,87.74593669803251,72.9,2026-08-17
LTF,315.0,1.76,7.05,12.2,43.18,0.662,FINANCIAL_SERVICES,3.1,60.457656116338754,72.96576256113828,88.64696734059098,45.1219512195122,66.27459366980325,69.33,2026-08-17
LTFOODS,417.15,9.0,9.34,1.91,-4.66,0.26,AGRICULTURE,4.47,83.85372112917024,47.55446865273455,49.87039917055469,11.204268292682928,71.08639863130881,62.43,2026-08-17
LTGILTBEES,30.05,0.2,1.69,3.51,5.48,1.079,OTHER,-1.63,50.53464499572284,51.57847932414407,65.6298600311042,73.60899390243902,38.19503849443969,53.12,2026-08-17
LTGILTCASE,30.62,0.43,1.8,3.38,5.26,0.721,OTHER,-1.4,52.65183917878529,51.08937305469098,65.11145671332297,49.35213414634146,40.33361847733105,52.74,2026-08-17
LTM,4700.0,15.75,17.3,18.44,,0.676,IT,17.87,90.93242087254063,80.74699866607381,,46.265243902439025,92.0017108639863,78.13,2026-08-17
LTTS,3528.5,1.39,1.89,0.96,-18.42,0.844,IT,3.51,58.23353293413174,44.28634948866163,32.06324520476931,56.87881097560976,67.83575705731394,50.89,2026-08-17
LUMAXIND,5792.0,8.91,8.83,9.68,42.4,0.278,AUTO,6.65,83.70402053036784,68.27478879502002,88.38776568170036,12.404725609756099,78.12232677502139,76.38,2026-08-17
LUMAXTECH,2049.0,40.45,26.87,25.24,80.24,0.295,AUTO,38.19,99.01625320786998,87.01645175633614,95.59357179885951,13.64329268292683,98.75962360992301,91.02,2026-08-17
LUPIN,2259.0,-9.66,-0.83,-0.76,17.38,0.637,PHARMA,-7.64,11.548331907613345,39.75100044464207,77.52721617418351,43.10213414634146,14.264328485885372,33.78,2026-08-17
LUXIND,1209.0,-6.31,-6.63,-11.56,-6.76,2.2,TEXTILES,-4.34,21.471343028229256,13.072476656291684,47.2265422498704,91.1204268292683,25.320786997433704,28.58,2026-08-17
LXCHEM,179.66,5.09,16.7,17.82,-15.11,0.281,CHEMICALS,4.14,74.18733960650128,80.08003557136504,36.70295489891136,12.557164634146343,70.01710863986314,64.46,2026-08-17
M&M,3390.4,8.74,8.05,8.56,1.79,0.714,HOSPITALITY,10.96,83.25491873396065,66.25166740773678,59.486780715396584,48.93292682926829,86.07784431137725,72.96,2026-08-17
M&MFIN,388.9,20.83,30.57,21.28,49.29,0.218,FINANCIAL_SERVICES,22.17,94.52523524379812,83.99288572698977,90.20217729393468,8.346036585365853,94.76047904191617,86.75,2026-08-17
MAANALU,119.33,0.36,-5.91,-14.39,,0.58,METAL,0.56,51.75363558597091,8.71498443752779,,38.4717987804878,54.191616766467064,40.34,2026-08-17
MACPOWER,1781.4,33.48,77.97,63.69,118.15,0.53,CAPITAL_GOODS,35.92,97.98973481608212,98.2214317474433,98.49663037843442,34.489329268292686,98.33190761334474,95.03,2026-08-17
MADHAV,35.87,-0.08,-3.68,-4.37,-21.27,1.781,REALTY,1.66,48.56715141146279,28.546020453534904,28.564022809745982,87.2141768292683,59.79469632164243,43.18,2026-08-17
MADHAVIPL,7.04,-14.98,-20.72,-17.47,,0.518,INFRASTRUCTURE,-10.58,3.5286569717707437,6.002667852378836,,33.65091463414634,7.955517536355859,15.61,2026-08-17
MADRASFERT,65.03,-5.67,-9.39,-1.6,-27.06,0.989,CHEMICALS,-6.62,24.251497005988025,37.63895064473099,22.23950233281493,64.23399390243902,17.664670658682635,28.21,2026-08-17
MAFANG,211.42,6.02,11.41,7.65,34.61,0.717,OTHER,4.19,76.17621899059024,63.78390395731436,86.05495075168481,49.14253048780488,70.23096663815227,72.81,2026-08-17
MAFATIND,124.21,-7.8,-4.02,-5.16,,0.758,TEXTILES,-5.84,16.9803250641574,26.300578034682083,,51.86737804878049,20.166809238665525,28.14,2026-08-17
MAGADSUGAR,570.65,10.94,25.25,21.02,4.6,1.668,FMCG,10.95,86.61248930710008,83.7038683859493,63.50440642820114,85.59451219512195,86.0136869118905,81.12,2026-08-17
MAGNUM,19.28,2.77,-3.31,,-21.78,0.364,CHEMICALS,1.82,65.78272027373824,,27.73457750129601,19.96951219512195,60.24379811804962,51.11,2026-08-17
MAHABANK,81.1,2.03,-8.04,3.95,52.36,0.736,BANKING,2.36,62.23267750213858,53.401511783014676,91.80922757905651,50.55259146341463,62.895637296834906,65.46,2026-08-17
MAHAPEXLTD,54.09,21.91,12.92,6.6,-48.24,1.513,FINANCIAL_SERVICES,23.25,94.91017964071857,61.31614050689195,5.495075168481078,83.61280487804879,95.25235243798119,68.12,2026-08-17
MAHEPC,107.31,-10.5,-6.59,-6.97,-36.84,0.535,CAPITAL_GOODS,-8.06,9.773310521813517,22.765673632725655,12.545360290305856,35.0609756097561,13.045337895637296,15.33,2026-08-17
MAHKTECH,23.26,0.52,1.39,-6.17,-7.7,1.722,OTHER,-1.31,53.293413173652695,24.410849266340595,46.18973561430793,86.35670731707317,41.06073567151412,44.47,2026-08-17
MAHLIFE,386.65,2.49,12.79,18.44,9.27,0.364,REALTY,4.23,64.75620188195037,80.74699866607381,70.11404872991187,19.96951219512195,70.31650983746792,68.42,2026-08-17
MAHLOG,404.95,4.19,17.51,12.16,25.82,0.313,LOGISTICS,4.99,70.82976903336184,72.87683414851045,82.01140487299119,15.20579268292683,72.24123182207013,71.01,2026-08-17
MAHSCOOTER,13449.0,3.73,7.24,11.1,-13.75,0.303,FINANCIAL_SERVICES,5.07,69.09751924721984,70.92040907069808,38.05080352514256,14.310213414634147,72.3267750213858,61.09,2026-08-17
MAHSEAMLES,622.0,6.45,-0.32,-3.53,-5.31,1.037,METAL,6.65,77.54491017964071,31.25833703868386,48.98911353032659,72.08460365853658,78.12232677502139,60.08,2026-08-17
MAITHANALL,980.0,-3.31,-7.33,-1.88,-7.63,0.883,METAL,-3.11,34.302822925577416,36.63850600266785,46.31933644375324,59.26067073170732,30.624465355004276,37.99,2026-08-17
MAKEINDIA,169.29,4.52,4.89,6.24,15.92,1.568,OTHER,2.69,72.36954662104363,60.382392174299696,76.2571280456195,84.375,64.69204448246364,69.6,2026-08-17
MAKERSL,152.59,,,,,1.0,OTHER,,,,,67.64481707317073,,50.88,2026-08-17
MALLCOM,956.0,-11.98,-8.96,-5.27,-19.95,1.593,CAPITAL_GOODS,-9.54,7.271171941830625,26.078257003112494,30.326594090202175,84.83231707317073,9.880239520958083,20.85,2026-08-17
MALUPAPER,31.85,5.36,-2.57,-0.09,-19.51,0.095,CHEMICALS,4.4,75.04277159965783,41.44064028457092,30.896837739761533,1.6577743902439026,70.80838323353294,53.51,2026-08-17
MAMATA,405.6,7.19,9.78,1.31,0.83,2.284,CAPITAL_GOODS,9.63,79.04191616766467,46.064917741218316,57.95749092794193,91.8064024390244,84.4311377245509,68.03,2026-08-17
MANAKALUCO,38.11,2.01,-6.8,10.91,20.68,0.352,METAL,2.21,62.040205303678356,70.6980880391285,79.73043027475376,18.578506097560975,62.23267750213858,65.6,2026-08-17
MANAKCOAT,121.88,-2.22,9.51,24.69,-17.26,1.052,METAL,-2.02,38.64414029084688,86.68297020898177,33.6962156557802,72.52286585365853,35.67151411462789,50.91,2026-08-17
MANAKSIA,58.87,2.87,-1.49,-3.06,-15.16,0.647,METAL,3.07,66.2104362703165,32.65895953757225,36.57335406946605,43.90243902439025,66.14627887082976,50.77,2026-08-17
MANAKSTEEL,85.03,,,,,0.499,OTHER,,,,,31.59298780487805,,49.08,2026-08-17
MANALIPETC,67.64,6.69,-0.06,20.63,3.85,0.697,CHEMICALS,5.74,78.05816937553465,83.21476211649622,62.46759979263867,47.5609756097561,74.29426860564585,74.14,2026-08-17
MANAPPURAM,348.6,7.23,9.81,13.38,30.61,0.385,FINANCIAL_SERVICES,8.57,79.12745936698032,75.10004446420632,84.08501814411612,21.722560975609756,82.57057313943541,76.76,2026-08-17
MANBA,130.52,-4.17,2.35,16.37,-4.49,0.315,FINANCIAL_SERVICES,-2.83,31.00940975192472,78.07914628723877,50.10368066355625,15.377286585365853,31.800684345594526,45.93,2026-08-17
MANBRO,54.0,,,,,1.0,OTHER,,,,,67.64481707317073,,50.88,2026-08-17
MANCREDIT,236.73,0.97,6.54,42.55,28.32,0.231,FINANCIAL_SERVICES,2.31,55.710008554319934,94.35304579813251,83.30741316744427,9.413109756097562,62.61762189905903,69.61,2026-08-17
MANGALAM,27.84,1.64,-6.23,,-64.57,1.163,OTHER,-0.19,59.858853721129165,,3.006739243131156,76.14329268292683,47.946963216424294,45.05,2026-08-17
MANGLMCEM,872.55,-11.54,2.52,-1.22,25.54,0.715,CEMENT,-7.41,7.8699743370402055,38.594931080480215,81.80404354587868,48.990091463414636,14.756201881950384,33.43,2026-08-17
MANINDS,630.35,16.02,10.34,12.53,61.32,1.134,METAL,16.22,91.10350727117195,73.54379724321922,92.94971487817521,75.34298780487805,91.01796407185628,86.28,2026-08-17
MANINFRA,104.12,2.48,-8.07,-11.45,-36.44,0.816,REALTY,4.22,64.67065868263472,13.294797687861271,12.700881285640229,55.5640243902439,70.2737382378101,41.82,2026-08-17
MANIPALHOS,722.9,,,,,0.263,OTHER,,,,,11.394817073170731,,48.07,2026-08-17
MANKIND,2380.9,-6.48,1.05,-4.88,-4.84,1.826,PHARMA,-4.46,20.872540633019675,27.2565584704313,49.4556765163297,88.03353658536585,25.021385799828916,32.17,2026-08-17
MANOMAY,215.35,22.67,18.23,21.24,30.25,0.438,TEXTILES,24.64,95.03849443969204,83.90395731436195,83.98133748055989,26.81021341463415,95.68006843455944,86.73,2026-08-17
MANORAMA,1943.4,21.81,29.76,48.85,41.66,9.395,FMCG,21.82,94.86740804106074,95.95375722543352,88.02488335925351,99.1234756097561,94.61077844311377,93.94,2026-08-17
MANORG,447.65,,,-22.11,,1.36,OTHER,,,3.2458870609159627,,81.00228658536585,,39.86,2026-08-17
MANUFGBEES,167.28,4.27,5.4,5.95,,2.023,OTHER,2.44,71.12917023096664,59.5153401511783,,89.7484756097561,63.387510692899916,63.77,2026-08-17
MANYAVAR,541.85,35.8,30.93,23.2,-28.52,0.149,RETAIL,36.83,98.41745081266039,85.5935971542908,20.269569725246242,4.058689024390244,98.46022241231822,74.87,2026-08-17
MAPMYINDIA,991.7,-15.86,12.51,-2.21,-40.83,0.271,IT,-13.74,3.015397775876818,35.50466874166296,9.123898392949716,11.985518292682928,3.6783575705731395,12.91,2026-08-17
MARALOVER,53.15,,,,-7.98,1.0,OTHER,,,,45.85277345775013,67.64481707317073,,50.05,2026-08-17
MARATHON,358.8,-9.42,-12.34,-25.68,-43.08,0.761,REALTY,-7.68,12.403763900769889,2.223210315695865,7.776049766718507,52.13414634146341,14.114627887082975,11.18,2026-08-17
MARICO,852.05,1.51,5.39,1.3,18.71,0.532,FMCG,1.52,59.23866552609067,45.998221431747446,78.38258164852256,34.832317073170735,59.23866552609067,58.54,2026-08-17
MARINE,367.1,44.87,40.36,67.82,,0.703,CAPITAL_GOODS,47.31,99.40119760479041,98.4437527790129,,47.980182926829265,99.57228400342173,86.74,2026-08-17
MARKOLINES,171.65,-0.83,0.4,4.31,,0.576,INFRASTRUCTURE,3.57,45.05988023952096,54.60204535349044,,38.1859756097561,68.11377245508982,51.55,2026-08-17
MARKSANS,331.45,20.37,34.12,59.77,91.29,2.48,PHARMA,22.39,94.09751924721984,97.82125389061805,96.57853810264385,92.7782012195122,94.82463644140292,95.57,2026-08-17
MARSONS,104.8,-5.92,-8.55,-26.75,,0.433,CAPITAL_GOODS,-3.48,23.267750213857997,2.1342819030680302,,26.333841463414636,28.80667236954662,24.31,2026-08-17
MARUTI,13760.0,-0.17,0.5,4.08,-6.48,0.453,AUTO,-2.43,47.98973481608212,53.779457536682976,47.770865733540695,27.934451219512198,33.63986313088109,46.24,2026-08-17
MASFIN,305.3,-3.61,-2.37,-4.41,-0.67,1.774,FINANCIAL_SERVICES,-2.27,33.14798973481608,28.390395731436197,55.028512182477975,87.0998475609756,34.34559452523524,39.21,2026-08-17
MASPTOP50,81.26,1.82,3.34,-0.5,26.44,0.834,OTHER,-0.01,60.84260051325919,40.19564250778124,82.21876620010367,56.3452743902439,49.57228400342173,58.04,2026-08-17
MASTEK,1811.8,2.47,8.9,16.9,-28.3,0.186,IT,4.59,64.60650128314799,78.9239662072032,20.37325038880249,6.288109756097561,71.3857998289136,57.44,2026-08-17
MASTERTR,78.48,-10.5,0.42,-15.63,-51.43,0.732,FINANCIAL_SERVICES,-9.16,9.773310521813517,7.425522454424188,4.613789528252981,50.19054878048781,10.778443113772456,10.33,2026-08-17
MATRIMONY,543.05,24.2,38.2,26.9,7.34,0.196,RETAIL,25.23,95.50898203592814,88.172521120498,68.42923794712286,7.03125,95.89392643284859,83.89,2026-08-17
MAWANASUG,124.06,,,,40.16,1.723,OTHER,,,,87.55832037325038,86.39481707317073,,59.33,2026-08-17
MAXESTATES,474.35,13.3,3.88,17.15,3.46,7.11,REALTY,15.04,89.02908468776732,79.45753668297021,61.68999481596682,98.6280487804878,90.20530367835758,81.82,2026-08-17
MAXHEALTH,1003.7,-8.6,-1.99,-4.42,-15.19,1.285,HEALTHCARE,-9.38,14.67065868263473,28.32369942196532,36.44375324002074,79.4016768292683,10.26518391787853,25.01,2026-08-17
MAXIND,150.33,-9.78,-6.34,-7.18,-30.56,0.379,FINANCIAL_SERVICES,-8.44,11.291702309666382,22.409959982214318,18.040435458786934,21.169969512195124,12.403763900769889,16.08,2026-08-17
MAYURUNIQ,732.2,-10.94,-11.14,16.52,37.68,1.017,TEXTILES,-8.98,8.810949529512403,78.30146731880836,86.98807672369104,71.34146341463415,10.992301112061591,45.27,2026-08-17
MAZDOCK,2569.7,8.83,4.15,3.54,-4.39,0.698,DEFENCE,5.8,83.46877673224978,51.6674077367719,50.28512182477968,47.65625,74.3798118049615,65.73,2026-08-17
MBAPL,164.73,25.17,-70.88,-69.23,-61.32,0.79,CHEMICALS,24.22,95.85115483319076,0.5780346820809248,3.265940902021773,53.65853658536586,95.50898203592814,51.35,2026-08-17
MBEL,283.3,-13.8,-8.44,-8.38,-37.94,1.027,INFRASTRUCTURE,-9.4,4.961505560307955,20.320142285460204,11.404872991187144,71.55106707317073,10.158254918733961,14.2,2026-08-17
MBLINFRA,24.38,,,,-41.42,0.868,REALTY,,,,8.761016070502851,58.28887195121951,,42.17,2026-08-17
MCCHRLS-B,677.1,-3.27,-1.87,0.59,,0.615,HOSPITALITY,-1.05,34.473909324208726,43.61938639395287,,41.634908536585364,42.32249786142002,41.4,2026-08-17
MCL,60.47,12.82,1.48,,25.51,2.344,METAL,13.02,88.62275449101796,,81.75220321410058,92.03506097560977,88.366124893071,77.73,2026-08-17
MCLEODRUSS,44.85,,,,18.09,0.997,OTHER,,,,78.0715396578538,64.42454268292683,,56.34,2026-08-17
MCLOUD,26.77,-7.88,-7.5,7.73,-67.26,1.936,IT,-5.76,16.723695466210437,63.89506447309915,2.7993779160186625,88.9672256097561,20.508982035928145,29.91,2026-08-17
MCX,2933.1,4.18,1.65,-13.5,-61.87,0.568,FINANCIAL_SERVICES,5.52,70.78699743370403,9.87105380168964,3.21410057024365,37.5952743902439,73.39606501283149,40.78,2026-08-17
MEDANTA,1415.1,6.22,14.48,13.89,1.08,0.236,HEALTHCARE,5.44,76.86056458511548,75.76700755891508,58.26853291861068,9.75609756097561,73.05389221556887,68.94,2026-08-17
MEDIASSIST,343.5,-3.89,-6.85,-10.73,-37.01,1.071,HEALTHCARE,-4.68,32.16424294268606,14.695420186749667,12.337998963193364,73.17073170731707,24.5295124037639,24.74,2026-08-17
MEDICAMEQ,219.88,-7.81,-3.48,-20.75,-37.2,3.819,PHARMA,-5.79,16.894781864841747,3.6905291240551357,12.182477967858993,96.53201219512195,20.42343883661249,17.16,2026-08-17
MEDICAPQ,25.26,,,,,1.0,OTHER,,,,,67.64481707317073,,50.88,2026-08-17
MEDICO,44.27,13.89,3.6,0.0,11.32,0.484,PHARMA,15.91,89.34987168520102,41.84081814139618,72.00622083981337,30.583079268292686,90.8896492728828,71.3,2026-08-17
MEDPLUS,656.5,-18.85,-24.44,-30.97,-22.04,0.352,PHARMA,-16.83,1.8391787852865698,1.511783014673188,27.47537584240539,18.578506097560975,2.0102651839178787,7.75,2026-08-17
MEESHO,193.82,4.82,15.99,1.66,,0.465,RETAIL,5.85,73.60992301112061,47.02089817696754,,29.34451219512195,74.42258340461933,60.15,2026-08-17
MEGASTAR,311.75,-4.82,-1.13,1.55,36.17,0.186,FMCG,-4.81,27.994011976047904,46.6651845264562,86.31415241057543,6.288109756097561,23.973481608212147,42.64,2026-08-17
MEIL,269.45,,,,,0.463,OTHER,,,,,29.115853658536583,,48.96,2026-08-17
MENNPIS,71.81,-0.21,29.53,18.44,,0.465,AUTO,-2.47,47.84003421727972,80.74699866607381,,29.34451219512195,33.23353293413174,53.38,2026-08-17
MERCANTILE,24.5,0.62,-4.07,-1.53,,0.563,REALTY,2.36,53.635585970915315,37.88350377945754,,37.29039634146341,62.895637296834906,49.54,2026-08-17
MERCURYEV,35.59,,,,,1.404,OTHER,,,,,81.59298780487805,,51.58,2026-08-17
METAL,13.26,4.99,2.0,-1.19,42.12,1.426,OTHER,3.16,73.90932420872541,38.75055580257892,88.18040435458786,82.01219512195121,66.46706586826348,67.26,2026-08-17
METALIETF,13.24,5.41,1.85,-1.05,42.37,0.821,OTHER,3.58,75.21385799828913,39.21742996887506,88.33592534992223,55.92606707317073,68.22070145423439,66.83,2026-08-17
METROBRAND,942.8,-8.55,-6.13,-8.48,-17.15,0.361,FMCG,-8.54,14.820359281437126,19.986660738105826,33.92949714878175,19.683689024390244,12.082976903336185,19.77,2026-08-17
METROGLOBL,154.74,18.34,17.6,19.94,,14.348,OTHER,16.51,93.11377245508982,82.25878168074699,,99.8094512195122,91.14627887082976,81.82,2026-08-17
METROPOLIS,550.75,-4.79,3.11,4.14,-74.5,0.759,HEALTHCARE,-5.58,28.29341317365269,54.17963539350823,2.2291342664593055,51.981707317073166,21.04362703165098,29.65,2026-08-17
MFML,18.67,-0.16,-21.02,-27.04,,0.224,TEXTILES,1.8,48.07527801539778,2.0453534904401955,,8.765243902439025,60.17964071856288,36.8,2026-08-17
MFSL,1571.7,-0.42,-2.52,-2.01,-3.15,0.833,FINANCIAL_SERVICES,0.92,46.74935842600513,36.30502445531347,51.99585277345775,56.269054878048784,56.07356715141146,47.06,2026-08-17
MGL,1129.1,1.44,-4.77,3.82,-11.96,0.903,ENERGY,0.0,58.70402053036784,52.734548688305914,40.59097978227061,60.175304878048784,50.0,52.36,2026-08-17
MHLXMIRU,186.27,35.25,9.19,5.84,-14.89,0.511,TEXTILES,37.22,98.33190761334474,59.181858603823926,36.98807672369103,32.94588414634146,98.50299401197606,73.03,2026-08-17
MHRIL,224.89,-2.22,-2.8,-4.08,-35.85,0.395,HOSPITALITY,0.0,38.64414029084688,29.746554024010674,13.167444271643339,22.63719512195122,50.0,32.23,2026-08-17
MID150,23.87,1.79,3.83,6.04,9.5,0.553,OTHER,-0.04,60.71428571428571,59.82658959537572,70.24364955935718,36.24237804878049,49.33704020530368,59.47,2026-08-17
MID150BEES,242.89,1.81,3.58,5.77,11.45,1.016,OTHER,-0.02,60.778443113772454,59.13739439751,72.10990150336963,71.24618902439023,49.48674080410607,61.46,2026-08-17
MID150CASE,11.84,2.25,4.32,6.09,12.33,0.858,OTHER,0.42,63.75106928999145,59.98221431747444,72.93934681181959,57.66006097560976,53.48588537211292,62.8,2026-08-17
MIDBANKADD,17.34,,,,,3.606,OTHER,,,,,96.26524390243902,,52.31,2026-08-17
MIDCAP,18.71,1.85,4.18,6.43,-88.6,0.807,OTHER,0.02,61.12061591103507,60.893730546909744,0.8035251425609125,54.82088414634146,50.44910179640718,47.08,2026-08-17
MIDCAPADD,23.55,1.73,3.97,5.23,,0.061,OTHER,-0.1,60.393498716852015,57.536682970208986,,0.8384146341463415,48.88793840889649,52.9,2026-08-17
MIDCAPBETA,237.8,1.61,4.05,6.0,,0.275,OTHER,-0.22,59.68776732249786,59.67096487327701,,12.214176829268293,47.66894781864842,53.57,2026-08-17
MIDCAPETF,23.98,1.83,3.54,5.5,11.64,1.011,OTHER,0.0,60.928143712574844,58.42596709648733,72.36910316226025,71.13185975609755,50.0,61.46,2026-08-17
MIDCAPIETF,24.33,2.01,3.58,5.92,11.66,0.589,OTHER,0.18,62.040205303678356,59.42641173855046,72.42094349403835,39.04344512195122,51.710863986313086,60.76,2026-08-17
MIDHANI,428.6,3.97,-2.38,5.04,12.57,1.521,DEFENCE,0.94,70.10265183917879,56.89195197865718,73.25038880248833,83.84146341463415,56.15911035072712,66.02,2026-08-17
MIDQ50ADD,25.65,3.09,-89.69,-89.38,-89.65,0.219,OTHER,1.26,67.1300256629598,0.22232103156958646,0.673924313115604,8.422256097560975,57.720273738237815,32.77,2026-08-17
MIDSELIETF,19.95,2.99,6.51,11.2,15.45,0.621,OTHER,1.16,66.70230966638152,71.0760337927968,75.89424572317263,42.073170731707314,57.39948674080411,67.01,2026-08-17
MIDSMALL,52.41,3.21,2.28,4.51,9.92,0.593,OTHER,1.38,67.66467065868264,55.40240106714095,70.94349403836185,39.53887195121951,58.55431993156544,62.48,2026-08-17
MIDWESTLTD,1110.0,-14.63,-14.06,-16.58,,1.762,REALTY,-12.89,4.277159965782721,6.536238328145842,,86.85213414634147,4.533789563729684,18.15,2026-08-17
MIIL,682.55,,,,,1.0,OTHER,,,,,67.64481707317073,,50.88,2026-08-17
MINALIND,2.06,,,,,1.0,OTHER,,,,,67.64481707317073,,50.88,2026-08-17
MINDACORP,725.15,6.18,10.36,38.07,45.32,0.953,AUTO,3.92,76.732249786142,93.1747443308137,89.16537065837221,62.671493902439025,69.41830624465355,81.53,2026-08-17
MINDTECK,175.45,-14.83,-17.28,-13.86,,0.405,IT,-12.71,3.8922155688622757,9.248554913294797,,23.323170731707318,4.769033361847733,15.56,2026-08-17
MIRZAINT,31.44,-15.44,3.49,1.55,-2.18,0.752,TEXTILES,-13.48,3.165098374679213,46.6651845264562,52.98081907724209,51.5625,3.849443969204448,26.53,2026-08-17
MITTAL,0.9,-3.23,-12.62,0.0,-43.75,2.066,TEXTILES,-1.27,34.55945252352438,41.84081814139618,7.4650077760497675,90.58689024390245,41.25320786997433,34.77,2026-08-17
MKEXIM,53.91,,,,,1.0,OTHER,,,,,67.64481707317073,,50.88,2026-08-17
MKPL,4.11,-9.27,-17.3,-19.73,,0.612,FMCG,-9.26,12.745936698032507,4.357492218763895,,41.36814024390244,10.564585115483318,19.2,2026-08-17
MLKFOOD,81.44,,,,,1.0,OTHER,,,,,67.64481707317073,,50.88,2026-08-17
MMFL,632.3,20.64,34.08,41.79,96.09,2.425,AUTO,18.38,94.39692044482464,94.26411738550466,96.83773976153446,92.45426829268293,92.57912745936699,94.48,2026-08-17
MMP,350.0,23.07,32.03,27.56,27.67,1.087,METAL,23.27,95.20958083832335,88.48377056469542,82.76308968377397,73.78048780487805,95.29512403763901,89.98,2026-08-17
MMTC,63.81,-0.61,-15.75,1.3,2.57,0.467,DIVERSIFIED,-0.36,45.82976903336185,45.998221431747446,60.60134784862623,29.554115853658537,46.57827202737382,48.12,2026-08-17
MMWL,15.21,,,3.33,,0.428,OTHER,,,50.75589150733659,,25.72408536585366,,48.98,2026-08-17
MNC,34.76,3.79,4.83,6.56,15.56,0.413,OTHER,1.96,69.4824636441403,61.16051578479325,76.049766718507,24.104420731707318,60.928143712574844,65.16,2026-08-17
MOALPHA50,56.24,4.42,6.01,8.66,11.9,0.645,OTHER,2.59,71.94183062446535,66.51845264562027,72.68014515292897,43.76905487804878,64.37125748502994,68.19,2026-08-17
MOBANK10,17.04,-1.56,0.83,6.04,,1.135,OTHER,-3.39,42.08725406330196,59.82658959537572,,75.41920731707317,29.148845166809238,47.83,2026-08-17
MOBIKWIK,202.83,-8.29,2.47,7.37,-9.83,0.309,FINANCIAL_SERVICES,-6.95,15.67579127459367,63.09470875944865,43.96060134784862,14.919969512195122,16.723695466210437,33.31,2026-08-17
MOCAPITAL,53.6,-1.22,-3.39,-2.76,24.54,1.767,OTHER,-3.05,43.627031650983746,33.23699421965318,81.49300155520996,86.92835365853658,30.881094952951237,48.86,2026-08-17
MODEFENCE,108.22,6.19,8.12,9.36,30.91,1.294,OTHER,4.36,76.79640718562875,67.76345042240996,84.5775012960083,79.76371951219512,70.70145423438836,75.33,2026-08-17
MODIRUBBER,117.1,-8.97,-7.53,-13.28,2.85,5.819,AUTO,-11.23,13.72968349016253,10.315695864828813,60.938310005184036,98.0564024390244,7.014542343883662,25.53,2026-08-17
MODIS,415.6,20.41,20.43,14.55,,1.403,REALTY,22.15,94.14029084687768,76.47843485993775,,81.5548780487805,94.69632164242942,80.35,2026-08-17
MODTHREAD,57.64,23.88,31.0,25.28,4.72,19.898,TEXTILES,25.84,95.42343883661249,87.06091596265007,63.97096941420425,100.0,96.10778443113772,87.37,2026-08-17
MOENERGY,38.88,-1.29,-2.95,-2.63,,8.537,OTHER,-3.12,43.370402053036784,33.703868385949306,,98.97103658536585,30.517536355859708,43.13,2026-08-17
MOGOLD,150.85,8.29,1.45,-2.49,49.36,0.557,OTHER,6.46,81.56544054747647,34.25967096487328,90.35769828926905,36.6234756097561,77.26689478186483,68.61,2026-08-17
MOGSEC,65.5,0.43,1.17,3.17,6.06,0.033,OTHER,-1.4,52.65183917878529,50.244553134726544,66.32970451010887,0.26676829268292684,40.33361847733105,50.32,2026-08-17
MOHEALTH,51.41,0.69,8.1,8.28,15.04,0.505,OTHER,-1.14,54.06330196749358,65.49577590040018,75.66096423017107,32.27896341463415,41.958939264328485,58.34,2026-08-17
MOHITE,2.49,,,,,1.0,OTHER,,,,,67.64481707317073,,50.88,2026-08-17
MOHITIND,23.22,0.09,0.96,2.43,-26.26,0.188,TEXTILES,2.05,49.786142001710864,48.68830591373944,23.224468636599273,6.440548780487805,61.3130881094953,43.76,2026-08-17
MOIL,272.8,-0.02,-8.33,-11.13,-16.07,0.23,METAL,0.18,48.716852010265185,13.739439751000445,35.45878693623639,9.317835365853659,51.710863986313086,35.8,2026-08-17
MOINFRA,59.79,-2.08,-4.35,-5.57,3.95,2.03,OTHER,-3.91,39.34987168520102,25.566918630502443,62.72680145152929,89.97713414634147,26.475620188195037,41.18,2026-08-17
MOIPO,48.43,3.22,10.37,12.18,,1.835,OTHER,1.39,67.70744225834046,72.92129835482437,,88.1859756097561,58.59709153122326,65.13,2026-08-17
MOKSH,10.73,-5.55,-10.88,-12.12,-22.3,1.455,FMCG,-5.54,24.679213002566296,12.072032014228546,27.268014515292897,82.54573170731707,21.236099230111204,24.42,2026-08-17
MOL,62.97,34.44,21.24,20.93,-25.64,1.031,CHEMICALS,33.48,98.20359281437125,83.52601156069365,23.79471228615863,71.76067073170732,98.07527801539777,78.31,2026-08-17
MOLBIO,1041.7,,,,,1.0,OTHER,,,,,67.64481707317073,,50.88,2026-08-17
MOLDTKPAC,680.15,-2.26,-1.97,-3.28,-13.79,0.459,CHEMICALS,-3.22,38.40889649272883,31.92530013339262,37.947122861586315,28.56326219512195,29.94011976047904,34.93,2026-08-17
MOLOWVOL,37.22,1.22,2.28,1.2,-1.46,0.228,OTHER,-0.61,57.18562874251497,45.175633614939976,53.810264385692065,9.089176829268293,44.31137724550898,49.17,2026-08-17
MOM100,68.78,1.43,3.06,5.35,12.64,0.723,OTHER,-0.4,58.55431993156544,58.025789239662075,73.35406946604458,49.56173780487805,46.10778443113773,59.07,2026-08-17
MOM30IETF,31.72,2.22,0.54,3.26,3.32,0.325,OTHER,0.39,63.5158254918734,50.51133837261005,61.378952825298086,16.234756097560975,53.33618477331052,55.95,2026-08-17
MOM50,254.28,1.14,1.76,3.25,-0.97,0.207,OTHER,-0.69,56.629597946963216,50.46687416629613,54.43234836702955,7.679115853658537,43.73396065012832,50.27,2026-08-17
MOMENTUM,31.57,2.3,0.38,3.47,3.17,1.325,OTHER,0.47,64.02908468776732,51.422854602045355,61.27527216174183,80.39253048780488,53.76390076988879,59.61,2026-08-17
MOMENTUM30,31.27,2.26,1.16,4.58,,1.305,OTHER,0.43,63.857998289136006,55.580257892396624,,80.01143292682927,53.57142857142857,58.28,2026-08-17
MOMENTUM50,54.38,2.55,2.1,4.72,6.79,0.691,OTHER,0.72,65.098374679213,56.06936416184971,67.62571280456194,47.21798780487805,55.04704875962361,60.94,2026-08-17
MOMETAL,13.15,,,,,0.521,OTHER,,,,,33.860518292682926,,49.19,2026-08-17
MOMGF,166.21,4.32,4.75,5.87,15.54,2.568,OTHER,2.49,71.40718562874252,59.270787016451756,75.99792638672888,93.2545731707317,63.793840889649275,69.24,2026-08-17
MOMIDMTM,65.28,2.88,0.71,3.72,5.67,2.024,OTHER,1.05,66.27459366980325,52.42329924410849,65.8372213582167,89.80564024390245,56.69375534644996,62.46,2026-08-17
MOMMIDCAP,13.11,,,,,0.765,OTHER,,,,,52.38185975609756,,50.12,2026-08-17
MOMNC,33.68,3.95,4.56,6.45,,0.244,OTHER,2.12,69.88879384088965,60.982658959537574,,10.17530487804878,61.54833190761334,59.45,2026-08-17
MOMOMENTUM,63.11,2.65,0.38,3.48,3.12,1.313,OTHER,0.82,65.46193327630453,51.489550911516226,61.223431829963715,80.1638719512195,55.62446535500428,60.38,2026-08-17
MON100,336.81,0.96,2.04,2.36,66.33,0.651,OTHER,-0.87,55.62446535500428,48.37705646954202,93.51995852773459,44.207317073170735,43.11377245508982,58.94,2026-08-17
MON50EQUAL,33.82,2.61,3.77,3.36,6.96,0.723,OTHER,0.78,65.35500427715996,50.955980435749225,67.91083462934164,49.56173780487805,55.453378956372966,59.99,2026-08-17
MONARCH,389.05,7.34,11.91,29.81,20.45,0.164,FINANCIAL_SERVICES,8.68,79.42686056458511,89.63983992885727,79.57490927941939,4.782774390243903,82.91274593669803,78.8,2026-08-17
MONEXT50,74.99,4.41,4.71,8.29,12.65,0.034,OTHER,2.58,71.87767322497861,65.56247220987106,73.40590979782272,0.3048780487804878,64.26432848588537,65.88,2026-08-17
MONEYBOXX,57.19,-5.31,-18.0,-18.79,,0.15,FINANCIAL_SERVICES,-3.97,25.705731394354146,4.802134281903068,,4.115853658536586,26.17621899059025,24.33,2026-08-17
MONIFTY100,25.74,1.7,2.8,4.08,,1.509,OTHER,-0.13,60.30795551753636,53.779457536682976,,83.53658536585365,48.716852010265185,56.04,2026-08-17
MONIFTY500,24.27,2.02,3.19,5.43,4.3,0.817,OTHER,0.19,62.125748502994014,58.33703868385949,63.14152410575428,55.62118902439024,51.796407185628745,59.51,2026-08-17
MONQ50,151.4,5.29,5.93,12.29,88.24,0.371,OTHER,3.46,74.72198460222413,73.09915518008003,96.37117677553137,20.560213414634145,67.53635585970915,74.86,2026-08-17
MONTECARLO,524.3,-2.35,-3.27,-9.1,-7.98,1.118,TEXTILES,-0.39,38.02395209580838,18.58603823921743,45.85277345775013,74.8094512195122,46.364414029084685,37.82,2026-08-17
MOOILGAS,11.27,,,,,0.225,OTHER,,,,,8.917682926829269,,47.95,2026-08-17
MOPSE,100.61,0.36,-0.82,-5.94,7.36,3.818,OTHER,-1.47,51.75363558597091,24.81102712316585,68.5329186106791,96.4939024390244,39.24294268605646,48.73,2026-08-17
MOQUALITY,204.9,2.08,1.92,2.29,7.03,0.045,OTHER,0.25,62.5748502994012,48.19919964428635,68.066355624676,0.4763719512195122,52.224123182207016,55.42,2026-08-17
MOREALTY,91.45,0.95,12.15,20.93,1.85,1.035,OTHER,-0.88,55.53892215568862,83.52601156069365,59.82374287195438,71.9702743902439,43.00684345594525,62.33,2026-08-17
MOREPENLAB,89.82,47.66,71.81,114.16,89.89,1.766,PHARMA,49.68,99.65782720273738,99.77767896843042,96.52669777086574,86.89024390243902,99.74337040205303,98.44,2026-08-17
MOSCHIP,211.72,-14.49,-2.25,4.82,26.96,0.655,IT,-12.37,4.362703165098375,56.358381502890175,82.42612752721618,44.60746951219512,5.111206159110351,35.1,2026-08-17
MOSERVICE,31.3,0.29,2.52,5.39,,7.185,OTHER,-1.54,51.34730538922155,58.24811027123166,,98.70426829268293,38.92215568862276,53.31,2026-08-17
MOSILVER,230.87,7.86,-5.28,-10.79,100.41,0.577,OTHER,6.03,80.36783575705732,14.584259670964872,97.30430274753759,38.22408536585366,75.27801539777587,64.44,2026-08-17
MOSMALL250,18.39,1.04,5.87,9.99,9.27,0.364,OTHER,-0.79,56.137724550898206,68.89728768341486,70.11404872991187,19.96951219512195,43.41317365269461,58.41,2026-08-17
MOTHERSON,168.06,16.99,13.86,29.36,80.79,0.362,CAPITAL_GOODS,19.43,92.17279726261762,89.32859048465986,95.69725246241576,19.798018292682926,93.28485885372113,88.71,2026-08-17
MOTILALOFS,955.0,0.01,1.14,13.25,5.07,3.767,FINANCIAL_SERVICES,1.35,49.35842600513259,74.78879502000889,64.85225505443235,96.41768292682927,58.42600513259196,62.53,2026-08-17
MOTISONS,16.54,17.47,17.81,40.65,-15.87,2.818,FMCG,17.48,92.64328485885372,93.95286794130725,35.873509590461374,94.0548780487805,91.74508126603935,81.55,2026-08-17
MOTOUR,80.29,1.35,5.6,10.52,-13.35,11.192,OTHER,-0.48,57.82720273738238,70.07558915073366,38.543286677034736,99.54268292682927,45.124037639007696,57.21,2026-08-17
MOVALUE,114.48,0.84,-2.7,-0.75,14.45,0.766,OTHER,-0.99,54.91873396065012,39.79546465095598,75.22032141005702,52.4390243902439,42.57912745936698,53.22,2026-08-17
MPHASIS,2510.0,6.72,7.85,20.49,-12.64,0.601,IT,8.84,78.18648417450814,83.01467318808359,39.70969414204251,40.110518292682926,83.23353293413174,70.55,2026-08-17
MPSLTD,2814.8,36.66,54.69,53.58,30.87,0.118,HEALTHCARE,35.88,98.63130881094952,96.8875055580258,84.34421980300674,2.5533536585365852,98.28913601368691,90.48,2026-08-17
MRF,133015.0,1.21,3.54,3.4,-6.58,0.449,AUTO,-1.05,57.0786997433704,51.20053357047577,47.615344738206325,27.496189024390244,42.32249786142002,50.02,2026-08-17
MRPL,177.15,2.2,7.03,17.85,42.92,0.743,CHEMICALS,1.25,63.366124893070996,80.2134281903068,88.59512700881285,50.91463414634146,57.656116338751076,71.14,2026-08-17
MSCI360,10.3,1.88,2.69,,,0.162,OTHER,0.05,61.3344739093242,,,4.592225609756097,50.76988879384089,51.81,2026-08-17
MSCIADD,30.03,1.83,4.02,4.38,,0.818,OTHER,0.0,60.928143712574844,54.97999110715873,,55.69740853658537,50.0,55.35,2026-08-17
MSCIINDIA,30.27,1.78,2.82,4.09,3.56,0.052,OTHER,-0.05,60.62874251497006,53.890618052467765,61.89735614307932,0.666920731707317,49.23011120615911,54.49,2026-08-17
MSL,139.0,,,,,1.0,OTHER,,,,,67.64481707317073,,50.88,2026-08-17
MSPL,34.47,-7.31,-18.86,-15.04,9.22,0.862,METAL,-7.11,18.926432848588536,7.914628723877279,70.03628823224469,57.92682926829268,15.932420872540634,27.9,2026-08-17
MSTCLTD,653.2,3.38,-7.84,54.7,49.0,2.87,METAL,3.58,68.13515825491874,97.10982658959537,90.09849663037843,94.28353658536585,68.22070145423439,81.09,2026-08-17
MSUMI,40.33,1.59,7.29,0.65,-3.08,0.517,AUTO,-0.67,59.55945252352438,43.75277901289462,52.30689476412649,33.59375,43.862275449101794,50.5,2026-08-17
MTNL,27.08,-5.84,-13.32,-7.36,-39.31,6.196,INFRASTRUCTURE,-1.44,23.438836612489307,22.143174744330814,10.238465526179368,98.2469512195122,39.542343883661246,26.63,2026-08-17
MUFIN,135.87,6.74,9.78,20.55,60.3,0.715,FINANCIAL_SERVICES,8.08,78.22925577416595,83.05913739439751,92.79419388284084,48.990091463414636,81.35158254918734,81.36,2026-08-17
MUFTI,77.21,-9.79,-12.58,-0.25,-39.44,1.683,RETAIL,-8.76,11.248930710008555,40.7514450867052,10.057024364955936,85.78506097560977,11.569717707442258,22.16,2026-08-17
MUKANDLTD,135.27,-7.48,-0.16,-4.08,3.8,0.312,METAL,-7.28,18.306244653550046,29.746554024010674,62.23431829963712,15.091463414634147,15.248075278015397,29.33,2026-08-17
MUKESHB,147.0,,,,,1.0,OTHER,,,,,67.64481707317073,,50.88,2026-08-17
MUKKA,27.53,19.33,9.29,16.85,3.5,2.495,AGRICULTURE,14.8,93.69118905047048,78.83503779457537,61.74183514774495,92.8734756097561,89.99144568006844,82.99,2026-08-17
MULTICAP,16.94,1.86,3.67,6.07,6.21,1.231,OTHER,0.03,61.24893071000855,59.91551800800355,66.77034733022292,78.01067073170732,50.556030795551756,61.25,2026-08-17
MUNJALAU,119.72,12.69,21.19,33.6,32.55,2.589,AUTO,10.43,88.5372112917023,91.37394397510005,85.12182477967859,93.33079268292683,85.32934131736528,88.32,2026-08-17
MUNJALSHOW,136.62,0.81,5.85,4.37,-0.61,0.72,AUTO,-1.45,54.72626176218991,54.86883059137394,55.33955417314671,49.23780487804878,39.37125748502994,52.31,2026-08-17
MURUDCERA,30.49,-1.84,-3.21,-10.11,-29.62,0.428,CAPITAL_GOODS,0.6,40.526090675791274,16.362827923521564,19.103162260238467,25.72408536585366,54.4054747647562,31.54,2026-08-17
MUTHOOTCAP,258.69,10.66,29.63,28.49,-5.15,0.363,FINANCIAL_SERVICES,12.0,86.4841745081266,88.83948421520675,49.24831518921721,19.87423780487805,87.12574850299401,76.39,2026-08-17
MUTHOOTFIN,2888.5,-3.59,-8.79,-12.77,8.06,0.69,FINANCIAL_SERVICES,-2.25,33.19076133447391,11.293908403734994,69.15500259201659,47.046493902439025,34.49529512403764,35.8,2026-08-17
MUTHOOTMF,208.12,-14.71,0.89,14.93,36.73,0.339,FINANCIAL_SERVICES,-13.37,4.1060735671514115,76.92307692307693,86.62519440124416,17.2827743902439,4.020530367835757,39.46,2026-08-17
MVELECTRO,570.1,,,,,0.124,OTHER,,,,,2.877286585365854,,47.64,2026-08-17
MVGJL,152.64,-5.22,0.55,-1.83,-24.15,1.435,FMCG,-5.21,26.304533789563727,36.74966651845264,25.246241575946087,82.16463414634147,22.45508982035928,30.92,2026-08-17
MWL,40.91,11.62,-89.1,-88.48,,0.348,METAL,11.82,87.72455089820359,0.31124944419742107,,18.140243902439025,86.7835757057314,54.71,2026-08-17
NACLIND,173.45,-20.01,0.75,7.35,,0.823,CHEMICALS,-20.97,1.5825491873396065,62.91685193419298,,56.02134146341463,1.2831479897348161,29.28,2026-08-17
NAGREEKCAP,23.5,,,,-7.92,1.708,OTHER,,,,45.93053395541731,86.2423780487805,,51.0,2026-08-17
NAGREEKEXP,24.26,0.79,-9.65,-7.86,-8.35,3.113,TEXTILES,2.76,54.59794696321643,21.520675855935973,45.56765163297045,95.19817073170732,64.97005988023952,48.11,2026-08-17
NAHARCAP,255.62,2.79,0.8,0.42,,0.141,FINANCIAL_SERVICES,4.13,65.91103507271173,43.152512227656736,,3.6966463414634143,69.9743370402053,54.54,2026-08-17
NAHARINDUS,117.38,0.26,0.03,5.65,,3.097,CHEMICALS,-0.7,51.06928999144568,59.02623388172521,,95.08384146341463,43.64841745081266,53.93,2026-08-17
NAHARPOLY,237.65,-5.68,-3.3,-0.86,,0.124,CHEMICALS,-6.64,24.187339606501283,39.48421520675856,,2.877286585365854,17.557741659538067,31.11,2026-08-17
NAHARSPING,296.7,,,,41.49,0.395,OTHER,,,,87.92120269569725,22.63719512195122,,56.22,2026-08-17
NAM-INDIA,1202.7,4.45,5.28,9.28,45.66,1.062,AMC,3.61,72.09153122326775,67.71898621609604,89.32089165370658,72.9420731707317,68.34901625320788,73.93,2026-08-17
NARMADA,14.45,-61.95,-61.05,-59.42,-34.56,0.346,AGRICULTURE,-66.48,0.29940119760479045,0.7114273010226767,14.074650077760499,17.892530487804876,0.1710863986313088,4.02,2026-08-17
NATCAPSUQ,148.75,4.67,-1.68,-2.27,-26.45,0.391,PHARMA,6.69,73.05389221556887,35.19341929746554,23.017107309486782,22.351371951219512,78.3147989734816,51.84,2026-08-17
NATCOPHARM,889.8,-7.91,4.5,-25.79,4.04,1.804,PHARMA,-5.89,16.63815226689478,2.1787461093819473,62.83048211508554,87.42378048780488,19.931565440547477,26.3,2026-08-17
NATHBIOGEN,154.43,-2.86,-8.13,-4.03,,0.335,AGRICULTURE,-7.39,36.14200171086399,29.835482436638504,,17.054115853658537,14.948674080410607,33.2,2026-08-17
NATIONALUM,387.55,9.34,5.7,-3.98,108.34,1.125,METAL,9.54,84.49529512403764,29.968875055580256,98.0300673924313,75.03810975609755,84.32420872540634,73.07,2026-08-17
NATIONSTD,141.05,-67.59,-88.26,-88.14,,0.221,REALTY,-65.85,0.1710863986313088,0.35571365051133835,,8.555640243902438,0.21385799828913601,10.61,2026-08-17
NAUKRI,1355.8,12.33,35.9,46.08,-2.86,1.291,RETAIL,13.36,88.28058169375535,95.33125833703868,52.56609642301711,79.66844512195121,88.70829769033361,82.53,2026-08-17
NAVA,559.65,-5.26,-9.01,-10.95,-15.18,1.633,POWER,-0.03,26.00513259195894,14.1396176078257,36.495593571798864,85.3467987804878,49.443969204448244,31.62,2026-08-17
NAVINFLUOR,8151.0,6.55,11.42,16.43,69.95,0.363,CHEMICALS,5.6,77.71599657827203,78.12361049355269,94.4530844997408,19.87423780487805,73.63130881094952,77.66,2026-08-17
NAVKARCORP,98.89,-14.93,-7.62,5.09,-17.01,0.167,POWER,-9.7,3.6569717707442257,57.13650511338373,34.29237947122862,4.992378048780488,9.55945252352438,24.11,2026-08-17
NAVNETEDUL,134.54,-9.98,-3.31,-4.44,-10.75,0.207,MEDIA,-7.51,10.906757912745936,28.257003112494445,43.02747537584241,7.679115853658537,14.627887082976903,22.07,2026-08-17
NAZARA,350.1,13.65,16.25,16.72,-69.1,0.213,IT,15.77,89.17878528656972,78.43485993775012,2.5920165889061693,8.003048780487806,90.84687767322498,65.37,2026-08-17
NBCC,89.75,-7.76,-17.77,-4.34,-11.04,1.103,INFRASTRUCTURE,-3.36,17.194183062446537,28.63494886616274,42.560912389839295,74.3140243902439,29.448246364414025,29.82,2026-08-17
NBIFIN,2064.0,-7.17,8.75,6.12,-16.18,0.082,FINANCIAL_SERVICES,-5.83,19.1830624465355,60.093374833259226,35.30326594090202,1.3910060975609757,20.230966638152267,31.9,2026-08-17
NCC,139.4,-1.06,-8.84,-13.24,-34.24,0.808,INFRASTRUCTURE,3.34,44.3327630453379,10.36016007114273,14.463452566096425,54.87804878048781,67.23695466210437,33.83,2026-08-17
NCLIND,172.02,-8.69,-12.16,1.14,-20.0,0.644,CEMENT,-4.56,14.37125748502994,44.931080480213424,30.22291342664593,43.69283536585366,24.721984602224122,28.2,2026-08-17
NDGL,2878.7,0.0,8.61,13.25,-28.23,3.404,FINANCIAL_SERVICES,1.34,49.0590248075278,74.78879502000889,20.52877138413686,95.96036585365853,58.23353293413174,53.51,2026-08-17
NDL,2.33,-3.32,-10.04,-13.06,-30.65,0.849,TEXTILES,-1.36,34.195893926432845,10.649177412183192,17.884914463452567,57.14557926829268,40.73994867408041,27.18,2026-08-17
NDLVENTURE,123.56,-3.53,-3.78,2.62,,0.554,FINANCIAL_SERVICES,-2.19,33.31907613344739,49.021787461093815,,36.37576219512195,34.98716852010265,40.98,2026-08-17
NDRAUTO,803.55,-3.09,-4.78,-1.01,-21.15,0.759,AUTO,-5.35,35.15825491873396,39.26189417518897,28.641783307413167,51.981707317073166,22.005988023952096,33.75,2026-08-17
NDTV,76.34,-5.25,-7.34,-1.06,,0.651,MEDIA,-2.78,26.112061591103508,39.15073365940418,,44.207317073170735,32.142857142857146,35.96,2026-08-17
NEAGI,3295.9,8.42,7.5,,,9.207,FMCG,8.43,82.01454234388366,,,99.08536585365853,82.10008554319931,68.47,2026-08-17
NECLIFE,11.23,,,,,1.0,OTHER,,,,,67.64481707317073,,50.88,2026-08-17
NELCAST,116.94,-11.94,-15.74,-17.76,-26.14,0.133,CAPITAL_GOODS,-9.5,7.420872540633019,5.646954201867497,23.431829963711767,3.391768292682927,9.92301112061591,10.35,2026-08-17
NELCO,1081.5,24.9,49.05,60.96,32.89,2.026,IT,27.02,95.80838323353294,98.04357492218763,85.22550544323484,89.86280487804879,96.57827202737383,94.07,2026-08-17
NEOGEN,2270.1,-2.21,9.03,36.36,58.01,1.421,CHEMICALS,-3.16,38.75106928999145,92.5300133392619,92.53499222395023,81.89786585365853,30.196749358426008,63.83,2026-08-17
NEPHROPLUS,694.65,9.26,-6.52,7.87,,0.686,HEALTHCARE,8.48,84.19589392643286,64.38417074255224,,46.79878048780488,82.29255774165954,70.25,2026-08-17
NESCO,1046.3,-3.5,-6.53,-14.96,-27.29,0.666,REALTY,-1.76,33.361847733105215,8.092485549132949,21.90254017625713,45.5030487804878,37.446535500427714,25.97,2026-08-17
NESTLEIND,1470.0,3.27,5.63,2.76,26.48,0.684,FMCG,3.28,67.81437125748504,49.3552690084482,82.27060653188181,46.66539634146341,67.02309666381522,64.91,2026-08-17
NETF,265.2,1.32,1.92,3.71,-0.67,0.987,OTHER,-0.51,57.57057313943541,52.33437083148066,55.028512182477975,64.1577743902439,44.888793840889655,54.18,2026-08-17
NETWEB,5212.4,21.1,6.72,35.72,127.51,1.072,FMCG,21.11,94.6535500427716,92.17429968875057,98.75583203732504,73.22789634146342,94.26860564585115,93.73,2026-08-17
NETWORK18,28.95,-4.49,-14.25,-10.15,-45.88,0.848,FINANCIAL_SERVICES,-3.15,29.491017964071858,16.14050689195198,6.480041472265423,57.088414634146346,30.367835757057314,23.06,2026-08-17
NEULANDLAB,23661.0,26.19,41.5,42.62,79.64,0.924,PHARMA,28.21,96.36441402908468,94.39751000444642,95.48989113530327,61.28048780487805,96.96321642429427,94.03,2026-08-17
NEWGEN,534.85,-1.31,11.91,13.24,-40.28,0.205,IT,0.81,43.2420872540633,74.69986660738105,9.538621047174702,7.602896341463415,55.560307955517544,44.43,2026-08-17
NEXT30ADD,43.75,4.44,3.99,3.53,13.31,0.476,OTHER,2.61,72.0059880239521,51.622943530457974,74.23535510627268,30.22103658536585,64.54234388366125,64.15,2026-08-17
NEXT50,770.26,4.08,4.28,7.89,12.54,0.642,OTHER,2.25,70.46621043627032,64.49533125833705,73.19854847071021,43.46417682926829,62.29683490162532,66.94,2026-08-17
NEXT50ADD,75.17,4.52,4.16,5.59,,0.985,OTHER,2.69,72.36954662104363,58.73721654068474,,64.04344512195121,64.69204448246364,62.92,2026-08-17
NEXT50BETA,80.47,3.79,4.13,7.98,,0.412,OTHER,1.96,69.4824636441403,64.85104490884838,,24.028201219512198,60.928143712574844,60.87,2026-08-17
NEXT50ETF,75.97,5.15,5.09,9.26,,0.401,OTHER,3.32,74.50812660393498,67.58559359715429,,22.99923780487805,67.19418306244653,64.2,2026-08-17
NEXT50IETF,78.92,4.27,4.17,8.14,12.36,0.637,OTHER,2.44,71.12917023096664,65.2734548688306,73.04302747537584,43.10213414634146,63.387510692899916,67.49,2026-08-17
NEXTMEDIA,3.91,-1.76,0.0,-2.25,-38.43,1.355,MEDIA,0.71,40.84687767322498,35.34904401956425,10.990150336962156,80.9451219512195,54.98289136013687,37.63,2026-08-17
NFL,71.54,-2.45,-7.9,-3.83,-24.63,0.792,CHEMICALS,-3.4,37.68177929854576,30.569141840818144,24.779678589942975,53.83003048780488,29.041916167664674,32.83,2026-08-17
NGLFINE,2908.4,-5.8,-2.29,23.74,103.8,5.746,PHARMA,-3.78,23.652694610778443,85.99377501111604,97.71902540176256,97.98018292682927,27.138579982891358,58.29,2026-08-17
NH,1828.5,-10.14,-1.82,-0.68,2.89,0.548,HEALTHCARE,-10.92,10.39349871685201,39.97332147621165,61.016070502851214,35.86128048780488,7.442258340461934,28.74,2026-08-17
NHPC,76.6,-2.93,2.47,-0.25,-4.06,0.27,POWER,2.3,35.8426005132592,40.7514450867052,50.803525142560915,11.833079268292684,62.51069289991445,42.86,2026-08-17
NIACL,183.64,3.09,13.53,11.28,-3.61,0.777,FINANCIAL_SERVICES,4.43,67.1300256629598,71.27612272120942,51.47744945567651,52.93445121951219,70.87254063301968,64.89,2026-08-17
NIBE,1439.0,-7.04,-11.12,42.8,20.1,2.895,DEFENCE,-10.07,19.503849443969205,94.53090262338817,79.3675479523069,94.4359756097561,8.639863130881094,52.35,2026-08-17
NIBL,32.72,-4.83,6.3,-0.46,,0.211,CAPITAL_GOODS,-2.39,27.90846877673225,40.351267229879944,,7.907774390243902,33.76817792985457,35.32,2026-08-17
NIF100BEES,270.68,1.46,2.4,4.06,1.05,0.561,OTHER,-0.37,58.83233532934131,53.66829702089818,58.21669258683255,37.06173780487805,46.51411462788708,54.48,2026-08-17
NIF100IETF,28.55,2.18,2.55,4.39,1.28,2.862,OTHER,0.35,63.25919589392643,55.091151622943535,58.735095904613786,94.16920731707317,53.12232677502139,60.34,2026-08-17
NIFTY1,270.52,1.17,1.91,3.88,-0.49,1.075,OTHER,-0.66,56.73652694610778,52.9568697198755,55.52099533437014,73.4375,44.01197604790419,54.47,2026-08-17
NIFTY100EW,35.74,3.03,3.65,5.46,6.91,3.244,OTHER,1.2,66.830624465355,58.38150289017341,67.8589942975635,95.57926829268293,57.5491873396065,64.97,2026-08-17
NIFTYADD,256.83,1.35,2.2,3.8,,0.411,OTHER,-0.48,57.82720273738238,52.623388172521125,,23.932926829268293,45.124037639007696,51.36,2026-08-17
NIFTYAXIS,269.85,1.31,,,,0.255,OTHER,-0.52,57.463644140290846,,,10.861280487804878,44.78186484174508,49.87,2026-08-17
NIFTYBEES,277.91,1.43,2.3,3.97,-0.41,0.913,OTHER,-0.4,58.55431993156544,53.44597598932859,55.728356661482636,60.670731707317074,46.10778443113773,54.95,2026-08-17
NIFTYBETA,270.55,1.5,2.27,3.79,,0.725,OTHER,-0.33,59.13173652694611,52.55669186305024,,49.733231707317074,46.792130025662956,53.34,2026-08-17
NIFTYBETF,250.75,1.55,2.2,3.72,-0.63,0.895,OTHER,-0.28,59.34559452523524,52.42329924410849,55.2099533437014,59.81326219512195,47.13430282292558,54.98,2026-08-17
NIFTYCASE,9.78,1.45,2.19,3.93,,0.723,OTHER,-0.38,58.76817792985458,53.29035126722989,,49.56173780487805,46.44995722840034,53.34,2026-08-17
NIFTYETF,265.37,1.34,2.28,4.02,-0.27,0.876,OTHER,-0.49,57.698887938408895,53.579368608270336,56.03939865215138,58.72713414634146,44.99572284003422,54.48,2026-08-17
NIFTYIETF,276.5,1.48,2.28,3.84,-0.48,1.054,OTHER,-0.35,58.93926432848588,52.779012894619825,55.59875583203733,72.58003048780488,46.68520102651839,55.58,2026-08-17
NIFTYQLITY,21.86,4.34,4.54,4.34,2.68,1.563,OTHER,2.51,71.51411462788708,54.77990217874611,60.65318818040435,84.29878048780488,63.90076988879384,64.66,2026-08-17
NIITLTD,95.63,-3.07,-9.54,50.1,-13.32,0.589,HEALTHCARE,-3.85,35.286569717707444,96.1316140506892,38.621047174701914,39.04344512195122,26.881950384944396,50.09,2026-08-17
NIITMTS,239.01,-0.25,7.97,0.47,-26.64,0.638,HEALTHCARE,-1.03,47.69033361847733,43.37483325922633,22.86158631415241,43.21646341463415,42.47219846022241,40.64,2026-08-17
NILAINFRA,7.02,-3.17,-12.14,-14.91,-35.12,1.7,REALTY,-1.43,34.81608212147134,8.136949755446865,13.737687921202696,86.08993902439023,39.73481608212147,27.23,2026-08-17
NILASPACES,12.87,4.72,-1.0,-4.74,-5.51,5.18,REALTY,6.46,73.267750213858,27.634504224099597,48.67807153965785,97.67530487804879,77.26689478186483,58.76,2026-08-17
NILE,1477.6,-22.42,-19.17,-11.55,,0.751,METAL,-22.22,1.176218990590248,13.116940862605603,,51.505335365853654,0.8768177929854577,16.4,2026-08-17
NILKAMAL,1810.0,34.96,42.02,40.48,16.35,0.124,FMCG,34.97,98.24636441402909,93.86393952867941,76.51632970451011,2.877286585365854,98.16082121471344,88.02,2026-08-17
NIMBSPROJ,184.0,,,-15.25,,2.686,OTHER,,,7.73677189862161,,93.67378048780488,,41.62,2026-08-17
NINSYS,735.4,,,,68.36,0.599,OTHER,,,,94.09020217729393,39.99618902439025,,58.32,2026-08-17
NIPPOBATRY,331.3,-0.69,-7.7,-13.71,-30.96,1.094,FMCG,-0.68,45.68006843455945,9.559804357492219,17.522032141005702,73.99009146341463,43.798118049615056,32.15,2026-08-17
NIRAJ,28.61,,,,-38.91,1.0,OTHER,,,,10.549507516848108,67.64481707317073,,42.99,2026-08-17
NIRLON,621.5,0.24,0.23,3.92,,1.109,REALTY,1.98,50.898203592814376,53.179190751445084,,74.5998475609756,60.99230111206159,53.99,2026-08-17
NITCO,92.54,-17.61,-2.38,-3.83,-24.33,2.412,CAPITAL_GOODS,-15.17,2.095808383233533,30.569141840818144,25.14256091238984,92.3780487804878,2.8229255774165956,18.45,2026-08-17
NITINSPIN,553.75,0.75,0.73,10.88,65.62,0.753,TEXTILES,2.72,54.42686056458511,70.65362383281459,93.46811819595645,51.619664634146346,64.88451668092387,67.72,2026-08-17
NITIRAJ,203.23,-4.6,3.1,1.65,6.28,0.374,CAPITAL_GOODS,-2.16,28.999144568006844,46.931969764339705,67.05546915500258,20.884146341463413,35.222412318220705,41.62,2026-08-17
NITTAGELA,1589.1,-18.67,9.45,19.6,,0.591,CHEMICALS,-19.62,1.8819503849443968,81.94753223654958,,39.27210365853659,1.6253207869974338,33.35,2026-08-17
NIVABUPA,82.71,-4.62,-1.89,3.61,-0.79,0.336,FINANCIAL_SERVICES,-3.28,28.91360136869119,51.97865718096932,54.63970969414205,17.16844512195122,29.64071856287425,39.35,2026-08-17
NKIND,60.49,-2.44,-5.78,-9.99,-12.69,0.032,CAPITAL_GOODS,0.0,37.74593669803251,16.851934192974653,39.657853810264385,0.20960365853658539,50.0,32.87,2026-08-17
NLCINDIA,277.65,-7.67,-11.42,-21.3,17.63,0.622,POWER,-2.44,17.40804106073567,3.423743886171632,77.81233799896319,42.14939024390244,33.55431993156544,29.65,2026-08-17
NMDC,85.5,1.69,-2.94,-6.47,22.35,2.272,METAL,1.89,60.24379811804962,23.943975100044465,80.248833592535,91.63490853658537,60.52181351582549,56.78,2026-08-17
NOCIL,163.71,-1.5,1.2,-0.47,-8.71,0.173,CHEMICALS,-2.46,42.536355859709154,40.28457092040907,45.308449974079835,5.430640243902439,33.40461933276305,39.3,2026-08-17
NORBTEAEXP,66.17,-4.09,-11.55,-24.5,,1.214,TEXTILES,-2.12,31.437125748502993,2.578923966207203,,77.51524390243902,35.32934131736527,30.82,2026-08-17
NORTHARC,278.7,-11.33,-6.71,-0.89,11.83,0.51,FINANCIAL_SERVICES,-9.99,8.297690333618478,39.395286794130726,72.5246241575946,32.8125,8.85372112917023,30.23,2026-08-17
NOVARTIND,1589.1,-0.44,20.07,31.4,,0.587,PHARMA,1.58,46.57827202737382,90.3734993330369,,38.92911585365854,59.53806672369547,59.77,2026-08-17
NPBET,283.33,-2.25,-1.91,5.19,4.0,2.864,OTHER,-4.08,38.51582549187339,57.314361938639394,62.77864178330741,94.20731707317073,25.855431993156543,48.95,2026-08-17
NPST,1622.8,-0.67,4.26,54.38,-27.27,1.14,IT,1.45,45.722840034217285,97.06536238328147,21.98030067392431,75.5907012195122,58.83233532934131,57.27,2026-08-17
NRAIL,509.9,19.33,14.57,11.25,,0.358,CHEMICALS,18.38,93.69118905047048,71.1871943085816,,19.397865853658537,92.57912745936699,75.45,2026-08-17
NRBBEARING,484.05,14.94,13.67,39.54,69.63,1.773,AUTO,12.68,90.29084687767323,93.50822587816808,94.34940383618455,87.04268292682927,87.81009409751924,91.37,2026-08-17
NSIL,5555.0,2.73,-0.99,-0.23,-17.11,0.795,FINANCIAL_SERVICES,4.07,65.65440547476476,40.92930191196087,34.05909797822706,54.03963414634146,69.84602224123182,53.2,2026-08-17
NSLNISP,41.76,-3.78,-12.34,-4.66,9.18,4.714,METAL,-3.58,32.74165953806673,27.834593152512227,69.98444790046656,97.21798780487805,28.122326775021385,41.49,2026-08-17
NTCIND,144.45,,,,,1.0,OTHER,,,,,67.64481707317073,,50.88,2026-08-17
NTPC,337.0,-1.59,-5.22,-14.74,1.14,0.842,POWER,3.64,41.80923866552609,8.35927078701645,58.42405391394505,56.82164634146341,68.49871685201026,41.52,2026-08-17
NTPCGREEN,92.14,-0.98,-6.11,-14.68,-10.24,0.208,POWER,4.25,44.56800684345594,8.403734993330369,43.390357698289264,7.79344512195122,70.42343883661249,37.33,2026-08-17
NUCLEUS,713.8,-5.57,-7.58,-8.58,-30.39,0.542,IT,-3.45,24.57228400342173,19.630947087594485,18.247796785899432,35.556402439024396,28.91360136869119,23.27,2026-08-17
NUVAMA,1731.2,-6.24,4.25,18.7,-74.27,1.172,FINANCIAL_SERVICES,-4.9,21.706586826347305,81.01378390395732,2.280974598237429,76.48628048780488,23.5885372112917,35.67,2026-08-17
NUVOCO,331.1,-7.5,6.65,1.32,-28.7,0.169,CEMENT,-3.37,18.199315654405474,46.131614050689194,20.21772939346812,5.163871951219512,29.362703165098374,26.61,2026-08-17
NV20,14.07,0.14,-0.92,0.86,-90.45,2.882,OTHER,-1.69,50.128314798973484,44.086260560249,0.46656298600311047,94.39786585365853,37.87425149700599,39.06,2026-08-17
NV20BEES,140.96,0.31,-1.06,0.35,-4.69,1.009,OTHER,-1.52,51.49700598802395,42.95242329924411,49.792638672887506,70.9032012195122,39.07185628742515,48.13,2026-08-17
NV20IETF,13.73,-0.15,-1.08,0.29,-4.59,0.866,OTHER,-1.98,48.18220701454234,42.7967985771454,49.922239502332815,58.174542682926834,35.90675791274593,45.84,2026-08-17
NYKAA,327.05,0.68,20.17,20.06,41.18,0.456,RETAIL,1.71,53.95637296834902,82.43663850600267,87.817522032141,28.18216463414634,59.92301112061591,67.45,2026-08-17
OAL,349.45,-2.21,2.81,14.82,5.3,0.353,CHEMICALS,-3.16,38.75106928999145,76.83414851044908,65.34473820632452,18.71189024390244,30.196749358426008,51.31,2026-08-17
OBCL,53.99,2.51,-5.71,-0.24,-4.17,0.311,LOGISTICS,3.31,64.90590248075277,40.84037349933304,50.62208398133748,15.015243902439025,67.10863986313088,53.87,2026-08-17
OBEROIRLTY,1931.0,3.75,13.27,19.4,17.87,4.751,REALTY,5.49,69.24721984602225,81.72521120497998,77.9419388284085,97.29420731707317,73.31052181351583,76.12,2026-08-17
ODIGMA,22.64,,-2.2,,,1.466,IT,,,,,82.73628048780488,,51.64,2026-08-17
ODYCORP,7.15,,,,,1.0,OTHER,,,,,67.64481707317073,,50.88,2026-08-17
OFSS,11789.0,0.92,24.09,30.77,38.2,0.31,FINANCIAL_SERVICES,2.26,55.34644995722841,89.9955535793686,87.1435977190254,14.977134146341465,62.36099230111206,69.4,2026-08-17
OIL,474.65,10.53,13.11,-8.42,18.99,0.736,ENERGY,9.09,86.35585970915312,20.23121387283237,78.53810264385692,50.55259146341463,83.70402053036784,66.07,2026-08-17
OILIETF,11.42,0.71,-0.17,0.0,2.79,0.599,OTHER,-1.12,54.21300256629598,41.84081814139618,60.80870917573873,39.99618902439025,42.00171086398631,49.9,2026-08-17
OLAELEC,39.22,-1.7,-8.94,9.92,-22.83,0.81,AUTO,-3.96,41.21043627031651,68.69719875500222,26.594090202177295,54.9733231707317,26.304533789563727,43.61,2026-08-17
OLECTRA,1320.1,-4.4,3.91,6.66,-17.12,0.84,AUTO,-6.66,30.00427715996578,61.60515784793241,34.007257646448934,56.70731707317073,17.4508126603935,38.16,2026-08-17
OMAXAUTO,195.24,,,,,0.571,OTHER,,,,,37.84298780487805,,49.39,2026-08-17
OMAXE,100.83,4.71,27.79,27.05,14.68,1.515,REALTY,6.45,73.16082121471344,88.26144953312584,75.32400207361327,83.6890243902439,77.2027373823781,78.5,2026-08-17
OMINFRAL,86.87,0.16,1.54,-1.36,-16.98,0.228,INFRASTRUCTURE,4.56,50.278015397775874,38.41707425522454,34.3701399688958,9.089176829268293,71.34302822925578,45.23,2026-08-17
OMNI,564.45,-1.1,15.02,38.07,,0.188,CAPITAL_GOODS,1.34,44.140290846877676,93.1747443308137,,6.440548780487805,58.23353293413174,57.8,2026-08-17
OMPOWER,167.96,-2.47,-6.05,-9.09,,0.3,INFRASTRUCTURE,1.93,37.59623609923011,18.674966651845263,,13.891006097560975,60.75705731394354,37.64,2026-08-17
ONEGLOBAL,565.3,,,,,1.0,OTHER,,,,,67.64481707317073,,50.88,2026-08-17
ONEPOINT,57.21,4.32,-4.4,-7.11,,0.436,IT,6.44,71.40718562874252,22.49888839484215,,26.676829268292686,77.13857998289136,53.52,2026-08-17
ONESOURCE,1558.2,-5.52,-2.61,-15.08,-16.31,0.422,PHARMA,-3.5,24.87168520102652,7.870164517563362,35.044064282011405,25.05716463414634,28.63558597091531,23.23,2026-08-17
ONGC,238.49,-3.35,-3.91,-20.33,1.84,2.105,ENERGY,-4.79,34.00342172797263,3.9128501556247217,59.69414204250907,90.73932926829268,24.03763900769889,32.96,2026-08-17
ONIDA,36.02,,,,,0.856,OTHER,,,,,57.50762195121951,,50.38,2026-08-17
ONIXSOLAR,375.4,,,,,1.0,OTHER,,,,,67.64481707317073,,50.88,2026-08-17
ONWARDTEC,286.75,-0.5,13.86,5.75,,0.261,TEXTILES,1.46,46.32164242942686,59.09293019119609,,11.299542682926829,58.89649272882805,50.39,2026-08-17
OPTIEMUS,554.35,-4.95,29.1,33.42,-2.0,0.267,TELECOM,-1.16,27.28828058169376,91.19608714984437,53.08449974079834,11.623475609756099,41.80923866552609,49.82,2026-08-17
OPTIFIN,11.45,,,,,1.0,OTHER,,,,,67.64481707317073,,50.88,2026-08-17
ORCHASP,1.4,-20.9,-26.7,-29.65,-52.7,1.121,IT,-18.78,1.4970059880239521,1.6896398399288575,4.458268532918611,74.86661585365853,1.7964071856287425,5.85,2026-08-17
ORCHPHARMA,998.35,-7.47,-4.75,40.1,29.36,2.514,PHARMA,-5.45,18.34901625320787,93.73054690973767,83.74805598755832,92.94969512195121,21.599657827202737,54.49,2026-08-17
ORICONENT,53.38,-10.53,-5.42,-17.8,-1.57,9.162,TEXTILES,-8.56,9.538066723695467,5.602489995553579,53.706583722135825,99.04725609756098,12.018819503849445,22.24,2026-08-17
ORIENTALTL,5.05,-8.84,-20.09,-22.66,,0.721,REALTY,-7.1,14.050470487596236,3.023566029346376,,49.35213414634146,16.0393498716852,20.55,2026-08-17
ORIENTBELL,349.05,11.52,9.44,8.03,20.22,0.69,CAPITAL_GOODS,13.96,87.51069289991446,65.00666963094709,79.41938828408502,47.046493902439025,89.43541488451669,78.53,2026-08-17
ORIENTCEM,131.89,-3.84,-2.96,-3.34,-43.13,0.61,CEMENT,0.29,32.463644140290846,31.836371720764784,7.724209434940383,41.19664634146341,52.715996578272026,30.83,2026-08-17
ORIENTCER,44.08,4.6,15.48,8.01,17.23,2.215,CAPITAL_GOODS,7.04,72.69033361847733,64.96220542463317,77.34577501296009,91.27286585365853,79.34131736526946,73.62,2026-08-17
ORIENTELEC,187.42,8.12,0.95,-2.76,-11.8,0.082,FMCG,8.13,81.15911035072712,33.23699421965318,40.85018144116122,1.3910060975609757,81.54405474764756,57.19,2026-08-17
ORIENTHOT,122.35,-4.17,2.87,21.02,-10.36,0.11,HOSPITALITY,-1.95,31.00940975192472,83.7038683859493,43.286677034733025,2.2484756097560976,36.056458511548335,45.96,2026-08-17
ORIENTPPR,17.1,1.06,-4.63,-1.33,-39.23,0.379,CHEMICALS,0.1,56.26603934987169,38.50600266785238,10.316226023846554,21.169969512195124,51.17621899059025,40.12,2026-08-17
ORIENTTECH,254.85,-6.44,-2.45,-7.56,-17.15,0.188,TEXTILES,-4.48,21.04362703165098,21.87638950644731,33.92949714878175,6.440548780487805,24.935842600513258,23.68,2026-08-17
ORIRAIL,109.4,,,,,1.0,OTHER,,,,,67.64481707317073,,50.88,2026-08-17
ORISSAMINE,4871.1,31.11,17.59,19.26,0.6,0.22,METAL,31.31,97.69033361847733,81.5028901734104,57.698289269051315,8.479420731707316,97.4764756201882,81.15,2026-08-17
ORKLAINDIA,544.3,-7.86,-13.77,-13.77,,1.305,FMCG,-7.85,16.766467065868262,9.470875944864385,,80.01143292682927,13.515825491873395,24.26,2026-08-17
ORTINGLOBE,15.89,,,,,0.165,PHARMA,,,,,4.916158536585366,,47.75,2026-08-17
OSWALAGRO,37.82,,,,-51.28,0.508,OTHER,,,,4.665629860031104,32.60289634146341,,40.06,2026-08-17
OSWALGREEN,21.08,-3.39,-13.25,-15.75,-48.81,0.239,AUTO,-5.65,33.78956372968349,7.381058248110271,5.235873509590461,9.965701219512194,20.78699743370402,18.34,2026-08-17
OSWALPUMPS,304.0,-24.66,-28.28,-21.05,-63.59,2.028,CAPITAL_GOODS,-22.22,0.8982035928143712,3.5126722987994663,3.1104199066874028,89.90091463414635,0.8768177929854577,6.44,2026-08-17
OSWALSEEDS,13.59,29.06,22.43,12.69,-18.33,15.014,AGRICULTURE,24.53,97.26261762189907,73.78835037794576,32.296526697770865,99.84756097560977,95.57313943541489,78.28,2026-08-17
PACEDIGITK,176.46,-14.14,-5.32,-1.47,,0.627,TELECOM,-10.36,4.555175363558598,38.10582481102712,,42.33993902439025,8.276304533789563,24.48,2026-08-17
PACIFICI,139.77,,,,,1.0,OTHER,,,,,67.64481707317073,,50.88,2026-08-17
PAGEIND,37360.0,-7.66,-4.36,1.47,-17.9,1.758,TEXTILES,-5.7,17.493584260051325,46.37616718541574,32.892690513219286,86.8140243902439,20.615911035072713,31.73,2026-08-17
PAISALO,67.59,-8.39,13.77,44.64,122.41,0.726,FINANCIAL_SERVICES,-7.05,15.33361847733105,94.99777678968431,98.65215137376879,49.86661585365854,16.253207869974336,53.78,2026-08-17
PAKKA,89.28,26.03,8.17,-1.39,-42.95,13.879,CHEMICALS,25.08,96.27887082976903,38.32814584259671,7.983411093831,99.6951219512195,95.85115483319076,64.24,2026-08-17
PALASHSECU,89.78,-1.88,-8.67,-11.26,-23.9,0.526,FMCG,-1.87,40.2480752780154,13.51711871943086,25.505443234836704,34.1844512195122,36.56971770744226,29.76,2026-08-17
PANACEABIO,413.15,-26.74,-24.19,6.91,4.67,0.837,PHARMA,-24.72,0.8126603934987169,61.96087149844375,63.81544841886988,56.57393292682927,0.7698887938408896,31.48,2026-08-17
PANAMAPET,487.1,14.37,26.65,64.23,47.25,0.952,ENERGY,12.93,89.99144568006844,98.26589595375722,89.89113530326594,62.57621951219512,88.28058169375535,90.41,2026-08-17
PANCHMAHQ,315.0,,,,,1.0,OTHER,,,,,67.64481707317073,,50.88,2026-08-17
PANORAMA,47.16,,,,,1.0,OTHER,,,,,67.64481707317073,,50.88,2026-08-17
PANSARI,318.65,-11.65,8.74,20.34,,0.217,REALTY,-9.91,7.741659538066724,82.7478879502001,,8.231707317073171,9.046193327630453,35.17,2026-08-17
PAR,100.91,6.19,6.13,15.6,,0.349,PHARMA,8.21,76.79640718562875,77.47887950200088,,18.31173780487805,81.69375534644996,69.42,2026-08-17
PARACABLES,63.55,-4.65,-4.77,12.96,37.26,1.541,CAPITAL_GOODS,-2.21,28.74251497005988,74.21076033792798,86.93623639191291,83.9939024390244,34.858853721129165,55.43,2026-08-17
PARADEEP,146.66,3.68,9.28,21.75,-35.04,0.129,CHEMICALS,2.72,68.94781864841745,84.52645620275678,13.841368584758943,3.2583841463414633,64.88451668092387,57.93,2026-08-17
PARAGMILK,207.29,-8.38,-10.07,-4.92,-9.35,1.217,FMCG,-8.37,15.419161676646706,27.078701645175634,44.68636599274235,77.61051829268293,12.446535500427716,26.85,2026-08-17
PARAS,1388.5,16.0,27.46,84.3,113.03,0.889,DEFENCE,12.97,91.06073567151411,99.33303690529124,98.28926905132192,59.48932926829268,88.32335329341318,92.59,2026-08-17
PARASPETRO,2.3,13.3,19.79,,-4.17,0.341,FINANCIAL_SERVICES,14.64,89.02908468776732,,50.62208398133748,17.473323170731707,89.94867408041061,68.15,2026-08-17
PARKHOSPS,276.65,-4.8,2.24,13.17,,0.483,HEALTHCARE,-5.58,28.20786997433704,74.47754557581148,,30.48780487804878,21.04362703165098,43.17,2026-08-17
PARKHOTELS,116.48,-9.47,-2.66,-2.19,-23.14,1.604,HOSPITALITY,-7.25,12.125748502994012,35.61582925744776,26.231207879730427,84.94664634146342,15.355004277159967,24.94,2026-08-17
PARNAXLAB,119.65,,,,,1.0,OTHER,,,,,67.64481707317073,,50.88,2026-08-17
PASHUPATI,84.79,-2.62,-1.81,-7.04,-87.51,0.059,TEXTILES,-0.66,37.040205303678356,22.632281013783903,0.8812856402280975,0.8003048780487805,44.01197604790419,25.44,2026-08-17
PATANJALI,353.9,1.92,-16.84,-23.04,-80.33,1.369,FMCG,1.93,61.612489307100084,2.9346376167185415,1.5552099533437014,81.25,60.75705731394354,35.79,2026-08-17
PATELENG,28.48,-5.98,-0.73,8.45,-24.66,0.536,INFRASTRUCTURE,-1.58,22.96834901625321,65.94041796353936,24.72783825816485,35.17530487804878,38.6869118905047,37.03,2026-08-17
PATELRMART,229.1,2.46,2.5,12.65,,1.362,RETAIL,3.49,64.49957228400342,73.72165406847488,,81.0594512195122,67.70744225834046,65.21,2026-08-17
PAUSHAKLTD,734.2,30.58,60.8,59.12,,0.233,CHEMICALS,29.62,97.56201881950385,97.6878612716763,,9.527439024390244,97.24123182207013,83.63,2026-08-17
PAVNAIND,18.92,,,,-95.61,0.569,OTHER,,,,0.20736132711249353,37.6905487804878,,39.43,2026-08-17
PAYTM,1580.2,16.1,42.55,39.69,26.1,0.46,RETAIL,17.13,91.1890504704876,93.59715429079591,82.0632452047693,28.772865853658537,91.48845166809238,86.89,2026-08-17
PBMPOLY,63.5,,,,,1.0,OTHER,,,,,67.64481707317073,,50.88,2026-08-17
PCBL,315.45,-3.09,3.11,15.0,-15.99,0.161,CHEMICALS,-4.04,35.15825491873396,77.05646954201868,35.61430793157076,4.496951219512195,25.983746792130024,42.81,2026-08-17
PCJEWELLER,9.79,-5.14,8.9,17.11,-24.92,0.431,FMCG,-5.13,26.71086398631309,79.34637616718541,24.416796267496114,26.086128048780488,22.711719418306245,38.78,2026-08-17
PDMJEPAPER,87.82,5.41,7.49,9.27,-36.32,0.25,CHEMICALS,4.46,75.21385799828913,67.65228990662516,12.804561949196474,10.575457317073171,71.00085543199316,56.98,2026-08-17
PDSL,376.35,2.06,12.13,34.29,16.97,0.358,TEXTILES,4.03,62.467921300256634,91.55180080035571,77.21617418351478,19.397865853658537,69.73909324208726,71.63,2026-08-17
PEARLPOLY,16.3,,,,-49.28,0.82,OTHER,,,,5.080352514256091,55.849847560975604,,41.31,2026-08-17
PENIND,151.45,-11.4,-6.52,-0.13,-38.06,0.856,MEDIA,-8.93,8.169375534644995,41.30724766562917,11.223431829963712,57.50762195121951,11.120615911035072,19.97,2026-08-17
PERMAGN,813.6,,,,,1.0,OTHER,,,,,67.64481707317073,,50.88,2026-08-17
PERSISTENT,5570.0,10.09,11.03,18.46,3.6,0.672,IT,12.21,85.62874251497006,80.83592707870164,62.00103680663557,46.09375,87.38237810094097,77.99,2026-08-17
PETRONET,281.8,2.14,-3.01,6.9,4.84,0.581,ENERGY,0.7,62.91702309666382,61.89417518897288,64.30793157076205,38.56707317073171,54.89734816082121,60.52,2026-08-17
PFC,374.4,-6.71,-12.42,-16.01,-3.64,0.932,FINANCIAL_SERVICES,-5.37,20.166809238665525,7.247665629168519,51.373768792120266,61.60442073170732,21.856287425149702,25.5,2026-08-17
PFIZER,4829.1,2.79,7.24,-2.53,-8.0,1.512,PHARMA,4.81,65.91103507271173,34.01511783014673,45.77501296008295,83.57469512195121,71.89905902480753,55.69,2026-08-17
PFOCUS,266.4,-8.4,,,82.27,0.483,OTHER,-10.23,15.269461077844312,,95.80093312597201,30.48780487804878,8.468776732249786,39.8,2026-08-17
PFS,28.14,-6.23,-10.1,-6.26,-26.98,0.814,FINANCIAL_SERVICES,-4.89,21.813515825491873,24.34415295686972,22.498703991705547,55.31631097560976,23.652694610778443,24.53,2026-08-17
PGEL,614.0,-1.12,16.41,26.05,10.18,0.473,CAPITAL_GOODS,1.32,43.99059024807528,87.81680746998666,71.1767755313634,30.01143292682927,57.97690333618477,61.78,2026-08-17
PGHH,8365.0,-4.75,-7.84,-13.82,-36.23,0.728,PHARMA,-2.73,28.40034217279726,9.38194753223655,12.8564022809746,50.03810975609756,32.37810094097519,22.22,2026-08-17
PGHL,5836.5,-14.85,-6.26,10.12,-7.5,0.422,PHARMA,-12.83,3.8066723695466207,69.23076923076923,46.604458268532916,25.05716463414634,4.576561163387511,29.9,2026-08-17
PGIL,2378.0,16.08,42.81,42.26,86.09,0.371,TEXTILES,18.04,91.14627887082976,94.30858159181858,96.16381544841886,20.560213414634145,92.30111206159111,89.58,2026-08-17
PHARMABEES,27.18,1.57,9.6,7.6,20.37,0.953,OTHER,-0.26,59.45252352437981,63.58381502890174,79.47122861586314,62.671493902439025,47.26261762189906,62.82,2026-08-17
PHOENIXLTD,1929.8,-7.5,3.3,11.0,23.74,1.23,REALTY,-5.76,18.199315654405474,70.83148065807026,81.02643856920683,77.9344512195122,20.508982035928145,47.26,2026-08-17
PHOENXINTL,32.58,,,,,1.0,OTHER,,,,,67.64481707317073,,50.88,2026-08-17
PICCADIL,695.45,-6.09,20.32,17.2,16.72,1.485,FMCG,-6.08,22.540633019674935,79.50200088928413,76.9310523587351,83.2126524390244,19.41830624465355,50.22,2026-08-17
PIDILITIND,1669.0,7.01,6.22,13.72,-46.17,0.548,CHEMICALS,6.06,78.65697177074422,75.47799021787462,6.376360808709176,35.86128048780488,75.40633019674937,60.78,2026-08-17
PIGL,104.62,-7.4,-5.45,-0.14,,1.206,CAPITAL_GOODS,-4.96,18.66980325064157,41.21831925300133,,77.32469512195121,23.41745081266039,34.22,2026-08-17
PIIND,2472.0,-6.07,-14.11,-20.64,-34.73,0.459,CHEMICALS,-7.02,22.647562018819503,3.7794575366829704,13.996889580093313,28.56326219512195,16.360136869118904,15.55,2026-08-17
PILANIINVS,4445.1,0.76,0.7,-0.22,-9.81,1.462,FINANCIAL_SERVICES,2.1,54.49101796407185,41.01823032458871,44.012441679626754,82.69817073170732,61.44140290846878,51.48,2026-08-17
PILITA,8.18,,,-2.27,,1.467,OTHER,,,35.19341929746554,,82.79344512195121,,47.94,2026-08-17
PINELABS,162.63,4.54,8.35,6.66,,0.349,FINANCIAL_SERVICES,5.88,72.4978614200171,61.60515784793241,,18.31173780487805,74.61505560307955,62.88,2026-08-17
PIONEEREMB,22.78,0.18,-11.09,-12.38,-39.66,0.319,TEXTILES,2.14,50.38494439692045,11.783014673188083,9.79782270606532,15.64405487804878,61.719418306244656,32.58,2026-08-17
PIRAMALFIN,2066.1,-5.51,3.21,9.38,,0.538,FINANCIAL_SERVICES,-4.17,25.021385799828916,67.80791462872388,,35.36585365853659,25.748502994011975,41.34,2026-08-17
PITTIENG,1046.55,10.26,7.72,16.15,13.12,1.72,CAPITAL_GOODS,12.7,85.92814371257485,77.85682525566918,73.87247278382581,86.3185975609756,87.85286569717708,81.81,2026-08-17
PIXTRANS,1938.8,5.13,20.1,27.11,40.97,0.316,CHEMICALS,4.18,74.33704020530368,88.30591373943976,87.71384136858475,15.434451219512196,70.18819503849444,76.94,2026-08-17
PKTEA,704.5,-2.95,-7.91,-14.1,,14.179,FMCG,-2.94,35.75705731394354,8.981769675411295,,99.73323170731707,31.2874251497006,34.44,2026-08-17
PLASTIBLEN,191.8,-5.2,10.87,17.65,1.13,0.475,CHEMICALS,-6.16,26.411462788708295,79.87994664295243,58.37221358216692,30.163871951219512,19.16167664670659,45.27,2026-08-17
PLATIND,214.2,-5.45,-8.06,-9.31,-21.75,0.641,FMCG,-5.44,25.25662959794696,18.274788795020008,27.838258164852252,43.349847560975604,21.642429426860566,24.39,2026-08-17
PLAZACABLE,53.57,,,,-4.29,1.996,OTHER,,,,50.38880248833593,89.40548780487805,,52.05,2026-08-17
PML,503.45,5.25,-0.06,-8.7,,0.642,FINANCIAL_SERVICES,6.59,74.67921300256629,19.430858159181856,,43.46417682926829,77.75876817792987,54.83,2026-08-17
PNB,117.32,11.5,8.66,14.96,14.16,0.662,BANKING,11.83,87.46792130025663,76.9897732325478,75.01296008294453,45.1219512195122,86.82634730538922,80.14,2026-08-17
PNBGILTS,80.34,-12.04,-9.92,6.64,-21.11,1.106,FINANCIAL_SERVICES,-10.7,7.100085543199315,61.449533125833696,28.771384136858476,74.46646341463415,7.784431137724551,28.49,2026-08-17
PNBHOUSING,1150.8,4.72,13.06,7.61,46.99,0.262,FINANCIAL_SERVICES,6.06,73.267750213858,63.62827923521566,89.73561430793157,11.356707317073171,75.40633019674937,71.38,2026-08-17
PNC,18.1,-10.53,-14.54,,,0.663,MEDIA,-8.06,9.538066723695467,,,45.2172256097561,13.045337895637296,30.06,2026-08-17
PNCINFRA,215.17,-11.83,3.88,-1.13,-28.34,0.536,INFRASTRUCTURE,-7.43,7.613344739093241,38.86171631836371,20.321410057024362,35.17530487804878,14.713430282292558,20.41,2026-08-17
PNGJL,610.4,2.58,9.25,6.36,7.46,0.303,FMCG,2.59,65.20530367835758,60.62694530902624,68.7402799377916,14.310213414634147,64.37125748502994,62.1,2026-08-17
PNGSREVA,576.45,43.57,51.24,53.8,,0.556,FMCG,43.58,99.23011120615911,96.93196976433971,,36.50914634146341,99.18733960650128,85.67,2026-08-17
POCL,486.75,-64.76,-62.76,-68.49,-55.28,0.51,METAL,-64.56,0.2566295979469632,0.6224988883948421,3.8361845515811304,32.8125,0.29940119760479045,2.7,2026-08-17
PODDARMENT,253.45,6.53,-2.58,-1.78,-4.01,0.422,CHEMICALS,5.58,77.6732249786142,37.08314806580702,50.85536547433903,25.05716463414634,73.56715141146279,58.92,2026-08-17
POEL,148.41,,,,,1.0,OTHER,,,,,67.64481707317073,,50.88,2026-08-17
POKARNA,937.8,-5.73,3.19,12.42,-0.15,0.428,REALTY,-3.99,23.99486740804106,73.32147621164961,56.143079315707624,25.72408536585366,26.09067579127459,43.16,2026-08-17
POLICYBZR,1728.1,10.7,8.22,2.36,-5.83,0.802,FINANCIAL_SERVICES,12.04,86.52694610778443,48.37705646954202,48.21150855365474,54.516006097560975,87.23267750213857,67.83,2026-08-17
POLYCAB,9370.0,1.68,-2.31,2.38,32.64,0.818,CAPITAL_GOODS,4.12,60.17964071856288,48.532681191640734,85.17366511145671,55.69740853658537,69.93156544054747,63.51,2026-08-17
POLYMED,1733.6,0.63,14.29,15.66,-16.58,0.909,HEALTHCARE,-0.15,53.67835757057314,77.59004001778568,34.94038361845516,60.423018292682926,48.52437981180496,55.47,2026-08-17
POLYPLEX,1210.8,13.82,30.33,34.66,19.89,1.366,CHEMICALS,12.86,89.26432848588537,91.72965762561138,79.23794712286158,81.17378048780488,88.13088109495295,87.3,2026-08-17
POLYSPIN,31.53,,,,,1.0,OTHER,,,,,67.64481707317073,,50.88,2026-08-17
PONNIERODE,350.75,6.47,10.21,14.47,21.62,9.762,FMCG,6.48,77.58768177929855,76.38950644730991,80.0414722654225,99.27591463414635,77.33105218135158,78.82,2026-08-17
POONAWALLA,497.45,5.36,23.3,20.35,9.89,0.689,FINANCIAL_SERVICES,6.7,75.04277159965783,82.792352156514,70.86573354069466,46.91310975609756,78.37895637296835,75.24,2026-08-17
POWERGRID,266.15,-5.2,-6.66,-12.98,-4.91,0.754,POWER,0.03,26.411462788708295,10.915962650066696,49.351995852773456,51.69588414634146,50.556030795551756,32.01,2026-08-17
POWERICA,560.35,-5.23,15.0,1.91,,0.608,CAPITAL_GOODS,-2.79,26.218990590248076,47.55446865273455,,40.948932926829265,32.0786997433704,37.92,2026-08-17
POWERINDIA,35450.0,5.68,2.04,8.96,79.22,0.389,CAPITAL_GOODS,8.12,75.6201881950385,67.14095153401512,95.43805080352514,22.179878048780488,81.47989734816082,75.67,2026-08-17
POWERMECH,2452.3,-5.12,-11.81,0.46,-21.66,0.713,INFRASTRUCTURE,-0.72,26.903336184773313,43.28590484659849,28.045619491964747,48.87576219512195,43.541488451668094,34.82,2026-08-17
PPLPHARMA,204.73,17.13,25.09,17.08,8.12,0.371,PHARMA,19.15,92.34388366124892,79.27967985771454,69.25868325557283,20.560213414634145,93.11377245508982,80.99,2026-08-17
PRABHA,163.38,10.45,3.14,-3.42,-33.72,1.205,ENERGY,9.01,86.1633875106929,31.569586482881277,14.87817522032141,77.28658536585365,83.4901625320787,57.41,2026-08-17
PRAENG,19.8,1.33,-7.26,-10.29,-16.21,0.529,REALTY,3.07,57.61334473909324,15.606936416184972,35.2514256091239,34.375,66.14627887082976,42.76,2026-08-17
PRAJIND,334.05,-6.18,-2.15,-9.84,-16.37,0.956,CAPITAL_GOODS,-3.74,22.02737382378101,17.11871943085816,34.99222395023328,62.82393292682927,27.352437981180493,26.23,2026-08-17
PRAKASH,134.43,6.56,-11.15,-8.13,-15.92,4.747,CAPITAL_GOODS,9.0,77.78015397775877,20.653623832814585,35.769828926905134,97.2560975609756,83.44739093242087,56.92,2026-08-17
PRAKASHSTL,3.98,-2.21,-9.75,-9.75,-29.81,1.489,METAL,-2.01,38.75106928999145,17.42996887505558,18.86988076723691,83.26981707317073,35.714285714285715,31.21,2026-08-17
PRAVEG,258.9,-4.5,11.14,-0.4,,0.87,HOSPITALITY,-2.28,29.4054747647562,40.46242774566474,,58.36509146341463,34.217279726261765,38.46,2026-08-17
PRAXIS,5.87,,,,,2.012,OTHER,,,,,89.63414634146342,,51.98,2026-08-17
PRECAM,134.65,-6.03,-9.41,-13.3,-22.65,0.666,AUTO,-8.29,22.733105218135158,10.271231658514896,26.931052358735098,45.5030487804878,12.532078699743371,20.07,2026-08-17
PRECOT,698.45,-15.95,-2.31,,,1.47,TEXTILES,-13.98,2.9084687767322497,,,82.96493902439023,3.507271171941831,28.19,2026-08-17
PRECWIRE,457.75,20.46,8.15,21.73,164.21,0.544,METAL,20.66,94.22583404619333,84.4597598932859,99.63711767755314,35.63262195121951,93.79811804961506,89.87,2026-08-17
PREMCO,378.35,1.89,-1.73,-4.64,,0.34,TEXTILES,3.85,61.39863130881095,27.901289461983104,,17.378048780487802,69.0333618477331,49.69,2026-08-17
PREMEXPLN,672.65,1.04,-8.83,28.54,34.07,1.841,CHEMICALS,0.08,56.137724550898206,88.90618052467764,85.69206842923795,88.31935975609755,51.047904191616766,71.09,2026-08-17
PREMIERENE,1015.5,-7.73,-3.77,3.45,0.43,0.427,CAPITAL_GOODS,-5.29,17.27972626176219,51.31169408626056,57.4390876101607,25.552591463414636,22.134302822925576,34.96,2026-08-17
PREMIERPOL,83.59,7.0,,,67.01,5.09,OTHER,5.17,78.59281437125748,,93.72731985484707,97.63719512195121,72.4978614200171,74.51,2026-08-17
PRESTIGE,1591.9,-3.03,4.65,18.6,-1.06,1.695,REALTY,-1.29,35.47904191616767,80.9693196976434,54.27682737169518,86.01371951219512,41.16766467065868,53.99,2026-08-17
PRICOLLTD,806.55,29.09,40.32,31.21,77.6,0.737,AUTO,26.83,97.30538922155688,90.17341040462428,95.3343701399689,50.62881097560976,96.53550042771599,92.68,2026-08-17
PRIMESECU,283.3,2.94,-0.21,2.79,10.21,0.43,FINANCIAL_SERVICES,4.28,66.53122326775022,49.44419742107603,71.22861586314151,25.952743902439025,70.53036783575706,61.77,2026-08-17
PRIMO,23.28,-1.65,-3.28,-2.96,-11.65,1.571,CHEMICALS,-2.6,41.55260906757913,32.85904846598488,41.08346293416278,84.4702743902439,32.91274593669804,40.14,2026-08-17
PRINCEPIPE,284.25,5.91,-0.32,12.89,-15.05,0.915,CAPITAL_GOODS,8.35,76.02651839178786,74.12183192530013,36.780715396578536,60.80411585365854,81.84345594525236,67.81,2026-08-17
PRISMX,0.52,,,,,1.0,OTHER,,,,,67.64481707317073,,50.88,2026-08-17
PRIVISCL,3449.0,-7.1,-0.14,11.55,43.49,1.707,CHEMICALS,-8.06,19.46107784431138,71.67630057803468,88.75064800414722,86.20426829268293,13.045337895637296,48.75,2026-08-17
PROSTARM,135.96,5.08,-4.75,-3.07,-31.45,0.421,CAPITAL_GOODS,7.52,74.12318220701454,32.59226322810137,16.951788491446347,24.885670731707318,80.32506415739948,50.77,2026-08-17
PROTEAN,548.5,-6.87,-13.57,3.3,-37.91,0.508,IT,-4.75,19.78186484174508,50.6447309915518,11.456713322965268,32.60289634146341,24.272882805816938,27.15,2026-08-17
PROZONER,43.5,3.06,-10.36,-16.94,9.08,1.369,REALTY,4.8,66.95893926432849,6.313917296576256,69.93260756868844,81.25,71.8562874251497,53.84,2026-08-17
PRSMJOHNSN,105.33,-5.13,-12.63,-17.28,-28.77,0.14,CEMENT,-1.0,26.817792985457658,6.136060471320587,20.165889061689995,3.6585365853658534,42.51497005988024,21.51,2026-08-17
PRUDENT,3338.0,16.56,10.25,17.85,17.6,0.452,FINANCIAL_SERVICES,17.9,91.78785286569718,80.2134281903068,77.73457750129602,27.762957317073173,92.06586826347305,82.92,2026-08-17
PSB,23.68,-4.21,-1.33,0.04,-16.03,1.168,BANKING,-3.88,30.77416595380667,42.15206758559359,35.56246759979264,76.2576219512195,26.625320786997435,36.23,2026-08-17
PSPPROJECT,947.0,-11.58,4.32,20.37,36.94,0.502,INFRASTRUCTURE,-7.18,7.827202737382379,82.83681636282793,86.72887506480042,31.840701219512198,15.611633875106929,44.73,2026-08-17
PSUBANK,87.38,4.27,-89.8,-89.18,-87.28,0.658,OTHER,2.44,71.12917023096664,0.2667852378835038,1.0368066355624677,44.89329268292683,63.387510692899916,36.92,2026-08-17
PSUBANKADD,88.37,4.79,2.2,8.48,28.07,0.24,OTHER,2.96,73.52437981180496,66.02934637616718,83.17781233799897,10.041920731707316,65.73994867408041,69.24,2026-08-17
PSUBNKBEES,97.65,4.73,1.82,8.57,27.98,0.658,OTHER,2.9,73.35329341317365,66.31836371720765,83.10005184033177,44.89329268292683,65.52609067579127,70.95,2026-08-17
PSUBNKIETF,88.58,4.72,1.97,8.42,27.6,0.53,OTHER,2.89,73.267750213858,65.8070253445976,82.65940902021774,34.489329268292686,65.48331907613345,70.17,2026-08-17
PTC,160.62,-5.8,-17.73,-23.92,-10.16,0.466,POWER,-0.57,23.652694610778443,2.712316585148955,43.54587869362364,29.458841463414636,44.48246364414029,25.81,2026-08-17
PTCIL,20584.0,17.27,15.58,22.61,47.41,9.694,POWER,22.5,92.47219846022242,85.14895509115162,89.94297563504406,99.23780487804879,94.86740804106074,90.83,2026-08-17
PTL,38.65,-3.16,-6.76,-3.06,-3.18,0.98,AUTO,-5.42,34.901625320787,32.65895953757225,51.8921721099015,63.75762195121951,21.72797262617622,37.21,2026-08-17
PUNJABCHEM,1127.3,-3.01,9.89,7.78,-3.41,0.457,CHEMICALS,-3.96,35.56458511548332,64.1396176078257,51.710730948678076,28.296493902439025,26.304533789563727,44.19,2026-08-17
PURVA,226.6,0.46,5.52,6.33,-19.3,19.371,REALTY,2.2,53.07955517536356,60.515784793241444,31.31156039398652,99.96189024390245,62.16852010265184,54.29,2026-08-17
PVP,37.01,26.53,21.82,36.82,76.83,1.797,REALTY,28.27,96.53550042771599,92.66340595820365,95.23068947641265,87.34756097560977,97.04875962360993,94.92,2026-08-17
PVRINOX,1192.0,18.52,25.62,18.03,4.63,0.505,MEDIA,20.99,93.24208725406329,80.36905291240551,63.60808709175739,32.27896341463415,94.1830624465355,81.19,2026-08-17
PVSL,115.9,16.63,21.31,14.3,2.85,0.29,AUTO,14.37,91.91616766467065,76.12272120942642,60.938310005184036,13.166920731707318,89.73481608212147,77.51,2026-08-17
PVTBANIETF,27.74,-1.56,-1.35,5.36,4.36,0.934,OTHER,-3.39,42.08725406330196,58.092485549132945,63.245204769310526,61.737804878048784,29.148845166809238,49.36,2026-08-17
PVTBANK,27.5,,,,,6.564,OTHER,,,,,98.36128048780488,,52.42,2026-08-17
PVTBANKADD,27.84,-1.69,-1.35,5.22,4.15,2.707,OTHER,-3.52,41.36013686911891,57.44775455758114,62.93416277864178,93.75,28.528656971770744,50.39,2026-08-17
PVTBKGROWW,27.5,-1.4,-1.68,,,0.319,OTHER,-3.23,42.98545765611634,,,15.64405487804878,29.83319076133447,42.8,2026-08-17
PWL,119.97,-11.32,9.66,5.38,,10.337,HEALTHCARE,-12.1,8.340461933276304,58.20364606491775,,99.42835365853658,5.645851154833191,33.29,2026-08-17
PYRAMID,166.69,-0.01,-3.83,3.93,2.1,0.148,CHEMICALS,-0.97,48.781009409751924,53.29035126722989,60.031104199066874,4.001524390243903,42.66467065868264,49.0,2026-08-17
QGOLDHALF,126.73,8.63,2.0,-2.28,51.59,1.568,OTHER,6.8,82.95551753635586,35.08225878168075,91.65370658372214,84.375,78.9349871685201,72.19,2026-08-17
QMSMEDI,138.13,25.3,,,,3.808,OTHER,23.47,96.04362703165098,,,96.45579268292683,95.33789563729684,75.24,2026-08-17
QNIFTY,268.45,1.38,2.01,3.85,-90.05,0.474,OTHER,-0.45,58.08383233532935,52.84570920409071,0.5702436495593572,30.106707317073173,45.42343883661249,41.97,2026-08-17
QPOWER,1302.6,,,18.56,67.3,1.251,OTHER,,,80.92485549132948,93.88284085018144,78.4298780487805,,67.93,2026-08-17
QUADFUTURE,349.35,-14.68,-15.1,21.58,-13.77,0.811,CAPITAL_GOODS,-12.24,4.234388366124893,84.25967096487328,37.99896319336444,55.049542682926834,5.431993156544055,33.71,2026-08-17
QUAL30IETF,21.65,4.39,4.54,4.84,2.51,0.954,OTHER,2.56,71.72797262617621,56.469542018674964,60.44582685329186,62.74771341463414,64.09324208725407,64.06,2026-08-17
QUALITY30,21.23,4.38,4.43,4.38,1.58,1.143,OTHER,2.55,71.66381522668948,54.97999110715873,59.149818558838774,75.72408536585365,63.98631308810949,64.04,2026-08-17
QUESS,343.9,17.17,37.66,69.43,29.02,0.325,OTHER,15.34,92.38665526090676,98.66607381058247,83.56661482633488,16.234756097560975,90.41916167664671,88.09,2026-08-17
QUINT,37.36,-6.13,-9.32,-0.16,,6.808,MEDIA,-3.66,22.369546621043625,41.17385504668742,,98.51371951219512,27.758768177929856,37.21,2026-08-17
RACE,102.73,-4.93,,,-55.49,1.138,OTHER,-6.76,27.502138579982894,,3.784344219803007,75.51448170731707,17.130025662959795,29.23,2026-08-17
RACLGEAR,1343.4,1.18,1.6,7.41,49.3,0.636,AUTO,-1.08,56.82207014542344,63.27256558470431,90.2540176257128,42.96875,42.194183062446534,62.23,2026-08-17
RADAAN,2.97,-0.34,-4.81,-3.88,-14.66,0.232,MEDIA,2.13,47.19846022241232,30.346820809248555,37.221358216692586,9.451219512195122,61.65526090675792,41.27,2026-08-17
RADHIKAJWE,67.9,2.58,18.11,19.96,-28.8,0.201,FMCG,2.59,65.20530367835758,82.30324588706091,20.11404872991187,7.450457317073171,64.37125748502994,57.45,2026-08-17
RADIANTCMS,34.86,-8.86,-13.99,-12.78,-40.78,2.516,FINANCIAL_SERVICES,-7.52,13.986313088109496,11.249444197421075,9.17573872472784,93.02591463414635,14.54234388366125,16.38,2026-08-17
RADICO,4693.4,14.31,31.15,34.13,61.59,0.455,FMCG,14.32,89.86313088109496,91.5073365940418,93.05339554173146,28.10594512195122,89.64927288280582,87.79,2026-08-17
RADIOCITY,6.66,11.37,5.38,,-20.14,0.18,MEDIA,13.84,87.38237810094097,,30.067392431311564,5.7926829268292686,89.3071000855432,62.78,2026-08-17
RAILTEL,279.95,-7.24,-13.0,-12.54,-18.47,0.573,TELECOM,-3.46,18.99059024807528,11.582925744775457,31.985484707102124,38.03353658536585,28.870829769033364,22.17,2026-08-17
RAIN,205.91,-3.62,6.02,31.16,46.5,0.43,CHEMICALS,-4.58,33.08383233532935,90.12894619831036,89.55417314670814,25.952743902439025,24.679213002566296,57.02,2026-08-17
RAINBOW,1478.5,-0.83,3.92,10.65,-1.94,1.132,HEALTHCARE,-1.61,45.05988023952096,70.20898176967542,53.18818040435459,75.26676829268293,38.40889649272883,53.49,2026-08-17
RAJMET,3.23,-6.38,-14.78,,-27.9,0.925,METAL,-6.18,21.300256629597946,,20.943494038361845,61.356707317073166,19.076133447390934,30.07,2026-08-17
RAJPALAYAM,827.8,-1.68,-1.03,4.36,,2.398,TEXTILES,0.28,41.44568006843456,54.82436638506003,,92.26371951219512,52.609067579127455,50.72,2026-08-17
RAJRATAN,516.8,4.21,14.16,25.1,62.06,0.179,AUTO,1.95,70.91531223267751,86.92752334370832,93.1052358735096,5.697408536585366,60.86398631308811,74.59,2026-08-17
RAJSREESUG,34.49,10.58,1.38,6.65,-9.66,1.557,FMCG,10.59,86.39863130881095,61.51622943530458,44.32348367029549,84.16539634146342,85.5218135158255,71.52,2026-08-17
RAJTV,10.26,-14.0,-15.83,-51.63,-75.76,0.224,MEDIA,-11.53,4.790419161676647,0.8448199199644287,2.021772939346812,8.765243902439025,6.4585115483319075,3.7,2026-08-17
RALLIS,213.08,-9.69,-7.1,-19.2,-41.82,0.32,CHEMICALS,-10.64,11.484174508126605,4.713205869275233,8.44997407983411,15.777439024390244,7.8699743370402055,8.86,2026-08-17
RAMANEWS,32.78,14.58,10.67,12.57,,0.417,CHEMICALS,13.62,90.07698887938409,73.63272565584704,,24.390243902439025,89.09324208725407,74.52,2026-08-17
RAMAPHO,121.52,-1.83,-3.94,-9.09,,0.901,CHEMICALS,-2.78,40.611633875106925,18.674966651845263,,60.04192073170732,32.142857142857146,36.71,2026-08-17
RAMBHAJO,180.97,-12.18,,,,0.214,OTHER,-14.01,6.864841745081265,,,8.098323170731707,3.4644995722840037,25.83,2026-08-17
RAMCOCEM,922.6,-1.15,4.59,0.69,-11.59,1.07,CEMENT,2.98,43.862275449101794,43.8194753223655,41.21306376360809,73.11356707317073,65.8896492728828,48.09,2026-08-17
RAMCOIND,353.45,-2.01,21.84,28.78,13.47,0.137,METAL,-1.81,39.64927288280582,89.06180524677634,74.33903576982893,3.50609756097561,37.18990590248075,56.76,2026-08-17
RAMCOSYS,594.2,-28.45,4.07,55.96,,0.224,IT,-26.33,0.5988023952095809,97.37661182747888,,8.765243902439025,0.5988023952095809,35.08,2026-08-17
RAMKY,390.05,-0.6,-10.1,-11.71,-31.64,0.587,REALTY,1.14,45.958083832335326,12.716763005780345,16.640746500777606,38.92911585365854,57.292557741659536,33.13,2026-08-17
RAMRAT,467.5,10.32,18.38,11.2,-32.0,0.347,CAPITAL_GOODS,12.76,86.0136869118905,71.0760337927968,16.27786417833074,18.025914634146343,87.98118049615056,65.23,2026-08-17
RANASUG,12.9,8.59,0.39,-0.77,-9.15,2.272,FMCG,8.6,82.89136013686912,39.70653623832814,44.84188698807672,91.63490853658537,82.67750213857998,64.89,2026-08-17
RANEHOLDIN,1600.9,-7.92,4.55,11.32,6.06,1.909,FINANCIAL_SERVICES,-6.58,16.552609067579127,71.3428190306803,66.32970451010887,88.6814024390244,17.771599657827203,43.99,2026-08-17
RATEGAIN,949.5,-2.29,12.45,51.83,85.23,0.453,IT,-0.17,38.32335329341318,96.48732770120053,96.06013478486263,27.934451219512198,48.33190761334474,65.39,2026-08-17
RATNAMANI,2353.6,-10.08,-9.43,-12.62,-1.65,0.36,METAL,-9.88,10.607356715141146,11.405068919519787,53.654743390357694,19.53125,9.174508126603936,19.65,2026-08-17
RATNAVEER,244.87,39.5,48.28,38.0,67.03,1.675,METAL,39.7,98.88793840889649,93.10804802134281,93.7791601866252,85.7469512195122,98.93071000855433,95.77,2026-08-17
RAYMOND,647.85,5.57,9.79,42.84,4.69,2.182,REALTY,7.31,75.57741659538067,94.57536682970209,63.91912908242613,91.04420731707317,79.8759623609923,79.41,2026-08-17
RAYMONDLSL,762.1,4.78,-6.7,-2.24,-33.94,1.28,TEXTILES,6.74,73.48160821214714,35.393508225878165,14.618973561430792,79.26829268292683,78.76390076988879,53.27,2026-08-17
RAYMONDREL,581.05,-16.92,-4.25,5.29,-6.68,0.469,REALTY,-15.18,2.3952095808383236,57.692307692307686,47.330222913426645,29.6875,2.780153977758768,26.63,2026-08-17
RBA,99.59,45.05,44.69,47.02,28.07,0.294,HOSPITALITY,47.27,99.44396920444825,95.6425077812361,83.17781233799897,13.548018292682926,99.5295124037639,90.96,2026-08-17
RBLBANK,381.5,5.15,3.19,12.84,49.37,0.328,BANKING,5.48,74.50812660393498,73.98843930635837,90.40953862104718,16.692073170731707,73.267750213858,74.48,2026-08-17
RBZJEWEL,136.19,-8.5,-0.57,9.11,2.26,1.088,FMCG,-8.49,15.07698887938409,67.27434415295687,60.186625194401245,73.8185975609756,12.275449101796406,39.67,2026-08-17
RCF,123.26,-4.17,-6.71,-1.1,-18.88,0.739,CHEMICALS,-5.12,31.00940975192472,38.99510893730547,31.726283048211506,50.724085365853654,22.775876817792987,32.9,2026-08-17
RECLTD,340.0,-2.75,-4.64,-1.69,-6.48,0.893,FINANCIAL_SERVICES,-1.41,36.548331907613345,37.32770120053357,47.770865733540695,59.756097560975604,39.99144568006843,40.66,2026-08-17
REDINGTON,332.8,20.54,36.4,50.39,42.53,0.229,IT,22.66,94.311377245509,96.17607825700311,88.43960601347848,9.203506097560975,94.9529512403764,89.44,2026-08-17
REDTAPE,121.66,-8.12,-9.57,-5.95,0.97,0.372,FMCG,-8.11,16.08212147134303,24.744330813694976,58.11301192327632,20.75076219512195,12.83147989734816,26.4,2026-08-17
REFEX,302.75,-4.36,-5.41,8.98,-18.23,0.926,CHEMICALS,-5.32,30.196749358426008,67.18541574032903,32.452047693105236,61.41387195121951,22.070145423438838,40.24,2026-08-17
REGAAL,90.46,,,,-19.44,1.0,OTHER,,,,31.000518403317784,67.64481707317073,,47.08,2026-08-17
REGENCERAM,35.43,-5.95,-11.23,-18.16,-25.21,0.225,CAPITAL_GOODS,-3.51,23.075278015397778,5.380168963983993,24.157594608605496,8.917682926829269,28.57142857142857,18.98,2026-08-17
RELAXO,391.2,6.7,11.5,35.64,-14.0,0.086,FMCG,6.71,78.12232677502139,91.99644286349489,37.791601866251945,1.4481707317073171,78.55004277159966,69.76,2026-08-17
RELCHEMQ,115.6,-11.25,-15.55,-4.99,-31.51,2.852,TEXTILES,-9.28,8.383233532934131,26.767452200978216,16.69258683255573,94.1310975609756,10.52181351582549,19.25,2026-08-17
RELIABLE,138.74,-4.56,-10.78,5.65,2.41,0.726,FINANCIAL_SERVICES,-3.22,29.191616766467064,59.02623388172521,60.342146189735615,49.86661585365854,29.94011976047904,44.03,2026-08-17
RELIANCE,1316.0,1.5,-0.96,-1.53,-4.98,1.141,ENERGY,0.06,59.13173652694611,37.88350377945754,49.30015552099534,75.64786585365853,50.85543199315654,51.44,2026-08-17
RELIGARE,231.1,-12.28,-5.97,4.13,-2.78,0.562,ENERGY,-13.72,6.6509837467921304,54.06847487772344,52.669777086573355,37.176067073170735,3.721129170230967,28.8,2026-08-17
RELTD,159.87,-8.71,12.17,27.83,,1.484,CAPITAL_GOODS,-6.27,14.328485885372114,88.61716318363717,,83.15548780487805,18.81950384944397,44.15,2026-08-17
REMSONSIND,81.89,4.28,-8.18,-20.16,-29.98,2.739,REALTY,6.02,71.2147134302823,4.046242774566474,18.68843960601348,93.86432926829268,75.23524379811805,45.65,2026-08-17
RENUKA,23.0,2.04,-3.16,-4.96,-21.15,3.012,FMCG,2.05,62.36099230111206,26.856380613606046,28.641783307413167,94.8170731707317,61.3130881094953,48.21,2026-08-17
REPCOHOME,349.6,-13.19,-10.51,-10.16,-2.29,2.736,FINANCIAL_SERVICES,-11.85,5.453378956372968,15.984882169853268,52.87713841368584,93.82621951219512,6.11633875106929,22.09,2026-08-17
REPRO,325.15,-12.18,-9.3,-10.82,-31.35,0.321,MEDIA,-9.71,6.864841745081265,14.428634948866161,17.107309486780714,15.910823170731708,9.473909324208725,11.65,2026-08-17
RESPONIND,159.01,-16.57,-10.08,-2.55,-19.35,0.128,REALTY,-14.83,2.6090675791274593,33.9261894175189,31.15603939865215,3.1821646341463414,3.0795551753635584,16.25,2026-08-17
RETAIL,18.23,2.65,1.96,-6.32,-55.92,1.215,RETAIL,3.68,65.46193327630453,24.14406402845709,3.7325038880248838,77.55335365853658,68.64841745081266,43.87,2026-08-17
RGL,121.9,1.66,6.93,19.31,8.2,1.122,FMCG,1.67,60.115483319076134,81.63628279235215,69.36236391912908,74.94283536585365,59.83746792130026,68.04,2026-08-17
RHETAN,21.28,-31.09,-30.32,-20.03,,0.725,METAL,-30.89,0.5132591958939264,4.179635393508225,,49.733231707317074,0.5560307955517536,13.79,2026-08-17
RHIM,374.25,-7.8,-1.15,-3.62,-20.75,0.512,CAPITAL_GOODS,-5.36,16.9803250641574,31.124944419742107,29.18610679108346,33.06021341463415,21.92044482463644,24.5,2026-08-17
RHL,166.35,-4.08,-7.57,-7.57,-42.9,0.153,HOSPITALITY,-1.86,31.501283147989735,21.831925300133392,8.087091757387247,4.211128048780488,36.633875106929,23.81,2026-08-17
RICOAUTO,132.9,5.53,-0.29,16.74,50.78,0.534,AUTO,3.27,75.49187339606502,78.47932414406404,91.03162260238466,34.94664634146341,66.9803250641574,76.04,2026-08-17
RIIL,747.05,-4.4,-12.34,-1.09,-14.82,0.71,LOGISTICS,-3.6,30.00427715996578,39.061805246776345,37.065837221358215,48.57088414634146,27.929854576561162,34.3,2026-08-17
RIR,173.94,6.1,,,,2.174,OTHER,4.27,76.43284858853721,,,91.0060975609756,70.48759623609922,64.37,2026-08-17
RISHABH,694.6,5.32,26.03,45.04,68.76,5.027,CAPITAL_GOODS,7.76,74.8502994011976,95.19786571809693,94.27164333851736,97.44664634146342,80.6672369546621,85.82,2026-08-17
RITCO,292.5,7.71,15.09,6.96,7.7,0.237,LOGISTICS,8.51,79.98289136013686,62.072032014228554,68.99948159668222,9.794207317073171,82.39948674080411,70.16,2026-08-17
RITES,221.72,1.07,5.45,4.98,-11.4,0.435,INFRASTRUCTURE,5.47,56.35158254918734,56.736327256558475,41.47226542249871,26.54344512195122,73.18220701454234,54.51,2026-08-17
RKDL,18.36,-3.06,0.22,-13.31,-31.03,0.269,FMCG,-3.05,35.32934131736527,10.226767452200978,17.47019180922758,11.71875,30.881094952951237,23.63,2026-08-17
RKEC,23.41,-11.49,-8.59,-27.3,-62.62,3.58,INFRASTRUCTURE,-7.09,7.998289136013686,1.9564250778123609,3.162260238465526,96.1890243902439,16.124893071000855,11.15,2026-08-17
RKFORGE,755.0,28.03,29.39,31.54,33.6,0.448,AUTO,25.77,97.04875962360993,90.4846598488217,85.38102643856921,27.34375,96.0650128314799,89.44,2026-08-17
RKSWAMY,97.47,-5.34,-2.29,7.35,-36.36,0.641,MEDIA,-2.87,25.53464499572284,62.91685193419298,12.752721617418352,43.349847560975604,31.629597946963216,34.13,2026-08-17
RMC,259.7,-11.15,,,,0.553,OTHER,-12.98,8.468776732249786,,,36.24237804878049,4.448246364414029,27.94,2026-08-17
RML,1084.7,-12.61,10.73,21.15,23.83,0.304,AUTO,-14.87,6.223267750213858,83.85949310804803,81.1301192327631,14.557926829268292,3.0367835757057318,40.55,2026-08-17
RNBDENIMS,8.58,-12.8,-22.84,,,2.277,TEXTILES,-10.84,5.923866552609067,,,91.6920731707317,7.506415739948674,30.28,2026-08-17
ROHLTD,307.7,-4.01,-7.05,-5.44,-38.72,1.832,HOSPITALITY,-1.79,31.67236954662104,25.789239662072035,10.808709175738725,88.14786585365853,37.27544910179641,29.69,2026-08-17
ROLEXRINGS,179.46,15.4,27.3,21.03,-86.96,0.365,AUTO,13.14,90.71856287425149,83.77056469542019,1.1404872991187145,20.083841463414632,88.57998289136013,67.21,2026-08-17
ROML,44.09,-3.33,-3.12,-5.57,,0.523,FMCG,-3.32,34.13173652694611,25.566918630502443,,34.07012195121951,29.512403763900767,34.47,2026-08-17
ROSSARI,496.15,-8.38,-3.38,-2.07,-19.79,0.439,CHEMICALS,-9.34,15.419161676646706,36.127167630057805,30.637636080870916,26.867378048780488,10.372112917023097,23.46,2026-08-17
ROSSELLIND,56.17,-5.26,1.24,-0.23,-15.94,0.421,FMCG,-5.25,26.00513259195894,40.92930191196087,35.71798859512701,24.885670731707318,22.28400342172797,31.06,2026-08-17
ROSSTECH,1108.9,9.08,11.05,25.0,70.27,1.998,DEFENCE,6.05,84.04619332763046,86.8830591373944,94.50492483151892,89.48170731707317,75.32078699743371,85.81,2026-08-17
ROTO,65.68,-1.31,2.15,14.33,-21.11,0.457,CAPITAL_GOODS,1.13,43.2420872540633,76.2338817252112,28.771384136858476,28.296493902439025,57.18562874251497,49.94,2026-08-17
ROUTE,508.6,-10.53,-6.15,1.0,-40.89,0.108,TELECOM,-6.74,9.538066723695467,44.4642063139173,9.020217729393467,2.1341463414634148,17.236954662104363,18.95,2026-08-17
RPEL,1430.1,9.72,18.84,73.24,149.08,0.597,CAPITAL_GOODS,12.16,85.05132591958939,98.9773232547799,99.37791601866252,39.82469512195122,87.33960650128316,89.48,2026-08-17
RPGLIFE,2741.3,-6.18,19.78,19.58,19.1,0.606,PHARMA,-4.16,22.02737382378101,81.88083592707869,78.64178330741318,40.66310975609756,25.791274593669804,49.81,2026-08-17
RPOWER,22.72,-7.6,-15.85,-16.22,,1.242,POWER,-2.37,17.70744225834046,6.980880391285016,,78.3155487804878,33.83233532934132,26.93,2026-08-17
RPPINFRA,58.35,-8.31,-7.09,-18.59,-52.31,3.118,FINANCIAL_SERVICES,-6.97,15.590248075278016,4.93552690084482,4.5101088646967336,95.23628048780488,16.57399486740804,14.84,2026-08-17
RPSGVENT,887.25,-0.29,0.03,-5.16,0.41,0.521,IT,1.83,47.540633019674935,26.300578034682083,57.36132711249352,33.860518292682926,60.32934131736527,45.43,2026-08-17
RPTECH,871.85,14.64,31.58,71.78,208.29,0.493,IT,16.76,90.11976047904191,98.84393063583815,99.7926386728875,31.17378048780488,91.27459366980325,91.46,2026-08-17
RRECL,145.0,,,,,1.0,OTHER,,,,,67.64481707317073,,50.88,2026-08-17
RRIL,17.54,1.98,-11.59,-12.87,,0.944,TEXTILES,3.94,61.89050470487596,11.160515784793242,,62.328506097560975,69.4824636441403,47.99,2026-08-17
RRKABEL,2748.6,14.34,24.87,40.68,130.18,0.46,CAPITAL_GOODS,16.78,89.90590248075277,93.99733214762117,98.85951270088128,28.772865853658537,91.31736526946108,89.87,2026-08-17
RSL,164.9,28.04,26.02,18.92,,0.413,METAL,28.24,97.09153122326775,81.2361049355269,,24.104420731707318,97.0059880239521,80.05,2026-08-17
RSSOFTWARE,31.59,,,,,1.472,OTHER,,,,,83.04115853658537,,51.65,2026-08-17
RSYSTEMS,240.2,-4.95,-8.43,-11.98,-48.39,0.245,IT,-2.83,27.28828058169376,12.227656736327257,5.391394504924832,10.232469512195122,31.800684345594526,18.97,2026-08-17
RTNINDIA,30.48,-5.11,-14.43,-10.09,-47.63,0.712,RETAIL,-4.08,26.94610778443114,16.496220542463316,5.7542768273716955,48.79954268292683,25.855431993156543,21.02,2026-08-17
RTNPOWER,8.35,-5.54,-11.45,-10.02,-30.01,0.871,POWER,-0.31,24.721984602224122,16.807469986660738,18.610679108346293,58.4984756097561,46.96321642429427,26.55,2026-08-17
RTSPOWR,94.73,,,,,1.0,OTHER,,,,,67.64481707317073,,50.88,2026-08-17
RUBFILA,67.36,-9.43,-7.06,-4.82,-10.19,0.424,CHEMICALS,-10.38,12.318220701454234,27.389951089373056,43.49403836184552,25.304878048780488,8.212147134302823,22.35,2026-08-17
RUBICON,1798.7,26.76,33.08,87.18,,8.993,PHARMA,28.78,96.62104362703165,99.37750111160516,,99.00914634146342,97.13430282292558,88.18,2026-08-17
RUCHINFRA,5.81,1.57,-8.93,-10.2,,0.406,INFRASTRUCTURE,5.97,59.45252352437981,15.851489550911516,,23.41844512195122,75.0,47.19,2026-08-17
RUCHIRA,102.05,-1.94,-6.49,-14.85,-30.5,0.628,CHEMICALS,-2.9,39.970059880239525,8.203646064917741,18.118195956454123,42.416158536585364,31.45851154833191,26.5,2026-08-17
RUDRA,23.8,,,,,6.134,OTHER,,,,,98.20884146341463,,52.41,2026-08-17
RUPA,149.1,-11.34,-2.34,4.71,-22.49,0.895,TEXTILES,-9.38,8.25491873396065,56.02489995553579,27.060653188180407,59.81326219512195,10.26518391787853,26.84,2026-08-17
RUSHIL,16.78,8.75,-4.98,8.33,-27.14,0.282,REALTY,10.49,83.3190761334474,65.67363272565585,22.187662001036806,12.709603658536587,85.3721129170231,63.46,2026-08-17
RUSTOMJEE,375.1,-9.52,-5.78,-7.63,-42.74,0.067,REALTY,-7.78,11.93327630453379,21.787461093819473,8.190772420943494,1.0861280487804876,13.857998289136015,13.39,2026-08-17
RVHL,43.05,-7.8,-3.39,8.68,-4.52,1.438,REALTY,-6.06,16.9803250641574,66.56291685193419,49.97407983411094,82.25990853658537,19.6535500427716,39.64,2026-08-17
RVNL,228.5,0.93,-5.24,-19.26,-26.93,0.531,INFRASTRUCTURE,5.33,55.38922155688623,4.6465095598043575,22.55054432348367,34.66082317073171,72.84003421727972,37.72,2026-08-17
RVTH,747.7,1.46,6.03,13.12,-8.91,2.515,CAPITAL_GOODS,3.9,58.83233532934131,74.38861716318364,45.152928978745464,92.98780487804879,69.28999144568007,63.26,2026-08-17
S&SPOWER,297.7,-10.84,,,,1.995,OTHER,-12.67,9.02480752780154,,,89.3673780487805,4.833190761334474,30.85,2026-08-17
SAATVIKGL,402.65,-13.71,-15.44,-10.13,,5.542,CAPITAL_GOODS,-11.27,5.089820359281437,16.27389951089373,,97.90396341463415,6.95038494439692,21.79,2026-08-17
SAB,170.0,,,,,1.0,OTHER,,,,,67.64481707317073,,50.88,2026-08-17
SADBHAV,8.26,1.35,-9.92,,-47.02,0.615,CAPITAL_GOODS,3.79,57.82720273738238,,6.065318818040436,41.634908536585364,68.81950384944396,46.36,2026-08-17
SAFARI,1497.3,-8.02,-6.93,2.69,-29.36,0.531,CHEMICALS,-8.98,16.253207869974336,49.24410849266341,19.388284085018146,34.66082317073171,10.992301112061591,25.26,2026-08-17
SAGARDEEP,24.02,-0.74,-5.99,2.08,-14.03,0.449,METAL,-0.54,45.4448246364414,47.84348599377501,37.6879212026957,27.496189024390244,44.6535500427716,43.48,2026-08-17
SAGCEM,169.01,-4.11,-3.96,-6.56,-33.14,0.73,CEMENT,0.02,31.330196749358425,23.766118274788795,15.448418869880767,50.0952743902439,50.44910179640718,30.07,2026-08-17
SAGILITY,42.4,2.91,6.11,0.95,-7.42,0.317,IT,5.03,66.40290846877673,44.19742107603379,46.78589942975635,15.491615853658535,72.28400342172797,55.26,2026-08-17
SAHLIBHFI,72.0,-7.42,-4.89,-2.12,,1.059,FINANCIAL_SERVICES,-6.08,18.477331052181352,35.97154290795909,,72.80868902439023,19.41830624465355,32.01,2026-08-17
SAHYADRI,388.15,37.28,41.89,23.65,49.86,4.538,CHEMICALS,36.33,98.67408041060736,85.92707870164517,90.51321928460342,97.14176829268293,98.41745081266039,93.74,2026-08-17
SAICAPI,149.95,,,,,1.0,OTHER,,,,,67.64481707317073,,50.88,2026-08-17
SAIL,173.6,6.09,-4.08,-9.77,44.74,0.651,METAL,6.29,76.36869118905048,17.385504668741664,89.11353032659409,44.207317073170735,76.62532078699743,62.6,2026-08-17
SAILIFE,1416.4,9.38,17.42,29.84,64.49,0.645,CHEMICALS,8.43,84.60222412318221,89.68430413517119,93.3644375324002,43.76905487804878,82.10008554319931,85.21,2026-08-17
SAIPARENT,551.95,-3.29,-3.55,14.69,,0.717,PHARMA,-1.27,34.40975192472198,76.56736327256559,,49.14253048780488,41.25320786997433,49.83,2026-08-17
SAKAR,905.35,0.94,10.01,29.95,,0.744,PHARMA,2.96,55.453378956372966,89.7287683414851,,51.00990853658537,65.73994867408041,64.25,2026-08-17
SAKHTISUG,17.63,3.89,-3.03,0.4,-16.92,2.869,FMCG,3.9,69.67493584260052,43.0635838150289,34.447900466562984,94.2454268292683,69.28999144568007,57.15,2026-08-17
SAKSOFT,164.95,-9.31,14.81,21.95,-23.29,0.258,IT,-7.19,12.660393498716852,84.70431302801245,26.127527216174183,11.070884146341463,15.54747647562019,33.72,2026-08-17
SAKUMA,1.6,,,,-39.39,1.095,OTHER,,,,10.10886469673406,74.04725609756098,,43.22,2026-08-17
SALASAR,6.07,-0.16,-15.34,-14.02,-19.92,1.576,CAPITAL_GOODS,2.28,48.07527801539778,9.159626500666963,30.378434421980298,84.5655487804878,62.403763900769896,38.78,2026-08-17
SALONA,261.21,1.66,-2.93,-6.41,9.82,0.202,TEXTILES,3.62,60.115483319076134,24.010671409515343,70.81389320891654,7.507621951219512,68.41317365269461,51.84,2026-08-17
SALSTEEL,71.87,,,,317.12,1.286,OTHER,,,,100.0,79.4969512195122,,61.47,2026-08-17
SALZERELEC,570.3,-4.66,-13.1,-19.79,-30.09,0.529,CAPITAL_GOODS,-2.22,28.656971770744228,4.313028012449978,18.506998444790046,34.375,34.773310521813514,21.74,2026-08-17
SAMBHAAV,6.35,3.76,-5.65,,-4.22,0.29,MEDIA,6.23,69.3327630453379,,50.5443234836703,13.166920731707318,76.21899059024807,58.97,2026-08-17
SAMBHV,119.88,-0.61,12.85,7.93,-1.7,0.552,METAL,-0.41,45.82976903336185,64.69542018674966,53.60290305857958,36.14710365853659,45.808383233532936,51.61,2026-08-17
SAMHI,159.41,-5.99,-6.44,8.75,-23.42,0.952,HOSPITALITY,-3.77,22.882805816937555,66.8741662961316,25.972006220839816,62.57621951219512,27.224123182207016,37.13,2026-08-17
SAMMAANCAP,153.33,-6.11,-14.82,7.47,29.47,1.1,FINANCIAL_SERVICES,-4.77,22.45508982035928,63.31702979101823,83.8258164852255,74.19969512195121,24.080410607356715,47.78,2026-08-17
SAMPANN,26.3,-6.0,-5.77,-2.84,-16.67,0.472,CHEMICALS,-6.96,22.840034217279726,33.03690529124055,34.83670295489891,29.878048780487802,16.659538066723695,27.21,2026-08-17
SANATHAN,463.5,3.16,14.78,7.02,-8.9,0.531,TEXTILES,5.12,67.42942686056459,62.160960426856384,45.20476931052359,34.66082317073171,72.41231822070145,60.78,2026-08-17
SANDESH,1081.85,11.2,12.75,4.48,-10.76,0.257,MEDIA,13.67,87.16852010265184,55.35793686082704,42.94971487817522,10.95655487804878,89.13601368691188,66.86,2026-08-17
SANDHAR,632.55,2.65,-8.19,24.41,46.87,0.4,HOSPITALITY,4.87,65.46193327630453,86.30502445531347,89.68377397615345,22.884908536585368,71.98460222412318,74.37,2026-08-17
SANDUMA,200.89,1.0,-6.71,-10.41,-53.26,0.671,ENERGY,-0.44,55.859709153122324,15.251222765673633,4.406428201140487,45.9984756097561,45.551753635585975,33.38,2026-08-17
SANGAMIND,592.45,-5.71,12.58,19.37,71.58,0.175,TEXTILES,-3.74,24.059024807527802,81.68074699866608,94.81596682218766,5.487804878048781,27.352437981180493,52.18,2026-08-17
SANGHVIMOV,506.95,17.69,20.12,67.48,46.62,0.558,CAPITAL_GOODS,20.13,92.72882805816937,98.35482436638506,89.63193364437532,36.75685975609756,93.58426005132591,90.85,2026-08-17
SANOFI,3197.4,-6.24,-3.22,-0.64,-37.36,0.707,PHARMA,-4.22,21.706586826347305,40.06224988883949,12.026956972524625,48.38033536585366,25.66295979469632,26.29,2026-08-17
SANOFICONR,4363.0,-4.29,-8.03,-10.38,-14.89,0.234,PHARMA,-2.27,30.496150556030795,15.31791907514451,36.98807672369103,9.603658536585366,34.34559452523524,27.53,2026-08-17
SANSERA,4002.0,23.05,40.98,67.8,219.5,0.606,AUTO,20.79,95.16680923866552,98.39928857269898,99.89631933644375,40.66310975609756,93.96920444824637,94.02,2026-08-17
SANSTAR,109.19,-1.83,-5.12,8.57,33.58,0.8,AGRICULTURE,-6.36,40.611633875106925,66.31836371720765,85.32918610679108,54.36356707317073,18.434559452523523,53.34,2026-08-17
SAPPHIRE,234.68,29.41,29.18,30.8,-27.52,0.194,HOSPITALITY,31.63,97.34816082121472,90.04001778568252,21.410057024364956,6.802591463414634,97.60479041916167,75.84,2026-08-17
SAPPL,289.5,-1.7,5.66,-3.39,,7.207,CHEMICALS,-2.66,41.21043627031651,31.702979101823033,,98.78048780487805,32.78443113772455,42.21,2026-08-17
SARDAEN,521.15,5.49,-0.45,-4.32,-12.1,0.305,METAL,5.69,75.36355859709153,28.701645175633615,40.27993779160187,14.691310975609756,73.99486740804106,53.44,2026-08-17
SAREGAMA,523.4,6.91,12.67,25.89,9.74,0.775,MEDIA,9.38,78.44311377245509,87.72787905735882,70.68429237947123,52.8391768292683,84.1103507271172,78.78,2026-08-17
SARLAPOLY,101.61,3.67,2.32,5.97,-1.55,0.65,TEXTILES,5.64,68.88366124893071,59.58203646064918,53.75842405391394,44.11204268292683,73.80239520958084,63.03,2026-08-17
SARVESHWAR,3.5,,,,-53.76,0.992,OTHER,,,,4.250907205806117,64.29115853658537,,41.56,2026-08-17
SASKEN,1919.5,-2.78,-12.29,12.28,36.49,0.403,IT,-0.66,36.377245508982035,73.05469097376613,86.57335406946605,23.151676829268293,44.01197604790419,56.07,2026-08-17
SATIA,59.24,-4.06,6.8,-7.15,-30.64,1.171,CHEMICALS,-5.01,31.565440547476477,22.454424188528236,17.936754795230687,76.39100609756098,23.139435414884517,27.54,2026-08-17
SATIN,228.73,-14.06,-1.15,2.39,67.0,0.813,FINANCIAL_SERVICES,-12.72,4.662104362703165,48.599377501111604,93.67547952306894,55.22103658536586,4.704875962360992,35.98,2026-08-17
SAURASHCEM,58.72,-6.12,1.4,-4.92,-49.17,0.116,CEMENT,-1.99,22.412318220701454,27.078701645175634,5.1840331778123385,2.4771341463414633,35.8426005132592,21.15,2026-08-17
SAYAJIHOTL,310.3,3.43,7.37,7.74,,0.013,HOSPITALITY,5.65,68.26347305389223,63.93952867941307,,0.07621951219512195,73.86655260906758,60.96,2026-08-17
SAYAJIIND,114.8,,,,,1.0,OTHER,,,,,67.64481707317073,,50.88,2026-08-17
SBC,38.75,-8.24,4.0,15.6,105.79,0.657,TEXTILES,-6.28,15.825491873396064,77.47887950200088,97.87454639709694,44.77896341463415,18.733960650128314,49.53,2026-08-17
SBCL,1024.6,41.83,38.35,70.41,97.59,0.18,METAL,42.03,99.10179640718563,98.75500222321033,96.8895800933126,5.7926829268292686,99.10179640718563,93.91,2026-08-17
SBFC,93.95,0.01,0.65,2.79,-13.1,0.561,FINANCIAL_SERVICES,1.35,49.35842600513259,49.44419742107603,38.88024883359253,37.06173780487805,58.42600513259196,48.03,2026-08-17
SBGLP,24.95,1.92,-4.08,-3.56,-36.58,1.313,REALTY,3.66,61.612489307100084,31.213872832369944,12.597200622083982,80.1638719512195,68.60564585115483,46.19,2026-08-17
SBIBPB,50.65,4.65,1.48,8.83,27.07,0.743,OTHER,2.82,72.96834901625321,66.96309470875946,82.47796785899429,50.91463414634146,65.26946107784431,71.11,2026-08-17
SBICARD,641.75,-0.44,3.23,2.52,-21.33,0.436,FINANCIAL_SERVICES,0.9,46.57827202737382,48.866162738995115,28.51218247796786,26.676829268292686,55.96663815226689,43.95,2026-08-17
SBIETFCON,125.45,3.96,6.3,6.93,0.06,0.702,OTHER,2.13,70.01710863986314,62.02756780791463,56.97252462415759,47.90396341463415,61.65526090675792,63.05,2026-08-17
SBIETFIT,341.85,7.08,7.98,11.83,-13.02,0.578,OTHER,5.25,78.72112917023097,72.49888839484215,39.113530326594095,38.31935975609756,72.66894781864842,66.32,2026-08-17
SBIETFPB,279.02,-1.89,-1.5,5.06,3.76,0.1,OTHER,-3.72,40.205303678357566,57.00311249444198,62.15655780196994,1.9054878048780488,27.480752780153978,44.97,2026-08-17
SBIETFQLTY,227.61,4.31,4.18,4.43,2.38,0.372,OTHER,2.48,71.34302822925578,55.202312138728324,60.29030585795749,20.75076219512195,63.729683490162536,61.43,2026-08-17
SBIFUNDS,557.25,,,,,0.328,OTHER,,,,,16.692073170731707,,48.33,2026-08-17
SBILIFE,1790.4,-1.74,1.29,-3.97,-1.44,0.287,FINANCIAL_SERVICES,-0.4,40.99657827202737,30.057803468208093,53.862104717470196,12.957317073170731,46.10778443113773,40.2,2026-08-17
SBILIQETF,1052.12,0.43,0.85,1.25,4.9,0.384,OTHER,-1.4,52.65183917878529,45.53134726545131,64.56713322965267,21.49390243902439,40.33361847733105,49.85,2026-08-17
SBIMIDMOM,64.38,3.16,0.7,3.6,,0.172,OTHER,1.33,67.42942686056459,51.889728768341485,,5.354420731707317,58.08383233532935,55.55,2026-08-17
SBIN,1061.2,2.91,4.52,10.17,31.36,0.631,BANKING,3.24,66.40290846877673,69.38639395286795,84.81078278900985,42.62576219512195,66.8092386655261,69.7,2026-08-17
SBINEQWETF,33.94,2.85,3.35,3.7,7.07,0.503,OTHER,1.02,66.1676646706587,52.289906625166736,68.11819595645412,31.95503048780488,56.58682634730538,59.94,2026-08-17
SBINMID150,23.47,1.43,3.12,5.29,,1.568,OTHER,-0.4,58.55431993156544,57.692307692307686,,84.375,46.10778443113773,56.05,2026-08-17
SBISILVER,229.2,8.07,-5.23,-10.07,100.07,0.852,OTHER,6.24,80.9666381522669,16.629613161405068,97.20062208398133,57.3170731707317,76.26176218990591,66.24,2026-08-17
SBISMLETF,18.36,0.88,6.0,,,1.4,OTHER,-0.95,55.26090675791274,,,81.49771341463415,42.7715996578272,52.33,2026-08-17
SBIVALETF,14.91,1.29,-2.68,,,0.859,OTHER,-0.54,57.356715141146275,,,57.77439024390244,44.6535500427716,52.16,2026-08-17
SCHAEFFLER,4028.9,-2.49,-3.22,-0.02,2.2,1.004,AUTO,-4.75,37.51069289991445,41.61849710982659,60.13478486262313,70.82698170731707,24.272882805816938,42.74,2026-08-17
SCHAND,137.86,-7.74,-7.41,-18.39,-28.91,0.907,HOSPITALITY,-5.52,17.236954662104363,5.068919519786571,19.906687402799378,60.30868902439024,21.343028229255776,17.5,2026-08-17
SCHNEIDER,1212.2,-8.64,2.61,,,5.964,CAPITAL_GOODS,-6.2,14.563729683490163,,,98.1326219512195,18.969204448246366,35.35,2026-08-17
SCI,286.4,-1.41,-7.19,-13.58,35.86,0.543,FINANCIAL_SERVICES,-0.07,42.94268605645851,9.737661182747887,86.15863141524106,35.59451219512195,49.08041060735672,43.84,2026-08-17
SCILAL,40.19,-4.33,-13.18,-16.03,-18.4,0.592,FINANCIAL_SERVICES,-2.99,30.41060735671514,7.203201422854602,32.1410057024365,39.462652439024396,31.201881950384948,25.53,2026-08-17
SCODATUBES,129.68,-10.18,-2.9,-11.76,-25.61,1.03,METAL,-9.98,10.32934131736527,12.583370386838594,23.846552617936755,71.72256097560977,8.917878528656972,16.45,2026-08-17
SCPL,657.95,39.78,39.74,,167.4,0.353,OTHER,37.95,98.93071000855433,,99.68895800933126,18.71189024390244,98.71685201026519,82.81,2026-08-17
SDBL,73.43,11.24,-5.34,-16.05,-47.33,0.162,FMCG,11.25,87.21129170230967,7.114273010226767,6.013478486262312,4.592225609756097,86.37724550898204,46.69,2026-08-17
SEAMECLTD,1561.1,9.94,-0.88,2.85,68.76,2.154,LOGISTICS,10.74,85.45765611633875,49.57759004001779,94.27164333851736,90.9298780487805,85.79982891360137,78.58,2026-08-17
SECMARK,127.66,0.24,-0.49,,,0.128,IT,2.36,50.898203592814376,,,3.1821646341463414,62.895637296834906,49.91,2026-08-17
SECURKLOUD,17.92,-2.34,-6.81,,-27.45,0.713,IT,-0.22,38.08810949529512,,21.61741835147745,48.87576219512195,47.66894781864842,39.75,2026-08-17
SEDEMAC,3240.2,19.25,16.63,63.48,,0.882,AUTO,16.99,93.62703165098375,98.13250333481547,,59.14634146341463,91.40290846877673,83.97,2026-08-17
SEIL,211.03,3.15,1.33,2.91,,0.85,HEALTHCARE,2.37,67.36526946107784,49.68875055580258,,57.202743902439025,63.00256629597947,58.31,2026-08-17
SEJALLTD,682.2,,,,,0.896,OTHER,,,,,59.8704268292683,,50.49,2026-08-17
SEKURITIND,117.61,,,,,1.0,OTHER,,,,,67.64481707317073,,50.88,2026-08-17
SELECTIPO,48.42,3.99,10.22,13.85,-1.71,0.695,OTHER,2.16,70.23096663815227,75.67807914628723,53.55106272680145,47.40853658536585,61.93327630453379,65.87,2026-08-17
SELMC,27.21,-6.14,-8.84,-9.39,-9.42,0.355,CAPITAL_GOODS,-3.7,22.28400342172797,18.141396176078256,44.53084499740798,19.054878048780488,27.587681779298546,26.33,2026-08-17
SEMAC,310.95,,,-20.4,,1.0,OTHER,,,3.868385949310805,,67.64481707317073,,39.35,2026-08-17
SENCO,341.55,-6.55,-2.84,2.05,-8.68,0.41,FMCG,-6.54,20.508982035928145,47.79902178746109,45.36029030585796,23.78048780487805,17.899914456800683,32.07,2026-08-17
SENORES,1545.7,6.39,22.95,47.16,118.55,1.258,PHARMA,8.41,77.28828058169375,95.68697198755002,98.60031104199068,78.67759146341463,81.99315654405474,86.93,2026-08-17
SENSEXADD,80.32,1.01,2.01,4.14,-2.88,0.81,OTHER,-0.82,55.92386655260907,54.17963539350823,52.514256091238984,54.9733231707317,43.30624465355004,52.87,2026-08-17
SENSEXAXIS,81.1,1.48,,,,0.915,OTHER,-0.35,58.93926432848588,,,60.80411585365854,46.68520102651839,53.17,2026-08-17
SENSEXBETA,857.51,0.37,1.63,3.47,,0.672,OTHER,-1.46,51.86056458511549,51.422854602045355,,46.09375,39.3071000855432,49.21,2026-08-17
SENSEXETF,80.32,1.06,1.68,4.01,-2.83,0.506,OTHER,-0.77,56.26603934987169,53.53490440195643,52.61793675479524,32.45045731707317,43.49871685201027,51.75,2026-08-17
SENSEXIETF,896.91,1.34,2.01,4.15,-2.77,0.699,OTHER,-0.49,57.698887938408895,54.2463317029791,52.74753758424053,47.7515243902439,44.99572284003422,53.44,2026-08-17
SEPC,5.85,-4.72,-17.72,-23.03,-49.35,0.833,INFRASTRUCTURE,-0.32,28.507271171941827,2.9791018230324586,5.028512182477968,56.269054878048784,46.877673224978615,21.57,2026-08-17
SERVOTECH,82.55,-14.84,-20.83,-11.43,-33.74,0.293,CAPITAL_GOODS,-12.4,3.849443969204448,13.33926189417519,14.826334888543286,13.414634146341465,5.0470487596236095,9.08,2026-08-17
SESHAPAPER,227.28,5.06,2.82,-1.93,-16.7,0.127,CHEMICALS,4.1,74.01625320786998,36.48288128056914,34.78486262312079,3.1059451219512195,69.88879384088965,52.62,2026-08-17
SETF10GILT,266.01,0.28,1.67,3.34,4.55,1.188,OTHER,-1.55,51.2617621899059,50.84481991996442,63.400725764644896,76.9435975609756,38.87938408896493,53.01,2026-08-17
SETFGOLD,130.47,8.54,1.93,-2.12,51.08,1.196,OTHER,6.71,82.65611633875108,35.97154290795909,91.44634525660965,77.01981707317073,78.55004277159966,71.85,2026-08-17
SETFNIF50,262.72,1.55,2.33,3.78,-0.48,1.122,OTHER,-0.28,59.34559452523524,52.51222765673633,55.59875583203733,74.94283536585365,47.13430282292558,55.84,2026-08-17
SETFNIFBK,593.59,0.21,1.29,7.91,6.22,0.599,OTHER,-1.62,50.59880239520959,64.62872387727879,66.82218766200103,39.99618902439025,38.30196749358426,54.98,2026-08-17
SETFNN50,801.0,3.98,4.23,8.25,12.67,2.068,OTHER,2.15,70.16680923866552,65.4290795909293,73.45775012960083,90.625,61.80496150556031,69.41,2026-08-17
SETL,308.7,7.09,79.49,126.44,,2.944,CAPITAL_GOODS,9.53,78.7852865697177,99.86660738105824,,94.74085365853658,84.26005132591959,79.92,2026-08-17
SFL,675.1,-11.35,-4.03,11.6,-6.33,0.48,REALTY,-9.61,8.212147134302823,71.83192530013339,47.95230689476412,30.373475609756095,9.751924721984603,33.4,2026-08-17
SGFIN,660.25,2.23,12.36,14.09,74.02,0.275,FINANCIAL_SERVICES,3.57,63.622754491017965,76.03379279679856,95.1270088128564,12.214176829268293,68.11377245508982,71.13,2026-08-17
SGIL,549.65,-8.04,-3.97,-2.18,1.64,2.02,CAPITAL_GOODS,-5.6,16.189050470487594,35.660293463761676,59.25349922239502,89.71036585365853,20.958083832335326,34.06,2026-08-17
SGL,9.91,-4.62,-8.92,-11.04,,0.253,TEXTILES,-2.66,28.91360136869119,13.917296576256113,,10.746951219512194,32.78443113772455,29.05,2026-08-17
SGLRES,2.59,,,,,1.0,OTHER,,,,,67.64481707317073,,50.88,2026-08-17
SGMART,752.3,18.31,28.06,25.54,,0.458,METAL,18.51,92.98545765611634,87.28323699421965,,28.39176829268293,92.68605645851154,79.69,2026-08-17
SGRL,537.0,,,,,1.0,OTHER,,,,,67.64481707317073,,50.88,2026-08-17
SHADOWFAX,258.6,26.78,20.01,37.14,,0.414,LOGISTICS,27.58,96.66381522668948,92.84126278345931,,24.19969512195122,96.66381522668948,82.75,2026-08-17
SHAH,4.03,-12.2,-13.52,-26.99,,0.196,METAL,-12.0,6.800684345594525,2.0898176967541127,,7.03125,5.816937553464499,14.13,2026-08-17
SHAHALLOYS,74.89,4.96,11.11,10.95,33.47,3.309,METAL,5.16,73.82378100940976,70.74255224544241,85.27734577501296,95.75076219512195,72.45508982035929,76.24,2026-08-17
SHAILY,3396.3,25.2,16.28,22.69,58.25,0.303,CAPITAL_GOODS,27.64,95.97946963216424,85.23788350377946,92.58683255572836,14.310213414634147,96.74935842600513,88.65,2026-08-17
SHAKTIPUMP,503.2,-8.55,-8.24,-1.06,-38.09,0.912,CAPITAL_GOODS,-6.11,14.820359281437126,39.15073365940418,11.145671332296526,60.61356707317073,19.28999144568007,23.13,2026-08-17
SHALBY,153.16,-8.01,-10.12,-3.14,-20.15,0.611,HEALTHCARE,-8.8,16.33875106928999,32.45887060915963,30.015552099533437,41.27286585365854,11.313088109495295,23.6,2026-08-17
SHANKARA,141.1,1.64,,,-85.43,0.391,OTHER,-0.19,59.858853721129165,,1.244167962674961,22.351371951219512,47.946963216424294,42.01,2026-08-17
SHANTI,6.33,-8.53,1.44,-5.1,,1.294,FMCG,-8.52,14.948674080410607,26.522899066251664,,79.76371951219512,12.147134302822927,27.67,2026-08-17
SHANTIGEAR,393.35,-9.35,-12.96,-11.01,-28.84,0.531,CAPITAL_GOODS,-6.91,12.617621899059026,14.006224988883947,19.9585277345775,34.66082317073171,16.852010265183917,16.17,2026-08-17
SHANTIGOLD,266.84,25.18,17.35,27.55,16.7,3.252,CAPITAL_GOODS,27.62,95.89392643284859,88.4393063583815,76.87921202695698,95.65548780487805,96.7065868263473,90.34,2026-08-17
SHARDACROP,787.1,-13.19,-13.97,-18.77,-18.63,0.422,CHEMICALS,-14.14,5.453378956372968,4.846598488216985,31.829963711767757,25.05716463414634,3.293413173652695,11.23,2026-08-17
SHARDAMOTR,909.5,4.71,11.99,4.13,-11.82,0.346,AUTO,2.45,73.16082121471344,54.06847487772344,40.7983411093831,17.892530487804876,63.49443969204448,57.7,2026-08-17
SHAREINDIA,174.96,2.15,27.3,26.33,16.21,0.344,FINANCIAL_SERVICES,3.49,63.045337895637296,87.95020008892841,76.41264904095387,17.682926829268293,67.70744225834046,70.38,2026-08-17
SHARIABEES,466.26,2.54,1.96,0.84,-7.44,1.094,OTHER,0.71,65.01283147989734,44.019564250778124,46.70813893208916,73.99009146341463,54.98289136013687,55.05,2026-08-17
SHBAJRG,181.14,0.49,-7.14,5.32,,0.441,METAL,0.69,53.207869974337044,57.89239662072032,,26.943597560975608,54.83319076133447,52.67,2026-08-17
SHERVANI,348.1,,,,,1.0,OTHER,,,,,67.64481707317073,,50.88,2026-08-17
SHILCTECH,3871.0,-13.51,-7.19,-3.45,,0.683,CAPITAL_GOODS,-11.07,5.175363558597092,31.502890173410403,,46.551067073170735,7.142857142857142,23.09,2026-08-17
SHILGRAVQ,158.0,,,,,1.0,OTHER,,,,,67.64481707317073,,50.88,2026-08-17
SHILPAMED,809.3,26.88,46.49,69.17,,0.26,PHARMA,28.9,96.7065868263473,98.53268119164072,,11.204268292682928,97.17707442258342,83.62,2026-08-17
SHINDL,161.84,0.65,1.26,4.66,,0.451,CAPITAL_GOODS,3.09,53.76390076988879,55.89150733659404,,27.66768292682927,66.2104362703165,54.11,2026-08-17
SHIVAAGRO,38.3,,,,,1.0,OTHER,,,,,67.64481707317073,,50.88,2026-08-17
SHIVACEM,17.21,,,,,1.0,OTHER,,,,,67.64481707317073,,50.88,2026-08-17
SHIVAMILLS,60.28,,,-6.92,-13.09,0.695,OTHER,,,22.943530457981325,38.93208916537066,47.40853658536585,,40.89,2026-08-17
SHIVATEX,161.88,9.87,7.93,-12.1,-10.85,0.304,TEXTILES,11.84,85.32934131736528,12.138728323699421,42.76827371695179,14.557926829268292,86.89050470487597,55.22,2026-08-17
SHIVAUM,445.1,8.83,21.91,,,0.063,METAL,9.03,83.46877673224978,,,0.8955792682926829,83.55431993156543,64.29,2026-08-17
SHK,164.25,27.16,14.18,21.63,-31.75,0.278,CHEMICALS,26.2,96.79213002566296,84.30413517118718,16.459305339554174,12.404725609756099,96.23609923011121,73.3,2026-08-17
SHOPERSTOP,432.05,7.65,16.69,31.26,-19.84,0.499,RETAIL,8.68,79.8545765611634,90.2178746109382,30.533955417314672,31.59298780487805,82.91274593669803,70.63,2026-08-17
SHRADDHA,150.71,,,,,1.0,OTHER,,,,,67.64481707317073,,50.88,2026-08-17
SHRADHA,34.14,-2.96,-2.79,-1.81,-43.05,0.176,REALTY,-1.22,35.714285714285715,36.8830591373944,7.82789009849663,5.544969512195122,41.5098374679213,29.79,2026-08-17
SHREDIGCEM,70.47,-3.95,-3.97,-4.3,-27.34,0.635,CEMENT,0.18,31.886227544910177,28.768341485104493,21.77293934681182,42.91158536585366,51.710863986313086,32.61,2026-08-17
SHREECEM,24535.0,-9.13,-1.35,-1.74,-18.52,0.93,CEMENT,-5.0,13.17365269461078,37.17207647843486,31.933644375324,61.547256097560975,23.22497861420017,26.85,2026-08-17
SHREEJISPG,601.8,1.03,28.51,39.5,135.91,3.172,LOGISTICS,1.83,56.030795551753634,93.46376167185416,98.96319336443753,95.38871951219512,60.32934131736527,76.59,2026-08-17
SHREEPUSHK,376.35,-5.02,-1.04,-3.67,17.65,0.819,CHEMICALS,-5.98,27.074422583404615,30.991551800800355,77.86417833074132,55.77362804878049,19.84602224123182,38.56,2026-08-17
SHREERAMA,46.28,9.23,7.25,10.35,-11.34,2.649,CHEMICALS,8.28,84.1103507271172,69.85326811916407,41.731467081389326,93.5594512195122,81.73652694610777,72.19,2026-08-17
SHREYANIND,130.22,-5.82,-6.51,-20.07,,1.021,CHEMICALS,-6.78,23.52437981180496,4.090706980880391,,71.4748475609756,17.04448246364414,25.39,2026-08-17
SHRIKRISH,40.3,-2.3,-8.33,-3.73,,2.487,REALTY,-0.56,38.23781009409752,30.813694975544685,,92.83536585365853,44.525235243798114,42.41,2026-08-17
SHRINGARMS,227.24,0.54,5.51,10.0,,0.685,FMCG,0.55,53.443113772455085,68.96398399288573,,46.72256097560975,54.10607356715141,56.4,2026-08-17
SHRIPISTON,4436.6,5.73,20.04,31.04,72.77,0.777,AUTO,3.47,75.72711719418305,90.08448199199644,94.97148781752203,52.93445121951219,67.60051325919589,80.81,2026-08-17
SHRIRAMFIN,1122.0,9.53,11.56,19.63,88.67,0.384,FINANCIAL_SERVICES,10.87,84.73053892215569,81.9919964428635,96.42301710730948,21.49390243902439,85.97091531223268,83.41,2026-08-17
SHRIRAMPPS,76.27,-12.41,-13.18,-8.23,-11.66,1.651,REALTY,-10.67,6.437125748502994,20.542463317029792,40.97978227060653,85.4420731707317,7.827202737382379,21.03,2026-08-17
SHRJAGP,728.5,,,,,1.0,OTHER,,,,,67.64481707317073,,50.88,2026-08-17
SHUKRAPHAR,41.44,,,,,1.01,OTHER,,,,,71.01753048780488,,51.05,2026-08-17
SHYAMMETL,986.9,-5.15,2.26,12.5,4.83,0.787,METAL,-4.95,26.603934987168522,73.45486883059137,64.23017107309487,53.44893292682927,23.481608212147133,46.72,2026-08-17
SHYAMTEL,15.14,,,,,1.0,OTHER,,,,,67.64481707317073,,50.88,2026-08-17
SICAGEN,56.46,7.16,4.92,5.53,,0.634,CHEMICALS,6.2,78.97775876817794,58.55935971542908,,42.8734756097561,76.06928999144567,65.84,2026-08-17
SIEL,35.07,,,,,1.0,OTHER,,,,,67.64481707317073,,50.88,2026-08-17
SIEMENS,3943.0,7.8,8.42,9.9,29.36,0.514,CAPITAL_GOODS,10.24,80.15397775876818,68.60827034237438,83.74805598755832,33.23170731707317,85.20102651839179,76.4,2026-08-17
SIGACHI,26.35,,,,-15.05,1.0,OTHER,,,,36.780715396578536,67.64481707317073,,48.24,2026-08-17
SIGIND,71.15,54.24,44.76,44.64,,0.629,MEDIA,56.71,99.87168520102652,94.99777678968431,,42.49237804878049,99.87168520102652,85.81,2026-08-17
SIGMA,45.15,22.72,15.47,8.48,,0.093,IT,24.84,95.08126603934987,66.02934637616718,,1.5815548780487805,95.80838323353294,74.24,2026-08-17
SIGMAADV,627.1,10.25,,,,1.0,OTHER,8.42,85.8426005132592,,,67.64481707317073,82.03592814371258,68.23,2026-08-17
SIGNATURE,805.05,1.5,1.0,-5.43,-27.91,0.658,REALTY,3.24,59.13173652694611,25.83370386838595,20.89165370658372,44.89329268292683,66.8092386655261,43.6,2026-08-17
SIGNPOST,267.55,-17.79,4.04,-5.12,-7.8,0.199,MEDIA,-15.32,2.0530367835757057,26.45620275678079,46.034214618973564,7.336128048780488,2.6518391787852864,17.3,2026-08-17
SIKA,1052.9,-9.91,16.4,14.96,,2.899,DEFENCE,-12.94,11.09923011120616,76.9897732325478,,94.47408536585365,4.491017964071856,38.53,2026-08-17
SIL,20.29,26.89,32.44,32.1,7.01,1.581,CHEMICALS,25.94,96.74935842600513,90.84037349933304,68.01451529289787,84.6798780487805,96.15055603079556,88.83,2026-08-17
SILGO,68.79,-7.58,-8.79,-6.79,0.84,1.173,FMCG,-7.57,17.792985457656115,23.254779902178747,58.009331259720064,76.5625,14.37125748502994,29.63,2026-08-17
SILINV,449.65,4.52,5.7,-0.11,-20.93,2.147,FINANCIAL_SERVICES,5.86,72.36954662104363,41.396176078257,29.082426127527217,90.89176829268293,74.46535500427716,57.21,2026-08-17
SILLYMONKS,15.59,1.43,-9.68,-4.88,-3.71,0.733,MEDIA,3.9,58.55431993156544,27.2565584704313,51.218247796785896,50.30487804878049,69.28999144568007,50.46,2026-08-17
SILVER,233.39,8.01,-5.33,-10.56,100.37,0.637,OTHER,6.18,80.75278015397775,14.917741218319252,97.25246241575947,43.10213414634146,75.96236099230111,64.99,2026-08-17
SILVER1,22.69,8.1,-5.22,-10.53,-80.02,0.487,OTHER,6.27,81.05218135158255,14.984437527790128,1.6848107827890098,30.773628048780488,76.47562018819504,45.46,2026-08-17
SILVER360,229.72,7.82,-5.27,-11.92,101.42,0.804,OTHER,5.99,80.196749358426,12.405513561582925,97.51166407465007,54.6875,75.10692899914457,64.67,2026-08-17
SILVERADD,225.65,8.42,-5.29,-10.16,100.92,0.478,OTHER,6.59,82.01454234388366,15.984882169853268,97.45982374287195,30.297256097560975,77.75876817792987,65.37,2026-08-17
SILVERAG,227.28,7.99,-5.39,-10.96,,1.56,OTHER,6.16,80.71000855431993,14.095153401511784,,84.26067073170732,75.89820359281437,57.37,2026-08-17
SILVERAXIS,232.33,7.97,,,,0.3,OTHER,6.14,80.60307955517536,,,13.891006097560975,75.72711719418305,62.76,2026-08-17
SILVERBEES,223.61,8.11,-5.3,-10.5,99.81,0.758,OTHER,6.28,81.09495295124037,15.028901734104046,97.04510108864697,51.86737804878049,76.53977758768178,65.62,2026-08-17
SILVERBETA,225.93,8.12,-5.29,-10.34,,0.787,OTHER,6.29,81.15911035072712,15.518008003557139,,53.44893292682927,76.62532078699743,56.45,2026-08-17
SILVERBND,234.8,7.98,-5.09,-10.1,,0.647,OTHER,6.15,80.6672369546621,16.407292129835483,,43.90243902439025,75.83404619332764,55.91,2026-08-17
SILVERCASE,23.71,8.17,-5.39,-10.9,99.92,0.872,OTHER,6.34,81.35158254918734,14.228546020453534,97.09694142042508,58.63185975609756,76.86056458511548,65.91,2026-08-17
SILVERIETF,233.36,8.08,-5.39,-10.38,100.6,0.639,OTHER,6.25,81.00940975192472,15.31791907514451,97.40798341109384,43.27362804878049,76.34730538922156,65.28,2026-08-17
SILVERTUC,197.27,0.67,-0.41,33.2,-72.05,1.181,IT,2.79,53.849443969204444,91.10715873721654,2.3846552617936756,76.69588414634147,65.05560307955518,55.69,2026-08-17
SIMPLEXINF,251.31,-2.56,-9.57,22.1,-14.71,0.745,INFRASTRUCTURE,1.84,37.25406330196749,84.79324144064029,37.11767755313634,51.08612804878049,60.393498716852015,53.27,2026-08-17
SIMPLXREA,130.11,,,,,1.0,OTHER,,,,,67.64481707317073,,50.88,2026-08-17
SINCLAIR,74.64,-0.88,-2.07,-3.9,-25.06,0.355,HOSPITALITY,1.34,44.82463644140291,30.2134281903068,24.313115603939867,19.054878048780488,58.23353293413174,37.79,2026-08-17
SINDHUTRAD,23.79,-3.88,-8.39,3.12,-1.29,1.116,LOGISTICS,-3.08,32.2284003421728,50.155624722098715,53.939865215137374,74.73323170731707,30.731394354148843,42.95,2026-08-17
SINGERIND,80.97,21.49,12.22,20.47,,0.551,FMCG,21.5,94.76047904191617,82.92574477545575,,36.07088414634146,94.39692044482464,79.86,2026-08-17
SINTERCOM,82.64,3.08,5.45,2.91,-32.88,0.104,AUTO,0.82,67.02309666381522,49.68875055580258,15.707620528771384,2.019817073170732,55.62446535500428,47.47,2026-08-17
SIRCA,439.45,11.72,5.65,0.72,-3.8,1.27,CHEMICALS,10.76,87.85286569717708,43.90840373499333,51.06272680145153,79.02057926829268,85.8426005132592,68.77,2026-08-17
SIS,416.45,-5.41,-1.64,6.71,13.49,1.286,OTHER,-7.24,25.320786997433704,61.671854157403295,74.39087610160705,79.4969512195122,15.397775876817793,45.44,2026-08-17
SIYSIL,632.6,0.34,0.86,10.41,1.84,2.48,TEXTILES,2.3,51.60393498716852,69.94219653179191,59.69414204250907,92.7782012195122,62.51069289991445,61.5,2026-08-17
SJS,2534.5,18.5,14.19,33.21,86.2,1.467,AUTO,16.24,93.19931565440548,91.15162294353046,96.215655780197,82.79344512195121,91.06073567151411,92.45,2026-08-17
SJVN,66.56,-4.98,-9.65,-14.03,-32.92,0.883,POWER,0.25,27.2027373823781,9.115162294353047,15.65578019699326,59.26067073170732,52.224123182207016,25.73,2026-08-17
SKFINDIA,1652.8,10.4,0.85,-2.26,-63.69,2.917,CAPITAL_GOODS,12.84,86.09923011120615,35.30457981325033,3.0585795749092792,94.58841463414635,88.06672369546621,57.51,2026-08-17
SKFINDUS,2724.6,1.03,9.22,31.99,,5.257,CAPITAL_GOODS,3.47,56.030795551753634,90.66251667407737,,97.71341463414635,67.60051325919589,67.3,2026-08-17
SKIPPER,530.7,-4.9,-4.24,15.32,1.22,0.633,CAPITAL_GOODS,-2.46,27.673224978614204,77.23432636727435,58.5277345775013,42.7782012195122,33.40461933276305,47.85,2026-08-17
SKMEGGPROD,259.42,-21.67,6.4,43.7,,0.254,FMCG,-21.66,1.2831479897348161,94.70875944864385,,10.804115853658537,1.0265183917878529,34.82,2026-08-17
SKYGOLD,776.4,24.73,46.49,74.0,154.72,0.459,FMCG,24.74,95.7656116338751,99.02178746109382,99.42975635044064,28.56326219512195,95.74422583404619,93.95,2026-08-17
SMALL250,18.41,1.6,5.87,9.98,,0.892,OTHER,-0.23,59.623609923011124,68.83059137394397,,59.67987804878049,47.49786142001711,58.18,2026-08-17
SMALLADD,18.44,1.65,5.43,10.29,,0.19,OTHER,-0.18,60.00855431993156,69.65317919075144,,6.573932926829268,48.13943541488452,55.97,2026-08-17
SMALLCAP,48.5,2.15,6.22,8.65,8.67,1.073,OTHER,0.32,63.045337895637296,66.47398843930635,69.72524624157595,73.30411585365853,52.908468776732256,64.23,2026-08-17
SMALLGROWW,48.64,3.09,,,,2.363,OTHER,1.26,67.1300256629598,,,92.07317073170732,57.720273738237815,59.26,2026-08-17
SMALLIETF,18.38,1.38,,,,0.96,OTHER,-0.45,58.08383233532935,,,63.07164634146341,45.42343883661249,52.8,2026-08-17
SMARTWORKS,494.95,6.7,2.78,13.16,0.79,0.871,REALTY,8.44,78.12232677502139,74.43308136949756,57.90565059616382,58.4984756097561,82.18562874251496,72.78,2026-08-17
SMCGLOBAL,80.41,-1.31,10.54,23.59,-39.54,0.706,FINANCIAL_SERVICES,0.03,43.2420872540633,85.81591818586038,9.953343701399689,48.208841463414636,50.556030795551756,48.57,2026-08-17
SML100CASE,11.28,2.83,7.74,11.46,,1.812,OTHER,1.0,66.08212147134303,71.49844375277901,,87.6905487804878,56.4585115483319,63.86,2026-08-17
SMLMAH,5321.0,29.94,35.09,46.41,,1.291,AUTO,27.68,97.39093242087255,95.42018674966651,,79.66844512195121,96.8349016253208,86.45,2026-08-17
SMLT,70.29,5.52,-0.16,-0.68,-33.64,1.225,METAL,5.72,75.42771599657827,39.97332147621165,14.981855883877657,77.8201219512195,74.2087254063302,54.41,2026-08-17
SMSPHARMA,358.1,-7.49,-4.86,-10.56,54.75,0.739,PHARMA,-5.47,18.263473053892216,14.917741218319252,92.06842923794713,50.724085365853654,21.535500427716,34.3,2026-08-17
SNOWMAN,38.63,3.04,-1.25,0.97,-26.19,0.633,LOGISTICS,3.84,66.89478186484175,44.397510004446424,23.35406946604458,42.7782012195122,68.99059024807528,51.67,2026-08-17
SNXT30BEES,43.73,4.47,3.85,2.72,13.29,0.183,OTHER,2.64,72.19846022241232,49.310804802134285,74.18351477449455,6.002286585365853,64.58511548331907,62.42,2026-08-17
SNXT50BETA,96.62,3.75,4.25,8.2,,1.29,OTHER,1.92,69.24721984602225,65.36238328145842,,79.61128048780488,60.67151411462789,63.66,2026-08-17
SOBHA,1321.0,-11.52,-5.44,-5.46,-11.17,0.591,REALTY,-9.78,7.912745936698032,25.744775455758113,42.19803006739243,39.27210365853659,9.366980325064157,21.01,2026-08-17
SOFTTECH,427.05,,,,11.59,0.887,OTHER,,,,72.26542249870398,59.41310975609756,,54.92,2026-08-17
SOLARA,509.1,-11.93,-13.59,-12.21,-16.27,0.308,PHARMA,-9.91,7.48502994011976,11.983103601600712,35.14774494556765,14.86280487804878,9.046193327630453,14.75,2026-08-17
SOLARINDS,20000.0,8.7,18.35,15.51,40.52,1.156,CHEMICALS,7.74,83.14798973481608,77.36771898621609,87.61016070502852,76.00990853658537,80.62446535500428,81.86,2026-08-17
SOLARWORLD,153.71,-27.67,-17.29,-25.11,,3.136,INFRASTRUCTURE,-23.27,0.7271171941830624,2.312138728323699,,95.27439024390245,0.8126603934987169,15.72,2026-08-17
SOLEX,789.0,-20.7,-29.77,-40.07,,4.314,CAPITAL_GOODS,-18.26,1.5397775876817792,1.1560693641618496,,96.98932926829268,1.8391787852865698,15.95,2026-08-17
SOMANYCERA,518.9,-0.74,-1.4,16.44,9.92,0.96,CAPITAL_GOODS,1.7,45.4448246364414,78.16807469986661,70.94349403836185,63.07164634146341,59.88023952095808,61.77,2026-08-17
SOMATEX,91.0,-15.09,-6.84,-13.56,,2.158,TEXTILES,-13.12,3.3361847733105217,9.782125389061806,,90.96798780487805,4.191616766467066,18.79,2026-08-17
SOMICONVEY,83.09,-15.86,-17.06,-25.05,-42.55,0.964,CAPITAL_GOODS,-13.42,3.015397775876818,2.3566029346376167,8.294453084499741,63.262195121951216,3.9349871685201028,7.06,2026-08-17
SONACOMS,805.1,17.81,34.49,40.37,77.45,0.749,AUTO,15.55,92.7715996578272,93.77501111605157,95.28252980819077,51.33384146341463,90.67579127459366,91.14,2026-08-17
SONAL,89.62,0.7,,,,0.144,FINANCIAL_SERVICES,2.04,54.127459366980325,,,3.8109756097560976,61.227544910179645,50.82,2026-08-17
SONAMLTD,57.39,-1.12,3.48,12.93,15.52,1.816,CAPITAL_GOODS,1.32,43.99059024807528,74.16629613161405,75.94608605495075,87.82393292682927,57.97690333618477,62.22,2026-08-17
SONATSOFTW,320.4,3.94,2.94,20.56,-12.04,0.2,IT,6.06,69.803250641574,83.10360160071143,40.48729911871436,7.393292682926829,75.40633019674937,64.99,2026-08-17
SOTL,692.65,19.37,14.35,69.27,72.17,0.184,ENERGY,17.93,93.75534644995723,98.62160960426857,94.86780715396579,6.097560975609756,92.17279726261762,90.57,2026-08-17
SOUTHBANK,45.22,-0.37,-4.19,16.46,53.65,0.504,BANKING,-0.04,47.02737382378101,78.25700311249444,91.91290824261276,32.10746951219512,49.33704020530368,63.41,2026-08-17
SOUTHWEST,226.28,1.37,-10.28,-5.1,,0.461,ENERGY,-0.07,57.99828913601369,26.522899066251664,,28.92530487804878,49.08041060735672,45.74,2026-08-17
SPAL,932.45,-10.44,9.93,19.29,30.91,0.652,TEXTILES,-8.48,9.837467921300256,81.56958648288128,84.5775012960083,44.302591463414636,12.318220701454234,44.81,2026-08-17
SPANDANA,247.5,-17.88,1.77,-5.32,0.16,0.325,FINANCIAL_SERVICES,-16.54,2.0102651839178787,26.011560693641616,57.07620528771385,16.234756097560975,2.2241231822070144,19.77,2026-08-17
SPARC,197.36,-21.2,-17.22,20.6,38.41,0.443,CHEMICALS,-22.16,1.3686911890504705,83.14806580702535,87.19543805080352,27.07698170731707,0.9409751924721984,40.2,2026-08-17
SPCENET,3.59,-3.23,6.85,-4.77,,2.436,TELECOM,0.56,34.55945252352438,27.545575811471767,,92.53048780487805,54.191616766467064,41.74,2026-08-17
SPELS,150.68,,,,,1.0,OTHER,,,,,67.64481707317073,,50.88,2026-08-17
SPENCERS,31.27,-10.99,-16.37,-11.72,-45.98,0.704,RETAIL,-9.96,8.72540633019675,12.67229879946643,6.4282011404873,48.056402439024396,8.982035928143713,11.26,2026-08-17
SPIC,67.09,0.54,-6.49,0.57,-38.06,2.035,CHEMICALS,-0.42,53.443113772455085,43.57492218763895,11.223431829963712,90.09146341463415,45.65868263473054,43.2,2026-08-17
SPLIL,31.07,-8.43,0.36,7.36,-23.94,0.245,TEXTILES,-6.46,15.183917878528657,63.028012449977766,25.45360290305858,10.232469512195122,18.135158254918736,29.39,2026-08-17
SPLPETRO,723.45,2.88,2.84,4.03,-5.81,0.247,CHEMICALS,1.92,66.27459366980325,53.62383281458426,48.26334888543287,10.365853658536585,60.67151411462789,55.87,2026-08-17
SPMLINFRA,197.0,-4.81,3.63,-0.8,-27.88,1.916,INFRASTRUCTURE,-0.41,28.100940975192472,39.63983992885727,21.04717470191809,88.7766768292683,45.808383233532936,35.26,2026-08-17
SPORTKING,206.41,3.98,14.22,39.65,87.51,0.427,TEXTILES,5.94,70.16680923866552,93.552690084482,96.31933644375324,25.552591463414636,74.93584260051325,79.73,2026-08-17
SRD,41.05,4.83,5.28,-2.75,-47.41,1.268,CHEMICALS,3.88,73.67408041060736,33.34815473543797,5.909797822706065,78.96341463414635,69.1830624465355,49.63,2026-08-17
SREEL,260.75,23.61,29.01,37.24,14.07,3.9,FMCG,23.62,95.33789563729684,92.88572698977323,74.85743908761016,96.6844512195122,95.38066723695466,90.7,2026-08-17
SRF,2616.0,-9.46,-4.66,-2.73,-8.18,0.303,CHEMICALS,-10.42,12.189905902480753,33.48154735437973,45.67133229652669,14.310213414634147,8.169375534644995,23.71,2026-08-17
SRGHFL,266.35,-13.28,-5.06,-8.39,-16.26,0.039,FINANCIAL_SERVICES,-11.94,5.303678357570573,20.275678079146285,35.199585277345776,0.41920731707317077,5.966638152266895,14.88,2026-08-17
SRHHYPOLTD,496.05,0.87,-0.32,-1.79,-15.71,1.223,CHEMICALS,-0.09,55.13259195893926,37.01645175633615,36.02903058579575,77.7248475609756,48.99486740804106,46.99,2026-08-17
SRM,471.5,-4.94,-6.25,-1.85,-0.79,1.14,INFRASTRUCTURE,-0.54,27.395209580838326,36.68297020898177,54.63970969414205,75.5907012195122,44.6535500427716,40.16,2026-08-17
SRTL,39.12,-5.32,-6.41,-14.99,,0.954,TEXTILES,-3.36,25.641573994867407,8.04802134281903,,62.74771341463414,29.448246364414025,28.54,2026-08-17
SSDL,61.38,13.77,6.14,1.32,-33.28,0.733,TEXTILES,15.74,89.22155688622755,46.131614050689194,15.396578538102643,50.30487804878049,90.80410607356714,61.98,2026-08-17
SSWL,309.5,16.6,32.25,49.92,44.48,0.42,AUTO,14.34,91.87339606501284,96.08714984437528,89.06168999481596,24.695121951219512,89.69204448246364,88.68,2026-08-17
STANLEY,136.65,-13.75,-6.14,-12.54,-54.56,1.992,REALTY,-12.01,5.025662959794696,11.582925744775457,3.8880248833592534,89.32926829268293,5.774165953806673,10.76,2026-08-17
STAR,987.1,-5.92,-10.48,-14.44,14.75,0.594,PHARMA,-3.9,23.267750213857997,8.58159181858604,75.3758424053914,39.59603658536585,26.53977758768178,31.33,2026-08-17
STARCEMENT,199.06,-3.87,-6.88,-7.47,-29.61,1.451,CEMENT,0.26,32.292557741659536,21.965317919075144,19.18092275790565,82.39329268292683,52.373823781009406,32.61,2026-08-17
STARHEALTH,584.25,-3.09,11.98,16.45,34.29,1.197,FINANCIAL_SERVICES,-1.75,35.15825491873396,78.21253890618053,85.87350959046138,77.09603658536585,37.51069289991445,58.51,2026-08-17
STARPAPER,145.47,3.11,5.92,4.23,-17.51,0.176,CHEMICALS,2.15,67.23695466210437,54.5131169408626,33.43701399688958,5.544969512195122,61.80496150556031,53.4,2026-08-17
STARTECK,259.95,-3.81,-2.9,3.5,-18.01,0.97,FINANCIAL_SERVICES,-2.47,32.57057313943542,51.534015117830144,32.76308968377398,63.452743902439025,33.23353293413174,38.99,2026-08-17
STCINDIA,116.81,-3.37,-8.56,1.36,,0.378,DIVERSIFIED,-3.12,33.93926432848588,46.24277456647399,,21.09375,30.517536355859708,39.07,2026-08-17
STEELCAS,352.1,16.13,21.92,24.37,-67.53,0.643,CAPITAL_GOODS,18.57,91.33875106929,86.26056024899955,2.747537584240539,43.59756097560975,92.72882805816937,70.17,2026-08-17
STEELCITY,81.77,5.06,4.18,2.48,-21.71,0.258,FINANCIAL_SERVICES,6.4,74.01625320786998,48.75500222321031,27.941938828408503,11.070884146341463,76.96749358426005,55.78,2026-08-17
STEELXIND,10.92,-9.45,-11.86,5.3,20.66,0.705,METAL,-9.25,12.254063301967493,57.78123610493553,79.62674961119751,48.113567073170735,10.607356715141146,38.66,2026-08-17
STEL,591.4,6.04,-4.83,29.65,31.5,1.735,FINANCIAL_SERVICES,7.38,76.21899059024807,89.50644730991552,84.9144634525661,86.58536585365853,80.0256629597947,82.37,2026-08-17
STLNETWORK,25.37,,,-4.62,,0.346,OTHER,,,27.96798577145398,,17.892530487804876,,42.89,2026-08-17
STOVEKRAFT,748.5,-3.74,13.19,35.54,13.54,0.291,FMCG,-3.73,32.82720273738238,91.929746554024,74.44271643338517,13.24314024390244,27.416595380667236,54.14,2026-08-17
STUDDS,448.05,-1.8,-10.47,2.28,,3.629,AUTO,-4.06,40.67579127459367,48.154735437972434,,96.34146341463415,25.91958939264328,44.98,2026-08-17
STYL,398.3,-0.45,38.04,55.84,,0.368,FINANCIAL_SERVICES,0.89,46.471343028229256,97.33214762116496,,20.3125,55.90248075278016,60.0,2026-08-17
STYLAMIND,3582.4,10.24,10.1,34.99,114.4,0.365,REALTY,11.98,85.73567151411463,91.7741218319253,98.34110938310006,20.083841463414632,87.04020530367835,86.68,2026-08-17
STYLEBAAZA,383.5,,,-1.57,19.73,0.321,OTHER,,,37.750111160515786,79.05650596163815,15.910823170731708,,51.04,2026-08-17
STYRENIX,2181.6,-1.97,-1.64,-6.96,-18.85,0.357,CHEMICALS,-2.92,39.75620188195039,22.810137839039573,31.77812337998963,19.264481707317074,31.372968349016254,31.64,2026-08-17
SUBEXLTD,14.11,,,,,1.0,OTHER,,,,,67.64481707317073,,50.88,2026-08-17
SUBROS,762.2,-5.47,2.4,1.88,-11.37,0.516,CAPITAL_GOODS,-3.03,25.192472198460226,47.398843930635834,41.52410575427683,33.479420731707314,30.988023952095805,35.29,2026-08-17
SUDARCOLOR,409.1,10.25,14.82,18.25,,0.199,CHEMICALS,9.3,85.8426005132592,80.56914184081813,,7.336128048780488,84.04619332763046,73.16,2026-08-17
SUDARSCHEM,1092.9,2.28,20.62,25.82,-23.72,1.456,CHEMICALS,1.32,63.964927288280585,87.55002223210315,25.7128045619492,82.6219512195122,57.97690333618477,62.25,2026-08-17
SUDEEPPHRM,1101.55,24.7,33.38,69.74,,0.217,PHARMA,26.72,95.72284003421728,98.7105380168964,,8.231707317073171,96.49272882805818,83.07,2026-08-17
SUKHJITS,157.84,-4.81,-6.12,-15.58,-5.73,0.33,AGRICULTURE,-9.34,28.100940975192472,7.514450867052023,48.31518921721099,16.86356707317073,10.372112917023097,23.78,2026-08-17
SULA,149.13,-0.16,-5.33,-6.93,-40.43,0.509,FMCG,-0.15,48.07527801539778,22.87683414851045,9.486780715396579,32.698170731707314,48.52437981180496,33.36,2026-08-17
SUMEDHA,45.01,,,,,1.0,OTHER,,,,,67.64481707317073,,50.88,2026-08-17
SUMEETINDS,14.08,-57.67,-45.55,-52.37,,1.105,REALTY,-55.93,0.3421727972626176,0.8003557136505114,,74.37118902439023,0.3421727972626176,14.09,2026-08-17
SUMICHEM,559.8,3.56,18.29,22.03,-1.79,0.847,CHEMICALS,2.6,68.62703165098375,84.74877723432637,53.34370139968896,57.012195121951216,64.4781864841745,68.4,2026-08-17
SUMIT,53.51,,,,-43.67,0.821,OTHER,,,,7.516848107827891,55.92606707317073,,41.8,2026-08-17
SUMMITSEC,1445.7,-4.56,-6.34,-5.78,-38.24,0.26,FINANCIAL_SERVICES,-3.22,29.191616766467064,25.166740773677187,11.04199066874028,11.204268292682928,29.94011976047904,23.77,2026-08-17
SUNCLAY,1289.8,-7.16,-3.41,-11.12,-21.9,0.923,AUTO,-9.42,19.24721984602224,13.806136060471323,27.630896837739762,61.204268292682926,10.094097519247219,20.29,2026-08-17
SUNDARAM,1.13,-11.02,-16.3,-18.12,-43.78,1.285,FMCG,-11.01,8.639863130881094,5.469097376611828,7.413167444271643,79.4016768292683,7.271171941830625,10.93,2026-08-17
SUNDARMFIN,4523.9,1.78,1.26,-1.83,-7.28,0.799,FINANCIAL_SERVICES,3.12,60.62874251497006,36.74966651845264,46.91550025920166,54.287347560975604,66.42429426860565,52.47,2026-08-17
SUNDRMFAST,1214.75,25.19,41.88,42.66,25.17,0.686,AUTO,22.93,95.93669803250641,94.48643841707425,81.64852255054433,46.79878048780488,95.1240376390077,90.14,2026-08-17
SUNDROP,651.4,1.39,-1.76,-3.45,-19.7,0.607,FMCG,1.4,58.23353293413174,31.502890173410403,30.793157076205286,40.83460365853659,58.66124893071001,45.26,2026-08-17
SUNFLAG,360.75,2.2,-1.08,-3.4,30.9,0.45,METAL,2.4,63.366124893070996,31.6140506891952,84.49974079834111,27.61051829268293,63.130881094952954,57.83,2026-08-17
SUNLOC,68.3,,,,,1.0,OTHER,,,,,67.64481707317073,,50.88,2026-08-17
SUNPHARMA,1882.0,-3.49,4.51,0.2,17.6,0.801,PHARMA,-1.47,33.42600513259196,42.50778123610493,77.73457750129602,54.43978658536586,39.24294268605646,46.48,2026-08-17
SUNRAKSHAK,378.4,,,,,1.0,OTHER,,,,,67.64481707317073,,50.88,2026-08-17
SUNSHIEL,1228.0,,,,,1.0,OTHER,,,,,67.64481707317073,,50.88,2026-08-17
SUNTECK,299.55,-3.85,-4.28,-5.8,-22.94,0.264,REALTY,-2.11,32.39948674080411,25.077812361049357,26.490409538621044,11.451981707317072,35.393498716852015,28.79,2026-08-17
SUNTV,488.25,-2.47,-6.08,-8.76,-12.05,1.396,MEDIA,0.0,37.59623609923011,19.341929746554023,40.43545878693624,81.4405487804878,50.0,37.65,2026-08-17
SUPERHOUSE,169.12,9.38,12.19,10.79,11.52,0.169,TEXTILES,11.34,84.60222412318221,70.38683859493108,72.16174183514774,5.163871951219512,86.44140290846877,74.86,2026-08-17
SUPRAJIT,520.75,6.8,12.75,24.81,17.05,0.56,AUTO,4.54,78.35757057313944,86.79413072476656,77.29393468118197,36.92835365853659,71.25748502994011,77.12,2026-08-17
SUPREME,40.71,-13.75,-10.35,-20.04,-45.4,0.721,FINANCIAL_SERVICES,-12.41,5.025662959794696,4.135171187194309,6.739243131156039,49.35213414634146,5.004277159965783,7.36,2026-08-17
SUPREMEIND,3590.0,1.91,0.65,2.32,-21.52,1.82,REALTY,3.65,61.50556030795552,48.243663850600264,28.252980819077244,87.95731707317073,68.562874251497,53.92,2026-08-17
SUPREMEINF,90.66,12.43,12.52,11.95,,0.233,INFRASTRUCTURE,16.83,88.366124893071,72.69897732325478,,9.527439024390244,91.3601368691189,73.28,2026-08-17
SUPRIYA,784.0,-7.83,-17.2,13.86,19.14,1.266,PHARMA,-5.81,16.852010265183917,75.72254335260115,78.74546397096941,78.92530487804879,20.29512403763901,47.57,2026-08-17
SUPTANERY,6.83,,,,,1.0,OTHER,,,,,67.64481707317073,,50.88,2026-08-17
SURAJEST,211.37,5.91,7.93,-2.76,-33.37,2.605,REALTY,7.65,76.02651839178786,33.23699421965318,15.085536547433904,93.40701219512195,80.58169375534645,54.69,2026-08-17
SURAJLTD,218.0,-3.73,-4.6,-8.6,-33.9,2.723,METAL,-3.53,32.89136013686912,19.542018674966652,14.670813893208917,93.78810975609755,28.464499572284,28.29,2026-08-17
SURAKSHA,308.45,18.68,14.22,0.88,1.46,1.017,HEALTHCARE,17.9,93.32763045337896,44.15295686971988,58.96837739761535,71.34146341463415,92.06586826347305,72.87,2026-08-17
SURANASOL,25.49,-2.93,-4.71,-3.67,-17.16,0.287,CAPITAL_GOODS,-0.49,35.8426005132592,30.991551800800355,33.851736651114564,12.957317073170731,44.99572284003422,34.46,2026-08-17
SURANAT&P,16.19,-10.85,-15.41,-10.85,-12.72,2.249,POWER,-5.62,8.982035928143713,14.31747443308137,39.60601347848626,91.46341463414635,20.851154833190762,22.35,2026-08-17
SURYALA,371.35,-14.27,-16.35,9.54,,0.17,TEXTILES,-12.3,4.448246364414029,68.16362827923521,,5.221036585365853,5.303678357570573,29.65,2026-08-17
SURYALAXMI,57.66,-0.83,-0.45,-6.3,-11.0,0.343,TEXTILES,1.13,45.05988023952096,24.232992441084928,42.61275272161742,17.58765243902439,57.18562874251497,39.81,2026-08-17
SURYAROSNI,221.27,-10.92,-15.96,-8.89,-21.41,0.753,METAL,-10.72,8.896492728828058,19.20853712761227,28.408501814411615,51.619664634146346,7.720273738237809,17.34,2026-08-17
SURYODAY,154.01,-16.97,-11.25,-7.96,24.62,0.134,BANKING,-16.64,2.352437981180496,21.253890618052466,81.54484188698807,3.429878048780488,2.1385799828913603,22.94,2026-08-17
SUVEN,333.05,-2.37,23.42,57.73,,1.824,HEALTHCARE,-3.16,37.959794696321644,97.51000444642062,,87.9954268292683,30.196749358426008,56.59,2026-08-17
SUVIDHAA,2.49,-1.97,-8.12,,,2.019,FINANCIAL_SERVICES,-0.63,39.75620188195039,,,89.67225609756098,44.16167664670659,47.52,2026-08-17
SUYOG,813.85,-5.13,8.7,2.38,-0.39,0.762,TELECOM,-1.34,26.817792985457658,48.532681191640734,55.78019699326076,52.19131097560976,40.88964927288281,41.42,2026-08-17
SUZLON,49.0,-5.71,-15.4,-8.99,-13.99,1.169,CAPITAL_GOODS,-3.27,24.059024807527802,18.94175188972877,37.84344219803007,76.33384146341463,29.683490162532078,28.99,2026-08-17
SVGLOBAL,143.61,,,,,1.0,OTHER,,,,,67.64481707317073,,50.88,2026-08-17
SVPGLOB,3.87,,,,8.1,1.0,OTHER,,,,69.20684292379471,67.64481707317073,,54.72,2026-08-17
SWANCORP,305.2,-2.65,-3.4,-4.19,,1.198,CHEMICALS,-3.6,36.93327630453379,29.101823032458874,,77.13414634146342,27.929854576561162,38.25,2026-08-17
SWARAJ,369.3,,,,,0.972,OTHER,,,,,63.49085365853659,,50.67,2026-08-17
SWARAJENG,3628.6,-2.76,-5.92,-3.52,-9.74,0.558,CAPITAL_GOODS,-0.32,36.48417450812661,31.302801244997774,44.19388284085018,36.75685975609756,46.877673224978615,38.3,2026-08-17
SWARNSAR,36.06,,,,,1.0,OTHER,,,,,67.64481707317073,,50.88,2026-08-17
SWELECTES,629.7,-0.11,-1.19,2.19,-14.12,2.257,CAPITAL_GOODS,2.33,48.35329341317365,48.04357492218764,37.55832037325039,91.53963414634147,62.70316509837468,50.43,2026-08-17
SWIGGY,278.8,2.14,7.38,9.16,-35.25,0.195,RETAIL,3.17,62.91702309666382,67.36327256558471,13.582166925868325,6.897865853658537,66.5098374679213,51.9,2026-08-17
SWISSMLTRY,13.36,,,,,1.0,OTHER,,,,,67.64481707317073,,50.88,2026-08-17
SWSOLAR,203.62,-7.77,-4.93,1.92,-23.64,0.698,INFRASTRUCTURE,-3.37,17.151411462788708,47.62116496220543,25.816485225505442,47.65625,29.362703165098374,29.86,2026-08-17
SYMPHONY,620.55,-11.45,-7.7,-20.86,-33.36,0.355,FMCG,-11.44,8.041060735671515,3.5571365051133834,15.137376879212027,19.054878048780488,6.6509837467921304,8.68,2026-08-17
SYNCOMF,15.22,11.09,5.99,10.29,,0.786,PHARMA,13.11,86.9546621043627,69.65317919075144,,53.35365853658537,88.5158254918734,73.79,2026-08-17
SYNGENE,403.0,-3.91,-11.06,-11.24,-37.89,0.184,INFRASTRUCTURE,0.49,32.05731394354149,13.606047132058693,11.508553654743391,6.097560975609756,53.87082976903336,25.31,2026-08-17
SYRMA,1467.9,3.09,12.98,44.87,101.66,0.633,CAPITAL_GOODS,5.53,67.1300256629598,95.15340151178302,97.61534473820632,42.7782012195122,73.43883661248931,79.96,2026-08-17
TAALTECH,4238.8,6.76,26.52,53.19,,0.297,AVIATION,6.57,78.2934131736527,96.79857714539796,,13.68140243902439,77.5235243798118,73.91,2026-08-17
TAINWALCHM,208.5,-5.29,1.89,3.39,-5.5,1.596,CHEMICALS,-6.24,25.876817792985456,51.133837261004885,48.729911871435974,84.90853658536585,18.88366124893071,38.66,2026-08-17
TAJGVK,337.5,-5.78,1.81,9.42,-20.11,0.613,HOSPITALITY,-3.56,23.802395209580837,67.94130724766563,30.171073094867808,41.5015243902439,28.29341317365269,37.67,2026-08-17
TAKE,23.43,,,,,1.199,OTHER,,,,,77.17225609756098,,51.36,2026-08-17
TALBROAUTO,423.45,6.09,18.51,31.38,62.46,0.908,AUTO,3.83,76.36869118905048,90.30680302356603,93.31259720062208,60.36585365853659,68.94781864841745,81.33,2026-08-17
TANAA,300.95,,,,,1.0,OTHER,,,,,67.64481707317073,,50.88,2026-08-17
TANLA,573.5,-2.52,8.26,15.28,-7.63,0.162,IT,-0.4,37.4251497005988,77.18986216096043,46.31933644375324,4.592225609756097,46.10778443113773,48.81,2026-08-17
TARACHAND,47.12,-16.26,-17.48,-19.3,-35.19,0.432,LOGISTICS,-15.46,2.7159965782720277,4.579813250333482,13.685847589424572,26.21951219512195,2.6090675791274593,6.54,2026-08-17
TARAPUR,14.33,-21.44,-30.54,-32.47,-39.82,0.693,CAPITAL_GOODS,-19.0,1.3259195893926432,1.378390395731436,9.694142042509073,47.29420731707317,1.7108639863130881,5.37,2026-08-17
TARC,124.36,5.15,-3.2,-4.6,-24.35,0.644,REALTY,6.89,74.50812660393498,28.012449977767893,25.064800414722654,43.69283536585366,79.12745936698032,52.15,2026-08-17
TARIL,296.3,-11.14,-8.37,-1.5,-40.75,0.388,CAPITAL_GOODS,-8.7,8.511548331907614,38.01689639839928,9.227579056505961,22.103658536585368,11.719418306244654,17.19,2026-08-17
TARMAT,55.98,15.83,7.67,,4.67,0.584,INFRASTRUCTURE,20.23,90.97519247219846,,63.81544841886988,38.738567073170735,93.66980325064156,73.09,2026-08-17
TARSONS,361.5,20.7,51.43,74.68,13.88,1.946,HEALTHCARE,19.92,94.4824636441403,99.06625166740774,74.80559875583204,89.10060975609755,93.45594525235244,91.27,2026-08-17
TASTYBITE,10014.5,12.4,22.78,31.63,4.26,2.034,FMCG,12.41,88.32335329341318,90.52912405513561,63.037843442198024,90.0342987804878,87.55346449957229,83.79,2026-08-17
TATACAP,359.25,2.83,5.94,16.66,,0.291,FINANCIAL_SERVICES,4.17,66.08212147134303,78.39039573143619,,13.24314024390244,70.1454234388366,63.91,2026-08-17
TATACHEM,662.9,-4.59,-9.12,-11.48,-29.12,0.441,CHEMICALS,-5.54,29.041916167664674,13.161405068919521,19.64748574390876,26.943597560975608,21.236099230111204,21.92,2026-08-17
TATACOMM,1711.9,-6.96,-10.54,1.9,9.54,0.793,CHEMICALS,-7.92,19.632164242942686,47.46554024010671,70.39917055469155,53.90625,13.344739093242087,37.51,2026-08-17
TATACONSUM,1072.6,-1.46,-5.16,-13.08,-0.68,0.596,FMCG,-1.45,42.81437125748503,10.582481102712316,54.92483151892172,39.69131097560975,39.37125748502994,36.51,2026-08-17
TATAELXSI,3760.0,6.28,-8.72,-8.86,-31.37,0.408,IT,8.4,76.98887938408896,19.25300133392619,17.05546915500259,23.589939024390244,81.95038494439693,48.64,2026-08-17
TATAGOLD,14.85,8.47,1.92,-2.17,50.91,0.914,OTHER,6.64,82.33532934131736,35.70475767007559,91.1353032659409,60.72789634146341,78.01539777587682,70.71,2026-08-17
TATAINVEST,654.55,-1.69,-2.73,-3.17,-90.49,0.747,FINANCIAL_SERVICES,-0.35,41.36013686911891,32.369942196531795,0.41472265422498705,51.21951219512195,46.68520102651839,32.22,2026-08-17
TATAPOWER,381.5,1.17,-5.16,-6.27,0.99,0.773,POWER,6.4,56.73652694610778,24.277456647398843,58.164852255054434,52.78201219512195,76.96749358426005,51.74,2026-08-17
TATASTEEL,186.0,0.27,-5.1,-14.22,19.98,0.788,METAL,0.47,51.17621899059025,8.848377056469541,79.31570762052877,53.525152439024396,53.76390076988879,46.73,2026-08-17
TATATECH,841.65,9.94,9.31,35.65,23.93,0.334,FMCG,9.95,85.45765611633875,92.04090706980881,81.18195956454122,16.958841463414632,85.07271171941831,82.77,2026-08-17
TATSILV,22.7,8.04,-5.26,-10.13,100.53,0.824,OTHER,6.21,80.83832335329342,16.27389951089373,97.3561430793157,56.05945121951219,76.13344739093242,66.06,2026-08-17
TATVA,1685.8,18.87,42.15,28.07,62.3,0.208,CHEMICALS,17.92,93.41317365269461,88.706091596265,93.20891653706583,7.79344512195122,92.1300256629598,87.72,2026-08-17
TBOTEK,1700.0,16.95,19.52,44.44,23.22,0.914,HOSPITALITY,19.17,92.1300256629598,94.88661627389952,80.7153965785381,60.72789634146341,93.15654405474764,89.12,2026-08-17
TBZ,243.7,-4.82,24.43,88.97,28.53,0.289,FMCG,-4.81,27.994011976047904,99.42196531791907,83.35925349922239,13.109756097560975,23.973481608212147,55.58,2026-08-17
TCC,256.3,-12.5,-26.48,-31.33,,0.514,RETAIL,-11.47,6.287425149700598,1.4228546020453534,,33.23170731707317,6.544054747647563,15.2,2026-08-17
TCI,907.65,-2.68,-3.18,1.9,-19.1,0.441,LOGISTICS,-1.88,36.783575705731394,47.46554024010671,31.57076205287714,26.943597560975608,36.50556030795552,37.88,2026-08-17
TCIEXP,566.75,-1.73,6.0,10.49,-16.29,0.419,LOGISTICS,-0.93,41.06073567151412,69.98666073810583,35.09590461378953,24.56173780487805,42.81437125748503,46.54,2026-08-17
TCPLPACK,4037.6,23.65,48.42,52.02,19.46,0.275,CHEMICALS,22.7,95.38066723695466,96.57625611382836,79.00466562986003,12.214176829268293,94.99572284003422,88.19,2026-08-17
TCS,2313.2,5.1,5.19,2.17,-26.73,0.617,IT,7.22,74.25149700598801,47.97687861271676,22.70606531881804,41.76829268292683,79.7262617621899,56.57,2026-08-17
TDPOWERSYS,1548.8,37.41,32.43,18.11,210.44,1.434,CAPITAL_GOODS,39.85,98.71685201026519,80.48021342819031,99.84447900466563,82.1265243902439,98.97348160821214,93.59,2026-08-17
TEAMGTY,224.2,-1.64,-8.17,-16.87,,0.053,FINANCIAL_SERVICES,-0.3,41.638152266894785,6.402845709204091,,0.7240853658536586,47.00598802395209,33.26,2026-08-17
TEAMLEASE,1239.6,-11.97,-12.12,-9.16,-31.14,0.281,FINANCIAL_SERVICES,-10.63,7.335329341317365,18.45264562027568,17.262830482115085,12.557164634146343,7.912745936698032,12.45,2026-08-17
TECH,33.75,7.24,8.35,11.57,-12.2,0.091,OTHER,5.41,79.17023096663816,71.7207647843486,40.07257646448937,1.486280487804878,72.98973481608212,64.68,2026-08-17
TECHM,1610.0,6.6,11.28,17.48,7.18,0.464,IT,8.72,77.84431137724552,79.67985771453979,68.22187662001036,29.23018292682927,83.0196749358426,74.72,2026-08-17
TECHNOCRAF,299.94,,,,,0.198,OTHER,,,,,7.240853658536585,,47.86,2026-08-17
TECHNOE,959.15,-7.17,-12.24,-19.8,-36.98,1.412,INFRASTRUCTURE,-2.77,19.1830624465355,4.2685638061360605,12.389839294971488,81.7454268292683,32.207014542343885,19.18,2026-08-17
TECHNVISN,5045.1,50.61,-1.44,-3.9,,0.386,IT,52.73,99.8289136013687,30.2134281903068,,21.85594512195122,99.8289136013687,68.56,2026-08-17
TECILCHEM,8.39,-15.59,-22.46,-30.32,,0.119,CHEMICALS,-16.55,3.0795551753635584,1.5562472209871054,,2.591463414634146,2.1813515825491874,11.92,2026-08-17
TEGA,1744.0,6.05,-4.74,10.01,-5.37,1.065,FINANCIAL_SERVICES,7.39,76.26176218990591,69.00844819919965,48.83359253499223,73.01829268292683,80.06843455945253,69.37,2026-08-17
TEJASNET,522.85,-4.48,-10.07,17.3,-13.01,0.591,TELECOM,-0.7,29.57656116338751,79.59092930191196,39.19129082426128,39.27210365853659,43.64841745081266,46.6,2026-08-17
TEMBO,60.35,-89.03,-89.35,-89.52,-90.2,0.998,METAL,-88.83,0.0855431993156544,0.1333926189417519,0.5184033177812338,64.5388719512195,0.0855431993156544,3.41,2026-08-17
TENNIND,548.45,-1.69,-2.66,-8.94,,0.597,AUTO,-3.95,41.36013686911891,19.07514450867052,,39.82469512195122,26.43284858853721,35.2,2026-08-17
TERAI,124.6,,,,,1.0,OTHER,,,,,67.64481707317073,,50.88,2026-08-17
TERASOFT,336.7,-15.94,-23.17,16.79,,0.784,IT,-13.82,2.9512403763900767,78.6571809693197,,53.27743902439024,3.6142001710863987,33.9,2026-08-17
TEXINFRA,107.85,-5.38,5.48,9.87,12.46,0.794,CAPITAL_GOODS,-2.94,25.40633019674936,68.51934192974656,73.09486780715396,53.98246951219512,31.2874251497006,48.03,2026-08-17
TEXMOPIPES,45.62,3.49,-0.04,0.26,-20.61,0.792,CAPITAL_GOODS,5.93,68.37040205303678,42.685638061360606,29.237947122861584,53.83003048780488,74.89307100085543,54.37,2026-08-17
TEXRAIL,106.89,-8.64,-0.87,-8.04,-22.75,0.735,CAPITAL_GOODS,-6.2,14.563729683490163,20.764784348599377,26.69777086573354,50.43826219512195,18.969204448246366,21.0,2026-08-17
TFCILTD,120.28,43.6,58.51,58.89,-60.56,2.287,FINANCIAL_SERVICES,44.94,99.27288280581695,97.64339706536238,3.3177812337998964,91.84451219512195,99.31565440547476,79.31,2026-08-17
TFL,11.34,2.16,-3.9,-6.74,,0.7,FINANCIAL_SERVICES,3.5,63.15226689478186,23.3881725211205,,47.827743902439025,67.79298545765612,50.51,2026-08-17
TGBHOTELS,9.2,6.24,0.55,0.44,-22.43,0.328,HOSPITALITY,8.46,76.94610778443113,43.219208537127614,27.11249351995853,16.692073170731707,82.24978614200171,56.33,2026-08-17
TGVSL,106.54,,,,,1.0,OTHER,,,,,67.64481707317073,,50.88,2026-08-17
THAKDEV,154.18,8.86,21.59,,,6.31,REALTY,10.6,83.57570573139435,,,98.32317073170732,85.58597091531223,69.51,2026-08-17
THANGAMAYL,5336.5,-16.32,-1.99,48.48,139.95,0.284,FMCG,-16.31,2.6518391787852864,95.90929301911962,99.01503369621565,12.842987804878048,2.309666381522669,45.7,2026-08-17
THEINVEST,98.68,1.85,0.45,1.05,-35.3,1.838,FINANCIAL_SERVICES,3.19,61.12061591103507,44.619831036016,13.426645930533956,88.26219512195121,66.61676646706587,49.64,2026-08-17
THEJO,2118.1,11.33,26.11,22.97,10.54,0.381,CAPITAL_GOODS,13.77,87.29683490162532,85.482436638506,71.3841368584759,21.284298780487802,89.22155688622755,80.65,2026-08-17
THELEELA,503.0,3.66,9.85,21.45,22.82,1.529,HOSPITALITY,5.88,68.81950384944396,84.12627834593152,80.55987558320373,83.91768292682927,74.61505560307955,76.62,2026-08-17
THEMISMED,104.09,-7.41,2.55,6.62,3.8,0.607,PHARMA,-5.39,18.562874251497004,61.40506891951979,62.23431829963712,40.83460365853659,21.79213002566296,39.61,2026-08-17
THERMAX,4141.4,-9.6,-12.16,-7.98,27.09,1.046,CAPITAL_GOODS,-7.16,11.783575705731394,21.05380168963984,82.52980819077243,72.29420731707317,15.67579127459367,31.86,2026-08-17
THOMASCOOK,103.68,-0.46,-3.86,9.44,-40.48,0.401,HOSPITALITY,1.76,46.40718562874252,68.03023566029346,9.434940383618455,22.99923780487805,60.02994011976048,45.29,2026-08-17
THOMASCOTT,301.1,-5.52,5.65,11.11,,2.956,TEXTILES,-3.56,24.87168520102652,70.964873277012,,94.77896341463415,28.29341317365269,45.43,2026-08-17
THYROCARE,618.6,17.33,15.93,33.85,-51.17,0.195,HEALTHCARE,16.54,92.60051325919589,91.41840818141395,4.717470191809228,6.897865853658537,91.1890504704876,70.23,2026-08-17
TI,580.55,30.71,34.32,34.56,22.52,0.762,FMCG,30.72,97.60479041916167,91.68519341929746,80.40435458786936,52.19131097560976,97.43370402053037,90.39,2026-08-17
TIGERLOGS,27.08,,,,,1.0,OTHER,,,,,67.64481707317073,,50.88,2026-08-17
TIIL,3097.2,26.22,21.22,28.64,22.83,1.69,METAL,26.42,96.40718562874252,88.97287683414851,80.61171591498186,85.89939024390245,96.40718562874252,90.86,2026-08-17
TIINDIA,2741.4,-6.52,-16.02,-3.82,-9.48,1.061,AUTO,-8.78,20.680068434559455,30.63583815028902,44.47900466562986,72.88490853658537,11.377245508982035,29.14,2026-08-17
TIJARIA,5.55,32.78,21.18,,,1.469,CAPITAL_GOODS,35.22,97.86142001710864,,,82.86966463414635,98.20359281437125,75.63,2026-08-17
TIMETECHNO,189.61,-4.91,6.02,6.45,-59.1,0.696,CAPITAL_GOODS,-2.47,27.63045337895637,60.982658959537574,3.421461897356143,47.484756097560975,33.23353293413174,32.96,2026-08-17
TIMEX,541.3,-0.6,10.83,55.19,,0.624,FMCG,-0.59,45.958083832335326,97.15429079590929,,42.20655487804878,44.39692044482464,59.14,2026-08-17
TIMKEN,3290.5,4.74,-9.46,-6.82,11.88,0.34,CAPITAL_GOODS,7.18,73.39606501283149,23.21031569586483,72.6023846552618,17.378048780487802,79.64071856287424,58.83,2026-08-17
TINNARUBR,1030.3,4.56,16.21,45.52,26.21,0.369,REALTY,6.3,72.58340461933275,95.24232992441085,82.16692586832556,20.35060975609756,76.71086398631309,78.17,2026-08-17
TIPSFILMS,341.55,4.45,-1.94,-8.43,-26.35,0.344,MEDIA,6.92,72.09153122326775,20.142285460204533,23.068947641264902,17.682926829268293,79.17023096663816,47.64,2026-08-17
TIPSMUSIC,656.25,-2.66,3.33,1.48,15.09,0.167,MEDIA,-0.19,36.84773310521813,46.42063139172966,75.73872472783826,4.992378048780488,47.946963216424294,47.09,2026-08-17
TIRUMALCHM,154.73,-6.82,-13.29,-24.77,-45.06,1.271,CHEMICALS,-7.78,19.974337040205302,2.4899955535793685,6.998444790046657,79.07774390243902,13.857998289136015,15.05,2026-08-17
TITAGARH,820.95,-6.26,-8.22,7.55,-5.56,1.26,INFRASTRUCTURE,-1.86,21.55688622754491,63.361493997332154,48.626231207879734,78.77286585365853,36.633875106929,42.54,2026-08-17
TITAN,5068.5,9.57,16.84,21.57,41.03,0.602,FMCG,9.58,84.83746792130026,84.21520675855936,87.76568170036289,40.18673780487805,84.38836612489307,82.97,2026-08-17
TMB,843.7,5.79,10.7,26.29,98.73,0.149,REALTY,7.53,75.83404619332764,87.9057358826145,96.94142042509071,4.058689024390244,80.36783575705732,80.16,2026-08-17
TMCV,470.4,14.02,15.66,24.46,,0.615,AUTO,11.76,89.4781864841745,86.37172076478434,,41.634908536585364,86.69803250641574,78.0,2026-08-17
TMPV,330.2,-0.48,-16.11,-7.39,,0.827,AUTO,-2.74,46.364414029084685,22.009782125389062,,56.13567073170732,32.33532934131736,39.39,2026-08-17
TNIDETF,90.85,7.3,11.57,14.75,-3.07,0.881,OTHER,5.47,79.29854576561164,76.65629168519342,52.35873509590462,59.03201219512195,73.18220701454234,71.32,2026-08-17
TNPETRO,114.16,20.52,25.41,27.42,,1.608,HEALTHCARE,19.74,94.26860564585115,88.39484215206758,,85.11814024390245,93.37040205303678,83.35,2026-08-17
TNPL,140.88,-3.04,-2.73,-5.19,-12.86,0.314,CHEMICALS,-4.0,35.393498716852015,26.16718541574033,39.346811819595644,15.301067073170731,26.047904191616766,31.47,2026-08-17
TNTELE,8.96,-1.54,-2.5,-1.97,,0.67,RETAIL,-0.51,42.25834046193327,36.41618497109826,,45.88414634146341,44.888793840889655,42.92,2026-08-17
TOKYOPLAST,79.9,,,,-35.81,0.125,OTHER,,,,13.21928460342146,3.0297256097560976,,40.3,2026-08-17
TOLINS,97.08,-6.19,-9.24,-5.95,-38.84,0.735,AUTO,-8.45,21.92044482463644,24.744330813694976,10.627268014515293,50.43826219512195,12.360992301112061,20.36,2026-08-17
TOP100CASE,10.73,2.09,2.68,4.38,1.71,0.609,OTHER,0.26,62.66039349871685,54.97999110715873,59.357179885951275,41.06326219512195,52.373823781009406,57.46,2026-08-17
TOP10ADD,88.37,1.36,-0.28,2.41,-6.63,0.224,OTHER,-0.47,57.93413173652695,48.64384170742552,47.459823742871954,8.765243902439025,45.27373823781009,49.16,2026-08-17
TOP15IETF,10.02,2.35,1.52,4.38,-2.15,0.415,OTHER,0.52,64.17878528656972,54.97999110715873,53.03265940902022,24.275914634146343,53.934987168520095,56.12,2026-08-17
TOP20,9.03,3.2,3.91,6.36,,0.572,OTHER,1.37,67.6218990590248,60.62694530902624,,37.957317073170735,58.51154833190761,59.5,2026-08-17
TORNTPHARM,4900.0,-1.76,9.7,11.22,35.93,0.512,PHARMA,0.26,40.84687767322498,71.14273010226768,86.21047174701918,33.06021341463415,52.373823781009406,58.83,2026-08-17
TORNTPOWER,1312.8,-7.59,-6.79,-10.45,3.35,0.448,POWER,-2.36,17.75021385799829,15.117830146731881,61.456713322965264,27.34375,33.89649272882806,28.74,2026-08-17
TOTAL,65.07,19.11,27.36,20.19,-10.43,0.288,LOGISTICS,19.91,93.5414884516681,82.61449533125834,43.2348367029549,13.052591463414634,93.41317365269461,76.7,2026-08-17
TOUCHWOOD,62.68,-9.15,-11.47,-13.33,-40.15,2.591,MEDIA,-6.68,13.109495295124038,10.160071142730102,9.590461378952824,93.3689024390244,17.34388366124893,16.32,2026-08-17
TOYAMSL,0.67,,,,,1.0,OTHER,,,,,67.64481707317073,,50.88,2026-08-17
TPHQ,0.58,31.82,18.37,9.43,,2.874,INFRASTRUCTURE,36.22,97.81864841745082,67.98577145397955,,94.35975609756098,98.37467921300257,80.71,2026-08-17
TPLPLASTEH,77.25,-5.34,15.18,23.76,0.57,1.057,CHEMICALS,-6.3,25.53464499572284,86.03823921742998,57.54276827371695,72.7515243902439,18.605645851154833,48.38,2026-08-17
TRACXN,29.07,-3.1,-9.52,-11.1,-41.81,1.281,CAPITAL_GOODS,-0.66,35.0727117194183,13.872832369942195,8.527734577501295,79.34451219512195,44.01197604790419,28.02,2026-08-17
TRANSCOR,24.26,,,,,1.0,OTHER,,,,,67.64481707317073,,50.88,2026-08-17
TRANSRAILL,464.85,-7.93,-6.37,-9.45,-38.95,0.679,CAPITAL_GOODS,-5.49,16.5098374679213,17.830146731880838,10.471747019180922,46.34146341463415,21.449957228400343,17.86,2026-08-17
TRAVELFOOD,1358.2,4.44,1.86,23.65,12.62,0.834,HOSPITALITY,6.66,72.0059880239521,85.92707870164517,73.30222913426645,56.3452743902439,78.20786997433704,75.89,2026-08-17
TREEHOUSE,5.93,-4.2,-17.18,,-19.76,1.774,HEALTHCARE,-4.99,30.83832335329341,,30.689476412649043,87.0998475609756,23.310521813515823,37.28,2026-08-17
TREJHARA,163.76,18.1,12.77,8.53,-20.54,0.235,IT,20.22,92.89991445680069,66.1849710982659,29.367547952306893,9.679878048780488,93.62703165098375,69.46,2026-08-17
TREL,26.05,7.2,-0.84,4.41,-19.72,1.046,LOGISTICS,8.0,79.08468776732249,55.135615829257446,30.741316744427166,72.29420731707317,81.15911035072712,63.4,2026-08-17
TRENT,2946.0,3.0,1.66,-28.17,-44.36,0.631,RETAIL,4.03,66.76646706586826,1.7785682525566917,7.309486780715396,42.62576219512195,69.73909324208726,37.87,2026-08-17
TRF,230.57,-8.6,-1.32,-2.86,-28.17,0.299,CAPITAL_GOODS,-6.16,14.67065868263473,32.99244108492663,20.684292379471227,13.776676829268292,19.16167664670659,21.08,2026-08-17
TRIDENT,24.57,-2.92,-1.4,-0.53,-11.36,0.433,TEXTILES,-0.96,35.92814371257485,40.12894619831036,41.60186625194402,26.333841463414636,42.72882805816938,38.65,2026-08-17
TRIGYN,55.3,-1.9,-0.07,-1.93,-26.72,0.686,IT,0.22,40.141146278870835,36.48288128056914,22.757905650596165,46.79878048780488,51.92472198460223,37.85,2026-08-17
TRITONV,1148.6,,,,,1.0,OTHER,,,,,67.64481707317073,,50.88,2026-08-17
TRITURBINE,597.9,-4.44,-9.72,-1.49,12.85,0.591,CAPITAL_GOODS,-2.0,29.683490162532078,38.06136060471321,73.6132711249352,39.27210365853659,35.778443113772454,41.96,2026-08-17
TRIVENI,279.64,-40.68,-29.87,-25.26,-17.56,2.055,CAPITAL_GOODS,-38.24,0.42771599657827203,2.267674522009782,33.38517366511146,90.4344512195122,0.42771599657827203,11.98,2026-08-17
TRU,4.48,-10.4,-22.22,-27.15,,1.42,FINANCIAL_SERVICES,-9.06,9.944396920444824,2.000889284126278,,81.8407012195122,10.821214713430283,19.7,2026-08-17
TRUALT,479.25,13.93,-3.11,5.99,,0.537,AGRICULTURE,9.4,89.39264328485885,59.62650066696309,,35.28963414634146,84.17450812660393,70.58,2026-08-17
TSFINV,420.4,-11.51,5.17,7.33,,0.974,FINANCIAL_SERVICES,-10.17,7.955517536355859,62.82792352156514,,63.52896341463414,8.511548331907614,32.94,2026-08-17
TTKHLTCARE,1138.4,15.17,29.22,26.86,-0.36,0.707,DIVERSIFIED,15.42,90.59024807527801,88.12805691418409,55.857957490927944,48.38033536585366,90.50470487596236,80.9,2026-08-17
TTKPRESTIG,592.1,-12.63,9.42,12.56,-7.51,0.05,FMCG,-12.62,6.159110350727117,73.58826144953312,46.5526179367548,0.5907012195121951,4.875962360992301,30.62,2026-08-17
TTL,6.15,-6.39,-9.29,,,1.532,TEXTILES,-4.42,21.25748502994012,,,83.95579268292683,25.149700598802394,37.91,2026-08-17
TTML,38.15,-6.24,-14.86,-9.19,,0.372,TELECOM,-2.46,21.706586826347305,18.36371720764784,,20.75076219512195,33.40461933276305,28.24,2026-08-17
TURTLEMINT,150.15,9.0,,,,10.197,OTHER,7.17,83.85372112917024,,,99.39024390243902,79.59794696321643,68.76,2026-08-17
TUTIALKA,56.71,,,,,1.0,OTHER,,,,,67.64481707317073,,50.88,2026-08-17
TVSELECT,450.35,-12.02,-2.21,-1.4,,0.56,RETAIL,-10.99,7.18562874251497,38.28368163628279,,36.92835365853659,7.356715141146279,25.04,2026-08-17
TVSHLTD,14072.0,0.42,4.83,1.65,18.49,0.271,FINANCIAL_SERVICES,1.76,52.30966638152267,46.931969764339705,78.22706065318819,11.985518292682928,60.02994011976048,55.29,2026-08-17
TVSMOTOR,4385.9,23.08,27.66,26.51,34.03,0.429,AUTO,20.82,95.25235243798119,87.99466429524233,85.64022809745983,25.876524390243905,94.0333618477331,87.86,2026-08-17
TVSSCS,121.48,-12.35,-9.41,,-3.12,1.128,LOGISTICS,-11.55,6.501283147989735,,52.12545360290306,75.13338414634147,6.41573994867408,29.92,2026-08-17
TVSSRICHAK,4868.9,16.13,21.23,35.5,70.32,5.484,AUTO,13.87,91.33875106929,91.81858603823922,94.55676516329704,97.82774390243902,89.34987168520102,92.13,2026-08-17
TVTODAY,110.93,-11.01,3.96,-3.67,-24.67,1.556,MEDIA,-8.54,8.682634730538922,30.991551800800355,24.675997926386728,84.10823170731707,12.082976903336185,21.74,2026-08-17
TWCGOLDETF,152.33,8.2,2.0,-2.37,,2.559,OTHER,6.37,81.39435414884517,34.70431302801245,,93.17835365853658,76.90333618477331,63.36,2026-08-17
UBL,1367.9,1.42,2.41,0.01,-26.21,0.261,FMCG,1.43,58.38323353293413,42.06313917296576,23.2763089683774,11.299542682926829,58.72540633019675,44.98,2026-08-17
UCAL,151.87,24.28,49.58,46.42,10.58,10.951,AUTO,22.02,95.55175363558597,95.46465095598043,71.43597719025402,99.46646341463415,94.6535500427716,90.77,2026-08-17
UCOBANK,26.11,0.04,-0.84,3.65,-8.16,0.457,BANKING,0.37,49.50812660393499,52.20097821253891,45.72317262830482,28.296493902439025,53.25064157399487,48.93,2026-08-17
UDAYJEW,145.36,,,,,1.0,OTHER,,,,,67.64481707317073,,50.88,2026-08-17
UDS,211.72,9.26,16.71,22.64,-14.13,0.69,OTHER,7.43,84.19589392643286,85.19341929746554,37.480559875583204,47.046493902439025,80.17536355859708,72.64,2026-08-17
UEL,222.48,75.39,58.21,50.6,,0.196,POWER,80.62,100.0,96.22054246331703,,7.03125,100.0,84.41,2026-08-17
UFLEX,586.05,33.28,38.02,46.2,11.36,4.133,CHEMICALS,32.33,97.9469632164243,95.37572254335261,72.0580611715915,96.79878048780488,97.73310521813517,92.04,2026-08-17
UFO,66.47,-2.64,-10.43,-15.31,-10.81,0.523,MEDIA,-0.17,36.99743370402053,7.6923076923076925,42.82011404872991,34.07012195121951,48.33190761334474,32.39,2026-08-17
UGARSUGAR,52.18,31.44,28.02,25.13,25.77,3.61,FMCG,31.45,97.73310521813517,86.97198755002223,81.95956454121306,96.30335365853658,97.51924721984602,91.78,2026-08-17
UGROCAP,92.75,-3.62,-5.96,-5.93,-45.48,0.346,FINANCIAL_SERVICES,-2.28,33.08383233532935,24.899955535793687,6.6874027993779155,17.892530487804876,34.217279726261765,25.17,2026-08-17
UJJIVANSFB,72.21,10.04,25.82,29.34,68.75,0.371,BANKING,10.37,85.5431993156544,89.28412627834594,94.19388284085018,20.560213414634145,85.24379811804963,84.91,2026-08-17
ULTRACEMCO,11681.0,-0.76,2.55,1.69,-7.37,0.676,CEMENT,3.37,45.380667236954665,47.13205869275233,46.863659927423534,46.265243902439025,67.34388366124892,49.45,2026-08-17
ULTRAMAR,394.2,2.46,4.56,-4.95,,0.434,CHEMICALS,1.5,64.49957228400342,26.967541129390842,,26.429115853658537,59.06757912745937,49.5,2026-08-17
UMESLTD,6.02,8.47,,,2.56,1.331,OTHER,6.64,82.33532934131736,,60.54950751684811,80.60213414634147,78.01539777587682,69.16,2026-08-17
UMIYA-MRO,89.01,0.37,3.72,5.95,9.98,0.468,TELECOM,4.16,51.86056458511549,59.5153401511783,71.02125453602903,29.61128048780488,70.10265183917879,59.23,2026-08-17
UNICHEMLAB,543.3,-10.18,21.72,45.89,2.82,0.461,PHARMA,-8.16,10.32934131736527,95.28679413072476,60.86054950751685,28.92530487804878,12.70316509837468,42.96,2026-08-17
UNIECOM,84.95,-1.14,-4.8,-0.84,-36.87,0.725,HEALTHCARE,-1.92,43.92643284858854,39.528679413072474,12.493519958527735,49.733231707317074,36.33447390932421,35.69,2026-08-17
UNIENTER,95.59,-12.13,-11.32,-8.03,-37.62,0.155,CHEMICALS,-13.08,6.9289991445680075,20.83148065807025,11.871435977190254,4.28734756097561,4.277159965782721,10.86,2026-08-17
UNIINFO,11.69,,,,,0.251,OTHER,,,,,10.632621951219512,,48.03,2026-08-17
UNIMECH,1511.3,16.53,32.81,60.57,,1.121,DEFENCE,13.5,91.70230966638152,97.95464650955981,,74.86661585365853,88.96492728828058,83.67,2026-08-17
UNIONBANK,188.9,11.93,10.75,16.65,45.68,1.01,BANKING,12.26,88.10949529512403,78.34593152512228,89.3727319854847,71.01753048780488,87.46792130025663,84.97,2026-08-17
UNIONGOLD,149.25,7.92,1.81,-1.58,50.61,0.054,OTHER,6.09,80.47476475620188,37.70564695420187,90.87610160705029,0.7621951219512195,75.49187339606502,67.13,2026-08-17
UNIPARTS,801.15,14.76,19.52,49.15,104.22,0.962,AUTO,12.5,90.20530367835758,95.99822143174744,97.77086573354069,63.1859756097561,87.63900769888794,91.43,2026-08-17
UNITDSPR,1545.0,11.83,18.94,16.98,18.59,0.421,FMCG,11.84,87.98118049615056,79.035126722988,78.2789009849663,24.885670731707318,86.89050470487597,80.49,2026-08-17
UNITECH,3.95,-12.8,-18.56,-11.63,,1.056,REALTY,-11.06,5.923866552609067,12.916851934192975,,72.69435975609755,7.18562874251497,20.02,2026-08-17
UNITEDTEA,455.65,-2.69,-9.12,-15.01,-3.45,1.001,FMCG,-2.68,36.74080410607357,8.003557136505112,51.58113011923277,70.73170731707317,32.634730538922156,33.61,2026-08-17
UNIVCABLES,1724.6,44.08,44.72,71.82,135.5,1.204,CAPITAL_GOODS,46.52,99.3584260051326,98.88839484215207,98.9113530326594,77.2484756097561,99.44396920444825,98.06,2026-08-17
UNOMINDA,1269.9,10.37,16.56,13.2,-0.54,1.669,AUTO,8.11,86.05645851154833,74.56647398843931,55.46915500259202,85.6326219512195,81.437125748503,76.35,2026-08-17
UPL,567.1,-9.39,-7.84,-10.3,-21.57,0.612,CHEMICALS,-10.34,12.532078699743371,15.562472209871054,28.175220321410055,41.36814024390244,8.340461933276304,17.23,2026-08-17
URBANCO,144.6,8.8,12.21,19.56,,0.416,RETAIL,9.83,83.36184773310522,81.81413961760782,,24.3140243902439,84.94439692044482,73.59,2026-08-17
URJA,9.46,0.11,-8.24,-13.53,-28.82,0.519,CAPITAL_GOODS,2.55,49.93584260051326,9.826589595375722,20.036288232244686,33.708079268292686,63.98631308810949,35.22,2026-08-17
USHAMART,498.05,-0.44,-0.23,5.31,28.84,0.497,METAL,-0.24,46.57827202737382,57.8479324144064,83.51477449455676,31.383384146341463,47.39093242087254,56.15,2026-08-17
USK,21.83,-1.58,-11.58,,-34.87,0.87,INFRASTRUCTURE,2.82,41.87339606501283,,13.94504924831519,58.36509146341463,65.26946107784431,42.65,2026-08-17
UTIAMC,907.3,-3.12,-4.05,-5.98,-32.76,0.182,AMC,-3.96,35.029940119760475,24.588706091596265,15.914981855883878,5.945121951219512,26.304533789563727,25.83,2026-08-17
UTKARSHBNK,14.04,-6.71,2.63,4.08,-33.77,0.497,BANKING,-6.38,20.166809238665525,53.779457536682976,14.72265422498704,31.383384146341463,18.32763045337896,27.77,2026-08-17
UTLSOLAR,464.4,27.27,,69.18,,3.825,CAPITAL_GOODS,29.71,96.87767322497861,98.57714539795465,,96.5701219512195,97.30538922155688,87.98,2026-08-17
UTTAMSUGAR,283.0,20.66,19.51,16.8,7.54,3.666,FMCG,20.67,94.43969204448246,78.70164517563362,68.79212026956972,96.3795731707317,93.84088964927288,85.38,2026-08-17
V2RETAIL,218.85,-1.5,-4.72,-4.11,-87.25,1.311,RETAIL,-0.47,42.536355859709154,29.613161405068922,1.088646967340591,80.10670731707317,45.27373823781009,33.31,2026-08-17
VADILALIND,7411.0,9.27,19.96,76.82,50.25,2.051,FMCG,9.28,84.26005132591959,99.15518008003558,90.6687402799378,90.39634146341463,83.93926432848589,89.52,2026-08-17
VADILENT,10002.0,,,,,1.0,OTHER,,,,,67.64481707317073,,50.88,2026-08-17
VAIBHAVGBL,226.45,-10.01,-6.68,6.07,9.02,0.724,FMCG,-10.0,10.714285714285714,59.91551800800355,69.82892690513219,49.65701219512195,8.78956372968349,36.5,2026-08-17
VAISHALI,8.34,,,,-29.86,1.187,OTHER,,,,18.818040435458787,76.90548780487805,,45.11,2026-08-17
VAKRANGEE,5.85,-2.34,-8.74,-9.44,-32.21,0.849,IT,-0.22,38.08810949529512,17.896843041351712,16.226023846552618,57.14557926829268,47.66894781864842,31.06,2026-08-17
VAL30IETF,15.39,0.98,-1.91,-1.79,20.71,0.803,OTHER,-0.85,55.77416595380667,37.01645175633615,79.78227060653188,54.5922256097561,43.2420872540633,53.95,2026-08-17
VALIANTLAB,86.53,,,,0.2,1.113,OTHER,,,,57.128045619491964,74.67606707317073,,52.66,2026-08-17
VALUE,16.24,1.31,-1.93,-1.81,,0.19,OTHER,-0.52,57.463644140290846,36.8830591373944,,6.573932926829268,44.78186484174508,46.38,2026-08-17
VALUEAXIS,32.99,0.95,,,,0.812,OTHER,-0.88,55.53892215568862,,,55.12576219512195,43.00684345594525,51.15,2026-08-17
VAML,441.5,-3.17,,,,0.547,OTHER,-5.0,34.81608212147134,,,35.708841463414636,23.22497861420017,39.95,2026-08-17
VARDMNPOLY,6.19,-3.13,-11.57,,-30.76,0.305,OTHER,-4.96,34.96578272027374,,17.78123379989632,14.691310975609756,23.41745081266039,32.54,2026-08-17
VARROC,847.75,28.52,36.08,51.97,57.34,0.484,AUTO,26.26,97.17707442258342,96.53179190751445,92.48315189217212,30.583079268292686,96.32164242942686,92.62,2026-08-17
VASCONEQ,31.13,,,,-37.67,0.217,OTHER,,,,11.767755313634007,8.231707317073171,,40.27,2026-08-17
VASUPRADA,96.0,,,,,1.0,OTHER,,,,,67.64481707317073,,50.88,2026-08-17
VASWANI,47.96,-10.87,-18.05,-13.63,,6.828,CHEMICALS,-11.82,8.939264328485885,9.604268563806135,,98.55182926829268,6.201881950384944,21.39,2026-08-17
VBL,433.85,-7.01,-19.81,-13.88,-14.69,0.309,FMCG,-7.0,19.546621043627034,9.20409070698088,37.16951788491446,14.919969512195122,16.46706586826347,19.79,2026-08-17
VCL,1.77,50.0,33.08,18.79,,1.319,TEXTILES,51.96,99.74337040205303,81.10271231658514,,80.33536585365853,99.78614200171087,84.17,2026-08-17
VEDAVAAG,19.15,,,,,1.0,OTHER,,,,,67.64481707317073,,50.88,2026-08-17
VEDL,269.7,4.58,-10.09,-18.53,-37.02,0.565,METAL,4.78,72.6261762189906,4.979991107158737,12.28615863141524,37.4047256097561,71.79213002566296,41.76,2026-08-17
VEDPOWER,36.59,-6.97,,,,0.406,OTHER,-8.8,19.58939264328486,,,23.41844512195122,11.313088109495295,32.22,2026-08-17
VEEDOL,1521.6,5.02,5.13,6.19,-6.27,0.759,ENERGY,3.58,73.95209580838323,60.24899955535794,48.00414722654225,51.981707317073166,68.22070145423439,63.38,2026-08-17
VENKEYS,1531.0,3.4,8.4,-5.36,3.09,0.27,FMCG,3.41,68.19931565440548,25.878168074699865,61.171591498185585,11.833079268292684,67.49358426005134,53.29,2026-08-17
VENTIVE,592.2,-3.47,-10.57,-9.34,-18.37,0.629,HOSPITALITY,-1.25,33.532934131736525,18.185860382392175,32.21876620010368,42.49237804878049,41.36013686911891,31.06,2026-08-17
VENUSPIPES,1596.5,-11.94,10.65,22.43,25.59,0.933,METAL,-11.74,7.420872540633019,84.99333036905291,81.90772420943495,61.68064024390244,6.287425149700598,44.25,2026-08-17
VERANDA,235.1,3.96,-0.11,-2.36,1.57,0.891,HEALTHCARE,3.18,70.01710863986314,34.77100933748333,59.09797822706066,59.58460365853659,66.55260906757913,57.98,2026-08-17
VESUVIUS,440.65,-5.93,-3.95,-7.78,-13.4,1.05,CAPITAL_GOODS,-3.49,23.182207014542342,21.69853268119164,38.46552617936755,72.4657012195122,28.72112917023097,29.16,2026-08-17
VGCL,60.5,,,,,1.0,OTHER,,,,,67.64481707317073,,50.88,2026-08-17
VGL,59.3,-4.4,-19.39,-6.6,,0.67,TEXTILES,-2.44,30.00427715996578,23.699421965317917,,45.88414634146341,33.55431993156544,33.75,2026-08-17
VGUARD,343.95,14.19,12.49,7.3,-4.71,0.817,FINANCIAL_SERVICES,15.53,89.75620188195037,62.67229879946643,49.6630378434422,55.62118902439024,90.63301967493584,73.39,2026-08-17
VHL,3473.8,-2.44,0.53,-1.41,-8.55,0.552,FINANCIAL_SERVICES,-1.1,37.74593669803251,38.216985326811916,45.51581130119233,36.14710365853659,42.06586826347306,39.99,2026-08-17
VIDHIING,319.2,7.4,11.16,10.07,-13.45,1.01,CHEMICALS,6.44,79.51240376390078,69.09737661182747,38.28408501814412,71.01753048780488,77.13857998289136,67.88,2026-08-17
VIDYAWIRES,89.4,-5.25,-8.96,-8.35,,0.739,METAL,-5.05,26.112061591103508,20.364606491774122,,50.724085365853654,23.053892215568865,30.22,2026-08-17
VIJAYA,1506.6,6.66,16.02,13.35,49.32,0.503,HEALTHCARE,5.88,77.92985457656117,75.01111605157847,90.30585795749093,31.95503048780488,74.61505560307955,76.88,2026-08-17
VIJSOLX,692.5,,,,,1.0,OTHER,,,,,67.64481707317073,,50.88,2026-08-17
VIKASECO,1.09,-6.84,-16.15,,-48.1,0.926,CHEMICALS,-7.8,19.931565440547477,,5.598755832037325,61.41387195121951,13.72968349016253,25.73,2026-08-17
VIKASLIFE,1.23,-9.56,-16.89,,-45.58,0.858,CHEMICALS,-10.52,11.890504704875962,,6.531881804043546,57.66006097560976,8.062446535500428,22.06,2026-08-17
VIKRAMSOLR,183.1,-6.03,-12.48,-11.67,-48.63,12.605,CAPITAL_GOODS,-3.59,22.733105218135158,12.761227212094264,5.339554173146708,99.6189024390244,28.015397775876817,21.4,2026-08-17
VIKRAN,62.54,-14.7,-11.93,-9.56,,0.788,CAPITAL_GOODS,-12.26,4.170230966638152,17.63005780346821,,53.525152439024396,5.3464499572284,19.35,2026-08-17
VIMTALABS,623.45,10.45,16.08,38.39,-1.24,0.181,HEALTHCARE,9.66,86.1633875106929,93.28590484659848,54.12130637636081,5.8879573170731705,84.55945252352439,77.28,2026-08-17
VINATIORGA,1344.2,1.72,0.58,1.62,-21.57,0.797,CHEMICALS,0.76,60.35072711719418,46.82080924855491,28.175220321410055,54.15396341463414,55.28229255774166,49.46,2026-08-17
VINCOFE,146.28,-8.84,-5.55,14.42,-4.5,0.996,FMCG,-8.83,14.050470487596236,76.30057803468208,50.02592016588906,64.32926829268293,11.206159110350727,38.9,2026-08-17
VINDHYATEL,2486.6,34.97,15.12,56.32,68.01,0.527,TELECOM,38.75,98.28913601368691,97.46554024010672,93.98652151373769,34.2797256097561,98.84516680923866,94.11,2026-08-17
VINEETLAB,37.36,,,,,1.459,OTHER,,,,,82.66006097560977,,51.63,2026-08-17
VINNY,1.06,-0.93,-12.4,-7.02,-20.3,0.591,TEXTILES,1.03,44.6535500427716,22.67674522009782,29.86003110419907,39.27210365853659,56.629597946963216,37.73,2026-08-17
VINYLINDIA,236.57,-5.82,-5.52,-11.23,,0.447,CHEMICALS,-6.78,23.52437981180496,13.65051133837261,,27.248475609756095,17.04448246364414,25.57,2026-08-17
VIPCLOTHNG,20.59,,,-24.44,-43.18,1.0,OTHER,,,2.6233881725211203,7.672369103162261,67.64481707317073,,30.57,2026-08-17
VIPIND,300.5,1.2,-7.15,-0.68,-27.33,1.034,REALTY,2.94,56.971770744225836,39.97332147621165,21.82477967858994,71.89405487804879,65.65440547476476,47.74,2026-08-17
VIRAT,335.0,,,,,1.0,OTHER,,,,,67.64481707317073,,50.88,2026-08-17
VIRINCHI,15.03,-2.59,-12.72,,,0.952,IT,-0.47,37.1043627031651,,,62.57621951219512,45.27373823781009,45.41,2026-08-17
VIRTUALG,0.41,,,,,1.0,OTHER,,,,,67.64481707317073,,50.88,2026-08-17
VISACHROME,38.41,,,,,1.0,OTHER,,,,,67.64481707317073,,50.88,2026-08-17
VISAKAIND,92.0,11.6,19.6,21.37,,0.82,TEXTILES,13.56,87.61762189905903,84.0818141396176,,55.849847560975604,89.00769888793842,77.83,2026-08-17
VISHAL,18.12,,,,,1.0,OTHER,,,,,67.64481707317073,,50.88,2026-08-17
VISHNU,618.25,-0.38,2.73,7.9,23.46,0.683,CHEMICALS,-1.34,46.877673224978615,64.56202756780792,80.76723691031623,46.551067073170735,40.88964927288281,57.16,2026-08-17
VISHWARAJ,5.37,0.0,-5.62,,-38.91,0.985,FMCG,0.01,49.0590248075278,,10.549507516848108,64.04344512195121,50.38494439692045,42.54,2026-08-17
VISL,37.97,9.84,,,,1.389,OTHER,8.01,85.28656971770744,,,81.36432926829268,81.22326775021385,68.6,2026-08-17
VIVIDHA,0.53,1.92,1.92,3.92,-36.9,0.488,TEXTILES,3.88,61.612489307100084,53.179190751445084,12.441679626749611,30.887957317073173,69.1830624465355,49.27,2026-08-17
VIVOBIOT,19.68,,,,,1.0,OTHER,,,,,67.64481707317073,,50.88,2026-08-17
VIYASH,252.15,-8.99,1.94,12.3,,1.177,PHARMA,-6.97,13.64414029084688,73.14361938639395,,76.63871951219512,16.57399486740804,39.38,2026-08-17
VLSFINANCE,256.6,2.03,7.24,7.59,12.77,1.107,FINANCIAL_SERVICES,3.37,62.23267750213858,63.539350822587814,73.56143079315707,74.54268292682927,67.34388366124892,66.21,2026-08-17
VMART,792.3,5.92,8.25,23.57,7.19,0.338,RETAIL,6.95,76.09067579127459,85.72698977323255,68.27371695178849,17.22560975609756,79.21300256629597,74.46,2026-08-17
VMM,105.5,-6.19,-9.79,-11.34,-31.11,0.938,RETAIL,-5.16,21.92044482463644,13.472654513116941,17.31467081389321,62.0045731707317,22.583404619332764,20.99,2026-08-17
VMSTMT,49.85,,,,,0.448,OTHER,,,,,27.34375,,48.87,2026-08-17
VOEPL,490.4,4.17,,,,0.326,OTHER,2.34,70.74422583404619,,,16.38719512195122,62.76732249786142,57.49,2026-08-17
VOGL,37.66,3.4,,,,0.618,OTHER,1.57,68.19931565440548,,,41.84451219512195,59.4311377245509,57.38,2026-08-17
VOITHPAPR,1414.1,,,,,1.0,OTHER,,,,,67.64481707317073,,50.88,2026-08-17
VOLTAMP,10001.0,6.42,0.54,5.26,26.68,0.211,CAPITAL_GOODS,8.86,77.43798118049615,57.625611382836816,82.37428719543806,7.907774390243902,83.27630453378957,70.87,2026-08-17
VOLTAS,1267.0,-7.78,-4.56,2.95,-5.96,5.729,FMCG,-7.77,17.08725406330197,49.799911071587374,48.15966822187662,97.9420731707317,13.943541488451668,35.05,2026-08-17
VPRPL,34.92,,,,-76.18,0.571,OTHER,,,,1.9699326075686883,37.84298780487805,,39.79,2026-08-17
VRAJ,121.5,-16.87,-2.72,-2.71,-19.36,0.701,METAL,-16.67,2.4379811804961506,33.52601156069364,31.104199066874028,47.86585365853659,2.095808383233533,18.16,2026-08-17
VRLLOG,296.2,28.82,23.91,19.41,6.83,0.275,LOGISTICS,29.62,97.21984602224123,81.7696754112939,67.75531363400725,12.214176829268293,97.24123182207013,83.22,2026-08-17
VSSL,361.55,21.57,27.35,28.99,45.46,1.426,METAL,21.77,94.82463644140292,89.10626945309026,89.26905132192846,82.01219512195121,94.5038494439692,91.6,2026-08-17
VSTIND,214.5,-8.78,-17.17,-17.56,-20.99,0.401,FMCG,-8.77,14.20017108639863,5.891507336594041,28.978745463970967,22.99923780487805,11.46278870829769,15.11,2026-08-17
VSTL,106.87,-4.1,-12.4,-13.16,-34.93,1.326,METAL,-3.9,31.394354148845167,10.51578479324144,13.893208916537066,80.44969512195121,26.53977758768178,24.4,2026-08-17
VSTTILLERS,4527.4,-1.5,-1.5,-5.16,-15.95,0.791,AUTO,-3.76,42.536355859709154,26.300578034682083,35.66614826334889,53.75381097560976,27.28828058169376,35.38,2026-08-17
VTL,605.25,-4.81,-4.21,-0.28,51.96,0.421,TEXTILES,-2.84,28.100940975192472,40.684748777234326,91.75738724727839,24.885670731707318,31.736526946107784,44.36,2026-08-17
VTMLTD,46.94,,,,,1.0,OTHER,,,,,67.64481707317073,,50.88,2026-08-17
WAAREEENER,2707.0,-4.36,-11.67,-10.42,-17.1,0.472,CAPITAL_GOODS,-1.92,30.196749358426008,15.206758559359715,34.13685847589424,29.878048780487802,36.33447390932421,28.14,2026-08-17
WAAREEINDO,300.35,-22.58,-24.46,,,0.464,CAPITAL_GOODS,-20.14,1.0692899914456802,,,29.23018292682927,1.3686911890504705,24.54,2026-08-17
WAAREERTL,896.95,-10.59,-7.58,-4.82,-12.46,0.532,CAPITAL_GOODS,-8.15,9.345594525235244,27.389951089373056,39.968895800933126,34.832317073170735,12.76732249786142,21.77,2026-08-17
WABAG,1897.6,-7.63,8.17,36.9,24.66,0.619,INFRASTRUCTURE,-3.23,17.621899059024805,92.70787016451756,81.5966822187662,41.958841463414636,29.83319076133447,52.24,2026-08-17
WAKEFIT,124.63,-4.5,0.47,-13.0,,0.178,REALTY,-2.76,29.4054747647562,10.84926634059582,,5.640243902439025,32.27117194183062,28.13,2026-08-17
WALCHANNAG,223.91,-10.38,-15.49,-3.84,,1.422,FINANCIAL_SERVICES,-9.04,10.008554319931566,30.45798132503335,,81.9359756097561,10.906757912745936,26.85,2026-08-17
WANBURY,250.7,-26.95,-6.63,,-12.08,0.432,PHARMA,-24.93,0.7698887938408896,,40.35769828926905,26.21951219512195,0.7271171941830624,22.26,2026-08-17
WARDINMOBI,6.25,,,,,1.0,OTHER,,,,,67.64481707317073,,50.88,2026-08-17
WATERBASE,47.11,,,,,1.0,OTHER,,,,,67.64481707317073,,50.88,2026-08-17
WCIL,87.99,-7.54,-11.9,-11.6,-31.49,1.725,LOGISTICS,-6.74,17.98545765611634,12.98354824366385,16.796267496111973,86.4329268292683,17.236954662104363,19.81,2026-08-17
WEALTH,876.75,-9.15,-9.8,-3.11,-28.93,1.496,FINANCIAL_SERVICES,-7.81,13.109495295124038,32.54779902178746,19.854847071021254,83.34603658536585,13.686911890504705,22.92,2026-08-17
WEBELSOLAR,82.8,-16.64,-21.98,-19.95,-93.39,2.325,CAPITAL_GOODS,-14.2,2.5662959794696323,4.224099599822143,0.36288232244686364,91.97789634146342,3.2506415739948675,7.11,2026-08-17
WEIZMANIND,77.29,-2.16,-10.53,-8.98,-28.27,0.423,TEXTILES,-0.2,39.114627887082975,18.986216096042686,20.42509072058061,25.190548780487802,47.7972626176219,30.95,2026-08-17
WEL,145.74,43.69,54.86,41.58,11.09,0.459,FMCG,43.7,99.31565440547476,94.21965317919076,71.90254017625712,28.56326219512195,99.23011120615911,89.01,2026-08-17
WELCORP,1882.0,11.76,36.99,43.77,115.25,0.288,METAL,11.96,87.8956372968349,94.75322365495776,98.4447900466563,13.052591463414634,86.99743370402054,87.84,2026-08-17
WELENT,569.4,-8.93,2.97,11.48,21.68,0.46,METAL,-8.73,13.815226689478186,71.58737216540685,80.09331259720062,28.772865853658537,11.676646706586826,41.94,2026-08-17
WELSPLSOL,48.47,-9.25,-11.02,13.33,,0.357,METAL,-9.05,12.83147989734816,74.87772343263673,,19.264481707317074,10.86398631308811,35.8,2026-08-17
WELSPUNLIV,168.15,2.03,15.35,19.24,47.14,2.064,TEXTILES,3.99,62.23267750213858,81.45842596709649,89.83929497148782,90.54878048780488,69.67493584260052,75.09,2026-08-17
WENDT,8110.0,4.22,3.93,17.67,-18.05,0.587,CAPITAL_GOODS,6.66,70.95808383233533,79.9466429524233,32.68532918610679,38.92911585365854,78.20786997433704,65.04,2026-08-17
WESTLIFE,579.6,22.52,26.07,22.49,-18.15,0.56,HOSPITALITY,24.74,94.99572284003422,85.1044908848377,32.55572835666148,36.92835365853659,95.74422583404619,77.24,2026-08-17
WEWIN,46.0,,,,-9.91,1.0,OTHER,,,,43.856920684292376,67.64481707317073,,49.65,2026-08-17
WEWORK,707.8,-2.78,10.69,42.63,,0.667,REALTY,-1.04,36.377245508982035,94.44197421076034,,45.61737804878049,42.42942686056458,54.99,2026-08-17
WHEELS,1417.5,-4.42,-11.28,-3.39,91.5,0.619,AUTO,-6.68,29.769033361847736,31.702979101823033,96.63037843442198,41.958841463414636,17.34388366124893,42.37,2026-08-17
WHIRLPOOL,777.35,0.03,-1.05,-9.11,-39.51,0.3,FMCG,0.04,49.443969204448244,18.54157403290351,10.005184033177812,13.891006097560975,50.68434559452524,32.24,2026-08-17
WILLAMAGOR,24.93,-3.22,-9.54,-7.74,-25.36,0.665,FINANCIAL_SERVICES,-1.88,34.64499572284004,21.74299688750556,24.05391394504925,45.35060975609756,36.50556030795552,30.12,2026-08-17
WINDLAS,933.4,9.78,12.57,19.76,-5.36,0.405,PHARMA,11.8,85.13686911890504,82.12538906180524,48.91135303265941,23.323170731707318,86.74080410607357,74.29,2026-08-17
WINDMACHIN,300.4,-2.04,-8.54,5.37,-9.74,0.168,CAPITAL_GOODS,0.4,39.52095808383233,58.15918185860382,44.19388284085018,5.08765243902439,53.40034217279727,45.48,2026-08-17
WIPL,165.97,1.95,8.02,8.63,7.63,2.641,REALTY,3.69,61.762189905902474,66.42952423299245,68.89580093312597,93.48323170731707,68.69118905047048,66.98,2026-08-17
WIPRO,181.9,2.34,-0.42,-4.26,-27.83,0.324,IT,4.46,64.11462788708297,28.9239662072032,21.124935199585277,16.139481707317074,71.00085543199316,45.35,2026-08-17
WOCKPHARMA,1898.8,1.19,-1.06,22.83,29.15,0.51,PHARMA,3.21,56.886227544910184,85.3268119164073,83.64437532400207,32.8125,66.6809238665526,69.61,2026-08-17
WONDERLA,468.7,-0.33,-4.09,-0.8,-24.77,0.946,HOSPITALITY,1.89,47.30538922155689,39.63983992885727,24.52047693105236,62.4047256097561,60.52181351582549,43.57,2026-08-17
WORTHPERI,155.29,8.94,22.22,13.52,,0.485,CHEMICALS,7.98,83.76817792985459,75.18897287683414,,30.640243902439025,81.09495295124037,71.81,2026-08-17
WPIL,433.9,-4.65,-7.5,2.14,,0.627,CAPITAL_GOODS,-2.21,28.74251497005988,47.93241440640285,,42.33993902439025,34.858853721129165,39.39,2026-08-17
WSI,60.83,-1.35,-11.85,-11.88,-20.2,1.807,INFRASTRUCTURE,3.05,43.04961505560308,12.49444197421076,29.91187143597719,87.46189024390245,66.08212147134303,38.46,2026-08-17
WSTCSTPAPR,605.5,15.06,17.68,29.63,16.42,0.455,CHEMICALS,14.1,90.46193327630453,89.46198310360161,76.64593053395542,28.10594512195122,89.56372968349017,84.2,2026-08-17
XCHANGING,61.72,-5.37,-3.79,-4.15,-30.57,0.997,IT,-3.25,25.449101796407188,29.390840373499334,17.988595127008814,64.42454268292683,29.769033361847736,27.54,2026-08-17
XELPMOC,79.48,-4.38,-8.77,-19.45,-10.6,1.633,IT,-2.26,30.11120615911035,4.535349044019564,43.07931570762053,85.3467987804878,34.4311377245509,29.72,2026-08-17
XPROINDIA,1103.7,-21.15,-20.81,1.73,-1.18,0.307,CHEMICALS,-22.1,1.4114627887082978,47.176522899066256,54.22498703991706,14.82469512195122,0.9837467921300257,24.02,2026-08-17
XTGLOBAL,29.68,5.36,1.44,-4.69,-15.15,0.349,IT,7.48,75.04277159965783,27.76789684304135,36.65111456713323,18.31173780487805,80.28229255774167,53.5,2026-08-17
XTRANET,158.7,,,,,0.79,OTHER,,,,,53.65853658536586,,50.18,2026-08-17
YASHO,4362.3,45.39,60.15,157.23,140.69,0.726,CHEMICALS,44.44,99.48674080410608,100.0,99.1187143597719,49.86661585365854,99.27288280581695,97.03,2026-08-17
YATHARTH,842.85,-1.91,1.78,3.34,19.2,0.681,HEALTHCARE,-2.7,40.07698887938409,50.84481991996442,78.84914463452566,46.39862804878049,32.5491873396065,49.71,2026-08-17
YATRA,113.95,4.51,5.39,20.63,-22.97,0.565,HOSPITALITY,6.73,72.26261762189907,83.21476211649622,26.43856920684292,37.4047256097561,78.69974337040205,65.06,2026-08-17
YESBANK,22.92,-3.49,-4.06,3.85,20.95,0.98,BANKING,-3.16,33.42600513259196,52.84570920409071,79.88595127008813,63.75762195121951,30.196749358426008,48.61,2026-08-17
YUKEN,821.95,8.64,19.24,19.58,-15.58,0.329,CAPITAL_GOODS,11.08,83.04106073567151,81.88083592707869,36.13271124935199,16.80640243902439,86.24893071000855,70.54,2026-08-17
ZAGGLE,160.48,-23.77,-23.77,-23.81,-59.57,11.142,IT,-21.65,1.0265183917878529,2.8012449977767897,3.3696215655780195,99.5045731707317,1.0692899914456802,6.87,2026-08-17
ZEEL,104.87,-0.9,-5.68,18.71,-11.3,1.705,MEDIA,1.57,44.696321642429425,81.05824811027124,41.809227579056504,86.1280487804878,59.4311377245509,57.49,2026-08-17
ZEEMEDIA,9.7,18.58,16.73,,-22.65,2.924,MEDIA,21.05,93.28485885372113,,26.931052358735098,94.6265243902439,94.22583404619333,69.4,2026-08-17
ZENITHEXPO,204.51,-1.2,-1.01,0.96,-11.65,0.786,TEXTILES,0.76,43.73396065012832,44.28634948866163,41.08346293416278,53.35365853658537,55.28229255774166,45.56,2026-08-17
ZENITHSTL,5.48,-1.08,-6.48,-9.42,,1.021,METAL,-0.88,44.22583404619333,18.008003557136504,,71.4748475609756,43.00684345594525,40.01,2026-08-17
ZENSARTECH,490.75,-7.66,5.72,0.48,-39.0,0.254,FMCG,-7.65,17.493584260051325,43.4415295686972,10.419906687402799,10.804115853658537,14.20017108639863,21.74,2026-08-17
ZENTEC,1864.5,3.03,0.53,19.91,23.96,0.907,DEFENCE,0.0,66.830624465355,82.21431747443309,81.23379989631934,60.30868902439024,50.0,70.71,2026-08-17
ZFCVINDIA,2623.7,12.58,-82.37,-81.93,-81.61,0.563,FINANCIAL_SERVICES,13.92,88.49443969204448,0.4001778568252557,1.4515292897874545,37.29039634146341,89.39264328485885,46.64,2026-08-17
ZFSTEERING,673.6,-2.09,-3.86,-6.72,,0.315,AUTO,-4.35,39.3071000855432,23.477100933748332,,15.377286585365853,25.235243798118052,34.18,2026-08-17
ZIMLAB,115.2,,,,55.36,1.0,OTHER,,,,92.17210990150338,67.64481707317073,,59.32,2026-08-17
ZODIAC,256.25,,,,,1.075,OTHER,,,,,73.4375,,51.17,2026-08-17
ZODIACLOTH,75.6,-5.26,3.42,-1.32,-22.09,0.582,TEXTILES,-3.3,26.00513259195894,38.5504668741663,27.371695178849144,38.64329268292683,29.57656116338751,30.58,2026-08-17
ZOTA,1111.4,-18.88,-8.93,-7.98,-7.71,2.408,PHARMA,-16.86,1.7964071856287425,21.05380168963984,46.137895282529804,92.30182926829268,1.9674935842600514,20.03,2026-08-17
ZSARACOM,12841.0,1.76,34.5,29.71,,0.627,FINANCIAL_SERVICES,3.1,60.457656116338754,89.55091151622943,,42.33993902439025,66.27459366980325,65.61,2026-08-17
ZUARI,222.71,-5.15,-5.15,-1.45,-41.81,0.73,CHEMICALS,-6.1,26.603934987168522,38.15028901734104,8.527734577501295,50.0952743902439,19.332763045337895,25.96,2026-08-17
ZUARIIND,256.45,-3.43,-2.88,1.85,-20.53,0.924,FMCG,-3.42,33.66124893071001,47.309915518008005,29.44530844997408,61.28048780487805,28.97775876817793,36.91,2026-08-17
ZYDUSLIFE,1131.5,-1.94,4.89,11.84,14.54,1.286,PHARMA,0.08,39.970059880239525,72.56558470431303,75.27216174183515,79.4969512195122,51.047904191616766,58.82,2026-08-17
ZYDUSWELL,510.15,-15.24,-0.07,1.59,-74.65,0.312,FMCG,-15.23,3.20786997433704,46.776345042241,2.1254536029030584,15.091463414634147,2.7159965782720277,14.4,2026-08-17
