symbol,close_now,high_52w,low_52w,prox_52w_high,prox_52w_low,dma_20,dma_50,dma_200,vs_dma_20,vs_dma_50,vs_dma_200,trend_signal,vol_20d_avg,rsi,rsi_signal,macd_line,macd_signal,macd_hist,macd_cross,atr_14,atr_pct,bb_upper,bb_lower,bb_mid,bb_pct,bb_width,bb_signal,bb_squeeze,obv_signal,adx,adx_plus_di,adx_minus_di,adx_strength,adx_direction,as_of_date
20MICRONS,196.03,246.61,129.61,-20.51,51.25,201.99,195.5,184.8,-2.95,0.27,6.08,UPTREND,214102.0,45.24,NEUTRAL,0.9225,2.8101,-1.8876,BEARISH,9.0972,4.64,213.52,190.46,201.99,24.15,11.41,MID_BAND,False,DISTRIBUTING,36.9,23.05,11.62,STRONG_TREND,BULLISH,2026-08-03
21STCENMGM,40.97,57.98,28.25,-29.34,45.03,35.13,33.78,37.55,16.62,21.28,9.11,STRONG_UPTREND,6276.0,86.08,OVERBOUGHT,1.9967,1.3141,0.6826,BULLISH,1.0025,2.45,41.79,28.46,35.13,93.82,37.95,NEAR_UPPER,False,ACCUMULATING,39.28,47.02,6.94,STRONG_TREND,BULLISH,2026-08-03
360ONE,1147.8,1236.2,906.05,-7.15,26.68,1117.75,1107.05,1100.26,2.69,3.68,4.32,STRONG_UPTREND,1473876.0,56.97,BULLISH,10.5292,6.5594,3.9697,BULLISH,33.5199,2.92,1164.55,1070.95,1117.75,82.11,8.37,MID_BAND,False,DISTRIBUTING,11.04,22.26,15.89,RANGING,BULLISH,2026-08-03
3BBLACKBIO,1248.1,1441.5,1085.0,-13.42,15.03,1241.39,1212.97,,0.54,2.9,,INSUFFICIENT_DATA,12503.0,51.31,NEUTRAL,15.2444,16.9663,-1.7218,BEARISH_CROSS,51.8332,4.15,1337.84,1144.95,1241.39,53.48,15.54,MID_BAND,False,ACCUMULATING,21.62,15.49,12.92,MODERATE_TREND,BULLISH,2026-08-03
3IINFOLTD,24.39,26.4,12.68,-7.61,92.35,19.84,18.3,16.54,22.93,33.28,47.46,STRONG_UPTREND,1203848.0,85.78,OVERBOUGHT,1.4533,0.9659,0.4874,BULLISH,0.9793,4.02,23.87,15.82,19.84,106.45,40.58,NEAR_UPPER,False,ACCUMULATING,50.55,46.53,5.11,STRONG_TREND,BULLISH,2026-08-03
3MINDIA,35955.0,38030.0,28730.0,-5.46,25.15,35347.25,33862.9,33869.25,1.72,6.18,6.16,STRONG_UPTREND,4238.0,59.37,BULLISH,388.6318,498.8825,-110.2507,BEARISH,985.0061,2.74,36482.52,34211.98,35347.25,76.77,6.42,MID_BAND,False,DISTRIBUTING,12.72,19.1,15.88,RANGING,BULLISH,2026-08-03
3PLAND,31.63,52.9,28.51,-40.21,10.94,32.07,32.03,34.8,-1.37,-1.25,-9.11,DOWNTREND,3326.0,44.8,BEARISH,-0.1273,-0.1008,-0.0265,BEARISH,1.5017,4.75,32.85,31.28,32.07,22.4,4.92,SQUEEZE,True,ACCUMULATING,19.47,17.89,9.03,RANGING,BULLISH,2026-08-03
5PAISA,353.25,400.0,245.5,-11.69,43.89,367.94,347.43,328.15,-3.99,1.68,7.65,UPTREND,58602.0,46.45,NEUTRAL,0.0202,4.7175,-4.6973,BEARISH,13.4694,3.81,393.43,342.44,367.94,21.19,13.86,MID_BAND,False,DISTRIBUTING,21.55,21.22,22.98,MODERATE_TREND,BEARISH,2026-08-03
63MOONS,897.05,1029.9,467.0,-12.9,92.09,742.18,687.34,676.67,20.87,30.51,32.57,STRONG_UPTREND,1730179.0,73.93,OVERBOUGHT,47.9208,27.78,20.1408,BULLISH,45.5921,5.08,884.23,600.13,742.18,104.51,38.28,NEAR_UPPER,False,ACCUMULATING,30.25,43.22,9.31,STRONG_TREND,BULLISH,2026-08-03
A2ZINFRA,17.1,19.39,12.0,-11.81,42.5,13.45,13.92,,27.14,22.84,,INSUFFICIENT_DATA,374900.0,73.44,OVERBOUGHT,0.2592,-0.1975,0.4567,BULLISH,0.9214,5.39,15.86,11.03,13.45,125.76,35.87,NEAR_UPPER,False,DISTRIBUTING,18.89,38.75,9.73,RANGING,BULLISH,2026-08-03
AAATECH,90.6,136.0,76.11,-33.38,19.04,92.18,94.0,,-1.71,-3.62,,INSUFFICIENT_DATA,13669.0,44.04,BEARISH,-1.5315,-1.3611,-0.1704,BEARISH,2.8964,3.2,97.27,87.09,92.18,34.48,11.05,MID_BAND,False,DISTRIBUTING,32.36,14.34,23.63,STRONG_TREND,BEARISH,2026-08-03
AADHARHFC,504.15,563.0,430.15,-10.45,17.2,512.7,499.49,484.82,-1.67,0.93,3.99,UPTREND,342212.0,48.66,NEUTRAL,-3.2518,-0.3491,-2.9027,BEARISH,14.8129,2.94,543.93,481.47,512.7,36.31,12.18,MID_BAND,False,DISTRIBUTING,15.52,22.78,18.33,RANGING,BULLISH,2026-08-03
AAKASH,8.98,13.4,7.21,-32.99,24.55,9.0,9.08,,-0.22,-1.1,,INSUFFICIENT_DATA,130864.0,49.54,NEUTRAL,-0.0215,-0.0103,-0.0112,BEARISH,0.4895,5.45,9.36,8.64,9.0,47.38,8.05,MID_BAND,False,ACCUMULATING,32.12,20.07,12.51,STRONG_TREND,BULLISH,2026-08-03
AARNAV,30.44,37.4,21.0,-18.61,44.95,28.52,26.25,,6.73,15.96,,INSUFFICIENT_DATA,164603.0,57.63,BULLISH,1.4863,1.3784,0.1079,BULLISH,2.318,7.61,33.75,23.29,28.52,68.34,36.7,MID_BAND,False,DISTRIBUTING,40.02,30.34,11.47,STRONG_TREND,BULLISH,2026-08-03
AARON,131.6,258.0,106.8,-48.99,23.22,123.73,121.13,150.38,6.36,8.64,-12.49,DOWNTREND,58815.0,56.69,BULLISH,4.0725,2.5434,1.5292,BULLISH,7.4546,5.66,143.16,104.31,123.73,70.25,31.4,MID_BAND,False,ACCUMULATING,30.65,31.11,15.65,STRONG_TREND,BULLISH,2026-08-03
AARTIDRUGS,407.25,534.55,318.95,-23.81,27.68,408.9,390.12,390.32,-0.4,4.39,4.34,UPTREND,227831.0,52.62,NEUTRAL,7.2932,8.3558,-1.0627,BEARISH,13.3101,3.27,431.88,385.93,408.91,46.4,11.24,MID_BAND,False,ACCUMULATING,32.03,24.04,14.85,STRONG_TREND,BULLISH,2026-08-03
AARTIIND,486.8,523.1,338.05,-6.94,44.0,485.7,476.81,428.19,0.23,2.1,13.69,STRONG_UPTREND,1292061.0,52.09,NEUTRAL,2.3602,3.3576,-0.9974,BEARISH,16.2352,3.34,506.6,464.8,485.7,52.63,8.61,MID_BAND,False,ACCUMULATING,13.5,27.76,18.87,RANGING,BULLISH,2026-08-03
AARTIPHARM,675.8,946.1,585.0,-28.57,15.52,691.8,674.59,712.78,-2.31,0.18,-5.19,DOWNTREND,134626.0,46.7,NEUTRAL,-3.7544,-0.2968,-3.4576,BEARISH,22.1379,3.28,728.98,654.63,691.8,28.48,10.75,MID_BAND,False,DISTRIBUTING,17.02,20.45,23.86,RANGING,BEARISH,2026-08-03
AARTISURF,481.0,516.6,316.0,-6.89,52.22,391.7,383.9,399.42,22.8,25.29,20.42,STRONG_UPTREND,15280.0,76.74,OVERBOUGHT,10.1605,3.774,6.3866,BULLISH,19.5535,4.07,436.75,346.65,391.7,149.12,23.0,NEAR_UPPER,False,ACCUMULATING,20.73,44.88,8.22,MODERATE_TREND,BULLISH,2026-08-03
AARVI,155.21,168.4,97.3,-7.83,59.52,152.52,144.15,131.24,1.76,7.67,18.26,STRONG_UPTREND,74246.0,55.42,BULLISH,3.2287,3.7823,-0.5537,BEARISH,9.049,5.83,164.2,140.84,152.52,61.52,15.32,MID_BAND,False,ACCUMULATING,36.24,24.33,9.44,STRONG_TREND,BULLISH,2026-08-03
AASTHA,76.12,140.01,74.4,-45.63,2.31,,,,,,,INSUFFICIENT_DATA,9181419.0,,,,,,,,,,,,,,,False,,,,,,,2026-08-03
AAVAS,1439.0,1771.9,1060.4,-18.79,35.7,1450.48,1421.54,1404.55,-0.79,1.23,2.45,UPTREND,78130.0,51.08,NEUTRAL,-17.5473,-7.1964,-10.3509,BEARISH,45.8276,3.18,1570.44,1330.52,1450.48,45.21,16.54,MID_BAND,False,DISTRIBUTING,23.54,22.7,25.48,MODERATE_TREND,BEARISH,2026-08-03
ABB,7601.0,7924.5,4637.5,-4.08,63.9,7249.98,7121.28,6125.04,4.84,6.74,24.1,STRONG_UPTREND,470663.0,63.24,BULLISH,102.2081,99.8415,2.3666,BULLISH_CROSS,237.2109,3.12,7843.05,6656.9,7249.98,79.59,16.36,MID_BAND,False,ACCUMULATING,24.64,30.98,13.47,MODERATE_TREND,BULLISH,2026-08-03
ABBOTINDIA,27895.0,34060.0,25150.0,-18.1,10.91,27736.75,26851.8,27333.62,0.57,3.89,2.05,STRONG_UPTREND,11656.0,56.88,BULLISH,351.0672,427.85,-76.7827,BEARISH,504.918,1.81,29087.01,26386.49,27736.75,55.86,9.74,MID_BAND,False,ACCUMULATING,26.46,22.13,15.0,MODERATE_TREND,BULLISH,2026-08-03
ABCAPITAL,424.35,430.7,267.25,-1.47,58.78,400.9,382.58,351.13,5.85,10.92,20.85,STRONG_UPTREND,4119610.0,64.63,BULLISH,5.8744,5.7753,0.0991,BULLISH_CROSS,11.9399,2.81,417.31,384.5,400.9,121.48,8.18,NEAR_UPPER,False,ACCUMULATING,16.72,32.29,18.66,RANGING,BULLISH,2026-08-03
ABCOTS,200.91,504.0,196.81,-60.14,2.08,204.45,213.71,343.15,-1.73,-5.99,-41.45,DOWNTREND,22105.0,37.57,BEARISH,-5.5578,-5.9341,0.3762,BULLISH,7.6001,3.78,213.17,195.73,204.45,29.69,8.53,MID_BAND,False,DISTRIBUTING,14.33,15.91,14.51,RANGING,BULLISH,2026-08-03
ABDL,619.55,711.7,382.1,-12.95,62.14,632.6,617.05,558.07,-2.06,0.41,11.02,UPTREND,414718.0,47.38,NEUTRAL,0.0684,1.8892,-1.8207,BEARISH,23.7312,3.83,676.42,588.79,632.61,35.1,13.85,SQUEEZE,True,DISTRIBUTING,18.77,19.91,24.64,RANGING,BEARISH,2026-08-03
ABFRL,62.41,94.95,53.51,-34.27,16.63,58.46,60.15,67.03,6.76,3.76,-6.89,DOWNTREND,5049297.0,63.09,BULLISH,-0.2017,-0.7414,0.5397,BULLISH,2.0142,3.23,61.66,55.25,58.46,111.63,10.97,NEAR_UPPER,False,ACCUMULATING,14.8,28.06,15.58,RANGING,BULLISH,2026-08-03
ABINFRA,10.06,23.56,8.82,-57.3,14.06,10.2,10.62,16.04,-1.37,-5.27,-37.28,DOWNTREND,2140009.0,40.74,BEARISH,-0.2287,-0.2638,0.0351,BULLISH,0.5482,5.45,10.56,9.83,10.2,31.33,7.2,MID_BAND,False,DISTRIBUTING,34.1,25.25,10.72,STRONG_TREND,BULLISH,2026-08-03
ABLBL,95.91,151.33,87.91,-36.62,9.1,95.19,97.41,109.2,0.76,-1.54,-12.17,DOWNTREND,765575.0,50.07,NEUTRAL,-0.7848,-0.9992,0.2144,BULLISH,2.4807,2.59,98.05,92.34,95.19,62.56,6.0,SQUEEZE,True,ACCUMULATING,11.22,17.79,20.39,RANGING,BEARISH,2026-08-03
ABMINTLLTD,42.51,62.85,34.0,-32.36,25.03,42.12,43.44,,0.93,-2.14,,INSUFFICIENT_DATA,2124.0,49.99,NEUTRAL,0.383,0.1777,0.2053,BULLISH,2.9905,7.03,45.32,38.92,42.12,56.05,15.2,MID_BAND,False,DISTRIBUTING,21.88,27.01,14.59,MODERATE_TREND,BULLISH,2026-08-03
ABMKNO,198.99,254.9,188.0,-21.93,5.85,200.85,208.94,,-0.93,-4.76,,INSUFFICIENT_DATA,1960.0,47.61,NEUTRAL,-4.6171,-4.7942,0.1771,BULLISH_CROSS,9.672,4.86,216.79,184.91,200.85,44.16,15.87,MID_BAND,False,DISTRIBUTING,17.73,14.76,18.15,RANGING,BEARISH,2026-08-03
ABREL,1432.1,1965.3,1080.1,-27.13,32.59,1414.89,1336.71,1434.58,1.22,7.14,-0.17,DOWNTREND,123891.0,56.93,BULLISH,15.207,20.2157,-5.0087,BEARISH,47.334,3.31,1470.62,1359.17,1414.89,65.44,7.88,MID_BAND,False,DISTRIBUTING,17.94,23.9,16.65,RANGING,BULLISH,2026-08-03
ABSLAMC,1017.8,1224.9,708.0,-16.91,43.76,1076.32,1092.85,925.52,-5.44,-6.87,9.97,CONSOLIDATING,356262.0,40.55,BEARISH,-32.6139,-24.5861,-8.0278,BEARISH,38.8285,3.81,1217.41,935.22,1076.32,29.26,26.22,MID_BAND,False,DISTRIBUTING,26.37,14.3,21.38,MODERATE_TREND,BEARISH,2026-08-03
ACC,1398.0,1987.0,1251.7,-29.64,11.69,1366.34,1359.85,1547.83,2.32,2.81,-9.68,DOWNTREND,184413.0,57.86,BULLISH,1.967,0.5746,1.3924,BULLISH_CROSS,31.7485,2.27,1403.6,1329.07,1366.34,92.49,5.45,NEAR_UPPER,False,ACCUMULATING,10.18,23.13,17.17,RANGING,BULLISH,2026-08-03
ACCELYA,1141.9,1527.0,1012.4,-25.22,12.79,1134.34,1126.94,1214.99,0.67,1.33,-6.02,DOWNTREND,8557.0,52.39,NEUTRAL,8.2563,7.7489,0.5074,BULLISH,27.3986,2.4,1180.38,1088.3,1134.34,58.21,8.12,MID_BAND,False,ACCUMULATING,26.14,16.7,11.32,MODERATE_TREND,BULLISH,2026-08-03
ACE,1105.4,1170.0,745.1,-5.52,48.36,1017.74,970.1,923.74,8.61,13.95,19.67,STRONG_UPTREND,769779.0,66.29,BULLISH,29.6725,23.2498,6.4227,BULLISH,38.4,3.47,1100.07,935.41,1017.74,103.24,16.18,NEAR_UPPER,False,ACCUMULATING,36.87,34.99,13.46,STRONG_TREND,BULLISH,2026-08-03
ACEINTEG,19.37,29.94,14.2,-35.3,36.41,20.04,20.4,20.19,-3.34,-5.05,-4.06,DOWNTREND,5108.0,43.52,BEARISH,-0.4056,-0.3126,-0.093,BEARISH,1.0588,5.47,21.54,18.55,20.04,27.41,14.9,MID_BAND,False,DISTRIBUTING,10.62,13.97,13.63,RANGING,BULLISH,2026-08-03
ACI,535.6,727.6,483.0,-26.39,10.89,547.83,537.73,561.16,-2.23,-0.4,-4.55,DOWNTREND,390568.0,46.16,NEUTRAL,3.0907,5.4878,-2.397,BEARISH,21.3047,3.98,586.1,509.56,547.83,34.02,13.97,MID_BAND,False,ACCUMULATING,28.36,25.23,20.46,MODERATE_TREND,BULLISH,2026-08-03
ACL,47.72,93.17,40.5,-48.78,17.83,48.69,51.61,,-1.99,-7.54,,INSUFFICIENT_DATA,15197.0,32.21,BEARISH,-1.1221,-1.1883,0.0662,BULLISH,1.7856,3.74,50.36,47.02,48.69,21.0,6.85,SQUEEZE,True,DISTRIBUTING,30.62,9.3,18.0,STRONG_TREND,BEARISH,2026-08-03
ACMESOLAR,371.1,398.65,195.9,-6.91,89.43,372.0,355.26,275.58,-0.24,4.46,34.66,UPTREND,2073282.0,53.6,NEUTRAL,1.6825,4.5155,-2.8329,BEARISH,15.0012,4.04,393.27,350.74,372.0,47.87,11.43,MID_BAND,False,DISTRIBUTING,25.93,17.49,16.81,MODERATE_TREND,BULLISH,2026-08-03
ACSTECH,40.21,47.07,31.71,-14.57,26.81,41.49,39.6,,-3.09,1.54,,INSUFFICIENT_DATA,210126.0,46.7,NEUTRAL,-0.2368,0.1332,-0.37,BEARISH,2.0788,5.17,44.85,38.13,41.49,30.97,16.19,MID_BAND,False,DISTRIBUTING,16.53,18.0,17.86,RANGING,BULLISH,2026-08-03
ACUTAAS,3116.4,3740.0,1282.7,-16.67,142.96,3427.41,3309.11,2371.04,-9.07,-5.82,31.44,CONSOLIDATING,424962.0,37.38,BEARISH,-38.0728,26.0369,-64.1097,BEARISH,156.5998,5.03,3769.55,3085.28,3427.41,4.55,19.96,NEAR_LOWER,False,DISTRIBUTING,33.0,11.7,31.21,STRONG_TREND,BEARISH,2026-08-03
ADANIENSOL,1647.0,1789.0,744.9,-7.94,121.1,1677.88,1581.37,1184.01,-1.84,4.15,39.1,UPTREND,2404011.0,51.8,NEUTRAL,27.3747,41.3683,-13.9936,BEARISH,54.1037,3.28,1746.16,1609.59,1677.88,27.39,8.14,MID_BAND,False,ACCUMULATING,33.05,19.25,14.09,STRONG_TREND,BULLISH,2026-08-03
ADANIENT,3068.0,3245.0,1753.0,-5.45,75.01,3098.21,3039.21,2426.41,-0.98,0.95,26.44,UPTREND,1400517.0,50.9,NEUTRAL,1.73,20.9066,-19.1766,BEARISH,73.1414,2.38,3235.7,2960.72,3098.21,39.01,8.88,MID_BAND,False,ACCUMULATING,22.16,16.51,21.12,MODERATE_TREND,BEARISH,2026-08-03
ADANIGREEN,1395.0,1631.5,765.0,-14.5,82.35,1470.87,1484.1,1139.9,-5.16,-6.0,22.38,CONSOLIDATING,2844116.0,40.98,BEARISH,-32.7557,-17.6918,-15.0639,BEARISH,50.4017,3.61,1628.35,1313.38,1470.87,25.91,21.41,MID_BAND,False,DISTRIBUTING,26.33,20.56,26.61,MODERATE_TREND,BEARISH,2026-08-03
ADANIPORTS,1701.0,1891.1,1290.5,-10.05,31.81,1788.1,1806.18,1577.21,-4.87,-5.82,7.85,CONSOLIDATING,2059613.0,35.78,BEARISH,-28.5658,-12.8363,-15.7295,BEARISH,41.4888,2.44,1896.28,1679.92,1788.1,9.74,12.1,NEAR_LOWER,False,DISTRIBUTING,22.32,11.84,30.65,MODERATE_TREND,BEARISH,2026-08-03
ADANIPOWER,213.65,254.2,116.22,-15.95,83.83,215.49,223.95,176.35,-0.85,-4.6,21.15,CONSOLIDATING,26727300.0,45.8,NEUTRAL,-3.2035,-2.9263,-0.2772,BEARISH,5.8842,2.75,224.19,206.79,215.49,39.43,8.07,MID_BAND,False,DISTRIBUTING,14.58,17.56,21.63,RANGING,BEARISH,2026-08-03
ADFFOODS,273.75,346.95,153.1,-21.1,78.8,301.2,295.58,231.84,-9.11,-7.39,18.08,CONSOLIDATING,243258.0,38.84,BEARISH,-5.2818,-0.3029,-4.9789,BEARISH,14.7593,5.39,332.49,269.91,301.2,6.13,20.77,NEAR_LOWER,False,DISTRIBUTING,27.42,13.52,30.99,MODERATE_TREND,BEARISH,2026-08-03
ADL,78.97,109.9,50.26,-28.14,57.12,71.05,71.48,73.32,11.15,10.48,7.71,STRONG_UPTREND,1163.0,63.55,BULLISH,0.5191,-0.001,0.5202,BULLISH_CROSS,4.247,5.38,75.65,66.45,71.05,136.17,12.94,NEAR_UPPER,False,DISTRIBUTING,13.4,31.47,16.49,RANGING,BULLISH,2026-08-03
ADOR,1503.3,1597.0,848.0,-5.87,77.28,1410.74,1274.61,1090.06,6.56,17.94,37.91,STRONG_UPTREND,85320.0,63.89,BULLISH,62.8207,66.0432,-3.2225,BEARISH,68.9098,4.58,1568.44,1253.03,1410.74,79.35,22.36,MID_BAND,False,ACCUMULATING,49.68,25.66,10.44,STRONG_TREND,BULLISH,2026-08-03
ADROITINFO,9.87,12.2,7.55,-19.1,30.73,9.22,9.15,9.72,7.05,7.87,1.54,STRONG_UPTREND,26717.0,65.95,BULLISH,0.175,0.0733,0.1017,BULLISH,0.6016,6.1,9.89,8.55,9.22,98.73,14.47,NEAR_UPPER,False,ACCUMULATING,31.31,25.35,8.03,STRONG_TREND,BULLISH,2026-08-03
ADSL,116.94,209.53,86.27,-44.19,35.55,118.09,120.51,130.12,-0.97,-2.96,-10.13,DOWNTREND,178177.0,46.94,NEUTRAL,-1.8945,-1.6239,-0.2706,BEARISH,4.4531,3.81,124.62,111.55,118.09,41.22,11.06,MID_BAND,False,DISTRIBUTING,14.15,27.25,19.15,RANGING,BULLISH,2026-08-03
ADVAIT,2359.2,2485.0,1351.0,-5.06,74.63,2210.9,2223.54,,6.71,6.1,,INSUFFICIENT_DATA,41972.0,59.05,BULLISH,23.5864,11.5166,12.0699,BULLISH,102.3579,4.34,2373.86,2047.94,2210.9,95.5,14.74,NEAR_UPPER,False,ACCUMULATING,17.65,29.91,17.69,RANGING,BULLISH,2026-08-03
ADVANCE,124.56,154.0,84.1,-19.12,48.11,113.96,107.99,116.16,9.3,15.34,7.23,STRONG_UPTREND,382221.0,69.38,BULLISH,3.66,2.5791,1.0808,BULLISH,5.4225,4.35,123.75,104.17,113.96,104.14,17.18,NEAR_UPPER,False,ACCUMULATING,33.25,31.37,9.15,STRONG_TREND,BULLISH,2026-08-03
ADVANIHOTR,51.56,68.39,47.0,-24.61,9.7,51.93,52.6,54.48,-0.71,-1.98,-5.36,DOWNTREND,20642.0,45.6,NEUTRAL,-0.4251,-0.3775,-0.0476,BEARISH,1.3592,2.64,53.14,50.72,51.93,34.73,4.67,MID_BAND,False,DISTRIBUTING,26.18,16.59,12.91,MODERATE_TREND,BULLISH,2026-08-03
ADVENTHTL,147.88,263.3,120.02,-43.84,23.21,147.07,141.82,,0.55,4.27,,INSUFFICIENT_DATA,208476.0,52.7,NEUTRAL,1.4223,1.4723,-0.05,BEARISH_CROSS,6.3388,4.29,153.04,141.09,147.07,56.81,8.12,SQUEEZE,True,ACCUMULATING,18.29,18.89,13.42,RANGING,BULLISH,2026-08-03
ADVENZYMES,323.75,419.0,251.95,-22.73,28.5,319.5,344.24,315.57,1.33,-5.95,2.59,CONSOLIDATING,259250.0,49.13,NEUTRAL,-7.2737,-8.6827,1.409,BULLISH,13.1359,4.06,332.83,306.17,319.5,65.95,8.34,MID_BAND,False,DISTRIBUTING,33.43,25.81,20.29,STRONG_TREND,BULLISH,2026-08-03
AEGISLOG,1388.3,1434.5,576.1,-3.22,140.98,1307.65,1095.86,800.78,6.17,26.69,73.37,STRONG_UPTREND,1864302.0,62.67,BULLISH,54.0602,70.2868,-16.2266,BEARISH,76.3144,5.5,1411.24,1204.06,1307.65,88.93,15.84,MID_BAND,False,ACCUMULATING,37.12,27.66,16.38,STRONG_TREND,BULLISH,2026-08-03
AEGISVOPAK,301.8,311.49,158.0,-3.11,91.01,288.21,246.98,228.42,4.72,22.2,32.13,STRONG_UPTREND,2878681.0,63.49,BULLISH,13.7581,15.226,-1.4679,BEARISH,14.1274,4.68,308.77,267.65,288.21,83.04,14.27,MID_BAND,False,ACCUMULATING,46.66,31.08,12.44,STRONG_TREND,BULLISH,2026-08-03
AEPL,14.32,20.25,13.25,-29.28,8.08,15.62,16.09,,-8.32,-11.0,,INSUFFICIENT_DATA,15818.0,31.62,BEARISH,-0.5835,-0.4437,-0.1398,BEARISH,0.8684,6.06,17.61,13.63,15.62,17.34,25.48,MID_BAND,False,DISTRIBUTING,46.23,5.1,24.67,STRONG_TREND,BEARISH,2026-08-03
AEQUS,233.66,274.39,113.3,-14.84,106.23,236.88,218.5,,-1.36,6.94,,INSUFFICIENT_DATA,7881700.0,53.36,NEUTRAL,1.7304,3.6774,-1.9471,BEARISH,11.187,4.79,256.52,217.25,236.88,41.79,16.58,MID_BAND,False,ACCUMULATING,21.05,24.15,24.19,MODERATE_TREND,BEARISH,2026-08-03
AEROENTER,123.3,149.55,62.2,-17.55,98.23,120.86,117.86,92.07,2.02,4.62,33.92,STRONG_UPTREND,604445.0,52.49,NEUTRAL,0.1684,0.6169,-0.4485,BEARISH,6.7226,5.45,126.14,115.58,120.86,73.1,8.74,SQUEEZE,True,ACCUMULATING,15.58,16.67,17.07,RANGING,BEARISH,2026-08-03
AEROFLEX,431.4,521.9,158.0,-17.34,173.04,419.22,437.07,280.16,2.91,-1.3,53.98,CONSOLIDATING,1562428.0,50.64,NEUTRAL,-0.5955,-2.8095,2.2139,BULLISH,23.3371,5.41,445.8,392.65,419.22,72.91,12.68,MID_BAND,False,ACCUMULATING,16.81,21.45,18.74,RANGING,BULLISH,2026-08-03
AERONEU,87.73,125.37,63.21,-30.02,38.79,87.39,88.99,79.56,0.39,-1.42,10.27,CONSOLIDATING,52397.0,49.52,NEUTRAL,-0.9892,-0.8894,-0.0998,BEARISH,4.4601,5.08,90.56,84.21,87.39,55.41,7.26,SQUEEZE,True,DISTRIBUTING,9.4,17.55,14.81,RANGING,BULLISH,2026-08-03
AEROPLANE,198.62,206.9,178.0,-4.0,11.58,,,,,,,INSUFFICIENT_DATA,556403.0,,,,,,,,,,,,,,,False,,,,,,,2026-08-03
AETHER,1509.5,1614.4,726.45,-6.5,107.79,1463.8,1302.73,1067.16,3.12,15.87,41.45,STRONG_UPTREND,484014.0,63.03,BULLISH,53.0783,56.5892,-3.5108,BEARISH,60.1572,3.99,1551.57,1376.02,1463.8,76.03,11.99,SQUEEZE,True,ACCUMULATING,45.73,34.25,8.59,STRONG_TREND,BULLISH,2026-08-03
AFCONS,275.95,479.4,265.8,-42.44,3.82,289.76,307.38,337.98,-4.77,-10.23,-18.35,DOWNTREND,1849921.0,35.14,BEARISH,-9.4724,-8.3695,-1.1029,BEARISH,8.8284,3.2,310.68,268.84,289.76,17.0,14.44,MID_BAND,False,ACCUMULATING,17.49,19.15,27.42,RANGING,BEARISH,2026-08-03
AFFLE,1663.0,2185.9,1251.3,-23.92,32.9,1530.59,1491.21,1554.61,8.65,11.52,6.97,STRONG_UPTREND,552221.0,64.82,BULLISH,39.0126,24.3858,14.6267,BULLISH,57.8007,3.48,1664.89,1396.28,1530.58,99.3,17.55,NEAR_UPPER,False,ACCUMULATING,24.11,32.28,15.34,MODERATE_TREND,BULLISH,2026-08-03
AFIL,9.22,9.93,3.92,-7.15,135.2,8.36,6.47,,10.29,42.5,,INSUFFICIENT_DATA,2670660.0,74.68,OVERBOUGHT,0.8906,0.8865,0.0041,BULLISH,0.4771,5.17,10.63,6.08,8.36,69.0,54.41,MID_BAND,False,DISTRIBUTING,45.25,27.83,12.92,STRONG_TREND,BULLISH,2026-08-03
AFSL,201.72,229.0,194.41,-11.91,3.76,201.3,201.15,202.12,0.21,0.28,-0.2,DOWNTREND,8333.0,56.35,BULLISH,-0.0126,-0.0195,0.0069,BULLISH_CROSS,1.3378,0.66,202.11,200.48,201.3,76.04,0.81,MID_BAND,False,ACCUMULATING,80.33,27.1,2.43,STRONG_TREND,BULLISH,2026-08-03
AGARIND,514.95,1006.0,360.0,-48.81,43.04,507.46,501.75,579.76,1.48,2.63,-11.18,DOWNTREND,244540.0,53.11,NEUTRAL,-2.0377,-1.8685,-0.1692,BEARISH,24.9398,4.84,543.27,471.65,507.46,60.46,14.11,MID_BAND,False,ACCUMULATING,20.69,32.73,17.92,MODERATE_TREND,BULLISH,2026-08-03
AGARWALEYE,483.3,568.0,401.0,-14.91,20.52,484.35,473.46,469.75,-0.22,2.08,2.88,UPTREND,86184.0,52.33,NEUTRAL,2.7325,3.988,-1.2556,BEARISH,15.4054,3.19,497.83,470.87,484.35,46.1,5.57,MID_BAND,False,DISTRIBUTING,17.75,19.19,15.15,RANGING,BULLISH,2026-08-03
AGI,704.25,967.0,465.0,-27.17,51.45,695.73,671.24,650.42,1.22,4.92,8.28,STRONG_UPTREND,123943.0,55.32,BULLISH,7.202,7.2154,-0.0134,BEARISH,22.4299,3.18,724.45,667.0,695.73,64.84,8.26,MID_BAND,False,ACCUMULATING,18.82,25.38,16.5,RANGING,BULLISH,2026-08-03
AGIIL,309.15,434.4,212.0,-28.83,45.83,326.17,351.17,309.91,-5.22,-11.97,-0.25,DOWNTREND,2442013.0,33.87,BEARISH,-13.1874,-12.3756,-0.8118,BEARISH,13.8357,4.48,356.52,295.81,326.17,21.97,18.61,MID_BAND,False,DISTRIBUTING,25.57,16.53,20.53,MODERATE_TREND,BEARISH,2026-08-03
AGL,12.46,13.5,12.03,-7.7,3.57,,,,,,,INSUFFICIENT_DATA,3442363.0,,,,,,,,,,,,,,,False,,,,,,,2026-08-03
AGROPHOS,29.18,44.4,23.9,-34.28,22.09,29.47,30.5,,-0.98,-4.33,,INSUFFICIENT_DATA,9606.0,44.37,BEARISH,-0.4219,-0.4235,0.0015,BULLISH_CROSS,1.1978,4.1,30.45,28.5,29.47,34.92,6.64,MID_BAND,False,DISTRIBUTING,35.06,6.17,16.82,STRONG_TREND,BEARISH,2026-08-03
AHCL,14.71,17.2,10.37,-14.48,41.84,15.19,15.11,,-3.16,-2.65,,INSUFFICIENT_DATA,4324933.0,44.42,BEARISH,-0.0812,0.0014,-0.0826,BEARISH,0.6488,4.41,15.97,14.41,15.19,19.3,10.31,MID_BAND,False,ACCUMULATING,20.8,18.66,22.8,MODERATE_TREND,BEARISH,2026-08-03
AHLADA,36.38,72.0,31.22,-49.47,16.53,37.81,39.12,45.64,-3.78,-7.0,-20.29,DOWNTREND,8916.0,37.0,BEARISH,-0.7763,-0.6963,-0.08,BEARISH,1.654,4.55,39.42,36.19,37.81,5.83,8.54,NEAR_LOWER,False,DISTRIBUTING,11.76,12.8,11.68,RANGING,BULLISH,2026-08-03
AHLEAST,143.12,175.3,127.25,-18.36,12.47,144.67,150.19,148.59,-1.07,-4.71,-3.68,DOWNTREND,4195.0,43.15,BEARISH,-1.6222,-1.6429,0.0207,BULLISH,5.4481,3.81,151.7,137.64,144.67,38.99,9.72,MID_BAND,False,ACCUMULATING,10.69,18.56,16.96,RANGING,BULLISH,2026-08-03
AHLUCONT,833.6,1077.95,645.15,-22.67,29.21,836.96,826.68,853.73,-0.4,0.84,-2.36,DOWNTREND,35853.0,50.27,NEUTRAL,-3.0186,-0.6508,-2.3678,BEARISH,25.1451,3.02,872.49,801.44,836.96,45.26,8.49,MID_BAND,False,ACCUMULATING,13.31,18.87,18.9,RANGING,BEARISH,2026-08-03
AIAENG,4684.6,5180.0,3001.1,-9.56,56.1,4669.63,4626.36,4007.64,0.32,1.26,16.89,STRONG_UPTREND,67776.0,52.7,NEUTRAL,-6.7626,8.7073,-15.4699,BEARISH,140.0016,2.99,4814.2,4525.06,4669.63,55.18,6.19,SQUEEZE,True,ACCUMULATING,17.29,18.52,17.99,RANGING,BULLISH,2026-08-03
AIIL,548.8,683.0,400.0,-19.65,37.2,534.15,516.76,517.73,2.74,6.2,6.0,STRONG_UPTREND,445420.0,55.43,BULLISH,8.7684,8.9533,-0.1849,BEARISH,22.5162,4.1,576.12,492.17,534.15,67.45,15.72,MID_BAND,False,ACCUMULATING,30.11,26.77,11.32,STRONG_TREND,BULLISH,2026-08-03
AIRAN,15.03,29.21,12.63,-48.55,19.0,15.34,16.03,17.07,-2.02,-6.24,-11.95,DOWNTREND,41337.0,34.39,BEARISH,-0.2896,-0.2942,0.0046,BULLISH_CROSS,0.4989,3.32,15.88,14.8,15.34,21.34,7.07,MID_BAND,False,DISTRIBUTING,12.45,12.05,13.24,RANGING,BEARISH,2026-08-03
AIROLAM,86.17,125.0,78.0,-31.06,10.47,87.8,87.27,92.0,-1.86,-1.26,-6.34,DOWNTREND,2268.0,44.51,BEARISH,-0.7093,-0.3607,-0.3487,BEARISH,3.6933,4.29,91.16,84.45,87.8,25.65,7.64,SQUEEZE,True,DISTRIBUTING,12.84,14.46,14.25,RANGING,BULLISH,2026-08-03
AJANTPHARM,3513.9,3598.8,2329.9,-2.36,50.82,3412.96,3236.1,2904.29,2.96,8.58,20.99,STRONG_UPTREND,112963.0,61.83,BULLISH,55.8009,62.2441,-6.4432,BEARISH,109.9545,3.13,3558.06,3267.86,3412.96,84.78,8.5,MID_BAND,False,ACCUMULATING,35.86,24.66,11.34,STRONG_TREND,BULLISH,2026-08-03
AJAXENGG,594.0,730.1,394.8,-18.64,50.46,575.98,568.73,546.93,3.13,4.44,8.61,STRONG_UPTREND,69018.0,60.3,BULLISH,6.2837,6.2519,0.0319,BULLISH_CROSS,17.9928,3.03,630.96,521.01,575.99,66.39,19.09,MID_BAND,False,ACCUMULATING,13.61,25.25,19.18,RANGING,BULLISH,2026-08-03
AJMERA,130.41,221.4,98.03,-41.1,33.03,128.59,127.25,148.1,1.42,2.48,-11.94,DOWNTREND,341148.0,53.17,NEUTRAL,-0.6249,-0.5234,-0.1016,BEARISH,5.0399,3.86,137.02,120.16,128.59,60.8,13.11,MID_BAND,False,ACCUMULATING,12.21,21.75,19.65,RANGING,BULLISH,2026-08-03
AJOONI,3.99,5.94,3.4,-32.83,17.35,3.96,3.91,4.29,0.76,2.05,-6.99,DOWNTREND,415581.0,51.97,NEUTRAL,0.035,0.0386,-0.0036,BEARISH,0.1749,4.38,4.34,3.58,3.96,54.04,19.07,MID_BAND,False,ACCUMULATING,25.37,21.32,16.24,MODERATE_TREND,BULLISH,2026-08-03
AKASH,26.34,36.0,22.8,-26.83,15.53,26.94,26.94,26.24,-2.23,-2.23,0.38,CONSOLIDATING,7534.0,44.3,BEARISH,-0.0653,-0.0092,-0.0561,BEARISH,1.06,4.02,27.68,26.2,26.94,9.32,5.49,NEAR_LOWER,False,DISTRIBUTING,11.22,14.72,13.18,RANGING,BULLISH,2026-08-03
AKCAPIT,1748.5,1875.0,1484.9,-6.75,17.75,1754.46,1742.19,,-0.34,0.36,,INSUFFICIENT_DATA,4199.0,51.03,NEUTRAL,-6.8262,2.2593,-9.0855,BEARISH,73.5255,4.21,1826.96,1681.95,1754.46,45.89,8.27,MID_BAND,False,ACCUMULATING,29.83,12.97,19.66,MODERATE_TREND,BEARISH,2026-08-03
AKG,10.05,15.34,9.01,-34.49,11.54,10.17,10.66,11.81,-1.18,-5.72,-14.9,DOWNTREND,24151.0,46.11,NEUTRAL,-0.2359,-0.2628,0.0268,BULLISH,0.7449,7.41,11.18,9.17,10.17,43.9,19.74,MID_BAND,False,DISTRIBUTING,18.22,15.1,9.68,RANGING,BULLISH,2026-08-03
AKI,4.08,9.15,3.8,-55.41,7.37,4.46,4.68,5.73,-8.52,-12.82,-28.8,DOWNTREND,85585.0,27.47,OVERSOLD,-0.1715,-0.1351,-0.0364,BEARISH,0.2633,6.45,4.91,4.01,4.46,8.16,20.19,NEAR_LOWER,False,DISTRIBUTING,18.79,9.78,18.51,RANGING,BEARISH,2026-08-03
AKSHAR,0.4,0.76,0.36,-47.37,11.11,0.42,0.44,0.48,-4.76,-9.09,-16.67,DOWNTREND,586787.0,34.22,BEARISH,-0.0129,-0.0106,-0.0023,BEARISH,0.0187,4.67,0.45,0.39,0.42,20.23,15.61,MID_BAND,False,DISTRIBUTING,57.08,2.24,16.18,STRONG_TREND,BEARISH,2026-08-03
AKUMS,681.2,714.7,409.3,-4.69,66.43,676.09,620.7,508.15,0.76,9.75,34.05,STRONG_UPTREND,340224.0,59.11,BULLISH,13.0018,18.5546,-5.5527,BEARISH,21.7592,3.19,709.51,642.67,676.09,57.65,9.89,MID_BAND,False,ACCUMULATING,36.85,29.76,15.41,STRONG_TREND,BULLISH,2026-08-03
ALANKIT,7.77,15.13,6.8,-48.65,14.26,7.94,8.24,9.29,-2.14,-5.7,-16.36,DOWNTREND,90216.0,33.81,BEARISH,-0.122,-0.1251,0.0031,BULLISH,0.2621,3.37,8.15,7.74,7.94,7.43,5.16,NEAR_LOWER,False,DISTRIBUTING,13.7,13.4,14.74,RANGING,BEARISH,2026-08-03
ALBERTDAVD,692.55,903.0,579.9,-23.31,19.43,694.17,704.02,725.28,-0.23,-1.63,-4.51,DOWNTREND,2360.0,46.8,NEUTRAL,-4.801,-5.0437,0.2427,BULLISH_CROSS,16.0487,2.32,706.42,681.93,694.17,43.37,3.53,MID_BAND,False,DISTRIBUTING,18.4,14.53,11.52,RANGING,BULLISH,2026-08-03
ALEMBICLTD,91.67,110.56,70.46,-17.09,30.1,89.56,89.29,92.27,2.36,2.67,-0.65,DOWNTREND,211759.0,56.9,BULLISH,0.1854,-0.0214,0.2068,BULLISH,1.8803,2.05,91.67,87.45,89.56,100.07,4.71,NEAR_UPPER,False,ACCUMULATING,10.03,22.26,18.17,RANGING,BULLISH,2026-08-03
ALGOQUANT,69.34,71.01,47.8,-2.35,45.06,64.19,59.6,,8.02,16.34,,INSUFFICIENT_DATA,1484676.0,71.15,OVERBOUGHT,2.8129,2.5273,0.2856,BULLISH,2.6974,3.89,72.51,55.88,64.19,80.96,25.9,MID_BAND,False,ACCUMULATING,40.44,28.22,9.3,STRONG_TREND,BULLISH,2026-08-03
ALICON,702.75,1022.0,580.0,-31.24,21.16,649.95,652.71,736.13,8.12,7.67,-4.53,DOWNTREND,13866.0,67.17,BULLISH,9.26,2.4289,6.8311,BULLISH,26.9401,3.83,695.66,604.23,649.95,107.75,14.07,NEAR_UPPER,False,ACCUMULATING,20.53,28.4,8.64,MODERATE_TREND,BULLISH,2026-08-03
ALIVUS,1214.4,1225.0,819.0,-0.87,48.28,1140.59,1101.26,986.21,6.47,10.27,23.14,STRONG_UPTREND,101754.0,65.34,BULLISH,10.8292,8.7943,2.0349,BULLISH_CROSS,42.1565,3.47,1197.54,1083.64,1140.59,114.81,9.99,NEAR_UPPER,False,DISTRIBUTING,24.13,28.09,13.16,MODERATE_TREND,BULLISH,2026-08-03
ALKEM,5707.0,5933.5,4822.0,-3.82,18.35,5652.93,5496.66,5544.16,0.96,3.83,2.94,STRONG_UPTREND,132951.0,56.56,BULLISH,59.1968,55.1015,4.0953,BULLISH,117.8107,2.06,5777.56,5528.29,5652.93,71.69,4.41,MID_BAND,False,ACCUMULATING,22.22,23.5,16.39,MODERATE_TREND,BULLISH,2026-08-03
ALKYLAMINE,1824.4,2201.9,1212.0,-17.14,50.53,1844.41,1802.91,1623.29,-1.08,1.19,12.39,UPTREND,131535.0,51.15,NEUTRAL,-0.215,8.2151,-8.4301,BEARISH,67.1031,3.68,1947.84,1740.98,1844.41,40.33,11.22,MID_BAND,False,ACCUMULATING,16.6,24.88,17.79,RANGING,BULLISH,2026-08-03
ALLCARGO,8.2,36.55,7.11,-77.56,15.33,8.02,8.43,11.9,2.24,-2.73,-31.09,DOWNTREND,3166611.0,51.67,NEUTRAL,-0.0904,-0.13,0.0395,BULLISH,0.2378,2.9,8.19,7.84,8.02,101.44,4.4,NEAR_UPPER,False,DISTRIBUTING,9.08,25.05,19.21,RANGING,BULLISH,2026-08-03
ALLDIGI,814.4,1051.0,700.0,-22.51,16.34,828.99,822.17,826.34,-1.76,-0.95,-1.44,DOWNTREND,17355.0,45.8,NEUTRAL,6.3302,7.7299,-1.3997,BEARISH_CROSS,33.5772,4.12,877.87,780.11,828.99,35.07,11.79,MID_BAND,False,ACCUMULATING,26.47,21.95,31.45,MODERATE_TREND,BEARISH,2026-08-03
ALLTIME,221.95,334.9,186.0,-33.73,19.33,233.15,234.38,244.01,-4.8,-5.3,-9.04,DOWNTREND,50297.0,40.79,BEARISH,-4.3742,-2.7576,-1.6166,BEARISH,8.8647,3.99,250.81,215.5,233.15,18.27,15.14,MID_BAND,False,DISTRIBUTING,14.77,15.76,22.9,RANGING,BEARISH,2026-08-03
ALMONDZ,13.8,22.1,10.68,-37.56,29.21,13.38,13.37,15.2,3.14,3.22,-9.21,DOWNTREND,244876.0,52.85,NEUTRAL,0.1825,0.0142,0.1683,BULLISH,0.8311,6.02,14.67,12.1,13.38,66.15,19.22,MID_BAND,False,ACCUMULATING,16.88,22.12,11.59,RANGING,BULLISH,2026-08-03
ALOKINDS,12.04,19.34,11.11,-37.75,8.37,12.27,12.52,14.34,-1.87,-3.83,-16.04,DOWNTREND,3490904.0,41.72,BEARISH,-0.2173,-0.1954,-0.0219,BEARISH,0.3132,2.6,12.86,11.68,12.27,30.59,9.59,MID_BAND,False,DISTRIBUTING,9.77,19.65,20.16,RANGING,BEARISH,2026-08-03
ALPA,66.66,101.0,46.1,-34.0,44.6,68.04,68.61,70.57,-2.03,-2.84,-5.54,DOWNTREND,17597.0,42.8,BEARISH,-0.5056,-0.371,-0.1346,BEARISH,2.9323,4.4,71.0,65.09,68.04,26.57,8.68,MID_BAND,False,ACCUMULATING,17.46,15.72,11.82,RANGING,BULLISH,2026-08-03
ALPHAGEO,264.15,287.0,164.8,-7.96,60.29,205.0,206.66,215.63,28.85,27.82,22.5,STRONG_UPTREND,19808.0,83.55,OVERBOUGHT,6.1014,0.7293,5.3721,BULLISH,12.1284,4.59,234.99,175.01,205.0,148.61,29.26,NEAR_UPPER,False,ACCUMULATING,25.64,40.77,6.49,MODERATE_TREND,BULLISH,2026-08-03
AMAGI,669.7,690.0,310.2,-2.94,115.89,604.13,519.67,,10.85,28.87,,INSUFFICIENT_DATA,493174.0,67.73,BULLISH,38.6366,36.3853,2.2513,BULLISH,37.1386,5.55,680.22,528.03,604.13,93.09,25.19,NEAR_UPPER,False,ACCUMULATING,64.47,28.76,3.54,STRONG_TREND,BULLISH,2026-08-03
AMBALALSA,36.83,38.5,30.15,-4.34,22.16,31.99,32.67,,15.13,12.73,,INSUFFICIENT_DATA,101701.0,70.8,OVERBOUGHT,0.5346,-0.0073,0.5419,BULLISH,1.8819,5.11,35.01,28.97,31.99,130.24,18.87,NEAR_UPPER,False,ACCUMULATING,24.71,30.82,7.33,MODERATE_TREND,BULLISH,2026-08-03
AMBER,7400.0,8974.0,5400.5,-17.54,37.02,7572.57,7601.75,7227.52,-2.28,-2.65,2.39,CONSOLIDATING,258746.0,44.68,BEARISH,-81.58,-59.7871,-21.7929,BEARISH,211.4962,2.86,8034.13,7111.02,7572.57,31.3,12.19,MID_BAND,False,ACCUMULATING,11.32,19.17,20.1,RANGING,BEARISH,2026-08-03
AMBICAAGAR,25.05,29.68,20.0,-15.6,25.25,24.84,24.65,24.52,0.85,1.62,2.16,STRONG_UPTREND,2851.0,54.11,NEUTRAL,0.0299,0.0381,-0.0082,BEARISH,0.9956,3.97,25.38,24.3,24.84,69.75,4.35,MID_BAND,False,DISTRIBUTING,21.59,14.86,7.34,MODERATE_TREND,BULLISH,2026-08-03
AMBIKCO,1778.9,1816.3,1101.0,-2.06,61.57,1722.83,1691.3,1421.82,3.25,5.18,25.11,STRONG_UPTREND,9560.0,61.73,BULLISH,9.382,10.2195,-0.8375,BEARISH,53.4511,3.0,1773.43,1672.23,1722.83,105.41,5.87,NEAR_UPPER,False,DISTRIBUTING,19.64,21.45,13.17,RANGING,BULLISH,2026-08-03
AMBUJACEM,444.0,605.45,394.0,-26.67,12.69,432.59,430.67,483.87,2.64,3.1,-8.24,DOWNTREND,2221560.0,58.08,BULLISH,1.3896,0.6682,0.7214,BULLISH_CROSS,11.1057,2.5,444.29,420.88,432.59,98.77,5.41,NEAR_UPPER,False,DISTRIBUTING,9.33,22.52,18.91,RANGING,BULLISH,2026-08-03
AMDIND,47.52,68.07,33.77,-30.19,40.72,46.45,46.44,46.2,2.3,2.33,2.86,STRONG_UPTREND,21770.0,54.15,NEUTRAL,0.3618,0.2782,0.0836,BULLISH,2.4848,5.23,49.3,43.6,46.45,68.81,12.25,MID_BAND,False,ACCUMULATING,22.8,16.07,7.43,MODERATE_TREND,BULLISH,2026-08-03
AMJLAND,38.12,61.0,30.3,-37.51,25.81,37.9,37.65,43.06,0.58,1.25,-11.47,DOWNTREND,9561.0,50.9,NEUTRAL,0.1412,-0.004,0.1452,BULLISH,1.6684,4.38,39.36,36.44,37.9,57.66,7.7,MID_BAND,False,ACCUMULATING,13.88,13.58,16.31,RANGING,BEARISH,2026-08-03
AMNPLST,197.51,250.0,127.0,-21.0,55.52,198.32,195.48,181.14,-0.41,1.04,9.04,UPTREND,20916.0,51.7,NEUTRAL,0.9961,1.1359,-0.1398,BEARISH,11.0525,5.6,209.27,187.37,198.32,46.29,11.04,MID_BAND,False,ACCUMULATING,27.87,23.02,10.42,MODERATE_TREND,BULLISH,2026-08-03
AMRUTANJAN,521.2,790.95,486.0,-34.1,7.24,528.47,541.61,593.95,-1.38,-3.77,-12.25,DOWNTREND,45550.0,43.54,BEARISH,-7.6919,-7.0059,-0.686,BEARISH,12.6262,2.42,552.06,504.87,528.47,34.6,8.93,MID_BAND,False,DISTRIBUTING,12.36,19.97,20.13,RANGING,BEARISH,2026-08-03
ANANDRATHI,2058.7,2176.2,1334.05,-5.4,54.32,2071.41,1932.51,1666.05,-0.61,6.53,23.57,UPTREND,302514.0,57.27,BULLISH,28.3291,40.4102,-12.0811,BEARISH,52.1776,2.53,2127.89,2014.94,2071.41,38.74,5.45,SQUEEZE,True,ACCUMULATING,27.96,24.61,14.87,MODERATE_TREND,BULLISH,2026-08-03
ANANTRAJ,626.15,743.65,403.0,-15.8,55.37,592.02,555.71,537.83,5.77,12.68,16.42,STRONG_UPTREND,3463908.0,65.76,BULLISH,20.3325,18.765,1.5675,BULLISH,20.9361,3.34,641.54,542.5,592.02,84.46,16.73,MID_BAND,False,ACCUMULATING,24.67,31.77,14.22,MODERATE_TREND,BULLISH,2026-08-03
ANDHRAPAP,61.99,86.89,58.0,-28.66,6.88,61.54,62.14,65.42,0.73,-0.24,-5.24,DOWNTREND,210184.0,50.33,NEUTRAL,-0.1489,-0.2481,0.0992,BULLISH,2.0424,3.29,63.09,60.0,61.54,64.42,5.03,MID_BAND,False,ACCUMULATING,18.23,15.67,15.61,RANGING,BULLISH,2026-08-03
ANDHRSUGAR,85.48,107.23,66.5,-20.28,28.54,84.58,83.56,79.59,1.06,2.3,7.4,STRONG_UPTREND,322429.0,53.18,NEUTRAL,-0.0319,0.049,-0.0809,BEARISH,3.3708,3.94,87.82,81.34,84.58,63.88,7.67,MID_BAND,False,ACCUMULATING,11.13,21.72,18.04,RANGING,BULLISH,2026-08-03
ANGELONE,302.0,360.45,208.63,-16.22,44.75,320.43,332.46,280.93,-5.75,-9.16,7.5,CONSOLIDATING,7301796.0,37.96,BEARISH,-10.4004,-7.761,-2.6393,BEARISH,10.2721,3.4,355.46,285.4,320.43,23.69,21.86,MID_BAND,False,DISTRIBUTING,18.91,14.83,28.3,RANGING,BEARISH,2026-08-03
ANIKINDS,43.13,98.85,32.5,-56.37,32.71,40.76,41.71,,5.81,3.4,,INSUFFICIENT_DATA,17279.0,55.39,BULLISH,0.6467,0.464,0.1828,BULLISH,3.4436,7.98,48.52,33.0,40.76,65.29,38.08,MID_BAND,False,ACCUMULATING,37.04,18.73,7.75,STRONG_TREND,BULLISH,2026-08-03
ANMOL,10.01,17.74,8.4,-43.57,19.17,10.5,11.04,12.26,-4.67,-9.33,-18.35,DOWNTREND,28077.0,33.54,BEARISH,-0.3286,-0.2975,-0.0311,BEARISH,0.4293,4.29,11.35,9.66,10.5,20.64,16.03,MID_BAND,False,DISTRIBUTING,34.91,11.67,25.19,STRONG_TREND,BEARISH,2026-08-03
ANTELOPUS,834.55,933.65,357.0,-10.61,133.77,838.0,822.33,609.49,-0.41,1.49,36.93,UPTREND,157462.0,51.06,NEUTRAL,5.2007,11.4023,-6.2016,BEARISH,42.4,5.08,904.21,771.79,838.0,47.39,15.8,MID_BAND,False,DISTRIBUTING,22.91,25.64,16.12,MODERATE_TREND,BULLISH,2026-08-03
ANTGRAPHIC,0.75,1.22,0.64,-38.52,17.19,0.76,0.79,0.88,-1.32,-5.06,-14.77,DOWNTREND,157058.0,42.85,BEARISH,-0.0132,-0.0135,0.0003,BULLISH_CROSS,0.0401,5.35,0.79,0.73,0.76,33.82,7.73,MID_BAND,False,DISTRIBUTING,41.27,12.76,14.08,STRONG_TREND,BEARISH,2026-08-03
ANTHEM,829.85,873.5,579.15,-5.0,43.29,775.19,771.35,703.02,7.05,7.58,18.04,STRONG_UPTREND,893604.0,68.66,BULLISH,10.3479,5.1738,5.1742,BULLISH,23.1585,2.79,819.55,730.83,775.19,111.61,11.45,NEAR_UPPER,False,ACCUMULATING,15.14,27.53,14.38,RANGING,BULLISH,2026-08-03
ANUHPHR,80.41,94.89,67.0,-15.26,20.01,79.55,78.62,78.58,1.08,2.28,2.33,STRONG_UPTREND,30694.0,53.9,NEUTRAL,0.2309,0.2646,-0.0338,BEARISH,2.301,2.86,81.22,77.88,79.55,75.7,4.2,MID_BAND,False,ACCUMULATING,12.82,17.42,13.27,RANGING,BULLISH,2026-08-03
ANUP,2175.4,2576.0,1422.3,-15.55,52.95,2151.86,2102.72,2026.29,1.09,3.46,7.36,STRONG_UPTREND,19368.0,53.72,NEUTRAL,-0.1156,2.501,-2.6167,BEARISH,78.5911,3.61,2225.82,2077.9,2151.86,65.91,6.87,SQUEEZE,True,ACCUMULATING,18.96,15.0,20.02,RANGING,BEARISH,2026-08-03
ANURAS,1209.8,1415.0,1045.2,-14.5,15.75,1248.16,1277.25,1268.52,-3.07,-5.28,-4.63,DOWNTREND,395891.0,27.9,OVERSOLD,-19.0818,-15.1621,-3.9197,BEARISH,24.3369,2.01,1296.95,1199.38,1248.16,10.68,7.82,MID_BAND,False,ACCUMULATING,38.2,5.21,20.65,STRONG_TREND,BEARISH,2026-08-03
APARINDS,14746.0,17157.0,6801.0,-14.05,116.82,13910.75,14337.56,10858.27,6.0,2.85,35.8,STRONG_UPTREND,140230.0,57.09,BULLISH,-75.0845,-155.6322,80.5477,BULLISH,666.8088,4.52,14563.16,13258.34,13910.75,114.01,9.38,NEAR_UPPER,False,ACCUMULATING,18.42,24.12,13.01,RANGING,BULLISH,2026-08-03
APCL,102.03,148.78,98.35,-31.42,3.74,103.44,109.85,119.55,-1.36,-7.12,-14.65,DOWNTREND,5724.0,41.81,BEARISH,-1.8944,-2.0763,0.1819,BULLISH,4.349,4.26,106.6,100.28,103.44,27.64,6.11,MID_BAND,False,DISTRIBUTING,12.57,12.87,14.41,RANGING,BEARISH,2026-08-03
APCOTEXIND,617.6,712.0,310.45,-13.26,98.94,558.64,532.9,419.99,10.55,15.89,47.05,STRONG_UPTREND,595071.0,62.29,BULLISH,29.5262,21.8895,7.6368,BULLISH,34.7143,5.62,657.44,459.84,558.64,79.84,35.37,MID_BAND,False,ACCUMULATING,48.28,33.1,6.8,STRONG_TREND,BULLISH,2026-08-03
APEX,380.4,514.5,208.74,-26.06,82.24,390.45,407.52,363.44,-2.57,-6.65,4.67,CONSOLIDATING,117843.0,42.0,BEARISH,-9.4677,-8.3708,-1.0969,BEARISH,12.6457,3.32,416.06,364.85,390.46,30.36,13.11,MID_BAND,False,ACCUMULATING,18.27,16.24,23.5,RANGING,BEARISH,2026-08-03
APLAPOLLO,1941.5,2301.4,1565.5,-15.64,24.02,1830.75,1824.61,1915.9,6.05,6.41,1.34,STRONG_UPTREND,624013.0,64.73,BULLISH,15.5916,4.8599,10.7317,BULLISH,47.7962,2.46,1903.96,1757.54,1830.75,125.64,8.0,NEAR_UPPER,False,ACCUMULATING,12.68,22.85,15.26,RANGING,BULLISH,2026-08-03
APLLTD,805.75,1002.0,635.8,-19.59,26.73,819.86,785.38,791.64,-1.72,2.59,1.78,UPTREND,82268.0,49.48,NEUTRAL,3.1142,8.2186,-5.1044,BEARISH,21.1655,2.63,851.56,788.17,819.86,27.74,7.73,MID_BAND,False,DISTRIBUTING,18.12,22.06,21.66,RANGING,BULLISH,2026-08-03
APOLLO,397.35,466.5,179.5,-14.82,121.36,395.49,408.08,291.72,0.47,-2.63,36.21,CONSOLIDATING,8545661.0,50.48,NEUTRAL,-4.1252,-2.8636,-1.2616,BEARISH,15.5794,3.92,412.57,378.41,395.49,55.44,8.64,MID_BAND,False,DISTRIBUTING,12.19,25.06,23.05,RANGING,BULLISH,2026-08-03
APOLLOHOSP,8820.0,9049.0,6696.5,-2.53,31.71,8874.58,8620.45,7741.57,-0.62,2.31,13.93,UPTREND,263491.0,51.6,NEUTRAL,82.7674,102.4558,-19.6884,BEARISH,134.6134,1.53,8999.31,8749.84,8874.58,28.12,2.81,MID_BAND,False,ACCUMULATING,23.51,20.45,19.16,MODERATE_TREND,BULLISH,2026-08-03
APOLLOPIPE,515.85,554.0,252.1,-6.89,104.62,497.85,494.22,389.41,3.62,4.38,32.47,STRONG_UPTREND,180802.0,59.58,BULLISH,4.4721,2.7474,1.7247,BULLISH,20.2632,3.93,524.41,471.29,497.85,83.89,10.67,MID_BAND,False,DISTRIBUTING,20.61,22.36,10.83,MODERATE_TREND,BULLISH,2026-08-03
APOLLOTYRE,436.6,540.5,365.3,-19.22,19.52,430.67,418.99,457.41,1.38,4.2,-4.55,DOWNTREND,670081.0,58.61,BULLISH,0.7743,1.3906,-0.6162,BEARISH,9.9286,2.27,448.05,413.29,430.67,67.05,8.07,SQUEEZE,True,ACCUMULATING,14.19,23.85,18.18,RANGING,BULLISH,2026-08-03
APOLSINHOT,1207.1,1491.2,950.0,-19.05,27.06,1218.2,1250.5,1215.92,-0.91,-3.47,-0.73,DOWNTREND,4540.0,47.14,NEUTRAL,-12.8899,-12.0484,-0.8414,BEARISH,53.0396,4.39,1304.21,1132.2,1218.2,43.54,14.12,MID_BAND,False,ACCUMULATING,22.2,21.55,14.59,MODERATE_TREND,BULLISH,2026-08-03
APTUS,263.6,364.0,193.03,-27.58,36.56,285.8,274.71,264.18,-7.77,-4.04,-0.22,DOWNTREND,1086864.0,36.64,BEARISH,-1.6985,2.5501,-4.2486,BEARISH,9.547,3.62,310.53,261.07,285.8,5.12,17.3,NEAR_LOWER,False,ACCUMULATING,23.33,16.04,33.13,MODERATE_TREND,BEARISH,2026-08-03
AQYLON,26.75,148.8,23.5,-82.02,13.83,32.01,44.3,,-16.43,-39.62,,INSUFFICIENT_DATA,3075807.0,26.71,OVERSOLD,-5.442,-5.4782,0.0363,BULLISH_CROSS,2.129,7.96,44.46,19.57,32.01,28.86,77.75,MID_BAND,False,ACCUMULATING,62.68,7.23,43.89,STRONG_TREND,BEARISH,2026-08-03
ARCHIDPLY,81.8,113.0,60.0,-27.61,36.33,81.11,80.61,83.92,0.85,1.48,-2.53,DOWNTREND,7705.0,51.88,NEUTRAL,0.3145,0.2635,0.051,BULLISH,3.406,4.16,83.72,78.5,81.11,63.21,6.44,MID_BAND,False,ACCUMULATING,35.54,18.31,9.49,STRONG_TREND,BULLISH,2026-08-03
ARCHIES,13.95,24.38,10.86,-42.78,28.45,13.96,14.21,15.89,-0.07,-1.83,-12.21,DOWNTREND,13924.0,48.37,NEUTRAL,-0.0993,-0.0976,-0.0017,BEARISH,0.6145,4.41,14.42,13.51,13.96,48.36,6.55,SQUEEZE,True,DISTRIBUTING,11.58,22.05,13.81,RANGING,BULLISH,2026-08-03
ARE&M,932.3,1057.85,670.0,-11.87,39.15,889.35,866.77,865.88,4.83,7.56,7.67,STRONG_UPTREND,959619.0,65.73,BULLISH,12.6631,10.6241,2.039,BULLISH_CROSS,25.1849,2.7,938.56,840.14,889.35,93.64,11.07,NEAR_UPPER,False,ACCUMULATING,21.75,29.52,14.01,MODERATE_TREND,BULLISH,2026-08-03
ARENTERP,38.96,60.79,30.01,-35.91,29.82,38.4,37.82,41.77,1.46,3.01,-6.73,DOWNTREND,30250.0,50.19,NEUTRAL,1.1658,1.0153,0.1505,BULLISH,3.829,9.83,46.57,30.22,38.39,53.45,42.6,MID_BAND,False,ACCUMULATING,14.22,19.26,19.15,RANGING,BULLISH,2026-08-03
ARFIN,85.49,106.2,32.0,-19.5,167.16,88.23,89.94,,-3.11,-4.95,,INSUFFICIENT_DATA,1991431.0,42.91,BEARISH,-0.5061,-0.4875,-0.0186,BEARISH_CROSS,4.1903,4.9,92.21,84.26,88.23,15.49,9.01,MID_BAND,False,ACCUMULATING,13.21,15.55,21.04,RANGING,BEARISH,2026-08-03
ARIES,340.7,459.9,285.35,-25.92,19.4,341.95,339.35,342.99,-0.37,0.4,-0.67,DOWNTREND,14991.0,49.43,NEUTRAL,-0.2649,0.1109,-0.3758,BEARISH,9.2536,2.72,347.43,336.46,341.95,38.63,3.21,MID_BAND,False,DISTRIBUTING,16.23,10.16,17.09,RANGING,BEARISH,2026-08-03
ARIHANT,1137.9,1225.0,715.1,-7.11,59.12,929.04,878.23,,22.48,29.57,,INSUFFICIENT_DATA,9672.0,74.53,OVERBOUGHT,79.0577,50.4687,28.589,BULLISH,68.2835,6.0,1207.94,650.13,929.04,87.44,60.04,MID_BAND,False,ACCUMULATING,47.49,36.67,5.66,STRONG_TREND,BULLISH,2026-08-03
ARIHANTCAP,77.48,120.0,56.97,-35.43,36.0,75.64,71.32,79.25,2.43,8.64,-2.23,DOWNTREND,453098.0,56.37,BULLISH,1.9847,2.0319,-0.0472,BEARISH_CROSS,3.473,4.48,82.27,69.01,75.64,63.9,17.53,MID_BAND,False,ACCUMULATING,38.91,29.56,9.5,STRONG_TREND,BULLISH,2026-08-03
ARIHANTSUP,259.85,465.0,188.8,-44.12,37.63,261.46,260.48,283.94,-0.62,-0.24,-8.48,DOWNTREND,21927.0,48.6,NEUTRAL,-0.226,0.0057,-0.2318,BEARISH,8.24,3.17,266.31,256.6,261.45,33.47,3.71,SQUEEZE,True,ACCUMULATING,11.29,13.26,12.75,RANGING,BULLISH,2026-08-03
ARIS,129.94,159.0,82.18,-18.28,58.12,117.59,116.9,,10.5,11.15,,INSUFFICIENT_DATA,1155329.0,68.56,BULLISH,3.8496,2.0264,1.8231,BULLISH,5.2929,4.07,134.4,100.78,117.59,86.73,28.59,MID_BAND,False,ACCUMULATING,38.63,34.78,7.41,STRONG_TREND,BULLISH,2026-08-03
ARKADE,140.65,194.8,92.62,-27.8,51.86,136.87,125.49,127.89,2.76,12.08,9.98,STRONG_UPTREND,807237.0,62.68,BULLISH,4.0475,4.3415,-0.294,BEARISH,4.6287,3.29,145.24,128.49,136.87,72.6,12.24,MID_BAND,False,ACCUMULATING,44.44,28.48,11.07,STRONG_TREND,BULLISH,2026-08-03
ARMANFIN,1994.3,2069.2,1270.0,-3.62,57.03,1908.72,1762.61,1617.24,4.48,13.14,23.32,STRONG_UPTREND,54164.0,63.4,BULLISH,56.8577,62.5719,-5.7142,BEARISH,71.0386,3.56,2094.55,1722.88,1908.71,73.03,19.47,MID_BAND,False,ACCUMULATING,33.22,26.47,11.87,STRONG_TREND,BULLISH,2026-08-03
AROGRANITE,25.16,45.63,18.67,-44.86,34.76,25.27,25.4,27.66,-0.44,-0.94,-9.04,DOWNTREND,7700.0,47.64,NEUTRAL,-0.0695,-0.084,0.0144,BULLISH,1.1776,4.68,25.8,24.73,25.27,40.11,4.26,MID_BAND,False,ACCUMULATING,13.9,11.04,12.12,RANGING,BEARISH,2026-08-03
ARSSBL,511.2,794.85,416.0,-35.69,22.88,535.65,539.6,565.23,-4.56,-5.26,-9.56,DOWNTREND,254392.0,37.74,BEARISH,-11.7168,-9.0039,-2.713,BEARISH,14.0219,2.74,591.21,480.08,535.64,28.0,20.75,MID_BAND,False,DISTRIBUTING,21.8,16.66,24.92,MODERATE_TREND,BEARISH,2026-08-03
ARTEMISMED,302.2,308.0,203.35,-1.88,48.61,278.84,271.35,255.14,8.38,11.37,18.44,STRONG_UPTREND,295878.0,68.89,BULLISH,8.0246,5.0514,2.9731,BULLISH,9.8629,3.26,302.18,255.5,278.84,100.04,16.74,NEAR_UPPER,False,ACCUMULATING,31.34,31.67,7.96,STRONG_TREND,BULLISH,2026-08-03
ARTNIRMAN,38.18,66.97,29.39,-42.99,29.91,39.61,40.53,,-3.61,-5.8,,INSUFFICIENT_DATA,969.0,43.76,BEARISH,-0.6549,-0.4535,-0.2014,BEARISH,1.9489,5.1,41.77,37.46,39.61,16.74,10.89,MID_BAND,False,DISTRIBUTING,17.96,13.15,24.52,RANGING,BEARISH,2026-08-03
ARVEE,155.44,290.78,129.11,-46.54,20.39,158.02,161.82,,-1.63,-3.94,,INSUFFICIENT_DATA,786.0,43.86,BEARISH,-1.9455,-1.93,-0.0155,BEARISH,8.2883,5.33,162.99,153.04,158.01,24.11,6.29,SQUEEZE,True,DISTRIBUTING,24.17,25.08,13.6,MODERATE_TREND,BULLISH,2026-08-03
ARVIND,528.95,600.0,274.8,-11.84,92.49,527.35,518.64,394.68,0.3,1.99,34.02,STRONG_UPTREND,430852.0,52.46,NEUTRAL,-1.3926,1.4612,-2.8538,BEARISH,17.8947,3.38,548.89,505.8,527.35,53.72,8.17,SQUEEZE,True,DISTRIBUTING,21.66,19.11,19.94,MODERATE_TREND,BEARISH,2026-08-03
ARVINDFASN,449.15,579.0,366.2,-22.43,22.65,464.6,466.72,466.54,-3.33,-3.76,-3.73,DOWNTREND,389424.0,38.69,BEARISH,-4.3466,-1.479,-2.8677,BEARISH,14.0732,3.13,484.21,445.0,464.61,10.58,8.44,MID_BAND,False,DISTRIBUTING,19.43,11.19,19.56,RANGING,BEARISH,2026-08-03
ARVSMART,600.65,669.0,486.8,-10.22,23.39,601.32,598.62,582.71,-0.11,0.34,3.08,UPTREND,26837.0,50.56,NEUTRAL,-1.3077,-0.6802,-0.6275,BEARISH,14.9513,2.49,615.98,586.66,601.32,47.72,4.88,MID_BAND,False,ACCUMULATING,18.74,24.46,14.47,RANGING,BULLISH,2026-08-03
ASAHIINDIA,897.05,1074.0,775.1,-16.48,15.73,889.93,883.78,911.41,0.8,1.5,-1.58,DOWNTREND,97987.0,54.56,NEUTRAL,0.3888,1.8065,-1.4178,BEARISH,24.2073,2.7,925.37,854.49,889.93,60.04,7.97,MID_BAND,False,DISTRIBUTING,14.3,23.2,16.94,RANGING,BULLISH,2026-08-03
ASAL,507.85,654.65,374.5,-22.42,35.61,517.51,513.44,483.38,-1.87,-1.09,5.06,CONSOLIDATING,37366.0,47.17,NEUTRAL,-2.365,1.003,-3.368,BEARISH,20.4008,4.02,552.27,482.75,517.51,36.1,13.43,MID_BAND,False,ACCUMULATING,18.84,21.01,16.88,RANGING,BULLISH,2026-08-03
ASALCBR,777.85,1277.0,660.65,-39.09,17.74,803.75,828.07,870.39,-3.22,-6.06,-10.63,DOWNTREND,37984.0,41.99,BEARISH,-18.3604,-14.7844,-3.576,BEARISH,29.9455,3.85,857.17,750.32,803.75,25.76,13.29,MID_BAND,False,DISTRIBUTING,17.94,19.84,19.95,RANGING,BEARISH,2026-08-03
ASHAPURMIN,717.85,924.9,455.1,-22.39,57.73,684.24,686.61,661.65,4.91,4.55,8.49,STRONG_UPTREND,471727.0,59.84,BULLISH,9.0246,5.9644,3.0602,BULLISH,26.3636,3.67,738.27,630.21,684.24,81.1,15.79,MID_BAND,False,ACCUMULATING,14.02,25.2,17.42,RANGING,BULLISH,2026-08-03
ASHIANA,385.55,435.9,269.45,-11.55,43.09,381.05,376.9,325.84,1.18,2.3,18.32,STRONG_UPTREND,435890.0,53.37,NEUTRAL,2.9751,2.759,0.2161,BULLISH,14.6672,3.8,393.77,368.34,381.05,67.68,6.67,MID_BAND,False,ACCUMULATING,32.18,29.83,10.28,STRONG_TREND,BULLISH,2026-08-03
ASHIKAG,477.5,520.95,396.2,-8.34,20.52,,,,,,,INSUFFICIENT_DATA,1007076.0,,,,,,,,,,,,,,,False,,,,,,,2026-08-03
ASHIMASYN,18.09,27.83,11.5,-35.0,57.3,16.47,16.08,16.63,9.84,12.5,8.78,STRONG_UPTREND,420039.0,61.47,BULLISH,0.7277,0.5152,0.2125,BULLISH,1.0926,6.04,19.66,13.28,16.47,75.37,38.74,MID_BAND,False,ACCUMULATING,34.9,33.94,9.82,STRONG_TREND,BULLISH,2026-08-03
ASHOKA,121.12,214.5,101.0,-43.53,19.92,125.06,126.34,143.93,-3.15,-4.13,-15.85,DOWNTREND,590979.0,39.48,BEARISH,-1.8806,-1.5278,-0.3528,BEARISH,3.0511,2.52,131.93,118.18,125.06,21.37,10.99,MID_BAND,False,DISTRIBUTING,17.82,16.45,24.79,RANGING,BEARISH,2026-08-03
ASHOKAMET,14.19,21.0,12.13,-32.43,16.98,14.39,14.96,15.2,-1.39,-5.15,-6.64,DOWNTREND,11438.0,38.59,BEARISH,-0.234,-0.2512,0.0172,BULLISH,0.4946,3.49,14.84,13.94,14.39,27.51,6.24,MID_BAND,False,ACCUMULATING,35.49,5.08,12.35,STRONG_TREND,BEARISH,2026-08-03
ASHOKLEY,174.55,215.42,118.9,-18.97,46.8,157.32,155.86,168.76,10.95,11.99,3.43,STRONG_UPTREND,17398733.0,72.2,OVERBOUGHT,1.9081,0.1667,1.7414,BULLISH,4.783,2.74,168.35,146.29,157.32,128.11,14.02,NEAR_UPPER,False,ACCUMULATING,14.23,40.04,15.79,RANGING,BULLISH,2026-08-03
ASIANENE,410.65,418.0,230.0,-1.76,78.54,360.76,360.31,308.11,13.83,13.97,33.28,STRONG_UPTREND,398579.0,74.79,OVERBOUGHT,12.7568,6.8437,5.9131,BULLISH,17.2182,4.19,411.82,309.7,360.76,98.86,28.3,NEAR_UPPER,False,ACCUMULATING,23.69,31.25,12.02,MODERATE_TREND,BULLISH,2026-08-03
ASIANHOTNR,303.35,402.55,247.5,-24.64,22.57,308.38,305.37,306.97,-1.63,-0.66,-1.18,DOWNTREND,72035.0,48.61,NEUTRAL,-0.1915,0.2378,-0.4293,BEARISH,20.6011,6.79,331.28,285.48,308.38,39.02,14.85,SQUEEZE,True,ACCUMULATING,40.37,23.95,10.68,STRONG_TREND,BULLISH,2026-08-03
ASIANPAINT,2810.0,2985.7,2115.0,-5.88,32.86,2698.36,2694.39,2590.28,4.14,4.29,8.48,STRONG_UPTREND,1056004.0,67.1,BULLISH,22.3045,11.3967,10.9078,BULLISH,59.6816,2.12,2786.65,2610.08,2698.37,113.23,6.54,NEAR_UPPER,False,ACCUMULATING,17.69,32.85,18.88,RANGING,BULLISH,2026-08-03
ASIANTILES,53.83,79.06,42.5,-31.91,26.66,50.72,55.08,64.44,6.13,-2.27,-16.46,DOWNTREND,20038736.0,51.31,NEUTRAL,0.6534,-0.5876,1.241,BULLISH,3.7107,6.89,60.55,40.89,50.72,65.82,38.76,MID_BAND,False,ACCUMULATING,40.19,35.39,22.17,STRONG_TREND,BULLISH,2026-08-03
ASKAUTOLTD,569.65,578.5,375.3,-1.53,51.79,494.22,467.18,454.83,15.26,21.93,25.24,STRONG_UPTREND,386025.0,78.78,OVERBOUGHT,20.604,14.6874,5.9166,BULLISH,18.4033,3.23,548.47,439.98,494.22,119.53,21.95,NEAR_UPPER,False,ACCUMULATING,37.33,40.54,8.25,STRONG_TREND,BULLISH,2026-08-03
ASPINWALL,236.19,299.8,200.25,-21.22,17.95,248.48,246.37,233.34,-4.95,-4.13,1.22,CONSOLIDATING,3911.0,40.3,BEARISH,-2.3352,-0.0879,-2.2472,BEARISH,10.963,4.64,263.52,233.45,248.48,9.12,12.1,NEAR_LOWER,False,ACCUMULATING,20.24,16.23,18.23,MODERATE_TREND,BEARISH,2026-08-03
ASTAR,585.1,723.0,525.5,-19.07,11.34,612.04,627.85,,-4.4,-6.81,,INSUFFICIENT_DATA,104.0,41.12,BEARISH,-10.2466,-7.2211,-3.0255,BEARISH,31.7692,5.43,645.39,578.68,612.04,9.63,10.9,NEAR_LOWER,False,DISTRIBUTING,25.8,19.31,32.06,MODERATE_TREND,BEARISH,2026-08-03
ASTEC,628.3,941.75,513.4,-33.28,22.38,670.26,723.04,679.67,-6.26,-13.1,-7.56,DOWNTREND,37662.0,33.65,BEARISH,-22.5936,-20.1658,-2.4278,BEARISH,29.6793,4.72,712.22,628.31,670.26,-0.01,12.52,NEAR_LOWER,False,ACCUMULATING,18.07,14.65,22.27,RANGING,BEARISH,2026-08-03
ASTERDM,815.15,839.4,519.1,-2.89,57.03,807.61,785.26,683.26,0.93,3.81,19.3,STRONG_UPTREND,503784.0,56.23,BULLISH,8.2834,8.5039,-0.2205,BEARISH,22.8862,2.81,834.17,781.05,807.61,64.2,6.58,MID_BAND,False,ACCUMULATING,19.57,24.72,15.92,RANGING,BULLISH,2026-08-03
ASTRAL,1435.6,1768.7,1263.7,-18.83,13.6,1402.17,1464.84,1508.67,2.38,-2.0,-4.84,DOWNTREND,572403.0,50.31,NEUTRAL,5.0647,-5.6964,10.7611,BULLISH,36.9985,2.58,1510.84,1293.51,1402.17,65.38,15.5,MID_BAND,False,ACCUMULATING,22.49,25.74,20.75,MODERATE_TREND,BULLISH,2026-08-03
ASTRAMICRO,1848.8,1960.0,851.0,-5.67,117.25,1771.46,1629.28,1147.57,4.37,13.47,61.11,STRONG_UPTREND,622988.0,61.16,BULLISH,46.9592,52.0823,-5.1231,BEARISH,82.0184,4.44,1865.41,1677.51,1771.46,91.16,10.61,NEAR_UPPER,False,ACCUMULATING,23.6,29.41,15.85,MODERATE_TREND,BULLISH,2026-08-03
ASTRAZEN,8300.0,9849.5,7551.5,-15.73,9.91,8118.73,8326.09,8594.11,2.23,-0.31,-3.42,DOWNTREND,12839.0,54.94,NEUTRAL,-41.1468,-70.4233,29.2765,BULLISH,199.2735,2.4,8321.47,7915.98,8118.73,94.71,4.99,NEAR_UPPER,False,ACCUMULATING,15.53,24.91,16.92,RANGING,BULLISH,2026-08-03
ATALREAL,33.54,33.9,19.64,-1.06,70.77,30.62,29.91,26.4,9.54,12.14,27.05,STRONG_UPTREND,8728442.0,73.42,OVERBOUGHT,1.007,0.6778,0.3292,BULLISH,1.2558,3.74,33.79,27.45,30.62,96.03,20.7,NEAR_UPPER,False,ACCUMULATING,20.75,26.61,11.86,MODERATE_TREND,BULLISH,2026-08-03
ATAM,65.49,111.0,48.5,-41.0,35.03,67.16,69.47,73.37,-2.49,-5.73,-10.74,DOWNTREND,6795.0,39.73,BEARISH,-1.2783,-1.134,-0.1443,BEARISH,2.4562,3.75,70.35,63.97,67.16,23.79,9.5,MID_BAND,False,DISTRIBUTING,13.37,13.26,9.77,RANGING,BULLISH,2026-08-03
ATGL,667.6,859.85,462.8,-22.36,44.25,687.41,714.39,607.49,-2.88,-6.55,9.89,CONSOLIDATING,1554385.0,42.82,BEARISH,-15.9766,-12.1934,-3.7832,BEARISH,21.4749,3.22,744.09,630.72,687.41,32.53,16.49,MID_BAND,False,DISTRIBUTING,22.75,18.29,23.8,MODERATE_TREND,BEARISH,2026-08-03
ATHERENERG,1272.7,1345.0,398.2,-5.38,219.61,1237.45,1104.73,830.12,2.85,15.2,53.32,STRONG_UPTREND,4686973.0,63.41,BULLISH,42.3703,49.835,-7.4648,BEARISH,51.0144,4.01,1321.07,1153.83,1237.45,71.08,13.52,MID_BAND,False,ACCUMULATING,49.97,29.47,10.98,STRONG_TREND,BULLISH,2026-08-03
ATL,23.28,40.51,18.2,-42.53,27.91,23.32,23.95,25.62,-0.17,-2.8,-9.13,DOWNTREND,96592.0,47.34,NEUTRAL,-0.2189,-0.2549,0.036,BULLISH,0.8438,3.62,23.95,22.69,23.32,46.59,5.41,SQUEEZE,True,DISTRIBUTING,6.27,14.75,14.14,RANGING,BULLISH,2026-08-03
ATLANTAA,35.2,73.39,29.41,-52.04,19.69,37.19,39.29,,-5.35,-10.41,,INSUFFICIENT_DATA,30344.0,31.79,BEARISH,-1.2567,-1.1286,-0.1281,BEARISH,1.6091,4.57,40.51,33.86,37.19,20.19,17.91,MID_BAND,False,DISTRIBUTING,16.76,11.44,18.08,RANGING,BEARISH,2026-08-03
ATLANTAELE,1589.8,2058.0,707.6,-22.75,124.67,1638.58,1733.27,1170.89,-2.98,-8.28,35.78,CONSOLIDATING,139723.0,44.41,BEARISH,-48.8842,-38.1396,-10.7446,BEARISH,86.1642,5.42,1792.01,1485.14,1638.58,34.11,18.73,MID_BAND,False,DISTRIBUTING,18.81,17.19,20.27,RANGING,BEARISH,2026-08-03
ATLASCYCLE,97.58,130.0,76.15,-24.94,28.14,97.73,98.67,97.03,-0.15,-1.1,0.57,CONSOLIDATING,4324.0,47.97,NEUTRAL,-0.1618,-0.2038,0.0421,BULLISH,3.2579,3.34,99.9,95.57,97.73,46.42,4.43,SQUEEZE,True,ACCUMULATING,24.35,20.87,13.92,MODERATE_TREND,BULLISH,2026-08-03
ATUL,6777.0,7180.0,5560.5,-5.61,21.88,6369.0,6532.51,6333.93,6.41,3.74,7.0,STRONG_UPTREND,76375.0,61.67,BULLISH,75.5479,-4.9644,80.5123,BULLISH,197.8165,2.92,6929.18,5808.82,6369.0,86.42,17.59,MID_BAND,False,ACCUMULATING,30.21,21.11,12.51,STRONG_TREND,BULLISH,2026-08-03
ATULAUTO,563.35,573.75,380.05,-1.81,48.23,490.01,479.74,459.61,14.97,17.43,22.57,STRONG_UPTREND,261883.0,77.01,OVERBOUGHT,11.0954,4.3022,6.7932,BULLISH,19.6925,3.5,532.11,447.9,490.01,137.09,17.19,NEAR_UPPER,False,ACCUMULATING,20.31,38.09,12.84,MODERATE_TREND,BULLISH,2026-08-03
AUBANK,1060.0,1090.4,682.15,-2.79,55.39,1033.48,1020.05,976.61,2.57,3.92,8.54,STRONG_UPTREND,1602309.0,57.66,BULLISH,4.3246,1.3887,2.9358,BULLISH,27.8035,2.62,1088.57,978.39,1033.48,74.07,10.66,MID_BAND,False,DISTRIBUTING,20.09,28.74,20.4,MODERATE_TREND,BULLISH,2026-08-03
AURIONPRO,739.55,1507.0,719.6,-50.93,2.77,815.93,825.47,927.47,-9.36,-10.41,-20.26,DOWNTREND,169911.0,33.33,BEARISH,-28.3589,-15.5183,-12.8406,BEARISH,29.6546,4.01,918.0,713.86,815.93,12.58,25.02,MID_BAND,False,DISTRIBUTING,20.21,16.46,31.79,MODERATE_TREND,BEARISH,2026-08-03
AUROPHARMA,1554.7,1636.8,1016.1,-5.02,53.01,1557.78,1512.51,1320.0,-0.2,2.79,17.78,UPTREND,841071.0,51.68,NEUTRAL,12.08,13.4639,-1.3838,BEARISH,37.8693,2.44,1597.25,1518.3,1557.78,46.1,5.07,MID_BAND,False,DISTRIBUTING,25.54,21.97,14.79,MODERATE_TREND,BULLISH,2026-08-03
AURUM,218.62,264.64,151.9,-17.39,43.92,227.74,209.81,184.11,-4.0,4.2,18.74,UPTREND,526274.0,47.51,NEUTRAL,1.6929,4.8034,-3.1105,BEARISH,10.2387,4.68,246.49,208.99,227.74,25.68,16.47,MID_BAND,False,DISTRIBUTING,44.36,28.2,11.77,STRONG_TREND,BULLISH,2026-08-03
AURUS,4.61,5.04,4.26,-8.53,8.22,,,,,,,INSUFFICIENT_DATA,19544.0,,,,,,,,,,,,,,,False,,,,,,,2026-08-03
AUTOAXLES,1880.5,2115.0,1540.2,-11.09,22.09,1806.18,1775.44,1806.57,4.11,5.92,4.09,STRONG_UPTREND,8943.0,66.3,BULLISH,13.2941,11.5839,1.7102,BULLISH_CROSS,44.5539,2.37,1865.26,1747.1,1806.18,112.9,6.54,NEAR_UPPER,False,ACCUMULATING,25.11,31.07,11.62,MODERATE_TREND,BULLISH,2026-08-03
AVADHSUGAR,558.7,575.0,306.05,-2.83,82.55,492.76,443.05,,13.38,26.1,,INSUFFICIENT_DATA,113097.0,70.8,OVERBOUGHT,23.3893,20.6525,2.7368,BULLISH,26.6672,4.77,543.75,441.77,492.76,114.66,20.7,NEAR_UPPER,False,ACCUMULATING,47.66,39.56,9.82,STRONG_TREND,BULLISH,2026-08-03
AVALON,1751.8,1859.0,777.3,-5.77,125.37,1722.92,1682.5,1172.68,1.68,4.12,49.38,STRONG_UPTREND,346680.0,53.58,NEUTRAL,19.2934,21.6308,-2.3374,BEARISH,87.2275,4.98,1816.72,1629.12,1722.92,65.39,10.89,MID_BAND,False,ACCUMULATING,18.57,22.61,13.55,RANGING,BULLISH,2026-08-03
AVANTEL,162.99,215.0,117.05,-24.19,39.25,170.59,172.33,155.84,-4.46,-5.42,4.59,CONSOLIDATING,3257322.0,41.67,BEARISH,-3.3955,-2.1294,-1.2661,BEARISH,5.7361,3.52,187.03,154.14,170.59,26.91,19.28,MID_BAND,False,ACCUMULATING,14.23,24.15,26.17,RANGING,BEARISH,2026-08-03
AVANTIFEED,907.3,1593.8,614.25,-43.07,47.71,961.48,1023.06,1048.82,-5.64,-11.32,-13.49,DOWNTREND,569690.0,36.11,BEARISH,-25.05,-21.9218,-3.1283,BEARISH,38.311,4.22,1045.37,877.6,961.48,17.7,17.45,MID_BAND,False,ACCUMULATING,22.04,14.22,26.59,MODERATE_TREND,BEARISH,2026-08-03
AVL,623.65,705.0,415.0,-11.54,50.28,631.87,602.2,529.58,-1.3,3.56,17.76,UPTREND,207191.0,49.97,NEUTRAL,3.9321,6.9653,-3.0332,BEARISH,22.6181,3.63,650.24,613.5,631.87,27.64,5.82,MID_BAND,False,ACCUMULATING,20.45,25.82,15.59,MODERATE_TREND,BULLISH,2026-08-03
AVONMORE,11.36,23.9,9.05,-52.47,25.52,10.04,10.35,13.81,13.15,9.76,-17.74,DOWNTREND,232584.0,69.22,BULLISH,0.1208,-0.1085,0.2292,BULLISH,0.5624,4.95,11.3,8.78,10.04,102.26,25.17,NEAR_UPPER,False,ACCUMULATING,21.77,32.96,10.44,MODERATE_TREND,BULLISH,2026-08-03
AVROIND,8.77,16.45,8.42,-46.68,4.16,9.25,10.07,12.01,-5.19,-12.91,-26.98,DOWNTREND,273805.0,36.15,BEARISH,-0.425,-0.4166,-0.0084,BEARISH,0.5565,6.35,10.29,8.21,9.25,26.82,22.39,MID_BAND,False,DISTRIBUTING,22.65,9.08,15.52,MODERATE_TREND,BEARISH,2026-08-03
AVTNPL,70.71,83.8,53.5,-15.62,32.17,70.25,70.45,66.93,0.65,0.37,5.65,STRONG_UPTREND,33356.0,52.54,NEUTRAL,0.1004,0.0266,0.0738,BULLISH,2.0254,2.86,71.47,69.03,70.25,68.9,3.47,SQUEEZE,True,DISTRIBUTING,20.29,17.6,12.28,MODERATE_TREND,BULLISH,2026-08-03
AWFIS,277.3,639.4,229.05,-56.63,21.07,288.3,301.97,379.52,-3.82,-8.17,-26.93,DOWNTREND,239000.0,39.27,BEARISH,-7.3199,-7.0225,-0.2973,BEARISH,10.2894,3.71,307.89,268.7,288.3,21.94,13.59,MID_BAND,False,DISTRIBUTING,10.77,22.44,22.85,RANGING,BEARISH,2026-08-03
AWHCL,429.65,635.8,372.5,-32.42,15.34,444.54,455.74,479.21,-3.35,-5.72,-10.34,DOWNTREND,77415.0,36.93,BEARISH,-9.4793,-7.9411,-1.5382,BEARISH,12.3473,2.87,469.54,419.54,444.54,20.21,11.25,MID_BAND,False,DISTRIBUTING,29.22,15.04,27.1,MODERATE_TREND,BEARISH,2026-08-03
AWL,190.3,282.9,171.19,-32.73,11.16,188.42,188.65,209.83,1.0,0.87,-9.31,DOWNTREND,2926653.0,52.97,NEUTRAL,0.1411,-0.0328,0.1739,BULLISH,5.357,2.82,193.44,183.4,188.42,68.72,5.33,MID_BAND,False,ACCUMULATING,16.68,30.91,13.48,RANGING,BULLISH,2026-08-03
AXISBANK,1272.0,1418.3,1042.5,-10.32,22.01,1273.85,1304.82,1288.05,-0.15,-2.52,-1.25,DOWNTREND,8293046.0,48.54,NEUTRAL,-23.4146,-22.0102,-1.4044,BEARISH,26.4347,2.08,1359.87,1187.82,1273.85,48.93,13.51,MID_BAND,False,DISTRIBUTING,25.74,20.88,24.07,MODERATE_TREND,BEARISH,2026-08-03
AXISCADES,1572.9,2211.0,1063.3,-28.86,47.93,1568.02,1722.15,,0.31,-8.67,,INSUFFICIENT_DATA,165258.0,45.6,NEUTRAL,-49.3764,-58.977,9.6006,BULLISH,72.3639,4.6,1639.89,1496.15,1568.02,53.4,9.17,MID_BAND,False,DISTRIBUTING,19.25,17.07,18.06,RANGING,BEARISH,2026-08-03
AXITA,7.3,10.15,6.57,-28.05,11.11,7.41,7.6,,-1.48,-3.95,,INSUFFICIENT_DATA,346070.0,35.91,BEARISH,-0.079,-0.084,0.005,BULLISH,0.1629,2.23,7.55,7.26,7.41,13.71,3.96,MID_BAND,False,DISTRIBUTING,29.18,10.19,17.07,MODERATE_TREND,BEARISH,2026-08-03
AYE,172.6,197.29,88.22,-12.51,95.65,169.25,162.77,,1.98,6.04,,INSUFFICIENT_DATA,2184528.0,53.99,NEUTRAL,1.131,2.2732,-1.1422,BEARISH,9.491,5.5,181.35,157.14,169.25,63.84,14.3,MID_BAND,False,ACCUMULATING,27.06,25.51,15.97,MODERATE_TREND,BULLISH,2026-08-03
AYMSYNTEX,251.6,281.22,141.53,-10.53,77.77,238.8,230.27,195.2,5.36,9.26,28.89,STRONG_UPTREND,43519.0,62.18,BULLISH,4.3542,3.438,0.9162,BULLISH,14.5103,5.77,250.93,226.68,238.8,102.76,10.16,NEAR_UPPER,False,ACCUMULATING,27.7,25.8,9.15,MODERATE_TREND,BULLISH,2026-08-03
AZAD,2306.8,2530.0,1360.0,-8.82,69.62,2362.78,2204.04,1815.82,-2.37,4.66,27.04,UPTREND,676099.0,50.8,NEUTRAL,38.9365,58.0802,-19.1437,BEARISH,99.5845,4.32,2501.68,2223.88,2362.78,29.85,11.76,MID_BAND,False,ACCUMULATING,20.85,20.84,19.75,MODERATE_TREND,BULLISH,2026-08-03
BAGFILMS,4.45,8.0,3.61,-44.38,23.27,4.49,4.73,5.41,-0.89,-5.92,-17.74,DOWNTREND,73600.0,41.25,BEARISH,-0.0672,-0.0735,0.0063,BULLISH,0.2022,4.54,4.61,4.38,4.49,30.85,5.11,MID_BAND,False,DISTRIBUTING,23.77,13.81,14.13,MODERATE_TREND,BEARISH,2026-08-03
BAIDFIN,10.01,12.98,8.8,-22.88,13.75,10.08,10.1,10.69,-0.69,-0.89,-6.36,DOWNTREND,50861.0,48.64,NEUTRAL,-0.0812,-0.0729,-0.0083,BEARISH,0.4571,4.57,10.5,9.65,10.08,42.08,8.39,MID_BAND,False,DISTRIBUTING,22.73,16.33,8.9,MODERATE_TREND,BULLISH,2026-08-03
BAJAJ-AUTO,11856.0,11856.0,8180.0,0.0,44.94,10763.55,10390.62,9670.87,10.15,14.1,22.59,STRONG_UPTREND,501353.0,78.43,OVERBOUGHT,394.1545,284.3609,109.7936,BULLISH,254.1083,2.14,11910.94,9616.16,10763.55,97.61,21.32,NEAR_UPPER,False,ACCUMULATING,43.0,36.85,5.29,STRONG_TREND,BULLISH,2026-08-03
BAJAJCON,523.8,692.0,220.1,-24.31,137.98,567.02,577.53,406.69,-7.62,-9.3,28.8,CONSOLIDATING,1284575.0,38.77,BEARISH,-16.6,-12.1155,-4.4844,BEARISH,24.6058,4.7,663.85,470.2,567.02,27.68,34.15,MID_BAND,False,DISTRIBUTING,21.7,17.79,24.58,MODERATE_TREND,BEARISH,2026-08-03
BAJAJELEC,337.65,653.8,301.0,-48.36,12.18,330.59,324.64,396.55,2.14,4.01,-14.85,DOWNTREND,122289.0,57.7,BULLISH,0.9752,0.3331,0.6421,BULLISH,8.2778,2.45,338.39,322.8,330.59,95.27,4.72,NEAR_UPPER,False,ACCUMULATING,28.58,27.4,11.94,MODERATE_TREND,BULLISH,2026-08-03
BAJAJFINSV,2096.0,2195.0,1597.0,-4.51,31.25,1903.75,1819.87,1902.78,10.1,15.17,10.15,STRONG_UPTREND,1409357.0,76.34,OVERBOUGHT,49.8422,34.4542,15.388,BULLISH,47.3803,2.26,2026.1,1781.41,1903.75,128.57,12.85,NEAR_UPPER,False,ACCUMULATING,26.72,40.18,10.23,MODERATE_TREND,BULLISH,2026-08-03
BAJAJHCARE,340.4,515.9,272.35,-34.02,24.99,342.93,323.46,355.96,-0.74,5.24,-4.37,DOWNTREND,445576.0,52.62,NEUTRAL,0.4493,3.2489,-2.7996,BEARISH,15.6494,4.6,384.36,301.5,342.93,46.95,24.16,MID_BAND,False,ACCUMULATING,19.04,26.04,22.45,RANGING,BULLISH,2026-08-03
BAJAJHFL,86.85,117.98,72.65,-26.39,19.55,86.55,86.17,90.26,0.35,0.79,-3.78,DOWNTREND,3324311.0,51.66,NEUTRAL,-0.1432,-0.1442,0.001,BULLISH_CROSS,1.7259,1.99,88.93,84.18,86.55,56.23,5.49,SQUEEZE,True,DISTRIBUTING,16.23,25.1,18.49,RANGING,BULLISH,2026-08-03
BAJAJHIND,17.52,23.65,14.85,-25.92,17.98,17.18,18.11,18.19,1.98,-3.26,-3.68,DOWNTREND,4027854.0,51.21,NEUTRAL,-0.3183,-0.3698,0.0515,BULLISH_CROSS,0.5147,2.94,17.76,16.6,17.18,79.57,6.75,SQUEEZE,True,ACCUMULATING,15.32,24.3,17.32,RANGING,BULLISH,2026-08-03
BAJAJHLDNG,11599.0,14763.0,8588.0,-21.43,35.06,10695.05,10557.84,10726.13,8.45,9.86,8.14,STRONG_UPTREND,58536.0,73.58,OVERBOUGHT,183.8149,85.7633,98.0515,BULLISH,267.8509,2.31,11358.6,10031.5,10695.05,118.11,12.41,NEAR_UPPER,False,ACCUMULATING,18.59,33.29,12.69,RANGING,BULLISH,2026-08-03
BAJAJINDEF,234.8,442.6,207.25,-46.95,13.29,237.21,244.9,286.75,-1.02,-4.12,-18.12,DOWNTREND,18450.0,44.16,BEARISH,-4.4639,-4.9267,0.4628,BULLISH,9.1859,3.91,249.29,225.13,237.21,40.03,10.19,MID_BAND,False,DISTRIBUTING,12.19,17.54,18.53,RANGING,BEARISH,2026-08-03
BAJAJST,385.55,507.8,350.05,-24.07,10.14,396.26,392.69,,-2.7,-1.82,,INSUFFICIENT_DATA,16402.0,44.53,BEARISH,-2.5426,-1.6183,-0.9243,BEARISH,19.6457,5.1,409.01,383.52,396.26,7.96,6.43,NEAR_LOWER,False,ACCUMULATING,16.18,17.31,14.74,RANGING,BULLISH,2026-08-03
BAJEL,177.35,226.69,135.1,-21.77,31.27,180.94,189.73,174.26,-1.98,-6.53,1.77,CONSOLIDATING,247881.0,41.44,BEARISH,-3.7329,-3.607,-0.1259,BEARISH,6.0512,3.41,190.11,171.77,180.94,30.41,10.14,MID_BAND,False,ACCUMULATING,9.87,18.43,17.47,RANGING,BULLISH,2026-08-03
BAJFINANCE,1153.0,1176.4,787.9,-1.99,46.34,1048.33,984.31,965.6,9.98,17.14,19.41,STRONG_UPTREND,10386537.0,75.2,OVERBOUGHT,32.2988,25.3145,6.9843,BULLISH,30.3913,2.64,1126.93,969.72,1048.33,116.59,15.0,NEAR_UPPER,False,ACCUMULATING,30.9,43.46,15.83,STRONG_TREND,BULLISH,2026-08-03
BALAJEE,27.36,59.9,21.1,-54.32,29.67,28.01,28.75,33.13,-2.32,-4.83,-17.42,DOWNTREND,48443.0,37.96,BEARISH,-0.5522,-0.5004,-0.0518,BEARISH,0.9617,3.51,29.59,26.44,28.01,29.24,11.24,MID_BAND,False,DISTRIBUTING,27.9,12.19,24.59,MODERATE_TREND,BEARISH,2026-08-03
BALAJITELE,84.54,141.32,69.52,-40.18,21.61,87.36,88.09,97.94,-3.23,-4.03,-13.68,DOWNTREND,110431.0,42.05,BEARISH,-1.7722,-1.4292,-0.343,BEARISH,3.0661,3.63,94.44,80.29,87.36,30.05,16.2,MID_BAND,False,DISTRIBUTING,16.48,16.72,16.5,RANGING,BULLISH,2026-08-03
BALAMINES,2025.2,2443.6,968.1,-17.12,109.19,2270.84,2136.86,1428.72,-10.82,-5.23,41.75,CONSOLIDATING,383244.0,40.53,BEARISH,13.4643,53.5733,-40.1091,BEARISH,131.7979,6.51,2482.48,2059.2,2270.84,-8.03,18.64,NEAR_LOWER,False,ACCUMULATING,20.58,18.23,27.09,MODERATE_TREND,BEARISH,2026-08-03
BALAXI,24.0,49.92,15.2,-51.92,57.89,23.69,20.69,,1.31,16.0,,INSUFFICIENT_DATA,116563.0,56.76,BULLISH,1.1822,1.3246,-0.1423,BEARISH,1.4444,6.02,27.4,19.98,23.69,54.15,31.3,MID_BAND,False,ACCUMULATING,33.25,26.16,15.17,STRONG_TREND,BULLISH,2026-08-03
BALKRISHNA,18.05,25.97,12.0,-30.5,50.42,17.89,18.24,18.19,0.89,-1.04,-0.77,DOWNTREND,12746.0,51.39,NEUTRAL,-0.1915,-0.188,-0.0035,BEARISH,1.0625,5.89,18.6,17.17,17.89,61.42,7.98,MID_BAND,False,DISTRIBUTING,38.85,23.47,6.67,STRONG_TREND,BULLISH,2026-08-03
BALKRISIND,2492.2,2775.0,1970.0,-10.19,26.51,2156.22,2171.05,2282.24,15.58,14.79,9.2,STRONG_UPTREND,565299.0,73.88,OVERBOUGHT,35.3828,-11.8428,47.2256,BULLISH,84.7208,3.4,2446.07,1866.37,2156.22,107.96,26.89,NEAR_UPPER,False,ACCUMULATING,23.44,43.07,13.94,MODERATE_TREND,BULLISH,2026-08-03
BALMLAWRIE,174.14,238.2,148.36,-26.89,17.38,177.13,179.04,179.16,-1.69,-2.74,-2.8,DOWNTREND,110051.0,43.54,BEARISH,-1.3822,-1.0627,-0.3195,BEARISH,3.8473,2.21,181.58,172.67,177.13,16.48,5.03,MID_BAND,False,DISTRIBUTING,9.71,17.56,21.94,RANGING,BEARISH,2026-08-03
BALPHARMA,89.49,98.85,60.0,-9.47,49.15,85.91,85.98,77.08,4.17,4.08,16.1,STRONG_UPTREND,66476.0,58.57,BULLISH,1.4384,1.2285,0.21,BULLISH,3.5968,4.02,94.94,76.88,85.91,69.83,21.02,MID_BAND,False,ACCUMULATING,31.77,25.66,11.13,STRONG_TREND,BULLISH,2026-08-03
BALRAMCHIN,646.8,665.5,393.55,-2.81,64.35,597.92,563.7,491.71,8.18,14.74,31.54,STRONG_UPTREND,808900.0,68.75,BULLISH,15.3706,15.4823,-0.1116,BEARISH,22.3126,3.45,640.4,555.44,597.92,107.54,14.21,NEAR_UPPER,False,ACCUMULATING,43.08,35.9,11.64,STRONG_TREND,BULLISH,2026-08-03
BALUFORGE,444.85,697.0,341.05,-36.18,30.44,444.93,456.17,501.88,-0.02,-2.48,-11.36,DOWNTREND,369689.0,48.38,NEUTRAL,-5.4798,-6.0975,0.6177,BULLISH,13.7553,3.09,465.07,424.78,444.93,49.81,9.05,MID_BAND,False,ACCUMULATING,11.45,21.49,22.44,RANGING,BEARISH,2026-08-03
BANARBEADS,113.98,164.7,96.05,-30.8,18.67,115.7,108.47,117.01,-1.49,5.08,-2.59,DOWNTREND,17977.0,51.55,NEUTRAL,2.3194,2.8348,-0.5154,BEARISH,6.6459,5.83,123.85,107.56,115.7,39.41,14.08,MID_BAND,False,ACCUMULATING,27.15,15.73,13.19,MODERATE_TREND,BULLISH,2026-08-03
BANARISUG,3487.2,3849.0,3105.2,-9.4,12.3,3482.9,3527.89,3591.02,0.12,-1.15,-2.89,DOWNTREND,249.0,48.08,NEUTRAL,-9.7908,-14.0766,4.2858,BULLISH,45.485,1.3,3503.86,3461.94,3482.9,60.26,1.2,MID_BAND,False,ACCUMULATING,22.52,16.94,15.48,MODERATE_TREND,BULLISH,2026-08-03
BANCOINDIA,657.75,879.8,502.0,-25.24,31.03,648.79,656.05,646.77,1.38,0.26,1.7,STRONG_UPTREND,120079.0,54.28,NEUTRAL,-7.1863,-7.0137,-0.1727,BEARISH,19.4047,2.95,694.91,602.66,648.79,59.72,14.22,MID_BAND,False,DISTRIBUTING,18.93,25.72,23.93,RANGING,BULLISH,2026-08-03
BANDHANBNK,173.65,220.76,134.25,-21.34,29.35,191.7,200.18,171.87,-9.42,-13.25,1.04,CONSOLIDATING,20843646.0,35.94,BEARISH,-9.1929,-6.8922,-2.3007,BEARISH,7.4088,4.27,231.71,151.69,191.7,27.44,41.74,MID_BAND,False,DISTRIBUTING,25.6,19.5,34.53,MODERATE_TREND,BEARISH,2026-08-03
BANG,30.27,62.07,25.84,-51.23,17.14,28.98,32.08,40.67,4.45,-5.64,-25.57,DOWNTREND,37944.0,51.66,NEUTRAL,-0.5499,-0.9653,0.4154,BULLISH,1.7401,5.75,30.55,27.4,28.98,91.04,10.88,NEAR_UPPER,False,DISTRIBUTING,30.23,19.49,17.34,STRONG_TREND,BULLISH,2026-08-03
BANKBARODA,247.25,325.5,230.81,-24.04,7.12,246.02,261.03,279.43,0.5,-5.28,-11.52,DOWNTREND,10825402.0,46.01,NEUTRAL,-5.1012,-5.708,0.6067,BULLISH,5.9322,2.4,253.58,238.45,246.01,58.16,6.15,SQUEEZE,True,DISTRIBUTING,23.62,19.5,24.11,MODERATE_TREND,BEARISH,2026-08-03
BANKINDIA,140.5,178.36,109.85,-21.23,27.9,141.53,142.73,147.98,-0.73,-1.56,-5.05,DOWNTREND,9974783.0,48.2,NEUTRAL,-1.2546,-0.7873,-0.4673,BEARISH,3.7865,2.7,148.84,134.21,141.53,43.0,10.34,MID_BAND,False,ACCUMULATING,11.35,22.66,23.55,RANGING,BEARISH,2026-08-03
BANSALWIRE,318.5,380.2,222.5,-16.23,43.15,321.28,319.26,297.45,-0.87,-0.24,7.08,CONSOLIDATING,223842.0,49.24,NEUTRAL,-2.0217,-1.0159,-1.0058,BEARISH,14.3437,4.5,342.59,299.98,321.28,43.47,13.26,SQUEEZE,True,DISTRIBUTING,13.8,14.32,18.63,RANGING,BEARISH,2026-08-03
BANSWRAS,127.34,144.0,93.73,-11.57,35.86,126.58,127.92,117.41,0.6,-0.45,8.46,CONSOLIDATING,62266.0,49.67,NEUTRAL,-0.4609,-0.1583,-0.3026,BEARISH,6.7651,5.31,135.21,117.95,126.58,54.42,13.63,MID_BAND,False,ACCUMULATING,17.19,20.91,12.83,RANGING,BULLISH,2026-08-03
BASF,3729.7,4829.9,3122.2,-22.78,19.46,3662.54,3556.4,3727.91,1.83,4.87,0.05,STRONG_UPTREND,17170.0,54.47,NEUTRAL,35.218,41.187,-5.9691,BEARISH,101.4821,2.72,3873.51,3451.57,3662.54,65.92,11.52,MID_BAND,False,ACCUMULATING,19.12,25.14,20.72,RANGING,BULLISH,2026-08-03
BATAINDIA,709.65,1282.5,605.0,-44.67,17.3,690.35,690.26,805.51,2.8,2.81,-11.9,DOWNTREND,277184.0,56.72,BULLISH,2.1869,0.2486,1.9383,BULLISH,18.1573,2.56,711.88,668.82,690.35,94.83,6.24,NEAR_UPPER,False,ACCUMULATING,20.48,26.32,16.74,MODERATE_TREND,BULLISH,2026-08-03
BATLIBOI,82.55,97.45,71.21,-15.29,15.92,83.96,81.64,,-1.68,1.11,,INSUFFICIENT_DATA,43559.0,47.61,NEUTRAL,0.2234,0.6991,-0.4757,BEARISH,3.7119,4.5,88.65,79.28,83.96,34.91,11.15,MID_BAND,False,ACCUMULATING,26.77,19.4,13.6,MODERATE_TREND,BULLISH,2026-08-03
BAYERCROP,4303.3,5706.0,4030.0,-24.58,6.78,4207.09,4261.14,4498.69,2.29,0.99,-4.34,DOWNTREND,45886.0,56.92,BULLISH,7.8233,-3.8976,11.7209,BULLISH,82.6936,1.92,4358.68,4055.5,4207.09,81.73,7.21,MID_BAND,False,ACCUMULATING,28.96,30.2,16.38,MODERATE_TREND,BULLISH,2026-08-03
BBL,2564.5,3411.0,2051.7,-24.82,24.99,2623.32,2728.66,2687.19,-2.24,-6.02,-4.57,DOWNTREND,27390.0,43.16,BEARISH,-61.1541,-55.4219,-5.7323,BEARISH,76.5109,2.98,2799.77,2446.88,2623.32,33.33,13.45,MID_BAND,False,DISTRIBUTING,23.73,13.61,27.83,MODERATE_TREND,BEARISH,2026-08-03
BBOX,753.7,1103.0,440.0,-31.67,71.3,827.87,933.62,650.38,-8.96,-19.27,15.89,CONSOLIDATING,333457.0,31.59,BEARISH,-53.7626,-47.5105,-6.2521,BEARISH,41.0146,5.44,976.33,679.41,827.87,25.02,35.87,MID_BAND,False,DISTRIBUTING,41.02,15.77,27.4,STRONG_TREND,BEARISH,2026-08-03
BBTC,1537.2,2135.0,1314.6,-28.0,16.93,1499.11,1518.58,1657.95,2.54,1.23,-7.28,DOWNTREND,28089.0,58.18,BULLISH,-5.5495,-9.5243,3.9748,BULLISH,28.8787,1.88,1535.2,1463.01,1499.11,102.77,4.82,NEAR_UPPER,False,ACCUMULATING,23.38,27.29,19.88,MODERATE_TREND,BULLISH,2026-08-03
BBTCL,222.48,251.0,156.0,-11.36,42.62,217.42,216.39,196.25,2.33,2.81,13.37,STRONG_UPTREND,15046.0,53.04,NEUTRAL,3.069,1.6016,1.4673,BULLISH,11.335,5.09,231.34,203.49,217.42,68.18,12.81,MID_BAND,False,ACCUMULATING,27.24,30.24,12.76,MODERATE_TREND,BULLISH,2026-08-03
BCG,9.35,17.7,7.7,-47.18,21.43,9.52,10.06,,-1.79,-7.06,,INSUFFICIENT_DATA,3683711.0,40.69,BEARISH,-0.206,-0.2176,0.0116,BULLISH,0.4067,4.35,9.85,9.18,9.52,25.09,6.98,SQUEEZE,True,ACCUMULATING,13.66,14.15,40.59,RANGING,BEARISH,2026-08-03
BCLIND,37.89,45.35,25.53,-16.45,48.41,35.47,35.28,32.69,6.82,7.4,15.91,STRONG_UPTREND,4542446.0,62.33,BULLISH,0.2216,0.0543,0.1673,BULLISH,1.5246,4.02,37.96,32.98,35.47,98.56,14.05,NEAR_UPPER,False,ACCUMULATING,19.71,32.65,15.72,RANGING,BULLISH,2026-08-03
BCONCEPTS,189.14,449.0,164.0,-57.88,15.33,195.79,190.17,,-3.4,-0.54,,INSUFFICIENT_DATA,12480.0,47.19,NEUTRAL,-1.7323,-1.0079,-0.7245,BEARISH,10.4426,5.52,215.55,176.03,195.79,33.17,20.18,MID_BAND,False,ACCUMULATING,17.72,19.16,15.7,RANGING,BULLISH,2026-08-03
BCPL,70.41,92.0,60.0,-23.47,17.35,70.64,74.12,,-0.33,-5.01,,INSUFFICIENT_DATA,7471.0,43.93,BEARISH,-1.0669,-1.1946,0.1277,BULLISH,2.6735,3.8,72.19,69.09,70.64,42.57,4.38,MID_BAND,False,DISTRIBUTING,20.62,12.94,14.48,MODERATE_TREND,BEARISH,2026-08-03
BDL,1265.0,1654.0,1086.0,-23.52,16.48,1279.48,1285.24,1362.04,-1.13,-1.57,-7.12,DOWNTREND,793806.0,45.75,NEUTRAL,-16.677,-15.3428,-1.3342,BEARISH,31.4301,2.48,1361.63,1197.33,1279.48,41.19,12.84,MID_BAND,False,DISTRIBUTING,17.5,19.29,23.46,RANGING,BEARISH,2026-08-03
BEARDSELL,27.5,38.6,20.02,-28.76,37.36,27.71,28.26,27.97,-0.76,-2.69,-1.68,DOWNTREND,14165.0,47.28,NEUTRAL,-0.4066,-0.3293,-0.0773,BEARISH,1.3473,4.9,29.21,26.21,27.71,42.94,10.81,MID_BAND,False,DISTRIBUTING,14.91,10.58,15.58,RANGING,BEARISH,2026-08-03
BECTORFOOD,211.27,301.24,165.0,-29.87,28.04,193.63,185.07,211.44,9.11,14.16,-0.08,DOWNTREND,14364703.0,61.57,BULLISH,8.6513,7.0805,1.5708,BULLISH,9.925,4.7,232.18,155.07,193.63,72.88,39.83,MID_BAND,False,ACCUMULATING,33.59,23.92,11.98,STRONG_TREND,BULLISH,2026-08-03
BEDMUTHA,111.71,154.9,95.0,-27.88,17.59,108.52,109.44,,2.94,2.07,,INSUFFICIENT_DATA,3307.0,55.04,BULLISH,-0.1681,-0.6536,0.4855,BULLISH,3.8263,3.43,111.57,105.46,108.52,102.26,5.63,NEAR_UPPER,False,DISTRIBUTING,16.08,22.91,10.64,RANGING,BULLISH,2026-08-03
BEEKAY,392.8,471.85,355.05,-16.75,10.63,402.25,403.22,,-2.35,-2.58,,INSUFFICIENT_DATA,1178.0,43.72,BEARISH,-2.5785,-1.6775,-0.901,BEARISH,17.7313,4.51,414.22,390.27,402.25,10.56,5.95,MID_BAND,False,DISTRIBUTING,16.74,15.98,14.46,RANGING,BULLISH,2026-08-03
BEL,392.15,473.45,361.2,-17.17,8.57,404.0,410.32,420.61,-2.93,-4.43,-6.77,DOWNTREND,11683790.0,38.47,BEARISH,-6.7062,-4.8175,-1.8887,BEARISH,7.3398,1.87,423.86,384.15,404.0,20.14,9.83,MID_BAND,False,DISTRIBUTING,22.09,16.18,31.66,MODERATE_TREND,BEARISH,2026-08-03
BELLACASA,246.04,497.35,220.25,-50.53,11.71,245.41,245.8,304.51,0.26,0.1,-19.2,DOWNTREND,13832.0,50.81,NEUTRAL,-3.0041,-2.4337,-0.5703,BEARISH,12.6253,5.13,259.97,230.86,245.41,52.15,11.86,MID_BAND,False,DISTRIBUTING,14.91,20.48,11.06,RANGING,BULLISH,2026-08-03
BELRISE,241.86,252.0,133.46,-4.02,81.22,232.1,230.31,193.92,4.21,5.01,24.72,STRONG_UPTREND,4784330.0,59.67,BULLISH,1.2577,0.66,0.5978,BULLISH,7.573,3.13,239.91,224.29,232.1,112.49,6.73,NEAR_UPPER,False,ACCUMULATING,11.2,24.66,14.79,RANGING,BULLISH,2026-08-03
BEML,1743.7,2275.75,1355.0,-23.38,28.69,1790.77,1782.32,1767.93,-2.63,-2.17,-1.37,DOWNTREND,183173.0,44.45,BEARISH,-12.9997,-7.4218,-5.5779,BEARISH,48.023,2.75,1887.59,1693.94,1790.77,25.69,10.81,MID_BAND,False,DISTRIBUTING,10.96,18.32,18.57,RANGING,BEARISH,2026-08-03
BENGALASM,6205.0,7268.0,5845.85,-14.63,6.14,6260.43,6436.01,,-0.89,-3.59,,INSUFFICIENT_DATA,208.0,43.38,BEARISH,-43.7892,-47.4641,3.6749,BULLISH,137.518,2.22,6362.55,6158.3,6260.43,22.86,3.26,MID_BAND,False,ACCUMULATING,12.6,20.0,14.07,RANGING,BULLISH,2026-08-03
BEPL,120.72,138.5,74.2,-12.84,62.7,112.22,104.1,93.1,7.57,15.97,29.67,STRONG_UPTREND,11748335.0,61.21,BULLISH,4.0748,4.2576,-0.1828,BEARISH,5.9508,4.93,129.27,95.17,112.22,74.92,30.39,MID_BAND,False,ACCUMULATING,37.1,33.08,12.76,STRONG_TREND,BULLISH,2026-08-03
BERGEPAINT,526.55,594.55,391.1,-11.44,34.63,502.18,510.57,499.04,4.85,3.13,5.51,STRONG_UPTREND,258590.0,60.68,BULLISH,2.5327,-1.0844,3.617,BULLISH,14.6483,2.78,524.95,479.41,502.18,103.5,9.07,NEAR_UPPER,False,ACCUMULATING,16.89,29.61,13.83,RANGING,BULLISH,2026-08-03
BESTAGRO,18.89,34.4,13.0,-45.09,45.31,15.89,16.05,,18.88,17.69,,INSUFFICIENT_DATA,2836203.0,71.6,OVERBOUGHT,0.4455,0.0018,0.4438,BULLISH,0.9992,5.29,18.19,13.59,15.89,115.22,28.95,NEAR_UPPER,False,ACCUMULATING,24.04,31.73,11.42,MODERATE_TREND,BULLISH,2026-08-03
BETA,2353.0,2674.0,990.1,-12.0,137.65,2263.22,1965.05,,3.97,19.74,,INSUFFICIENT_DATA,63640.0,58.95,BULLISH,73.3694,99.5443,-26.175,BEARISH,148.0379,6.29,2496.0,2030.43,2263.22,69.29,20.57,MID_BAND,False,ACCUMULATING,34.02,24.37,14.08,STRONG_TREND,BULLISH,2026-08-03
BFINVEST,483.0,584.7,315.0,-17.39,53.33,465.61,449.26,417.9,3.73,7.51,15.58,STRONG_UPTREND,422632.0,58.91,BULLISH,2.4523,3.7805,-1.3282,BEARISH,18.8105,3.89,510.57,420.65,465.61,69.34,19.31,MID_BAND,False,ACCUMULATING,30.41,35.52,17.58,STRONG_TREND,BULLISH,2026-08-03
BFUTILITIE,576.2,898.7,509.95,-35.89,12.99,590.03,600.3,,-2.34,-4.01,,INSUFFICIENT_DATA,311663.0,45.33,NEUTRAL,-9.1596,-6.3089,-2.8507,BEARISH,25.7445,4.47,652.31,527.75,590.03,38.89,21.11,MID_BAND,False,ACCUMULATING,14.0,24.35,21.55,RANGING,BULLISH,2026-08-03
BHAGCHEM,298.35,316.9,170.6,-5.85,74.88,278.23,269.28,236.47,7.23,10.8,26.17,STRONG_UPTREND,189803.0,65.4,BULLISH,1.5999,0.186,1.414,BULLISH_CROSS,12.8656,4.31,305.16,251.3,278.23,87.36,19.36,MID_BAND,False,ACCUMULATING,27.26,35.62,12.59,MODERATE_TREND,BULLISH,2026-08-03
BHARATCOAL,34.09,45.09,29.74,-24.4,14.63,35.95,38.08,,-5.17,-10.48,,INSUFFICIENT_DATA,9655806.0,34.53,BEARISH,-1.1871,-0.9783,-0.2089,BEARISH,1.1249,3.3,38.83,33.07,35.95,17.67,16.03,MID_BAND,False,DISTRIBUTING,25.33,15.25,31.81,MODERATE_TREND,BEARISH,2026-08-03
BHARATFORG,2211.0,2238.0,1100.5,-1.21,100.91,2156.74,2072.08,1730.15,2.52,6.7,27.79,STRONG_UPTREND,758731.0,62.61,BULLISH,31.9733,34.274,-2.3008,BEARISH,50.0667,2.26,2233.05,2080.43,2156.74,85.55,7.08,MID_BAND,False,ACCUMULATING,25.25,23.87,13.08,MODERATE_TREND,BULLISH,2026-08-03
BHARATRAS,1337.2,3000.0,1203.0,-55.43,11.16,1312.0,1370.04,1752.9,1.92,-2.4,-23.71,DOWNTREND,7900.0,53.31,NEUTRAL,-22.7609,-26.0068,3.246,BULLISH_CROSS,35.4748,2.65,1385.28,1238.73,1312.01,67.19,11.17,MID_BAND,False,DISTRIBUTING,17.6,25.57,19.02,RANGING,BULLISH,2026-08-03
BHARATSE,223.36,263.18,129.87,-15.13,71.99,226.63,205.91,183.16,-1.44,8.47,21.95,UPTREND,555337.0,54.7,NEUTRAL,1.4545,3.7918,-2.3374,BEARISH,12.4781,5.59,253.69,199.57,226.63,43.96,23.88,MID_BAND,False,ACCUMULATING,25.07,27.36,18.09,MODERATE_TREND,BULLISH,2026-08-03
BHARATWIRE,202.77,262.0,148.01,-22.61,37.0,203.58,209.47,191.4,-0.4,-3.2,5.94,CONSOLIDATING,168724.0,48.8,NEUTRAL,-3.3785,-3.5496,0.1711,BULLISH_CROSS,7.8281,3.86,218.32,188.84,203.58,47.25,14.48,MID_BAND,False,DISTRIBUTING,11.33,21.92,20.75,RANGING,BULLISH,2026-08-03
BHARTIARTL,1970.5,2174.5,1740.5,-9.38,13.21,1928.8,1881.33,1947.84,2.16,4.74,1.16,STRONG_UPTREND,6087921.0,62.05,BULLISH,19.7017,17.0786,2.6231,BULLISH,33.3994,1.69,1977.09,1880.5,1928.8,93.18,5.01,NEAR_UPPER,False,ACCUMULATING,22.29,33.41,16.74,MODERATE_TREND,BULLISH,2026-08-03
BHARTIHEXA,1645.8,1955.6,1430.0,-15.84,15.09,1608.92,1533.83,1622.9,2.29,7.3,1.41,STRONG_UPTREND,185020.0,59.86,BULLISH,31.4567,32.2847,-0.828,BEARISH,44.4096,2.7,1689.91,1527.94,1608.92,72.77,10.07,MID_BAND,False,ACCUMULATING,24.19,24.58,17.13,MODERATE_TREND,BULLISH,2026-08-03
BHEL,411.15,446.5,205.12,-7.92,100.44,407.08,403.18,316.22,1.0,1.98,30.02,STRONG_UPTREND,14831078.0,52.99,NEUTRAL,2.7508,3.9423,-1.1916,BEARISH,12.9953,3.16,436.83,377.33,407.08,56.84,14.62,MID_BAND,False,ACCUMULATING,17.69,24.82,20.75,RANGING,BULLISH,2026-08-03
BI,61.83,75.0,51.62,-17.56,19.78,61.33,60.92,,0.82,1.49,,INSUFFICIENT_DATA,5515.0,54.03,NEUTRAL,-0.4489,-0.3035,-0.1454,BEARISH,3.1688,5.13,65.3,57.35,61.33,56.36,12.96,MID_BAND,False,DISTRIBUTING,17.48,13.72,13.99,RANGING,BEARISH,2026-08-03
BIGBLOC,45.8,80.0,38.0,-42.75,20.53,46.81,48.93,54.56,-2.16,-6.4,-16.06,DOWNTREND,45872.0,39.22,BEARISH,-0.946,-0.9016,-0.0444,BEARISH,1.7551,3.83,48.31,45.32,46.81,15.98,6.37,SQUEEZE,True,DISTRIBUTING,13.62,10.9,19.17,RANGING,BEARISH,2026-08-03
BIKAJI,650.0,818.7,592.55,-20.61,9.7,640.11,649.21,670.28,1.55,0.12,-3.03,DOWNTREND,91215.0,54.48,NEUTRAL,-2.2309,-3.882,1.6511,BULLISH,14.3089,2.2,649.88,630.33,640.11,100.59,3.06,NEAR_UPPER,False,DISTRIBUTING,16.98,16.2,14.59,RANGING,BULLISH,2026-08-03
BIL,760.85,980.0,602.0,-22.36,26.39,737.56,734.9,760.45,3.16,3.53,0.05,STRONG_UPTREND,3661.0,55.08,BULLISH,4.3608,2.7114,1.6494,BULLISH,37.3625,4.91,768.14,706.97,737.56,88.08,8.29,SQUEEZE,True,DISTRIBUTING,15.66,23.66,15.67,RANGING,BULLISH,2026-08-03
BIMETAL,637.15,750.75,537.9,-15.13,18.45,666.1,646.08,,-4.35,-1.38,,INSUFFICIENT_DATA,1408.0,44.4,BEARISH,0.8985,4.4558,-3.5573,BEARISH,32.086,5.04,704.6,627.6,666.1,12.4,11.56,MID_BAND,False,ACCUMULATING,19.84,14.46,19.02,RANGING,BEARISH,2026-08-03
BIOCON,427.0,447.15,337.05,-4.51,26.69,427.41,422.84,391.98,-0.1,0.98,8.93,UPTREND,6683743.0,50.39,NEUTRAL,2.8917,4.3032,-1.4115,BEARISH,10.4933,2.46,453.64,401.18,427.41,49.22,12.27,MID_BAND,False,ACCUMULATING,15.55,18.47,19.06,RANGING,BEARISH,2026-08-03
BIOFILCHEM,33.07,46.34,25.6,-28.64,29.18,33.14,34.38,33.92,-0.21,-3.81,-2.51,DOWNTREND,6736.0,47.62,NEUTRAL,-0.5319,-0.5039,-0.028,BEARISH,1.3648,4.13,34.46,31.81,33.14,47.51,7.99,MID_BAND,False,DISTRIBUTING,17.94,15.28,11.59,RANGING,BULLISH,2026-08-03
BIRLACORPN,906.1,1346.1,769.6,-32.69,17.74,956.42,973.52,1009.54,-5.26,-6.93,-10.25,DOWNTREND,156756.0,38.99,BEARISH,-23.9553,-13.7161,-10.2391,BEARISH,31.1825,3.44,1056.3,856.54,956.42,24.81,20.89,MID_BAND,False,DISTRIBUTING,21.99,17.03,27.12,MODERATE_TREND,BEARISH,2026-08-03
BIRLAMONEY,134.25,197.39,95.0,-31.99,41.32,138.45,138.8,137.71,-3.03,-3.28,-2.51,DOWNTREND,159509.0,45.15,NEUTRAL,-2.4187,-1.8694,-0.5493,BEARISH,5.6959,4.24,154.78,122.12,138.45,37.14,23.59,MID_BAND,False,DISTRIBUTING,12.0,18.1,18.76,RANGING,BEARISH,2026-08-03
BIRLANU,1341.3,2086.9,1190.1,-35.73,12.7,1323.57,1343.15,1508.74,1.34,-0.14,-11.1,DOWNTREND,11839.0,50.23,NEUTRAL,-0.1233,-4.9418,4.8185,BULLISH,48.5736,3.62,1398.25,1248.88,1323.57,61.87,11.29,MID_BAND,False,DISTRIBUTING,21.91,21.88,13.03,MODERATE_TREND,BULLISH,2026-08-03
BIRLAPREC,34.8,49.99,32.25,-30.39,7.91,35.32,37.54,,-1.47,-7.3,,INSUFFICIENT_DATA,24812.0,43.24,BEARISH,-0.8624,-0.8757,0.0132,BULLISH_CROSS,1.7218,4.95,37.65,33.0,35.32,38.71,13.15,MID_BAND,False,DISTRIBUTING,24.32,9.82,18.84,MODERATE_TREND,BEARISH,2026-08-03
BLACKBUCK,551.0,748.0,496.0,-26.34,11.09,560.69,546.38,595.2,-1.73,0.85,-7.43,DOWNTREND,498531.0,49.04,NEUTRAL,-3.446,-0.3407,-3.1054,BEARISH,22.4277,4.07,596.24,525.15,560.69,36.36,12.68,MID_BAND,False,ACCUMULATING,15.92,14.73,17.48,RANGING,BEARISH,2026-08-03
BLAL,174.62,233.8,155.5,-25.31,12.3,179.54,182.7,190.21,-2.74,-4.42,-8.2,DOWNTREND,14899.0,37.9,BEARISH,-2.5869,-2.0541,-0.5328,BEARISH,5.4691,3.13,186.66,172.41,179.54,15.49,7.93,MID_BAND,False,DISTRIBUTING,17.84,13.28,18.7,RANGING,BEARISH,2026-08-03
BLBLIMITED,15.39,22.47,12.0,-31.51,28.25,15.85,16.33,,-2.9,-5.76,,INSUFFICIENT_DATA,44384.0,43.04,BEARISH,-0.1113,-0.0591,-0.0521,BEARISH,0.8289,5.39,16.42,15.27,15.85,10.25,7.25,MID_BAND,False,DISTRIBUTING,16.37,19.71,13.19,RANGING,BULLISH,2026-08-03
BLIL,70.88,79.5,67.0,-10.84,5.79,70.21,71.01,,0.95,-0.18,,INSUFFICIENT_DATA,47009.0,54.79,NEUTRAL,-0.2355,-0.3624,0.1269,BULLISH,1.0372,1.46,70.77,69.65,70.21,110.02,1.59,NEAR_UPPER,False,DISTRIBUTING,20.0,17.79,21.28,MODERATE_TREND,BEARISH,2026-08-03
BLKASHYAP,54.32,75.4,40.32,-27.96,34.72,55.77,55.06,52.24,-2.6,-1.34,3.98,CONSOLIDATING,655441.0,45.42,NEUTRAL,-0.338,-0.0028,-0.3352,BEARISH,1.9812,3.65,60.61,50.94,55.77,35.0,17.34,MID_BAND,False,ACCUMULATING,13.77,21.24,17.36,RANGING,BULLISH,2026-08-03
BLS,250.75,399.15,218.9,-37.18,14.55,237.76,251.63,280.19,5.46,-0.35,-10.51,DOWNTREND,1478943.0,58.22,BULLISH,-2.9031,-5.1589,2.2558,BULLISH,7.3161,2.92,248.19,227.34,237.76,112.29,8.77,NEAR_UPPER,False,ACCUMULATING,21.34,26.84,19.89,MODERATE_TREND,BULLISH,2026-08-03
BLSE,299.8,307.65,124.3,-2.55,141.19,275.98,248.67,198.48,8.63,20.56,51.05,STRONG_UPTREND,1013482.0,70.53,OVERBOUGHT,14.4504,12.9099,1.5405,BULLISH,12.0347,4.01,303.57,248.39,275.98,93.17,19.99,NEAR_UPPER,False,ACCUMULATING,48.72,32.38,9.94,STRONG_TREND,BULLISH,2026-08-03
BLUEDART,5427.0,7036.0,4628.5,-22.87,17.25,4959.95,4882.1,5336.81,9.42,11.16,1.69,STRONG_UPTREND,41534.0,72.35,OVERBOUGHT,78.1203,31.6492,46.4711,BULLISH,154.2689,2.84,5268.23,4651.68,4959.95,125.75,12.43,NEAR_UPPER,False,ACCUMULATING,26.98,51.83,11.26,MODERATE_TREND,BULLISH,2026-08-03
BLUEJET,589.5,804.5,325.0,-26.72,81.38,590.51,535.37,482.79,-0.17,10.11,22.1,UPTREND,1353739.0,54.79,NEUTRAL,17.6887,19.3979,-1.7092,BEARISH,25.8818,4.39,626.37,554.65,590.51,48.59,12.15,MID_BAND,False,DISTRIBUTING,44.4,24.65,17.82,STRONG_TREND,BULLISH,2026-08-03
BLUESTARCO,1729.2,2040.0,1450.0,-15.24,19.26,1676.12,1640.57,1755.87,3.17,5.4,-1.52,DOWNTREND,293665.0,60.37,BULLISH,11.3457,8.9134,2.4323,BULLISH_CROSS,46.6368,2.7,1775.54,1576.71,1676.12,76.69,11.86,MID_BAND,False,ACCUMULATING,14.1,22.95,22.32,RANGING,BULLISH,2026-08-03
BLUESTONE,802.7,869.5,399.8,-7.68,100.78,684.43,587.2,524.31,17.28,36.7,53.1,STRONG_UPTREND,8729465.0,69.29,BULLISH,66.0055,57.0649,8.9406,BULLISH,50.9906,6.35,877.35,491.5,684.42,80.65,56.38,MID_BAND,False,ACCUMULATING,53.99,35.05,7.29,STRONG_TREND,BULLISH,2026-08-03
BLUSPRING,114.78,131.82,43.98,-12.93,160.98,111.09,101.66,73.22,3.32,12.91,56.76,STRONG_UPTREND,568396.0,57.42,BULLISH,2.7349,3.0917,-0.3569,BEARISH,7.2409,6.31,119.45,102.73,111.09,72.06,15.05,MID_BAND,False,ACCUMULATING,27.66,26.69,15.49,MODERATE_TREND,BULLISH,2026-08-03
BMWVENTLTD,57.69,73.2,48.0,-21.19,20.19,57.84,58.76,59.61,-0.26,-1.82,-3.22,DOWNTREND,78593.0,48.85,NEUTRAL,-0.4271,-0.4451,0.018,BULLISH_CROSS,1.9484,3.38,59.65,56.04,57.84,45.81,6.25,MID_BAND,False,DISTRIBUTING,13.63,19.52,15.38,RANGING,BULLISH,2026-08-03
BOHRAIND,15.0,35.58,12.02,-57.84,24.79,13.77,15.67,,8.93,-4.28,,INSUFFICIENT_DATA,19684.0,57.41,BULLISH,-0.231,-0.5488,0.3178,BULLISH,1.0854,7.24,15.16,12.38,13.77,94.35,20.13,NEAR_UPPER,False,DISTRIBUTING,16.17,20.29,15.82,RANGING,BULLISH,2026-08-03
BOMDYEING,121.92,195.45,92.0,-37.62,32.52,123.45,126.78,124.73,-1.24,-3.83,-2.25,DOWNTREND,388774.0,44.34,BEARISH,-1.8858,-1.711,-0.1749,BEARISH,3.4616,2.84,128.83,118.07,123.45,35.77,8.72,MID_BAND,False,DISTRIBUTING,20.99,15.78,23.07,MODERATE_TREND,BEARISH,2026-08-03
BONLON,41.23,57.0,38.55,-27.67,6.95,41.26,42.87,,-0.07,-3.83,,INSUFFICIENT_DATA,5127.0,47.43,NEUTRAL,-0.694,-0.7672,0.0732,BULLISH,2.4229,5.88,42.72,39.79,41.26,49.06,7.09,MID_BAND,False,DISTRIBUTING,11.49,13.8,9.09,RANGING,BULLISH,2026-08-03
BORANA,318.85,359.95,211.0,-11.42,51.11,318.26,318.49,,0.19,0.11,,INSUFFICIENT_DATA,39716.0,49.58,NEUTRAL,2.9459,2.8597,0.0862,BULLISH,13.3017,4.17,339.98,296.54,318.26,51.36,13.65,MID_BAND,False,ACCUMULATING,21.49,20.98,12.5,MODERATE_TREND,BULLISH,2026-08-03
BOROLTD,233.47,397.95,213.73,-41.33,9.24,236.91,231.13,259.74,-1.45,1.01,-10.11,DOWNTREND,104242.0,48.21,NEUTRAL,-0.2128,0.5466,-0.7593,BEARISH,8.9865,3.85,251.17,222.64,236.91,37.95,12.04,MID_BAND,False,DISTRIBUTING,14.81,22.19,19.24,RANGING,BULLISH,2026-08-03
BORORENEW,553.95,721.0,374.4,-23.17,47.96,598.02,574.58,531.08,-7.37,-3.59,4.31,CONSOLIDATING,954322.0,36.52,BEARISH,-7.6506,0.3838,-8.0343,BEARISH,19.5318,3.53,656.99,539.04,598.02,12.64,19.72,MID_BAND,False,DISTRIBUTING,24.81,15.72,25.14,MODERATE_TREND,BEARISH,2026-08-03
BOROSCI,153.42,180.8,96.64,-15.14,58.75,157.88,156.29,126.48,-2.82,-1.84,21.3,CONSOLIDATING,97950.0,44.75,BEARISH,-0.3431,0.5621,-0.9052,BEARISH,6.8315,4.45,164.88,150.87,157.88,18.18,8.87,SQUEEZE,True,DISTRIBUTING,24.53,16.98,20.93,MODERATE_TREND,BEARISH,2026-08-03
BOSCH-HCIL,1390.2,1520.0,1021.3,-8.54,36.12,1336.48,1354.77,,4.02,2.62,,INSUFFICIENT_DATA,30672.0,61.02,BULLISH,0.7232,-6.2241,6.9473,BULLISH,35.5562,2.56,1379.32,1293.65,1336.49,112.71,6.41,NEAR_UPPER,False,ACCUMULATING,11.57,26.32,14.16,RANGING,BULLISH,2026-08-03
BOSCHLTD,41300.0,42985.0,28610.0,-3.92,44.36,41454.75,39793.6,36753.72,-0.37,3.79,12.37,UPTREND,24178.0,53.9,NEUTRAL,342.9892,497.8183,-154.8291,BEARISH,906.1839,2.19,42275.95,40633.55,41454.75,40.58,3.96,SQUEEZE,True,DISTRIBUTING,26.91,19.45,18.31,MODERATE_TREND,BULLISH,2026-08-03
BPCL,329.95,391.65,266.6,-15.75,23.76,313.78,307.34,333.02,5.15,7.36,-0.92,DOWNTREND,7470829.0,65.84,BULLISH,4.1064,3.0916,1.0148,BULLISH,7.7587,2.35,326.09,301.47,313.78,115.67,7.85,NEAR_UPPER,False,ACCUMULATING,16.16,33.05,17.41,RANGING,BULLISH,2026-08-03
BPL,54.49,91.28,37.61,-40.3,44.88,55.14,54.79,56.8,-1.18,-0.55,-4.07,DOWNTREND,93201.0,49.19,NEUTRAL,-0.6294,-0.3899,-0.2396,BEARISH,2.2383,4.11,59.29,50.98,55.14,42.23,15.07,MID_BAND,False,ACCUMULATING,26.34,20.67,13.91,MODERATE_TREND,BULLISH,2026-08-03
BRIGADE,583.65,802.01,450.75,-27.23,29.48,553.12,527.05,580.91,5.52,10.74,0.47,STRONG_UPTREND,671875.0,62.25,BULLISH,11.3244,8.8198,2.5046,BULLISH,18.2943,3.13,597.08,509.15,553.12,84.73,15.9,MID_BAND,False,ACCUMULATING,23.6,35.0,18.64,MODERATE_TREND,BULLISH,2026-08-03
BRIGHOTEL,61.04,91.77,54.36,-33.49,12.29,61.74,62.59,65.62,-1.13,-2.48,-6.98,DOWNTREND,115809.0,45.92,NEUTRAL,-0.8895,-0.7458,-0.1438,BEARISH,1.8133,2.97,64.86,58.63,61.74,38.71,10.08,MID_BAND,False,DISTRIBUTING,17.52,16.67,16.73,RANGING,BEARISH,2026-08-03
BRITANNIA,5531.0,6336.0,5035.0,-12.71,9.85,5410.25,5293.9,5691.64,2.23,4.48,-2.82,DOWNTREND,230333.0,60.11,BULLISH,50.4184,42.9467,7.4717,BULLISH,106.292,1.92,5565.92,5254.58,5410.25,88.78,5.75,MID_BAND,False,ACCUMULATING,12.51,24.73,20.83,RANGING,BULLISH,2026-08-03
BRNL,17.47,26.5,16.66,-34.08,4.86,17.8,18.58,20.57,-1.85,-5.97,-15.07,DOWNTREND,28118.0,37.62,BEARISH,-0.3233,-0.3506,0.0273,BULLISH,0.858,4.91,18.53,17.07,17.8,27.44,8.22,MID_BAND,False,DISTRIBUTING,9.62,15.09,12.44,RANGING,BULLISH,2026-08-03
BSE,3575.0,4446.8,2021.5,-19.61,76.85,3650.91,3863.69,3191.16,-2.08,-7.47,12.03,CONSOLIDATING,2591435.0,42.05,BEARISH,-83.3718,-86.4146,3.0428,BULLISH_CROSS,101.4408,2.84,3864.87,3436.95,3650.91,32.26,11.72,MID_BAND,False,DISTRIBUTING,28.51,16.49,23.42,MODERATE_TREND,BEARISH,2026-08-03
BSL,123.65,208.0,98.0,-40.55,26.17,126.23,127.17,139.51,-2.04,-2.77,-11.37,DOWNTREND,3253.0,41.29,BEARISH,-0.8639,-0.5973,-0.2666,BEARISH,4.279,3.46,129.44,123.01,126.23,9.96,5.1,NEAR_LOWER,False,DISTRIBUTING,17.81,12.52,15.56,RANGING,BEARISH,2026-08-03
BSOFT,321.5,474.0,270.2,-32.17,18.99,291.31,305.19,369.04,10.36,5.34,-12.88,DOWNTREND,2699034.0,63.23,BULLISH,1.5894,-3.1536,4.7429,BULLISH,12.2476,3.81,316.09,266.53,291.31,110.91,17.02,NEAR_UPPER,False,ACCUMULATING,20.85,37.27,14.86,MODERATE_TREND,BULLISH,2026-08-03
BTML,6.84,10.5,5.06,-34.86,35.18,6.31,6.32,7.17,8.4,8.23,-4.6,DOWNTREND,441744.0,58.43,BULLISH,0.1107,0.0366,0.0741,BULLISH,0.4929,7.21,6.97,5.64,6.31,90.24,21.02,NEAR_UPPER,False,ACCUMULATING,30.78,25.41,12.56,STRONG_TREND,BULLISH,2026-08-03
BUILDPRO,1343.6,1365.0,636.0,-1.57,111.26,1220.98,1129.79,,10.04,18.92,,INSUFFICIENT_DATA,149097.0,68.66,BULLISH,42.7841,39.7198,3.0643,BULLISH_CROSS,63.591,4.73,1370.25,1071.71,1220.98,91.07,24.45,NEAR_UPPER,False,ACCUMULATING,36.8,31.71,9.05,STRONG_TREND,BULLISH,2026-08-03
BUTTERFLY,736.5,823.85,565.8,-10.6,30.17,749.41,693.55,657.32,-1.72,6.19,12.05,UPTREND,60221.0,52.99,NEUTRAL,12.1954,19.5935,-7.3981,BEARISH,29.5714,4.02,789.7,709.12,749.41,33.98,10.75,SQUEEZE,True,ACCUMULATING,42.58,21.45,12.5,STRONG_TREND,BULLISH,2026-08-03
BVCL,40.61,69.99,31.2,-41.98,30.16,41.68,41.85,,-2.57,-2.96,,INSUFFICIENT_DATA,13437.0,44.04,BEARISH,-0.2829,-0.2264,-0.0565,BEARISH,1.8419,4.54,43.39,39.97,41.68,18.85,8.21,MID_BAND,False,DISTRIBUTING,12.15,19.4,21.01,RANGING,BEARISH,2026-08-03
CAMLINFINE,128.47,235.0,96.21,-45.33,33.53,126.22,129.15,139.48,1.78,-0.53,-7.89,DOWNTREND,591171.0,51.49,NEUTRAL,-0.7777,-1.3132,0.5355,BULLISH,5.3006,4.13,133.08,119.35,126.22,66.42,10.88,MID_BAND,False,DISTRIBUTING,14.87,19.34,16.8,RANGING,BULLISH,2026-08-03
CAMPUS,223.2,297.0,215.2,-24.85,3.72,224.79,234.01,249.75,-0.71,-4.62,-10.63,DOWNTREND,3301182.0,45.82,NEUTRAL,-3.6711,-3.9875,0.3164,BULLISH,6.7023,3.0,235.28,214.31,224.79,42.41,9.33,MID_BAND,False,ACCUMULATING,24.02,30.39,14.71,MODERATE_TREND,BULLISH,2026-08-03
CAMS,791.0,844.9,611.4,-6.38,29.38,775.02,779.13,743.32,2.06,1.52,6.41,STRONG_UPTREND,1065544.0,54.14,NEUTRAL,3.2158,0.0396,3.1761,BULLISH,20.7554,2.62,807.27,742.77,775.02,74.78,8.32,MID_BAND,False,ACCUMULATING,13.04,26.86,18.85,RANGING,BULLISH,2026-08-03
CANBK,127.1,162.89,103.55,-21.97,22.74,125.92,129.19,139.93,0.94,-1.62,-9.17,DOWNTREND,24399328.0,50.56,NEUTRAL,-0.9458,-1.121,0.1752,BULLISH,2.918,2.3,129.72,122.12,125.92,65.48,6.04,MID_BAND,False,ACCUMULATING,10.04,26.66,23.12,RANGING,BULLISH,2026-08-03
CANFINHOME,817.0,971.5,708.6,-15.9,15.3,860.88,858.5,875.35,-5.1,-4.83,-6.67,DOWNTREND,271474.0,36.88,BEARISH,-17.3721,-11.8238,-5.5483,BEARISH,22.5288,2.76,951.66,770.1,860.88,25.83,21.09,MID_BAND,False,DISTRIBUTING,26.92,13.85,25.59,MODERATE_TREND,BEARISH,2026-08-03
CANHLIFE,150.92,166.69,106.0,-9.46,42.38,147.76,142.66,139.73,2.14,5.79,8.01,STRONG_UPTREND,4404873.0,57.49,BULLISH,1.4791,1.8601,-0.3811,BEARISH,5.9066,3.91,156.06,139.46,147.76,69.05,11.23,MID_BAND,False,ACCUMULATING,35.33,34.89,13.92,STRONG_TREND,BULLISH,2026-08-03
CANTABIL,247.24,321.5,208.5,-23.1,18.58,249.43,236.37,252.7,-0.88,4.6,-2.16,DOWNTREND,184149.0,53.16,NEUTRAL,0.2187,1.7833,-1.5646,BEARISH,9.1116,3.69,265.34,233.51,249.43,43.12,12.76,SQUEEZE,True,ACCUMULATING,22.53,21.76,16.96,MODERATE_TREND,BULLISH,2026-08-03
CAPACITE,213.61,334.0,180.0,-36.04,18.67,223.93,231.19,242.37,-4.61,-7.6,-11.87,DOWNTREND,539386.0,38.41,BEARISH,-6.3791,-5.521,-0.8581,BEARISH,8.0416,3.76,241.7,206.16,223.93,20.96,15.87,SQUEEZE,True,DISTRIBUTING,10.99,19.73,21.71,RANGING,BEARISH,2026-08-03
CAPILLARY,495.55,798.95,464.25,-37.97,6.74,500.26,503.82,,-0.94,-1.64,,INSUFFICIENT_DATA,589681.0,47.19,NEUTRAL,-0.2544,-1.6963,1.4419,BULLISH,21.9953,4.44,533.32,467.21,500.26,42.87,13.21,MID_BAND,False,ACCUMULATING,24.51,21.3,18.92,MODERATE_TREND,BULLISH,2026-08-03
CAPITALSFB,295.65,323.7,206.55,-8.67,43.14,296.86,287.0,268.76,-0.41,3.01,10.01,UPTREND,72969.0,52.14,NEUTRAL,2.5377,3.7681,-1.2304,BEARISH,8.7685,2.97,307.73,285.98,296.86,44.46,7.33,MID_BAND,False,ACCUMULATING,19.29,16.98,15.6,RANGING,BULLISH,2026-08-03
CAPLIPOINT,2566.1,2699.0,1500.3,-4.92,71.04,2582.11,2413.93,1958.54,-0.62,6.3,31.02,UPTREND,108214.0,53.18,NEUTRAL,31.9766,51.6074,-19.6309,BEARISH,94.592,3.69,2705.23,2458.98,2582.11,43.5,9.54,MID_BAND,False,ACCUMULATING,35.12,23.17,17.54,STRONG_TREND,BULLISH,2026-08-03
CAPTRUST,19.07,45.65,11.08,-58.23,72.11,14.47,14.5,,31.79,31.52,,INSUFFICIENT_DATA,80700.0,81.11,OVERBOUGHT,1.1189,0.5507,0.5682,BULLISH,0.9617,5.04,18.7,10.24,14.47,104.39,58.42,NEAR_UPPER,False,ACCUMULATING,32.08,38.25,10.54,STRONG_TREND,BULLISH,2026-08-03
CARBORUNIV,1095.5,1306.9,735.2,-16.18,49.01,1074.76,1087.51,919.96,1.93,0.73,19.08,STRONG_UPTREND,148337.0,53.45,NEUTRAL,-8.5158,-8.2805,-0.2354,BEARISH,38.8431,3.55,1105.04,1044.49,1074.77,84.25,5.63,SQUEEZE,True,DISTRIBUTING,14.84,27.21,17.5,RANGING,BULLISH,2026-08-03
CARERATING,1715.6,1838.0,1392.7,-6.66,23.19,1675.67,1660.25,1608.76,2.38,3.33,6.64,STRONG_UPTREND,39924.0,57.62,BULLISH,13.1342,9.5925,3.5416,BULLISH,49.8237,2.9,1731.8,1619.54,1675.67,85.57,6.7,MID_BAND,False,ACCUMULATING,13.37,21.35,11.23,RANGING,BULLISH,2026-08-03
CARRARO,542.8,667.55,405.0,-18.69,34.02,547.45,545.78,530.46,-0.85,-0.55,2.33,CONSOLIDATING,148285.0,48.65,NEUTRAL,-3.8982,-2.2506,-1.6476,BEARISH,17.4271,3.21,578.98,515.93,547.45,42.62,11.52,MID_BAND,False,ACCUMULATING,16.39,14.53,20.94,RANGING,BEARISH,2026-08-03
CARTRADE,2803.3,3290.5,1600.0,-14.81,75.21,2793.51,2494.99,2356.18,0.35,12.36,18.98,STRONG_UPTREND,914058.0,54.48,NEUTRAL,74.3167,98.2267,-23.9099,BEARISH,149.571,5.34,2959.87,2627.14,2793.51,52.94,11.91,MID_BAND,False,ACCUMULATING,49.33,28.01,14.89,STRONG_TREND,BULLISH,2026-08-03
CARYSIL,1188.3,1280.9,732.1,-7.23,62.31,1165.41,1155.51,959.3,1.96,2.84,23.87,STRONG_UPTREND,129757.0,54.99,NEUTRAL,7.5664,7.5851,-0.0187,BEARISH,45.6583,3.84,1228.54,1102.29,1165.41,68.13,10.83,MID_BAND,False,ACCUMULATING,16.58,22.54,16.74,RANGING,BULLISH,2026-08-03
CASTROLIND,185.84,212.4,170.1,-12.5,9.25,184.46,184.38,185.64,0.75,0.79,0.11,STRONG_UPTREND,1146527.0,59.5,BULLISH,0.2569,0.1599,0.097,BULLISH,1.7076,0.92,185.93,182.98,184.46,96.89,1.6,NEAR_UPPER,False,DISTRIBUTING,37.91,28.89,7.93,STRONG_TREND,BULLISH,2026-08-03
CCAVENUE,17.43,19.43,12.92,-10.29,34.91,16.97,15.66,,2.71,11.3,,INSUFFICIENT_DATA,17782277.0,58.81,BULLISH,0.1574,0.2975,-0.1401,BEARISH,0.7165,4.11,18.34,15.59,16.97,66.92,16.18,MID_BAND,False,ACCUMULATING,27.85,36.53,20.53,MODERATE_TREND,BULLISH,2026-08-03
CCCL,15.73,28.87,12.76,-45.51,23.28,16.12,15.77,,-2.42,-0.25,,INSUFFICIENT_DATA,292750.0,46.66,NEUTRAL,-0.125,-0.014,-0.111,BEARISH,0.7985,5.08,17.21,15.03,16.12,32.01,13.53,MID_BAND,False,DISTRIBUTING,19.19,20.53,25.49,RANGING,BEARISH,2026-08-03
CCHHL,13.06,19.99,10.03,-34.67,30.21,12.79,12.87,13.86,2.11,1.48,-5.77,DOWNTREND,21128.0,56.11,BULLISH,0.0027,-0.0421,0.0449,BULLISH,0.5888,4.51,13.17,12.41,12.79,85.66,5.92,MID_BAND,False,ACCUMULATING,17.83,15.85,13.38,RANGING,BULLISH,2026-08-03
CCL,1152.4,1242.2,815.5,-7.23,41.31,1194.37,1154.19,1053.14,-3.51,-0.16,9.43,CONSOLIDATING,194877.0,41.54,BEARISH,0.7065,8.7457,-8.0392,BEARISH,36.2242,3.14,1237.15,1151.59,1194.37,0.95,7.16,NEAR_LOWER,False,ACCUMULATING,29.46,17.06,18.61,MODERATE_TREND,BEARISH,2026-08-03
CDSL,1322.2,1673.7,1116.3,-21.0,18.44,1367.68,1311.15,1359.06,-3.33,0.84,-2.71,DOWNTREND,1866570.0,44.99,BEARISH,1.2253,11.0863,-9.8609,BEARISH,31.4434,2.38,1456.95,1278.41,1367.68,24.53,13.05,MID_BAND,False,ACCUMULATING,19.29,18.75,27.75,RANGING,BEARISH,2026-08-03
CEATLTD,3542.5,4438.0,3000.5,-20.18,18.06,3589.0,3465.75,3634.81,-1.3,2.21,-2.54,DOWNTREND,221493.0,52.01,NEUTRAL,-32.0602,-17.098,-14.9622,BEARISH,105.8537,2.99,4037.5,3140.5,3589.0,44.82,24.99,MID_BAND,False,DISTRIBUTING,20.59,28.5,22.02,MODERATE_TREND,BULLISH,2026-08-03
CEIGALL,344.75,405.7,222.61,-15.02,54.87,348.44,359.37,298.91,-1.06,-4.07,15.34,CONSOLIDATING,325483.0,46.63,NEUTRAL,-7.5143,-7.2979,-0.2164,BEARISH,13.0812,3.79,378.13,318.74,348.44,43.79,17.04,MID_BAND,False,DISTRIBUTING,22.94,16.05,19.87,MODERATE_TREND,BEARISH,2026-08-03
CEINSYS,833.1,1249.9,820.0,-33.35,1.6,885.73,914.24,,-5.94,-8.88,,INSUFFICIENT_DATA,42616.0,28.04,OVERSOLD,-24.0764,-19.3807,-4.6957,BEARISH,28.5352,3.43,953.41,818.05,885.73,11.12,15.28,MID_BAND,False,DISTRIBUTING,15.76,13.22,23.03,RANGING,BEARISH,2026-08-03
CELEBRITY,7.11,14.2,5.65,-49.93,25.84,7.2,7.49,8.12,-1.25,-5.07,-12.44,DOWNTREND,23092.0,43.71,BEARISH,-0.1621,-0.1588,-0.0033,BEARISH,0.4209,5.92,7.61,6.78,7.2,39.66,11.62,SQUEEZE,True,ACCUMULATING,28.63,24.49,9.85,MODERATE_TREND,BULLISH,2026-08-03
CELLO,345.55,673.8,336.6,-48.72,2.66,355.41,370.48,460.08,-2.77,-6.73,-24.89,DOWNTREND,248908.0,37.59,BEARISH,-8.7282,-8.2593,-0.4689,BEARISH,9.0913,2.63,377.38,333.43,355.4,27.57,12.36,MID_BAND,False,DISTRIBUTING,20.36,15.65,22.62,MODERATE_TREND,BEARISH,2026-08-03
CEMPRO,1363.3,1649.2,503.3,-17.34,170.87,1503.35,1307.4,860.84,-9.32,4.28,58.37,UPTREND,714109.0,43.71,BEARISH,10.1033,50.9384,-40.835,BEARISH,68.0689,4.99,1723.51,1283.19,1503.35,18.19,29.29,MID_BAND,False,ACCUMULATING,42.93,18.34,27.36,STRONG_TREND,BEARISH,2026-08-03
CENTENKA,621.6,671.65,371.2,-7.45,67.46,559.26,529.39,460.21,11.15,17.42,35.07,STRONG_UPTREND,414881.0,77.75,OVERBOUGHT,25.6901,19.8727,5.8175,BULLISH,27.8419,4.48,629.48,489.05,559.26,94.39,25.11,NEAR_UPPER,False,ACCUMULATING,60.25,39.55,4.66,STRONG_TREND,BULLISH,2026-08-03
CENTEXT,20.0,34.75,15.67,-42.45,27.63,18.94,19.43,,5.6,2.93,,INSUFFICIENT_DATA,75438.0,61.08,BULLISH,-0.0511,-0.1858,0.1347,BULLISH,0.8097,4.05,19.78,18.1,18.94,112.97,8.86,NEAR_UPPER,False,ACCUMULATING,13.32,28.4,12.1,RANGING,BULLISH,2026-08-03
CENTRALBK,31.46,40.92,29.32,-23.12,7.3,31.68,31.67,35.47,-0.69,-0.66,-11.31,DOWNTREND,9559213.0,47.34,NEUTRAL,-0.3302,-0.2852,-0.0449,BEARISH,0.6851,2.18,32.98,30.38,31.68,41.59,8.22,MID_BAND,False,DISTRIBUTING,17.84,20.76,24.57,RANGING,BEARISH,2026-08-03
CENTRUM,24.09,38.5,19.66,-37.43,22.53,23.93,23.18,26.09,0.67,3.93,-7.67,DOWNTREND,321617.0,53.74,NEUTRAL,-0.0258,0.0369,-0.0627,BEARISH,1.1554,4.8,25.19,22.66,23.93,56.52,10.57,SQUEEZE,True,ACCUMULATING,25.93,23.06,11.56,MODERATE_TREND,BULLISH,2026-08-03
CENTUM,3676.5,3916.0,2044.2,-6.12,79.85,3606.61,3552.44,2809.15,1.94,3.49,30.88,STRONG_UPTREND,33795.0,55.14,BULLISH,2.2187,16.7404,-14.5217,BEARISH,149.0695,4.05,3786.4,3426.82,3606.61,69.44,9.97,MID_BAND,False,DISTRIBUTING,18.02,17.86,14.47,RANGING,BULLISH,2026-08-03
CENTURYPLY,772.8,859.0,618.5,-10.03,24.95,786.42,768.54,765.98,-1.73,0.55,0.89,UPTREND,97471.0,46.58,NEUTRAL,5.5622,7.0209,-1.4587,BEARISH_CROSS,25.4581,3.29,805.28,767.57,786.42,13.87,4.8,MID_BAND,False,ACCUMULATING,25.0,23.42,14.72,MODERATE_TREND,BULLISH,2026-08-03
CERA,6280.5,6740.0,4461.1,-6.82,40.78,6177.62,6100.55,5463.32,1.67,2.95,14.96,STRONG_UPTREND,9302.0,55.43,BULLISH,4.0882,8.4938,-4.4057,BEARISH,167.7646,2.67,6385.7,5969.55,6177.62,74.72,6.74,MID_BAND,False,ACCUMULATING,20.75,31.42,18.98,MODERATE_TREND,BULLISH,2026-08-03
CESC,165.98,204.5,138.12,-18.84,20.17,164.04,169.87,166.29,1.18,-2.29,-0.19,DOWNTREND,1093331.0,50.05,NEUTRAL,-1.1848,-1.7912,0.6063,BULLISH,3.5565,2.14,167.54,160.54,164.04,77.72,4.27,MID_BAND,False,ACCUMULATING,16.48,20.3,16.47,RANGING,BULLISH,2026-08-03
CEWATER,285.8,579.0,235.0,-50.64,21.62,307.08,303.43,350.58,-6.93,-5.81,-18.48,DOWNTREND,206136.0,39.1,BEARISH,-8.1276,-4.7145,-3.4131,BEARISH,13.9004,4.86,342.13,272.02,307.08,19.65,22.83,MID_BAND,False,ACCUMULATING,13.27,21.18,21.05,RANGING,BULLISH,2026-08-03
CGCL,227.47,264.53,151.1,-14.01,50.54,243.61,223.62,191.43,-6.63,1.72,18.83,UPTREND,5536761.0,44.64,BEARISH,0.5937,4.7667,-4.1731,BEARISH,10.3978,4.57,267.65,219.56,243.61,16.44,19.74,MID_BAND,False,DISTRIBUTING,48.33,25.28,11.82,STRONG_TREND,BULLISH,2026-08-03
CGPOWER,826.1,980.9,525.5,-15.78,57.2,889.31,912.76,755.49,-7.11,-9.49,9.35,CONSOLIDATING,4297100.0,36.0,BEARISH,-21.1357,-13.1329,-8.0028,BEARISH,30.3225,3.67,956.84,821.78,889.31,3.2,15.19,NEAR_LOWER,False,DISTRIBUTING,24.12,19.68,35.39,MODERATE_TREND,BEARISH,2026-08-03
CHALET,821.5,1070.1,691.35,-23.23,18.83,834.57,806.99,825.37,-1.57,1.8,-0.47,DOWNTREND,106271.0,49.02,NEUTRAL,2.7007,7.8789,-5.1782,BEARISH,24.9988,3.04,876.22,792.92,834.57,34.31,9.98,MID_BAND,False,ACCUMULATING,20.13,20.79,23.36,MODERATE_TREND,BEARISH,2026-08-03
CHAMBLFERT,455.0,580.7,399.75,-21.65,13.82,447.38,462.77,452.06,1.7,-1.68,0.65,CONSOLIDATING,445063.0,52.12,NEUTRAL,-5.4019,-6.5457,1.1439,BULLISH,10.8498,2.38,466.15,428.61,447.38,70.3,8.39,MID_BAND,False,DISTRIBUTING,22.06,22.06,22.42,MODERATE_TREND,BEARISH,2026-08-03
CHEMPLASTS,196.1,460.8,193.11,-57.44,1.55,199.88,206.13,254.82,-1.89,-4.87,-23.04,DOWNTREND,546267.0,44.2,BEARISH,-2.1319,-2.269,0.1372,BULLISH,8.2838,4.22,208.3,191.46,199.88,27.53,8.42,SQUEEZE,True,ACCUMULATING,17.8,22.11,17.11,RANGING,BULLISH,2026-08-03
CHENNPETRO,1325.5,1354.0,620.85,-2.1,113.5,1200.8,1159.45,999.89,10.38,14.32,32.56,STRONG_UPTREND,2202509.0,64.26,BULLISH,33.6013,26.9998,6.6015,BULLISH,64.2971,4.85,1333.33,1068.27,1200.8,97.05,22.07,NEAR_UPPER,False,ACCUMULATING,22.29,32.39,15.21,MODERATE_TREND,BULLISH,2026-08-03
CHEVIOT,1130.4,1370.5,898.0,-17.52,25.88,1133.61,1117.13,1083.15,-0.28,1.19,4.36,UPTREND,2619.0,49.61,NEUTRAL,3.706,5.6474,-1.9414,BEARISH,33.1224,2.93,1165.58,1101.63,1133.61,44.99,5.64,MID_BAND,False,ACCUMULATING,15.2,21.32,30.8,RANGING,BEARISH,2026-08-03
CHOICEIN,828.1,860.5,568.7,-3.77,45.61,808.33,745.3,741.61,2.45,11.11,11.66,STRONG_UPTREND,1213677.0,66.31,BULLISH,17.5046,20.4541,-2.9494,BEARISH,18.1076,2.19,841.14,775.52,808.33,80.12,8.12,MID_BAND,False,ACCUMULATING,26.76,30.52,15.4,MODERATE_TREND,BULLISH,2026-08-03
CHOLAFIN,1888.2,1913.0,1299.4,-1.3,45.31,1788.36,1694.64,1651.48,5.58,11.42,14.33,STRONG_UPTREND,1596283.0,64.54,BULLISH,28.9002,25.04,3.8602,BULLISH_CROSS,58.9324,3.12,1874.7,1702.01,1788.36,107.82,9.66,NEAR_UPPER,False,ACCUMULATING,18.33,29.47,22.08,RANGING,BULLISH,2026-08-03
CHOLAHLDNG,1574.6,2064.0,1305.0,-23.71,20.66,1573.62,1572.06,1679.18,0.06,0.16,-6.23,DOWNTREND,217184.0,51.64,NEUTRAL,-20.5303,-18.4221,-2.1081,BEARISH,45.0111,2.86,1692.87,1454.36,1573.62,50.41,15.16,MID_BAND,False,DISTRIBUTING,19.0,25.66,20.77,RANGING,BULLISH,2026-08-03
CIEINDIA,419.65,526.0,381.1,-20.22,10.12,445.38,452.33,443.36,-5.78,-7.22,-5.35,DOWNTREND,582033.0,37.94,BEARISH,-13.5441,-8.9533,-4.5908,BEARISH,13.9572,3.33,499.89,390.87,445.38,26.4,24.48,MID_BAND,False,DISTRIBUTING,27.51,13.02,30.84,MODERATE_TREND,BEARISH,2026-08-03
CIFL,20.76,39.69,19.56,-47.69,6.13,21.3,23.01,29.03,-2.54,-9.78,-28.49,DOWNTREND,80645.0,36.64,BEARISH,-0.8257,-0.9092,0.0834,BULLISH,1.2045,5.8,23.04,19.56,21.3,34.4,16.33,MID_BAND,False,DISTRIBUTING,25.74,17.65,12.64,MODERATE_TREND,BULLISH,2026-08-03
CINELINE,88.53,97.5,73.35,-9.2,20.7,80.31,79.93,84.12,10.24,10.76,5.24,STRONG_UPTREND,34296.0,66.28,BULLISH,1.4711,0.471,1.0001,BULLISH,4.0832,4.61,87.72,72.89,80.31,105.46,18.47,NEAR_UPPER,False,ACCUMULATING,34.69,38.32,6.79,STRONG_TREND,BULLISH,2026-08-03
CINEVISTA,14.94,22.8,12.16,-34.47,22.86,15.28,15.62,15.73,-2.23,-4.35,-5.02,DOWNTREND,15629.0,41.56,BEARISH,-0.2013,-0.1743,-0.0271,BEARISH,0.7308,4.89,15.77,14.79,15.28,15.3,6.38,MID_BAND,False,DISTRIBUTING,15.28,13.42,14.4,RANGING,BEARISH,2026-08-03
CIPLA,1474.4,1673.0,1165.7,-11.87,26.48,1437.52,1419.6,1393.71,2.57,3.86,5.79,STRONG_UPTREND,1387835.0,61.7,BULLISH,12.05,7.9773,4.0727,BULLISH,31.6015,2.14,1482.72,1392.32,1437.52,90.8,6.29,NEAR_UPPER,False,DISTRIBUTING,20.51,25.87,16.56,MODERATE_TREND,BULLISH,2026-08-03
CLEAN,764.15,1256.8,652.0,-39.2,17.2,750.82,766.08,809.89,1.78,-0.25,-5.65,DOWNTREND,384197.0,53.53,NEUTRAL,-9.3991,-10.6944,1.2953,BULLISH_CROSS,26.0288,3.41,794.27,707.38,750.83,65.34,11.57,MID_BAND,False,DISTRIBUTING,16.15,29.73,17.13,RANGING,BULLISH,2026-08-03
CLEANMAX,1349.5,1536.0,727.1,-12.14,85.6,1331.19,1288.24,,1.38,4.76,,INSUFFICIENT_DATA,172525.0,52.31,NEUTRAL,16.0608,20.8476,-4.7868,BEARISH,73.1387,5.42,1447.37,1215.02,1331.2,57.88,17.45,MID_BAND,False,ACCUMULATING,15.98,24.22,17.27,RANGING,BULLISH,2026-08-03
CLSEL,292.3,321.0,203.75,-8.94,43.46,281.64,284.55,266.77,3.78,2.72,9.57,STRONG_UPTREND,54140.0,60.24,BULLISH,-0.21,-1.3329,1.1228,BULLISH,9.8838,3.38,294.34,268.94,281.64,91.97,9.02,NEAR_UPPER,False,DISTRIBUTING,16.88,24.99,13.96,RANGING,BULLISH,2026-08-03
CMLL,566.85,624.4,463.35,-9.22,22.34,,,,,,,INSUFFICIENT_DATA,11348856.0,,,,,,,,,,,,,,,False,,,,,,,2026-08-03
CMPDI,247.49,283.69,150.16,-12.76,64.82,255.97,250.34,,-3.31,-1.14,,INSUFFICIENT_DATA,3107517.0,47.34,NEUTRAL,-2.3376,0.3924,-2.73,BEARISH,10.8906,4.4,275.35,236.59,255.97,28.13,15.14,MID_BAND,False,ACCUMULATING,16.26,18.66,20.15,RANGING,BEARISH,2026-08-03
CMRGREEN,222.58,268.96,212.1,-17.24,4.94,221.33,,,0.56,,,INSUFFICIENT_DATA,949397.0,46.78,NEUTRAL,-5.5993,-6.185,0.5857,BULLISH_CROSS,9.1146,4.09,233.52,209.14,221.33,55.13,11.01,MID_BAND,False,DISTRIBUTING,11.58,22.75,18.02,RANGING,BULLISH,2026-08-03
CMSINFO,275.4,452.3,255.15,-39.11,7.94,270.36,285.91,312.98,1.86,-3.68,-12.01,DOWNTREND,669685.0,49.67,NEUTRAL,-3.4366,-4.3359,0.8994,BULLISH,9.2832,3.37,281.4,259.32,270.36,72.82,8.17,MID_BAND,False,DISTRIBUTING,19.08,16.51,21.75,RANGING,BEARISH,2026-08-03
CNL,1015.9,1080.25,525.0,-5.96,93.5,926.68,788.98,,9.63,28.76,,INSUFFICIENT_DATA,762429.0,68.8,BULLISH,65.5344,63.6926,1.8419,BULLISH,54.6853,5.38,1075.23,778.12,926.67,80.03,32.06,MID_BAND,False,ACCUMULATING,59.88,31.24,8.86,STRONG_TREND,BULLISH,2026-08-03
COALINDIA,416.0,491.25,368.65,-15.32,12.84,424.95,441.92,428.51,-2.11,-5.87,-2.92,DOWNTREND,6692757.0,35.52,BEARISH,-7.2557,-6.7408,-0.5149,BEARISH,7.6822,1.85,439.04,410.87,424.96,18.2,6.63,MID_BAND,False,ACCUMULATING,25.69,14.93,27.73,MODERATE_TREND,BEARISH,2026-08-03
COASTCORP,51.04,66.7,30.01,-23.48,70.08,50.79,51.18,,0.49,-0.27,,INSUFFICIENT_DATA,124438.0,51.0,NEUTRAL,-0.3871,-0.294,-0.0931,BEARISH,2.7626,5.41,53.51,48.07,50.79,54.53,10.7,MID_BAND,False,ACCUMULATING,11.22,29.83,14.82,RANGING,BULLISH,2026-08-03
COCHINSHIP,1441.9,1979.9,1187.0,-27.17,21.47,1406.08,1443.75,1531.69,2.55,-0.13,-5.86,DOWNTREND,1500301.0,53.7,NEUTRAL,-12.1717,-18.5706,6.3989,BULLISH,32.732,2.27,1441.48,1370.68,1406.08,100.6,5.04,NEAR_UPPER,False,DISTRIBUTING,22.59,20.54,22.35,MODERATE_TREND,BEARISH,2026-08-03
COCKERILL,8987.5,10871.5,4955.0,-17.33,81.38,9027.98,8832.78,,-0.45,1.75,,INSUFFICIENT_DATA,7629.0,52.55,NEUTRAL,-3.463,78.1508,-81.6137,BEARISH,398.8644,4.44,9729.04,8326.91,9027.98,47.11,15.53,MID_BAND,False,DISTRIBUTING,16.39,25.84,20.47,RANGING,BULLISH,2026-08-03
COFORGE,1768.0,1989.7,1008.1,-11.14,75.38,1557.24,1487.71,1499.12,13.53,18.84,17.94,STRONG_UPTREND,3677271.0,73.02,OVERBOUGHT,69.8394,43.6782,26.1612,BULLISH,60.0958,3.4,1768.3,1346.18,1557.24,99.93,27.11,NEAR_UPPER,False,ACCUMULATING,19.93,38.43,16.15,RANGING,BULLISH,2026-08-03
COHANCE,425.35,1038.9,266.7,-59.06,59.49,435.33,434.94,442.72,-2.29,-2.2,-3.92,DOWNTREND,584859.0,44.67,BEARISH,-3.6969,-1.9106,-1.7863,BEARISH,15.6993,3.69,455.84,414.82,435.33,25.67,9.42,MID_BAND,False,ACCUMULATING,19.38,24.64,18.88,RANGING,BULLISH,2026-08-03
COLPAL,2077.0,2504.0,1782.0,-17.05,16.55,2073.28,2049.41,2091.81,0.18,1.35,-0.71,DOWNTREND,377674.0,50.41,NEUTRAL,16.0656,15.4701,0.5955,BULLISH,57.3393,2.76,2165.4,1981.17,2073.29,52.02,8.89,MID_BAND,False,ACCUMULATING,20.18,22.18,14.18,MODERATE_TREND,BULLISH,2026-08-03
COMFINTE,6.89,9.19,5.21,-25.03,32.25,5.77,5.91,,19.41,16.58,,INSUFFICIENT_DATA,503795.0,75.79,OVERBOUGHT,0.1343,-0.052,0.1864,BULLISH,0.3594,5.22,6.7,4.83,5.77,109.88,32.47,NEAR_UPPER,False,ACCUMULATING,28.01,31.83,13.85,MODERATE_TREND,BULLISH,2026-08-03
COMPUSOFT,13.4,21.89,12.0,-38.78,11.67,13.23,13.4,14.61,1.28,0.0,-8.28,DOWNTREND,22129.0,52.67,NEUTRAL,-0.0248,-0.0559,0.031,BULLISH,0.4479,3.34,13.6,12.86,13.23,73.23,5.53,MID_BAND,False,DISTRIBUTING,18.25,18.76,11.53,RANGING,BULLISH,2026-08-03
COMSYN,208.72,228.0,133.0,-8.46,56.93,193.16,175.34,,8.06,19.04,,INSUFFICIENT_DATA,1268646.0,61.83,BULLISH,8.0403,6.2698,1.7705,BULLISH,15.7659,7.55,217.24,169.08,193.16,82.3,24.93,MID_BAND,False,ACCUMULATING,48.92,31.66,8.0,STRONG_TREND,BULLISH,2026-08-03
CONCOR,525.0,569.8,421.45,-7.86,24.57,491.83,476.93,495.15,6.74,10.08,6.03,STRONG_UPTREND,2937462.0,67.31,BULLISH,13.1115,8.7952,4.3164,BULLISH,13.0516,2.49,540.13,443.54,491.84,84.34,19.64,MID_BAND,False,ACCUMULATING,23.56,33.37,14.93,MODERATE_TREND,BULLISH,2026-08-03
CONCORDBIO,1414.6,1801.9,987.0,-21.49,43.32,1316.13,1277.61,1248.74,7.48,10.72,13.28,STRONG_UPTREND,143050.0,67.39,BULLISH,21.7594,12.69,9.0694,BULLISH,49.613,3.51,1413.98,1218.28,1316.13,100.32,14.87,NEAR_UPPER,False,DISTRIBUTING,19.9,32.44,14.26,RANGING,BULLISH,2026-08-03
CONFIPET,83.77,84.4,28.06,-0.75,198.54,75.99,73.0,48.67,10.24,14.75,72.12,STRONG_UPTREND,2637793.0,65.83,BULLISH,2.4177,1.9821,0.4356,BULLISH,4.1183,4.92,82.9,69.07,75.99,106.29,18.2,NEAR_UPPER,False,ACCUMULATING,20.74,26.53,12.15,MODERATE_TREND,BULLISH,2026-08-03
CONTROLPR,571.45,899.0,517.0,-36.43,10.53,621.73,624.04,657.22,-8.09,-8.43,-13.05,DOWNTREND,82876.0,34.97,BEARISH,-17.5826,-10.0961,-7.4866,BEARISH,22.6889,3.97,691.77,551.69,621.73,14.11,22.53,MID_BAND,False,DISTRIBUTING,27.61,13.48,26.14,MODERATE_TREND,BEARISH,2026-08-03
CORALFINAC,33.4,50.9,25.01,-34.38,33.55,32.92,32.46,35.02,1.46,2.9,-4.63,DOWNTREND,59562.0,54.51,NEUTRAL,0.1826,0.0637,0.1189,BULLISH,2.3131,6.93,35.15,30.68,32.92,60.83,13.59,SQUEEZE,True,ACCUMULATING,27.41,23.98,7.34,MODERATE_TREND,BULLISH,2026-08-03
CORDELIA,806.75,925.65,623.1,-12.85,29.47,830.17,,,-2.82,,,INSUFFICIENT_DATA,647114.0,52.27,NEUTRAL,,,,,43.4599,5.39,,,,,,,False,ACCUMULATING,,,,,,2026-08-03
COROMANDEL,2115.3,2500.0,1706.5,-15.39,23.96,2041.94,1963.09,2112.8,3.59,7.75,0.12,STRONG_UPTREND,152619.0,63.34,BULLISH,22.2426,19.535,2.7076,BULLISH_CROSS,54.5838,2.58,2104.16,1979.72,2041.94,108.95,6.09,NEAR_UPPER,False,ACCUMULATING,14.04,25.8,14.0,RANGING,BULLISH,2026-08-03
CORONA,2105.7,2210.0,1336.6,-4.72,57.54,2060.91,1906.7,,2.17,10.44,,INSUFFICIENT_DATA,30964.0,62.65,BULLISH,51.245,57.1872,-5.9423,BEARISH,74.7151,3.55,2136.25,1985.57,2060.91,79.73,7.31,MID_BAND,False,ACCUMULATING,45.57,29.2,9.4,STRONG_TREND,BULLISH,2026-08-03
COSMOFIRST,910.05,1129.5,560.8,-19.43,62.28,856.4,801.65,722.2,6.26,13.52,26.01,STRONG_UPTREND,110682.0,68.14,BULLISH,27.8378,25.4132,2.4246,BULLISH,31.3569,3.45,921.6,791.2,856.4,91.15,15.23,NEAR_UPPER,False,ACCUMULATING,36.35,27.72,9.1,STRONG_TREND,BULLISH,2026-08-03
COUNCODOS,6.02,8.89,3.71,-32.28,62.26,6.22,5.41,5.37,-3.22,11.28,12.1,UPTREND,365412.0,51.76,NEUTRAL,0.2236,0.3209,-0.0974,BEARISH,0.4742,7.88,7.42,5.01,6.22,41.89,38.9,MID_BAND,False,ACCUMULATING,24.95,18.09,16.83,MODERATE_TREND,BULLISH,2026-08-03
CPEDU,207.48,338.75,141.0,-38.75,47.15,195.55,192.74,217.51,6.1,7.65,-4.61,DOWNTREND,23796.0,59.97,BULLISH,2.9855,1.0234,1.9622,BULLISH,11.8401,5.71,211.7,179.41,195.55,86.93,16.51,MID_BAND,False,ACCUMULATING,22.69,23.43,13.39,MODERATE_TREND,BULLISH,2026-08-03
CPL,70.49,75.74,68.0,-6.93,3.66,,,,,,,INSUFFICIENT_DATA,32198.0,,,,,,,,,,,,,,,False,,,,,,,2026-08-03
CPPLUS,3428.7,3866.0,1045.55,-11.31,227.93,3548.13,3427.72,2141.92,-3.37,0.03,60.08,UPTREND,180765.0,47.67,NEUTRAL,-10.2726,31.8841,-42.1567,BEARISH,161.5306,4.71,3800.49,3295.77,3548.13,26.34,14.22,MID_BAND,False,DISTRIBUTING,22.46,19.82,20.04,MODERATE_TREND,BEARISH,2026-08-03
CRAFTSMAN,10338.5,10400.0,6324.0,-0.59,63.48,9418.65,9251.75,7873.49,9.77,11.75,31.31,STRONG_UPTREND,71403.0,72.68,OVERBOUGHT,215.47,124.3015,91.1684,BULLISH,337.6579,3.27,10106.7,8730.6,9418.65,116.84,14.61,NEAR_UPPER,False,ACCUMULATING,28.28,28.41,9.42,MODERATE_TREND,BULLISH,2026-08-03
CRAMC,261.2,353.4,214.2,-26.09,21.94,259.15,253.32,266.21,0.79,3.11,-1.88,DOWNTREND,2058724.0,54.06,NEUTRAL,2.4863,2.7279,-0.2416,BEARISH,8.7909,3.37,271.08,247.21,259.15,58.6,9.21,MID_BAND,False,ACCUMULATING,16.55,24.79,19.28,RANGING,BULLISH,2026-08-03
CREATIVEYE,6.2,8.83,5.41,-29.78,14.6,6.14,6.39,6.77,0.98,-2.97,-8.42,DOWNTREND,39387.0,49.75,NEUTRAL,-0.0614,-0.0898,0.0284,BULLISH,0.5505,8.88,6.59,5.68,6.14,56.83,14.79,MID_BAND,False,ACCUMULATING,20.05,17.83,10.97,MODERATE_TREND,BULLISH,2026-08-03
CREDITACC,1558.2,1634.0,1113.0,-4.64,40.0,1536.04,1436.97,1327.31,1.44,8.44,17.4,STRONG_UPTREND,479556.0,56.11,BULLISH,37.1931,36.2467,0.9464,BULLISH,52.309,3.36,1625.07,1447.01,1536.04,62.44,11.59,MID_BAND,False,ACCUMULATING,32.19,24.85,14.09,STRONG_TREND,BULLISH,2026-08-03
CREST,389.7,418.0,298.15,-6.77,30.71,373.94,373.15,364.21,4.21,4.44,7.0,STRONG_UPTREND,6800.0,61.63,BULLISH,1.3545,0.3112,1.0434,BULLISH,14.8024,3.8,384.92,362.97,373.95,121.77,5.87,NEAR_UPPER,False,DISTRIBUTING,13.83,15.42,12.7,RANGING,BULLISH,2026-08-03
CRISIL,4424.9,5451.0,3686.0,-18.82,20.05,4258.09,4105.9,4317.77,3.92,7.77,2.48,STRONG_UPTREND,84891.0,60.75,BULLISH,98.527,90.4669,8.06,BULLISH,122.8791,2.78,4639.82,3876.35,4258.09,71.85,17.93,MID_BAND,False,ACCUMULATING,30.33,25.65,16.9,STRONG_TREND,BULLISH,2026-08-03
CRIZAC,195.88,387.95,173.35,-49.51,13.0,192.32,204.03,234.14,1.85,-3.99,-16.34,DOWNTREND,397437.0,50.67,NEUTRAL,-2.7325,-4.1302,1.3977,BULLISH,7.3089,3.73,202.38,182.27,192.32,67.69,10.45,SQUEEZE,True,DISTRIBUTING,14.09,24.11,13.89,RANGING,BULLISH,2026-08-03
CROMPTON,266.3,337.5,217.4,-21.1,22.49,258.68,266.87,260.25,2.95,-0.21,2.32,CONSOLIDATING,2823678.0,54.91,NEUTRAL,-2.2684,-3.587,1.3186,BULLISH,7.7137,2.9,269.67,247.69,258.68,84.65,8.5,SQUEEZE,True,DISTRIBUTING,17.95,24.98,21.27,RANGING,BULLISH,2026-08-03
CROWN,115.11,191.0,100.62,-39.73,14.4,113.81,112.79,124.59,1.14,2.06,-7.61,DOWNTREND,12466.0,52.56,NEUTRAL,-0.1565,-0.1979,0.0414,BULLISH_CROSS,5.2397,4.55,118.29,109.33,113.81,64.49,7.88,MID_BAND,False,DISTRIBUTING,21.1,19.84,11.13,MODERATE_TREND,BULLISH,2026-08-03
CSBBANK,332.8,574.4,317.35,-42.06,4.87,349.48,354.19,394.11,-4.77,-6.04,-15.56,DOWNTREND,588677.0,40.35,BEARISH,-6.7588,-4.2539,-2.5049,BEARISH,10.7159,3.22,377.51,321.45,349.48,20.24,16.04,MID_BAND,False,DISTRIBUTING,19.17,15.81,26.38,RANGING,BEARISH,2026-08-03
CSLFINANCE,219.78,324.7,209.7,-32.31,4.81,216.79,224.08,254.52,1.38,-1.92,-13.65,DOWNTREND,31990.0,51.78,NEUTRAL,-2.8108,-3.2406,0.4298,BULLISH_CROSS,7.1086,3.23,226.36,207.21,216.79,65.64,8.83,MID_BAND,False,ACCUMULATING,12.66,24.91,16.12,RANGING,BULLISH,2026-08-03
CSM,104.88,109.8,94.27,-4.48,11.25,,,,,,,INSUFFICIENT_DATA,584921.0,,,,,,,,,,,,,,,False,,,,,,,2026-08-03
CTE,37.65,59.93,20.51,-37.18,83.57,31.53,31.7,36.07,19.41,18.77,4.38,STRONG_UPTREND,19694.0,74.62,OVERBOUGHT,0.9646,0.3572,0.6075,BULLISH,2.1046,5.59,35.52,27.53,31.53,126.62,25.34,NEAR_UPPER,False,ACCUMULATING,34.56,31.85,6.07,STRONG_TREND,BULLISH,2026-08-03
CUB,204.65,245.38,145.12,-16.6,41.02,222.58,207.64,202.49,-8.06,-1.44,1.07,CONSOLIDATING,3764336.0,41.12,BEARISH,1.3912,4.4637,-3.0724,BEARISH,9.2513,4.52,238.02,207.15,222.58,-8.09,13.87,NEAR_LOWER,False,ACCUMULATING,28.25,24.75,24.25,MODERATE_TREND,BULLISH,2026-08-03
CUBEXTUB,79.65,143.69,73.1,-44.57,8.96,78.46,82.82,94.38,1.52,-3.83,-15.61,DOWNTREND,43498.0,49.58,NEUTRAL,-1.7207,-2.0047,0.284,BULLISH,2.9775,3.74,81.79,75.13,78.46,67.9,8.48,SQUEEZE,True,DISTRIBUTING,24.05,16.34,16.03,MODERATE_TREND,BULLISH,2026-08-03
CUMMINSIND,5550.0,6100.0,3729.5,-9.02,48.81,5528.98,5624.44,4856.31,0.38,-1.32,14.28,CONSOLIDATING,392003.0,50.39,NEUTRAL,-25.101,-21.0667,-4.0342,BEARISH,132.4748,2.39,5672.33,5385.62,5528.98,57.33,5.19,MID_BAND,False,ACCUMULATING,14.09,19.74,22.92,RANGING,BEARISH,2026-08-03
CUPID,230.95,234.5,32.68,-1.51,606.7,216.81,182.53,110.21,6.52,26.53,109.55,STRONG_UPTREND,46106736.0,67.79,BULLISH,13.0294,13.2958,-0.2664,BEARISH,9.4359,4.09,237.22,196.41,216.81,84.63,18.83,MID_BAND,False,ACCUMULATING,23.53,25.99,14.49,MODERATE_TREND,BULLISH,2026-08-03
CURAA,72.5,93.95,64.06,-22.83,13.18,74.24,,,-2.34,,,INSUFFICIENT_DATA,726.0,44.04,BEARISH,-2.097,-2.3169,0.2199,BULLISH,4.8546,6.7,79.56,68.92,74.24,33.65,14.33,SQUEEZE,True,DISTRIBUTING,42.93,12.06,22.47,STRONG_TREND,BEARISH,2026-08-03
CYIENT,858.55,1284.7,750.3,-33.17,14.43,846.13,870.56,983.04,1.47,-1.38,-12.66,DOWNTREND,557738.0,51.17,NEUTRAL,-5.407,-8.0404,2.6334,BULLISH,25.8473,3.01,869.48,822.79,846.13,76.59,5.52,MID_BAND,False,ACCUMULATING,13.85,25.27,14.16,RANGING,BULLISH,2026-08-03
CYIENTDLM,671.7,734.95,265.2,-8.61,153.28,610.28,518.15,413.69,10.06,29.63,62.37,STRONG_UPTREND,1411277.0,71.01,OVERBOUGHT,51.2986,49.5162,1.7824,BULLISH,32.3453,4.82,742.07,478.49,610.28,73.3,43.19,MID_BAND,False,ACCUMULATING,68.08,34.05,4.79,STRONG_TREND,BULLISH,2026-08-03
DABUR,425.8,577.0,403.35,-26.2,5.57,431.12,431.21,472.2,-1.23,-1.25,-9.83,DOWNTREND,1864342.0,46.1,NEUTRAL,-2.688,-2.2777,-0.4103,BEARISH,9.0095,2.12,447.81,414.44,431.12,34.05,7.74,SQUEEZE,True,DISTRIBUTING,15.3,16.02,22.31,RANGING,BEARISH,2026-08-03
DALBHARAT,1844.6,2496.3,1605.0,-26.11,14.93,1808.7,1756.16,1936.73,1.98,5.04,-4.76,DOWNTREND,280977.0,58.27,BULLISH,18.85,21.368,-2.518,BEARISH,48.7323,2.64,1889.71,1727.68,1808.69,72.16,8.96,MID_BAND,False,ACCUMULATING,20.59,21.45,28.49,MODERATE_TREND,BEARISH,2026-08-03
DALMIASUG,411.85,421.05,261.4,-2.19,57.56,363.01,347.17,329.9,13.45,18.63,24.84,STRONG_UPTREND,645268.0,72.5,OVERBOUGHT,6.3978,4.6001,1.7978,BULLISH_CROSS,16.2147,3.94,388.27,337.74,363.01,146.66,13.92,NEAR_UPPER,False,ACCUMULATING,41.19,47.19,9.38,STRONG_TREND,BULLISH,2026-08-03
DAMCAPITAL,153.71,286.0,119.22,-46.26,28.93,157.37,152.92,174.37,-2.33,0.52,-11.85,DOWNTREND,687822.0,47.44,NEUTRAL,0.0325,1.2034,-1.1709,BEARISH,5.8574,3.81,170.3,144.44,157.37,35.86,16.43,MID_BAND,False,ACCUMULATING,15.74,20.42,20.59,RANGING,BEARISH,2026-08-03
DANGEE,2.98,5.08,2.53,-41.34,17.79,3.06,3.17,3.36,-2.61,-5.99,-11.31,DOWNTREND,45715.0,38.51,BEARISH,-0.0705,-0.0634,-0.0071,BEARISH,0.137,4.6,3.27,2.86,3.06,29.21,13.34,MID_BAND,False,DISTRIBUTING,19.85,10.03,14.32,RANGING,BEARISH,2026-08-03
DATAMATICS,824.95,1088.0,632.0,-24.18,30.53,847.08,815.91,782.05,-2.61,1.11,5.49,UPTREND,170324.0,47.98,NEUTRAL,3.1632,7.7743,-4.6111,BEARISH,28.4443,3.45,890.32,803.85,847.08,24.41,10.21,MID_BAND,False,DISTRIBUTING,19.29,20.82,17.44,RANGING,BULLISH,2026-08-03
DATAPATTNS,4428.8,4955.9,2131.0,-10.64,107.83,4349.27,4379.53,3387.9,1.83,1.13,30.72,STRONG_UPTREND,1080764.0,51.14,NEUTRAL,14.5604,14.1867,0.3736,BULLISH_CROSS,218.8326,4.94,4733.64,3964.89,4349.27,60.35,17.68,MID_BAND,False,ACCUMULATING,15.08,21.97,26.23,RANGING,BEARISH,2026-08-03
DAVANGERE,3.18,5.5,3.03,-42.18,4.95,3.38,3.57,3.88,-5.92,-10.92,-18.04,DOWNTREND,9002999.0,30.25,BEARISH,-0.114,-0.0974,-0.0166,BEARISH,0.132,4.15,3.68,3.09,3.38,15.58,17.39,MID_BAND,False,DISTRIBUTING,28.16,26.73,13.85,MODERATE_TREND,BULLISH,2026-08-03
DBCORP,210.53,287.9,184.51,-26.87,14.1,208.13,204.61,227.04,1.15,2.89,-7.27,DOWNTREND,1135388.0,55.66,BULLISH,1.8834,1.9043,-0.0209,BEARISH_CROSS,6.5742,3.12,218.49,197.77,208.13,61.58,9.95,MID_BAND,False,ACCUMULATING,30.75,26.75,14.09,STRONG_TREND,BULLISH,2026-08-03
DBL,444.35,585.0,381.55,-24.04,16.46,419.24,428.91,446.43,5.99,3.6,-0.47,DOWNTREND,1201824.0,57.71,BULLISH,0.0845,-3.6587,3.7432,BULLISH,16.5956,3.73,448.38,390.1,419.24,93.09,13.9,NEAR_UPPER,False,ACCUMULATING,19.42,31.33,16.75,RANGING,BULLISH,2026-08-03
DBOL,102.91,126.6,69.0,-18.71,49.14,109.03,105.01,,-5.61,-2.0,,INSUFFICIENT_DATA,203854.0,45.93,NEUTRAL,-2.0359,-0.4687,-1.5672,BEARISH,6.158,5.98,125.98,92.08,109.03,31.94,31.09,MID_BAND,False,ACCUMULATING,20.68,19.59,16.55,MODERATE_TREND,BULLISH,2026-08-03
DCAL,188.05,321.95,128.5,-41.59,46.34,189.73,186.54,202.99,-0.89,0.81,-7.36,DOWNTREND,233533.0,51.48,NEUTRAL,0.064,0.5345,-0.4705,BEARISH,6.6895,3.56,199.9,179.56,189.73,41.74,10.72,SQUEEZE,True,DISTRIBUTING,16.17,22.54,18.88,RANGING,BULLISH,2026-08-03
DCBBANK,191.09,205.9,119.51,-7.19,59.89,188.66,184.41,180.88,1.29,3.62,5.64,STRONG_UPTREND,1469300.0,53.89,NEUTRAL,1.2916,1.5575,-0.2658,BEARISH,6.0805,3.18,195.21,182.11,188.66,68.57,6.94,MID_BAND,False,ACCUMULATING,18.23,25.46,14.93,RANGING,BULLISH,2026-08-03
DCI,337.2,475.0,208.98,-29.01,61.36,300.47,282.57,,12.22,19.33,,INSUFFICIENT_DATA,83299.0,63.51,BULLISH,4.5758,1.1238,3.452,BULLISH,27.133,8.05,385.14,215.81,300.48,71.69,56.35,MID_BAND,False,DISTRIBUTING,42.45,40.28,10.75,STRONG_TREND,BULLISH,2026-08-03
DCMFINSERV,4.94,8.15,3.7,-39.39,33.51,5.09,4.73,,-2.95,4.44,,INSUFFICIENT_DATA,85212.0,48.24,NEUTRAL,0.2238,0.2851,-0.0612,BEARISH,0.7059,14.29,7.37,2.8,5.09,46.78,89.9,MID_BAND,False,ACCUMULATING,20.43,27.67,29.01,MODERATE_TREND,BEARISH,2026-08-03
DCMSHRIRAM,1029.8,1414.4,945.1,-27.19,8.96,1033.39,1036.36,1134.1,-0.35,-0.63,-9.2,DOWNTREND,203476.0,47.67,NEUTRAL,-1.4118,-4.1946,2.7828,BULLISH,37.0321,3.6,1062.74,1004.03,1033.38,43.89,5.68,MID_BAND,False,ACCUMULATING,22.27,34.15,12.39,MODERATE_TREND,BULLISH,2026-08-03
DCMSRIND,41.56,181.9,31.9,-77.15,30.28,40.58,39.31,73.4,2.41,5.72,-43.38,DOWNTREND,235952.0,57.52,BULLISH,0.1168,0.1968,-0.0801,BEARISH,2.2698,5.46,42.65,38.51,40.58,73.57,10.2,MID_BAND,False,ACCUMULATING,23.29,26.46,13.11,MODERATE_TREND,BULLISH,2026-08-03
DCW,46.73,81.31,37.11,-42.53,25.92,47.05,47.65,50.82,-0.68,-1.93,-8.05,DOWNTREND,803884.0,48.11,NEUTRAL,-0.4455,-0.4092,-0.0362,BEARISH,1.5058,3.22,49.12,44.98,47.05,42.28,8.81,MID_BAND,False,ACCUMULATING,13.09,20.11,22.44,RANGING,BEARISH,2026-08-03
DCXINDIA,183.55,286.0,153.3,-35.82,19.73,187.57,193.2,186.97,-2.14,-4.99,-1.83,DOWNTREND,564051.0,44.62,BEARISH,-4.3422,-3.8635,-0.4787,BEARISH,5.8919,3.21,203.0,172.14,187.57,36.98,16.46,MID_BAND,False,DISTRIBUTING,14.95,19.7,26.99,RANGING,BEARISH,2026-08-03
DDEVPLSTIK,288.35,360.0,185.15,-19.9,55.74,280.67,267.41,268.16,2.74,7.83,7.53,STRONG_UPTREND,119442.0,60.26,BULLISH,1.3739,2.9849,-1.611,BEARISH,10.3872,3.6,297.61,263.73,280.67,72.66,12.07,MID_BAND,False,DISTRIBUTING,22.12,26.17,18.83,MODERATE_TREND,BULLISH,2026-08-03
DECCANCE,556.0,1164.9,538.0,-52.27,3.35,563.82,579.34,683.99,-1.39,-4.03,-18.71,DOWNTREND,14528.0,42.37,BEARISH,-8.6881,-8.3474,-0.3407,BEARISH,15.8361,2.85,586.87,540.76,563.82,33.04,8.18,MID_BAND,False,DISTRIBUTING,11.12,21.2,15.38,RANGING,BULLISH,2026-08-03
DECNGOLD,204.28,235.0,114.8,-13.07,77.94,196.33,188.68,,4.05,8.27,,INSUFFICIENT_DATA,1414088.0,58.5,BULLISH,2.2917,2.6442,-0.3526,BEARISH,9.6869,4.74,207.43,185.22,196.33,85.81,11.31,MID_BAND,False,ACCUMULATING,17.37,26.23,17.21,RANGING,BULLISH,2026-08-03
DEEPAKFERT,1576.0,1680.0,866.4,-6.19,81.9,1575.12,1539.37,1273.75,0.06,2.38,23.73,STRONG_UPTREND,410384.0,51.04,NEUTRAL,13.5049,21.1697,-7.6648,BEARISH,60.985,3.87,1653.23,1497.02,1575.12,50.56,9.92,MID_BAND,False,ACCUMULATING,19.73,19.24,20.71,RANGING,BEARISH,2026-08-03
DEEPAKNTR,1713.8,1904.4,1280.0,-10.01,33.89,1667.75,1656.73,1621.66,2.76,3.44,5.68,STRONG_UPTREND,169860.0,57.27,BULLISH,8.1838,6.6179,1.5659,BULLISH_CROSS,48.8295,2.85,1746.68,1588.82,1667.75,79.17,9.47,MID_BAND,False,ACCUMULATING,12.99,23.14,16.02,RANGING,BULLISH,2026-08-03
DEEPINDS,649.3,655.0,330.0,-0.87,96.76,493.43,490.37,443.96,31.59,32.41,46.25,STRONG_UPTREND,812080.0,83.77,OVERBOUGHT,29.2073,11.1702,18.0372,BULLISH,29.5996,4.56,600.17,386.69,493.43,123.01,43.26,NEAR_UPPER,False,ACCUMULATING,28.48,41.72,6.39,MODERATE_TREND,BULLISH,2026-08-03
DELHIVERY,470.0,524.0,374.45,-10.31,25.52,488.34,471.99,441.19,-3.76,-0.42,6.53,CONSOLIDATING,4706321.0,44.72,BEARISH,-2.9545,-0.0718,-2.8827,BEARISH,14.2319,3.03,528.05,448.63,488.34,26.91,16.26,MID_BAND,False,DISTRIBUTING,20.55,22.37,19.24,MODERATE_TREND,BULLISH,2026-08-03
DELTACORP,63.4,98.8,48.3,-35.83,31.26,63.76,65.78,66.35,-0.56,-3.62,-4.45,DOWNTREND,1241131.0,46.58,NEUTRAL,-0.8176,-0.8534,0.0358,BULLISH_CROSS,1.9158,3.02,66.07,61.45,63.76,42.28,7.25,MID_BAND,False,ACCUMULATING,16.45,27.84,18.8,RANGING,BULLISH,2026-08-03
DELTAMAGNT,57.92,92.5,45.51,-37.38,27.27,58.46,59.89,62.99,-0.92,-3.29,-8.05,DOWNTREND,21164.0,47.1,NEUTRAL,-0.6641,-0.6678,0.0037,BULLISH_CROSS,3.4269,5.92,61.2,55.73,58.46,40.06,9.36,MID_BAND,False,ACCUMULATING,26.95,20.65,7.56,MODERATE_TREND,BULLISH,2026-08-03
DEN,27.72,37.93,22.52,-26.92,23.09,27.99,28.47,28.94,-0.96,-2.63,-4.22,DOWNTREND,470170.0,46.75,NEUTRAL,-0.4245,-0.4002,-0.0242,BEARISH,0.8466,3.05,29.99,25.98,27.99,43.38,14.32,SQUEEZE,True,ACCUMULATING,12.02,24.18,23.25,RANGING,BULLISH,2026-08-03
DENORA,891.05,960.35,559.0,-7.22,59.4,880.59,834.07,735.67,1.19,6.83,21.12,STRONG_UPTREND,10040.0,55.13,BULLISH,8.5021,10.7528,-2.2508,BEARISH,43.1544,4.84,920.45,840.72,880.58,63.12,9.05,MID_BAND,False,ACCUMULATING,19.84,26.38,15.92,RANGING,BULLISH,2026-08-03
DENTA,364.05,479.6,222.0,-24.09,63.99,339.14,304.47,301.6,7.35,19.57,20.71,STRONG_UPTREND,371384.0,66.8,BULLISH,10.6389,10.5141,0.1248,BULLISH_CROSS,15.6287,4.29,359.04,319.25,339.15,112.58,11.73,NEAR_UPPER,False,ACCUMULATING,35.41,34.53,13.69,STRONG_TREND,BULLISH,2026-08-03
DEVIT,27.12,50.89,22.25,-46.71,21.89,27.27,27.76,31.31,-0.55,-2.31,-13.38,DOWNTREND,72917.0,48.56,NEUTRAL,-0.295,-0.3204,0.0254,BULLISH_CROSS,1.4424,5.32,28.83,25.71,27.27,45.17,11.46,MID_BAND,False,ACCUMULATING,13.86,24.68,17.92,RANGING,BULLISH,2026-08-03
DEVX,34.33,54.0,29.95,-36.43,14.62,34.4,35.72,39.28,-0.2,-3.89,-12.6,DOWNTREND,62988.0,42.99,BEARISH,-0.4865,-0.5903,0.1038,BULLISH,1.1933,3.48,35.17,33.63,34.4,45.3,4.48,SQUEEZE,True,DISTRIBUTING,32.97,11.63,18.45,STRONG_TREND,BEARISH,2026-08-03
DEVYANI,116.76,191.0,91.55,-38.87,27.54,113.22,113.4,122.95,3.13,2.96,-5.03,DOWNTREND,4066037.0,56.15,BULLISH,0.7963,0.184,0.6123,BULLISH,4.3286,3.71,118.58,107.85,113.21,83.02,9.48,MID_BAND,False,ACCUMULATING,20.07,22.85,11.15,MODERATE_TREND,BULLISH,2026-08-03
DGCONTENT,23.84,39.57,21.61,-39.75,10.32,25.11,26.08,28.82,-5.06,-8.59,-17.28,DOWNTREND,20504.0,38.85,BEARISH,-0.5998,-0.5237,-0.0761,BEARISH,1.6085,6.75,26.88,23.33,25.11,14.28,14.13,MID_BAND,False,DISTRIBUTING,18.45,15.36,16.42,RANGING,BEARISH,2026-08-03
DHAMPURSUG,143.84,167.25,110.0,-14.0,30.76,142.03,141.78,132.41,1.27,1.45,8.63,STRONG_UPTREND,260359.0,54.39,NEUTRAL,-0.8075,-0.3794,-0.4282,BEARISH,4.9021,3.41,147.81,136.26,142.03,65.63,8.13,MID_BAND,False,DISTRIBUTING,18.3,22.42,25.86,RANGING,BEARISH,2026-08-03
DHANBANK,32.73,36.85,19.45,-11.18,68.28,33.93,33.45,27.7,-3.54,-2.15,18.16,CONSOLIDATING,2910198.0,45.84,NEUTRAL,-0.1605,0.1203,-0.2808,BEARISH,1.6419,5.02,36.02,31.84,33.93,21.33,12.33,MID_BAND,False,DISTRIBUTING,27.3,23.22,16.79,MODERATE_TREND,BULLISH,2026-08-03
DHANUKA,1023.3,1665.0,889.6,-38.54,15.03,1025.29,1064.93,1103.86,-0.19,-3.91,-7.3,DOWNTREND,46464.0,45.59,NEUTRAL,-12.6452,-15.2165,2.5714,BULLISH,32.8717,3.21,1061.34,989.23,1025.29,47.25,7.03,MID_BAND,False,ACCUMULATING,19.28,12.85,26.58,RANGING,BEARISH,2026-08-03
DHARMAJ,269.85,376.0,210.65,-28.23,28.1,261.0,268.04,252.47,3.39,0.68,6.88,STRONG_UPTREND,23563.0,59.76,BULLISH,0.4712,-1.1872,1.6584,BULLISH,7.827,2.9,269.04,252.95,261.0,105.06,6.16,NEAR_UPPER,False,ACCUMULATING,24.47,15.13,14.17,MODERATE_TREND,BULLISH,2026-08-03
DHUNINV,886.9,1573.1,667.1,-43.62,32.95,916.35,867.57,996.3,-3.21,2.23,-10.98,DOWNTREND,2889.0,49.43,NEUTRAL,-6.1996,3.6326,-9.8322,BEARISH,38.7246,4.37,1016.57,816.13,916.35,35.31,21.87,MID_BAND,False,ACCUMULATING,21.67,20.1,18.96,MODERATE_TREND,BULLISH,2026-08-03
DIACABS,322.85,342.0,115.57,-5.6,179.35,267.2,228.14,164.21,20.83,41.51,96.61,STRONG_UPTREND,9849216.0,77.12,OVERBOUGHT,31.0003,24.6788,6.3215,BULLISH,17.629,5.46,353.06,181.33,267.2,82.41,64.27,MID_BAND,False,ACCUMULATING,51.73,35.1,7.87,STRONG_TREND,BULLISH,2026-08-03
DIAMINESQ,239.73,418.8,208.01,-42.76,15.25,255.18,250.77,253.97,-6.05,-4.4,-5.61,DOWNTREND,4324.0,38.62,BEARISH,-3.9913,-1.7902,-2.2011,BEARISH,10.2039,4.26,278.38,231.97,255.18,16.71,18.19,MID_BAND,False,ACCUMULATING,23.49,10.28,21.07,MODERATE_TREND,BEARISH,2026-08-03
DIAMONDYD,1163.8,1228.9,858.9,-5.3,35.5,1157.48,1140.84,1072.83,0.55,2.01,8.48,STRONG_UPTREND,38345.0,55.05,BULLISH,-2.3581,-0.2303,-2.1278,BEARISH,42.5065,3.65,1237.66,1077.3,1157.48,53.94,13.85,MID_BAND,False,DISTRIBUTING,26.69,23.18,14.98,MODERATE_TREND,BULLISH,2026-08-03
DICIND,510.1,617.3,450.5,-17.37,13.23,512.61,510.9,513.8,-0.49,-0.16,-0.72,DOWNTREND,1770.0,49.11,NEUTRAL,-1.2023,-0.7526,-0.4496,BEARISH,22.3208,4.38,528.07,497.14,512.61,41.9,6.03,MID_BAND,False,ACCUMULATING,19.45,13.81,10.37,RANGING,BULLISH,2026-08-03
DIFFNKG,406.1,436.2,216.8,-6.9,87.32,392.28,375.23,315.6,3.52,8.23,28.68,STRONG_UPTREND,82492.0,58.12,BULLISH,3.5878,5.1508,-1.563,BEARISH,16.381,4.03,408.06,376.51,392.29,93.8,8.04,NEAR_UPPER,True,DISTRIBUTING,28.88,26.86,15.44,MODERATE_TREND,BULLISH,2026-08-03
DIGIDRIVE,17.76,34.37,16.1,-48.33,10.31,18.27,18.56,22.55,-2.79,-4.31,-21.24,DOWNTREND,16668.0,39.26,BEARISH,-0.3092,-0.2805,-0.0287,BEARISH,0.6895,3.88,19.12,17.42,18.27,20.1,9.35,MID_BAND,False,DISTRIBUTING,13.39,9.86,12.95,RANGING,BEARISH,2026-08-03
DIGITIDE,100.15,219.0,69.9,-54.27,43.28,102.3,93.61,108.31,-2.1,6.99,-7.53,DOWNTREND,861838.0,51.91,NEUTRAL,1.4699,2.1823,-0.7124,BEARISH,5.4459,5.44,108.08,96.52,102.3,31.43,11.3,MID_BAND,False,ACCUMULATING,17.5,22.48,18.0,RANGING,BULLISH,2026-08-03
DIGJAMLMTD,48.59,57.36,36.03,-15.29,34.86,44.56,44.91,,9.04,8.19,,INSUFFICIENT_DATA,39467.0,62.22,BULLISH,0.5474,-0.0903,0.6377,BULLISH,3.1756,6.54,48.82,40.3,44.56,97.35,19.12,NEAR_UPPER,False,ACCUMULATING,23.8,21.53,12.71,MODERATE_TREND,BULLISH,2026-08-03
DISAQ,12332.0,12864.0,10851.0,-4.14,13.65,12108.7,11903.36,,1.84,3.6,,INSUFFICIENT_DATA,483.0,56.88,BULLISH,78.4328,59.5065,18.9262,BULLISH,337.9952,2.74,12449.11,11768.29,12108.7,82.8,5.62,MID_BAND,False,ACCUMULATING,11.91,15.0,15.89,RANGING,BEARISH,2026-08-03
DIVGIITTS,975.6,1065.0,573.7,-8.39,70.05,951.5,888.07,712.71,2.53,9.86,36.89,STRONG_UPTREND,44221.0,60.71,BULLISH,19.5371,22.3356,-2.7985,BEARISH,41.8506,4.29,988.42,914.57,951.5,82.64,7.76,SQUEEZE,True,DISTRIBUTING,29.15,24.25,12.67,MODERATE_TREND,BULLISH,2026-08-03
DIVISLAB,8585.0,8585.0,5636.5,0.0,52.31,7341.32,6943.23,6500.45,16.94,23.65,32.07,STRONG_UPTREND,576049.0,87.51,OVERBOUGHT,334.0762,224.7234,109.3528,BULLISH,199.5934,2.32,8250.37,6432.28,7341.32,118.41,24.77,NEAR_UPPER,False,ACCUMULATING,48.05,55.13,6.8,STRONG_TREND,BULLISH,2026-08-03
DIXON,13892.0,18471.0,9600.0,-24.79,44.71,13847.35,12689.8,12094.34,0.32,9.47,14.86,STRONG_UPTREND,633455.0,56.89,BULLISH,414.6723,480.4403,-65.768,BEARISH,460.6094,3.32,14727.69,12967.01,13847.35,52.54,12.71,SQUEEZE,True,ACCUMULATING,32.37,28.0,20.12,STRONG_TREND,BULLISH,2026-08-03
DJML,112.58,124.8,52.0,-9.79,116.5,111.01,110.88,,1.41,1.53,,INSUFFICIENT_DATA,407320.0,51.9,NEUTRAL,1.3551,1.0577,0.2974,BULLISH,5.7313,5.09,121.6,100.41,111.01,57.42,19.09,MID_BAND,False,ACCUMULATING,17.12,18.44,15.87,RANGING,BULLISH,2026-08-03
DLF,668.55,794.8,489.4,-15.88,36.61,660.3,628.56,636.74,1.25,6.36,5.0,STRONG_UPTREND,4566776.0,56.36,BULLISH,7.9992,9.8208,-1.8216,BEARISH,17.5275,2.62,687.13,633.46,660.3,65.38,8.13,MID_BAND,False,ACCUMULATING,12.56,26.85,23.32,RANGING,BULLISH,2026-08-03
DLINKINDIA,450.8,549.2,367.65,-17.92,22.62,470.05,487.2,439.8,-4.1,-7.47,2.5,CONSOLIDATING,242495.0,37.06,BEARISH,-13.6841,-12.9048,-0.7793,BEARISH,13.9893,3.1,537.22,402.88,470.05,35.67,28.58,MID_BAND,False,DISTRIBUTING,30.4,18.15,22.75,STRONG_TREND,BEARISH,2026-08-03
DMART,4015.0,4949.5,3529.0,-18.88,13.77,3977.5,4093.24,4034.64,0.94,-1.91,-0.49,DOWNTREND,679904.0,49.57,NEUTRAL,-56.751,-60.886,4.135,BULLISH_CROSS,104.4458,2.6,4121.56,3833.43,3977.5,63.02,7.24,SQUEEZE,True,DISTRIBUTING,21.31,21.57,24.25,MODERATE_TREND,BEARISH,2026-08-03
DMCC,278.0,350.0,191.35,-20.57,45.28,265.92,260.2,254.53,4.54,6.84,9.22,STRONG_UPTREND,41747.0,59.13,BULLISH,3.8866,2.5704,1.3163,BULLISH,12.5292,4.51,280.81,251.02,265.92,90.56,11.2,NEAR_UPPER,False,ACCUMULATING,27.6,23.59,8.39,MODERATE_TREND,BULLISH,2026-08-03
DNAMEDIA,2.87,5.44,2.33,-47.24,23.18,2.83,2.86,3.38,1.41,0.35,-15.09,DOWNTREND,45442.0,52.36,NEUTRAL,0.0,-0.0101,0.0101,BULLISH,0.1937,6.75,2.91,2.74,2.83,74.49,6.14,MID_BAND,False,ACCUMULATING,18.97,24.55,7.91,RANGING,BULLISH,2026-08-03
DODLA,1046.3,1500.0,964.1,-30.25,8.53,1075.64,1092.64,1136.73,-2.73,-4.24,-7.96,DOWNTREND,23921.0,42.03,BEARISH,-16.6054,-13.4894,-3.116,BEARISH,34.8546,3.33,1142.1,1009.18,1075.64,27.93,12.36,MID_BAND,False,DISTRIBUTING,19.29,21.95,16.0,RANGING,BULLISH,2026-08-03
DOLATALGO,67.56,95.76,65.0,-29.45,3.94,69.73,72.45,76.87,-3.11,-6.75,-12.11,DOWNTREND,84415.0,33.66,BEARISH,-1.4467,-1.4174,-0.0293,BEARISH,1.7709,2.62,73.2,66.26,69.73,18.74,9.95,MID_BAND,False,DISTRIBUTING,18.22,12.2,17.45,RANGING,BEARISH,2026-08-03
DOLLAR,267.4,396.0,220.5,-32.47,21.27,262.65,261.52,298.4,1.81,2.25,-10.39,DOWNTREND,144077.0,54.97,NEUTRAL,-0.6567,-1.3279,0.6712,BULLISH,7.4092,2.77,273.85,251.45,262.65,71.21,8.53,MID_BAND,False,ACCUMULATING,15.96,23.11,19.01,RANGING,BULLISH,2026-08-03
DOLPHIN,405.45,501.95,322.0,-19.23,25.92,382.78,386.62,403.35,5.92,4.87,0.52,STRONG_UPTREND,24949.0,61.81,BULLISH,0.8934,-1.4883,2.3817,BULLISH,17.2273,4.25,403.34,362.23,382.78,105.14,10.74,NEAR_UPPER,False,DISTRIBUTING,33.1,31.77,9.26,STRONG_TREND,BULLISH,2026-08-03
DOMS,2292.0,2770.0,2023.9,-17.26,13.25,2280.11,2252.77,2371.69,0.52,1.74,-3.36,DOWNTREND,42936.0,53.04,NEUTRAL,-2.4701,-1.6694,-0.8007,BEARISH,60.1345,2.62,2357.15,2203.07,2280.11,57.72,6.76,MID_BAND,False,ACCUMULATING,8.42,20.85,18.18,RANGING,BULLISH,2026-08-03
DONEAR,84.44,116.51,77.6,-27.53,8.81,84.88,88.0,91.28,-0.52,-4.05,-7.49,DOWNTREND,13627.0,43.49,BEARISH,-0.8741,-1.0383,0.1642,BULLISH,2.4185,2.86,86.53,83.24,84.88,36.6,3.88,MID_BAND,False,DISTRIBUTING,17.54,10.55,17.62,RANGING,BEARISH,2026-08-03
DPABHUSHAN,1420.2,1719.9,866.1,-17.43,63.98,1296.69,1078.19,1211.99,9.53,31.72,17.18,STRONG_UPTREND,218534.0,65.7,BULLISH,94.55,100.6274,-6.0774,BEARISH,78.3579,5.52,1565.31,1028.07,1296.69,72.99,41.43,MID_BAND,False,ACCUMULATING,47.33,34.93,14.48,STRONG_TREND,BULLISH,2026-08-03
DRAGARWQ,5007.0,6059.7,4600.0,-17.37,8.85,5004.52,5019.77,,0.05,-0.25,,INSUFFICIENT_DATA,647.0,49.24,NEUTRAL,0.5672,0.4119,0.1553,BULLISH,119.4013,2.38,5089.7,4919.35,5004.52,51.45,3.4,SQUEEZE,True,ACCUMULATING,12.46,17.57,12.26,RANGING,BULLISH,2026-08-03
DRCSYSTEMS,13.57,23.68,11.5,-42.69,18.0,13.52,14.09,15.72,0.37,-3.69,-13.68,DOWNTREND,49902.0,48.22,NEUTRAL,-0.2112,-0.2499,0.0387,BULLISH,0.6326,4.66,14.11,12.93,13.52,54.35,8.67,MID_BAND,False,DISTRIBUTING,21.56,9.5,22.64,MODERATE_TREND,BEARISH,2026-08-03
DREAMFOLKS,67.48,160.0,56.0,-57.82,20.5,67.92,70.36,88.49,-0.65,-4.09,-23.74,DOWNTREND,39538.0,45.0,NEUTRAL,-0.9536,-1.0469,0.0933,BULLISH,2.2681,3.36,69.89,65.96,67.92,38.76,5.78,SQUEEZE,True,DISTRIBUTING,7.28,15.54,15.69,RANGING,BEARISH,2026-08-03
DREDGECORP,1096.5,1286.0,538.0,-14.74,103.81,1046.01,1096.58,977.69,4.83,-0.01,12.15,CONSOLIDATING,112978.0,54.99,NEUTRAL,6.6288,-6.8179,13.4467,BULLISH,45.2884,4.13,1130.07,961.94,1046.01,80.03,16.07,MID_BAND,False,ACCUMULATING,13.4,25.49,19.65,RANGING,BULLISH,2026-08-03
DRREDDY,1180.0,1414.9,1101.0,-16.6,7.18,1209.73,1266.65,1260.57,-2.46,-6.84,-6.39,DOWNTREND,2834418.0,39.84,BEARISH,-38.8554,-36.0051,-2.8503,BEARISH,28.9761,2.46,1336.46,1083.01,1209.74,38.27,20.95,MID_BAND,False,DISTRIBUTING,41.98,15.96,34.15,STRONG_TREND,BEARISH,2026-08-03
DSSL,1253.3,1924.8,781.0,-34.89,60.47,1241.5,1359.04,1084.96,0.95,-7.78,15.52,CONSOLIDATING,35924.0,48.59,NEUTRAL,-29.9663,-37.033,7.0667,BULLISH,60.4637,4.82,1326.0,1157.01,1241.51,56.98,13.61,SQUEEZE,True,DISTRIBUTING,19.74,20.32,18.88,RANGING,BULLISH,2026-08-03
DTIL,130.39,211.45,102.0,-38.34,27.83,134.44,135.56,143.49,-3.01,-3.81,-9.13,DOWNTREND,8687.0,41.55,BEARISH,-2.1912,-1.5234,-0.6678,BEARISH,5.42,4.16,142.1,126.77,134.44,23.6,11.4,MID_BAND,False,DISTRIBUTING,33.23,18.63,14.65,STRONG_TREND,BULLISH,2026-08-03
DUCON,2.98,6.45,2.22,-53.8,34.23,3.12,3.04,,-4.49,-1.97,,INSUFFICIENT_DATA,290148.0,46.58,NEUTRAL,-0.029,-0.0176,-0.0114,BEARISH,0.1806,6.06,3.57,2.66,3.12,34.95,29.1,MID_BAND,False,DISTRIBUTING,19.68,15.97,27.11,RANGING,BEARISH,2026-08-03
DVL,245.89,380.6,186.99,-35.39,31.5,240.7,240.27,255.82,2.16,2.34,-3.88,DOWNTREND,20337.0,57.9,BULLISH,0.5293,0.3515,0.1778,BULLISH_CROSS,7.7133,3.14,246.64,234.77,240.7,93.66,4.93,NEAR_UPPER,False,DISTRIBUTING,18.07,15.17,9.34,RANGING,BULLISH,2026-08-03
DWARKESH,39.0,53.09,32.13,-26.54,21.38,42.02,43.23,40.91,-7.19,-9.78,-4.67,DOWNTREND,1109632.0,37.85,BEARISH,-1.4255,-0.8426,-0.5829,BEARISH,1.951,5.0,46.72,37.31,42.02,17.97,22.41,MID_BAND,False,DISTRIBUTING,19.07,16.53,27.47,RANGING,BEARISH,2026-08-03
DYCL,402.45,520.0,236.8,-22.61,69.95,391.91,359.71,331.78,2.69,11.88,21.3,STRONG_UPTREND,2421522.0,56.29,BULLISH,10.9728,13.7188,-2.746,BEARISH,21.9536,5.45,440.94,342.88,391.91,60.75,25.02,MID_BAND,False,ACCUMULATING,26.46,25.47,16.52,MODERATE_TREND,BULLISH,2026-08-03
DYNAMATECH,10763.0,12875.0,6320.0,-16.4,70.3,10436.6,10485.94,9847.33,3.13,2.64,9.3,STRONG_UPTREND,10332.0,57.22,BULLISH,-20.6881,-50.9081,30.22,BULLISH,377.2637,3.51,10838.08,10035.12,10436.6,90.65,7.69,NEAR_UPPER,False,DISTRIBUTING,8.46,24.54,15.83,RANGING,BULLISH,2026-08-03
DYNPRO,264.2,415.8,190.8,-36.46,38.47,238.45,238.55,242.02,10.8,10.75,9.16,STRONG_UPTREND,13576.0,74.52,OVERBOUGHT,5.5344,2.0335,3.5009,BULLISH,11.0499,4.18,259.36,217.55,238.46,111.57,17.53,NEAR_UPPER,False,ACCUMULATING,26.37,33.09,7.51,MODERATE_TREND,BULLISH,2026-08-03
E2E,543.0,567.8,183.36,-4.37,196.14,450.88,422.25,,20.43,28.6,,INSUFFICIENT_DATA,1994592.0,69.77,BULLISH,35.3356,28.1435,7.1921,BULLISH,26.4425,4.87,567.62,334.15,450.89,89.46,51.78,MID_BAND,False,ACCUMULATING,38.41,47.73,15.9,STRONG_TREND,BULLISH,2026-08-03
EASEMYTRIP,6.6,10.6,5.77,-37.74,14.38,6.81,7.24,7.42,-3.08,-8.84,-11.05,DOWNTREND,19762907.0,37.82,BEARISH,-0.1863,-0.1881,0.0018,BULLISH,0.2308,3.5,7.09,6.52,6.81,13.52,8.3,MID_BAND,False,DISTRIBUTING,19.56,14.7,23.61,RANGING,BEARISH,2026-08-03
EBGNG,535.2,689.5,239.0,-22.38,123.93,576.02,525.08,390.39,-7.09,1.93,37.09,UPTREND,530298.0,44.39,BEARISH,0.4395,9.3637,-8.9241,BEARISH,32.0318,5.99,645.91,506.12,576.01,20.8,24.27,MID_BAND,False,DISTRIBUTING,19.24,19.26,22.97,RANGING,BEARISH,2026-08-03
ECLERX,1922.2,2497.5,1320.0,-23.04,45.62,1791.52,1577.31,1841.61,7.29,21.87,4.38,STRONG_UPTREND,568604.0,62.5,BULLISH,105.526,107.5329,-2.0069,BEARISH,98.1482,5.11,2104.93,1478.11,1791.52,70.85,34.99,MID_BAND,False,ACCUMULATING,39.92,27.01,12.97,STRONG_TREND,BULLISH,2026-08-03
EDELWEISS,116.33,133.9,92.61,-13.12,25.61,118.22,117.52,113.03,-1.6,-1.01,2.92,CONSOLIDATING,2247937.0,46.49,NEUTRAL,-1.0447,-0.5498,-0.4948,BEARISH,4.0497,3.48,123.45,113.0,118.22,31.88,8.85,MID_BAND,False,DISTRIBUTING,12.79,18.98,19.79,RANGING,BEARISH,2026-08-03
EFCIL,193.96,357.0,171.55,-45.67,13.06,193.64,189.79,231.19,0.17,2.2,-16.1,DOWNTREND,265331.0,51.0,NEUTRAL,1.2633,1.3944,-0.131,BEARISH,7.4114,3.82,200.65,186.63,193.64,52.28,7.24,SQUEEZE,True,ACCUMULATING,20.45,18.39,17.66,MODERATE_TREND,BULLISH,2026-08-03
EICHERMOT,8050.0,8230.0,5643.0,-2.19,42.65,7602.93,7447.45,7256.84,5.88,8.09,10.93,STRONG_UPTREND,613410.0,67.94,BULLISH,145.5923,106.5282,39.0641,BULLISH,165.3988,2.05,8041.43,7164.42,7602.93,100.98,11.54,NEAR_UPPER,False,ACCUMULATING,18.66,31.36,13.96,RANGING,BULLISH,2026-08-03
EIDPARRY,780.3,1196.4,698.2,-34.78,11.76,763.92,745.87,874.9,2.14,4.62,-10.81,DOWNTREND,273542.0,57.51,BULLISH,6.4095,5.7953,0.6142,BULLISH_CROSS,19.9745,2.56,792.67,735.17,763.92,78.48,7.53,MID_BAND,False,DISTRIBUTING,15.27,24.49,16.69,RANGING,BULLISH,2026-08-03
EIEL,222.64,276.1,134.71,-19.36,65.27,224.83,211.79,195.93,-0.97,5.12,13.63,UPTREND,1872694.0,52.39,NEUTRAL,0.6478,2.366,-1.7182,BEARISH,8.7471,3.93,239.79,209.87,224.83,42.69,13.31,MID_BAND,False,ACCUMULATING,15.73,23.04,21.64,RANGING,BULLISH,2026-08-03
EIHAHOTELS,312.55,434.9,266.65,-28.13,17.21,317.97,314.74,331.24,-1.7,-0.7,-5.64,DOWNTREND,17827.0,46.5,NEUTRAL,-1.8059,-0.7436,-1.0623,BEARISH,9.76,3.12,331.0,304.93,317.97,29.22,8.2,MID_BAND,False,ACCUMULATING,14.79,14.49,22.42,RANGING,BEARISH,2026-08-03
EIHOTEL,330.1,434.8,271.15,-24.08,21.74,331.99,318.91,334.9,-0.57,3.51,-1.43,DOWNTREND,245491.0,51.52,NEUTRAL,1.9726,3.152,-1.1794,BEARISH,8.9449,2.71,343.42,320.55,331.99,41.76,6.89,MID_BAND,False,ACCUMULATING,20.09,18.87,19.03,MODERATE_TREND,BEARISH,2026-08-03
EIMCOELECO,1837.8,2380.0,1405.5,-22.78,30.76,1814.22,1712.25,1641.2,1.3,7.33,11.98,STRONG_UPTREND,58912.0,56.03,BULLISH,17.2963,26.6836,-9.3873,BEARISH,72.4751,3.94,1907.84,1720.59,1814.22,62.59,10.32,SQUEEZE,True,DISTRIBUTING,16.2,26.44,19.41,RANGING,BULLISH,2026-08-03
EKC,109.78,156.79,90.25,-29.98,21.64,111.66,114.08,116.13,-1.68,-3.77,-5.47,DOWNTREND,163686.0,45.24,NEUTRAL,-2.2349,-1.7894,-0.4455,BEARISH,3.6821,3.35,118.63,104.69,111.66,36.5,12.48,MID_BAND,False,DISTRIBUTING,19.16,17.14,26.38,RANGING,BEARISH,2026-08-03
ELANTAS,9797.0,10965.0,8900.0,-10.65,10.08,9442.3,9739.42,,3.76,0.59,,INSUFFICIENT_DATA,734.0,54.31,NEUTRAL,-92.7103,-125.9105,33.2002,BULLISH,334.7644,3.42,9780.59,9104.01,9442.3,102.43,7.17,NEAR_UPPER,False,DISTRIBUTING,13.89,26.21,15.42,RANGING,BULLISH,2026-08-03
ELCIDIN,111750.0,137000.0,105505.0,-18.43,5.92,111675.75,114889.8,,0.07,-2.73,,INSUFFICIENT_DATA,11.0,46.22,NEUTRAL,-1194.6979,-1459.6755,264.9776,BULLISH,2524.9286,2.26,114288.33,109063.17,111675.75,51.42,4.68,MID_BAND,False,DISTRIBUTING,44.7,8.89,26.56,STRONG_TREND,BEARISH,2026-08-03
ELDEHSG,803.5,1044.1,691.2,-23.04,16.25,788.86,793.39,848.88,1.86,1.27,-5.35,DOWNTREND,1370.0,54.97,NEUTRAL,-5.1877,-6.2499,1.0622,BULLISH_CROSS,32.3354,4.02,820.93,756.8,788.86,72.82,8.13,MID_BAND,False,DISTRIBUTING,13.17,17.75,12.38,RANGING,BULLISH,2026-08-03
ELECON,428.3,634.9,352.0,-32.54,21.68,457.27,501.74,468.96,-6.34,-14.64,-8.67,DOWNTREND,643824.0,34.06,BEARISH,-25.825,-23.844,-1.9809,BEARISH,17.291,4.04,528.16,386.39,457.27,29.56,31.0,MID_BAND,False,DISTRIBUTING,34.33,14.29,28.03,STRONG_TREND,BEARISH,2026-08-03
ELECTCAST,71.8,108.71,60.15,-33.95,19.37,73.72,76.07,76.56,-2.6,-5.61,-6.22,DOWNTREND,962976.0,41.39,BEARISH,-1.7208,-1.5816,-0.1391,BEARISH,2.1806,3.04,78.62,68.81,73.72,30.46,13.31,MID_BAND,False,DISTRIBUTING,15.33,19.79,23.41,RANGING,BEARISH,2026-08-03
ELECTHERM,1008.0,1277.0,551.0,-21.06,82.94,1055.91,1045.55,851.48,-4.54,-3.59,18.38,CONSOLIDATING,17344.0,42.99,BEARISH,-15.731,-6.1842,-9.5468,BEARISH,55.8023,5.54,1152.08,959.74,1055.91,25.09,18.22,MID_BAND,False,DISTRIBUTING,19.62,24.37,14.79,RANGING,BULLISH,2026-08-03
ELGIEQUIP,582.6,633.85,408.25,-8.09,42.71,579.81,590.21,519.41,0.48,-1.29,12.17,CONSOLIDATING,234479.0,50.22,NEUTRAL,-3.6732,-3.0027,-0.6705,BEARISH,16.367,2.81,595.99,563.62,579.81,58.63,5.58,SQUEEZE,True,ACCUMULATING,18.06,16.57,17.28,RANGING,BEARISH,2026-08-03
ELGIRUBCO,57.41,90.5,32.72,-36.56,75.46,58.23,52.59,,-1.41,9.17,,INSUFFICIENT_DATA,85150.0,52.64,NEUTRAL,1.5888,1.8207,-0.2319,BEARISH,3.8275,6.67,62.29,54.16,58.23,39.94,13.97,MID_BAND,False,DISTRIBUTING,20.53,25.97,18.85,MODERATE_TREND,BULLISH,2026-08-03
ELIN,103.55,234.0,93.65,-55.75,10.57,102.49,105.34,136.65,1.03,-1.7,-24.22,DOWNTREND,583607.0,50.77,NEUTRAL,-1.1424,-1.223,0.0806,BULLISH_CROSS,4.4222,4.27,110.89,94.1,102.49,56.29,16.38,MID_BAND,False,ACCUMULATING,15.83,24.34,20.34,RANGING,BULLISH,2026-08-03
ELITECON,17.19,46.4,15.3,-62.95,12.35,18.19,24.71,,-5.5,-30.43,,INSUFFICIENT_DATA,4821444.0,31.71,BEARISH,-2.7436,-3.0307,0.2872,BULLISH,1.4591,8.49,23.74,12.64,18.19,40.98,61.02,MID_BAND,False,DISTRIBUTING,21.69,20.15,23.76,MODERATE_TREND,BEARISH,2026-08-03
ELLEN,273.05,559.8,175.0,-51.22,56.03,279.28,272.19,289.88,-2.23,0.32,-5.81,DOWNTREND,444370.0,48.49,NEUTRAL,-1.2011,1.4291,-2.6302,BEARISH,12.9461,4.74,306.71,251.85,279.28,38.64,19.64,MID_BAND,False,ACCUMULATING,15.55,22.41,24.04,RANGING,BEARISH,2026-08-03
ELPROINTL,178.37,179.0,86.0,-0.35,107.41,175.32,171.7,,1.74,3.88,,INSUFFICIENT_DATA,54723.0,77.55,OVERBOUGHT,2.1692,2.3201,-0.1509,BEARISH,2.5993,1.46,178.46,172.19,175.32,98.6,3.58,NEAR_UPPER,False,ACCUMULATING,20.3,20.51,20.86,MODERATE_TREND,BEARISH,2026-08-03
EMAMILTD,406.0,634.2,376.4,-35.98,7.86,410.82,404.58,460.8,-1.17,0.35,-11.89,DOWNTREND,546246.0,48.09,NEUTRAL,-1.4073,-0.2083,-1.199,BEARISH,11.3259,2.79,425.45,396.19,410.82,33.53,7.12,MID_BAND,False,DISTRIBUTING,13.99,15.58,16.55,RANGING,BEARISH,2026-08-03
EMBDL,60.79,105.7,55.36,-42.49,9.81,62.98,61.71,,-3.48,-1.49,,INSUFFICIENT_DATA,2341392.0,42.27,BEARISH,-0.5272,-0.2643,-0.2629,BEARISH,2.1817,3.59,66.32,59.65,62.98,17.11,10.6,MID_BAND,False,DISTRIBUTING,12.18,16.69,21.56,RANGING,BEARISH,2026-08-03
EMCURE,1969.7,1999.0,1260.0,-1.47,56.33,1862.15,1802.48,1576.38,5.78,9.28,24.95,STRONG_UPTREND,146905.0,66.84,BULLISH,40.6397,32.498,8.1417,BULLISH,58.3496,2.96,1979.76,1744.55,1862.16,95.72,12.63,NEAR_UPPER,False,ACCUMULATING,33.95,28.96,8.74,STRONG_TREND,BULLISH,2026-08-03
EMIL,131.35,168.5,84.9,-22.05,54.71,130.74,122.36,111.42,0.47,7.35,17.89,STRONG_UPTREND,1491365.0,55.07,BULLISH,1.7295,2.3232,-0.5937,BEARISH,5.6634,4.31,135.21,126.27,130.74,56.79,6.84,SQUEEZE,True,ACCUMULATING,23.67,20.43,12.63,MODERATE_TREND,BULLISH,2026-08-03
EMKAY,241.35,409.9,186.0,-41.12,29.76,248.45,260.49,,-2.86,-7.35,,INSUFFICIENT_DATA,34209.0,43.35,BEARISH,-7.064,-6.6369,-0.4271,BEARISH,12.8783,5.34,272.84,224.06,248.45,35.44,19.63,MID_BAND,False,DISTRIBUTING,24.95,15.47,19.93,MODERATE_TREND,BEARISH,2026-08-03
EMMVEE,319.55,371.55,171.51,-14.0,86.32,330.31,330.4,,-3.26,-3.28,,INSUFFICIENT_DATA,3471544.0,45.94,NEUTRAL,-3.4689,-0.448,-3.0209,BEARISH,14.0122,4.38,354.81,305.82,330.31,28.03,14.83,MID_BAND,False,ACCUMULATING,16.11,22.56,25.4,RANGING,BEARISH,2026-08-03
EMSLIMITED,414.35,593.85,256.05,-30.23,61.82,416.3,376.76,371.81,-0.47,9.98,11.44,UPTREND,669162.0,53.85,NEUTRAL,3.6722,8.2424,-4.5702,BEARISH,19.1505,4.62,453.59,379.01,416.3,47.39,17.91,MID_BAND,False,ACCUMULATING,26.49,25.34,20.78,MODERATE_TREND,BULLISH,2026-08-03
EMUDHRA,477.85,771.05,364.55,-38.03,31.08,455.02,458.14,505.73,5.02,4.3,-5.51,DOWNTREND,465337.0,64.81,BULLISH,3.1234,0.8184,2.305,BULLISH,16.9448,3.55,475.67,434.38,455.02,105.27,9.08,NEAR_UPPER,False,ACCUMULATING,29.07,27.63,9.97,MODERATE_TREND,BULLISH,2026-08-03
ENDURANCE,2787.6,3079.9,2142.8,-9.49,30.09,2725.62,2673.77,2563.82,2.27,4.26,8.73,STRONG_UPTREND,141287.0,58.19,BULLISH,32.2782,29.1171,3.1611,BULLISH,82.8326,2.97,2814.27,2636.96,2725.61,84.96,6.51,MID_BAND,False,ACCUMULATING,16.16,20.25,18.17,RANGING,BULLISH,2026-08-03
ENERGYDEV,16.77,29.69,13.15,-43.52,27.53,17.03,16.85,,-1.53,-0.47,,INSUFFICIENT_DATA,24323.0,46.46,NEUTRAL,-0.0154,0.0413,-0.0567,BEARISH,0.7699,4.59,17.46,16.6,17.03,19.59,5.04,MID_BAND,False,DISTRIBUTING,18.54,14.04,11.23,RANGING,BULLISH,2026-08-03
ENGINERSIN,226.8,267.0,163.55,-15.06,38.67,229.38,235.0,212.84,-1.12,-3.49,6.56,CONSOLIDATING,1401372.0,45.48,NEUTRAL,-3.9971,-3.7957,-0.2014,BEARISH,6.4104,2.83,241.24,217.52,229.38,39.11,10.34,SQUEEZE,True,DISTRIBUTING,22.72,16.13,25.34,MODERATE_TREND,BEARISH,2026-08-03
ENIL,108.81,174.58,98.57,-37.67,10.39,107.03,108.26,113.61,1.66,0.51,-4.22,DOWNTREND,27388.0,54.82,NEUTRAL,-0.1057,-0.4955,0.3898,BULLISH,3.2011,2.94,110.03,104.03,107.03,79.64,5.61,MID_BAND,False,ACCUMULATING,25.47,25.31,8.36,MODERATE_TREND,BULLISH,2026-08-03
ENRIN,3256.0,3968.0,2115.0,-17.94,53.95,3335.37,3515.83,3035.21,-2.38,-7.39,7.27,CONSOLIDATING,384531.0,43.42,BEARISH,-84.5707,-73.337,-11.2336,BEARISH,120.3355,3.7,3552.82,3117.92,3335.37,31.75,13.04,MID_BAND,False,DISTRIBUTING,23.8,16.72,25.84,MODERATE_TREND,BEARISH,2026-08-03
ENTERO,1233.2,1390.0,944.0,-11.28,30.64,1221.91,1184.32,1141.54,0.92,4.13,8.03,STRONG_UPTREND,70151.0,53.68,NEUTRAL,15.4227,15.0296,0.3931,BULLISH,44.0061,3.57,1271.59,1172.22,1221.9,61.37,8.13,MID_BAND,False,ACCUMULATING,20.46,19.84,12.65,MODERATE_TREND,BULLISH,2026-08-03
EPACK,229.94,409.5,196.15,-43.85,17.23,235.38,232.56,252.54,-2.31,-1.13,-8.95,DOWNTREND,466062.0,44.3,BEARISH,-1.2909,-0.3494,-0.9415,BEARISH,7.0892,3.08,246.36,224.39,235.38,25.26,9.33,MID_BAND,False,ACCUMULATING,16.81,22.01,17.97,RANGING,BULLISH,2026-08-03
EPACKPEB,243.95,344.0,132.17,-29.08,84.57,255.23,238.52,229.02,-4.42,2.28,6.52,UPTREND,983166.0,46.33,NEUTRAL,4.065,4.9746,-0.9096,BEARISH_CROSS,14.8399,6.08,278.11,232.35,255.23,25.35,17.93,MID_BAND,False,ACCUMULATING,16.49,21.2,27.56,RANGING,BEARISH,2026-08-03
EPIGRAL,1120.7,1911.6,807.0,-41.37,38.87,1087.17,1112.42,1169.83,3.08,0.74,-4.2,DOWNTREND,163458.0,52.23,NEUTRAL,8.8072,5.0528,3.7545,BULLISH,51.914,4.63,1210.58,963.76,1087.17,63.58,22.7,MID_BAND,False,ACCUMULATING,24.95,20.08,14.88,MODERATE_TREND,BULLISH,2026-08-03
EPL,226.7,246.86,176.4,-8.17,28.51,235.28,227.99,214.64,-3.65,-0.57,5.62,CONSOLIDATING,416488.0,43.92,BEARISH,-0.3532,1.4237,-1.777,BEARISH,7.4431,3.28,245.14,225.41,235.28,6.53,8.39,NEAR_LOWER,False,DISTRIBUTING,17.62,13.17,26.44,RANGING,BEARISH,2026-08-03
EQUITASBNK,76.26,83.9,50.0,-9.11,52.52,78.09,75.93,66.55,-2.34,0.43,14.59,UPTREND,4803427.0,48.74,NEUTRAL,-0.3401,0.3548,-0.6949,BEARISH,3.0119,3.95,83.62,72.56,78.09,33.45,14.16,MID_BAND,False,DISTRIBUTING,18.24,22.5,26.83,RANGING,BEARISH,2026-08-03
ERIS,1383.2,1820.0,1200.0,-24.0,15.27,1426.14,1411.46,1436.99,-3.01,-2.0,-3.74,DOWNTREND,104670.0,44.07,BEARISH,-11.3323,-1.5997,-9.7327,BEARISH,43.7704,3.16,1496.89,1355.39,1426.14,19.65,9.92,MID_BAND,False,ACCUMULATING,15.33,12.85,18.66,RANGING,BEARISH,2026-08-03
ESABINDIA,5614.5,7319.5,4710.0,-23.29,19.2,5680.23,5862.6,5750.35,-1.16,-4.23,-2.36,DOWNTREND,2699.0,41.63,BEARISH,-63.301,-63.6423,0.3414,BULLISH_CROSS,118.5908,2.11,5858.95,5501.5,5680.23,31.61,6.29,MID_BAND,False,DISTRIBUTING,14.47,20.08,19.6,RANGING,BULLISH,2026-08-03
ESAFSFB,40.92,43.0,19.78,-4.84,106.88,36.42,32.9,27.96,12.36,24.38,46.35,STRONG_UPTREND,4635715.0,67.2,BULLISH,1.883,1.574,0.309,BULLISH,2.3761,5.81,40.85,31.99,36.42,100.76,24.34,NEAR_UPPER,False,ACCUMULATING,46.61,34.33,9.38,STRONG_TREND,BULLISH,2026-08-03
ESCORTS,3135.5,4180.0,2700.0,-24.99,16.13,2968.1,2901.51,3305.2,5.64,8.06,-5.13,DOWNTREND,136584.0,71.07,OVERBOUGHT,38.3953,21.1644,17.2309,BULLISH,68.3047,2.18,3088.53,2847.67,2968.1,119.5,8.12,NEAR_UPPER,False,ACCUMULATING,27.23,34.42,10.65,MODERATE_TREND,BULLISH,2026-08-03
ESSARSHPNG,20.57,43.26,18.61,-52.45,10.53,20.83,22.45,,-1.25,-8.37,,INSUFFICIENT_DATA,296523.0,42.0,BEARISH,-0.7531,-0.8147,0.0616,BULLISH,0.9002,4.38,22.82,18.84,20.83,43.45,19.13,MID_BAND,False,DISTRIBUTING,40.35,12.06,28.25,STRONG_TREND,BEARISH,2026-08-03
ESTER,86.67,132.45,68.55,-34.56,26.43,88.99,90.37,96.29,-2.61,-4.09,-9.99,DOWNTREND,59666.0,40.17,BEARISH,-0.7494,-0.6367,-0.1127,BEARISH,3.1205,3.6,91.43,86.55,88.99,2.45,5.48,NEAR_LOWER,True,DISTRIBUTING,11.49,14.23,20.39,RANGING,BEARISH,2026-08-03
ETERNAL,310.5,368.45,212.6,-15.73,46.05,293.1,271.25,270.32,5.94,14.47,14.86,STRONG_UPTREND,40054700.0,66.42,BULLISH,10.1418,9.0113,1.1305,BULLISH,10.2164,3.29,313.2,273.01,293.1,93.28,13.71,NEAR_UPPER,False,ACCUMULATING,36.81,33.97,14.67,STRONG_TREND,BULLISH,2026-08-03
ETHOSLTD,2962.7,3245.9,1919.4,-8.72,54.36,2600.13,2486.5,2575.86,13.94,19.15,15.02,STRONG_UPTREND,143158.0,77.6,OVERBOUGHT,54.7777,41.6939,13.0838,BULLISH_CROSS,120.8738,4.08,2810.75,2389.52,2600.13,136.07,16.2,NEAR_UPPER,False,DISTRIBUTING,25.89,39.68,10.69,MODERATE_TREND,BULLISH,2026-08-03
EUREKAFORB,453.65,668.3,403.2,-32.12,12.51,453.3,453.94,514.72,0.08,-0.06,-11.86,DOWNTREND,130544.0,49.54,NEUTRAL,-3.1182,-3.1778,0.0596,BULLISH_CROSS,14.1379,3.12,474.73,431.88,453.3,50.81,9.45,MID_BAND,False,ACCUMULATING,16.39,23.03,24.52,RANGING,BEARISH,2026-08-03
EUROBOND,161.15,254.5,126.3,-36.68,27.59,163.35,171.56,174.69,-1.35,-6.07,-7.75,DOWNTREND,6253.0,43.94,BEARISH,-3.2215,-3.239,0.0175,BULLISH_CROSS,7.9344,4.92,170.7,155.99,163.35,35.05,9.01,MID_BAND,False,DISTRIBUTING,18.16,14.03,14.85,RANGING,BEARISH,2026-08-03
EUROPRATIK,301.7,390.0,205.1,-22.64,47.1,307.52,285.16,277.13,-1.89,5.8,8.87,UPTREND,146572.0,50.89,NEUTRAL,4.8,6.8962,-2.0961,BEARISH,11.4712,3.8,317.44,297.61,307.52,20.62,6.45,MID_BAND,False,DISTRIBUTING,28.89,20.09,15.37,MODERATE_TREND,BULLISH,2026-08-03
EVEREADY,355.65,475.2,259.65,-25.16,36.97,351.85,347.12,329.54,1.08,2.46,7.92,STRONG_UPTREND,149099.0,53.22,NEUTRAL,-0.5731,0.3868,-0.9599,BEARISH,12.2556,3.45,365.16,338.55,351.85,64.26,7.56,SQUEEZE,True,DISTRIBUTING,20.89,19.67,14.25,MODERATE_TREND,BULLISH,2026-08-03
EXCELINDUS,1021.7,1348.8,800.05,-24.25,27.7,935.45,928.6,941.46,9.22,10.03,8.52,STRONG_UPTREND,9607.0,71.09,OVERBOUGHT,21.9758,11.0666,10.9092,BULLISH,29.0547,2.84,1020.11,850.78,935.45,100.94,18.1,NEAR_UPPER,False,ACCUMULATING,19.03,31.04,12.09,RANGING,BULLISH,2026-08-03
EXCELSOFT,82.99,142.59,66.4,-41.8,24.98,77.76,80.3,,6.73,3.35,,INSUFFICIENT_DATA,472396.0,61.73,BULLISH,-0.4288,-1.079,0.6502,BULLISH,3.043,3.67,81.99,73.54,77.76,111.89,10.86,NEAR_UPPER,False,ACCUMULATING,14.95,35.17,14.35,RANGING,BULLISH,2026-08-03
EXICOM,163.95,182.9,75.6,-10.36,116.87,163.73,160.31,121.49,0.13,2.27,34.95,STRONG_UPTREND,1748814.0,51.68,NEUTRAL,0.2491,1.5175,-1.2683,BEARISH,9.0209,5.5,173.56,153.89,163.73,51.14,12.02,MID_BAND,False,ACCUMULATING,18.67,24.52,19.23,RANGING,BULLISH,2026-08-03
EXIDEIND,444.7,461.4,287.0,-3.62,54.95,432.4,407.63,360.42,2.84,9.09,23.38,STRONG_UPTREND,6510016.0,61.27,BULLISH,11.7438,11.9429,-0.199,BEARISH,15.2256,3.42,455.99,408.8,432.4,76.07,10.91,MID_BAND,False,ACCUMULATING,38.89,25.38,11.67,STRONG_TREND,BULLISH,2026-08-03
EXPLEOSOL,805.15,1175.1,640.0,-31.48,25.8,819.13,829.59,877.21,-1.71,-2.95,-8.21,DOWNTREND,140072.0,46.89,NEUTRAL,4.4286,1.4213,3.0073,BULLISH,42.7565,5.31,888.88,749.39,819.13,39.97,17.03,MID_BAND,False,ACCUMULATING,24.44,31.03,23.98,MODERATE_TREND,BULLISH,2026-08-03
EXXARO,6.11,10.33,5.99,-40.85,2.0,6.4,6.58,,-4.53,-7.14,,INSUFFICIENT_DATA,339846.0,37.54,BEARISH,-0.1154,-0.0912,-0.0242,BEARISH,0.3237,5.3,6.72,6.09,6.4,3.77,9.87,NEAR_LOWER,False,ACCUMULATING,15.34,15.34,20.78,RANGING,BEARISH,2026-08-03
FABTECH,149.77,262.8,132.7,-43.01,12.86,153.38,154.06,174.75,-2.35,-2.78,-14.29,DOWNTREND,143105.0,41.55,BEARISH,-1.979,-1.6032,-0.3758,BEARISH,5.6863,3.8,163.04,143.72,153.38,31.33,12.6,MID_BAND,False,DISTRIBUTING,15.36,16.58,14.45,RANGING,BULLISH,2026-08-03
FACT,843.25,1058.6,652.1,-20.34,29.31,834.29,870.65,848.97,1.07,-3.15,-0.67,DOWNTREND,107923.0,49.79,NEUTRAL,-13.6968,-16.1624,2.4656,BULLISH,23.3494,2.77,868.48,800.1,834.29,63.1,8.2,MID_BAND,False,ACCUMULATING,13.28,21.35,21.91,RANGING,BEARISH,2026-08-03
FAZE3Q,551.25,650.05,322.1,-15.2,71.14,562.2,563.93,,-1.95,-2.25,,INSUFFICIENT_DATA,12660.0,46.12,NEUTRAL,-8.2931,-5.2105,-3.0826,BEARISH,22.6201,4.1,600.19,524.21,562.2,35.59,13.52,MID_BAND,False,DISTRIBUTING,14.64,21.06,19.8,RANGING,BULLISH,2026-08-03
FCL,39.27,47.18,19.1,-16.77,105.6,38.67,39.81,28.01,1.55,-1.36,40.2,CONSOLIDATING,12695742.0,50.8,NEUTRAL,0.2342,0.2943,-0.0601,BEARISH,2.2314,5.68,41.94,35.4,38.67,59.15,16.93,MID_BAND,False,ACCUMULATING,14.65,22.99,19.58,RANGING,BULLISH,2026-08-03
FCSSOFT,1.49,2.59,1.05,-42.47,41.9,1.53,1.52,,-2.61,-1.97,,INSUFFICIENT_DATA,2940448.0,46.02,NEUTRAL,0.0111,0.0276,-0.0165,BEARISH,0.098,6.58,1.92,1.15,1.53,44.24,49.83,MID_BAND,False,ACCUMULATING,20.3,18.98,25.74,MODERATE_TREND,BEARISH,2026-08-03
FDC,404.65,527.8,312.95,-23.33,29.3,417.29,408.09,389.79,-3.03,-0.84,3.81,CONSOLIDATING,137483.0,44.75,BEARISH,-0.5051,1.8957,-2.4009,BEARISH,12.8472,3.17,435.23,399.36,417.29,14.75,8.6,MID_BAND,False,DISTRIBUTING,21.14,18.69,15.03,MODERATE_TREND,BULLISH,2026-08-03
FEDDERSHOL,42.4,53.49,32.06,-20.73,32.25,44.74,39.96,,-5.23,6.11,,INSUFFICIENT_DATA,3890401.0,47.58,NEUTRAL,0.8311,1.6812,-0.8501,BEARISH,3.2962,7.77,50.79,38.69,44.74,30.66,27.05,MID_BAND,False,DISTRIBUTING,56.1,25.5,13.73,STRONG_TREND,BULLISH,2026-08-03
FEDERALBNK,371.7,371.7,188.4,0.0,97.29,345.26,325.32,284.81,7.66,14.26,30.51,STRONG_UPTREND,7241038.0,78.09,OVERBOUGHT,11.0956,10.0769,1.0187,BULLISH,7.1242,1.92,374.42,316.1,345.26,95.34,16.89,NEAR_UPPER,False,ACCUMULATING,46.22,34.48,8.53,STRONG_TREND,BULLISH,2026-08-03
FEDFINA,150.37,178.48,119.07,-15.75,26.29,154.96,155.45,146.55,-2.96,-3.27,2.61,CONSOLIDATING,2345741.0,44.55,BEARISH,-0.6774,-0.2073,-0.4701,BEARISH,5.6559,3.76,163.06,146.85,154.96,21.72,10.46,MID_BAND,False,ACCUMULATING,18.64,24.23,19.55,RANGING,BULLISH,2026-08-03
FERMENTA,511.7,520.0,248.85,-1.6,105.63,437.49,374.14,,16.96,36.77,,INSUFFICIENT_DATA,399020.0,72.87,OVERBOUGHT,31.4284,26.829,4.5994,BULLISH,26.8307,5.24,511.26,363.71,437.49,100.3,33.73,NEAR_UPPER,False,ACCUMULATING,31.09,35.75,13.59,STRONG_TREND,BULLISH,2026-08-03
FIBERWEB,29.28,52.47,26.85,-44.2,9.05,30.73,29.85,,-4.72,-1.91,,INSUFFICIENT_DATA,16607.0,36.9,BEARISH,-0.3684,-0.1722,-0.1961,BEARISH,1.3154,4.49,32.36,29.1,30.73,5.5,10.6,NEAR_LOWER,False,ACCUMULATING,19.47,11.36,18.02,RANGING,BEARISH,2026-08-03
FIEMIND,2338.4,2555.3,1802.5,-8.49,29.73,2294.67,2286.98,2222.83,1.91,2.25,5.2,STRONG_UPTREND,46949.0,55.43,BULLISH,22.5375,19.1481,3.3894,BULLISH,61.7069,2.64,2406.67,2182.67,2294.67,69.52,9.76,MID_BAND,False,ACCUMULATING,24.7,26.21,17.29,MODERATE_TREND,BULLISH,2026-08-03
FILATEX,76.7,79.0,36.26,-2.91,111.53,68.95,58.15,50.03,11.24,31.9,53.31,STRONG_UPTREND,8182089.0,69.65,BULLISH,4.7872,4.9709,-0.1837,BEARISH,4.1056,5.35,80.62,57.27,68.95,83.19,33.87,MID_BAND,False,ACCUMULATING,57.81,33.55,11.16,STRONG_TREND,BULLISH,2026-08-03
FINCABLES,998.05,1203.9,700.8,-17.1,42.42,1015.03,1061.17,891.46,-1.67,-5.95,11.96,CONSOLIDATING,213996.0,43.72,BEARISH,-24.7025,-22.809,-1.8936,BEARISH,33.7036,3.38,1071.42,958.64,1015.03,34.94,11.11,SQUEEZE,True,ACCUMULATING,22.29,15.58,23.83,MODERATE_TREND,BEARISH,2026-08-03
FINEORG,4933.7,5407.0,3856.0,-8.75,27.95,4924.71,4918.63,4539.8,0.18,0.31,8.68,STRONG_UPTREND,9472.0,50.5,NEUTRAL,-39.0582,-27.2359,-11.8224,BEARISH,145.937,2.96,5132.82,4716.6,4924.71,52.16,8.45,SQUEEZE,True,ACCUMULATING,19.17,17.17,18.53,RANGING,BEARISH,2026-08-03
FINKURVE,59.72,134.9,48.02,-55.73,24.36,63.39,64.2,79.33,-5.79,-6.98,-24.72,DOWNTREND,51731.0,38.18,BEARISH,-1.2723,-1.0512,-0.2211,BEARISH,3.2806,5.49,68.08,58.7,63.39,10.9,14.81,MID_BAND,False,DISTRIBUTING,13.23,19.66,16.02,RANGING,BULLISH,2026-08-03
FINOPB,162.25,339.0,110.03,-52.14,47.46,160.08,146.72,192.41,1.36,10.58,-15.67,DOWNTREND,8762186.0,54.68,NEUTRAL,4.9577,6.3829,-1.4252,BEARISH,8.8526,5.46,188.56,131.6,160.08,53.81,35.58,MID_BAND,False,ACCUMULATING,35.76,31.19,14.74,STRONG_TREND,BULLISH,2026-08-03
FINPIPE,165.79,222.5,147.54,-25.49,12.37,165.35,171.99,174.63,0.27,-3.6,-5.06,DOWNTREND,433249.0,47.54,NEUTRAL,-2.3718,-2.5839,0.2121,BULLISH_CROSS,4.0681,2.45,170.5,160.21,165.35,54.25,6.22,SQUEEZE,True,ACCUMULATING,16.78,17.21,21.47,RANGING,BEARISH,2026-08-03
FIRSTCRY,214.61,438.7,202.56,-51.08,5.95,211.36,217.74,253.54,1.54,-1.44,-15.35,DOWNTREND,895816.0,50.63,NEUTRAL,-1.5293,-2.3275,0.7982,BULLISH,5.672,2.64,217.74,204.98,211.36,75.47,6.04,MID_BAND,False,DISTRIBUTING,12.34,22.66,15.09,RANGING,BULLISH,2026-08-03
FISCHER,38.67,124.7,31.05,-68.99,24.54,38.36,37.0,42.97,0.81,4.51,-10.01,DOWNTREND,2737018.0,52.99,NEUTRAL,0.2567,0.3623,-0.1056,BEARISH,1.8096,4.68,40.41,36.3,38.36,57.65,10.7,MID_BAND,False,ACCUMULATING,14.23,24.55,18.31,RANGING,BULLISH,2026-08-03
FIVESTAR,551.4,666.0,338.15,-17.21,63.06,549.88,504.04,495.63,0.28,9.4,11.25,STRONG_UPTREND,800644.0,56.2,BULLISH,12.0712,15.0333,-2.9621,BEARISH,20.2454,3.67,570.59,529.18,549.88,53.66,7.53,SQUEEZE,True,ACCUMULATING,31.6,25.73,15.6,STRONG_TREND,BULLISH,2026-08-03
FLAIR,252.0,348.8,242.9,-27.75,3.75,256.41,270.24,299.57,-1.72,-6.75,-15.88,DOWNTREND,113174.0,40.9,BEARISH,-4.8777,-6.1619,1.2842,BULLISH,7.9827,3.17,266.41,246.4,256.41,27.97,7.8,MID_BAND,False,DISTRIBUTING,26.77,14.09,22.87,MODERATE_TREND,BEARISH,2026-08-03
FLUOROCHEM,4483.5,4653.2,2916.6,-3.65,53.72,4269.09,3960.27,3561.79,5.02,13.21,25.88,STRONG_UPTREND,193871.0,63.67,BULLISH,165.9023,172.2609,-6.3586,BEARISH,142.8093,3.19,4843.18,3695.0,4269.09,68.67,26.9,MID_BAND,False,ACCUMULATING,37.14,26.48,15.25,STRONG_TREND,BULLISH,2026-08-03
FMGOETZE,474.45,577.4,358.0,-17.83,32.53,473.94,454.92,448.52,0.11,4.29,5.78,STRONG_UPTREND,57896.0,53.83,NEUTRAL,5.9405,7.7602,-1.8197,BEARISH,13.4274,2.83,502.63,445.24,473.94,50.89,12.11,MID_BAND,False,ACCUMULATING,22.49,20.39,14.77,MODERATE_TREND,BULLISH,2026-08-03
FOODSIN,54.33,91.54,44.0,-40.65,23.48,57.63,56.74,62.93,-5.73,-4.25,-13.67,DOWNTREND,88029.0,40.9,BEARISH,-1.0031,-0.5174,-0.4857,BEARISH,2.4458,4.5,63.4,51.87,57.63,21.37,20.01,MID_BAND,False,DISTRIBUTING,20.02,12.01,18.75,MODERATE_TREND,BEARISH,2026-08-03
FORCEMOT,18494.0,26450.0,14911.0,-30.08,24.03,17881.5,18254.26,19648.15,3.43,1.31,-5.87,DOWNTREND,96669.0,56.11,BULLISH,-177.2182,-250.249,73.0308,BULLISH,609.6735,3.3,18797.63,16965.37,17881.5,83.43,10.25,MID_BAND,False,DISTRIBUTING,11.04,26.4,19.09,RANGING,BULLISH,2026-08-03
FORTIS,940.0,1104.3,766.8,-14.88,22.59,954.8,960.27,916.98,-1.55,-2.11,2.51,CONSOLIDATING,1076644.0,43.05,BEARISH,-4.8406,-3.2656,-1.575,BEARISH,20.0302,2.13,977.43,932.18,954.8,17.28,4.74,MID_BAND,False,DISTRIBUTING,9.71,25.52,19.29,RANGING,BULLISH,2026-08-03
FOSECOIND,5204.5,6846.0,4300.0,-23.98,21.03,5101.85,5079.51,4976.34,2.01,2.46,4.58,STRONG_UPTREND,1700.0,57.17,BULLISH,-10.1348,-10.4517,0.3168,BULLISH_CROSS,153.8189,2.96,5253.92,4949.78,5101.85,83.75,5.96,MID_BAND,False,ACCUMULATING,18.08,23.49,12.95,RANGING,BULLISH,2026-08-03
FRACTAL,803.45,1118.0,733.7,-28.14,9.51,835.25,908.5,,-3.81,-11.56,,INSUFFICIENT_DATA,411617.0,42.07,BEARISH,-30.3132,-28.2188,-2.0944,BEARISH,37.8957,4.72,908.26,762.24,835.25,28.22,17.48,MID_BAND,False,DISTRIBUTING,22.56,15.8,25.21,MODERATE_TREND,BEARISH,2026-08-03
FRONTSP,1381.4,1869.0,1309.1,-26.09,5.52,1389.75,1451.09,,-0.6,-4.8,,INSUFFICIENT_DATA,13485.0,47.34,NEUTRAL,-30.3222,-30.1614,-0.1607,BEARISH,53.9964,3.91,1470.18,1309.31,1389.75,44.81,11.58,MID_BAND,False,DISTRIBUTING,22.05,20.66,22.76,MODERATE_TREND,BEARISH,2026-08-03
FSL,324.35,381.4,202.0,-14.96,60.57,267.89,258.19,277.61,21.08,25.62,16.84,STRONG_UPTREND,4737446.0,80.96,OVERBOUGHT,13.8195,7.8282,5.9913,BULLISH,13.0532,4.02,310.76,225.01,267.89,115.85,32.01,NEAR_UPPER,False,ACCUMULATING,28.53,45.4,9.7,MODERATE_TREND,BULLISH,2026-08-03
FUSION,210.78,243.0,136.5,-13.26,54.42,221.07,197.53,179.18,-4.65,6.71,17.64,UPTREND,767762.0,49.59,NEUTRAL,1.577,5.2517,-3.6747,BEARISH,10.7344,5.09,241.23,200.92,221.07,24.47,18.23,MID_BAND,False,ACCUMULATING,25.46,22.94,22.81,MODERATE_TREND,BULLISH,2026-08-03
GABRIEL,1527.4,1542.0,795.7,-0.95,91.96,1362.2,1226.95,1057.95,12.13,24.49,44.37,STRONG_UPTREND,874795.0,68.43,BULLISH,66.7062,62.4365,4.2696,BULLISH_CROSS,65.7094,4.3,1533.88,1190.53,1362.2,98.11,25.21,NEAR_UPPER,False,ACCUMULATING,45.05,33.09,9.29,STRONG_TREND,BULLISH,2026-08-03
GAEL,180.68,182.0,101.2,-0.73,78.54,155.09,157.57,140.03,16.5,14.67,29.03,STRONG_UPTREND,2223852.0,72.3,OVERBOUGHT,3.5329,-0.1744,3.7073,BULLISH,6.7882,3.76,177.04,133.14,155.09,108.3,28.3,NEAR_UPPER,False,ACCUMULATING,31.68,35.31,12.25,STRONG_TREND,BULLISH,2026-08-03
GAIL,174.3,186.87,134.36,-6.73,29.73,173.19,171.8,166.31,0.64,1.46,4.8,STRONG_UPTREND,10575353.0,51.73,NEUTRAL,1.2093,0.9122,0.297,BULLISH,4.3944,2.52,178.31,168.06,173.19,60.84,5.92,MID_BAND,False,DISTRIBUTING,17.27,26.76,14.75,RANGING,BULLISH,2026-08-03
GALAPREC,1090.5,1260.0,671.2,-13.45,62.47,1151.6,1064.87,835.81,-5.31,2.41,30.47,UPTREND,44675.0,46.51,NEUTRAL,2.6418,21.9945,-19.3527,BEARISH,56.0837,5.14,1245.07,1058.13,1151.6,17.32,16.23,MID_BAND,False,DISTRIBUTING,25.84,22.27,21.39,MODERATE_TREND,BULLISH,2026-08-03
GALAXYSURF,1988.8,2456.9,1510.0,-19.05,31.71,1962.84,1895.6,1912.69,1.32,4.92,3.98,STRONG_UPTREND,8406.0,58.73,BULLISH,11.1397,14.5806,-3.4409,BEARISH,51.8106,2.61,2015.49,1910.19,1962.84,74.65,5.36,SQUEEZE,True,DISTRIBUTING,26.61,26.95,13.34,MODERATE_TREND,BULLISH,2026-08-03
GALLANTT,627.6,948.0,496.25,-33.8,26.47,622.23,657.17,624.09,0.86,-4.5,0.56,CONSOLIDATING,211453.0,49.85,NEUTRAL,-23.8034,-27.2601,3.4567,BULLISH_CROSS,31.5481,5.03,732.32,512.14,622.23,52.44,35.38,MID_BAND,False,DISTRIBUTING,19.07,31.45,28.02,RANGING,BULLISH,2026-08-03
GANDHAR,231.64,303.17,115.0,-23.59,101.43,222.88,189.99,153.45,3.93,21.92,50.95,STRONG_UPTREND,6673950.0,56.69,BULLISH,13.7344,16.4767,-2.7422,BEARISH,16.5002,7.12,274.7,171.05,222.88,58.45,46.51,MID_BAND,False,ACCUMULATING,52.2,33.15,22.1,STRONG_TREND,BULLISH,2026-08-03
GANDHITUBE,881.2,1031.8,681.05,-14.6,29.39,868.05,859.0,819.34,1.51,2.58,7.55,STRONG_UPTREND,4081.0,61.33,BULLISH,4.8906,4.0207,0.8699,BULLISH,13.8584,1.57,883.62,852.48,868.05,92.22,3.59,NEAR_UPPER,False,ACCUMULATING,21.18,19.22,11.12,MODERATE_TREND,BULLISH,2026-08-03
GANECOS,1156.6,1479.9,653.55,-21.85,76.97,1171.42,1027.26,929.67,-1.27,12.59,24.41,UPTREND,199812.0,55.29,BULLISH,47.3889,56.6101,-9.2212,BEARISH,52.6517,4.55,1259.68,1083.15,1171.42,41.61,15.07,MID_BAND,False,ACCUMULATING,42.94,19.36,17.46,STRONG_TREND,BULLISH,2026-08-03
GANESHCP,177.8,309.95,152.0,-42.64,16.97,178.88,191.98,206.8,-0.6,-7.39,-14.02,DOWNTREND,166526.0,45.98,NEUTRAL,-6.0618,-6.5067,0.4449,BULLISH_CROSS,7.6227,4.29,196.85,160.9,178.88,47.01,20.1,MID_BAND,False,DISTRIBUTING,35.36,19.31,21.97,STRONG_TREND,BEARISH,2026-08-03
GANESHHOU,778.15,899.7,500.0,-13.51,55.63,815.69,777.86,732.95,-4.6,0.04,6.17,UPTREND,184885.0,46.74,NEUTRAL,-5.7276,5.2826,-11.0102,BEARISH,36.9808,4.75,894.05,737.33,815.69,26.05,19.21,MID_BAND,False,DISTRIBUTING,24.07,20.46,21.41,MODERATE_TREND,BEARISH,2026-08-03
GANGESSECU,120.0,178.15,103.31,-32.64,16.16,116.65,119.52,128.15,2.87,0.4,-6.36,DOWNTREND,2055.0,56.1,BULLISH,-1.0374,-1.2617,0.2243,BULLISH_CROSS,4.2657,3.55,120.02,113.29,116.65,99.77,5.76,NEAR_UPPER,False,DISTRIBUTING,19.59,23.29,13.11,RANGING,BULLISH,2026-08-03
GARFIBRES,761.6,870.45,579.75,-12.51,31.37,745.75,716.74,674.62,2.13,6.26,12.89,STRONG_UPTREND,46191.0,57.47,BULLISH,6.234,10.0807,-3.8467,BEARISH,25.8046,3.39,787.35,704.14,745.75,69.05,11.16,MID_BAND,False,ACCUMULATING,20.53,24.85,17.64,MODERATE_TREND,BULLISH,2026-08-03
GARUDA,172.5,249.3,130.0,-30.81,32.69,175.15,173.92,182.16,-1.51,-0.82,-5.3,DOWNTREND,270172.0,47.12,NEUTRAL,-1.229,-0.5909,-0.6381,BEARISH,5.771,3.35,183.19,167.11,175.15,33.51,9.18,MID_BAND,False,DISTRIBUTING,19.7,22.71,18.15,RANGING,BULLISH,2026-08-03
GATECH,0.75,0.93,0.4,-19.35,87.5,0.51,0.51,0.52,47.06,47.06,44.23,STRONG_UPTREND,13313681.0,85.41,OVERBOUGHT,0.0349,0.0069,0.0279,BULLISH,0.0408,5.44,0.66,0.36,0.51,128.93,59.62,NEAR_UPPER,False,ACCUMULATING,36.08,51.8,4.36,STRONG_TREND,BULLISH,2026-08-03
GATECHDVR,0.53,0.67,0.36,-20.9,47.22,0.45,0.46,0.47,17.78,15.22,12.77,STRONG_UPTREND,1090002.0,72.98,OVERBOUGHT,0.0103,-0.0018,0.0121,BULLISH,0.0366,6.91,0.51,0.39,0.45,114.34,28.24,NEAR_UPPER,False,ACCUMULATING,35.84,30.72,10.47,STRONG_TREND,BULLISH,2026-08-03
GATEWAY,58.14,70.5,48.1,-17.53,20.87,58.39,58.37,58.28,-0.43,-0.39,-0.24,DOWNTREND,771158.0,48.38,NEUTRAL,-0.2621,-0.2101,-0.052,BEARISH,1.654,2.84,60.28,56.51,58.39,43.33,6.46,MID_BAND,False,DISTRIBUTING,11.16,20.28,15.04,RANGING,BULLISH,2026-08-03
GAYAHWS,2.0,3.02,1.79,-33.77,11.73,1.92,2.08,,4.17,-3.85,,INSUFFICIENT_DATA,281189.0,52.12,NEUTRAL,-0.0229,-0.0477,0.0248,BULLISH,0.15,7.5,2.04,1.8,1.92,84.83,12.43,MID_BAND,False,ACCUMULATING,19.54,15.57,8.84,RANGING,BULLISH,2026-08-03
GCSL,508.75,538.7,213.15,-5.56,138.68,511.66,460.34,,-0.57,10.52,,INSUFFICIENT_DATA,603306.0,56.7,BULLISH,18.0981,22.0311,-3.9329,BEARISH,17.0693,3.36,543.0,480.33,511.66,45.35,12.25,MID_BAND,False,ACCUMULATING,36.51,20.67,14.83,STRONG_TREND,BULLISH,2026-08-03
GEEKAYWIRE,23.21,40.62,18.51,-42.87,25.39,23.84,24.11,27.05,-2.64,-3.73,-14.2,DOWNTREND,66791.0,43.34,BEARISH,-0.4439,-0.3231,-0.1208,BEARISH,1.1843,5.1,25.2,22.47,23.84,26.95,11.44,MID_BAND,False,DISTRIBUTING,14.96,10.01,17.57,RANGING,BEARISH,2026-08-03
GEMAROMA,196.21,349.6,133.0,-43.88,47.53,190.15,190.2,,3.19,3.16,,INSUFFICIENT_DATA,1164581.0,56.4,BULLISH,-0.1679,-0.927,0.7591,BULLISH,9.4445,4.81,208.61,171.68,190.15,66.42,19.42,MID_BAND,False,ACCUMULATING,15.07,23.52,14.48,RANGING,BULLISH,2026-08-03
GENCON,39.62,59.96,36.35,-33.92,9.0,40.46,40.4,43.38,-2.08,-1.93,-8.67,DOWNTREND,272843.0,44.9,BEARISH,-0.3361,-0.235,-0.1011,BEARISH,1.8129,4.58,42.26,38.66,40.46,26.6,8.88,MID_BAND,False,DISTRIBUTING,10.98,15.25,14.86,RANGING,BULLISH,2026-08-03
GENESYS,298.75,647.9,198.05,-53.89,50.85,310.56,308.23,331.6,-3.8,-3.08,-9.91,DOWNTREND,275240.0,47.3,NEUTRAL,-9.6406,-4.8265,-4.8141,BEARISH,17.6069,5.89,355.93,265.18,310.56,36.99,29.22,MID_BAND,False,DISTRIBUTING,26.71,21.87,24.24,MODERATE_TREND,BEARISH,2026-08-03
GENUSPAPER,12.47,20.7,8.67,-39.76,43.83,11.82,12.08,12.76,5.5,3.23,-2.27,DOWNTREND,113834.0,56.77,BULLISH,0.0776,-0.0129,0.0905,BULLISH,0.6045,4.85,12.74,10.9,11.82,85.55,15.56,MID_BAND,False,DISTRIBUTING,22.51,25.53,11.8,MODERATE_TREND,BULLISH,2026-08-03
GENUSPOWER,316.0,378.0,210.4,-16.4,50.19,314.08,316.76,296.6,0.61,-0.24,6.54,CONSOLIDATING,2047602.0,50.62,NEUTRAL,-0.8017,-0.5638,-0.2379,BEARISH,10.7992,3.42,324.97,303.19,314.08,58.8,6.94,MID_BAND,False,ACCUMULATING,9.76,25.93,21.12,RANGING,BULLISH,2026-08-03
GEOJITFSL,77.52,85.39,50.86,-9.22,52.42,78.86,77.23,70.68,-1.7,0.38,9.68,UPTREND,376728.0,49.3,NEUTRAL,-0.4761,0.1264,-0.6025,BEARISH,2.8125,3.63,84.77,72.95,78.86,38.63,14.99,MID_BAND,False,DISTRIBUTING,22.37,14.57,22.3,MODERATE_TREND,BEARISH,2026-08-03
GESHIP,1398.4,1798.0,922.5,-22.22,51.59,1395.49,1435.78,1315.0,0.21,-2.6,6.34,CONSOLIDATING,409934.0,48.27,NEUTRAL,-16.4269,-16.0018,-0.4252,BEARISH,48.0631,3.44,1450.37,1340.6,1395.49,52.66,7.87,MID_BAND,False,ACCUMULATING,20.05,16.4,21.85,MODERATE_TREND,BEARISH,2026-08-03
GFLLIMITED,48.26,81.0,37.25,-40.42,29.56,45.98,46.4,50.45,4.96,4.01,-4.34,DOWNTREND,41806.0,62.34,BULLISH,0.2725,0.0034,0.2691,BULLISH,1.742,3.61,47.84,44.11,45.98,111.2,8.11,NEAR_UPPER,False,ACCUMULATING,12.86,16.13,10.15,RANGING,BULLISH,2026-08-03
GHCL,444.1,667.2,416.6,-33.44,6.6,434.82,438.92,504.1,2.13,1.18,-11.9,DOWNTREND,156059.0,56.27,BULLISH,0.0457,-1.5635,1.6092,BULLISH,9.9341,2.24,446.45,423.19,434.82,89.89,5.35,MID_BAND,False,ACCUMULATING,11.84,22.53,14.41,RANGING,BULLISH,2026-08-03
GHCLTEXTIL,114.36,124.9,65.26,-8.44,75.24,113.01,103.28,84.21,1.19,10.73,35.8,STRONG_UPTREND,1341287.0,57.39,BULLISH,3.7643,4.3802,-0.6159,BEARISH,5.8327,5.1,120.04,105.97,113.01,59.62,12.46,MID_BAND,False,DISTRIBUTING,38.8,17.07,12.55,STRONG_TREND,BULLISH,2026-08-03
GICHSGFIN,148.1,185.01,130.05,-19.95,13.88,149.36,152.66,158.14,-0.84,-2.99,-6.35,DOWNTREND,76782.0,41.71,BEARISH,-1.6611,-1.658,-0.0031,BEARISH,3.1357,2.12,152.75,145.98,149.36,31.33,4.53,SQUEEZE,True,DISTRIBUTING,13.96,22.84,20.81,RANGING,BULLISH,2026-08-03
GICL,17.83,43.93,15.61,-59.41,14.22,16.92,22.57,,5.38,-21.0,,INSUFFICIENT_DATA,177905.0,44.35,BEARISH,-1.3875,-1.96,0.5725,BULLISH,1.1014,6.18,18.03,15.81,16.92,91.0,13.1,NEAR_UPPER,True,DISTRIBUTING,40.72,17.54,24.09,STRONG_TREND,BEARISH,2026-08-03
GICRE,358.05,417.95,346.7,-14.33,3.27,360.91,368.78,377.43,-0.79,-2.91,-5.13,DOWNTREND,517181.0,43.01,BEARISH,-2.9477,-3.0914,0.1437,BULLISH,6.0167,1.68,367.54,354.29,360.91,28.39,3.67,MID_BAND,False,ACCUMULATING,13.62,17.78,17.92,RANGING,BEARISH,2026-08-03
GILLANDERS,88.66,131.89,76.0,-32.78,16.66,88.86,89.94,96.1,-0.23,-1.42,-7.74,DOWNTREND,3417.0,48.16,NEUTRAL,-0.5051,-0.61,0.105,BULLISH,3.5735,4.03,90.93,86.79,88.86,45.22,4.66,MID_BAND,False,DISTRIBUTING,22.29,17.16,12.79,MODERATE_TREND,BULLISH,2026-08-03
GILLETTE,7719.0,10740.0,7206.0,-28.13,7.12,7813.1,7794.31,8076.49,-1.2,-0.97,-4.43,DOWNTREND,20331.0,46.59,NEUTRAL,-9.176,8.7247,-17.9006,BEARISH,171.3854,2.22,7969.16,7657.04,7813.1,19.85,3.99,MID_BAND,False,ACCUMULATING,13.29,17.44,20.21,RANGING,BEARISH,2026-08-03
GIPCL,161.48,202.05,119.9,-20.08,34.68,161.81,162.06,152.56,-0.2,-0.36,5.85,CONSOLIDATING,285183.0,50.42,NEUTRAL,0.0994,0.1895,-0.0901,BEARISH,4.0683,2.52,167.48,156.15,161.81,47.07,7.0,MID_BAND,False,ACCUMULATING,12.86,20.97,16.74,RANGING,BULLISH,2026-08-03
GKENERGY,131.17,239.6,87.2,-45.25,50.42,138.54,138.32,136.1,-5.32,-5.17,-3.62,DOWNTREND,587672.0,40.57,BEARISH,-2.4451,-1.1418,-1.3033,BEARISH,5.5088,4.2,149.11,127.97,138.54,15.13,15.26,MID_BAND,False,ACCUMULATING,16.75,18.61,27.1,RANGING,BEARISH,2026-08-03
GKSL,127.74,148.34,98.36,-13.89,29.87,128.98,130.26,,-0.96,-1.93,,INSUFFICIENT_DATA,287041.0,46.21,NEUTRAL,-0.7806,-0.6467,-0.1339,BEARISH,4.0422,3.16,133.34,124.62,128.98,35.81,6.76,MID_BAND,False,DISTRIBUTING,31.02,17.34,8.21,STRONG_TREND,BULLISH,2026-08-03
GKWLIMITED,1660.2,1985.4,1375.0,-16.38,20.74,1686.06,1734.43,1682.49,-1.53,-4.28,-1.32,DOWNTREND,450.0,44.89,BEARISH,-31.3438,-27.8323,-3.5115,BEARISH,59.1931,3.57,1794.99,1577.13,1686.06,38.13,12.92,MID_BAND,False,DISTRIBUTING,16.97,13.7,14.63,RANGING,BEARISH,2026-08-03
GLAND,2579.2,2586.0,1573.6,-0.26,63.9,2476.2,2370.6,1925.79,4.16,8.8,33.93,STRONG_UPTREND,487826.0,63.64,BULLISH,44.3192,42.7351,1.5841,BULLISH_CROSS,79.6283,3.09,2581.73,2370.67,2476.2,98.8,8.52,NEAR_UPPER,False,ACCUMULATING,34.42,27.68,10.07,STRONG_TREND,BULLISH,2026-08-03
GLAXO,2662.3,2883.4,2088.1,-7.67,27.5,2515.75,2369.41,2440.83,5.83,12.36,9.07,STRONG_UPTREND,73958.0,71.23,OVERBOUGHT,73.4113,61.966,11.4453,BULLISH,67.2676,2.53,2682.07,2349.43,2515.75,94.06,13.22,NEAR_UPPER,False,ACCUMULATING,38.81,30.08,9.85,STRONG_TREND,BULLISH,2026-08-03
GLENMARK,2230.0,2474.0,1792.6,-9.86,24.4,2242.0,2221.66,2109.74,-0.54,0.38,5.7,UPTREND,575340.0,50.4,NEUTRAL,-3.1244,-1.205,-1.9194,BEARISH,60.8409,2.73,2321.62,2162.38,2242.0,42.46,7.1,MID_BAND,False,ACCUMULATING,14.41,13.23,17.89,RANGING,BEARISH,2026-08-03
GLOBAL,101.36,121.9,55.3,-16.85,83.29,102.06,103.43,,-0.69,-2.0,,INSUFFICIENT_DATA,33898.0,46.39,NEUTRAL,-0.1369,-0.2758,0.139,BULLISH,3.7003,3.65,104.96,99.16,102.06,37.94,5.68,MID_BAND,False,ACCUMULATING,10.14,18.19,17.7,RANGING,BULLISH,2026-08-03
GLOBALVECT,165.1,248.0,129.0,-33.43,27.98,157.71,161.25,178.06,4.69,2.39,-7.28,DOWNTREND,22522.0,57.99,BULLISH,0.8907,-0.9449,1.8356,BULLISH,8.451,5.12,170.23,145.19,157.71,79.51,15.88,MID_BAND,False,ACCUMULATING,28.47,28.51,11.35,MODERATE_TREND,BULLISH,2026-08-03
GLOBE,2.1,3.29,1.86,-36.17,12.9,2.14,2.22,2.51,-1.87,-5.41,-16.33,DOWNTREND,293055.0,36.33,BEARISH,-0.0319,-0.033,0.0012,BULLISH,0.0963,4.59,2.19,2.1,2.14,4.96,4.4,NEAR_LOWER,False,ACCUMULATING,65.88,6.11,32.5,STRONG_TREND,BEARISH,2026-08-03
GLOBECIVIL,39.93,85.3,33.5,-53.19,19.19,43.94,43.93,,-9.13,-9.11,,INSUFFICIENT_DATA,86251.0,40.16,BEARISH,-0.949,-0.2033,-0.7457,BEARISH,2.9899,7.49,51.42,36.46,43.94,23.2,34.04,MID_BAND,False,ACCUMULATING,28.09,15.13,25.0,MODERATE_TREND,BEARISH,2026-08-03
GLOBUSSPR,900.85,1264.5,800.05,-28.76,12.6,906.98,887.98,957.93,-0.68,1.45,-5.96,DOWNTREND,160479.0,50.75,NEUTRAL,-5.305,-2.2889,-3.0161,BEARISH,29.0559,3.23,971.83,842.12,906.98,45.28,14.3,MID_BAND,False,DISTRIBUTING,17.13,20.7,20.12,RANGING,BULLISH,2026-08-03
GLOSTERLTD,668.6,756.45,495.0,-11.61,35.07,666.54,680.0,623.34,0.31,-1.68,7.26,CONSOLIDATING,2501.0,47.99,NEUTRAL,-3.4676,-2.3665,-1.1011,BEARISH,26.3762,3.94,695.85,637.23,666.54,53.51,8.79,SQUEEZE,True,ACCUMULATING,19.52,14.5,21.99,RANGING,BEARISH,2026-08-03
GMBREW,896.2,1328.8,666.05,-32.56,34.55,917.36,920.76,1003.66,-2.31,-2.67,-10.71,DOWNTREND,102780.0,40.63,BEARISH,-9.688,-7.4784,-2.2096,BEARISH,21.9013,2.44,966.04,868.68,917.36,28.27,10.61,SQUEEZE,True,ACCUMULATING,11.06,17.2,17.93,RANGING,BEARISH,2026-08-03
GMDCLTD,561.0,771.9,400.0,-27.32,40.25,575.2,607.27,590.5,-2.47,-7.62,-5.0,DOWNTREND,926596.0,39.84,BEARISH,-12.5818,-13.1222,0.5404,BULLISH,17.6944,3.15,601.2,549.2,575.2,22.69,9.04,MID_BAND,False,DISTRIBUTING,24.17,13.97,23.68,MODERATE_TREND,BEARISH,2026-08-03
GMMPFAUDLR,858.45,1324.7,735.0,-35.2,16.8,799.42,790.54,948.14,7.38,8.59,-9.46,DOWNTREND,93255.0,65.99,BULLISH,12.7367,5.3744,7.3622,BULLISH,25.4066,2.96,857.2,741.65,799.42,101.08,14.45,NEAR_UPPER,False,ACCUMULATING,20.0,30.19,12.57,MODERATE_TREND,BULLISH,2026-08-03
GMRAIRPORT,105.55,115.64,84.11,-8.73,25.49,109.89,106.81,99.76,-3.95,-1.18,5.8,CONSOLIDATING,15921054.0,41.67,BEARISH,-0.7156,0.255,-0.9706,BEARISH,2.4844,2.35,116.24,103.54,109.89,15.83,11.56,MID_BAND,False,DISTRIBUTING,21.81,16.39,28.42,MODERATE_TREND,BEARISH,2026-08-03
GMRP&UI,97.18,136.95,89.0,-29.04,9.19,98.46,102.09,107.9,-1.3,-4.81,-9.94,DOWNTREND,783261.0,42.96,BEARISH,-1.0511,-1.2826,0.2316,BULLISH,2.6412,2.72,101.14,95.78,98.46,26.19,5.45,MID_BAND,False,DISTRIBUTING,11.76,20.3,20.6,RANGING,BEARISH,2026-08-03
GNA,537.2,601.65,291.8,-10.71,84.1,518.49,446.57,389.2,3.61,20.29,38.03,STRONG_UPTREND,823362.0,62.41,BULLISH,22.473,25.3746,-2.9016,BEARISH,27.5159,5.12,586.63,450.35,518.49,63.73,26.28,SQUEEZE,True,ACCUMULATING,44.17,26.58,12.27,STRONG_TREND,BULLISH,2026-08-03
GNFC,516.1,616.0,365.0,-16.22,41.4,507.57,517.84,481.81,1.68,-0.34,7.12,CONSOLIDATING,310223.0,51.05,NEUTRAL,-0.6848,-2.4032,1.7184,BULLISH,14.2853,2.77,525.17,489.97,507.57,74.22,6.94,MID_BAND,False,ACCUMULATING,11.76,21.16,19.71,RANGING,BULLISH,2026-08-03
GNRL,93.23,120.9,83.2,-22.89,12.06,97.14,96.25,,-4.03,-3.14,,INSUFFICIENT_DATA,125899.0,43.35,BEARISH,-1.3913,-0.8324,-0.5589,BEARISH,4.2295,4.54,105.49,88.78,97.14,26.63,17.2,SQUEEZE,True,DISTRIBUTING,17.82,19.36,22.27,RANGING,BEARISH,2026-08-03
GOACARBON,382.7,494.9,272.85,-22.67,40.26,383.04,390.94,381.87,-0.09,-2.11,0.22,CONSOLIDATING,26874.0,49.11,NEUTRAL,-3.3487,-4.1007,0.752,BULLISH,15.9916,4.18,409.46,356.63,383.05,49.35,13.79,MID_BAND,False,ACCUMULATING,13.85,18.44,15.88,RANGING,BULLISH,2026-08-03
GOCLCORP,416.15,459.9,223.35,-9.51,86.32,399.31,400.93,317.39,4.22,3.8,31.12,STRONG_UPTREND,60248.0,61.24,BULLISH,0.3504,0.1416,0.2088,BULLISH_CROSS,13.4663,3.24,415.54,383.09,399.31,101.89,8.12,NEAR_UPPER,False,DISTRIBUTING,16.35,27.76,19.19,RANGING,BULLISH,2026-08-03
GOCOLORS,323.8,760.9,237.05,-57.45,36.6,335.89,353.73,378.85,-3.6,-8.46,-14.53,DOWNTREND,443578.0,43.8,BEARISH,-7.3112,-6.1303,-1.1809,BEARISH,18.9652,5.86,360.03,311.74,335.89,24.97,14.38,MID_BAND,False,ACCUMULATING,16.07,24.05,21.21,RANGING,BULLISH,2026-08-03
GODAVARIB,260.65,353.0,227.42,-26.16,14.61,267.2,276.55,281.58,-2.45,-5.75,-7.43,DOWNTREND,99077.0,40.07,BEARISH,-3.6365,-3.5496,-0.0869,BEARISH_CROSS,9.6456,3.7,280.64,253.77,267.21,25.61,10.06,MID_BAND,False,DISTRIBUTING,13.66,16.42,22.59,RANGING,BEARISH,2026-08-03
GODFRYPHLP,2247.0,3947.0,1832.1,-43.07,22.65,2112.91,2189.9,2323.41,6.35,2.61,-3.29,DOWNTREND,510871.0,58.54,BULLISH,-8.8967,-24.4498,15.5531,BULLISH,77.467,3.45,2213.46,2012.36,2112.91,116.68,9.52,NEAR_UPPER,False,ACCUMULATING,18.93,32.23,19.3,RANGING,BULLISH,2026-08-03
GODIGIT,262.75,381.4,244.2,-31.11,7.6,280.8,296.43,323.79,-6.43,-11.36,-18.85,DOWNTREND,959854.0,37.15,BEARISH,-13.8239,-11.5459,-2.278,BEARISH,10.1682,3.87,325.27,236.33,280.8,29.71,31.67,MID_BAND,False,DISTRIBUTING,32.33,16.61,27.2,STRONG_TREND,BEARISH,2026-08-03
GODREJAGRO,565.05,811.65,506.1,-30.38,11.65,566.28,568.74,579.81,-0.22,-0.65,-2.55,DOWNTREND,103810.0,48.9,NEUTRAL,-1.006,-0.3247,-0.6814,BEARISH,11.4044,2.02,580.44,552.13,566.28,45.65,5.0,MID_BAND,False,ACCUMULATING,13.17,19.81,21.43,RANGING,BEARISH,2026-08-03
GODREJCP,1085.9,1309.0,967.05,-17.04,12.29,1070.61,1043.54,1110.07,1.43,4.06,-2.18,DOWNTREND,494042.0,58.85,BULLISH,7.5126,7.3946,0.118,BULLISH_CROSS,24.1426,2.22,1094.75,1046.47,1070.61,81.67,4.51,MID_BAND,False,DISTRIBUTING,12.39,24.94,17.31,RANGING,BULLISH,2026-08-03
GODREJIND,1337.1,1443.0,744.2,-7.34,79.67,1325.8,1195.47,1042.91,0.85,11.85,28.21,STRONG_UPTREND,275274.0,59.88,BULLISH,36.048,47.3883,-11.3403,BEARISH,45.2277,3.38,1436.92,1214.69,1325.8,55.08,16.76,SQUEEZE,True,ACCUMULATING,45.48,27.49,15.96,STRONG_TREND,BULLISH,2026-08-03
GODREJPROP,2089.7,2352.0,1434.0,-11.15,45.73,2093.19,1908.92,1866.76,-0.17,9.47,11.94,UPTREND,785374.0,56.09,BULLISH,53.2199,64.4518,-11.2319,BEARISH,63.6192,3.04,2191.08,1995.3,2093.19,48.22,9.35,SQUEEZE,True,ACCUMULATING,26.44,24.02,23.67,MODERATE_TREND,BULLISH,2026-08-03
GOKEX,816.8,954.9,531.0,-14.46,53.82,826.07,783.88,739.92,-1.12,4.2,10.39,UPTREND,275461.0,50.57,NEUTRAL,4.4902,10.0155,-5.5253,BEARISH,28.144,3.45,859.43,792.71,826.07,36.11,8.08,MID_BAND,False,DISTRIBUTING,16.69,22.68,19.59,RANGING,BULLISH,2026-08-03
GOKUL,39.43,45.89,31.0,-14.08,27.19,40.01,40.91,39.51,-1.45,-3.62,-0.2,DOWNTREND,150417.0,44.52,BEARISH,-0.5473,-0.4919,-0.0554,BEARISH,1.3848,3.51,41.78,38.23,40.01,33.74,8.87,MID_BAND,False,DISTRIBUTING,18.63,15.15,13.44,RANGING,BULLISH,2026-08-03
GOKULAGRO,231.58,249.92,149.03,-7.34,55.4,214.87,220.36,196.23,7.78,5.09,18.01,STRONG_UPTREND,573259.0,67.33,BULLISH,1.7239,-0.8194,2.5433,BULLISH,8.6985,3.76,228.03,201.72,214.87,113.49,12.25,NEAR_UPPER,False,ACCUMULATING,20.77,32.59,13.55,MODERATE_TREND,BULLISH,2026-08-03
GOLDIAM,362.95,393.65,198.75,-7.8,82.62,351.64,341.15,285.35,3.22,6.39,27.19,STRONG_UPTREND,1475155.0,55.87,BULLISH,6.4208,5.347,1.0738,BULLISH,17.9531,4.95,384.29,318.99,351.64,67.32,18.57,MID_BAND,False,DISTRIBUTING,17.3,26.12,15.49,RANGING,BULLISH,2026-08-03
GOODLUCK,1507.2,1672.1,915.0,-9.86,64.72,1537.37,1443.78,1218.07,-1.96,4.39,23.74,UPTREND,163415.0,50.78,NEUTRAL,16.9933,29.1773,-12.1839,BEARISH,51.0445,3.39,1616.42,1458.32,1537.37,30.92,10.28,SQUEEZE,True,ACCUMULATING,23.61,20.68,18.58,MODERATE_TREND,BULLISH,2026-08-03
GOODYEAR,857.15,862.95,711.25,-0.67,20.51,811.4,773.94,,5.64,10.75,,INSUFFICIENT_DATA,15650.0,79.15,OVERBOUGHT,17.8681,16.1797,1.6884,BULLISH,19.2791,2.25,857.11,765.7,811.4,100.05,11.27,NEAR_UPPER,False,ACCUMULATING,40.87,33.11,12.33,STRONG_TREND,BULLISH,2026-08-03
GOPAL,278.9,398.0,247.55,-29.92,12.66,265.16,277.08,297.18,5.18,0.66,-6.15,DOWNTREND,105409.0,64.05,BULLISH,-2.2913,-4.4989,2.2076,BULLISH,7.947,2.85,275.49,254.82,265.16,116.49,7.8,NEAR_UPPER,False,DISTRIBUTING,17.37,31.32,9.99,RANGING,BULLISH,2026-08-03
GOYALALUM,6.58,11.37,6.0,-42.13,9.67,6.6,6.76,,-0.3,-2.66,,INSUFFICIENT_DATA,64695.0,46.5,NEUTRAL,-0.081,-0.085,0.004,BULLISH_CROSS,0.2851,4.33,6.81,6.39,6.6,44.59,6.3,SQUEEZE,True,DISTRIBUTING,45.33,5.26,23.79,STRONG_TREND,BEARISH,2026-08-03
GPIL,244.37,320.0,195.02,-23.63,25.31,246.98,263.19,265.36,-1.06,-7.15,-7.91,DOWNTREND,1311866.0,42.28,BEARISH,-5.2406,-6.378,1.1374,BULLISH,7.7715,3.18,257.16,236.81,246.98,37.16,8.24,SQUEEZE,True,DISTRIBUTING,33.54,14.35,23.56,STRONG_TREND,BEARISH,2026-08-03
GPPL,151.37,200.09,141.55,-24.35,6.94,150.84,153.29,164.85,0.35,-1.25,-8.18,DOWNTREND,1016012.0,50.17,NEUTRAL,-0.9413,-1.1473,0.206,BULLISH,2.964,1.96,155.05,146.63,150.84,56.32,5.58,MID_BAND,False,ACCUMULATING,11.71,22.86,14.6,RANGING,BULLISH,2026-08-03
GPTHEALTH,163.94,175.0,115.0,-6.32,42.56,158.27,152.02,139.06,3.58,7.84,17.89,STRONG_UPTREND,212159.0,58.7,BULLISH,4.3884,3.4723,0.9161,BULLISH,5.9373,3.62,171.13,145.42,158.27,72.03,16.25,MID_BAND,False,ACCUMULATING,27.25,27.4,11.88,MODERATE_TREND,BULLISH,2026-08-03
GPTINFRA,114.02,150.0,96.22,-23.99,18.5,119.74,120.83,112.7,-4.78,-5.64,1.17,CONSOLIDATING,122081.0,38.65,BEARISH,-1.3002,-0.9561,-0.3441,BEARISH,4.6717,4.1,126.17,113.3,119.74,5.56,10.75,NEAR_LOWER,False,DISTRIBUTING,17.35,16.4,26.19,RANGING,BEARISH,2026-08-03
GRANDOAK,36.59,55.76,24.0,-34.38,52.46,41.25,38.66,,-11.3,-5.35,,INSUFFICIENT_DATA,14556.0,43.27,BEARISH,-1.6762,-0.6508,-1.0255,BEARISH,2.7381,7.48,51.42,31.07,41.25,27.12,49.33,MID_BAND,False,DISTRIBUTING,19.62,23.61,32.29,RANGING,BEARISH,2026-08-03
GRANULES,843.2,910.0,440.0,-7.34,91.64,864.67,814.85,658.41,-2.48,3.48,28.07,UPTREND,1188387.0,51.16,NEUTRAL,5.4148,13.556,-8.1413,BEARISH,27.0266,3.21,914.31,815.03,864.67,28.37,11.48,MID_BAND,False,DISTRIBUTING,24.17,14.32,19.71,MODERATE_TREND,BEARISH,2026-08-03
GRAPHITE,657.95,802.4,505.8,-18.0,30.08,636.98,655.57,640.57,3.29,0.36,2.71,STRONG_UPTREND,1386596.0,53.77,NEUTRAL,5.1528,0.893,4.2598,BULLISH,23.4624,3.57,691.58,582.38,636.98,69.2,17.14,MID_BAND,False,ACCUMULATING,23.84,27.42,15.37,MODERATE_TREND,BULLISH,2026-08-03
GRASIM,3260.0,3260.0,2502.5,0.0,30.27,3137.85,3133.37,2876.67,3.89,4.04,13.33,STRONG_UPTREND,506899.0,64.9,BULLISH,8.0681,3.9855,4.0826,BULLISH_CROSS,59.7385,1.83,3234.65,3041.05,3137.85,113.1,6.17,NEAR_UPPER,False,DISTRIBUTING,11.69,33.76,18.43,RANGING,BULLISH,2026-08-03
GRAUWEIL,78.76,87.4,62.09,-9.89,26.85,77.08,75.57,,2.18,4.22,,INSUFFICIENT_DATA,256000.0,56.55,BULLISH,0.096,0.1244,-0.0284,BEARISH,3.2017,4.07,81.55,72.61,77.08,68.74,11.6,MID_BAND,False,ACCUMULATING,16.32,22.31,17.28,RANGING,BULLISH,2026-08-03
GRAVISSHO,30.99,35.6,25.2,-12.95,22.98,30.14,29.61,,2.82,4.66,,INSUFFICIENT_DATA,2730.0,55.63,BULLISH,0.3024,0.2142,0.0881,BULLISH,1.4747,4.76,31.48,28.79,30.14,81.76,8.91,SQUEEZE,True,DISTRIBUTING,45.0,19.18,12.38,STRONG_TREND,BULLISH,2026-08-03
GRAVITA,1663.9,1913.6,1266.9,-13.05,31.34,1758.33,1696.92,1659.86,-5.37,-1.95,0.24,CONSOLIDATING,368203.0,44.14,BEARISH,-20.9592,3.9273,-24.8865,BEARISH,62.5905,3.76,1932.05,1584.6,1758.33,22.82,19.76,MID_BAND,False,DISTRIBUTING,22.2,16.45,31.3,MODERATE_TREND,BEARISH,2026-08-03
GREAVESCOT,232.67,271.9,119.99,-14.43,93.91,243.99,215.34,182.43,-4.64,8.05,27.54,UPTREND,2792066.0,49.64,NEUTRAL,5.458,9.2626,-3.8045,BEARISH,10.3319,4.44,268.25,219.73,243.99,26.67,19.89,MID_BAND,False,ACCUMULATING,35.45,24.03,18.53,STRONG_TREND,BULLISH,2026-08-03
GREENLAM,251.7,278.63,197.59,-9.67,27.38,252.43,248.92,241.57,-0.29,1.12,4.19,UPTREND,88877.0,50.06,NEUTRAL,0.4147,0.7616,-0.3469,BEARISH,8.761,3.48,261.72,243.13,252.43,46.09,7.36,MID_BAND,False,ACCUMULATING,29.99,27.75,13.65,MODERATE_TREND,BULLISH,2026-08-03
GREENPANEL,196.72,333.8,163.01,-41.07,20.68,194.54,193.11,215.49,1.12,1.87,-8.71,DOWNTREND,167858.0,54.2,NEUTRAL,-0.0258,0.0043,-0.0301,BEARISH,6.2778,3.19,201.75,187.32,194.54,65.14,7.42,MID_BAND,False,ACCUMULATING,17.05,20.65,13.82,RANGING,BULLISH,2026-08-03
GREENPLY,287.4,334.4,176.42,-14.06,62.91,307.84,294.3,257.27,-6.64,-2.34,11.71,CONSOLIDATING,276658.0,40.38,BEARISH,-3.239,1.7529,-4.9919,BEARISH,11.714,4.08,338.99,276.7,307.85,17.18,20.23,MID_BAND,False,DISTRIBUTING,31.33,21.84,21.7,STRONG_TREND,BULLISH,2026-08-03
GREENPOWER,10.08,15.04,7.98,-32.98,26.32,10.07,10.64,11.01,0.1,-5.26,-8.45,DOWNTREND,2074561.0,45.31,NEUTRAL,-0.1843,-0.2081,0.0237,BULLISH,0.313,3.11,10.41,9.73,10.07,51.33,6.73,SQUEEZE,True,DISTRIBUTING,26.81,20.07,29.24,MODERATE_TREND,BEARISH,2026-08-03
GRINDWELL,2087.8,2455.0,1329.0,-14.96,57.1,2071.37,2035.72,1698.62,0.79,2.56,22.91,STRONG_UPTREND,134531.0,51.71,NEUTRAL,12.8494,14.7034,-1.854,BEARISH,91.988,4.41,2240.06,1902.68,2071.37,54.87,16.29,MID_BAND,False,DISTRIBUTING,40.95,27.1,14.13,STRONG_TREND,BULLISH,2026-08-03
GRINFRA,907.0,1345.0,785.0,-32.57,15.54,891.52,898.27,953.73,1.74,0.97,-4.9,DOWNTREND,15718.0,53.76,NEUTRAL,-4.8514,-5.9758,1.1244,BULLISH_CROSS,24.0665,2.65,920.66,862.39,891.52,76.56,6.53,MID_BAND,False,DISTRIBUTING,9.92,22.91,16.54,RANGING,BULLISH,2026-08-03
GRMOVER,94.88,185.45,81.95,-48.84,15.78,92.59,106.05,146.31,2.47,-10.53,-35.15,DOWNTREND,864097.0,48.45,NEUTRAL,-3.9111,-5.2023,1.2912,BULLISH,4.2153,4.44,99.33,85.84,92.59,67.0,14.57,MID_BAND,False,DISTRIBUTING,39.28,16.59,23.5,STRONG_TREND,BEARISH,2026-08-03
GROBTEA,918.05,1236.2,805.0,-25.74,14.04,910.25,908.89,944.84,0.86,1.01,-2.84,DOWNTREND,156.0,52.09,NEUTRAL,-0.0768,-0.7658,0.689,BULLISH,28.8075,3.14,938.6,881.9,910.25,63.76,6.23,MID_BAND,False,DISTRIBUTING,30.78,30.75,18.89,STRONG_TREND,BULLISH,2026-08-03
GROWW,192.6,227.2,112.0,-15.23,71.96,200.81,197.89,,-4.09,-2.67,,INSUFFICIENT_DATA,34475141.0,42.06,BEARISH,-1.5972,0.0697,-1.6669,BEARISH,6.6059,3.43,214.25,187.36,200.81,19.48,13.39,MID_BAND,False,ACCUMULATING,15.1,16.82,20.34,RANGING,BEARISH,2026-08-03
GRPLTD,2028.7,2491.0,1500.0,-18.56,35.25,1945.6,1857.39,1834.77,4.27,9.22,10.57,STRONG_UPTREND,3586.0,58.98,BULLISH,52.3358,41.7291,10.6068,BULLISH,83.2251,4.1,2089.85,1801.36,1945.61,78.8,14.83,MID_BAND,False,ACCUMULATING,23.71,22.48,11.91,MODERATE_TREND,BULLISH,2026-08-03
GRSE,2582.7,3339.0,1963.7,-22.65,31.52,2610.92,2662.39,2562.86,-1.08,-2.99,0.77,CONSOLIDATING,356539.0,44.07,BEARISH,-25.3502,-26.7191,1.3689,BULLISH,64.4791,2.5,2678.65,2543.19,2610.92,29.17,5.19,MID_BAND,False,DISTRIBUTING,9.16,20.14,18.9,RANGING,BULLISH,2026-08-03
GRWRHITECH,7182.0,7249.0,2681.0,-0.92,167.89,6971.57,6579.01,4496.91,3.02,9.17,59.71,STRONG_UPTREND,44805.0,62.02,BULLISH,144.8584,160.5919,-15.7335,BEARISH,243.6343,3.39,7209.23,6733.92,6971.57,94.27,6.82,NEAR_UPPER,False,DISTRIBUTING,20.94,23.62,18.16,MODERATE_TREND,BULLISH,2026-08-03
GSFC,160.81,220.59,138.83,-27.1,15.83,159.27,162.1,170.55,0.97,-0.8,-5.71,DOWNTREND,443143.0,51.66,NEUTRAL,-0.8815,-1.3315,0.45,BULLISH,3.2141,2.0,163.31,155.23,159.27,69.05,5.07,MID_BAND,False,DISTRIBUTING,12.7,23.78,20.54,RANGING,BULLISH,2026-08-03
GSLSU,27.69,139.67,23.06,-80.17,20.08,30.63,41.71,,-9.6,-33.61,,INSUFFICIENT_DATA,224638.0,33.04,BEARISH,-4.2677,-4.8681,0.6005,BULLISH,2.4719,8.93,41.29,19.96,30.63,36.23,69.65,MID_BAND,False,DISTRIBUTING,49.14,15.81,30.98,STRONG_TREND,BEARISH,2026-08-03
GSPCROP,587.85,594.0,328.0,-1.04,79.22,496.52,456.77,,18.39,28.7,,INSUFFICIENT_DATA,476942.0,76.99,OVERBOUGHT,41.8486,32.0764,9.7722,BULLISH,26.3002,4.47,633.74,359.29,496.52,83.28,55.27,MID_BAND,False,ACCUMULATING,46.27,30.21,5.34,STRONG_TREND,BULLISH,2026-08-03
GSS,13.79,33.97,8.68,-59.41,58.87,13.35,12.45,,3.3,10.76,,INSUFFICIENT_DATA,121298.0,57.86,BULLISH,0.0694,0.1036,-0.0342,BEARISH,1.0479,7.6,16.27,10.43,13.35,57.55,43.75,SQUEEZE,True,ACCUMULATING,23.26,26.94,18.4,MODERATE_TREND,BULLISH,2026-08-03
GTL,7.44,11.26,4.91,-33.93,51.53,7.27,7.65,7.79,2.34,-2.75,-4.49,DOWNTREND,199964.0,52.18,NEUTRAL,-0.0862,-0.1202,0.034,BULLISH,0.2808,3.77,7.47,7.06,7.27,93.43,5.53,NEAR_UPPER,False,DISTRIBUTING,20.27,23.91,12.17,MODERATE_TREND,BULLISH,2026-08-03
GTLINFRA,1.31,1.67,0.96,-21.56,36.46,1.26,1.37,1.25,3.97,-4.38,4.8,CONSOLIDATING,40510137.0,54.14,NEUTRAL,-0.0373,-0.0448,0.0075,BULLISH_CROSS,0.0533,4.07,1.35,1.17,1.26,78.62,14.3,MID_BAND,False,DISTRIBUTING,29.12,21.82,18.68,MODERATE_TREND,BULLISH,2026-08-03
GTPL,59.95,120.38,55.01,-50.2,8.98,61.06,62.56,75.98,-1.82,-4.17,-21.1,DOWNTREND,45981.0,44.01,BEARISH,-0.7229,-0.6366,-0.0863,BEARISH,2.35,3.92,64.44,57.68,61.06,33.62,11.08,MID_BAND,False,DISTRIBUTING,14.35,14.38,16.28,RANGING,BEARISH,2026-08-03
GUFICBIO,390.5,448.0,268.0,-12.83,45.71,387.78,372.56,326.43,0.7,4.82,19.63,STRONG_UPTREND,88679.0,55.55,BULLISH,4.2563,5.7989,-1.5427,BEARISH,14.9418,3.83,401.8,373.76,387.78,59.7,7.23,SQUEEZE,True,ACCUMULATING,28.38,23.38,15.83,MODERATE_TREND,BULLISH,2026-08-03
GUJALKALI,697.25,815.0,409.15,-14.45,70.41,631.18,639.27,573.7,10.47,9.07,21.54,STRONG_UPTREND,147794.0,65.08,BULLISH,16.2564,7.1387,9.1177,BULLISH,28.6918,4.11,717.32,545.05,631.19,88.35,27.29,MID_BAND,False,ACCUMULATING,30.65,36.49,12.34,STRONG_TREND,BULLISH,2026-08-03
GUJAPOLLO,364.0,556.0,336.6,-34.53,8.14,353.01,365.73,,3.11,-0.47,,INSUFFICIENT_DATA,11439.0,54.05,NEUTRAL,-4.1093,-5.5366,1.4273,BULLISH,15.6419,4.3,371.25,334.76,353.01,80.12,10.34,MID_BAND,False,ACCUMULATING,18.6,28.62,17.18,RANGING,BULLISH,2026-08-03
GUJENERGY,277.55,351.15,261.25,-20.96,6.24,,,,,,,INSUFFICIENT_DATA,952156.0,,,,,,,,,,,,,,,False,,,,,,,2026-08-03
GUJRAFFIA,39.59,78.18,35.1,-49.36,12.79,39.54,41.06,,0.13,-3.58,,INSUFFICIENT_DATA,3107.0,48.22,NEUTRAL,-0.2458,-0.3355,0.0897,BULLISH,1.9553,4.94,40.85,38.23,39.54,51.97,6.62,MID_BAND,False,DISTRIBUTING,14.26,14.93,14.23,RANGING,BULLISH,2026-08-03
GUJTHEM,356.6,479.0,225.05,-25.55,58.45,364.98,382.9,363.53,-2.3,-6.87,-1.91,DOWNTREND,55274.0,41.36,BEARISH,-7.3083,-6.8056,-0.5027,BEARISH,13.1131,3.68,383.44,346.51,364.98,27.32,10.12,MID_BAND,False,ACCUMULATING,13.6,14.53,19.16,RANGING,BEARISH,2026-08-03
GULFOILLUB,1115.1,1329.0,865.0,-16.09,28.91,1037.83,1005.64,1059.32,7.45,10.88,5.27,STRONG_UPTREND,69554.0,66.85,BULLISH,15.3514,9.1072,6.2442,BULLISH,32.5788,2.92,1098.48,977.18,1037.83,113.71,11.69,NEAR_UPPER,False,DISTRIBUTING,21.28,30.02,12.21,MODERATE_TREND,BULLISH,2026-08-03
GULPOLY,198.5,221.75,121.5,-10.48,63.37,188.7,193.1,163.49,5.19,2.8,21.41,STRONG_UPTREND,977588.0,56.02,BULLISH,1.0926,-0.605,1.6977,BULLISH,9.5548,4.81,201.97,175.44,188.7,86.93,14.06,MID_BAND,False,ACCUMULATING,21.91,26.93,12.16,MODERATE_TREND,BULLISH,2026-08-03
GVPIL,758.0,1084.0,270.9,-30.07,179.81,799.0,870.43,,-5.13,-12.92,,INSUFFICIENT_DATA,231984.0,42.25,BEARISH,-32.3153,-24.2892,-8.0262,BEARISH,45.8084,6.04,883.48,714.51,799.0,25.74,21.15,MID_BAND,False,DISTRIBUTING,23.82,12.87,26.68,MODERATE_TREND,BEARISH,2026-08-03
GVPTECH,7.06,11.39,5.22,-38.02,35.25,6.84,6.79,7.53,3.22,3.98,-6.24,DOWNTREND,53513.0,58.86,BULLISH,0.0412,0.014,0.0272,BULLISH,0.349,4.94,7.08,6.59,6.84,96.47,7.07,NEAR_UPPER,False,DISTRIBUTING,15.45,15.47,14.68,RANGING,BULLISH,2026-08-03
GVT&D,4370.0,5650.0,2523.2,-22.65,73.19,4407.16,4743.31,3811.61,-0.84,-7.87,14.65,CONSOLIDATING,914354.0,46.02,NEUTRAL,-141.8044,-143.4411,1.6367,BULLISH_CROSS,201.6874,4.62,4768.13,4046.19,4407.16,44.85,16.38,SQUEEZE,True,DISTRIBUTING,21.87,20.83,28.34,MODERATE_TREND,BEARISH,2026-08-03
GYFTR,161.69,174.9,139.69,-7.55,15.75,,,,,,,INSUFFICIENT_DATA,63899.0,,,,,,,,,,,,,,,False,,,,,,,2026-08-03
HAL,4690.0,4978.0,3479.1,-5.79,34.8,4525.09,4416.22,4329.7,3.64,6.2,8.32,STRONG_UPTREND,645677.0,68.28,BULLISH,65.4255,54.8541,10.5713,BULLISH,86.4986,1.84,4712.96,4337.22,4525.09,93.89,8.3,NEAR_UPPER,False,ACCUMULATING,15.47,27.02,15.76,RANGING,BULLISH,2026-08-03
HALDER,255.0,278.95,210.0,-8.59,21.43,234.08,234.68,,8.94,8.66,,INSUFFICIENT_DATA,23609.0,66.13,BULLISH,3.166,0.6143,2.5517,BULLISH,11.9287,4.68,250.13,218.03,234.08,115.17,13.72,NEAR_UPPER,False,ACCUMULATING,12.84,23.21,12.04,RANGING,BULLISH,2026-08-03
HALEOSLABS,1589.0,1774.0,1181.0,-10.43,34.55,1566.19,1511.0,,1.46,5.16,,INSUFFICIENT_DATA,697.0,56.26,BULLISH,10.1196,14.5764,-4.4568,BEARISH,71.8971,4.52,1624.36,1508.02,1566.19,69.61,7.43,MID_BAND,False,DISTRIBUTING,14.29,17.72,13.75,RANGING,BULLISH,2026-08-03
HAPPSTMNDS,384.0,635.0,330.2,-39.53,16.29,377.7,364.86,408.34,1.67,5.25,-5.96,DOWNTREND,1821990.0,56.55,BULLISH,5.5531,5.5895,-0.0364,BEARISH,14.7785,3.85,406.18,349.22,377.7,61.06,15.08,MID_BAND,False,ACCUMULATING,23.14,25.31,18.27,MODERATE_TREND,BULLISH,2026-08-03
HAPPYFORGE,1699.2,1710.5,862.05,-0.66,97.11,1606.11,1504.36,1260.31,5.8,12.95,34.82,STRONG_UPTREND,59842.0,69.63,BULLISH,45.8597,43.2602,2.5995,BULLISH,53.6394,3.16,1699.99,1512.22,1606.11,99.58,11.69,NEAR_UPPER,False,ACCUMULATING,22.57,21.57,15.51,MODERATE_TREND,BULLISH,2026-08-03
HARDWYN,11.23,20.2,10.04,-44.41,11.82,12.94,15.8,,-13.21,-28.92,,INSUFFICIENT_DATA,7493768.0,27.02,OVERSOLD,-1.4949,-1.5378,0.0429,BULLISH_CROSS,0.8307,7.4,18.59,7.29,12.94,34.84,87.27,MID_BAND,False,DISTRIBUTING,43.74,10.27,33.93,STRONG_TREND,BEARISH,2026-08-03
HARIOMPIPE,402.7,572.2,268.05,-29.62,50.23,391.86,401.33,369.23,2.77,0.34,9.06,STRONG_UPTREND,426147.0,55.45,BULLISH,-0.3513,-0.5254,0.1741,BULLISH_CROSS,14.0623,3.49,408.27,375.45,391.86,83.03,8.37,MID_BAND,False,ACCUMULATING,11.05,25.52,20.82,RANGING,BULLISH,2026-08-03
HARRMALAYA,214.63,237.9,153.66,-9.78,39.68,214.43,207.99,188.36,0.09,3.19,13.95,STRONG_UPTREND,17807.0,51.6,NEUTRAL,1.8746,2.5499,-0.6753,BEARISH,8.6176,4.02,230.5,198.37,214.43,50.61,14.98,MID_BAND,False,ACCUMULATING,22.81,18.18,13.19,MODERATE_TREND,BULLISH,2026-08-03
HARSHA,407.55,469.0,313.3,-13.1,30.08,414.74,413.12,386.88,-1.73,-1.35,5.34,CONSOLIDATING,119027.0,46.72,NEUTRAL,-3.7445,-2.0363,-1.7082,BEARISH,12.4086,3.04,434.92,394.56,414.74,32.19,9.73,MID_BAND,False,ACCUMULATING,21.18,15.52,21.07,MODERATE_TREND,BEARISH,2026-08-03
HATHWAY,11.05,15.25,8.76,-27.54,26.14,10.95,11.04,11.38,0.91,0.09,-2.9,DOWNTREND,1507967.0,52.15,NEUTRAL,-0.0779,-0.0697,-0.0082,BEARISH,0.3095,2.8,11.32,10.58,10.95,63.23,6.73,MID_BAND,False,ACCUMULATING,12.66,24.18,24.34,RANGING,BEARISH,2026-08-03
HATSUN,884.8,1179.0,855.3,-24.95,3.45,901.08,908.63,949.97,-1.81,-2.62,-6.86,DOWNTREND,34543.0,43.1,BEARISH,-9.5535,-7.3036,-2.25,BEARISH,20.2701,2.29,944.59,857.56,901.08,31.3,9.66,MID_BAND,False,DISTRIBUTING,13.5,16.3,16.9,RANGING,BEARISH,2026-08-03
HAVELLS,1285.0,1621.1,1123.6,-20.73,14.36,1214.2,1190.02,1313.23,5.83,7.98,-2.15,DOWNTREND,1516434.0,70.78,OVERBOUGHT,20.3339,12.2707,8.0632,BULLISH,27.7185,2.16,1276.47,1151.94,1214.21,106.85,10.26,NEAR_UPPER,False,ACCUMULATING,14.37,27.43,13.95,RANGING,BULLISH,2026-08-03
HAVISHA,1.32,2.42,1.03,-45.45,28.16,1.23,1.32,,7.32,0.0,,INSUFFICIENT_DATA,79649.0,57.77,BULLISH,-0.006,-0.0239,0.0179,BULLISH,0.0875,6.63,1.33,1.13,1.23,96.48,16.12,NEAR_UPPER,False,DISTRIBUTING,16.56,20.77,11.19,RANGING,BULLISH,2026-08-03
HAWKINCOOK,8496.5,9600.0,7109.0,-11.49,19.52,8821.45,8225.73,,-3.68,3.29,,INSUFFICIENT_DATA,2511.0,47.12,NEUTRAL,69.044,161.2049,-92.1609,BEARISH,279.1294,3.29,9263.48,8379.42,8821.45,13.24,10.02,MID_BAND,False,DISTRIBUTING,34.09,17.26,22.87,STRONG_TREND,BEARISH,2026-08-03
HBESD,75.0,95.9,61.05,-21.79,22.85,75.05,75.31,,-0.07,-0.41,,INSUFFICIENT_DATA,1626.0,48.59,NEUTRAL,0.1547,0.0909,0.0638,BULLISH,4.2434,5.66,77.91,72.18,75.05,49.21,7.64,SQUEEZE,True,ACCUMULATING,20.62,18.32,14.33,MODERATE_TREND,BULLISH,2026-08-03
HBLENGINE,739.2,1122.0,613.0,-34.12,20.59,733.12,773.03,794.61,0.83,-4.38,-6.97,DOWNTREND,832484.0,48.9,NEUTRAL,-19.061,-20.3723,1.3113,BULLISH_CROSS,21.9701,2.97,785.13,681.11,733.12,55.84,14.19,MID_BAND,False,DISTRIBUTING,32.6,19.32,25.94,STRONG_TREND,BEARISH,2026-08-03
HBSL,50.5,108.8,42.63,-53.58,18.46,56.1,56.24,,-9.98,-10.21,,INSUFFICIENT_DATA,6893.0,39.16,BEARISH,1.8295,1.5116,0.3179,BULLISH,4.8631,9.63,69.73,42.47,56.1,29.45,48.58,MID_BAND,False,ACCUMULATING,29.05,21.36,26.5,MODERATE_TREND,BEARISH,2026-08-03
HCC,21.81,30.0,13.65,-27.3,59.78,22.4,23.68,20.93,-2.63,-7.9,4.2,CONSOLIDATING,21225455.0,42.65,BEARISH,-0.7607,-0.6791,-0.0817,BEARISH,0.8441,3.87,24.32,20.47,22.4,34.77,17.15,MID_BAND,False,DISTRIBUTING,29.0,16.87,28.97,MODERATE_TREND,BEARISH,2026-08-03
HCG,671.75,804.65,513.3,-16.52,30.87,664.76,645.29,634.11,1.05,4.1,5.94,STRONG_UPTREND,254575.0,57.05,BULLISH,9.5696,10.117,-0.5473,BEARISH,18.8813,2.81,690.8,638.72,664.76,63.42,7.83,SQUEEZE,True,ACCUMULATING,17.09,20.0,14.14,RANGING,BULLISH,2026-08-03
HCL-INSYS,11.66,16.5,9.01,-29.33,29.41,11.68,12.11,12.79,-0.17,-3.72,-8.84,DOWNTREND,169175.0,47.24,NEUTRAL,-0.1874,-0.1884,0.001,BULLISH_CROSS,0.3891,3.34,12.14,11.21,11.68,48.29,7.99,MID_BAND,False,DISTRIBUTING,16.13,14.53,13.62,RANGING,BULLISH,2026-08-03
HCLTECH,1377.0,1780.1,1030.0,-22.64,33.69,1241.24,1180.19,1411.12,10.94,16.68,-2.42,DOWNTREND,4210944.0,76.8,OVERBOUGHT,54.3826,38.7431,15.6396,BULLISH,36.7213,2.67,1391.48,1090.99,1241.23,95.18,24.21,NEAR_UPPER,False,ACCUMULATING,31.86,39.32,18.31,STRONG_TREND,BULLISH,2026-08-03
HDBFS,684.85,811.8,555.3,-15.64,23.33,716.58,700.27,701.57,-4.43,-2.2,-2.38,DOWNTREND,617116.0,37.91,BEARISH,-9.2299,-2.8791,-6.3507,BEARISH,17.2074,2.51,773.81,659.35,716.58,22.28,15.97,MID_BAND,False,ACCUMULATING,21.14,20.8,24.56,MODERATE_TREND,BEARISH,2026-08-03
HDFCAMC,2600.6,2967.25,2205.6,-12.36,17.91,2625.35,2630.04,2623.86,-0.94,-1.12,-0.89,DOWNTREND,954089.0,48.62,NEUTRAL,-28.0434,-25.7802,-2.2631,BEARISH,70.4893,2.71,2803.17,2447.52,2625.35,43.04,13.55,MID_BAND,False,DISTRIBUTING,16.39,21.5,20.86,RANGING,BULLISH,2026-08-03
HDFCBANK,753.0,1020.5,726.65,-26.21,3.63,780.67,776.52,865.97,-3.54,-3.03,-13.05,DOWNTREND,30154334.0,41.58,BEARISH,-12.4489,-8.4307,-4.0182,BEARISH,14.1262,1.88,850.68,710.65,780.66,30.24,17.94,MID_BAND,False,DISTRIBUTING,25.7,19.06,29.76,MODERATE_TREND,BEARISH,2026-08-03
HDFCLIFE,553.1,815.0,543.0,-32.13,1.86,558.82,572.38,663.32,-1.02,-3.37,-16.62,DOWNTREND,3875632.0,43.91,BEARISH,-6.6364,-6.5138,-0.1225,BEARISH,11.284,2.04,575.07,542.56,558.82,32.41,5.82,MID_BAND,False,DISTRIBUTING,9.11,18.81,22.41,RANGING,BEARISH,2026-08-03
HEADSUP,6.79,12.95,5.69,-47.57,19.33,6.82,7.0,8.01,-0.44,-3.0,-15.23,DOWNTREND,24194.0,47.79,NEUTRAL,-0.0788,-0.0671,-0.0117,BEARISH,0.4016,5.91,7.18,6.47,6.82,45.63,10.39,MID_BAND,False,DISTRIBUTING,16.08,10.08,18.35,RANGING,BEARISH,2026-08-03
HEALTHX,315.0,347.85,269.0,-9.44,17.1,318.51,312.36,,-1.1,0.85,,INSUFFICIENT_DATA,10914.0,50.61,NEUTRAL,-0.9332,0.8091,-1.7423,BEARISH,13.8844,4.41,336.61,300.41,318.51,40.3,11.36,MID_BAND,False,ACCUMULATING,26.38,23.31,13.86,MODERATE_TREND,BULLISH,2026-08-03
HECPROJECT,135.49,160.5,92.1,-15.58,47.11,131.37,129.23,124.0,3.14,4.84,9.27,STRONG_UPTREND,47106.0,53.73,NEUTRAL,1.4774,1.4714,0.006,BULLISH_CROSS,8.8025,6.5,146.31,116.42,131.37,63.8,22.75,MID_BAND,False,ACCUMULATING,14.25,21.99,18.86,RANGING,BULLISH,2026-08-03
HEG,665.25,690.0,459.8,-3.59,44.68,603.18,565.7,560.8,10.29,17.6,18.63,STRONG_UPTREND,3088108.0,70.37,OVERBOUGHT,31.0262,24.6022,6.424,BULLISH,25.682,3.86,702.24,504.11,603.18,81.33,32.85,MID_BAND,False,ACCUMULATING,46.81,33.81,6.3,STRONG_TREND,BULLISH,2026-08-03
HEIDELBERG,155.51,224.8,136.1,-30.82,14.26,157.53,155.22,164.03,-1.28,0.19,-5.19,DOWNTREND,93627.0,48.29,NEUTRAL,-0.253,0.4263,-0.6792,BEARISH,3.4049,2.19,162.24,152.82,157.53,28.57,5.98,MID_BAND,False,DISTRIBUTING,15.39,18.35,21.95,RANGING,BEARISH,2026-08-03
HEMIPROP,140.0,190.69,111.2,-26.58,25.9,136.26,138.52,135.86,2.74,1.07,3.05,STRONG_UPTREND,325871.0,57.09,BULLISH,-0.8235,-1.1081,0.2846,BULLISH_CROSS,3.4158,2.44,140.23,132.29,136.26,97.07,5.83,NEAR_UPPER,False,ACCUMULATING,14.79,30.76,14.03,RANGING,BULLISH,2026-08-03
HERANBA,182.74,379.0,155.38,-51.78,17.61,179.04,182.57,213.0,2.07,0.09,-14.21,DOWNTREND,25098.0,53.55,NEUTRAL,-1.8248,-2.4358,0.611,BULLISH,6.3083,3.45,184.77,173.3,179.04,82.29,6.41,MID_BAND,False,DISTRIBUTING,12.47,17.75,14.53,RANGING,BULLISH,2026-08-03
HERITGFOOD,335.1,540.0,292.55,-37.94,14.54,331.72,328.32,376.32,1.02,2.07,-10.95,DOWNTREND,334951.0,54.96,NEUTRAL,-0.0488,0.0171,-0.0658,BEARISH,9.1723,2.74,338.94,324.5,331.72,73.41,4.35,MID_BAND,False,ACCUMULATING,15.39,25.61,12.75,RANGING,BULLISH,2026-08-03
HEROMOTOCO,5460.0,6388.5,4571.0,-14.53,19.45,5051.12,4970.06,5387.43,8.09,9.86,1.35,STRONG_UPTREND,699937.0,72.41,OVERBOUGHT,107.3458,56.8273,50.5184,BULLISH,113.2013,2.07,5400.69,4701.54,5051.11,108.48,13.84,NEAR_UPPER,False,ACCUMULATING,28.04,35.45,7.69,MODERATE_TREND,BULLISH,2026-08-03
HESTERBIO,2442.4,2683.6,1239.3,-8.99,97.08,2391.34,2192.8,1715.38,2.14,11.38,42.38,STRONG_UPTREND,77936.0,57.59,BULLISH,90.4366,100.1273,-9.6907,BEARISH,130.1608,5.33,2681.77,2100.9,2391.34,58.79,24.29,MID_BAND,False,ACCUMULATING,52.83,31.29,11.84,STRONG_TREND,BULLISH,2026-08-03
HEXATRADEX,157.9,194.89,147.26,-18.98,7.23,158.03,160.25,162.79,-0.08,-1.47,-3.0,DOWNTREND,6951.0,47.77,NEUTRAL,-0.8786,-1.0389,0.1603,BULLISH,5.1872,3.29,160.98,155.08,158.03,47.85,3.73,MID_BAND,False,ACCUMULATING,26.08,20.56,7.25,MODERATE_TREND,BULLISH,2026-08-03
HEXT,559.85,829.4,400.2,-32.5,39.89,560.22,532.96,583.41,-0.07,5.05,-4.04,DOWNTREND,1422030.0,51.93,NEUTRAL,12.7618,13.7079,-0.946,BEARISH_CROSS,26.2902,4.7,600.67,519.77,560.22,49.55,14.44,MID_BAND,False,ACCUMULATING,20.42,22.69,18.89,MODERATE_TREND,BULLISH,2026-08-03
HFCL,202.52,229.5,59.82,-11.76,238.55,208.21,198.26,109.51,-2.73,2.15,84.93,UPTREND,26427918.0,50.65,NEUTRAL,-1.5769,1.6408,-3.2177,BEARISH,10.973,5.42,233.4,183.01,208.21,38.72,24.2,MID_BAND,False,DISTRIBUTING,23.77,25.91,27.04,MODERATE_TREND,BEARISH,2026-08-03
HGINFRA,546.85,1049.95,429.5,-47.92,27.32,549.27,564.18,644.47,-0.44,-3.07,-15.15,DOWNTREND,56663.0,46.15,NEUTRAL,-8.3314,-8.2351,-0.0963,BEARISH,12.1092,2.21,570.55,528.0,549.27,44.3,7.75,MID_BAND,False,DISTRIBUTING,8.51,21.5,18.41,RANGING,BULLISH,2026-08-03
HGM,49.45,77.0,43.6,-35.78,13.42,49.67,53.29,,-0.44,-7.21,,INSUFFICIENT_DATA,5525.0,46.07,NEUTRAL,-0.6373,-1.0581,0.4208,BULLISH,3.4101,6.9,53.19,46.15,49.67,46.83,14.17,MID_BAND,False,DISTRIBUTING,26.65,18.47,11.74,MODERATE_TREND,BULLISH,2026-08-03
HGS,430.55,556.0,342.05,-22.56,25.87,425.44,420.46,423.33,1.2,2.4,1.71,STRONG_UPTREND,113911.0,55.43,BULLISH,1.5385,2.0326,-0.4941,BEARISH,13.1043,3.04,448.58,402.31,425.44,61.04,10.88,MID_BAND,False,ACCUMULATING,38.7,21.87,10.19,STRONG_TREND,BULLISH,2026-08-03
HIKAL,229.9,282.7,146.25,-18.68,57.2,226.75,212.36,207.2,1.39,8.26,10.96,STRONG_UPTREND,981964.0,57.16,BULLISH,1.8132,2.9836,-1.1703,BEARISH,9.6518,4.2,247.04,206.46,226.75,57.76,17.89,MID_BAND,False,ACCUMULATING,23.71,27.56,16.3,MODERATE_TREND,BULLISH,2026-08-03
HILINFRA,47.0,98.68,40.6,-52.37,15.76,50.04,50.13,,-6.08,-6.24,,INSUFFICIENT_DATA,160082.0,43.21,BEARISH,-0.5701,0.1077,-0.6778,BEARISH,2.986,6.35,57.71,42.36,50.04,30.22,30.68,MID_BAND,False,ACCUMULATING,22.79,17.54,27.46,MODERATE_TREND,BEARISH,2026-08-03
HIMATSEIDE,80.99,134.7,72.01,-39.87,12.47,83.5,82.34,97.03,-3.01,-1.64,-16.53,DOWNTREND,586630.0,44.63,BEARISH,-1.2522,-0.6232,-0.629,BEARISH,2.747,3.39,89.7,77.29,83.5,29.8,14.86,MID_BAND,False,DISTRIBUTING,18.39,19.42,25.08,RANGING,BEARISH,2026-08-03
HINDALCO,994.9,1176.0,657.5,-15.4,51.32,960.2,1007.98,943.28,3.61,-1.3,5.47,CONSOLIDATING,4719288.0,58.55,BULLISH,-6.2911,-13.4773,7.1862,BULLISH,20.0348,2.01,988.36,932.04,960.2,111.62,5.87,NEAR_UPPER,False,ACCUMULATING,17.95,26.21,18.86,RANGING,BULLISH,2026-08-03
HINDCOMPOS,425.55,550.0,347.1,-22.63,22.6,435.78,425.53,427.33,-2.35,0.0,-0.42,DOWNTREND,8410.0,46.01,NEUTRAL,-1.4524,0.9829,-2.4353,BEARISH,16.8203,3.95,453.42,418.14,435.78,21.0,8.1,MID_BAND,False,ACCUMULATING,20.02,20.38,15.68,MODERATE_TREND,BULLISH,2026-08-03
HINDCON,23.15,37.75,15.66,-38.68,47.83,21.27,20.2,,8.84,14.6,,INSUFFICIENT_DATA,73861.0,58.5,BULLISH,1.0092,0.8466,0.1626,BULLISH,1.7501,7.56,26.74,15.8,21.27,67.19,51.43,MID_BAND,False,ACCUMULATING,30.51,28.58,15.65,STRONG_TREND,BULLISH,2026-08-03
HINDCOPPER,495.05,760.05,226.7,-34.87,118.37,488.18,506.1,496.02,1.41,-2.18,-0.2,DOWNTREND,3054430.0,51.3,NEUTRAL,-5.1975,-7.1038,1.9063,BULLISH,13.0988,2.65,501.16,475.2,488.18,76.45,5.32,MID_BAND,False,DISTRIBUTING,13.04,21.22,20.57,RANGING,BULLISH,2026-08-03
HINDOILEXP,161.13,188.65,117.5,-14.59,37.13,158.7,162.41,151.94,1.53,-0.79,6.05,CONSOLIDATING,591939.0,51.8,NEUTRAL,-0.1164,-0.4152,0.2988,BULLISH,5.6673,3.52,166.16,151.25,158.7,66.27,9.4,MID_BAND,False,ACCUMULATING,12.12,23.52,18.05,RANGING,BULLISH,2026-08-03
HINDPETRO,395.0,508.45,316.2,-22.31,24.92,394.29,393.73,415.55,0.18,0.32,-4.95,DOWNTREND,7191008.0,50.84,NEUTRAL,-0.4303,0.169,-0.5992,BEARISH,10.6672,2.7,408.57,380.0,394.29,52.49,7.25,MID_BAND,False,DISTRIBUTING,9.62,29.35,27.93,RANGING,BULLISH,2026-08-03
HINDUNILVR,2138.0,2750.0,2016.0,-22.25,6.05,2132.06,2149.94,2267.58,0.28,-0.56,-5.71,DOWNTREND,2170155.0,49.91,NEUTRAL,-13.5967,-12.9126,-0.6841,BEARISH,48.6714,2.28,2205.97,2058.15,2132.06,54.02,6.93,MID_BAND,False,DISTRIBUTING,16.8,15.23,23.74,RANGING,BEARISH,2026-08-03
HINDWAREAP,222.23,392.7,170.5,-43.41,30.34,229.22,234.97,247.62,-3.05,-5.42,-10.25,DOWNTREND,90630.0,43.53,BEARISH,-6.159,-5.5086,-0.6504,BEARISH,8.9076,4.01,257.16,201.28,229.22,37.49,24.38,MID_BAND,False,DISTRIBUTING,24.56,20.15,23.52,MODERATE_TREND,BEARISH,2026-08-03
HINDZINC,547.0,733.0,418.0,-25.38,30.86,531.32,556.96,570.74,2.95,-1.79,-4.16,DOWNTREND,3070141.0,55.52,BULLISH,-3.5331,-7.3467,3.8136,BULLISH,12.2338,2.24,544.33,518.3,531.31,110.25,4.9,NEAR_UPPER,False,DISTRIBUTING,16.19,27.62,21.15,RANGING,BULLISH,2026-08-03
HIRECT,1339.4,1399.0,565.2,-4.26,136.98,1223.57,1160.36,863.47,9.47,15.43,55.12,STRONG_UPTREND,338463.0,66.13,BULLISH,59.9135,53.7508,6.1627,BULLISH,66.3272,4.95,1463.66,983.48,1223.57,74.12,39.24,MID_BAND,False,ACCUMULATING,32.67,30.51,14.21,STRONG_TREND,BULLISH,2026-08-03
HISARMETAL,146.47,197.88,124.99,-25.98,17.19,151.3,151.91,158.55,-3.19,-3.58,-7.62,DOWNTREND,1339.0,39.02,BEARISH,-1.7673,-1.1646,-0.6027,BEARISH,4.8887,3.34,157.87,144.72,151.3,13.29,8.69,MID_BAND,False,DISTRIBUTING,15.97,11.9,14.65,RANGING,BEARISH,2026-08-03
HITECH,85.49,127.5,70.14,-32.95,21.88,86.26,88.34,88.79,-0.89,-3.23,-3.72,DOWNTREND,468478.0,46.38,NEUTRAL,-0.9078,-0.8408,-0.0669,BEARISH,2.5555,2.99,89.25,83.26,86.26,37.22,6.94,SQUEEZE,True,DISTRIBUTING,9.31,19.53,21.9,RANGING,BEARISH,2026-08-03
HLEGLAS,422.85,661.95,250.0,-36.12,69.14,418.65,389.21,387.71,1.0,8.64,9.06,STRONG_UPTREND,422629.0,56.27,BULLISH,10.4322,11.9042,-1.472,BEARISH,19.0925,4.52,439.97,397.33,418.65,59.85,10.18,MID_BAND,False,ACCUMULATING,33.11,23.1,13.02,STRONG_TREND,BULLISH,2026-08-03
HLVLTD,7.21,12.6,5.6,-42.78,28.75,7.31,7.66,8.46,-1.37,-5.87,-14.78,DOWNTREND,169651.0,42.33,BEARISH,-0.1589,-0.1678,0.0089,BULLISH_CROSS,0.2572,3.57,7.71,6.9,7.31,38.21,11.14,MID_BAND,False,DISTRIBUTING,20.7,20.43,15.15,MODERATE_TREND,BULLISH,2026-08-03
HMAAGRO,20.89,34.24,20.0,-38.99,4.45,21.56,22.29,25.7,-3.11,-6.28,-18.72,DOWNTREND,318565.0,39.55,BEARISH,-0.3655,-0.3187,-0.0468,BEARISH,0.7441,3.56,22.37,20.76,21.57,8.07,7.47,NEAR_LOWER,False,ACCUMULATING,12.24,13.66,19.68,RANGING,BEARISH,2026-08-03
HMVL,95.08,96.85,55.2,-1.83,72.25,91.66,84.9,72.23,3.73,11.99,31.64,STRONG_UPTREND,65641.0,63.63,BULLISH,2.7874,2.8487,-0.0613,BEARISH,3.9308,4.13,96.57,86.76,91.66,84.8,10.71,MID_BAND,False,DISTRIBUTING,18.74,13.12,9.68,RANGING,BULLISH,2026-08-03
HNDFDS,589.05,595.0,442.0,-1.0,33.27,565.56,551.55,517.73,4.15,6.8,13.78,STRONG_UPTREND,79654.0,64.22,BULLISH,8.3155,7.5055,0.8099,BULLISH,16.2898,2.77,592.62,538.5,565.56,93.4,9.57,NEAR_UPPER,False,ACCUMULATING,24.62,26.34,12.95,MODERATE_TREND,BULLISH,2026-08-03
HOMEFIRST,1170.2,1375.0,893.7,-14.89,30.94,1213.58,1156.67,1123.18,-3.57,1.17,4.19,UPTREND,231670.0,45.6,NEUTRAL,2.9157,13.0243,-10.1086,BEARISH,45.3876,3.88,1280.49,1146.66,1213.58,17.59,11.03,MID_BAND,False,DISTRIBUTING,23.31,17.86,15.82,MODERATE_TREND,BULLISH,2026-08-03
HONASA,458.2,491.35,248.4,-6.75,84.46,459.89,436.37,332.96,-0.37,5.0,37.61,UPTREND,866532.0,57.12,BULLISH,3.9282,7.0776,-3.1494,BEARISH,15.3295,3.35,480.21,439.57,459.89,45.84,8.84,MID_BAND,False,ACCUMULATING,24.1,14.89,18.54,MODERATE_TREND,BEARISH,2026-08-03
HONAUT,38570.0,41495.0,26220.0,-7.05,47.1,38383.25,37422.1,33471.72,0.49,3.07,15.23,STRONG_UPTREND,7740.0,53.0,NEUTRAL,342.3355,426.5092,-84.1737,BEARISH,1092.5169,2.83,39820.58,36945.92,38383.25,56.5,7.49,MID_BAND,False,ACCUMULATING,25.27,30.77,20.17,MODERATE_TREND,BULLISH,2026-08-03
HONDAPOWER,2096.0,3216.0,1816.6,-34.83,15.38,2110.14,2182.72,2229.48,-0.67,-3.97,-5.99,DOWNTREND,3603.0,43.4,BEARISH,-20.963,-23.7129,2.75,BULLISH,55.1412,2.63,2150.14,2070.15,2110.14,32.32,3.79,SQUEEZE,True,DISTRIBUTING,14.14,12.92,14.32,RANGING,BEARISH,2026-08-03
HPAL,33.3,53.0,26.52,-37.17,25.57,33.78,35.12,38.45,-1.42,-5.18,-13.39,DOWNTREND,39201.0,43.72,BEARISH,-0.7264,-0.7156,-0.0107,BEARISH,1.4049,4.22,35.53,32.03,33.78,36.22,10.34,MID_BAND,False,ACCUMULATING,34.52,8.91,18.59,STRONG_TREND,BEARISH,2026-08-03
HPIL,127.74,164.0,107.0,-22.11,19.38,124.35,126.86,129.89,2.73,0.69,-1.66,DOWNTREND,1415.0,54.44,NEUTRAL,-0.0727,-0.7565,0.6839,BULLISH,5.2295,4.09,128.82,119.88,124.35,87.95,7.19,MID_BAND,False,ACCUMULATING,19.44,26.7,13.54,RANGING,BULLISH,2026-08-03
HPL,335.95,597.65,255.55,-43.79,31.46,341.48,354.9,360.46,-1.62,-5.34,-6.8,DOWNTREND,101845.0,43.34,BEARISH,-6.4564,-6.048,-0.4085,BEARISH,9.6201,2.86,354.91,328.04,341.48,29.43,7.87,SQUEEZE,True,ACCUMULATING,10.2,19.65,23.01,RANGING,BEARISH,2026-08-03
HSCL,750.65,819.5,418.5,-8.4,79.37,727.64,683.94,532.98,3.16,9.75,40.84,STRONG_UPTREND,10474470.0,56.61,BULLISH,26.5199,28.6946,-2.1747,BEARISH,32.0876,4.27,838.43,616.86,727.64,60.38,30.45,MID_BAND,False,ACCUMULATING,27.59,23.32,17.68,MODERATE_TREND,BULLISH,2026-08-03
HTMEDIA,24.87,28.0,17.52,-11.18,41.95,25.48,23.75,,-2.39,4.72,,INSUFFICIENT_DATA,211700.0,51.62,NEUTRAL,0.2517,0.486,-0.2343,BEARISH,1.1763,4.73,27.41,23.56,25.48,34.01,15.08,MID_BAND,False,ACCUMULATING,14.68,17.02,17.69,RANGING,BEARISH,2026-08-03
HUBTOWN,190.51,365.7,168.15,-47.91,13.3,199.67,201.7,226.58,-4.59,-5.55,-15.92,DOWNTREND,509197.0,40.38,BEARISH,-4.0398,-2.6195,-1.4204,BEARISH,7.3137,3.84,213.66,185.67,199.67,17.28,14.02,MID_BAND,False,DISTRIBUTING,13.34,16.13,21.14,RANGING,BEARISH,2026-08-03
HUDCO,199.38,246.85,159.0,-19.23,25.4,201.56,205.18,205.7,-1.08,-2.83,-3.07,DOWNTREND,2472985.0,46.49,NEUTRAL,-2.9388,-2.6146,-0.3243,BEARISH,5.5459,2.78,211.68,191.45,201.56,39.22,10.04,MID_BAND,False,DISTRIBUTING,15.59,18.57,24.15,RANGING,BEARISH,2026-08-03
HUHTAMAKI,300.0,330.0,148.6,-9.09,101.88,259.61,212.56,197.72,15.56,41.14,51.73,STRONG_UPTREND,3305776.0,75.14,OVERBOUGHT,28.0399,26.1902,1.8497,BULLISH,16.7392,5.58,342.62,176.6,259.61,74.33,63.95,MID_BAND,False,ACCUMULATING,48.0,34.46,18.67,STRONG_TREND,BULLISH,2026-08-03
HYUNDAI,2207.0,2890.0,1658.0,-23.63,33.11,1997.63,1960.31,2083.26,10.48,12.58,5.94,STRONG_UPTREND,967294.0,74.81,OVERBOUGHT,41.7474,20.5918,21.1556,BULLISH,60.2683,2.73,2143.5,1851.76,1997.63,121.77,14.6,NEAR_UPPER,False,ACCUMULATING,24.31,41.17,10.27,MODERATE_TREND,BULLISH,2026-08-03
ICDSLTD,39.65,62.32,36.4,-36.38,8.93,40.17,41.84,,-1.29,-5.23,,INSUFFICIENT_DATA,916.0,45.56,NEUTRAL,-0.3854,-0.5272,0.1418,BULLISH,2.088,5.27,41.69,38.64,40.17,33.02,7.59,MID_BAND,False,ACCUMULATING,12.91,11.97,13.84,RANGING,BEARISH,2026-08-03
ICEMAKE,825.25,920.0,660.3,-10.3,24.98,812.69,796.02,767.53,1.55,3.67,7.52,STRONG_UPTREND,47162.0,53.37,NEUTRAL,14.2157,15.6943,-1.4786,BEARISH,33.9392,4.11,892.89,732.49,812.69,57.83,19.74,MID_BAND,False,ACCUMULATING,21.59,22.4,16.59,MODERATE_TREND,BULLISH,2026-08-03
ICICIAMC,3099.1,3611.0,2530.0,-14.18,22.49,3139.15,3254.34,,-1.28,-4.77,,INSUFFICIENT_DATA,434161.0,42.47,BEARISH,-44.7042,-43.6704,-1.0338,BEARISH,77.7699,2.51,3214.11,3064.2,3139.15,23.28,4.78,MID_BAND,False,DISTRIBUTING,16.29,12.06,17.99,RANGING,BEARISH,2026-08-03
ICICIBANK,1460.0,1480.0,1187.6,-1.35,22.94,1427.42,1362.79,1345.03,2.28,7.13,8.55,STRONG_UPTREND,12437123.0,65.87,BULLISH,21.8763,24.7826,-2.9063,BEARISH,24.0039,1.64,1474.78,1380.05,1427.41,84.4,6.64,MID_BAND,False,ACCUMULATING,26.89,26.84,17.26,MODERATE_TREND,BULLISH,2026-08-03
ICICIGI,1675.0,2064.9,1544.6,-18.88,8.44,1695.28,1748.55,1851.5,-1.2,-4.21,-9.53,DOWNTREND,1587932.0,46.58,NEUTRAL,-33.854,-34.7806,0.9266,BULLISH_CROSS,49.3153,2.94,1862.79,1527.76,1695.28,43.95,19.76,MID_BAND,False,DISTRIBUTING,23.12,21.91,30.74,MODERATE_TREND,BEARISH,2026-08-03
ICICIPRULI,522.35,706.8,459.5,-26.1,13.68,505.21,497.75,578.16,3.39,4.94,-9.65,DOWNTREND,2020511.0,60.86,BULLISH,4.445,2.6196,1.8254,BULLISH,11.7207,2.24,528.19,482.22,505.2,87.3,9.1,MID_BAND,False,ACCUMULATING,18.58,25.12,13.01,RANGING,BULLISH,2026-08-03
ICIL,409.7,463.8,216.9,-11.66,88.89,405.0,381.48,301.14,1.16,7.4,36.05,STRONG_UPTREND,347155.0,56.47,BULLISH,5.078,6.9488,-1.8708,BEARISH,17.5844,4.29,424.35,385.64,405.0,62.15,9.56,MID_BAND,False,DISTRIBUTING,30.56,21.37,11.48,STRONG_TREND,BULLISH,2026-08-03
ICRA,5131.5,6982.0,4692.0,-26.5,9.37,5073.93,5170.91,5640.69,1.13,-0.76,-9.03,DOWNTREND,44635.0,53.35,NEUTRAL,-91.1188,-88.7271,-2.3917,BEARISH,146.2562,2.85,5497.31,4650.54,5073.93,56.8,16.69,MID_BAND,False,DISTRIBUTING,22.8,23.77,19.32,MODERATE_TREND,BULLISH,2026-08-03
IDBI,84.71,118.38,61.01,-28.44,38.85,84.63,81.14,89.82,0.09,4.4,-5.69,DOWNTREND,12315246.0,52.97,NEUTRAL,0.7137,1.1279,-0.4142,BEARISH,2.5854,3.05,87.8,81.45,84.63,51.28,7.51,MID_BAND,False,ACCUMULATING,35.52,25.59,11.12,STRONG_TREND,BULLISH,2026-08-03
IDEA,12.86,15.34,6.12,-16.17,110.13,13.49,14.06,11.4,-4.67,-8.53,12.81,CONSOLIDATING,301214192.0,34.24,BEARISH,-0.304,-0.2306,-0.0734,BEARISH,0.3585,2.79,14.36,12.62,13.49,13.93,12.92,MID_BAND,False,DISTRIBUTING,34.78,9.87,28.47,STRONG_TREND,BEARISH,2026-08-03
IDFCFIRSTB,86.0,88.76,58.08,-3.11,48.07,81.67,77.99,76.25,5.3,10.27,12.79,STRONG_UPTREND,25114164.0,68.86,BULLISH,2.0696,1.7955,0.2741,BULLISH,2.0183,2.35,86.73,76.61,81.67,92.78,12.39,NEAR_UPPER,False,ACCUMULATING,35.99,37.54,14.29,STRONG_TREND,BULLISH,2026-08-03
IEX,128.0,160.27,114.6,-20.13,11.69,124.18,123.98,129.55,3.08,3.24,-1.2,DOWNTREND,8153597.0,54.23,NEUTRAL,2.1169,1.2059,0.911,BULLISH,3.821,2.99,134.81,113.55,124.18,67.97,17.12,MID_BAND,False,ACCUMULATING,15.47,23.61,22.9,RANGING,BULLISH,2026-08-03
IFBIND,1354.0,2019.8,883.2,-32.96,53.31,1330.54,1285.41,1313.13,1.76,5.34,3.11,STRONG_UPTREND,133108.0,57.54,BULLISH,12.9898,17.016,-4.0262,BEARISH,47.477,3.51,1417.12,1243.97,1330.55,63.55,13.01,MID_BAND,False,ACCUMULATING,30.28,24.86,14.25,STRONG_TREND,BULLISH,2026-08-03
IFCI,77.31,95.8,46.23,-19.3,67.23,73.48,75.49,60.77,5.21,2.41,27.22,STRONG_UPTREND,20349390.0,58.15,BULLISH,-0.4091,-0.8706,0.4614,BULLISH,2.9779,3.85,78.58,68.38,73.48,87.55,13.88,MID_BAND,False,DISTRIBUTING,17.6,29.37,21.89,RANGING,BULLISH,2026-08-03
IFGLEXPOR,207.35,338.0,119.68,-38.65,73.25,211.32,198.71,190.04,-1.88,4.35,9.11,UPTREND,75757.0,52.49,NEUTRAL,-0.08,1.497,-1.577,BEARISH,12.5128,6.03,236.54,186.09,211.32,42.14,23.87,SQUEEZE,True,DISTRIBUTING,21.45,26.2,17.39,MODERATE_TREND,BULLISH,2026-08-03
IGARASHI,467.15,558.0,271.05,-16.28,72.35,459.4,431.5,404.18,1.69,8.26,15.58,STRONG_UPTREND,58278.0,57.05,BULLISH,3.561,5.9519,-2.391,BEARISH,17.7052,3.79,479.27,439.53,459.4,69.5,8.65,MID_BAND,False,DISTRIBUTING,28.79,26.08,16.1,MODERATE_TREND,BULLISH,2026-08-03
IGCL,75.47,118.99,49.46,-36.57,52.59,73.05,66.05,71.69,3.31,14.26,5.27,STRONG_UPTREND,199181.0,59.6,BULLISH,2.9011,2.7749,0.1262,BULLISH,4.0631,5.38,78.98,67.12,73.05,70.42,16.24,MID_BAND,False,ACCUMULATING,29.38,23.16,12.2,MODERATE_TREND,BULLISH,2026-08-03
IGIL,364.95,392.0,287.0,-6.9,27.16,345.25,355.52,336.81,5.71,2.65,8.35,STRONG_UPTREND,696322.0,60.51,BULLISH,-0.9434,-3.1323,2.189,BULLISH,12.7835,3.5,361.33,329.17,345.25,111.25,9.32,NEAR_UPPER,False,DISTRIBUTING,13.88,27.35,14.24,RANGING,BULLISH,2026-08-03
IGL,156.17,223.5,141.74,-30.13,10.18,152.22,159.19,172.43,2.59,-1.9,-9.43,DOWNTREND,1785684.0,53.6,NEUTRAL,-1.7522,-2.4373,0.6851,BULLISH,3.3037,2.12,155.73,148.72,152.22,106.33,4.6,NEAR_UPPER,False,ACCUMULATING,12.73,28.26,21.42,RANGING,BULLISH,2026-08-03
IGPL,496.65,500.0,315.0,-0.67,57.67,445.12,443.07,400.9,11.58,12.09,23.88,STRONG_UPTREND,37179.0,72.7,OVERBOUGHT,10.2632,4.8202,5.443,BULLISH,16.914,3.41,487.1,403.14,445.12,111.38,18.86,NEAR_UPPER,False,ACCUMULATING,26.03,32.26,9.23,MODERATE_TREND,BULLISH,2026-08-03
IIFL,617.85,675.0,409.1,-8.47,51.03,565.71,530.05,522.28,9.22,16.56,18.3,STRONG_UPTREND,2513131.0,72.66,OVERBOUGHT,22.8948,18.5972,4.2976,BULLISH,20.6433,3.34,619.26,512.16,565.71,98.69,18.93,NEAR_UPPER,False,ACCUMULATING,38.68,31.94,9.19,STRONG_TREND,BULLISH,2026-08-03
IIFLCAPS,336.65,411.3,240.4,-18.15,40.04,338.11,340.18,324.97,-0.43,-1.04,3.59,CONSOLIDATING,375306.0,45.54,NEUTRAL,-0.6632,-0.416,-0.2472,BEARISH,4.1438,1.23,341.48,334.74,338.11,28.36,2.0,MID_BAND,False,DISTRIBUTING,11.84,15.09,15.35,RANGING,BEARISH,2026-08-03
IITL,153.21,216.0,108.0,-29.07,41.86,131.05,135.93,149.92,16.91,12.71,2.19,STRONG_UPTREND,110498.0,65.95,BULLISH,0.7909,-1.4411,2.232,BULLISH,9.544,6.23,143.61,118.48,131.05,138.18,19.18,NEAR_UPPER,False,DISTRIBUTING,17.88,24.63,11.67,RANGING,BULLISH,2026-08-03
IKIO,201.54,252.9,103.53,-20.31,94.67,206.57,178.4,165.01,-2.44,12.97,22.14,UPTREND,2025098.0,54.26,NEUTRAL,6.8029,9.8517,-3.0489,BEARISH,10.8469,5.38,224.93,188.22,206.57,36.29,17.77,MID_BAND,False,ACCUMULATING,46.06,28.6,13.42,STRONG_TREND,BULLISH,2026-08-03
IKS,1846.4,1933.0,1262.0,-4.48,46.31,1851.88,1757.26,1619.01,-0.3,5.07,14.05,UPTREND,147202.0,54.59,NEUTRAL,16.0201,25.3975,-9.3774,BEARISH,56.4375,3.06,1940.77,1762.99,1851.88,46.92,9.6,MID_BAND,False,DISTRIBUTING,24.47,22.11,19.39,MODERATE_TREND,BULLISH,2026-08-03
IMAGICAA,49.09,61.9,36.84,-20.69,33.25,46.79,45.86,46.65,4.92,7.04,5.23,STRONG_UPTREND,644159.0,60.61,BULLISH,0.2311,0.2074,0.0237,BULLISH_CROSS,1.9931,4.06,48.62,44.97,46.79,112.89,7.8,NEAR_UPPER,False,ACCUMULATING,12.5,26.17,15.5,RANGING,BULLISH,2026-08-03
IMFA,1492.0,1679.9,727.15,-11.19,105.18,1377.7,1400.63,1345.72,8.3,6.52,10.87,STRONG_UPTREND,105946.0,65.34,BULLISH,8.8499,-5.2668,14.1167,BULLISH,55.6838,3.73,1456.84,1298.55,1377.7,122.21,11.49,NEAR_UPPER,False,ACCUMULATING,12.99,30.86,14.84,RANGING,BULLISH,2026-08-03
IMPAL,1104.6,1238.9,928.0,-10.84,19.03,1114.8,1099.75,1048.51,-0.91,0.44,5.35,UPTREND,4501.0,50.19,NEUTRAL,-2.5098,0.7873,-3.2971,BEARISH,42.2951,3.83,1176.11,1053.5,1114.8,41.68,11.0,MID_BAND,False,DISTRIBUTING,15.56,16.75,20.3,RANGING,BEARISH,2026-08-03
INA,112.75,161.81,79.75,-30.32,41.38,115.27,117.63,,-2.19,-4.15,,INSUFFICIENT_DATA,3820437.0,45.19,NEUTRAL,-1.8056,-1.4924,-0.3131,BEARISH,4.7358,4.2,123.83,106.71,115.27,35.26,14.85,MID_BAND,False,ACCUMULATING,11.73,17.31,19.91,RANGING,BEARISH,2026-08-03
INCREDIBLE,33.1,52.87,28.1,-37.39,17.79,33.28,33.97,36.33,-0.54,-2.56,-8.89,DOWNTREND,8177.0,47.28,NEUTRAL,-0.182,-0.1995,0.0175,BULLISH,1.6986,5.13,34.17,32.39,33.28,39.7,5.34,MID_BAND,False,ACCUMULATING,28.25,22.79,7.81,MODERATE_TREND,BULLISH,2026-08-03
INDBANK,32.49,47.15,28.25,-31.09,15.01,33.15,33.34,34.65,-1.99,-2.55,-6.23,DOWNTREND,63410.0,44.35,BEARISH,-0.3293,-0.2412,-0.0881,BEARISH,0.9712,2.99,34.77,31.54,33.15,29.52,9.74,MID_BAND,False,DISTRIBUTING,15.62,14.91,20.93,RANGING,BEARISH,2026-08-03
INDGN,545.25,596.8,414.0,-8.64,31.7,507.43,513.79,502.47,7.45,6.12,8.51,STRONG_UPTREND,317595.0,66.8,BULLISH,2.8375,-1.0468,3.8843,BULLISH,18.7104,3.43,533.41,481.46,507.43,122.8,10.24,NEAR_UPPER,False,ACCUMULATING,22.47,26.85,12.6,MODERATE_TREND,BULLISH,2026-08-03
INDHOTEL,752.0,811.95,565.0,-7.38,33.1,735.32,707.39,685.01,2.27,6.31,9.78,STRONG_UPTREND,2366188.0,61.83,BULLISH,9.0059,9.1537,-0.1478,BEARISH,15.2924,2.03,753.84,716.8,735.32,95.03,5.04,NEAR_UPPER,False,DISTRIBUTING,27.11,29.25,12.23,MODERATE_TREND,BULLISH,2026-08-03
INDIACEM,390.95,485.8,342.35,-19.52,14.2,392.88,388.02,405.26,-0.49,0.76,-3.53,DOWNTREND,409980.0,48.67,NEUTRAL,3.2074,3.7509,-0.5435,BEARISH_CROSS,12.0221,3.08,417.71,368.04,392.88,46.12,12.64,MID_BAND,False,ACCUMULATING,16.16,18.73,18.72,RANGING,BULLISH,2026-08-03
INDIAGLYCO,1145.2,1222.0,792.5,-6.28,44.5,1126.83,1043.2,990.13,1.63,9.78,15.66,STRONG_UPTREND,183632.0,58.98,BULLISH,31.8074,36.5484,-4.741,BEARISH,39.6853,3.47,1211.57,1042.09,1126.83,60.84,15.04,SQUEEZE,True,ACCUMULATING,33.22,20.45,12.2,STRONG_TREND,BULLISH,2026-08-03
INDIAMART,1798.6,2685.0,1730.0,-33.01,3.97,1858.34,1940.42,2129.67,-3.21,-7.31,-15.55,DOWNTREND,148142.0,39.44,BEARISH,-52.6762,-48.2106,-4.4656,BEARISH,51.3083,2.85,2020.85,1695.83,1858.34,31.62,17.49,MID_BAND,False,DISTRIBUTING,27.16,16.45,22.03,MODERATE_TREND,BEARISH,2026-08-03
INDIANB,845.0,1000.9,642.6,-15.58,31.5,828.89,833.97,861.67,1.94,1.32,-1.93,DOWNTREND,2976713.0,54.52,NEUTRAL,1.1365,-0.3372,1.4737,BULLISH,21.0268,2.49,875.48,782.3,828.89,67.29,11.24,SQUEEZE,True,ACCUMULATING,12.66,27.67,19.93,RANGING,BULLISH,2026-08-03
INDIANCARD,224.29,319.55,153.0,-29.81,46.59,225.9,222.04,221.76,-0.71,1.01,1.14,UPTREND,10107.0,51.11,NEUTRAL,0.6612,1.0415,-0.3803,BEARISH,11.3092,5.04,238.02,213.78,225.9,43.36,10.73,MID_BAND,False,DISTRIBUTING,35.07,18.94,9.19,STRONG_TREND,BULLISH,2026-08-03
INDIANHUME,414.5,432.0,279.8,-4.05,48.14,386.36,344.11,356.78,7.28,20.46,16.18,STRONG_UPTREND,331559.0,64.38,BULLISH,14.3149,15.3178,-1.0029,BEARISH,18.0106,4.35,432.85,339.87,386.36,80.26,24.07,MID_BAND,False,ACCUMULATING,32.56,33.48,17.14,STRONG_TREND,BULLISH,2026-08-03
INDIASHLTR,726.5,968.75,653.2,-25.01,11.22,772.15,770.85,790.89,-5.91,-5.75,-8.14,DOWNTREND,127627.0,34.25,BEARISH,-16.461,-9.0036,-7.4574,BEARISH,22.9381,3.16,852.58,691.73,772.15,21.62,20.83,MID_BAND,False,DISTRIBUTING,28.49,15.94,25.89,MODERATE_TREND,BEARISH,2026-08-03
INDIGO,5400.0,6232.5,3895.2,-13.36,38.63,5216.05,4990.76,4883.42,3.53,8.2,10.58,STRONG_UPTREND,1070464.0,59.93,BULLISH,58.9503,65.38,-6.4296,BEARISH,140.426,2.6,5430.53,5001.57,5216.05,92.88,8.22,NEAR_UPPER,True,DISTRIBUTING,19.44,31.4,24.8,RANGING,BULLISH,2026-08-03
INDIGOPNTS,1087.4,1345.9,708.05,-19.21,53.58,1069.02,1029.71,1020.69,1.72,5.6,6.54,STRONG_UPTREND,60260.0,56.09,BULLISH,17.6073,17.032,0.5753,BULLISH,36.0354,3.31,1110.4,1027.64,1069.02,72.21,7.74,MID_BAND,False,DISTRIBUTING,36.28,25.87,9.87,STRONG_TREND,BULLISH,2026-08-03
INDIQUBE,171.97,243.8,131.15,-29.46,31.12,173.53,167.42,179.04,-0.9,2.72,-3.95,DOWNTREND,139362.0,49.8,NEUTRAL,1.8758,2.344,-0.4682,BEARISH,8.0265,4.67,182.89,164.17,173.53,41.66,10.79,MID_BAND,False,ACCUMULATING,23.18,22.98,14.03,MODERATE_TREND,BULLISH,2026-08-03
INDNIPPON,1173.2,1278.2,675.0,-8.21,73.81,1172.93,1016.81,857.2,0.02,15.38,36.86,STRONG_UPTREND,92880.0,60.26,BULLISH,47.5542,61.626,-14.0718,BEARISH,51.7451,4.41,1295.2,1050.67,1172.93,50.11,20.85,MID_BAND,False,ACCUMULATING,38.28,22.3,17.3,STRONG_TREND,BULLISH,2026-08-03
INDOBORAX,418.7,499.0,230.45,-16.09,81.69,424.85,388.42,,-1.45,7.8,,INSUFFICIENT_DATA,956832.0,53.31,NEUTRAL,0.727,8.0566,-7.3296,BEARISH,30.2194,7.22,495.86,353.84,424.85,45.67,33.43,MID_BAND,False,ACCUMULATING,32.72,28.26,22.07,STRONG_TREND,BULLISH,2026-08-03
INDOCO,221.76,332.2,162.19,-33.25,36.73,241.24,230.5,223.99,-8.07,-3.79,-1.0,DOWNTREND,402931.0,40.81,BEARISH,-3.4522,0.5008,-3.9529,BEARISH,11.7676,5.31,267.37,215.12,241.24,12.71,21.66,MID_BAND,False,DISTRIBUTING,24.22,13.5,25.08,MODERATE_TREND,BEARISH,2026-08-03
INDOFARM,161.6,271.69,110.7,-40.52,45.98,157.12,145.65,161.11,2.85,10.95,0.3,STRONG_UPTREND,313239.0,57.77,BULLISH,2.7002,3.2051,-0.5049,BEARISH,7.7306,4.78,164.56,149.68,157.12,80.13,9.47,SQUEEZE,True,ACCUMULATING,27.57,28.28,14.65,MODERATE_TREND,BULLISH,2026-08-03
INDORAMA,63.49,75.0,29.0,-15.35,118.93,50.43,47.08,44.05,25.9,34.86,44.13,STRONG_UPTREND,417118.0,77.85,OVERBOUGHT,2.8624,1.7929,1.0695,BULLISH,3.2637,5.14,58.62,42.23,50.43,129.71,32.5,NEAR_UPPER,False,ACCUMULATING,34.11,43.68,10.42,STRONG_TREND,BULLISH,2026-08-03
INDOSTAR,245.25,292.0,179.03,-16.01,36.99,263.97,250.65,230.08,-7.09,-2.15,6.59,CONSOLIDATING,164106.0,40.28,BEARISH,1.7512,5.0205,-3.2694,BEARISH,12.3917,5.05,279.75,248.18,263.97,-9.29,11.96,NEAR_LOWER,False,ACCUMULATING,34.1,25.17,15.63,STRONG_TREND,BULLISH,2026-08-03
INDOTHAI,170.75,376.8,170.75,-54.68,0.0,215.56,226.7,,-20.79,-24.68,,INSUFFICIENT_DATA,2296239.0,19.0,OVERSOLD,-7.966,-5.6745,-2.2914,BEARISH_CROSS,13.1546,7.7,237.18,193.93,215.56,-53.6,20.06,NEAR_LOWER,False,DISTRIBUTING,21.98,12.36,34.58,MODERATE_TREND,BEARISH,2026-08-03
INDOUS,83.6,174.06,80.1,-51.97,4.37,86.17,90.4,112.04,-2.98,-7.52,-25.38,DOWNTREND,32272.0,39.6,BEARISH,-2.119,-2.0035,-0.1155,BEARISH,4.2434,5.08,90.62,81.72,86.17,21.17,10.33,MID_BAND,False,DISTRIBUTING,31.96,7.09,13.71,STRONG_TREND,BEARISH,2026-08-03
INDPRUD,6550.0,7052.5,5750.5,-7.13,13.9,6524.6,6495.96,,0.39,0.83,,INSUFFICIENT_DATA,63.0,51.95,NEUTRAL,14.2693,11.794,2.4753,BULLISH,168.6893,2.58,6632.58,6416.62,6524.6,61.76,3.31,SQUEEZE,True,DISTRIBUTING,12.48,23.07,19.21,RANGING,BULLISH,2026-08-03
INDRAMEDCO,368.9,640.85,342.0,-42.44,7.87,371.4,379.84,421.69,-0.67,-2.88,-12.52,DOWNTREND,118505.0,45.69,NEUTRAL,-4.7394,-4.5817,-0.1577,BEARISH,9.0187,2.44,383.28,359.53,371.4,39.46,6.39,MID_BAND,False,DISTRIBUTING,21.94,19.47,25.05,MODERATE_TREND,BEARISH,2026-08-03
INDSWFTLAB,228.63,248.45,87.15,-7.98,162.34,230.65,195.52,138.51,-0.88,16.93,65.06,UPTREND,841100.0,56.59,BULLISH,8.1023,11.5609,-3.4586,BEARISH,11.3926,4.98,245.48,215.83,230.65,43.18,12.85,SQUEEZE,True,ACCUMULATING,37.23,22.65,20.15,STRONG_TREND,BULLISH,2026-08-03
INDTERRAIN,33.39,42.62,24.56,-21.66,35.95,30.07,31.58,32.94,11.04,5.73,1.37,STRONG_UPTREND,29138.0,64.73,BULLISH,-0.6448,-0.8342,0.1894,BULLISH_CROSS,1.678,5.03,33.24,26.91,30.07,102.29,21.08,NEAR_UPPER,False,DISTRIBUTING,19.47,31.24,9.96,RANGING,BULLISH,2026-08-03
INDUSINDBK,1028.9,1077.85,710.6,-4.54,44.79,1016.97,961.4,892.47,1.17,7.02,15.29,STRONG_UPTREND,2505100.0,58.53,BULLISH,15.6519,19.6487,-3.9968,BEARISH,24.4703,2.38,1057.41,976.52,1016.97,64.75,7.95,MID_BAND,False,ACCUMULATING,27.24,31.26,20.87,MODERATE_TREND,BULLISH,2026-08-03
INDUSTOWER,395.3,481.5,312.55,-17.9,26.48,396.35,407.1,419.37,-0.26,-2.9,-5.74,DOWNTREND,5833079.0,48.27,NEUTRAL,-3.8083,-3.9668,0.1585,BULLISH_CROSS,11.0507,2.8,413.7,379.01,396.36,46.96,8.75,SQUEEZE,True,ACCUMULATING,20.07,14.95,24.68,MODERATE_TREND,BEARISH,2026-08-03
INFOBEAN,171.95,257.5,116.5,-33.22,47.6,164.15,163.39,172.79,4.75,5.24,-0.49,DOWNTREND,668793.0,58.14,BULLISH,1.4231,0.5267,0.8964,BULLISH,8.0471,4.68,175.17,153.12,164.15,85.4,13.43,MID_BAND,False,ACCUMULATING,29.05,31.29,11.82,MODERATE_TREND,BULLISH,2026-08-03
INFOMEDIA,5.38,7.9,4.5,-31.9,19.56,5.58,5.68,,-3.58,-5.28,,INSUFFICIENT_DATA,16548.0,42.03,BEARISH,-0.0803,-0.0595,-0.0208,BEARISH,0.3808,7.08,5.9,5.26,5.58,18.18,11.43,MID_BAND,False,DISTRIBUTING,14.13,11.78,20.85,RANGING,BEARISH,2026-08-03
INFY,1180.0,1728.0,982.4,-31.71,20.11,1090.86,1108.67,1348.38,8.17,6.43,-12.49,DOWNTREND,15316941.0,64.02,BULLISH,13.9163,0.1401,13.7761,BULLISH,36.5181,3.09,1167.33,1014.4,1090.87,108.28,14.02,NEAR_UPPER,False,ACCUMULATING,15.0,41.81,26.74,RANGING,BULLISH,2026-08-03
INGERRAND,4327.0,4756.2,3063.3,-9.02,41.25,4412.78,4340.15,3895.22,-1.94,-0.3,11.08,CONSOLIDATING,14991.0,46.04,NEUTRAL,-22.621,2.1951,-24.8161,BEARISH,125.8122,2.91,4637.03,4188.53,4412.78,30.87,10.16,MID_BAND,False,ACCUMULATING,19.62,22.33,17.2,RANGING,BULLISH,2026-08-03
INNOVACAP,956.4,1034.85,622.0,-7.58,53.76,976.63,940.27,779.73,-2.07,1.72,22.66,UPTREND,45816.0,48.1,NEUTRAL,5.1573,10.0544,-4.897,BEARISH,30.6926,3.21,1007.95,945.3,976.63,17.72,6.42,MID_BAND,False,DISTRIBUTING,24.26,16.45,15.9,MODERATE_TREND,BULLISH,2026-08-03
INNOVANA,322.0,524.95,292.8,-38.66,9.97,328.25,325.42,,-1.9,-1.05,,INSUFFICIENT_DATA,3353.0,46.44,NEUTRAL,0.4144,1.2125,-0.7981,BEARISH,18.3091,5.69,351.14,305.35,328.25,36.36,13.95,MID_BAND,False,ACCUMULATING,20.75,20.5,15.25,MODERATE_TREND,BULLISH,2026-08-03
INNOVISION,285.75,470.0,278.0,-39.2,2.79,287.08,290.98,,-0.46,-1.8,,INSUFFICIENT_DATA,30415.0,45.3,NEUTRAL,-2.1139,-2.3259,0.212,BULLISH,7.6004,2.66,292.93,281.24,287.08,38.6,4.07,SQUEEZE,True,ACCUMULATING,17.42,20.73,16.48,RANGING,BULLISH,2026-08-03
INOXINDIA,1920.4,2119.8,1065.0,-9.41,80.32,1949.65,1826.98,1373.06,-1.5,5.11,39.86,UPTREND,334231.0,50.64,NEUTRAL,22.0893,42.6425,-20.5532,BEARISH,93.039,4.84,2094.25,1805.05,1949.65,39.89,14.83,MID_BAND,False,ACCUMULATING,25.16,22.05,16.26,MODERATE_TREND,BULLISH,2026-08-03
INOXWIND,78.9,159.3,73.81,-50.47,6.9,79.07,85.07,103.67,-0.21,-7.25,-23.89,DOWNTREND,11447053.0,44.57,BEARISH,-2.6184,-2.9352,0.3168,BULLISH,2.5989,3.29,84.56,73.58,79.07,48.46,13.88,MID_BAND,False,DISTRIBUTING,32.72,21.1,29.06,STRONG_TREND,BEARISH,2026-08-03
INSECTICID,663.6,1058.8,518.6,-37.33,27.96,641.27,678.6,667.21,3.48,-2.21,-0.54,DOWNTREND,23271.0,55.81,BULLISH,-10.9402,-15.1473,4.2071,BULLISH,21.9188,3.3,682.06,600.48,641.27,77.37,12.72,MID_BAND,False,DISTRIBUTING,13.88,23.63,17.5,RANGING,BULLISH,2026-08-03
INTELLECT,748.85,1244.6,595.2,-39.83,25.81,744.73,742.44,822.39,0.55,0.86,-8.94,DOWNTREND,656417.0,52.87,NEUTRAL,-6.0394,-3.6027,-2.4367,BEARISH,29.2449,3.91,785.39,704.06,744.73,55.07,10.92,MID_BAND,False,ACCUMULATING,13.2,25.78,21.16,RANGING,BULLISH,2026-08-03
INTENTECH,83.07,149.9,66.3,-44.58,25.29,91.3,95.84,,-9.01,-13.32,,INSUFFICIENT_DATA,49473.0,24.71,OVERSOLD,-3.551,-2.7458,-0.8052,BEARISH,4.1982,5.05,100.18,82.42,91.3,3.65,19.45,NEAR_LOWER,False,DISTRIBUTING,19.56,9.69,18.92,RANGING,BEARISH,2026-08-03
INTERARCH,1846.1,2762.6,1600.0,-33.18,15.38,1821.47,1823.44,2015.49,1.35,1.24,-8.4,DOWNTREND,35827.0,52.68,NEUTRAL,-9.3221,-9.28,-0.0422,BEARISH,54.5122,2.95,1862.95,1779.99,1821.47,79.69,4.55,SQUEEZE,True,DISTRIBUTING,23.61,15.1,21.54,MODERATE_TREND,BEARISH,2026-08-03
INTLCONV,73.77,114.54,60.0,-35.59,22.95,77.06,79.13,80.87,-4.27,-6.77,-8.78,DOWNTREND,50764.0,34.36,BEARISH,-1.5816,-1.2894,-0.2922,BEARISH,2.8449,3.86,81.9,72.21,77.06,16.07,12.57,MID_BAND,False,DISTRIBUTING,16.31,12.31,15.25,RANGING,BEARISH,2026-08-03
INVENTURE,0.91,1.72,0.81,-47.09,12.35,0.91,0.93,1.08,0.0,-2.15,-15.74,DOWNTREND,1002937.0,47.35,NEUTRAL,-0.0089,-0.0114,0.0025,BULLISH,0.0285,3.13,0.93,0.89,0.91,61.26,4.41,SQUEEZE,True,ACCUMULATING,14.4,24.16,12.88,RANGING,BULLISH,2026-08-03
IOB,34.1,41.8,31.2,-18.42,9.29,34.06,33.97,35.16,0.12,0.38,-3.01,DOWNTREND,4788506.0,50.31,NEUTRAL,-0.0494,-0.0126,-0.0369,BEARISH,0.6877,2.02,34.97,33.14,34.06,52.43,5.38,MID_BAND,False,ACCUMULATING,13.53,30.95,22.94,RANGING,BULLISH,2026-08-03
IOC,143.7,188.96,130.22,-23.95,10.35,140.53,140.97,153.96,2.26,1.94,-6.66,DOWNTREND,13316012.0,56.94,BULLISH,0.0821,-0.0841,0.1662,BULLISH_CROSS,2.9682,2.07,144.22,136.84,140.53,92.99,5.25,NEAR_UPPER,False,ACCUMULATING,11.9,33.91,22.22,RANGING,BULLISH,2026-08-03
IOLCP,151.7,179.6,67.19,-15.53,125.78,156.59,142.71,98.44,-3.12,6.3,54.1,UPTREND,6682067.0,53.03,NEUTRAL,1.2147,3.2437,-2.0289,BEARISH,8.1303,5.36,176.62,136.56,156.59,37.79,25.58,SQUEEZE,True,ACCUMULATING,26.19,20.17,16.1,MODERATE_TREND,BULLISH,2026-08-03
IONEXCHANG,429.95,486.0,312.7,-11.53,37.5,427.78,397.36,376.66,0.51,8.2,14.15,STRONG_UPTREND,1214176.0,55.51,BULLISH,5.7977,8.5005,-2.7028,BEARISH,16.3356,3.8,461.63,393.94,427.79,53.2,15.82,SQUEEZE,True,ACCUMULATING,20.56,25.09,20.67,MODERATE_TREND,BULLISH,2026-08-03
IPCALAB,1725.6,1944.9,1251.6,-11.28,37.87,1798.98,1685.96,1526.1,-4.08,2.35,13.07,UPTREND,225162.0,44.49,BEARISH,15.3204,32.9205,-17.6,BEARISH,55.5514,3.22,1895.28,1702.68,1798.98,11.9,10.71,MID_BAND,False,ACCUMULATING,25.09,16.84,20.58,MODERATE_TREND,BEARISH,2026-08-03
IPL,148.57,245.84,125.0,-39.57,18.86,153.23,158.83,161.46,-3.04,-6.46,-7.98,DOWNTREND,394763.0,37.76,BEARISH,-2.4,-2.4791,0.0792,BULLISH,5.0826,3.42,159.75,146.72,153.23,14.22,8.5,MID_BAND,False,ACCUMULATING,11.62,19.81,29.08,RANGING,BEARISH,2026-08-03
IRB,20.18,23.95,19.15,-15.74,5.38,20.0,20.75,21.07,0.9,-2.75,-4.22,DOWNTREND,12251093.0,48.69,NEUTRAL,-0.242,-0.3119,0.0699,BULLISH,0.4758,2.36,20.56,19.43,20.0,66.17,5.64,SQUEEZE,True,ACCUMULATING,24.2,26.5,18.98,MODERATE_TREND,BULLISH,2026-08-03
IRCON,131.88,189.5,114.5,-30.41,15.18,128.64,133.17,147.23,2.52,-0.97,-10.43,DOWNTREND,1125597.0,54.42,NEUTRAL,-1.9179,-2.336,0.4181,BULLISH_CROSS,3.0454,2.31,133.63,123.66,128.64,82.45,7.75,MID_BAND,False,ACCUMULATING,13.26,31.73,22.41,RANGING,BULLISH,2026-08-03
IRCTC,513.5,739.0,485.3,-30.51,5.81,498.41,509.87,586.69,3.03,0.71,-12.48,DOWNTREND,950750.0,57.75,BULLISH,-3.8039,-5.2527,1.4488,BULLISH_CROSS,9.6719,1.88,510.97,485.85,498.41,110.07,5.04,NEAR_UPPER,False,DISTRIBUTING,16.31,27.84,18.63,RANGING,BULLISH,2026-08-03
IREDA,123.0,163.35,108.65,-24.7,13.21,121.6,124.46,130.05,1.15,-1.17,-5.42,DOWNTREND,4115496.0,51.5,NEUTRAL,-1.2727,-1.4523,0.1797,BULLISH_CROSS,2.487,2.02,125.41,117.79,121.6,68.34,6.26,SQUEEZE,True,DISTRIBUTING,12.71,25.49,21.19,RANGING,BULLISH,2026-08-03
IRFC,90.25,137.17,86.02,-34.21,4.92,88.57,92.91,106.01,1.9,-2.86,-14.87,DOWNTREND,7989240.0,50.95,NEUTRAL,-1.097,-1.6186,0.5216,BULLISH,1.6356,1.81,90.46,86.67,88.57,94.35,4.28,NEAR_UPPER,False,DISTRIBUTING,25.05,21.11,22.72,MODERATE_TREND,BEARISH,2026-08-03
IRIS,254.52,388.1,203.0,-34.42,25.38,248.42,251.47,268.42,2.46,1.21,-5.18,DOWNTREND,26000.0,54.25,NEUTRAL,-2.0086,-2.519,0.5104,BULLISH_CROSS,12.9877,5.1,264.76,232.09,248.42,68.66,13.15,MID_BAND,False,DISTRIBUTING,15.74,20.88,14.32,RANGING,BULLISH,2026-08-03
IRISDOREME,53.52,54.5,26.35,-1.8,103.11,47.05,41.84,35.62,13.75,27.92,50.25,STRONG_UPTREND,780648.0,85.38,OVERBOUGHT,2.7496,2.2971,0.4525,BULLISH,2.5115,4.69,52.49,41.62,47.05,109.52,23.09,NEAR_UPPER,False,ACCUMULATING,37.38,33.76,6.83,STRONG_TREND,BULLISH,2026-08-03
IRMENERGY,265.0,393.0,165.4,-32.57,60.22,260.23,264.26,262.19,1.83,0.28,1.07,STRONG_UPTREND,51037.0,53.99,NEUTRAL,-2.1965,-2.716,0.5196,BULLISH_CROSS,7.8038,2.94,267.44,253.02,260.23,83.1,5.54,MID_BAND,False,DISTRIBUTING,12.96,26.44,13.6,RANGING,BULLISH,2026-08-03
ISFT,82.5,119.07,54.05,-30.71,52.64,77.08,80.5,82.2,7.03,2.48,0.36,STRONG_UPTREND,12965.0,63.39,BULLISH,0.2631,-0.6914,0.9544,BULLISH,4.0426,4.9,82.52,71.64,77.08,99.81,14.11,NEAR_UPPER,False,ACCUMULATING,28.11,18.78,8.11,MODERATE_TREND,BULLISH,2026-08-03
ISGEC,838.95,1113.9,683.95,-24.68,22.66,876.99,911.73,898.16,-4.34,-7.98,-6.59,DOWNTREND,31508.0,33.24,BEARISH,-23.8395,-21.2712,-2.5683,BEARISH,24.0848,2.87,933.76,820.22,876.99,16.5,12.95,MID_BAND,False,DISTRIBUTING,30.98,7.97,31.0,STRONG_TREND,BEARISH,2026-08-03
ISHANCH,51.84,83.37,45.0,-37.82,15.2,53.57,57.21,,-3.23,-9.39,,INSUFFICIENT_DATA,32572.0,39.37,BEARISH,-1.5783,-1.5986,0.0203,BULLISH_CROSS,3.289,6.34,57.38,49.75,53.57,27.34,14.24,MID_BAND,False,ACCUMULATING,18.0,29.14,11.09,RANGING,BULLISH,2026-08-03
ITC,287.0,427.0,275.0,-32.79,4.36,282.21,285.67,328.14,1.7,0.47,-12.54,DOWNTREND,16973643.0,54.19,NEUTRAL,-0.6526,-1.4638,0.8112,BULLISH,5.0482,1.76,288.88,275.53,282.21,85.89,4.73,MID_BAND,False,ACCUMULATING,17.53,22.68,18.89,RANGING,BULLISH,2026-08-03
ITCHOTELS,165.22,253.67,137.3,-34.87,20.34,171.36,166.26,176.44,-3.58,-0.63,-6.36,DOWNTREND,3506026.0,46.61,NEUTRAL,-2.4581,-1.1347,-1.3234,BEARISH,5.0196,3.04,191.56,151.16,171.36,34.81,23.58,MID_BAND,False,DISTRIBUTING,24.02,24.77,24.15,MODERATE_TREND,BULLISH,2026-08-03
ITDC,715.2,822.0,368.0,-12.99,94.35,730.17,644.21,569.02,-2.05,11.02,25.69,UPTREND,5105543.0,54.26,NEUTRAL,20.2513,29.6118,-9.3605,BEARISH,36.6773,5.13,785.64,674.69,730.16,36.51,15.19,SQUEEZE,True,ACCUMULATING,44.75,31.28,14.93,STRONG_TREND,BULLISH,2026-08-03
ITI,282.15,372.85,237.0,-24.33,19.05,282.34,293.33,292.55,-0.07,-3.81,-3.55,DOWNTREND,456507.0,46.73,NEUTRAL,-5.0095,-5.0983,0.0889,BULLISH_CROSS,7.0807,2.51,294.01,270.67,282.34,49.19,8.26,SQUEEZE,True,ACCUMULATING,10.32,23.9,18.22,RANGING,BULLISH,2026-08-03
IVALUE,274.7,340.0,207.35,-19.21,32.48,291.07,268.89,259.78,-5.62,2.16,5.74,UPTREND,421457.0,44.38,BEARISH,1.0426,5.0466,-4.004,BEARISH,13.4425,4.89,316.31,265.82,291.06,17.59,17.35,MID_BAND,False,ACCUMULATING,28.07,15.66,22.41,MODERATE_TREND,BEARISH,2026-08-03
IVC,8.45,9.88,6.02,-14.47,40.37,8.26,8.21,7.81,2.3,2.92,8.19,STRONG_UPTREND,161760.0,63.21,BULLISH,0.0443,0.0341,0.0102,BULLISH,0.2256,2.67,8.47,8.04,8.26,94.79,5.21,NEAR_UPPER,False,ACCUMULATING,33.07,24.08,9.44,STRONG_TREND,BULLISH,2026-08-03
IWP,33.13,39.15,28.0,-15.38,18.32,32.98,33.57,,0.45,-1.31,,INSUFFICIENT_DATA,4554.0,49.79,NEUTRAL,-0.0902,-0.1674,0.0772,BULLISH,1.5805,4.77,33.68,32.29,32.98,60.58,4.2,MID_BAND,False,ACCUMULATING,15.83,20.12,12.35,RANGING,BULLISH,2026-08-03
IXIGO,199.6,339.15,151.27,-41.15,31.95,198.87,187.32,205.38,0.37,6.56,-2.81,DOWNTREND,946303.0,54.34,NEUTRAL,0.7561,1.6942,-0.938,BEARISH,7.8962,3.96,213.98,183.76,198.87,52.41,15.19,SQUEEZE,True,ACCUMULATING,17.21,26.59,20.73,RANGING,BULLISH,2026-08-03
IZMO,988.9,1175.4,372.3,-15.87,165.62,1049.01,980.11,,-5.73,0.9,,INSUFFICIENT_DATA,121740.0,43.5,BEARISH,11.5674,28.3744,-16.807,BEARISH,56.3289,5.7,1170.06,927.95,1049.0,25.17,23.08,MID_BAND,False,ACCUMULATING,23.94,21.8,22.28,MODERATE_TREND,BEARISH,2026-08-03
J&KBANK,156.12,201.75,97.35,-22.62,60.37,173.2,161.73,124.86,-9.86,-3.47,25.04,CONSOLIDATING,8491247.0,40.7,BEARISH,-0.8849,3.0069,-3.8919,BEARISH,8.5389,5.47,196.19,150.21,173.2,12.85,26.55,MID_BAND,False,DISTRIBUTING,33.99,23.29,28.78,STRONG_TREND,BEARISH,2026-08-03
JAGRAN,62.88,78.9,59.5,-20.3,5.68,63.16,65.64,66.79,-0.44,-4.2,-5.85,DOWNTREND,222958.0,44.18,BEARISH,-0.5711,-0.7494,0.1783,BULLISH,1.2322,1.96,64.36,61.96,63.16,38.44,3.81,MID_BAND,False,DISTRIBUTING,16.2,16.9,18.2,RANGING,BEARISH,2026-08-03
JAGSNPHARM,235.37,264.5,155.0,-11.01,51.85,227.71,220.15,199.38,3.36,6.91,18.05,STRONG_UPTREND,799941.0,58.96,BULLISH,2.5046,1.9807,0.5239,BULLISH,11.0192,4.68,239.03,216.4,227.71,83.84,9.94,MID_BAND,False,ACCUMULATING,28.38,33.78,11.26,MODERATE_TREND,BULLISH,2026-08-03
JAICORPLTD,103.83,178.24,88.0,-41.75,17.99,105.63,111.68,118.56,-1.7,-7.03,-12.42,DOWNTREND,321330.0,42.12,BEARISH,-3.1253,-3.0928,-0.0325,BEARISH,2.9789,2.87,113.57,97.69,105.63,38.69,15.03,MID_BAND,False,DISTRIBUTING,26.87,17.29,28.69,MODERATE_TREND,BEARISH,2026-08-03
JAINREC,350.2,593.95,247.57,-41.04,41.45,338.98,352.8,401.76,3.31,-0.74,-12.83,DOWNTREND,1547107.0,52.56,NEUTRAL,-4.2072,-7.4244,3.2173,BULLISH,16.1836,4.62,351.96,326.01,338.98,93.22,7.66,NEAR_UPPER,False,ACCUMULATING,22.11,15.55,26.06,MODERATE_TREND,BEARISH,2026-08-03
JAIPURKURT,26.91,42.8,24.4,-37.13,10.29,27.45,28.72,31.71,-1.97,-6.3,-15.14,DOWNTREND,18548.0,43.53,BEARISH,-0.4733,-0.4873,0.0141,BULLISH_CROSS,1.5172,5.64,28.66,26.23,27.45,27.95,8.85,MID_BAND,False,DISTRIBUTING,30.18,6.55,13.27,STRONG_TREND,BEARISH,2026-08-03
JAMNAAUTO,140.86,152.6,89.01,-7.69,58.25,133.51,129.68,123.81,5.51,8.62,13.77,STRONG_UPTREND,1771867.0,62.14,BULLISH,1.0071,1.0172,-0.0101,BEARISH,4.603,3.27,138.92,128.1,133.51,117.88,8.11,NEAR_UPPER,False,ACCUMULATING,10.95,28.39,17.68,RANGING,BULLISH,2026-08-03
JARO,472.55,890.0,383.5,-46.9,23.22,491.39,524.23,504.16,-3.83,-9.86,-6.27,DOWNTREND,97381.0,39.88,BEARISH,-13.1354,-12.0912,-1.0442,BEARISH,17.1484,3.63,531.54,451.24,491.39,26.54,16.34,MID_BAND,False,DISTRIBUTING,17.13,16.83,22.07,RANGING,BEARISH,2026-08-03
JASH,500.6,572.85,327.1,-12.61,53.04,513.01,487.97,431.01,-2.42,2.59,16.15,UPTREND,154262.0,48.52,NEUTRAL,1.9065,6.4683,-4.5618,BEARISH,19.1701,3.83,543.45,482.57,513.01,29.61,11.87,MID_BAND,False,ACCUMULATING,14.39,19.95,20.06,RANGING,BEARISH,2026-08-03
JAYAGROGN,230.95,260.25,147.26,-11.26,56.83,221.47,219.44,201.55,4.28,5.25,14.59,STRONG_UPTREND,14166.0,58.59,BULLISH,3.6,2.9166,0.6835,BULLISH,10.1037,4.37,237.32,205.61,221.47,79.91,14.32,MID_BAND,False,ACCUMULATING,29.45,29.08,10.72,MODERATE_TREND,BULLISH,2026-08-03
JAYBARMARU,162.17,207.0,74.15,-21.66,118.71,173.26,157.57,,-6.4,2.92,,INSUFFICIENT_DATA,914860.0,48.1,NEUTRAL,-0.9857,2.3178,-3.3034,BEARISH,9.8472,6.07,201.65,144.87,173.26,30.47,32.77,MID_BAND,False,DISTRIBUTING,30.59,22.98,26.88,STRONG_TREND,BEARISH,2026-08-03
JAYKAY,165.32,219.7,115.52,-24.75,43.11,169.55,176.13,,-2.49,-6.14,,INSUFFICIENT_DATA,155892.0,45.88,NEUTRAL,-3.3983,-3.0091,-0.3892,BEARISH,7.5305,4.56,183.96,155.14,169.55,35.33,17.0,MID_BAND,False,DISTRIBUTING,13.01,21.31,21.67,RANGING,BEARISH,2026-08-03
JAYNECOIND,88.18,117.0,53.42,-24.63,65.07,88.22,90.98,84.19,-0.05,-3.08,4.74,CONSOLIDATING,5523333.0,49.03,NEUTRAL,-0.9991,-1.1916,0.1925,BULLISH,3.9494,4.48,93.75,82.69,88.22,49.63,12.54,MID_BAND,False,ACCUMULATING,12.99,17.53,19.94,RANGING,BEARISH,2026-08-03
JAYSREETEA,83.27,115.2,70.55,-27.72,18.03,82.25,84.5,85.93,1.24,-1.46,-3.1,DOWNTREND,28099.0,50.79,NEUTRAL,-0.995,-1.2398,0.2448,BULLISH,2.5024,3.01,85.07,79.43,82.25,68.16,6.86,MID_BAND,False,DISTRIBUTING,8.65,20.36,13.99,RANGING,BULLISH,2026-08-03
JBMA,662.6,790.0,477.0,-16.13,38.91,671.23,675.93,615.38,-1.29,-1.97,7.67,CONSOLIDATING,361758.0,45.8,NEUTRAL,-4.3304,-3.1456,-1.1849,BEARISH,19.6044,2.96,692.52,649.94,671.23,29.73,6.34,SQUEEZE,True,ACCUMULATING,8.44,20.83,21.61,RANGING,BEARISH,2026-08-03
JETFREIGHT,22.67,25.95,11.9,-12.64,90.5,22.75,22.23,,-0.35,1.98,,INSUFFICIENT_DATA,359867.0,50.6,NEUTRAL,0.1756,0.3195,-0.1439,BEARISH,1.5502,6.84,25.23,20.27,22.75,48.39,21.78,MID_BAND,False,ACCUMULATING,25.61,22.45,20.34,MODERATE_TREND,BULLISH,2026-08-03
JGCHEM,508.4,532.0,298.4,-4.44,70.38,473.29,444.56,387.81,7.42,14.36,31.1,STRONG_UPTREND,322374.0,68.11,BULLISH,19.9155,17.7333,2.1822,BULLISH,19.6409,3.86,531.09,415.5,473.29,80.37,24.42,MID_BAND,False,ACCUMULATING,39.83,33.73,11.93,STRONG_TREND,BULLISH,2026-08-03
JHS,7.64,13.9,6.26,-45.04,22.04,7.44,7.9,9.67,2.69,-3.29,-20.99,DOWNTREND,76165.0,52.4,NEUTRAL,-0.0864,-0.1405,0.0541,BULLISH,0.4239,5.55,7.69,7.2,7.44,90.46,6.56,NEAR_UPPER,False,DISTRIBUTING,24.13,13.86,10.36,MODERATE_TREND,BULLISH,2026-08-03
JINDALPHOT,1064.0,1616.6,830.05,-34.18,28.19,1103.9,1094.16,1245.29,-3.61,-2.76,-14.56,DOWNTREND,7299.0,41.31,BEARISH,-16.2409,-9.8564,-6.3845,BEARISH,42.3523,3.98,1191.39,1016.41,1103.9,27.2,15.85,MID_BAND,False,ACCUMULATING,18.72,13.78,18.99,RANGING,BEARISH,2026-08-03
JINDALPOLY,625.0,1026.45,365.0,-39.11,71.23,655.0,664.63,615.28,-4.58,-5.96,1.58,CONSOLIDATING,23358.0,40.65,BEARISH,-10.4936,-8.0076,-2.486,BEARISH,23.2572,3.72,707.1,602.9,655.0,21.21,15.91,MID_BAND,False,DISTRIBUTING,13.49,18.04,22.85,RANGING,BEARISH,2026-08-03
JINDALSAW,259.3,278.95,153.0,-7.04,69.48,261.78,254.23,203.77,-0.95,1.99,27.25,UPTREND,1882334.0,51.05,NEUTRAL,0.3525,1.7078,-1.3553,BEARISH,9.2204,3.56,274.91,248.65,261.78,40.55,10.03,MID_BAND,False,ACCUMULATING,13.07,18.82,19.91,RANGING,BEARISH,2026-08-03
JINDALSTEL,1105.1,1306.2,943.3,-15.4,17.15,1050.64,1103.39,1123.57,5.18,0.15,-1.64,DOWNTREND,1199378.0,60.27,BULLISH,-0.2736,-12.6977,12.4242,BULLISH,26.4949,2.4,1103.35,997.93,1050.64,101.66,10.03,NEAR_UPPER,False,ACCUMULATING,29.37,28.8,16.44,MODERATE_TREND,BULLISH,2026-08-03
JINDRILL,611.15,693.5,440.1,-11.87,38.87,599.6,594.33,546.55,1.93,2.83,11.82,STRONG_UPTREND,2057655.0,55.47,BULLISH,4.6427,3.4803,1.1624,BULLISH,23.7456,3.89,637.97,561.23,599.6,65.05,12.8,MID_BAND,False,ACCUMULATING,21.85,32.59,18.84,MODERATE_TREND,BULLISH,2026-08-03
JINDWORLD,40.41,42.4,17.85,-4.69,126.39,34.11,31.61,28.44,18.47,27.84,42.09,STRONG_UPTREND,29099691.0,70.07,OVERBOUGHT,2.532,2.0067,0.5253,BULLISH,2.5236,6.24,42.73,25.49,34.11,86.55,50.53,MID_BAND,False,ACCUMULATING,45.38,37.19,8.79,STRONG_TREND,BULLISH,2026-08-03
JIOFIN,263.0,333.7,223.3,-21.19,17.78,240.59,239.22,260.48,9.31,9.94,0.97,STRONG_UPTREND,23726272.0,69.88,BULLISH,3.705,1.0966,2.6084,BULLISH,6.5598,2.49,256.95,224.22,240.59,118.47,13.61,NEAR_UPPER,False,ACCUMULATING,16.66,47.29,15.0,RANGING,BULLISH,2026-08-03
JISLDVREQS,22.53,35.48,18.5,-36.5,21.78,22.31,23.12,24.64,0.99,-2.55,-8.56,DOWNTREND,19484.0,50.07,NEUTRAL,-0.3874,-0.4467,0.0592,BULLISH,1.1149,4.95,23.75,20.87,22.31,57.66,12.93,MID_BAND,False,DISTRIBUTING,15.94,18.19,11.54,RANGING,BULLISH,2026-08-03
JISLJALEQS,31.33,59.0,27.1,-46.9,15.61,30.87,31.75,36.03,1.49,-1.32,-13.04,DOWNTREND,1719295.0,50.83,NEUTRAL,-0.6474,-0.6564,0.009,BULLISH_CROSS,1.0906,3.48,32.83,28.91,30.87,61.75,12.68,SQUEEZE,True,DISTRIBUTING,21.9,26.55,22.77,MODERATE_TREND,BULLISH,2026-08-03
JITFINFRA,345.25,478.0,222.35,-27.77,55.27,350.28,330.34,,-1.44,4.51,,INSUFFICIENT_DATA,66518.0,51.11,NEUTRAL,7.0387,10.9752,-3.9365,BEARISH,18.9048,5.48,406.44,294.12,350.28,45.52,32.07,MID_BAND,False,ACCUMULATING,20.07,22.5,22.32,MODERATE_TREND,BULLISH,2026-08-03
JKCEMENT,5563.5,7565.5,4671.5,-26.46,19.09,5512.82,5349.68,5514.48,0.92,4.0,0.89,STRONG_UPTREND,86847.0,53.04,NEUTRAL,58.094,69.4705,-11.3765,BEARISH,164.3413,2.95,5792.81,5232.84,5512.82,59.05,10.16,MID_BAND,False,ACCUMULATING,10.24,16.66,23.66,RANGING,BEARISH,2026-08-03
JKIL,485.2,685.4,425.0,-29.21,14.16,491.84,491.98,530.85,-1.35,-1.38,-8.6,DOWNTREND,96578.0,46.51,NEUTRAL,-2.8622,-1.7319,-1.1303,BEARISH,11.9972,2.47,507.98,475.69,491.84,29.45,6.57,MID_BAND,False,ACCUMULATING,12.0,18.02,15.04,RANGING,BULLISH,2026-08-03
JKLAKSHMI,568.65,989.8,549.95,-42.55,3.4,570.23,585.85,686.19,-0.28,-2.94,-17.13,DOWNTREND,120982.0,43.85,BEARISH,-6.1492,-6.7404,0.5912,BULLISH,13.9271,2.45,582.7,557.75,570.23,43.68,4.38,MID_BAND,False,ACCUMULATING,12.98,19.04,18.64,RANGING,BULLISH,2026-08-03
JKPAPER,385.75,444.8,304.85,-13.28,26.54,378.53,365.38,357.79,1.91,5.58,7.81,STRONG_UPTREND,1191638.0,55.05,BULLISH,8.5399,8.3679,0.172,BULLISH,14.6602,3.8,409.9,347.16,378.53,61.51,16.58,MID_BAND,False,ACCUMULATING,37.7,27.61,14.04,STRONG_TREND,BULLISH,2026-08-03
JKTYRE,410.3,611.9,311.0,-32.95,31.93,402.59,396.67,444.05,1.92,3.44,-7.6,DOWNTREND,1041280.0,56.26,BULLISH,0.7003,0.6467,0.0536,BULLISH_CROSS,11.6185,2.83,419.3,385.89,402.59,73.06,8.3,MID_BAND,False,DISTRIBUTING,11.81,31.02,23.57,RANGING,BULLISH,2026-08-03
JLHL,319.0,1625.0,235.6,-80.37,35.4,310.82,286.81,546.36,2.63,11.22,-41.61,DOWNTREND,206444.0,63.59,BULLISH,12.4011,12.1525,0.2486,BULLISH,11.5639,3.63,340.42,281.21,310.82,63.82,19.05,MID_BAND,False,ACCUMULATING,51.19,21.7,11.55,STRONG_TREND,BULLISH,2026-08-03
JMA,88.67,98.0,70.25,-9.52,26.22,88.55,90.05,84.8,0.14,-1.53,4.56,CONSOLIDATING,6572.0,49.48,NEUTRAL,-0.5588,-0.577,0.0182,BULLISH_CROSS,3.4104,3.85,90.76,86.34,88.55,52.66,4.99,MID_BAND,False,DISTRIBUTING,9.84,13.44,9.97,RANGING,BULLISH,2026-08-03
JMFINANCIL,120.89,199.8,112.0,-39.49,7.94,124.1,124.9,134.01,-2.59,-3.21,-9.79,DOWNTREND,2226980.0,41.89,BEARISH,-1.2164,-0.9464,-0.27,BEARISH,3.7656,3.11,128.66,119.53,124.1,14.88,7.36,MID_BAND,False,ACCUMULATING,11.7,14.54,25.68,RANGING,BEARISH,2026-08-03
JNKINDIA,410.85,558.0,200.92,-26.37,104.48,479.14,461.9,313.25,-14.25,-11.05,31.16,CONSOLIDATING,637215.0,34.82,BEARISH,-8.4563,0.9902,-9.4466,BEARISH,26.7952,6.52,540.98,417.3,479.14,-5.21,25.81,NEAR_LOWER,False,DISTRIBUTING,21.27,16.48,32.53,MODERATE_TREND,BEARISH,2026-08-03
JPOLYINVST,1029.2,1487.7,716.05,-30.82,43.73,1065.07,1068.84,1068.44,-3.37,-3.71,-3.67,DOWNTREND,6918.0,40.62,BEARISH,-15.9255,-10.432,-5.4935,BEARISH,35.5082,3.45,1127.54,1002.6,1065.07,21.29,11.73,MID_BAND,False,ACCUMULATING,20.55,14.49,20.03,MODERATE_TREND,BEARISH,2026-08-03
JPPOWER,18.76,24.5,13.15,-23.43,42.66,17.2,18.11,17.25,9.07,3.59,8.75,STRONG_UPTREND,71040014.0,65.8,BULLISH,0.0032,-0.2122,0.2154,BULLISH,0.6561,3.5,18.26,16.13,17.2,123.44,12.39,NEAR_UPPER,False,ACCUMULATING,16.14,37.5,13.38,RANGING,BULLISH,2026-08-03
JSFB,584.85,593.0,330.0,-1.37,77.23,518.29,491.12,432.69,12.84,19.08,35.17,STRONG_UPTREND,1436700.0,71.51,OVERBOUGHT,26.7688,20.9716,5.7972,BULLISH,22.9902,3.93,606.94,429.64,518.29,87.54,34.21,MID_BAND,False,ACCUMULATING,33.22,35.36,10.8,STRONG_TREND,BULLISH,2026-08-03
JSL,731.7,884.0,652.25,-17.23,12.18,724.05,707.42,752.33,1.06,3.43,-2.74,DOWNTREND,466142.0,55.42,BULLISH,6.859,6.5487,0.3103,BULLISH,17.7794,2.43,752.24,695.86,724.05,63.57,7.79,MID_BAND,False,ACCUMULATING,15.51,20.9,16.99,RANGING,BULLISH,2026-08-03
JSLL,582.5,849.5,492.0,-31.43,18.39,572.26,587.68,657.61,1.79,-0.88,-11.42,DOWNTREND,427769.0,51.91,NEUTRAL,-4.8076,-7.9653,3.1577,BULLISH,23.8453,4.09,594.09,550.42,572.26,73.45,7.63,MID_BAND,False,ACCUMULATING,8.31,26.14,18.18,RANGING,BULLISH,2026-08-03
JSWCEMENT,132.9,162.15,106.65,-18.04,24.61,136.2,132.85,124.22,-2.42,0.04,6.99,UPTREND,2051452.0,46.14,NEUTRAL,-0.1641,0.7577,-0.9219,BEARISH,3.3127,2.49,142.77,129.62,136.2,24.94,9.66,MID_BAND,False,DISTRIBUTING,19.0,21.21,24.65,RANGING,BEARISH,2026-08-03
JSWDULUX,3015.5,3376.2,2857.0,-10.68,5.55,2977.36,3086.45,,1.28,-2.3,,INSUFFICIENT_DATA,18409.0,49.68,NEUTRAL,-38.4078,-42.0692,3.6614,BULLISH_CROSS,88.4989,2.93,3097.96,2856.75,2977.36,65.81,8.1,MID_BAND,False,ACCUMULATING,18.18,24.48,17.78,RANGING,BULLISH,2026-08-03
JSWENERGY,569.0,617.35,427.75,-7.83,33.02,551.25,564.88,516.92,3.22,0.73,10.08,STRONG_UPTREND,2365599.0,57.31,BULLISH,-1.5446,-2.7901,1.2455,BULLISH_CROSS,13.8547,2.43,571.19,531.31,551.25,94.5,7.23,NEAR_UPPER,False,DISTRIBUTING,10.73,25.82,18.76,RANGING,BULLISH,2026-08-03
JSWHL,12016.0,22790.0,10530.0,-47.28,14.11,11175.5,11931.16,15329.12,7.52,0.71,-21.61,DOWNTREND,3860.0,61.91,BULLISH,-170.9084,-294.9488,124.0404,BULLISH,370.4982,3.08,11782.46,10568.54,11175.5,119.24,10.86,NEAR_UPPER,False,DISTRIBUTING,26.89,28.67,16.31,MODERATE_TREND,BULLISH,2026-08-03
JSWINFRA,329.0,355.8,233.42,-7.53,40.95,329.75,309.97,278.45,-0.23,6.14,18.15,UPTREND,3930770.0,54.13,NEUTRAL,1.6949,4.9164,-3.2216,BEARISH,11.123,3.38,354.16,305.35,329.75,48.45,14.8,MID_BAND,False,ACCUMULATING,21.52,24.55,19.33,MODERATE_TREND,BULLISH,2026-08-03
JSWSTEEL,1292.3,1328.0,1022.3,-2.69,26.41,1249.37,1262.92,1210.52,3.44,2.33,6.76,STRONG_UPTREND,1757732.0,62.3,BULLISH,5.8712,0.2255,5.6457,BULLISH,25.709,1.99,1288.69,1210.06,1249.38,104.59,6.29,NEAR_UPPER,False,ACCUMULATING,17.5,30.2,13.28,RANGING,BULLISH,2026-08-03
JTEKTINDIA,141.74,188.5,117.01,-24.81,21.13,138.0,134.41,139.05,2.71,5.45,1.93,STRONG_UPTREND,258527.0,59.39,BULLISH,0.096,-0.1017,0.1976,BULLISH_CROSS,5.0107,3.54,147.56,128.45,138.0,69.56,13.85,MID_BAND,False,DISTRIBUTING,18.03,25.84,15.4,RANGING,BULLISH,2026-08-03
JTLIND,75.73,87.2,40.25,-13.15,88.15,75.75,74.97,66.65,-0.03,1.01,13.62,UPTREND,1883214.0,51.19,NEUTRAL,-0.7083,-0.5805,-0.1278,BEARISH,3.1023,4.1,81.47,70.03,75.75,49.81,15.1,MID_BAND,False,DISTRIBUTING,15.81,21.93,19.33,RANGING,BULLISH,2026-08-03
JUBLCPL,1822.3,3013.4,1460.0,-39.53,24.82,1943.17,1916.79,,-6.22,-4.93,,INSUFFICIENT_DATA,4119.0,39.86,BEARISH,-42.9487,-20.7214,-22.2273,BEARISH,73.6413,4.04,2167.92,1718.42,1943.17,23.11,23.13,MID_BAND,False,DISTRIBUTING,27.89,12.67,22.98,MODERATE_TREND,BEARISH,2026-08-03
JUBLFOOD,470.0,670.45,408.55,-29.9,15.04,430.99,427.64,495.99,9.05,9.91,-5.24,DOWNTREND,2692937.0,68.73,BULLISH,4.3494,0.172,4.1774,BULLISH,12.4991,2.66,458.11,403.86,430.99,121.91,12.59,NEAR_UPPER,False,ACCUMULATING,16.63,35.77,12.82,RANGING,BULLISH,2026-08-03
JUBLINGREA,757.45,795.0,537.3,-4.72,40.97,731.91,679.66,667.3,3.49,11.45,13.51,STRONG_UPTREND,661858.0,61.43,BULLISH,17.8572,19.4312,-1.574,BEARISH,25.8349,3.41,774.22,689.6,731.91,80.18,11.56,SQUEEZE,True,DISTRIBUTING,30.08,23.51,11.62,STRONG_TREND,BULLISH,2026-08-03
JUBLPHARMA,933.15,1184.8,786.05,-21.24,18.71,980.46,977.57,980.29,-4.83,-4.54,-4.81,DOWNTREND,146844.0,37.09,BEARISH,-7.5418,-0.4053,-7.1366,BEARISH,26.3171,2.82,1035.22,925.69,980.46,6.81,11.17,NEAR_LOWER,False,ACCUMULATING,15.66,17.06,27.76,RANGING,BEARISH,2026-08-03
JUNIPER,197.75,312.5,188.5,-36.72,4.91,196.2,197.06,220.94,0.79,0.35,-10.5,DOWNTREND,133150.0,52.07,NEUTRAL,-0.4447,-0.7184,0.2736,BULLISH,5.2772,2.67,200.06,192.33,196.2,70.11,3.94,MID_BAND,False,ACCUMULATING,9.68,17.67,14.12,RANGING,BULLISH,2026-08-03
JUSTDIAL,710.65,878.6,480.5,-19.12,47.9,703.73,603.31,628.23,0.98,17.79,13.12,STRONG_UPTREND,5255774.0,57.59,BULLISH,39.0716,45.9685,-6.8969,BEARISH,33.8684,4.77,871.18,536.27,703.73,52.07,47.59,MID_BAND,False,ACCUMULATING,40.18,32.59,16.36,STRONG_TREND,BULLISH,2026-08-03
JWL,264.95,372.85,235.65,-28.94,12.43,253.38,267.35,284.81,4.57,-0.9,-6.97,DOWNTREND,1266603.0,58.13,BULLISH,-2.2709,-4.6057,2.3348,BULLISH,7.6593,2.89,264.46,242.29,253.38,102.21,8.75,NEAR_UPPER,False,ACCUMULATING,17.34,34.04,16.45,RANGING,BULLISH,2026-08-03
JYOTHYLAB,206.06,352.7,188.1,-41.58,9.55,200.06,200.23,243.77,3.0,2.91,-15.47,DOWNTREND,576858.0,57.66,BULLISH,0.6074,-0.2185,0.8259,BULLISH,5.2078,2.53,208.41,191.71,200.06,85.93,8.35,MID_BAND,False,ACCUMULATING,13.32,25.62,20.56,RANGING,BULLISH,2026-08-03
JYOTICNC,858.3,1055.9,580.1,-18.71,47.96,797.25,732.05,818.31,7.66,17.25,4.89,STRONG_UPTREND,784164.0,70.03,OVERBOUGHT,22.4756,21.1569,1.3187,BULLISH_CROSS,29.9779,3.49,840.45,754.05,797.25,120.66,10.84,NEAR_UPPER,False,ACCUMULATING,36.09,24.45,8.22,STRONG_TREND,BULLISH,2026-08-03
JYOTISTRUC,11.6,17.42,7.94,-33.41,46.1,11.18,11.86,11.31,3.76,-2.19,2.56,CONSOLIDATING,3612050.0,54.99,NEUTRAL,-0.233,-0.2878,0.0547,BULLISH_CROSS,0.4409,3.8,11.82,10.54,11.18,82.71,11.51,MID_BAND,False,DISTRIBUTING,19.62,21.9,21.37,RANGING,BULLISH,2026-08-03
KABRAEXTRU,418.6,447.95,180.0,-6.55,132.56,346.73,284.31,242.75,20.73,47.23,72.44,STRONG_UPTREND,259733.0,72.85,OVERBOUGHT,34.6935,31.0935,3.6,BULLISH,24.7951,5.92,429.42,264.04,346.73,93.46,47.7,NEAR_UPPER,False,ACCUMULATING,53.43,40.55,13.29,STRONG_TREND,BULLISH,2026-08-03
KAJARIACER,1214.7,1311.4,869.6,-7.37,39.68,1219.81,1167.95,1066.0,-0.42,4.0,13.95,UPTREND,328407.0,54.72,NEUTRAL,8.0052,14.6442,-6.639,BEARISH,31.7844,2.62,1251.43,1188.19,1219.81,41.92,5.19,MID_BAND,False,ACCUMULATING,25.17,17.62,15.4,MODERATE_TREND,BULLISH,2026-08-03
KALAMANDIR,90.03,223.03,86.2,-59.63,4.44,93.24,101.64,120.29,-3.44,-11.42,-25.16,DOWNTREND,840442.0,35.46,BEARISH,-4.1754,-4.2906,0.1152,BULLISH_CROSS,3.077,3.42,104.58,81.91,93.24,35.83,24.32,MID_BAND,False,DISTRIBUTING,33.88,13.51,22.71,STRONG_TREND,BEARISH,2026-08-03
KALPATARU,300.7,429.3,258.0,-29.96,16.55,281.91,303.94,326.66,6.67,-1.07,-7.95,DOWNTREND,292868.0,57.57,BULLISH,-3.7759,-8.1849,4.409,BULLISH,12.3691,4.11,303.97,259.85,281.91,92.59,15.65,NEAR_UPPER,False,ACCUMULATING,20.86,38.4,12.33,MODERATE_TREND,BULLISH,2026-08-03
KALYANIFRG,599.6,849.65,523.6,-29.43,14.51,612.33,610.63,619.65,-2.08,-1.81,-3.24,DOWNTREND,1317.0,43.77,BEARISH,-3.1687,-1.9806,-1.188,BEARISH,21.3621,3.56,636.89,587.76,612.33,24.1,8.02,MID_BAND,False,DISTRIBUTING,10.76,19.76,18.23,RANGING,BULLISH,2026-08-03
KALYANKJIL,608.0,648.95,327.05,-6.31,85.9,545.83,438.36,436.45,11.39,38.7,39.31,STRONG_UPTREND,50127605.0,70.43,OVERBOUGHT,55.077,53.5205,1.5565,BULLISH,25.2203,4.15,703.09,388.56,545.83,69.77,57.63,MID_BAND,False,ACCUMULATING,43.39,39.26,16.25,STRONG_TREND,BULLISH,2026-08-03
KAMAHOLD,2516.4,2750.0,2461.0,-8.49,2.25,2566.09,2593.5,,-1.94,-2.97,,INSUFFICIENT_DATA,3619.0,43.5,BEARISH,-20.6821,-12.2816,-8.4005,BEARISH,66.833,2.66,2674.66,2457.52,2566.09,27.12,8.46,MID_BAND,False,ACCUMULATING,15.21,20.76,18.64,RANGING,BULLISH,2026-08-03
KAMATHOTEL,170.15,329.8,140.2,-48.41,21.36,175.92,175.37,197.96,-3.28,-2.98,-14.05,DOWNTREND,38004.0,44.63,BEARISH,-2.7525,-1.7642,-0.9883,BEARISH,5.6622,3.33,191.88,159.95,175.92,31.94,18.15,MID_BAND,False,DISTRIBUTING,19.55,15.35,19.09,RANGING,BEARISH,2026-08-03
KAMOPAINTS,4.56,10.76,3.6,-57.62,26.67,4.66,4.98,5.92,-2.15,-8.43,-22.97,DOWNTREND,279972.0,36.44,BEARISH,-0.1211,-0.1322,0.011,BULLISH,0.1897,4.16,5.03,4.3,4.66,35.66,15.62,MID_BAND,False,DISTRIBUTING,26.27,12.86,14.67,MODERATE_TREND,BEARISH,2026-08-03
KANANIIND,1.5,2.27,1.02,-33.92,47.06,1.51,1.53,1.59,-0.66,-1.96,-5.66,DOWNTREND,96228.0,46.61,NEUTRAL,-0.0137,-0.014,0.0003,BULLISH_CROSS,0.0736,4.91,1.55,1.47,1.51,39.65,5.76,MID_BAND,False,DISTRIBUTING,26.08,18.93,18.96,MODERATE_TREND,BEARISH,2026-08-03
KANPRPLA,211.01,247.0,151.25,-14.57,39.51,204.8,198.46,192.64,3.03,6.32,9.54,STRONG_UPTREND,48570.0,55.67,BULLISH,4.6707,4.3263,0.3444,BULLISH,11.46,5.43,224.22,185.38,204.8,65.99,18.96,MID_BAND,False,ACCUMULATING,30.53,24.75,14.62,STRONG_TREND,BULLISH,2026-08-03
KANSAINER,204.18,264.0,157.91,-22.66,29.3,200.58,208.32,212.99,1.79,-1.99,-4.14,DOWNTREND,226419.0,51.74,NEUTRAL,-2.3262,-2.8709,0.5446,BULLISH,5.8578,2.87,207.66,193.49,200.57,75.46,7.06,MID_BAND,False,DISTRIBUTING,19.47,21.42,20.26,RANGING,BULLISH,2026-08-03
KAPSTON,525.9,534.0,158.13,-1.52,232.57,435.23,384.03,,20.83,36.94,,INSUFFICIENT_DATA,72615.0,85.61,OVERBOUGHT,31.7542,27.4031,4.3511,BULLISH,19.1948,3.65,516.52,353.94,435.23,105.77,37.35,NEAR_UPPER,False,ACCUMULATING,53.4,50.76,5.84,STRONG_TREND,BULLISH,2026-08-03
KARMAENG,38.5,73.7,34.38,-47.76,11.98,38.5,40.95,,0.0,-5.98,,INSUFFICIENT_DATA,4887.0,45.47,NEUTRAL,-0.9425,-1.113,0.1705,BULLISH,2.1607,5.61,40.25,36.76,38.5,49.97,9.06,SQUEEZE,True,DISTRIBUTING,21.11,14.19,13.07,MODERATE_TREND,BULLISH,2026-08-03
KARURVYSYA,348.1,351.8,201.82,-1.05,72.48,321.64,303.22,284.85,8.23,14.8,22.2,STRONG_UPTREND,7377507.0,71.59,OVERBOUGHT,12.8129,10.8611,1.9518,BULLISH,10.0061,2.87,361.03,282.25,321.64,83.58,24.49,MID_BAND,False,ACCUMULATING,25.49,30.22,11.24,MODERATE_TREND,BULLISH,2026-08-03
KAVDEFENCE,58.52,108.06,55.05,-45.84,6.3,59.03,61.58,,-0.86,-4.97,,INSUFFICIENT_DATA,72306.0,44.84,BEARISH,-1.6258,-1.6546,0.0288,BULLISH_CROSS,2.6094,4.46,63.47,54.6,59.03,44.21,15.04,MID_BAND,False,DISTRIBUTING,20.65,15.15,18.19,MODERATE_TREND,BEARISH,2026-08-03
KAYA,278.45,429.0,224.01,-35.09,24.3,258.3,250.96,,7.8,10.95,,INSUFFICIENT_DATA,38966.0,65.19,BULLISH,9.122,6.5389,2.5832,BULLISH,12.0885,4.34,294.91,221.69,258.3,77.52,28.35,MID_BAND,False,ACCUMULATING,33.4,25.27,7.98,STRONG_TREND,BULLISH,2026-08-03
KAYNES,3805.0,7705.0,2995.0,-50.62,27.05,3380.34,3267.26,4009.08,12.56,16.46,-5.09,DOWNTREND,1373981.0,69.93,BULLISH,95.7547,35.9857,59.7689,BULLISH,136.5919,3.59,3762.93,2997.74,3380.34,105.5,22.64,NEAR_UPPER,False,ACCUMULATING,22.37,39.21,13.48,MODERATE_TREND,BULLISH,2026-08-03
KCP,152.97,212.7,125.0,-28.08,22.38,166.29,166.06,169.35,-8.01,-7.88,-9.67,DOWNTREND,148691.0,31.49,BEARISH,-2.4961,-1.0999,-1.3961,BEARISH,6.0432,3.95,176.78,155.8,166.29,-13.48,12.62,NEAR_LOWER,False,DISTRIBUTING,18.58,11.26,28.77,RANGING,BEARISH,2026-08-03
KCPSUGIND,32.59,36.95,21.45,-11.8,51.93,25.63,24.03,24.93,27.16,35.62,30.73,STRONG_UPTREND,966398.0,76.04,OVERBOUGHT,2.5924,1.6231,0.9693,BULLISH,1.7734,5.44,34.81,16.45,25.63,87.9,71.62,MID_BAND,False,ACCUMULATING,46.53,35.17,5.56,STRONG_TREND,BULLISH,2026-08-03
KDDL,3463.2,3495.0,1990.0,-0.91,74.03,3197.17,3055.28,2539.41,8.32,13.35,36.38,STRONG_UPTREND,17113.0,69.17,BULLISH,58.8845,50.4951,8.3894,BULLISH_CROSS,125.0164,3.61,3395.81,2998.53,3197.17,116.96,12.43,NEAR_UPPER,False,ACCUMULATING,32.99,33.21,11.0,STRONG_TREND,BULLISH,2026-08-03
KEC,478.75,937.8,460.3,-48.95,4.01,484.89,500.59,602.72,-1.27,-4.36,-20.57,DOWNTREND,962761.0,44.36,BEARISH,-10.6372,-10.2675,-0.3697,BEARISH,13.2521,2.77,511.84,457.95,484.89,38.6,11.11,SQUEEZE,True,ACCUMULATING,15.3,22.94,24.19,RANGING,BEARISH,2026-08-03
KECL,135.26,148.0,75.47,-8.61,79.22,120.58,99.06,,12.17,36.54,,INSUFFICIENT_DATA,1136732.0,68.23,BULLISH,13.1534,12.6799,0.4735,BULLISH,8.7989,6.51,162.82,78.33,120.58,67.38,70.08,MID_BAND,False,ACCUMULATING,44.91,31.04,16.56,STRONG_TREND,BULLISH,2026-08-03
KEEPLEARN,1.94,3.21,1.51,-39.56,28.48,1.86,1.95,2.14,4.3,-0.51,-9.35,DOWNTREND,50007.0,54.53,NEUTRAL,-0.0035,-0.0214,0.018,BULLISH,0.1502,7.74,1.98,1.75,1.86,83.03,12.35,MID_BAND,False,ACCUMULATING,43.36,9.28,19.71,STRONG_TREND,BEARISH,2026-08-03
KEI,5023.3,5708.0,3712.2,-12.0,35.32,4981.57,5208.28,4618.71,0.84,-3.55,8.76,CONSOLIDATING,284681.0,49.03,NEUTRAL,-84.9639,-94.5602,9.5962,BULLISH_CROSS,143.0605,2.85,5194.49,4768.64,4981.57,59.8,8.55,MID_BAND,False,DISTRIBUTING,18.13,24.6,23.76,RANGING,BULLISH,2026-08-03
KELLTONTEC,14.27,29.05,13.0,-50.88,9.77,14.66,15.3,16.87,-2.66,-6.73,-15.41,DOWNTREND,1531716.0,39.62,BEARISH,-0.3467,-0.3173,-0.0294,BEARISH,0.4361,3.06,15.63,13.68,14.66,30.18,13.32,MID_BAND,False,DISTRIBUTING,13.59,18.33,21.21,RANGING,BEARISH,2026-08-03
KENNAMET,2907.5,3400.3,2405.2,-14.49,20.88,2815.97,2894.21,,3.25,0.46,,INSUFFICIENT_DATA,17698.0,55.58,BULLISH,-10.6238,-22.325,11.7013,BULLISH,100.6857,3.46,2897.45,2734.48,2815.97,106.17,5.79,NEAR_UPPER,False,ACCUMULATING,11.19,24.67,15.99,RANGING,BULLISH,2026-08-03
KERNEX,2278.0,2445.0,850.0,-6.83,168.0,2186.66,2042.68,1394.95,4.18,11.52,63.3,STRONG_UPTREND,169990.0,58.23,BULLISH,62.3032,66.5354,-4.2322,BEARISH,107.4045,4.71,2341.57,2031.75,2186.66,79.48,14.17,MID_BAND,False,ACCUMULATING,17.5,28.43,20.84,RANGING,BULLISH,2026-08-03
KEYFINSERV,253.2,382.1,220.0,-33.73,15.09,261.39,260.04,280.99,-3.13,-2.63,-9.89,DOWNTREND,1142.0,42.11,BEARISH,-1.6003,-0.6775,-0.9228,BEARISH,11.8187,4.67,271.51,251.27,261.39,9.53,7.74,NEAR_LOWER,True,DISTRIBUTING,11.11,11.62,14.36,RANGING,BEARISH,2026-08-03
KFINTECH,945.0,1215.0,784.95,-22.22,20.39,901.99,877.98,965.36,4.77,7.63,-2.11,DOWNTREND,1658410.0,59.35,BULLISH,18.1827,12.5816,5.6011,BULLISH,29.7311,3.15,974.61,829.36,901.98,79.62,16.1,MID_BAND,False,ACCUMULATING,19.25,28.28,16.9,RANGING,BULLISH,2026-08-03
KHAICHEM,49.35,135.8,42.92,-63.66,14.98,55.27,53.13,,-10.71,-7.11,,INSUFFICIENT_DATA,462830.0,41.06,BEARISH,-1.3531,-0.0036,-1.3496,BEARISH,3.8387,7.78,66.91,43.63,55.27,24.56,42.12,MID_BAND,False,DISTRIBUTING,23.75,28.11,24.42,MODERATE_TREND,BULLISH,2026-08-03
KHAITANLTD,155.39,155.4,85.0,-0.01,82.81,116.82,104.24,,33.02,49.07,,INSUFFICIENT_DATA,23885.0,77.48,OVERBOUGHT,11.3066,7.7178,3.5888,BULLISH,10.4457,6.72,149.41,84.23,116.82,109.17,55.8,NEAR_UPPER,False,DISTRIBUTING,40.65,42.15,8.33,STRONG_TREND,BULLISH,2026-08-03
KHANDSE,17.52,29.0,12.2,-39.59,43.61,17.45,17.84,18.66,0.4,-1.79,-6.11,DOWNTREND,3760.0,50.06,NEUTRAL,-0.0432,-0.0906,0.0475,BULLISH,1.0762,6.14,18.08,16.81,17.45,55.77,7.25,MID_BAND,False,DISTRIBUTING,13.79,9.56,9.01,RANGING,BULLISH,2026-08-03
KICL,5522.0,6554.9,4011.0,-15.76,37.67,5469.0,5288.34,4974.53,0.97,4.42,11.01,STRONG_UPTREND,2026.0,56.19,BULLISH,36.8632,51.1925,-14.3293,BEARISH,150.0045,2.72,5657.35,5280.65,5469.0,64.07,6.89,MID_BAND,False,ACCUMULATING,21.38,24.85,16.9,MODERATE_TREND,BULLISH,2026-08-03
KIMS,820.6,858.0,575.8,-4.36,42.51,801.69,793.66,699.78,2.36,3.39,17.27,STRONG_UPTREND,544357.0,60.37,BULLISH,3.1578,2.5762,0.5816,BULLISH_CROSS,19.9767,2.43,821.47,781.91,801.69,97.81,4.93,NEAR_UPPER,True,ACCUMULATING,17.26,21.73,12.23,RANGING,BULLISH,2026-08-03
KINGFA,5185.5,5699.4,3495.3,-9.02,48.36,5089.8,5157.72,,1.88,0.54,,INSUFFICIENT_DATA,6530.0,54.55,NEUTRAL,12.0793,-3.6436,15.7229,BULLISH,168.2627,3.24,5226.06,4953.54,5089.8,85.12,5.35,MID_BAND,False,DISTRIBUTING,25.59,27.66,11.8,MODERATE_TREND,BULLISH,2026-08-03
KIOCL,394.9,634.55,290.65,-37.77,35.87,369.42,386.36,375.8,6.9,2.21,5.08,STRONG_UPTREND,272217.0,60.99,BULLISH,-5.5972,-8.1543,2.557,BULLISH_CROSS,15.533,3.93,396.36,342.47,369.42,97.28,14.59,NEAR_UPPER,False,ACCUMULATING,18.5,32.27,16.33,RANGING,BULLISH,2026-08-03
KIRANVYPAR,202.99,211.45,148.27,-4.0,36.91,195.3,187.55,,3.94,8.23,,INSUFFICIENT_DATA,1828.0,58.89,BULLISH,2.9856,2.6629,0.3227,BULLISH,8.7746,4.32,205.36,185.24,195.3,88.24,10.3,MID_BAND,False,ACCUMULATING,29.58,16.36,6.42,MODERATE_TREND,BULLISH,2026-08-03
KIRIINDUS,425.6,779.0,333.8,-45.37,27.5,401.7,396.37,457.5,5.95,7.37,-6.97,DOWNTREND,234672.0,67.68,BULLISH,6.3321,4.2431,2.089,BULLISH,12.3752,2.91,425.12,378.29,401.7,101.04,11.66,NEAR_UPPER,False,ACCUMULATING,40.29,31.68,9.01,STRONG_TREND,BULLISH,2026-08-03
KIRLFER,475.05,513.0,408.0,-7.4,16.43,468.76,456.69,,1.34,4.02,,INSUFFICIENT_DATA,69872.0,54.55,NEUTRAL,4.4329,4.8342,-0.4013,BEARISH,16.7466,3.53,484.66,452.87,468.76,69.77,6.78,MID_BAND,False,ACCUMULATING,26.86,20.73,12.46,MODERATE_TREND,BULLISH,2026-08-03
KIRLOSBROS,1859.7,2189.2,1335.0,-15.05,39.3,1880.08,1830.94,1677.08,-1.08,1.57,10.89,UPTREND,100437.0,48.61,NEUTRAL,-0.3928,6.8423,-7.2351,BEARISH,72.1893,3.88,1947.5,1812.66,1880.08,34.89,7.17,MID_BAND,False,DISTRIBUTING,14.61,19.31,17.33,RANGING,BULLISH,2026-08-03
KIRLOSENG,2225.2,2720.0,855.8,-18.19,160.01,2276.25,2140.57,1526.28,-2.24,3.95,45.79,UPTREND,493851.0,50.61,NEUTRAL,0.4622,23.7319,-23.2697,BEARISH,105.9141,4.76,2488.63,2063.87,2276.25,37.98,18.66,MID_BAND,False,DISTRIBUTING,22.6,23.17,18.23,MODERATE_TREND,BULLISH,2026-08-03
KIRLOSIND,3952.6,4574.8,2463.0,-13.6,60.48,3904.61,3666.78,3294.44,1.23,7.79,19.98,STRONG_UPTREND,9613.0,57.69,BULLISH,23.6941,39.5464,-15.8522,BEARISH,137.2082,3.47,4167.15,3642.07,3904.61,59.14,13.45,MID_BAND,False,DISTRIBUTING,23.64,29.41,17.89,MODERATE_TREND,BULLISH,2026-08-03
KIRLPNU,1463.3,2197.1,990.1,-33.4,47.79,1629.07,1697.17,1299.79,-10.18,-13.78,12.58,CONSOLIDATING,220493.0,34.05,BEARISH,-80.5164,-58.2619,-22.2545,BEARISH,71.7172,4.9,1894.31,1363.83,1629.07,18.75,32.56,MID_BAND,False,DISTRIBUTING,25.67,15.25,28.7,MODERATE_TREND,BEARISH,2026-08-03
KISSHT,313.6,351.5,190.0,-10.78,65.05,325.36,296.35,,-3.61,5.82,,INSUFFICIENT_DATA,1913361.0,48.7,NEUTRAL,9.5252,13.5485,-4.0233,BEARISH,16.504,5.26,351.7,299.01,325.36,27.68,16.19,MID_BAND,False,ACCUMULATING,29.85,18.55,21.3,MODERATE_TREND,BEARISH,2026-08-03
KITEX,146.34,232.7,138.2,-37.11,5.89,149.15,154.88,173.21,-1.88,-5.51,-15.51,DOWNTREND,345522.0,40.48,BEARISH,-3.009,-2.9438,-0.0652,BEARISH,3.98,2.72,156.18,142.12,149.15,30.02,9.43,SQUEEZE,True,DISTRIBUTING,20.55,19.54,24.3,MODERATE_TREND,BEARISH,2026-08-03
KKCL,509.95,595.0,408.35,-14.29,24.88,500.9,479.91,481.23,1.81,6.26,5.97,STRONG_UPTREND,29017.0,57.49,BULLISH,5.186,6.2367,-1.0507,BEARISH,14.156,2.78,512.21,489.58,500.9,90.01,4.52,NEAR_UPPER,False,ACCUMULATING,25.7,13.84,9.82,MODERATE_TREND,BULLISH,2026-08-03
KLBRENG-B,421.6,544.85,417.45,-22.62,0.99,445.61,469.21,,-5.39,-10.15,,INSUFFICIENT_DATA,79622.0,27.97,OVERSOLD,-12.4301,-11.6449,-0.7852,BEARISH,15.2423,3.62,470.7,420.51,445.61,2.17,11.26,NEAR_LOWER,False,DISTRIBUTING,28.96,14.4,15.51,MODERATE_TREND,BEARISH,2026-08-03
KMEW,2493.5,2737.0,804.0,-8.9,210.14,2422.99,2202.72,1803.3,2.91,13.2,38.27,STRONG_UPTREND,106423.0,56.89,BULLISH,86.2744,90.1403,-3.8659,BEARISH,126.3402,5.07,2620.8,2225.18,2422.99,67.82,16.33,MID_BAND,False,ACCUMULATING,28.93,28.02,16.54,MODERATE_TREND,BULLISH,2026-08-03
KMSUGAR,28.19,33.73,23.0,-16.42,22.57,28.01,27.28,26.87,0.64,3.34,4.91,STRONG_UPTREND,131750.0,53.7,NEUTRAL,0.1641,0.2389,-0.0748,BEARISH,1.0348,3.67,29.23,26.79,28.01,57.33,8.74,MID_BAND,False,ACCUMULATING,20.8,25.21,19.93,MODERATE_TREND,BULLISH,2026-08-03
KNACK,197.28,220.72,180.33,-10.62,9.4,,,,,,,INSUFFICIENT_DATA,5531184.0,57.88,BULLISH,,,,,9.7864,4.96,,,,,,,False,,,,,,,2026-08-03
KNAGRI,207.06,233.9,148.3,-11.47,39.62,206.51,203.4,,0.27,1.8,,INSUFFICIENT_DATA,8257.0,50.03,NEUTRAL,1.4921,1.5995,-0.1074,BEARISH_CROSS,8.8541,4.28,220.33,192.69,206.51,51.99,13.38,MID_BAND,False,DISTRIBUTING,26.59,27.11,14.4,MODERATE_TREND,BULLISH,2026-08-03
KNRCON,126.53,220.0,108.65,-42.49,16.46,123.97,128.3,138.71,2.07,-1.38,-8.78,DOWNTREND,573093.0,53.0,NEUTRAL,-1.9344,-2.2035,0.2691,BULLISH_CROSS,3.515,2.78,130.04,117.91,123.97,71.07,9.78,SQUEEZE,True,DISTRIBUTING,21.89,24.12,23.48,MODERATE_TREND,BULLISH,2026-08-03
KOHINOOR,23.25,35.83,19.2,-35.11,21.09,23.65,24.52,25.61,-1.69,-5.18,-9.22,DOWNTREND,103879.0,41.61,BEARISH,-0.486,-0.4792,-0.0068,BEARISH,0.823,3.54,24.93,22.36,23.65,34.48,10.86,MID_BAND,False,DISTRIBUTING,44.41,9.79,20.43,STRONG_TREND,BEARISH,2026-08-03
KOKUYOCMLN,85.93,128.0,71.05,-32.87,20.94,85.56,86.05,87.57,0.43,-0.14,-1.87,DOWNTREND,22159.0,50.33,NEUTRAL,-0.5071,-0.5703,0.0632,BULLISH_CROSS,2.6994,3.14,88.06,83.06,85.56,57.37,5.84,MID_BAND,False,DISTRIBUTING,14.21,19.5,14.23,RANGING,BULLISH,2026-08-03
KOLTEPATIL,391.4,483.9,292.25,-19.12,33.93,381.94,373.45,370.89,2.48,4.81,5.53,STRONG_UPTREND,91504.0,57.56,BULLISH,4.875,4.6997,0.1753,BULLISH,13.6742,3.49,402.73,361.16,381.94,72.75,10.88,MID_BAND,False,ACCUMULATING,19.11,19.21,14.58,RANGING,BULLISH,2026-08-03
KOTAKBANK,397.5,453.2,345.5,-12.29,15.05,383.5,389.15,401.42,3.65,2.15,-0.98,DOWNTREND,15858696.0,59.78,BULLISH,0.6708,-0.9713,1.6421,BULLISH,7.6217,1.92,395.92,371.08,383.5,106.38,6.48,NEAR_UPPER,False,ACCUMULATING,22.18,27.56,11.22,MODERATE_TREND,BULLISH,2026-08-03
KOTARISUG,26.13,37.68,22.5,-30.65,16.13,25.33,25.33,26.29,3.16,3.16,-0.61,DOWNTREND,33927.0,60.78,BULLISH,-0.0212,-0.1086,0.0874,BULLISH,0.9952,3.81,26.31,24.34,25.33,90.71,7.78,NEAR_UPPER,False,DISTRIBUTING,13.13,19.09,12.83,RANGING,BULLISH,2026-08-03
KOTHARIPET,147.14,174.0,94.75,-15.44,55.29,133.23,126.92,125.77,10.44,15.93,16.99,STRONG_UPTREND,107292.0,68.06,BULLISH,3.5409,2.3533,1.1877,BULLISH,6.024,4.09,142.67,123.78,133.23,123.68,14.17,NEAR_UPPER,False,ACCUMULATING,44.04,35.29,6.51,STRONG_TREND,BULLISH,2026-08-03
KOTHARIPRO,68.66,109.0,58.0,-37.01,18.38,67.98,69.97,71.6,1.0,-1.87,-4.11,DOWNTREND,8254.0,50.95,NEUTRAL,-0.771,-0.8152,0.0442,BULLISH_CROSS,2.9084,4.24,69.97,66.0,67.98,67.04,5.83,MID_BAND,False,DISTRIBUTING,23.38,16.12,17.95,MODERATE_TREND,BEARISH,2026-08-03
KOTIC,155.65,223.7,142.15,-30.42,9.5,168.5,164.07,,-7.63,-5.13,,INSUFFICIENT_DATA,121586.0,38.41,BEARISH,-2.4211,-0.7279,-1.6931,BEARISH,10.4031,6.68,184.55,152.44,168.5,9.98,19.05,NEAR_LOWER,False,ACCUMULATING,16.51,17.37,22.51,RANGING,BEARISH,2026-08-03
KOVAI,5832.5,6340.0,5275.5,-8.0,10.56,5914.57,5801.88,,-1.39,0.53,,INSUFFICIENT_DATA,3490.0,46.2,NEUTRAL,4.2061,16.4181,-12.212,BEARISH,154.4185,2.65,6075.85,5753.3,5914.57,24.55,5.45,MID_BAND,False,ACCUMULATING,25.78,17.87,16.65,MODERATE_TREND,BULLISH,2026-08-03
KPEL,316.25,463.25,237.9,-31.73,32.93,315.85,336.01,335.13,0.13,-5.88,-5.63,DOWNTREND,164385.0,45.64,NEUTRAL,-7.8159,-8.6723,0.8564,BULLISH,10.1227,3.2,332.57,299.13,315.85,51.2,10.59,MID_BAND,False,DISTRIBUTING,24.05,18.6,20.38,MODERATE_TREND,BEARISH,2026-08-03
KPIGREEN,380.85,542.25,335.65,-29.76,13.47,396.34,403.24,421.7,-3.91,-5.55,-9.69,DOWNTREND,451048.0,37.97,BEARISH,-6.5042,-4.4751,-2.0291,BEARISH,10.5068,2.76,416.77,375.9,396.33,12.11,10.31,MID_BAND,False,ACCUMULATING,18.54,12.76,32.16,RANGING,BEARISH,2026-08-03
KPIL,1283.5,1479.6,1007.1,-13.25,27.45,1313.11,1324.45,1213.69,-2.25,-3.09,5.75,CONSOLIDATING,127302.0,43.25,BEARISH,-13.5904,-9.1801,-4.4104,BEARISH,37.9705,2.96,1364.26,1261.95,1313.11,21.06,7.79,SQUEEZE,True,DISTRIBUTING,21.09,12.57,18.73,MODERATE_TREND,BEARISH,2026-08-03
KPITTECH,619.25,1328.0,543.0,-53.37,14.04,573.07,666.67,882.06,8.06,-7.11,-29.8,DOWNTREND,5726014.0,52.89,NEUTRAL,-12.532,-25.0859,12.5539,BULLISH,26.7367,4.32,624.0,522.14,573.07,95.34,17.77,NEAR_UPPER,False,ACCUMULATING,31.4,32.69,24.41,STRONG_TREND,BULLISH,2026-08-03
KPL,2562.0,2890.3,1561.0,-11.36,64.13,2651.66,2516.06,,-3.38,1.83,,INSUFFICIENT_DATA,21970.0,47.64,NEUTRAL,24.5179,57.5304,-33.0125,BEARISH,123.0689,4.8,2808.22,2495.09,2651.65,21.37,11.81,MID_BAND,False,ACCUMULATING,26.32,16.12,17.1,MODERATE_TREND,BEARISH,2026-08-03
KPRMILL,1063.7,1334.0,796.1,-20.26,33.61,1089.79,1085.42,971.53,-2.39,-2.0,9.49,CONSOLIDATING,297512.0,46.14,NEUTRAL,-15.2341,-7.7522,-7.4819,BEARISH,40.5966,3.82,1165.81,1013.78,1089.8,32.84,13.95,MID_BAND,False,DISTRIBUTING,20.41,21.88,23.56,MODERATE_TREND,BEARISH,2026-08-03
KRBL,373.7,495.0,274.65,-24.51,36.06,356.81,362.8,359.77,4.73,3.0,3.87,STRONG_UPTREND,324276.0,60.4,BULLISH,-2.9086,-3.9738,1.0652,BULLISH_CROSS,11.4953,3.08,373.92,339.7,356.81,99.36,9.59,NEAR_UPPER,False,DISTRIBUTING,29.2,24.69,18.64,MODERATE_TREND,BULLISH,2026-08-03
KREBSBIO,55.79,82.49,38.33,-32.37,45.55,54.48,60.34,62.04,2.4,-7.54,-10.07,DOWNTREND,12792.0,49.15,NEUTRAL,-1.5175,-1.8946,0.3771,BULLISH,3.3228,5.96,57.44,51.52,54.48,72.08,10.86,SQUEEZE,True,DISTRIBUTING,25.76,17.36,16.6,MODERATE_TREND,BULLISH,2026-08-03
KRISHANA,180.38,193.9,86.2,-6.97,109.26,150.99,142.83,115.81,19.46,26.29,55.76,STRONG_UPTREND,2123387.0,73.79,OVERBOUGHT,10.5689,6.8474,3.7215,BULLISH,9.3099,5.16,185.61,116.36,150.99,92.44,45.87,NEAR_UPPER,False,ACCUMULATING,28.38,36.94,9.78,MODERATE_TREND,BULLISH,2026-08-03
KRISHIVAL,389.35,508.0,282.3,-23.36,37.92,395.23,399.46,378.39,-1.49,-2.53,2.9,CONSOLIDATING,27632.0,43.86,BEARISH,-2.1739,-1.4257,-0.7482,BEARISH,8.0544,2.07,405.8,384.66,395.23,22.19,5.35,MID_BAND,False,ACCUMULATING,24.2,10.93,10.78,MODERATE_TREND,BULLISH,2026-08-03
KRISHNADEF,1218.3,1400.0,785.0,-12.98,55.2,1275.3,1240.72,,-4.47,-1.81,,INSUFFICIENT_DATA,101308.0,43.96,BEARISH,-9.2142,5.33,-14.5442,BEARISH,56.0521,4.6,1360.26,1190.34,1275.3,16.46,13.32,MID_BAND,False,ACCUMULATING,19.16,20.94,20.29,RANGING,BULLISH,2026-08-03
KRITIKA,6.01,11.1,4.5,-45.86,33.56,5.64,5.85,6.49,6.56,2.74,-7.4,DOWNTREND,180436.0,61.22,BULLISH,-0.0205,-0.0798,0.0593,BULLISH,0.287,4.78,6.0,5.28,5.64,101.36,12.77,NEAR_UPPER,False,DISTRIBUTING,17.72,27.08,10.02,RANGING,BULLISH,2026-08-03
KRITINUT,73.69,108.5,51.36,-32.08,43.48,75.06,68.33,,-1.83,7.84,,INSUFFICIENT_DATA,90906.0,50.12,NEUTRAL,2.7904,4.0031,-1.2127,BEARISH,6.7603,9.17,98.05,52.07,75.06,47.02,61.26,MID_BAND,False,ACCUMULATING,27.51,28.17,22.69,MODERATE_TREND,BULLISH,2026-08-03
KRONOX,153.81,180.5,96.0,-14.79,60.22,151.43,147.25,134.92,1.57,4.46,14.0,STRONG_UPTREND,196792.0,53.96,NEUTRAL,1.3697,1.6871,-0.3174,BEARISH,6.4324,4.18,156.67,146.18,151.43,72.7,6.93,MID_BAND,False,ACCUMULATING,31.78,29.4,13.93,STRONG_TREND,BULLISH,2026-08-03
KROSS,203.39,237.6,150.52,-14.4,35.12,193.98,189.79,188.3,4.85,7.17,8.01,STRONG_UPTREND,1908820.0,57.95,BULLISH,3.1215,3.0944,0.0272,BULLISH_CROSS,8.8077,4.33,215.13,172.83,193.98,72.25,21.8,MID_BAND,False,ACCUMULATING,23.94,29.49,16.35,MODERATE_TREND,BULLISH,2026-08-03
KRSNAA,540.8,894.4,515.0,-39.53,5.01,543.85,542.89,642.86,-0.56,-0.38,-15.88,DOWNTREND,55677.0,49.05,NEUTRAL,-4.2968,-2.9917,-1.3051,BEARISH,16.6609,3.08,563.58,524.12,543.85,42.28,7.26,MID_BAND,False,ACCUMULATING,22.14,22.36,19.74,MODERATE_TREND,BULLISH,2026-08-03
KRYSTAL,602.2,729.5,500.0,-17.45,20.44,600.79,594.01,577.06,0.23,1.38,4.36,STRONG_UPTREND,12214.0,59.24,BULLISH,1.2756,1.6919,-0.4163,BEARISH,6.4786,1.08,603.42,598.16,600.79,76.76,0.88,MID_BAND,False,ACCUMULATING,67.57,27.58,2.89,STRONG_TREND,BULLISH,2026-08-03
KSB,857.75,1028.3,666.65,-16.59,28.67,894.88,875.49,807.83,-4.15,-2.03,6.18,CONSOLIDATING,86087.0,38.81,BEARISH,-13.6388,-6.2048,-7.434,BEARISH,26.8522,3.13,962.62,827.13,894.88,22.6,15.14,MID_BAND,False,DISTRIBUTING,20.8,17.82,25.81,MODERATE_TREND,BEARISH,2026-08-03
KSCL,780.5,1225.0,705.1,-36.29,10.69,840.23,868.12,901.64,-7.11,-10.09,-13.44,DOWNTREND,65384.0,28.16,OVERSOLD,-24.5115,-18.1833,-6.3283,BEARISH,25.0734,3.21,902.8,777.67,840.24,2.26,14.89,NEAR_LOWER,False,DISTRIBUTING,20.91,13.91,32.32,MODERATE_TREND,BEARISH,2026-08-03
KSHINTL,878.2,930.0,330.0,-5.57,166.12,861.21,842.83,,1.97,4.2,,INSUFFICIENT_DATA,290336.0,54.78,NEUTRAL,6.214,12.173,-5.959,BEARISH,41.428,4.72,928.65,793.76,861.21,62.6,15.66,MID_BAND,False,ACCUMULATING,17.05,21.87,20.45,RANGING,BULLISH,2026-08-03
KSL,886.5,982.55,574.0,-9.78,54.44,906.0,862.19,773.7,-2.15,2.82,14.58,UPTREND,67320.0,50.17,NEUTRAL,5.6347,12.2338,-6.5991,BEARISH,28.649,3.23,961.07,850.94,906.0,32.29,12.16,MID_BAND,False,ACCUMULATING,13.26,17.23,18.41,RANGING,BEARISH,2026-08-03
KSOLVES,282.8,354.85,245.75,-20.3,15.08,289.2,286.94,292.02,-2.21,-1.44,-3.16,DOWNTREND,180354.0,46.43,NEUTRAL,-2.4219,-1.1401,-1.2817,BEARISH,11.35,4.01,309.15,269.25,289.2,33.96,13.8,MID_BAND,False,ACCUMULATING,23.76,21.14,14.65,MODERATE_TREND,BULLISH,2026-08-03
KSR,29.67,34.7,14.04,-14.5,111.32,29.58,27.01,,0.3,9.85,,INSUFFICIENT_DATA,14584.0,53.39,NEUTRAL,0.281,0.5173,-0.2363,BEARISH,1.9385,6.53,31.88,27.29,29.58,51.89,15.49,SQUEEZE,True,DISTRIBUTING,23.17,18.24,12.21,MODERATE_TREND,BULLISH,2026-08-03
KTKBANK,289.45,295.4,169.12,-2.01,71.15,277.41,272.28,227.63,4.34,6.31,27.16,STRONG_UPTREND,2726661.0,60.39,BULLISH,4.5565,3.5837,0.9728,BULLISH,9.1366,3.16,291.79,263.04,277.41,91.87,10.36,NEAR_UPPER,False,ACCUMULATING,23.94,20.79,8.13,MODERATE_TREND,BULLISH,2026-08-03
KUANTUM,79.35,122.09,65.01,-35.01,22.06,77.13,76.42,85.07,2.88,3.83,-6.72,DOWNTREND,94350.0,57.61,BULLISH,0.6323,0.4425,0.1898,BULLISH,3.1538,3.97,80.12,74.14,77.13,87.16,7.74,MID_BAND,False,ACCUMULATING,22.98,27.93,12.57,MODERATE_TREND,BULLISH,2026-08-03
KUSUMGAR,615.8,633.0,548.0,-2.72,12.37,,,,,,,INSUFFICIENT_DATA,2885199.0,,,,,,,,,,,,,,,False,,,,,,,2026-08-03
KWIL,33.16,39.45,22.24,-15.94,49.1,32.19,32.73,,3.01,1.31,,INSUFFICIENT_DATA,8430988.0,54.39,NEUTRAL,-0.4284,-0.3291,-0.0993,BEARISH,1.3875,4.18,34.19,30.19,32.19,74.34,12.43,MID_BAND,False,ACCUMULATING,17.28,24.9,20.99,RANGING,BULLISH,2026-08-03
LAGNAM,88.44,96.98,58.6,-8.81,50.92,85.6,82.26,75.2,3.32,7.51,17.61,STRONG_UPTREND,18298.0,58.42,BULLISH,2.0751,2.1154,-0.0403,BEARISH_CROSS,4.7131,5.33,94.08,77.12,85.6,66.77,19.81,MID_BAND,False,ACCUMULATING,33.36,20.45,9.65,STRONG_TREND,BULLISH,2026-08-03
LAHOTIOV,41.49,53.9,34.06,-23.02,21.81,42.73,43.33,,-2.9,-4.25,,INSUFFICIENT_DATA,3662.0,45.65,NEUTRAL,-0.6296,-0.4599,-0.1697,BEARISH,2.6776,6.45,44.94,40.52,42.73,21.92,10.35,MID_BAND,False,ACCUMULATING,13.04,10.93,19.78,RANGING,BEARISH,2026-08-03
LAL,8.13,12.77,5.56,-36.34,46.22,8.56,8.14,8.14,-5.02,-0.12,-0.12,DOWNTREND,69404.0,44.84,BEARISH,-0.009,0.0735,-0.0826,BEARISH,0.6327,7.78,9.11,8.01,8.56,11.1,12.87,MID_BAND,False,ACCUMULATING,17.59,14.87,14.88,RANGING,BEARISH,2026-08-03
LALPATHLAB,1900.4,1941.7,1272.6,-2.13,49.33,1753.14,1672.25,1507.18,8.4,13.64,26.09,STRONG_UPTREND,494339.0,73.23,OVERBOUGHT,61.8263,44.3531,17.4732,BULLISH,61.6353,3.24,1918.09,1588.19,1753.14,94.64,18.82,NEAR_UPPER,False,ACCUMULATING,35.77,34.26,9.43,STRONG_TREND,BULLISH,2026-08-03
LAMBODHARA,111.3,162.0,81.8,-31.3,36.06,112.94,110.56,112.14,-1.45,0.67,-0.75,DOWNTREND,12429.0,47.54,NEUTRAL,0.3993,0.8492,-0.45,BEARISH,4.3578,3.92,117.94,107.94,112.94,33.6,8.86,MID_BAND,False,ACCUMULATING,11.65,15.97,17.45,RANGING,BEARISH,2026-08-03
LANCORHOL,26.54,33.8,20.36,-21.48,30.35,25.76,25.1,,3.03,5.74,,INSUFFICIENT_DATA,126423.0,56.2,BULLISH,0.1911,0.1016,0.0895,BULLISH,1.5584,5.87,27.93,23.59,25.76,67.94,16.87,MID_BAND,False,ACCUMULATING,13.06,18.18,12.98,RANGING,BULLISH,2026-08-03
LANDMARK,542.9,662.8,339.5,-18.09,59.91,500.11,449.71,447.74,8.56,20.72,21.25,STRONG_UPTREND,2728682.0,67.48,BULLISH,27.8762,26.6202,1.256,BULLISH,28.0476,5.17,591.46,408.76,500.11,73.42,36.53,MID_BAND,False,ACCUMULATING,41.86,28.77,11.15,STRONG_TREND,BULLISH,2026-08-03
LANDSMILL,0.8,1.17,0.73,-31.62,9.59,0.78,0.83,,2.56,-3.61,,INSUFFICIENT_DATA,2711633.0,49.66,NEUTRAL,-0.0051,-0.015,0.0099,BULLISH,0.0405,5.06,0.84,0.72,0.78,69.78,15.63,MID_BAND,False,ACCUMULATING,20.64,24.03,14.37,MODERATE_TREND,BULLISH,2026-08-03
LAOPALA,187.81,266.4,162.1,-29.5,15.86,184.8,181.02,192.84,1.63,3.75,-2.61,DOWNTREND,153247.0,56.93,BULLISH,1.6073,1.8584,-0.2511,BEARISH,5.2895,2.82,192.85,176.75,184.8,68.71,8.71,MID_BAND,False,ACCUMULATING,28.63,27.43,13.61,MODERATE_TREND,BULLISH,2026-08-03
LASA,6.93,14.08,5.67,-50.78,22.22,7.15,7.46,,-3.08,-7.1,,INSUFFICIENT_DATA,29546.0,41.2,BEARISH,-0.1464,-0.1314,-0.015,BEARISH,0.3996,5.77,7.56,6.74,7.15,22.85,11.48,MID_BAND,False,DISTRIBUTING,13.98,8.25,14.05,RANGING,BEARISH,2026-08-03
LASERPOWER,295.1,317.0,250.0,-6.91,18.04,,,,,,,INSUFFICIENT_DATA,7610438.0,,,,,,,,,,,,,,,False,,,,,,,2026-08-03
LATENTVIEW,297.85,517.5,248.0,-42.44,20.1,304.36,302.16,363.49,-2.14,-1.43,-18.06,DOWNTREND,1429007.0,47.07,NEUTRAL,3.0895,2.5976,0.4919,BULLISH,12.8082,4.3,318.66,290.05,304.36,27.26,9.4,MID_BAND,False,ACCUMULATING,17.49,21.75,22.59,RANGING,BEARISH,2026-08-03
LAURUSLABS,1811.4,1838.3,810.05,-1.46,123.62,1615.74,1501.16,1167.47,12.11,20.67,55.16,STRONG_UPTREND,2262712.0,80.61,OVERBOUGHT,88.9378,68.6124,20.3254,BULLISH,45.6878,2.52,1845.25,1386.22,1615.74,92.63,28.41,NEAR_UPPER,False,ACCUMULATING,47.44,42.81,7.03,STRONG_TREND,BULLISH,2026-08-03
LAXMICOT,14.63,26.98,12.16,-45.77,20.31,14.64,14.6,,-0.07,0.21,,INSUFFICIENT_DATA,11461.0,50.08,NEUTRAL,-0.181,-0.1586,-0.0224,BEARISH,0.9795,6.7,15.56,13.72,14.64,49.62,12.57,MID_BAND,False,ACCUMULATING,16.54,23.72,19.17,RANGING,BULLISH,2026-08-03
LAXMIDENTL,218.13,406.8,155.88,-46.38,39.93,218.84,224.4,226.95,-0.32,-2.79,-3.89,DOWNTREND,114347.0,48.56,NEUTRAL,-2.0002,-1.4786,-0.5216,BEARISH,7.9582,3.65,226.67,211.0,218.84,45.49,7.16,MID_BAND,False,ACCUMULATING,13.85,28.58,18.27,RANGING,BULLISH,2026-08-03
LCCINFOTEC,4.14,5.59,3.85,-25.94,7.53,4.46,4.69,,-7.17,-11.73,,INSUFFICIENT_DATA,39276.0,39.2,BEARISH,-0.1226,-0.0873,-0.0352,BEARISH,0.2936,7.09,4.8,4.11,4.46,4.29,15.47,NEAR_LOWER,False,DISTRIBUTING,10.9,11.78,18.9,RANGING,BEARISH,2026-08-03
LEMERITE,23.26,107.57,19.52,-78.38,19.16,21.94,26.4,,6.02,-11.89,,INSUFFICIENT_DATA,548486.0,43.63,BEARISH,-1.7822,-2.8739,1.0917,BULLISH,1.4648,6.3,24.39,19.5,21.94,76.98,22.28,MID_BAND,False,ACCUMULATING,40.08,21.5,24.28,STRONG_TREND,BEARISH,2026-08-03
LEMONTREE,114.03,180.68,99.61,-36.89,14.48,113.08,113.52,128.23,0.84,0.45,-11.07,DOWNTREND,2998308.0,53.35,NEUTRAL,-1.1945,-1.0965,-0.0979,BEARISH,2.8174,2.47,120.21,105.94,113.08,56.68,12.62,MID_BAND,False,DISTRIBUTING,17.68,26.0,22.02,RANGING,BULLISH,2026-08-03
LENSKART,568.35,575.7,356.1,-1.28,59.6,549.83,527.8,,3.37,7.68,,INSUFFICIENT_DATA,4993077.0,65.0,BULLISH,11.2172,10.5837,0.6335,BULLISH,15.7906,2.78,573.49,526.18,549.83,89.14,8.6,MID_BAND,False,ACCUMULATING,31.92,26.4,11.02,STRONG_TREND,BULLISH,2026-08-03
LEXUS,14.64,38.9,12.74,-62.37,14.91,14.74,15.57,,-0.68,-5.97,,INSUFFICIENT_DATA,25797.0,44.49,BEARISH,-0.3612,-0.4879,0.1267,BULLISH,1.0235,6.99,16.03,13.46,14.74,45.99,17.41,MID_BAND,False,ACCUMULATING,18.4,16.27,22.69,RANGING,BEARISH,2026-08-03
LFIC,141.06,240.9,111.0,-41.44,27.08,142.34,144.33,151.84,-0.9,-2.27,-7.1,DOWNTREND,757.0,46.16,NEUTRAL,-0.6426,-0.5732,-0.0694,BEARISH_CROSS,5.6248,3.99,146.08,138.6,142.34,32.85,5.26,MID_BAND,False,ACCUMULATING,16.79,19.67,20.87,RANGING,BEARISH,2026-08-03
LGBBROSLTD,1532.4,2048.0,1222.1,-25.18,25.39,1560.59,1551.52,1725.19,-1.81,-1.23,-11.18,DOWNTREND,22882.0,42.57,BEARISH,-1.7603,-2.6018,0.8415,BULLISH,40.3974,2.64,1601.32,1519.86,1560.59,15.39,5.22,MID_BAND,False,ACCUMULATING,14.5,18.05,23.2,RANGING,BEARISH,2026-08-03
LGEINDIA,1569.8,1749.0,1304.1,-10.25,20.37,1543.85,1547.35,1538.38,1.68,1.45,2.04,STRONG_UPTREND,309044.0,55.88,BULLISH,-9.2658,-7.201,-2.0647,BEARISH,34.7441,2.21,1599.38,1488.31,1543.84,73.37,7.19,MID_BAND,False,DISTRIBUTING,14.59,22.91,22.13,RANGING,BULLISH,2026-08-03
LGHL,201.31,399.58,198.0,-49.62,1.67,208.42,220.71,258.35,-3.41,-8.79,-22.08,DOWNTREND,28023.0,34.1,BEARISH,-5.3712,-5.566,0.1948,BULLISH,10.7477,5.34,218.53,198.32,208.42,14.79,9.69,MID_BAND,False,DISTRIBUTING,18.73,11.77,14.56,RANGING,BEARISH,2026-08-03
LIBAS,10.09,14.3,9.02,-29.44,11.86,10.46,11.35,11.07,-3.54,-11.1,-8.85,DOWNTREND,27103.0,35.97,BEARISH,-0.3835,-0.3874,0.0038,BULLISH_CROSS,0.5508,5.46,11.28,9.63,10.46,27.76,15.76,MID_BAND,False,DISTRIBUTING,47.31,9.31,21.09,STRONG_TREND,BEARISH,2026-08-03
LIBERTSHOE,261.9,404.95,210.5,-35.33,24.42,265.31,256.32,262.09,-1.29,2.18,-0.07,DOWNTREND,150767.0,49.83,NEUTRAL,0.7828,1.8998,-1.117,BEARISH,11.02,4.21,276.8,253.83,265.31,35.14,8.66,MID_BAND,False,ACCUMULATING,36.63,26.1,12.07,STRONG_TREND,BULLISH,2026-08-03
LICHSGFIN,519.0,598.2,458.9,-13.24,13.1,542.88,546.26,537.66,-4.4,-4.99,-3.47,DOWNTREND,1313331.0,36.79,BEARISH,-4.3708,-1.9164,-2.4544,BEARISH,12.5397,2.42,562.61,523.15,542.88,-10.5,7.27,NEAR_LOWER,False,ACCUMULATING,13.33,16.18,29.17,RANGING,BEARISH,2026-08-03
LICI,428.5,468.48,360.75,-8.53,18.78,430.64,422.63,419.38,-0.5,1.39,2.17,UPTREND,2240120.0,51.75,NEUTRAL,-0.1552,1.0947,-1.2499,BEARISH,8.2459,1.92,444.86,416.42,430.64,42.47,6.6,MID_BAND,False,DISTRIBUTING,15.75,21.57,18.28,RANGING,BULLISH,2026-08-03
LIKHITHA,226.1,261.5,131.45,-13.54,72.0,231.52,183.38,,-2.34,23.3,,INSUFFICIENT_DATA,169229.0,58.4,BULLISH,10.8154,14.9596,-4.1442,BEARISH,13.4948,5.97,251.39,211.65,231.52,36.36,17.17,MID_BAND,False,ACCUMULATING,34.31,20.01,13.4,STRONG_TREND,BULLISH,2026-08-03
LINC,101.64,133.38,85.01,-23.8,19.56,105.24,104.67,107.94,-3.42,-2.89,-5.84,DOWNTREND,27724.0,43.28,BEARISH,-1.411,-0.6726,-0.7385,BEARISH,4.6096,4.54,112.27,98.21,105.24,24.39,13.36,MID_BAND,False,DISTRIBUTING,19.52,13.29,20.61,RANGING,BEARISH,2026-08-03
LINCOLN,580.75,770.0,440.0,-24.58,31.99,594.04,620.51,571.52,-2.24,-6.41,1.61,CONSOLIDATING,20681.0,40.12,BEARISH,-12.3852,-12.0698,-0.3155,BEARISH,16.9357,2.92,623.43,564.66,594.05,27.38,9.89,MID_BAND,False,DISTRIBUTING,25.0,11.99,22.07,MODERATE_TREND,BEARISH,2026-08-03
LINDEINDIA,6980.5,8049.0,5673.0,-13.27,23.05,6918.18,7031.62,6640.15,0.9,-0.73,5.13,CONSOLIDATING,24000.0,51.91,NEUTRAL,-93.8269,-89.511,-4.3159,BEARISH,180.5692,2.59,7262.38,6573.97,6918.18,59.05,9.95,MID_BAND,False,ACCUMULATING,17.04,21.63,20.85,RANGING,BULLISH,2026-08-03
LLOYDSENGG,91.84,95.1,37.4,-3.43,145.56,88.68,82.74,60.05,3.56,11.0,52.94,STRONG_UPTREND,11313080.0,59.32,BULLISH,2.1204,2.4991,-0.3787,BEARISH,3.9424,4.29,93.68,83.68,88.68,81.57,11.29,MID_BAND,False,ACCUMULATING,22.94,26.05,19.01,MODERATE_TREND,BULLISH,2026-08-03
LLOYDSENT,81.57,84.16,40.69,-3.08,100.47,78.65,74.61,63.15,3.71,9.33,29.17,STRONG_UPTREND,6190999.0,58.92,BULLISH,1.7173,1.823,-0.1057,BEARISH,3.4072,4.18,83.99,73.31,78.65,77.36,13.57,MID_BAND,False,ACCUMULATING,15.46,25.79,16.98,RANGING,BULLISH,2026-08-03
LLOYDSME,2050.6,2100.0,1042.9,-2.35,96.62,1899.94,1825.65,1464.07,7.93,12.32,40.06,STRONG_UPTREND,605041.0,67.5,BULLISH,69.8461,55.3396,14.5065,BULLISH,65.399,3.19,2108.36,1691.52,1899.94,86.14,21.94,MID_BAND,False,ACCUMULATING,32.73,27.47,7.91,STRONG_TREND,BULLISH,2026-08-03
LMW,16182.0,17699.0,11920.0,-8.57,35.76,16064.05,15949.4,14994.18,0.73,1.46,7.92,STRONG_UPTREND,4510.0,53.31,NEUTRAL,87.2001,86.8764,0.3237,BULLISH,485.8766,3.0,16481.93,15646.17,16064.05,64.11,5.2,MID_BAND,False,DISTRIBUTING,36.21,28.42,11.33,STRONG_TREND,BULLISH,2026-08-03
LODHA,1239.8,1344.95,650.8,-7.82,90.5,1196.6,1035.06,1003.23,3.61,19.78,23.58,STRONG_UPTREND,3789479.0,62.55,BULLISH,65.3244,65.9302,-0.6058,BEARISH_CROSS,48.6975,3.93,1312.99,1080.2,1196.6,68.56,19.45,SQUEEZE,True,ACCUMULATING,45.62,33.91,16.26,STRONG_TREND,BULLISH,2026-08-03
LORDSCHLO,147.86,229.49,108.0,-35.57,36.91,142.58,137.81,149.64,3.7,7.29,-1.19,DOWNTREND,30672.0,55.94,BULLISH,2.7233,2.7251,-0.0018,BEARISH,8.1907,5.54,154.9,130.25,142.58,71.42,17.29,MID_BAND,False,ACCUMULATING,27.09,26.29,12.6,MODERATE_TREND,BULLISH,2026-08-03
LOTUSDEV,197.66,207.5,102.2,-4.74,93.41,162.34,149.85,148.17,21.76,31.91,33.4,STRONG_UPTREND,4867543.0,82.26,OVERBOUGHT,14.1343,9.5859,4.5484,BULLISH,6.4759,3.28,209.14,115.54,162.34,87.74,57.65,MID_BAND,False,ACCUMULATING,38.9,53.03,7.96,STRONG_TREND,BULLISH,2026-08-03
LOTUSEYE,117.46,147.0,72.1,-20.1,62.91,120.14,121.06,,-2.23,-2.97,,INSUFFICIENT_DATA,28812.0,43.64,BEARISH,-1.1528,-0.7743,-0.3785,BEARISH,6.5732,5.6,124.34,115.94,120.14,18.13,7.0,MID_BAND,False,ACCUMULATING,14.32,21.47,13.89,RANGING,BULLISH,2026-08-03
LOVABLE,73.93,104.7,55.0,-29.39,34.42,74.23,73.83,75.71,-0.4,0.14,-2.35,DOWNTREND,11955.0,50.8,NEUTRAL,-0.9759,-0.6626,-0.3133,BEARISH,2.92,3.95,79.64,68.82,74.23,47.24,14.57,MID_BAND,False,DISTRIBUTING,18.74,19.77,17.41,RANGING,BULLISH,2026-08-03
LOYALTEX,200.05,333.99,186.0,-40.1,7.55,204.83,213.69,,-2.33,-6.38,,INSUFFICIENT_DATA,355.0,43.78,BEARISH,-4.4212,-4.0651,-0.3561,BEARISH,14.3625,7.18,214.16,195.5,204.83,24.39,9.11,SQUEEZE,True,DISTRIBUTING,14.76,35.6,20.95,RANGING,BULLISH,2026-08-03
LPDC,6.3,9.46,5.23,-33.4,20.46,6.29,6.54,6.87,0.16,-3.67,-8.3,DOWNTREND,44002.0,48.88,NEUTRAL,-0.1091,-0.1127,0.0036,BULLISH_CROSS,0.3737,5.93,6.59,5.98,6.29,52.14,9.67,MID_BAND,False,DISTRIBUTING,21.95,8.46,13.54,MODERATE_TREND,BEARISH,2026-08-03
LT,4025.0,4440.0,3288.1,-9.35,22.41,3870.94,3987.94,3967.01,3.98,0.93,1.46,STRONG_UPTREND,2153191.0,60.92,BULLISH,-18.6339,-43.7394,25.1055,BULLISH,70.9254,1.76,4019.41,3722.47,3870.94,101.88,7.67,NEAR_UPPER,True,DISTRIBUTING,23.19,29.05,21.94,MODERATE_TREND,BULLISH,2026-08-03
LTF,318.0,338.6,195.4,-6.08,62.74,312.83,297.21,289.37,1.65,7.0,9.89,STRONG_UPTREND,6923228.0,59.25,BULLISH,2.6975,3.4295,-0.7321,BEARISH,9.3279,2.93,328.44,297.23,312.83,66.55,9.98,MID_BAND,False,DISTRIBUTING,14.04,28.47,20.57,RANGING,BULLISH,2026-08-03
LTFOODS,415.3,480.0,333.15,-13.48,24.66,384.89,384.38,394.49,7.9,8.04,5.28,STRONG_UPTREND,913173.0,69.38,BULLISH,3.8077,-0.1809,3.9885,BULLISH,11.2711,2.71,407.5,362.28,384.89,117.25,11.75,NEAR_UPPER,False,ACCUMULATING,17.44,30.34,15.08,RANGING,BULLISH,2026-08-03
LTM,4690.0,4784.0,3528.0,-1.96,32.94,4125.22,3992.29,,13.69,17.48,,INSUFFICIENT_DATA,594186.0,74.83,OVERBOUGHT,146.9228,85.8162,61.1067,BULLISH,149.146,3.18,4568.81,3681.63,4125.22,113.66,21.51,NEAR_UPPER,False,ACCUMULATING,24.83,46.7,17.54,MODERATE_TREND,BULLISH,2026-08-03
LTTS,3564.8,4726.0,3010.0,-24.57,18.43,3399.85,3358.82,3720.79,4.85,6.13,-4.19,DOWNTREND,251276.0,61.57,BULLISH,67.1291,42.2007,24.9284,BULLISH,120.164,3.37,3676.77,3122.93,3399.85,79.78,16.29,MID_BAND,False,ACCUMULATING,22.86,28.63,18.14,MODERATE_TREND,BULLISH,2026-08-03
LUMAXIND,5772.5,6934.5,3274.0,-16.76,76.31,5270.27,5342.36,5334.1,9.53,8.05,8.22,STRONG_UPTREND,16024.0,71.3,OVERBOUGHT,10.4263,-31.7049,42.1312,BULLISH,187.7772,3.25,5597.41,4943.14,5270.27,126.76,12.41,NEAR_UPPER,False,ACCUMULATING,16.26,34.92,12.77,RANGING,BULLISH,2026-08-03
LUMAXTECH,1625.7,1898.0,999.9,-14.35,62.59,1487.59,1569.17,1551.24,9.28,3.6,4.8,STRONG_UPTREND,129572.0,65.52,BULLISH,-0.867,-21.9629,21.0959,BULLISH,55.1759,3.39,1576.41,1398.76,1487.59,127.75,11.94,NEAR_UPPER,False,DISTRIBUTING,27.62,30.06,15.8,MODERATE_TREND,BULLISH,2026-08-03
LUPIN,2393.0,2529.5,1875.0,-5.4,27.63,2449.81,2369.95,2238.56,-2.32,0.97,6.9,UPTREND,872266.0,46.72,NEUTRAL,4.4777,15.8308,-11.3531,BEARISH,54.9109,2.29,2540.7,2358.93,2449.82,18.74,7.42,MID_BAND,False,DISTRIBUTING,17.94,19.86,24.95,RANGING,BEARISH,2026-08-03
LUXIND,1260.0,1823.35,824.05,-30.9,52.9,1257.8,1285.76,1164.28,0.17,-2.0,8.22,CONSOLIDATING,37732.0,49.83,NEUTRAL,-8.6235,-10.7408,2.1173,BULLISH,38.2869,3.04,1310.33,1205.28,1257.8,52.09,8.35,MID_BAND,False,ACCUMULATING,12.32,18.26,16.57,RANGING,BULLISH,2026-08-03
LXCHEM,180.46,241.0,107.6,-25.12,67.71,174.3,162.77,154.63,3.53,10.87,16.7,STRONG_UPTREND,2782426.0,55.51,BULLISH,7.5082,7.499,0.0092,BULLISH,8.7321,4.84,202.35,146.24,174.3,60.98,32.2,MID_BAND,False,ACCUMULATING,29.29,27.29,19.35,MODERATE_TREND,BULLISH,2026-08-03
M&M,3428.6,3839.9,2896.0,-10.71,18.39,3196.16,3124.32,3350.1,7.27,9.74,2.34,STRONG_UPTREND,2585929.0,67.71,BULLISH,61.9029,37.6542,24.2488,BULLISH,88.302,2.58,3385.94,3006.39,3196.16,111.24,11.88,NEAR_UPPER,False,ACCUMULATING,26.08,27.5,7.53,MODERATE_TREND,BULLISH,2026-08-03
M&MFIN,405.5,412.2,253.05,-1.63,60.25,353.08,321.92,336.21,14.85,25.96,20.61,STRONG_UPTREND,7294938.0,72.88,OVERBOUGHT,20.6948,15.9012,4.7936,BULLISH,16.1069,3.97,408.4,297.77,353.08,97.38,31.33,NEAR_UPPER,False,ACCUMULATING,40.41,36.33,9.77,STRONG_TREND,BULLISH,2026-08-03
MAANALU,126.78,184.74,103.01,-31.37,23.08,118.12,124.52,,7.33,1.81,,INSUFFICIENT_DATA,71566.0,59.22,BULLISH,-1.3732,-2.8431,1.4699,BULLISH,5.4442,4.29,126.09,110.15,118.12,104.36,13.49,NEAR_UPPER,False,ACCUMULATING,16.72,26.25,15.01,RANGING,BULLISH,2026-08-03
MACPOWER,1457.8,1578.8,761.0,-7.66,91.56,1361.94,1209.73,1023.75,7.04,20.51,42.4,STRONG_UPTREND,35847.0,65.78,BULLISH,53.9231,49.2107,4.7123,BULLISH,82.615,5.67,1467.64,1256.24,1361.94,95.35,15.52,NEAR_UPPER,False,ACCUMULATING,40.38,31.35,7.93,STRONG_TREND,BULLISH,2026-08-03
MADHAV,34.22,49.95,29.0,-31.49,18.0,34.97,36.13,37.81,-2.14,-5.29,-9.49,DOWNTREND,6199.0,44.22,BEARISH,-0.6425,-0.6422,-0.0003,BEARISH,1.7306,5.06,37.04,32.91,34.97,31.77,11.8,MID_BAND,False,DISTRIBUTING,14.91,13.94,16.18,RANGING,BEARISH,2026-08-03
MADHAVIPL,7.85,9.9,7.61,-20.71,3.15,8.14,8.43,,-3.56,-6.88,,INSUFFICIENT_DATA,118862.0,36.54,BEARISH,-0.1765,-0.1667,-0.0098,BEARISH,0.3675,4.68,8.59,7.68,8.14,18.47,11.15,MID_BAND,False,DISTRIBUTING,19.94,9.76,18.47,RANGING,BEARISH,2026-08-03
MADRASFERT,66.76,96.39,52.56,-30.74,27.02,67.38,68.35,70.89,-0.92,-2.33,-5.83,DOWNTREND,64382.0,45.83,NEUTRAL,-0.5955,-0.5191,-0.0764,BEARISH,1.8592,2.78,69.5,65.27,67.38,35.23,6.27,MID_BAND,False,ACCUMULATING,10.28,18.59,14.47,RANGING,BULLISH,2026-08-03
MAFATIND,134.61,157.77,124.07,-14.68,8.5,134.65,134.3,,-0.03,0.23,,INSUFFICIENT_DATA,43952.0,49.88,NEUTRAL,-0.5926,-0.5184,-0.0742,BEARISH,4.5773,3.4,139.26,130.05,134.65,49.55,6.84,MID_BAND,False,DISTRIBUTING,16.87,15.83,14.5,RANGING,BULLISH,2026-08-03
MAGADSUGAR,534.95,609.95,417.0,-12.3,28.29,503.74,477.12,479.73,6.2,12.12,11.51,STRONG_UPTREND,25299.0,66.53,BULLISH,6.7972,6.2389,0.5583,BULLISH_CROSS,19.4343,3.63,531.36,476.12,503.74,106.5,10.97,NEAR_UPPER,False,DISTRIBUTING,27.74,31.33,10.55,MODERATE_TREND,BULLISH,2026-08-03
MAGNUM,19.99,30.25,16.25,-33.92,23.02,19.39,19.61,21.61,3.09,1.94,-7.5,DOWNTREND,36479.0,56.71,BULLISH,0.0248,-0.0763,0.1011,BULLISH,0.9926,4.97,20.32,18.46,19.39,82.36,9.57,MID_BAND,False,ACCUMULATING,14.17,13.14,13.87,RANGING,BEARISH,2026-08-03
MAHABANK,79.57,94.5,51.71,-15.8,53.88,80.61,83.42,70.39,-1.29,-4.62,13.04,CONSOLIDATING,16669003.0,43.01,BEARISH,-1.3276,-1.2625,-0.0651,BEARISH,2.2545,2.83,83.58,77.65,80.61,32.44,7.36,SQUEEZE,True,ACCUMULATING,10.92,21.3,21.82,RANGING,BEARISH,2026-08-03
MAHAPEXLTD,45.55,139.94,42.0,-67.45,8.45,44.43,46.52,73.69,2.52,-2.09,-38.19,DOWNTREND,5284.0,52.2,NEUTRAL,-0.5599,-0.8275,0.2676,BULLISH,2.1216,4.66,45.49,43.38,44.43,103.02,4.75,NEAR_UPPER,False,DISTRIBUTING,14.55,18.75,9.56,RANGING,BULLISH,2026-08-03
MAHASTEEL,1027.1,1050.0,331.0,-2.18,210.3,850.03,791.31,,20.83,29.8,,INSUFFICIENT_DATA,11184.0,73.44,OVERBOUGHT,46.1511,27.639,18.5122,BULLISH,57.1951,5.57,1000.83,699.23,850.03,108.71,35.48,NEAR_UPPER,False,ACCUMULATING,27.51,35.8,14.03,MODERATE_TREND,BULLISH,2026-08-03
MAHEPC,107.76,185.12,91.91,-41.79,17.25,112.25,114.38,120.07,-4.0,-5.79,-10.25,DOWNTREND,53807.0,41.68,BEARISH,-2.844,-2.2962,-0.5478,BEARISH,4.4307,4.11,124.6,99.9,112.25,31.83,22.0,MID_BAND,False,DISTRIBUTING,17.86,18.65,20.35,RANGING,BEARISH,2026-08-03
MAHLIFE,398.25,427.05,286.8,-6.74,38.86,377.15,358.99,363.39,5.59,10.94,9.59,STRONG_UPTREND,427643.0,71.93,OVERBOUGHT,8.6228,7.4513,1.1715,BULLISH,11.372,2.86,394.88,359.42,377.15,109.5,9.4,NEAR_UPPER,False,ACCUMULATING,30.52,31.04,9.36,STRONG_TREND,BULLISH,2026-08-03
MAHLOG,416.3,450.0,275.05,-7.49,51.35,397.67,373.64,361.0,4.68,11.42,15.32,STRONG_UPTREND,509614.0,62.59,BULLISH,10.1356,9.5045,0.6312,BULLISH,15.7833,3.79,421.51,373.84,397.67,89.07,11.99,MID_BAND,False,ACCUMULATING,43.54,26.61,10.19,STRONG_TREND,BULLISH,2026-08-03
MAHSCOOTER,13937.0,18538.0,10901.0,-24.82,27.85,12959.6,12745.9,13383.95,7.54,9.34,4.13,STRONG_UPTREND,4894.0,66.98,BULLISH,97.6736,57.0857,40.5879,BULLISH_CROSS,443.8262,3.18,13580.65,12338.55,12959.6,128.69,9.58,NEAR_UPPER,False,ACCUMULATING,14.95,32.6,16.0,RANGING,BULLISH,2026-08-03
MAHSEAMLES,573.7,698.0,500.7,-17.81,14.58,581.55,604.33,579.8,-1.35,-5.07,-1.05,DOWNTREND,69588.0,42.36,BEARISH,-10.1994,-10.5661,0.3667,BULLISH_CROSS,13.8615,2.42,601.82,561.28,581.55,30.64,6.97,SQUEEZE,True,DISTRIBUTING,28.34,16.95,28.62,MODERATE_TREND,BEARISH,2026-08-03
MAITHANALL,963.9,1210.1,831.2,-20.35,15.96,991.26,1012.1,996.7,-2.76,-4.76,-3.29,DOWNTREND,34666.0,42.42,BEARISH,-13.7675,-11.9193,-1.8481,BEARISH,28.3126,2.94,1038.44,944.08,991.26,21.01,9.52,MID_BAND,False,DISTRIBUTING,9.39,15.74,19.47,RANGING,BEARISH,2026-08-03
MAJESAUT,475.3,484.0,274.0,-1.8,73.47,401.76,362.26,,18.3,31.2,,INSUFFICIENT_DATA,18024.0,88.38,OVERBOUGHT,27.1,23.4712,3.6288,BULLISH,17.0624,3.59,480.76,322.77,401.76,96.55,39.32,NEAR_UPPER,False,ACCUMULATING,38.59,42.74,12.04,STRONG_TREND,BULLISH,2026-08-03
MALLCOM,975.85,1520.0,929.0,-35.8,5.04,1030.69,1023.2,1111.93,-5.32,-4.63,-12.24,DOWNTREND,2958.0,41.02,BEARISH,-9.3258,-3.1565,-6.1693,BEARISH,43.6682,4.47,1098.75,962.63,1030.69,9.71,13.21,NEAR_LOWER,False,DISTRIBUTING,12.44,13.44,20.84,RANGING,BEARISH,2026-08-03
MALUPAPER,33.15,45.57,27.0,-27.25,22.78,31.94,31.92,33.37,3.79,3.85,-0.66,DOWNTREND,80583.0,54.49,NEUTRAL,0.4224,0.3379,0.0845,BULLISH,2.0481,6.18,35.84,28.04,31.94,65.52,24.44,MID_BAND,False,ACCUMULATING,18.47,20.11,19.18,RANGING,BULLISH,2026-08-03
MAMATA,403.15,515.0,297.0,-21.72,35.74,388.55,388.69,401.79,3.76,3.72,0.34,STRONG_UPTREND,54830.0,57.76,BULLISH,1.5783,0.3324,1.2459,BULLISH,12.8446,3.19,406.17,370.93,388.55,91.43,9.07,NEAR_UPPER,False,ACCUMULATING,17.46,28.84,16.5,RANGING,BULLISH,2026-08-03
MANAKALUCO,34.5,64.88,28.8,-46.82,19.79,35.77,36.68,,-3.55,-5.94,,INSUFFICIENT_DATA,101321.0,41.39,BEARISH,-0.4453,-0.3373,-0.108,BEARISH,1.9579,5.68,37.77,33.77,35.77,18.18,11.16,MID_BAND,False,DISTRIBUTING,40.08,30.89,9.37,STRONG_TREND,BULLISH,2026-08-03
MANAKCOAT,120.08,182.82,94.2,-34.32,27.47,123.43,114.58,120.92,-2.71,4.8,-0.69,DOWNTREND,679002.0,49.55,NEUTRAL,2.0442,3.1994,-1.1553,BEARISH,4.9491,4.12,130.38,116.49,123.43,25.84,11.25,SQUEEZE,True,ACCUMULATING,18.35,18.72,22.63,RANGING,BEARISH,2026-08-03
MANAKSIA,56.67,73.99,42.1,-23.41,34.61,56.77,58.31,59.95,-0.18,-2.81,-5.47,DOWNTREND,15878.0,47.53,NEUTRAL,-0.6486,-0.6333,-0.0153,BEARISH,2.0465,3.61,58.51,55.03,56.77,47.18,6.12,MID_BAND,False,DISTRIBUTING,20.05,25.0,12.38,MODERATE_TREND,BULLISH,2026-08-03
MANAKSTEEL,75.21,87.13,45.11,-13.68,66.73,66.76,58.63,,12.66,28.28,,INSUFFICIENT_DATA,200934.0,61.68,BULLISH,4.3024,4.4406,-0.1382,BEARISH,5.4942,7.31,85.09,48.43,66.76,73.05,54.91,MID_BAND,False,ACCUMULATING,31.29,31.1,17.87,STRONG_TREND,BULLISH,2026-08-03
MANALIPETC,66.64,77.6,39.13,-14.12,70.3,64.21,63.72,59.13,3.78,4.58,12.7,STRONG_UPTREND,438166.0,57.48,BULLISH,0.7406,0.6625,0.0781,BULLISH,2.7059,4.06,67.88,60.53,64.21,83.09,11.45,MID_BAND,False,ACCUMULATING,26.3,28.68,13.42,MODERATE_TREND,BULLISH,2026-08-03
MANAPPURAM,365.0,381.55,245.15,-4.34,48.89,346.42,329.02,297.16,5.36,10.94,22.83,STRONG_UPTREND,4816901.0,65.34,BULLISH,12.1093,10.0602,2.0491,BULLISH,10.864,2.98,378.34,314.49,346.42,79.11,18.43,MID_BAND,False,ACCUMULATING,24.14,33.94,19.15,MODERATE_TREND,BULLISH,2026-08-03
MANBA,137.29,154.0,98.0,-10.85,40.09,137.38,128.93,126.3,-0.07,6.48,8.7,UPTREND,313079.0,53.7,NEUTRAL,1.837,2.7633,-0.9263,BEARISH,5.5102,4.01,142.48,132.28,137.38,49.07,7.42,MID_BAND,False,ACCUMULATING,43.49,29.09,8.85,STRONG_TREND,BULLISH,2026-08-03
MANCREDIT,257.36,265.0,152.06,-2.88,69.25,230.38,221.17,182.93,11.71,16.36,40.69,STRONG_UPTREND,515042.0,69.48,BULLISH,4.1455,2.3182,1.8272,BULLISH,14.6751,5.7,253.38,207.38,230.38,108.65,19.97,NEAR_UPPER,False,ACCUMULATING,27.46,37.13,10.82,MODERATE_TREND,BULLISH,2026-08-03
MANGALAM,26.98,86.9,22.8,-68.95,18.33,27.37,28.55,,-1.42,-5.5,,INSUFFICIENT_DATA,21921.0,39.85,BEARISH,-0.3955,-0.4263,0.0307,BULLISH,1.1885,4.41,28.0,26.75,27.37,18.33,4.55,SQUEEZE,True,DISTRIBUTING,35.14,9.66,19.31,STRONG_TREND,BEARISH,2026-08-03
MANGLMCEM,945.5,1023.45,679.35,-7.62,39.18,964.52,905.53,831.69,-1.97,4.41,13.68,UPTREND,51923.0,49.6,NEUTRAL,11.9811,19.6322,-7.6511,BEARISH,25.7245,2.72,1006.25,922.8,964.52,27.2,8.65,MID_BAND,False,ACCUMULATING,28.93,18.33,20.04,MODERATE_TREND,BEARISH,2026-08-03
MANINDS,548.6,623.7,302.05,-12.04,81.63,541.35,547.48,454.17,1.34,0.2,20.79,STRONG_UPTREND,182480.0,52.41,NEUTRAL,-6.6902,-7.0075,0.3173,BULLISH_CROSS,19.8342,3.62,574.51,508.18,541.35,60.93,12.25,MID_BAND,False,DISTRIBUTING,13.37,22.64,17.43,RANGING,BULLISH,2026-08-03
MANINFRA,99.82,169.6,77.12,-41.14,29.43,100.07,106.13,113.32,-0.25,-5.95,-11.91,DOWNTREND,845535.0,45.32,NEUTRAL,-2.3818,-2.6305,0.2487,BULLISH,3.0194,3.02,105.24,94.91,100.07,47.56,10.32,MID_BAND,False,DISTRIBUTING,20.9,22.81,20.47,MODERATE_TREND,BULLISH,2026-08-03
MANKIND,2483.0,2674.0,1909.7,-7.14,30.02,2536.64,2467.97,2262.3,-2.11,0.61,9.76,UPTREND,483519.0,46.33,NEUTRAL,15.8511,26.7354,-10.8844,BEARISH,72.3943,2.92,2614.78,2458.51,2536.64,15.67,6.16,MID_BAND,False,ACCUMULATING,24.97,19.7,24.8,MODERATE_TREND,BEARISH,2026-08-03
MANOMAY,213.3,259.88,154.1,-17.92,38.42,192.74,186.31,,10.67,14.49,,INSUFFICIENT_DATA,98100.0,70.49,OVERBOUGHT,7.7597,5.5162,2.2435,BULLISH,7.8263,3.67,224.11,161.37,192.74,82.77,32.55,MID_BAND,False,ACCUMULATING,25.96,26.36,10.23,MODERATE_TREND,BULLISH,2026-08-03
MANORAMA,1633.0,1676.7,1060.6,-2.61,53.97,1599.2,1551.79,1396.2,2.11,5.23,16.96,STRONG_UPTREND,126323.0,56.38,BULLISH,22.1534,22.4966,-0.3432,BEARISH,48.9348,3.0,1673.5,1524.91,1599.2,72.74,9.29,MID_BAND,False,ACCUMULATING,24.27,19.48,14.25,MODERATE_TREND,BULLISH,2026-08-03
MANYAVAR,418.75,796.55,329.2,-47.43,27.2,403.9,406.24,470.82,3.68,3.08,-11.06,DOWNTREND,299258.0,58.22,BULLISH,2.1878,0.2297,1.9581,BULLISH,14.0078,3.35,422.46,385.34,403.9,90.01,9.19,NEAR_UPPER,False,ACCUMULATING,22.31,29.04,14.07,MODERATE_TREND,BULLISH,2026-08-03
MAPMYINDIA,1196.0,1998.0,795.0,-40.14,50.44,1116.77,962.76,1210.52,7.09,24.23,-1.2,DOWNTREND,1068404.0,69.37,BULLISH,60.3168,58.3948,1.922,BULLISH,55.6052,4.65,1268.62,964.93,1116.77,76.09,27.19,MID_BAND,False,ACCUMULATING,35.11,33.27,13.33,STRONG_TREND,BULLISH,2026-08-03
MARATHON,402.25,685.4,368.3,-41.31,9.22,394.64,411.59,474.34,1.93,-2.27,-15.2,DOWNTREND,65180.0,51.83,NEUTRAL,-6.5367,-8.2325,1.6958,BULLISH,14.284,3.55,414.29,374.98,394.64,69.37,9.96,MID_BAND,False,DISTRIBUTING,17.35,21.93,17.26,RANGING,BULLISH,2026-08-03
MARICO,880.95,889.1,690.3,-0.92,27.62,858.05,836.61,777.53,2.67,5.3,13.3,STRONG_UPTREND,1840118.0,62.38,BULLISH,12.2285,10.4502,1.7783,BULLISH,17.3232,1.97,887.03,829.07,858.05,89.51,6.76,MID_BAND,False,ACCUMULATING,40.57,21.83,9.75,STRONG_TREND,BULLISH,2026-08-03
MARINE,287.75,297.9,150.86,-3.41,90.74,258.37,258.74,218.5,11.37,11.21,31.69,STRONG_UPTREND,713871.0,64.15,BULLISH,3.6101,1.536,2.0742,BULLISH,14.3962,5.0,277.62,239.11,258.37,126.29,14.91,NEAR_UPPER,False,ACCUMULATING,15.15,26.84,15.22,RANGING,BULLISH,2026-08-03
MARKOLINES,177.28,191.75,131.65,-7.55,34.66,172.83,171.6,158.8,2.57,3.31,11.64,STRONG_UPTREND,344737.0,54.15,NEUTRAL,1.7,1.5196,0.1805,BULLISH,6.8634,3.87,183.14,162.53,172.83,71.59,11.93,MID_BAND,False,ACCUMULATING,13.03,22.14,16.85,RANGING,BULLISH,2026-08-03
MARKSANS,262.25,281.6,155.0,-6.87,69.19,262.61,256.3,200.02,-0.14,2.32,31.11,UPTREND,1738613.0,52.84,NEUTRAL,0.5787,1.5854,-1.0067,BEARISH,10.679,4.07,282.56,242.67,262.61,49.09,15.19,MID_BAND,False,DISTRIBUTING,20.89,21.08,20.01,MODERATE_TREND,BULLISH,2026-08-03
MARSONS,110.45,175.4,104.16,-37.03,6.04,112.64,119.71,,-1.94,-7.74,,INSUFFICIENT_DATA,1674790.0,42.95,BEARISH,-2.649,-2.9057,0.2567,BULLISH,5.3914,4.88,119.56,105.72,112.64,34.17,12.29,MID_BAND,False,DISTRIBUTING,13.37,16.79,18.9,RANGING,BEARISH,2026-08-03
MARUTI,14150.0,17370.0,12201.0,-18.54,15.97,13798.85,13597.34,14477.92,2.54,4.06,-2.26,DOWNTREND,452630.0,59.26,BULLISH,105.339,55.9806,49.3584,BULLISH,311.7272,2.2,14395.8,13201.9,13798.85,79.41,8.65,SQUEEZE,True,ACCUMULATING,14.25,26.48,22.88,RANGING,BULLISH,2026-08-03
MASFIN,317.65,358.85,277.35,-11.48,14.53,318.76,313.33,314.97,-0.35,1.38,0.85,UPTREND,136991.0,50.28,NEUTRAL,1.0309,1.1474,-0.1165,BEARISH_CROSS,10.7551,3.39,327.95,309.58,318.76,43.93,5.76,MID_BAND,False,ACCUMULATING,17.74,20.27,12.33,RANGING,BULLISH,2026-08-03
MASTEK,1893.2,2625.0,1334.2,-27.88,41.9,1751.0,1673.22,1825.96,8.12,13.15,3.68,STRONG_UPTREND,134513.0,65.63,BULLISH,64.9289,46.971,17.9579,BULLISH,66.8014,3.53,1945.55,1556.45,1751.0,86.55,22.22,MID_BAND,False,ACCUMULATING,32.78,33.81,15.56,STRONG_TREND,BULLISH,2026-08-03
MASTERTR,84.85,168.0,55.6,-49.49,52.61,85.86,82.25,92.98,-1.18,3.16,-8.74,DOWNTREND,3054782.0,53.03,NEUTRAL,0.2211,0.7751,-0.554,BEARISH,3.6242,4.27,95.64,76.07,85.86,44.86,22.79,MID_BAND,False,ACCUMULATING,40.23,30.23,13.2,STRONG_TREND,BULLISH,2026-08-03
MATRIMONY,430.95,573.0,364.05,-24.79,18.38,433.29,416.95,463.65,-0.54,3.36,-7.05,DOWNTREND,11786.0,52.08,NEUTRAL,4.7692,5.4297,-0.6605,BEARISH,16.09,3.73,446.91,419.67,433.29,41.42,6.29,MID_BAND,False,ACCUMULATING,35.01,22.19,12.95,STRONG_TREND,BULLISH,2026-08-03
MAXESTATES,400.35,502.15,305.45,-20.27,31.07,411.2,430.54,418.11,-2.64,-7.01,-4.25,DOWNTREND,121998.0,44.2,BEARISH,-11.4251,-10.6269,-0.7982,BEARISH,15.0588,3.76,455.71,366.7,411.2,37.81,21.65,MID_BAND,False,DISTRIBUTING,16.09,22.34,20.86,RANGING,BULLISH,2026-08-03
MAXHEALTH,1100.4,1301.7,903.0,-15.46,21.86,1100.27,1065.32,1050.04,0.01,3.29,4.8,STRONG_UPTREND,1691244.0,51.64,NEUTRAL,7.0798,8.9138,-1.834,BEARISH,26.9487,2.45,1124.64,1075.9,1100.27,50.27,4.43,MID_BAND,False,DISTRIBUTING,20.87,20.12,16.07,MODERATE_TREND,BULLISH,2026-08-03
MAXIND,174.64,241.57,120.0,-27.71,45.53,167.39,163.75,168.44,4.33,6.65,3.68,STRONG_UPTREND,261179.0,56.66,BULLISH,3.5215,2.9404,0.5811,BULLISH,8.7993,5.04,183.43,151.35,167.39,72.6,19.17,MID_BAND,False,ACCUMULATING,31.36,22.64,12.6,STRONG_TREND,BULLISH,2026-08-03
MAYURUNIQ,783.95,907.0,471.2,-13.57,66.37,806.99,800.26,600.12,-2.86,-2.04,30.63,CONSOLIDATING,91091.0,47.04,NEUTRAL,-7.4909,-0.4282,-7.0627,BEARISH,34.569,4.41,864.7,749.27,806.99,30.04,14.3,MID_BAND,False,DISTRIBUTING,20.71,19.75,23.64,MODERATE_TREND,BEARISH,2026-08-03
MAZDOCK,2390.0,3061.4,2057.4,-21.93,16.17,2361.41,2426.62,2475.6,1.21,-1.51,-3.46,DOWNTREND,676886.0,51.04,NEUTRAL,-30.7612,-37.949,7.1878,BULLISH,51.807,2.17,2476.28,2246.55,2361.41,62.44,9.73,MID_BAND,False,DISTRIBUTING,22.88,21.98,19.81,MODERATE_TREND,BULLISH,2026-08-03
MBAPL,160.01,167.95,74.63,-4.73,114.4,142.1,124.03,99.1,12.6,29.01,61.46,STRONG_UPTREND,2198920.0,68.23,BULLISH,11.8824,10.3135,1.5689,BULLISH,7.8298,4.89,174.93,109.27,142.1,77.28,46.2,MID_BAND,False,ACCUMULATING,32.45,29.15,12.84,STRONG_TREND,BULLISH,2026-08-03
MBEL,294.7,535.9,223.05,-45.01,32.12,310.24,305.19,333.54,-5.01,-3.44,-11.64,DOWNTREND,133725.0,41.46,BEARISH,-4.8426,-2.1172,-2.7255,BEARISH,11.2978,3.83,340.68,279.8,310.24,24.48,19.63,MID_BAND,False,ACCUMULATING,21.02,15.01,24.18,MODERATE_TREND,BEARISH,2026-08-03
MCCHRLS-B,690.0,798.7,580.0,-13.61,18.97,699.67,696.12,,-1.38,-0.88,,INSUFFICIENT_DATA,350.0,47.07,NEUTRAL,-1.9614,0.5748,-2.5362,BEARISH,48.2163,6.99,717.87,681.47,699.67,23.43,5.2,MID_BAND,False,ACCUMULATING,39.25,21.89,25.56,STRONG_TREND,BEARISH,2026-08-03
MCL,56.17,82.85,44.1,-32.2,27.37,53.74,58.08,,4.52,-3.29,,INSUFFICIENT_DATA,23852.0,57.28,BULLISH,-0.6474,-1.0194,0.372,BULLISH,2.2208,3.95,55.67,51.81,53.74,113.03,7.18,NEAR_UPPER,False,DISTRIBUTING,29.64,24.33,17.22,MODERATE_TREND,BULLISH,2026-08-03
MCLOUD,29.23,90.5,19.4,-67.7,50.67,28.77,27.95,29.36,1.6,4.58,-0.44,DOWNTREND,4404012.0,54.12,NEUTRAL,0.1448,0.1011,0.0437,BULLISH,1.3771,4.71,30.87,26.67,28.77,60.93,14.63,SQUEEZE,True,ACCUMULATING,21.9,24.5,15.15,MODERATE_TREND,BULLISH,2026-08-03
MCX,2642.1,3480.0,1460.8,-24.08,80.87,2758.66,2843.77,2520.58,-4.23,-7.09,4.82,CONSOLIDATING,2010236.0,37.85,BEARISH,-46.7775,-37.366,-9.4115,BEARISH,82.3681,3.12,2896.75,2620.58,2758.66,7.79,10.01,NEAR_LOWER,False,ACCUMULATING,18.27,15.85,29.0,RANGING,BEARISH,2026-08-03
MEDANTA,1444.9,1475.8,956.0,-2.09,51.14,1361.8,1299.03,1184.01,6.1,11.23,22.03,STRONG_UPTREND,223172.0,69.94,BULLISH,35.9246,30.7043,5.2202,BULLISH,40.9031,2.83,1446.25,1277.35,1361.8,99.2,12.4,NEAR_UPPER,False,ACCUMULATING,31.34,29.98,15.6,STRONG_TREND,BULLISH,2026-08-03
MEDIASSIST,361.0,594.1,293.0,-39.24,23.21,354.31,360.51,396.58,1.89,0.14,-8.97,DOWNTREND,109396.0,54.13,NEUTRAL,-2.258,-3.4385,1.1805,BULLISH,11.209,3.1,368.29,340.32,354.31,73.92,7.9,MID_BAND,False,ACCUMULATING,17.4,24.23,16.5,RANGING,BULLISH,2026-08-03
MEDICAMEQ,240.02,447.65,212.4,-46.38,13.0,240.62,244.79,307.47,-0.25,-1.95,-21.94,DOWNTREND,15818.0,48.69,NEUTRAL,-2.0469,-1.8921,-0.1548,BEARISH,10.6212,4.43,250.61,230.64,240.62,46.99,8.3,MID_BAND,False,DISTRIBUTING,11.07,16.64,17.46,RANGING,BEARISH,2026-08-03
MEDICO,49.66,56.88,30.22,-12.69,64.33,41.0,42.6,44.03,21.12,16.57,12.79,STRONG_UPTREND,215813.0,79.42,OVERBOUGHT,1.6332,0.2365,1.3968,BULLISH,2.5461,5.13,48.74,33.26,41.0,105.95,37.76,NEAR_UPPER,False,ACCUMULATING,40.1,33.18,6.92,STRONG_TREND,BULLISH,2026-08-03
MEDPLUS,696.4,1022.2,653.0,-31.87,6.65,765.19,819.88,829.36,-8.99,-15.06,-16.03,DOWNTREND,304632.0,28.01,OVERSOLD,-35.9671,-31.2212,-4.7459,BEARISH,25.2223,3.62,871.11,659.28,765.19,17.52,27.68,MID_BAND,False,DISTRIBUTING,50.59,6.12,38.91,STRONG_TREND,BEARISH,2026-08-03
MEESHO,191.57,254.4,125.56,-24.7,52.57,187.28,182.32,,2.29,5.07,,INSUFFICIENT_DATA,10509348.0,57.99,BULLISH,0.1157,0.6052,-0.4895,BEARISH,7.5066,3.92,195.47,179.09,187.28,76.2,8.74,MID_BAND,False,DISTRIBUTING,21.83,17.33,19.29,MODERATE_TREND,BEARISH,2026-08-03
MEGASTAR,327.2,392.0,203.0,-16.53,61.18,347.93,332.3,,-5.96,-1.53,,INSUFFICIENT_DATA,33291.0,42.77,BEARISH,-2.5461,0.9959,-3.542,BEARISH,16.379,5.01,382.07,313.8,347.93,19.63,19.62,MID_BAND,False,DISTRIBUTING,19.28,15.84,21.08,RANGING,BEARISH,2026-08-03
MEIL,289.0,573.7,206.26,-49.63,40.11,278.55,251.73,,3.75,14.81,,INSUFFICIENT_DATA,172691.0,57.99,BULLISH,13.0359,14.004,-0.9682,BEARISH,16.1583,5.59,331.82,225.27,278.54,59.81,38.25,MID_BAND,False,ACCUMULATING,28.31,25.28,18.88,MODERATE_TREND,BULLISH,2026-08-03
MENNPIS,74.43,81.8,52.35,-9.01,42.18,72.74,65.27,,2.32,14.03,,INSUFFICIENT_DATA,102956.0,57.83,BULLISH,1.938,2.4952,-0.5572,BEARISH,4.0979,5.51,76.36,69.12,72.74,73.34,9.96,SQUEEZE,True,ACCUMULATING,38.34,24.46,12.25,STRONG_TREND,BULLISH,2026-08-03
MERCANTILE,24.33,31.9,19.0,-23.73,28.05,24.52,25.12,,-0.77,-3.14,,INSUFFICIENT_DATA,8001.0,47.98,NEUTRAL,-0.2567,-0.2341,-0.0226,BEARISH,1.7302,7.11,25.7,23.35,24.52,41.77,9.56,MID_BAND,False,ACCUMULATING,11.03,17.39,12.67,RANGING,BULLISH,2026-08-03
MERCURYEV,35.43,36.86,34.2,-3.88,3.6,,,,,,,INSUFFICIENT_DATA,130308.0,,,,,,,,,,,,,,,False,,,,,,,2026-08-03
METROBRAND,1034.9,1340.4,883.0,-22.79,17.2,1046.74,1034.41,1055.16,-1.13,0.05,-1.92,DOWNTREND,44867.0,48.48,NEUTRAL,-1.3269,1.2743,-2.6013,BEARISH,26.358,2.55,1083.12,1010.36,1046.74,33.73,6.95,MID_BAND,False,ACCUMULATING,16.62,16.71,17.71,RANGING,BEARISH,2026-08-03
METROGLOBL,133.26,159.79,110.0,-16.6,21.15,132.54,130.32,,0.54,2.26,,INSUFFICIENT_DATA,7041.0,53.61,NEUTRAL,-0.1433,-0.0017,-0.1416,BEARISH,6.6955,5.02,140.72,124.35,132.54,54.42,12.35,MID_BAND,False,DISTRIBUTING,34.68,19.55,8.57,STRONG_TREND,BULLISH,2026-08-03
METROPOLIS,596.45,609.05,412.25,-2.07,44.68,571.59,552.43,496.91,4.35,7.97,20.03,STRONG_UPTREND,270991.0,62.51,BULLISH,11.1914,9.8236,1.3679,BULLISH,19.9572,3.35,597.51,545.66,571.59,97.96,9.07,NEAR_UPPER,False,ACCUMULATING,15.34,26.38,15.45,RANGING,BULLISH,2026-08-03
MFML,19.84,36.99,17.3,-46.36,14.68,19.07,21.5,24.04,4.04,-7.72,-17.47,DOWNTREND,5865.0,50.05,NEUTRAL,-0.6941,-0.9014,0.2073,BULLISH,1.3852,6.98,20.12,18.03,19.07,86.52,10.99,MID_BAND,False,ACCUMULATING,32.65,15.44,16.48,STRONG_TREND,BEARISH,2026-08-03
MFSL,1542.5,1892.5,1433.6,-18.49,7.6,1552.96,1598.01,1647.17,-0.67,-3.47,-6.35,DOWNTREND,727421.0,46.8,NEUTRAL,-26.2911,-25.6064,-0.6847,BEARISH,39.1336,2.54,1643.76,1462.16,1552.96,44.24,11.69,MID_BAND,False,DISTRIBUTING,17.76,17.48,20.97,RANGING,BEARISH,2026-08-03
MGL,1115.7,1378.0,900.0,-19.03,23.97,1103.46,1119.72,1114.9,1.11,-0.36,0.07,CONSOLIDATING,301005.0,51.28,NEUTRAL,-5.9396,-9.3267,3.3871,BULLISH,35.2829,3.16,1141.69,1065.23,1103.46,66.01,6.93,MID_BAND,False,ACCUMULATING,20.33,22.97,13.91,MODERATE_TREND,BULLISH,2026-08-03
MHLXMIRU,148.33,244.65,105.53,-39.37,40.56,139.02,153.3,183.14,6.7,-3.24,-19.01,DOWNTREND,18597.0,56.54,BULLISH,-1.8629,-3.8985,2.0355,BULLISH,6.0647,4.09,144.87,133.16,139.02,129.52,8.42,NEAR_UPPER,False,ACCUMULATING,21.21,22.23,19.87,MODERATE_TREND,BULLISH,2026-08-03
MHRIL,218.96,368.9,207.9,-40.65,5.32,224.07,227.0,270.41,-2.28,-3.54,-19.03,DOWNTREND,174821.0,43.44,BEARISH,-3.9317,-3.3967,-0.535,BEARISH,6.9775,3.19,237.63,210.51,224.07,31.16,12.11,MID_BAND,False,DISTRIBUTING,18.55,19.95,23.34,RANGING,BEARISH,2026-08-03
MIDHANI,403.65,454.8,266.65,-11.25,51.38,404.89,418.55,366.02,-0.31,-3.56,10.28,CONSOLIDATING,418117.0,47.8,NEUTRAL,-6.5079,-6.0624,-0.4455,BEARISH,11.7849,2.92,422.96,386.82,404.89,46.56,8.93,MID_BAND,False,DISTRIBUTING,16.68,18.1,22.03,RANGING,BEARISH,2026-08-03
MIDWESTLTD,1214.9,1859.9,1048.5,-34.68,15.87,1268.61,1265.48,1322.93,-4.23,-4.0,-8.17,DOWNTREND,12979.0,39.72,BEARISH,-23.2086,-14.4979,-8.7107,BEARISH,42.1597,3.47,1367.76,1169.46,1268.61,22.92,15.63,MID_BAND,False,DISTRIBUTING,22.63,10.57,24.05,MODERATE_TREND,BEARISH,2026-08-03
MINDACORP,727.6,735.9,462.0,-1.13,57.49,687.81,665.84,583.44,5.79,9.28,24.71,STRONG_UPTREND,261780.0,66.04,BULLISH,11.6136,9.7969,1.8167,BULLISH_CROSS,22.036,3.03,719.73,655.89,687.81,112.33,9.28,NEAR_UPPER,False,ACCUMULATING,22.01,25.89,11.15,MODERATE_TREND,BULLISH,2026-08-03
MINDTECK,193.37,307.68,145.13,-37.15,33.24,200.27,205.58,207.15,-3.45,-5.94,-6.65,DOWNTREND,72596.0,37.89,BEARISH,-3.6745,-3.0075,-0.6669,BEARISH,6.7965,3.51,212.5,188.05,200.27,21.77,12.21,MID_BAND,False,DISTRIBUTING,10.85,16.68,17.74,RANGING,BEARISH,2026-08-03
MIRZAINT,33.72,44.0,24.95,-23.36,35.15,36.48,33.77,34.6,-7.57,-0.15,-2.54,DOWNTREND,710669.0,42.26,BEARISH,-0.0969,0.4946,-0.5916,BEARISH,1.7189,5.1,40.2,32.77,36.48,12.79,20.35,MID_BAND,False,ACCUMULATING,27.46,20.6,21.11,MODERATE_TREND,BEARISH,2026-08-03
MITTAL,0.91,1.82,0.7,-50.0,30.0,0.92,0.97,1.05,-1.09,-6.19,-13.33,DOWNTREND,386425.0,42.39,BEARISH,-0.0155,-0.0158,0.0003,BULLISH_CROSS,0.039,4.29,0.95,0.89,0.92,29.63,6.39,MID_BAND,False,ACCUMULATING,21.14,15.17,19.27,MODERATE_TREND,BEARISH,2026-08-03
MKPL,4.25,8.85,3.56,-51.98,19.38,4.38,4.69,5.33,-2.97,-9.38,-20.26,DOWNTREND,175669.0,37.06,BEARISH,-0.1569,-0.16,0.0031,BULLISH_CROSS,0.1844,4.34,4.79,3.97,4.38,34.11,18.6,MID_BAND,False,DISTRIBUTING,49.91,13.22,20.59,STRONG_TREND,BEARISH,2026-08-03
MMFL,554.4,565.0,288.1,-1.88,92.43,533.62,489.13,427.79,3.89,13.34,29.6,STRONG_UPTREND,114853.0,65.72,BULLISH,18.4964,19.6526,-1.1562,BEARISH,18.6386,3.36,573.26,493.97,533.62,76.21,14.86,MID_BAND,False,ACCUMULATING,37.08,25.34,15.87,STRONG_TREND,BULLISH,2026-08-03
MMP,294.65,319.98,185.2,-7.92,59.1,283.06,276.26,257.3,4.09,6.66,14.52,STRONG_UPTREND,49604.0,62.36,BULLISH,3.4404,2.8801,0.5603,BULLISH,11.6008,3.94,294.68,271.45,283.06,99.86,8.21,NEAR_UPPER,False,ACCUMULATING,38.49,28.26,8.18,STRONG_TREND,BULLISH,2026-08-03
MMTC,63.65,78.35,50.1,-18.76,27.05,63.1,66.23,63.21,0.87,-3.9,0.7,CONSOLIDATING,1728632.0,48.77,NEUTRAL,-1.3695,-1.4662,0.0968,BULLISH_CROSS,1.9075,3.0,66.15,60.05,63.1,59.06,9.66,SQUEEZE,True,DISTRIBUTING,16.91,26.1,24.66,RANGING,BULLISH,2026-08-03
MOBIKWIK,214.77,334.0,151.46,-35.7,41.8,209.86,202.36,211.46,2.34,6.13,1.57,STRONG_UPTREND,2741844.0,57.18,BULLISH,0.3551,1.1292,-0.7741,BEARISH,8.6631,4.03,230.46,189.27,209.86,61.91,19.62,MID_BAND,False,ACCUMULATING,23.08,32.47,17.55,MODERATE_TREND,BULLISH,2026-08-03
MODIRUBBER,121.37,167.5,98.41,-27.54,23.33,126.52,127.87,123.14,-4.07,-5.08,-1.44,DOWNTREND,1838.0,39.88,BEARISH,-2.2164,-1.4685,-0.7479,BEARISH,5.3216,4.38,134.12,118.91,126.52,16.16,12.02,MID_BAND,False,DISTRIBUTING,24.66,13.39,20.89,MODERATE_TREND,BEARISH,2026-08-03
MODIS,398.55,429.05,276.0,-7.11,44.4,371.35,353.29,,7.32,12.81,,INSUFFICIENT_DATA,107391.0,67.99,BULLISH,14.1925,12.0439,2.1486,BULLISH,16.0707,4.03,423.28,319.42,371.35,76.19,27.97,MID_BAND,False,ACCUMULATING,35.41,29.83,8.21,STRONG_TREND,BULLISH,2026-08-03
MODTHREAD,48.85,62.0,35.61,-21.21,37.18,47.56,46.4,45.27,2.71,5.28,7.91,STRONG_UPTREND,1365.0,54.88,NEUTRAL,0.5307,0.4791,0.0515,BULLISH,2.7898,5.71,49.93,45.2,47.56,77.23,9.93,MID_BAND,False,ACCUMULATING,18.96,30.43,16.96,RANGING,BULLISH,2026-08-03
MOHITIND,22.45,40.19,18.6,-44.14,20.7,22.81,23.28,25.52,-1.58,-3.57,-12.03,DOWNTREND,6073.0,43.76,BEARISH,-0.2207,-0.1985,-0.0222,BEARISH,1.3275,5.91,23.35,22.28,22.81,16.15,4.71,MID_BAND,False,DISTRIBUTING,12.32,25.27,12.55,RANGING,BULLISH,2026-08-03
MOIL,282.05,404.9,242.35,-30.34,16.38,273.19,283.73,313.49,3.24,-0.59,-10.03,DOWNTREND,2169408.0,55.07,BULLISH,-1.2634,-3.5817,2.3183,BULLISH,8.2096,2.91,284.14,262.25,273.19,90.45,8.01,NEAR_UPPER,False,ACCUMULATING,18.64,33.88,16.2,RANGING,BULLISH,2026-08-03
MOKSH,10.2,16.65,8.11,-38.74,25.77,11.03,11.57,12.74,-7.52,-11.84,-19.94,DOWNTREND,117003.0,26.87,OVERSOLD,-0.466,-0.365,-0.101,BEARISH,0.4636,4.55,12.31,9.76,11.03,17.32,23.13,MID_BAND,False,DISTRIBUTING,28.93,9.69,22.52,MODERATE_TREND,BEARISH,2026-08-03
MOL,54.36,88.88,36.5,-38.84,48.93,51.28,49.88,55.51,6.01,8.98,-2.07,DOWNTREND,2466210.0,59.39,BULLISH,1.7641,1.4234,0.3407,BULLISH,2.4921,4.58,59.55,43.02,51.28,68.62,32.23,MID_BAND,False,ACCUMULATING,30.54,30.7,15.44,STRONG_TREND,BULLISH,2026-08-03
MOLDTECH,149.19,221.0,101.1,-32.49,47.57,133.61,129.44,139.33,11.66,15.26,7.08,STRONG_UPTREND,92304.0,66.07,BULLISH,5.297,2.9556,2.3414,BULLISH,7.54,5.05,152.58,114.64,133.61,91.07,28.39,NEAR_UPPER,False,ACCUMULATING,30.95,33.3,11.56,STRONG_TREND,BULLISH,2026-08-03
MOLDTKPAC,675.1,870.5,464.9,-22.45,45.21,685.63,691.7,611.74,-1.54,-2.4,10.36,CONSOLIDATING,120608.0,46.57,NEUTRAL,-3.2788,0.2048,-3.4836,BEARISH,29.7778,4.41,723.3,647.95,685.62,36.03,10.99,MID_BAND,False,DISTRIBUTING,16.3,18.37,17.17,RANGING,BULLISH,2026-08-03
MONARCH,384.55,403.8,235.45,-4.77,63.33,366.86,351.37,307.89,4.82,9.44,24.9,STRONG_UPTREND,381389.0,63.78,BULLISH,11.5971,9.6723,1.9248,BULLISH,14.0598,3.66,399.24,334.48,366.86,77.32,17.65,MID_BAND,False,ACCUMULATING,26.25,23.23,11.02,MODERATE_TREND,BULLISH,2026-08-03
MONEYBOXX,60.69,91.5,44.02,-33.67,37.87,59.74,65.5,66.26,1.59,-7.34,-8.41,DOWNTREND,24420.0,48.15,NEUTRAL,-1.9237,-2.2945,0.3708,BULLISH,4.254,7.01,63.41,56.06,59.74,62.98,12.3,MID_BAND,False,DISTRIBUTING,40.71,15.3,14.6,STRONG_TREND,BULLISH,2026-08-03
MONTECARLO,533.0,860.95,464.0,-38.09,14.87,536.91,545.0,596.54,-0.73,-2.2,-10.65,DOWNTREND,35213.0,45.17,NEUTRAL,-4.9088,-4.1695,-0.7393,BEARISH,12.991,2.44,548.31,525.51,536.91,32.86,4.25,MID_BAND,False,DISTRIBUTING,10.73,15.65,17.38,RANGING,BEARISH,2026-08-03
MOREPENLAB,57.65,64.58,33.05,-10.73,74.43,58.18,53.28,44.07,-0.91,8.2,30.81,UPTREND,7714503.0,53.74,NEUTRAL,0.5543,0.9939,-0.4396,BEARISH,2.6079,4.52,64.23,52.13,58.18,45.63,20.79,MID_BAND,False,DISTRIBUTING,29.3,23.83,15.89,MODERATE_TREND,BULLISH,2026-08-03
MOSCHIP,210.23,288.45,146.8,-27.12,43.21,228.79,218.75,203.33,-8.11,-3.89,3.39,CONSOLIDATING,5730590.0,43.0,BEARISH,-3.1258,1.0639,-4.1897,BEARISH,10.684,5.08,259.56,198.02,228.79,19.84,26.9,MID_BAND,False,DISTRIBUTING,24.08,21.07,24.96,MODERATE_TREND,BEARISH,2026-08-03
MOTHERSON,155.01,155.25,89.86,-0.15,72.5,145.23,144.77,125.08,6.73,7.07,23.93,STRONG_UPTREND,15931091.0,68.53,BULLISH,1.8863,1.1066,0.7797,BULLISH,4.1083,2.65,151.97,138.49,145.23,122.55,9.28,NEAR_UPPER,False,ACCUMULATING,19.33,27.69,12.58,RANGING,BULLISH,2026-08-03
MOTILALOFS,867.95,1097.1,614.9,-20.89,41.15,922.62,912.5,843.79,-5.93,-4.88,2.86,CONSOLIDATING,1449646.0,39.72,BEARISH,-19.7688,-7.1736,-12.5952,BEARISH,28.1647,3.24,1025.18,820.06,922.62,23.35,22.23,MID_BAND,False,DISTRIBUTING,33.59,13.31,32.81,STRONG_TREND,BEARISH,2026-08-03
MOTISONS,14.25,20.81,10.62,-31.52,34.18,14.16,13.56,14.09,0.64,5.09,1.14,STRONG_UPTREND,29497920.0,53.27,NEUTRAL,0.1353,0.148,-0.0127,BEARISH,0.68,4.77,14.79,13.54,14.16,57.0,8.82,MID_BAND,False,ACCUMULATING,29.26,19.77,11.64,MODERATE_TREND,BULLISH,2026-08-03
MPHASIS,2429.0,3037.2,2013.0,-20.03,20.67,2343.05,2304.73,2477.9,3.67,5.39,-1.97,DOWNTREND,705165.0,58.47,BULLISH,22.5847,17.9722,4.6126,BULLISH_CROSS,90.5879,3.73,2458.54,2227.57,2343.06,87.21,9.86,MID_BAND,False,ACCUMULATING,10.88,28.04,27.14,RANGING,BULLISH,2026-08-03
MPSLTD,2770.5,2800.0,1336.1,-1.05,107.36,2321.65,2028.33,1871.53,19.33,36.59,48.03,STRONG_UPTREND,160318.0,76.94,OVERBOUGHT,223.0509,185.5238,37.5272,BULLISH,119.278,4.31,2987.55,1655.76,2321.65,83.7,57.36,MID_BAND,False,ACCUMULATING,66.5,40.65,5.62,STRONG_TREND,BULLISH,2026-08-03
MRF,133730.0,163600.0,122000.0,-18.26,9.61,132962.25,129650.6,139175.67,0.58,3.15,-3.91,DOWNTREND,5372.0,54.62,NEUTRAL,879.1061,910.5601,-31.4539,BEARISH,2326.3439,1.74,136648.64,129275.86,132962.25,60.41,5.55,MID_BAND,False,ACCUMULATING,14.24,28.09,21.37,RANGING,BULLISH,2026-08-03
MRPL,174.06,212.31,120.45,-18.02,44.51,164.89,158.45,166.64,5.56,9.85,4.45,STRONG_UPTREND,25025647.0,59.92,BULLISH,3.3636,3.2373,0.1263,BULLISH_CROSS,7.8431,4.51,183.8,145.98,164.89,74.25,22.94,MID_BAND,False,ACCUMULATING,22.53,29.74,15.14,MODERATE_TREND,BULLISH,2026-08-03
MSPL,35.07,46.12,26.25,-23.96,33.6,37.13,40.01,35.47,-5.55,-12.35,-1.13,DOWNTREND,687686.0,36.66,BEARISH,-1.429,-1.3411,-0.0879,BEARISH,1.6133,4.6,41.04,33.23,37.14,23.58,21.05,MID_BAND,False,DISTRIBUTING,30.46,12.63,27.57,STRONG_TREND,BEARISH,2026-08-03
MSTCLTD,608.8,743.9,362.15,-18.16,68.11,626.4,602.91,498.6,-2.81,0.98,22.1,UPTREND,373275.0,47.35,NEUTRAL,-5.171,-0.7159,-4.4551,BEARISH,28.9309,4.75,687.38,565.42,626.4,35.57,19.47,MID_BAND,False,DISTRIBUTING,18.76,22.44,19.79,RANGING,BULLISH,2026-08-03
MSUMI,41.48,53.59,35.7,-22.6,16.19,40.49,39.45,42.29,2.45,5.15,-1.92,DOWNTREND,8249555.0,58.71,BULLISH,0.4236,0.3707,0.0529,BULLISH,1.0981,2.65,41.86,39.13,40.49,85.99,6.76,MID_BAND,False,DISTRIBUTING,21.72,24.88,11.29,MODERATE_TREND,BULLISH,2026-08-03
MTNL,28.11,48.19,21.26,-41.67,32.22,27.98,29.49,31.81,0.46,-4.68,-11.63,DOWNTREND,863635.0,48.11,NEUTRAL,-0.6843,-0.7185,0.0342,BULLISH_CROSS,0.9394,3.34,29.68,26.28,27.98,53.81,12.16,MID_BAND,False,DISTRIBUTING,8.93,26.97,19.93,RANGING,BULLISH,2026-08-03
MUFIN,133.1,138.0,82.99,-3.55,60.38,128.55,127.17,115.78,3.54,4.66,14.96,STRONG_UPTREND,911187.0,60.53,BULLISH,0.6528,0.3324,0.3204,BULLISH,3.822,2.87,133.51,123.59,128.55,95.87,7.72,NEAR_UPPER,False,DISTRIBUTING,15.93,27.99,18.8,RANGING,BULLISH,2026-08-03
MUFTI,82.69,130.7,63.06,-36.73,31.13,84.22,86.64,88.7,-1.82,-4.56,-6.78,DOWNTREND,64216.0,44.73,BEARISH,-1.3098,-1.02,-0.2898,BEARISH,2.8605,3.46,88.07,80.38,84.22,30.03,9.13,MID_BAND,False,DISTRIBUTING,16.19,14.59,22.59,RANGING,BEARISH,2026-08-03
MUKANDLTD,143.6,154.25,114.31,-6.9,25.62,139.23,137.4,133.21,3.14,4.51,7.8,STRONG_UPTREND,180647.0,60.28,BULLISH,1.4647,1.3546,0.1101,BULLISH_CROSS,4.0531,2.82,149.2,129.25,139.23,71.92,14.33,MID_BAND,False,ACCUMULATING,21.97,24.68,14.06,MODERATE_TREND,BULLISH,2026-08-03
MUKKA,23.29,31.23,18.27,-25.42,27.48,23.09,23.25,23.38,0.87,0.17,-0.38,DOWNTREND,220559.0,51.29,NEUTRAL,-0.1779,-0.1643,-0.0136,BEARISH,0.8949,3.84,23.84,22.34,23.09,63.42,6.47,SQUEEZE,True,DISTRIBUTING,16.65,12.21,17.42,RANGING,BEARISH,2026-08-03
MUNJALAU,103.68,114.99,67.2,-9.84,54.29,102.84,98.5,84.7,0.82,5.26,22.41,STRONG_UPTREND,764292.0,54.88,NEUTRAL,1.099,1.5436,-0.4447,BEARISH,4.0595,3.92,106.81,98.87,102.84,60.6,7.72,MID_BAND,False,ACCUMULATING,43.43,32.64,13.53,STRONG_TREND,BULLISH,2026-08-03
MUNJALSHOW,143.47,150.9,110.3,-4.92,30.07,135.74,132.78,127.49,5.69,8.05,12.53,STRONG_UPTREND,70125.0,73.96,OVERBOUGHT,1.9981,1.5633,0.4348,BULLISH,3.6417,2.54,140.79,130.69,135.74,126.51,7.44,NEAR_UPPER,False,ACCUMULATING,27.54,35.5,14.21,MODERATE_TREND,BULLISH,2026-08-03
MURUDCERA,30.7,47.5,25.16,-35.37,22.02,30.88,31.71,33.31,-0.58,-3.19,-7.84,DOWNTREND,17908.0,44.61,BEARISH,-0.3341,-0.362,0.0279,BULLISH,1.1596,3.78,31.68,30.07,30.88,39.14,5.22,SQUEEZE,True,DISTRIBUTING,9.27,14.56,15.32,RANGING,BEARISH,2026-08-03
MUTHOOTCAP,237.88,303.0,175.25,-21.49,35.74,221.86,209.87,230.43,7.22,13.35,3.23,STRONG_UPTREND,26004.0,69.98,BULLISH,5.1559,3.9165,1.2393,BULLISH,9.7379,4.09,236.46,207.25,221.86,104.85,13.17,NEAR_UPPER,False,ACCUMULATING,33.14,27.26,9.1,STRONG_TREND,BULLISH,2026-08-03
MUTHOOTFIN,2890.9,4149.5,2476.6,-30.33,16.73,3032.16,3090.3,3445.11,-4.66,-6.45,-16.09,DOWNTREND,1167043.0,39.22,BEARISH,-27.7176,-28.7061,0.9885,BULLISH,110.9717,3.84,3145.89,2918.43,3032.16,-12.1,7.5,NEAR_LOWER,False,DISTRIBUTING,14.03,20.91,38.88,RANGING,BEARISH,2026-08-03
MUTHOOTMF,235.66,262.77,141.2,-10.32,66.9,241.2,213.47,185.27,-2.3,10.39,27.2,UPTREND,1640509.0,50.61,NEUTRAL,9.4289,11.78,-2.3511,BEARISH,11.663,4.95,270.96,211.44,241.2,40.69,24.67,MID_BAND,False,ACCUMULATING,38.25,20.94,19.8,STRONG_TREND,BULLISH,2026-08-03
MVGJL,170.7,214.79,129.1,-20.53,32.22,161.52,154.55,168.48,5.68,10.45,1.32,STRONG_UPTREND,90886.0,62.46,BULLISH,4.385,3.2772,1.1078,BULLISH,7.3576,4.31,175.97,147.06,161.52,81.76,17.9,MID_BAND,False,ACCUMULATING,29.44,28.01,13.92,MODERATE_TREND,BULLISH,2026-08-03
MWL,37.9,41.95,20.0,-9.65,89.53,36.56,37.19,29.87,3.67,1.91,26.88,STRONG_UPTREND,1037222.0,63.56,BULLISH,-0.165,-0.2205,0.0555,BULLISH_CROSS,1.4987,3.95,37.87,35.26,36.56,101.16,7.15,NEAR_UPPER,False,DISTRIBUTING,25.86,30.48,14.29,MODERATE_TREND,BULLISH,2026-08-03
NACLIND,178.59,245.0,112.62,-27.11,58.58,207.93,191.36,,-14.11,-6.67,,INSUFFICIENT_DATA,2106216.0,38.39,BEARISH,-3.896,0.8353,-4.7313,BEARISH,13.372,7.49,243.09,172.77,207.93,8.28,33.82,NEAR_LOWER,False,DISTRIBUTING,18.36,20.02,24.26,RANGING,BEARISH,2026-08-03
NAGREEKCAP,22.89,42.75,19.3,-46.46,18.6,26.4,24.72,,-13.3,-7.4,,INSUFFICIENT_DATA,80515.0,42.98,BEARISH,-0.0701,0.802,-0.8721,BEARISH,3.025,13.22,36.43,16.37,26.4,32.49,75.98,MID_BAND,False,ACCUMULATING,23.11,25.09,26.16,MODERATE_TREND,BEARISH,2026-08-03
NAGREEKEXP,22.48,40.0,17.5,-43.8,28.46,23.29,25.44,25.59,-3.48,-11.64,-12.15,DOWNTREND,12988.0,39.96,BEARISH,-1.0306,-0.965,-0.0657,BEARISH,1.5223,6.77,25.52,21.06,23.29,31.8,19.11,MID_BAND,False,DISTRIBUTING,37.92,8.77,17.92,STRONG_TREND,BEARISH,2026-08-03
NAHARCAP,262.72,307.0,191.0,-14.42,37.55,249.06,251.47,248.66,5.48,4.47,5.65,STRONG_UPTREND,1900.0,66.83,BULLISH,0.4473,-0.5996,1.047,BULLISH,8.138,3.1,257.08,241.05,249.06,135.22,6.43,NEAR_UPPER,False,DISTRIBUTING,13.8,23.55,10.21,RANGING,BULLISH,2026-08-03
NAHARINDUS,118.15,130.0,83.05,-9.12,42.26,116.31,116.94,107.86,1.58,1.03,9.54,STRONG_UPTREND,8083.0,55.57,BULLISH,-0.3914,-0.2357,-0.1557,BEARISH,3.5049,2.97,119.15,113.47,116.31,82.46,4.88,MID_BAND,False,DISTRIBUTING,25.57,27.09,14.39,MODERATE_TREND,BULLISH,2026-08-03
NAHARPOLY,274.9,338.8,200.0,-18.86,37.45,261.78,255.79,250.46,5.01,7.47,9.76,STRONG_UPTREND,23663.0,61.71,BULLISH,5.6038,4.6664,0.9373,BULLISH,11.0324,4.01,283.22,240.35,261.78,80.59,16.38,MID_BAND,False,ACCUMULATING,26.28,22.22,14.29,MODERATE_TREND,BULLISH,2026-08-03
NAHARSPING,311.15,313.8,149.2,-0.84,108.55,234.69,213.79,,32.58,45.54,,INSUFFICIENT_DATA,48873.0,80.78,OVERBOUGHT,16.6106,12.2036,4.407,BULLISH,17.9004,5.75,282.55,186.83,234.69,129.88,40.78,NEAR_UPPER,False,ACCUMULATING,39.7,39.71,14.6,STRONG_TREND,BULLISH,2026-08-03
NAM-INDIA,1165.0,1233.5,780.25,-5.55,49.31,1169.79,1146.26,967.43,-0.41,1.63,20.42,UPTREND,881037.0,51.37,NEUTRAL,-0.3921,2.5615,-2.9536,BEARISH,35.1059,3.01,1231.2,1108.37,1169.79,46.1,10.5,MID_BAND,False,DISTRIBUTING,23.28,15.49,23.19,MODERATE_TREND,BEARISH,2026-08-03
NARMADA,16.26,28.25,12.65,-42.44,28.54,17.64,18.27,,-7.82,-11.0,,INSUFFICIENT_DATA,3636288.0,40.41,BEARISH,-0.3757,-0.2505,-0.1252,BEARISH,1.3906,8.55,19.39,15.9,17.64,10.41,19.77,MID_BAND,False,DISTRIBUTING,18.2,31.38,19.18,RANGING,BULLISH,2026-08-03
NATCAPSUQ,162.33,296.0,136.36,-45.16,19.05,145.1,151.81,167.81,11.87,6.93,-3.27,DOWNTREND,17806.0,67.34,BULLISH,-0.26,-1.8322,1.5722,BULLISH,7.8265,4.82,154.86,135.33,145.1,138.23,13.46,NEAR_UPPER,False,ACCUMULATING,26.04,37.28,12.09,MODERATE_TREND,BULLISH,2026-08-03
NATCOPHARM,929.1,1226.8,789.0,-24.27,17.76,949.01,942.16,946.26,-2.1,-1.39,-1.81,DOWNTREND,498645.0,46.12,NEUTRAL,-6.9056,-5.1526,-1.753,BEARISH,25.5592,2.75,995.46,902.56,949.01,28.57,9.79,MID_BAND,False,DISTRIBUTING,11.97,19.26,19.23,RANGING,BULLISH,2026-08-03
NATHBIOGEN,158.84,204.0,126.15,-22.14,25.91,161.96,166.35,157.87,-1.93,-4.51,0.61,CONSOLIDATING,15100.0,43.98,BEARISH,-1.6345,-1.5724,-0.0621,BEARISH_CROSS,5.8778,3.7,168.02,155.89,161.96,24.29,7.49,MID_BAND,False,ACCUMULATING,19.12,14.25,22.15,RANGING,BEARISH,2026-08-03
NATIONALUM,369.0,445.15,183.86,-17.11,100.7,348.8,368.32,352.13,5.79,0.18,4.79,STRONG_UPTREND,6813222.0,59.41,BULLISH,-3.3148,-6.4848,3.1699,BULLISH,11.0264,2.99,366.64,330.96,348.8,106.61,10.23,NEAR_UPPER,False,ACCUMULATING,18.17,29.69,20.34,RANGING,BULLISH,2026-08-03
NATIONSTD,235.51,1519.95,235.51,-84.51,0.0,405.1,891.06,,-41.86,-73.57,,INSUFFICIENT_DATA,40818.0,8.75,OVERSOLD,-194.9919,-203.5542,8.5623,BULLISH,34.2436,14.54,666.21,143.99,405.1,17.52,128.91,MID_BAND,False,DISTRIBUTING,68.17,6.16,76.25,STRONG_TREND,BEARISH,2026-08-03
NAUKRI,1268.8,1437.8,908.3,-11.75,39.69,1202.24,1078.0,1147.15,5.54,17.7,10.6,STRONG_UPTREND,3202032.0,71.18,OVERBOUGHT,48.8787,48.08,0.7987,BULLISH_CROSS,36.9145,2.91,1260.23,1144.26,1202.25,107.39,9.65,NEAR_UPPER,False,ACCUMULATING,34.6,37.39,17.79,STRONG_TREND,BULLISH,2026-08-03
NAVA,579.9,739.4,501.65,-21.57,15.6,578.44,594.14,585.27,0.25,-2.4,-0.92,DOWNTREND,238859.0,49.36,NEUTRAL,-12.0287,-11.7398,-0.2888,BEARISH,17.5088,3.02,615.46,541.43,578.45,51.97,12.8,MID_BAND,False,DISTRIBUTING,19.1,23.82,22.22,RANGING,BULLISH,2026-08-03
NAVINFLUOR,7555.0,7936.0,4498.5,-4.8,67.94,7621.7,7442.22,6490.4,-0.88,1.52,16.4,UPTREND,118885.0,49.91,NEUTRAL,25.8175,62.8863,-37.0688,BEARISH,211.5902,2.8,7888.83,7354.57,7621.7,37.52,7.01,MID_BAND,False,ACCUMULATING,17.84,15.41,20.67,RANGING,BEARISH,2026-08-03
NAVKARCORP,103.26,132.5,74.05,-22.07,39.45,105.31,103.65,99.35,-1.95,-0.38,3.94,CONSOLIDATING,1256345.0,47.74,NEUTRAL,-0.8363,-0.2891,-0.5471,BEARISH,4.702,4.55,114.72,95.91,105.31,39.09,17.87,MID_BAND,False,DISTRIBUTING,19.48,19.65,22.88,RANGING,BEARISH,2026-08-03
NAVNETEDUL,132.18,168.5,121.5,-21.55,8.79,144.68,143.15,144.37,-8.64,-7.66,-8.44,DOWNTREND,242348.0,30.38,BEARISH,-2.3534,-0.6425,-1.711,BEARISH,4.5482,3.44,155.61,133.76,144.68,-7.21,15.1,NEAR_LOWER,False,DISTRIBUTING,26.61,12.17,29.49,MODERATE_TREND,BEARISH,2026-08-03
NAZARA,339.55,363.25,215.7,-6.52,57.42,308.31,297.07,269.36,10.13,14.3,26.06,STRONG_UPTREND,3026460.0,77.34,OVERBOUGHT,7.2612,4.6254,2.6357,BULLISH,10.349,3.05,330.49,286.14,308.31,120.42,14.39,NEAR_UPPER,False,ACCUMULATING,22.62,36.77,13.17,MODERATE_TREND,BULLISH,2026-08-03
NBCC,95.5,125.85,77.18,-24.12,23.74,96.38,101.25,100.82,-0.91,-5.68,-5.28,DOWNTREND,7755167.0,43.69,BEARISH,-1.9761,-1.9826,0.0065,BULLISH_CROSS,2.4434,2.56,100.92,91.84,96.38,40.31,9.41,SQUEEZE,True,DISTRIBUTING,21.95,20.13,25.46,MODERATE_TREND,BEARISH,2026-08-03
NBIFIN,2226.3,2991.0,1539.0,-25.57,44.66,2154.33,1988.35,2055.96,3.34,11.97,8.29,STRONG_UPTREND,6964.0,61.02,BULLISH,66.9888,69.5501,-2.5614,BEARISH,99.8681,4.49,2392.48,1916.18,2154.33,65.11,22.11,MID_BAND,False,ACCUMULATING,33.18,30.19,13.19,STRONG_TREND,BULLISH,2026-08-03
NCC,144.42,225.09,130.0,-35.84,11.09,141.44,147.02,156.01,2.11,-1.77,-7.43,DOWNTREND,1505030.0,51.77,NEUTRAL,-1.9919,-2.7178,0.7258,BULLISH,3.716,2.57,147.62,135.25,141.44,74.11,8.75,MID_BAND,False,DISTRIBUTING,22.09,20.75,19.73,MODERATE_TREND,BULLISH,2026-08-03
NCLIND,182.45,223.96,147.5,-18.53,23.69,184.74,185.42,186.71,-1.24,-1.6,-2.28,DOWNTREND,36320.0,43.73,BEARISH,-0.787,-0.2745,-0.5125,BEARISH,4.6015,2.52,189.34,180.13,184.74,25.17,4.98,MID_BAND,False,ACCUMULATING,14.37,14.41,19.01,RANGING,BEARISH,2026-08-03
NDGL,2849.0,4357.4,2100.0,-34.62,35.67,2771.97,2656.22,2775.81,2.78,7.26,2.64,STRONG_UPTREND,401.0,57.79,BULLISH,34.1317,31.8346,2.2972,BULLISH_CROSS,135.8104,4.77,2941.18,2602.77,2771.97,72.76,12.21,MID_BAND,False,ACCUMULATING,36.83,31.08,12.0,STRONG_TREND,BULLISH,2026-08-03
NDL,2.37,3.75,1.8,-36.8,31.67,2.35,2.47,2.73,0.85,-4.05,-13.19,DOWNTREND,701270.0,47.6,NEUTRAL,-0.0347,-0.045,0.0103,BULLISH,0.0728,3.07,2.42,2.29,2.35,61.1,5.74,SQUEEZE,True,DISTRIBUTING,18.43,14.62,19.37,RANGING,BEARISH,2026-08-03
NDLVENTURE,129.34,140.0,79.0,-7.61,63.72,128.29,129.7,,0.82,-0.28,,INSUFFICIENT_DATA,14670.0,52.89,NEUTRAL,-0.7494,-0.8949,0.1456,BULLISH_CROSS,4.4068,3.41,134.44,122.13,128.29,58.57,9.59,MID_BAND,False,DISTRIBUTING,13.86,21.24,13.9,RANGING,BULLISH,2026-08-03
NDRAUTO,824.65,1186.6,605.05,-30.5,36.29,826.49,826.06,790.01,-0.22,-0.17,4.38,CONSOLIDATING,19325.0,50.38,NEUTRAL,-4.7726,-3.4011,-1.3715,BEARISH,30.3894,3.69,861.79,791.18,826.49,47.4,8.54,SQUEEZE,True,DISTRIBUTING,21.19,29.39,14.56,MODERATE_TREND,BULLISH,2026-08-03
NDTV,77.39,159.53,58.75,-51.49,31.73,78.95,80.58,82.16,-1.98,-3.96,-5.81,DOWNTREND,388435.0,43.66,BEARISH,-1.1459,-0.9506,-0.1953,BEARISH,2.248,2.9,83.93,73.96,78.95,34.37,12.63,MID_BAND,False,ACCUMULATING,16.81,24.77,22.17,RANGING,BULLISH,2026-08-03
NEAGI,3170.0,3459.2,3025.1,-8.36,4.79,3115.57,3174.91,,1.75,-0.15,,INSUFFICIENT_DATA,21.0,52.4,NEUTRAL,-10.3509,-22.8148,12.4638,BULLISH,79.3375,2.5,3225.77,3005.36,3115.57,74.7,7.07,MID_BAND,False,DISTRIBUTING,12.79,37.4,25.81,RANGING,BULLISH,2026-08-03
NELCAST,121.35,174.1,85.98,-30.3,41.14,129.5,135.16,121.15,-6.29,-10.22,0.17,CONSOLIDATING,618292.0,41.16,BEARISH,-4.9556,-3.7163,-1.2393,BEARISH,6.9819,5.75,146.78,112.22,129.5,26.42,26.69,MID_BAND,False,ACCUMULATING,18.16,22.96,23.39,RANGING,BEARISH,2026-08-03
NELCO,1000.8,1026.0,500.1,-2.46,100.12,918.71,837.76,731.64,8.94,19.46,36.79,STRONG_UPTREND,368179.0,68.31,BULLISH,36.6777,32.6281,4.0496,BULLISH,46.0436,4.6,1000.99,836.43,918.71,99.89,17.91,NEAR_UPPER,False,ACCUMULATING,36.35,29.84,11.18,STRONG_TREND,BULLISH,2026-08-03
NEOGEN,2056.1,2374.0,966.7,-13.39,112.69,2094.07,1991.61,1492.16,-1.81,3.24,37.79,UPTREND,149393.0,50.99,NEUTRAL,14.2738,35.8852,-21.6113,BEARISH,102.4701,4.98,2288.0,1900.15,2094.07,40.21,18.52,MID_BAND,False,DISTRIBUTING,25.09,21.11,15.01,MODERATE_TREND,BULLISH,2026-08-03
NEPHROPLUS,688.75,769.75,446.0,-10.52,54.43,659.34,671.07,,4.46,2.63,,INSUFFICIENT_DATA,205690.0,56.96,BULLISH,6.9653,2.5834,4.3818,BULLISH,25.9286,3.76,708.69,609.98,659.34,79.8,14.97,MID_BAND,False,ACCUMULATING,20.51,23.3,15.59,MODERATE_TREND,BULLISH,2026-08-03
NESCO,1073.4,1638.9,996.0,-34.5,7.77,1078.04,1110.3,1169.25,-0.43,-3.32,-8.2,DOWNTREND,58414.0,47.39,NEUTRAL,-14.0734,-16.7736,2.7002,BULLISH,32.2845,3.01,1131.88,1024.2,1078.04,45.69,9.99,MID_BAND,False,DISTRIBUTING,23.82,15.75,20.45,MODERATE_TREND,BEARISH,2026-08-03
NESTLEIND,1530.0,1532.6,1084.7,-0.17,41.05,1462.73,1431.29,1326.94,4.6,6.9,15.3,STRONG_UPTREND,2397052.0,66.41,BULLISH,23.1921,15.851,7.3411,BULLISH,33.3978,2.18,1530.61,1394.85,1462.73,99.55,9.28,NEAR_UPPER,False,ACCUMULATING,24.93,26.66,10.21,MODERATE_TREND,BULLISH,2026-08-03
NETWEB,4586.0,5244.0,2037.3,-12.55,125.1,4313.14,4472.51,3686.25,6.33,2.54,24.41,STRONG_UPTREND,1081189.0,57.4,BULLISH,-8.1326,-40.6982,32.5656,BULLISH,198.7004,4.33,4541.05,4085.23,4313.14,109.86,10.57,NEAR_UPPER,False,ACCUMULATING,13.87,33.01,19.84,RANGING,BULLISH,2026-08-03
NETWORK18,29.38,58.55,27.38,-49.82,7.3,30.03,31.25,36.43,-2.16,-5.98,-19.35,DOWNTREND,3276671.0,41.24,BEARISH,-0.771,-0.7911,0.02,BULLISH_CROSS,0.8972,3.05,32.47,27.59,30.03,36.63,16.24,MID_BAND,False,DISTRIBUTING,19.41,19.09,25.71,RANGING,BEARISH,2026-08-03
NEULANDLAB,19675.0,20089.0,11500.0,-2.06,71.09,18996.15,18069.64,15599.23,3.57,8.88,26.13,STRONG_UPTREND,34890.0,62.16,BULLISH,329.5678,327.2872,2.2807,BULLISH_CROSS,625.7454,3.18,19763.51,18228.79,18996.15,94.23,8.08,NEAR_UPPER,False,DISTRIBUTING,21.82,29.48,15.9,MODERATE_TREND,BULLISH,2026-08-03
NEWGEN,562.75,1041.95,401.05,-45.99,40.32,532.26,496.35,609.13,5.73,13.38,-7.61,DOWNTREND,6491978.0,61.7,BULLISH,15.7951,14.4517,1.3434,BULLISH,28.9779,5.15,599.32,465.2,532.26,72.74,25.2,MID_BAND,False,ACCUMULATING,27.2,31.67,16.47,MODERATE_TREND,BULLISH,2026-08-03
NEXTMEDIA,3.87,8.48,3.42,-54.36,13.16,3.95,3.96,5.01,-2.03,-2.27,-22.75,DOWNTREND,8747.0,45.91,NEUTRAL,-0.0176,-0.0194,0.0018,BULLISH,0.2347,6.06,4.12,3.77,3.95,27.62,8.72,MID_BAND,False,ACCUMULATING,18.58,16.13,9.04,RANGING,BULLISH,2026-08-03
NFL,71.84,102.97,63.35,-30.23,13.4,72.21,74.4,79.13,-0.51,-3.44,-9.21,DOWNTREND,543765.0,44.4,BEARISH,-0.9375,-1.0168,0.0793,BULLISH,1.3712,1.91,74.66,69.76,72.21,42.38,6.78,SQUEEZE,True,DISTRIBUTING,16.49,21.05,23.59,RANGING,BEARISH,2026-08-03
NGLFINE,3292.8,3448.2,1216.2,-4.51,170.74,3191.43,3021.54,2159.92,3.18,8.98,52.45,STRONG_UPTREND,8019.0,59.79,BULLISH,73.8832,76.3771,-2.4938,BEARISH,157.393,4.78,3335.48,3047.37,3191.43,85.19,9.03,MID_BAND,False,ACCUMULATING,12.92,23.99,13.85,RANGING,BULLISH,2026-08-03
NH,1919.7,2093.3,1589.0,-8.29,20.81,2015.53,1960.49,1851.81,-4.75,-2.08,3.67,CONSOLIDATING,249302.0,40.58,BEARISH,16.607,24.5681,-7.9611,BEARISH_CROSS,53.524,2.79,2097.39,1933.66,2015.53,-8.53,8.12,NEAR_LOWER,False,DISTRIBUTING,16.99,17.51,29.25,RANGING,BEARISH,2026-08-03
NHPC,79.25,89.22,71.62,-11.17,10.65,79.24,77.96,78.4,0.01,1.65,1.08,STRONG_UPTREND,13945556.0,51.79,NEUTRAL,0.085,0.2801,-0.195,BEARISH,1.6899,2.13,80.85,77.62,79.24,50.4,4.08,MID_BAND,False,DISTRIBUTING,25.04,29.58,14.18,MODERATE_TREND,BULLISH,2026-08-03
NIACL,175.46,218.0,116.97,-19.51,50.0,175.41,171.47,159.56,0.03,2.33,9.96,STRONG_UPTREND,958572.0,51.94,NEUTRAL,-1.6779,-0.8626,-0.8153,BEARISH,6.3257,3.61,188.48,162.33,175.41,50.2,14.91,MID_BAND,False,DISTRIBUTING,16.35,27.25,22.46,RANGING,BULLISH,2026-08-03
NIBE,1364.4,1848.0,809.6,-26.17,68.53,1504.76,1553.87,1191.12,-9.33,-12.19,14.55,CONSOLIDATING,72781.0,35.39,BEARISH,-48.4221,-24.0017,-24.4204,BEARISH,69.8581,5.12,1667.52,1342.0,1504.76,6.88,21.63,NEAR_LOWER,False,DISTRIBUTING,19.4,15.55,28.06,RANGING,BEARISH,2026-08-03
NIBL,35.09,40.8,24.06,-14.0,45.84,34.16,31.93,30.83,2.72,9.9,13.82,STRONG_UPTREND,63831.0,56.1,BULLISH,1.2429,1.3125,-0.0696,BEARISH_CROSS,2.0142,5.74,38.85,29.47,34.16,59.9,27.48,MID_BAND,False,ACCUMULATING,46.13,16.69,14.52,STRONG_TREND,BULLISH,2026-08-03
NIITLTD,96.86,117.75,49.0,-17.74,97.67,97.24,94.1,82.54,-0.39,2.93,17.35,UPTREND,932194.0,51.26,NEUTRAL,0.1929,0.7391,-0.5462,BEARISH,4.4362,4.58,101.66,92.82,97.24,45.69,9.1,MID_BAND,False,ACCUMULATING,25.39,26.07,15.54,MODERATE_TREND,BULLISH,2026-08-03
NIITMTS,246.61,443.9,203.3,-44.44,21.3,239.3,230.08,317.17,3.05,7.18,-22.25,DOWNTREND,783494.0,58.48,BULLISH,1.0603,0.3336,0.7267,BULLISH,11.8616,4.81,251.32,227.29,239.3,80.4,10.04,MID_BAND,False,DISTRIBUTING,18.3,15.49,17.89,RANGING,BEARISH,2026-08-03
NILAINFRA,7.66,11.55,5.9,-33.68,29.83,7.32,7.66,8.38,4.64,0.0,-8.59,DOWNTREND,173897.0,56.84,BULLISH,-0.0584,-0.1111,0.0527,BULLISH,0.2754,3.6,7.58,7.06,7.32,115.33,7.14,NEAR_UPPER,True,ACCUMULATING,20.57,24.69,14.6,MODERATE_TREND,BULLISH,2026-08-03
NILASPACES,12.74,20.47,11.35,-37.76,12.25,12.21,12.48,,4.34,2.08,,INSUFFICIENT_DATA,335420.0,59.31,BULLISH,-0.157,-0.1992,0.0422,BULLISH_CROSS,0.5159,4.05,12.83,11.59,12.21,92.68,10.19,NEAR_UPPER,False,DISTRIBUTING,16.35,28.19,11.92,RANGING,BULLISH,2026-08-03
NILE,1958.2,2018.9,1605.05,-3.01,22.0,1861.73,1800.65,,5.18,8.75,,INSUFFICIENT_DATA,4597.0,62.54,BULLISH,31.0475,26.7245,4.323,BULLISH_CROSS,81.3132,4.15,1999.58,1723.88,1861.73,84.99,14.81,MID_BAND,False,ACCUMULATING,25.01,22.9,12.14,MODERATE_TREND,BULLISH,2026-08-03
NILKAMAL,1699.9,1983.5,1050.5,-14.3,61.82,1543.49,1383.18,1366.86,10.13,22.9,24.37,STRONG_UPTREND,246144.0,60.96,BULLISH,131.4504,111.5646,19.8858,BULLISH,99.8311,5.87,1976.16,1110.82,1543.49,68.07,56.06,MID_BAND,False,ACCUMULATING,64.22,31.25,12.2,STRONG_TREND,BULLISH,2026-08-03
NIPPOBATRY,327.15,505.9,257.0,-35.33,27.3,332.33,345.99,364.3,-1.56,-5.45,-10.2,DOWNTREND,2640.0,42.54,BEARISH,-6.036,-5.9895,-0.0464,BEARISH,12.1242,3.71,345.58,319.08,332.33,30.44,7.97,SQUEEZE,True,DISTRIBUTING,18.63,12.0,18.2,RANGING,BEARISH,2026-08-03
NIRAJISPAT,215.99,347.4,155.0,-37.83,39.35,197.49,211.19,,9.37,2.27,,INSUFFICIENT_DATA,136.0,58.95,BULLISH,1.1269,-2.3018,3.4287,BULLISH,12.2337,5.66,215.84,179.14,197.49,100.41,18.58,NEAR_UPPER,False,DISTRIBUTING,10.44,32.0,23.74,RANGING,BULLISH,2026-08-03
NIRLON,620.15,657.0,516.03,-5.61,20.18,623.69,619.87,,-0.57,0.05,,INSUFFICIENT_DATA,9095.0,48.81,NEUTRAL,0.4335,1.5543,-1.1207,BEARISH,13.0863,2.11,639.46,607.93,623.69,38.76,5.06,MID_BAND,False,ACCUMULATING,15.21,23.9,21.69,RANGING,BULLISH,2026-08-03
NITCO,108.09,141.99,64.0,-23.87,68.89,106.58,103.93,91.55,1.42,4.0,18.07,STRONG_UPTREND,594710.0,53.17,NEUTRAL,-0.0908,0.2565,-0.3473,BEARISH,5.0928,4.71,112.9,100.26,106.58,61.95,11.85,SQUEEZE,True,ACCUMULATING,12.46,23.83,20.59,RANGING,BULLISH,2026-08-03
NITINSPIN,572.35,583.9,302.2,-1.98,89.39,544.8,540.34,408.19,5.06,5.92,40.22,STRONG_UPTREND,82287.0,61.39,BULLISH,0.9236,0.4726,0.4509,BULLISH_CROSS,21.0102,3.67,567.77,521.83,544.8,109.97,8.43,NEAR_UPPER,False,DISTRIBUTING,22.44,26.13,13.74,MODERATE_TREND,BULLISH,2026-08-03
NITIRAJ,214.87,236.98,168.0,-9.33,27.9,207.04,196.14,196.39,3.78,9.55,9.41,STRONG_UPTREND,6543.0,59.69,BULLISH,6.6754,6.6953,-0.0199,BEARISH_CROSS,12.9646,6.03,238.09,175.98,207.04,62.61,30.0,MID_BAND,False,ACCUMULATING,21.6,13.75,10.3,MODERATE_TREND,BULLISH,2026-08-03
NITTAGELA,1729.2,2087.2,837.05,-17.15,106.58,1879.44,1723.04,,-7.99,0.36,,INSUFFICIENT_DATA,20326.0,44.59,BEARISH,38.86,63.7936,-24.9336,BEARISH,107.6699,6.23,2009.24,1749.64,1879.44,-7.87,13.81,NEAR_LOWER,False,DISTRIBUTING,35.47,22.71,16.34,STRONG_TREND,BULLISH,2026-08-03
NIVABUPA,86.56,91.4,67.5,-5.3,28.24,86.3,85.23,78.32,0.3,1.56,10.52,STRONG_UPTREND,2546821.0,53.17,NEUTRAL,0.3543,0.4181,-0.0638,BEARISH,2.479,2.86,88.18,84.42,86.3,56.94,4.36,MID_BAND,False,ACCUMULATING,35.52,26.22,10.72,STRONG_TREND,BULLISH,2026-08-03
NKIND,62.82,87.78,54.54,-28.43,15.18,61.54,63.23,65.07,2.08,-0.65,-3.46,DOWNTREND,644.0,52.29,NEUTRAL,-0.9773,-0.876,-0.1012,BEARISH,4.4479,7.08,67.03,56.06,61.54,61.63,17.83,MID_BAND,False,DISTRIBUTING,16.17,21.35,23.76,RANGING,BEARISH,2026-08-03
NLCINDIA,298.05,387.8,222.0,-23.14,34.26,298.32,315.93,280.28,-0.09,-5.66,6.34,CONSOLIDATING,2222547.0,45.38,NEUTRAL,-5.2896,-6.3239,1.0343,BULLISH,8.4002,2.82,310.37,286.27,298.32,48.88,8.08,MID_BAND,False,ACCUMULATING,25.93,16.8,23.41,MODERATE_TREND,BEARISH,2026-08-03
NMDC,83.8,97.49,68.19,-14.04,22.89,84.16,87.04,82.56,-0.43,-3.72,1.5,CONSOLIDATING,16114828.0,44.34,BEARISH,-0.5448,-0.8118,0.267,BULLISH,1.8042,2.15,85.71,82.61,84.16,38.39,3.68,MID_BAND,False,ACCUMULATING,18.76,18.04,24.71,RANGING,BEARISH,2026-08-03
NOCIL,174.05,204.5,125.31,-14.89,38.9,167.22,168.65,160.91,4.08,3.2,8.17,STRONG_UPTREND,969676.0,56.27,BULLISH,-1.7612,-2.1316,0.3704,BULLISH_CROSS,6.9729,4.01,178.53,155.92,167.22,80.19,13.52,MID_BAND,False,ACCUMULATING,13.34,34.82,16.06,RANGING,BULLISH,2026-08-03
NORBTEAEXP,65.29,90.0,58.6,-27.46,11.42,69.35,73.34,,-5.85,-10.98,,INSUFFICIENT_DATA,2006.0,37.24,BEARISH,-1.5036,-1.4671,-0.0365,BEARISH_CROSS,4.2265,6.47,73.24,65.45,69.35,-2.06,11.24,NEAR_LOWER,False,ACCUMULATING,32.45,6.76,17.2,STRONG_TREND,BEARISH,2026-08-03
NORTHARC,284.65,334.0,206.0,-14.78,38.18,302.5,296.46,265.38,-5.9,-3.98,7.26,CONSOLIDATING,957252.0,39.8,BEARISH,-3.374,-0.1667,-3.2072,BEARISH,12.0195,4.22,328.07,276.92,302.5,15.11,16.91,MID_BAND,False,DISTRIBUTING,20.26,16.12,23.76,MODERATE_TREND,BEARISH,2026-08-03
NOVARTIND,1635.7,1780.0,950.0,-8.11,72.18,1589.84,1481.82,,2.88,10.38,,INSUFFICIENT_DATA,61634.0,58.16,BULLISH,41.9532,54.9436,-12.9904,BEARISH,86.6993,5.3,1747.0,1432.67,1589.83,64.59,19.77,MID_BAND,False,DISTRIBUTING,44.14,26.54,12.27,STRONG_TREND,BULLISH,2026-08-03
NPST,1523.0,2388.3,846.6,-36.23,79.9,1564.41,1512.04,1366.47,-2.65,0.72,11.46,UPTREND,36490.0,46.85,NEUTRAL,-4.2747,8.0019,-12.2766,BEARISH,71.8309,4.72,1644.66,1484.16,1564.41,24.2,10.26,MID_BAND,False,DISTRIBUTING,12.0,17.41,16.75,RANGING,BULLISH,2026-08-03
NRAIL,488.15,534.4,357.3,-8.65,36.62,449.34,449.93,454.35,8.64,8.49,7.44,STRONG_UPTREND,13383.0,60.35,BULLISH,9.6964,5.6103,4.0861,BULLISH,24.7732,5.07,506.7,391.97,449.33,83.83,25.54,MID_BAND,False,ACCUMULATING,21.87,28.96,14.43,MODERATE_TREND,BULLISH,2026-08-03
NRBBEARING,433.8,467.6,212.55,-7.23,104.09,416.53,412.91,309.61,4.15,5.06,40.11,STRONG_UPTREND,324307.0,59.14,BULLISH,2.1259,1.4325,0.6934,BULLISH_CROSS,17.8999,4.13,441.45,391.62,416.53,84.66,11.96,MID_BAND,False,DISTRIBUTING,20.65,26.83,16.9,MODERATE_TREND,BULLISH,2026-08-03
NSIL,5622.0,8730.0,4700.0,-35.6,19.62,5467.07,5529.61,6000.63,2.83,1.67,-6.31,DOWNTREND,1940.0,60.22,BULLISH,6.8803,-11.2635,18.1438,BULLISH,127.4839,2.27,5606.03,5328.12,5467.07,105.74,5.08,NEAR_UPPER,False,ACCUMULATING,16.63,32.65,11.83,RANGING,BULLISH,2026-08-03
NSLNISP,43.37,53.75,33.01,-19.31,31.38,42.78,45.09,42.1,1.38,-3.81,3.02,CONSOLIDATING,2544067.0,50.54,NEUTRAL,-0.4817,-0.6663,0.1846,BULLISH,1.0213,2.35,43.95,41.61,42.78,75.36,5.47,MID_BAND,False,DISTRIBUTING,13.94,28.53,23.56,RANGING,BULLISH,2026-08-03
NTPC,350.9,414.4,315.55,-15.32,11.2,347.14,357.83,358.48,1.08,-1.94,-2.11,DOWNTREND,9753554.0,50.07,NEUTRAL,-2.9931,-4.0281,1.035,BULLISH,6.0771,1.73,354.01,340.28,347.14,77.37,3.95,SQUEEZE,True,DISTRIBUTING,22.36,18.49,20.39,MODERATE_TREND,BEARISH,2026-08-03
NTPCGREEN,90.7,119.95,84.0,-24.39,7.98,92.86,96.26,96.49,-2.33,-5.78,-6.0,DOWNTREND,9609448.0,39.63,BEARISH,-1.4572,-1.3601,-0.0971,BEARISH,2.3653,2.61,96.48,89.25,92.87,20.02,7.78,MID_BAND,False,ACCUMULATING,21.35,20.22,23.22,MODERATE_TREND,BEARISH,2026-08-03
NUCLEUS,696.7,1084.8,682.0,-35.78,2.16,742.07,750.55,837.9,-6.11,-7.17,-16.85,DOWNTREND,44392.0,35.22,BEARISH,-13.677,-8.7704,-4.9065,BEARISH,24.7956,3.56,785.58,698.56,742.07,-2.14,11.73,NEAR_LOWER,False,DISTRIBUTING,23.27,15.98,25.61,MODERATE_TREND,BEARISH,2026-08-03
NURECA,333.4,347.45,204.0,-4.04,63.43,284.9,258.98,269.37,17.02,28.74,23.77,STRONG_UPTREND,86068.0,71.45,OVERBOUGHT,23.0837,17.7956,5.2881,BULLISH,16.2018,4.86,359.21,210.59,284.9,82.63,52.16,MID_BAND,False,ACCUMULATING,48.43,38.91,6.86,STRONG_TREND,BULLISH,2026-08-03
NUVAMA,1765.7,2066.0,1096.9,-14.54,60.97,1881.53,1744.33,1461.45,-6.16,1.23,20.82,UPTREND,536584.0,43.88,BEARISH,14.1535,40.7179,-26.5644,BEARISH,77.9176,4.41,2005.68,1757.38,1881.53,3.35,13.2,NEAR_LOWER,False,ACCUMULATING,32.1,23.76,22.26,STRONG_TREND,BULLISH,2026-08-03
NUVOCO,350.6,477.5,276.25,-26.58,26.91,344.15,328.56,333.74,1.87,6.71,5.05,STRONG_UPTREND,4584573.0,56.04,BULLISH,7.8885,9.1041,-1.2156,BEARISH,13.4199,3.83,382.15,306.15,344.15,58.49,22.08,MID_BAND,False,ACCUMULATING,39.61,24.82,11.86,STRONG_TREND,BULLISH,2026-08-03
NYKAA,344.9,344.9,202.64,0.0,70.2,326.93,300.47,268.18,5.5,14.79,28.61,STRONG_UPTREND,5999587.0,74.77,OVERBOUGHT,9.1574,9.2574,-0.1,BEARISH,7.7075,2.23,339.27,314.6,326.94,122.84,7.54,NEAR_UPPER,False,ACCUMULATING,44.97,33.21,9.65,STRONG_TREND,BULLISH,2026-08-03
OAL,378.85,400.0,228.0,-5.29,66.16,360.0,339.05,303.02,5.24,11.74,25.02,STRONG_UPTREND,48425.0,57.95,BULLISH,13.0958,11.9764,1.1194,BULLISH,20.8931,5.51,397.55,322.44,360.0,75.1,20.86,MID_BAND,False,ACCUMULATING,37.28,22.31,11.68,STRONG_TREND,BULLISH,2026-08-03
OBCL,53.1,64.84,49.0,-18.11,8.37,53.04,54.45,55.27,0.11,-2.48,-3.93,DOWNTREND,9751.0,46.51,NEUTRAL,-0.6213,-0.6718,0.0505,BULLISH,1.987,3.74,53.98,52.09,53.04,53.37,3.55,SQUEEZE,True,DISTRIBUTING,8.63,13.65,14.26,RANGING,BEARISH,2026-08-03
OBEROIRLTY,1861.1,1986.1,1391.2,-6.29,33.78,1866.0,1770.0,1651.34,-0.26,5.15,12.7,UPTREND,463996.0,56.05,BULLISH,13.307,23.9869,-10.68,BEARISH,46.009,2.47,1938.77,1793.23,1866.0,46.63,7.8,MID_BAND,False,ACCUMULATING,19.21,19.17,22.15,RANGING,BEARISH,2026-08-03
OFSS,11332.0,11979.0,6234.5,-5.4,81.76,11322.75,10576.8,8501.58,0.08,7.14,33.29,STRONG_UPTREND,467622.0,56.25,BULLISH,175.8939,244.8832,-68.9893,BEARISH,435.1438,3.84,12004.45,10641.05,11322.75,50.68,12.04,SQUEEZE,True,DISTRIBUTING,26.77,23.83,28.1,MODERATE_TREND,BEARISH,2026-08-03
OIL,452.0,531.0,384.6,-14.88,17.52,441.8,443.96,452.2,2.31,1.81,-0.04,DOWNTREND,3394362.0,55.15,BULLISH,4.5764,2.4669,2.1094,BULLISH,11.3418,2.51,465.62,417.99,441.8,71.41,10.78,MID_BAND,False,ACCUMULATING,28.06,29.57,13.46,MODERATE_TREND,BULLISH,2026-08-03
OLAELEC,38.74,71.25,22.25,-45.63,74.11,39.07,41.31,,-0.84,-6.22,,INSUFFICIENT_DATA,46820444.0,46.13,NEUTRAL,-0.9608,-0.9941,0.0333,BULLISH_CROSS,1.5798,4.08,42.25,35.89,39.07,44.88,16.28,MID_BAND,False,ACCUMULATING,17.41,18.64,19.75,RANGING,BEARISH,2026-08-03
OLECTRA,1344.2,1714.2,866.6,-21.58,55.11,1359.64,1359.23,1215.03,-1.14,-1.11,10.63,CONSOLIDATING,341528.0,46.6,NEUTRAL,-16.8839,-11.6115,-5.2724,BEARISH,40.1392,2.99,1428.59,1290.7,1359.64,38.8,10.14,SQUEEZE,True,DISTRIBUTING,18.12,17.34,22.7,RANGING,BEARISH,2026-08-03
OMAXE,85.38,101.0,62.5,-15.47,36.61,89.71,82.47,77.57,-4.83,3.53,10.07,UPTREND,1329215.0,47.18,NEUTRAL,0.7696,1.919,-1.1493,BEARISH,4.1142,4.82,97.79,81.64,89.71,23.17,18.0,MID_BAND,False,ACCUMULATING,40.11,24.77,17.95,STRONG_TREND,BULLISH,2026-08-03
OMINFRAL,91.6,144.0,71.5,-36.39,28.11,89.06,87.61,91.8,2.85,4.55,-0.22,DOWNTREND,270555.0,58.29,BULLISH,0.4201,0.2366,0.1835,BULLISH,4.151,4.53,92.29,85.84,89.06,89.32,7.24,MID_BAND,False,ACCUMULATING,36.09,34.83,10.78,STRONG_TREND,BULLISH,2026-08-03
OMNI,602.3,638.5,176.25,-5.67,241.73,567.18,521.46,,6.19,15.5,,INSUFFICIENT_DATA,354611.0,63.1,BULLISH,24.6578,25.7055,-1.0477,BEARISH,30.5029,5.06,636.45,497.92,567.18,75.35,24.42,MID_BAND,False,ACCUMULATING,38.68,30.29,12.24,STRONG_TREND,BULLISH,2026-08-03
OMPOWER,169.4,202.0,158.4,-16.14,6.94,169.85,175.07,,-0.26,-3.24,,INSUFFICIENT_DATA,130436.0,47.07,NEUTRAL,-3.1384,-3.1302,-0.0082,BEARISH,5.7307,3.38,177.86,161.84,169.85,47.19,9.43,MID_BAND,False,DISTRIBUTING,16.81,20.72,22.56,RANGING,BEARISH,2026-08-03
ONEPOINT,56.9,65.85,40.58,-13.59,40.22,55.24,57.37,53.08,3.01,-0.82,7.2,CONSOLIDATING,959441.0,54.57,NEUTRAL,-0.1233,-0.5437,0.4204,BULLISH,1.904,3.35,57.6,52.88,55.24,85.18,8.55,SQUEEZE,True,ACCUMULATING,13.67,21.85,13.94,RANGING,BULLISH,2026-08-03
ONESOURCE,1560.5,1925.0,1057.0,-18.94,47.63,1655.91,1679.55,1602.42,-5.76,-7.09,-2.62,DOWNTREND,360467.0,37.63,BEARISH,-4.0655,1.1431,-5.2087,BEARISH_CROSS,71.8705,4.61,1740.43,1571.38,1655.9,-6.44,10.21,NEAR_LOWER,False,ACCUMULATING,11.73,17.67,26.29,RANGING,BEARISH,2026-08-03
ONGC,242.0,307.5,227.65,-21.3,6.3,245.64,250.31,260.27,-1.48,-3.32,-7.02,DOWNTREND,11978321.0,42.76,BEARISH,-2.3208,-2.2565,-0.0642,BEARISH,4.6479,1.92,254.22,237.06,245.64,28.79,6.98,MID_BAND,False,ACCUMULATING,22.61,21.33,28.25,MODERATE_TREND,BEARISH,2026-08-03
ONWARDTEC,293.85,355.0,208.25,-17.23,41.1,287.71,274.65,274.97,2.13,6.99,6.87,STRONG_UPTREND,392598.0,57.74,BULLISH,5.6647,5.8253,-0.1606,BEARISH,13.1689,4.48,300.82,274.6,287.71,73.42,9.11,MID_BAND,False,ACCUMULATING,40.48,23.45,9.56,STRONG_TREND,BULLISH,2026-08-03
OPTIEMUS,657.8,713.0,288.0,-7.74,128.4,593.0,503.55,461.33,10.93,30.63,42.59,STRONG_UPTREND,298102.0,78.03,OVERBOUGHT,39.2524,38.4607,0.7916,BULLISH_CROSS,24.7137,3.76,663.75,522.25,593.0,95.79,23.86,NEAR_UPPER,True,ACCUMULATING,59.16,34.54,7.21,STRONG_TREND,BULLISH,2026-08-03
ORCHASP,1.65,4.08,1.47,-59.56,12.24,1.71,1.85,2.34,-3.51,-10.81,-29.49,DOWNTREND,470345.0,45.04,NEUTRAL,-0.0782,-0.0752,-0.0031,BEARISH,0.1397,8.47,1.94,1.48,1.71,36.09,26.85,MID_BAND,False,DISTRIBUTING,34.57,12.68,21.75,STRONG_TREND,BEARISH,2026-08-03
ORCHPHARMA,990.65,1119.8,480.0,-11.53,106.39,1012.32,942.83,751.58,-2.14,5.07,31.81,UPTREND,325795.0,51.2,NEUTRAL,12.247,22.2742,-10.0272,BEARISH,45.1328,4.56,1093.56,931.07,1012.32,36.67,16.05,MID_BAND,False,ACCUMULATING,26.94,21.07,18.25,MODERATE_TREND,BULLISH,2026-08-03
ORICONENT,54.24,73.12,48.81,-25.82,11.12,55.77,57.42,,-2.74,-5.54,,INSUFFICIENT_DATA,51693.0,42.73,BEARISH,-1.0537,-0.8668,-0.1868,BEARISH,2.4278,4.48,59.97,51.57,55.77,31.77,15.05,MID_BAND,False,ACCUMULATING,21.97,11.55,19.57,MODERATE_TREND,BEARISH,2026-08-03
ORIENTALTL,5.19,11.99,4.4,-56.71,17.95,5.4,5.88,7.07,-3.89,-11.73,-26.59,DOWNTREND,80767.0,26.17,OVERSOLD,-0.1977,-0.2044,0.0066,BULLISH,0.2397,4.62,5.69,5.11,5.4,14.41,10.83,MID_BAND,False,DISTRIBUTING,32.95,9.47,22.75,STRONG_TREND,BEARISH,2026-08-03
ORIENTBELL,317.6,364.0,238.75,-12.75,33.03,317.9,323.03,296.57,-0.09,-1.68,7.09,CONSOLIDATING,6470.0,48.33,NEUTRAL,-0.3432,-0.7634,0.4202,BULLISH,10.1792,3.21,326.41,309.38,317.9,48.25,5.36,MID_BAND,False,ACCUMULATING,11.35,16.95,18.64,RANGING,BEARISH,2026-08-03
ORIENTCEM,139.51,244.37,122.32,-42.91,14.05,136.76,136.44,153.02,2.01,2.25,-8.83,DOWNTREND,263647.0,56.54,BULLISH,0.1854,0.0209,0.1645,BULLISH_CROSS,3.6267,2.6,140.1,133.43,136.76,91.19,4.88,NEAR_UPPER,False,ACCUMULATING,11.96,23.96,16.55,RANGING,BULLISH,2026-08-03
ORIENTCER,41.0,56.64,34.0,-27.61,20.59,41.12,40.36,40.9,-0.29,1.59,0.24,UPTREND,64809.0,52.02,NEUTRAL,-0.0012,0.1109,-0.1121,BEARISH,1.6221,3.96,42.65,39.58,41.12,46.14,7.47,MID_BAND,False,DISTRIBUTING,20.8,14.14,11.65,MODERATE_TREND,BULLISH,2026-08-03
ORIENTELEC,175.55,219.0,149.05,-19.84,17.78,173.66,177.77,179.61,1.09,-1.25,-2.26,DOWNTREND,1436065.0,50.92,NEUTRAL,-1.0634,-1.4949,0.4316,BULLISH,6.4324,3.66,178.59,168.73,173.66,69.2,5.68,MID_BAND,False,ACCUMULATING,16.65,22.28,12.54,RANGING,BULLISH,2026-08-03
ORIENTHOT,135.39,149.5,80.0,-9.44,69.24,134.19,123.3,108.9,0.89,9.81,24.33,STRONG_UPTREND,1191368.0,53.67,NEUTRAL,2.3376,3.4019,-1.0643,BEARISH,7.2204,5.33,144.23,124.16,134.19,55.95,14.96,SQUEEZE,True,ACCUMULATING,19.9,21.05,18.1,RANGING,BULLISH,2026-08-03
ORIENTPPR,19.05,30.89,13.25,-38.33,43.77,17.26,17.42,19.61,10.37,9.36,-2.86,DOWNTREND,293874.0,69.08,BULLISH,0.278,0.0817,0.1963,BULLISH,0.7084,3.72,18.62,15.91,17.26,116.01,15.7,NEAR_UPPER,False,ACCUMULATING,27.44,40.79,10.51,MODERATE_TREND,BULLISH,2026-08-03
ORIENTTECH,261.5,466.73,220.8,-43.97,18.43,264.77,262.03,301.48,-1.24,-0.2,-13.26,DOWNTREND,1848821.0,48.24,NEUTRAL,1.404,1.8486,-0.4446,BEARISH,12.1838,4.66,286.17,243.38,264.77,42.35,16.16,MID_BAND,False,ACCUMULATING,23.05,27.67,17.63,MODERATE_TREND,BULLISH,2026-08-03
ORISSAMINE,4106.3,6138.9,3100.5,-33.11,32.44,3806.38,3944.76,4286.78,7.88,4.1,-4.21,DOWNTREND,14155.0,62.65,BULLISH,17.9506,-34.1012,52.0518,BULLISH,144.6303,3.52,4076.86,3535.89,3806.38,105.44,14.21,NEAR_UPPER,False,ACCUMULATING,21.56,24.02,14.16,MODERATE_TREND,BULLISH,2026-08-03
ORKLAINDIA,573.6,760.0,533.25,-24.53,7.57,578.35,601.48,,-0.82,-4.64,,INSUFFICIENT_DATA,61061.0,44.02,BEARISH,-11.9801,-12.1191,0.139,BULLISH_CROSS,15.3247,2.67,608.43,548.26,578.35,42.11,10.4,MID_BAND,False,DISTRIBUTING,21.48,18.52,19.17,MODERATE_TREND,BEARISH,2026-08-03
OSWALAGRO,38.49,83.44,33.4,-53.87,15.24,46.26,44.04,,-16.8,-12.6,,INSUFFICIENT_DATA,91938.0,36.04,BEARISH,-1.6653,-0.2829,-1.3823,BEARISH,3.2244,8.38,57.93,34.59,46.26,16.71,50.47,MID_BAND,False,DISTRIBUTING,25.48,17.2,30.25,MODERATE_TREND,BEARISH,2026-08-03
OSWALGREEN,21.76,43.79,19.76,-50.31,10.12,21.52,22.73,27.88,1.12,-4.27,-21.95,DOWNTREND,298253.0,49.05,NEUTRAL,-0.5288,-0.6159,0.0871,BULLISH,1.0502,4.83,22.77,20.27,21.52,59.45,11.63,MID_BAND,False,ACCUMULATING,25.22,16.37,19.67,MODERATE_TREND,BEARISH,2026-08-03
OSWALPUMPS,331.25,888.4,283.1,-62.71,17.01,376.79,391.13,430.84,-12.09,-15.31,-23.12,DOWNTREND,614867.0,29.39,OVERSOLD,-19.9304,-14.2169,-5.7134,BEARISH,14.4087,4.35,442.51,311.08,376.79,15.35,34.88,MID_BAND,False,DISTRIBUTING,32.08,10.98,34.51,STRONG_TREND,BEARISH,2026-08-03
OSWALSEEDS,10.68,20.28,9.67,-47.34,10.44,10.53,10.81,,1.42,-1.2,,INSUFFICIENT_DATA,46795.0,51.12,NEUTRAL,-0.1067,-0.1694,0.0627,BULLISH,0.4229,3.96,11.08,9.98,10.53,63.71,10.5,MID_BAND,False,ACCUMULATING,27.34,15.06,16.59,MODERATE_TREND,BEARISH,2026-08-03
PACEDIGITK,201.59,231.95,139.81,-13.09,44.19,203.72,198.08,187.21,-1.05,1.77,7.68,UPTREND,1444069.0,50.72,NEUTRAL,0.2825,0.89,-0.6075,BEARISH,7.6393,3.79,215.78,191.65,203.71,41.19,11.84,MID_BAND,False,DISTRIBUTING,17.45,21.31,23.7,RANGING,BEARISH,2026-08-03
PAGEIND,40200.0,47310.0,29805.0,-15.03,34.88,40375.0,39847.4,36655.4,-0.43,0.88,9.67,UPTREND,31205.0,49.27,NEUTRAL,75.4891,133.9555,-58.4665,BEARISH,982.6134,2.44,41463.41,39286.59,40375.0,41.96,5.39,SQUEEZE,True,DISTRIBUTING,15.25,18.23,12.63,RANGING,BULLISH,2026-08-03
PAISALO,72.29,77.39,29.86,-6.59,142.1,71.75,63.8,44.07,0.75,13.31,64.03,STRONG_UPTREND,17985958.0,62.76,BULLISH,2.0774,2.749,-0.6716,BEARISH,2.9414,4.07,73.95,69.54,71.75,62.34,6.15,MID_BAND,False,ACCUMULATING,26.63,20.94,16.04,MODERATE_TREND,BULLISH,2026-08-03
PAKKA,71.28,184.0,69.1,-61.26,3.15,72.15,78.55,94.17,-1.21,-9.26,-24.31,DOWNTREND,60442.0,37.03,BEARISH,-2.3328,-2.6815,0.3487,BULLISH,2.768,3.88,75.21,69.1,72.15,35.71,8.46,SQUEEZE,True,DISTRIBUTING,35.77,13.97,17.56,STRONG_TREND,BEARISH,2026-08-03
PALASHSECU,89.01,134.8,79.01,-33.97,12.66,89.55,93.34,98.66,-0.6,-4.64,-9.78,DOWNTREND,2153.0,46.42,NEUTRAL,-1.6014,-1.596,-0.0054,BEARISH,3.5472,3.99,93.08,86.01,89.55,42.39,7.9,MID_BAND,False,DISTRIBUTING,12.07,26.01,16.12,RANGING,BULLISH,2026-08-03
PANACEABIO,423.45,647.0,292.4,-34.55,44.82,491.05,503.37,398.96,-13.77,-15.88,6.14,CONSOLIDATING,224648.0,32.83,BEARISH,-28.3894,-17.509,-10.8804,BEARISH,25.6198,6.05,607.36,374.73,491.04,20.94,47.37,MID_BAND,False,DISTRIBUTING,33.85,15.2,28.03,STRONG_TREND,BEARISH,2026-08-03
PANAMAPET,460.75,518.5,229.0,-11.14,101.2,445.49,409.16,315.06,3.43,12.61,46.24,STRONG_UPTREND,288451.0,56.17,BULLISH,14.3619,17.3441,-2.9822,BEARISH,24.3325,5.28,498.56,392.41,445.49,64.38,23.83,MID_BAND,False,ACCUMULATING,31.82,33.49,20.49,STRONG_TREND,BULLISH,2026-08-03
PANSARI,329.1,388.9,233.3,-15.38,41.06,351.94,315.51,,-6.49,4.31,,INSUFFICIENT_DATA,48873.0,46.64,NEUTRAL,4.1138,10.3344,-6.2206,BEARISH,22.0853,6.71,379.08,324.8,351.94,7.93,15.43,NEAR_LOWER,False,ACCUMULATING,37.81,14.24,16.44,STRONG_TREND,BEARISH,2026-08-03
PAR,99.09,114.0,78.05,-13.08,26.96,95.93,92.63,93.16,3.29,6.97,6.37,STRONG_UPTREND,41211.0,56.75,BULLISH,1.6807,1.6332,0.0474,BULLISH_CROSS,5.5549,5.61,105.29,86.58,95.93,66.87,19.5,MID_BAND,False,ACCUMULATING,28.73,21.42,9.76,MODERATE_TREND,BULLISH,2026-08-03
PARACABLES,66.39,75.7,28.3,-12.3,134.59,64.76,66.37,45.34,2.52,0.03,46.43,STRONG_UPTREND,1245157.0,53.78,NEUTRAL,-0.5464,-0.5291,-0.0173,BEARISH,2.9286,4.41,68.51,61.0,64.76,71.73,11.6,MID_BAND,False,DISTRIBUTING,12.44,23.53,20.76,RANGING,BULLISH,2026-08-03
PARADEEP,144.92,232.22,99.7,-37.59,45.36,141.91,135.5,136.29,2.12,6.95,6.33,STRONG_UPTREND,13216729.0,55.01,BULLISH,2.9981,2.4554,0.5427,BULLISH,6.0779,4.19,152.7,131.12,141.91,63.96,15.21,MID_BAND,False,ACCUMULATING,26.43,28.74,17.3,MODERATE_TREND,BULLISH,2026-08-03
PARAGMILK,225.47,376.95,177.84,-40.19,26.78,222.31,226.97,247.73,1.42,-0.66,-8.99,DOWNTREND,314578.0,52.93,NEUTRAL,-2.8866,-2.7592,-0.1274,BEARISH,7.235,3.21,234.04,210.58,222.31,63.47,10.55,MID_BAND,False,DISTRIBUTING,12.69,24.41,19.73,RANGING,BULLISH,2026-08-03
PARAS,1292.3,1443.0,580.5,-10.44,122.62,1224.19,1147.69,808.37,5.56,12.6,59.86,STRONG_UPTREND,1256819.0,60.54,BULLISH,19.1973,20.7954,-1.5981,BEARISH,55.7194,4.31,1291.33,1157.05,1224.19,100.72,10.97,NEAR_UPPER,False,ACCUMULATING,22.24,31.32,15.62,MODERATE_TREND,BULLISH,2026-08-03
PARASPETRO,2.44,3.23,1.53,-24.46,59.48,2.14,2.06,,14.02,18.45,,INSUFFICIENT_DATA,323958.0,71.11,OVERBOUGHT,0.1052,0.0562,0.0491,BULLISH,0.153,6.27,2.52,1.76,2.14,89.87,35.36,MID_BAND,False,ACCUMULATING,36.58,31.84,5.02,STRONG_TREND,BULLISH,2026-08-03
PARKHOSPS,288.6,305.0,138.1,-5.38,108.98,283.03,282.75,,1.97,2.07,,INSUFFICIENT_DATA,973418.0,54.51,NEUTRAL,1.1283,0.8591,0.2692,BULLISH_CROSS,11.9888,4.15,295.93,270.13,283.03,71.58,9.12,MID_BAND,False,DISTRIBUTING,18.5,21.05,13.74,RANGING,BULLISH,2026-08-03
PARKHOTELS,124.53,164.1,95.1,-24.11,30.95,125.44,121.59,125.32,-0.73,2.42,-0.63,DOWNTREND,181979.0,52.22,NEUTRAL,-0.0961,0.5114,-0.6076,BEARISH,4.0095,3.22,132.3,118.59,125.44,43.34,10.93,MID_BAND,False,ACCUMULATING,21.64,27.77,16.45,MODERATE_TREND,BULLISH,2026-08-03
PASHUPATI,85.32,118.35,66.4,-27.91,28.49,87.0,88.8,87.98,-1.93,-3.92,-3.02,DOWNTREND,35042.0,35.8,BEARISH,-0.6715,-0.5839,-0.0877,BEARISH,2.6879,3.15,88.6,85.4,87.0,-2.43,3.69,NEAR_LOWER,False,DISTRIBUTING,19.01,12.22,13.41,RANGING,BEARISH,2026-08-03
PATANJALI,364.0,615.0,328.2,-40.81,10.91,365.76,403.34,488.08,-0.48,-9.75,-25.42,DOWNTREND,9153007.0,43.32,BEARISH,-15.8014,-19.0428,3.2414,BULLISH,11.4592,3.15,428.34,303.18,365.76,48.59,34.22,MID_BAND,False,DISTRIBUTING,56.42,14.69,29.63,STRONG_TREND,BEARISH,2026-08-03
PATELENG,28.85,42.77,22.0,-32.55,31.14,29.64,29.66,29.22,-2.67,-2.73,-1.27,DOWNTREND,4330437.0,46.29,NEUTRAL,-0.8419,-0.5855,-0.2564,BEARISH,1.1254,3.9,33.29,26.0,29.64,39.12,24.6,MID_BAND,False,DISTRIBUTING,25.19,19.66,25.42,MODERATE_TREND,BEARISH,2026-08-03
PATELRMART,226.78,269.3,150.25,-15.79,50.94,221.91,213.16,202.48,2.19,6.39,12.0,STRONG_UPTREND,140865.0,58.39,BULLISH,2.4077,2.3908,0.0168,BULLISH_CROSS,8.1697,3.6,229.81,214.02,221.91,80.82,7.12,MID_BAND,False,DISTRIBUTING,24.75,23.1,12.01,MODERATE_TREND,BULLISH,2026-08-03
PAUSHAKLTD,652.8,688.0,342.5,-5.12,90.6,569.47,514.74,,14.63,26.82,,INSUFFICIENT_DATA,58040.0,77.12,OVERBOUGHT,28.6915,22.3513,6.3402,BULLISH,32.2026,4.93,630.11,508.82,569.47,118.7,21.3,NEAR_UPPER,False,ACCUMULATING,36.6,36.78,7.65,STRONG_TREND,BULLISH,2026-08-03
PAVNAIND,18.01,46.0,14.11,-60.84,27.64,18.31,18.25,,-1.64,-1.32,,INSUFFICIENT_DATA,263327.0,50.32,NEUTRAL,-0.1161,-0.1549,0.0388,BULLISH,1.7253,9.58,22.31,14.32,18.31,46.24,43.64,MID_BAND,False,ACCUMULATING,22.14,26.46,17.55,MODERATE_TREND,BULLISH,2026-08-03
PAYTM,1410.0,1437.6,930.6,-1.92,51.52,1319.35,1193.3,1191.73,6.87,18.16,18.32,STRONG_UPTREND,3908958.0,72.04,OVERBOUGHT,42.4924,42.2726,0.2198,BULLISH_CROSS,46.773,3.32,1422.73,1215.96,1319.35,93.85,15.67,NEAR_UPPER,True,DISTRIBUTING,27.72,33.98,13.19,MODERATE_TREND,BULLISH,2026-08-03
PCBL,326.8,425.95,226.5,-23.28,44.28,321.58,309.19,298.96,1.62,5.7,9.31,STRONG_UPTREND,3528406.0,52.38,NEUTRAL,5.5644,5.9744,-0.41,BEARISH,16.4969,5.05,348.17,294.99,321.58,59.82,16.54,MID_BAND,False,ACCUMULATING,24.35,29.36,15.37,MODERATE_TREND,BULLISH,2026-08-03
PCJEWELLER,9.64,15.38,7.47,-37.32,29.05,9.67,9.3,9.71,-0.31,3.66,-0.72,DOWNTREND,376934968.0,53.2,NEUTRAL,-0.0056,0.0673,-0.0728,BEARISH,0.4638,4.81,10.48,8.86,9.67,48.37,16.78,MID_BAND,False,ACCUMULATING,17.56,28.44,21.39,RANGING,BULLISH,2026-08-03
PDMJEPAPER,96.3,148.39,65.0,-35.1,48.15,88.95,85.36,87.81,8.26,12.82,9.67,STRONG_UPTREND,197187.0,66.8,BULLISH,3.4812,2.6253,0.8559,BULLISH,3.7236,3.87,100.5,77.39,88.95,81.82,25.98,MID_BAND,False,ACCUMULATING,32.69,27.9,9.31,STRONG_TREND,BULLISH,2026-08-03
PDSL,357.25,418.5,246.05,-14.64,45.19,358.98,340.58,329.0,-0.48,4.89,8.59,UPTREND,691493.0,52.41,NEUTRAL,2.8777,5.1632,-2.2854,BEARISH,15.6161,4.37,378.13,339.83,358.98,45.48,10.67,MID_BAND,False,ACCUMULATING,34.27,26.73,13.02,STRONG_TREND,BULLISH,2026-08-03
PENIND,169.12,279.9,129.1,-39.58,31.0,168.02,163.97,176.54,0.65,3.14,-4.2,DOWNTREND,431216.0,54.97,NEUTRAL,0.3976,0.7161,-0.3185,BEARISH,5.4585,3.23,174.64,161.41,168.02,58.28,7.88,MID_BAND,False,ACCUMULATING,15.86,24.6,15.77,RANGING,BULLISH,2026-08-03
PERSISTENT,5575.0,6599.0,4244.5,-15.52,31.35,5185.31,5023.8,5472.83,7.52,10.97,1.87,STRONG_UPTREND,764112.0,68.36,BULLISH,166.4079,117.1867,49.2212,BULLISH,191.6995,3.44,5650.46,4720.15,5185.31,91.89,17.94,NEAR_UPPER,True,ACCUMULATING,20.46,30.91,20.0,MODERATE_TREND,BULLISH,2026-08-03
PETRONET,284.85,326.4,235.35,-12.73,21.03,276.91,277.48,278.86,2.87,2.66,2.15,STRONG_UPTREND,2028589.0,59.06,BULLISH,0.6121,-0.2534,0.8655,BULLISH,6.032,2.12,283.83,269.99,276.91,107.34,5.0,NEAR_UPPER,False,ACCUMULATING,9.1,22.91,15.05,RANGING,BULLISH,2026-08-03
PFC,421.5,486.5,329.9,-13.36,27.77,412.78,422.06,403.82,2.11,-0.13,4.38,CONSOLIDATING,5764985.0,52.67,NEUTRAL,0.317,-1.9951,2.3121,BULLISH,8.9942,2.13,428.87,396.69,412.78,77.09,7.8,MID_BAND,False,ACCUMULATING,12.92,22.55,19.14,RANGING,BULLISH,2026-08-03
PFIZER,4914.6,5873.5,4360.1,-16.33,12.72,4677.62,4585.22,4806.33,5.07,7.18,2.25,STRONG_UPTREND,32610.0,71.14,OVERBOUGHT,66.0137,40.2542,25.7595,BULLISH,103.3819,2.1,4877.57,4477.67,4677.62,109.26,8.55,NEAR_UPPER,False,ACCUMULATING,18.98,29.74,12.19,RANGING,BULLISH,2026-08-03
PFOCUS,298.75,367.0,139.04,-18.6,114.87,294.03,313.4,235.42,1.61,-4.67,26.9,CONSOLIDATING,1135333.0,50.1,NEUTRAL,-4.6835,-5.908,1.2245,BULLISH,15.7853,5.28,310.85,277.22,294.03,64.03,11.44,MID_BAND,False,ACCUMULATING,24.7,21.04,19.14,MODERATE_TREND,BULLISH,2026-08-03
PFS,28.41,40.69,23.85,-30.18,19.12,29.58,30.37,31.45,-3.96,-6.45,-9.67,DOWNTREND,433198.0,36.66,BEARISH,-0.7198,-0.5261,-0.1937,BEARISH,0.7115,2.5,31.73,27.42,29.58,22.89,14.56,MID_BAND,False,DISTRIBUTING,21.11,19.62,26.89,MODERATE_TREND,BEARISH,2026-08-03
PGEL,618.0,644.4,436.55,-4.1,41.56,596.05,545.75,551.85,3.68,13.24,11.99,STRONG_UPTREND,2188638.0,64.79,BULLISH,15.887,16.4207,-0.5337,BEARISH,20.4957,3.32,633.76,558.34,596.05,79.11,12.65,SQUEEZE,True,ACCUMULATING,31.28,29.36,14.66,STRONG_TREND,BULLISH,2026-08-03
PGHH,8649.0,14509.0,8419.0,-40.39,2.73,8828.83,9067.77,10904.44,-2.04,-4.62,-20.68,DOWNTREND,21104.0,39.96,BEARISH,-112.6091,-98.4448,-14.1643,BEARISH,178.1177,2.06,9144.71,8512.94,8828.83,21.54,7.16,MID_BAND,False,DISTRIBUTING,18.76,15.72,27.7,RANGING,BEARISH,2026-08-03
PGHL,6501.5,6975.0,4707.0,-6.79,38.12,6685.75,6394.3,5623.35,-2.76,1.68,15.62,UPTREND,20120.0,47.13,NEUTRAL,68.2394,124.0711,-55.8317,BEARISH,178.8874,2.75,7065.83,6305.67,6685.75,25.76,11.37,MID_BAND,False,ACCUMULATING,41.17,20.93,17.15,STRONG_TREND,BULLISH,2026-08-03
PGIL,2103.4,2144.2,1178.1,-1.9,78.54,2020.67,1873.8,1632.79,4.09,12.25,28.82,STRONG_UPTREND,78230.0,61.74,BULLISH,45.5689,50.2019,-4.6329,BEARISH,77.4146,3.68,2109.12,1932.22,2020.67,96.77,8.75,NEAR_UPPER,False,ACCUMULATING,28.79,25.79,12.83,MODERATE_TREND,BULLISH,2026-08-03
PHOENIXLTD,1955.0,2169.8,1416.3,-9.9,38.04,2043.95,1921.79,1779.5,-4.35,1.73,9.86,UPTREND,860416.0,46.13,NEUTRAL,-4.3266,23.9479,-28.2745,BEARISH,56.0422,2.87,2203.33,1884.57,2043.95,22.1,15.6,MID_BAND,False,DISTRIBUTING,28.77,20.68,27.48,MODERATE_TREND,BEARISH,2026-08-03
PICCADIL,752.0,805.5,515.0,-6.64,46.02,720.67,638.88,599.87,4.35,17.71,25.36,STRONG_UPTREND,273278.0,66.47,BULLISH,30.7701,34.4916,-3.7214,BEARISH,25.3835,3.38,791.42,649.92,720.67,72.14,19.63,SQUEEZE,True,ACCUMULATING,46.19,34.93,14.19,STRONG_TREND,BULLISH,2026-08-03
PIDILITIND,1642.5,1642.5,1259.0,0.0,30.46,1592.88,1557.19,1466.06,3.12,5.48,12.03,STRONG_UPTREND,1023734.0,62.56,BULLISH,18.715,15.7206,2.9944,BULLISH,32.9429,2.01,1647.66,1538.1,1592.88,95.29,6.88,NEAR_UPPER,False,ACCUMULATING,24.12,23.31,16.18,MODERATE_TREND,BULLISH,2026-08-03
PIGL,110.83,155.47,88.05,-28.71,25.87,109.55,108.06,,1.17,2.56,,INSUFFICIENT_DATA,79335.0,52.64,NEUTRAL,-1.0322,-0.5028,-0.5294,BEARISH,5.7499,5.19,116.66,102.44,109.55,58.98,12.98,MID_BAND,False,ACCUMULATING,16.16,20.84,20.23,RANGING,BULLISH,2026-08-03
PIIND,2793.0,3917.8,2527.0,-28.71,10.53,2672.29,2720.58,3061.49,4.52,2.66,-8.77,DOWNTREND,188372.0,59.67,BULLISH,16.8142,-3.7672,20.5814,BULLISH,62.0362,2.22,2824.39,2520.19,2672.29,89.68,11.38,MID_BAND,False,ACCUMULATING,17.24,27.98,16.63,RANGING,BULLISH,2026-08-03
PILANIINVS,4346.8,5980.0,4092.2,-27.31,6.22,4356.33,4376.32,4726.54,-0.22,-0.67,-8.03,DOWNTREND,1282.0,49.04,NEUTRAL,-23.3506,-20.8763,-2.4743,BEARISH,84.082,1.93,4465.45,4247.22,4356.34,45.63,5.01,MID_BAND,False,ACCUMULATING,17.33,16.68,22.05,RANGING,BEARISH,2026-08-03
PINELABS,152.17,284.0,134.73,-46.42,12.94,148.73,149.46,,2.31,1.81,,INSUFFICIENT_DATA,19700100.0,52.45,NEUTRAL,-2.0529,-1.7239,-0.329,BEARISH,7.1435,4.69,159.66,137.81,148.73,65.73,14.69,MID_BAND,False,ACCUMULATING,10.55,26.7,18.25,RANGING,BULLISH,2026-08-03
PIONEEREMB,25.61,44.9,19.61,-42.96,30.6,23.19,23.83,26.61,10.44,7.47,-3.76,DOWNTREND,23322.0,65.02,BULLISH,0.3056,-0.1234,0.429,BULLISH,1.3279,5.19,25.4,20.99,23.19,104.73,19.04,NEAR_UPPER,False,ACCUMULATING,22.75,28.52,11.42,MODERATE_TREND,BULLISH,2026-08-03
PIRAMALFIN,2047.8,2220.0,1416.5,-7.76,44.57,2115.01,2067.06,,-3.18,-0.93,,INSUFFICIENT_DATA,348486.0,44.1,BEARISH,-13.4041,3.213,-16.6171,BEARISH,66.6458,3.25,2231.45,1998.56,2115.01,21.14,11.01,MID_BAND,False,DISTRIBUTING,25.72,12.82,20.38,MODERATE_TREND,BEARISH,2026-08-03
PITTIENG,928.4,1035.25,675.0,-10.32,37.54,937.74,950.62,875.5,-1.0,-2.34,6.04,CONSOLIDATING,32136.0,46.2,NEUTRAL,-7.9372,-7.2557,-0.6815,BEARISH,28.4858,3.07,972.6,902.87,937.74,36.61,7.44,MID_BAND,False,DISTRIBUTING,16.37,16.32,17.97,RANGING,BEARISH,2026-08-03
PIXTRANS,1701.1,1937.9,1220.1,-12.22,39.42,1787.05,1702.41,1509.37,-4.81,-0.08,12.7,CONSOLIDATING,20701.0,44.05,BEARISH,-4.2279,19.3735,-23.6014,BEARISH,63.1874,3.71,1913.53,1660.58,1787.05,16.02,14.15,MID_BAND,False,ACCUMULATING,28.86,19.44,21.27,MODERATE_TREND,BEARISH,2026-08-03
PKTEA,699.0,998.0,605.0,-29.96,15.54,720.25,760.14,,-2.95,-8.04,,INSUFFICIENT_DATA,443.0,43.26,BEARISH,-20.7061,-19.1256,-1.5805,BEARISH,34.3193,4.91,773.13,667.36,720.25,29.91,14.68,MID_BAND,False,DISTRIBUTING,18.5,19.94,33.44,RANGING,BEARISH,2026-08-03
PLASTIBLEN,190.61,216.29,121.01,-11.87,57.52,190.0,181.2,162.54,0.32,5.19,17.27,STRONG_UPTREND,171697.0,54.5,NEUTRAL,2.3637,3.7383,-1.3746,BEARISH,7.328,3.84,207.44,172.57,190.0,51.74,18.35,MID_BAND,False,ACCUMULATING,25.1,27.37,18.91,MODERATE_TREND,BULLISH,2026-08-03
PLATIND,225.53,342.4,183.5,-34.13,22.9,230.42,226.62,233.72,-2.12,-0.48,-3.5,DOWNTREND,72422.0,45.83,NEUTRAL,0.729,1.3912,-0.6622,BEARISH,8.5518,3.79,240.91,219.94,230.42,26.67,9.1,MID_BAND,False,ACCUMULATING,24.35,24.08,17.63,MODERATE_TREND,BULLISH,2026-08-03
PML,493.65,645.0,451.55,-23.47,9.32,483.87,501.17,,2.02,-1.5,,INSUFFICIENT_DATA,619.0,51.17,NEUTRAL,-2.2581,-5.8074,3.5493,BULLISH,21.0028,4.25,504.1,463.63,483.87,74.17,8.36,MID_BAND,False,DISTRIBUTING,10.85,14.43,16.11,RANGING,BEARISH,2026-08-03
PNB,113.0,135.15,98.5,-16.39,14.72,108.42,107.51,115.29,4.22,5.11,-1.99,DOWNTREND,20380108.0,64.64,BULLISH,1.6146,1.1553,0.4594,BULLISH,2.0595,1.82,115.9,100.94,108.42,80.59,13.8,MID_BAND,False,ACCUMULATING,19.6,34.7,17.57,RANGING,BULLISH,2026-08-03
PNBGILTS,83.51,109.99,58.6,-24.07,42.51,86.33,87.19,80.26,-3.27,-4.22,4.05,CONSOLIDATING,529617.0,42.67,BEARISH,-1.0972,-0.582,-0.5152,BEARISH,3.111,3.73,90.71,81.94,86.33,17.91,10.17,MID_BAND,False,ACCUMULATING,19.21,20.27,18.39,RANGING,BULLISH,2026-08-03
PNBHOUSING,1090.0,1132.7,729.6,-3.77,49.4,1083.85,1048.12,938.98,0.57,4.0,16.08,STRONG_UPTREND,858171.0,55.8,BULLISH,2.9944,7.9469,-4.9526,BEARISH,31.6858,2.91,1129.4,1038.3,1083.85,56.75,8.41,MID_BAND,False,DISTRIBUTING,17.58,20.22,20.37,RANGING,BEARISH,2026-08-03
PNC,20.37,40.64,16.0,-49.88,27.31,19.97,20.41,,2.0,-0.2,,INSUFFICIENT_DATA,19424.0,51.24,NEUTRAL,-0.2284,-0.2898,0.0615,BULLISH,1.3371,6.56,20.86,19.08,19.97,72.56,8.88,MID_BAND,False,ACCUMULATING,13.06,15.52,12.03,RANGING,BULLISH,2026-08-03
PNCINFRA,247.58,325.0,158.17,-23.82,56.53,241.72,227.03,226.43,2.42,9.05,9.34,STRONG_UPTREND,487944.0,61.19,BULLISH,3.8046,4.2806,-0.476,BEARISH,8.1687,3.3,250.43,233.01,241.72,83.66,7.2,MID_BAND,False,ACCUMULATING,32.16,28.2,13.5,STRONG_TREND,BULLISH,2026-08-03
PNGJL,658.05,736.4,503.0,-10.64,30.83,622.23,577.86,595.63,5.76,13.88,10.48,STRONG_UPTREND,871600.0,65.0,BULLISH,27.5113,23.4923,4.019,BULLISH,26.6284,4.05,702.27,542.18,622.23,72.38,25.73,MID_BAND,False,ACCUMULATING,46.92,32.18,7.29,STRONG_TREND,BULLISH,2026-08-03
PNGSREVA,443.25,478.9,324.25,-7.44,36.7,415.21,399.7,,6.75,10.9,,INSUFFICIENT_DATA,346709.0,63.6,BULLISH,9.4256,6.6822,2.7434,BULLISH,22.8283,5.15,442.73,387.68,415.21,100.94,13.26,NEAR_UPPER,False,ACCUMULATING,23.4,28.18,12.04,MODERATE_TREND,BULLISH,2026-08-03
POCL,550.45,1506.0,392.2,-63.45,40.35,548.47,537.29,706.78,0.36,2.45,-22.12,DOWNTREND,587865.0,53.79,NEUTRAL,-4.2081,-2.2406,-1.9675,BEARISH,22.8318,4.15,589.83,507.11,548.47,52.4,15.08,MID_BAND,False,DISTRIBUTING,13.12,25.41,19.37,RANGING,BULLISH,2026-08-03
PODDARMENT,251.55,297.95,201.1,-15.57,25.09,248.31,249.99,249.51,1.3,0.62,0.82,STRONG_UPTREND,11801.0,50.24,NEUTRAL,2.8747,1.8703,1.0044,BULLISH,13.0449,5.19,272.71,223.9,248.31,56.64,19.66,MID_BAND,False,ACCUMULATING,32.22,24.33,17.93,STRONG_TREND,BULLISH,2026-08-03
POKARNA,932.45,1146.2,692.6,-18.65,34.63,969.17,936.83,891.26,-3.79,-0.47,4.62,CONSOLIDATING,47554.0,43.77,BEARISH,-11.6673,-3.305,-8.3623,BEARISH,37.0436,3.97,1050.26,888.08,969.17,27.36,16.73,MID_BAND,False,DISTRIBUTING,19.76,18.06,21.88,RANGING,BEARISH,2026-08-03
POLICYBZR,1650.0,1974.0,1364.0,-16.41,20.97,1579.13,1607.2,1646.8,4.49,2.66,0.19,STRONG_UPTREND,1594452.0,59.24,BULLISH,-0.6965,-10.2648,9.5683,BULLISH,42.9937,2.61,1637.38,1520.89,1579.13,110.83,7.38,NEAR_UPPER,False,ACCUMULATING,12.23,26.3,19.12,RANGING,BULLISH,2026-08-03
POLYCAB,9034.0,10126.0,6620.0,-10.78,36.47,9104.83,9439.42,8129.15,-0.78,-4.29,11.13,CONSOLIDATING,374065.0,45.56,NEUTRAL,-116.9185,-122.4121,5.4936,BULLISH,222.9213,2.47,9482.5,8727.15,9104.83,40.62,8.3,MID_BAND,False,DISTRIBUTING,12.22,20.34,20.57,RANGING,BEARISH,2026-08-03
POLYMED,1727.9,2144.9,1182.0,-19.44,46.18,1676.12,1580.76,1590.29,3.09,9.31,8.65,STRONG_UPTREND,81116.0,59.19,BULLISH,23.4553,26.2616,-2.8062,BEARISH,57.1279,3.31,1738.08,1614.17,1676.12,91.78,7.39,NEAR_UPPER,False,ACCUMULATING,26.85,30.79,15.37,MODERATE_TREND,BULLISH,2026-08-03
POLYPLEX,1094.8,1174.0,740.0,-6.75,47.95,1088.09,997.78,892.15,0.62,9.72,22.71,STRONG_UPTREND,101189.0,56.45,BULLISH,34.7598,39.7765,-5.0167,BEARISH,34.4669,3.15,1168.0,1008.18,1088.09,54.2,14.69,MID_BAND,False,ACCUMULATING,61.4,27.17,10.86,STRONG_TREND,BULLISH,2026-08-03
PONNIERODE,328.3,359.0,252.4,-8.55,30.07,317.86,315.86,289.15,3.28,3.94,13.54,STRONG_UPTREND,17735.0,58.9,BULLISH,-1.2335,-0.5299,-0.7036,BEARISH,11.41,3.48,334.18,301.53,317.85,82.0,10.27,MID_BAND,False,DISTRIBUTING,32.09,28.74,11.78,STRONG_TREND,BULLISH,2026-08-03
POONAWALLA,471.9,570.4,361.2,-17.27,30.65,470.14,434.33,439.13,0.37,8.65,7.46,STRONG_UPTREND,1462019.0,55.9,BULLISH,8.6159,10.7736,-2.1578,BEARISH,15.4003,3.26,484.76,455.53,470.14,56.0,6.22,MID_BAND,False,DISTRIBUTING,27.41,20.32,15.19,MODERATE_TREND,BULLISH,2026-08-03
POWERGRID,287.0,324.95,250.0,-11.68,14.8,285.12,287.11,285.98,0.66,-0.04,0.36,CONSOLIDATING,8367832.0,50.78,NEUTRAL,-0.5222,-0.7494,0.2272,BULLISH,4.7829,1.67,291.26,278.97,285.11,65.35,4.31,MID_BAND,False,ACCUMULATING,10.75,15.26,16.22,RANGING,BEARISH,2026-08-03
POWERICA,519.4,676.95,365.1,-23.27,42.26,557.33,555.09,,-6.81,-6.43,,INSUFFICIENT_DATA,234707.0,38.52,BEARISH,-8.7958,-2.2754,-6.5204,BEARISH,25.2786,4.87,595.12,519.54,557.33,-0.19,13.56,NEAR_LOWER,False,DISTRIBUTING,14.84,19.11,23.03,RANGING,BEARISH,2026-08-03
POWERINDIA,32000.0,38785.0,16111.0,-17.49,98.62,32124.25,33976.8,26099.51,-0.39,-5.82,22.61,CONSOLIDATING,120293.0,46.63,NEUTRAL,-561.4616,-614.4533,52.9917,BULLISH,1168.5132,3.65,33561.73,30686.77,32124.25,45.68,8.95,MID_BAND,False,DISTRIBUTING,25.19,18.33,21.89,MODERATE_TREND,BEARISH,2026-08-03
POWERMECH,2593.0,3260.0,1717.7,-20.46,50.96,2596.53,2637.18,2337.77,-0.14,-1.68,10.92,CONSOLIDATING,62297.0,47.67,NEUTRAL,-10.0184,-11.653,1.6346,BULLISH,84.5193,3.26,2686.49,2506.56,2596.53,48.04,6.93,MID_BAND,False,ACCUMULATING,16.73,17.67,19.75,RANGING,BEARISH,2026-08-03
PPLPHARMA,199.28,209.44,132.3,-4.85,50.63,181.98,173.8,168.28,9.51,14.66,18.42,STRONG_UPTREND,7557226.0,70.79,OVERBOUGHT,7.075,5.2293,1.8457,BULLISH,7.7639,3.9,201.78,162.18,181.98,93.69,21.76,NEAR_UPPER,False,ACCUMULATING,40.78,27.1,4.91,STRONG_TREND,BULLISH,2026-08-03
PRABHA,153.78,276.0,137.91,-44.28,11.51,146.75,152.69,168.2,4.79,0.71,-8.57,DOWNTREND,30607.0,60.91,BULLISH,-1.8697,-2.9516,1.0818,BULLISH,6.2559,4.07,155.06,138.44,146.75,92.31,11.32,NEAR_UPPER,False,DISTRIBUTING,21.48,20.78,12.31,MODERATE_TREND,BULLISH,2026-08-03
PRAENG,20.07,30.0,17.0,-33.1,18.06,20.29,20.72,,-1.08,-3.14,,INSUFFICIENT_DATA,87456.0,46.44,NEUTRAL,0.0303,0.0299,0.0004,BULLISH,1.2383,6.17,22.46,18.12,20.29,44.88,21.39,MID_BAND,False,ACCUMULATING,16.32,19.86,15.58,RANGING,BULLISH,2026-08-03
PRAJIND,315.05,433.0,273.0,-27.24,15.4,335.06,345.68,334.67,-5.97,-8.86,-5.86,DOWNTREND,546606.0,36.1,BEARISH,-11.6149,-9.2125,-2.4024,BEARISH,9.6513,3.06,374.97,295.15,335.06,24.93,23.82,MID_BAND,False,DISTRIBUTING,32.96,11.46,28.88,STRONG_TREND,BEARISH,2026-08-03
PRAKASH,125.5,177.0,110.24,-29.1,13.84,125.66,136.7,135.92,-0.13,-8.19,-7.67,DOWNTREND,329569.0,41.06,BEARISH,-3.5297,-4.109,0.5793,BULLISH,3.544,2.82,129.64,121.68,125.66,47.96,6.33,SQUEEZE,True,DISTRIBUTING,31.1,16.35,20.26,STRONG_TREND,BEARISH,2026-08-03
PRAKASHSTL,4.03,6.57,3.84,-38.66,4.95,4.06,4.25,4.61,-0.74,-5.18,-12.58,DOWNTREND,86203.0,39.56,BEARISH,-0.0705,-0.0788,0.0084,BULLISH,0.1431,3.55,4.18,3.95,4.06,35.85,5.57,MID_BAND,False,DISTRIBUTING,17.68,22.13,11.73,RANGING,BULLISH,2026-08-03
PRAVEG,293.6,325.0,210.4,-9.66,39.54,269.91,253.39,,8.78,15.87,,INSUFFICIENT_DATA,185865.0,60.59,BULLISH,12.7965,11.268,1.5285,BULLISH,15.3796,5.24,321.91,217.91,269.91,72.78,38.53,MID_BAND,False,ACCUMULATING,32.69,30.83,11.83,STRONG_TREND,BULLISH,2026-08-03
PRAXIS,6.56,10.53,5.26,-37.7,24.71,7.25,6.89,,-9.52,-4.79,,INSUFFICIENT_DATA,162239.0,44.06,BEARISH,0.18,0.1972,-0.0172,BEARISH_CROSS,0.6733,10.26,8.52,5.97,7.25,23.02,35.16,MID_BAND,False,ACCUMULATING,25.56,19.15,32.86,MODERATE_TREND,BEARISH,2026-08-03
PRECAM,143.31,262.0,103.98,-45.3,37.82,142.46,146.84,151.21,0.6,-2.4,-5.22,DOWNTREND,119453.0,49.23,NEUTRAL,-2.1245,-2.4033,0.2788,BULLISH_CROSS,5.0727,3.54,148.53,136.4,142.46,56.98,8.51,MID_BAND,False,ACCUMULATING,12.52,20.27,18.76,RANGING,BULLISH,2026-08-03
PRECOT,819.0,876.75,300.05,-6.59,172.95,812.0,770.8,,0.86,6.25,,INSUFFICIENT_DATA,6229.0,55.96,BULLISH,17.5643,24.4397,-6.8754,BEARISH,44.5372,5.44,858.09,765.92,812.0,57.59,11.35,SQUEEZE,True,ACCUMULATING,28.52,27.99,15.89,MODERATE_TREND,BULLISH,2026-08-03
PRECWIRE,379.1,467.5,168.79,-18.91,124.6,372.95,399.74,316.54,1.65,-5.16,19.76,CONSOLIDATING,203511.0,49.78,NEUTRAL,-8.0918,-9.4486,1.3569,BULLISH,15.5936,4.11,392.63,353.26,372.95,65.63,10.56,MID_BAND,False,DISTRIBUTING,14.94,21.07,20.66,RANGING,BULLISH,2026-08-03
PREMCO,380.1,484.9,355.0,-21.61,7.07,369.29,372.01,,2.93,2.17,,INSUFFICIENT_DATA,428.0,58.91,BULLISH,-0.2583,-1.7253,1.467,BULLISH,12.6643,3.33,378.36,360.21,369.29,109.58,4.91,NEAR_UPPER,False,DISTRIBUTING,17.56,17.4,9.09,RANGING,BULLISH,2026-08-03
PREMEXPLN,661.8,829.8,378.4,-20.25,74.89,670.66,703.38,558.86,-1.32,-5.91,18.42,CONSOLIDATING,556467.0,43.79,BEARISH,-11.962,-10.517,-1.445,BEARISH,23.1805,3.5,698.66,642.67,670.66,34.17,8.35,MID_BAND,False,DISTRIBUTING,10.05,21.07,19.37,RANGING,BULLISH,2026-08-03
PREMIERENE,1020.7,1134.0,660.0,-9.99,54.65,1054.1,1054.1,929.48,-3.17,-3.17,9.81,CONSOLIDATING,1332211.0,45.2,NEUTRAL,-11.4433,-5.2969,-6.1464,BEARISH,34.0577,3.34,1132.65,975.55,1054.1,28.74,14.9,MID_BAND,False,DISTRIBUTING,24.08,15.35,25.82,MODERATE_TREND,BEARISH,2026-08-03
PREMIERPOL,73.56,85.45,38.0,-13.91,93.58,71.09,63.16,,3.47,16.47,,INSUFFICIENT_DATA,758113.0,56.37,BULLISH,3.3101,3.9628,-0.6527,BEARISH,5.7623,7.83,83.42,58.75,71.09,60.03,34.71,MID_BAND,False,ACCUMULATING,43.89,21.89,13.43,STRONG_TREND,BULLISH,2026-08-03
PRESTIGE,1670.0,1805.2,1090.0,-7.49,53.21,1664.55,1545.2,1501.55,0.33,8.08,11.22,STRONG_UPTREND,758416.0,54.93,NEUTRAL,20.9345,32.9015,-11.9671,BEARISH,53.7083,3.22,1742.1,1587.01,1664.55,53.51,9.32,MID_BAND,False,DISTRIBUTING,22.69,27.24,22.23,MODERATE_TREND,BULLISH,2026-08-03
PRICOLLTD,732.85,740.0,418.95,-0.97,74.93,637.97,599.52,592.59,14.87,22.24,23.67,STRONG_UPTREND,653595.0,82.39,OVERBOUGHT,26.744,17.8439,8.9001,BULLISH,23.4106,3.19,706.51,569.42,637.97,119.21,21.49,NEAR_UPPER,False,ACCUMULATING,36.94,40.23,6.5,STRONG_TREND,BULLISH,2026-08-03
PRIMESECU,277.45,325.0,244.5,-14.63,13.48,276.62,283.87,283.91,0.3,-2.26,-2.28,DOWNTREND,26098.0,47.6,NEUTRAL,-2.3397,-2.7579,0.4182,BULLISH,9.5709,3.45,282.69,270.54,276.62,56.85,4.39,SQUEEZE,True,ACCUMULATING,19.4,21.02,12.22,RANGING,BULLISH,2026-08-03
PRIMO,24.3,28.99,16.1,-16.18,50.93,23.52,23.66,22.39,3.32,2.7,8.53,STRONG_UPTREND,163000.0,55.58,BULLISH,0.03,-0.1664,0.1964,BULLISH,1.2645,5.2,25.26,21.78,23.52,72.54,14.8,MID_BAND,False,ACCUMULATING,27.25,27.13,10.17,MODERATE_TREND,BULLISH,2026-08-03
PRINCEPIPE,263.4,358.0,205.0,-26.42,28.49,265.22,271.83,261.77,-0.69,-3.1,0.62,CONSOLIDATING,122115.0,45.96,NEUTRAL,-2.7944,-2.778,-0.0163,BEARISH,7.6354,2.9,273.02,257.43,265.23,38.29,5.88,MID_BAND,False,DISTRIBUTING,17.69,17.24,19.41,RANGING,BEARISH,2026-08-03
PRIVISCL,3597.0,3785.3,2193.9,-4.97,63.95,3640.59,3513.42,3135.86,-1.2,2.38,14.71,UPTREND,74170.0,49.45,NEUTRAL,21.5835,39.1217,-17.5382,BEARISH,106.7469,2.97,3733.95,3547.22,3640.59,26.66,5.13,MID_BAND,False,ACCUMULATING,17.37,18.57,18.94,RANGING,BEARISH,2026-08-03
PROSTARM,135.87,237.0,114.64,-42.67,18.52,127.77,134.85,150.92,6.34,0.76,-9.97,DOWNTREND,198330.0,59.95,BULLISH,-2.6358,-3.7083,1.0725,BULLISH,4.5821,3.37,136.69,118.85,127.77,95.4,13.96,NEAR_UPPER,False,DISTRIBUTING,29.52,26.85,16.78,MODERATE_TREND,BULLISH,2026-08-03
PROTEAN,630.85,945.5,444.0,-33.28,42.08,598.1,605.54,642.31,5.48,4.18,-1.78,DOWNTREND,258798.0,59.78,BULLISH,7.3795,2.9912,4.3883,BULLISH,21.0525,3.34,636.43,559.76,598.1,92.72,12.82,NEAR_UPPER,False,ACCUMULATING,15.86,27.09,14.49,RANGING,BULLISH,2026-08-03
PROZONER,43.13,69.0,39.31,-37.49,9.72,43.2,46.76,,-0.16,-7.76,,INSUFFICIENT_DATA,174045.0,45.02,NEUTRAL,-1.1653,-1.3075,0.1422,BULLISH,2.2437,5.2,45.31,41.09,43.2,48.35,9.78,MID_BAND,False,DISTRIBUTING,28.04,14.71,17.08,MODERATE_TREND,BEARISH,2026-08-03
PRSMJOHNSN,108.88,176.0,103.08,-38.14,5.63,109.98,115.63,126.83,-1.0,-5.84,-14.15,DOWNTREND,124316.0,43.01,BEARISH,-2.6795,-2.7368,0.0572,BULLISH_CROSS,2.9916,2.75,115.17,104.79,109.98,39.36,9.44,MID_BAND,False,DISTRIBUTING,31.83,16.67,27.23,STRONG_TREND,BEARISH,2026-08-03
PRUDENT,3359.2,3385.1,2121.0,-0.77,58.38,2996.8,2913.19,2619.3,12.09,15.31,28.25,STRONG_UPTREND,38697.0,73.31,OVERBOUGHT,82.8535,37.6491,45.2043,BULLISH,126.9694,3.78,3305.27,2688.32,2996.8,108.74,20.59,NEAR_UPPER,False,ACCUMULATING,21.58,27.46,11.67,MODERATE_TREND,BULLISH,2026-08-03
PSB,23.76,32.46,20.5,-26.8,15.9,24.27,24.27,26.02,-2.1,-2.1,-8.69,DOWNTREND,1514893.0,44.59,BEARISH,-0.2866,-0.1526,-0.134,BEARISH,0.6158,2.59,25.49,23.05,24.27,29.14,10.08,MID_BAND,False,ACCUMULATING,11.41,21.46,23.43,RANGING,BEARISH,2026-08-03
PSPPROJECT,949.55,1143.0,569.2,-16.92,66.82,1039.42,968.47,838.22,-8.65,-1.95,13.28,CONSOLIDATING,134969.0,41.75,BEARISH,-0.0778,18.076,-18.1538,BEARISH,49.1092,5.17,1123.12,955.71,1039.42,-3.68,16.11,NEAR_LOWER,False,DISTRIBUTING,31.7,13.46,27.02,STRONG_TREND,BEARISH,2026-08-03
PTC,180.11,229.51,149.59,-21.52,20.4,170.38,179.63,173.22,5.71,0.27,3.98,STRONG_UPTREND,884712.0,58.84,BULLISH,-2.1619,-3.7847,1.6228,BULLISH,4.6429,2.58,177.8,162.96,170.38,115.54,8.71,NEAR_UPPER,False,ACCUMULATING,25.04,30.1,17.7,MODERATE_TREND,BULLISH,2026-08-03
PTCIL,17981.0,19851.0,13251.0,-9.42,35.7,17708.8,17759.44,17408.2,1.54,1.25,3.29,STRONG_UPTREND,12212.0,55.2,BULLISH,82.3326,73.4339,8.8987,BULLISH,444.2,2.47,18216.79,17200.81,17708.8,76.79,5.74,MID_BAND,False,ACCUMULATING,14.31,23.39,15.42,RANGING,BULLISH,2026-08-03
PTL,39.77,43.77,36.1,-9.14,10.17,39.86,40.49,39.44,-0.23,-1.78,0.84,CONSOLIDATING,44571.0,45.24,NEUTRAL,-0.431,-0.4234,-0.0076,BEARISH,0.8293,2.09,41.38,38.33,39.86,47.18,7.65,MID_BAND,False,DISTRIBUTING,18.48,11.55,12.45,RANGING,BEARISH,2026-08-03
PUNJABCHEM,1151.9,1533.9,876.6,-24.9,31.41,1138.58,1066.11,1124.73,1.17,8.05,2.42,STRONG_UPTREND,29383.0,55.46,BULLISH,24.8784,26.99,-2.1116,BEARISH,55.0869,4.78,1206.69,1070.46,1138.58,59.78,11.96,SQUEEZE,True,ACCUMULATING,42.75,25.17,9.63,STRONG_TREND,BULLISH,2026-08-03
PURVA,207.67,305.0,160.69,-31.91,29.24,220.11,217.31,223.49,-5.65,-4.44,-7.08,DOWNTREND,957312.0,40.22,BEARISH,-2.1752,-0.4969,-1.6783,BEARISH,8.2191,3.96,239.38,200.84,220.11,17.72,17.51,MID_BAND,False,ACCUMULATING,21.3,20.77,20.09,MODERATE_TREND,BULLISH,2026-08-03
PVP,27.1,36.75,18.49,-26.26,46.57,27.97,28.9,,-3.11,-6.23,,INSUFFICIENT_DATA,305417.0,39.86,BEARISH,-0.5432,-0.4407,-0.1025,BEARISH,1.2856,4.74,29.77,26.17,27.97,25.85,12.88,MID_BAND,False,ACCUMULATING,10.83,20.05,20.66,RANGING,BEARISH,2026-08-03
PVRINOX,1141.4,1249.7,907.4,-8.67,25.79,1044.14,999.52,1022.23,9.31,14.19,11.66,STRONG_UPTREND,505031.0,73.85,OVERBOUGHT,39.6034,27.0614,12.5421,BULLISH,32.4978,2.85,1165.52,922.76,1044.14,90.06,23.25,NEAR_UPPER,False,ACCUMULATING,38.19,33.17,5.78,STRONG_TREND,BULLISH,2026-08-03
PVSL,107.19,163.0,82.41,-34.24,30.07,101.57,98.34,108.68,5.53,9.0,-1.37,DOWNTREND,80628.0,63.11,BULLISH,3.4907,2.7931,0.6975,BULLISH,4.0565,3.78,114.71,88.43,101.57,71.4,25.88,MID_BAND,False,ACCUMULATING,37.99,25.55,11.05,STRONG_TREND,BULLISH,2026-08-03
PWL,126.03,161.99,77.72,-22.2,62.16,134.88,122.66,,-6.56,2.75,,INSUFFICIENT_DATA,14066693.0,46.03,NEUTRAL,-0.3804,1.6489,-2.0293,BEARISH,6.3029,5.0,152.9,116.87,134.88,25.43,26.72,MID_BAND,False,DISTRIBUTING,22.81,17.93,19.37,MODERATE_TREND,BEARISH,2026-08-03
PYRAMID,184.97,198.69,131.8,-6.91,40.34,170.22,169.04,160.53,8.67,9.42,15.22,STRONG_UPTREND,320154.0,60.86,BULLISH,4.3288,2.2268,2.102,BULLISH,8.5207,4.61,191.52,148.91,170.22,84.62,25.04,MID_BAND,False,ACCUMULATING,27.09,28.28,9.52,MODERATE_TREND,BULLISH,2026-08-03
QMSMEDI,112.3,118.7,98.05,-5.39,14.53,109.7,,,2.37,,,INSUFFICIENT_DATA,18843.0,56.41,BULLISH,,,,,5.9803,5.33,116.8,102.6,109.7,68.33,12.94,MID_BAND,False,ACCUMULATING,,,,,,2026-08-03
QUADFUTURE,360.95,502.4,248.55,-28.15,45.22,392.32,382.6,323.62,-8.0,-5.66,11.54,CONSOLIDATING,343692.0,41.46,BEARISH,-14.1102,-6.6674,-7.4428,BEARISH,20.0828,5.56,458.87,325.76,392.32,26.43,33.93,MID_BAND,False,DISTRIBUTING,30.87,17.75,26.78,STRONG_TREND,BEARISH,2026-08-03
QUESS,345.05,349.5,166.3,-1.27,107.49,300.88,264.84,219.48,14.68,30.29,57.21,STRONG_UPTREND,1366831.0,84.19,OVERBOUGHT,16.3585,13.9834,2.3751,BULLISH,13.5015,3.91,329.21,272.55,300.88,127.96,18.83,NEAR_UPPER,False,ACCUMULATING,59.56,34.28,4.65,STRONG_TREND,BULLISH,2026-08-03
QUINT,38.99,47.69,33.45,-18.24,16.56,38.85,40.4,,0.36,-3.49,,INSUFFICIENT_DATA,1576.0,47.79,NEUTRAL,-0.5423,-0.6852,0.1428,BULLISH,2.125,5.45,40.33,37.37,38.85,54.61,7.62,SQUEEZE,True,ACCUMULATING,26.44,17.59,19.02,MODERATE_TREND,BEARISH,2026-08-03
RACE,111.79,252.0,84.11,-55.64,32.91,114.74,110.26,,-2.57,1.39,,INSUFFICIENT_DATA,12980.0,50.96,NEUTRAL,-0.6073,-0.2672,-0.3402,BEARISH,6.7162,6.01,135.99,93.49,114.74,43.06,37.04,SQUEEZE,True,DISTRIBUTING,19.34,15.2,21.84,RANGING,BEARISH,2026-08-03
RACLGEAR,1291.3,1691.9,805.0,-23.68,60.41,1308.37,1310.62,1214.22,-1.3,-1.47,6.35,CONSOLIDATING,27174.0,46.93,NEUTRAL,-10.1956,-2.7444,-7.4513,BEARISH,57.4838,4.45,1376.12,1240.62,1308.37,37.4,10.36,MID_BAND,False,ACCUMULATING,26.72,23.72,18.27,MODERATE_TREND,BULLISH,2026-08-03
RADAAN,3.2,3.99,2.35,-19.8,36.17,3.01,3.04,3.15,6.31,5.26,1.59,STRONG_UPTREND,58379.0,58.61,BULLISH,0.0443,0.0051,0.0392,BULLISH,0.2217,6.93,3.29,2.72,3.01,84.52,18.7,MID_BAND,False,ACCUMULATING,26.07,27.82,7.46,MODERATE_TREND,BULLISH,2026-08-03
RADHIKAJWE,71.22,101.9,50.01,-30.11,42.41,65.21,59.98,67.41,9.22,18.74,5.65,STRONG_UPTREND,2582262.0,69.01,BULLISH,2.9694,2.4597,0.5097,BULLISH,3.5927,5.04,73.57,56.86,65.21,85.96,25.62,MID_BAND,False,ACCUMULATING,36.76,27.59,10.59,STRONG_TREND,BULLISH,2026-08-03
RADIANTCMS,36.97,62.3,32.33,-40.66,14.35,37.56,38.75,43.62,-1.57,-4.59,-15.25,DOWNTREND,122365.0,42.41,BEARISH,-0.6166,-0.6076,-0.009,BEARISH,1.2312,3.33,39.1,36.01,37.56,30.99,8.21,MID_BAND,False,DISTRIBUTING,13.95,11.76,16.14,RANGING,BEARISH,2026-08-03
RADICO,4459.1,4494.4,2500.0,-0.79,78.36,4161.69,3853.75,3241.21,7.15,15.71,37.58,STRONG_UPTREND,467770.0,76.8,OVERBOUGHT,144.5165,128.3525,16.1641,BULLISH,111.6994,2.5,4415.85,3907.53,4161.69,108.51,12.21,NEAR_UPPER,False,ACCUMULATING,48.62,33.55,7.17,STRONG_TREND,BULLISH,2026-08-03
RADIOCITY,6.81,9.25,4.5,-26.38,51.33,6.28,6.2,6.51,8.44,9.84,4.61,STRONG_UPTREND,108252.0,69.16,BULLISH,0.1975,0.1164,0.0811,BULLISH,0.3615,5.31,7.03,5.53,6.28,85.53,23.75,MID_BAND,False,ACCUMULATING,36.39,22.61,3.77,STRONG_TREND,BULLISH,2026-08-03
RAILTEL,292.25,412.9,245.0,-29.22,19.29,296.23,307.71,321.61,-1.34,-5.02,-9.13,DOWNTREND,593158.0,44.31,BEARISH,-5.8676,-5.9343,0.0668,BULLISH_CROSS,7.8759,2.69,312.34,280.12,296.23,37.65,10.88,MID_BAND,False,DISTRIBUTING,18.46,16.25,28.3,RANGING,BEARISH,2026-08-03
RAIN,229.53,233.37,99.9,-1.65,129.76,215.12,200.41,148.88,6.7,14.53,54.17,STRONG_UPTREND,5230758.0,65.24,BULLISH,8.8477,8.6806,0.167,BULLISH_CROSS,9.1704,4.0,233.56,196.69,215.12,89.06,17.14,MID_BAND,False,ACCUMULATING,44.43,25.36,8.12,STRONG_TREND,BULLISH,2026-08-03
RAINBOW,1545.6,1593.7,1084.0,-3.02,42.58,1484.47,1430.35,1304.46,4.12,8.06,18.49,STRONG_UPTREND,88507.0,69.69,BULLISH,25.6163,23.0637,2.5526,BULLISH,42.2922,2.74,1541.79,1427.15,1484.47,103.33,7.72,NEAR_UPPER,False,ACCUMULATING,22.36,22.51,12.34,MODERATE_TREND,BULLISH,2026-08-03
RAJMET,3.31,5.28,2.72,-37.31,21.69,3.43,3.65,3.96,-3.5,-9.32,-16.41,DOWNTREND,219379.0,36.04,BEARISH,-0.111,-0.1044,-0.0065,BEARISH,0.1508,4.56,3.73,3.14,3.43,28.68,17.01,MID_BAND,False,DISTRIBUTING,54.14,6.67,32.28,STRONG_TREND,BEARISH,2026-08-03
RAJPALAYAM,818.85,875.0,745.0,-6.42,9.91,820.93,825.22,,-0.25,-0.77,,INSUFFICIENT_DATA,1358.0,48.89,NEUTRAL,-1.6931,-1.4741,-0.219,BEARISH,25.324,3.09,842.83,799.03,820.93,45.25,5.33,MID_BAND,False,ACCUMULATING,33.39,20.25,10.23,STRONG_TREND,BULLISH,2026-08-03
RAJRATAN,513.5,544.0,305.55,-5.61,68.06,488.81,458.7,439.86,5.05,11.95,16.74,STRONG_UPTREND,342905.0,60.8,BULLISH,11.9722,12.4106,-0.4383,BEARISH,25.3125,4.93,514.9,462.71,488.8,97.32,10.68,NEAR_UPPER,False,ACCUMULATING,39.1,25.47,12.0,STRONG_TREND,BULLISH,2026-08-03
RAJSREESUG,30.39,49.7,24.65,-38.85,23.29,30.83,32.34,32.52,-1.43,-6.03,-6.55,DOWNTREND,32198.0,46.01,NEUTRAL,-0.6965,-0.6332,-0.0633,BEARISH,1.4144,4.65,32.74,28.92,30.83,38.49,12.4,MID_BAND,False,DISTRIBUTING,11.96,25.72,17.51,RANGING,BULLISH,2026-08-03
RAJTV,10.76,46.9,10.76,-77.06,0.0,11.82,13.06,30.21,-8.97,-17.61,-64.38,DOWNTREND,43760.0,22.46,OVERSOLD,-0.5372,-0.6001,0.0629,BULLISH,0.5482,5.09,12.42,11.23,11.82,-39.29,10.09,NEAR_LOWER,False,DISTRIBUTING,67.38,3.39,28.35,STRONG_TREND,BEARISH,2026-08-03
RALLIS,217.82,385.8,214.85,-43.54,1.38,226.05,229.99,252.13,-3.64,-5.29,-13.61,DOWNTREND,1587097.0,40.11,BEARISH,-4.0172,-3.0397,-0.9774,BEARISH,6.4991,2.98,241.15,210.94,226.05,22.77,13.37,MID_BAND,False,DISTRIBUTING,13.07,23.69,22.76,RANGING,BULLISH,2026-08-03
RAMANEWS,30.85,42.0,27.05,-26.55,14.05,28.86,29.12,30.82,6.9,5.94,0.1,STRONG_UPTREND,21226.0,66.13,BULLISH,-0.0011,-0.1666,0.1655,BULLISH,1.3399,4.34,29.99,27.73,28.86,138.32,7.82,NEAR_UPPER,False,ACCUMULATING,21.27,25.91,12.83,MODERATE_TREND,BULLISH,2026-08-03
RAMAPHO,130.91,217.19,103.5,-39.73,26.48,126.02,125.08,143.68,3.88,4.66,-8.89,DOWNTREND,32916.0,58.43,BULLISH,0.8392,0.3815,0.4577,BULLISH,5.7161,4.37,131.41,120.63,126.02,95.39,8.56,NEAR_UPPER,False,ACCUMULATING,16.21,23.37,12.31,RANGING,BULLISH,2026-08-03
RAMBHAJO,183.76,222.0,175.76,-17.23,4.55,,,,,,,INSUFFICIENT_DATA,622837.0,,,,,,,,,,,,,,,False,,,,,,,2026-08-03
RAMCOCEM,945.25,1214.5,838.3,-22.17,12.76,923.58,904.75,995.69,2.35,4.48,-5.07,DOWNTREND,107816.0,59.89,BULLISH,2.7632,2.544,0.2192,BULLISH_CROSS,21.3927,2.26,946.38,900.78,923.58,97.51,4.94,NEAR_UPPER,False,DISTRIBUTING,14.93,24.72,13.39,RANGING,BULLISH,2026-08-03
RAMCOIND,332.15,398.05,230.65,-16.56,44.01,347.63,322.86,303.53,-4.45,2.88,9.43,UPTREND,302999.0,48.13,NEUTRAL,0.9087,5.3579,-4.4491,BEARISH,13.0949,3.94,378.91,316.35,347.63,25.25,17.99,MID_BAND,False,DISTRIBUTING,29.57,19.09,16.03,MODERATE_TREND,BULLISH,2026-08-03
RAMCOSYS,563.95,967.5,342.1,-41.71,64.85,751.14,654.47,534.06,-24.92,-13.83,5.6,CONSOLIDATING,1413307.0,33.26,BEARISH,-28.6315,7.4513,-36.0829,BEARISH,50.1239,8.89,970.59,531.69,751.14,7.35,58.43,NEAR_LOWER,False,DISTRIBUTING,36.85,17.87,30.05,STRONG_TREND,BEARISH,2026-08-03
RAMKY,389.15,705.0,367.0,-44.8,6.04,384.67,411.4,488.86,1.16,-5.41,-20.4,DOWNTREND,48086.0,48.38,NEUTRAL,-10.2321,-12.1103,1.8783,BULLISH,11.0807,2.85,407.54,361.79,384.67,59.8,11.89,MID_BAND,False,DISTRIBUTING,22.72,22.59,22.34,MODERATE_TREND,BULLISH,2026-08-03
RAMRAT,429.95,520.0,268.0,-17.32,60.43,424.32,414.27,350.97,1.33,3.78,22.5,STRONG_UPTREND,231328.0,52.7,NEUTRAL,8.9581,6.6245,2.3336,BULLISH,20.8812,4.86,455.06,393.57,424.32,59.16,14.49,MID_BAND,False,ACCUMULATING,19.42,21.88,17.56,RANGING,BULLISH,2026-08-03
RANASUG,12.52,15.69,10.21,-20.2,22.62,11.92,12.35,12.47,5.03,1.38,0.4,STRONG_UPTREND,160567.0,61.4,BULLISH,-0.1131,-0.1843,0.0711,BULLISH,0.4027,3.22,12.29,11.56,11.92,131.61,6.12,NEAR_UPPER,False,DISTRIBUTING,26.77,22.66,14.73,MODERATE_TREND,BULLISH,2026-08-03
RANEHOLDIN,1872.6,1888.0,981.0,-0.82,90.89,1753.24,1623.13,1365.64,6.81,15.37,37.12,STRONG_UPTREND,16170.0,72.5,OVERBOUGHT,43.0712,46.1918,-3.1206,BEARISH,58.8014,3.14,1819.09,1687.38,1753.23,140.62,7.51,NEAR_UPPER,False,ACCUMULATING,46.95,34.81,9.53,STRONG_TREND,BULLISH,2026-08-03
RATEGAIN,965.4,997.25,437.0,-3.19,120.92,930.84,863.8,671.89,3.71,11.76,43.68,STRONG_UPTREND,353140.0,62.51,BULLISH,15.6764,20.6471,-4.9707,BEARISH,36.674,3.8,986.65,875.02,930.84,80.96,11.99,MID_BAND,False,ACCUMULATING,28.47,25.67,17.92,MODERATE_TREND,BULLISH,2026-08-03
RATNAMANI,2371.8,3345.0,1936.5,-29.09,22.48,2511.22,2558.19,2410.76,-5.55,-7.29,-1.62,DOWNTREND,29858.0,35.36,BEARISH,-62.8231,-46.4858,-16.3373,BEARISH,72.9675,3.08,2739.84,2282.61,2511.22,19.51,18.21,MID_BAND,False,DISTRIBUTING,22.31,13.13,23.45,MODERATE_TREND,BEARISH,2026-08-03
RATNAVEER,205.79,212.2,130.5,-3.02,57.69,181.9,176.96,159.06,13.13,16.29,29.38,STRONG_UPTREND,7292714.0,67.17,BULLISH,3.9743,2.3847,1.5896,BULLISH,11.0378,5.36,197.67,166.14,181.9,125.75,17.33,NEAR_UPPER,False,ACCUMULATING,32.04,40.14,11.3,STRONG_TREND,BULLISH,2026-08-03
RAYMOND,602.0,679.0,320.0,-11.34,88.12,603.78,581.07,471.08,-0.29,3.6,27.79,UPTREND,501303.0,53.63,NEUTRAL,1.2967,5.6062,-4.3095,BEARISH,21.7932,3.62,634.28,573.29,603.78,47.08,10.1,MID_BAND,False,DISTRIBUTING,23.42,22.35,16.12,MODERATE_TREND,BULLISH,2026-08-03
RAYMONDLSL,727.3,1350.0,677.0,-46.13,7.43,725.66,752.93,892.25,0.23,-3.4,-18.49,DOWNTREND,140385.0,46.66,NEUTRAL,-12.8819,-14.4203,1.5384,BULLISH,27.264,3.75,751.95,699.37,725.66,53.12,7.25,MID_BAND,False,DISTRIBUTING,22.33,14.35,20.58,MODERATE_TREND,BEARISH,2026-08-03
RAYMONDREL,669.75,734.9,349.0,-8.87,91.91,678.24,637.66,518.21,-1.25,5.03,29.24,UPTREND,534380.0,52.76,NEUTRAL,3.7534,10.4379,-6.6845,BEARISH,28.6881,4.28,727.35,629.12,678.24,41.36,14.48,MID_BAND,False,ACCUMULATING,21.99,23.11,21.18,MODERATE_TREND,BULLISH,2026-08-03
RBA,70.76,87.65,57.15,-19.27,23.81,68.8,70.72,65.76,2.85,0.06,7.6,STRONG_UPTREND,3221759.0,54.9,NEUTRAL,-1.2443,-1.393,0.1486,BULLISH_CROSS,2.4947,3.53,74.92,62.68,68.8,66.0,17.8,MID_BAND,False,DISTRIBUTING,24.1,26.48,19.69,MODERATE_TREND,BULLISH,2026-08-03
RBLBANK,379.95,383.45,243.25,-0.91,56.2,368.54,363.23,325.24,3.1,4.6,16.82,STRONG_UPTREND,6957375.0,59.58,BULLISH,2.8184,1.689,1.1295,BULLISH,9.997,2.63,386.54,350.55,368.55,81.69,9.77,MID_BAND,False,DISTRIBUTING,16.22,26.74,15.73,RANGING,BULLISH,2026-08-03
RBZJEWEL,152.54,179.0,100.0,-14.78,52.54,147.39,137.96,136.94,3.49,10.57,11.39,STRONG_UPTREND,175722.0,61.18,BULLISH,1.9882,2.2781,-0.2899,BEARISH,7.3327,4.81,157.41,137.38,147.39,75.7,13.58,MID_BAND,False,ACCUMULATING,23.25,30.03,15.88,MODERATE_TREND,BULLISH,2026-08-03
RCF,127.62,164.49,106.0,-22.41,20.4,128.03,129.41,132.13,-0.32,-1.38,-3.41,DOWNTREND,1227575.0,48.33,NEUTRAL,-0.9746,-0.9825,0.0079,BULLISH_CROSS,3.0261,2.37,132.59,123.48,128.03,45.48,7.12,MID_BAND,False,DISTRIBUTING,9.91,26.27,23.54,RANGING,BULLISH,2026-08-03
RECLTD,368.1,390.5,304.05,-5.74,21.07,360.09,354.57,353.98,2.22,3.82,3.99,STRONG_UPTREND,4771538.0,57.13,BULLISH,4.39,3.2328,1.1572,BULLISH,7.9369,2.16,377.42,342.77,360.09,73.1,9.62,MID_BAND,False,ACCUMULATING,19.97,21.8,13.53,RANGING,BULLISH,2026-08-03
REDINGTON,347.85,357.8,191.31,-2.78,81.83,282.41,264.09,254.98,23.17,31.72,36.42,STRONG_UPTREND,9518346.0,81.74,OVERBOUGHT,13.6719,7.483,6.1889,BULLISH,15.1761,4.36,325.13,239.7,282.41,126.6,30.25,NEAR_UPPER,False,ACCUMULATING,35.23,49.84,9.06,STRONG_TREND,BULLISH,2026-08-03
REDTAPE,130.79,163.5,107.53,-20.01,21.63,132.07,134.52,127.13,-0.97,-2.77,2.88,CONSOLIDATING,353245.0,46.51,NEUTRAL,-0.9904,-1.0858,0.0954,BULLISH,4.2923,3.28,137.97,126.18,132.07,39.11,8.92,MID_BAND,False,ACCUMULATING,24.85,24.69,14.65,MODERATE_TREND,BULLISH,2026-08-03
REFEX,306.8,417.05,188.0,-26.44,63.19,321.86,324.27,277.67,-4.68,-5.39,10.49,CONSOLIDATING,750858.0,43.07,BEARISH,-5.3202,-2.6538,-2.6665,BEARISH,15.3114,4.99,353.31,290.4,321.86,26.07,19.54,MID_BAND,False,DISTRIBUTING,24.16,17.85,27.08,MODERATE_TREND,BEARISH,2026-08-03
REGENCERAM,32.9,54.99,30.0,-40.17,9.67,36.18,38.96,43.5,-9.07,-15.55,-24.37,DOWNTREND,6148.0,32.91,BEARISH,-2.11,-1.834,-0.276,BEARISH,2.9285,8.9,42.32,30.03,36.18,23.34,33.97,MID_BAND,False,DISTRIBUTING,14.14,17.74,15.96,RANGING,BULLISH,2026-08-03
RELAXO,408.7,526.0,236.5,-22.3,72.81,400.14,372.48,358.96,2.14,9.72,13.86,STRONG_UPTREND,2839773.0,55.73,BULLISH,8.8302,10.7405,-1.9104,BEARISH,18.9993,4.65,434.61,365.68,400.14,62.42,17.23,MID_BAND,False,ACCUMULATING,31.31,27.19,16.21,STRONG_TREND,BULLISH,2026-08-03
RELCHEMQ,124.83,184.0,105.01,-32.16,18.87,128.63,129.48,129.06,-2.95,-3.59,-3.28,DOWNTREND,3236.0,40.89,BEARISH,-1.8731,-1.1488,-0.7243,BEARISH,5.3732,4.3,134.97,122.28,128.63,20.08,9.86,MID_BAND,False,ACCUMULATING,12.51,13.36,11.68,RANGING,BULLISH,2026-08-03
RELIABLE,146.37,163.91,80.0,-10.7,82.96,144.0,144.84,,1.65,1.06,,INSUFFICIENT_DATA,17651.0,54.81,NEUTRAL,-1.1347,-0.753,-0.3818,BEARISH,6.6789,4.56,151.0,137.0,144.0,66.9,9.72,MID_BAND,False,ACCUMULATING,20.18,15.12,18.76,MODERATE_TREND,BEARISH,2026-08-03
RELIANCE,1319.0,1611.8,1249.8,-18.17,5.54,1294.5,1304.62,1408.2,1.89,1.1,-6.33,DOWNTREND,11919213.0,56.39,BULLISH,-3.3817,-6.3457,2.9641,BULLISH,21.2695,1.61,1329.37,1259.63,1294.5,85.13,5.39,MID_BAND,False,ACCUMULATING,14.63,25.88,24.81,RANGING,BULLISH,2026-08-03
RELIGARE,261.1,280.0,196.51,-6.75,32.87,260.35,252.59,238.6,0.29,3.37,9.43,STRONG_UPTREND,744496.0,54.24,NEUTRAL,-0.3998,0.776,-1.1758,BEARISH,8.0847,3.1,274.68,246.01,260.35,52.63,11.01,MID_BAND,False,ACCUMULATING,20.18,17.48,14.71,MODERATE_TREND,BULLISH,2026-08-03
RELTD,166.81,196.45,117.07,-15.09,42.49,174.52,156.02,149.19,-4.42,6.92,11.81,UPTREND,651518.0,47.54,NEUTRAL,2.8399,5.0505,-2.2105,BEARISH,7.4683,4.48,182.04,167.01,174.52,-1.36,8.61,NEAR_LOWER,False,DISTRIBUTING,35.58,19.66,17.15,STRONG_TREND,BULLISH,2026-08-03
REMSONSIND,83.44,152.45,75.23,-45.27,10.91,80.56,84.08,105.32,3.57,-0.76,-20.77,DOWNTREND,103924.0,53.79,NEUTRAL,-0.7212,-1.5872,0.866,BULLISH,3.5248,4.22,85.73,75.4,80.56,77.88,12.82,MID_BAND,False,ACCUMULATING,15.86,21.44,17.78,RANGING,BULLISH,2026-08-03
RENUKA,22.33,33.5,21.05,-33.34,6.08,22.3,22.57,25.26,0.13,-1.06,-11.6,DOWNTREND,3061426.0,49.43,NEUTRAL,-0.2893,-0.3075,0.0182,BULLISH_CROSS,0.5875,2.63,23.24,21.35,22.3,51.75,8.48,MID_BAND,False,DISTRIBUTING,10.15,22.61,15.85,RANGING,BULLISH,2026-08-03
REPCOHOME,385.95,455.9,333.6,-15.34,15.69,399.71,395.18,397.3,-3.44,-2.34,-2.86,DOWNTREND,77200.0,41.46,BEARISH,-4.4758,-2.1738,-2.3019,BEARISH,10.891,2.82,422.94,376.48,399.71,20.39,11.63,MID_BAND,False,DISTRIBUTING,15.1,16.13,19.0,RANGING,BEARISH,2026-08-03
REPRO,398.7,590.0,307.05,-32.42,29.85,371.49,367.13,409.29,7.32,8.6,-2.59,DOWNTREND,13038.0,69.24,BULLISH,4.1635,2.09,2.0735,BULLISH,12.6032,3.16,387.32,355.66,371.49,135.93,8.52,NEAR_UPPER,False,ACCUMULATING,31.22,30.32,7.69,STRONG_TREND,BULLISH,2026-08-03
RESPONIND,173.3,240.9,117.25,-28.06,47.8,185.56,187.04,179.79,-6.61,-7.35,-3.61,DOWNTREND,2601833.0,42.06,BEARISH,-5.0196,-2.7856,-2.2339,BEARISH,10.0292,5.79,212.97,158.16,185.56,27.63,29.54,MID_BAND,False,ACCUMULATING,27.46,27.89,17.18,MODERATE_TREND,BULLISH,2026-08-03
RETAIL,16.57,44.13,15.81,-62.45,4.81,17.26,18.1,22.57,-4.0,-8.45,-26.58,DOWNTREND,3329.0,43.27,BEARISH,-0.3939,-0.3837,-0.0101,BEARISH,1.2365,7.46,18.45,16.07,17.26,20.93,13.8,MID_BAND,False,ACCUMULATING,17.23,16.53,13.56,RANGING,BULLISH,2026-08-03
RGL,115.5,147.9,85.0,-21.91,35.88,118.92,112.73,114.81,-2.88,2.46,0.6,UPTREND,320663.0,46.33,NEUTRAL,1.0236,1.8114,-0.7878,BEARISH,3.7761,3.27,122.31,115.54,118.92,-0.62,5.69,NEAR_LOWER,False,ACCUMULATING,27.01,22.08,17.83,MODERATE_TREND,BULLISH,2026-08-03
RHETAN,31.12,33.01,20.32,-5.73,53.15,28.64,28.86,26.13,8.66,7.83,19.1,STRONG_UPTREND,8258346.0,65.58,BULLISH,0.651,0.3361,0.3149,BULLISH,1.3565,4.36,31.65,25.63,28.64,91.21,21.04,NEAR_UPPER,False,ACCUMULATING,24.42,33.88,12.56,MODERATE_TREND,BULLISH,2026-08-03
RHIM,412.25,515.55,323.05,-20.04,27.61,401.34,390.5,417.76,2.72,5.57,-1.32,DOWNTREND,960053.0,58.47,BULLISH,2.0752,2.9402,-0.865,BEARISH,15.7698,3.83,420.36,382.31,401.33,78.69,9.48,SQUEEZE,True,ACCUMULATING,23.2,31.26,17.42,MODERATE_TREND,BULLISH,2026-08-03
RHL,172.99,309.9,160.98,-44.18,7.46,172.85,177.55,189.89,0.08,-2.57,-8.9,DOWNTREND,19217.0,49.11,NEUTRAL,-2.3344,-2.5045,0.1701,BULLISH_CROSS,6.3503,3.67,181.09,164.61,172.85,50.85,9.53,MID_BAND,False,DISTRIBUTING,31.1,28.38,11.09,STRONG_TREND,BULLISH,2026-08-03
RICOAUTO,142.07,157.0,65.73,-9.51,116.14,134.68,133.05,119.72,5.49,6.78,18.67,STRONG_UPTREND,2000968.0,58.35,BULLISH,2.5643,1.8676,0.6967,BULLISH,6.9235,4.87,146.89,122.47,134.68,80.27,18.13,MID_BAND,False,ACCUMULATING,24.55,24.89,12.72,MODERATE_TREND,BULLISH,2026-08-03
RIIL,746.85,964.9,617.35,-22.6,20.98,764.29,785.43,773.46,-2.28,-4.91,-3.44,DOWNTREND,61869.0,41.52,BEARISH,-17.4827,-15.3855,-2.0972,BEARISH,19.4392,2.6,817.57,711.01,764.29,33.63,13.94,MID_BAND,False,DISTRIBUTING,22.62,19.74,23.43,MODERATE_TREND,BEARISH,2026-08-03
RIR,159.25,170.5,154.3,-6.6,3.21,,,,,,,INSUFFICIENT_DATA,94681.0,,,,,,,,,,,,,,,False,,,,,,,2026-08-03
RISHABH,650.2,692.8,281.85,-6.15,130.69,639.42,591.26,,1.69,9.97,,INSUFFICIENT_DATA,242252.0,60.73,BULLISH,7.1858,12.9977,-5.8119,BEARISH,28.5216,4.39,679.03,599.81,639.42,63.61,12.39,MID_BAND,False,ACCUMULATING,33.66,27.13,15.26,STRONG_TREND,BULLISH,2026-08-03
RITCO,301.25,306.0,167.1,-1.55,80.28,279.68,268.21,246.61,7.71,12.32,22.16,STRONG_UPTREND,170390.0,67.8,BULLISH,9.7702,8.4143,1.3559,BULLISH,12.7749,4.24,310.24,249.11,279.68,85.29,21.86,MID_BAND,False,ACCUMULATING,43.8,26.02,6.91,STRONG_TREND,BULLISH,2026-08-03
RITES,219.31,280.9,175.0,-21.93,25.32,220.08,213.19,219.62,-0.35,2.87,-0.14,DOWNTREND,6210501.0,52.43,NEUTRAL,0.3139,0.903,-0.5891,BEARISH,6.1056,2.78,230.78,209.37,220.08,46.42,9.73,MID_BAND,False,DISTRIBUTING,24.57,30.02,20.11,MODERATE_TREND,BULLISH,2026-08-03
RKDL,19.14,32.48,16.3,-41.07,17.42,19.14,19.34,21.2,0.0,-1.03,-9.72,DOWNTREND,10365.0,48.57,NEUTRAL,0.0565,0.0137,0.0429,BULLISH,0.879,4.59,19.85,18.44,19.14,49.79,7.37,MID_BAND,False,ACCUMULATING,16.46,11.88,13.02,RANGING,BEARISH,2026-08-03
RKEC,26.4,81.5,23.9,-67.61,10.46,26.83,28.2,41.65,-1.6,-6.38,-36.61,DOWNTREND,22282.0,45.54,NEUTRAL,-0.5449,-0.5989,0.054,BULLISH,1.7457,6.61,28.1,25.56,26.83,33.04,9.44,MID_BAND,False,DISTRIBUTING,20.73,11.74,17.84,MODERATE_TREND,BEARISH,2026-08-03
RKFORGE,681.15,684.7,460.15,-0.52,48.03,591.71,578.47,547.7,15.12,17.75,24.37,STRONG_UPTREND,2620313.0,74.49,OVERBOUGHT,21.6676,11.4982,10.1695,BULLISH,22.3017,3.27,665.65,517.77,591.71,110.48,24.99,NEAR_UPPER,False,ACCUMULATING,27.88,38.16,8.35,MODERATE_TREND,BULLISH,2026-08-03
RKSWAMY,101.98,163.89,67.15,-37.78,51.87,102.59,100.95,103.2,-0.59,1.02,-1.18,DOWNTREND,69842.0,50.01,NEUTRAL,0.6707,0.7975,-0.1268,BEARISH,4.317,4.23,106.26,98.92,102.59,41.72,7.15,SQUEEZE,True,DISTRIBUTING,29.55,19.66,12.33,MODERATE_TREND,BULLISH,2026-08-03
RMC,292.15,372.0,245.4,-21.47,19.05,279.95,,,4.36,,,INSUFFICIENT_DATA,44586.0,51.71,NEUTRAL,,,,,17.9396,6.14,314.86,245.05,279.95,67.47,24.94,MID_BAND,False,DISTRIBUTING,,,,,,2026-08-03
RML,1210.8,1323.9,608.5,-8.54,98.98,1195.63,1080.91,860.66,1.27,12.02,40.68,STRONG_UPTREND,34992.0,59.29,BULLISH,14.423,24.7911,-10.3681,BEARISH,54.5412,4.5,1310.25,1081.01,1195.63,56.62,19.17,MID_BAND,False,ACCUMULATING,28.77,32.03,18.47,MODERATE_TREND,BULLISH,2026-08-03
RNBDENIMS,9.08,65.65,8.95,-86.17,1.45,9.62,10.32,,-5.61,-12.02,,INSUFFICIENT_DATA,214776.0,22.79,OVERSOLD,-1.095,-1.3817,0.2867,BULLISH,0.4775,5.26,10.54,8.7,9.62,20.42,19.09,MID_BAND,False,DISTRIBUTING,54.69,10.26,33.66,STRONG_TREND,BEARISH,2026-08-03
ROHLTD,313.8,593.4,269.4,-47.12,16.48,319.34,324.65,360.42,-1.73,-3.34,-12.93,DOWNTREND,24350.0,42.75,BEARISH,-3.5776,-3.2605,-0.3171,BEARISH,10.1345,3.23,330.64,308.04,319.34,25.5,7.08,MID_BAND,False,DISTRIBUTING,16.47,21.01,18.54,RANGING,BULLISH,2026-08-03
ROLEXRINGS,139.1,176.0,99.79,-20.97,39.39,143.8,142.91,130.92,-3.27,-2.67,6.25,CONSOLIDATING,1578269.0,44.32,BEARISH,-1.8583,-0.6927,-1.1656,BEARISH,5.3549,3.85,158.18,129.43,143.8,33.64,20.0,MID_BAND,False,ACCUMULATING,17.26,18.92,20.33,RANGING,BEARISH,2026-08-03
ROML,45.0,62.0,35.11,-27.42,28.17,44.92,45.57,46.25,0.18,-1.25,-2.7,DOWNTREND,2984.0,49.24,NEUTRAL,-0.2139,-0.244,0.0301,BULLISH,1.4943,3.32,45.63,44.2,44.92,55.9,3.19,MID_BAND,False,DISTRIBUTING,8.76,14.61,10.42,RANGING,BULLISH,2026-08-03
ROSSARI,508.25,690.3,375.0,-26.37,35.53,514.43,521.7,528.13,-1.2,-2.58,-3.76,DOWNTREND,80244.0,47.15,NEUTRAL,-4.8414,-3.9396,-0.9018,BEARISH,17.3599,3.42,543.08,485.79,514.43,39.21,11.14,MID_BAND,False,ACCUMULATING,11.39,18.17,17.86,RANGING,BULLISH,2026-08-03
ROSSELLIND,58.74,69.85,40.0,-15.91,46.85,58.58,57.07,52.39,0.27,2.93,12.12,STRONG_UPTREND,37305.0,52.28,NEUTRAL,0.4317,0.7018,-0.2701,BEARISH,2.9663,5.05,62.22,54.94,58.58,52.19,12.42,MID_BAND,False,ACCUMULATING,27.28,18.3,10.88,MODERATE_TREND,BULLISH,2026-08-03
ROSSTECH,1067.1,1122.0,551.9,-4.89,93.35,986.52,1000.56,801.34,8.17,6.65,33.16,STRONG_UPTREND,262047.0,61.04,BULLISH,-3.585,-5.3563,1.7713,BULLISH_CROSS,57.601,5.4,1063.07,909.97,986.52,102.63,15.52,NEAR_UPPER,False,DISTRIBUTING,13.86,28.49,16.16,RANGING,BULLISH,2026-08-03
ROTO,67.48,90.6,47.5,-25.52,42.06,68.16,65.68,61.8,-1.0,2.74,9.19,UPTREND,553869.0,49.59,NEUTRAL,0.2619,0.5461,-0.2842,BEARISH,2.6447,3.92,71.28,65.04,68.16,39.13,9.15,MID_BAND,False,DISTRIBUTING,19.2,20.79,19.47,RANGING,BULLISH,2026-08-03
ROUTE,537.05,921.6,410.7,-41.73,30.76,558.68,539.85,574.0,-3.87,-0.52,-6.44,DOWNTREND,2133710.0,45.27,NEUTRAL,1.286,6.0668,-4.7808,BEARISH,24.4779,4.56,594.25,523.11,558.68,19.6,12.73,MID_BAND,False,ACCUMULATING,33.56,28.29,15.54,STRONG_TREND,BULLISH,2026-08-03
RPEL,1245.6,1371.8,561.3,-9.2,121.91,1282.8,1190.12,900.76,-2.9,4.66,38.28,UPTREND,65860.0,49.84,NEUTRAL,19.0983,33.9227,-14.8244,BEARISH,51.6847,4.15,1331.61,1233.99,1282.8,11.89,7.61,MID_BAND,False,ACCUMULATING,37.29,19.13,18.72,STRONG_TREND,BULLISH,2026-08-03
RPGLIFE,2756.8,3082.0,1733.0,-10.55,59.08,2827.93,2482.62,2226.15,-2.52,11.04,23.84,UPTREND,49594.0,52.84,NEUTRAL,98.7427,137.0518,-38.3091,BEARISH,135.0463,4.9,3152.5,2503.37,2827.94,39.04,22.95,MID_BAND,False,ACCUMULATING,41.95,21.46,12.24,STRONG_TREND,BULLISH,2026-08-03
RPOWER,23.87,50.73,20.17,-52.95,18.34,24.2,25.61,29.47,-1.36,-6.79,-19.0,DOWNTREND,20252979.0,43.11,BEARISH,-0.5998,-0.6142,0.0143,BULLISH_CROSS,0.8148,3.41,25.34,23.06,24.2,35.42,9.41,MID_BAND,False,DISTRIBUTING,9.34,24.7,20.93,RANGING,BULLISH,2026-08-03
RPPINFRA,59.93,169.9,55.04,-64.73,8.88,62.85,64.17,81.99,-4.65,-6.61,-26.91,DOWNTREND,33361.0,36.59,BEARISH,-1.1527,-0.929,-0.2238,BEARISH,2.6448,4.41,66.13,59.57,62.85,5.55,10.44,NEAR_LOWER,False,DISTRIBUTING,10.91,15.28,23.1,RANGING,BEARISH,2026-08-03
RPPL,22.33,25.5,14.25,-12.43,56.7,21.69,20.21,17.92,2.95,10.49,24.61,STRONG_UPTREND,129965.0,56.68,BULLISH,0.1774,0.3613,-0.1839,BEARISH,1.433,6.42,23.17,20.21,21.69,71.62,13.67,MID_BAND,False,DISTRIBUTING,17.04,18.19,15.2,RANGING,BULLISH,2026-08-03
RPSGVENT,952.3,1179.0,551.9,-19.23,72.55,908.27,895.59,815.66,4.85,6.33,16.75,STRONG_UPTREND,29772.0,64.09,BULLISH,12.4895,7.2878,5.2017,BULLISH,28.9896,3.04,943.5,873.05,908.27,112.5,7.76,NEAR_UPPER,False,ACCUMULATING,32.57,32.53,7.28,STRONG_TREND,BULLISH,2026-08-03
RPTECH,883.65,889.0,276.0,-0.6,220.16,777.97,694.96,458.22,13.58,27.15,92.84,STRONG_UPTREND,546926.0,73.5,OVERBOUGHT,34.8591,30.3801,4.479,BULLISH_CROSS,39.8651,4.51,848.13,707.81,777.97,125.32,18.04,NEAR_UPPER,False,ACCUMULATING,35.93,34.73,10.47,STRONG_TREND,BULLISH,2026-08-03
RRIL,17.37,21.5,15.25,-19.21,13.9,17.25,18.52,,0.7,-6.21,,INSUFFICIENT_DATA,17002.0,47.39,NEUTRAL,-0.3004,-0.4133,0.1128,BULLISH,0.9731,5.6,18.04,16.47,17.25,57.59,9.09,SQUEEZE,True,DISTRIBUTING,25.22,14.97,15.13,MODERATE_TREND,BEARISH,2026-08-03
RRKABEL,2631.9,2775.0,1165.0,-5.16,125.91,2398.03,2290.19,1678.87,9.75,14.92,56.77,STRONG_UPTREND,755332.0,68.46,BULLISH,93.3594,74.4447,18.9147,BULLISH,108.7168,4.13,2686.17,2109.89,2398.03,90.58,24.03,NEAR_UPPER,False,ACCUMULATING,33.43,30.08,8.73,STRONG_TREND,BULLISH,2026-08-03
RSDFIN,132.88,132.88,65.6,0.0,102.56,85.66,83.69,,55.12,58.78,,INSUFFICIENT_DATA,16541.0,81.51,OVERBOUGHT,6.1559,1.6627,4.4932,BULLISH,9.1688,6.9,112.45,58.87,85.66,138.13,62.55,NEAR_UPPER,False,ACCUMULATING,18.06,43.67,16.33,RANGING,BULLISH,2026-08-03
RSL,142.89,145.8,101.7,-2.0,40.5,133.25,130.76,,7.23,9.28,,INSUFFICIENT_DATA,324814.0,73.88,OVERBOUGHT,3.0982,1.8217,1.2764,BULLISH,4.5033,3.15,143.58,122.93,133.25,96.67,15.5,NEAR_UPPER,False,ACCUMULATING,43.0,28.39,6.11,STRONG_TREND,BULLISH,2026-08-03
RSYSTEMS,273.8,496.9,213.52,-44.9,28.23,250.59,251.34,317.95,9.26,8.94,-13.89,DOWNTREND,794370.0,65.32,BULLISH,4.3884,1.2616,3.1269,BULLISH,11.9213,4.35,271.04,230.13,250.59,106.74,16.33,NEAR_UPPER,False,ACCUMULATING,14.66,22.94,16.11,RANGING,BULLISH,2026-08-03
RTNINDIA,33.11,64.0,24.4,-48.27,35.7,32.2,33.96,36.12,2.83,-2.5,-8.33,DOWNTREND,1025817.0,53.37,NEUTRAL,-0.5643,-0.6765,0.1122,BULLISH_CROSS,1.0885,3.29,33.59,30.81,32.2,82.69,8.65,SQUEEZE,True,DISTRIBUTING,15.03,24.64,19.32,RANGING,BULLISH,2026-08-03
RTNPOWER,8.8,12.9,7.52,-31.78,17.02,8.74,9.12,9.19,0.69,-3.51,-4.24,DOWNTREND,11515121.0,49.09,NEUTRAL,-0.1436,-0.1614,0.0178,BULLISH_CROSS,0.2609,2.96,9.08,8.4,8.74,59.3,7.75,MID_BAND,False,ACCUMULATING,10.24,30.4,19.52,RANGING,BULLISH,2026-08-03
RUBFILA,71.45,89.24,57.31,-19.94,24.67,73.24,73.69,72.08,-2.44,-3.04,-0.87,DOWNTREND,17072.0,44.04,BEARISH,-0.5358,-0.2881,-0.2477,BEARISH,2.2894,3.2,76.43,70.05,73.24,21.95,8.71,MID_BAND,False,DISTRIBUTING,17.03,10.64,15.34,RANGING,BEARISH,2026-08-03
RUBICON,1500.8,1589.7,570.75,-5.59,162.95,1474.78,1345.35,902.01,1.76,11.55,66.38,STRONG_UPTREND,244110.0,58.42,BULLISH,49.7415,58.2515,-8.51,BEARISH,63.9729,4.26,1579.78,1369.78,1474.78,62.39,14.24,MID_BAND,False,ACCUMULATING,29.15,20.32,14.13,MODERATE_TREND,BULLISH,2026-08-03
RUCHINFRA,5.89,8.25,4.05,-28.61,45.43,5.87,6.09,6.2,0.34,-3.28,-5.0,DOWNTREND,53710.0,46.52,NEUTRAL,-0.0567,-0.0688,0.0121,BULLISH,0.2733,4.64,6.07,5.67,5.87,55.32,6.88,MID_BAND,False,DISTRIBUTING,24.97,9.59,21.09,MODERATE_TREND,BEARISH,2026-08-03
RUCHIRA,108.09,173.0,95.17,-37.52,13.58,105.88,110.12,115.11,2.09,-1.84,-6.1,DOWNTREND,36434.0,50.87,NEUTRAL,-0.2592,-0.8726,0.6135,BULLISH,3.2386,3.0,110.69,101.07,105.88,72.96,9.08,MID_BAND,False,ACCUMULATING,20.75,23.56,16.72,MODERATE_TREND,BULLISH,2026-08-03
RUDRA,18.06,29.7,14.63,-39.19,23.44,19.52,18.01,,-7.48,0.28,,INSUFFICIENT_DATA,477733.0,45.81,NEUTRAL,0.0637,0.5476,-0.4839,BEARISH,1.7432,9.65,24.29,14.74,19.52,34.75,48.94,MID_BAND,False,DISTRIBUTING,27.39,28.5,22.16,MODERATE_TREND,BULLISH,2026-08-03
RUPA,163.63,218.0,109.21,-24.94,49.83,165.13,161.21,155.36,-0.91,1.5,5.32,UPTREND,118217.0,50.32,NEUTRAL,-0.1935,0.6838,-0.8773,BEARISH,4.4113,2.7,171.63,158.63,165.13,38.47,7.87,MID_BAND,False,ACCUMULATING,22.79,20.36,19.47,MODERATE_TREND,BULLISH,2026-08-03
RUSHIL,16.99,33.99,12.49,-50.01,36.03,16.57,16.34,18.87,2.53,3.98,-9.96,DOWNTREND,1034416.0,52.02,NEUTRAL,0.3163,0.2445,0.0718,BULLISH,1.0164,5.98,18.47,14.66,16.57,61.06,23.0,MID_BAND,False,ACCUMULATING,25.29,19.55,9.5,MODERATE_TREND,BULLISH,2026-08-03
RUSTOMJEE,396.8,668.0,358.8,-40.6,10.59,411.04,404.07,451.29,-3.46,-1.8,-12.07,DOWNTREND,31592.0,40.54,BEARISH,-1.9915,0.196,-2.1875,BEARISH,11.8852,3.0,426.87,395.21,411.04,5.02,7.7,NEAR_LOWER,True,DISTRIBUTING,13.86,15.23,19.92,RANGING,BEARISH,2026-08-03
RVHL,45.97,71.36,28.5,-35.58,61.3,45.21,44.0,,1.68,4.48,,INSUFFICIENT_DATA,14429.0,55.2,BULLISH,0.2141,0.3114,-0.0973,BEARISH,2.16,4.7,46.38,44.05,45.21,82.54,5.14,MID_BAND,False,ACCUMULATING,24.69,23.36,12.61,MODERATE_TREND,BULLISH,2026-08-03
RVNL,232.9,400.7,220.16,-41.88,5.79,226.46,235.05,289.93,2.84,-0.91,-19.67,DOWNTREND,4418928.0,54.04,NEUTRAL,-3.3737,-4.6751,1.3014,BULLISH,5.4017,2.32,233.27,219.65,226.46,97.27,6.01,NEAR_UPPER,True,DISTRIBUTING,19.31,29.67,22.52,RANGING,BULLISH,2026-08-03
RVTH,706.65,1300.0,491.1,-45.64,43.89,713.65,725.9,688.35,-0.98,-2.65,2.66,CONSOLIDATING,568.0,47.91,NEUTRAL,-4.3299,-3.2046,-1.1254,BEARISH,34.5973,4.9,744.86,682.43,713.65,38.79,8.75,MID_BAND,False,DISTRIBUTING,18.71,16.3,13.44,RANGING,BULLISH,2026-08-03
S&SPOWER,334.35,468.9,193.5,-28.69,72.79,340.31,321.96,,-1.75,3.85,,INSUFFICIENT_DATA,2779.0,50.01,NEUTRAL,-2.8215,0.7995,-3.621,BEARISH,20.7214,6.2,375.4,305.23,340.31,41.5,20.62,MID_BAND,False,DISTRIBUTING,15.19,13.6,17.87,RANGING,BEARISH,2026-08-03
SAATVIKGL,437.8,567.0,328.0,-22.79,33.48,446.16,455.13,425.21,-1.87,-3.81,2.96,CONSOLIDATING,149523.0,43.91,BEARISH,-5.8149,-4.3017,-1.5132,BEARISH,16.1208,3.68,475.78,416.54,446.16,35.89,13.28,MID_BAND,False,ACCUMULATING,10.13,21.73,20.52,RANGING,BULLISH,2026-08-03
SABEVENTS,6.32,8.74,5.96,-27.69,6.04,,,,,,,INSUFFICIENT_DATA,25030.0,,,,,,,,,,,,,,,False,,,,,,,2026-08-03
SADBHAV,8.64,17.85,6.3,-51.6,37.14,8.44,8.97,,2.37,-3.68,,INSUFFICIENT_DATA,305162.0,49.38,NEUTRAL,0.0615,-0.086,0.1475,BULLISH,0.5247,6.07,9.64,7.23,8.44,58.5,28.53,MID_BAND,False,ACCUMULATING,16.74,35.45,24.13,RANGING,BULLISH,2026-08-03
SAFARI,1548.1,2507.1,1363.1,-38.25,13.57,1603.53,1596.75,1817.97,-3.46,-3.05,-14.84,DOWNTREND,43496.0,43.07,BEARISH,-12.2874,-4.2252,-8.0623,BEARISH,53.8937,3.48,1685.93,1521.14,1603.54,16.36,10.28,MID_BAND,False,DISTRIBUTING,19.83,15.34,18.94,RANGING,BEARISH,2026-08-03
SAGARDEEP,24.49,31.48,20.81,-22.2,17.68,24.4,24.94,25.1,0.37,-1.8,-2.43,DOWNTREND,6844.0,49.67,NEUTRAL,-0.1017,-0.1025,0.0008,BULLISH_CROSS,1.3414,5.48,25.25,23.55,24.4,55.42,6.95,MID_BAND,False,ACCUMULATING,21.42,17.52,9.93,MODERATE_TREND,BULLISH,2026-08-03
SAGCEM,172.67,299.4,148.7,-42.33,16.12,177.87,176.96,190.79,-2.92,-2.42,-9.5,DOWNTREND,62347.0,42.98,BEARISH,-0.5256,0.269,-0.7946,BEARISH,5.6375,3.26,184.48,171.27,177.87,10.6,7.42,MID_BAND,False,ACCUMULATING,9.03,15.77,20.07,RANGING,BEARISH,2026-08-03
SAGILITY,43.88,57.89,35.83,-24.2,22.47,42.23,41.07,45.07,3.91,6.84,-2.64,DOWNTREND,33604332.0,57.48,BULLISH,0.8831,0.6132,0.2699,BULLISH,1.6823,3.83,45.17,39.28,42.23,78.03,13.95,MID_BAND,False,ACCUMULATING,26.07,23.81,11.72,MODERATE_TREND,BULLISH,2026-08-03
SAHLIBHFI,78.52,86.89,70.05,-9.63,12.09,78.74,77.66,,-0.28,1.11,,INSUFFICIENT_DATA,11527.0,49.71,NEUTRAL,0.4303,0.4177,0.0126,BULLISH,3.764,4.79,81.4,76.07,78.74,45.89,6.77,MID_BAND,False,DISTRIBUTING,26.5,21.51,15.38,MODERATE_TREND,BULLISH,2026-08-03
SAHYADRI,326.9,338.4,200.1,-3.4,63.37,288.47,283.46,260.54,13.32,15.32,25.47,STRONG_UPTREND,7254.0,73.3,OVERBOUGHT,7.4301,3.5662,3.8639,BULLISH,14.056,4.3,314.35,262.6,288.48,124.25,17.94,NEAR_UPPER,False,ACCUMULATING,23.02,34.63,9.55,MODERATE_TREND,BULLISH,2026-08-03
SAIL,165.0,209.7,118.1,-21.32,39.71,164.99,177.05,160.03,0.01,-6.81,3.11,CONSOLIDATING,13455415.0,43.96,BEARISH,-2.0732,-3.314,1.2408,BULLISH,5.2407,3.18,170.62,159.37,164.99,50.06,6.82,MID_BAND,False,ACCUMULATING,22.77,21.16,23.37,MODERATE_TREND,BEARISH,2026-08-03
SAILIFE,1333.4,1350.0,783.85,-1.23,70.11,1273.19,1226.45,1015.95,4.73,8.72,31.25,STRONG_UPTREND,377345.0,66.02,BULLISH,26.6323,23.2447,3.3876,BULLISH,35.6168,2.67,1344.98,1201.4,1273.19,91.93,11.28,NEAR_UPPER,False,ACCUMULATING,25.8,28.13,11.91,MODERATE_TREND,BULLISH,2026-08-03
SAIPARENT,554.55,706.0,400.0,-21.45,38.64,564.14,560.13,,-1.7,-1.0,,INSUFFICIENT_DATA,109844.0,47.81,NEUTRAL,-6.4629,-3.5895,-2.8734,BEARISH,21.4925,3.88,603.93,524.35,564.14,37.95,14.11,MID_BAND,False,DISTRIBUTING,26.15,18.95,21.6,MODERATE_TREND,BEARISH,2026-08-03
SAKAR,922.5,960.0,345.5,-3.91,167.0,856.58,830.92,567.65,7.7,11.02,62.51,STRONG_UPTREND,182992.0,63.37,BULLISH,15.033,13.2519,1.781,BULLISH_CROSS,49.0453,5.32,934.91,778.25,856.58,92.08,18.29,NEAR_UPPER,False,ACCUMULATING,18.47,26.36,15.72,RANGING,BULLISH,2026-08-03
SAKHTISUG,17.44,24.75,13.52,-29.54,28.99,16.96,17.32,17.72,2.83,0.69,-1.58,DOWNTREND,70305.0,55.83,BULLISH,-0.053,-0.0944,0.0414,BULLISH,0.5382,3.09,17.49,16.42,16.96,95.29,6.29,NEAR_UPPER,False,ACCUMULATING,15.32,20.66,16.59,RANGING,BULLISH,2026-08-03
SAKSOFT,176.57,229.68,107.59,-23.12,64.11,172.55,160.01,164.08,2.33,10.35,7.61,STRONG_UPTREND,2395975.0,56.54,BULLISH,1.9084,3.0552,-1.1468,BEARISH,9.461,5.36,185.38,159.73,172.55,65.65,14.87,MID_BAND,False,ACCUMULATING,27.42,25.06,14.81,MODERATE_TREND,BULLISH,2026-08-03
SAKUMA,1.64,3.1,1.1,-47.1,49.09,1.74,1.69,,-5.75,-2.96,,INSUFFICIENT_DATA,3633829.0,45.15,NEUTRAL,0.0095,0.0422,-0.0327,BEARISH,0.1216,7.41,2.36,1.12,1.74,41.91,71.38,MID_BAND,False,ACCUMULATING,33.47,24.14,29.36,STRONG_TREND,BEARISH,2026-08-03
SALASAR,5.9,10.99,5.59,-46.31,5.55,5.99,6.46,7.78,-1.5,-8.67,-24.16,DOWNTREND,2674026.0,36.93,BEARISH,-0.1624,-0.1812,0.0188,BULLISH,0.1583,2.68,6.2,5.79,5.99,26.91,6.76,MID_BAND,False,DISTRIBUTING,40.9,16.21,27.21,STRONG_TREND,BEARISH,2026-08-03
SALONA,248.06,320.0,221.0,-22.48,12.24,252.34,262.21,265.31,-1.7,-5.4,-6.5,DOWNTREND,3010.0,41.46,BEARISH,-4.6487,-4.2715,-0.3773,BEARISH,13.2424,5.34,263.37,241.31,252.34,30.58,8.74,MID_BAND,False,DISTRIBUTING,28.15,29.75,8.3,MODERATE_TREND,BULLISH,2026-08-03
SALSTEEL,57.69,59.06,14.37,-2.32,301.46,53.39,,,8.05,,,INSUFFICIENT_DATA,326486.0,84.02,OVERBOUGHT,6.8463,7.5928,-0.7465,BEARISH,2.7682,4.8,65.76,41.03,53.4,67.36,46.33,SQUEEZE,True,ACCUMULATING,70.25,31.11,9.47,STRONG_TREND,BULLISH,2026-08-03
SALZERELEC,591.3,952.5,488.8,-37.92,20.97,589.84,618.49,643.74,0.25,-4.4,-8.15,DOWNTREND,35015.0,46.75,NEUTRAL,-13.9522,-15.3923,1.4401,BULLISH_CROSS,18.5365,3.13,622.43,557.26,589.84,52.24,11.05,MID_BAND,False,DISTRIBUTING,26.31,17.23,20.55,MODERATE_TREND,BEARISH,2026-08-03
SAMBHAAV,6.58,11.45,5.07,-42.53,29.78,6.24,6.46,,5.45,1.86,,INSUFFICIENT_DATA,30128.0,59.68,BULLISH,-0.0173,-0.0677,0.0504,BULLISH,0.3819,5.8,6.56,5.92,6.24,103.49,10.22,NEAR_UPPER,False,DISTRIBUTING,15.92,18.54,16.06,RANGING,BULLISH,2026-08-03
SAMBHV,119.96,141.32,81.42,-15.11,47.33,118.29,112.25,104.73,1.41,6.87,14.54,STRONG_UPTREND,1348582.0,57.09,BULLISH,1.5093,1.7372,-0.2278,BEARISH,4.6353,3.86,123.54,113.03,118.29,65.92,8.89,MID_BAND,False,DISTRIBUTING,30.21,26.03,13.95,STRONG_TREND,BULLISH,2026-08-03
SAMHI,181.68,227.0,127.0,-19.96,43.06,173.66,171.29,169.58,4.62,6.07,7.14,STRONG_UPTREND,805685.0,58.49,BULLISH,2.8811,1.7494,1.1317,BULLISH,6.5733,3.62,186.82,160.49,173.66,80.47,15.16,MID_BAND,False,ACCUMULATING,23.67,27.0,13.8,MODERATE_TREND,BULLISH,2026-08-03
SAMMAANCAP,161.08,192.95,115.51,-16.52,39.45,162.93,170.32,155.36,-1.14,-5.43,3.68,CONSOLIDATING,7274893.0,44.55,BEARISH,-1.996,-1.952,-0.0441,BEARISH,4.8793,3.03,167.78,158.08,162.93,30.95,5.96,MID_BAND,False,ACCUMULATING,14.11,23.15,23.75,RANGING,BEARISH,2026-08-03
SAMPANN,27.14,43.44,23.75,-37.52,14.27,27.46,27.54,30.51,-1.17,-1.45,-11.05,DOWNTREND,20354.0,47.12,NEUTRAL,-0.1875,-0.1299,-0.0576,BEARISH,1.3071,4.82,28.48,26.44,27.46,34.2,7.43,SQUEEZE,True,DISTRIBUTING,13.65,14.51,16.69,RANGING,BEARISH,2026-08-03
SANATHAN,484.8,551.95,352.6,-12.17,37.49,462.61,438.73,435.37,4.8,10.5,11.35,STRONG_UPTREND,48291.0,62.06,BULLISH,11.1982,10.8364,0.3618,BULLISH,21.057,4.34,499.38,425.83,462.61,80.18,15.9,MID_BAND,False,ACCUMULATING,27.83,19.96,10.0,MODERATE_TREND,BULLISH,2026-08-03
SANDESH,989.6,1438.5,811.0,-31.21,22.02,978.41,975.63,1021.19,1.14,1.43,-3.09,DOWNTREND,330.0,55.0,BULLISH,-1.1382,-1.8192,0.681,BULLISH_CROSS,23.4179,2.37,994.01,962.82,978.42,85.87,3.19,MID_BAND,False,DISTRIBUTING,12.88,23.52,14.79,RANGING,BULLISH,2026-08-03
SANDHAR,647.95,763.2,405.2,-15.1,59.91,623.01,669.87,557.45,4.0,-3.27,16.23,CONSOLIDATING,263228.0,54.95,NEUTRAL,-14.055,-17.4239,3.3689,BULLISH_CROSS,26.7652,4.13,686.29,559.73,623.01,69.7,20.31,MID_BAND,False,DISTRIBUTING,24.91,25.86,21.47,MODERATE_TREND,BULLISH,2026-08-03
SANDUMA,212.05,273.0,141.37,-22.33,50.0,201.6,211.18,211.67,5.18,0.41,0.18,STRONG_UPTREND,840478.0,59.44,BULLISH,0.0881,-2.4026,2.4908,BULLISH,6.5558,3.09,213.94,189.25,201.6,92.34,12.25,NEAR_UPPER,False,ACCUMULATING,24.46,24.64,16.03,MODERATE_TREND,BULLISH,2026-08-03
SANGAMIND,609.5,672.5,341.55,-9.37,78.45,605.39,561.69,484.63,0.68,8.51,25.77,STRONG_UPTREND,286777.0,59.16,BULLISH,15.1528,18.8131,-3.6603,BEARISH,23.2412,3.81,660.35,550.43,605.39,53.74,18.16,MID_BAND,False,ACCUMULATING,45.3,26.54,12.79,STRONG_TREND,BULLISH,2026-08-03
SANGHVIMOV,437.5,473.0,223.8,-7.51,95.49,438.18,415.96,335.53,-0.16,5.18,30.39,UPTREND,493394.0,52.48,NEUTRAL,3.8585,7.4108,-3.5523,BEARISH,23.7139,5.42,464.03,412.33,438.18,48.69,11.8,MID_BAND,False,DISTRIBUTING,25.04,17.15,22.43,MODERATE_TREND,BEARISH,2026-08-03
SANOFI,3381.8,5291.0,3054.0,-36.08,10.73,3384.72,3317.75,3765.72,-0.09,1.93,-10.2,DOWNTREND,30316.0,51.31,NEUTRAL,5.412,13.6411,-8.229,BEARISH,72.4094,2.14,3446.91,3322.52,3384.72,47.66,3.67,MID_BAND,False,ACCUMULATING,14.82,14.1,16.19,RANGING,BEARISH,2026-08-03
SANOFICONR,4539.5,5357.0,3975.0,-15.26,14.2,4598.37,4641.82,4526.4,-1.28,-2.2,0.29,CONSOLIDATING,14692.0,42.15,BEARISH,-2.2321,-3.9797,1.7476,BULLISH,131.5353,2.9,4729.9,4466.85,4598.38,27.62,5.72,MID_BAND,False,ACCUMULATING,21.53,18.83,11.27,MODERATE_TREND,BULLISH,2026-08-03
SANSERA,3452.7,3471.0,1241.3,-0.53,178.15,3245.83,3091.49,2269.45,6.37,11.68,52.14,STRONG_UPTREND,234308.0,66.73,BULLISH,69.6223,67.7807,1.8417,BULLISH_CROSS,117.7121,3.41,3407.18,3084.48,3245.83,114.11,9.94,NEAR_UPPER,False,DISTRIBUTING,32.89,32.86,13.98,STRONG_TREND,BULLISH,2026-08-03
SANSTAR,116.85,137.49,74.3,-15.01,57.27,111.6,114.7,96.29,4.7,1.87,21.35,STRONG_UPTREND,398565.0,56.17,BULLISH,-0.3671,-0.965,0.598,BULLISH,5.5214,4.73,118.99,104.21,111.6,85.53,13.24,MID_BAND,False,ACCUMULATING,18.49,27.94,12.91,RANGING,BULLISH,2026-08-03
SAPPHIRE,187.48,347.9,139.91,-46.11,34.0,184.37,182.2,203.42,1.69,2.9,-7.84,DOWNTREND,1314106.0,53.51,NEUTRAL,1.6583,1.033,0.6253,BULLISH,8.1145,4.33,193.09,175.65,184.37,67.83,9.46,MID_BAND,False,ACCUMULATING,18.07,23.01,17.43,RANGING,BULLISH,2026-08-03
SAPPL,287.45,334.3,252.0,-14.01,14.07,295.32,284.95,,-2.66,0.88,,INSUFFICIENT_DATA,2555.0,47.97,NEUTRAL,2.0569,3.6068,-1.5498,BEARISH,17.8931,6.22,310.91,279.72,295.32,24.78,10.56,MID_BAND,False,ACCUMULATING,13.53,16.08,18.69,RANGING,BEARISH,2026-08-03
SARDAEN,516.2,639.75,453.1,-19.31,13.93,503.54,513.79,522.02,2.51,0.47,-1.11,DOWNTREND,241532.0,54.19,NEUTRAL,0.5468,-2.509,3.0558,BULLISH,13.9225,2.7,521.62,485.47,503.54,85.02,7.18,MID_BAND,False,ACCUMULATING,17.46,27.45,14.15,RANGING,BULLISH,2026-08-03
SAREGAMA,514.2,535.9,307.05,-4.05,67.46,497.63,474.46,386.69,3.33,8.38,32.97,STRONG_UPTREND,649182.0,57.77,BULLISH,14.5902,14.1748,0.4153,BULLISH,20.2641,3.94,542.11,453.15,497.63,68.62,17.88,MID_BAND,False,ACCUMULATING,33.02,23.86,16.64,STRONG_TREND,BULLISH,2026-08-03
SARLAPOLY,101.51,114.0,68.4,-10.96,48.41,101.06,99.91,89.75,0.45,1.6,13.1,STRONG_UPTREND,78241.0,53.0,NEUTRAL,-0.0835,0.223,-0.3065,BEARISH,3.5503,3.5,105.77,96.35,101.06,54.79,9.33,MID_BAND,False,DISTRIBUTING,12.59,19.49,16.31,RANGING,BULLISH,2026-08-03
SARVESHWAR,3.38,8.9,2.5,-62.02,35.2,3.74,3.47,,-9.63,-2.59,,INSUFFICIENT_DATA,3522724.0,42.52,BEARISH,-0.0146,0.0614,-0.076,BEARISH,0.2349,6.95,4.34,3.14,3.74,19.87,31.91,MID_BAND,False,ACCUMULATING,28.7,20.88,33.08,MODERATE_TREND,BEARISH,2026-08-03
SASKEN,1902.3,2780.2,991.0,-31.58,91.96,1902.57,2096.22,1510.46,-0.01,-9.25,25.94,CONSOLIDATING,31852.0,47.79,NEUTRAL,-76.3084,-73.9574,-2.351,BEARISH,106.2288,5.58,2100.94,1704.2,1902.57,49.93,20.85,SQUEEZE,True,DISTRIBUTING,18.8,18.69,20.69,RANGING,BEARISH,2026-08-03
SATIA,62.5,90.7,50.8,-31.09,23.03,58.76,56.96,63.56,6.36,9.73,-1.67,DOWNTREND,158272.0,60.86,BULLISH,1.4256,1.0376,0.388,BULLISH,2.5037,4.01,65.0,52.51,58.76,79.96,21.26,MID_BAND,False,ACCUMULATING,25.98,23.31,13.45,MODERATE_TREND,BULLISH,2026-08-03
SATIN,230.7,274.14,133.01,-15.85,73.45,256.73,243.52,179.37,-10.14,-5.26,28.62,CONSOLIDATING,760163.0,37.96,BEARISH,0.9811,4.8512,-3.8701,BEARISH,12.9197,5.6,274.78,238.68,256.73,-22.09,14.06,NEAR_LOWER,False,DISTRIBUTING,24.46,15.05,23.23,MODERATE_TREND,BEARISH,2026-08-03
SAURASHCEM,60.14,125.35,47.65,-52.02,26.21,57.49,58.21,69.41,4.61,3.32,-13.36,DOWNTREND,321173.0,56.08,BULLISH,0.2524,-0.0369,0.2893,BULLISH,3.2472,5.4,62.78,52.21,57.49,75.03,18.39,MID_BAND,False,ACCUMULATING,18.01,34.72,14.34,RANGING,BULLISH,2026-08-03
SAYAJIHOTL,304.75,330.0,265.5,-7.65,14.78,301.85,292.43,,0.96,4.21,,INSUFFICIENT_DATA,169.0,55.16,BULLISH,-0.155,1.4011,-1.556,BEARISH,10.0432,3.3,319.51,284.19,301.85,58.21,11.7,MID_BAND,False,DISTRIBUTING,27.1,29.41,24.6,MODERATE_TREND,BULLISH,2026-08-03
SBC,41.99,45.0,15.55,-6.69,170.03,42.13,40.49,32.56,-0.33,3.7,28.96,UPTREND,8047650.0,58.06,BULLISH,0.4276,0.6097,-0.182,BEARISH,0.8252,1.97,42.36,41.9,42.13,19.74,1.09,MID_BAND,False,ACCUMULATING,21.01,20.03,27.69,MODERATE_TREND,BEARISH,2026-08-03
SBCL,763.45,814.0,368.6,-6.21,107.12,737.68,737.93,539.49,3.49,3.46,41.51,STRONG_UPTREND,269842.0,57.14,BULLISH,5.7617,5.6803,0.0815,BULLISH_CROSS,30.1926,3.95,769.01,706.35,737.68,91.13,8.49,NEAR_UPPER,False,ACCUMULATING,14.69,20.92,14.87,RANGING,BULLISH,2026-08-03
SBFC,92.08,123.0,79.6,-25.14,15.68,91.9,91.92,96.66,0.2,0.17,-4.74,DOWNTREND,1263909.0,51.79,NEUTRAL,-0.3364,-0.1915,-0.1449,BEARISH,2.2233,2.41,94.59,89.21,91.9,53.36,5.86,MID_BAND,False,DISTRIBUTING,13.41,23.34,18.67,RANGING,BULLISH,2026-08-03
SBGLP,25.55,44.75,18.35,-42.91,39.24,25.03,25.44,29.13,2.08,0.43,-12.29,DOWNTREND,25966.0,53.7,NEUTRAL,-0.0811,-0.1542,0.0731,BULLISH,1.4912,5.84,25.82,24.24,25.03,82.74,6.32,MID_BAND,False,DISTRIBUTING,18.48,15.59,9.28,RANGING,BULLISH,2026-08-03
SBICARD,665.05,965.0,565.45,-31.08,17.61,634.41,617.55,731.89,4.83,7.69,-9.13,DOWNTREND,1693524.0,64.37,BULLISH,12.2036,9.0892,3.1144,BULLISH,16.6201,2.5,682.11,586.7,634.41,82.12,15.04,MID_BAND,False,ACCUMULATING,20.44,32.95,15.33,MODERATE_TREND,BULLISH,2026-08-03
SBIFUNDS,588.05,624.95,565.05,-5.9,4.07,,,,,,,INSUFFICIENT_DATA,14124869.0,,,,,,,,,,,,,,,False,,,,,,,2026-08-03
SBILIFE,1915.0,2132.0,1700.4,-10.18,12.62,1850.83,1813.99,1927.56,3.47,5.57,-0.65,DOWNTREND,956162.0,64.81,BULLISH,23.5055,17.2866,6.2189,BULLISH,38.2603,2.0,1914.93,1786.72,1850.83,100.05,6.93,NEAR_UPPER,False,ACCUMULATING,23.92,23.01,11.56,MODERATE_TREND,BULLISH,2026-08-03
SBIN,1045.0,1234.7,798.5,-15.36,30.87,1028.67,1015.61,1031.63,1.59,2.89,1.3,STRONG_UPTREND,10102745.0,57.24,BULLISH,0.9701,1.207,-0.2369,BEARISH,18.3155,1.75,1055.1,1002.23,1028.66,80.9,5.14,MID_BAND,False,ACCUMULATING,11.09,26.4,20.42,RANGING,BULLISH,2026-08-03
SCHAEFFLER,4069.2,4467.7,3518.4,-8.92,15.65,4121.38,4122.06,3995.04,-1.27,-1.28,1.86,CONSOLIDATING,71538.0,45.17,NEUTRAL,-9.3643,-0.0305,-9.3337,BEARISH,112.283,2.76,4210.34,4032.41,4121.38,20.68,4.32,MID_BAND,False,ACCUMULATING,10.32,13.29,21.11,RANGING,BEARISH,2026-08-03
SCHAND,144.7,200.87,130.05,-27.96,11.26,148.0,150.78,157.89,-2.23,-4.03,-8.35,DOWNTREND,21388.0,38.91,BEARISH,-1.7401,-1.3908,-0.3493,BEARISH,3.9817,2.75,152.35,143.64,148.0,12.12,5.88,MID_BAND,False,DISTRIBUTING,23.36,8.57,21.7,MODERATE_TREND,BEARISH,2026-08-03
SCHNEIDER,1346.1,1548.0,571.85,-13.04,135.39,1363.47,1318.07,,-1.27,2.13,,INSUFFICIENT_DATA,299124.0,51.31,NEUTRAL,2.6846,12.1937,-9.5091,BEARISH,61.4573,4.57,1489.48,1237.46,1363.47,43.11,18.48,SQUEEZE,True,DISTRIBUTING,18.8,23.8,19.36,RANGING,BULLISH,2026-08-03
SCI,292.65,368.75,195.55,-20.64,49.65,281.79,295.01,261.69,3.85,-0.8,11.83,CONSOLIDATING,1975098.0,54.5,NEUTRAL,-3.5457,-5.6674,2.1217,BULLISH,9.5824,3.27,295.71,267.88,281.79,89.0,9.88,MID_BAND,False,ACCUMULATING,17.81,24.59,22.65,RANGING,BULLISH,2026-08-03
SCILAL,41.89,55.0,34.3,-23.84,22.13,41.96,43.79,45.24,-0.17,-4.34,-7.4,DOWNTREND,181427.0,44.89,BEARISH,-0.7344,-0.7928,0.0584,BULLISH_CROSS,1.038,2.48,43.21,40.7,41.96,47.25,5.98,MID_BAND,False,DISTRIBUTING,19.17,19.59,19.08,RANGING,BULLISH,2026-08-03
SCODATUBES,150.82,187.88,110.0,-19.73,37.11,147.07,139.43,145.22,2.55,8.17,3.86,STRONG_UPTREND,161922.0,59.23,BULLISH,1.3786,1.456,-0.0774,BEARISH,5.0911,3.38,154.21,139.94,147.07,76.25,9.7,MID_BAND,False,ACCUMULATING,20.84,25.16,15.62,MODERATE_TREND,BULLISH,2026-08-03
SCPL,638.6,648.0,190.03,-1.45,236.05,535.53,457.46,,19.25,39.6,,INSUFFICIENT_DATA,96962.0,69.92,BULLISH,40.5884,35.9331,4.6553,BULLISH,38.6426,6.05,643.17,427.89,535.53,97.88,40.2,NEAR_UPPER,False,ACCUMULATING,46.6,37.5,10.54,STRONG_TREND,BULLISH,2026-08-03
SDBL,71.41,155.74,61.8,-54.15,15.55,69.83,73.35,89.52,2.26,-2.64,-20.23,DOWNTREND,2815202.0,49.92,NEUTRAL,-0.2365,-0.6795,0.443,BULLISH,2.9776,4.17,76.52,63.14,69.83,61.8,19.16,MID_BAND,False,ACCUMULATING,25.54,25.52,16.28,MODERATE_TREND,BULLISH,2026-08-03
SEAMECLTD,1457.2,1709.2,771.75,-14.74,88.82,1419.0,1482.34,1294.54,2.69,-1.7,12.57,CONSOLIDATING,39734.0,54.38,NEUTRAL,-6.1665,-17.2543,11.0877,BULLISH,58.0814,3.99,1479.12,1358.89,1419.01,81.77,8.47,MID_BAND,False,ACCUMULATING,15.72,24.08,12.74,RANGING,BULLISH,2026-08-03
SECMARK,124.46,147.27,95.05,-15.49,30.94,126.24,126.04,117.28,-1.41,-1.25,6.12,CONSOLIDATING,2148.0,47.85,NEUTRAL,-0.0434,0.212,-0.2554,BEARISH,6.3334,5.09,129.74,122.74,126.24,24.57,5.54,SQUEEZE,True,DISTRIBUTING,18.93,7.3,20.87,RANGING,BEARISH,2026-08-03
SECURKLOUD,17.83,34.18,16.01,-47.83,11.37,18.06,18.97,,-1.27,-6.01,,INSUFFICIENT_DATA,13028.0,44.16,BEARISH,-0.3838,-0.4557,0.0719,BULLISH,1.1094,6.22,18.96,17.16,18.06,37.33,9.97,MID_BAND,False,DISTRIBUTING,24.08,11.28,12.96,MODERATE_TREND,BEARISH,2026-08-03
SEDEMAC,2752.1,2977.7,1413.1,-7.58,94.76,2713.73,2627.95,,1.41,4.72,,INSUFFICIENT_DATA,104496.0,54.48,NEUTRAL,17.4522,30.6227,-13.1706,BEARISH,127.8389,4.65,2806.02,2621.44,2713.73,70.79,6.8,SQUEEZE,True,DISTRIBUTING,21.07,23.21,15.44,MODERATE_TREND,BULLISH,2026-08-03
SEIL,205.0,239.96,172.9,-14.57,18.57,209.99,205.36,,-2.38,-0.18,,INSUFFICIENT_DATA,350678.0,46.59,NEUTRAL,-1.4529,-0.4376,-1.0153,BEARISH,8.6423,4.22,224.93,195.05,209.99,33.3,14.23,SQUEEZE,True,DISTRIBUTING,15.78,18.0,19.39,RANGING,BEARISH,2026-08-03
SELMC,27.47,43.36,26.8,-36.65,2.5,28.28,29.13,,-2.86,-5.7,,INSUFFICIENT_DATA,4868.0,33.82,BEARISH,-0.4884,-0.424,-0.0644,BEARISH,1.3095,4.77,29.42,27.15,28.28,14.02,8.0,MID_BAND,False,DISTRIBUTING,26.05,15.94,7.52,MODERATE_TREND,BULLISH,2026-08-03
SENCO,388.1,430.0,276.0,-9.74,40.62,379.13,354.88,328.71,2.37,9.36,18.07,STRONG_UPTREND,3203962.0,56.14,BULLISH,16.127,15.1266,1.0005,BULLISH,17.7983,4.59,430.54,327.72,379.13,58.72,27.12,MID_BAND,False,ACCUMULATING,34.05,29.81,24.87,STRONG_TREND,BULLISH,2026-08-03
SENORES,1355.3,1509.8,654.0,-10.23,107.23,1390.27,1279.27,935.73,-2.52,5.94,44.84,UPTREND,302579.0,51.89,NEUTRAL,10.501,30.3052,-19.8043,BEARISH,57.6202,4.25,1492.31,1288.23,1390.27,32.86,14.68,MID_BAND,False,DISTRIBUTING,27.21,23.22,22.59,MODERATE_TREND,BULLISH,2026-08-03
SEPC,6.02,13.73,4.65,-56.15,29.46,6.17,6.68,7.99,-2.43,-9.88,-24.66,DOWNTREND,13331700.0,41.24,BEARISH,-0.219,-0.232,0.0129,BULLISH,0.2441,4.05,6.66,5.68,6.17,34.7,15.89,MID_BAND,False,DISTRIBUTING,27.45,14.84,29.69,MODERATE_TREND,BEARISH,2026-08-03
SERVOTECH,85.75,143.0,57.51,-40.03,49.1,95.36,98.52,86.65,-10.08,-12.96,-1.04,DOWNTREND,1170269.0,34.11,BEARISH,-3.1485,-1.6372,-1.5113,BEARISH,4.4956,5.24,105.92,84.8,95.36,4.48,22.14,NEAR_LOWER,False,DISTRIBUTING,17.39,17.22,35.76,RANGING,BEARISH,2026-08-03
SESHAPAPER,237.87,293.11,209.96,-18.85,13.29,226.97,227.58,244.27,4.8,4.52,-2.62,DOWNTREND,291131.0,58.45,BULLISH,3.0591,0.8496,2.2095,BULLISH,10.8051,4.54,243.32,210.63,226.97,83.34,14.4,MID_BAND,False,ACCUMULATING,29.06,31.57,8.58,MODERATE_TREND,BULLISH,2026-08-03
SETL,278.55,305.3,104.56,-8.76,166.4,278.26,221.7,,0.1,25.64,,INSUFFICIENT_DATA,723418.0,58.53,BULLISH,12.7275,18.0582,-5.3307,BEARISH,13.7258,4.93,296.71,259.8,278.25,50.8,13.27,MID_BAND,False,DISTRIBUTING,38.54,26.79,18.63,STRONG_TREND,BULLISH,2026-08-03
SFL,790.75,828.95,456.8,-4.61,73.11,768.3,719.34,606.22,2.92,9.93,30.44,STRONG_UPTREND,228402.0,63.0,BULLISH,16.7619,18.0978,-1.3358,BEARISH,27.3296,3.46,808.14,728.46,768.3,78.17,10.37,MID_BAND,False,ACCUMULATING,39.24,22.46,10.53,STRONG_TREND,BULLISH,2026-08-03
SGFIN,702.6,723.6,323.0,-2.9,117.52,661.05,621.43,476.23,6.29,13.06,47.53,STRONG_UPTREND,947925.0,62.37,BULLISH,18.6463,17.8906,0.7557,BULLISH_CROSS,35.7731,5.09,714.38,607.72,661.05,88.96,16.14,MID_BAND,False,ACCUMULATING,30.14,25.73,13.4,STRONG_TREND,BULLISH,2026-08-03
SGIL,592.2,633.25,420.0,-6.48,41.0,595.1,576.41,536.94,-0.49,2.74,10.29,UPTREND,9824.0,51.22,NEUTRAL,5.5789,6.8685,-1.2897,BEARISH,21.9891,3.71,610.21,579.98,595.1,40.42,5.08,SQUEEZE,True,ACCUMULATING,12.22,22.65,13.63,RANGING,BULLISH,2026-08-03
SGL,9.88,20.79,8.4,-52.48,17.62,9.98,10.4,11.73,-1.0,-5.0,-15.77,DOWNTREND,10661.0,45.28,NEUTRAL,-0.1539,-0.1716,0.0176,BULLISH,0.496,5.02,10.44,9.51,9.98,39.37,9.33,MID_BAND,False,ACCUMULATING,18.01,17.11,11.89,RANGING,BULLISH,2026-08-03
SGMART,699.25,737.45,313.1,-5.18,123.33,669.63,622.94,476.39,4.42,12.25,46.78,STRONG_UPTREND,1153400.0,62.17,BULLISH,25.2662,23.9495,1.3167,BULLISH,29.0085,4.15,735.71,603.56,669.63,72.41,19.73,MID_BAND,False,ACCUMULATING,39.86,28.65,13.33,STRONG_TREND,BULLISH,2026-08-03
SHADOWFAX,240.78,261.5,98.55,-7.92,144.32,219.34,215.49,,9.77,11.74,,INSUFFICIENT_DATA,16295036.0,63.8,BULLISH,3.7511,1.7944,1.9567,BULLISH,14.6155,6.07,239.85,198.82,219.34,102.27,18.71,NEAR_UPPER,False,DISTRIBUTING,20.65,33.86,14.27,MODERATE_TREND,BULLISH,2026-08-03
SHAH,4.01,5.88,3.38,-31.8,18.64,4.4,4.61,4.77,-8.86,-13.02,-15.93,DOWNTREND,8487371.0,41.81,BEARISH,-0.1942,-0.1367,-0.0575,BEARISH,0.3421,8.53,5.04,3.76,4.4,19.43,29.13,MID_BAND,False,DISTRIBUTING,16.04,18.32,25.34,RANGING,BEARISH,2026-08-03
SHAHALLOYS,67.44,83.85,53.1,-19.57,27.01,69.29,69.45,68.37,-2.67,-2.89,-1.36,DOWNTREND,8906.0,46.0,NEUTRAL,-1.102,-0.8577,-0.2443,BEARISH,2.9258,4.34,76.04,62.55,69.29,36.26,19.48,MID_BAND,False,DISTRIBUTING,14.25,14.6,14.91,RANGING,BEARISH,2026-08-03
SHAILY,3056.0,3233.9,1683.8,-5.5,81.49,2875.35,2893.61,2419.84,6.28,5.61,26.29,STRONG_UPTREND,215430.0,65.59,BULLISH,63.0813,38.9243,24.157,BULLISH,101.9368,3.34,3151.4,2599.29,2875.35,82.72,19.2,MID_BAND,False,ACCUMULATING,23.89,24.04,11.19,MODERATE_TREND,BULLISH,2026-08-03
SHAKTIPUMP,518.8,915.0,456.35,-43.3,13.68,547.65,545.03,597.14,-5.27,-4.81,-13.12,DOWNTREND,644286.0,37.37,BEARISH,-9.8004,-5.5289,-4.2715,BEARISH,16.2583,3.13,591.68,503.63,547.65,17.23,16.08,MID_BAND,False,DISTRIBUTING,18.79,14.67,24.89,RANGING,BEARISH,2026-08-03
SHALBY,163.84,274.7,125.82,-40.36,30.22,165.57,169.27,175.1,-1.04,-3.21,-6.43,DOWNTREND,55873.0,45.67,NEUTRAL,-2.0979,-1.8446,-0.2534,BEARISH,5.1484,3.14,172.75,158.38,165.57,37.97,8.68,MID_BAND,False,DISTRIBUTING,22.45,12.27,16.82,MODERATE_TREND,BEARISH,2026-08-03
SHALPAINTS,80.01,88.71,35.21,-9.81,127.24,60.38,55.11,57.84,32.51,45.18,38.33,STRONG_UPTREND,639348.0,73.97,OVERBOUGHT,5.3618,3.8734,1.4884,BULLISH,5.1236,6.4,79.12,41.64,60.38,102.38,62.08,NEAR_UPPER,False,ACCUMULATING,29.31,39.39,11.68,MODERATE_TREND,BULLISH,2026-08-03
SHANKARA,141.92,1160.0,98.25,-87.77,44.45,133.09,116.46,,6.63,21.86,,INSUFFICIENT_DATA,234505.0,73.65,OVERBOUGHT,7.9625,8.1546,-0.1921,BEARISH,5.2966,3.73,158.65,107.54,133.09,67.27,38.4,MID_BAND,False,ACCUMULATING,50.56,35.36,8.75,STRONG_TREND,BULLISH,2026-08-03
SHANTI,6.9,12.26,4.7,-43.72,46.81,6.88,6.67,7.51,0.29,3.45,-8.12,DOWNTREND,28075.0,52.92,NEUTRAL,0.0266,0.0605,-0.0339,BEARISH,0.4349,6.3,7.23,6.52,6.88,53.37,10.35,MID_BAND,False,ACCUMULATING,14.06,17.71,10.06,RANGING,BULLISH,2026-08-03
SHANTIGEAR,415.0,598.9,388.45,-30.71,6.83,426.6,437.29,453.42,-2.72,-5.1,-8.47,DOWNTREND,30150.0,34.77,BEARISH,-7.886,-7.1031,-0.7829,BEARISH,11.8231,2.85,451.13,402.06,426.59,26.37,11.5,MID_BAND,False,DISTRIBUTING,32.5,9.51,24.67,STRONG_TREND,BEARISH,2026-08-03
SHANTIGOLD,219.61,274.1,155.0,-19.88,41.68,214.52,219.45,207.49,2.37,0.07,5.84,STRONG_UPTREND,1102141.0,54.38,NEUTRAL,-0.1694,-1.1677,0.9983,BULLISH,8.1642,3.72,222.52,206.51,214.52,81.81,7.46,MID_BAND,False,ACCUMULATING,33.37,35.28,9.71,STRONG_TREND,BULLISH,2026-08-03
SHARDACROP,826.15,1297.0,755.55,-36.3,9.34,878.68,894.47,946.8,-5.98,-7.64,-12.74,DOWNTREND,190186.0,32.69,BEARISH,-21.1128,-14.7323,-6.3805,BEARISH,27.0135,3.27,943.02,814.34,878.68,9.18,14.64,NEAR_LOWER,False,DISTRIBUTING,17.19,16.54,29.23,RANGING,BEARISH,2026-08-03
SHARDAMOTR,912.3,1189.9,700.0,-23.33,30.33,857.74,842.59,886.58,6.36,8.27,2.9,STRONG_UPTREND,49451.0,66.94,BULLISH,4.6207,0.74,3.8807,BULLISH_CROSS,27.5776,3.02,901.82,813.66,857.74,111.88,10.28,NEAR_UPPER,False,ACCUMULATING,18.38,33.96,14.58,RANGING,BULLISH,2026-08-03
SHAREINDIA,180.74,211.0,115.36,-14.34,56.67,179.85,153.98,151.34,0.49,17.38,19.43,STRONG_UPTREND,9096252.0,59.74,BULLISH,7.6813,9.6362,-1.9549,BEARISH,8.2829,4.58,194.29,165.4,179.85,53.1,16.06,SQUEEZE,True,ACCUMULATING,40.63,30.29,15.66,STRONG_TREND,BULLISH,2026-08-03
SHBAJRG,187.98,214.95,150.5,-12.55,24.9,186.83,186.58,,0.62,0.75,,INSUFFICIENT_DATA,7487.0,51.56,NEUTRAL,-1.1221,-0.7462,-0.3759,BEARISH,10.1343,5.39,197.83,175.83,186.83,55.24,11.78,MID_BAND,False,DISTRIBUTING,11.44,18.37,13.94,RANGING,BULLISH,2026-08-03
SHEKHAWATI,13.59,25.75,9.12,-47.22,49.01,13.06,12.14,,4.06,11.94,,INSUFFICIENT_DATA,68709.0,54.14,NEUTRAL,0.3238,0.4184,-0.0947,BEARISH,1.5155,11.15,15.89,10.23,13.06,59.43,43.34,MID_BAND,False,ACCUMULATING,30.73,26.71,17.3,STRONG_TREND,BULLISH,2026-08-03
SHILCTECH,4682.5,5399.0,2852.5,-13.27,64.15,4415.54,4307.52,,6.05,8.71,,INSUFFICIENT_DATA,19284.0,61.8,BULLISH,48.8688,22.4843,26.3845,BULLISH,164.7072,3.52,4691.58,4139.5,4415.54,98.35,12.5,NEAR_UPPER,False,ACCUMULATING,15.69,27.79,15.87,RANGING,BULLISH,2026-08-03
SHILPAMED,623.55,650.0,259.5,-4.07,140.29,617.98,575.9,408.41,0.9,8.27,52.68,STRONG_UPTREND,535200.0,57.41,BULLISH,10.2558,14.6975,-4.4417,BEARISH,21.7173,3.48,646.5,589.46,617.98,59.76,9.23,SQUEEZE,True,ACCUMULATING,39.09,21.52,10.4,STRONG_TREND,BULLISH,2026-08-03
SHINDL,160.36,179.7,130.6,-10.76,22.79,159.09,155.74,,0.8,2.97,,INSUFFICIENT_DATA,131417.0,55.1,BULLISH,2.1036,2.1103,-0.0067,BEARISH_CROSS,6.0824,3.79,167.39,150.8,159.09,57.63,10.43,SQUEEZE,True,ACCUMULATING,17.08,16.33,11.68,RANGING,BULLISH,2026-08-03
SHIVATEX,163.57,217.92,126.06,-24.94,29.76,153.03,151.7,163.3,6.89,7.82,0.17,STRONG_UPTREND,7713.0,64.84,BULLISH,2.9804,1.1175,1.8629,BULLISH,7.9492,4.86,165.61,140.45,153.03,91.88,16.44,NEAR_UPPER,False,ACCUMULATING,42.6,30.12,5.31,STRONG_TREND,BULLISH,2026-08-03
SHIVAUM,428.05,474.0,275.0,-9.69,55.65,418.08,382.49,,2.38,11.91,,INSUFFICIENT_DATA,38642.0,56.58,BULLISH,11.6197,11.2247,0.395,BULLISH,24.9911,5.84,449.16,387.0,418.08,66.04,14.87,MID_BAND,False,DISTRIBUTING,34.19,30.91,17.16,STRONG_TREND,BULLISH,2026-08-03
SHK,166.54,275.5,111.98,-39.55,48.72,141.02,135.46,151.66,18.1,22.94,9.81,STRONG_UPTREND,1699034.0,71.27,OVERBOUGHT,8.2807,4.6052,3.6755,BULLISH,7.319,4.39,169.46,112.58,141.02,94.87,40.34,NEAR_UPPER,False,ACCUMULATING,35.4,36.51,5.99,STRONG_TREND,BULLISH,2026-08-03
SHOPERSTOP,403.35,572.0,275.95,-29.48,46.17,379.8,366.54,366.5,6.2,10.04,10.05,STRONG_UPTREND,328976.0,65.02,BULLISH,9.034,8.1834,0.8506,BULLISH,17.2483,4.28,414.58,345.02,379.8,83.86,18.31,MID_BAND,False,ACCUMULATING,37.16,27.04,10.09,STRONG_TREND,BULLISH,2026-08-03
SHRADHA,33.86,66.37,26.34,-48.98,28.55,34.57,34.46,37.46,-2.05,-1.74,-9.61,DOWNTREND,186586.0,46.87,NEUTRAL,-0.1023,0.0721,-0.1743,BEARISH,2.1717,6.41,39.09,30.05,34.57,42.18,26.16,MID_BAND,False,ACCUMULATING,12.19,20.64,25.03,RANGING,BEARISH,2026-08-03
SHREDIGCEM,73.93,107.7,53.9,-31.36,37.16,73.76,73.55,76.94,0.23,0.52,-3.91,DOWNTREND,93407.0,50.55,NEUTRAL,-0.2283,-0.088,-0.1403,BEARISH,2.3661,3.2,75.8,71.72,73.76,54.16,5.54,MID_BAND,False,ACCUMULATING,21.53,18.18,12.81,MODERATE_TREND,BULLISH,2026-08-03
SHREECEM,27000.0,31920.0,22550.0,-15.41,19.73,26656.0,25694.4,25818.55,1.29,5.08,4.58,STRONG_UPTREND,20272.0,57.29,BULLISH,262.554,348.4911,-85.937,BEARISH,631.9275,2.34,27330.56,25981.44,26656.0,75.5,5.06,MID_BAND,False,ACCUMULATING,20.69,20.16,22.64,MODERATE_TREND,BEARISH,2026-08-03
SHREEJISPG,666.55,673.0,222.0,-0.96,200.25,597.27,526.35,398.69,11.6,26.64,67.19,STRONG_UPTREND,936369.0,79.09,OVERBOUGHT,37.8126,35.8398,1.9728,BULLISH,18.2753,2.74,686.67,507.88,597.27,88.75,29.93,MID_BAND,False,ACCUMULATING,56.21,42.42,8.91,STRONG_TREND,BULLISH,2026-08-03
SHREEPUSHK,405.85,476.0,272.45,-14.74,48.96,403.87,388.46,365.13,0.49,4.48,11.15,STRONG_UPTREND,53617.0,55.32,BULLISH,0.2695,1.5022,-1.2328,BEARISH,15.3393,3.78,432.61,375.13,403.87,53.44,14.23,MID_BAND,False,DISTRIBUTING,18.99,21.6,14.53,RANGING,BULLISH,2026-08-03
SHREERAMA,40.36,71.99,37.62,-43.94,7.28,41.29,42.7,,-2.25,-5.48,,INSUFFICIENT_DATA,67151.0,44.25,BEARISH,-1.1048,-0.9752,-0.1296,BEARISH,1.7423,4.32,44.78,37.79,41.29,36.77,16.94,MID_BAND,False,DISTRIBUTING,15.31,17.85,20.87,RANGING,BEARISH,2026-08-03
SHREYANIND,141.88,247.22,122.0,-42.61,16.3,138.82,139.74,161.07,2.2,1.53,-11.91,DOWNTREND,8075.0,54.92,NEUTRAL,0.0069,-0.6299,0.6368,BULLISH,5.937,4.18,143.65,133.99,138.82,81.65,6.96,MID_BAND,False,ACCUMULATING,21.52,22.01,13.62,MODERATE_TREND,BULLISH,2026-08-03
SHRIKRISH,40.06,56.0,35.0,-28.46,14.46,40.78,41.76,,-1.77,-4.07,,INSUFFICIENT_DATA,11673.0,46.21,NEUTRAL,-0.5342,-0.5035,-0.0307,BEARISH,2.8749,7.18,43.47,38.1,40.78,36.5,13.16,MID_BAND,False,DISTRIBUTING,21.69,21.36,17.15,MODERATE_TREND,BULLISH,2026-08-03
SHRINGARMS,229.85,266.5,166.0,-13.75,38.46,224.16,217.94,215.87,2.54,5.46,6.48,STRONG_UPTREND,623704.0,64.48,BULLISH,1.1159,1.3584,-0.2425,BEARISH,6.0951,2.65,231.98,216.33,224.16,86.37,6.99,MID_BAND,False,DISTRIBUTING,12.06,26.4,15.27,RANGING,BULLISH,2026-08-03
SHRIPISTON,4524.4,4547.0,2391.3,-0.5,89.2,4268.23,3912.94,3271.36,6.0,15.63,38.3,STRONG_UPTREND,51468.0,67.29,BULLISH,122.7588,124.8994,-2.1406,BEARISH,137.6647,3.04,4487.26,4049.2,4268.23,108.48,10.26,NEAR_UPPER,False,ACCUMULATING,43.39,31.46,11.37,STRONG_TREND,BULLISH,2026-08-03
SHRIRAMFIN,1090.2,1108.0,566.5,-1.61,92.44,1039.33,1001.5,961.79,4.89,8.86,13.35,STRONG_UPTREND,5825794.0,62.86,BULLISH,11.9773,11.1326,0.8447,BULLISH_CROSS,31.2227,2.86,1079.11,999.55,1039.33,113.94,7.65,NEAR_UPPER,False,ACCUMULATING,15.02,23.85,19.56,RANGING,BULLISH,2026-08-03
SHRIRAMPPS,85.65,99.44,60.57,-13.87,41.41,86.89,87.99,83.11,-1.43,-2.66,3.06,CONSOLIDATING,506460.0,46.54,NEUTRAL,-0.8637,-0.6158,-0.2479,BEARISH,2.822,3.29,90.76,83.01,86.89,34.05,8.92,MID_BAND,False,DISTRIBUTING,11.41,21.92,23.68,RANGING,BEARISH,2026-08-03
SHYAMMETL,1025.1,1090.0,746.0,-5.95,37.41,1018.24,988.44,874.94,0.67,3.71,17.16,STRONG_UPTREND,616076.0,54.99,NEUTRAL,16.0814,18.9676,-2.8862,BEARISH,29.7691,2.9,1089.42,947.07,1018.25,54.82,13.98,MID_BAND,False,ACCUMULATING,26.84,21.87,13.94,MODERATE_TREND,BULLISH,2026-08-03
SICAGEN,49.97,61.5,46.55,-18.75,7.35,51.2,53.28,,-2.4,-6.21,,INSUFFICIENT_DATA,8732.0,40.26,BEARISH,-0.99,-0.8961,-0.094,BEARISH,2.4167,4.84,53.55,48.85,51.2,23.85,9.18,MID_BAND,False,DISTRIBUTING,31.5,8.52,18.46,STRONG_TREND,BEARISH,2026-08-03
SIEMENS,3900.0,3937.3,2826.0,-0.95,38.0,3626.53,3649.36,3349.21,7.54,6.87,16.45,STRONG_UPTREND,357213.0,70.33,OVERBOUGHT,43.0734,18.628,24.4455,BULLISH,108.0546,2.77,3855.02,3398.04,3626.53,109.84,12.6,NEAR_UPPER,False,ACCUMULATING,23.52,30.54,13.61,MODERATE_TREND,BULLISH,2026-08-03
SIGIND,55.93,61.95,40.66,-9.72,37.56,46.99,48.08,49.71,19.03,16.33,12.51,STRONG_UPTREND,24397.0,77.4,OVERBOUGHT,0.9266,-0.1995,1.1261,BULLISH,2.8039,5.01,52.76,41.22,46.99,127.43,24.57,NEAR_UPPER,False,DISTRIBUTING,21.59,35.39,7.95,MODERATE_TREND,BULLISH,2026-08-03
SIGMA,50.24,65.5,35.46,-23.3,41.68,40.27,39.77,,24.76,26.33,,INSUFFICIENT_DATA,640271.0,70.29,OVERBOUGHT,2.4756,0.7668,1.7088,BULLISH,3.2243,6.42,50.46,30.08,40.27,98.9,50.63,NEAR_UPPER,False,ACCUMULATING,24.31,40.41,4.73,MODERATE_TREND,BULLISH,2026-08-03
SIGNATURE,833.65,1158.0,705.2,-28.01,18.21,805.87,796.95,915.01,3.45,4.61,-8.89,DOWNTREND,726258.0,58.71,BULLISH,5.4383,1.5685,3.8699,BULLISH,29.5806,3.55,856.55,755.18,805.87,77.41,12.58,MID_BAND,False,ACCUMULATING,16.58,28.86,18.21,RANGING,BULLISH,2026-08-03
SIGNPOST,280.0,336.8,191.41,-16.86,46.28,309.15,287.69,247.91,-9.43,-2.67,12.94,CONSOLIDATING,243809.0,40.85,BEARISH,1.7937,6.415,-4.6213,BEARISH,16.1669,5.77,335.8,282.5,309.15,-4.69,17.24,NEAR_LOWER,False,ACCUMULATING,27.9,17.14,22.65,MODERATE_TREND,BEARISH,2026-08-03
SIKA,1124.1,1359.4,870.1,-17.31,29.19,1154.05,1057.66,,-2.6,6.28,,INSUFFICIENT_DATA,58988.0,50.73,NEUTRAL,6.7438,19.6966,-12.9528,BEARISH,60.1139,5.35,1234.7,1073.4,1154.05,31.43,13.98,MID_BAND,False,DISTRIBUTING,30.86,25.21,17.54,STRONG_TREND,BULLISH,2026-08-03
SIKKO,5.37,6.83,3.2,-21.39,67.79,4.52,4.18,,18.81,28.47,,INSUFFICIENT_DATA,1125800.0,80.27,OVERBOUGHT,0.3415,0.243,0.0984,BULLISH,0.2565,4.78,5.65,3.4,4.52,87.75,49.74,MID_BAND,False,ACCUMULATING,38.76,33.2,11.33,STRONG_TREND,BULLISH,2026-08-03
SIL,16.95,19.99,11.7,-15.21,44.87,16.26,15.96,15.67,4.24,6.2,8.17,STRONG_UPTREND,24225.0,66.41,BULLISH,0.2266,0.1502,0.0764,BULLISH,0.6512,3.84,16.87,15.65,16.26,106.64,7.49,NEAR_UPPER,False,DISTRIBUTING,25.66,17.13,6.19,MODERATE_TREND,BULLISH,2026-08-03
SILGO,69.79,87.5,53.1,-20.24,31.43,73.67,75.91,,-5.27,-8.06,,INSUFFICIENT_DATA,138115.0,25.21,OVERSOLD,-1.4085,-0.9352,-0.4733,BEARISH,2.6143,3.75,77.51,69.83,73.67,-0.56,10.42,NEAR_LOWER,False,DISTRIBUTING,16.35,10.1,20.15,RANGING,BEARISH,2026-08-03
SILINV,427.6,767.0,380.0,-44.25,12.53,420.46,421.57,467.86,1.7,1.43,-8.61,DOWNTREND,1694.0,55.06,BULLISH,-0.731,-1.496,0.765,BULLISH,14.1131,3.3,429.27,411.65,420.46,90.51,4.19,NEAR_UPPER,False,ACCUMULATING,21.43,18.05,8.59,MODERATE_TREND,BULLISH,2026-08-03
SILLYMONKS,15.13,28.45,14.61,-46.82,3.56,16.04,16.55,,-5.67,-8.58,,INSUFFICIENT_DATA,9507.0,38.62,BEARISH,-0.2243,-0.1677,-0.0566,BEARISH,1.0692,7.07,16.88,15.2,16.04,-3.99,10.49,NEAR_LOWER,False,DISTRIBUTING,16.56,17.03,18.73,RANGING,BEARISH,2026-08-03
SILVERTUC,197.38,216.8,66.19,-8.96,198.22,195.53,186.91,136.12,0.95,5.6,45.0,STRONG_UPTREND,624984.0,53.2,NEUTRAL,5.2866,5.3158,-0.0292,BEARISH_CROSS,11.306,5.73,211.47,179.59,195.53,55.8,16.3,MID_BAND,False,ACCUMULATING,14.43,17.7,18.46,RANGING,BEARISH,2026-08-03
SIMPLEXINF,235.64,330.0,137.0,-28.59,72.0,249.69,254.38,236.26,-5.63,-7.37,-0.26,DOWNTREND,70045.0,38.02,BEARISH,-6.1338,-4.0286,-2.1052,BEARISH,9.5522,4.05,275.75,223.64,249.69,23.03,20.87,MID_BAND,False,DISTRIBUTING,16.29,16.22,22.79,RANGING,BEARISH,2026-08-03
SINCLAIR,74.69,114.75,68.82,-34.91,8.53,74.67,75.41,79.12,0.03,-0.95,-5.6,DOWNTREND,18886.0,49.08,NEUTRAL,-0.6171,-0.5841,-0.033,BEARISH,2.3888,3.2,76.84,72.5,74.67,50.51,5.81,MID_BAND,False,DISTRIBUTING,11.77,14.91,14.97,RANGING,BEARISH,2026-08-03
SINDHUTRAD,24.5,32.74,17.64,-25.17,38.89,25.1,25.46,23.46,-2.39,-3.77,4.43,CONSOLIDATING,1563882.0,44.64,BEARISH,-0.2499,-0.1585,-0.0914,BEARISH,1.0648,4.35,26.27,23.93,25.1,24.36,9.3,SQUEEZE,True,DISTRIBUTING,21.45,27.19,19.64,MODERATE_TREND,BULLISH,2026-08-03
SINGERIND,64.9,80.0,57.15,-18.87,13.56,66.39,69.1,,-2.24,-6.08,,INSUFFICIENT_DATA,36547.0,40.01,BEARISH,-1.2657,-1.2195,-0.0461,BEARISH,2.4212,3.73,69.18,63.6,66.39,23.31,8.4,SQUEEZE,True,DISTRIBUTING,10.56,16.6,17.21,RANGING,BEARISH,2026-08-03
SINTERCOM,86.99,130.0,62.99,-33.08,38.1,80.41,77.34,88.97,8.18,12.48,-2.23,DOWNTREND,70848.0,65.55,BULLISH,2.324,1.7916,0.5324,BULLISH,4.0205,4.62,87.35,73.47,80.41,97.42,17.26,NEAR_UPPER,False,ACCUMULATING,39.18,30.63,6.26,STRONG_TREND,BULLISH,2026-08-03
SIRCA,430.7,539.0,385.0,-20.09,11.87,399.18,407.88,450.06,7.9,5.59,-4.3,DOWNTREND,312910.0,71.9,OVERBOUGHT,1.9446,-2.3793,4.3239,BULLISH,11.051,2.57,419.4,378.97,399.18,127.96,10.13,NEAR_UPPER,False,ACCUMULATING,16.67,30.27,15.17,RANGING,BULLISH,2026-08-03
SIS,425.1,480.95,257.05,-11.61,65.38,433.6,424.89,351.97,-1.96,0.05,20.78,UPTREND,118169.0,45.77,NEUTRAL,0.8798,3.4378,-2.5581,BEARISH,10.3654,2.44,444.54,422.66,433.6,11.13,5.05,MID_BAND,False,ACCUMULATING,29.83,18.07,16.18,MODERATE_TREND,BULLISH,2026-08-03
SIYSIL,629.3,848.8,433.35,-25.86,45.22,627.49,620.34,604.35,0.29,1.44,4.13,STRONG_UPTREND,55864.0,52.51,NEUTRAL,-2.6347,0.1062,-2.741,BEARISH,22.5336,3.58,656.44,598.55,627.49,53.12,9.23,MID_BAND,False,DISTRIBUTING,13.79,21.71,22.96,RANGING,BEARISH,2026-08-03
SJS,2483.4,2498.9,1152.2,-0.62,115.54,2260.64,2176.16,1836.32,9.85,14.12,35.24,STRONG_UPTREND,101488.0,75.16,OVERBOUGHT,71.8033,53.6326,18.1707,BULLISH,76.8642,3.1,2465.53,2055.76,2260.64,104.36,18.13,NEAR_UPPER,False,ACCUMULATING,34.87,31.8,8.77,STRONG_TREND,BULLISH,2026-08-03
SJVN,69.42,101.45,63.02,-31.57,10.16,69.3,71.6,74.56,0.17,-3.04,-6.89,DOWNTREND,1899361.0,46.63,NEUTRAL,-0.9628,-1.1186,0.1557,BULLISH,1.3215,1.9,71.64,66.96,69.3,52.65,6.75,MID_BAND,False,DISTRIBUTING,21.47,18.57,22.85,MODERATE_TREND,BEARISH,2026-08-03
SKFINDIA,1506.5,5074.0,1404.0,-70.31,7.3,1510.84,1587.03,1763.59,-0.29,-5.07,-14.58,DOWNTREND,44189.0,44.46,BEARISH,-34.5968,-38.0155,3.4188,BULLISH,42.8156,2.84,1599.64,1422.03,1510.84,47.56,11.76,MID_BAND,False,DISTRIBUTING,21.76,16.23,16.92,MODERATE_TREND,BEARISH,2026-08-03
SKFINDUS,2697.7,3041.0,1994.1,-11.29,35.28,2744.45,2601.87,,-1.7,3.68,,INSUFFICIENT_DATA,40461.0,49.68,NEUTRAL,14.1427,31.8027,-17.66,BEARISH,106.397,3.94,2889.46,2599.44,2744.45,33.88,10.57,MID_BAND,False,DISTRIBUTING,28.54,21.53,14.19,MODERATE_TREND,BULLISH,2026-08-03
SKIPPER,549.15,593.0,327.05,-7.39,67.91,538.32,541.26,448.47,2.01,1.46,22.45,STRONG_UPTREND,566496.0,55.48,BULLISH,-2.4235,-1.532,-0.8916,BEARISH,21.6176,3.94,565.9,510.74,538.32,69.64,10.25,MID_BAND,False,DISTRIBUTING,15.32,19.54,15.92,RANGING,BULLISH,2026-08-03
SKMEGGPROD,242.33,372.0,143.1,-34.86,69.34,307.03,271.56,,-21.07,-10.76,,INSUFFICIENT_DATA,1039660.0,33.64,BEARISH,-5.6317,7.1974,-12.8291,BEARISH,21.4579,8.85,373.41,240.65,307.03,1.27,43.24,NEAR_LOWER,False,ACCUMULATING,34.32,16.11,32.0,STRONG_TREND,BEARISH,2026-08-03
SKYGOLD,691.85,700.0,259.0,-1.16,167.12,638.89,567.48,412.19,8.29,21.92,67.85,STRONG_UPTREND,1183058.0,69.34,BULLISH,30.7956,32.4975,-1.702,BEARISH,30.704,4.44,696.6,581.18,638.89,95.88,18.07,NEAR_UPPER,False,ACCUMULATING,34.0,31.16,14.51,STRONG_TREND,BULLISH,2026-08-03
SMARTWORKS,481.65,619.0,361.5,-22.19,33.24,473.69,467.07,459.72,1.68,3.12,4.77,STRONG_UPTREND,185028.0,54.04,NEUTRAL,3.0493,3.9809,-0.9316,BEARISH,18.6662,3.88,498.25,449.12,473.69,66.21,10.37,MID_BAND,False,DISTRIBUTING,25.44,22.7,13.99,MODERATE_TREND,BULLISH,2026-08-03
SMCGLOBAL,79.94,94.9,54.44,-15.76,46.84,77.8,71.72,71.84,2.75,11.46,11.28,STRONG_UPTREND,847588.0,59.81,BULLISH,2.3546,2.4713,-0.1166,BEARISH,3.4809,4.35,85.51,70.1,77.8,63.88,19.81,MID_BAND,False,ACCUMULATING,27.41,20.89,12.17,MODERATE_TREND,BULLISH,2026-08-03
SMLMAH,5464.0,5987.9,2749.0,-8.75,98.76,4261.89,4047.97,,28.21,34.98,,INSUFFICIENT_DATA,267416.0,73.94,OVERBOUGHT,306.896,129.666,177.23,BULLISH,291.9838,5.34,5419.77,3104.01,4261.89,101.91,54.34,NEAR_UPPER,False,ACCUMULATING,25.21,52.21,8.99,MODERATE_TREND,BULLISH,2026-08-03
SMLT,69.0,122.85,56.61,-43.83,21.89,67.41,69.89,77.21,2.36,-1.27,-10.63,DOWNTREND,4738.0,53.51,NEUTRAL,-0.6301,-0.9036,0.2735,BULLISH,2.6658,3.86,69.25,65.58,67.41,93.22,5.44,NEAR_UPPER,False,DISTRIBUTING,9.5,15.14,10.53,RANGING,BULLISH,2026-08-03
SMSPHARMA,363.55,447.8,221.02,-18.81,64.49,390.46,384.53,358.74,-6.89,-5.46,1.34,CONSOLIDATING,226525.0,37.36,BEARISH,-4.8829,-1.9401,-2.9428,BEARISH,15.0892,4.15,417.33,363.59,390.46,-0.08,13.76,NEAR_LOWER,False,DISTRIBUTING,15.5,15.34,20.38,RANGING,BEARISH,2026-08-03
SNOWMAN,38.5,59.8,30.5,-35.62,26.23,36.78,37.4,39.61,4.68,2.94,-2.8,DOWNTREND,170589.0,60.1,BULLISH,-0.0546,-0.2747,0.2201,BULLISH,1.2491,3.24,38.41,35.16,36.78,102.93,8.82,NEAR_UPPER,False,ACCUMULATING,17.76,21.23,15.8,RANGING,BULLISH,2026-08-03
SOBHA,1372.3,1732.0,1130.0,-20.77,21.44,1428.72,1402.58,1428.3,-3.95,-2.16,-3.92,DOWNTREND,298553.0,42.41,BEARISH,-17.2245,-6.2094,-11.0151,BEARISH,43.2053,3.15,1548.77,1308.67,1428.72,26.5,16.81,MID_BAND,False,ACCUMULATING,20.93,22.51,20.16,MODERATE_TREND,BULLISH,2026-08-03
SOLARA,515.85,712.0,422.0,-27.55,22.24,544.0,556.42,528.38,-5.17,-7.29,-2.37,DOWNTREND,327290.0,38.48,BEARISH,-15.4794,-11.2304,-4.249,BEARISH,23.7863,4.61,606.96,481.05,544.0,27.64,23.15,MID_BAND,False,DISTRIBUTING,28.68,15.17,23.24,MODERATE_TREND,BEARISH,2026-08-03
SOLARINDS,18659.0,19187.0,11646.0,-2.75,60.22,18377.45,18208.9,14882.13,1.53,2.47,25.38,STRONG_UPTREND,118050.0,55.73,BULLISH,105.0367,150.0996,-45.0628,BEARISH,493.8784,2.65,19143.98,17610.92,18377.45,68.37,8.34,MID_BAND,False,ACCUMULATING,13.0,21.93,21.68,RANGING,BULLISH,2026-08-03
SOLARWORLD,184.62,388.5,139.19,-52.48,32.64,201.53,197.02,224.24,-8.39,-6.29,-17.67,DOWNTREND,328795.0,36.28,BEARISH,-2.1016,0.2192,-2.3209,BEARISH,8.3854,4.54,217.76,185.3,201.53,-2.08,16.11,NEAR_LOWER,False,ACCUMULATING,25.21,19.07,19.58,MODERATE_TREND,BEARISH,2026-08-03
SOLEX,946.8,1985.0,795.45,-52.3,19.03,966.14,1066.78,1204.99,-2.0,-11.25,-21.43,DOWNTREND,38345.0,39.6,BEARISH,-43.54,-45.1775,1.6376,BULLISH_CROSS,40.9765,4.33,1041.26,891.03,966.15,37.12,15.55,MID_BAND,False,ACCUMULATING,11.09,18.32,20.18,RANGING,BEARISH,2026-08-03
SOMANYCERA,509.0,552.45,332.0,-7.86,53.31,508.38,513.09,442.11,0.12,-0.8,15.13,CONSOLIDATING,74403.0,51.5,NEUTRAL,-6.353,-4.4087,-1.9442,BEARISH,17.6073,3.46,542.63,474.14,508.38,50.9,13.47,MID_BAND,False,DISTRIBUTING,19.74,26.65,17.96,RANGING,BULLISH,2026-08-03
SOMATEX,95.64,125.89,87.51,-24.03,9.29,103.76,100.34,,-7.83,-4.68,,INSUFFICIENT_DATA,23155.0,41.39,BEARISH,-1.0655,-0.098,-0.9676,BEARISH,6.1449,6.43,115.97,91.55,103.76,16.76,23.54,MID_BAND,False,DISTRIBUTING,12.38,13.51,14.67,RANGING,BEARISH,2026-08-03
SOMICONVEY,93.45,169.4,85.5,-44.83,9.3,97.82,99.8,112.5,-4.47,-6.36,-16.93,DOWNTREND,22227.0,34.88,BEARISH,-1.8469,-1.3657,-0.4812,BEARISH,4.0454,4.33,102.47,93.17,97.82,3.04,9.51,NEAR_LOWER,False,DISTRIBUTING,14.14,14.64,18.77,RANGING,BEARISH,2026-08-03
SONACOMS,785.0,785.0,402.3,0.0,95.13,707.59,650.35,548.26,10.94,20.7,43.18,STRONG_UPTREND,3075342.0,82.65,OVERBOUGHT,33.2583,28.1418,5.1164,BULLISH,20.5808,2.62,781.56,633.61,707.59,102.32,20.91,NEAR_UPPER,False,ACCUMULATING,56.99,39.73,6.97,STRONG_TREND,BULLISH,2026-08-03
SONAL,89.45,104.75,85.05,-14.61,5.17,92.15,92.98,,-2.93,-3.8,,INSUFFICIENT_DATA,121.0,45.82,NEUTRAL,-0.7921,-0.5372,-0.2549,BEARISH,3.459,3.87,97.05,87.25,92.15,22.49,10.64,MID_BAND,False,DISTRIBUTING,15.99,23.54,33.48,RANGING,BEARISH,2026-08-03
SONAMLTD,54.16,63.0,37.4,-14.03,44.81,54.9,54.96,48.61,-1.35,-1.46,11.42,CONSOLIDATING,56781.0,47.79,NEUTRAL,0.0876,0.1584,-0.0708,BEARISH,3.2152,5.94,57.82,51.99,54.9,37.25,10.63,MID_BAND,False,ACCUMULATING,17.82,21.13,9.53,RANGING,BULLISH,2026-08-03
SONATSOFTW,345.85,421.5,207.15,-17.95,66.96,301.25,285.62,299.77,14.8,21.09,15.37,STRONG_UPTREND,3833290.0,70.18,OVERBOUGHT,10.4332,7.0276,3.4055,BULLISH,16.1018,4.66,335.95,266.55,301.25,114.26,23.04,NEAR_UPPER,False,ACCUMULATING,32.48,37.85,13.87,STRONG_TREND,BULLISH,2026-08-03
SOTL,630.1,666.6,285.8,-5.48,120.47,600.5,556.31,414.22,4.93,13.26,52.12,STRONG_UPTREND,578271.0,59.4,BULLISH,19.3414,21.5924,-2.251,BEARISH,34.2708,5.44,654.56,546.45,600.5,77.37,18.0,MID_BAND,False,ACCUMULATING,35.65,29.87,16.26,STRONG_TREND,BULLISH,2026-08-03
SOUTHBANK,47.07,49.9,28.11,-5.67,67.45,46.29,45.44,40.97,1.69,3.59,14.89,STRONG_UPTREND,20309077.0,54.65,NEUTRAL,0.4979,0.5321,-0.0343,BEARISH,1.51,3.21,48.73,43.84,46.29,65.97,10.56,MID_BAND,False,ACCUMULATING,21.04,23.86,16.17,MODERATE_TREND,BULLISH,2026-08-03
SOUTHWEST,240.44,275.0,121.0,-12.57,98.71,230.91,239.88,,4.13,0.23,,INSUFFICIENT_DATA,318982.0,55.09,BULLISH,0.1859,-0.9906,1.1765,BULLISH,11.1617,4.64,246.5,215.31,230.91,80.56,13.51,MID_BAND,False,ACCUMULATING,17.6,25.49,14.18,RANGING,BULLISH,2026-08-03
SPAL,988.7,1221.9,600.0,-19.09,64.78,1049.6,963.5,788.85,-5.8,2.62,25.33,UPTREND,133463.0,46.61,NEUTRAL,-4.3062,9.0069,-13.3131,BEARISH,62.6842,6.34,1195.03,904.18,1049.61,29.06,27.71,MID_BAND,False,DISTRIBUTING,26.18,17.52,19.71,MODERATE_TREND,BEARISH,2026-08-03
SPANDANA,262.4,319.4,181.1,-17.85,44.89,285.83,268.95,251.21,-8.2,-2.44,4.45,CONSOLIDATING,438408.0,42.48,BEARISH,-3.3996,1.6414,-5.041,BEARISH,12.9771,4.95,321.65,250.02,285.83,17.29,25.06,MID_BAND,False,DISTRIBUTING,24.18,17.46,21.98,MODERATE_TREND,BEARISH,2026-08-03
SPARC,207.93,289.0,108.0,-28.05,92.53,233.94,228.8,159.88,-11.12,-9.12,30.05,CONSOLIDATING,2140247.0,37.14,BEARISH,-7.0866,-2.9365,-4.1501,BEARISH,10.7739,5.18,282.79,185.08,233.94,23.38,41.77,MID_BAND,False,DISTRIBUTING,26.36,16.26,24.83,MODERATE_TREND,BEARISH,2026-08-03
SPCENET,3.43,9.68,3.0,-64.57,14.33,3.62,3.61,,-5.25,-4.99,,INSUFFICIENT_DATA,631316.0,44.25,BEARISH,-0.0872,-0.0563,-0.0309,BEARISH,0.1977,5.76,4.02,3.21,3.62,26.94,22.36,MID_BAND,False,DISTRIBUTING,14.12,20.07,23.65,RANGING,BEARISH,2026-08-03
SPECIALITY,132.12,154.0,82.7,-14.21,59.76,130.85,122.06,112.49,0.97,8.24,17.45,STRONG_UPTREND,46323.0,54.49,NEUTRAL,3.1503,3.8095,-0.6591,BEARISH,6.3867,4.83,139.61,122.09,130.85,57.26,13.39,MID_BAND,False,ACCUMULATING,35.28,19.31,11.49,STRONG_TREND,BULLISH,2026-08-03
SPECTRUM,2547.4,2591.0,1050.0,-1.68,142.61,2139.44,1857.25,1433.5,19.07,37.16,77.7,STRONG_UPTREND,68322.0,72.62,OVERBOUGHT,176.4078,148.6221,27.7857,BULLISH,147.5596,5.79,2566.78,1712.09,2139.44,97.73,39.95,NEAR_UPPER,False,ACCUMULATING,55.42,34.13,7.02,STRONG_TREND,BULLISH,2026-08-03
SPENCERS,33.23,64.0,24.38,-48.08,36.3,34.32,35.6,37.04,-3.18,-6.66,-10.29,DOWNTREND,41104.0,40.75,BEARISH,-0.7912,-0.6541,-0.137,BEARISH,1.4194,4.27,36.41,32.24,34.32,23.76,12.15,MID_BAND,False,DISTRIBUTING,17.47,12.39,18.08,RANGING,BEARISH,2026-08-03
SPIC,67.34,128.2,55.1,-47.47,22.21,66.64,68.36,72.81,1.05,-1.49,-7.51,DOWNTREND,235973.0,51.14,NEUTRAL,-0.5636,-0.7368,0.1732,BULLISH,1.5332,2.28,68.62,64.65,66.64,67.75,5.95,MID_BAND,False,DISTRIBUTING,13.38,23.87,20.27,RANGING,BULLISH,2026-08-03
SPLIL,30.0,45.2,20.2,-33.63,48.51,31.57,31.05,31.87,-4.97,-3.38,-5.87,DOWNTREND,10968.0,42.57,BEARISH,-0.2375,0.0411,-0.2786,BEARISH,1.8085,6.03,33.75,29.39,31.57,13.96,13.81,MID_BAND,False,ACCUMULATING,7.56,14.92,17.66,RANGING,BEARISH,2026-08-03
SPLPETRO,715.9,979.0,462.3,-26.87,54.86,724.9,713.62,677.59,-1.24,0.32,5.65,UPTREND,260612.0,47.43,NEUTRAL,0.7153,2.795,-2.0797,BEARISH,26.5535,3.71,756.97,692.83,724.9,35.97,8.85,MID_BAND,False,ACCUMULATING,13.67,19.98,21.09,RANGING,BEARISH,2026-08-03
SPMLINFRA,196.13,309.9,151.01,-36.71,29.88,197.16,198.37,190.74,-0.52,-1.13,2.83,CONSOLIDATING,240118.0,48.37,NEUTRAL,-0.7655,0.0024,-0.7679,BEARISH,7.1753,3.66,209.92,184.4,197.16,45.96,12.95,MID_BAND,False,ACCUMULATING,13.39,19.62,20.8,RANGING,BEARISH,2026-08-03
SPORTKING,229.63,241.51,78.17,-4.92,193.76,199.78,187.15,129.35,14.94,22.7,77.53,STRONG_UPTREND,1223651.0,70.6,OVERBOUGHT,9.0317,8.0793,0.9524,BULLISH_CROSS,12.2853,5.35,226.16,173.4,199.78,106.58,26.41,NEAR_UPPER,False,ACCUMULATING,35.47,35.77,15.68,STRONG_TREND,BULLISH,2026-08-03
SRD,39.21,91.0,37.0,-56.91,5.97,38.62,39.51,,1.53,-0.76,,INSUFFICIENT_DATA,46500.0,52.8,NEUTRAL,-0.5669,-0.6345,0.0676,BULLISH_CROSS,1.774,4.52,40.71,36.53,38.62,64.07,10.82,MID_BAND,False,DISTRIBUTING,16.01,16.86,12.06,RANGING,BULLISH,2026-08-03
SREEL,216.45,258.0,165.25,-16.1,30.98,215.88,208.17,205.93,0.26,3.98,5.11,STRONG_UPTREND,19688.0,52.56,NEUTRAL,2.6644,3.7345,-1.07,BEARISH,9.093,4.2,229.0,202.76,215.88,52.18,12.15,MID_BAND,False,ACCUMULATING,40.47,23.96,12.37,STRONG_TREND,BULLISH,2026-08-03
SRF,2645.0,3210.0,2355.0,-17.6,12.31,2741.45,2733.54,2751.74,-3.52,-3.24,-3.88,DOWNTREND,613998.0,43.26,BEARISH,-31.8757,-10.212,-21.6637,BEARISH,72.8833,2.76,2953.75,2529.15,2741.45,27.28,15.49,MID_BAND,False,DISTRIBUTING,17.67,17.32,27.42,RANGING,BEARISH,2026-08-03
SRGHFL,299.7,335.0,224.4,-10.54,33.56,304.83,294.35,278.6,-1.68,1.82,7.57,UPTREND,8385.0,49.18,NEUTRAL,0.6204,2.8102,-2.1898,BEARISH,15.2327,5.08,317.6,292.07,304.83,29.88,8.37,MID_BAND,False,ACCUMULATING,12.64,13.62,16.46,RANGING,BEARISH,2026-08-03
SRHHYPOLTD,494.1,640.0,382.4,-22.8,29.21,489.39,498.06,490.22,0.96,-0.8,0.79,CONSOLIDATING,5102.0,53.49,NEUTRAL,-2.5429,-3.2818,0.7389,BULLISH_CROSS,13.1023,2.65,503.74,475.04,489.39,66.41,5.87,MID_BAND,False,DISTRIBUTING,8.72,24.39,17.22,RANGING,BULLISH,2026-08-03
SRM,496.4,649.95,361.35,-23.62,37.37,497.52,501.26,492.38,-0.23,-0.97,0.82,CONSOLIDATING,70570.0,47.45,NEUTRAL,0.2938,0.8379,-0.5442,BEARISH,17.0112,3.43,517.99,477.06,497.52,47.25,8.23,MID_BAND,False,ACCUMULATING,11.67,15.96,17.78,RANGING,BEARISH,2026-08-03
SRTL,40.22,53.4,38.7,-24.68,3.93,40.71,40.96,,-1.2,-1.81,,INSUFFICIENT_DATA,53305.0,46.62,NEUTRAL,-0.2063,-0.1809,-0.0253,BEARISH,1.3666,3.4,42.08,39.35,40.71,31.94,6.72,MID_BAND,False,ACCUMULATING,13.28,13.17,12.16,RANGING,BULLISH,2026-08-03
SSDL,54.06,98.0,46.15,-44.84,17.14,53.87,56.16,66.14,0.35,-3.74,-18.26,DOWNTREND,18164.0,47.2,NEUTRAL,-0.9148,-1.1023,0.1875,BULLISH,1.8208,3.37,56.34,51.39,53.87,53.93,9.19,MID_BAND,False,DISTRIBUTING,33.33,13.89,16.8,STRONG_TREND,BEARISH,2026-08-03
SSWL,317.85,328.4,169.0,-3.21,88.08,274.3,245.65,213.83,15.88,29.39,48.65,STRONG_UPTREND,2222603.0,87.38,OVERBOUGHT,18.7462,15.657,3.0892,BULLISH,12.2177,3.84,322.76,225.84,274.3,94.94,35.33,NEAR_UPPER,False,ACCUMULATING,58.17,41.99,3.61,STRONG_TREND,BULLISH,2026-08-03
STALLION,265.45,423.8,99.32,-37.36,167.27,226.37,201.7,,17.26,31.61,,INSUFFICIENT_DATA,4983485.0,71.78,OVERBOUGHT,18.2986,15.98,2.3186,BULLISH,13.6273,5.13,281.79,170.96,226.37,85.26,48.96,MID_BAND,False,ACCUMULATING,42.1,40.07,9.12,STRONG_TREND,BULLISH,2026-08-03
STANLEY,155.88,339.35,123.0,-54.07,26.73,155.85,151.91,175.99,0.02,2.61,-11.43,DOWNTREND,124521.0,52.48,NEUTRAL,0.9783,1.2178,-0.2394,BEARISH,5.1243,3.29,159.57,152.14,155.85,50.38,4.77,MID_BAND,False,ACCUMULATING,38.57,24.24,8.55,STRONG_TREND,BULLISH,2026-08-03
STAR,1028.5,1231.0,768.65,-16.45,33.81,1058.53,1078.38,972.27,-2.84,-4.63,5.78,CONSOLIDATING,249212.0,41.47,BEARISH,-13.1784,-11.6716,-1.5068,BEARISH,41.0267,3.99,1109.46,1007.59,1058.53,20.53,9.62,MID_BAND,False,DISTRIBUTING,27.2,13.6,26.44,MODERATE_TREND,BEARISH,2026-08-03
STARCEMENT,203.96,308.95,196.53,-33.98,3.78,204.9,208.99,218.01,-0.46,-2.41,-6.44,DOWNTREND,176273.0,44.19,BEARISH,-1.8266,-1.8543,0.0277,BULLISH_CROSS,3.8273,1.88,208.8,200.99,204.9,38.01,3.81,MID_BAND,False,ACCUMULATING,8.78,21.32,16.97,RANGING,BULLISH,2026-08-03
STARHEALTH,592.6,624.9,416.55,-5.17,42.26,592.27,565.66,497.54,0.06,4.76,19.11,STRONG_UPTREND,614612.0,54.11,NEUTRAL,7.7508,8.622,-0.8712,BEARISH,18.2155,3.07,611.6,572.95,592.27,50.85,6.53,MID_BAND,False,ACCUMULATING,37.97,23.24,11.91,STRONG_TREND,BULLISH,2026-08-03
STARPAPER,150.7,188.8,119.05,-20.18,26.59,144.52,140.34,147.06,4.28,7.38,2.48,STRONG_UPTREND,22527.0,63.07,BULLISH,3.0336,2.4676,0.5661,BULLISH,5.8505,3.88,153.9,135.15,144.52,82.93,12.97,MID_BAND,False,ACCUMULATING,35.86,26.56,11.03,STRONG_TREND,BULLISH,2026-08-03
STARTECK,261.15,350.0,215.1,-25.39,21.41,269.44,271.22,269.39,-3.08,-3.71,-3.06,DOWNTREND,7737.0,39.58,BEARISH,-3.0609,-1.8699,-1.191,BEARISH,11.0038,4.21,282.3,256.58,269.44,17.76,9.54,MID_BAND,False,DISTRIBUTING,20.45,10.8,16.74,MODERATE_TREND,BEARISH,2026-08-03
STCINDIA,119.66,150.7,97.04,-20.6,23.31,119.79,122.91,119.51,-0.11,-2.64,0.13,CONSOLIDATING,38607.0,47.13,NEUTRAL,-1.4141,-1.5008,0.0868,BULLISH_CROSS,3.942,3.29,123.4,116.19,119.79,48.17,6.02,MID_BAND,False,DISTRIBUTING,13.73,22.95,15.6,RANGING,BULLISH,2026-08-03
STEELCAS,325.9,344.0,176.02,-5.26,85.15,308.19,298.49,249.59,5.75,9.18,30.57,STRONG_UPTREND,83425.0,61.67,BULLISH,4.2239,3.3775,0.8463,BULLISH_CROSS,14.3092,4.39,320.47,295.91,308.19,122.09,7.97,NEAR_UPPER,False,ACCUMULATING,34.07,27.47,9.92,STRONG_TREND,BULLISH,2026-08-03
STEELCITY,76.4,108.9,71.26,-29.84,7.21,76.38,77.23,84.76,0.03,-1.07,-9.86,DOWNTREND,4986.0,49.37,NEUTRAL,-0.6546,-0.6698,0.0152,BULLISH_CROSS,1.9709,2.58,78.8,73.96,76.38,50.43,6.34,MID_BAND,False,DISTRIBUTING,20.84,11.1,17.21,MODERATE_TREND,BEARISH,2026-08-03
STEELXIND,11.4,13.95,7.0,-18.28,62.86,11.79,12.08,9.55,-3.31,-5.63,19.37,CONSOLIDATING,1511087.0,41.72,BEARISH,-0.237,-0.1566,-0.0804,BEARISH,0.4374,3.84,12.63,10.95,11.79,26.98,14.26,MID_BAND,False,DISTRIBUTING,21.26,13.79,22.92,MODERATE_TREND,BEARISH,2026-08-03
STEL,565.75,657.3,380.0,-13.93,48.88,555.37,547.14,490.7,1.87,3.4,15.29,STRONG_UPTREND,2853.0,54.5,NEUTRAL,2.693,2.2603,0.4328,BULLISH,23.4652,4.15,571.9,538.85,555.37,81.4,5.95,MID_BAND,False,DISTRIBUTING,18.21,15.48,20.02,RANGING,BEARISH,2026-08-03
STOVEKRAFT,754.6,828.0,447.05,-8.86,68.8,780.53,720.21,596.08,-3.32,4.77,26.59,UPTREND,144787.0,47.66,NEUTRAL,15.3472,21.1924,-5.8452,BEARISH,31.561,4.18,813.03,748.02,780.52,10.13,8.33,MID_BAND,False,ACCUMULATING,39.23,18.52,24.78,STRONG_TREND,BEARISH,2026-08-03
STUDDS,447.95,600.0,427.55,-25.34,4.77,449.83,464.95,,-0.42,-3.66,,INSUFFICIENT_DATA,44145.0,45.37,NEUTRAL,-6.8641,-7.0762,0.2121,BULLISH_CROSS,12.4681,2.78,464.38,435.28,449.83,43.54,6.47,MID_BAND,False,DISTRIBUTING,12.18,21.43,16.27,RANGING,BULLISH,2026-08-03
STYL,368.05,437.45,209.11,-15.86,76.01,370.04,320.59,283.12,-0.54,14.8,30.0,UPTREND,309968.0,56.14,BULLISH,9.5113,16.0299,-6.5186,BEARISH,20.1872,5.48,412.74,327.34,370.04,47.67,23.08,MID_BAND,False,ACCUMULATING,37.89,21.4,16.57,STRONG_TREND,BULLISH,2026-08-03
STYLAMIND,3453.0,4150.0,1594.1,-16.8,116.61,3330.24,3203.7,2461.25,3.69,7.78,40.29,STRONG_UPTREND,172149.0,60.06,BULLISH,70.2316,78.1975,-7.9659,BEARISH,170.2044,4.93,3598.69,3061.78,3330.23,72.86,16.12,MID_BAND,False,ACCUMULATING,42.87,33.26,11.06,STRONG_TREND,BULLISH,2026-08-03
STYRENIX,2487.3,2784.0,1780.0,-10.66,39.74,2363.77,2299.2,2119.56,5.23,8.18,17.35,STRONG_UPTREND,65349.0,63.81,BULLISH,56.7007,45.9116,10.789,BULLISH,83.6829,3.36,2572.01,2155.53,2363.77,79.66,17.62,MID_BAND,False,ACCUMULATING,29.32,26.03,9.35,MODERATE_TREND,BULLISH,2026-08-03
SUBROS,817.3,1213.7,622.1,-32.66,31.38,802.27,779.6,801.46,1.87,4.84,1.98,STRONG_UPTREND,53300.0,56.81,BULLISH,1.7655,2.3724,-0.6069,BEARISH,23.5662,2.88,834.36,770.18,802.27,73.42,8.0,SQUEEZE,True,ACCUMULATING,17.89,27.41,19.62,RANGING,BULLISH,2026-08-03
SUDARCOLOR,369.3,429.5,268.25,-14.02,37.67,364.23,364.14,,1.39,1.42,,INSUFFICIENT_DATA,6492.0,54.7,NEUTRAL,-0.4337,-0.149,-0.2847,BEARISH,15.0541,4.08,381.12,347.34,364.23,65.01,9.28,MID_BAND,False,DISTRIBUTING,12.63,17.34,19.71,RANGING,BEARISH,2026-08-03
SUDARSCHEM,1068.3,1603.0,726.4,-33.36,47.07,1023.25,953.82,930.76,4.4,12.0,14.78,STRONG_UPTREND,279786.0,63.5,BULLISH,27.3843,30.9562,-3.5719,BEARISH,40.5131,3.79,1116.54,929.95,1023.25,74.15,18.24,MID_BAND,False,ACCUMULATING,18.77,29.69,20.85,RANGING,BULLISH,2026-08-03
SUDEEPPHRM,867.6,913.95,524.05,-5.07,65.56,847.36,811.07,,2.39,6.97,,INSUFFICIENT_DATA,200588.0,55.74,BULLISH,16.0913,16.8247,-0.7334,BEARISH,39.9997,4.61,899.86,794.85,847.36,69.28,12.39,MID_BAND,False,ACCUMULATING,37.24,27.79,9.76,STRONG_TREND,BULLISH,2026-08-03
SUKHJITS,164.66,231.1,137.3,-28.75,19.93,166.02,172.73,171.05,-0.82,-4.67,-3.74,DOWNTREND,24429.0,46.92,NEUTRAL,-2.9462,-3.2421,0.2959,BULLISH,8.615,5.23,176.82,155.22,166.02,43.71,13.01,MID_BAND,False,DISTRIBUTING,21.55,16.62,21.09,MODERATE_TREND,BEARISH,2026-08-03
SULA,165.32,296.8,138.6,-44.3,19.28,153.69,155.13,183.29,7.57,6.57,-9.8,DOWNTREND,509972.0,65.38,BULLISH,2.9627,0.5228,2.4399,BULLISH,5.0038,3.03,168.8,138.59,153.69,88.49,19.66,MID_BAND,False,ACCUMULATING,24.54,34.81,9.85,MODERATE_TREND,BULLISH,2026-08-03
SUMEETINDS,21.18,40.15,21.18,-47.25,0.0,29.81,28.59,,-28.95,-25.92,,INSUFFICIENT_DATA,4459272.0,21.68,OVERSOLD,-1.7313,-0.3942,-1.3372,BEARISH,1.3728,6.48,38.21,21.41,29.81,-1.37,56.35,NEAR_LOWER,False,ACCUMULATING,38.13,15.99,50.43,STRONG_TREND,BEARISH,2026-08-03
SUMICHEM,515.85,617.45,362.6,-16.45,42.26,519.43,486.19,448.44,-0.69,6.1,15.03,UPTREND,831173.0,53.75,NEUTRAL,10.4637,14.8034,-4.3397,BEARISH,19.8189,3.84,565.66,473.21,519.43,46.12,17.8,MID_BAND,False,ACCUMULATING,22.73,23.58,20.99,MODERATE_TREND,BULLISH,2026-08-03
SUMIT,55.06,104.9,31.74,-47.51,73.47,49.84,45.31,,10.47,21.52,,INSUFFICIENT_DATA,90689.0,59.87,BULLISH,3.0268,2.1287,0.8981,BULLISH,4.408,8.01,58.33,41.34,49.84,80.74,34.09,MID_BAND,False,ACCUMULATING,25.87,26.84,13.96,MODERATE_TREND,BULLISH,2026-08-03
SUMMITSEC,1522.2,2495.0,1312.0,-38.99,16.02,1509.87,1523.83,1722.97,0.82,-0.11,-11.65,DOWNTREND,2403.0,52.16,NEUTRAL,-7.275,-9.9612,2.6862,BULLISH,41.4073,2.72,1562.91,1456.82,1509.87,61.63,7.03,MID_BAND,False,DISTRIBUTING,14.39,14.44,16.88,RANGING,BEARISH,2026-08-03
SUNCLAY,1253.0,1942.0,1112.8,-35.48,12.6,1341.63,1338.26,1324.36,-6.61,-6.37,-5.39,DOWNTREND,11176.0,36.24,BEARISH,-22.6171,-7.7589,-14.8581,BEARISH,56.7448,4.53,1445.56,1237.71,1341.63,7.35,15.49,NEAR_LOWER,False,DISTRIBUTING,19.06,15.8,18.09,RANGING,BEARISH,2026-08-03
SUNDARAM,1.25,2.38,1.11,-47.48,12.61,1.27,1.32,1.52,-1.57,-5.3,-17.76,DOWNTREND,399585.0,40.16,BEARISH,-0.0188,-0.0191,0.0003,BULLISH,0.0513,4.1,1.3,1.23,1.27,25.2,5.25,SQUEEZE,True,DISTRIBUTING,21.2,15.18,15.82,MODERATE_TREND,BEARISH,2026-08-03
SUNDARMFIN,4828.7,5642.0,4000.0,-14.42,20.72,4524.53,4431.89,4813.26,6.72,8.95,0.32,STRONG_UPTREND,75645.0,69.86,BULLISH,31.5429,3.4003,28.1426,BULLISH,130.2328,2.7,4773.43,4275.64,4524.54,111.1,11.0,NEAR_UPPER,False,DISTRIBUTING,15.25,37.87,11.52,RANGING,BULLISH,2026-08-03
SUNDRMFAST,993.25,1072.0,730.1,-7.35,36.04,956.37,906.24,894.54,3.86,9.6,11.03,STRONG_UPTREND,122999.0,71.43,OVERBOUGHT,18.1746,18.3153,-0.1408,BEARISH,20.5712,2.07,987.24,925.49,956.37,109.73,6.46,NEAR_UPPER,False,DISTRIBUTING,22.47,25.28,12.17,MODERATE_TREND,BULLISH,2026-08-03
SUNDROP,679.5,928.0,556.0,-26.78,22.21,655.67,657.03,670.16,3.63,3.42,1.39,STRONG_UPTREND,25996.0,58.01,BULLISH,7.3295,4.5759,2.7536,BULLISH,19.6624,2.89,697.59,613.75,655.67,78.42,12.79,MID_BAND,False,ACCUMULATING,34.1,25.92,10.01,STRONG_TREND,BULLISH,2026-08-03
SUNFLAG,366.85,428.0,192.15,-14.29,90.92,349.61,357.18,286.35,4.93,2.71,28.11,STRONG_UPTREND,194192.0,58.59,BULLISH,3.613,1.408,2.205,BULLISH,13.979,3.81,371.26,327.96,349.61,89.81,12.38,MID_BAND,False,ACCUMULATING,13.53,27.42,13.69,RANGING,BULLISH,2026-08-03
SUNPHARMA,1963.5,2046.9,1548.0,-4.07,26.84,1950.79,1878.57,1777.76,0.65,4.52,10.45,STRONG_UPTREND,2679604.0,57.69,BULLISH,29.4387,30.1962,-0.7574,BEARISH_CROSS,36.1264,1.84,2007.21,1894.37,1950.79,61.26,5.78,SQUEEZE,True,ACCUMULATING,33.69,26.08,14.65,STRONG_TREND,BULLISH,2026-08-03
SUNTECK,308.1,473.0,270.75,-34.86,13.8,311.83,307.1,360.92,-1.2,0.33,-14.63,DOWNTREND,535646.0,48.47,NEUTRAL,-2.4082,-1.4269,-0.9813,BEARISH,11.3795,3.69,330.01,293.64,311.82,39.76,11.67,MID_BAND,False,ACCUMULATING,15.6,18.64,23.28,RANGING,BEARISH,2026-08-03
SUNTV,503.8,660.7,480.2,-23.75,4.91,497.88,507.02,556.59,1.19,-0.64,-9.48,DOWNTREND,243262.0,50.34,NEUTRAL,-2.1779,-4.8375,2.6596,BULLISH,12.2955,2.44,513.54,482.23,497.88,68.9,6.29,MID_BAND,False,ACCUMULATING,17.94,19.25,17.87,RANGING,BULLISH,2026-08-03
SUPERHOUSE,158.57,201.95,128.55,-21.48,23.35,159.82,156.63,152.7,-0.78,1.24,3.84,UPTREND,30905.0,49.9,NEUTRAL,0.6015,1.2171,-0.6156,BEARISH,8.1103,5.11,173.41,146.23,159.82,45.4,17.01,MID_BAND,False,ACCUMULATING,19.67,19.9,20.33,RANGING,BEARISH,2026-08-03
SUPRAJIT,512.7,526.0,389.95,-2.53,31.48,493.49,477.21,447.33,3.89,7.44,14.61,STRONG_UPTREND,152050.0,67.66,BULLISH,7.7307,6.8793,0.8514,BULLISH_CROSS,15.2062,2.97,509.04,477.95,493.49,111.78,6.3,NEAR_UPPER,False,ACCUMULATING,29.56,28.95,12.3,MODERATE_TREND,BULLISH,2026-08-03
SUPREME,45.99,97.84,43.1,-52.99,6.71,45.89,46.45,59.72,0.22,-0.99,-22.99,DOWNTREND,38565.0,49.8,NEUTRAL,-0.5369,-0.5988,0.0619,BULLISH_CROSS,2.3339,5.07,48.21,43.56,45.89,52.24,10.12,SQUEEZE,True,DISTRIBUTING,38.21,28.75,10.07,STRONG_TREND,BULLISH,2026-08-03
SUPREMEIND,3530.0,4664.9,3140.0,-24.33,12.42,3395.89,3446.5,3593.64,3.95,2.42,-1.77,DOWNTREND,200194.0,58.01,BULLISH,17.9257,0.895,17.0308,BULLISH,101.1958,2.87,3600.77,3191.01,3395.89,82.73,12.07,MID_BAND,False,ACCUMULATING,11.71,21.82,16.01,RANGING,BULLISH,2026-08-03
SUPREMEINF,84.17,92.82,68.01,-9.32,23.76,82.17,80.33,,2.43,4.78,,INSUFFICIENT_DATA,167319.0,53.71,NEUTRAL,1.0211,0.9152,0.1059,BULLISH,5.307,6.31,88.89,75.44,82.17,64.9,16.38,MID_BAND,False,ACCUMULATING,13.5,21.05,16.83,RANGING,BULLISH,2026-08-03
SUPRIYA,879.65,1085.0,545.5,-18.93,61.26,851.83,899.48,745.66,3.27,-2.2,17.97,CONSOLIDATING,253986.0,52.57,NEUTRAL,-8.8218,-12.3951,3.5732,BULLISH,35.2737,4.01,881.88,821.79,851.83,96.3,7.05,NEAR_UPPER,False,ACCUMULATING,16.05,23.33,18.59,RANGING,BULLISH,2026-08-03
SURAJEST,201.68,349.35,171.3,-42.27,17.73,198.6,199.26,227.72,1.55,1.21,-11.44,DOWNTREND,32215.0,55.71,BULLISH,-1.1709,-1.4727,0.3018,BULLISH_CROSS,5.5897,2.77,206.67,190.52,198.6,69.11,8.13,MID_BAND,False,DISTRIBUTING,12.05,19.85,15.97,RANGING,BULLISH,2026-08-03
SURAJLTD,220.91,354.95,205.0,-37.76,7.76,225.95,228.06,241.24,-2.23,-3.14,-8.43,DOWNTREND,1816.0,44.19,BEARISH,-2.1274,-1.6543,-0.4731,BEARISH,10.1847,4.61,234.66,217.23,225.95,21.1,7.72,MID_BAND,False,DISTRIBUTING,14.13,22.11,18.68,RANGING,BULLISH,2026-08-03
SURAKSHA,252.1,333.0,224.1,-24.29,12.49,257.54,268.73,276.95,-2.11,-6.19,-8.97,DOWNTREND,53074.0,37.75,BEARISH,-5.5926,-5.4095,-0.1831,BEARISH,8.8937,3.53,269.76,245.32,257.54,27.74,9.49,MID_BAND,False,ACCUMULATING,12.33,16.29,15.77,RANGING,BULLISH,2026-08-03
SURANASOL,26.27,39.08,18.31,-32.78,43.47,26.12,26.67,26.04,0.57,-1.5,0.88,CONSOLIDATING,105112.0,48.76,NEUTRAL,-0.0347,-0.06,0.0253,BULLISH,1.0581,4.03,27.27,24.97,26.12,56.54,8.78,MID_BAND,False,ACCUMULATING,17.0,27.16,18.96,RANGING,BULLISH,2026-08-03
SURANAT&P,17.89,29.27,15.5,-38.88,15.42,18.18,18.51,18.79,-1.6,-3.35,-4.79,DOWNTREND,56770.0,42.08,BEARISH,-0.2374,-0.2092,-0.0282,BEARISH,0.7458,4.17,18.88,17.48,18.18,29.1,7.7,MID_BAND,False,DISTRIBUTING,20.6,24.41,14.98,MODERATE_TREND,BULLISH,2026-08-03
SURYALA,410.9,508.0,330.3,-19.11,24.4,430.09,440.42,,-4.46,-6.7,,INSUFFICIENT_DATA,2585.0,40.49,BEARISH,-6.4569,-3.2861,-3.1708,BEARISH,20.015,4.87,456.32,403.87,430.09,13.41,12.2,MID_BAND,False,DISTRIBUTING,25.63,23.68,17.35,MODERATE_TREND,BULLISH,2026-08-03
SURYALAXMI,60.87,70.8,43.0,-14.03,41.56,58.21,58.56,57.56,4.57,3.94,5.75,STRONG_UPTREND,4373.0,58.84,BULLISH,0.1114,-0.2732,0.3846,BULLISH,2.9356,4.82,61.06,55.35,58.21,96.69,9.8,NEAR_UPPER,False,ACCUMULATING,12.26,18.64,13.61,RANGING,BULLISH,2026-08-03
SURYAROSNI,237.32,326.0,187.35,-27.2,26.67,244.5,249.93,248.09,-2.94,-5.05,-4.34,DOWNTREND,392600.0,36.31,BEARISH,-4.3487,-3.9586,-0.3902,BEARISH,7.4828,3.15,260.02,228.97,244.5,26.89,12.7,MID_BAND,False,DISTRIBUTING,16.14,15.18,18.07,RANGING,BEARISH,2026-08-03
SURYODAY,163.73,218.0,115.41,-24.89,41.87,179.46,174.68,148.25,-8.77,-6.27,10.44,CONSOLIDATING,5457096.0,39.93,BEARISH,-2.8564,0.5777,-3.4341,BEARISH,9.8131,5.99,201.54,157.39,179.46,14.37,24.6,MID_BAND,False,DISTRIBUTING,26.56,25.12,23.19,MODERATE_TREND,BULLISH,2026-08-03
SUVEN,307.2,371.0,124.11,-17.2,147.52,326.8,293.38,201.82,-6.0,4.71,52.21,UPTREND,1120924.0,49.09,NEUTRAL,3.1052,8.9073,-5.8021,BEARISH,17.9943,5.86,367.08,286.52,326.8,25.67,24.65,MID_BAND,False,ACCUMULATING,23.54,15.26,18.8,MODERATE_TREND,BEARISH,2026-08-03
SUVIDHAA,2.54,4.25,2.21,-40.24,14.93,2.54,2.63,,0.0,-3.42,,INSUFFICIENT_DATA,81574.0,46.3,NEUTRAL,-0.0357,-0.0447,0.009,BULLISH,0.1348,5.31,2.61,2.46,2.54,52.97,5.98,MID_BAND,False,DISTRIBUTING,35.93,7.88,16.24,STRONG_TREND,BEARISH,2026-08-03
SUYOG,865.7,925.0,526.5,-6.41,64.43,865.94,814.02,707.55,-0.03,6.35,22.35,UPTREND,30385.0,55.29,BULLISH,12.6324,15.3637,-2.7313,BEARISH,33.569,3.88,898.8,833.08,865.94,49.64,7.59,MID_BAND,False,DISTRIBUTING,18.38,15.81,13.23,RANGING,BULLISH,2026-08-03
SUZLON,48.1,64.95,38.19,-25.94,25.95,51.66,54.55,50.99,-6.89,-11.82,-5.67,DOWNTREND,72091488.0,30.38,BEARISH,-1.9065,-1.4184,-0.4881,BEARISH,1.6105,3.35,56.41,46.92,51.66,12.48,18.37,MID_BAND,False,DISTRIBUTING,31.64,16.67,36.77,STRONG_TREND,BEARISH,2026-08-03
SWANCORP,310.2,506.0,295.65,-38.7,4.92,313.29,316.09,377.44,-0.99,-1.86,-17.81,DOWNTREND,700053.0,46.08,NEUTRAL,-2.6896,-2.5073,-0.1823,BEARISH,7.8171,2.52,324.91,301.67,313.29,36.71,7.42,MID_BAND,False,DISTRIBUTING,7.5,17.54,18.1,RANGING,BEARISH,2026-08-03
SWARAJENG,3630.6,4545.0,3301.3,-20.12,9.97,3669.95,3776.48,3715.96,-1.07,-3.86,-2.3,DOWNTREND,17066.0,41.6,BEARISH,-62.7596,-62.342,-0.4176,BEARISH,76.8958,2.12,3837.29,3502.61,3669.95,38.24,9.12,MID_BAND,False,DISTRIBUTING,14.41,23.17,20.95,RANGING,BULLISH,2026-08-03
SWELECTES,613.5,977.0,483.1,-37.21,26.99,618.45,629.71,618.56,-0.8,-2.57,-0.82,DOWNTREND,15552.0,47.86,NEUTRAL,-8.0935,-7.014,-1.0795,BEARISH,19.5403,3.19,649.34,587.57,618.45,41.98,9.99,MID_BAND,False,DISTRIBUTING,8.8,20.33,20.52,RANGING,BEARISH,2026-08-03
SWIGGY,288.0,474.0,235.75,-39.24,22.16,271.38,259.21,313.21,6.12,11.11,-8.05,DOWNTREND,28173037.0,60.52,BULLISH,7.103,4.7522,2.3508,BULLISH,12.5673,4.36,294.27,248.48,271.38,86.3,16.88,MID_BAND,False,ACCUMULATING,20.63,30.44,18.83,MODERATE_TREND,BULLISH,2026-08-03
SWSOLAR,208.41,286.5,148.0,-27.26,40.82,219.09,217.5,205.94,-4.87,-4.18,1.2,CONSOLIDATING,2024188.0,40.99,BEARISH,-5.807,-3.8862,-1.9208,BEARISH,8.7593,4.2,247.77,190.42,219.09,31.37,26.18,MID_BAND,False,DISTRIBUTING,25.64,16.85,24.64,MODERATE_TREND,BEARISH,2026-08-03
SYMPHONY,682.75,991.5,656.0,-31.14,4.08,696.33,692.21,802.91,-1.95,-1.37,-14.97,DOWNTREND,92198.0,44.35,BEARISH,-4.3305,-3.2912,-1.0393,BEARISH,16.6061,2.43,724.3,668.35,696.33,25.73,8.04,MID_BAND,False,DISTRIBUTING,11.44,16.45,17.0,RANGING,BEARISH,2026-08-03
SYNCOMF,13.19,18.7,10.21,-29.47,29.19,13.48,14.08,13.88,-2.15,-6.32,-4.97,DOWNTREND,1190131.0,41.65,BEARISH,-0.2642,-0.2485,-0.0157,BEARISH,0.3912,2.97,14.22,12.73,13.48,30.67,11.07,MID_BAND,False,DISTRIBUTING,19.9,17.31,23.31,RANGING,BEARISH,2026-08-03
SYNGENE,402.2,684.6,375.25,-41.25,7.18,411.94,431.82,500.25,-2.36,-6.86,-19.6,DOWNTREND,1760280.0,41.64,BEARISH,-9.3033,-8.476,-0.8272,BEARISH,13.9328,3.46,430.33,393.56,411.94,23.49,8.92,MID_BAND,False,DISTRIBUTING,23.99,12.57,25.64,MODERATE_TREND,BEARISH,2026-08-03
SYRMA,1360.6,1517.7,634.5,-10.35,114.44,1373.7,1307.88,946.0,-0.95,4.03,43.83,UPTREND,1448576.0,51.83,NEUTRAL,7.527,15.3485,-7.8215,BEARISH,57.2491,4.21,1463.08,1284.32,1373.7,42.67,13.01,MID_BAND,False,ACCUMULATING,26.91,26.91,18.84,MODERATE_TREND,BULLISH,2026-08-03
TAALTECH,3984.0,4200.0,2616.1,-5.14,52.29,3923.88,3619.69,,1.53,10.06,,INSUFFICIENT_DATA,3060.0,58.96,BULLISH,104.1923,121.2853,-17.093,BEARISH,161.8437,4.06,4083.74,3764.02,3923.88,68.8,8.15,MID_BAND,False,ACCUMULATING,39.83,21.26,8.21,STRONG_TREND,BULLISH,2026-08-03
TAINWALCHM,206.82,257.0,155.0,-19.53,33.43,206.19,202.05,193.01,0.31,2.36,7.16,STRONG_UPTREND,26479.0,52.64,NEUTRAL,-0.5572,0.5279,-1.0851,BEARISH,10.821,5.23,227.95,184.43,206.19,51.45,21.1,MID_BAND,False,DISTRIBUTING,27.39,29.22,14.29,MODERATE_TREND,BULLISH,2026-08-03
TAJGVK,363.45,512.65,281.35,-29.1,29.18,360.92,344.64,357.48,0.7,5.46,1.67,STRONG_UPTREND,189044.0,59.93,BULLISH,5.135,5.9132,-0.7783,BEARISH,11.1335,3.06,369.06,352.77,360.92,65.57,4.51,SQUEEZE,True,ACCUMULATING,19.64,20.46,16.07,RANGING,BULLISH,2026-08-03
TAKE,22.36,22.45,10.09,-0.4,121.61,18.09,,,23.6,,,INSUFFICIENT_DATA,744448.0,92.85,OVERBOUGHT,2.5286,2.3686,0.16,BULLISH,0.9349,4.18,24.85,11.34,18.09,81.59,74.65,MID_BAND,False,ACCUMULATING,65.7,42.61,9.5,STRONG_TREND,BULLISH,2026-08-03
TALBROAUTO,417.65,435.0,219.9,-3.99,89.93,402.23,383.3,302.56,3.83,8.96,38.04,STRONG_UPTREND,138470.0,62.36,BULLISH,5.4348,6.2516,-0.8168,BEARISH,15.9485,3.82,419.64,384.82,402.23,94.3,8.66,NEAR_UPPER,False,ACCUMULATING,25.46,27.86,13.97,MODERATE_TREND,BULLISH,2026-08-03
TANLA,614.15,766.0,365.9,-19.82,67.85,575.4,544.23,516.51,6.73,12.85,18.9,STRONG_UPTREND,2451095.0,61.59,BULLISH,18.2246,16.8339,1.3908,BULLISH,26.924,4.38,630.37,520.43,575.4,85.25,19.11,MID_BAND,False,ACCUMULATING,37.44,32.98,13.54,STRONG_TREND,BULLISH,2026-08-03
TARACHAND,58.84,103.67,53.0,-43.24,11.02,55.69,56.22,65.3,5.66,4.66,-9.89,DOWNTREND,77379.0,64.92,BULLISH,-0.2328,-0.45,0.2172,BULLISH_CROSS,1.9876,3.38,57.85,53.53,55.69,123.04,7.75,NEAR_UPPER,False,DISTRIBUTING,12.26,27.96,13.33,RANGING,BULLISH,2026-08-03
TARAPUR,15.77,39.7,15.53,-60.28,1.55,17.52,18.65,,-9.99,-15.44,,INSUFFICIENT_DATA,26826.0,34.67,BEARISH,-0.7241,-0.6035,-0.1206,BEARISH,0.9925,6.29,19.1,15.93,17.52,-5.09,18.09,NEAR_LOWER,False,DISTRIBUTING,37.48,9.27,22.29,STRONG_TREND,BEARISH,2026-08-03
TARC,135.7,186.3,109.1,-27.16,24.38,126.26,127.08,140.03,7.48,6.78,-3.09,DOWNTREND,4374241.0,63.69,BULLISH,2.5479,0.8424,1.7055,BULLISH,5.3815,3.97,139.71,112.82,126.26,85.1,21.3,MID_BAND,False,ACCUMULATING,32.6,34.59,9.09,STRONG_TREND,BULLISH,2026-08-03
TARIL,295.5,552.0,224.05,-46.47,31.89,317.56,323.57,302.45,-6.95,-8.68,-2.3,DOWNTREND,1834506.0,37.6,BEARISH,-10.1462,-7.0641,-3.082,BEARISH,11.9661,4.05,357.28,277.84,317.56,22.23,25.02,MID_BAND,False,DISTRIBUTING,21.45,15.97,25.77,MODERATE_TREND,BEARISH,2026-08-03
TARMAT,50.13,73.9,46.26,-32.17,8.37,49.5,50.69,52.48,1.27,-1.1,-4.48,DOWNTREND,9528.0,49.99,NEUTRAL,-0.2229,-0.3865,0.1636,BULLISH,1.9193,3.83,51.36,47.63,49.5,66.99,7.53,MID_BAND,False,ACCUMULATING,20.88,11.9,17.1,MODERATE_TREND,BEARISH,2026-08-03
TARSONS,317.4,379.95,164.45,-16.46,93.01,305.89,263.82,227.45,3.76,20.31,39.55,STRONG_UPTREND,619954.0,61.3,BULLISH,14.683,15.9439,-1.2609,BEARISH,16.7127,5.27,329.97,281.8,305.89,73.9,15.75,MID_BAND,False,ACCUMULATING,48.74,28.42,9.45,STRONG_TREND,BULLISH,2026-08-03
TASTYBITE,9430.0,10694.0,6430.0,-11.82,46.66,8986.98,8459.33,7817.73,4.93,11.47,20.62,STRONG_UPTREND,3374.0,63.2,BULLISH,216.3411,210.7792,5.5619,BULLISH_CROSS,338.1747,3.59,9433.18,8540.77,8986.98,99.64,9.93,NEAR_UPPER,False,ACCUMULATING,49.51,29.36,8.02,STRONG_TREND,BULLISH,2026-08-03
TATACAP,364.75,379.95,296.0,-4.0,23.23,354.29,341.75,333.32,2.95,6.73,9.43,STRONG_UPTREND,1749181.0,61.43,BULLISH,4.3029,3.5875,0.7153,BULLISH,10.101,2.77,368.22,340.37,354.29,87.53,7.86,MID_BAND,False,ACCUMULATING,23.89,34.52,17.49,MODERATE_TREND,BULLISH,2026-08-03
TATACHEM,674.65,1026.65,580.3,-34.29,16.26,694.17,716.56,736.07,-2.81,-5.85,-8.34,DOWNTREND,411828.0,39.32,BEARISH,-11.9805,-10.9254,-1.055,BEARISH,15.9977,2.37,726.0,662.34,694.17,19.33,9.17,MID_BAND,False,DISTRIBUTING,10.87,20.94,21.96,RANGING,BEARISH,2026-08-03
TATACOMM,1780.1,2110.0,1322.5,-15.64,34.6,1814.29,1901.18,1722.11,-1.88,-6.37,3.37,CONSOLIDATING,331437.0,42.57,BEARISH,-35.4907,-32.4917,-2.999,BEARISH,59.6442,3.35,1909.74,1718.84,1814.29,32.09,10.52,MID_BAND,False,DISTRIBUTING,32.22,8.55,21.8,STRONG_TREND,BEARISH,2026-08-03
TATACONSUM,1110.0,1282.7,1007.2,-13.46,10.21,1096.45,1115.81,1139.68,1.24,-0.52,-2.6,DOWNTREND,1412716.0,52.42,NEUTRAL,-5.2918,-7.4981,2.2063,BULLISH,24.7678,2.23,1119.81,1073.1,1096.45,79.0,4.26,SQUEEZE,True,ACCUMULATING,19.11,14.17,20.56,RANGING,BEARISH,2026-08-03
TATAELXSI,3761.9,5950.0,3353.9,-36.77,12.16,3597.9,3902.78,4618.43,4.56,-3.61,-18.55,DOWNTREND,549983.0,54.52,NEUTRAL,-59.3157,-104.5502,45.2345,BULLISH,106.9994,2.84,3828.17,3367.63,3597.9,85.61,12.8,MID_BAND,False,ACCUMULATING,23.88,27.82,25.66,MODERATE_TREND,BULLISH,2026-08-03
TATAINVEST,676.65,1184.7,538.85,-42.88,25.57,665.23,669.26,678.95,1.72,1.1,-0.34,DOWNTREND,276964.0,55.38,BULLISH,-0.3438,-3.4148,3.071,BULLISH,15.5949,2.3,699.54,630.93,665.23,66.64,10.31,MID_BAND,False,ACCUMULATING,15.8,30.23,21.39,RANGING,BULLISH,2026-08-03
TATAPOWER,382.0,464.9,342.5,-17.83,11.53,377.82,391.74,390.61,1.11,-2.49,-2.2,DOWNTREND,3651287.0,50.02,NEUTRAL,-3.2706,-4.6798,1.4092,BULLISH,6.9315,1.81,384.35,371.28,377.82,82.01,3.46,MID_BAND,False,DISTRIBUTING,17.09,19.28,20.71,RANGING,BEARISH,2026-08-03
TATASTEEL,191.0,224.4,153.05,-14.88,24.8,186.9,194.84,192.46,2.19,-1.97,-0.76,DOWNTREND,21624393.0,54.1,NEUTRAL,-1.6859,-2.8129,1.1271,BULLISH,3.8134,2.0,191.77,182.03,186.9,92.13,5.21,NEAR_UPPER,False,DISTRIBUTING,25.84,23.25,20.89,MODERATE_TREND,BULLISH,2026-08-03
TATATECH,763.8,784.0,507.4,-2.58,50.53,735.7,734.99,650.58,3.82,3.92,17.4,STRONG_UPTREND,1076690.0,59.31,BULLISH,5.9646,3.6077,2.3569,BULLISH,26.1192,3.42,780.84,690.57,735.7,81.12,12.27,MID_BAND,False,ACCUMULATING,16.6,30.41,19.35,RANGING,BULLISH,2026-08-03
TATVA,1771.0,1838.1,976.4,-3.65,81.38,1550.61,1332.65,1301.22,14.21,32.89,36.1,STRONG_UPTREND,366800.0,68.79,BULLISH,136.0529,123.7248,12.3281,BULLISH,88.0426,4.97,1971.94,1129.27,1550.61,76.15,54.34,MID_BAND,False,ACCUMULATING,48.24,36.71,9.25,STRONG_TREND,BULLISH,2026-08-03
TBOTEK,1615.9,1764.8,1004.2,-8.44,60.91,1487.29,1404.88,1405.8,8.65,15.02,14.95,STRONG_UPTREND,307250.0,69.96,BULLISH,34.1909,27.7489,6.4421,BULLISH_CROSS,58.5688,3.62,1574.03,1400.55,1487.29,124.13,11.66,NEAR_UPPER,False,DISTRIBUTING,24.28,31.21,14.44,MODERATE_TREND,BULLISH,2026-08-03
TBZ,287.7,295.7,110.5,-2.71,160.36,255.82,208.33,168.85,12.46,38.1,70.39,STRONG_UPTREND,4080658.0,70.88,OVERBOUGHT,22.7172,22.5092,0.2079,BULLISH,16.1822,5.62,308.02,203.61,255.82,80.54,40.81,MID_BAND,False,ACCUMULATING,62.24,29.49,6.71,STRONG_TREND,BULLISH,2026-08-03
TCC,291.5,526.4,260.45,-44.62,11.92,296.77,330.25,,-1.78,-11.73,,INSUFFICIENT_DATA,53347.0,44.34,BEARISH,-14.5388,-16.6048,2.066,BULLISH,19.6358,6.74,344.26,249.27,296.77,44.45,32.01,MID_BAND,False,DISTRIBUTING,31.39,21.1,19.5,STRONG_TREND,BULLISH,2026-08-03
TCI,914.6,1242.0,868.05,-26.36,5.36,929.18,930.87,1002.94,-1.57,-1.75,-8.81,DOWNTREND,47198.0,43.45,BEARISH,-2.8165,-2.0217,-0.7948,BEARISH,23.1472,2.53,945.95,912.41,929.18,6.52,3.61,NEAR_LOWER,False,ACCUMULATING,15.35,13.59,17.84,RANGING,BEARISH,2026-08-03
TCIEXP,557.25,780.0,447.55,-28.56,24.51,555.72,535.19,546.66,0.28,4.12,1.94,STRONG_UPTREND,231528.0,53.19,NEUTRAL,4.1843,7.6043,-3.4201,BEARISH,23.006,4.13,601.79,509.64,555.71,51.67,16.58,SQUEEZE,True,ACCUMULATING,30.68,26.11,17.34,STRONG_TREND,BULLISH,2026-08-03
TCPLPACK,3250.8,3589.8,2200.0,-9.44,47.76,3169.15,2911.87,2826.48,2.58,11.64,15.01,STRONG_UPTREND,7931.0,59.55,BULLISH,82.8244,102.8862,-20.0618,BEARISH,135.9321,4.18,3445.17,2893.12,3169.14,64.79,17.42,MID_BAND,False,ACCUMULATING,34.76,24.51,13.94,STRONG_TREND,BULLISH,2026-08-03
TCS,2473.7,3350.0,1976.8,-26.16,25.14,2245.12,2202.56,2674.59,10.18,12.31,-7.51,DOWNTREND,5035865.0,68.53,BULLISH,70.6641,42.8124,27.8517,BULLISH,71.0761,2.87,2499.99,1990.25,2245.12,94.84,22.7,NEAR_UPPER,False,ACCUMULATING,24.18,41.46,20.45,MODERATE_TREND,BULLISH,2026-08-03
TDPOWERSYS,1112.4,1379.6,491.0,-19.37,126.56,1121.2,1197.05,934.63,-0.78,-7.07,19.02,CONSOLIDATING,1073432.0,46.91,NEUTRAL,-24.7676,-24.7882,0.0205,BULLISH_CROSS,62.6153,5.63,1188.89,1053.51,1121.2,43.5,12.07,MID_BAND,False,ACCUMULATING,14.92,20.98,29.03,RANGING,BEARISH,2026-08-03
TEAMGTY,223.48,332.55,210.0,-32.8,6.42,224.33,235.17,,-0.38,-4.97,,INSUFFICIENT_DATA,4076.0,46.46,NEUTRAL,-4.3187,-4.4974,0.1787,BULLISH_CROSS,17.706,7.92,234.0,214.67,224.33,45.59,8.62,MID_BAND,False,ACCUMULATING,15.84,13.22,14.98,RANGING,BEARISH,2026-08-03
TEAMLEASE,1239.8,1944.3,1065.2,-36.23,16.39,1343.89,1386.01,1408.05,-7.75,-10.55,-11.95,DOWNTREND,48451.0,25.55,OVERSOLD,-39.6717,-26.2804,-13.3912,BEARISH,36.9132,2.98,1462.01,1225.77,1343.89,5.94,17.58,NEAR_LOWER,False,DISTRIBUTING,25.07,13.02,26.21,MODERATE_TREND,BEARISH,2026-08-03
TECHM,1649.0,1854.0,1304.1,-11.06,26.45,1549.02,1491.36,1496.99,6.45,10.57,10.15,STRONG_UPTREND,2918948.0,69.7,BULLISH,52.2346,41.0556,11.179,BULLISH,45.9755,2.79,1703.44,1394.6,1549.02,82.37,19.94,MID_BAND,False,ACCUMULATING,24.81,33.5,16.01,MODERATE_TREND,BULLISH,2026-08-03
TECHNOE,999.4,1575.0,870.0,-36.55,14.87,1019.79,1053.05,1111.32,-2.0,-5.09,-10.07,DOWNTREND,125143.0,41.8,BEARISH,-24.3311,-23.2192,-1.1119,BEARISH,27.7366,2.78,1081.49,958.1,1019.8,33.47,12.1,MID_BAND,False,DISTRIBUTING,28.69,14.84,24.03,MODERATE_TREND,BEARISH,2026-08-03
TECHNVISN,4466.1,6198.0,3222.8,-27.94,38.58,3975.91,4639.0,,12.33,-3.73,,INSUFFICIENT_DATA,2496.0,53.2,NEUTRAL,55.6798,-82.5875,138.2673,BULLISH,315.0303,7.05,5256.56,2695.26,3975.91,69.14,64.42,MID_BAND,False,ACCUMULATING,45.63,34.63,23.66,STRONG_TREND,BULLISH,2026-08-03
TECILCHEM,10.05,21.38,8.8,-52.99,14.2,9.81,10.64,,2.45,-5.55,,INSUFFICIENT_DATA,6506.0,49.26,NEUTRAL,-0.2112,-0.289,0.0778,BULLISH,0.8004,7.96,10.38,9.23,9.81,71.0,11.72,MID_BAND,False,DISTRIBUTING,14.45,12.34,11.9,RANGING,BULLISH,2026-08-03
TEGA,1587.7,2125.0,1473.0,-25.28,7.79,1593.25,1680.53,1760.17,-0.35,-5.52,-9.8,DOWNTREND,101319.0,47.91,NEUTRAL,-47.9719,-43.9613,-4.0106,BEARISH,56.048,3.53,1731.36,1455.13,1593.25,47.99,17.34,MID_BAND,False,DISTRIBUTING,21.57,22.58,21.63,MODERATE_TREND,BULLISH,2026-08-03
TEJASNET,519.6,647.0,294.0,-19.69,76.73,529.31,555.39,463.84,-1.83,-6.44,12.02,CONSOLIDATING,2088906.0,45.24,NEUTRAL,-14.341,-12.7728,-1.5681,BEARISH,22.3151,4.29,571.57,487.06,529.31,38.51,15.97,MID_BAND,False,ACCUMULATING,16.09,27.0,21.21,RANGING,BULLISH,2026-08-03
TEMBO,56.04,837.0,43.34,-93.3,29.32,55.23,56.71,212.03,1.47,-1.18,-73.57,DOWNTREND,1649823.0,51.96,NEUTRAL,-0.246,-0.516,0.27,BULLISH,2.216,3.95,57.77,52.69,55.23,65.94,9.19,MID_BAND,False,ACCUMULATING,14.35,18.67,16.46,RANGING,BULLISH,2026-08-03
TENNIND,544.6,657.0,438.05,-17.11,24.32,558.14,575.03,,-2.43,-5.29,,INSUFFICIENT_DATA,536846.0,42.08,BEARISH,-12.2249,-10.9201,-1.3048,BEARISH,15.8899,2.92,596.48,519.8,558.14,32.34,13.74,MID_BAND,False,DISTRIBUTING,23.08,15.98,22.71,MODERATE_TREND,BEARISH,2026-08-03
TERASOFT,389.1,474.15,285.0,-17.94,36.53,391.36,404.91,,-0.58,-3.9,,INSUFFICIENT_DATA,12634.0,47.42,NEUTRAL,-4.7935,-3.6497,-1.1437,BEARISH,18.4331,4.74,407.91,374.81,391.36,43.17,8.46,MID_BAND,False,DISTRIBUTING,15.99,15.35,21.94,RANGING,BEARISH,2026-08-03
TEXINFRA,113.93,118.0,82.5,-3.45,38.1,113.96,107.34,100.47,-0.03,6.14,13.4,UPTREND,93371.0,59.91,BULLISH,1.6495,2.0848,-0.4353,BEARISH,2.4569,2.16,115.24,112.68,113.96,48.91,2.25,MID_BAND,False,ACCUMULATING,37.91,20.72,12.59,STRONG_TREND,BULLISH,2026-08-03
TEXMOPIPES,42.99,62.0,33.0,-30.66,30.27,43.36,44.38,46.12,-0.85,-3.13,-6.79,DOWNTREND,14414.0,44.62,BEARISH,-0.4777,-0.4736,-0.0042,BEARISH,1.7114,3.98,44.4,42.33,43.36,31.88,4.77,MID_BAND,False,ACCUMULATING,7.79,17.04,14.61,RANGING,BULLISH,2026-08-03
TEXRAIL,112.91,153.0,78.05,-26.2,44.66,113.63,110.31,114.35,-0.63,2.36,-1.26,DOWNTREND,1741647.0,51.43,NEUTRAL,-0.0012,0.444,-0.4452,BEARISH,3.6113,3.2,119.53,107.72,113.63,43.94,10.39,SQUEEZE,True,DISTRIBUTING,14.81,25.23,21.62,RANGING,BULLISH,2026-08-03
TFCILTD,105.62,107.25,51.0,-1.52,107.1,86.83,80.03,71.37,21.64,31.98,47.99,STRONG_UPTREND,15121707.0,83.47,OVERBOUGHT,6.5366,4.4057,2.131,BULLISH,4.0425,3.83,106.18,67.47,86.83,98.55,44.58,NEAR_UPPER,False,ACCUMULATING,37.89,42.76,7.36,STRONG_TREND,BULLISH,2026-08-03
TFL,11.14,18.5,10.21,-39.78,9.11,11.13,11.78,13.03,0.09,-5.43,-14.5,DOWNTREND,9405.0,46.46,NEUTRAL,-0.2012,-0.2685,0.0673,BULLISH,0.697,6.26,11.86,10.41,11.13,50.38,13.06,MID_BAND,False,DISTRIBUTING,20.67,14.31,14.02,MODERATE_TREND,BULLISH,2026-08-03
TGBHOTELS,9.27,13.4,7.5,-30.82,23.6,8.97,9.02,9.48,3.34,2.77,-2.22,DOWNTREND,83834.0,54.31,NEUTRAL,0.1218,0.0429,0.0788,BULLISH,0.6205,6.69,9.69,8.25,8.97,70.65,16.11,MID_BAND,False,ACCUMULATING,42.24,33.27,11.99,STRONG_TREND,BULLISH,2026-08-03
THAKDEV,140.47,163.01,115.1,-13.83,22.04,140.96,136.08,,-0.35,3.23,,INSUFFICIENT_DATA,254.0,49.57,NEUTRAL,4.3199,4.7523,-0.4324,BEARISH_CROSS,8.8515,6.3,163.56,118.37,140.96,48.91,32.06,MID_BAND,False,ACCUMULATING,21.29,18.95,25.37,MODERATE_TREND,BEARISH,2026-08-03
THANGAMAYL,4965.5,7430.0,1939.5,-33.17,156.02,6423.05,5728.15,4070.56,-22.69,-13.31,21.99,CONSOLIDATING,308424.0,33.68,BEARISH,1.3225,235.8281,-234.5056,BEARISH,402.2261,8.1,7545.88,5300.22,6423.05,-14.91,34.96,NEAR_LOWER,False,DISTRIBUTING,42.58,21.71,39.26,STRONG_TREND,BEARISH,2026-08-03
THEINVEST,101.23,164.8,89.0,-38.57,13.74,96.94,97.49,107.22,4.43,3.84,-5.59,DOWNTREND,4864.0,59.47,BULLISH,-0.1306,-0.5229,0.3923,BULLISH,3.8524,3.81,100.23,93.65,96.94,115.21,6.79,NEAR_UPPER,False,DISTRIBUTING,10.33,19.94,17.61,RANGING,BULLISH,2026-08-03
THEJO,2169.1,2192.9,1443.6,-1.09,50.26,1916.2,1779.72,1721.48,13.2,21.88,26.0,STRONG_UPTREND,9664.0,77.28,OVERBOUGHT,62.5898,45.5665,17.0233,BULLISH,79.321,3.66,2073.94,1758.46,1916.2,130.17,16.46,NEAR_UPPER,False,ACCUMULATING,30.14,31.47,9.12,STRONG_TREND,BULLISH,2026-08-03
THELEELA,501.8,517.95,384.5,-3.12,30.51,486.53,462.44,433.52,3.14,8.51,15.75,STRONG_UPTREND,442910.0,62.49,BULLISH,4.6043,5.5733,-0.969,BEARISH,17.6566,3.52,507.66,465.41,486.53,86.13,8.68,MID_BAND,False,ACCUMULATING,21.52,30.29,16.47,MODERATE_TREND,BULLISH,2026-08-03
THEMISMED,107.06,148.0,64.95,-27.66,64.83,111.07,109.8,98.26,-3.61,-2.5,8.96,CONSOLIDATING,67445.0,45.88,NEUTRAL,-1.3454,-0.3593,-0.9861,BEARISH,5.2744,4.93,119.68,102.46,111.07,26.69,15.5,MID_BAND,False,ACCUMULATING,20.25,20.23,18.65,MODERATE_TREND,BULLISH,2026-08-03
THERMAX,4122.2,5277.8,2742.7,-21.9,50.3,4551.51,4689.96,3635.5,-9.43,-12.11,13.39,CONSOLIDATING,395038.0,33.98,BEARISH,-119.7461,-67.4959,-52.2502,BEARISH,231.9151,5.63,4944.84,4158.18,4551.51,-4.57,17.28,NEAR_LOWER,False,ACCUMULATING,26.3,10.86,38.63,MODERATE_TREND,BEARISH,2026-08-03
THOMASCOOK,107.15,181.55,86.35,-40.98,24.09,102.29,103.32,116.55,4.75,3.71,-8.07,DOWNTREND,1056401.0,58.41,BULLISH,-0.6281,-0.9743,0.3462,BULLISH_CROSS,4.0254,3.76,107.63,96.96,102.29,95.53,10.42,NEAR_UPPER,False,ACCUMULATING,15.0,29.34,15.12,RANGING,BULLISH,2026-08-03
THOMASCOTT,311.25,459.8,230.0,-32.31,35.33,310.61,298.65,310.92,0.21,4.22,0.11,STRONG_UPTREND,30413.0,52.86,NEUTRAL,-0.8182,0.836,-1.6542,BEARISH,17.7569,5.71,336.24,284.98,310.61,51.25,16.51,MID_BAND,False,DISTRIBUTING,19.51,27.32,18.61,RANGING,BULLISH,2026-08-03
THYROCARE,592.55,617.45,342.55,-4.03,72.98,551.31,539.19,456.17,7.48,9.9,29.9,STRONG_UPTREND,1228430.0,62.85,BULLISH,15.8766,12.2437,3.6329,BULLISH,24.9554,4.21,605.06,497.56,551.31,88.36,19.5,MID_BAND,False,ACCUMULATING,33.6,33.56,11.33,STRONG_TREND,BULLISH,2026-08-03
TI,465.8,549.7,381.55,-15.26,22.08,448.68,442.71,448.95,3.82,5.22,3.75,STRONG_UPTREND,555826.0,64.04,BULLISH,5.1634,2.738,2.4254,BULLISH,13.2399,2.84,467.41,429.96,448.69,95.71,8.35,NEAR_UPPER,False,ACCUMULATING,12.39,29.26,18.85,RANGING,BULLISH,2026-08-03
TIIL,2628.2,2875.0,1868.5,-8.58,40.66,2538.61,2539.77,2360.25,3.53,3.48,11.35,STRONG_UPTREND,8701.0,59.27,BULLISH,16.4281,9.0384,7.3897,BULLISH,79.3455,3.02,2641.3,2435.91,2538.61,93.62,8.09,NEAR_UPPER,False,ACCUMULATING,19.81,24.66,12.25,RANGING,BULLISH,2026-08-03
TIINDIA,2766.0,3419.9,2164.9,-19.12,27.77,2865.57,3021.55,2772.11,-3.47,-8.46,-0.22,DOWNTREND,236217.0,38.83,BEARISH,-75.2158,-65.6729,-9.5429,BEARISH,93.391,3.38,3023.51,2707.64,2865.57,18.48,11.02,MID_BAND,False,DISTRIBUTING,24.31,16.94,26.96,MODERATE_TREND,BEARISH,2026-08-03
TIJARIA,4.98,7.4,3.55,-32.7,40.28,4.47,4.6,,11.41,8.26,,INSUFFICIENT_DATA,100309.0,60.35,BULLISH,0.1032,0.0311,0.0721,BULLISH,0.4107,8.25,4.95,4.0,4.47,103.27,21.3,NEAR_UPPER,False,ACCUMULATING,14.3,23.8,10.55,RANGING,BULLISH,2026-08-03
TIL,259.9,371.95,161.25,-30.13,61.18,223.52,207.67,228.59,16.28,25.15,13.7,STRONG_UPTREND,2698235.0,65.94,BULLISH,11.3249,7.1888,4.1361,BULLISH,16.66,6.41,257.65,189.4,223.52,103.3,30.53,NEAR_UPPER,False,ACCUMULATING,29.94,33.09,8.01,MODERATE_TREND,BULLISH,2026-08-03
TIMETECHNO,210.15,249.15,154.0,-15.65,36.46,198.21,184.86,185.49,6.02,13.68,13.29,STRONG_UPTREND,4612284.0,62.47,BULLISH,7.9357,7.4185,0.5172,BULLISH,7.5839,3.61,225.17,171.26,198.21,72.14,27.2,MID_BAND,False,ACCUMULATING,31.93,27.31,15.27,STRONG_TREND,BULLISH,2026-08-03
TIMEX,549.25,618.0,312.0,-11.12,76.04,552.63,504.29,,-0.61,8.92,,INSUFFICIENT_DATA,400376.0,53.99,NEUTRAL,12.5693,19.0587,-6.4893,BEARISH,27.7102,5.05,587.72,517.55,552.63,45.18,12.7,MID_BAND,False,ACCUMULATING,41.23,29.15,17.24,STRONG_TREND,BULLISH,2026-08-03
TIMKEN,3216.1,3925.0,2800.5,-18.06,14.84,3146.53,3404.42,3268.71,2.21,-5.53,-1.61,DOWNTREND,55578.0,48.39,NEUTRAL,-78.468,-98.8996,20.4316,BULLISH,83.6328,2.6,3253.67,3039.38,3146.53,82.47,6.81,SQUEEZE,True,DISTRIBUTING,29.51,18.51,20.25,MODERATE_TREND,BEARISH,2026-08-03
TINNARUBR,1106.8,1322.0,527.45,-16.28,109.84,1045.83,944.88,792.12,5.83,17.14,39.73,STRONG_UPTREND,309853.0,59.51,BULLISH,49.5105,52.4004,-2.8898,BEARISH,70.156,6.34,1207.5,884.15,1045.83,68.86,30.92,MID_BAND,False,DISTRIBUTING,43.62,29.86,13.01,STRONG_TREND,BULLISH,2026-08-03
TIPSFILMS,379.0,574.1,276.75,-33.98,36.95,350.26,350.76,373.03,8.21,8.05,1.6,STRONG_UPTREND,44072.0,56.11,BULLISH,12.3111,6.6651,5.646,BULLISH,25.0068,6.6,412.93,287.6,350.26,72.93,35.78,MID_BAND,False,ACCUMULATING,30.43,33.9,17.94,STRONG_TREND,BULLISH,2026-08-03
TIPSMUSIC,688.55,741.0,481.15,-7.08,43.11,686.56,667.58,579.12,0.29,3.14,18.9,STRONG_UPTREND,1263346.0,52.27,NEUTRAL,4.2917,6.6436,-2.3519,BEARISH,34.389,4.99,733.82,639.3,686.56,52.11,13.77,MID_BAND,False,ACCUMULATING,22.16,17.75,25.11,MODERATE_TREND,BEARISH,2026-08-03
TIRUMALCHM,183.12,328.8,158.0,-44.31,15.9,168.48,175.45,202.57,8.69,4.37,-9.6,DOWNTREND,546222.0,62.97,BULLISH,0.0074,-2.0113,2.0188,BULLISH,7.0167,3.83,178.32,158.64,168.48,124.38,11.68,NEAR_UPPER,False,ACCUMULATING,13.64,28.69,17.34,RANGING,BULLISH,2026-08-03
TITAGARH,859.05,971.0,568.7,-11.53,51.06,839.48,855.95,792.64,2.33,0.36,8.38,STRONG_UPTREND,377899.0,54.48,NEUTRAL,-7.1764,-7.1561,-0.0202,BEARISH,26.4811,3.08,882.86,796.1,839.48,72.56,10.34,MID_BAND,False,ACCUMULATING,16.0,26.17,21.65,RANGING,BULLISH,2026-08-03
TITAN,5000.0,5000.0,3303.1,0.0,51.37,4696.62,4427.77,4179.14,6.46,12.92,19.64,STRONG_UPTREND,918349.0,82.52,OVERBOUGHT,132.3995,113.4219,18.9776,BULLISH,81.8477,1.64,4947.65,4445.6,4696.62,110.43,10.69,NEAR_UPPER,False,ACCUMULATING,41.65,40.83,9.27,STRONG_TREND,BULLISH,2026-08-03
TMB,861.55,917.0,411.8,-6.05,109.22,816.28,773.24,640.23,5.55,11.42,34.57,STRONG_UPTREND,727847.0,62.55,BULLISH,27.4384,24.1796,3.2589,BULLISH,33.0015,3.83,894.32,738.24,816.28,79.01,19.12,MID_BAND,False,ACCUMULATING,40.22,31.79,11.24,STRONG_TREND,BULLISH,2026-08-03
TMCV,452.5,509.0,317.75,-11.1,42.41,417.85,404.86,,8.29,11.77,,INSUFFICIENT_DATA,7301909.0,69.61,BULLISH,5.2256,2.6376,2.5879,BULLISH,12.9513,2.86,439.92,395.79,417.85,128.5,10.56,NEAR_UPPER,False,ACCUMULATING,20.31,36.2,13.0,MODERATE_TREND,BULLISH,2026-08-03
TMPV,349.3,419.0,294.3,-16.63,18.69,333.55,357.93,356.44,4.72,-2.41,-2.0,DOWNTREND,8506440.0,57.57,BULLISH,-4.413,-7.3103,2.8973,BULLISH,7.9886,2.29,346.75,320.34,333.55,109.64,7.92,NEAR_UPPER,False,DISTRIBUTING,18.33,32.09,23.34,RANGING,BULLISH,2026-08-03
TNPETRO,97.85,129.89,78.67,-24.67,24.38,95.55,93.02,95.48,2.41,5.19,2.48,STRONG_UPTREND,100259.0,59.09,BULLISH,0.728,0.6464,0.0817,BULLISH_CROSS,3.43,3.51,98.67,92.44,95.55,86.9,6.52,MID_BAND,False,DISTRIBUTING,43.31,29.9,6.52,STRONG_TREND,BULLISH,2026-08-03
TNPL,154.88,179.9,121.51,-13.91,27.46,147.34,146.67,142.86,5.12,5.6,8.41,STRONG_UPTREND,302578.0,62.54,BULLISH,1.7766,1.0405,0.7361,BULLISH,4.9568,3.2,155.32,139.36,147.34,97.25,10.83,NEAR_UPPER,False,ACCUMULATING,32.47,28.07,8.75,STRONG_TREND,BULLISH,2026-08-03
TNTELE,9.11,15.74,7.81,-42.12,16.65,9.09,9.16,9.6,0.22,-0.55,-5.1,DOWNTREND,25666.0,50.3,NEUTRAL,-0.0277,-0.0329,0.0052,BULLISH,0.5132,5.63,9.4,8.78,9.09,53.16,6.78,MID_BAND,False,DISTRIBUTING,24.7,10.75,18.85,MODERATE_TREND,BEARISH,2026-08-03
TOLINS,103.82,202.0,83.04,-48.6,25.02,103.31,104.5,120.0,0.49,-0.65,-13.48,DOWNTREND,43888.0,50.53,NEUTRAL,-0.5244,-0.5018,-0.0225,BEARISH,2.8303,2.73,105.24,101.38,103.31,63.21,3.74,MID_BAND,False,DISTRIBUTING,9.97,17.92,18.26,RANGING,BEARISH,2026-08-03
TORNTPHARM,5050.0,5250.0,3480.6,-3.81,45.09,4958.16,4688.27,4203.75,1.85,7.72,20.13,STRONG_UPTREND,932871.0,59.47,BULLISH,91.5642,102.1322,-10.568,BEARISH,147.6819,2.92,5136.53,4779.79,4958.16,75.74,7.2,MID_BAND,False,DISTRIBUTING,26.42,26.65,12.01,MODERATE_TREND,BULLISH,2026-08-03
TORNTPOWER,1391.7,1824.1,1188.0,-23.7,17.15,1424.61,1423.9,1417.64,-2.31,-2.26,-1.83,DOWNTREND,352809.0,40.65,BEARISH,-4.0821,-2.523,-1.559,BEARISH_CROSS,33.3595,2.4,1462.01,1387.22,1424.62,5.99,5.25,NEAR_LOWER,False,ACCUMULATING,13.72,11.92,21.76,RANGING,BEARISH,2026-08-03
TOTAL,52.05,87.89,45.0,-40.78,15.67,51.65,51.69,60.95,0.77,0.7,-14.6,DOWNTREND,9104.0,53.08,NEUTRAL,-0.7501,-0.6776,-0.0725,BEARISH,3.0167,5.8,56.82,46.48,51.65,53.87,20.03,MID_BAND,False,ACCUMULATING,22.57,16.58,18.12,MODERATE_TREND,BEARISH,2026-08-03
TOUCHWOOD,66.45,128.0,63.0,-48.09,5.48,67.65,69.46,83.44,-1.77,-4.33,-20.36,DOWNTREND,678.0,42.76,BEARISH,-1.0433,-0.9994,-0.0439,BEARISH,2.3035,3.47,70.33,64.98,67.65,27.51,7.91,MID_BAND,False,DISTRIBUTING,10.98,16.89,19.99,RANGING,BEARISH,2026-08-03
TPHQ,0.42,0.86,0.4,-51.16,5.0,0.43,0.47,0.55,-2.33,-10.64,-23.64,DOWNTREND,1874125.0,39.63,BEARISH,-0.0172,-0.0189,0.0017,BULLISH,0.0249,5.93,0.47,0.39,0.43,36.75,19.26,MID_BAND,False,DISTRIBUTING,29.72,12.67,14.78,MODERATE_TREND,BEARISH,2026-08-03
TPLPLASTEH,81.26,90.33,50.01,-10.04,62.49,80.24,74.04,67.87,1.27,9.75,19.73,STRONG_UPTREND,139912.0,59.07,BULLISH,1.3923,1.8157,-0.4234,BEARISH,3.3154,4.08,84.01,76.47,80.24,63.55,9.4,MID_BAND,False,ACCUMULATING,31.95,26.65,13.94,STRONG_TREND,BULLISH,2026-08-03
TRACXN,30.44,55.9,25.39,-45.55,19.89,30.02,30.68,35.57,1.4,-0.78,-14.42,DOWNTREND,91047.0,52.57,NEUTRAL,-0.1491,-0.2548,0.1056,BULLISH,0.9359,3.07,30.48,29.56,30.02,95.95,3.07,NEAR_UPPER,False,ACCUMULATING,9.59,16.29,10.93,RANGING,BULLISH,2026-08-03
TRANSPEK,1414.5,1447.9,952.3,-2.31,48.54,1058.3,1035.24,,33.66,36.63,,INSUFFICIENT_DATA,36803.0,81.78,OVERBOUGHT,58.3228,19.702,38.6208,BULLISH,72.6703,5.14,1286.41,830.2,1058.3,128.08,43.11,NEAR_UPPER,False,ACCUMULATING,35.9,45.73,5.95,STRONG_TREND,BULLISH,2026-08-03
TRANSRAILL,500.25,855.8,450.05,-41.55,11.15,495.37,498.24,544.87,0.99,0.4,-8.19,DOWNTREND,276480.0,51.45,NEUTRAL,-3.1639,-4.311,1.1472,BULLISH,12.6877,2.54,514.36,476.38,495.37,62.84,7.67,MID_BAND,False,DISTRIBUTING,14.57,21.34,18.08,RANGING,BULLISH,2026-08-03
TRAVELFOOD,1344.6,1445.0,1035.3,-6.95,29.88,1302.14,1287.94,1234.51,3.26,4.4,8.92,STRONG_UPTREND,18332.0,61.24,BULLISH,2.4624,1.4593,1.0031,BULLISH_CROSS,38.1021,2.83,1342.73,1261.55,1302.14,102.31,6.23,NEAR_UPPER,False,DISTRIBUTING,13.86,17.76,16.93,RANGING,BULLISH,2026-08-03
TREEHOUSE,6.36,11.0,5.52,-42.18,15.22,6.34,6.65,7.58,0.32,-4.36,-16.09,DOWNTREND,30165.0,46.08,NEUTRAL,-0.1289,-0.1651,0.0362,BULLISH,0.3743,5.89,6.63,6.04,6.34,53.87,9.37,SQUEEZE,True,DISTRIBUTING,37.16,7.46,17.83,STRONG_TREND,BEARISH,2026-08-03
TREJHARA,135.95,284.85,128.4,-52.27,5.88,136.65,140.21,,-0.51,-3.04,,INSUFFICIENT_DATA,20141.0,45.43,NEUTRAL,-1.4299,-1.4745,0.0446,BULLISH,6.939,5.1,142.22,131.09,136.65,43.67,8.14,SQUEEZE,True,DISTRIBUTING,12.46,9.19,14.74,RANGING,BEARISH,2026-08-03
TREL,24.17,34.37,21.47,-29.68,12.58,24.67,25.41,25.92,-2.03,-4.88,-6.75,DOWNTREND,70138.0,40.97,BEARISH,-0.4372,-0.4151,-0.0221,BEARISH,0.976,4.04,25.78,23.57,24.67,27.22,8.96,MID_BAND,False,DISTRIBUTING,18.43,11.89,17.9,RANGING,BEARISH,2026-08-03
TRENT,3050.0,3782.67,2183.67,-19.37,39.67,2920.03,2964.54,2769.49,4.45,2.88,10.13,STRONG_UPTREND,1385391.0,58.88,BULLISH,0.2146,-14.0345,14.249,BULLISH,70.1011,2.3,3031.36,2808.71,2920.03,108.37,7.62,NEAR_UPPER,True,DISTRIBUTING,18.84,27.38,18.62,RANGING,BULLISH,2026-08-03
TRF,228.56,405.0,215.5,-43.57,6.06,236.43,235.48,265.42,-3.33,-2.94,-13.89,DOWNTREND,44069.0,43.2,BEARISH,-3.0076,-1.4491,-1.5584,BEARISH,10.2536,4.49,254.88,217.98,236.43,28.67,15.61,MID_BAND,False,ACCUMULATING,13.12,17.56,19.46,RANGING,BEARISH,2026-08-03
TRIDENT,24.94,30.94,21.98,-19.39,13.47,25.2,25.14,25.91,-1.03,-0.8,-3.74,DOWNTREND,6283641.0,45.25,NEUTRAL,-0.1764,-0.1052,-0.0713,BEARISH,0.565,2.27,25.84,24.56,25.2,29.45,5.06,MID_BAND,False,ACCUMULATING,13.12,26.84,21.14,RANGING,BULLISH,2026-08-03
TRIGYN,54.89,102.4,37.55,-46.4,46.18,54.22,55.07,59.86,1.24,-0.33,-8.3,DOWNTREND,38001.0,52.06,NEUTRAL,-0.1547,-0.1819,0.0272,BULLISH_CROSS,2.5606,4.66,58.69,49.75,54.22,57.5,16.48,MID_BAND,False,ACCUMULATING,21.08,18.67,11.41,MODERATE_TREND,BULLISH,2026-08-03
TRITURBINE,611.6,787.6,428.35,-22.35,42.78,615.47,655.64,552.12,-0.63,-6.72,10.77,CONSOLIDATING,734997.0,44.6,BEARISH,-11.2538,-11.5345,0.2807,BULLISH_CROSS,20.0443,3.28,634.47,596.47,615.47,39.81,6.17,SQUEEZE,True,ACCUMULATING,15.43,16.18,20.12,RANGING,BEARISH,2026-08-03
TRU,4.71,13.24,4.46,-64.43,5.61,5.01,5.39,6.81,-5.99,-12.62,-30.84,DOWNTREND,133818.0,34.28,BEARISH,-0.2194,-0.205,-0.0144,BEARISH,0.3014,6.4,5.59,4.43,5.01,24.13,23.04,MID_BAND,False,DISTRIBUTING,22.66,7.87,16.89,MODERATE_TREND,BEARISH,2026-08-03
TRUALT,437.85,549.0,310.2,-20.25,41.15,430.6,465.41,430.38,1.68,-5.92,1.74,CONSOLIDATING,417091.0,48.68,NEUTRAL,-9.2604,-11.9455,2.6851,BULLISH,19.134,4.37,451.78,409.43,430.61,67.11,9.84,MID_BAND,False,ACCUMULATING,23.84,17.13,17.64,MODERATE_TREND,BEARISH,2026-08-03
TSFINV,454.3,697.0,331.7,-34.82,36.96,459.34,429.65,437.62,-1.1,5.74,3.81,UPTREND,98052.0,54.84,NEUTRAL,3.1864,6.3073,-3.1209,BEARISH,16.1986,3.57,493.46,425.23,459.35,42.61,14.86,MID_BAND,False,ACCUMULATING,23.27,23.42,18.47,MODERATE_TREND,BULLISH,2026-08-03
TTKHLTCARE,1049.2,1216.8,735.0,-13.77,42.75,999.87,943.49,961.16,4.93,11.2,9.16,STRONG_UPTREND,30877.0,61.14,BULLISH,30.2412,30.0992,0.142,BULLISH_CROSS,52.8351,5.04,1096.79,902.94,999.87,75.45,19.39,MID_BAND,False,ACCUMULATING,36.12,32.72,13.15,STRONG_TREND,BULLISH,2026-08-03
TTKPRESTIG,644.3,771.2,423.0,-16.45,52.32,655.06,596.24,573.68,-1.64,8.06,12.31,UPTREND,753713.0,51.98,NEUTRAL,16.425,22.1121,-5.6871,BEARISH,26.6744,4.14,696.5,613.63,655.06,37.01,12.65,MID_BAND,False,ACCUMULATING,42.24,29.06,17.28,STRONG_TREND,BULLISH,2026-08-03
TTL,6.37,11.8,6.0,-46.02,6.17,6.48,6.84,,-1.7,-6.87,,INSUFFICIENT_DATA,129258.0,39.95,BEARISH,-0.1784,-0.1987,0.0203,BULLISH,0.3176,4.99,6.85,6.12,6.48,34.22,11.19,MID_BAND,False,DISTRIBUTING,37.37,11.37,18.26,STRONG_TREND,BEARISH,2026-08-03
TTML,40.21,60.62,31.22,-33.67,28.8,40.24,42.24,44.46,-0.07,-4.81,-9.56,DOWNTREND,2306697.0,45.02,NEUTRAL,-0.7315,-0.8162,0.0847,BULLISH,1.5115,3.76,41.6,38.87,40.24,48.92,6.78,SQUEEZE,True,ACCUMULATING,11.32,16.5,16.05,RANGING,BULLISH,2026-08-03
TURTLEMINT,117.57,154.3,115.21,-23.8,2.05,130.11,,,-9.64,,,INSUFFICIENT_DATA,1345911.0,34.54,BEARISH,,,,,7.1744,6.1,146.36,113.86,130.11,11.43,24.99,MID_BAND,False,ACCUMULATING,,,,,,2026-08-03
TVSELECT,495.6,739.35,337.55,-32.97,46.82,499.64,490.93,,-0.81,0.95,,INSUFFICIENT_DATA,94927.0,50.6,NEUTRAL,-0.7703,1.6949,-2.4653,BEARISH,19.9312,4.02,524.8,474.48,499.64,41.97,10.07,MID_BAND,False,ACCUMULATING,20.21,21.45,15.28,MODERATE_TREND,BULLISH,2026-08-03
TVSHLTD,14836.0,16297.0,11066.0,-8.96,34.07,14385.05,13880.02,14249.35,3.13,6.89,4.12,STRONG_UPTREND,12229.0,62.84,BULLISH,281.3947,247.6775,33.7172,BULLISH,406.4825,2.74,15156.76,13613.34,14385.05,79.22,10.73,MID_BAND,False,ACCUMULATING,42.76,32.33,9.8,STRONG_TREND,BULLISH,2026-08-03
TVSMOTOR,4389.0,4389.0,591.1,0.0,642.51,3830.84,3592.43,3610.33,14.57,22.17,21.57,STRONG_UPTREND,1392739.0,82.27,OVERBOUGHT,188.5779,128.1097,60.4682,BULLISH,105.9146,2.41,4338.27,3323.4,3830.84,105.0,26.49,NEAR_UPPER,False,ACCUMULATING,35.18,48.23,9.76,STRONG_TREND,BULLISH,2026-08-03
TVSSCS,136.9,146.5,92.16,-6.55,48.55,136.75,131.98,,0.11,3.73,,INSUFFICIENT_DATA,451266.0,54.04,NEUTRAL,0.8245,1.2574,-0.4329,BEARISH,4.0626,2.97,141.83,131.67,136.75,51.46,7.43,MID_BAND,False,ACCUMULATING,20.92,25.27,18.01,MODERATE_TREND,BULLISH,2026-08-03
TVSSRICHAK,3987.9,4775.8,2780.1,-16.5,43.44,4057.01,4043.75,4020.2,-1.7,-1.38,-0.8,DOWNTREND,2914.0,45.96,NEUTRAL,-37.5198,-19.9087,-17.611,BEARISH,113.7587,2.85,4267.84,3846.17,4057.01,33.61,10.39,MID_BAND,False,DISTRIBUTING,19.5,22.78,21.01,RANGING,BULLISH,2026-08-03
TVTODAY,115.76,156.48,93.5,-26.02,23.81,119.72,116.54,122.68,-3.31,-0.67,-5.64,DOWNTREND,34434.0,44.53,BEARISH,-1.0216,0.0149,-1.0364,BEARISH,4.2983,3.71,127.37,112.07,119.72,24.09,12.78,MID_BAND,False,ACCUMULATING,20.96,17.78,19.87,MODERATE_TREND,BEARISH,2026-08-03
TVVISION,4.72,11.27,4.12,-58.12,14.56,4.85,5.07,,-2.68,-6.9,,INSUFFICIENT_DATA,13141.0,42.96,BEARISH,-0.1234,-0.1186,-0.0048,BEARISH,0.2952,6.25,5.22,4.49,4.85,31.53,14.94,MID_BAND,False,DISTRIBUTING,48.77,8.93,24.88,STRONG_TREND,BEARISH,2026-08-03
UBL,1438.4,1939.9,1276.0,-25.85,12.73,1382.49,1354.47,1523.64,4.04,6.2,-5.59,DOWNTREND,153560.0,63.5,BULLISH,23.405,17.4273,5.9777,BULLISH,34.7759,2.42,1470.16,1294.81,1382.49,81.89,12.68,MID_BAND,False,ACCUMULATING,27.98,24.37,11.91,MODERATE_TREND,BULLISH,2026-08-03
UCAL,113.51,146.99,77.0,-22.78,47.42,116.8,110.05,109.04,-2.82,3.14,4.1,UPTREND,8831.0,46.82,NEUTRAL,0.8643,1.9315,-1.0672,BEARISH,4.1698,3.67,122.35,111.26,116.8,20.3,9.5,MID_BAND,False,DISTRIBUTING,19.69,19.23,19.15,RANGING,BULLISH,2026-08-03
UCOBANK,26.31,34.2,22.22,-23.07,18.41,26.32,26.26,27.68,-0.04,0.19,-4.95,DOWNTREND,5807536.0,49.35,NEUTRAL,-0.0475,-0.0162,-0.0313,BEARISH,0.6339,2.41,26.92,25.72,26.32,49.21,4.57,SQUEEZE,True,ACCUMULATING,14.75,27.19,24.36,RANGING,BULLISH,2026-08-03
UDS,206.06,266.2,125.1,-22.59,64.72,197.91,188.67,173.98,4.12,9.22,18.44,STRONG_UPTREND,393173.0,59.15,BULLISH,4.7965,4.8083,-0.0119,BEARISH,8.3781,4.07,210.5,185.33,197.91,82.36,12.72,MID_BAND,False,ACCUMULATING,37.54,22.19,12.92,STRONG_TREND,BULLISH,2026-08-03
UEL,184.47,220.0,117.51,-16.15,56.98,129.17,134.12,,42.81,37.54,,INSUFFICIENT_DATA,25818.0,85.76,OVERBOUGHT,3.7386,-1.9002,5.6388,BULLISH,9.4829,5.14,158.95,99.39,129.17,142.85,46.11,NEAR_UPPER,False,ACCUMULATING,34.23,47.9,9.31,STRONG_TREND,BULLISH,2026-08-03
UFBL,700.45,763.35,172.34,-8.24,306.43,701.55,631.53,336.51,-0.16,10.91,108.15,UPTREND,107892.0,55.44,BULLISH,15.687,21.6881,-6.0011,BEARISH,36.0344,5.14,765.98,637.12,701.55,49.15,18.37,MID_BAND,False,DISTRIBUTING,19.02,18.3,21.27,RANGING,BEARISH,2026-08-03
UFLEX,482.25,602.8,330.0,-20.0,46.14,457.39,437.42,452.64,5.44,10.25,6.54,STRONG_UPTREND,782478.0,64.84,BULLISH,13.041,11.6956,1.3454,BULLISH,16.9128,3.51,499.51,415.27,457.39,79.51,18.42,MID_BAND,False,ACCUMULATING,39.16,33.63,12.06,STRONG_TREND,BULLISH,2026-08-03
UFO,68.86,92.97,53.75,-25.93,28.11,68.19,71.19,73.74,0.98,-3.27,-6.62,DOWNTREND,44343.0,49.93,NEUTRAL,-1.2776,-1.3331,0.0555,BULLISH_CROSS,2.5095,3.64,71.38,65.01,68.19,60.45,9.34,MID_BAND,False,DISTRIBUTING,20.67,18.86,17.06,MODERATE_TREND,BULLISH,2026-08-03
UGARSUGAR,42.56,48.85,33.75,-12.88,26.1,40.28,40.38,40.17,5.66,5.4,5.95,STRONG_UPTREND,142213.0,59.56,BULLISH,0.2647,0.0463,0.2184,BULLISH,1.7343,4.07,42.47,38.09,40.28,101.94,10.88,NEAR_UPPER,False,ACCUMULATING,18.33,28.83,11.77,RANGING,BULLISH,2026-08-03
UGROCAP,97.63,192.5,80.12,-49.28,21.85,95.85,96.41,126.32,1.86,1.27,-22.71,DOWNTREND,439854.0,54.16,NEUTRAL,-0.358,-0.5255,0.1675,BULLISH_CROSS,3.0914,3.17,98.88,92.82,95.85,79.32,6.33,MID_BAND,False,ACCUMULATING,16.49,37.95,15.75,RANGING,BULLISH,2026-08-03
UJJIVANSFB,71.14,73.29,41.32,-2.93,72.17,66.91,60.35,57.52,6.32,17.88,23.68,STRONG_UPTREND,29295989.0,68.83,BULLISH,3.155,2.9539,0.2011,BULLISH,2.6692,3.75,73.94,59.87,66.91,80.07,21.03,MID_BAND,False,ACCUMULATING,49.39,32.1,9.1,STRONG_TREND,BULLISH,2026-08-03
ULTRACEMCO,12054.0,13110.0,10325.0,-8.05,16.75,11794.85,11513.04,11780.88,2.2,4.7,2.32,STRONG_UPTREND,303574.0,60.37,BULLISH,129.3848,125.1265,4.2583,BULLISH_CROSS,218.2916,1.81,12185.33,11404.37,11794.85,83.18,6.62,MID_BAND,False,ACCUMULATING,11.66,27.35,21.94,RANGING,BULLISH,2026-08-03
ULTRAMAR,385.2,443.0,364.1,-13.05,5.8,382.42,384.3,,0.73,0.23,,INSUFFICIENT_DATA,20278.0,52.48,NEUTRAL,-1.499,-1.9465,0.4475,BULLISH_CROSS,12.3899,3.22,396.32,368.52,382.42,60.0,7.27,MID_BAND,False,DISTRIBUTING,10.61,22.83,15.42,RANGING,BULLISH,2026-08-03
UMESLTD,5.51,7.14,3.88,-22.83,42.01,5.58,5.22,,-1.25,5.56,,INSUFFICIENT_DATA,16673.0,50.44,NEUTRAL,0.0185,0.0547,-0.0361,BEARISH,0.3632,6.59,5.94,5.22,5.58,40.2,12.89,SQUEEZE,True,DISTRIBUTING,17.51,16.49,18.78,RANGING,BEARISH,2026-08-03
UMIYA-MRO,88.15,110.9,70.0,-20.51,25.93,89.67,88.47,86.38,-1.7,-0.36,2.05,CONSOLIDATING,14688.0,42.92,BEARISH,0.0538,0.2973,-0.2434,BEARISH,2.8121,3.19,91.21,88.12,89.67,1.0,3.45,NEAR_LOWER,False,DISTRIBUTING,27.76,16.46,14.49,MODERATE_TREND,BULLISH,2026-08-03
UNICHEMLAB,505.25,687.2,278.2,-26.48,81.61,561.76,473.56,412.93,-10.06,6.69,22.36,UPTREND,858248.0,45.18,NEUTRAL,9.669,22.7619,-13.0928,BEARISH,28.5423,5.65,653.42,470.1,561.76,19.17,32.63,MID_BAND,False,ACCUMULATING,28.9,24.35,25.96,MODERATE_TREND,BEARISH,2026-08-03
UNIECOM,86.21,155.8,78.51,-44.67,9.81,86.1,87.31,102.54,0.13,-1.26,-15.93,DOWNTREND,250152.0,48.99,NEUTRAL,-0.8118,-0.8449,0.0331,BULLISH_CROSS,2.3082,2.68,88.64,83.56,86.1,52.14,5.91,MID_BAND,False,DISTRIBUTING,11.18,19.77,16.5,RANGING,BULLISH,2026-08-03
UNIENTER,97.08,161.8,87.51,-40.0,10.94,101.97,104.82,117.93,-4.8,-7.38,-17.68,DOWNTREND,19822.0,34.97,BEARISH,-3.0059,-2.3168,-0.6891,BEARISH,4.7491,4.89,112.29,91.65,101.97,26.3,20.24,MID_BAND,False,DISTRIBUTING,19.68,13.23,14.33,RANGING,BEARISH,2026-08-03
UNIMECH,1259.8,1323.0,695.0,-4.78,81.27,1218.95,1144.96,974.34,3.35,10.03,29.3,STRONG_UPTREND,134495.0,58.74,BULLISH,20.9266,26.544,-5.6174,BEARISH,56.1974,4.46,1301.77,1136.12,1218.95,74.66,13.59,MID_BAND,False,ACCUMULATING,30.8,28.99,12.43,STRONG_TREND,BULLISH,2026-08-03
UNIONBANK,174.0,205.49,124.64,-15.32,39.6,168.73,169.35,168.96,3.12,2.75,2.98,STRONG_UPTREND,17942046.0,56.31,BULLISH,0.7626,0.4382,0.3244,BULLISH,4.8288,2.78,179.88,157.57,168.73,73.63,13.22,MID_BAND,False,ACCUMULATING,15.23,29.49,19.74,RANGING,BULLISH,2026-08-03
UNIPARTS,737.45,752.0,380.0,-1.93,94.07,693.22,662.23,528.79,6.38,11.36,39.46,STRONG_UPTREND,151172.0,64.62,BULLISH,19.838,16.4435,3.3944,BULLISH,26.726,3.62,744.17,642.27,693.22,93.41,14.7,NEAR_UPPER,False,ACCUMULATING,24.23,24.56,12.17,MODERATE_TREND,BULLISH,2026-08-03
UNITDSPR,1530.0,1536.8,1210.8,-0.44,26.36,1432.71,1357.76,1360.06,6.79,12.69,12.5,STRONG_UPTREND,1074871.0,73.03,OVERBOUGHT,46.1312,36.1034,10.0278,BULLISH,32.7328,2.14,1550.11,1315.3,1432.71,91.43,16.39,NEAR_UPPER,False,ACCUMULATING,32.08,30.06,8.06,STRONG_TREND,BULLISH,2026-08-03
UNITECH,4.26,7.67,3.1,-44.46,37.42,4.47,4.72,5.14,-4.7,-9.75,-17.12,DOWNTREND,3004146.0,35.25,BEARISH,-0.1324,-0.1129,-0.0195,BEARISH,0.1469,3.45,4.79,4.15,4.47,17.17,14.21,MID_BAND,False,DISTRIBUTING,26.15,10.89,21.65,MODERATE_TREND,BEARISH,2026-08-03
UNITEDTEA,472.8,590.0,412.0,-19.86,14.76,472.35,489.13,487.94,0.1,-3.34,-3.1,DOWNTREND,2886.0,46.13,NEUTRAL,-3.8878,-5.8719,1.9841,BULLISH,14.5666,3.08,484.76,459.94,472.35,51.81,5.26,MID_BAND,False,DISTRIBUTING,16.24,21.58,19.67,RANGING,BULLISH,2026-08-03
UNIVCABLES,1431.8,1435.0,576.0,-0.22,148.58,1222.62,1213.23,904.07,17.11,18.02,58.37,STRONG_UPTREND,127341.0,73.46,OVERBOUGHT,50.7958,29.0096,21.7862,BULLISH,65.5048,4.57,1408.57,1036.68,1222.62,106.25,30.42,NEAR_UPPER,False,ACCUMULATING,21.14,30.06,11.28,MODERATE_TREND,BULLISH,2026-08-03
UNOMINDA,1210.0,1382.0,994.0,-12.45,21.73,1154.1,1122.0,1166.19,4.84,7.84,3.76,STRONG_UPTREND,814143.0,69.39,BULLISH,17.0178,12.7395,4.2782,BULLISH,31.0404,2.57,1195.22,1112.98,1154.1,117.97,7.13,NEAR_UPPER,False,ACCUMULATING,9.72,27.25,15.62,RANGING,BULLISH,2026-08-03
UPL,620.0,812.2,563.15,-23.66,10.1,603.52,611.6,676.6,2.73,1.37,-8.37,DOWNTREND,1914540.0,56.24,BULLISH,1.0293,-0.5266,1.5558,BULLISH,14.8972,2.4,626.88,580.17,603.52,85.28,7.74,MID_BAND,False,ACCUMULATING,14.94,26.23,17.93,RANGING,BULLISH,2026-08-03
URBANCO,146.19,201.18,100.7,-27.33,45.17,133.02,129.52,128.88,9.9,12.87,13.43,STRONG_UPTREND,6310344.0,69.53,BULLISH,1.0818,0.4957,0.5862,BULLISH_CROSS,5.3087,3.63,140.8,125.23,133.02,134.59,11.71,NEAR_UPPER,False,ACCUMULATING,26.75,38.7,9.22,MODERATE_TREND,BULLISH,2026-08-03
URJA,10.06,14.45,8.0,-30.38,25.75,9.33,9.92,10.48,7.82,1.41,-4.01,DOWNTREND,927774.0,63.76,BULLISH,-0.1624,-0.2402,0.0778,BULLISH,0.3204,3.18,9.87,8.78,9.33,117.25,11.69,NEAR_UPPER,False,DISTRIBUTING,22.04,37.53,14.67,MODERATE_TREND,BULLISH,2026-08-03
USHAMART,504.05,527.5,337.35,-4.45,49.41,501.71,496.36,450.54,0.47,1.55,11.88,STRONG_UPTREND,519365.0,52.89,NEUTRAL,2.7758,3.3098,-0.534,BEARISH,15.0322,2.98,514.59,488.84,501.72,59.07,5.13,SQUEEZE,True,ACCUMULATING,11.11,19.36,18.95,RANGING,BULLISH,2026-08-03
USK,22.43,36.96,19.2,-39.31,16.82,22.26,23.05,25.71,0.76,-2.69,-12.76,DOWNTREND,15546.0,48.66,NEUTRAL,-0.2619,-0.3642,0.1023,BULLISH,1.1765,5.25,23.06,21.45,22.26,60.66,7.23,MID_BAND,False,DISTRIBUTING,10.18,14.8,13.66,RANGING,BULLISH,2026-08-03
UTIAMC,915.75,1418.0,876.0,-35.42,4.54,939.69,940.22,1024.47,-2.55,-2.6,-10.61,DOWNTREND,374001.0,45.36,NEUTRAL,-13.4845,-10.6894,-2.7951,BEARISH,23.1959,2.53,1022.05,857.34,939.69,35.46,17.53,MID_BAND,False,DISTRIBUTING,15.16,19.27,21.81,RANGING,BEARISH,2026-08-03
UTKARSHBNK,14.56,23.3,10.12,-37.51,43.87,14.63,14.09,14.33,-0.48,3.34,1.61,UPTREND,5586227.0,51.41,NEUTRAL,0.0525,0.1172,-0.0647,BEARISH,0.5376,3.69,15.3,13.96,14.63,45.03,9.15,MID_BAND,False,DISTRIBUTING,25.25,27.95,15.72,MODERATE_TREND,BULLISH,2026-08-03
UTLSOLAR,389.3,402.45,172.0,-3.27,126.34,373.61,334.41,,4.2,16.41,,INSUFFICIENT_DATA,500178.0,63.44,BULLISH,13.1824,15.0178,-1.8354,BEARISH,17.1514,4.41,402.78,344.44,373.61,76.89,15.62,MID_BAND,False,ACCUMULATING,14.55,25.64,20.08,RANGING,BULLISH,2026-08-03
UTTAMSUGAR,240.45,299.0,181.1,-19.58,32.77,231.86,234.01,233.59,3.7,2.75,2.94,STRONG_UPTREND,87407.0,58.33,BULLISH,-1.8714,-1.9743,0.1029,BULLISH_CROSS,7.5567,3.14,242.86,220.86,231.86,89.05,9.49,MID_BAND,False,ACCUMULATING,18.7,32.54,17.25,RANGING,BULLISH,2026-08-03
UYFINCORP,19.76,19.96,11.16,-1.0,77.06,17.65,15.78,,11.95,25.22,,INSUFFICIENT_DATA,508392.0,78.16,OVERBOUGHT,1.2566,1.0561,0.2005,BULLISH,0.8539,4.32,20.81,14.49,17.65,83.39,35.84,MID_BAND,False,ACCUMULATING,35.86,26.19,7.98,STRONG_TREND,BULLISH,2026-08-03
V2RETAIL,218.64,259.25,158.56,-15.66,37.89,221.96,229.11,216.5,-1.5,-4.57,0.99,CONSOLIDATING,744316.0,43.13,BEARISH,-2.1427,-1.9681,-0.1746,BEARISH,7.096,3.25,227.46,216.45,221.96,19.85,4.96,MID_BAND,False,DISTRIBUTING,7.9,18.07,16.28,RANGING,BULLISH,2026-08-03
VADILALIND,7356.5,7478.5,3996.0,-1.63,84.1,6767.48,6169.19,5135.57,8.7,19.25,43.25,STRONG_UPTREND,18381.0,75.36,OVERBOUGHT,297.9352,270.5336,27.4015,BULLISH,235.9823,3.21,7382.03,6152.92,6767.48,97.92,18.16,NEAR_UPPER,False,ACCUMULATING,54.44,34.11,7.53,STRONG_TREND,BULLISH,2026-08-03
VAIBHAVGBL,265.7,293.25,174.13,-9.39,52.59,257.37,242.91,231.95,3.24,9.38,14.55,STRONG_UPTREND,750899.0,60.62,BULLISH,7.0719,6.7818,0.2901,BULLISH,11.115,4.18,274.07,240.66,257.37,74.94,12.98,MID_BAND,False,ACCUMULATING,39.87,30.15,9.99,STRONG_TREND,BULLISH,2026-08-03
VAISHALI,7.64,13.05,4.75,-41.46,60.84,7.15,6.63,,6.85,15.23,,INSUFFICIENT_DATA,575023.0,57.49,BULLISH,0.3486,0.3538,-0.0052,BEARISH_CROSS,0.5884,7.7,9.02,5.28,7.15,63.02,52.28,MID_BAND,False,ACCUMULATING,27.11,24.09,20.91,MODERATE_TREND,BULLISH,2026-08-03
VAKRANGEE,5.99,9.77,4.61,-38.69,29.93,5.98,6.19,6.86,0.17,-3.23,-12.68,DOWNTREND,1172378.0,46.54,NEUTRAL,-0.0543,-0.0758,0.0216,BULLISH,0.166,2.77,6.19,5.78,5.98,51.59,6.84,MID_BAND,False,DISTRIBUTING,19.7,15.7,17.31,RANGING,BEARISH,2026-08-03
VAML,459.95,484.0,423.15,-4.97,8.7,444.94,,,3.37,,,INSUFFICIENT_DATA,9378385.0,59.33,BULLISH,,,,,16.054,3.49,462.46,427.41,444.94,92.84,7.88,NEAR_UPPER,False,ACCUMULATING,,,,,,2026-08-03
VARDMNPOLY,6.12,10.56,5.1,-42.05,20.0,6.29,6.86,,-2.7,-10.79,,INSUFFICIENT_DATA,196272.0,41.91,BEARISH,-0.2274,-0.2267,-0.0007,BEARISH,0.3355,5.48,6.87,5.72,6.29,34.97,18.4,MID_BAND,False,DISTRIBUTING,23.91,10.6,22.79,MODERATE_TREND,BEARISH,2026-08-03
VARROC,686.9,706.95,462.0,-2.84,48.68,657.81,624.59,583.19,4.42,9.98,17.78,STRONG_UPTREND,143714.0,66.02,BULLISH,13.4078,12.674,0.7337,BULLISH_CROSS,21.3274,3.1,682.9,632.71,657.81,107.97,7.63,NEAR_UPPER,False,ACCUMULATING,24.32,27.97,11.16,MODERATE_TREND,BULLISH,2026-08-03
VASWANI,51.81,69.99,49.1,-25.98,5.52,53.07,55.27,56.43,-2.37,-6.26,-8.19,DOWNTREND,16540.0,38.46,BEARISH,-0.9421,-0.9125,-0.0296,BEARISH,1.8692,3.61,54.84,51.29,53.07,14.54,6.68,MID_BAND,False,DISTRIBUTING,20.7,8.79,16.79,MODERATE_TREND,BEARISH,2026-08-03
VBL,445.0,555.8,381.0,-19.94,16.8,461.9,498.65,473.31,-3.66,-10.76,-5.98,DOWNTREND,8294672.0,37.21,BEARISH,-15.0823,-14.599,-0.4833,BEARISH,13.2355,2.97,489.27,434.54,461.9,19.12,11.85,MID_BAND,False,DISTRIBUTING,35.89,11.56,32.65,STRONG_TREND,BEARISH,2026-08-03
VCL,1.12,2.02,0.87,-44.55,28.74,1.13,1.26,,-0.88,-11.11,,INSUFFICIENT_DATA,329468.0,47.04,NEUTRAL,-0.071,-0.0767,0.0057,BULLISH_CROSS,0.0718,6.41,1.37,0.88,1.13,48.17,43.5,MID_BAND,False,DISTRIBUTING,27.91,19.53,22.18,MODERATE_TREND,BEARISH,2026-08-03
VEDL,267.25,795.0,249.7,-66.38,7.03,265.29,291.0,523.32,0.74,-8.16,-48.93,DOWNTREND,11773543.0,42.89,BEARISH,-8.6376,-11.8325,3.1948,BULLISH,7.5753,2.83,276.09,254.5,265.29,59.07,8.14,MID_BAND,False,DISTRIBUTING,35.18,15.95,26.02,STRONG_TREND,BEARISH,2026-08-03
VEDPOWER,35.2,49.88,33.06,-29.43,6.47,37.8,,,-6.88,,,INSUFFICIENT_DATA,28484386.0,38.93,BEARISH,,,,,1.9987,5.68,43.3,32.31,37.8,26.31,29.08,MID_BAND,False,DISTRIBUTING,,,,,,2026-08-03
VEEDOL,1412.2,2035.0,1238.2,-30.6,14.05,1416.53,1435.32,1484.24,-0.31,-1.61,-4.85,DOWNTREND,8918.0,48.26,NEUTRAL,-13.9056,-13.3244,-0.5812,BEARISH,28.3028,2.0,1471.68,1361.37,1416.53,46.08,7.79,MID_BAND,False,DISTRIBUTING,21.33,16.75,20.33,MODERATE_TREND,BEARISH,2026-08-03
VENKEYS,1565.0,1800.0,1165.0,-13.06,34.33,1489.78,1453.85,1444.68,5.05,7.65,8.33,STRONG_UPTREND,45671.0,66.08,BULLISH,19.8653,16.2012,3.6641,BULLISH,48.0385,3.07,1572.02,1407.53,1489.78,95.73,11.04,NEAR_UPPER,False,ACCUMULATING,37.61,31.04,9.0,STRONG_TREND,BULLISH,2026-08-03
VENTIVE,622.25,793.95,542.6,-21.63,14.68,620.79,629.71,677.52,0.24,-1.18,-8.16,DOWNTREND,16538.0,47.81,NEUTRAL,-1.4545,-2.847,1.3925,BULLISH,15.4525,2.48,632.17,609.41,620.79,56.41,3.67,MID_BAND,False,ACCUMULATING,12.52,18.84,16.5,RANGING,BULLISH,2026-08-03
VENUSPIPES,1564.3,1875.0,890.0,-16.57,75.76,1723.08,1607.25,1285.57,-9.21,-2.67,21.68,CONSOLIDATING,101647.0,36.78,BEARISH,-0.5669,24.6761,-25.243,BEARISH,68.0654,4.35,1860.06,1586.1,1723.08,-7.96,15.9,NEAR_LOWER,False,DISTRIBUTING,20.43,11.82,29.76,MODERATE_TREND,BEARISH,2026-08-03
VERANDA,254.45,272.5,130.02,-6.62,95.7,236.26,236.07,202.63,7.7,7.79,25.57,STRONG_UPTREND,422687.0,62.16,BULLISH,2.404,0.3254,2.0786,BULLISH,12.6047,4.95,256.9,215.62,236.26,94.07,17.47,NEAR_UPPER,False,ACCUMULATING,25.72,32.83,10.77,MODERATE_TREND,BULLISH,2026-08-03
VESUVIUS,451.4,607.9,430.3,-25.74,4.9,458.74,463.35,478.78,-1.6,-2.58,-5.72,DOWNTREND,69868.0,43.98,BEARISH,-5.1142,-3.8831,-1.2311,BEARISH,11.2938,2.5,476.22,441.26,458.74,29.0,7.62,MID_BAND,False,ACCUMULATING,15.94,21.06,20.63,RANGING,BULLISH,2026-08-03
VGL,61.7,84.75,43.7,-27.2,41.19,62.04,65.73,,-0.55,-6.13,,INSUFFICIENT_DATA,20111.0,43.57,BEARISH,-0.9931,-1.1768,0.1836,BULLISH,2.7082,4.39,63.52,60.56,62.04,38.38,4.77,SQUEEZE,True,DISTRIBUTING,20.41,8.82,19.1,MODERATE_TREND,BEARISH,2026-08-03
VGUARD,314.7,392.2,288.8,-19.76,8.97,302.32,304.43,323.6,4.09,3.37,-2.75,DOWNTREND,2246327.0,61.03,BULLISH,0.7998,-1.4661,2.2659,BULLISH,10.3915,3.3,316.63,288.01,302.32,93.27,9.47,NEAR_UPPER,False,ACCUMULATING,24.98,31.36,10.89,MODERATE_TREND,BULLISH,2026-08-03
VHL,3425.2,4275.0,2870.0,-19.88,19.34,3502.87,3489.02,3471.24,-2.22,-1.83,-1.33,DOWNTREND,594.0,42.5,BEARISH,-28.4804,-12.1624,-16.318,BEARISH,104.4877,3.05,3621.18,3384.56,3502.87,17.17,6.75,MID_BAND,False,ACCUMULATING,21.61,13.75,18.78,MODERATE_TREND,BEARISH,2026-08-03
VIDHIING,340.9,410.0,258.6,-16.85,31.83,307.26,296.4,313.69,10.95,15.01,8.67,STRONG_UPTREND,83787.0,69.73,BULLISH,8.2835,5.4123,2.8712,BULLISH,16.047,4.71,330.65,283.87,307.26,121.91,15.22,NEAR_UPPER,False,ACCUMULATING,22.7,29.41,12.79,MODERATE_TREND,BULLISH,2026-08-03
VIDYAWIRES,93.23,117.35,42.51,-20.55,119.31,92.7,97.34,,0.57,-4.22,,INSUFFICIENT_DATA,738982.0,49.74,NEUTRAL,-1.6923,-1.7653,0.073,BULLISH_CROSS,3.4176,3.67,98.49,86.91,92.7,54.55,12.5,MID_BAND,False,DISTRIBUTING,19.56,20.56,23.72,RANGING,BEARISH,2026-08-03
VIJAYA,1354.0,1440.0,848.0,-5.97,59.67,1354.96,1328.3,1097.46,-0.07,1.93,23.38,UPTREND,178880.0,52.17,NEUTRAL,6.2732,8.6771,-2.4039,BEARISH,44.5234,3.29,1412.16,1297.76,1354.96,49.16,8.44,SQUEEZE,True,DISTRIBUTING,20.91,20.98,15.89,MODERATE_TREND,BULLISH,2026-08-03
VIKASECO,1.11,2.25,0.99,-50.67,12.12,1.15,1.22,1.5,-3.48,-9.02,-26.0,DOWNTREND,1876828.0,37.97,BEARISH,-0.0372,-0.0365,-0.0006,BEARISH,0.038,3.42,1.24,1.06,1.15,30.1,15.79,MID_BAND,False,DISTRIBUTING,19.83,20.27,22.42,RANGING,BEARISH,2026-08-03
VIKASLIFE,1.28,2.37,1.05,-45.99,21.9,1.34,1.42,1.66,-4.48,-9.86,-22.89,DOWNTREND,2174541.0,33.71,BEARISH,-0.0435,-0.041,-0.0025,BEARISH,0.0435,3.4,1.45,1.23,1.34,24.68,16.55,MID_BAND,False,DISTRIBUTING,16.49,17.55,22.89,RANGING,BEARISH,2026-08-03
VIKRAMSOLR,177.8,407.95,162.1,-56.42,9.69,186.64,196.21,223.35,-4.74,-9.38,-20.39,DOWNTREND,2292976.0,37.32,BEARISH,-5.795,-5.1418,-0.6532,BEARISH,6.2441,3.51,201.56,171.73,186.64,20.36,15.98,MID_BAND,False,DISTRIBUTING,18.19,18.34,27.38,RANGING,BEARISH,2026-08-03
VIKRAN,72.54,118.4,51.1,-38.73,41.96,72.73,72.48,79.87,-0.26,0.08,-9.18,DOWNTREND,1809187.0,50.39,NEUTRAL,-0.2106,-0.1359,-0.0748,BEARISH,2.4976,3.44,75.75,69.7,72.73,46.91,8.32,SQUEEZE,True,ACCUMULATING,22.43,24.95,13.31,MODERATE_TREND,BULLISH,2026-08-03
VIMTALABS,620.15,902.65,376.05,-31.3,64.91,574.6,550.77,526.87,7.93,12.6,17.7,STRONG_UPTREND,728922.0,63.27,BULLISH,15.7616,12.2535,3.5081,BULLISH,27.0358,4.36,624.43,524.78,574.6,95.71,17.34,NEAR_UPPER,False,ACCUMULATING,31.12,29.72,15.45,STRONG_TREND,BULLISH,2026-08-03
VINATIORGA,1323.1,1849.9,1203.0,-28.48,9.98,1315.96,1321.17,1441.24,0.54,0.15,-8.2,DOWNTREND,54562.0,51.77,NEUTRAL,-5.1986,-5.1852,-0.0134,BEARISH,32.9812,2.49,1345.98,1285.94,1315.96,61.89,4.56,SQUEEZE,True,ACCUMULATING,10.92,25.15,15.03,RANGING,BULLISH,2026-08-03
VINCOFE,152.39,179.85,120.24,-15.27,26.74,158.05,154.8,149.58,-3.58,-1.56,1.88,CONSOLIDATING,2594361.0,46.01,NEUTRAL,-0.3893,0.9775,-1.3668,BEARISH,7.0773,4.64,167.32,148.78,158.05,19.46,11.73,MID_BAND,False,DISTRIBUTING,19.14,19.66,18.27,RANGING,BULLISH,2026-08-03
VINDHYATEL,2383.0,2484.9,963.9,-4.1,147.22,1926.99,2036.88,1491.48,23.66,16.99,59.77,STRONG_UPTREND,56986.0,72.09,OVERBOUGHT,17.9118,-21.3012,39.213,BULLISH,118.7337,4.98,2166.83,1687.14,1926.98,145.07,24.89,NEAR_UPPER,False,ACCUMULATING,16.59,40.21,14.6,RANGING,BULLISH,2026-08-03
VINNY,1.05,1.53,0.94,-31.37,11.7,1.06,1.09,1.16,-0.94,-3.67,-9.48,DOWNTREND,323149.0,40.81,BEARISH,-0.0146,-0.0151,0.0005,BULLISH,0.0395,3.76,1.08,1.04,1.06,14.8,3.47,SQUEEZE,True,ACCUMULATING,21.32,17.13,11.81,MODERATE_TREND,BULLISH,2026-08-03
VINYLINDIA,246.25,325.0,161.0,-24.23,52.95,248.31,251.95,239.05,-0.83,-2.26,3.01,CONSOLIDATING,12957.0,47.75,NEUTRAL,-3.0478,-2.7129,-0.3349,BEARISH,9.8954,4.02,259.95,236.68,248.31,41.13,9.37,MID_BAND,False,DISTRIBUTING,14.13,28.11,16.34,RANGING,BULLISH,2026-08-03
VIPIND,310.4,454.3,278.25,-31.68,11.55,298.51,307.3,341.28,3.98,1.01,-9.05,DOWNTREND,151017.0,58.18,BULLISH,-1.9829,-3.3745,1.3916,BULLISH,8.7064,2.8,308.09,288.93,298.51,112.05,6.42,NEAR_UPPER,False,DISTRIBUTING,15.63,23.6,18.17,RANGING,BULLISH,2026-08-03
VIRINCHI,15.32,32.69,13.81,-53.14,10.93,15.61,16.06,,-1.86,-4.61,,INSUFFICIENT_DATA,49594.0,41.99,BEARISH,-0.2196,-0.2047,-0.0149,BEARISH,0.6864,4.48,16.14,15.08,15.61,22.39,6.75,SQUEEZE,True,DISTRIBUTING,12.04,12.77,17.89,RANGING,BEARISH,2026-08-03
VISAKAIND,86.99,88.66,50.2,-1.88,73.29,81.96,78.06,69.36,6.14,11.44,25.42,STRONG_UPTREND,243644.0,66.18,BULLISH,1.7239,1.4841,0.2398,BULLISH,3.6581,4.21,86.8,77.12,81.96,101.94,11.81,NEAR_UPPER,False,ACCUMULATING,41.3,30.39,11.43,STRONG_TREND,BULLISH,2026-08-03
VISHNU,599.7,670.0,443.7,-10.49,35.16,616.44,609.39,546.71,-2.72,-1.59,9.69,CONSOLIDATING,147912.0,43.59,BEARISH,2.0826,4.9477,-2.8651,BEARISH,21.3849,3.57,646.78,586.09,616.44,22.43,9.85,MID_BAND,False,ACCUMULATING,15.83,22.31,23.24,RANGING,BEARISH,2026-08-03
VISHWARAJ,5.24,10.2,4.14,-48.63,26.57,5.31,5.49,6.28,-1.32,-4.55,-16.56,DOWNTREND,165271.0,44.62,BEARISH,-0.0795,-0.0755,-0.004,BEARISH,0.1909,3.64,5.53,5.09,5.31,34.4,8.21,MID_BAND,False,DISTRIBUTING,14.27,14.49,18.89,RANGING,BEARISH,2026-08-03
VISL,33.89,44.78,29.25,-24.32,15.86,32.91,,,2.98,,,INSUFFICIENT_DATA,47677948.0,52.39,NEUTRAL,,,,,1.7692,5.22,37.06,28.77,32.91,61.76,25.19,MID_BAND,False,DISTRIBUTING,,,,,,2026-08-03
VIVIDHA,0.52,0.91,0.43,-42.86,20.93,0.52,0.53,0.6,0.0,-1.89,-13.33,DOWNTREND,240375.0,48.83,NEUTRAL,-0.0043,-0.0049,0.0006,BULLISH,0.0285,5.48,0.54,0.5,0.52,54.29,6.75,SQUEEZE,True,DISTRIBUTING,19.82,18.58,7.81,RANGING,BULLISH,2026-08-03
VIYASH,263.7,298.0,178.13,-11.51,48.04,266.29,263.19,,-0.97,0.19,,INSUFFICIENT_DATA,1343942.0,50.69,NEUTRAL,-2.9629,-1.1574,-1.8055,BEARISH,10.0972,3.83,289.48,243.1,266.29,44.41,17.42,MID_BAND,False,DISTRIBUTING,27.18,19.53,17.72,MODERATE_TREND,BULLISH,2026-08-03
VLSFINANCE,254.65,339.0,198.81,-24.88,28.09,254.46,245.35,253.71,0.07,3.79,0.37,STRONG_UPTREND,11799.0,54.71,NEUTRAL,1.8115,2.6641,-0.8527,BEARISH,5.7758,2.27,259.01,249.91,254.46,52.06,3.58,MID_BAND,False,ACCUMULATING,24.19,17.81,12.43,MODERATE_TREND,BULLISH,2026-08-03
VMART,777.95,888.0,457.9,-12.39,69.9,759.77,739.55,676.86,2.39,5.19,14.94,STRONG_UPTREND,162703.0,57.46,BULLISH,3.5453,3.6593,-0.114,BEARISH,30.1883,3.88,804.76,714.77,759.77,70.21,11.84,MID_BAND,False,DISTRIBUTING,19.38,23.77,20.84,RANGING,BULLISH,2026-08-03
VMM,111.2,157.6,98.77,-29.44,12.58,112.24,116.31,122.67,-0.93,-4.39,-9.35,DOWNTREND,10603280.0,46.11,NEUTRAL,-2.373,-2.2515,-0.1215,BEARISH,3.1515,2.83,119.16,105.33,112.24,42.45,12.33,MID_BAND,False,DISTRIBUTING,23.84,14.89,23.13,MODERATE_TREND,BEARISH,2026-08-03
VOEPL,498.45,534.45,428.65,-6.74,16.28,476.62,,,4.58,,,INSUFFICIENT_DATA,152285.0,59.19,BULLISH,,,,,31.7626,6.37,,,,,,,False,ACCUMULATING,,,,,,2026-08-03
VOGL,35.24,47.6,31.17,-25.97,13.06,35.69,,,-1.26,,,INSUFFICIENT_DATA,51260730.0,50.57,NEUTRAL,,,,,2.3211,6.59,39.15,32.23,35.69,43.48,19.39,MID_BAND,False,DISTRIBUTING,,,,,,2026-08-03
VOLTAMP,10021.0,12863.0,6666.0,-22.09,50.33,9463.9,9665.79,8759.05,5.89,3.67,14.41,STRONG_UPTREND,62819.0,61.92,BULLISH,-36.6508,-105.5422,68.8914,BULLISH,331.7242,3.31,9902.53,9025.27,9463.9,113.51,9.27,NEAR_UPPER,False,ACCUMULATING,22.14,34.85,15.03,MODERATE_TREND,BULLISH,2026-08-03
VOLTAS,1324.8,1582.5,1186.8,-16.28,11.63,1324.62,1305.01,1367.48,0.01,1.52,-3.12,DOWNTREND,680921.0,51.04,NEUTRAL,3.9582,5.4708,-1.5126,BEARISH,34.5848,2.61,1391.73,1257.52,1324.62,50.13,10.13,MID_BAND,False,ACCUMULATING,11.48,23.11,20.37,RANGING,BULLISH,2026-08-03
VRAJ,122.94,163.8,93.0,-24.95,32.19,127.07,123.47,125.99,-3.25,-0.43,-2.42,DOWNTREND,95626.0,45.37,NEUTRAL,0.6448,1.815,-1.1702,BEARISH,5.3585,4.36,145.84,108.31,127.07,38.99,29.53,MID_BAND,False,ACCUMULATING,17.82,24.61,25.66,RANGING,BEARISH,2026-08-03
VRLLOG,272.1,307.6,225.0,-11.54,20.93,243.29,239.44,257.8,11.84,13.64,5.55,STRONG_UPTREND,422539.0,73.94,OVERBOUGHT,7.7275,4.0505,3.677,BULLISH,8.2907,3.05,272.72,213.86,243.29,98.95,24.19,NEAR_UPPER,False,ACCUMULATING,31.21,30.73,6.75,STRONG_TREND,BULLISH,2026-08-03
VSSL,304.0,325.85,206.4,-6.71,47.29,294.46,283.59,270.1,3.24,7.2,12.55,STRONG_UPTREND,218961.0,61.33,BULLISH,6.1799,5.9822,0.1976,BULLISH,11.2678,3.71,318.88,270.04,294.46,69.53,16.59,MID_BAND,False,DISTRIBUTING,33.78,32.7,12.89,STRONG_TREND,BULLISH,2026-08-03
VSTIND,219.29,286.78,200.0,-23.53,9.64,236.33,250.05,244.64,-7.21,-12.3,-10.36,DOWNTREND,454313.0,27.8,OVERSOLD,-9.1994,-7.898,-1.3014,BEARISH,5.8904,2.69,265.78,206.88,236.33,21.07,24.92,MID_BAND,False,DISTRIBUTING,39.12,13.8,35.87,STRONG_TREND,BEARISH,2026-08-03
VSTL,109.81,187.24,100.8,-41.35,8.94,111.7,114.93,122.1,-1.69,-4.45,-10.07,DOWNTREND,9846.0,36.08,BEARISH,-1.4643,-1.5502,0.0859,BULLISH,3.4169,3.11,114.18,109.21,111.7,12.02,4.45,SQUEEZE,True,DISTRIBUTING,20.33,13.36,23.39,MODERATE_TREND,BEARISH,2026-08-03
VSTTILLERS,4472.8,6374.0,4275.0,-29.83,4.63,4500.23,4546.11,5269.71,-0.61,-1.61,-15.12,DOWNTREND,5947.0,46.94,NEUTRAL,-40.5892,-41.5772,0.9881,BULLISH_CROSS,102.3044,2.29,4675.73,4324.74,4500.23,42.18,7.8,MID_BAND,False,DISTRIBUTING,18.92,14.61,18.69,RANGING,BEARISH,2026-08-03
VTL,588.35,688.0,385.5,-14.48,52.62,624.75,626.91,529.48,-5.83,-6.15,11.12,CONSOLIDATING,325136.0,37.51,BEARISH,-9.3255,-4.1688,-5.1567,BEARISH,22.9671,3.9,660.09,589.42,624.75,-1.51,11.31,NEAR_LOWER,False,DISTRIBUTING,9.91,15.84,20.78,RANGING,BEARISH,2026-08-03
WAAREEENER,2676.0,3865.0,2403.0,-30.76,11.36,2772.86,2925.7,3006.69,-3.49,-8.53,-11.0,DOWNTREND,937174.0,37.34,BEARISH,-74.9619,-72.2413,-2.7206,BEARISH,78.9817,2.95,2937.35,2608.37,2772.86,20.56,11.86,MID_BAND,False,DISTRIBUTING,36.2,13.07,27.28,STRONG_TREND,BEARISH,2026-08-03
WAAREEINDO,322.0,561.95,282.8,-42.7,13.86,361.39,394.03,,-10.9,-18.28,,INSUFFICIENT_DATA,82061.0,33.16,BEARISH,-24.5157,-19.1616,-5.354,BEARISH,16.2646,5.05,427.94,294.85,361.39,20.4,36.83,MID_BAND,False,DISTRIBUTING,35.12,12.43,41.91,STRONG_TREND,BEARISH,2026-08-03
WAAREERTL,919.65,1358.0,779.5,-32.28,17.98,971.78,979.28,968.15,-5.36,-6.09,-5.01,DOWNTREND,230426.0,35.42,BEARISH,-21.1545,-12.12,-9.0344,BEARISH,26.5394,2.89,1055.81,887.75,971.78,18.98,17.29,MID_BAND,False,DISTRIBUTING,24.37,15.63,28.63,MODERATE_TREND,BEARISH,2026-08-03
WABAG,2012.0,2253.5,1033.0,-10.72,94.77,2055.49,1880.63,1448.25,-2.12,6.99,38.93,UPTREND,840147.0,52.14,NEUTRAL,6.0636,34.0565,-27.9928,BEARISH,87.3658,4.34,2256.99,1854.0,2055.49,39.21,19.61,MID_BAND,False,DISTRIBUTING,30.53,26.77,22.48,STRONG_TREND,BULLISH,2026-08-03
WAKEFIT,130.05,224.0,111.4,-41.94,16.74,128.7,124.8,,1.05,4.21,,INSUFFICIENT_DATA,8143323.0,53.0,NEUTRAL,0.4306,0.809,-0.3784,BEARISH,7.3559,5.66,136.46,120.95,128.7,58.69,12.05,MID_BAND,False,DISTRIBUTING,25.47,31.64,15.67,MODERATE_TREND,BULLISH,2026-08-03
WALCHANNAG,229.33,315.8,131.15,-27.38,74.86,241.33,253.18,197.3,-4.97,-9.42,16.23,CONSOLIDATING,1115757.0,40.64,BEARISH,-7.1413,-5.6662,-1.4751,BEARISH,12.4262,5.42,262.87,219.78,241.33,22.16,17.85,MID_BAND,False,DISTRIBUTING,17.48,17.5,21.47,RANGING,BEARISH,2026-08-03
WANBURY,286.2,358.85,161.5,-20.25,77.21,314.16,287.26,,-8.9,-0.37,,INSUFFICIENT_DATA,801958.0,40.32,BEARISH,4.291,11.0727,-6.7817,BEARISH,17.3035,6.05,362.1,266.22,314.16,20.84,30.52,MID_BAND,False,ACCUMULATING,24.68,18.18,26.16,MODERATE_TREND,BEARISH,2026-08-03
WCIL,90.48,147.29,77.02,-38.57,17.48,92.59,95.94,106.88,-2.28,-5.69,-15.34,DOWNTREND,46790.0,39.38,BEARISH,-2.172,-2.0359,-0.1362,BEARISH,2.4626,2.72,97.97,87.21,92.59,30.38,11.62,SQUEEZE,True,DISTRIBUTING,24.09,18.19,25.3,MODERATE_TREND,BEARISH,2026-08-03
WEALTH,939.25,1300.5,774.95,-27.78,21.2,954.81,955.86,945.97,-1.63,-1.74,-0.71,DOWNTREND,1714.0,45.95,NEUTRAL,-6.4026,-2.969,-3.4336,BEARISH,32.9743,3.51,986.84,922.78,954.81,25.71,6.71,MID_BAND,False,DISTRIBUTING,25.67,10.92,21.9,MODERATE_TREND,BEARISH,2026-08-03
WEBELSOLAR,97.58,157.3,50.4,-37.97,93.61,99.46,103.33,92.72,-1.89,-5.56,5.24,CONSOLIDATING,1596536.0,43.54,BEARISH,-1.4905,-1.2463,-0.2442,BEARISH,3.4643,3.55,103.62,95.31,99.46,27.35,8.36,MID_BAND,False,DISTRIBUTING,9.77,20.87,20.62,RANGING,BULLISH,2026-08-03
WEIZMANIND,77.91,122.5,65.21,-36.4,19.48,78.43,81.36,87.84,-0.66,-4.24,-11.3,DOWNTREND,2286.0,41.92,BEARISH,-1.2843,-1.3418,0.0575,BULLISH_CROSS,3.0444,3.91,80.64,76.22,78.43,38.22,5.64,SQUEEZE,True,DISTRIBUTING,9.87,19.34,13.65,RANGING,BULLISH,2026-08-03
WEL,123.02,183.53,75.01,-32.97,64.0,106.43,99.93,126.55,15.59,23.11,-2.79,DOWNTREND,192795.0,88.7,OVERBOUGHT,5.1124,3.1829,1.9294,BULLISH,4.2083,3.42,120.79,92.07,106.43,107.78,26.98,NEAR_UPPER,False,ACCUMULATING,54.9,44.71,3.33,STRONG_TREND,BULLISH,2026-08-03
WELCORP,1715.3,1721.9,710.0,-0.38,141.59,1628.03,1496.64,1051.87,5.36,14.61,63.07,STRONG_UPTREND,1116994.0,65.94,BULLISH,52.0463,53.3426,-1.2963,BEARISH,55.1395,3.21,1726.07,1529.99,1628.03,94.51,12.04,NEAR_UPPER,False,ACCUMULATING,30.16,29.79,13.59,STRONG_TREND,BULLISH,2026-08-03
WELENT,606.75,634.9,412.0,-4.43,47.27,608.77,575.93,515.9,-0.33,5.35,17.61,UPTREND,243515.0,57.18,BULLISH,4.3276,8.8477,-4.5202,BEARISH,16.1815,2.67,633.68,583.87,608.77,45.94,8.18,MID_BAND,False,DISTRIBUTING,24.05,22.17,15.7,MODERATE_TREND,BULLISH,2026-08-03
WELSPLSOL,50.73,63.25,36.0,-19.79,40.92,52.14,51.91,,-2.7,-2.27,,INSUFFICIENT_DATA,564034.0,44.67,BEARISH,-0.3536,-0.0473,-0.3063,BEARISH,2.501,4.93,54.57,49.71,52.14,21.08,9.32,MID_BAND,False,ACCUMULATING,12.76,17.37,20.53,RANGING,BEARISH,2026-08-03
WELSPUNLIV,154.63,174.97,107.1,-11.62,44.38,163.9,156.2,136.04,-5.66,-1.01,13.67,CONSOLIDATING,1651019.0,41.1,BEARISH,-0.0515,1.807,-1.8585,BEARISH,5.589,3.61,172.56,155.24,163.9,-3.51,10.57,NEAR_LOWER,False,DISTRIBUTING,17.4,15.33,21.56,RANGING,BEARISH,2026-08-03
WENDT,8206.0,10585.0,5841.5,-22.48,40.48,7870.38,7596.66,7379.27,4.26,8.02,11.2,STRONG_UPTREND,9603.0,61.37,BULLISH,152.9726,119.4308,33.5418,BULLISH,274.3837,3.34,8432.88,7307.87,7870.38,79.83,14.29,MID_BAND,False,ACCUMULATING,34.53,28.68,12.97,STRONG_TREND,BULLISH,2026-08-03
WESTLIFE,531.2,775.0,398.4,-31.46,33.33,487.59,473.28,498.98,8.94,12.24,6.46,STRONG_UPTREND,261280.0,63.11,BULLISH,5.6756,2.1012,3.5743,BULLISH,24.8663,4.68,530.76,444.41,487.59,100.51,17.71,NEAR_UPPER,False,ACCUMULATING,23.44,32.85,13.65,MODERATE_TREND,BULLISH,2026-08-03
WEWORK,744.6,767.0,420.0,-2.92,77.29,717.54,672.02,583.67,3.77,10.8,27.57,STRONG_UPTREND,494004.0,61.76,BULLISH,15.7381,16.6769,-0.9388,BEARISH,30.8247,4.14,753.82,681.25,717.54,87.29,10.11,MID_BAND,False,DISTRIBUTING,29.3,24.52,14.42,MODERATE_TREND,BULLISH,2026-08-03
WHEELS,1415.7,1808.0,705.85,-21.7,100.57,1456.99,1534.82,1100.29,-2.83,-7.76,28.67,CONSOLIDATING,102369.0,43.09,BEARISH,-30.7492,-26.105,-4.6442,BEARISH,67.1827,4.75,1525.07,1388.91,1456.99,19.68,9.35,MID_BAND,False,DISTRIBUTING,17.77,18.87,21.31,RANGING,BEARISH,2026-08-03
WHIRLPOOL,824.45,1437.0,753.15,-42.63,9.47,785.43,798.81,904.84,4.97,3.21,-8.88,DOWNTREND,355213.0,61.98,BULLISH,-0.0226,-6.3062,6.2836,BULLISH,21.3581,2.59,817.07,753.8,785.43,111.67,8.05,NEAR_UPPER,False,ACCUMULATING,21.22,34.42,11.54,MODERATE_TREND,BULLISH,2026-08-03
WILLAMAGOR,26.57,37.5,21.11,-29.15,25.86,25.91,26.47,28.12,2.55,0.38,-5.51,DOWNTREND,1321.0,54.22,NEUTRAL,-0.2595,-0.3061,0.0466,BULLISH_CROSS,1.4492,5.45,27.22,24.6,25.91,75.05,10.11,MID_BAND,False,DISTRIBUTING,10.09,20.16,11.28,RANGING,BULLISH,2026-08-03
WINDLAS,867.8,1097.9,697.4,-20.96,24.43,853.36,840.1,812.39,1.69,3.3,6.82,STRONG_UPTREND,40353.0,57.12,BULLISH,5.7848,6.2805,-0.4957,BEARISH,25.5363,2.94,882.36,824.36,853.36,74.89,6.8,MID_BAND,False,DISTRIBUTING,27.48,22.17,11.42,MODERATE_TREND,BULLISH,2026-08-03
WINDMACHIN,281.05,345.45,200.65,-18.64,40.07,297.45,302.2,274.87,-5.51,-7.0,2.25,CONSOLIDATING,70374.0,37.91,BEARISH,-7.2715,-5.1191,-2.1524,BEARISH,13.5182,4.81,324.28,270.63,297.45,19.42,18.04,MID_BAND,False,ACCUMULATING,23.38,9.5,16.54,MODERATE_TREND,BEARISH,2026-08-03
WIPL,168.0,193.2,133.1,-13.04,26.22,168.89,162.89,155.97,-0.53,3.14,7.71,UPTREND,3773.0,51.23,NEUTRAL,0.7769,1.287,-0.5101,BEARISH,8.0237,4.78,174.53,163.25,168.89,42.13,6.68,SQUEEZE,True,DISTRIBUTING,18.87,11.87,14.13,RANGING,BEARISH,2026-08-03
WIPRO,188.66,273.1,169.0,-30.92,11.63,177.88,183.1,215.24,6.06,3.04,-12.35,DOWNTREND,17316835.0,64.98,BULLISH,1.2405,-0.5824,1.8229,BULLISH,4.2766,2.27,186.99,168.76,177.88,109.16,10.25,NEAR_UPPER,False,ACCUMULATING,21.83,39.23,18.46,MODERATE_TREND,BULLISH,2026-08-03
WOCKPHARMA,2028.4,2422.3,1086.7,-16.26,86.66,1882.02,1913.58,1507.93,7.78,6.0,34.52,STRONG_UPTREND,612518.0,66.72,BULLISH,17.6187,5.3291,12.2896,BULLISH,65.6709,3.24,1982.23,1781.81,1882.02,123.04,10.65,NEAR_UPPER,False,ACCUMULATING,13.66,31.65,17.81,RANGING,BULLISH,2026-08-03
WONDERLA,485.2,659.0,455.0,-26.37,6.64,471.64,479.08,511.58,2.88,1.28,-5.16,DOWNTREND,42646.0,58.18,BULLISH,-2.2311,-4.0395,1.8084,BULLISH,11.4729,2.36,484.62,458.66,471.64,102.24,5.5,NEAR_UPPER,True,DISTRIBUTING,21.04,19.38,15.69,MODERATE_TREND,BULLISH,2026-08-03
WORTHPERI,145.93,167.4,109.0,-12.83,33.88,141.58,134.61,137.64,3.07,8.41,6.02,STRONG_UPTREND,19565.0,64.18,BULLISH,2.9777,2.9102,0.0675,BULLISH,5.5769,3.82,150.18,132.98,141.58,75.3,12.15,MID_BAND,False,ACCUMULATING,22.5,19.41,12.55,MODERATE_TREND,BULLISH,2026-08-03
WPIL,455.95,510.35,383.55,-10.66,18.88,455.21,456.49,,0.16,-0.12,,INSUFFICIENT_DATA,69141.0,50.46,NEUTRAL,-4.5406,-4.1105,-0.4301,BEARISH,22.2453,4.88,481.39,429.02,455.21,51.42,11.5,MID_BAND,False,ACCUMULATING,18.87,25.38,10.17,RANGING,BULLISH,2026-08-03
WSI,60.51,98.9,59.25,-38.82,2.13,62.43,65.8,74.03,-3.08,-8.04,-18.26,DOWNTREND,66874.0,36.75,BEARISH,-1.4809,-1.4882,0.0074,BULLISH,2.8166,4.65,65.65,59.21,62.43,20.19,10.32,MID_BAND,False,ACCUMULATING,21.59,11.98,15.49,MODERATE_TREND,BEARISH,2026-08-03
WSTCSTPAPR,569.0,590.0,375.0,-3.56,51.73,546.29,525.05,455.95,4.16,8.37,24.79,STRONG_UPTREND,246993.0,62.07,BULLISH,13.9926,11.9087,2.0839,BULLISH,21.1068,3.71,586.16,506.42,546.29,78.48,14.6,MID_BAND,False,ACCUMULATING,38.88,31.27,10.04,STRONG_TREND,BULLISH,2026-08-03
XCHANGING,67.65,103.0,47.5,-34.32,42.42,64.9,64.51,70.35,4.24,4.87,-3.84,DOWNTREND,112138.0,62.66,BULLISH,0.7117,0.3918,0.3198,BULLISH,2.1069,3.11,67.93,61.86,64.9,95.34,9.36,NEAR_UPPER,False,ACCUMULATING,20.18,28.73,13.24,MODERATE_TREND,BULLISH,2026-08-03
XELPMOC,83.4,147.5,76.0,-43.46,9.74,81.89,87.09,,1.84,-4.24,,INSUFFICIENT_DATA,8726.0,50.72,NEUTRAL,-1.6728,-2.1522,0.4794,BULLISH,4.0376,4.84,85.41,78.37,81.89,71.46,8.59,MID_BAND,False,ACCUMULATING,32.6,14.09,16.5,STRONG_TREND,BEARISH,2026-08-03
XPROINDIA,1302.8,1574.8,788.05,-17.27,65.32,1397.35,1318.92,1078.54,-6.77,-1.22,20.79,CONSOLIDATING,48639.0,43.1,BEARISH,12.8722,21.9415,-9.0693,BEARISH,72.8179,5.59,1480.65,1314.04,1397.34,-6.75,11.92,NEAR_LOWER,False,DISTRIBUTING,29.52,23.54,20.8,MODERATE_TREND,BULLISH,2026-08-03
XTGLOBAL,33.38,46.25,25.2,-27.83,32.46,29.37,29.69,32.06,13.65,12.43,4.12,STRONG_UPTREND,102033.0,67.82,BULLISH,0.838,0.1726,0.6654,BULLISH,1.721,5.16,33.22,25.53,29.37,102.03,26.21,NEAR_UPPER,False,ACCUMULATING,18.42,31.96,11.45,RANGING,BULLISH,2026-08-03
YASHO,3884.8,4223.3,1130.0,-8.02,243.79,3142.28,2823.46,1820.99,23.63,37.59,113.33,STRONG_UPTREND,52523.0,79.18,OVERBOUGHT,211.968,154.5626,57.4054,BULLISH,216.5709,5.57,3674.7,2609.85,3142.28,119.73,33.89,NEAR_UPPER,False,ACCUMULATING,50.62,47.41,5.45,STRONG_TREND,BULLISH,2026-08-03
YATHARTH,833.95,889.9,538.25,-6.29,54.94,836.42,833.42,740.02,-0.3,0.06,12.69,UPTREND,215734.0,48.91,NEUTRAL,-1.5488,1.1182,-2.667,BEARISH,23.0941,2.77,863.49,809.35,836.42,45.43,6.47,MID_BAND,False,DISTRIBUTING,8.85,17.83,19.66,RANGING,BEARISH,2026-08-03
YATRA,107.63,202.0,89.9,-46.72,19.72,109.24,106.75,130.86,-1.47,0.82,-17.75,DOWNTREND,827287.0,48.08,NEUTRAL,-0.4609,0.0188,-0.4796,BEARISH,3.6682,3.41,114.47,104.01,109.24,34.61,9.58,MID_BAND,False,DISTRIBUTING,12.75,20.83,18.17,RANGING,BULLISH,2026-08-03
YESBANK,23.0,25.78,17.2,-10.78,33.72,23.27,23.56,21.74,-1.16,-2.38,5.8,CONSOLIDATING,65714506.0,45.31,NEUTRAL,-0.2537,-0.1842,-0.0695,BEARISH,0.4576,1.99,24.15,22.39,23.27,34.56,7.58,SQUEEZE,True,DISTRIBUTING,19.84,17.17,25.87,RANGING,BEARISH,2026-08-03
YUKEN,718.6,1053.9,584.1,-31.82,23.03,732.73,717.61,767.52,-1.93,0.14,-6.37,DOWNTREND,8464.0,46.99,NEUTRAL,-5.5467,-2.4534,-3.0934,BEARISH,23.2396,3.23,781.11,684.35,732.73,35.4,13.21,MID_BAND,False,DISTRIBUTING,23.44,16.04,15.79,MODERATE_TREND,BULLISH,2026-08-03
ZAGGLE,205.85,417.6,186.05,-50.71,10.64,206.56,207.17,269.41,-0.34,-0.64,-23.59,DOWNTREND,655806.0,48.15,NEUTRAL,-1.5435,-1.6941,0.1507,BULLISH,6.3781,3.1,215.25,197.86,206.56,45.95,8.42,MID_BAND,False,DISTRIBUTING,9.2,20.54,17.78,RANGING,BULLISH,2026-08-03
ZEEL,98.14,124.14,68.0,-20.94,44.32,104.87,104.63,92.63,-6.42,-6.2,5.95,CONSOLIDATING,26586503.0,41.0,BEARISH,0.9296,1.0175,-0.0879,BEARISH_CROSS,5.7261,5.83,113.93,95.81,104.87,12.87,17.28,MID_BAND,False,ACCUMULATING,17.93,22.33,31.03,RANGING,BEARISH,2026-08-03
ZEEMEDIA,7.19,13.26,7.05,-45.78,1.99,7.99,8.23,,-10.01,-12.64,,INSUFFICIENT_DATA,1374305.0,26.5,OVERSOLD,-0.2444,-0.1669,-0.0775,BEARISH,0.3558,4.95,8.65,7.34,7.99,-11.25,16.42,NEAR_LOWER,False,DISTRIBUTING,11.85,18.29,26.86,RANGING,BEARISH,2026-08-03
ZENITHEXPO,198.89,351.65,174.0,-43.44,14.3,199.59,202.24,210.11,-0.35,-1.66,-5.34,DOWNTREND,198.0,48.07,NEUTRAL,-1.0619,-1.177,0.1151,BULLISH,6.5777,3.31,207.55,191.64,199.59,45.57,7.97,MID_BAND,False,DISTRIBUTING,16.0,19.72,23.95,RANGING,BEARISH,2026-08-03
ZENITHSTL,5.63,10.0,4.41,-43.7,27.66,5.57,5.74,6.18,1.08,-1.92,-8.9,DOWNTREND,96036.0,49.84,NEUTRAL,-0.0307,-0.0424,0.0117,BULLISH,0.3342,5.94,5.82,5.33,5.57,61.89,8.75,MID_BAND,False,ACCUMULATING,30.83,15.14,16.76,STRONG_TREND,BEARISH,2026-08-03
ZENSARTECH,518.0,868.95,423.0,-40.39,22.46,507.89,484.48,596.06,1.99,6.92,-13.1,DOWNTREND,7477502.0,54.28,NEUTRAL,10.5537,10.6919,-0.1382,BEARISH_CROSS,24.0202,4.64,559.99,455.78,507.89,59.7,20.52,MID_BAND,False,ACCUMULATING,28.27,30.43,21.1,MODERATE_TREND,BULLISH,2026-08-03
ZENTEC,1656.4,2024.0,1223.0,-18.16,35.44,1761.75,1770.41,1504.76,-5.98,-6.44,10.08,CONSOLIDATING,479289.0,40.16,BEARISH,-40.0722,-19.8933,-20.1789,BEARISH,66.2172,4.0,1930.67,1592.84,1761.75,18.81,19.18,MID_BAND,False,DISTRIBUTING,18.03,14.38,28.24,RANGING,BEARISH,2026-08-03
ZFCVINDIA,2447.8,3044.0,2050.33,-19.59,19.39,2360.32,2439.97,2395.37,3.71,0.32,2.19,STRONG_UPTREND,190926.0,55.12,BULLISH,-12.1904,-25.7121,13.5217,BULLISH,87.6163,3.58,2440.76,2279.87,2360.31,104.37,6.82,NEAR_UPPER,False,DISTRIBUTING,36.21,25.22,10.27,STRONG_TREND,BULLISH,2026-08-03
ZFSTEERING,679.0,894.98,620.65,-24.13,9.4,673.61,679.82,,0.8,-0.12,,INSUFFICIENT_DATA,6886.0,49.73,NEUTRAL,-4.4911,-5.015,0.5239,BULLISH_CROSS,31.5877,4.65,696.56,650.66,673.61,61.75,6.81,SQUEEZE,True,ACCUMULATING,22.54,24.72,15.37,MODERATE_TREND,BULLISH,2026-08-03
ZODIAC,256.3,415.0,205.55,-38.24,24.69,289.98,259.81,,-11.61,-1.35,,INSUFFICIENT_DATA,123369.0,42.31,BEARISH,18.6619,18.0695,0.5924,BULLISH,29.2694,11.42,362.45,217.52,289.98,26.76,49.98,MID_BAND,False,ACCUMULATING,33.67,27.21,26.89,STRONG_TREND,BULLISH,2026-08-03
ZODIACLOTH,76.65,119.45,58.5,-35.83,31.03,77.54,77.43,80.59,-1.15,-1.01,-4.89,DOWNTREND,21648.0,47.54,NEUTRAL,-0.5485,-0.3699,-0.1786,BEARISH,3.6468,4.76,81.73,73.36,77.54,39.33,10.79,MID_BAND,False,DISTRIBUTING,10.17,21.22,18.93,RANGING,BULLISH,2026-08-03
ZOTA,1265.7,1740.0,1026.2,-27.26,23.34,1331.41,1292.39,1346.47,-4.94,-2.07,-6.0,DOWNTREND,48015.0,42.58,BEARISH,-22.0946,-9.4196,-12.6751,BEARISH,48.55,3.84,1465.69,1197.13,1331.41,25.53,20.17,MID_BAND,False,DISTRIBUTING,28.86,16.0,20.98,MODERATE_TREND,BEARISH,2026-08-03
ZSARACOM,12179.0,14400.0,9000.0,-15.42,35.32,12618.75,10775.79,,-3.48,13.02,,INSUFFICIENT_DATA,221.0,54.99,NEUTRAL,417.6106,578.1497,-160.5391,BEARISH,557.6545,4.58,13387.16,11850.34,12618.75,21.39,12.18,MID_BAND,False,ACCUMULATING,19.35,21.18,19.59,RANGING,BULLISH,2026-08-03
ZUARI,233.27,393.55,175.1,-40.73,33.22,231.16,228.07,246.87,0.91,2.28,-5.51,DOWNTREND,150691.0,53.35,NEUTRAL,0.5714,0.0985,0.473,BULLISH,8.1471,3.49,242.14,220.18,231.16,59.61,9.5,MID_BAND,False,ACCUMULATING,26.09,25.42,15.73,MODERATE_TREND,BULLISH,2026-08-03
ZUARIIND,259.35,416.0,210.0,-37.66,23.5,261.58,258.51,274.6,-0.85,0.32,-5.55,DOWNTREND,27292.0,49.26,NEUTRAL,-0.6163,-0.2101,-0.4062,BEARISH,7.9068,3.05,271.4,251.75,261.58,38.66,7.51,MID_BAND,False,DISTRIBUTING,13.98,16.49,15.87,RANGING,BULLISH,2026-08-03
ZYDUSLIFE,1121.0,1181.5,835.5,-5.12,34.17,1133.2,1109.81,967.4,-1.08,1.01,15.88,UPTREND,1150544.0,50.91,NEUTRAL,3.0961,7.4378,-4.3417,BEARISH,24.3245,2.17,1170.12,1096.29,1133.21,33.47,6.51,MID_BAND,False,DISTRIBUTING,24.23,18.74,17.86,MODERATE_TREND,BULLISH,2026-08-03
ZYDUSWELL,559.85,611.85,367.55,-8.5,52.32,575.24,542.22,470.37,-2.68,3.25,19.02,UPTREND,392954.0,48.82,NEUTRAL,4.6419,8.6561,-4.0141,BEARISH,22.9883,4.11,606.81,543.67,575.24,25.63,10.98,MID_BAND,False,ACCUMULATING,19.93,18.95,16.42,RANGING,BULLISH,2026-08-03
