symbol,rsi_14,rsi_zone_enc,macd_hist,macd_signal_enc,bb_pct_b,bb_squeeze,adx_14,adx_trending,as_of_date
20MICRONS,60.09,1,1.2556,1,0.8438,16.96,36.61,1,2026-06-30
21STCENMGM,45.53,1,0.0026,1,0.3439,7.9,13.93,0,2026-06-30
360ONE,42.84,1,-4.7406,0,0.3139,11.06,13.55,0,2026-06-30
3BBLACKBIO,43.66,1,-2.5418,0,0.3874,16.22,19.71,0,2026-06-30
3IINFOLTD,48.09,1,-0.016,0,0.4727,7.56,13.71,0,2026-06-30
3MINDIA,53.26,1,61.3751,1,0.6362,9.23,16.44,0,2026-06-30
3PLAND,45.17,1,0.0118,1,0.2182,6.04,18.18,0,2026-06-30
5PAISA,70.12,0,4.2096,2,0.958,20.17,29.19,1,2026-06-30
63MOONS,47.76,1,0.6464,1,0.5086,11.8,17.05,0,2026-06-30
A2ZINFRA,35.95,1,-0.0534,0,-0.0557,10.49,15.07,0,2026-06-30
AAATECH,56.75,1,0.0861,2,0.8041,9.19,31.57,1,2026-06-30
AADHARHFC,62.73,1,4.4153,1,0.8691,16.98,26.61,1,2026-06-30
AAKASH,45.2,1,-0.1758,0,0.2993,41.4,33.91,1,2026-06-30
AAREYDRUGS,67.91,1,1.9441,1,0.7786,71.12,41.03,1,2026-06-30
AARNAV,58.39,1,-0.0454,1,0.7785,4.99,25.11,1,2026-06-30
AARON,39.71,1,0.2469,1,0.378,11.14,25.07,1,2026-06-30
AARTECH,54.07,1,0.3838,1,0.6167,37.82,37.89,1,2026-06-30
AARTIDRUGS,53.29,1,0.4038,2,0.7986,4.06,16.07,0,2026-06-30
AARTIIND,45.5,1,-1.1583,0,0.431,17.74,17.25,0,2026-06-30
AARTIPHARM,52.36,1,6.6774,1,0.7172,18.71,22.85,0,2026-06-30
AARTISURF,49.37,1,0.6633,2,0.6129,10.03,11.79,0,2026-06-30
AARVI,57.76,1,0.0868,2,0.7319,19.3,18.82,0,2026-06-30
AAVAS,70.88,0,12.9103,2,0.8729,24.69,22.54,0,2026-06-30
ABAN,45.51,1,0.1482,1,0.4922,21.05,22.81,0,2026-06-30
ABB,50.91,1,-8.1327,0,0.4727,8.98,14.52,0,2026-06-30
ABBOTINDIA,37.55,1,-75.2234,1,0.0845,4.89,23.89,0,2026-06-30
ABCAPITAL,62.84,1,2.5272,1,0.8414,19.77,25.18,1,2026-06-30
ABCOTS,44.69,1,2.139,1,0.5039,28.65,31.16,1,2026-06-30
ABDL,71.68,0,2.6054,2,0.9266,21.63,39.7,1,2026-06-30
ABFRL,38.96,1,-0.1184,0,0.0147,7.48,9.49,0,2026-06-30
ABGSEC,56.5,1,0.0825,1,0.7728,2.59,9.24,0,2026-06-30
ABINFRA,52.57,1,0.3285,2,0.9033,23.66,32.27,1,2026-06-30
ABLBL,42.53,1,-0.0746,0,0.1519,6.65,10.94,0,2026-06-30
ABMINTLLTD,45.01,1,-0.1816,1,0.3031,19.73,19.03,0,2026-06-30
ABMKNO,42.21,1,-0.7341,1,0.2482,11.82,17.18,0,2026-06-30
ABREL,55.21,1,11.8635,1,0.7868,15.57,18.96,0,2026-06-30
ABSL10BANK,64.15,1,0.5741,1,0.7619,12.16,36.04,1,2026-06-30
ABSLAMC,57.15,1,2.3742,1,0.6751,20.76,39.83,1,2026-06-30
ABSLBANETF,62.55,1,0.1207,1,0.7147,11.44,30.82,1,2026-06-30
ABSLLIQUID,57.91,1,0.0004,2,1.1028,0.0,72.86,1,2026-06-30
ABSLMSCIN,48.73,1,-0.0684,0,0.4811,22.54,43.33,1,2026-06-30
ABSLNN50ET,55.46,1,0.036,1,0.6667,7.24,13.97,0,2026-06-30
ABSLPSE,41.2,1,0.0037,1,0.3167,4.08,11.86,0,2026-06-30
ACC,42.73,1,0.7176,1,0.3107,4.75,9.67,0,2026-06-30
ACCELYA,39.21,1,-1.7664,0,0.1498,5.59,15.79,0,2026-06-30
ACCURACY,45.94,1,-0.0505,0,0.1257,10.33,32.84,1,2026-06-30
ACE,71.02,0,7.3378,2,0.9006,22.51,38.06,1,2026-06-30
ACEINTEG,62.98,1,0.1201,2,1.1104,16.48,18.59,0,2026-06-30
ACI,41.33,1,0.8992,1,0.2525,5.85,16.23,0,2026-06-30
ACL,40.31,1,-0.0777,1,0.1644,5.02,19.87,0,2026-06-30
ACLGATI,61.88,1,0.3981,2,0.849,16.16,17.26,0,2026-06-30
ACMESOLAR,74.21,0,2.536,2,1.0907,16.37,43.18,1,2026-06-30
ACSTECH,70.86,0,0.8555,1,0.8628,37.98,34.5,1,2026-06-30
ACUTAAS,71.22,0,22.6564,2,1.0295,18.19,43.84,1,2026-06-30
ADANIENSOL,52.34,1,-10.8251,1,0.3203,8.37,19.55,0,2026-06-30
ADANIENT,59.83,1,-15.3268,1,0.7738,6.58,44.3,1,2026-06-30
ADANIGREEN,54.71,1,-7.8479,0,0.5084,8.99,35.71,1,2026-06-30
ADANIPORTS,53.38,1,-8.4924,1,0.4845,3.84,16.09,0,2026-06-30
ADANIPOWER,47.44,1,-0.7102,0,0.3415,9.4,15.64,0,2026-06-30
ADFFOODS,62.66,1,0.1805,2,0.8294,17.47,44.16,1,2026-06-30
ADL,48.05,1,-0.0945,1,0.4612,9.14,17.27,0,2026-06-30
ADOR,71.75,0,6.1192,2,0.9493,17.5,34.1,1,2026-06-30
ADROITINFO,50.02,1,-0.0101,1,0.5224,6.56,14.69,0,2026-06-30
ADSL,57.13,1,0.794,2,0.9056,11.99,23.55,0,2026-06-30
ADVAIT,54.14,1,-17.8724,0,0.5249,21.79,31.79,1,2026-06-30
ADVANCE,56.86,1,1.3134,1,0.7705,18.91,22.53,0,2026-06-30
ADVANIHOTR,51.45,1,0.081,1,0.6451,5.42,38.18,1,2026-06-30
ADVENTHTL,51.43,1,1.6989,1,0.7131,19.23,16.68,0,2026-06-30
ADVENZYMES,23.78,2,-7.5131,0,-0.2659,20.76,30.38,1,2026-06-30
AEGISLOG,89.45,0,19.9564,1,0.8946,60.87,63.76,1,2026-06-30
AEGISVOPAK,62.74,1,0.765,1,0.6952,39.18,26.71,1,2026-06-30
AEPL,55.85,1,0.0526,2,1.2929,5.13,16.24,0,2026-06-30
AEQUS,66.26,1,3.9973,1,0.8471,44.44,33.39,1,2026-06-30
AEROENTER,72.77,0,2.4744,1,0.8369,58.87,46.07,1,2026-06-30
AEROFLEX,57.12,1,-3.7851,0,0.5943,30.95,35.47,1,2026-06-30
AERONEU,73.48,0,1.2235,2,1.2214,21.44,13.84,0,2026-06-30
AETHER,75.78,0,23.1143,2,0.9993,27.83,32.83,1,2026-06-30
AFCONS,44.91,1,-0.7408,0,0.1713,7.0,11.63,0,2026-06-30
AFFLE,42.26,1,-7.2588,0,0.0431,7.06,14.25,0,2026-06-30
AFFORDABLE,66.46,1,5.9697,1,0.9077,50.75,28.53,1,2026-06-30
AFIL,77.21,0,0.1548,1,0.7919,65.54,43.29,1,2026-06-30
AFSL,46.39,1,0.0476,1,0.3641,0.15,72.2,1,2026-06-30
AGARIND,58.98,1,-1.0005,0,0.616,37.01,33.75,1,2026-06-30
AGARWALEYE,61.2,1,3.192,1,0.7993,13.88,26.59,1,2026-06-30
AGI,60.87,1,-0.7292,0,0.6298,29.73,37.11,1,2026-06-30
AGIIL,48.35,1,-0.7205,1,0.3373,9.48,12.38,0,2026-06-30
AGRITECH,54.62,1,3.1424,1,0.702,42.23,22.06,0,2026-06-30
AGROPHOS,46.74,1,-0.0278,0,0.4293,5.83,13.86,0,2026-06-30
AHCL,61.96,1,0.028,1,0.7001,24.15,51.19,1,2026-06-30
AHLADA,39.15,1,-0.0141,0,-0.0008,5.75,13.29,0,2026-06-30
AHLEAST,30.01,1,-0.687,0,-0.1021,9.29,13.68,0,2026-06-30
AHLUCONT,57.98,1,5.897,1,0.7979,14.98,18.76,0,2026-06-30
AIAENG,78.42,0,33.7696,2,1.0486,17.85,40.01,1,2026-06-30
AIIL,54.9,1,-0.6491,0,0.606,32.01,26.35,1,2026-06-30
AIRAN,48.18,1,-0.0068,1,0.4146,7.05,8.86,0,2026-06-30
AIROLAM,60.12,1,1.2189,1,0.8137,28.12,31.7,1,2026-06-30
AJANTPHARM,72.05,0,33.2059,2,1.0894,17.44,24.25,0,2026-06-30
AJAXENGG,44.39,1,-4.2226,1,0.2375,14.31,19.72,0,2026-06-30
AJMERA,52.37,1,0.0541,1,0.5871,30.72,22.34,0,2026-06-30
AJOONI,37.97,1,-0.0056,1,0.2311,12.67,47.1,1,2026-06-30
AKASH,45.39,1,-0.0208,0,0.2947,9.24,22.27,0,2026-06-30
AKCAPIT,59.95,1,0.4558,1,0.7689,7.32,32.07,1,2026-06-30
AKG,48.25,1,0.006,2,0.4938,7.44,12.1,0,2026-06-30
AKI,40.9,1,-0.0144,0,0.0747,6.35,11.75,0,2026-06-30
AKSHAR,31.56,1,-0.0009,0,-0.0951,6.39,43.46,1,2026-06-30
AKSHARCHEM,62.1,1,1.8586,1,0.7824,29.61,28.61,1,2026-06-30
AKSHOPTFBR,61.9,1,0.1186,1,0.7888,43.94,30.34,1,2026-06-30
AKUMS,67.2,1,1.2019,1,0.7559,21.24,34.8,1,2026-06-30
AKZOINDIA,56.11,1,10.1642,1,0.7464,8.47,21.18,0,2026-06-30
ALANKIT,39.36,1,-0.0086,0,0.2116,8.34,14.76,0,2026-06-30
ALBERTDAVD,44.01,1,-0.6762,0,0.2433,5.16,10.28,0,2026-06-30
ALEMBICLTD,56.29,1,0.3128,1,0.752,11.56,21.74,0,2026-06-30
ALGOQUANT,46.88,1,-0.0363,0,0.4912,15.11,15.3,0,2026-06-30
ALICON,52.01,1,1.0041,2,0.7843,5.91,10.65,0,2026-06-30
ALIVUS,72.06,0,10.9584,2,1.0894,14.9,18.54,0,2026-06-30
ALKALI,82.92,0,2.9022,2,1.135,55.1,42.3,1,2026-06-30
ALKEM,67.16,1,24.1052,2,1.2291,5.57,25.89,1,2026-06-30
ALKYLAMINE,45.91,1,-19.8217,0,-0.0099,9.03,22.73,0,2026-06-30
ALLCARGO,33.45,1,-0.0881,1,0.0561,15.71,17.89,0,2026-06-30
ALLDIGI,39.44,1,-1.7617,0,0.0908,4.91,23.18,0,2026-06-30
ALLTIME,50.02,1,-0.2047,0,0.5472,18.49,19.35,0,2026-06-30
ALMONDZ,40.69,1,0.0192,2,0.2055,10.03,14.06,0,2026-06-30
ALOKINDS,47.94,1,0.0443,1,0.5653,14.18,15.34,0,2026-06-30
ALPA,45.03,1,-0.1806,0,0.204,5.51,15.62,0,2026-06-30
ALPHA,56.14,1,0.0313,1,0.6748,8.73,23.02,0,2026-06-30
ALPHAETF,56.02,1,0.0119,1,0.6726,7.46,19.51,0,2026-06-30
ALPHAGEO,40.72,1,-0.4843,0,0.1751,9.54,19.28,0,2026-06-30
ALPL30IETF,58.24,1,0.0496,1,0.7055,7.11,13.93,0,2026-06-30
AMAGI,74.65,0,9.8261,2,0.9445,45.06,52.0,1,2026-06-30
AMANTA,63.45,1,2.7086,1,0.886,31.78,31.16,1,2026-06-30
AMBALALSA,50.64,1,-0.0961,1,0.4581,19.15,16.63,0,2026-06-30
AMBER,45.65,1,-20.7421,0,0.2901,9.42,11.95,0,2026-06-30
AMBICAAGAR,57.8,1,0.0223,2,0.8984,7.62,17.08,0,2026-06-30
AMBIKCO,64.02,1,7.0943,2,0.963,12.73,34.5,1,2026-06-30
AMBUJACEM,46.1,1,0.6966,1,0.4693,7.04,9.29,0,2026-06-30
AMDIND,36.71,1,-0.3306,0,0.0229,11.02,13.54,0,2026-06-30
AMIRCHAND,64.08,1,1.1989,2,1.0834,17.3,27.6,1,2026-06-30
AMJLAND,46.21,1,0.0961,1,0.4958,13.37,21.24,0,2026-06-30
AMNPLST,47.09,1,-1.62,0,0.198,10.58,23.93,0,2026-06-30
AMRUTANJAN,48.95,1,-0.7439,1,0.46,6.77,13.59,0,2026-06-30
ANANDRATHI,75.5,0,21.0155,1,0.9631,18.34,28.79,1,2026-06-30
ANANTRAJ,48.68,1,-2.9953,1,0.3095,13.69,9.04,0,2026-06-30
ANDHRAPAP,49.3,1,0.1803,1,0.6276,7.27,12.65,0,2026-06-30
ANDHRSUGAR,37.65,1,-0.2556,0,0.1737,12.67,18.67,0,2026-06-30
ANGELONE,46.68,1,-2.9134,0,0.2626,11.1,16.25,0,2026-06-30
ANIKINDS,57.86,1,1.142,1,0.7882,40.88,35.09,1,2026-06-30
ANMOL,45.04,1,-0.0423,0,0.3837,14.3,15.88,0,2026-06-30
ANTELOPUS,50.27,1,-6.838,0,0.3187,21.48,22.65,0,2026-06-30
ANTGRAPHIC,50.33,1,0.0028,2,0.6652,5.66,34.62,1,2026-06-30
ANTHEM,50.1,1,-1.2689,0,0.4938,6.56,11.93,0,2026-06-30
ANUHPHR,59.33,1,0.3396,2,0.9587,9.19,24.78,0,2026-06-30
ANUP,71.09,0,35.5743,1,0.8285,38.68,31.07,1,2026-06-30
ANURAS,40.18,1,0.3322,1,0.2957,8.15,35.49,1,2026-06-30
AONEGOLD,32.87,1,-0.0864,1,0.1207,13.41,18.96,0,2026-06-30
AONELIQUID,100.0,0,0.0341,2,0.9264,0.46,21.65,0,2026-06-30
AONENIFTY,54.08,1,0.0143,1,0.6623,6.07,13.92,0,2026-06-30
AONESILVER,35.47,1,-0.0883,1,0.1901,22.11,15.41,0,2026-06-30
AONETMMQ50,46.45,1,-0.017,0,0.3986,5.9,28.93,1,2026-06-30
AONETOTAL,55.84,1,0.0114,1,0.6632,6.51,17.5,0,2026-06-30
APARINDS,60.53,1,-37.5945,0,0.6166,31.78,48.13,1,2026-06-30
APCL,40.81,1,-0.704,1,0.2301,17.71,18.72,0,2026-06-30
APCOTEXIND,49.31,1,-6.0238,0,0.2427,11.71,46.33,1,2026-06-30
APEX,42.72,1,-0.5446,1,0.2891,11.83,11.29,0,2026-06-30
APLAPOLLO,39.01,1,-0.1014,0,0.2845,7.0,14.51,0,2026-06-30
APLLTD,72.36,0,7.1573,2,1.198,13.08,24.47,0,2026-06-30
APOLLO,57.91,1,-5.4323,1,0.6562,15.6,34.59,1,2026-06-30
APOLLOHOSP,71.56,0,6.1116,2,0.9279,6.5,21.99,0,2026-06-30
APOLLOPIPE,50.51,1,-2.2026,1,0.5277,7.47,23.77,0,2026-06-30
APOLLOTYRE,60.92,1,2.3487,1,0.7967,17.34,25.83,1,2026-06-30
APOLSINHOT,49.73,1,-11.9095,0,0.253,10.65,41.02,1,2026-06-30
APTECHT,67.27,1,1.4131,2,0.9415,25.28,29.17,1,2026-06-30
APTUS,63.13,1,0.443,2,0.9948,10.48,18.86,0,2026-06-30
AQYLON,27.91,2,-1.5309,1,0.1384,55.32,35.9,1,2026-06-30
ARCHIDPLY,54.26,1,0.0686,2,0.7185,10.54,23.73,0,2026-06-30
ARCHIES,47.04,1,0.0054,1,0.4755,7.71,21.54,0,2026-06-30
ARE&M,49.83,1,-0.807,1,0.5288,8.25,14.26,0,2026-06-30
ARENTERP,40.64,1,-0.15,0,0.0192,11.27,21.31,0,2026-06-30
ARFIN,41.46,1,-0.755,0,0.2835,23.65,20.13,0,2026-06-30
ARIES,46.94,1,1.6557,1,0.6407,6.66,24.41,0,2026-06-30
ARIHANT,46.27,1,0.7136,1,0.408,10.2,25.12,1,2026-06-30
ARIHANTCAP,47.96,1,0.0951,1,0.5101,16.89,17.08,0,2026-06-30
ARIHANTSUP,46.33,1,-1.0537,0,0.3249,10.49,27.09,1,2026-06-30
ARIS,32.59,1,-0.6527,0,-0.1336,14.1,17.69,0,2026-06-30
ARISINFRA,24.7,2,-1.644,0,0.0073,44.49,28.84,1,2026-06-30
ARKADE,65.62,1,1.1775,2,0.9771,14.41,18.36,0,2026-06-30
ARMANFIN,55.04,1,4.9646,2,0.8392,10.78,13.21,0,2026-06-30
AROGRANITE,51.63,1,0.0775,1,0.679,9.1,35.47,1,2026-06-30
ARROWGREEN,59.19,1,8.3697,1,0.8182,33.71,27.12,1,2026-06-30
ARSSBL,54.28,1,1.4202,2,0.7479,11.72,15.62,0,2026-06-30
ARTEMISMED,51.29,1,-0.1808,1,0.5908,7.0,14.39,0,2026-06-30
ARTNIRMAN,53.38,1,0.0413,2,0.6987,12.6,16.61,0,2026-06-30
ARVEE,49.69,1,-0.1828,0,0.5007,10.21,39.32,1,2026-06-30
ARVIND,79.11,0,5.2588,2,1.2125,20.51,45.49,1,2026-06-30
ARVINDFASN,53.68,1,-0.6612,0,0.5703,9.48,18.97,0,2026-06-30
ARVSMART,51.2,1,0.8213,1,0.6127,10.02,21.51,0,2026-06-30
ASAHIINDIA,45.85,1,-4.206,0,0.1644,8.73,18.82,0,2026-06-30
ASAHISONG,49.11,1,-1.2516,0,0.2371,6.52,23.14,0,2026-06-30
ASAL,54.93,1,0.5815,2,0.6829,10.29,21.47,0,2026-06-30
ASALCBR,61.74,1,5.612,2,1.1578,7.65,15.14,0,2026-06-30
ASHAPURMIN,43.38,1,-7.131,0,0.0906,12.43,21.17,0,2026-06-30
ASHIANA,65.05,1,1.4675,2,0.9277,15.12,22.83,0,2026-06-30
ASHIKA,49.83,1,-0.2571,0,0.5012,14.37,32.87,1,2026-06-30
ASHIMASYN,33.73,1,-0.1589,0,-0.0285,13.62,15.2,0,2026-06-30
ASHOKA,53.05,1,0.5638,1,0.6211,19.9,29.47,1,2026-06-30
ASHOKAMET,37.57,1,-0.0144,0,-0.0447,4.78,15.97,0,2026-06-30
ASHOKLEY,53.0,1,1.1479,1,0.7163,18.57,16.12,0,2026-06-30
ASIANENE,50.83,1,-2.2431,0,0.3303,11.0,28.63,1,2026-06-30
ASIANHOTNR,39.71,1,-1.3417,0,-0.0153,5.86,12.43,0,2026-06-30
ASIANPAINT,45.39,1,-16.9671,0,0.1307,5.69,29.04,1,2026-06-30
ASIANTILES,33.07,1,-0.3397,0,0.0651,16.15,25.4,1,2026-06-30
ASKAUTOLTD,48.72,1,0.7859,1,0.5268,13.84,16.25,0,2026-06-30
ASMS,58.86,1,0.1063,2,0.9322,14.68,22.97,0,2026-06-30
ASPINWALL,52.94,1,-0.4974,0,0.5465,10.78,29.49,1,2026-06-30
ASTEC,38.88,1,-11.2841,0,-0.0713,13.04,36.11,1,2026-06-30
ASTERDM,55.41,1,-3.5339,1,0.5813,13.18,22.27,0,2026-06-30
ASTRAL,26.32,2,-19.2671,0,-0.2562,15.5,17.03,0,2026-06-30
ASTRAMICRO,80.78,0,12.9663,1,0.8915,37.87,45.51,1,2026-06-30
ASTRAZEN,42.81,1,-30.8595,0,0.1695,7.21,13.16,0,2026-06-30
ASTRON,66.72,1,0.1226,1,0.8551,46.07,36.75,1,2026-06-30
ATALREAL,44.66,1,-0.2498,0,0.2556,19.8,18.54,0,2026-06-30
ATAM,37.7,1,-0.3436,0,-0.1942,5.74,25.56,1,2026-06-30
ATGL,55.67,1,-3.8525,1,0.5643,7.44,26.88,1,2026-06-30
ATHERENERG,71.47,0,7.7856,2,1.2575,16.52,39.56,1,2026-06-30
ATL,42.55,1,-0.0216,0,0.1324,4.87,7.33,0,2026-06-30
ATLANTAA,38.48,1,-0.1994,0,-0.0988,7.86,16.13,0,2026-06-30
ATLANTAELE,54.14,1,-28.0527,0,0.5091,28.67,47.78,1,2026-06-30
ATLASCYCLE,49.79,1,-0.0712,1,0.4644,7.58,16.93,0,2026-06-30
ATUL,40.58,1,5.4571,1,0.1343,4.83,27.96,1,2026-06-30
ATULAUTO,57.01,1,2.1809,2,0.9034,8.44,18.29,0,2026-06-30
AUBANK,56.45,1,3.2216,1,0.7259,13.44,23.99,0,2026-06-30
AURIGROW,33.47,1,-0.0052,0,0.0777,29.02,16.26,0,2026-06-30
AURIONPRO,53.74,1,5.124,1,0.6148,26.13,20.67,0,2026-06-30
AUROPHARMA,69.39,1,12.9842,2,1.0224,13.5,22.56,0,2026-06-30
AURUM,83.33,0,3.0628,2,1.0031,28.62,38.32,1,2026-06-30
AUSOMENT,38.08,1,-3.5746,0,-0.236,22.61,40.21,1,2026-06-30
AUTOAXLES,52.15,1,4.3365,1,0.6318,11.02,17.83,0,2026-06-30
AUTOBEES,51.84,1,-0.0078,0,0.585,5.87,10.66,0,2026-06-30
AUTOIETF,52.12,1,0.0048,1,0.6076,5.69,18.97,0,2026-06-30
AUTOIND,67.87,1,1.2144,2,0.911,43.23,26.08,1,2026-06-30
AVADHSUGAR,58.58,1,-3.272,0,0.5976,9.29,44.63,1,2026-06-30
AVALON,71.1,0,-4.8461,1,0.8297,21.94,31.77,1,2026-06-30
AVANTEL,59.82,1,-0.0836,1,0.8192,14.44,19.47,0,2026-06-30
AVANTIFEED,25.93,2,1.0226,2,0.1706,27.24,35.81,1,2026-06-30
AVG,69.23,1,2.4896,2,1.0349,35.6,36.59,1,2026-06-30
AVL,73.02,0,8.7295,1,0.847,36.14,30.85,1,2026-06-30
AVONMORE,40.54,1,0.002,1,0.3614,17.31,21.63,0,2026-06-30
AVROIND,45.73,1,-0.0007,1,0.358,19.25,18.8,0,2026-06-30
AVTNPL,52.66,1,-0.2496,1,0.4977,7.19,38.3,1,2026-06-30
AWFIS,44.77,1,1.0312,2,0.4796,9.18,14.14,0,2026-06-30
AWHCL,50.92,1,2.7224,1,0.6618,12.46,23.44,0,2026-06-30
AWL,41.13,1,-0.5868,1,0.2328,8.53,22.46,0,2026-06-30
AXISBANK,55.2,1,0.7604,1,0.5959,13.51,24.32,0,2026-06-30
AXISBNKETF,63.25,1,1.3246,1,0.7201,11.46,20.07,0,2026-06-30
AXISBPSETF,60.46,1,-0.0004,0,0.6986,0.79,25.68,1,2026-06-30
AXISCADES,37.71,1,-20.8475,0,0.1689,20.88,16.66,0,2026-06-30
AXISCETF,56.54,1,0.2003,1,0.6876,7.21,24.06,0,2026-06-30
AXISGOLD,35.74,1,-0.7708,1,0.1356,13.78,23.29,0,2026-06-30
AXISHCETF,72.17,0,0.5582,2,1.0233,6.96,15.86,0,2026-06-30
AXISILVER,36.69,1,-2.3302,1,0.1988,22.45,22.97,0,2026-06-30
AXISNIFTY,53.43,1,0.3848,1,0.6533,5.98,14.35,0,2026-06-30
AXISTECETF,33.81,1,-1.7238,0,0.0399,14.46,20.4,0,2026-06-30
AXISVALUE,40.27,1,-0.0892,0,0.0988,4.62,28.13,1,2026-06-30
AXITA,34.67,1,-0.0014,0,0.1182,5.32,26.39,1,2026-06-30
AXSENSEX,56.33,1,0.1482,1,0.6856,7.24,21.63,0,2026-06-30
AYE,63.44,1,1.168,1,0.8624,26.39,41.9,1,2026-06-30
AYMSYNTEX,64.01,1,0.8494,2,1.301,8.63,23.9,0,2026-06-30
AZAD,48.36,1,-16.7686,1,0.3046,12.79,16.48,0,2026-06-30
BAFNAPH,68.67,1,4.594,1,0.9303,49.49,34.71,1,2026-06-30
BAGFILMS,30.65,1,-0.0519,0,-0.0304,14.41,23.71,0,2026-06-30
BAIDFIN,43.68,1,0.0246,2,0.3647,7.36,25.43,1,2026-06-30
BAJAJ-AUTO,38.19,1,-53.0779,1,0.0719,7.99,19.6,0,2026-06-30
BAJAJCON,57.97,1,-3.6678,1,0.6519,14.4,37.41,1,2026-06-30
BAJAJELEC,42.69,1,2.4104,1,0.5702,10.41,17.64,0,2026-06-30
BAJAJFINSV,55.0,1,6.0431,2,0.7529,9.95,22.42,0,2026-06-30
BAJAJHCARE,68.48,1,5.6539,2,1.1338,23.21,23.01,0,2026-06-30
BAJAJHFL,56.81,1,0.2474,1,0.7449,9.55,31.3,1,2026-06-30
BAJAJHIND,35.75,1,-0.1894,0,-0.0615,12.45,16.36,0,2026-06-30
BAJAJHLDNG,55.45,1,24.4794,1,0.7065,10.82,18.83,0,2026-06-30
BAJAJINDEF,47.95,1,2.8062,1,0.7003,12.59,17.37,0,2026-06-30
BAJAJST,53.34,1,6.4419,1,0.7785,20.41,45.52,1,2026-06-30
BAJEL,48.04,1,-1.6634,0,0.1416,8.49,30.7,1,2026-06-30
BAJFINANCE,69.28,1,7.9543,2,0.9029,19.61,26.98,1,2026-06-30
BALAJEE,42.27,1,0.076,1,0.4164,5.41,38.79,1,2026-06-30
BALAJITELE,47.5,1,0.5864,2,0.6656,7.71,15.98,0,2026-06-30
BALAMINES,53.67,1,-41.8446,1,0.3188,14.31,32.54,1,2026-06-30
BALAXI,75.31,0,0.6399,1,0.8665,65.76,36.26,1,2026-06-30
BALKRISHNA,55.13,1,0.038,2,0.7883,9.29,22.85,0,2026-06-30
BALKRISIND,49.34,1,3.3178,1,0.5318,14.15,12.63,0,2026-06-30
BALMLAWRIE,52.57,1,0.5621,2,0.6939,9.41,11.44,0,2026-06-30
BALPHARMA,38.37,1,-1.2041,0,-0.111,12.03,19.34,0,2026-06-30
BALRAMCHIN,57.47,1,-0.9182,1,0.8872,6.91,23.31,0,2026-06-30
BALUFORGE,50.88,1,2.7102,2,0.6661,12.1,13.17,0,2026-06-30
BANARBEADS,40.6,1,0.3693,1,0.3597,9.16,16.73,0,2026-06-30
BANARISUG,31.27,1,-20.0025,1,0.0768,8.62,45.11,1,2026-06-30
BANCOINDIA,56.24,1,-2.9691,1,0.6006,8.18,16.32,0,2026-06-30
BANDHANBNK,50.11,1,-1.3032,0,0.3821,10.06,17.01,0,2026-06-30
BANG,37.74,1,-0.2974,1,0.2129,43.27,25.08,1,2026-06-30
BANK10ADD,63.1,1,0.0555,1,0.7529,11.91,42.28,1,2026-06-30
BANKA,77.42,0,3.0577,1,0.8922,85.03,43.17,1,2026-06-30
BANKADD,62.67,1,0.1202,1,0.706,11.42,31.14,1,2026-06-30
BANKBARODA,48.49,1,-0.4082,0,0.4413,9.86,12.56,0,2026-06-30
BANKBEES,62.85,1,1.2317,1,0.7101,11.34,16.42,0,2026-06-30
BANKBETA,61.77,1,0.1207,1,0.7062,11.45,27.17,1,2026-06-30
BANKBETF,62.0,1,0.121,1,0.7093,11.37,24.87,0,2026-06-30
BANKETF,61.92,1,1.2179,1,0.7121,11.28,29.17,1,2026-06-30
BANKETFADD,58.25,1,-0.1009,1,0.6269,2.16,19.27,0,2026-06-30
BANKIETF,63.05,1,0.1198,1,0.7173,11.27,21.41,0,2026-06-30
BANKINDIA,42.94,1,-0.4201,0,0.2277,8.41,11.62,0,2026-06-30
BANKNIFTY1,54.46,1,0.4562,1,0.7247,11.22,24.99,0,2026-06-30
BANKPSU,50.65,1,-0.0164,0,0.5077,9.73,14.93,0,2026-06-30
BANSALWIRE,67.36,1,3.3026,2,1.1578,15.37,19.03,0,2026-06-30
BANSWRAS,56.33,1,-0.0633,0,0.7021,15.92,27.02,1,2026-06-30
BARBEQUE,29.31,2,0.2228,2,0.2332,17.41,40.33,1,2026-06-30
BASF,54.19,1,32.9381,1,0.7253,16.68,23.65,0,2026-06-30
BASML,63.38,1,0.2833,2,0.9972,19.32,41.18,1,2026-06-30
BATAINDIA,45.9,1,0.5798,1,0.4477,20.38,29.27,1,2026-06-30
BATLIBOI,53.15,1,0.7537,1,0.6519,24.67,30.48,1,2026-06-30
BAYERCROP,38.18,1,-5.5864,1,0.1939,8.66,32.22,1,2026-06-30
BBETF0432,85.73,0,1.9691,2,0.9176,3.86,35.34,1,2026-06-30
BBL,56.91,1,2.7498,2,0.8629,7.35,12.32,0,2026-06-30
BBNPNBETF,62.64,1,0.1353,1,0.725,11.58,25.24,1,2026-06-30
BBNPPGOLD,31.46,1,-0.9435,1,0.11,13.41,27.75,1,2026-06-30
BBOX,47.28,1,-20.4677,1,0.0985,15.02,35.5,1,2026-06-30
BBTC,50.37,1,1.6022,1,0.551,7.51,22.11,0,2026-06-30
BBTCL,59.08,1,-0.957,1,0.6738,12.84,23.71,0,2026-06-30
BCG,41.19,1,-0.0809,1,0.1829,21.84,10.65,0,2026-06-30
BCLIND,41.4,1,-0.466,0,0.2848,24.13,22.52,0,2026-06-30
BCONCEPTS,43.28,1,1.8519,2,0.5183,18.47,42.18,1,2026-06-30
BCPL,42.67,1,-0.5039,1,0.0948,8.82,15.48,0,2026-06-30
BDL,59.75,1,15.6294,1,0.7849,25.99,26.23,1,2026-06-30
BEARDSELL,52.39,1,-0.0147,0,0.4515,15.1,19.31,0,2026-06-30
BECTORFOOD,45.51,1,0.2511,1,0.4758,14.98,17.66,0,2026-06-30
BEDMUTHA,41.05,1,0.284,1,0.2287,7.29,18.71,0,2026-06-30
BEEKAY,51.2,1,0.7233,2,0.6339,8.12,31.01,1,2026-06-30
BEL,46.07,1,0.2175,1,0.4573,7.6,24.43,0,2026-06-30
BELLACASA,66.16,1,4.2076,2,1.2269,18.59,18.17,0,2026-06-30
BELRISE,57.72,1,0.1434,1,0.6404,18.68,24.89,0,2026-06-30
BEML,49.38,1,-2.1325,1,0.5544,5.03,13.03,0,2026-06-30
BENGALASM,44.25,1,-31.9954,1,0.2957,17.56,17.66,0,2026-06-30
BEPL,51.14,1,-0.2529,0,0.5117,14.88,23.47,0,2026-06-30
BERGEPAINT,47.89,1,-1.179,0,0.4191,14.09,24.25,0,2026-06-30
BESTAGRO,39.03,1,0.1038,2,0.2408,9.41,15.52,0,2026-06-30
BETA,77.19,0,33.4212,1,0.837,64.45,44.62,1,2026-06-30
BFINVEST,54.8,1,-0.6274,0,0.5488,10.47,33.87,1,2026-06-30
BFSI,61.1,1,0.0867,1,0.7339,11.61,25.03,1,2026-06-30
BFUTILITIE,48.01,1,-2.0799,0,0.3162,13.62,26.0,1,2026-06-30
BHAGCHEM,64.57,1,2.3634,2,0.88,26.51,37.82,1,2026-06-30
BHAGERIA,78.13,0,4.3889,1,0.8343,63.31,38.71,1,2026-06-30
BHAGYANGR,83.45,0,7.5205,2,0.9882,72.59,46.9,1,2026-06-30
BHANDARI,66.24,1,0.0499,2,0.9944,25.6,23.33,0,2026-06-30
BHARATCOAL,50.59,1,-0.2082,0,0.4215,17.12,33.47,1,2026-06-30
BHARATFORG,68.24,1,14.7874,1,0.8494,18.11,25.59,1,2026-06-30
BHARATGEAR,60.61,1,0.6611,1,0.7637,32.94,24.94,0,2026-06-30
BHARATRAS,38.73,1,-8.0569,0,0.0893,9.6,14.7,0,2026-06-30
BHARATSE,55.27,1,0.5279,2,0.8245,8.79,15.22,0,2026-06-30
BHARATWIRE,39.75,1,-1.1486,0,0.1114,11.55,15.68,0,2026-06-30
BHARTIARTL,49.93,1,0.697,1,0.5614,8.71,15.79,0,2026-06-30
BHARTIHEXA,49.02,1,1.2894,2,0.6011,4.97,12.78,0,2026-06-30
BHEL,60.38,1,0.9778,2,0.8314,13.51,26.04,1,2026-06-30
BI,56.28,1,0.083,2,0.6925,20.55,31.5,1,2026-06-30
BIGBLOC,45.15,1,0.0655,1,0.3708,8.72,13.02,0,2026-06-30
BIKAJI,46.55,1,-2.0895,1,0.3078,6.03,13.88,0,2026-06-30
BIL,58.71,1,10.6795,1,0.8522,20.18,20.7,0,2026-06-30
BILVYAPAR,25.2,2,-0.0637,0,-0.3001,16.14,37.65,1,2026-06-30
BIMETAL,56.39,1,-1.3458,1,0.6033,4.3,35.38,1,2026-06-30
BIOCON,54.18,1,-1.0338,1,0.6727,3.12,15.38,0,2026-06-30
BIOFILCHEM,48.98,1,-0.1597,0,0.2604,6.82,46.25,1,2026-06-30
BIRLACABLE,60.96,1,1.4423,1,0.7047,48.53,32.5,1,2026-06-30
BIRLACORPN,48.81,1,-0.0715,0,0.5129,11.83,18.53,0,2026-06-30
BIRLAMONEY,53.93,1,0.39,1,0.6607,17.23,13.8,0,2026-06-30
BIRLANU,50.65,1,4.4382,1,0.5957,16.24,22.75,0,2026-06-30
BIRLAPREC,46.68,1,-0.1012,0,0.4608,7.74,15.67,0,2026-06-30
BLACKBUCK,44.31,1,0.7252,1,0.402,15.79,21.62,0,2026-06-30
BLAL,39.84,1,-0.1797,0,0.0642,3.6,25.69,1,2026-06-30
BLBLIMITED,47.55,1,-0.2028,1,0.3064,17.29,20.92,0,2026-06-30
BLIL,44.8,1,0.0851,1,0.4762,3.53,30.8,1,2026-06-30
BLISSGVS,79.13,0,2.5035,2,1.105,28.41,60.4,1,2026-06-30
BLKASHYAP,49.88,1,0.0928,1,0.5783,8.73,13.76,0,2026-06-30
BLS,35.41,1,-0.7312,0,-0.0113,8.42,9.73,0,2026-06-30
BLSE,65.95,1,-1.0266,1,0.9536,5.29,45.93,1,2026-06-30
BLUECOAST,78.0,0,0.6481,1,0.8454,54.3,53.05,1,2026-06-30
BLUEDART,46.84,1,23.8494,1,0.5835,9.58,21.37,0,2026-06-30
BLUEJET,63.29,1,1.0057,1,0.7829,21.36,39.81,1,2026-06-30
BLUESTARCO,47.27,1,5.2605,1,0.5528,10.99,14.59,0,2026-06-30
BLUESTONE,63.37,1,1.5972,2,0.8501,11.3,23.73,0,2026-06-30
BLUSPRING,68.0,1,0.6008,1,0.7776,48.87,53.83,1,2026-06-30
BMWVENTLTD,38.87,1,-0.1297,0,0.0342,7.0,14.51,0,2026-06-30
BODALCHEM,62.54,1,0.27,2,0.9309,18.9,43.27,1,2026-06-30
BOHRAIND,28.22,2,-0.3878,0,0.0362,44.6,17.54,0,2026-06-30
BOMDYEING,55.85,1,-0.2322,0,0.6658,15.32,27.51,1,2026-06-30
BONLON,41.08,1,-0.0935,0,0.257,16.38,15.06,0,2026-06-30
BORANA,40.0,1,-2.4859,0,-0.0111,10.01,18.88,0,2026-06-30
BOROLTD,54.55,1,1.824,1,0.8095,10.43,17.39,0,2026-06-30
BORORENEW,65.46,1,3.8152,1,0.7615,26.91,43.03,1,2026-06-30
BOROSCI,82.08,0,0.7348,2,1.2291,15.81,56.1,1,2026-06-30
BOSCH-HCIL,49.32,1,1.1457,1,0.4937,8.67,8.42,0,2026-06-30
BOSCHLTD,63.49,1,56.4346,1,0.7068,13.25,31.67,1,2026-06-30
BPCL,50.09,1,-0.0208,0,0.5398,13.7,14.28,0,2026-06-30
BPL,51.95,1,0.2223,1,0.643,17.4,29.37,1,2026-06-30
BRIGADE,43.41,1,-0.5054,0,0.3849,20.45,29.83,1,2026-06-30
BRIGHOTEL,47.89,1,-0.0493,0,0.4309,8.29,16.43,0,2026-06-30
BRITANNIA,41.8,1,10.9611,1,0.4209,4.8,21.13,0,2026-06-30
BRNL,36.03,1,0.0003,1,0.1089,6.31,16.44,0,2026-06-30
BROOKS,61.16,1,2.3427,1,0.736,90.98,39.23,1,2026-06-30
BSE,43.79,1,-31.1003,1,0.1949,8.48,18.53,0,2026-06-30
BSE500IETF,56.84,1,0.0496,1,0.6945,6.37,14.89,0,2026-06-30
BSHSL,51.31,1,-1.0275,1,0.2968,8.64,21.74,0,2026-06-30
BSL,64.35,1,0.6967,2,1.3166,9.97,25.79,1,2026-06-30
BSLGOLDETF,32.87,1,-0.8308,1,0.1196,13.33,21.55,0,2026-06-30
BSLNIFTY,56.22,1,0.0503,1,0.7058,6.27,32.89,1,2026-06-30
BSLSENETFG,53.92,1,0.1355,1,0.6514,7.72,22.5,0,2026-06-30
BSOFT,27.12,2,-2.3127,0,-0.126,15.79,14.8,0,2026-06-30
BTML,40.36,1,-0.0422,1,0.1402,11.93,28.5,1,2026-06-30
BTTL,66.84,1,1.3595,1,0.9521,49.88,23.75,0,2026-06-30
BUILDPRO,41.29,1,-2.9864,1,0.2941,18.92,10.48,0,2026-06-30
BUTTERFLY,46.48,1,-0.2307,0,0.3548,8.61,23.81,0,2026-06-30
BVCL,45.98,1,0.0186,1,0.3239,6.01,12.66,0,2026-06-30
BYKE,50.12,1,0.1333,2,0.5969,10.09,13.51,0,2026-06-30
CALSOFT,93.33,0,1.2876,2,1.1119,107.74,42.17,1,2026-06-30
CAMLINFINE,51.82,1,-0.6403,0,0.5271,22.63,29.1,1,2026-06-30
CAMPUS,46.13,1,-0.2103,1,0.3737,10.65,19.96,0,2026-06-30
CAMS,54.18,1,0.5967,1,0.6382,15.59,16.16,0,2026-06-30
CANBK,37.06,1,-0.825,0,-0.0376,9.17,13.21,0,2026-06-30
CANFINHOME,52.61,1,0.2368,1,0.6113,12.9,23.91,0,2026-06-30
CANHLIFE,51.4,1,-0.0536,1,0.6047,6.2,12.57,0,2026-06-30
CANTABIL,63.18,1,2.6511,1,0.8971,16.59,27.15,1,2026-06-30
CAPACITE,59.28,1,3.7082,1,0.7577,30.78,28.45,1,2026-06-30
CAPILLARY,54.43,1,2.5909,2,0.9945,4.35,19.03,0,2026-06-30
CAPITALSFB,47.3,1,-1.0238,0,0.4338,12.35,20.72,0,2026-06-30
CAPLIPOINT,79.01,0,13.3019,2,0.8699,34.3,62.77,1,2026-06-30
CAPTRUST,33.89,1,-0.1292,1,0.154,25.45,28.19,1,2026-06-30
CARBORUNIV,61.48,1,5.0132,1,0.738,28.64,46.7,1,2026-06-30
CARERATING,48.86,1,1.1977,1,0.5184,8.7,13.27,0,2026-06-30
CARRARO,45.28,1,1.736,1,0.4543,17.38,19.49,0,2026-06-30
CARTRADE,74.21,0,17.3137,1,0.785,47.88,57.28,1,2026-06-30
CARYSIL,60.23,1,-6.4528,1,0.7052,14.93,36.79,1,2026-06-30
CASHIETF,100.0,0,0.0337,1,0.9256,0.46,43.69,1,2026-06-30
CASTROLIND,50.03,1,0.02,1,0.5066,3.13,21.24,0,2026-06-30
CCAVENUE,75.52,0,0.2845,1,0.979,27.76,32.07,1,2026-06-30
CCCL,60.8,1,0.3483,1,0.8559,33.18,25.6,1,2026-06-30
CCHHL,42.74,1,-0.0031,0,0.1191,6.26,16.52,0,2026-06-30
CCL,62.57,1,4.4758,2,0.8192,12.8,37.12,1,2026-06-30
CDSL,55.93,1,3.7124,1,0.6415,19.17,25.51,1,2026-06-30
CEATLTD,57.69,1,15.3913,1,0.7393,17.81,13.75,0,2026-06-30
CEIGALL,66.02,1,1.1884,2,0.9289,13.09,36.26,1,2026-06-30
CEINSYS,40.42,1,0.8294,1,0.0927,6.36,16.07,0,2026-06-30
CELEBRITY,49.38,1,0.0167,1,0.5285,12.35,20.1,0,2026-06-30
CELLO,38.15,1,-0.2044,0,0.0005,5.89,22.35,0,2026-06-30
CEMPRO,69.13,1,-2.8682,1,0.9168,24.32,48.68,1,2026-06-30
CENTENKA,57.43,1,-1.2685,0,0.6947,10.15,46.79,1,2026-06-30
CENTEXT,39.16,1,-0.0487,0,0.1486,7.77,24.39,0,2026-06-30
CENTRALBK,50.79,1,0.2473,1,0.6641,15.83,25.24,1,2026-06-30
CENTRUM,43.35,1,0.0536,1,0.3739,11.34,19.75,0,2026-06-30
CENTUM,65.76,1,0.9037,2,0.9504,14.66,30.94,1,2026-06-30
CENTURYPLY,46.78,1,0.0736,2,0.4358,5.35,9.72,0,2026-06-30
CERA,64.87,1,20.6232,1,0.7628,24.2,41.48,1,2026-06-30
CESC,44.26,1,-0.2926,1,0.3334,9.94,16.3,0,2026-06-30
CEWATER,58.04,1,5.8107,1,0.6841,64.06,32.53,1,2026-06-30
CGCL,74.04,0,0.4924,2,0.964,16.92,47.14,1,2026-06-30
CGPOWER,59.21,1,-2.7876,0,0.7145,9.32,26.14,1,2026-06-30
CHALET,59.35,1,5.9978,1,0.7866,15.81,22.74,0,2026-06-30
CHAMBLFERT,48.74,1,-1.6787,0,0.3928,9.0,15.58,0,2026-06-30
CHEMBOND,66.9,1,4.0,1,0.8507,44.11,35.34,1,2026-06-30
CHEMBONDCH,61.87,1,3.3488,1,0.7989,40.71,35.95,1,2026-06-30
CHEMCON,49.23,1,-0.9774,0,0.3393,15.05,41.72,1,2026-06-30
CHEMFAB,55.98,1,0.552,1,0.6234,19.14,36.07,1,2026-06-30
CHEMICAL,54.18,1,-0.0256,0,0.66,4.97,13.4,0,2026-06-30
CHEMPLASTS,38.13,1,-0.0133,0,0.2501,15.99,14.37,0,2026-06-30
CHENNPETRO,55.37,1,-5.6964,1,0.4984,12.54,16.32,0,2026-06-30
CHEVIOT,47.43,1,3.6292,1,0.5687,6.11,9.23,0,2026-06-30
CHOICEGOLD,32.76,1,-0.92,1,0.1205,13.16,21.56,0,2026-06-30
CHOICEIN,69.92,1,6.362,2,0.9553,18.88,21.27,0,2026-06-30
CHOLAFIN,70.7,0,21.2165,1,0.8366,31.28,31.42,1,2026-06-30
CHOLAHLDNG,62.96,1,18.4384,1,0.8562,21.61,20.99,0,2026-06-30
CIEINDIA,48.89,1,1.1883,1,0.5404,10.41,15.37,0,2026-06-30
CIFL,37.98,1,0.0492,1,0.2529,14.64,20.95,0,2026-06-30
CIGNITITEC,52.67,1,8.0492,1,0.5826,21.4,20.74,0,2026-06-30
CINELINE,52.11,1,0.1283,2,0.7578,6.78,19.29,0,2026-06-30
CINEVISTA,63.82,1,0.2488,2,1.0327,20.02,21.08,0,2026-06-30
CIPLA,70.21,0,7.4866,2,1.0228,9.45,24.01,0,2026-06-30
CLEAN,44.27,1,-1.3945,0,0.2236,8.91,22.88,0,2026-06-30
CLEANMAX,57.43,1,-2.202,0,0.6663,29.82,36.57,1,2026-06-30
CLEDUCATE,46.3,1,0.7882,2,0.5529,26.6,34.4,1,2026-06-30
CLSEL,50.66,1,-0.4926,0,0.5107,14.69,24.55,0,2026-06-30
CMPDI,55.11,1,-1.2774,0,0.6169,16.64,34.31,1,2026-06-30
CMSINFO,33.38,1,-1.2161,0,-0.1627,8.37,14.67,0,2026-06-30
CNL,61.16,1,0.4137,1,0.6676,22.47,32.97,1,2026-06-30
COALINDIA,39.78,1,-1.5215,1,0.2085,11.27,18.13,0,2026-06-30
COASTCORP,40.77,1,0.1539,1,0.427,14.63,19.03,0,2026-06-30
COCHINSHIP,53.77,1,9.1397,2,0.9381,9.02,17.43,0,2026-06-30
COCKERILL,61.53,1,-183.6004,1,0.5108,23.44,38.6,1,2026-06-30
COFFEEDAY,84.26,0,1.7677,1,0.9844,84.27,35.47,1,2026-06-30
COFORGE,56.22,1,-1.2705,0,0.5964,11.17,17.91,0,2026-06-30
COHANCE,60.09,1,3.485,2,0.8718,15.0,34.59,1,2026-06-30
COLPAL,43.63,1,-2.0241,1,0.3531,6.55,13.25,0,2026-06-30
COMFINTE,37.42,1,0.0288,1,0.1473,7.01,10.1,0,2026-06-30
COMMOIETF,38.35,1,-0.196,0,0.1861,5.52,16.05,0,2026-06-30
COMPUSOFT,42.78,1,-0.039,0,0.1169,5.9,27.98,1,2026-06-30
COMSYN,49.96,1,-0.5658,0,0.4548,15.54,33.65,1,2026-06-30
CONCOR,52.63,1,3.2683,1,0.8119,9.83,22.62,0,2026-06-30
CONCORDBIO,53.45,1,-11.6749,0,0.451,19.01,27.32,1,2026-06-30
CONFIPET,59.38,1,-0.4169,1,0.571,16.99,26.58,1,2026-06-30
CONS,46.74,1,0.0791,1,0.6733,7.2,19.86,0,2026-06-30
CONSOFINVT,46.61,1,-1.1353,1,0.3075,11.35,27.28,1,2026-06-30
CONSUMBEES,55.58,1,0.1924,1,0.6953,6.95,13.73,0,2026-06-30
CONSUMER,61.9,1,0.0252,1,0.773,9.84,20.04,0,2026-06-30
CONSUMIETF,57.51,1,0.228,1,0.7353,7.38,32.09,1,2026-06-30
CONTROLPR,48.93,1,1.7429,1,0.5556,8.85,19.1,0,2026-06-30
CORALFINAC,41.44,1,-0.006,0,0.14,4.67,9.86,0,2026-06-30
CORDSCABLE,69.02,1,3.0021,1,0.9027,32.06,40.28,1,2026-06-30
COROMANDEL,56.73,1,5.3893,2,0.7024,22.76,23.7,0,2026-06-30
CORONA,69.12,1,19.654,1,0.9426,20.96,45.17,1,2026-06-30
COSMOFIRST,57.04,1,4.4901,1,0.7409,16.39,23.36,0,2026-06-30
COUNCODOS,45.16,1,-0.0022,1,0.328,6.17,26.45,1,2026-06-30
CPCAP,55.16,1,0.0623,1,0.5981,19.07,23.83,0,2026-06-30
CPEDU,58.1,1,3.2051,1,0.725,32.23,23.37,0,2026-06-30
CPPLUS,69.01,1,-15.2139,0,0.8216,14.65,53.39,1,2026-06-30
CPSEETF,34.01,1,0.0317,1,0.2255,5.96,36.69,1,2026-06-30
CRAFTSMAN,59.8,1,-28.2866,0,0.7095,11.27,40.43,1,2026-06-30
CRAMC,47.13,1,-0.3561,0,0.3748,7.17,19.02,0,2026-06-30
CREATIVE,63.46,1,1.28,2,1.2251,8.86,30.11,1,2026-06-30
CREATIVEYE,36.01,1,-0.0284,0,0.0574,11.34,21.19,0,2026-06-30
CREDITACC,66.64,1,12.9347,2,0.9141,23.49,24.86,0,2026-06-30
CREST,50.37,1,-0.8557,0,0.4975,20.6,41.57,1,2026-06-30
CRISIL,52.21,1,13.7682,1,0.6554,12.03,20.42,0,2026-06-30
CRIZAC,43.02,1,-1.462,1,0.2075,11.35,12.81,0,2026-06-30
CROMPTON,52.42,1,1.0558,1,0.6977,11.8,17.27,0,2026-06-30
CROWN,44.19,1,0.6109,1,0.5183,7.1,13.04,0,2026-06-30
CSBBANK,40.42,1,-3.2246,1,0.1668,14.68,17.44,0,2026-06-30
CSLFINANCE,50.96,1,0.4695,2,0.7624,4.23,16.05,0,2026-06-30
CTE,51.63,1,-0.2257,1,0.331,8.42,29.29,1,2026-06-30
CUB,63.46,1,1.0092,2,0.9432,14.86,25.31,1,2026-06-30
CUBEXTUB,32.34,1,-0.0965,0,-0.1284,8.6,14.97,0,2026-06-30
CUMMINSIND,51.47,1,-34.3822,1,0.4061,6.89,19.73,0,2026-06-30
CUPID,89.07,0,1.8022,1,0.8645,48.85,37.41,1,2026-06-30
CYBERMEDIA,55.64,1,0.0119,1,0.5918,23.7,50.78,1,2026-06-30
CYBERTECH,54.17,1,0.5372,1,0.669,17.77,25.76,1,2026-06-30
CYIENT,45.98,1,0.4521,1,0.3887,8.79,12.75,0,2026-06-30
CYIENTDLM,56.04,1,-2.3259,0,0.5313,11.7,41.72,1,2026-06-30
DABUR,41.85,1,0.6266,1,0.3264,3.69,10.95,0,2026-06-30
DALBHARAT,45.24,1,7.5563,1,0.5215,8.31,21.18,0,2026-06-30
DALMIASUG,37.83,1,-0.0575,0,0.174,7.28,14.95,0,2026-06-30
DAMCAPITAL,44.48,1,-0.1334,0,0.3527,10.32,18.31,0,2026-06-30
DAMODARIND,46.71,1,-0.1065,0,0.2228,7.99,29.64,1,2026-06-30
DANGEE,53.36,1,0.0176,2,0.811,8.19,11.98,0,2026-06-30
DATAMATICS,55.88,1,-0.8308,1,0.6779,9.25,12.21,0,2026-06-30
DATAPATTNS,53.64,1,-27.0626,0,0.5337,23.82,23.31,0,2026-06-30
DAVANGERE,39.36,1,-0.0016,1,0.1887,4.26,12.37,0,2026-06-30
DBCORP,26.91,2,-0.9171,0,-0.2002,7.95,17.79,0,2026-06-30
DBEIL,57.25,1,0.035,2,0.6649,19.19,26.68,1,2026-06-30
DBL,53.53,1,3.4491,1,0.6989,12.97,20.43,0,2026-06-30
DBOL,65.74,1,0.5129,1,0.7282,31.89,39.98,1,2026-06-30
DBREALTY,47.59,1,-1.1646,0,0.4237,45.49,28.71,1,2026-06-30
DBSTOCKBRO,62.56,1,0.0363,2,0.8847,17.93,40.02,1,2026-06-30
DCAL,46.15,1,-0.7488,1,0.3868,20.39,12.99,0,2026-06-30
DCBBANK,55.06,1,0.6799,1,0.6992,11.6,14.49,0,2026-06-30
DCI,81.1,0,10.0894,2,1.0072,54.29,46.55,1,2026-06-30
DCM,59.21,1,-0.2372,0,0.6622,22.35,46.25,1,2026-06-30
DCMFINSERV,86.98,0,0.4245,2,1.2156,93.4,27.55,1,2026-06-30
DCMNVL,55.49,1,-1.0122,0,0.5291,37.48,55.22,1,2026-06-30
DCMSHRIRAM,34.46,1,2.5798,1,0.0025,5.27,20.79,0,2026-06-30
DCMSRIND,43.22,1,-0.0077,1,0.2935,8.81,8.78,0,2026-06-30
DCW,47.71,1,-0.1259,0,0.4141,12.96,18.56,0,2026-06-30
DCXINDIA,52.73,1,0.7634,2,0.6884,16.24,13.38,0,2026-06-30
DDEVPLSTIK,61.29,1,1.2722,1,0.7575,18.52,37.98,1,2026-06-30
DECCANCE,52.42,1,4.1253,2,0.7183,9.42,17.76,0,2026-06-30
DECNGOLD,58.1,1,-1.2014,0,0.6181,48.2,54.25,1,2026-06-30
DEEDEV,66.59,1,0.3169,1,0.7141,29.34,46.76,1,2026-06-30
DEEPAKFERT,60.13,1,-5.6876,0,0.6705,16.28,36.38,1,2026-06-30
DEEPAKNTR,33.65,1,-9.3408,0,-0.1569,9.32,23.0,0,2026-06-30
DEEPINDS,36.7,1,-6.1354,0,-0.0399,15.74,19.55,0,2026-06-30
DEFENCE,59.11,1,0.0335,1,0.7395,10.86,27.16,1,2026-06-30
DELHIVERY,57.79,1,2.618,1,0.7957,14.2,19.28,0,2026-06-30
DELPHIFX,34.98,1,0.0335,2,0.238,22.86,16.01,0,2026-06-30
DELTACORP,41.29,1,-0.1021,0,0.2172,8.5,17.64,0,2026-06-30
DELTAMAGNT,49.45,1,0.1162,1,0.5028,10.57,29.82,1,2026-06-30
DEN,50.22,1,0.0125,1,0.5196,31.65,37.58,1,2026-06-30
DENORA,67.21,1,12.1046,1,0.7838,38.45,39.56,1,2026-06-30
DENTA,69.95,1,8.274,1,0.8737,52.8,34.8,1,2026-06-30
DEVIT,52.68,1,-0.029,1,0.7021,12.87,15.38,0,2026-06-30
DEVX,36.7,1,0.0465,2,0.1954,5.66,17.18,0,2026-06-30
DEVYANI,44.51,1,-0.0864,0,0.3756,9.53,18.33,0,2026-06-30
DGCONTENT,49.91,1,0.1507,1,0.588,12.94,17.25,0,2026-06-30
DHAMPURSUG,44.45,1,-0.3226,1,0.299,6.58,11.57,0,2026-06-30
DHANBANK,43.81,1,-0.2793,0,0.1898,13.62,21.94,0,2026-06-30
DHANI,30.19,1,-0.5164,0,-0.0331,24.1,31.35,1,2026-06-30
DHANUKA,42.01,1,-2.5063,1,0.1897,5.46,13.17,0,2026-06-30
DHARMAJ,43.73,1,-1.5088,1,0.2617,10.53,20.81,0,2026-06-30
DHRUV,43.66,1,-0.4126,0,-0.006,11.82,16.04,0,2026-06-30
DHUNINV,56.63,1,7.4686,1,0.8175,16.24,20.71,0,2026-06-30
DIACABS,58.81,1,-0.6841,1,0.7659,12.76,44.25,1,2026-06-30
DIAMINESQ,42.99,1,-0.1014,0,0.1983,6.82,19.34,0,2026-06-30
DIAMONDYD,59.8,1,-3.9234,1,0.7357,8.17,39.67,1,2026-06-30
DICIND,50.68,1,1.128,1,0.6474,9.4,19.83,0,2026-06-30
DIFFNKG,84.15,0,4.6524,2,1.0133,32.53,51.65,1,2026-06-30
DIGIDRIVE,47.21,1,0.1374,2,0.7517,6.97,17.21,0,2026-06-30
DIGISPICE,77.56,0,0.4116,1,0.8832,39.36,37.51,1,2026-06-30
DIGITIDE,45.48,1,0.1202,1,0.3567,11.67,13.34,0,2026-06-30
DIGJAMLMTD,52.37,1,0.2746,1,0.7376,9.13,27.18,1,2026-06-30
DIL,41.96,1,0.0059,1,0.3608,8.22,40.04,1,2026-06-30
DISAQ,49.94,1,64.5652,1,0.5757,16.89,22.26,0,2026-06-30
DISHTV,67.8,1,0.1403,1,0.8148,92.7,49.16,1,2026-06-30
DIVGIITTS,77.04,0,7.9862,2,1.2823,23.58,28.48,1,2026-06-30
DIVIDEND,36.84,1,-0.0526,0,0.1248,5.59,13.12,0,2026-06-30
DIVISLAB,44.46,1,-15.4379,0,0.2572,4.91,23.3,0,2026-06-30
DIVOPPBEES,36.36,1,-0.0893,0,0.0296,4.13,11.58,0,2026-06-30
DIXON,52.17,1,-48.5347,0,0.5262,15.13,17.81,0,2026-06-30
DJML,62.61,1,-0.7138,0,0.7138,16.38,38.95,1,2026-06-30
DLF,56.78,1,1.1745,1,0.6873,16.68,21.1,0,2026-06-30
DLINKINDIA,62.31,1,-0.5772,0,0.6687,13.42,37.76,1,2026-06-30
DMART,61.34,1,29.9421,1,0.8467,12.55,25.85,1,2026-06-30
DMCC,46.21,1,1.6905,1,0.5515,10.24,15.74,0,2026-06-30
DNAMEDIA,32.42,1,-0.0173,0,-0.0127,10.16,17.18,0,2026-06-30
DODLA,56.82,1,2.4871,1,0.8345,6.37,11.12,0,2026-06-30
DOLATALGO,40.19,1,-0.2505,0,0.2169,9.22,13.87,0,2026-06-30
DOLLAR,54.06,1,2.7276,1,0.8379,12.33,21.52,0,2026-06-30
DOLPHIN,28.0,2,-1.5869,1,0.0404,9.13,19.22,0,2026-06-30
DOMS,56.92,1,6.4707,2,0.7364,15.26,14.33,0,2026-06-30
DONEAR,37.57,1,-0.3408,0,-0.1047,7.39,17.44,0,2026-06-30
DPABHUSHAN,48.96,1,7.7207,1,0.7042,7.76,14.1,0,2026-06-30
DPSCLTD,43.89,1,-0.1155,0,-0.1564,9.2,23.25,0,2026-06-30
DPWIRES,60.18,1,2.7591,1,0.781,27.17,36.04,1,2026-06-30
DRAGARWQ,55.08,1,7.3513,2,0.7759,5.36,37.89,1,2026-06-30
DRCSYSTEMS,46.88,1,0.0219,2,0.4995,6.57,14.9,0,2026-06-30
DREAMFOLKS,38.09,1,-0.2134,1,0.2209,13.76,12.06,0,2026-06-30
DREDGECORP,49.19,1,-11.7714,0,0.3354,20.27,18.55,0,2026-06-30
DRREDDY,66.55,1,10.8092,2,1.0024,10.2,23.73,0,2026-06-30
DSFCL,35.64,1,-0.1413,1,0.1689,15.6,22.64,0,2026-06-30
DSSL,48.12,1,-6.1182,1,0.5053,20.48,21.08,0,2026-06-30
DTIL,54.29,1,0.5169,1,0.7616,9.45,22.06,0,2026-06-30
DUCON,62.99,1,0.1284,1,0.8875,50.83,31.74,1,2026-06-30
DVL,41.31,1,-0.6474,0,0.1017,5.41,11.57,0,2026-06-30
DWARKESH,45.48,1,-0.1015,1,0.2538,7.32,9.52,0,2026-06-30
DYCL,61.13,1,4.8319,1,0.8103,28.61,26.88,1,2026-06-30
DYNAMATECH,47.34,1,-12.3623,1,0.4775,12.13,14.0,0,2026-06-30
DYNPRO,52.43,1,-0.3236,1,0.4784,16.22,18.7,0,2026-06-30
E2E,52.5,1,-5.928,0,0.3619,23.1,33.78,1,2026-06-30
EASEMYTRIP,36.04,1,-0.1246,0,0.2283,35.15,23.11,0,2026-06-30
EBANKNIFTY,64.99,1,0.1374,1,0.7394,11.27,21.76,0,2026-06-30
EBBETF0430,79.05,0,1.0004,1,0.8341,2.9,28.68,1,2026-06-30
EBBETF0431,77.81,0,1.0816,1,0.8073,3.27,58.83,1,2026-06-30
EBBETF0433,79.47,0,1.5974,1,0.8806,3.74,47.34,1,2026-06-30
EBGNG,80.42,0,16.4744,2,1.0918,53.92,36.07,1,2026-06-30
ECAPINSURE,51.08,1,0.0377,1,0.6149,9.74,14.3,0,2026-06-30
ECLERX,37.25,1,-4.6994,0,0.0499,12.71,15.65,0,2026-06-30
ECOSMOBLTY,48.89,1,1.2191,1,0.4555,24.73,19.3,0,2026-06-30
EDELWEISS,54.56,1,0.5787,1,0.6355,24.67,22.83,0,2026-06-30
EFCIL,51.45,1,0.1267,2,0.6216,9.81,16.16,0,2026-06-30
EGOLD,32.4,1,-0.9253,1,0.1306,13.49,30.88,1,2026-06-30
EICHERMOT,38.96,1,-27.4416,0,0.1775,12.09,16.22,0,2026-06-30
EIDPARRY,39.02,1,2.0868,2,0.3101,8.44,43.35,1,2026-06-30
EIEL,66.57,1,3.6705,1,0.8769,34.29,27.32,1,2026-06-30
EIFFL,88.3,0,14.8073,2,1.0885,68.52,36.95,1,2026-06-30
EIHAHOTELS,60.3,1,2.1981,1,0.7964,15.03,22.58,0,2026-06-30
EIHOTEL,56.32,1,2.5387,1,0.7153,20.23,23.79,0,2026-06-30
EIMCOELECO,60.54,1,15.7027,2,0.876,22.14,23.52,0,2026-06-30
EKC,51.17,1,0.7818,1,0.6045,20.23,23.25,0,2026-06-30
ELANTAS,67.92,1,61.4908,1,0.8158,19.55,33.39,1,2026-06-30
ELCIDIN,28.97,2,-105.1571,0,-0.0901,4.7,34.26,1,2026-06-30
ELDEHSG,50.94,1,2.7693,1,0.6465,7.92,11.58,0,2026-06-30
ELECON,52.82,1,-3.1347,1,0.5285,11.64,20.66,0,2026-06-30
ELECTCAST,52.39,1,0.4584,1,0.6946,19.99,19.61,0,2026-06-30
ELECTHERM,57.55,1,-7.6367,0,0.56,28.17,35.45,1,2026-06-30
ELGIEQUIP,52.32,1,-2.6834,0,0.2793,5.31,33.59,1,2026-06-30
ELGIRUBCO,38.48,1,-0.3838,0,0.1005,17.61,15.54,0,2026-06-30
ELIN,39.19,1,-0.2362,1,0.2293,12.92,32.57,1,2026-06-30
ELIQUID,99.98,0,0.0313,2,0.9259,0.46,99.39,1,2026-06-30
ELITECON,30.52,1,0.0512,1,0.1185,20.56,22.7,0,2026-06-30
ELLEN,45.69,1,-1.4841,0,0.3514,15.66,19.36,0,2026-06-30
ELM250,55.15,1,0.014,1,0.6871,6.04,46.41,1,2026-06-30
ELPROINTL,78.1,0,-1.6607,1,0.8523,5.02,65.99,1,2026-06-30
EMAMILTD,49.77,1,2.38,1,0.7336,7.94,21.49,0,2026-06-30
EMAMIPAP,59.21,1,-0.1486,1,0.7886,6.83,17.1,0,2026-06-30
EMAMIREAL,66.22,1,2.9852,1,0.8691,67.22,41.29,1,2026-06-30
EMBDL,48.83,1,0.594,1,0.6395,18.0,15.9,0,2026-06-30
EMCURE,61.41,1,10.1165,1,0.8404,12.42,35.61,1,2026-06-30
EMIL,59.7,1,0.8787,2,0.8241,22.06,22.65,0,2026-06-30
EMKAY,50.93,1,-3.6213,0,0.2519,18.13,26.1,1,2026-06-30
EMMBI,62.64,1,0.8005,1,0.8309,27.08,33.65,1,2026-06-30
EMMVEE,62.36,1,-2.0326,1,0.8461,9.1,31.31,1,2026-06-30
EMSLIMITED,65.58,1,10.6666,1,0.8264,59.97,35.58,1,2026-06-30
EMUDHRA,38.34,1,-1.8756,1,0.1529,9.05,17.44,0,2026-06-30
EMULTIMQ,46.02,1,-0.1053,0,0.3626,5.94,15.04,0,2026-06-30
ENDURANCE,57.17,1,5.8489,1,0.7288,11.14,24.69,0,2026-06-30
ENERGY,49.62,1,-0.0334,1,0.5124,5.55,19.74,0,2026-06-30
ENERGYDEV,44.53,1,-0.0419,1,0.2714,6.32,21.49,0,2026-06-30
ENGINERSIN,48.8,1,0.3684,1,0.4846,17.03,13.32,0,2026-06-30
ENIFTY,53.72,1,0.0419,1,0.6613,6.32,20.33,0,2026-06-30
ENIL,36.63,1,-0.3432,0,0.0752,9.64,20.35,0,2026-06-30
ENRIN,54.0,1,-19.7243,0,0.5623,13.55,24.19,0,2026-06-30
ENTERO,56.16,1,12.5406,2,0.9609,11.05,14.36,0,2026-06-30
EPACK,48.93,1,1.1599,1,0.6033,12.53,19.16,0,2026-06-30
EPACKPEB,57.13,1,-1.6316,0,0.5964,42.88,36.14,1,2026-06-30
EPIGRAL,39.52,1,-1.7507,0,0.0641,8.65,23.79,0,2026-06-30
EPL,50.67,1,0.2058,1,0.5549,14.64,19.82,0,2026-06-30
EQUAL200,52.73,1,0.0037,1,0.6072,5.94,14.09,0,2026-06-30
EQUAL50,50.99,1,0.1963,1,0.5905,4.25,13.45,0,2026-06-30
EQUAL50ADD,51.7,1,0.2498,1,0.6153,4.43,10.77,0,2026-06-30
EQUITASBNK,54.97,1,-0.4301,0,0.5214,13.59,26.28,1,2026-06-30
ERIS,55.23,1,2.6055,1,0.7046,10.25,20.64,0,2026-06-30
ESABINDIA,35.93,1,13.988,2,0.3618,7.96,30.67,1,2026-06-30
ESAFSFB,62.93,1,0.2139,1,0.758,38.74,40.19,1,2026-06-30
ESCORTS,55.2,1,25.8261,1,0.8518,10.78,18.4,0,2026-06-30
ESENSEX,51.18,1,0.0216,1,0.5642,14.99,31.37,1,2026-06-30
ESG,51.82,1,0.0505,1,0.6174,5.97,16.42,0,2026-06-30
ESILVER,37.35,1,-2.2817,1,0.2142,22.41,28.62,1,2026-06-30
ESSARSHPNG,42.04,1,-0.0025,0,0.3434,9.77,13.11,0,2026-06-30
ESSENTIA,62.34,1,0.0219,1,0.7267,46.36,29.64,1,2026-06-30
ESTER,44.6,1,0.0766,1,0.4254,8.75,13.97,0,2026-06-30
ETERNAL,60.62,1,0.9078,2,0.8591,12.4,17.4,0,2026-06-30
ETHOSLTD,56.82,1,5.5283,2,0.8779,5.35,11.27,0,2026-06-30
EUREKAFORB,49.12,1,1.7815,1,0.6356,11.37,20.48,0,2026-06-30
EUROBOND,38.51,1,-1.3949,0,0.0909,13.06,14.94,0,2026-06-30
EUROPRATIK,60.98,1,1.0627,1,0.7942,16.09,24.29,0,2026-06-30
EUROTEXIND,61.22,1,0.5069,1,0.8644,46.76,28.02,1,2026-06-30
EVEREADY,67.55,1,1.424,1,0.7835,20.54,47.64,1,2026-06-30
EVERESTIND,80.24,0,16.6958,2,1.176,50.49,27.02,1,2026-06-30
EVIETF,54.5,1,-0.0175,0,0.6167,5.75,25.93,1,2026-06-30
EVINDIA,54.81,1,-0.0138,0,0.6216,5.8,17.25,0,2026-06-30
EXCEL,45.89,1,0.0,2,0.4435,20.57,13.45,0,2026-06-30
EXCELINDUS,41.92,1,-0.3889,1,0.3093,4.03,12.55,0,2026-06-30
EXCELSOFT,33.62,1,-0.464,1,0.1486,20.76,19.89,0,2026-06-30
EXICOM,60.23,1,-0.8205,1,0.7852,30.39,33.12,1,2026-06-30
EXIDEIND,53.81,1,-1.7913,1,0.3991,7.64,23.72,0,2026-06-30
EXPLEOSOL,40.33,1,-1.4603,0,0.2823,14.96,17.76,0,2026-06-30
EXXARO,48.44,1,-0.0065,0,0.4575,16.05,31.91,1,2026-06-30
FABTECH,53.58,1,0.7781,1,0.6831,13.75,26.28,1,2026-06-30
FACT,45.08,1,-6.0281,0,0.3237,15.68,18.72,0,2026-06-30
FAIRCHEMOR,70.05,0,6.0594,2,1.1578,15.32,31.35,1,2026-06-30
FAZE3Q,60.83,1,2.997,1,0.7683,21.01,27.28,1,2026-06-30
FCL,49.11,1,-0.9013,0,0.2406,23.43,29.34,1,2026-06-30
FCSSOFT,64.67,1,0.043,1,0.8153,54.85,24.2,0,2026-06-30
FDC,67.14,1,3.0367,2,1.0252,13.96,36.61,1,2026-06-30
FEDDERSHOL,67.15,1,0.507,1,0.8268,26.93,41.79,1,2026-06-30
FEDERALBNK,73.29,0,0.4314,2,0.8725,12.56,38.92,1,2026-06-30
FEDFINA,42.76,1,-1.3659,1,0.1949,13.08,17.13,0,2026-06-30
FERMENTA,63.36,1,2.857,1,0.7938,19.31,28.98,1,2026-06-30
FIBERWEB,48.0,1,0.5559,1,0.862,12.82,27.05,1,2026-06-30
FIEMIND,49.22,1,-10.7035,1,0.334,7.54,9.4,0,2026-06-30
FILATEX,56.0,1,-0.3541,0,0.4996,17.65,35.75,1,2026-06-30
FILATFASH,74.38,0,0.0115,2,1.0089,67.7,29.84,1,2026-06-30
FINCABLES,60.3,1,7.4137,1,0.8145,25.35,26.59,1,2026-06-30
FINEORG,66.44,1,36.1173,1,0.8331,20.84,30.71,1,2026-06-30
FINIETF,57.17,1,0.0953,1,0.7435,10.82,24.53,0,2026-06-30
FINKURVE,47.56,1,-0.0743,0,0.4892,21.24,19.77,0,2026-06-30
FINOPB,53.49,1,0.1809,1,0.5749,27.15,31.42,1,2026-06-30
FINPIPE,49.42,1,0.0817,1,0.5256,8.19,15.76,0,2026-06-30
FIRSTCRY,50.59,1,1.1684,2,0.7884,5.77,13.12,0,2026-06-30
FISCHER,70.03,0,0.7302,2,1.2205,26.33,16.36,0,2026-06-30
FIVESTAR,63.06,1,3.6114,1,0.7877,28.86,26.85,1,2026-06-30
FLAIR,30.61,1,-0.1821,0,0.0498,13.41,32.48,1,2026-06-30
FLEXIADD,42.75,1,-0.0132,0,0.2722,4.98,11.84,0,2026-06-30
FLEXITUFF,48.01,1,0.0055,1,0.427,6.85,24.81,0,2026-06-30
FLUOROCHEM,70.27,0,22.424,2,0.9308,14.55,24.16,0,2026-06-30
FMCGIETF,44.25,1,0.0414,1,0.4766,3.83,28.27,1,2026-06-30
FMGOETZE,49.4,1,1.0513,1,0.5478,13.09,17.21,0,2026-06-30
FMNL,56.85,1,0.0988,1,0.659,38.04,37.43,1,2026-06-30
FOCUS,52.73,1,-0.7528,0,0.2702,8.32,18.65,0,2026-06-30
FOODSIN,43.14,1,-0.0031,0,0.207,7.87,17.33,0,2026-06-30
FORCEMOT,49.9,1,98.7958,2,0.7475,11.07,10.51,0,2026-06-30
FORTIS,48.38,1,-3.4484,0,0.3795,7.87,14.53,0,2026-06-30
FOSECOIND,60.69,1,27.998,1,0.8146,17.92,30.51,1,2026-06-30
FRACTAL,37.95,1,-10.3357,0,0.0218,16.34,13.35,0,2026-06-30
FRONTSP,38.51,1,-8.3443,0,0.025,10.77,21.25,0,2026-06-30
FSL,34.02,1,-2.4061,0,0.033,17.5,16.87,0,2026-06-30
FUSION,59.24,1,2.1815,2,0.9617,17.12,22.83,0,2026-06-30
GABRIEL,63.19,1,15.1558,1,0.8082,33.95,31.94,1,2026-06-30
GAEL,61.48,1,0.5894,2,1.0966,7.36,20.77,0,2026-06-30
GAIL,56.55,1,-0.3127,0,0.6319,9.58,21.85,0,2026-06-30
GALAPREC,63.6,1,5.2464,1,0.7839,37.93,50.17,1,2026-06-30
GALAXYSURF,63.69,1,22.8105,1,0.7931,24.94,31.08,1,2026-06-30
GALLANTT,48.11,1,4.6332,1,0.5789,21.95,18.72,0,2026-06-30
GANDHAR,67.31,1,1.4639,2,0.9165,24.91,42.33,1,2026-06-30
GANDHITUBE,52.25,1,1.5276,2,0.9301,2.36,10.27,0,2026-06-30
GANECOS,42.29,1,0.8276,2,0.2796,6.12,33.73,1,2026-06-30
GANESHBE,50.18,1,-0.6805,0,0.4072,17.43,18.5,0,2026-06-30
GANESHCP,40.98,1,-1.3388,0,0.0942,12.13,20.83,0,2026-06-30
GANESHHOU,59.29,1,-3.6139,1,0.5696,9.59,24.5,0,2026-06-30
GANESHHOUC,46.78,1,3.666,1,0.453,8.2,19.33,0,2026-06-30
GANGAFORGE,48.18,1,0.0005,1,0.5138,17.73,22.3,0,2026-06-30
GANGESSECU,40.16,1,-0.2473,0,0.0235,5.62,28.59,1,2026-06-30
GARFIBRES,65.42,1,4.0051,2,0.8421,24.53,31.96,1,2026-06-30
GARUDA,54.83,1,1.2943,1,0.7479,16.32,20.18,0,2026-06-30
GATECH,33.27,1,-0.0045,0,-0.0002,13.77,18.69,0,2026-06-30
GATECHDVR,28.54,2,-0.004,0,-0.0981,13.08,27.07,1,2026-06-30
GATEWAY,47.87,1,-0.1956,0,0.4227,14.24,20.17,0,2026-06-30
GAYAHWS,29.62,2,-0.0146,0,-0.1228,11.83,15.05,0,2026-06-30
GCSL,59.86,1,-2.6462,1,0.7167,8.21,22.21,0,2026-06-30
GEECEE,58.73,1,-0.3747,1,0.7424,13.11,40.17,1,2026-06-30
GEEKAYWIRE,55.82,1,0.2761,1,0.717,25.61,21.58,0,2026-06-30
GEMAROMA,47.21,1,-0.631,1,0.3285,16.79,21.95,0,2026-06-30
GENCON,66.6,1,0.6817,2,1.013,19.73,23.05,0,2026-06-30
GENESYS,54.14,1,-2.6213,0,0.5142,40.7,45.12,1,2026-06-30
GENUSPAPER,39.02,1,-0.0124,0,0.1352,7.52,12.1,0,2026-06-30
GENUSPOWER,39.92,1,-1.6523,0,0.1264,16.66,23.87,0,2026-06-30
GEOJITFSL,57.05,1,-0.1169,0,0.6441,13.17,23.15,0,2026-06-30
GEPIL,59.17,1,3.0406,1,0.7014,34.34,45.45,1,2026-06-30
GESHIP,51.09,1,12.4143,1,0.6848,12.78,16.38,0,2026-06-30
GFLLIMITED,46.45,1,-0.1174,0,0.3193,7.26,17.5,0,2026-06-30
GHCL,44.8,1,0.7844,2,0.4417,8.55,21.56,0,2026-06-30
GHCLTEXTIL,59.89,1,0.0489,2,1.0128,9.48,21.53,0,2026-06-30
GICHSGFIN,42.64,1,-0.6252,0,0.3273,15.6,34.99,1,2026-06-30
GICL,19.32,2,-0.1549,1,0.2292,84.93,53.62,1,2026-06-30
GICRE,42.6,1,-0.4618,1,0.2983,12.51,17.02,0,2026-06-30
GILLANDERS,50.08,1,0.319,1,0.6239,6.8,23.27,0,2026-06-30
GILLETTE,44.63,1,-9.0042,0,0.3206,4.07,19.38,0,2026-06-30
GILT10BETA,53.71,1,0.044,1,0.7123,3.46,39.32,1,2026-06-30
GILT5BETA,54.49,1,0.0943,1,0.6932,3.87,39.61,1,2026-06-30
GILT5YBEES,75.7,0,0.0357,1,0.8368,2.7,45.37,1,2026-06-30
GINNIFILA,62.65,1,0.6824,2,0.9538,27.4,21.14,0,2026-06-30
GIPCL,50.29,1,-0.7423,0,0.3262,11.19,15.39,0,2026-06-30
GKENERGY,52.37,1,-0.7806,0,0.487,20.25,32.09,1,2026-06-30
GKSL,48.78,1,-0.1122,1,0.5104,6.76,27.24,1,2026-06-30
GKWLIMITED,45.84,1,-13.7024,0,0.2824,12.01,39.53,1,2026-06-30
GLAND,73.52,0,10.4173,2,1.2769,12.89,35.64,1,2026-06-30
GLAXO,68.56,1,30.7462,2,1.0009,18.32,30.31,1,2026-06-30
GLENMARK,49.54,1,7.2162,2,0.8625,3.92,20.5,0,2026-06-30
GLOBAL,48.13,1,-0.1372,0,0.3749,9.89,17.7,0,2026-06-30
GLOBALE,74.54,0,0.162,1,0.7641,45.8,32.85,1,2026-06-30
GLOBALVECT,48.76,1,1.0929,1,0.6597,7.44,19.71,0,2026-06-30
GLOBE,36.45,1,-0.0018,1,0.0994,6.44,50.51,1,2026-06-30
GLOBECIVIL,62.47,1,0.9183,1,0.7804,45.54,29.07,1,2026-06-30
GLOBUSSPR,55.65,1,6.2497,2,0.9777,8.39,19.36,0,2026-06-30
GLOSTERLTD,70.49,0,3.501,1,0.9218,15.11,47.01,1,2026-06-30
GLOTTIS,70.68,0,0.786,2,1.0262,26.28,27.37,1,2026-06-30
GMBREW,62.04,1,7.1439,2,1.0077,10.39,21.08,0,2026-06-30
GMDCLTD,36.02,1,-2.9159,1,0.2001,18.21,28.82,1,2026-06-30
GMMPFAUDLR,44.75,1,4.9577,1,0.5434,11.09,17.66,0,2026-06-30
GMRAIRPORT,70.23,0,0.3247,2,0.9073,15.96,27.18,1,2026-06-30
GMRP&UI,36.59,1,-0.5545,1,0.1697,14.6,14.88,0,2026-06-30
GNA,69.63,1,7.193,1,0.9303,29.06,34.73,1,2026-06-30
GNFC,56.55,1,0.3136,1,0.6291,22.77,33.25,1,2026-06-30
GNRL,64.83,1,2.4021,2,0.9659,31.31,32.49,1,2026-06-30
GOACARBON,46.02,1,-1.5642,0,0.3886,13.15,14.46,0,2026-06-30
GOCLCORP,55.78,1,-3.8352,0,0.4714,15.17,33.84,1,2026-06-30
GOCOLORS,60.48,1,-0.0384,1,0.707,22.38,29.13,1,2026-06-30
GODAVARIB,49.07,1,0.4954,2,0.6141,11.8,17.2,0,2026-06-30
GODFRYPHLP,40.44,1,-7.8778,0,-0.0054,5.97,12.82,0,2026-06-30
GODHA,46.14,1,-0.0087,0,0.4017,48.47,33.57,1,2026-06-30
GODIGIT,64.12,1,2.7242,2,0.9835,11.28,30.04,1,2026-06-30
GODREJAGRO,38.07,1,-1.1916,0,0.0795,5.46,17.23,0,2026-06-30
GODREJCP,45.46,1,1.5778,1,0.4251,5.75,13.37,0,2026-06-30
GODREJIND,66.52,1,10.3559,2,0.9633,18.26,45.28,1,2026-06-30
GODREJPROP,63.6,1,14.1388,2,0.9025,16.33,19.41,0,2026-06-30
GOKEX,77.65,0,15.3575,1,0.9151,39.61,32.37,1,2026-06-30
GOKUL,49.19,1,-0.0018,0,0.4869,9.21,38.73,1,2026-06-30
GOKULAGRO,31.55,1,-2.2028,0,-0.1056,13.27,18.19,0,2026-06-30
GOLD1,34.81,1,-0.758,1,0.1336,13.52,29.64,1,2026-06-30
GOLD360,33.91,1,-0.8127,0,0.0927,12.29,15.29,0,2026-06-30
GOLDADD,34.22,1,-0.9094,1,0.1273,13.64,25.41,1,2026-06-30
GOLDBEES,33.7,1,-0.7661,1,0.1241,13.49,24.83,0,2026-06-30
GOLDBETA,32.81,1,-0.7948,1,0.1196,13.51,25.06,1,2026-06-30
GOLDBND,35.02,1,-0.8967,1,0.1323,13.33,21.23,0,2026-06-30
GOLDCASE,34.04,1,-0.148,1,0.1266,13.71,15.99,0,2026-06-30
GOLDETF,33.1,1,-0.9069,1,0.1273,13.41,18.8,0,2026-06-30
GOLDETFADD,70.31,0,0.2647,2,1.0354,8.78,23.5,0,2026-06-30
GOLDIAM,50.4,1,-4.1238,0,0.4078,21.89,32.53,1,2026-06-30
GOLDIETF,34.92,1,-0.8028,1,0.1302,13.67,12.93,0,2026-06-30
GOLDSHARE,75.8,0,0.3489,2,1.0271,9.49,12.49,0,2026-06-30
GOLDTECH,68.99,1,1.3922,2,1.0633,40.7,30.43,1,2026-06-30
GOODLUCK,65.1,1,11.7777,2,0.9823,17.97,18.42,0,2026-06-30
GOODYEAR,53.24,1,3.3895,1,0.7118,7.42,40.2,1,2026-06-30
GOPAL,35.19,1,-0.6868,0,0.031,6.41,11.88,0,2026-06-30
GOYALALUM,48.05,1,0.0012,1,0.4441,8.04,13.12,0,2026-06-30
GPIL,30.54,1,-1.5425,0,-0.0958,11.61,16.47,0,2026-06-30
GPPL,42.93,1,-0.253,0,0.1087,5.16,11.64,0,2026-06-30
GPTHEALTH,55.05,1,-0.3391,1,0.5115,5.44,21.19,0,2026-06-30
GPTINFRA,70.64,0,1.7011,1,0.8628,27.99,30.49,1,2026-06-30
GRANDOAK,55.68,1,0.1995,1,0.5834,97.99,44.4,1,2026-06-30
GRANULES,64.94,1,1.4156,2,1.0435,9.19,26.26,1,2026-06-30
GRAPHITE,32.33,1,-3.5306,1,0.2094,22.06,28.4,1,2026-06-30
GRASIM,51.65,1,-13.1512,0,0.3826,4.19,15.45,0,2026-06-30
GRAUWEIL,60.66,1,-0.0205,1,0.9026,12.05,31.23,1,2026-06-30
GRAVISSHO,50.08,1,-0.0748,1,0.4582,7.24,46.63,1,2026-06-30
GRAVITA,45.58,1,-0.9293,0,0.4148,13.15,20.3,0,2026-06-30
GREAVESCOT,71.17,0,2.0095,2,0.9888,26.12,38.51,1,2026-06-30
GREENLAM,62.85,1,0.5468,1,0.7288,19.01,32.7,1,2026-06-30
GREENPANEL,46.42,1,0.6851,1,0.4304,7.17,12.48,0,2026-06-30
GREENPLY,62.5,1,-0.3741,0,0.6629,15.78,42.58,1,2026-06-30
GREENPOWER,34.02,1,-0.0799,0,-0.0765,10.05,19.43,0,2026-06-30
GRINDWELL,68.33,1,7.3863,1,0.8188,21.87,53.63,1,2026-06-30
GRINFRA,51.25,1,6.2939,1,0.6338,16.68,23.42,0,2026-06-30
GRMOVER,23.32,2,0.88,2,0.3482,93.58,49.61,1,2026-06-30
GROBTEA,49.13,1,0.7615,1,0.4623,7.21,34.51,1,2026-06-30
GROWW,56.68,1,0.5392,2,0.7661,10.01,18.39,0,2026-06-30
GROWWCAPM,52.03,1,-0.0026,0,0.6103,8.79,22.32,0,2026-06-30
GROWWCHEM,54.55,1,-0.0276,1,0.6642,5.36,16.7,0,2026-06-30
GROWWDEFNC,61.15,1,0.1934,2,0.8218,11.49,16.32,0,2026-06-30
GROWWEV,52.04,1,-0.0149,0,0.5361,5.42,10.95,0,2026-06-30
GROWWGOLD,30.85,1,-0.0644,1,0.1044,12.92,33.03,1,2026-06-30
GROWWHOSPI,73.05,0,0.0959,2,0.9093,8.01,32.22,1,2026-06-30
GROWWLIQID,100.0,0,0.0035,1,0.9176,0.44,57.56,1,2026-06-30
GROWWLOVOL,39.28,1,-0.0057,0,0.1856,3.89,19.25,0,2026-06-30
GROWWMC150,56.79,1,0.1906,1,0.7372,6.41,23.43,0,2026-06-30
GROWWMETAL,38.13,1,-0.0589,1,0.1598,9.4,16.74,0,2026-06-30
GROWWMOM50,53.11,1,0.0107,1,0.6141,7.97,27.59,1,2026-06-30
GROWWN200,49.94,1,0.0074,1,0.55,6.03,24.45,0,2026-06-30
GROWWNET,58.92,1,0.0261,1,0.7357,10.56,15.75,0,2026-06-30
GROWWNIFTY,53.37,1,0.0159,1,0.6488,6.2,10.9,0,2026-06-30
GROWWNXT50,52.96,1,0.0052,1,0.5945,6.62,16.11,0,2026-06-30
GROWWPOWER,50.41,1,-0.008,0,0.5352,6.2,20.26,0,2026-06-30
GROWWPSE,37.87,1,-0.0056,0,0.197,4.41,15.73,0,2026-06-30
GROWWPSUBK,50.67,1,-0.0711,0,0.5066,9.49,16.08,0,2026-06-30
GROWWRAIL,39.27,1,0.0191,1,0.2756,6.22,16.74,0,2026-06-30
GROWWRLTY,66.11,1,0.0471,2,0.8495,14.79,25.68,1,2026-06-30
GROWWSC250,63.06,1,0.0168,1,0.7717,9.28,16.04,0,2026-06-30
GROWWSLVR,37.27,1,-0.1839,1,0.2136,22.7,22.55,0,2026-06-30
GRPLTD,58.54,1,17.5836,1,0.7279,20.5,19.79,0,2026-06-30
GRSE,50.78,1,1.9714,1,0.5781,12.91,14.32,0,2026-06-30
GRWRHITECH,65.32,1,-25.5552,0,0.7269,22.88,43.51,1,2026-06-30
GSEC10ABSL,56.65,1,0.2573,1,0.8623,3.99,19.61,0,2026-06-30
GSEC10IETF,53.81,1,0.2074,1,0.6553,2.65,27.93,1,2026-06-30
GSEC10YEAR,60.73,1,0.0322,2,0.8954,3.38,30.67,1,2026-06-30
GSEC5IETF,76.64,0,0.0904,2,1.1159,3.55,28.99,1,2026-06-30
GSFC,41.22,1,-0.1041,0,0.2599,4.68,15.66,0,2026-06-30
GSLSU,30.33,1,-0.6014,0,0.0698,34.14,34.91,1,2026-06-30
GSPCROP,31.29,1,-7.1126,0,-0.0874,16.81,31.6,1,2026-06-30
GSPL,45.19,1,-0.2826,0,0.3559,22.76,38.83,1,2026-06-30
GSS,70.68,0,0.6102,1,0.8659,81.18,45.09,1,2026-06-30
GTECJAINX,86.14,0,2.1511,2,1.1689,112.96,27.41,1,2026-06-30
GTL,46.94,1,-0.1124,0,0.2716,19.06,22.56,0,2026-06-30
GTLINFRA,43.47,1,-0.0255,0,0.0868,17.41,29.34,1,2026-06-30
GTPL,40.02,1,-0.3378,1,0.1968,11.82,14.08,0,2026-06-30
GUFICBIO,70.06,0,1.0038,2,1.2411,14.5,41.45,1,2026-06-30
GUJALKALI,38.42,1,-1.3639,0,0.154,10.94,13.6,0,2026-06-30
GUJAPOLLO,33.92,1,-0.4559,0,0.0675,10.85,20.27,0,2026-06-30
GUJGASLTD,27.14,2,-7.8518,0,-0.0869,24.07,22.23,0,2026-06-30
GUJRAFFIA,47.62,1,-0.1826,1,0.3048,8.13,10.91,0,2026-06-30
GUJTHEM,54.45,1,-1.0286,1,0.6037,11.26,24.57,0,2026-06-30
GULFOILLUB,66.15,1,11.6356,1,0.7888,27.2,34.54,1,2026-06-30
GULFPETRO,66.18,1,0.4968,1,0.7693,40.18,39.31,1,2026-06-30
GULPOLY,41.55,1,-2.9236,0,0.169,20.12,26.34,1,2026-06-30
GVPIL,53.6,1,-24.033,0,0.3483,27.44,52.7,1,2026-06-30
GVPTECH,60.25,1,0.0695,1,0.791,19.73,29.67,1,2026-06-30
GVT&D,49.39,1,-36.3794,0,0.4045,18.17,26.84,1,2026-06-30
HAL,52.12,1,7.8143,1,0.6571,9.52,17.65,0,2026-06-30
HALDER,50.48,1,0.0896,1,0.4504,10.02,15.17,0,2026-06-30
HALEOSLABS,52.17,1,2.7183,2,0.9599,7.96,15.94,0,2026-06-30
HAPPSTMNDS,36.92,1,-0.7519,1,0.221,11.4,17.59,0,2026-06-30
HAPPYFORGE,66.22,1,13.5186,1,0.8471,21.87,31.89,1,2026-06-30
HARDWYN,45.0,1,-0.0811,0,0.2285,9.55,21.36,0,2026-06-30
HARIOMPIPE,52.25,1,-5.0262,0,0.3431,12.49,25.7,1,2026-06-30
HARRMALAYA,44.15,1,-0.45,0,0.3375,10.93,18.79,0,2026-06-30
HARSHA,53.67,1,-1.0782,0,0.5846,15.48,35.49,1,2026-06-30
HATHWAY,49.85,1,-0.0072,0,0.493,19.31,25.69,1,2026-06-30
HATSUN,50.05,1,2.6523,1,0.6907,4.37,13.24,0,2026-06-30
HAVELLS,43.71,1,1.9623,1,0.3948,5.95,23.21,0,2026-06-30
HAVISHA,39.16,1,-0.0029,1,0.3365,28.48,24.44,0,2026-06-30
HAWKINCOOK,78.77,0,47.6808,2,1.1293,10.43,41.6,1,2026-06-30
HBESD,63.09,1,0.4022,2,1.1855,11.12,44.21,1,2026-06-30
HBLENGINE,54.27,1,1.636,1,0.6952,10.95,11.62,0,2026-06-30
HBSL,65.31,1,1.4159,1,0.7807,51.5,28.78,1,2026-06-30
HCC,55.91,1,-0.0328,0,0.5884,30.25,30.34,1,2026-06-30
HCG,53.07,1,-2.6854,1,0.5785,8.01,15.27,0,2026-06-30
HCL-INSYS,43.27,1,-0.0584,0,0.1537,12.72,22.76,0,2026-06-30
HCLTECH,31.21,1,-3.125,0,0.0452,12.81,22.83,0,2026-06-30
HDBFS,72.59,0,8.6254,1,0.8616,27.13,31.43,1,2026-06-30
HDFCAMC,52.16,1,8.3591,1,0.6667,15.75,16.65,0,2026-06-30
HDFCBANK,60.06,1,3.8408,1,0.8125,11.19,19.39,0,2026-06-30
HDFCBSE500,52.52,1,0.0193,1,0.6161,7.96,39.52,1,2026-06-30
HDFCGOLD,33.91,1,-0.7992,1,0.1274,13.78,25.25,1,2026-06-30
HDFCGROWTH,41.99,1,-0.0825,0,0.1702,3.71,19.73,0,2026-06-30
HDFCLIFE,43.9,1,1.7655,1,0.4888,10.18,14.18,0,2026-06-30
HDFCLIQUID,100.0,0,0.0323,1,0.9232,0.47,32.04,1,2026-06-30
HDFCLOWVOL,55.15,1,0.024,1,0.7107,4.68,26.1,1,2026-06-30
HDFCMID150,57.11,1,0.0117,1,0.6999,6.76,15.13,0,2026-06-30
HDFCMOMENT,53.64,1,0.0464,1,0.6318,8.34,12.89,0,2026-06-30
HDFCNEXT50,53.25,1,-0.0208,0,0.5899,7.31,20.05,0,2026-06-30
HDFCNIF100,53.35,1,0.031,1,0.6447,6.41,30.78,1,2026-06-30
HDFCNIFBAN,62.97,1,0.1214,1,0.7166,11.32,22.52,0,2026-06-30
HDFCNIFIT,33.39,1,-0.1681,0,0.0453,14.69,20.11,0,2026-06-30
HDFCNIFTY,53.96,1,0.3994,1,0.667,5.92,9.19,0,2026-06-30
HDFCPSUBK,51.59,1,0.0012,1,0.5361,9.67,17.87,0,2026-06-30
HDFCPVTBAN,60.46,1,0.0424,1,0.6704,11.89,36.2,1,2026-06-30
HDFCQUAL,41.46,1,-0.083,0,0.1616,3.79,10.0,0,2026-06-30
HDFCSENSEX,54.78,1,0.1885,1,0.6763,7.3,18.19,0,2026-06-30
HDFCSILVER,37.9,1,-2.2215,1,0.2136,22.79,22.3,0,2026-06-30
HDFCSML250,63.19,1,0.2314,1,0.778,9.12,21.25,0,2026-06-30
HDFCVALUE,40.66,1,-0.0708,0,0.108,2.58,19.86,0,2026-06-30
HEADSUP,43.39,1,-0.0215,0,0.2223,10.12,15.56,0,2026-06-30
HEALTHADD,72.11,0,0.5362,2,0.9544,7.11,39.62,1,2026-06-30
HEALTHCARE,76.61,0,0.067,2,1.038,7.13,27.88,1,2026-06-30
HEALTHIETF,73.54,0,0.5817,2,1.0117,6.91,25.95,1,2026-06-30
HEALTHY,73.07,0,0.0555,2,1.0123,6.75,12.27,0,2026-06-30
HECPROJECT,49.84,1,0.3455,1,0.5526,19.58,16.33,0,2026-06-30
HEG,34.35,1,0.178,1,0.1651,8.81,11.75,0,2026-06-30
HEIDELBERG,48.65,1,0.4993,1,0.6319,6.08,13.55,0,2026-06-30
HEMIPROP,48.18,1,-0.1829,1,0.4228,5.51,16.82,0,2026-06-30
HERANBA,39.49,1,0.1886,1,0.3165,13.09,22.84,0,2026-06-30
HERCULES,46.07,1,0.7341,2,0.5747,6.92,19.4,0,2026-06-30
HERITGFOOD,50.15,1,1.5205,1,0.686,7.0,18.32,0,2026-06-30
HEROMOTOCO,36.86,1,-8.548,0,0.153,6.64,12.42,0,2026-06-30
HESTERBIO,64.45,1,5.8307,1,0.7851,19.62,65.19,1,2026-06-30
HEUBACHIND,24.6,2,-4.1628,0,-0.1754,14.66,38.03,1,2026-06-30
HEXATRADEX,41.53,1,-0.2366,0,0.0468,5.37,17.39,0,2026-06-30
HEXT,56.1,1,-0.2771,1,0.5727,12.84,20.33,0,2026-06-30
HFCL,69.15,1,0.5095,1,0.8276,31.54,51.63,1,2026-06-30
HGINFRA,46.46,1,1.1612,1,0.5252,8.11,10.61,0,2026-06-30
HGM,39.28,1,-0.2606,1,0.288,24.82,23.09,0,2026-06-30
HGS,46.16,1,-1.5674,0,0.3689,12.07,34.04,1,2026-06-30
HIKAL,67.05,1,3.3188,2,0.9077,30.59,27.4,1,2026-06-30
HILINFRA,67.83,1,1.1856,1,0.8709,37.94,21.92,0,2026-06-30
HILTON,40.35,1,-0.3002,1,0.1472,18.77,17.99,0,2026-06-30
HIMATSEIDE,69.4,1,1.5507,2,1.0138,26.79,27.33,1,2026-06-30
HINDALCO,32.68,1,-8.8968,1,0.1811,22.37,27.3,1,2026-06-30
HINDCOMPOS,51.85,1,1.0374,2,0.7373,5.13,13.21,0,2026-06-30
HINDCON,64.37,1,0.5706,1,0.7885,54.63,34.18,1,2026-06-30
HINDCOPPER,40.54,1,-0.6589,1,0.2955,11.85,28.09,1,2026-06-30
HINDOILEXP,46.76,1,-0.9802,1,0.3213,17.52,17.51,0,2026-06-30
HINDPETRO,51.39,1,0.0431,1,0.5729,12.17,17.73,0,2026-06-30
HINDUNILVR,40.65,1,-0.6124,0,0.2872,7.16,16.6,0,2026-06-30
HINDWAREAP,65.34,1,1.3258,2,0.8298,26.18,27.57,1,2026-06-30
HINDZINC,35.63,1,-3.258,1,0.2185,18.62,27.4,1,2026-06-30
HIRECT,59.27,1,-7.1681,1,0.7562,10.34,32.81,1,2026-06-30
HISARMETAL,50.75,1,-0.1012,0,0.5493,13.81,16.77,0,2026-06-30
HITECH,46.04,1,-0.1636,0,0.3634,13.28,16.01,0,2026-06-30
HITECHCORP,91.94,0,12.2846,2,1.1279,96.66,40.88,1,2026-06-30
HLEGLAS,57.09,1,-1.7678,0,0.59,9.95,30.81,1,2026-06-30
HLVLTD,41.9,1,-0.0105,0,0.1052,5.68,11.92,0,2026-06-30
HMAAGRO,38.85,1,-0.0461,1,0.2076,11.16,11.6,0,2026-06-30
HMVL,67.98,1,-0.1777,0,0.714,18.77,38.2,1,2026-06-30
HNDFDS,58.11,1,0.5585,1,0.7575,8.9,31.07,1,2026-06-30
HNGSNGBEES,35.06,1,-1.1581,1,0.1519,12.17,14.94,0,2026-06-30
HOMEFIRST,53.34,1,6.1013,1,0.6535,16.68,20.78,0,2026-06-30
HONASA,76.82,0,2.0286,2,1.2747,13.04,44.92,1,2026-06-30
HONAUT,73.56,0,174.9537,2,0.9444,18.85,50.23,1,2026-06-30
HONDAPOWER,44.75,1,-4.36,0,0.2763,7.95,11.27,0,2026-06-30
HPAL,43.65,1,-0.0782,0,0.2219,8.47,12.31,0,2026-06-30
HPIL,42.68,1,-0.0656,0,0.2346,5.45,9.69,0,2026-06-30
HPL,47.81,1,-1.4934,0,0.4311,18.29,15.41,0,2026-06-30
HSBCGOLD,31.74,1,-0.7834,1,0.1065,13.27,22.98,0,2026-06-30
HSCL,58.54,1,-3.6145,1,0.6143,15.53,27.05,1,2026-06-30
HTMEDIA,41.65,1,-0.0973,0,-0.1303,5.33,18.81,0,2026-06-30
HUBTOWN,54.15,1,1.8675,1,0.7412,16.42,18.09,0,2026-06-30
HUDCO,45.07,1,-0.313,0,0.3099,6.2,9.7,0,2026-06-30
HUHTAMAKI,69.19,1,2.4566,1,0.8651,26.95,29.31,1,2026-06-30
HYBRIDFIN,64.63,1,0.9283,1,0.8814,63.65,42.93,1,2026-06-30
HYUNDAI,46.96,1,-9.648,0,0.3082,9.24,23.1,0,2026-06-30
IBULLSLTD,53.61,1,-0.4239,0,0.3947,33.65,51.13,1,2026-06-30
ICDSLTD,41.96,1,-0.3319,0,-0.0065,11.88,18.44,0,2026-06-30
ICEMAKE,56.33,1,2.6438,2,1.0922,6.55,9.03,0,2026-06-30
ICICIAMC,51.04,1,-2.0434,0,0.553,8.66,18.2,0,2026-06-30
ICICIB22,41.62,1,0.0347,1,0.4006,4.41,9.63,0,2026-06-30
ICICIBANK,66.36,1,6.5978,1,0.7888,15.02,31.15,1,2026-06-30
ICICIGI,42.36,1,-0.8484,0,0.3327,11.03,14.69,0,2026-06-30
ICICIPRULI,44.6,1,1.8935,1,0.5191,12.11,19.71,0,2026-06-30
ICIL,75.4,0,6.893,1,0.9435,43.5,47.69,1,2026-06-30
ICRA,49.28,1,19.8184,1,0.6729,6.42,22.05,0,2026-06-30
IDBI,56.88,1,0.5301,1,0.6613,31.07,36.81,1,2026-06-30
IDEA,56.26,1,-0.1652,1,0.4247,9.71,31.62,1,2026-06-30
IDEAFORGE,70.49,0,5.8808,1,0.7624,72.21,48.69,1,2026-06-30
IDFCFIRSTB,67.19,1,0.073,1,0.7731,16.57,40.4,1,2026-06-30
IDFNIFTYET,54.28,1,0.4448,1,0.6666,6.6,21.15,0,2026-06-30
IEX,52.86,1,0.4866,1,0.7273,7.92,14.53,0,2026-06-30
IFBAGRO,50.61,1,-1.2915,0,0.4882,43.08,41.64,1,2026-06-30
IFBIND,57.67,1,-5.688,1,0.6974,6.24,31.87,1,2026-06-30
IFCI,48.05,1,-1.5122,0,0.2745,28.81,31.18,1,2026-06-30
IFGLEXPOR,44.87,1,-1.9483,0,0.0463,11.85,16.79,0,2026-06-30
IGARASHI,66.32,1,7.7704,1,0.794,43.18,39.94,1,2026-06-30
IGCL,52.85,1,0.1264,2,0.6968,17.63,13.95,0,2026-06-30
IGIL,48.15,1,-1.5332,1,0.2826,6.62,11.42,0,2026-06-30
IGL,48.93,1,-0.2513,0,0.4279,8.39,18.44,0,2026-06-30
IGPL,58.25,1,0.7763,2,0.9828,6.38,15.37,0,2026-06-30
IIFL,51.4,1,-3.9736,0,0.4114,13.45,24.26,0,2026-06-30
IIFLCAPS,47.08,1,-1.3729,0,0.1828,3.47,29.77,1,2026-06-30
IITL,45.28,1,0.3366,2,0.4411,13.28,18.05,0,2026-06-30
IKIO,42.51,1,-0.9006,0,0.2057,11.27,13.0,0,2026-06-30
IKS,52.77,1,-0.7998,0,0.5126,5.08,31.77,1,2026-06-30
IMAGICAA,59.99,1,0.5609,1,0.8759,22.33,22.84,0,2026-06-30
IMFA,30.87,1,-15.8369,0,-0.074,18.28,14.76,0,2026-06-30
IMPAL,56.08,1,0.8048,2,0.7933,7.43,19.73,0,2026-06-30
INA,44.86,1,0.1257,2,0.391,9.3,18.88,0,2026-06-30
INCREDIBLE,37.5,1,-0.2008,0,-0.0793,8.96,16.19,0,2026-06-30
INDBANK,47.66,1,-0.0155,0,0.4542,5.61,21.75,0,2026-06-30
INDGN,53.85,1,-0.2154,1,0.659,6.12,20.78,0,2026-06-30
INDHOTEL,61.25,1,1.517,1,0.7156,16.11,22.78,0,2026-06-30
INDIACEM,42.3,1,-0.1574,0,0.2869,6.23,17.46,0,2026-06-30
INDIAGLYCO,53.15,1,2.6063,2,0.79,6.18,11.16,0,2026-06-30
INDIAMART,33.74,1,-14.1237,0,0.0395,11.28,22.53,0,2026-06-30
INDIANB,40.36,1,-3.6474,0,0.1003,8.62,17.16,0,2026-06-30
INDIANCARD,53.82,1,0.0011,2,0.7428,8.09,36.99,1,2026-06-30
INDIANHUME,57.98,1,3.4162,1,0.8031,19.32,24.94,0,2026-06-30
INDIASHLTR,48.03,1,1.476,1,0.5359,9.12,21.38,0,2026-06-30
INDIGO,72.16,0,59.9961,1,0.9112,27.23,38.53,1,2026-06-30
INDIGOPNTS,56.72,1,-1.4082,0,0.6739,12.09,38.45,1,2026-06-30
INDIQUBE,55.64,1,0.9198,1,0.7365,17.16,25.01,1,2026-06-30
INDNIPPON,76.09,0,4.9361,2,1.1578,13.97,43.53,1,2026-06-30
INDOAMIN,57.0,1,0.1911,1,0.7206,13.72,25.83,1,2026-06-30
INDOBORAX,65.48,1,-1.3569,0,0.7566,12.38,63.73,1,2026-06-30
INDOCO,60.82,1,0.5019,2,0.7162,26.76,31.13,1,2026-06-30
INDOFARM,59.89,1,1.3078,1,0.8084,25.07,25.79,1,2026-06-30
INDORAMA,52.03,1,-0.394,0,0.2754,9.24,43.64,1,2026-06-30
INDOSTAR,59.41,1,0.1113,1,0.7128,15.1,28.62,1,2026-06-30
INDOTECH,56.07,1,-52.4165,0,0.3789,29.12,56.58,1,2026-06-30
INDOTHAI,40.86,1,0.9477,1,0.3591,11.57,37.13,1,2026-06-30
INDOUS,32.12,1,0.0809,1,0.1687,14.73,28.4,1,2026-06-30
INDOWIND,60.93,1,0.0028,1,0.6422,31.35,25.37,1,2026-06-30
INDRAMEDCO,50.84,1,0.5158,2,0.5271,7.87,11.46,0,2026-06-30
INDSWFTLAB,82.28,0,3.4269,1,0.9337,40.24,44.89,1,2026-06-30
INDSWFTLTD,43.53,1,-0.1823,1,0.2884,22.19,18.17,0,2026-06-30
INDTERRAIN,50.94,1,0.0032,1,0.5008,8.1,30.1,1,2026-06-30
INDUSINDBK,52.73,1,-1.0802,1,0.6219,7.22,19.17,0,2026-06-30
INDUSTOWER,29.83,2,-2.8112,1,0.0526,11.72,21.82,0,2026-06-30
INFIBEAM,62.15,1,0.1972,2,1.0882,12.45,18.7,0,2026-06-30
INFOBEAN,44.91,1,-1.405,1,0.1896,16.32,25.35,1,2026-06-30
INFOMEDIA,47.57,1,-0.0107,0,0.4677,11.1,12.41,0,2026-06-30
INFRA,56.81,1,0.0081,1,0.6899,8.08,26.66,1,2026-06-30
INFRABEES,52.07,1,0.8585,1,0.6037,6.83,17.79,0,2026-06-30
INFRAIETF,51.09,1,0.0588,1,0.5774,6.89,12.27,0,2026-06-30
INFY,30.49,1,-11.5346,0,0.0715,25.67,22.49,0,2026-06-30
INGERRAND,56.69,1,21.671,1,0.68,31.32,32.59,1,2026-06-30
INNOVACAP,67.08,1,1.2628,2,0.8381,16.86,35.24,1,2026-06-30
INNOVANA,48.86,1,2.4443,2,0.7007,11.13,15.57,0,2026-06-30
INNOVISION,33.3,1,-0.0389,0,0.0369,6.71,17.33,0,2026-06-30
INOXGREEN,60.58,1,0.7877,1,0.6967,27.03,34.42,1,2026-06-30
INOXINDIA,62.91,1,0.4452,1,0.7394,38.25,46.56,1,2026-06-30
INOXWIND,49.77,1,0.4677,1,0.6809,14.69,12.59,0,2026-06-30
INSECTICID,34.19,1,-6.5487,1,0.0996,13.5,17.96,0,2026-06-30
INSPIRISYS,69.02,1,2.4849,1,0.8263,58.34,29.35,1,2026-06-30
INTELLECT,42.96,1,-4.0986,0,-0.0488,6.77,17.27,0,2026-06-30
INTENTECH,47.78,1,-0.1019,0,0.4837,16.5,21.27,0,2026-06-30
INTERARCH,59.72,1,18.1067,1,0.8061,18.4,16.41,0,2026-06-30
INTERNET,60.7,1,0.0367,1,0.7766,10.97,22.12,0,2026-06-30
INTLCONV,47.2,1,-0.1587,0,0.3152,7.9,25.45,1,2026-06-30
INVENTURE,40.17,1,-0.0014,0,0.1619,6.68,12.17,0,2026-06-30
INVPRECQ,79.55,0,23.0076,2,0.9958,51.38,38.42,1,2026-06-30
IOB,49.56,1,0.0213,1,0.543,11.51,23.23,0,2026-06-30
IOC,45.78,1,-0.1462,0,0.3893,10.4,17.64,0,2026-06-30
IOLCP,69.05,1,0.2961,2,1.1864,14.62,40.04,1,2026-06-30
IONEXCHANG,63.48,1,7.0241,1,0.9024,27.05,27.71,1,2026-06-30
IPCALAB,68.45,1,9.036,2,1.0453,11.38,22.34,0,2026-06-30
IPL,49.98,1,0.0134,1,0.5771,9.55,25.42,1,2026-06-30
IRB,52.11,1,0.0482,1,0.659,7.55,18.13,0,2026-06-30
IRCON,37.84,1,-0.2798,0,0.0834,8.16,15.13,0,2026-06-30
IRCTC,35.54,1,-0.9129,0,-0.0692,5.01,12.51,0,2026-06-30
IREDA,54.61,1,0.5717,2,0.7909,10.16,17.92,0,2026-06-30
IRFC,33.5,1,-0.6716,0,0.0516,12.65,20.06,0,2026-06-30
IRIS,57.2,1,2.6022,1,0.7195,26.49,23.15,0,2026-06-30
IRISDOREME,68.94,1,0.2636,2,0.9784,19.75,17.2,0,2026-06-30
IRMENERGY,45.23,1,0.0699,1,0.4219,13.88,19.16,0,2026-06-30
ISFT,44.27,1,-0.7901,1,0.1979,11.51,29.77,1,2026-06-30
ISGEC,42.62,1,5.28,1,0.5893,7.84,20.21,0,2026-06-30
ISHANCH,39.12,1,-0.1823,1,0.1914,10.06,21.12,0,2026-06-30
IT,33.57,1,-0.1704,0,0.0369,14.34,19.75,0,2026-06-30
ITADD,34.11,1,-0.1531,0,0.0535,14.47,17.59,0,2026-06-30
ITBEES,33.41,1,-0.1761,0,0.0397,14.67,15.76,0,2026-06-30
ITBETA,33.31,1,-1.658,0,0.0213,14.1,20.81,0,2026-06-30
ITC,42.86,1,0.9081,1,0.5358,6.81,17.16,0,2026-06-30
ITCHOTELS,72.34,0,2.2828,1,0.9122,27.18,33.62,1,2026-06-30
ITDC,48.97,1,-3.2229,0,0.3965,18.55,32.65,1,2026-06-30
ITDCEM,63.51,1,12.0665,2,0.9804,20.38,19.53,0,2026-06-30
ITETF,34.41,1,-0.153,0,0.0822,14.32,9.68,0,2026-06-30
ITETFADD,63.74,1,0.0027,1,0.7611,7.58,22.46,0,2026-06-30
ITI,47.07,1,-1.0395,0,0.3381,8.16,26.45,1,2026-06-30
ITIETF,33.28,1,-0.1759,0,0.0375,14.51,16.52,0,2026-06-30
IVALUE,56.82,1,2.1611,1,0.6795,28.7,32.63,1,2026-06-30
IVC,52.15,1,-0.0487,0,0.3702,8.23,37.55,1,2026-06-30
IVP,46.2,1,-0.7981,1,0.3193,14.58,21.27,0,2026-06-30
IVZINGOLD,6.47,2,196.6571,1,0.1226,13.57,86.44,1,2026-06-30
IVZINNIFTY,52.91,1,4.4151,1,0.6458,6.25,26.62,1,2026-06-30
IWP,40.54,1,-0.0839,0,0.0396,6.4,15.28,0,2026-06-30
IXIGO,65.83,1,1.866,1,0.8071,38.81,31.15,1,2026-06-30
IZMO,58.9,1,-7.7911,0,0.6377,27.45,33.41,1,2026-06-30
J&KBANK,53.75,1,-1.0761,0,0.4452,15.84,39.13,1,2026-06-30
JAGRAN,42.61,1,-0.0941,1,0.3965,28.97,21.19,0,2026-06-30
JAGSNPHARM,71.78,0,2.6046,2,1.0355,21.66,28.07,1,2026-06-30
JAIBALAJI,56.42,1,-0.7776,0,0.5575,23.14,38.22,1,2026-06-30
JAICORPLTD,46.36,1,-0.3068,0,0.42,13.54,14.96,0,2026-06-30
JAINREC,41.9,1,2.665,1,0.4096,21.14,20.3,0,2026-06-30
JAIPURKURT,34.44,1,-0.0675,0,0.1744,16.47,18.02,0,2026-06-30
JAMNAAUTO,58.41,1,0.6062,1,0.7216,19.11,19.25,0,2026-06-30
JARO,40.87,1,-9.4218,0,0.0492,19.96,23.55,0,2026-06-30
JASH,57.77,1,1.9098,1,0.6346,37.0,39.17,1,2026-06-30
JAYAGROGN,41.48,1,-2.5412,0,0.0668,15.06,16.15,0,2026-06-30
JAYBARMARU,70.9,0,0.0968,1,0.7809,46.22,53.83,1,2026-06-30
JAYKAY,49.11,1,-0.7175,0,0.4139,10.96,13.68,0,2026-06-30
JAYNECOIND,34.14,1,-0.4189,1,0.1737,18.72,31.03,1,2026-06-30
JAYSREETEA,48.86,1,0.1245,1,0.5118,12.33,18.51,0,2026-06-30
JBCHEPHARM,67.61,1,6.1944,2,0.9627,8.48,27.66,1,2026-06-30
JBMA,55.83,1,-1.5206,0,0.6205,13.39,20.63,0,2026-06-30
JCHAC,31.65,1,2.4297,1,0.2728,22.55,44.82,1,2026-06-30
JETFREIGHT,50.5,1,-0.1552,1,0.3821,11.1,28.04,1,2026-06-30
JGCHEM,51.96,1,-2.3373,1,0.3997,6.51,21.97,0,2026-06-30
JHS,35.87,1,-0.0667,0,0.0917,18.37,10.91,0,2026-06-30
JINDALPHOT,71.36,0,6.5286,2,1.0855,18.23,34.09,1,2026-06-30
JINDALPOLY,36.09,1,-6.7088,0,0.1331,21.52,19.04,0,2026-06-30
JINDALSAW,61.0,1,0.7616,1,0.744,19.08,23.23,0,2026-06-30
JINDALSTEL,26.05,2,-6.8068,1,0.0801,15.49,35.95,1,2026-06-30
JINDRILL,33.2,1,-7.5351,0,0.0344,17.31,24.46,0,2026-06-30
JINDWORLD,52.34,1,-0.1071,0,0.5198,15.93,34.26,1,2026-06-30
JIOFIN,46.76,1,-0.0494,0,0.4479,7.8,15.39,0,2026-06-30
JISLDVREQS,54.12,1,0.0506,1,0.7045,13.26,34.39,1,2026-06-30
JISLJALEQS,64.81,1,0.3896,1,0.8346,27.66,25.69,1,2026-06-30
JITFINFRA,50.61,1,1.0225,1,0.6546,13.06,15.23,0,2026-06-30
JKCEMENT,55.23,1,42.8971,1,0.7164,23.61,18.6,0,2026-06-30
JKIL,49.51,1,1.5699,1,0.5659,12.08,20.7,0,2026-06-30
JKIPL,88.58,0,5.7549,2,1.1651,105.38,43.03,1,2026-06-30
JKLAKSHMI,49.94,1,2.5983,2,0.7905,4.44,19.75,0,2026-06-30
JKPAPER,45.88,1,-0.2627,1,0.4681,6.89,20.88,0,2026-06-30
JKTYRE,51.2,1,1.3886,1,0.6164,15.16,17.35,0,2026-06-30
JLHL,77.13,0,6.3719,2,1.1854,8.61,18.43,0,2026-06-30
JMA,40.15,1,-0.7107,0,0.0741,10.28,22.76,0,2026-06-30
JMFINANCIL,43.77,1,0.4401,1,0.4355,11.74,12.68,0,2026-06-30
JNKINDIA,65.49,1,-1.7216,1,0.7469,34.49,34.49,1,2026-06-30
JOCIL,65.98,1,0.8212,1,0.8962,17.02,42.77,1,2026-06-30
JPOLYINVST,61.58,1,4.2441,2,0.794,15.07,28.51,1,2026-06-30
JPPOWER,41.38,1,-0.0708,1,0.162,10.2,9.4,0,2026-06-30
JSFB,51.44,1,-1.7207,1,0.4773,7.92,11.73,0,2026-06-30
JSL,45.85,1,1.5033,1,0.5175,9.09,29.24,1,2026-06-30
JSLL,47.64,1,2.8319,2,0.4396,20.54,10.12,0,2026-06-30
JSWCEMENT,62.59,1,0.4917,2,1.0146,8.19,23.09,0,2026-06-30
JSWDULUX,57.11,1,-4.6314,0,0.6559,7.2,46.54,1,2026-06-30
JSWENERGY,56.69,1,0.3109,2,0.7376,7.05,12.51,0,2026-06-30
JSWHL,40.34,1,-39.1312,0,0.1688,7.82,12.72,0,2026-06-30
JSWINFRA,65.64,1,3.071,1,0.8079,28.07,31.23,1,2026-06-30
JSWSTEEL,35.53,1,-7.8421,0,0.0673,8.51,15.66,0,2026-06-30
JTEKTINDIA,59.19,1,0.7975,1,0.7701,19.31,22.25,0,2026-06-30
JTLIND,61.07,1,0.3547,1,0.7955,22.58,21.09,0,2026-06-30
JUBLCPL,70.52,0,16.9974,1,0.9249,18.15,35.75,1,2026-06-30
JUBLFOOD,41.32,1,0.9892,1,0.2323,5.07,18.04,0,2026-06-30
JUBLINGREA,33.87,1,-0.577,0,0.0586,7.66,18.06,0,2026-06-30
JUBLPHARMA,49.98,1,-1.9685,1,0.5077,4.67,13.02,0,2026-06-30
JUNIORBEES,54.73,1,0.1474,1,0.6323,7.45,13.02,0,2026-06-30
JUNIPER,43.38,1,-0.2163,0,0.2226,7.44,10.49,0,2026-06-30
JUSTDIAL,43.14,1,-1.4639,0,0.2263,7.46,15.75,0,2026-06-30
JWL,43.09,1,-0.9705,1,0.1862,8.26,13.8,0,2026-06-30
JYOTHYLAB,27.65,2,0.2726,1,-0.1979,6.46,19.83,0,2026-06-30
JYOTICNC,65.79,1,14.3589,1,0.8497,36.89,37.3,1,2026-06-30
JYOTISTRUC,38.66,1,-0.0965,0,0.1141,17.42,10.44,0,2026-06-30
KABRAEXTRU,73.25,0,2.8796,2,1.2989,15.03,21.58,0,2026-06-30
KAJARIACER,71.86,0,9.5484,1,0.8764,17.62,35.16,1,2026-06-30
KAKATCEM,68.79,1,2.3804,1,0.7612,64.82,41.69,1,2026-06-30
KALAMANDIR,53.85,1,0.3077,1,0.7229,8.48,21.56,0,2026-06-30
KALPATARU,33.94,1,-2.0771,0,-0.0112,11.33,13.73,0,2026-06-30
KALYANIFRG,52.41,1,0.8947,2,0.7879,4.32,10.25,0,2026-06-30
KALYANKJIL,58.67,1,2.893,2,0.7924,18.0,16.45,0,2026-06-30
KAMAHOLD,46.68,1,-6.3069,0,0.3209,5.61,17.68,0,2026-06-30
KAMATHOTEL,59.19,1,1.4036,1,0.7805,17.26,18.06,0,2026-06-30
KAMDHENU,67.11,1,0.4486,1,0.827,36.4,28.18,1,2026-06-30
KAMOPAINTS,45.92,1,-0.04,0,0.2261,8.3,18.71,0,2026-06-30
KANANIIND,46.15,1,-0.0044,1,0.3269,6.68,19.09,0,2026-06-30
KANORICHEM,57.33,1,-0.5557,0,0.5579,28.05,56.32,1,2026-06-30
KANPRPLA,50.95,1,0.4561,2,0.6875,8.03,14.72,0,2026-06-30
KANSAINER,36.16,1,-1.291,0,-0.1077,6.62,19.09,0,2026-06-30
KAPSTON,68.77,1,0.6686,2,0.9974,13.43,22.09,0,2026-06-30
KARMAENG,43.95,1,0.2288,1,0.4287,11.05,18.78,0,2026-06-30
KARURVYSYA,54.31,1,0.9675,1,0.7276,10.04,9.27,0,2026-06-30
KAUSHALYA,57.43,1,3.7962,2,1.0334,6.4,22.43,0,2026-06-30
KAVDEFENCE,48.09,1,0.4749,1,0.581,15.86,17.71,0,2026-06-30
KAYA,49.11,1,0.0567,1,0.5263,14.6,14.82,0,2026-06-30
KAYNES,42.44,1,23.728,1,0.3742,11.57,16.88,0,2026-06-30
KCP,53.42,1,0.5817,1,0.6504,12.94,24.06,0,2026-06-30
KCPSUGIND,36.75,1,0.0192,2,0.271,12.87,19.59,0,2026-06-30
KDDL,65.79,1,15.1101,2,0.9486,18.84,46.84,1,2026-06-30
KEC,50.34,1,2.3713,1,0.6076,14.54,18.43,0,2026-06-30
KECL,79.45,0,4.7757,1,0.8862,80.93,45.78,1,2026-06-30
KEEPLEARN,38.45,1,-0.01,0,0.0985,11.98,21.73,0,2026-06-30
KEI,53.21,1,-21.5665,0,0.5561,12.13,13.65,0,2026-06-30
KELLTONTEC,44.79,1,-0.0287,0,0.3369,10.77,22.42,0,2026-06-30
KENNAMET,57.57,1,2.4941,1,0.7336,17.11,24.75,0,2026-06-30
KERNEX,74.72,0,-8.5245,1,0.9947,18.99,46.73,1,2026-06-30
KESORAMIND,63.82,1,0.1333,1,0.7621,38.84,47.28,1,2026-06-30
KEYFINSERV,42.7,1,-0.1568,1,0.339,7.52,14.0,0,2026-06-30
KFINTECH,52.81,1,2.6095,1,0.6326,13.79,18.46,0,2026-06-30
KHADIM,58.98,1,0.8844,2,0.9545,13.11,14.92,0,2026-06-30
KHAICHEM,49.32,1,0.5533,1,0.5323,43.03,32.5,1,2026-06-30
KHAITANLTD,70.08,0,2.7013,1,0.9177,48.05,38.83,1,2026-06-30
KHANDSE,41.54,1,-0.184,0,0.0805,13.35,18.39,0,2026-06-30
KICL,59.59,1,10.9749,1,0.7354,13.35,34.92,1,2026-06-30
KILITCH,62.54,1,-0.1301,1,0.9194,14.61,32.45,1,2026-06-30
KIMS,62.32,1,0.1086,2,0.8575,10.56,37.78,1,2026-06-30
KINGFA,51.85,1,-16.5898,1,0.5204,8.71,18.82,0,2026-06-30
KIOCL,45.34,1,-1.9894,0,0.2404,8.83,22.4,0,2026-06-30
KIRIINDUS,41.05,1,-1.2392,0,0.0171,6.23,17.72,0,2026-06-30
KIRLFER,54.24,1,3.1353,1,0.6266,24.98,32.03,1,2026-06-30
KIRLOSBROS,70.83,0,21.7962,1,0.8653,34.14,38.06,1,2026-06-30
KIRLOSENG,67.74,1,42.0899,1,0.7812,50.66,44.22,1,2026-06-30
KIRLOSIND,62.03,1,55.2258,1,0.7387,48.38,41.45,1,2026-06-30
KIRLPNU,66.33,1,14.152,1,0.7985,38.85,36.31,1,2026-06-30
KITEX,51.16,1,0.8037,1,0.589,19.19,18.43,0,2026-06-30
KKCL,66.32,1,4.3204,1,0.7519,26.01,35.5,1,2026-06-30
KLBRENG-B,53.93,1,2.3101,2,0.7263,8.92,14.32,0,2026-06-30
KMEW,63.54,1,29.3126,1,0.8447,36.27,21.37,0,2026-06-30
KMSUGAR,36.49,1,-0.0497,0,0.0454,6.02,14.66,0,2026-06-30
KNAGRI,64.02,1,0.8336,1,0.7781,17.17,25.38,1,2026-06-30
KNRCON,51.74,1,0.2011,1,0.5664,17.66,12.95,0,2026-06-30
KOHINOOR,51.11,1,0.0385,1,0.5755,13.63,13.21,0,2026-06-30
KOKUYOCMLN,51.68,1,0.3995,1,0.6562,12.93,28.89,1,2026-06-30
KOLTEPATIL,46.73,1,-0.1186,0,0.4679,9.72,18.87,0,2026-06-30
KOPRAN,77.45,0,3.5479,2,1.0831,36.33,41.38,1,2026-06-30
KOTAKBANK,48.38,1,-0.6839,0,0.4496,11.16,22.43,0,2026-06-30
KOTARISUG,40.79,1,-0.0731,0,0.2745,9.91,12.14,0,2026-06-30
KOTHARIPET,51.15,1,0.7646,1,0.7527,10.08,28.9,1,2026-06-30
KOTHARIPRO,50.31,1,0.0223,2,0.6075,6.1,16.08,0,2026-06-30
KOTIC,39.28,1,0.3862,1,0.1944,12.52,17.6,0,2026-06-30
KOTYARK,67.1,1,0.288,2,1.2079,13.57,16.99,0,2026-06-30
KOVAI,63.07,1,24.8784,1,0.7347,16.72,47.92,1,2026-06-30
KPEL,44.24,1,-0.69,0,0.278,7.89,13.43,0,2026-06-30
KPIGREEN,41.9,1,0.4565,1,0.3771,9.14,11.78,0,2026-06-30
KPIL,56.55,1,-0.0005,0,0.6464,16.8,36.9,1,2026-06-30
KPITTECH,29.08,2,-7.9962,0,-0.237,14.16,21.53,0,2026-06-30
KPL,72.29,0,11.0997,2,1.2466,20.55,51.48,1,2026-06-30
KPRMILL,62.03,1,4.4202,1,0.8099,22.53,44.22,1,2026-06-30
KRBL,53.71,1,0.6756,1,0.6065,18.95,21.52,0,2026-06-30
KREBSBIO,41.97,1,-0.9149,0,-0.151,11.4,23.75,0,2026-06-30
KRIDHANINF,56.41,1,-0.0211,1,0.5599,14.71,14.81,0,2026-06-30
KRISHANA,52.43,1,0.081,1,0.5774,10.09,30.29,1,2026-06-30
KRISHIVAL,62.46,1,-2.2821,0,0.3186,2.39,65.55,1,2026-06-30
KRISHNADEF,48.21,1,-7.8775,0,0.3843,22.68,29.4,1,2026-06-30
KRITI,60.75,1,0.7414,1,0.8786,16.78,36.67,1,2026-06-30
KRITIKA,32.75,1,-0.0243,0,-0.0736,6.65,20.75,0,2026-06-30
KRITINUT,82.68,0,4.0943,2,1.0033,78.72,37.61,1,2026-06-30
KRN,42.49,1,-31.5525,0,-0.088,20.54,31.14,1,2026-06-30
KRONOX,58.31,1,0.436,1,0.6859,25.75,27.41,1,2026-06-30
KROSS,44.95,1,0.2579,1,0.3644,10.66,12.2,0,2026-06-30
KRSNAA,49.2,1,2.4277,2,0.7842,3.81,26.13,1,2026-06-30
KRYSTAL,58.54,1,1.5463,1,0.7223,8.14,49.61,1,2026-06-30
KSB,73.91,0,13.1505,1,0.8768,29.06,35.77,1,2026-06-30
KSCL,48.56,1,5.5374,1,0.5853,13.11,26.59,1,2026-06-30
KSHINTL,61.27,1,-7.276,1,0.6835,14.54,32.63,1,2026-06-30
KSHITIJPOL,60.34,1,0.0294,2,0.76,58.83,35.51,1,2026-06-30
KSL,67.48,1,4.8645,2,1.1334,11.35,12.91,0,2026-06-30
KSOLVES,49.04,1,-0.0679,0,0.5098,9.92,20.98,0,2026-06-30
KTKBANK,55.95,1,-0.8901,1,0.6699,8.84,19.34,0,2026-06-30
KUANTUM,46.84,1,0.1868,1,0.4698,6.46,8.13,0,2026-06-30
KWIL,59.79,1,-0.3495,0,0.5268,24.29,45.63,1,2026-06-30
LAGNAM,48.84,1,-0.275,1,0.395,6.54,14.25,0,2026-06-30
LAHOTIOV,47.59,1,0.0436,1,0.3869,11.7,12.72,0,2026-06-30
LAL,65.16,1,0.1521,1,0.8075,33.58,22.34,0,2026-06-30
LALPATHLAB,55.51,1,0.6417,1,0.6653,11.56,27.85,1,2026-06-30
LAMBODHARA,53.81,1,0.4373,1,0.6341,16.35,24.14,0,2026-06-30
LANCORHOL,47.49,1,-0.0046,0,0.435,8.99,10.69,0,2026-06-30
LANDMARK,58.72,1,0.3972,1,0.6814,17.24,43.97,1,2026-06-30
LANDSMILL,39.69,1,0.0014,1,0.1231,7.67,12.92,0,2026-06-30
LAOPALA,52.92,1,0.0972,1,0.6513,8.32,24.14,0,2026-06-30
LASA,49.78,1,-0.0043,1,0.5273,10.94,20.75,0,2026-06-30
LATENTVIEW,33.67,1,-2.9636,0,-0.122,15.65,13.27,0,2026-06-30
LATTEYS,69.52,1,0.4979,1,0.9056,34.24,24.83,0,2026-06-30
LAURUSLABS,72.37,0,4.6927,2,1.0736,11.91,39.4,1,2026-06-30
LAXMICOT,44.9,1,0.0359,1,0.2557,10.38,15.73,0,2026-06-30
LAXMIDENTL,52.29,1,-0.8944,1,0.4703,8.52,30.86,1,2026-06-30
LAXMIINDIA,72.22,0,1.3668,2,1.1082,26.7,37.28,1,2026-06-30
LCCINFOTEC,48.15,1,-0.0065,0,0.4094,27.98,11.82,0,2026-06-30
LEMERITE,18.41,2,1.6367,1,0.1493,41.69,59.45,1,2026-06-30
LEMONTREE,56.01,1,0.9997,1,0.7526,16.61,17.59,0,2026-06-30
LENSKART,55.05,1,0.6812,2,0.7319,5.72,16.87,0,2026-06-30
LEXUS,34.07,1,0.183,2,0.1385,30.44,34.91,1,2026-06-30
LFIC,48.11,1,-0.4626,0,0.3796,9.88,37.15,1,2026-06-30
LGBBROSLTD,57.16,1,14.2839,1,0.8529,10.5,17.67,0,2026-06-30
LGEINDIA,49.07,1,-0.7846,0,0.483,9.74,14.61,0,2026-06-30
LGHL,43.24,1,0.1152,2,0.3763,8.35,11.46,0,2026-06-30
LIBAS,31.82,1,-0.0723,0,-0.0188,10.7,20.75,0,2026-06-30
LIBERTSHOE,64.64,1,3.314,1,0.9054,20.37,24.46,0,2026-06-30
LICHSGFIN,58.63,1,1.4953,2,1.0012,5.56,18.83,0,2026-06-30
LICI,59.61,1,1.6852,1,0.7428,16.5,26.52,1,2026-06-30
LICMFGOLD,17.84,2,11.0389,1,0.1112,13.29,64.33,1,2026-06-30
LICNETFGSC,71.97,0,0.0285,2,0.9729,2.54,14.72,0,2026-06-30
LICNETFN50,52.56,1,0.4325,1,0.6411,5.93,17.08,0,2026-06-30
LICNETFSEN,57.2,1,2.7034,1,0.7394,6.83,21.48,0,2026-06-30
LICNFNHGP,55.22,1,0.4738,1,0.7053,6.22,15.25,0,2026-06-30
LICNMID100,52.41,1,-0.0372,0,0.5761,5.78,18.12,0,2026-06-30
LIKHITHA,69.44,1,8.9055,1,0.9037,77.42,40.49,1,2026-06-30
LINC,60.3,1,1.4797,1,0.7857,25.86,33.9,1,2026-06-30
LINCOLN,46.73,1,0.2741,2,0.5219,10.42,15.03,0,2026-06-30
LINDEINDIA,55.65,1,36.1336,2,0.8007,11.54,16.98,0,2026-06-30
LIQGRWBEES,100.0,0,0.0311,2,0.9274,0.44,70.28,1,2026-06-30
LIQUID,48.15,1,0.0,1,,,85.06,1,2026-06-30
LIQUID1,100.0,0,0.0354,1,0.925,0.47,61.18,1,2026-06-30
LIQUIDADD,100.0,0,0.0337,2,0.9258,0.46,93.83,1,2026-06-30
LIQUIDBEES,53.34,1,0.0005,2,0.7261,0.0,90.29,1,2026-06-30
LIQUIDBETF,100.0,0,0.0325,2,0.9264,0.45,37.0,1,2026-06-30
LIQUIDCASE,100.0,0,0.0032,1,0.907,0.46,99.94,1,2026-06-30
LIQUIDETF,55.14,1,0.0005,2,0.75,0.0,57.42,1,2026-06-30
LIQUIDIETF,51.77,1,0.0004,1,0.5574,0.0,67.61,1,2026-06-30
LIQUIDPLUS,100.0,0,0.0366,2,0.9291,0.46,49.96,1,2026-06-30
LIQUIDSBI,56.88,1,0.0017,2,0.8262,0.0,96.54,1,2026-06-30
LIQUIDSHRI,99.99,0,0.0329,2,0.9272,0.44,94.98,1,2026-06-30
LLOYDSENGG,63.85,1,0.4077,1,0.7522,40.86,38.04,1,2026-06-30
LLOYDSENT,54.64,1,0.1816,1,0.6405,26.18,21.0,0,2026-06-30
LLOYDSME,58.34,1,0.9814,2,0.8435,8.84,18.08,0,2026-06-30
LMW,49.15,1,-82.826,0,0.323,9.14,34.32,1,2026-06-30
LODHA,60.46,1,4.1967,2,0.9253,11.96,20.52,0,2026-06-30
LOKESHMACH,67.23,1,3.6183,1,0.7641,49.01,37.41,1,2026-06-30
LORDSCHLO,47.75,1,0.4103,1,0.6131,7.8,11.51,0,2026-06-30
LOTUSDEV,59.47,1,1.2775,1,0.8181,16.49,16.75,0,2026-06-30
LOTUSEYE,43.28,1,-1.7482,0,0.2748,29.75,29.22,1,2026-06-30
LOVABLE,70.17,0,0.7235,2,1.1993,14.65,24.61,0,2026-06-30
LOWVOL,53.25,1,0.3132,1,0.6685,4.87,15.44,0,2026-06-30
LOWVOL1,51.65,1,0.0091,1,0.6092,6.26,18.95,0,2026-06-30
LOWVOLIETF,55.05,1,0.0258,1,0.6916,4.88,23.0,0,2026-06-30
LOYALTEX,58.98,1,8.8709,1,0.7345,67.21,28.6,1,2026-06-30
LPDC,42.23,1,-0.0441,0,0.0928,9.51,8.26,0,2026-06-30
LT,56.22,1,4.8841,1,0.6316,12.71,22.82,0,2026-06-30
LTF,69.38,1,3.1484,2,0.977,21.79,21.11,0,2026-06-30
LTFOODS,36.9,1,0.1541,1,-0.0275,6.71,19.73,0,2026-06-30
LTGILTBEES,78.37,0,0.0297,2,1.0198,2.61,32.23,1,2026-06-30
LTGILTCASE,82.25,0,0.0355,2,1.0699,2.42,44.76,1,2026-06-30
LTIM,18.91,2,-75.608,1,0.0944,36.38,39.94,1,2026-06-30
LTM,29.03,2,-26.332,0,-0.0612,16.95,17.32,0,2026-06-30
LTTS,35.45,1,-17.0614,0,0.0467,12.2,20.06,0,2026-06-30
LUMAXIND,48.31,1,-6.1066,1,0.4951,6.69,8.97,0,2026-06-30
LUMAXTECH,41.21,1,-14.4473,1,0.1531,16.92,15.65,0,2026-06-30
LUPIN,68.48,1,14.6,2,1.0344,9.26,19.16,0,2026-06-30
LUXIND,38.38,1,-4.1447,1,0.2516,18.73,23.73,0,2026-06-30
LXCHEM,50.78,1,-0.1935,0,0.4715,11.6,21.12,0,2026-06-30
LYKALABS,66.96,1,0.1743,2,0.8333,27.32,27.7,1,2026-06-30
LYPSAGEMS,34.3,1,-0.0134,0,-0.2254,6.39,16.79,0,2026-06-30
M&M,48.63,1,6.9691,1,0.5467,8.12,13.48,0,2026-06-30
M&MFIN,58.74,1,3.9774,1,0.8898,17.5,17.44,0,2026-06-30
MAANALU,35.85,1,0.1032,1,0.0019,8.27,13.13,0,2026-06-30
MACPOWER,73.87,0,36.3978,2,1.0732,45.69,28.3,1,2026-06-30
MADHAV,47.04,1,-0.1514,0,0.289,8.69,16.88,0,2026-06-30
MADHAVIPL,46.06,1,-0.0115,0,0.3621,11.3,21.07,0,2026-06-30
MADHUCON,61.98,1,0.0738,1,0.8741,29.19,33.83,1,2026-06-30
MADRASFERT,44.96,1,-0.3472,0,0.2531,10.49,24.13,0,2026-06-30
MAFANG,39.92,1,-1.7142,0,0.1245,15.83,19.29,0,2026-06-30
MAFATIND,60.01,1,1.8974,1,0.8282,21.87,28.9,1,2026-06-30
MAGADSUGAR,50.12,1,1.9766,2,0.9327,4.03,11.18,0,2026-06-30
MAGNUM,41.34,1,-0.045,0,-0.0508,4.68,22.01,0,2026-06-30
MAHABANK,64.77,1,0.3049,1,0.7912,21.12,26.81,1,2026-06-30
MAHAPEXLTD,38.02,1,0.0511,1,-0.0285,5.93,13.63,0,2026-06-30
MAHASTEEL,57.18,1,-27.1023,0,0.4448,60.22,57.14,1,2026-06-30
MAHEPC,59.14,1,0.986,1,0.8189,17.16,23.96,0,2026-06-30
MAHESHWARI,87.87,0,1.3276,2,1.1272,35.08,54.63,1,2026-06-30
MAHKTECH,29.57,2,-0.1845,0,0.0805,17.75,26.98,1,2026-06-30
MAHLIFE,70.05,0,2.8631,1,0.8881,16.46,20.57,0,2026-06-30
MAHLOG,58.14,1,4.4187,1,0.8431,16.45,26.62,1,2026-06-30
MAHSCOOTER,51.04,1,-1.3989,1,0.5656,5.61,12.87,0,2026-06-30
MAHSEAMLES,38.77,1,-0.8653,0,0.1248,9.81,15.5,0,2026-06-30
MAITHANALL,50.65,1,-6.1916,1,0.4689,18.58,18.62,0,2026-06-30
MAJESAUT,57.11,1,-0.7854,0,0.5899,4.53,17.53,0,2026-06-30
MAKEINDIA,52.31,1,-0.0595,0,0.5966,5.05,20.58,0,2026-06-30
MALLCOM,50.1,1,-0.0463,0,0.5624,18.65,22.06,0,2026-06-30
MALUPAPER,45.09,1,-0.0739,1,0.333,7.66,9.63,0,2026-06-30
MAMATA,65.26,1,6.8679,2,0.9666,21.4,25.4,1,2026-06-30
MANAKALUCO,43.18,1,-0.4781,0,0.2118,24.25,19.64,0,2026-06-30
MANAKCOAT,58.36,1,0.0306,2,0.8267,14.04,18.85,0,2026-06-30
MANAKSIA,45.73,1,-0.0536,0,0.3422,5.9,10.41,0,2026-06-30
MANAKSTEEL,65.58,1,2.6437,1,0.8236,76.67,37.55,1,2026-06-30
MANALIPETC,53.65,1,-0.4753,0,0.4862,15.03,30.86,1,2026-06-30
MANAPPURAM,57.79,1,0.3868,2,0.7898,12.71,13.45,0,2026-06-30
MANBA,75.54,0,0.8169,2,0.9231,24.1,35.65,1,2026-06-30
MANCREDIT,79.11,0,1.5202,2,1.0424,21.52,50.86,1,2026-06-30
MANGALAM,42.48,1,-0.0198,0,0.2488,11.99,26.05,1,2026-06-30
MANGCHEFER,39.94,1,-1.0459,1,0.1611,9.79,19.84,0,2026-06-30
MANGLMCEM,65.36,1,9.1627,1,0.9257,13.85,29.97,1,2026-06-30
MANINDS,57.34,1,1.153,1,0.6908,27.14,33.44,1,2026-06-30
MANINFRA,38.46,1,-0.5927,1,0.199,16.68,13.29,0,2026-06-30
MANKIND,65.0,1,11.685,2,0.9846,11.61,25.69,1,2026-06-30
MANOMAY,46.69,1,0.3192,1,0.457,15.4,12.25,0,2026-06-30
MANORAMA,69.84,1,8.0045,2,1.1494,12.17,22.48,0,2026-06-30
MANORG,59.88,1,0.6218,1,0.6389,50.18,57.11,1,2026-06-30
MANUFGBEES,52.22,1,-0.0472,0,0.5917,4.83,28.91,1,2026-06-30
MANUGRAPH,56.78,1,0.0843,1,0.68,28.0,32.33,1,2026-06-30
MANYAVAR,46.85,1,0.9571,1,0.5348,6.61,15.19,0,2026-06-30
MAPMYINDIA,35.6,1,-2.9051,0,0.0679,12.21,18.4,0,2026-06-30
MARALOVER,68.98,1,1.341,1,0.9087,45.06,29.41,1,2026-06-30
MARATHON,37.55,1,1.8956,2,0.3456,9.21,29.22,1,2026-06-30
MARICO,60.58,1,2.0843,2,1.0516,4.3,22.97,0,2026-06-30
MARINE,66.99,1,1.765,2,0.9631,22.35,34.7,1,2026-06-30
MARKOLINES,71.88,0,0.9657,2,1.1014,11.52,28.8,1,2026-06-30
MARKSANS,67.83,1,-0.1581,1,1.0016,16.29,39.03,1,2026-06-30
MARSONS,36.67,1,0.3296,2,0.2842,25.74,26.99,1,2026-06-30
MARUTI,63.8,1,51.3853,2,1.1067,9.35,15.69,0,2026-06-30
MASFIN,48.16,1,0.7004,1,0.5443,9.65,12.75,0,2026-06-30
MASKINVEST,58.63,1,3.4573,1,0.7806,46.99,32.09,1,2026-06-30
MASPTOP50,32.22,1,-0.4988,0,0.0821,10.49,26.75,1,2026-06-30
MASTEK,46.99,1,-4.141,1,0.3599,10.43,15.67,0,2026-06-30
MASTERTR,40.76,1,-0.3521,0,0.2473,18.92,35.15,1,2026-06-30
MATRIMONY,41.82,1,1.3236,1,0.4017,8.94,17.44,0,2026-06-30
MAWANASUG,65.82,1,0.6752,1,0.814,25.22,46.55,1,2026-06-30
MAXESTATES,45.78,1,-3.913,0,0.1343,9.01,16.12,0,2026-06-30
MAXHEALTH,68.76,1,11.8147,1,0.8792,22.33,30.27,1,2026-06-30
MAXIND,46.34,1,-0.3408,0,0.3244,9.79,28.28,1,2026-06-30
MAYURUNIQ,70.26,0,-2.9818,1,0.9608,18.95,49.42,1,2026-06-30
MAZDA,54.11,1,-0.8353,0,0.5332,10.88,33.18,1,2026-06-30
MAZDOCK,52.42,1,4.823,2,0.6715,8.98,12.57,0,2026-06-30
MBAPL,54.16,1,-0.0622,0,0.5941,6.74,22.22,0,2026-06-30
MBEL,56.79,1,2.0243,1,0.7505,19.4,22.51,0,2026-06-30
MBLINFRA,48.26,1,-0.0142,0,0.3827,27.44,30.29,1,2026-06-30
MCCHRLS-B,55.71,1,0.9812,2,0.843,5.17,40.67,1,2026-06-30
MCL,42.57,1,-0.723,0,-0.0103,11.74,18.2,0,2026-06-30
MCLEODRUSS,78.44,0,2.0089,2,1.0368,67.46,31.79,1,2026-06-30
MCLOUD,62.02,1,0.2816,2,0.8798,36.88,29.84,1,2026-06-30
MCX,44.96,1,7.262,1,0.4801,5.81,22.51,0,2026-06-30
MEDANTA,67.9,1,5.2036,1,0.8882,12.19,35.23,1,2026-06-30
MEDIASSIST,50.39,1,0.2134,1,0.5779,9.47,12.16,0,2026-06-30
MEDICAMEQ,53.73,1,2.6166,2,0.7359,23.86,24.12,0,2026-06-30
MEDICO,25.61,2,-0.5111,0,-0.0079,19.71,28.44,1,2026-06-30
MEDPLUS,34.89,1,-5.2869,0,0.044,11.35,14.43,0,2026-06-30
MEESHO,63.28,1,3.1603,2,0.9732,22.01,23.56,0,2026-06-30
MEGASTAR,71.4,0,4.142,2,1.0045,24.47,26.58,1,2026-06-30
MEIL,73.75,0,8.4862,1,0.9097,51.87,34.11,1,2026-06-30
MENNPIS,64.11,1,1.3001,2,0.9165,39.26,27.81,1,2026-06-30
MENONBE,53.21,1,-0.7591,0,0.5305,34.3,54.69,1,2026-06-30
MERCANTILE,42.11,1,-0.257,0,0.0245,14.63,17.75,0,2026-06-30
METAL,38.38,1,-0.0664,1,0.1699,9.71,19.51,0,2026-06-30
METALIETF,37.64,1,-0.0713,1,0.1496,9.97,21.48,0,2026-06-30
METROBRAND,42.56,1,0.6807,1,0.3282,7.75,19.22,0,2026-06-30
METROGLOBL,48.46,1,0.0583,1,0.4339,6.61,11.28,0,2026-06-30
METROPOLIS,52.67,1,-1.4594,1,0.5859,6.76,22.71,0,2026-06-30
MFML,33.55,1,-0.1105,0,-0.2016,12.65,14.32,0,2026-06-30
MFSL,42.82,1,-3.2256,0,0.3051,10.17,14.27,0,2026-06-30
MGEL,67.29,1,0.1678,1,0.8916,24.34,34.1,1,2026-06-30
MGL,55.52,1,0.5291,1,0.6372,21.57,24.2,0,2026-06-30
MHLXMIRU,26.84,2,-6.0178,1,0.0093,51.73,29.12,1,2026-06-30
MHRIL,56.07,1,1.5516,1,0.6898,17.65,29.65,1,2026-06-30
MICEL,38.24,1,-0.2895,0,0.0338,10.68,14.13,0,2026-06-30
MID150,56.06,1,0.0114,1,0.6994,6.59,12.68,0,2026-06-30
MID150BEES,55.74,1,0.0817,1,0.6768,6.59,14.21,0,2026-06-30
MID150CASE,56.76,1,0.0049,1,0.7004,6.52,36.68,1,2026-06-30
MIDCAP,49.07,1,0.094,1,0.7235,6.06,33.08,1,2026-06-30
MIDCAPADD,57.09,1,0.0151,1,0.71,6.49,13.66,0,2026-06-30
MIDCAPBETA,55.49,1,0.1261,1,0.6678,6.86,17.59,0,2026-06-30
MIDCAPETF,56.12,1,0.0102,1,0.6904,6.67,16.73,0,2026-06-30
MIDCAPIETF,54.83,1,0.0041,1,0.6453,6.59,10.47,0,2026-06-30
MIDHANI,47.98,1,-4.1534,0,0.23,10.85,28.38,1,2026-06-30
MIDQ50ADD,50.91,1,-0.2413,0,0.509,6.12,23.71,0,2026-06-30
MIDSELIETF,58.78,1,0.0116,1,0.7065,8.9,14.36,0,2026-06-30
MIDSMALL,50.85,1,-0.0498,0,0.5392,6.55,15.1,0,2026-06-30
MIDWESTLTD,45.35,1,-0.224,0,0.3652,8.29,13.27,0,2026-06-30
MINDACORP,76.75,0,0.1093,2,1.1571,10.39,39.11,1,2026-06-30
MINDTECK,43.95,1,-1.0187,0,0.1302,7.54,16.33,0,2026-06-30
MIRCELECTR,59.49,1,0.4035,1,0.6648,54.77,51.32,1,2026-06-30
MIRZAINT,66.99,1,0.5269,1,0.9249,25.73,23.83,0,2026-06-30
MITCON,72.18,0,0.5878,2,0.9458,17.97,30.07,1,2026-06-30
MITTAL,48.46,1,-0.0075,1,0.3142,8.91,10.99,0,2026-06-30
MKPL,35.28,1,-0.0097,0,0.0416,7.62,37.79,1,2026-06-30
MMFL,48.83,1,-0.0517,0,0.5016,9.55,10.52,0,2026-06-30
MMP,54.71,1,1.0482,2,0.8118,12.76,26.4,1,2026-06-30
MMTC,48.16,1,-0.5852,0,0.412,23.59,28.42,1,2026-06-30
MNC,56.37,1,0.0292,1,0.742,6.55,18.6,0,2026-06-30
MOALPHA50,57.68,1,0.037,1,0.7101,8.23,21.21,0,2026-06-30
MOBANK10,62.37,1,0.0532,1,0.7161,11.88,36.19,1,2026-06-30
MOBIKWIK,54.21,1,0.7218,1,0.7916,6.57,21.89,0,2026-06-30
MOCAPITAL,50.95,1,-0.0334,0,0.5765,9.1,21.19,0,2026-06-30
MODEFENCE,59.6,1,0.1435,1,0.7635,11.51,16.84,0,2026-06-30
MODINATUR,66.29,1,6.768,1,0.9129,37.36,36.38,1,2026-06-30
MODIRUBBER,51.51,1,0.5174,1,0.7381,6.84,28.03,1,2026-06-30
MODIS,40.01,1,-0.8328,0,0.1174,5.36,15.45,0,2026-06-30
MODISONLTD,90.83,0,12.2402,2,1.0588,89.74,56.73,1,2026-06-30
MODTHREAD,66.93,1,0.4884,2,1.1087,15.44,14.85,0,2026-06-30
MOENERGY,47.56,1,-0.0331,0,0.4186,6.25,20.09,0,2026-06-30
MOGOLD,33.21,1,-0.9189,1,0.1148,12.94,23.68,0,2026-06-30
MOGSEC,63.38,1,0.0455,1,0.8277,2.85,44.2,1,2026-06-30
MOHEALTH,73.05,0,0.1486,2,1.0754,6.92,17.5,0,2026-06-30
MOHITIND,48.6,1,0.1542,1,0.5256,22.16,18.63,0,2026-06-30
MOIL,32.25,1,-1.1343,0,0.0625,9.39,14.32,0,2026-06-30
MOINFRA,49.99,1,0.0591,1,0.5873,5.87,14.82,0,2026-06-30
MOIPO,60.04,1,0.1198,1,0.7683,10.1,23.67,0,2026-06-30
MOKSH,53.3,1,0.0577,1,0.7494,9.81,13.41,0,2026-06-30
MOL,46.57,1,0.031,1,0.4559,12.03,15.79,0,2026-06-30
MOLDTECH,61.22,1,0.9581,1,0.7847,21.67,25.41,1,2026-06-30
MOLDTKPAC,62.22,1,-0.8084,1,0.9505,7.96,26.45,1,2026-06-30
MOLOWVOL,52.53,1,0.0929,1,0.6703,6.31,14.8,0,2026-06-30
MOM100,54.43,1,-0.0195,0,0.638,6.2,24.71,0,2026-06-30
MOM30IETF,53.29,1,0.0506,1,0.6269,8.51,20.17,0,2026-06-30
MOM50,54.23,1,0.2927,1,0.658,5.22,21.5,0,2026-06-30
MOMENTUM,52.25,1,0.041,1,0.6091,8.38,10.38,0,2026-06-30
MOMENTUM30,48.39,1,0.0056,1,0.4847,7.93,12.01,0,2026-06-30
MOMENTUM50,54.27,1,0.0715,1,0.6442,8.33,22.24,0,2026-06-30
MOMGF,48.56,1,-0.0523,0,0.4762,4.98,15.14,0,2026-06-30
MOMIDMTM,49.45,1,-0.0534,0,0.4923,8.66,25.34,1,2026-06-30
MOMNC,58.2,1,0.0163,2,0.7601,6.4,15.08,0,2026-06-30
MOMOMENTUM,52.76,1,0.0962,1,0.6155,8.26,15.97,0,2026-06-30
MON100,49.09,1,-1.7199,0,0.3171,8.19,20.14,0,2026-06-30
MON50EQUAL,52.66,1,0.0175,1,0.6764,4.54,20.12,0,2026-06-30
MONARCH,50.86,1,-2.1375,0,0.3119,7.05,29.75,1,2026-06-30
MONEXT50,54.08,1,0.0094,1,0.6237,7.52,17.44,0,2026-06-30
MONEYBOXX,39.84,1,-0.4124,1,0.1591,11.69,30.52,1,2026-06-30
MONIFTY100,50.97,1,0.0289,1,0.6081,5.93,27.75,1,2026-06-30
MONIFTY500,57.57,1,0.0308,1,0.7028,6.39,35.73,1,2026-06-30
MONQ50,57.88,1,-0.4762,0,0.581,6.8,35.67,1,2026-06-30
MONTECARLO,50.07,1,1.2551,1,0.5982,8.36,14.99,0,2026-06-30
MOPSE,43.21,1,0.0801,1,0.4255,4.43,18.88,0,2026-06-30
MOQUALITY,45.62,1,-0.2597,0,0.3845,4.89,15.48,0,2026-06-30
MOREALTY,62.88,1,0.3929,1,0.827,14.65,23.09,0,2026-06-30
MOREPENLAB,76.04,0,0.6194,2,1.0978,31.23,34.9,1,2026-06-30
MOSCHIP,47.53,1,-1.3653,1,0.2855,11.1,17.96,0,2026-06-30
MOSERVICE,56.95,1,0.0672,1,0.7535,7.56,47.35,1,2026-06-30
MOSILVER,36.27,1,-2.2888,1,0.1989,22.16,24.89,0,2026-06-30
MOSMALL250,63.26,1,0.0227,1,0.7909,8.85,31.73,1,2026-06-30
MOTHERSON,58.94,1,-0.1366,0,0.7505,8.1,37.45,1,2026-06-30
MOTILALOFS,64.9,1,1.8984,1,0.751,20.9,32.56,1,2026-06-30
MOTISONS,57.55,1,0.0252,1,0.6296,37.85,35.51,1,2026-06-30
MOTOGENFIN,53.65,1,0.0188,1,0.6068,25.87,21.41,0,2026-06-30
MOTOUR,68.4,1,0.4394,1,0.8424,15.86,30.69,1,2026-06-30
MOVALUE,42.3,1,-0.2745,0,0.1274,4.25,13.94,0,2026-06-30
MPHASIS,36.22,1,-16.4265,0,-0.1479,8.79,17.58,0,2026-06-30
MPSLTD,63.41,1,3.3257,2,1.0668,6.73,38.28,1,2026-06-30
MRF,50.39,1,148.306,1,0.5927,9.64,24.12,0,2026-06-30
MRPL,41.7,1,-0.8191,0,0.1629,14.1,12.77,0,2026-06-30
MSCIADD,53.86,1,0.0417,1,0.6693,6.19,15.01,0,2026-06-30
MSCIINDIA,52.95,1,0.034,1,0.6444,5.99,20.96,0,2026-06-30
MSPL,45.65,1,-0.2694,0,0.3,12.07,20.1,0,2026-06-30
MSTCLTD,72.39,0,3.2071,1,0.7939,57.55,50.82,1,2026-06-30
MSUMI,57.5,1,0.3887,2,0.9441,11.58,24.14,0,2026-06-30
MTARTECH,53.95,1,5.5908,1,0.5809,27.69,31.15,1,2026-06-30
MTNL,42.82,1,-0.1868,0,0.2172,12.58,15.14,0,2026-06-30
MUFIN,67.21,1,0.3665,2,0.9829,14.28,19.66,0,2026-06-30
MUFTI,45.8,1,-0.6561,0,0.0745,8.79,23.6,0,2026-06-30
MUKANDLTD,41.41,1,-0.4626,0,0.1498,7.76,16.27,0,2026-06-30
MUKKA,51.6,1,0.0454,1,0.5817,23.61,27.8,1,2026-06-30
MUKTAARTS,49.78,1,-0.2845,0,0.267,13.94,29.54,1,2026-06-30
MULTICAP,55.73,1,0.0156,1,0.6721,6.98,42.08,1,2026-06-30
MUNJALAU,48.13,1,-0.8732,0,0.3575,15.58,32.91,1,2026-06-30
MUNJALSHOW,44.78,1,-0.094,1,0.3825,2.68,13.14,0,2026-06-30
MURUDCERA,48.51,1,0.0375,1,0.5616,9.08,19.99,0,2026-06-30
MUTHOOTCAP,51.9,1,0.4745,1,0.6691,8.78,13.41,0,2026-06-30
MUTHOOTFIN,38.59,1,0.1326,1,0.2675,13.75,21.96,0,2026-06-30
MUTHOOTMF,66.64,1,1.7577,2,0.8718,25.98,28.84,1,2026-06-30
MVGJL,41.47,1,0.0048,2,0.309,10.35,20.81,0,2026-06-30
MWL,57.89,1,-2.2859,1,0.5263,3.8,30.87,1,2026-06-30
NACLIND,71.23,0,4.4213,2,0.9911,48.11,26.73,1,2026-06-30
NAGAFERT,56.74,1,0.0825,2,0.866,22.15,39.15,1,2026-06-30
NAGREEKCAP,75.77,0,1.5104,1,0.9595,79.53,34.12,1,2026-06-30
NAGREEKEXP,39.3,1,-0.1689,0,-0.0202,7.8,25.49,1,2026-06-30
NAHARCAP,46.51,1,-0.4656,0,0.2824,4.94,10.45,0,2026-06-30
NAHARINDUS,50.57,1,-0.3462,0,0.3078,5.76,29.8,1,2026-06-30
NAHARPOLY,51.35,1,0.4932,1,0.6481,7.35,28.15,1,2026-06-30
NAHARSPING,58.9,1,0.6354,1,0.6341,28.59,39.47,1,2026-06-30
NAM-INDIA,58.33,1,0.4946,1,0.7034,15.83,24.17,0,2026-06-30
NARMADA,56.85,1,0.3419,1,0.7586,23.52,36.32,1,2026-06-30
NATCAPSUQ,40.58,1,-0.5479,0,-0.0337,8.55,27.41,1,2026-06-30
NATCOPHARM,47.26,1,14.3621,2,0.8774,13.17,32.36,1,2026-06-30
NATHBIOGEN,45.68,1,-0.374,0,0.2155,7.64,9.96,0,2026-06-30
NATIONALUM,34.3,1,-3.6543,1,0.1574,28.63,33.08,1,2026-06-30
NATIONSTD,52.27,1,11.4832,1,0.7447,10.93,20.86,0,2026-06-30
NAUKRI,47.19,1,-1.5825,0,0.2738,6.37,12.78,0,2026-06-30
NAVA,48.39,1,2.2543,1,0.5936,9.66,18.88,0,2026-06-30
NAVINFLUOR,64.95,1,25.7042,2,0.889,14.17,30.26,1,2026-06-30
NAVKARCORP,57.89,1,0.5716,1,0.7147,22.24,31.18,1,2026-06-30
NAVKARURB,71.08,0,0.0125,2,0.982,32.92,30.98,1,2026-06-30
NAVNETEDUL,51.03,1,0.171,2,0.6081,4.76,20.25,0,2026-06-30
NAZARA,63.28,1,0.8905,1,0.8008,17.15,29.51,1,2026-06-30
NBCC,51.13,1,-0.7805,0,0.3777,12.07,30.82,1,2026-06-30
NBIFIN,49.95,1,8.8741,1,0.6493,6.96,17.64,0,2026-06-30
NCC,42.26,1,0.0607,1,0.3653,12.61,19.61,0,2026-06-30
NCLIND,61.84,1,0.0682,1,0.6959,11.59,39.87,1,2026-06-30
NDGL,52.87,1,3.5197,2,0.6654,14.33,23.3,0,2026-06-30
NDL,39.64,1,-0.015,0,0.0416,10.8,11.18,0,2026-06-30
NDLVENTURE,56.12,1,-0.1722,1,0.6904,5.66,28.05,1,2026-06-30
NDRAUTO,51.53,1,-2.369,0,0.5419,11.42,20.28,0,2026-06-30
NDTV,48.42,1,-0.2889,0,0.3016,6.94,28.78,1,2026-06-30
NECCLTD,59.13,1,-0.0482,1,0.7245,22.53,33.89,1,2026-06-30
NECLIFE,62.06,1,0.1738,1,0.9295,19.31,31.56,1,2026-06-30
NELCAST,45.99,1,-0.43,1,0.226,6.92,21.01,0,2026-06-30
NELCO,73.95,0,13.4408,2,0.8885,48.0,46.58,1,2026-06-30
NEOGEN,63.05,1,-14.8638,1,0.7984,13.01,27.89,1,2026-06-30
NEPHROPLUS,50.85,1,-11.3702,1,0.3329,19.07,30.12,1,2026-06-30
NESCO,35.39,1,0.1511,1,0.1853,9.29,30.4,1,2026-06-30
NESTLEIND,51.13,1,-0.5267,1,0.6125,4.39,14.02,0,2026-06-30
NETF,54.9,1,0.4229,1,0.6844,5.88,25.03,1,2026-06-30
NETWEB,48.87,1,-48.9784,0,0.3379,24.09,26.77,1,2026-06-30
NETWORK18,45.21,1,-0.0727,0,0.4022,19.19,17.55,0,2026-06-30
NEULANDLAB,71.86,0,94.9121,2,1.1062,12.08,26.51,1,2026-06-30
NEWGEN,49.07,1,-1.1656,0,0.3457,12.96,16.7,0,2026-06-30
NEXT30ADD,47.36,1,-0.0374,0,0.4071,4.33,23.85,0,2026-06-30
NEXT50,54.57,1,0.1354,1,0.6296,7.47,10.04,0,2026-06-30
NEXT50ADD,54.01,1,0.0331,1,0.6353,7.09,23.13,0,2026-06-30
NEXT50BETA,54.22,1,0.0171,1,0.6174,7.59,11.83,0,2026-06-30
NEXT50ETF,54.38,1,0.0036,1,0.6299,6.94,25.9,1,2026-06-30
NEXT50IETF,54.15,1,0.0018,1,0.6193,7.22,24.72,0,2026-06-30
NEXTMEDIA,47.47,1,0.0173,1,0.5581,9.82,25.44,1,2026-06-30
NFL,44.58,1,-0.1857,0,0.3418,8.35,13.1,0,2026-06-30
NGIL,65.63,1,-0.1226,0,0.8624,11.98,49.6,1,2026-06-30
NGLFINE,61.41,1,-3.019,0,0.7632,25.32,28.53,1,2026-06-30
NH,58.96,1,3.7544,2,0.8484,8.53,15.25,0,2026-06-30
NHPC,63.76,1,0.9346,2,0.9913,14.57,22.2,0,2026-06-30
NIACL,54.53,1,1.4129,1,0.6262,47.63,29.58,1,2026-06-30
NIBE,58.85,1,-16.2988,0,0.6013,27.47,48.44,1,2026-06-30
NIBL,43.71,1,-0.0788,0,0.1906,6.1,27.34,1,2026-06-30
NIF100BEES,52.9,1,0.3055,1,0.6285,5.98,14.92,0,2026-06-30
NIF100IETF,54.21,1,0.0353,1,0.6507,6.2,13.43,0,2026-06-30
NIF10GETF,45.42,1,-0.0033,0,0.2091,1.24,15.19,0,2026-06-30
NIF5GETF,51.73,1,0.0025,2,0.609,1.19,17.39,0,2026-06-30
NIFITETF,68.74,1,0.4258,2,0.9461,6.04,25.29,1,2026-06-30
NIFMID150,57.82,1,0.2177,2,0.7359,3.71,12.81,0,2026-06-30
NIFTY1,54.66,1,0.3924,1,0.6721,5.97,21.65,0,2026-06-30
NIFTY100EW,52.05,1,0.0021,1,0.5748,6.04,16.47,0,2026-06-30
NIFTY50ADD,55.09,1,-0.3941,1,0.5585,1.9,32.33,1,2026-06-30
NIFTYADD,55.03,1,0.4079,1,0.6905,5.97,16.86,0,2026-06-30
NIFTYBEES,54.62,1,0.4217,1,0.6744,6.07,13.88,0,2026-06-30
NIFTYBETA,57.49,1,0.4834,1,0.7369,6.01,19.32,0,2026-06-30
NIFTYBETF,53.47,1,0.4,1,0.651,6.31,22.6,0,2026-06-30
NIFTYCASE,53.76,1,0.0153,1,0.6591,6.07,25.59,1,2026-06-30
NIFTYETF,54.42,1,0.4168,1,0.6694,6.0,20.29,0,2026-06-30
NIFTYIETF,53.86,1,0.4123,1,0.6584,6.11,15.39,0,2026-06-30
NIFTYQLITY,36.58,1,-0.0403,0,0.0415,3.99,24.98,0,2026-06-30
NIITLTD,59.38,1,-0.4817,0,0.6983,23.76,39.63,1,2026-06-30
NIITMTS,52.46,1,3.734,2,0.8632,14.37,25.66,1,2026-06-30
NILAINFRA,30.06,1,-0.051,0,-0.2391,8.93,12.39,0,2026-06-30
NILASPACES,52.38,1,0.0635,2,0.6973,13.06,21.55,0,2026-06-30
NILE,45.77,1,-4.7903,0,0.3877,8.93,21.3,0,2026-06-30
NILKAMAL,44.88,1,-1.0892,0,0.2582,4.35,31.24,1,2026-06-30
NINSYS,70.5,0,6.8476,1,0.8505,38.87,43.62,1,2026-06-30
NIPPOBATRY,43.33,1,-1.3626,0,0.194,11.3,12.83,0,2026-06-30
NIRAJ,54.87,1,0.054,1,0.5846,22.37,21.32,0,2026-06-30
NIRAJISPAT,46.72,1,-1.741,1,0.2579,16.96,10.74,0,2026-06-30
NIRLON,66.61,1,-1.8804,1,0.6484,2.33,32.27,1,2026-06-30
NITCO,59.69,1,0.6994,1,0.7163,29.76,23.51,0,2026-06-30
NITINSPIN,62.68,1,-0.7535,1,0.8702,13.36,49.16,1,2026-06-30
NITIRAJ,45.73,1,0.0035,1,0.4168,13.59,11.06,0,2026-06-30
NITTAGELA,62.01,1,-0.1829,1,0.7047,33.99,43.74,1,2026-06-30
NIVABUPA,52.65,1,-0.1874,0,0.5236,7.69,35.72,1,2026-06-30
NKIND,37.63,1,-0.2519,0,-0.0439,7.87,15.89,0,2026-06-30
NLCINDIA,47.49,1,-0.0657,0,0.4233,13.56,15.84,0,2026-06-30
NMDC,39.38,1,-0.5533,1,0.1968,14.7,22.19,0,2026-06-30
NOCIL,57.91,1,2.403,1,0.7594,26.9,24.08,0,2026-06-30
NOIDATOLL,86.09,0,0.3428,2,1.1637,96.65,42.68,1,2026-06-30
NORBTEAEXP,36.43,1,-0.6803,0,0.1391,21.68,28.01,1,2026-06-30
NORTHARC,56.43,1,-0.7075,1,0.7655,7.24,30.37,1,2026-06-30
NOVAAGRI,48.52,1,-0.0042,1,0.4363,12.17,12.07,0,2026-06-30
NOVARTIND,58.89,1,-3.2502,0,0.7083,17.97,31.69,1,2026-06-30
NPBET,59.79,1,0.6298,1,0.6848,12.07,30.3,1,2026-06-30
NPST,62.48,1,-9.3796,0,0.6766,23.58,31.5,1,2026-06-30
NRAIL,43.89,1,-0.6344,0,0.2123,9.33,15.0,0,2026-06-30
NRBBEARING,74.52,0,-2.1953,1,0.757,24.87,44.65,1,2026-06-30
NRL,73.15,0,0.5242,1,0.7555,48.83,44.43,1,2026-06-30
NSIL,43.56,1,-12.7704,0,0.2963,6.69,11.76,0,2026-06-30
NSLNISP,37.05,1,-0.7578,0,0.0897,22.91,21.07,0,2026-06-30
NTPC,40.55,1,0.8315,2,0.4051,6.62,28.0,1,2026-06-30
NTPCGREEN,38.37,1,-0.0344,1,0.2335,9.02,34.06,1,2026-06-30
NUCLEUS,47.42,1,1.1739,1,0.5212,15.75,30.55,1,2026-06-30
NURECA,42.78,1,1.29,2,0.6448,5.62,13.83,0,2026-06-30
NUVAMA,76.54,0,9.2053,2,0.9149,22.7,40.86,1,2026-06-30
NUVOCO,42.43,1,-1.3689,0,0.1822,10.58,15.37,0,2026-06-30
NV20,34.18,1,0.0773,1,0.1663,2.75,35.3,1,2026-06-30
NV20BEES,40.05,1,-0.0545,0,0.1074,2.79,18.08,0,2026-06-30
NV20IETF,40.54,1,-0.0079,0,0.1331,2.78,12.23,0,2026-06-30
NYKAA,73.47,0,2.988,1,0.8942,25.62,32.3,1,2026-06-30
OAL,40.54,1,-3.7667,0,0.1014,14.5,20.05,0,2026-06-30
OBCL,52.71,1,-0.1192,0,0.5595,19.92,19.92,0,2026-06-30
OBEROIRLTY,66.46,1,11.9204,2,0.9351,13.11,21.13,0,2026-06-30
OCCLLTD,64.42,1,2.0602,1,0.8112,48.03,35.95,1,2026-06-30
ODIGMA,57.01,1,0.5277,1,0.8139,32.34,25.32,1,2026-06-30
OFSS,68.71,1,122.3266,2,0.9227,21.08,28.08,1,2026-06-30
OIL,35.28,1,-0.7877,1,0.3251,27.78,35.49,1,2026-06-30
OILCOUNTUB,68.63,1,1.3035,1,0.8683,67.86,39.36,1,2026-06-30
OILIETF,43.51,1,0.0004,1,0.3712,4.92,20.8,0,2026-06-30
OLAELEC,56.53,1,-0.4914,1,0.5224,17.51,25.75,1,2026-06-30
OLECTRA,67.56,1,13.1077,1,0.8089,30.18,29.68,1,2026-06-30
OMAXAUTO,94.13,0,10.9211,2,1.1995,101.65,52.87,1,2026-06-30
OMAXE,57.28,1,0.679,1,0.8869,12.4,33.88,1,2026-06-30
OMFREIGHT,72.8,0,1.4709,2,1.0958,20.75,24.17,0,2026-06-30
OMINFRAL,53.37,1,0.4811,2,0.7878,11.92,14.68,0,2026-06-30
OMNI,70.92,0,-0.7325,1,1.1677,12.53,33.98,1,2026-06-30
ONELIFECAP,81.03,0,0.3925,2,1.1308,34.83,49.22,1,2026-06-30
ONEPOINT,44.8,1,-0.1783,0,0.4007,10.42,14.26,0,2026-06-30
ONESOURCE,47.18,1,-3.8914,1,0.4466,21.17,19.23,0,2026-06-30
ONGC,24.06,2,-0.6036,1,0.1567,17.58,46.59,1,2026-06-30
ONMOBILE,78.07,0,1.1744,2,1.1501,26.32,29.03,1,2026-06-30
ONWARDTEC,68.12,1,3.5779,2,1.0386,17.58,19.82,0,2026-06-30
OPTIEMUS,61.54,1,3.295,1,0.8138,17.59,29.24,1,2026-06-30
ORBTEXP,64.07,1,3.6128,1,0.8711,43.3,47.99,1,2026-06-30
ORCHASP,53.98,1,0.0169,2,0.7244,15.05,26.35,1,2026-06-30
ORCHPHARMA,64.11,1,-7.3054,0,0.659,31.83,59.91,1,2026-06-30
ORICONENT,29.2,2,-0.0888,0,0.0522,14.29,11.65,0,2026-06-30
ORIENTALTL,24.67,2,-0.0579,0,-0.1616,13.93,24.89,0,2026-06-30
ORIENTBELL,51.42,1,-0.0175,1,0.6308,7.55,19.97,0,2026-06-30
ORIENTCEM,45.66,1,0.092,1,0.4187,6.02,9.63,0,2026-06-30
ORIENTCER,49.48,1,0.1491,1,0.601,11.04,19.69,0,2026-06-30
ORIENTELEC,41.37,1,-0.3554,0,0.2721,7.62,16.63,0,2026-06-30
ORIENTHOT,77.34,0,2.953,1,0.8898,52.73,39.18,1,2026-06-30
ORIENTLTD,58.95,1,0.7625,1,0.6916,32.82,42.6,1,2026-06-30
ORIENTPPR,38.25,1,-0.0776,0,0.0242,8.49,9.92,0,2026-06-30
ORIENTTECH,37.62,1,-0.4461,0,0.1685,10.51,13.86,0,2026-06-30
ORISSAMINE,48.4,1,-15.4978,1,0.436,10.14,14.26,0,2026-06-30
ORKLAINDIA,46.43,1,-0.3423,1,0.3549,6.05,15.77,0,2026-06-30
ORTINGLOBE,61.68,1,0.2385,1,0.8282,39.61,36.39,1,2026-06-30
OSIAHYPER,49.06,1,0.148,1,0.5743,72.93,38.83,1,2026-06-30
OSWALAGRO,55.52,1,0.2541,1,0.6204,51.37,21.44,0,2026-06-30
OSWALGREEN,37.04,1,-0.0122,1,0.2426,10.62,19.84,0,2026-06-30
OSWALPUMPS,57.87,1,1.5351,1,0.6667,20.12,26.88,1,2026-06-30
OSWALSEEDS,39.22,1,0.0368,1,0.2181,3.84,36.16,1,2026-06-30
PACEDIGITK,59.54,1,1.6083,1,0.8446,18.82,17.02,0,2026-06-30
PAGEIND,66.15,1,160.2456,2,0.9732,11.56,29.97,1,2026-06-30
PAISALO,63.62,1,-0.3383,0,0.6003,13.42,53.52,1,2026-06-30
PAKKA,43.6,1,0.4129,2,0.542,9.61,31.45,1,2026-06-30
PALASHSECU,45.84,1,-0.4901,1,0.3204,10.99,13.39,0,2026-06-30
PALREDTEC,66.66,1,0.3621,1,0.7888,38.97,36.83,1,2026-06-30
PANACEABIO,66.3,1,-2.4477,1,0.7018,29.07,43.95,1,2026-06-30
PANACHE,68.65,1,3.1942,1,0.7981,34.66,31.95,1,2026-06-30
PANAMAPET,57.77,1,-1.2071,0,0.6444,50.28,42.76,1,2026-06-30
PANSARI,51.46,1,-0.2672,0,0.594,14.85,27.04,1,2026-06-30
PAR,47.83,1,-0.2741,0,0.4531,16.12,16.12,0,2026-06-30
PARACABLES,57.06,1,-0.4683,0,0.6634,18.28,25.66,1,2026-06-30
PARADEEP,60.49,1,0.4943,1,0.7605,16.4,23.95,0,2026-06-30
PARAGMILK,54.77,1,-0.5539,1,0.5077,8.82,14.95,0,2026-06-30
PARAS,64.72,1,0.1262,1,0.728,62.04,46.34,1,2026-06-30
PARASPETRO,51.79,1,0.0062,1,0.6642,14.83,9.06,0,2026-06-30
PARKHOSPS,64.9,1,0.8605,2,0.9256,15.78,27.26,1,2026-06-30
PARKHOTELS,50.43,1,0.3748,1,0.6098,11.56,13.19,0,2026-06-30
PARSVNATH,64.81,1,0.3067,1,0.793,71.3,30.72,1,2026-06-30
PASHUPATI,46.43,1,0.0234,2,0.4702,9.54,15.72,0,2026-06-30
PASUPTAC,69.35,1,0.9451,1,0.7906,48.22,55.31,1,2026-06-30
PATANJALI,29.3,2,-0.0303,1,0.2016,8.95,38.44,1,2026-06-30
PATELENG,73.96,0,0.6798,1,0.9327,42.03,35.21,1,2026-06-30
PATELRMART,56.69,1,-0.2764,0,0.6281,24.78,26.92,1,2026-06-30
PATINTLOG,72.43,0,0.064,2,1.1089,15.34,49.98,1,2026-06-30
PAUSHAKLTD,58.96,1,3.3657,1,0.7785,15.82,15.63,0,2026-06-30
PAVNAIND,67.61,1,0.8145,1,0.9365,55.84,34.15,1,2026-06-30
PAYTM,58.63,1,7.5301,2,0.9444,11.48,14.33,0,2026-06-30
PCBL,67.23,1,2.1999,1,0.8836,17.82,23.11,0,2026-06-30
PCJEWELLER,46.57,1,-0.0346,1,0.316,9.09,13.47,0,2026-06-30
PDMJEPAPER,54.75,1,0.1967,2,0.7914,6.36,10.04,0,2026-06-30
PDSL,71.62,0,3.0274,2,0.9132,26.71,38.18,1,2026-06-30
PEARLPOLY,72.4,0,0.8714,1,0.9212,69.79,28.26,1,2026-06-30
PEL,48.37,1,9.4199,1,0.5846,13.59,22.68,0,2026-06-30
PENIND,59.53,1,1.0947,2,0.9147,12.44,16.02,0,2026-06-30
PENINLAND,53.84,1,0.2787,1,0.6233,51.55,30.91,1,2026-06-30
PERSISTENT,30.15,1,-65.4787,0,-0.092,20.13,18.25,0,2026-06-30
PETRONET,51.95,1,-0.0686,0,0.5639,13.29,14.74,0,2026-06-30
PFC,45.55,1,0.3672,1,0.3891,6.76,13.13,0,2026-06-30
PFIZER,40.81,1,-0.7472,0,0.1884,4.18,20.72,0,2026-06-30
PFOCUS,38.06,1,-4.069,0,0.0853,20.73,25.21,1,2026-06-30
PFS,55.84,1,0.0138,2,0.771,5.05,23.65,0,2026-06-30
PGEL,55.46,1,2.9936,1,0.6288,29.41,27.66,1,2026-06-30
PGHH,44.52,1,15.3512,2,0.4564,7.13,17.21,0,2026-06-30
PGHL,66.56,1,-32.0074,1,0.8912,4.17,61.82,1,2026-06-30
PGIL,71.89,0,34.4483,1,0.8958,35.66,47.66,1,2026-06-30
PHARMABEES,72.55,0,0.0894,2,1.042,6.74,19.8,0,2026-06-30
PHOENIXLTD,70.14,0,12.1518,2,0.9249,16.85,25.39,1,2026-06-30
PICCADIL,41.66,1,-1.1033,1,0.1471,5.01,10.69,0,2026-06-30
PIDILITIND,71.39,0,2.2341,1,0.7697,13.41,38.43,1,2026-06-30
PIGL,57.59,1,1.0931,1,0.7856,23.75,18.31,0,2026-06-30
PIIND,29.32,2,-20.3887,0,-0.0787,12.88,22.01,0,2026-06-30
PILANIINVS,44.96,1,11.4796,1,0.5473,7.5,14.97,0,2026-06-30
PILITA,47.66,1,-0.0404,0,0.2954,18.08,20.13,0,2026-06-30
PINELABS,52.3,1,2.0789,1,0.773,15.08,15.25,0,2026-06-30
PIONEEREMB,37.98,1,-0.177,1,0.1041,13.8,20.41,0,2026-06-30
PIONRINV,37.47,1,-0.757,1,0.2062,25.8,10.59,0,2026-06-30
PIRAMALFIN,67.37,1,12.2019,1,0.9158,15.64,29.7,1,2026-06-30
PITTIENG,52.89,1,-1.3702,0,0.5682,13.07,20.78,0,2026-06-30
PIXTRANS,74.15,0,23.6812,2,1.0872,19.85,34.38,1,2026-06-30
PKTEA,45.76,1,-1.1247,1,0.3578,9.19,13.96,0,2026-06-30
PLASTIBLEN,61.52,1,0.3837,2,0.947,8.15,22.63,0,2026-06-30
PLATIND,49.86,1,0.1498,1,0.5806,12.02,11.52,0,2026-06-30
PLAZACABLE,91.26,0,1.9431,2,1.1847,58.76,36.89,1,2026-06-30
PML,38.02,1,1.6986,2,0.3393,5.37,12.58,0,2026-06-30
PNB,47.83,1,-0.0929,0,0.382,5.45,12.7,0,2026-06-30
PNBGILTS,60.08,1,-0.4726,1,0.6546,14.69,39.62,1,2026-06-30
PNBHOUSING,56.57,1,4.8237,1,0.8429,9.69,20.3,0,2026-06-30
PNC,51.06,1,0.052,1,0.5328,20.74,26.31,1,2026-06-30
PNCINFRA,61.44,1,2.0006,1,0.753,23.12,25.63,1,2026-06-30
PNGJL,40.06,1,0.3791,2,0.2146,7.9,15.27,0,2026-06-30
PNGSREVA,53.52,1,1.4849,1,0.7518,9.21,15.8,0,2026-06-30
POCL,56.46,1,7.7516,2,0.8535,15.89,14.77,0,2026-06-30
PODDARMENT,47.32,1,-1.1718,1,0.2627,7.49,29.01,1,2026-06-30
POKARNA,64.72,1,19.9061,1,0.7683,46.7,35.91,1,2026-06-30
POLICYBZR,50.94,1,7.1804,1,0.7026,13.34,18.28,0,2026-06-30
POLYCAB,61.51,1,-32.5221,1,0.8195,8.26,26.25,1,2026-06-30
POLYMED,67.56,1,19.9663,1,0.8685,29.69,29.22,1,2026-06-30
POLYPLEX,53.07,1,4.7297,1,0.6269,15.81,32.9,1,2026-06-30
PONNIERODE,45.88,1,-1.4596,0,0.2569,9.68,37.24,1,2026-06-30
POONAWALLA,65.51,1,5.2608,2,0.9325,20.03,24.23,0,2026-06-30
POWERGRID,43.4,1,0.5966,1,0.4386,3.77,16.29,0,2026-06-30
POWERICA,62.8,1,11.7137,1,0.7504,51.65,37.4,1,2026-06-30
POWERINDIA,50.11,1,-211.7798,1,0.4441,12.65,19.38,0,2026-06-30
POWERMECH,56.69,1,-9.8948,0,0.6052,19.83,28.21,1,2026-06-30
PPAP,54.53,1,-0.9621,0,0.5747,31.22,29.33,1,2026-06-30
PPL,87.98,0,5.8872,2,1.1193,47.76,34.5,1,2026-06-30
PPLPHARMA,51.97,1,0.4753,2,0.6816,8.72,19.36,0,2026-06-30
PRABHA,40.35,1,-0.3887,1,0.1722,6.98,26.07,1,2026-06-30
PRADPME,66.78,1,4.4654,1,0.7976,34.63,55.04,1,2026-06-30
PRAENG,34.98,1,-0.0848,0,-0.1966,11.09,12.39,0,2026-06-30
PRAJIND,49.02,1,2.11,2,0.7113,8.39,22.87,0,2026-06-30
PRAKASH,42.28,1,-0.7808,0,0.2119,11.4,15.05,0,2026-06-30
PRAKASHSTL,36.18,1,-0.0282,0,0.0059,10.12,19.44,0,2026-06-30
PRAVEG,47.87,1,3.6908,1,0.6429,17.34,19.65,0,2026-06-30
PRAXIS,60.28,1,0.0687,2,0.7567,37.84,25.25,1,2026-06-30
PRECAM,48.42,1,0.3286,1,0.5387,12.2,15.87,0,2026-06-30
PRECOT,57.36,1,-8.0797,1,0.6789,16.32,30.96,1,2026-06-30
PRECWIRE,46.49,1,-2.01,0,0.2918,14.84,13.77,0,2026-06-30
PREMCO,34.37,1,0.1803,1,-0.0045,7.32,33.97,1,2026-06-30
PREMEXPLN,67.05,1,2.6565,2,0.9395,26.35,34.66,1,2026-06-30
PREMIERENE,51.62,1,-4.9891,1,0.3384,6.52,13.7,0,2026-06-30
PREMIERPOL,58.35,1,-0.0261,0,0.6912,11.98,28.23,1,2026-06-30
PRESTIGE,67.47,1,11.6896,1,0.8318,24.19,25.87,1,2026-06-30
PRICOLLTD,63.32,1,4.4398,2,1.0524,10.88,17.2,0,2026-06-30
PRIMESECU,50.86,1,-0.1934,0,0.5069,11.39,30.65,1,2026-06-30
PRIMO,52.87,1,-0.017,0,0.5504,15.57,37.88,1,2026-06-30
PRINCEPIPE,58.29,1,0.0119,1,0.7884,9.65,39.91,1,2026-06-30
PRITI,42.53,1,-0.6282,0,0.1739,29.76,17.97,0,2026-06-30
PRITIKAUTO,85.95,0,0.6379,2,1.174,52.22,49.97,1,2026-06-30
PRIVISCL,67.58,1,21.414,2,0.8859,19.53,27.77,1,2026-06-30
PROSTARM,39.85,1,-0.13,0,0.0943,5.63,7.1,0,2026-06-30
PROTEAN,46.93,1,-5.1246,0,0.21,9.52,17.5,0,2026-06-30
PROZONER,27.28,2,-0.2658,0,0.0459,16.48,24.71,0,2026-06-30
PRSMJOHNSN,41.06,1,0.0168,1,0.2123,5.46,10.68,0,2026-06-30
PRUDENT,59.25,1,3.0076,1,0.6801,22.8,23.52,0,2026-06-30
PRUDMOULI,47.58,1,-0.0109,1,0.5382,8.09,11.65,0,2026-06-30
PSB,48.53,1,0.0097,1,0.5057,11.28,19.65,0,2026-06-30
PSPPROJECT,68.2,1,4.6173,1,0.8911,22.47,43.2,1,2026-06-30
PSUBANK,51.56,1,-0.2528,0,0.532,9.79,36.34,1,2026-06-30
PSUBANKADD,51.05,1,-0.0057,0,0.5216,10.16,20.91,0,2026-06-30
PSUBNKBEES,51.46,1,-0.0329,0,0.5255,9.81,23.1,0,2026-06-30
PSUBNKIETF,51.45,1,0.0016,1,0.5309,9.5,22.56,0,2026-06-30
PTC,40.85,1,-0.5365,0,0.1426,8.49,15.6,0,2026-06-30
PTCIL,44.87,1,-185.8065,0,0.1068,13.67,17.55,0,2026-06-30
PTL,64.98,1,0.0856,1,0.7649,11.67,30.35,1,2026-06-30
PUNJABCHEM,60.81,1,7.5404,2,0.9037,17.18,25.44,1,2026-06-30
PURVA,50.59,1,0.0981,1,0.6062,9.82,17.43,0,2026-06-30
PVP,49.45,1,-0.2036,1,0.3145,15.8,17.46,0,2026-06-30
PVRINOX,45.57,1,2.8529,1,0.4376,6.0,13.55,0,2026-06-30
PVSL,36.69,1,-0.2574,1,0.0982,8.94,16.38,0,2026-06-30
PVTBANIETF,63.05,1,0.0535,1,0.7006,12.18,16.69,0,2026-06-30
PVTBANKADD,60.19,1,0.0813,1,0.6985,12.61,34.35,1,2026-06-30
PWL,63.59,1,1.4225,1,0.7736,37.25,32.13,1,2026-06-30
PYRAMID,54.64,1,-0.0903,1,0.6855,12.06,26.58,1,2026-06-30
QGOLDHALF,33.57,1,-0.764,1,0.1233,13.47,21.63,0,2026-06-30
QNIFTY,49.68,1,1.1,1,0.6781,6.25,21.52,0,2026-06-30
QPOWER,36.7,1,-46.211,0,-0.0452,32.66,32.74,1,2026-06-30
QUADFUTURE,67.33,1,4.8694,1,0.7599,49.76,54.42,1,2026-06-30
QUAL30IETF,39.53,1,-0.0288,0,0.0898,4.07,14.95,0,2026-06-30
QUALITY30,38.98,1,-0.034,0,0.0895,3.83,15.23,0,2026-06-30
QUESS,78.31,0,0.6002,2,0.9714,22.92,53.19,1,2026-06-30
QUICKHEAL,46.0,1,-3.8602,0,0.15,25.45,26.0,1,2026-06-30
QUINT,47.69,1,-0.2057,0,0.3749,14.14,13.36,0,2026-06-30
RACE,62.72,1,4.6237,1,0.8259,61.02,27.46,1,2026-06-30
RACLGEAR,61.14,1,11.5381,2,0.9859,16.47,18.89,0,2026-06-30
RADAAN,41.54,1,-0.0083,0,0.0135,7.78,13.29,0,2026-06-30
RADHIKAJWE,41.32,1,-0.0338,1,0.1954,7.3,8.96,0,2026-06-30
RADIANTCMS,39.42,1,-0.0211,0,0.3282,8.91,17.51,0,2026-06-30
RADICO,76.62,0,27.2464,2,1.0267,16.76,36.43,1,2026-06-30
RADIOCITY,48.68,1,-0.0248,0,0.3073,5.67,24.52,0,2026-06-30
RAILTEL,43.87,1,-0.6784,0,0.3076,9.74,12.91,0,2026-06-30
RAIN,48.52,1,-3.5519,0,0.0312,13.32,39.76,1,2026-06-30
RAINBOW,57.21,1,-2.6845,0,0.6059,13.55,30.06,1,2026-06-30
RAJESHEXPO,70.72,0,3.6808,1,0.9468,29.55,32.56,1,2026-06-30
RAJMET,44.96,1,-0.0162,1,0.2183,6.53,21.52,0,2026-06-30
RAJOOENG,37.9,1,-0.0039,0,0.0826,8.04,13.84,0,2026-06-30
RAJPALAYAM,55.91,1,-0.6242,1,0.7092,6.23,28.23,1,2026-06-30
RAJRATAN,52.0,1,-2.0632,0,0.4968,12.38,22.3,0,2026-06-30
RAJSREESUG,35.98,1,-0.26,0,0.0181,11.77,16.89,0,2026-06-30
RAJTV,23.05,2,0.4189,1,0.3842,28.57,62.88,1,2026-06-30
RALLIS,33.54,1,0.4508,1,0.0748,6.65,22.03,0,2026-06-30
RAMANEWS,45.38,1,0.0247,2,0.3433,4.35,19.63,0,2026-06-30
RAMAPHO,49.78,1,0.65,1,0.5795,16.63,23.58,0,2026-06-30
RAMASTEEL,28.37,2,-0.0458,0,-0.0783,16.33,19.36,0,2026-06-30
RAMCOCEM,60.13,1,8.4898,2,0.9584,11.12,21.8,0,2026-06-30
RAMCOIND,65.69,1,4.304,2,1.0575,21.65,39.19,1,2026-06-30
RAMCOSYS,88.98,0,25.4896,2,1.1569,66.32,47.59,1,2026-06-30
RAMKY,32.17,1,-1.907,0,0.031,12.36,19.77,0,2026-06-30
RAMRAT,50.6,1,2.0604,1,0.6554,18.48,13.79,0,2026-06-30
RANASUG,41.85,1,-0.0226,0,0.1141,7.18,17.77,0,2026-06-30
RANEHOLDIN,64.93,1,6.7077,1,0.8072,28.0,51.14,1,2026-06-30
RATEGAIN,70.9,0,-0.8726,1,0.8862,24.96,55.82,1,2026-06-30
RATNAMANI,41.1,1,-7.7218,0,0.173,12.12,26.21,1,2026-06-30
RATNAVEER,56.82,1,0.7346,1,0.6981,21.22,24.95,0,2026-06-30
RAYMOND,59.1,1,-2.2149,0,0.6218,22.9,38.69,1,2026-06-30
RAYMONDLSL,50.55,1,-0.5556,0,0.5058,13.53,21.92,0,2026-06-30
RAYMONDREL,54.78,1,-1.6371,0,0.5886,17.79,34.85,1,2026-06-30
RBA,76.05,0,0.9409,1,0.8524,27.41,45.8,1,2026-06-30
RBLBANK,57.23,1,-1.0639,0,0.6242,11.66,27.29,1,2026-06-30
RBZJEWEL,58.86,1,0.2162,2,0.8865,11.89,15.97,0,2026-06-30
RCF,51.29,1,-0.0642,0,0.5565,12.84,18.12,0,2026-06-30
RECLTD,59.34,1,1.5967,1,0.7428,14.47,23.18,0,2026-06-30
REDINGTON,65.75,1,2.3546,1,0.7618,31.73,43.49,1,2026-06-30
REDTAPE,54.26,1,-0.0668,1,0.7206,5.41,33.19,1,2026-06-30
REFEX,71.95,0,2.1431,2,0.9575,22.03,44.57,1,2026-06-30
REGAAL,54.04,1,0.2224,1,0.5175,18.28,37.51,1,2026-06-30
REGENCERAM,42.72,1,0.1928,1,0.3118,7.9,25.12,1,2026-06-30
RELAXO,71.45,0,5.5948,1,0.9564,30.26,44.17,1,2026-06-30
RELCHEMQ,53.56,1,-0.1928,0,0.5603,24.77,25.27,1,2026-06-30
RELIABLE,52.88,1,-0.8579,0,0.4546,16.22,27.77,1,2026-06-30
RELIANCE,42.44,1,2.2138,1,0.4102,6.87,17.0,0,2026-06-30
RELIGARE,71.77,0,2.9001,1,0.8253,28.89,41.02,1,2026-06-30
RELTD,66.02,1,2.4639,1,0.8388,43.62,35.33,1,2026-06-30
REMSONSIND,30.31,1,-0.1749,0,0.0143,14.98,20.01,0,2026-06-30
RENUKA,39.6,1,0.0717,1,0.3453,11.86,24.17,0,2026-06-30
REPCOHOME,67.51,1,4.7527,2,0.9474,18.18,22.87,0,2026-06-30
REPL,51.76,1,0.6849,2,0.7289,15.77,12.24,0,2026-06-30
REPRO,54.04,1,1.3091,1,0.766,9.74,19.55,0,2026-06-30
RESPONIND,60.11,1,1.1183,1,0.7375,25.2,38.17,1,2026-06-30
RETAIL,41.64,1,-0.0023,0,0.2988,21.63,12.88,0,2026-06-30
RGL,65.76,1,1.029,1,0.8642,22.79,29.16,1,2026-06-30
RHETAN,37.98,1,-0.4929,1,0.0796,22.79,19.36,0,2026-06-30
RHIM,43.49,1,-0.0445,0,0.3227,13.06,11.94,0,2026-06-30
RHL,43.21,1,-0.3485,0,0.1647,6.58,18.55,0,2026-06-30
RICOAUTO,53.68,1,-0.9077,0,0.5193,24.76,31.36,1,2026-06-30
RIIL,51.91,1,-0.8891,0,0.5279,21.88,43.2,1,2026-06-30
RISHABH,58.69,1,0.0166,1,0.6851,19.8,35.66,1,2026-06-30
RITCO,49.22,1,-0.8243,0,0.4249,11.6,27.82,1,2026-06-30
RITES,43.86,1,-0.0776,0,0.3638,8.38,20.66,0,2026-06-30
RKDL,39.85,1,0.0589,1,0.2821,15.88,14.28,0,2026-06-30
RKEC,37.84,1,0.0682,1,0.1714,29.06,31.16,1,2026-06-30
RKFORGE,46.87,1,-1.6846,0,0.4338,11.55,12.5,0,2026-06-30
RKSWAMY,56.83,1,-0.2117,1,0.8533,6.44,29.32,1,2026-06-30
RMDRIP,60.86,1,0.327,2,0.8391,36.0,16.83,0,2026-06-30
RML,72.02,0,14.1564,2,0.9632,36.67,45.07,1,2026-06-30
RNBDENIMS,26.3,2,1.3866,1,0.5778,20.69,56.17,1,2026-06-30
ROHLTD,51.54,1,1.2586,1,0.6406,11.85,25.17,1,2026-06-30
ROLEXRINGS,65.99,1,1.0503,2,0.9766,11.24,17.72,0,2026-06-30
ROLLT,66.37,1,0.0342,1,0.8379,52.91,28.05,1,2026-06-30
ROML,50.32,1,-0.012,0,0.4663,5.8,19.28,0,2026-06-30
ROSSARI,50.8,1,-0.4823,0,0.5091,12.6,19.23,0,2026-06-30
ROSSELLIND,58.92,1,0.2103,1,0.883,9.27,20.52,0,2026-06-30
ROSSTECH,48.16,1,-12.6696,1,0.3033,19.55,17.28,0,2026-06-30
ROTO,66.55,1,0.9503,1,0.8365,34.16,38.21,1,2026-06-30
ROUTE,46.59,1,-1.7894,0,0.2621,7.52,15.25,0,2026-06-30
RPEL,70.96,0,-12.199,1,0.6955,23.88,47.08,1,2026-06-30
RPGLIFE,56.27,1,3.8587,1,0.7026,13.1,25.3,1,2026-06-30
RPOWER,39.03,1,-0.2363,1,0.1212,15.92,13.8,0,2026-06-30
RPPINFRA,46.82,1,0.5801,1,0.6575,16.14,14.25,0,2026-06-30
RPPL,66.04,1,0.2184,2,0.914,29.73,25.27,1,2026-06-30
RPSGVENT,39.11,1,-1.8739,0,0.1306,10.58,11.83,0,2026-06-30
RPTECH,75.5,0,11.9286,1,0.8265,62.44,50.38,1,2026-06-30
RRIL,30.22,1,-0.337,0,-0.0028,20.66,32.78,1,2026-06-30
RRKABEL,67.74,1,8.9646,1,0.7693,22.37,46.49,1,2026-06-30
RSL,47.97,1,-0.0768,1,0.4725,3.82,9.41,0,2026-06-30
RSSOFTWARE,72.48,0,1.5707,2,1.0406,58.04,40.1,1,2026-06-30
RSWM,56.15,1,0.3723,1,0.5774,31.95,48.33,1,2026-06-30
RSYSTEMS,32.77,1,-1.4095,0,0.0432,15.74,12.22,0,2026-06-30
RTNINDIA,41.3,1,-0.3527,1,0.1461,17.23,13.67,0,2026-06-30
RTNPOWER,40.86,1,-0.0378,0,0.1353,9.12,10.65,0,2026-06-30
RUBFILA,48.49,1,-0.1423,1,0.4765,10.69,22.14,0,2026-06-30
RUBICON,69.93,1,-0.0547,0,0.7768,23.77,46.17,1,2026-06-30
RUBYMILLS,80.58,0,7.6677,2,1.3157,43.46,62.46,1,2026-06-30
RUCHINFRA,43.75,1,-0.0152,0,0.0782,5.34,14.28,0,2026-06-30
RUCHIRA,48.06,1,0.3388,2,0.6373,7.14,21.57,0,2026-06-30
RUDRA,69.6,1,0.5418,1,0.7914,62.4,39.67,1,2026-06-30
RUPA,67.43,1,1.3653,1,0.862,20.47,34.13,1,2026-06-30
RUSHIL,52.89,1,0.0453,1,0.6049,33.97,27.74,1,2026-06-30
RUSTOMJEE,60.83,1,3.0353,2,1.0293,11.97,16.77,0,2026-06-30
RVHL,50.86,1,-0.2129,0,0.4924,34.0,25.66,1,2026-06-30
RVNL,38.68,1,1.6486,1,0.4218,10.48,29.93,1,2026-06-30
RVTH,62.12,1,2.4658,2,1.0971,10.66,30.19,1,2026-06-30
S&SPOWER,67.46,1,7.4024,1,0.7725,66.07,26.14,1,2026-06-30
SAATVIKGL,49.95,1,-1.1377,0,0.393,7.33,20.88,0,2026-06-30
SABTNL,82.78,0,21.7018,2,0.9372,48.01,41.71,1,2026-06-30
SADBHAV,43.44,1,-0.0201,1,0.2077,11.35,8.13,0,2026-06-30
SADBHIN,57.66,1,0.0338,1,0.7782,21.11,21.83,0,2026-06-30
SADHNANIQ,71.83,0,0.1366,1,0.9635,78.69,34.51,1,2026-06-30
SAFARI,51.41,1,-6.2354,0,0.4537,10.86,24.33,0,2026-06-30
SAGARDEEP,51.3,1,-0.0482,1,0.5467,5.89,13.84,0,2026-06-30
SAGCEM,53.47,1,0.7689,2,0.7249,8.95,13.88,0,2026-06-30
SAGILITY,42.23,1,0.0382,1,0.2439,5.32,14.3,0,2026-06-30
SAHLIBHFI,58.81,1,0.5948,2,0.8705,11.5,27.35,1,2026-06-30
SAHYADRI,51.22,1,0.1902,2,0.6384,12.34,16.62,0,2026-06-30
SAIL,38.69,1,-1.2758,1,0.2658,21.61,30.33,1,2026-06-30
SAILIFE,61.38,1,-0.8412,1,0.7892,9.85,26.8,1,2026-06-30
SAIPARENT,69.69,1,-1.0914,0,0.7079,19.1,63.22,1,2026-06-30
SAKAR,59.66,1,-4.5088,1,0.7989,9.73,28.92,1,2026-06-30
SAKHTISUG,41.13,1,-0.1036,1,0.1754,9.76,19.96,0,2026-06-30
SAKSOFT,85.16,0,5.9683,2,1.3718,45.58,23.99,0,2026-06-30
SAKUMA,64.0,1,0.0571,1,0.7494,85.57,45.87,1,2026-06-30
SALASAR,26.42,2,-0.1078,0,-0.0867,21.91,25.52,1,2026-06-30
SALONA,39.55,1,-1.1672,1,0.2377,14.61,9.54,0,2026-06-30
SALSTEEL,91.55,0,-0.5294,0,0.7446,49.32,65.71,1,2026-06-30
SALZERELEC,47.11,1,-0.3496,0,0.4173,8.61,12.95,0,2026-06-30
SAMBHAAV,43.6,1,-0.0299,0,0.2308,12.77,15.82,0,2026-06-30
SAMBHV,48.33,1,0.5173,1,0.5543,9.6,18.25,0,2026-06-30
SAMHI,57.54,1,0.5481,1,0.6612,17.67,31.76,1,2026-06-30
SAMMAANCAP,53.53,1,-1.755,1,0.3759,10.38,23.93,0,2026-06-30
SAMPANN,53.78,1,0.1096,1,0.7582,7.55,22.04,0,2026-06-30
SANATHAN,61.85,1,4.0854,1,0.8172,17.77,21.03,0,2026-06-30
SANDESH,52.17,1,6.6531,1,0.7902,9.63,19.02,0,2026-06-30
SANDHAR,61.01,1,-7.8302,1,0.7431,8.64,34.36,1,2026-06-30
SANDUMA,36.33,1,-1.2454,0,0.0822,12.93,15.46,0,2026-06-30
SANGAMIND,58.42,1,-0.3374,1,0.8525,5.6,39.17,1,2026-06-30
SANGHIIND,39.13,1,0.2989,2,0.3729,17.24,15.61,0,2026-06-30
SANGHVIMOV,67.62,1,0.2471,2,0.8744,25.8,43.82,1,2026-06-30
SANGINITA,64.63,1,0.1231,1,0.7913,48.27,23.07,0,2026-06-30
SANOFI,62.66,1,21.1959,1,0.8512,12.11,21.84,0,2026-06-30
SANOFICONR,44.03,1,-17.9069,0,0.158,6.94,13.92,0,2026-06-30
SANSERA,72.37,0,13.8271,2,1.0143,14.47,33.73,1,2026-06-30
SANSTAR,57.52,1,-0.0944,0,0.7228,13.79,39.44,1,2026-06-30
SAPPHIRE,49.83,1,0.1953,1,0.5488,13.59,15.1,0,2026-06-30
SAPPL,50.76,1,0.411,2,0.6561,10.58,20.06,0,2026-06-30
SARDAEN,33.47,1,-1.1248,0,-0.1437,7.92,22.0,0,2026-06-30
SAREGAMA,67.7,1,0.3585,2,0.9775,12.57,57.45,1,2026-06-30
SARLAPOLY,52.03,1,-0.298,1,0.4268,5.23,16.48,0,2026-06-30
SARVESHWAR,64.45,1,0.0499,1,0.7051,57.16,30.35,1,2026-06-30
SASKEN,50.0,1,-45.3145,0,0.3213,26.74,43.97,1,2026-06-30
SASTASUNDR,63.07,1,1.4933,2,1.4795,4.55,19.48,0,2026-06-30
SATIA,38.33,1,0.3253,1,0.3512,7.17,32.48,1,2026-06-30
SATIN,62.72,1,-0.6298,1,0.9817,9.83,24.21,0,2026-06-30
SAURASHCEM,35.79,1,-0.1386,0,-0.1378,6.42,13.35,0,2026-06-30
SBC,63.31,1,0.1844,1,0.735,25.89,32.91,1,2026-06-30
SBCL,60.79,1,-2.1918,1,0.7969,12.64,40.16,1,2026-06-30
SBFC,46.4,1,-0.1534,0,0.2734,5.82,13.83,0,2026-06-30
SBGLP,41.24,1,-0.0622,0,0.1969,8.99,16.5,0,2026-06-30
SBIBPB,51.02,1,-0.0297,0,0.5127,9.61,17.59,0,2026-06-30
SBICARD,42.59,1,1.3532,1,0.3806,11.67,19.16,0,2026-06-30
SBIETFCON,57.64,1,0.2087,1,0.7363,7.03,27.41,1,2026-06-30
SBIETFIT,33.21,1,-1.8048,0,0.0337,14.57,18.4,0,2026-06-30
SBIETFPB,58.99,1,0.5701,1,0.6858,11.36,25.05,1,2026-06-30
SBIETFQLTY,40.66,1,-0.4122,0,0.1302,4.02,27.34,1,2026-06-30
SBILIFE,44.51,1,1.982,2,0.4724,6.23,20.16,0,2026-06-30
SBILIQETF,100.0,0,0.0318,1,0.9246,0.46,90.92,1,2026-06-30
SBIMIDMOM,51.52,1,-0.0417,0,0.5527,7.76,19.63,0,2026-06-30
SBIN,54.65,1,3.1369,1,0.6446,10.25,15.38,0,2026-06-30
SBINEQWETF,51.09,1,0.023,1,0.5901,4.48,15.89,0,2026-06-30
SBINMID150,55.58,1,0.0044,1,0.658,6.32,40.92,1,2026-06-30
SBISILVER,37.64,1,-2.282,1,0.2124,22.62,21.46,0,2026-06-30
SCANSTL,59.96,1,0.2723,2,0.861,17.35,22.04,0,2026-06-30
SCHAEFFLER,53.26,1,3.3328,1,0.6563,11.37,11.57,0,2026-06-30
SCHAND,39.52,1,0.29,2,0.3952,7.36,26.14,1,2026-06-30
SCHNEIDER,59.16,1,6.8515,1,0.7481,39.75,38.65,1,2026-06-30
SCI,48.26,1,0.2226,1,0.486,13.01,21.18,0,2026-06-30
SCILAL,40.05,1,-0.1278,0,0.18,7.5,11.8,0,2026-06-30
SCODATUBES,57.46,1,1.909,1,0.7312,31.81,30.03,1,2026-06-30
SCPL,69.24,1,3.9029,1,0.7005,84.66,50.81,1,2026-06-30
SDBL,36.98,1,-0.8051,0,0.1558,26.45,25.19,1,2026-06-30
SDL26BEES,44.22,1,-0.063,0,0.1445,1.04,51.49,1,2026-06-30
SEAMECLTD,41.47,1,-7.4589,1,0.287,28.46,24.96,0,2026-06-30
SECMARK,49.96,1,-0.6891,1,0.3299,8.75,10.88,0,2026-06-30
SECURKLOUD,39.86,1,0.0297,2,0.2624,11.46,12.51,0,2026-06-30
SEDEMAC,67.89,1,-10.6185,1,0.8466,27.04,61.27,1,2026-06-30
SEIL,60.08,1,1.2574,2,0.817,24.94,18.9,0,2026-06-30
SEJALLTD,77.99,0,21.5051,2,0.9003,83.38,38.08,1,2026-06-30
SELAN,50.38,1,4.5809,1,0.6959,9.74,19.23,0,2026-06-30
SELECTIPO,65.4,1,0.1366,1,0.8439,9.47,20.53,0,2026-06-30
SELMC,42.06,1,-0.0523,1,0.188,6.89,38.98,1,2026-06-30
SEMAC,75.65,0,11.7106,1,0.966,55.49,40.64,1,2026-06-30
SENCO,45.27,1,-2.2008,1,0.232,9.82,10.28,0,2026-06-30
SENORES,70.34,0,2.0934,1,0.7762,38.56,44.65,1,2026-06-30
SENSEXADD,54.11,1,0.1478,1,0.6509,7.31,12.67,0,2026-06-30
SENSEXBETA,54.55,1,1.6355,1,0.6762,6.79,23.39,0,2026-06-30
SENSEXETF,58.02,1,0.1836,1,0.7297,7.36,13.91,0,2026-06-30
SENSEXIETF,54.27,1,1.8718,1,0.6674,7.43,25.41,1,2026-06-30
SEPC,39.06,1,-0.0485,0,0.1966,20.06,13.77,0,2026-06-30
SEQUENT,48.11,1,0.3155,2,0.4716,14.28,15.85,0,2026-06-30
SERVOTECH,53.07,1,-0.8933,1,0.442,15.66,18.91,0,2026-06-30
SESHAPAPER,50.01,1,1.3067,2,0.7089,7.95,18.87,0,2026-06-30
SETCO,84.32,0,0.5508,2,0.987,53.83,31.26,1,2026-06-30
SETF10GILT,63.87,1,0.2624,1,0.8023,2.8,31.39,1,2026-06-30
SETFGOLD,34.57,1,-0.7868,1,0.1228,13.55,23.31,0,2026-06-30
SETFNIF50,54.03,1,0.3927,1,0.6637,6.08,12.49,0,2026-06-30
SETFNIFBK,62.54,1,1.2555,1,0.7107,11.41,31.89,1,2026-06-30
SETFNN50,53.54,1,0.1168,1,0.6073,7.43,26.28,1,2026-06-30
SETL,86.95,0,7.8948,2,1.0901,74.61,50.2,1,2026-06-30
SFL,72.0,0,0.9454,1,0.8098,25.19,44.73,1,2026-06-30
SGFIN,62.96,1,0.6641,2,1.0392,9.37,29.08,1,2026-06-30
SGIL,56.45,1,-0.2708,1,0.6968,10.96,25.08,1,2026-06-30
SGL,32.23,1,-0.0428,1,0.1991,18.59,24.99,0,2026-06-30
SGLTL,34.07,1,-0.3858,1,0.1795,15.25,51.08,1,2026-06-30
SGMART,51.84,1,-1.0514,1,0.573,7.17,27.18,1,2026-06-30
SHADOWFAX,65.63,1,-0.6018,0,0.7786,19.41,38.84,1,2026-06-30
SHAH,30.89,1,-0.0549,1,0.0626,25.08,24.1,0,2026-06-30
SHAHALLOYS,49.01,1,0.1749,1,0.5068,10.1,30.64,1,2026-06-30
SHAILY,54.22,1,-21.9817,1,0.4151,15.67,21.63,0,2026-06-30
SHAKTIPUMP,64.14,1,5.8029,1,0.8724,18.93,26.73,1,2026-06-30
SHALBY,60.52,1,0.0026,2,0.825,7.24,9.68,0,2026-06-30
SHALPAINTS,46.13,1,-0.1468,0,0.3599,12.87,14.71,0,2026-06-30
SHANKARA,54.15,1,0.6137,2,0.6748,13.28,21.43,0,2026-06-30
SHANTI,59.81,1,0.0371,2,1.2369,7.42,35.62,1,2026-06-30
SHANTIGEAR,46.4,1,0.0001,1,0.4655,4.01,21.1,0,2026-06-30
SHANTIGOLD,53.31,1,-0.6572,1,0.5518,6.29,28.56,1,2026-06-30
SHARDACROP,40.01,1,2.3541,1,0.2193,7.12,18.14,0,2026-06-30
SHARDAMOTR,61.69,1,7.2949,2,1.0441,11.95,16.85,0,2026-06-30
SHARDUL,45.5,1,-0.0716,0,0.1582,10.54,18.06,0,2026-06-30
SHAREINDIA,44.14,1,-0.0361,0,0.3883,9.62,12.83,0,2026-06-30
SHARIABEES,34.79,1,-0.8306,0,0.0414,5.68,13.01,0,2026-06-30
SHBAJRG,54.31,1,-1.2802,0,0.4425,15.17,22.78,0,2026-06-30
SHEKHAWATI,79.17,0,0.5434,2,1.1392,67.04,39.73,1,2026-06-30
SHEMAROO,66.05,1,2.0393,1,0.8464,37.71,48.61,1,2026-06-30
SHILCTECH,60.76,1,48.6797,1,0.782,27.01,27.46,1,2026-06-30
SHILPAMED,66.95,1,0.3278,2,0.9963,16.55,55.97,1,2026-06-30
SHINDL,42.96,1,-1.3497,1,0.2302,11.74,29.03,1,2026-06-30
SHIVALIK,45.2,1,0.7076,1,0.2573,16.93,15.56,0,2026-06-30
SHIVAMAUTO,56.14,1,0.0099,1,0.611,23.13,24.6,0,2026-06-30
SHIVAMILLS,53.38,1,-0.3448,0,0.4267,15.74,45.95,1,2026-06-30
SHIVATEX,40.56,1,0.0537,1,0.1432,6.2,14.34,0,2026-06-30
SHIVAUM,63.29,1,4.3281,1,0.8034,31.37,29.85,1,2026-06-30
SHK,42.65,1,0.007,1,0.3865,20.11,21.01,0,2026-06-30
SHOPERSTOP,52.05,1,-1.9286,0,0.3578,7.44,34.55,1,2026-06-30
SHRADHA,44.95,1,0.0291,1,0.3552,6.46,12.69,0,2026-06-30
SHREDIGCEM,54.31,1,0.1513,1,0.6452,12.62,22.43,0,2026-06-30
SHREECEM,54.0,1,94.9053,1,0.6882,11.4,21.02,0,2026-06-30
SHREEJISPG,61.57,1,-1.6154,1,0.743,12.88,44.16,1,2026-06-30
SHREEPUSHK,65.44,1,3.6511,1,0.8936,19.95,27.52,1,2026-06-30
SHREERAMA,45.74,1,-0.0063,0,0.3856,14.31,12.78,0,2026-06-30
SHRENIK,35.35,1,-0.0064,0,0.0095,23.1,17.3,0,2026-06-30
SHREYANIND,36.42,1,0.5921,1,0.1718,8.06,19.4,0,2026-06-30
SHRIKRISH,51.04,1,-0.059,1,0.5957,13.7,25.61,1,2026-06-30
SHRINGARMS,61.01,1,0.8366,2,0.9359,9.16,11.31,0,2026-06-30
SHRIPISTON,77.84,0,53.6706,2,1.0179,27.61,41.12,1,2026-06-30
SHRIRAMFIN,68.24,1,9.1677,1,0.858,21.7,22.82,0,2026-06-30
SHRIRAMPPS,50.62,1,-0.1477,0,0.5074,10.45,21.74,0,2026-06-30
SHYAMCENT,75.52,0,0.097,2,1.1898,22.34,33.36,1,2026-06-30
SHYAMMETL,48.89,1,-6.4604,1,0.176,6.31,29.45,1,2026-06-30
SHYAMTEL,88.33,0,0.9946,2,1.1881,108.97,30.68,1,2026-06-30
SICAGEN,42.0,1,-0.2331,0,0.1626,10.29,26.09,1,2026-06-30
SIEMENS,45.89,1,-10.6027,0,0.321,7.9,14.12,0,2026-06-30
SIGACHI,48.07,1,-0.0322,0,0.4619,33.18,25.82,1,2026-06-30
SIGIND,46.82,1,-0.0589,0,0.3812,7.63,15.21,0,2026-06-30
SIGMA,43.92,1,0.0491,2,0.3507,8.9,7.96,0,2026-06-30
SIGMAADV,90.35,0,17.2897,1,0.8662,144.48,64.38,1,2026-06-30
SIGNATURE,29.25,2,-4.2304,0,-0.0348,11.74,17.12,0,2026-06-30
SIGNPOST,54.89,1,0.3522,2,0.8145,14.89,18.01,0,2026-06-30
SIKA,64.92,1,18.8269,1,0.8678,38.56,28.35,1,2026-06-30
SIKKO,35.72,1,0.0066,1,0.1114,9.8,49.14,1,2026-06-30
SIL,49.64,1,0.0037,2,0.5129,8.48,25.21,1,2026-06-30
SILGO,44.64,1,-0.0884,1,0.3649,12.18,13.76,0,2026-06-30
SILINV,42.88,1,0.6404,1,0.3941,5.76,28.27,1,2026-06-30
SILLYMONKS,42.17,1,-0.1466,0,0.1458,14.79,22.5,0,2026-06-30
SILVER,36.5,1,-2.337,1,0.1995,22.52,28.06,1,2026-06-30
SILVER1,34.92,1,-0.0983,1,0.1984,22.67,32.44,1,2026-06-30
SILVER360,36.14,1,-2.2818,1,0.1942,22.26,26.66,1,2026-06-30
SILVERADD,36.86,1,-2.2476,1,0.2022,22.64,21.09,0,2026-06-30
SILVERAG,37.02,1,-2.2938,1,0.2016,22.59,23.21,0,2026-06-30
SILVERBEES,37.16,1,-2.2502,1,0.2055,22.74,20.95,0,2026-06-30
SILVERBETA,37.4,1,-2.2384,1,0.2076,22.71,22.46,0,2026-06-30
SILVERBND,37.12,1,-2.333,1,0.2031,22.39,20.97,0,2026-06-30
SILVERCASE,36.51,1,-0.2439,1,0.2008,22.96,24.41,0,2026-06-30
SILVERETF,85.09,0,2.1404,1,0.9386,32.54,44.66,1,2026-06-30
SILVERIETF,36.79,1,-2.3667,1,0.2047,22.71,24.85,0,2026-06-30
SILVERTUC,54.26,1,-2.5354,1,0.448,18.62,33.89,1,2026-06-30
SILVRETF,76.8,0,0.5748,2,0.9316,16.84,44.97,1,2026-06-30
SIMPLEXINF,56.81,1,-2.2768,1,0.6419,20.51,19.86,0,2026-06-30
SINCLAIR,45.89,1,0.0387,1,0.3993,9.1,30.16,1,2026-06-30
SINDHUTRAD,47.23,1,-0.1085,1,0.3112,8.43,18.7,0,2026-06-30
SINGERIND,48.45,1,0.0297,1,0.4819,9.35,11.89,0,2026-06-30
SINTERCOM,43.38,1,-0.1845,0,0.3344,13.11,16.06,0,2026-06-30
SIRCA,30.29,1,-0.8952,0,-0.0902,4.82,15.85,0,2026-06-30
SIS,49.16,1,-2.2111,0,0.204,8.02,54.82,1,2026-06-30
SIYSIL,58.34,1,0.1887,1,0.7605,10.39,22.98,0,2026-06-30
SJS,65.45,1,-4.0159,1,0.7817,15.45,35.83,1,2026-06-30
SJVN,48.9,1,0.0435,2,0.5766,5.1,8.47,0,2026-06-30
SKFINDIA,57.11,1,7.4333,2,0.8717,7.55,20.72,0,2026-06-30
SKFINDUS,79.97,0,38.8811,1,0.8966,33.74,50.42,1,2026-06-30
SKIPPER,52.35,1,-5.4768,1,0.2583,10.27,24.72,0,2026-06-30
SKMEGGPROD,72.98,0,4.0927,2,1.0561,31.02,61.22,1,2026-06-30
SKYGOLD,58.78,1,-2.6189,1,0.6378,17.39,19.89,0,2026-06-30
SMALL250,65.24,1,0.0251,1,0.7856,8.87,45.82,1,2026-06-30
SMALLADD,63.93,1,0.0255,1,0.7849,9.08,21.89,0,2026-06-30
SMALLCAP,60.27,1,0.0595,1,0.7447,8.06,26.68,1,2026-06-30
SMARTLINK,61.87,1,2.8593,1,0.7729,43.06,34.43,1,2026-06-30
SMARTWORKS,62.92,1,2.3217,1,0.8486,13.65,34.86,1,2026-06-30
SMCGLOBAL,55.55,1,-0.0892,0,0.561,29.81,26.25,1,2026-06-30
SML100CASE,64.14,1,0.0186,2,0.8458,8.73,60.23,1,2026-06-30
SMLISUZU,49.55,1,44.5739,1,0.6865,16.89,22.87,0,2026-06-30
SMLMAH,59.55,1,17.7121,1,0.7988,15.18,21.42,0,2026-06-30
SMLT,39.23,1,-0.2932,0,0.0529,8.55,14.43,0,2026-06-30
SMSLIFE,65.49,1,15.0867,1,0.8756,26.82,45.29,1,2026-06-30
SMSPHARMA,66.62,1,3.6731,2,1.2981,12.18,18.95,0,2026-06-30
SNOWMAN,40.76,1,-0.1034,0,0.2768,11.86,17.6,0,2026-06-30
SNXT30BEES,45.94,1,-0.0319,0,0.3716,3.31,10.9,0,2026-06-30
SNXT50BETA,54.78,1,0.0855,1,0.6864,6.86,13.0,0,2026-06-30
SOBHA,48.95,1,2.588,1,0.544,13.92,19.84,0,2026-06-30
SOFTTECH,61.53,1,6.4524,1,0.7456,47.77,28.65,1,2026-06-30
SOLARA,54.56,1,-2.5811,1,0.576,15.16,39.03,1,2026-06-30
SOLARINDS,61.05,1,-13.7307,1,0.8836,11.62,23.89,0,2026-06-30
SOLARWORLD,40.22,1,-0.2641,1,0.2866,11.61,13.33,0,2026-06-30
SOLEX,43.79,1,5.1065,2,0.4787,15.08,13.55,0,2026-06-30
SOMANYCERA,62.68,1,-0.7155,1,1.0132,7.54,30.94,1,2026-06-30
SOMATEX,32.94,1,-1.0028,0,-0.0035,18.36,17.29,0,2026-06-30
SOMICONVEY,53.91,1,1.3675,1,0.7898,17.17,26.47,1,2026-06-30
SONACOMS,60.49,1,1.2699,1,0.8139,7.61,23.13,0,2026-06-30
SONAMLTD,40.94,1,-0.4772,1,0.1569,13.87,17.07,0,2026-06-30
SONATSOFTW,44.66,1,-1.5907,0,0.3608,26.21,28.37,1,2026-06-30
SOTL,47.86,1,-13.6489,0,0.2375,29.14,49.75,1,2026-06-30
SOUTHBANK,55.85,1,-0.3414,0,0.4778,14.4,32.72,1,2026-06-30
SOUTHWEST,33.66,1,-4.778,0,-0.0094,24.46,17.15,0,2026-06-30
SPAL,71.76,0,26.4765,2,0.9975,50.93,43.77,1,2026-06-30
SPANDANA,60.55,1,2.4201,2,0.8423,20.79,22.47,0,2026-06-30
SPARC,62.31,1,-1.7528,1,0.712,24.48,39.43,1,2026-06-30
SPCENET,45.75,1,0.04,1,0.4551,30.04,21.2,0,2026-06-30
SPECIALITY,60.65,1,1.957,1,0.7751,38.12,30.23,1,2026-06-30
SPECTRUM,69.89,1,5.4646,2,0.9414,22.99,39.96,1,2026-06-30
SPENCERS,44.38,1,-0.1858,0,0.2601,10.17,11.97,0,2026-06-30
SPIC,43.31,1,-0.2562,0,0.1997,8.45,12.19,0,2026-06-30
SPLIL,48.97,1,0.0576,1,0.4867,11.27,9.88,0,2026-06-30
SPLPETRO,48.99,1,2.7884,1,0.508,16.64,21.91,0,2026-06-30
SPMLINFRA,48.51,1,0.9117,1,0.5322,15.61,18.8,0,2026-06-30
SPORTKING,50.23,1,-1.8163,0,0.2288,10.52,30.82,1,2026-06-30
SRD,46.36,1,0.1974,1,0.5184,9.94,15.26,0,2026-06-30
SREEL,56.99,1,0.5338,1,0.6488,15.23,48.92,1,2026-06-30
SRF,53.88,1,-3.862,1,0.6995,4.08,9.4,0,2026-06-30
SRGHFL,63.03,1,2.0005,2,0.9533,11.36,11.93,0,2026-06-30
SRHHYPOLTD,41.35,1,-1.4904,1,0.1802,6.75,10.41,0,2026-06-30
SRM,54.71,1,2.0797,1,0.7572,12.17,17.17,0,2026-06-30
SRTL,39.57,1,0.11,2,0.2989,8.86,30.84,1,2026-06-30
SSDL,46.22,1,0.2581,1,0.5457,10.36,29.73,1,2026-06-30
SSWL,57.44,1,-0.4749,0,0.6073,10.38,25.4,1,2026-06-30
STALLION,52.22,1,-1.9898,0,0.4022,13.98,19.06,0,2026-06-30
STANLEY,52.91,1,0.9011,2,0.8522,11.29,15.26,0,2026-06-30
STAR,51.04,1,2.9497,1,0.6291,16.3,21.12,0,2026-06-30
STARCEMENT,39.78,1,-0.1058,0,0.2221,5.71,15.1,0,2026-06-30
STARHEALTH,75.25,0,4.3943,1,0.8855,19.88,44.24,1,2026-06-30
STARPAPER,50.67,1,0.2418,2,0.6053,5.98,23.32,0,2026-06-30
STARTECK,66.89,1,1.1293,1,0.8578,12.62,32.15,1,2026-06-30
STCINDIA,51.84,1,-0.2566,0,0.5323,24.65,36.24,1,2026-06-30
STEELCAS,59.24,1,1.1744,1,0.8557,12.03,29.89,1,2026-06-30
STEELCITY,43.31,1,0.0525,1,0.3791,5.87,17.68,0,2026-06-30
STEELXIND,56.34,1,-0.0731,0,0.5781,17.98,15.14,0,2026-06-30
STEL,56.81,1,-2.6224,0,0.556,32.92,37.69,1,2026-06-30
STERTOOLS,56.2,1,4.8107,1,0.7428,32.5,30.02,1,2026-06-30
STLNETWORK,47.15,1,-0.6691,0,0.0974,25.09,29.9,1,2026-06-30
STLTECH,88.84,0,8.4479,1,0.9863,60.4,60.06,1,2026-06-30
STOVEKRAFT,83.12,0,8.6103,1,0.913,31.09,57.67,1,2026-06-30
STUDDS,45.69,1,-2.9997,0,0.3748,21.14,28.53,1,2026-06-30
STYL,72.17,0,2.2572,1,0.8392,24.73,44.23,1,2026-06-30
STYLAMIND,63.06,1,-17.3361,0,0.6595,14.51,53.5,1,2026-06-30
STYLEBAAZA,48.72,1,-5.8407,0,0.1555,17.72,38.34,1,2026-06-30
STYRENIX,54.46,1,9.147,1,0.6764,14.27,18.95,0,2026-06-30
SUBEXLTD,67.21,1,0.1592,1,0.9064,29.87,28.16,1,2026-06-30
SUBROS,64.45,1,11.6658,1,0.882,28.52,26.32,1,2026-06-30
SUDARCOLOR,43.33,1,-1.2529,0,0.0095,4.99,26.41,1,2026-06-30
SUDARSCHEM,46.12,1,-1.4165,0,0.4013,7.09,14.49,0,2026-06-30
SUDEEPPHRM,63.94,1,-0.6429,1,0.7703,23.67,46.8,1,2026-06-30
SUKHJITS,51.24,1,1.0575,2,0.8301,8.7,21.4,0,2026-06-30
SULA,40.35,1,0.0461,1,0.1948,5.1,15.76,0,2026-06-30
SUMEETINDS,55.5,1,0.3328,2,0.7486,18.8,23.84,0,2026-06-30
SUMICHEM,35.79,1,-5.2251,0,0.033,16.43,18.61,0,2026-06-30
SUMIT,67.62,1,1.1173,2,1.0711,32.19,25.45,1,2026-06-30
SUMMITSEC,45.41,1,0.6829,1,0.4129,8.69,10.27,0,2026-06-30
SUNCLAY,52.22,1,6.0423,2,0.7753,6.77,11.77,0,2026-06-30
SUNDARAM,35.19,1,-0.0034,0,-0.0976,4.92,27.76,1,2026-06-30
SUNDARMFIN,53.98,1,38.9539,1,0.7109,17.31,25.09,1,2026-06-30
SUNDARMHLD,70.35,0,3.9387,1,0.8882,23.57,38.77,1,2026-06-30
SUNDRMBRAK,72.67,0,9.5925,2,1.0553,24.09,40.12,1,2026-06-30
SUNDRMFAST,75.11,0,8.8937,2,0.9918,16.69,19.42,0,2026-06-30
SUNDROP,40.13,1,-2.0646,0,0.0496,6.14,24.04,0,2026-06-30
SUNFLAG,43.18,1,-3.6827,1,0.2301,18.65,14.38,0,2026-06-30
SUNPHARMA,60.53,1,6.1331,1,0.8083,7.64,22.7,0,2026-06-30
SUNTECK,51.86,1,2.5102,1,0.6335,25.42,17.83,0,2026-06-30
SUNTV,45.5,1,1.9923,1,0.5084,4.19,16.72,0,2026-06-30
SUPERHOUSE,56.93,1,0.4307,2,0.8379,7.5,33.56,1,2026-06-30
SUPERSPIN,45.15,1,0.0197,1,0.2842,9.05,16.58,0,2026-06-30
SUPRAJIT,51.24,1,-1.9358,0,0.3457,5.79,30.49,1,2026-06-30
SUPREME,51.79,1,0.4487,1,0.7822,11.45,26.41,1,2026-06-30
SUPREMEIND,26.83,2,-33.741,0,-0.2144,13.55,16.06,0,2026-06-30
SUPRIYA,65.76,1,-3.8868,1,1.2082,10.87,42.17,1,2026-06-30
SURAJEST,48.75,1,1.2645,2,0.8814,8.48,16.57,0,2026-06-30
SURAJLTD,49.09,1,0.3684,2,0.614,3.43,20.93,0,2026-06-30
SURAKSHA,46.47,1,0.8058,2,0.4914,10.72,20.67,0,2026-06-30
SURANASOL,50.36,1,-0.0399,0,0.4155,3.76,18.38,0,2026-06-30
SURANAT&P,58.49,1,0.115,1,0.8518,13.26,26.07,1,2026-06-30
SURYALA,54.88,1,-3.0952,0,0.4736,13.67,24.46,0,2026-06-30
SURYALAXMI,59.63,1,0.4894,2,0.9055,16.2,20.93,0,2026-06-30
SURYAROSNI,53.82,1,-0.5906,0,0.5368,9.39,13.28,0,2026-06-30
SURYODAY,59.94,1,-0.2825,1,0.8638,5.96,33.23,1,2026-06-30
SUTLEJTEX,55.5,1,0.0763,1,0.7354,12.3,32.74,1,2026-06-30
SUVEN,61.81,1,-0.3956,1,0.8574,17.32,22.66,0,2026-06-30
SUVIDHAA,46.86,1,0.0045,1,0.4564,6.8,10.87,0,2026-06-30
SUYOG,63.78,1,8.6716,2,0.8596,26.04,19.13,0,2026-06-30
SUZLON,60.93,1,0.0025,2,0.8008,13.78,20.16,0,2026-06-30
SVLL,63.41,1,19.2415,1,0.8177,56.87,37.21,1,2026-06-30
SVPGLOB,68.95,1,0.1236,2,1.05,48.12,23.4,0,2026-06-30
SWANCORP,44.34,1,0.293,1,0.3599,7.42,15.0,0,2026-06-30
SWANENERGY,52.56,1,1.943,2,0.7256,16.61,17.75,0,2026-06-30
SWARAJENG,66.67,1,19.7161,2,0.9116,9.82,22.56,0,2026-06-30
SWELECTES,54.62,1,0.0086,2,0.7084,8.54,10.43,0,2026-06-30
SWIGGY,38.15,1,-0.8993,0,0.1314,10.92,15.6,0,2026-06-30
SWSOLAR,72.2,0,3.4124,1,0.8133,38.16,30.02,1,2026-06-30
SYMPHONY,42.76,1,3.8963,1,0.4487,6.19,17.27,0,2026-06-30
SYNCOMF,51.2,1,-0.038,1,0.5268,8.38,10.88,0,2026-06-30
SYNGENE,46.25,1,-1.1244,1,0.3572,6.48,15.93,0,2026-06-30
SYRMA,69.76,1,3.3702,1,0.8226,24.06,56.69,1,2026-06-30
SYSTMTXC,50.08,1,0.3124,1,0.6736,6.66,20.61,0,2026-06-30
TAALTECH,36.6,1,-48.029,0,-0.0686,15.41,30.02,1,2026-06-30
TAINWALCHM,54.49,1,0.0751,2,0.8901,6.07,14.85,0,2026-06-30
TAJGVK,54.06,1,-0.2342,1,0.6466,8.26,20.99,0,2026-06-30
TALBROAUTO,79.35,0,4.8972,2,1.0857,23.18,49.68,1,2026-06-30
TAMBOLIIN,74.4,0,3.7799,1,0.9453,36.19,39.87,1,2026-06-30
TANLA,55.34,1,0.5841,2,0.7345,7.32,19.68,0,2026-06-30
TARACHAND,44.96,1,0.1671,1,0.3527,10.02,13.28,0,2026-06-30
TARAPUR,35.82,1,-0.0317,0,0.1372,16.91,20.7,0,2026-06-30
TARC,47.68,1,-0.0392,1,0.4653,8.57,13.67,0,2026-06-30
TARIL,62.04,1,1.8186,2,0.9034,19.22,21.4,0,2026-06-30
TARMAT,38.61,1,-0.0443,0,-0.0641,4.71,14.64,0,2026-06-30
TARSONS,66.5,1,2.9047,1,0.7892,48.26,39.94,1,2026-06-30
TASTYBITE,70.63,0,19.9768,1,0.8298,13.13,48.0,1,2026-06-30
TATACAP,69.08,1,3.3974,1,0.8446,25.35,39.37,1,2026-06-30
TATACHEM,41.98,1,-0.442,0,0.111,4.76,20.37,0,2026-06-30
TATACOMM,55.68,1,-10.2599,0,0.5216,8.62,34.08,1,2026-06-30
TATACONSUM,35.55,1,-0.9029,0,-0.0391,6.74,22.2,0,2026-06-30
TATAELXSI,29.72,2,-23.1698,0,0.0004,14.71,21.29,0,2026-06-30
TATAGOLD,33.57,1,-0.0889,1,0.1241,13.25,17.72,0,2026-06-30
TATAINVEST,46.73,1,0.0855,1,0.4476,8.26,14.73,0,2026-06-30
TATAMOTORS,16.5,2,-21.6857,1,0.2083,99.29,41.82,1,2026-06-30
TATAPOWER,32.31,1,-1.1716,0,0.065,8.32,23.22,0,2026-06-30
TATASTEEL,27.51,2,-1.0461,1,0.1033,13.96,26.64,1,2026-06-30
TATATECH,39.81,1,-11.8708,0,-0.2443,11.66,36.35,1,2026-06-30
TATSILV,37.49,1,-0.2238,1,0.2095,22.49,27.67,1,2026-06-30
TATVA,49.68,1,4.5835,1,0.5944,8.49,12.03,0,2026-06-30
TBOTEK,62.57,1,3.6035,1,0.6672,33.45,39.9,1,2026-06-30
TBZ,68.17,1,-0.3653,1,0.8052,22.94,42.86,1,2026-06-30
TCC,26.43,2,-2.9229,1,0.0713,18.83,16.17,0,2026-06-30
TCI,46.52,1,-1.375,0,0.236,5.61,12.4,0,2026-06-30
TCIEXP,46.62,1,-0.9862,0,0.3247,17.78,20.29,0,2026-06-30
TCIFINANCE,90.95,0,1.2926,2,1.2191,94.89,32.86,1,2026-06-30
TCPLPACK,64.52,1,32.1174,1,0.7916,29.13,27.74,1,2026-06-30
TCS,32.42,1,-5.1517,0,0.1047,15.68,22.26,0,2026-06-30
TDPOWERSYS,49.7,1,-3.3052,0,0.4719,18.67,21.36,0,2026-06-30
TEAMGTY,45.52,1,0.4863,2,0.3852,10.16,10.97,0,2026-06-30
TEAMLEASE,64.74,1,-1.1456,0,0.7302,8.33,40.51,1,2026-06-30
TECH,34.97,1,-0.1565,0,0.0851,14.32,19.19,0,2026-06-30
TECHM,43.11,1,-5.0146,0,0.1484,10.35,12.92,0,2026-06-30
TECHNOE,42.6,1,7.5437,1,0.4996,13.15,14.45,0,2026-06-30
TECHNVISN,20.04,2,-56.0481,0,-0.1548,21.21,48.33,1,2026-06-30
TECILCHEM,36.5,1,-0.0366,0,0.0856,15.39,14.57,0,2026-06-30
TEGA,44.35,1,-15.0364,0,0.1142,11.75,18.23,0,2026-06-30
TEJASNET,62.54,1,-2.1302,0,0.6901,20.08,44.09,1,2026-06-30
TEMBO,50.54,1,0.1437,2,0.5891,11.54,19.27,0,2026-06-30
TENNIND,52.89,1,2.3734,2,0.7885,8.22,15.24,0,2026-06-30
TERASOFT,53.51,1,-5.5046,1,0.2523,13.33,28.85,1,2026-06-30
TEXINFRA,66.87,1,0.838,1,0.8378,17.55,40.58,1,2026-06-30
TEXMOPIPES,50.08,1,0.0686,1,0.5398,13.45,20.1,0,2026-06-30
TEXRAIL,49.62,1,0.1504,1,0.5672,11.87,16.75,0,2026-06-30
TFCILTD,55.4,1,0.196,1,0.7649,7.51,14.02,0,2026-06-30
TFL,44.62,1,-0.0252,0,0.2498,9.07,23.58,0,2026-06-30
TGBHOTELS,47.07,1,0.007,2,0.4242,3.14,24.13,0,2026-06-30
THANGAMAYL,79.61,0,27.2818,2,1.1835,25.02,47.99,1,2026-06-30
THEINVEST,48.6,1,0.2987,2,0.5915,10.23,14.18,0,2026-06-30
THEJO,76.67,0,30.9775,2,0.9591,32.21,32.87,1,2026-06-30
THELEELA,63.93,1,3.1351,1,0.7086,28.75,35.49,1,2026-06-30
THEMISMED,53.43,1,0.4105,1,0.5856,22.61,40.7,1,2026-06-30
THERMAX,68.23,1,19.172,2,1.1373,11.65,48.8,1,2026-06-30
THOMASCOOK,53.48,1,-0.4078,0,0.5328,29.31,33.41,1,2026-06-30
THOMASCOTT,69.63,1,5.5856,2,0.9339,38.33,30.26,1,2026-06-30
THYROCARE,60.69,1,-3.3013,1,0.8091,9.16,51.49,1,2026-06-30
TI,60.02,1,2.3838,2,1.1001,8.38,15.25,0,2026-06-30
TICL,16.6,2,-0.5518,0,-0.1125,43.93,38.25,1,2026-06-30
TIGERLOGS,56.16,1,0.5769,1,0.636,46.79,37.03,1,2026-06-30
TIIL,51.76,1,4.4099,1,0.6299,8.4,17.2,0,2026-06-30
TIINDIA,44.01,1,-29.1636,0,0.2111,12.69,19.74,0,2026-06-30
TIJARIA,48.86,1,-0.0228,1,0.508,16.82,15.81,0,2026-06-30
TIL,52.59,1,1.6575,1,0.618,39.9,22.33,0,2026-06-30
TIMESGTY,67.36,1,8.5648,1,0.8983,66.37,48.37,1,2026-06-30
TIMETECHNO,55.07,1,0.9643,1,0.761,11.3,12.87,0,2026-06-30
TIMEX,72.84,0,0.5089,2,0.9297,24.79,45.8,1,2026-06-30
TIMKEN,42.24,1,-12.6627,0,0.1985,10.02,19.0,0,2026-06-30
TINNARUBR,67.49,1,2.9536,2,0.9343,16.7,41.91,1,2026-06-30
TIPSFILMS,39.53,1,-1.7383,1,0.2295,16.46,12.87,0,2026-06-30
TIPSMUSIC,42.74,1,-3.6113,0,0.1662,10.31,21.36,0,2026-06-30
TIRUMALCHM,41.24,1,-0.1209,1,0.326,15.74,25.69,1,2026-06-30
TIRUPATIFL,78.64,0,1.9663,2,1.2412,66.84,30.28,1,2026-06-30
TITAGARH,54.63,1,-3.9144,0,0.5346,15.93,21.2,0,2026-06-30
TITAN,59.97,1,12.1072,2,0.8143,11.57,12.76,0,2026-06-30
TMB,46.77,1,-6.8214,0,0.1306,9.05,25.91,1,2026-06-30
TMCV,62.19,1,4.9398,1,0.8358,23.1,30.47,1,2026-06-30
TMPV,41.53,1,-4.7108,1,0.1948,19.95,21.75,0,2026-06-30
TNIDETF,42.13,1,-0.1344,0,0.2244,6.21,14.33,0,2026-06-30
TNPETRO,62.91,1,0.6246,1,0.8414,16.39,25.17,1,2026-06-30
TNPL,52.85,1,0.1872,2,0.8253,3.58,14.85,0,2026-06-30
TNTELE,39.57,1,-0.0235,0,-0.0232,7.08,24.69,0,2026-06-30
TOKYOPLAST,70.58,0,4.8086,1,0.953,77.87,31.58,1,2026-06-30
TOLINS,47.01,1,0.1496,1,0.5359,15.4,17.22,0,2026-06-30
TOP100CASE,54.24,1,0.0138,1,0.6608,6.13,21.68,0,2026-06-30
TOP10ADD,45.75,1,0.0243,1,0.444,6.29,16.55,0,2026-06-30
TOP15IETF,51.0,1,0.0151,1,0.6014,6.88,32.05,1,2026-06-30
TOP20,53.14,1,0.0142,1,0.6513,6.58,19.21,0,2026-06-30
TORNTPHARM,62.4,1,11.4927,2,0.9283,7.58,21.7,0,2026-06-30
TORNTPOWER,43.12,1,5.1088,1,0.3903,7.2,19.42,0,2026-06-30
TOTAL,41.47,1,0.1184,1,0.3635,9.04,9.64,0,2026-06-30
TOUCHWOOD,45.06,1,-0.1282,0,0.3017,11.33,20.95,0,2026-06-30
TPHQ,33.6,1,0.0008,1,0.1452,6.03,25.24,1,2026-06-30
TPLPLASTEH,63.96,1,0.525,2,0.9122,16.35,25.16,1,2026-06-30
TRACXN,42.17,1,-0.0524,1,0.2042,7.77,9.16,0,2026-06-30
TRANSPEK,40.32,1,6.1515,1,0.4072,5.38,20.51,0,2026-06-30
TRANSRAILL,52.6,1,4.5685,1,0.75,11.74,22.78,0,2026-06-30
TRANSWORLD,60.15,1,2.1785,1,0.8824,20.59,28.37,1,2026-06-30
TRAVELFOOD,58.2,1,1.3495,1,0.6659,16.12,24.66,0,2026-06-30
TREEHOUSE,47.43,1,0.0154,2,0.5547,10.86,12.45,0,2026-06-30
TREJHARA,44.85,1,0.7203,1,0.5263,10.37,13.73,0,2026-06-30
TREL,53.81,1,0.064,1,0.6879,6.53,10.52,0,2026-06-30
TRENT,72.71,0,32.1688,1,0.8619,28.12,31.16,1,2026-06-30
TRF,51.36,1,1.9658,1,0.6954,13.83,20.52,0,2026-06-30
TRIDENT,58.89,1,0.18,1,0.7849,15.4,24.44,0,2026-06-30
TRIGYN,36.46,1,-0.5497,0,0.0282,15.47,18.34,0,2026-06-30
TRITURBINE,54.48,1,-2.8678,1,0.637,12.36,32.51,1,2026-06-30
TRIVENI,67.61,1,3.1434,1,0.857,20.87,35.86,1,2026-06-30
TRU,30.99,1,-0.0496,0,-0.027,16.33,17.19,0,2026-06-30
TRUALT,35.82,1,-6.192,0,-0.0008,15.7,16.67,0,2026-06-30
TSFINV,67.61,1,4.5981,2,1.1703,14.15,15.59,0,2026-06-30
TTKHLTCARE,54.21,1,2.4704,1,0.6302,7.86,15.11,0,2026-06-30
TTKPRESTIG,74.7,0,6.4101,2,1.2408,16.23,39.37,1,2026-06-30
TTL,34.19,1,0.0368,2,0.2916,16.0,36.29,1,2026-06-30
TTML,46.74,1,-0.3061,1,0.2798,11.66,30.56,1,2026-06-30
TVSELECT,63.61,1,4.4995,2,0.9717,16.29,23.85,0,2026-06-30
TVSHLTD,53.65,1,46.0015,2,0.92,4.12,16.63,0,2026-06-30
TVSMOTOR,51.82,1,14.3746,1,0.6844,8.39,15.01,0,2026-06-30
TVSSCS,58.35,1,-0.452,0,0.6614,21.61,30.25,1,2026-06-30
TVSSRICHAK,56.76,1,-0.0262,0,0.6441,9.5,36.02,1,2026-06-30
TVTODAY,70.98,0,2.2355,2,1.1037,22.87,22.91,0,2026-06-30
TVVISION,48.4,1,0.0015,2,0.464,8.25,34.89,1,2026-06-30
TWCGOLDETF,32.58,1,-0.8727,1,0.1187,12.66,23.22,0,2026-06-30
UBL,46.68,1,3.3652,2,0.5578,3.22,15.81,0,2026-06-30
UCAL,79.65,0,2.4229,2,1.0097,33.85,40.89,1,2026-06-30
UCOBANK,55.97,1,0.0391,1,0.6541,15.84,24.98,0,2026-06-30
UDAICEMENT,57.19,1,-0.0012,0,0.6844,8.46,23.95,0,2026-06-30
UDS,62.18,1,-0.212,1,0.9256,6.82,40.37,1,2026-06-30
UEL,33.6,1,-0.5928,0,-0.0093,12.0,14.03,0,2026-06-30
UFBL,61.28,1,-1.3264,0,0.642,50.18,39.84,1,2026-06-30
UFLEX,48.54,1,-0.5089,0,0.367,8.14,26.69,1,2026-06-30
UFO,38.83,1,-0.3724,0,-0.0275,7.3,18.23,0,2026-06-30
UGARSUGAR,53.18,1,0.1079,2,0.79,6.97,19.94,0,2026-06-30
UGROCAP,47.69,1,0.2896,1,0.5712,10.26,12.88,0,2026-06-30
UJJIVANSFB,60.81,1,0.348,2,0.938,14.62,22.88,0,2026-06-30
ULTRACEMCO,46.85,1,30.028,1,0.5608,8.25,14.06,0,2026-06-30
ULTRAMAR,47.77,1,1.6952,2,0.5512,10.94,18.4,0,2026-06-30
UMAEXPORTS,39.65,1,-0.2442,0,-0.098,18.51,11.45,0,2026-06-30
UMESLTD,59.67,1,0.1565,1,0.7403,77.06,41.32,1,2026-06-30
UMIYA-MRO,61.63,1,0.3858,1,0.8641,9.56,28.45,1,2026-06-30
UNICHEMLAB,68.75,1,0.7843,2,0.7684,34.59,37.98,1,2026-06-30
UNIDT,62.54,1,-0.0282,0,0.657,17.92,37.79,1,2026-06-30
UNIECOM,46.62,1,0.0342,1,0.4143,9.28,21.25,0,2026-06-30
UNIENTER,53.48,1,0.1802,1,0.642,9.15,40.93,1,2026-06-30
UNIINFO,48.03,1,0.0381,1,0.4921,47.73,38.33,1,2026-06-30
UNIMECH,58.79,1,-5.0768,1,0.7409,18.42,28.93,1,2026-06-30
UNIONBANK,52.94,1,0.3106,1,0.5969,10.05,14.39,0,2026-06-30
UNIONGOLD,34.45,1,-0.9247,1,0.1386,13.69,17.85,0,2026-06-30
UNIPARTS,65.18,1,-3.0867,1,0.7488,13.14,39.27,1,2026-06-30
UNITDSPR,58.53,1,8.0336,1,0.7885,13.63,18.53,0,2026-06-30
UNITECH,45.53,1,-0.0292,0,0.2432,11.14,10.84,0,2026-06-30
UNITEDPOLY,63.39,1,0.0738,2,0.8854,18.57,31.97,1,2026-06-30
UNITEDTEA,27.57,2,-2.3298,0,0.0655,12.81,21.77,0,2026-06-30
UNIVASTU,65.28,1,0.1831,2,0.8452,25.04,60.64,1,2026-06-30
UNIVCABLES,56.25,1,-8.2482,0,0.6455,15.37,33.22,1,2026-06-30
UNIVPHOTO,93.29,0,20.2851,2,1.094,103.28,46.76,1,2026-06-30
UNOMINDA,47.5,1,1.1372,1,0.4327,7.65,11.85,0,2026-06-30
UPL,28.25,2,-4.172,0,0.0172,13.65,25.76,1,2026-06-30
URAVIDEF,50.5,1,1.0553,2,0.944,6.31,14.84,0,2026-06-30
URBANCO,54.64,1,0.6329,1,0.6984,14.2,27.71,1,2026-06-30
URJA,34.8,1,-0.0785,0,0.0441,15.18,16.48,0,2026-06-30
USHAMART,56.48,1,-1.5803,1,0.643,10.77,16.73,0,2026-06-30
USK,44.94,1,-0.1265,0,0.2074,12.24,13.35,0,2026-06-30
UTIAMC,47.69,1,0.845,1,0.5314,4.66,15.76,0,2026-06-30
UTIBANKETF,54.88,1,-0.0878,1,0.4499,1.8,18.33,0,2026-06-30
UTINEXT50,52.95,1,0.0978,2,0.6909,3.13,27.2,1,2026-06-30
UTINIFTETF,59.2,1,0.0268,2,0.7511,2.32,41.29,1,2026-06-30
UTISENSETF,55.76,1,-0.4845,1,0.6166,1.76,19.88,0,2026-06-30
UTISXN50,53.53,1,0.0123,2,0.6242,2.36,9.54,0,2026-06-30
UTKARSHBNK,55.74,1,0.1009,1,0.6859,27.21,32.7,1,2026-06-30
UTLSOLAR,58.71,1,-2.414,1,0.6467,21.42,20.05,0,2026-06-30
UTTAMSUGAR,40.95,1,-0.4819,0,0.2091,8.13,15.6,0,2026-06-30
UYFINCORP,45.09,1,-0.0521,1,0.2861,7.04,22.11,0,2026-06-30
V2RETAIL,48.08,1,-1.5393,1,0.3312,16.27,15.32,0,2026-06-30
VADILALIND,73.36,0,-12.8231,0,0.7109,21.95,63.29,1,2026-06-30
VAIBHAVGBL,46.68,1,-1.504,0,0.326,13.8,18.01,0,2026-06-30
VAISHALI,67.66,1,0.3254,1,0.875,71.13,38.75,1,2026-06-30
VAKRANGEE,37.0,1,-0.0135,0,0.1768,8.32,14.16,0,2026-06-30
VAL30IETF,41.88,1,-0.0285,0,0.1531,4.1,14.26,0,2026-06-30
VALIANTLAB,80.01,0,1.8415,2,0.9981,49.11,36.99,1,2026-06-30
VALIANTORG,51.49,1,1.3676,1,0.5393,17.0,25.1,1,2026-06-30
VALUE,41.45,1,-0.0472,0,0.1284,4.66,50.15,1,2026-06-30
VARDHACRLC,49.54,1,-0.2737,0,0.1868,5.39,27.82,1,2026-06-30
VARDMNPOLY,44.43,1,-0.0676,0,0.284,31.57,13.44,0,2026-06-30
VARROC,64.06,1,1.3873,2,0.8969,14.32,25.9,1,2026-06-30
VASCONEQ,52.77,1,0.1962,1,0.5349,24.33,32.22,1,2026-06-30
VASWANI,46.4,1,-0.5262,1,0.26,16.44,18.53,0,2026-06-30
VBL,43.36,1,-4.3415,1,0.1795,9.58,18.29,0,2026-06-30
VCL,52.26,1,0.0074,2,0.619,19.45,23.3,0,2026-06-30
VEDL,32.27,1,3.4867,1,0.1539,20.94,38.14,1,2026-06-30
VEEDOL,48.36,1,-1.3521,0,0.4199,6.82,20.27,0,2026-06-30
VELJAN,73.08,0,5.4174,2,1.2229,23.61,24.24,0,2026-06-30
VENKEYS,47.92,1,6.8595,1,0.6694,7.36,17.11,0,2026-06-30
VENTIVE,45.12,1,-1.4689,0,0.3246,9.18,13.82,0,2026-06-30
VENUSPIPES,76.22,0,25.3606,1,0.9404,33.22,24.4,0,2026-06-30
VENUSREM,84.0,0,39.8051,2,0.9212,78.56,52.07,1,2026-06-30
VERANDA,56.55,1,-1.0371,1,0.6763,12.19,44.89,1,2026-06-30
VERTOZ,52.31,1,-0.1406,1,0.512,14.38,17.52,0,2026-06-30
VESUVIUS,42.41,1,1.1879,1,0.3291,7.43,14.76,0,2026-06-30
VETO,62.33,1,-0.0846,0,0.644,37.54,44.45,1,2026-06-30
VGL,42.0,1,-1.0645,0,0.0667,17.63,20.04,0,2026-06-30
VGUARD,40.81,1,0.4909,1,0.2855,6.97,18.07,0,2026-06-30
VHL,55.94,1,8.7686,1,0.7172,11.81,15.01,0,2026-06-30
VIDHIING,44.58,1,-0.1416,1,0.3289,6.2,13.34,0,2026-06-30
VIDYAWIRES,51.72,1,-0.4598,0,0.5301,27.49,23.61,0,2026-06-30
VIJAYA,57.2,1,-1.4288,1,0.8053,9.58,37.43,1,2026-06-30
VIJIFIN,80.3,0,0.1233,2,1.0953,58.12,30.53,1,2026-06-30
VIKASECO,37.43,1,-0.0072,0,0.0184,9.03,19.27,0,2026-06-30
VIKASLIFE,45.31,1,-0.0068,0,0.0852,5.08,9.86,0,2026-06-30
VIKRAMSOLR,35.58,1,-1.5251,0,-0.0459,13.59,17.23,0,2026-06-30
VIKRAN,60.01,1,0.3433,2,0.9765,14.01,17.55,0,2026-06-30
VIMTALABS,69.25,1,2.821,1,0.8106,23.28,52.25,1,2026-06-30
VINATIORGA,50.84,1,2.5127,1,0.6002,7.76,13.6,0,2026-06-30
VINCOFE,55.48,1,-0.9029,1,0.5758,10.25,22.63,0,2026-06-30
VINDHYATEL,51.69,1,-34.5032,0,0.3694,20.12,32.85,1,2026-06-30
VINEETLAB,61.79,1,0.3583,1,0.7414,45.55,39.38,1,2026-06-30
VINNY,48.35,1,0.0017,1,0.4978,20.22,23.8,0,2026-06-30
VINYLINDIA,46.11,1,0.4565,1,0.4896,9.08,14.71,0,2026-06-30
VIPCLOTHNG,74.18,0,0.4217,2,1.1887,26.63,28.89,1,2026-06-30
VIPIND,44.49,1,-1.6672,0,0.1771,10.78,13.82,0,2026-06-30
VIPULLTD,81.51,0,0.4961,2,1.0916,60.28,26.39,1,2026-06-30
VIRINCHI,46.72,1,0.0766,1,0.5489,19.75,16.0,0,2026-06-30
VISAKAIND,60.63,1,-0.0224,1,0.8321,13.85,43.73,1,2026-06-30
VISASTEEL,76.58,0,1.273,1,0.9065,56.62,44.51,1,2026-06-30
VISHNU,50.28,1,-0.5372,0,0.4593,8.95,17.99,0,2026-06-30
VISHWARAJ,46.44,1,-0.0419,1,0.2027,10.25,10.82,0,2026-06-30
VIVIDHA,46.73,1,0.0001,1,0.3607,10.67,13.23,0,2026-06-30
VIVIMEDLAB,60.91,1,0.2532,1,0.8598,47.57,35.0,1,2026-06-30
VIYASH,68.01,1,1.1709,2,1.0149,15.02,53.03,1,2026-06-30
VLEGOV,72.36,0,0.722,2,0.9851,76.57,28.5,1,2026-06-30
VLSFINANCE,65.46,1,2.7251,1,0.9433,17.77,28.41,1,2026-06-30
VMART,66.41,1,0.8602,1,0.7725,24.67,32.44,1,2026-06-30
VMM,47.71,1,-0.1343,1,0.4098,3.98,17.23,0,2026-06-30
VMSTMT,61.44,1,0.3575,1,0.7393,22.14,24.29,0,2026-06-30
VOLTAMP,58.26,1,43.8045,1,0.7769,15.63,31.05,1,2026-06-30
VOLTAS,43.07,1,-1.7792,0,0.3091,10.38,16.17,0,2026-06-30
VPRPL,56.75,1,0.3575,1,0.6887,27.73,21.58,0,2026-06-30
VRAJ,36.19,1,-0.4964,0,0.0404,8.12,14.01,0,2026-06-30
VRLLOG,45.97,1,0.379,1,0.4204,6.52,15.16,0,2026-06-30
VSSL,52.1,1,-0.2403,0,0.5564,9.35,19.42,0,2026-06-30
VSTIND,55.18,1,-0.0881,0,0.6567,3.64,26.67,1,2026-06-30
VSTL,38.4,1,-0.2682,0,0.2233,8.13,15.68,0,2026-06-30
VSTTILLERS,42.91,1,9.1808,2,0.3626,6.42,27.57,1,2026-06-30
VTL,54.31,1,-1.3719,0,0.5654,8.76,11.88,0,2026-06-30
WAAREEENER,39.49,1,-10.0116,0,0.0575,6.8,10.88,0,2026-06-30
WAAREERTL,60.31,1,6.2505,2,0.9357,9.67,18.29,0,2026-06-30
WABAG,71.86,0,26.6394,1,0.7709,50.16,48.62,1,2026-06-30
WAKEFIT,48.79,1,0.9586,2,0.7031,13.79,19.68,0,2026-06-30
WALCHANNAG,53.57,1,-1.3747,0,0.5589,35.63,28.82,1,2026-06-30
WANBURY,59.65,1,0.5161,2,0.8703,13.65,25.88,1,2026-06-30
WCIL,51.79,1,0.3943,1,0.6224,18.24,16.73,0,2026-06-30
WEALTH,51.35,1,1.6663,1,0.5441,12.37,39.44,1,2026-06-30
WEBELSOLAR,44.27,1,-0.6992,1,0.2288,12.2,12.75,0,2026-06-30
WEIZMANIND,53.47,1,0.1637,1,0.6628,12.03,17.85,0,2026-06-30
WEL,67.9,1,1.1544,2,1.3149,10.02,25.15,1,2026-06-30
WELCORP,71.78,0,6.1873,2,1.1726,11.83,37.17,1,2026-06-30
WELENT,73.1,0,2.1533,2,1.0697,14.48,31.25,1,2026-06-30
WELINV,76.53,0,6.0966,1,0.8131,29.38,49.95,1,2026-06-30
WELSPLSOL,58.12,1,-0.2802,0,0.5696,36.09,42.64,1,2026-06-30
WELSPUNLIV,60.27,1,0.9951,1,0.6856,28.01,29.32,1,2026-06-30
WENDT,70.49,0,49.674,2,0.8907,28.58,42.24,1,2026-06-30
WESTLIFE,59.57,1,4.2834,2,0.8635,19.29,24.53,0,2026-06-30
WEWIN,63.23,1,1.1639,1,0.8475,41.48,27.83,1,2026-06-30
WEWORK,70.91,0,-0.6204,1,1.3172,9.68,52.63,1,2026-06-30
WHEELS,69.52,1,10.948,2,1.1043,20.87,35.69,1,2026-06-30
WHIRLPOOL,48.87,1,5.6834,2,0.7345,8.27,19.33,0,2026-06-30
WILLAMAGOR,37.99,1,-0.1285,0,0.0505,10.33,9.14,0,2026-06-30
WINDLAS,61.41,1,4.3047,1,0.8641,9.84,27.19,1,2026-06-30
WINDMACHIN,48.37,1,-2.605,0,0.4232,21.89,23.59,0,2026-06-30
WIPL,77.23,0,2.3539,1,0.9034,25.37,34.4,1,2026-06-30
WIPRO,27.47,2,-0.8612,0,0.187,23.53,31.88,1,2026-06-30
WOCKPHARMA,55.14,1,-18.5313,0,0.4212,12.31,35.32,1,2026-06-30
WONDERLA,56.31,1,2.9402,1,0.8288,7.87,24.44,0,2026-06-30
WORTH,56.1,1,0.0065,2,0.7048,6.79,20.68,0,2026-06-30
WORTHPERI,57.77,1,0.9245,2,1.0387,8.64,25.49,1,2026-06-30
WPIL,62.5,1,3.9228,1,0.7731,25.82,19.49,0,2026-06-30
WSI,40.78,1,-0.1391,0,0.0877,6.82,12.81,0,2026-06-30
WSTCSTPAPR,62.76,1,0.7231,2,1.0523,9.16,17.31,0,2026-06-30
XCHANGING,37.59,1,-0.2752,0,0.0173,8.87,12.99,0,2026-06-30
XELPMOC,38.58,1,0.1138,2,0.2858,18.46,36.22,1,2026-06-30
XPROINDIA,69.62,1,7.0317,2,0.8546,28.86,48.23,1,2026-06-30
XTGLOBAL,41.5,1,0.0571,1,0.1527,15.03,22.85,0,2026-06-30
YASHO,70.03,0,-11.2996,0,0.7674,34.22,54.01,1,2026-06-30
YATHARTH,60.04,1,1.0442,2,0.8965,7.71,13.13,0,2026-06-30
YATRA,63.29,1,0.762,1,0.7937,25.36,27.22,1,2026-06-30
YESBANK,54.83,1,-0.0338,0,0.564,17.31,28.4,1,2026-06-30
YUKEN,68.35,1,8.1648,2,1.0637,16.1,26.63,1,2026-06-30
ZAGGLE,46.03,1,0.9977,2,0.5655,12.22,16.9,0,2026-06-30
ZEEL,48.34,1,-1.2514,0,0.2818,21.94,33.16,1,2026-06-30
ZEELEARN,67.08,1,0.0864,1,0.8035,44.05,39.07,1,2026-06-30
ZEEMEDIA,51.53,1,-0.0043,1,0.6538,8.23,17.73,0,2026-06-30
ZENITHEXPO,44.57,1,-0.8583,0,0.2529,12.0,11.99,0,2026-06-30
ZENITHSTL,42.61,1,-0.0215,0,0.1331,9.27,30.04,1,2026-06-30
ZENSARTECH,30.95,1,-1.2642,0,0.1073,19.87,28.6,1,2026-06-30
ZENTEC,49.79,1,-17.9374,0,0.3855,19.18,19.13,0,2026-06-30
ZFCVINDIA,53.41,1,10.9663,1,0.624,16.57,38.98,1,2026-06-30
ZFSTEERING,50.09,1,7.747,1,0.7336,14.34,32.24,1,2026-06-30
ZIMLAB,75.94,0,1.4443,1,0.9043,40.07,51.35,1,2026-06-30
ZODIAC,73.05,0,7.3599,1,0.8974,50.01,36.17,1,2026-06-30
ZODIACLOTH,54.21,1,0.7591,1,0.6958,22.0,26.77,1,2026-06-30
ZOTA,72.31,0,19.9175,1,0.9343,25.91,42.88,1,2026-06-30
ZSARACOM,42.41,1,-7.5171,0,0.1216,8.75,12.47,0,2026-06-30
ZUARI,52.18,1,0.4922,1,0.6073,17.34,25.83,1,2026-06-30
ZUARIIND,47.69,1,-0.0473,0,0.4684,14.41,21.9,0,2026-06-30
ZYDUSLIFE,62.53,1,-1.8806,1,0.8337,5.7,41.95,1,2026-06-30
ZYDUSWELL,70.74,0,6.252,2,1.182,16.71,31.9,1,2026-06-30
