symbol,sector,close_now,score,action,trend_signal,prox_52w_high,oi_signal,oi_1d,sector_rotation_signal,fii_delta,dii_delta,promoter_delta,conviction_signal,valuation_label,yoy_profit_pct,roe_pct,management_score,management_label,ml_bull_run_score,entry_low,entry_high,stop_loss,as_of_date
ETHOSLTD,FMCG,2962.7,71.0,BUY,STRONG_UPTREND,-8.72,,,DISTRIBUTION,-1.71,2.34,0.0,FII_DII_DIVERGENCE,MODERATE,,7.61,44.0,NEUTRAL,80.78,2933.07,3021.95,2666.43,2026-08-03
BAJAJ-AUTO,AUTO,11856.0,97.0,STRONG_BUY,STRONG_UPTREND,0.0,SHORT_COVERING,-10500.0,PRICE_LED,-0.02,0.4,0.02,STABLE,FAIR_VALUE,,10.46,60.0,POSITIVE,80.05,11737.44,12093.12,10670.4,2026-08-03
NURECA,HEALTHCARE,333.4,80.0,STRONG_BUY,STRONG_UPTREND,-4.04,,,NEUTRAL,0.0,0.0,3.12,STRONG_PROMOTER_BUY,MODERATE,,-5.69,62.0,POSITIVE,87.66,330.07,340.07,300.06,2026-08-03
SPECTRUM,CAPITAL_GOODS,2547.4,84.0,STRONG_BUY,STRONG_UPTREND,-1.68,,,NEUTRAL,0.28,0.0,0.0,STABLE,,,,50.0,NEUTRAL,80.2,2521.93,2598.35,2292.66,2026-08-03
BIOCON,PHARMA,427.0,83.0,STRONG_BUY,UPTREND,-4.51,LONG_BUILDUP,137500.0,NEUTRAL,1.6,3.72,-3.59,FII_DII_ACCUMULATION,EXPENSIVE_OR_WEAK,,2.12,32.0,WEAK,64.8,422.73,435.54,384.3,2026-08-03
UNIVCABLES,CAPITAL_GOODS,1431.8,84.0,STRONG_BUY,STRONG_UPTREND,-0.22,,,NEUTRAL,-0.13,0.03,0.0,STABLE,MODERATE,,2.74,50.0,NEUTRAL,79.95,1417.48,1460.44,1288.62,2026-08-03
MPSLTD,HEALTHCARE,2770.5,100.0,STRONG_BUY,STRONG_UPTREND,-1.05,,,NEUTRAL,-0.15,0.8,0.0,DII_ACCUMULATION,CHEAP_QUALITY,,31.36,53.0,NEUTRAL,80.5,2742.8,2825.91,2493.45,2026-08-03
SPORTKING,TEXTILES,229.63,85.0,STRONG_BUY,STRONG_UPTREND,-4.92,,,NEUTRAL,0.21,0.0,0.0,STABLE,FAIR_VALUE,,3.27,50.0,NEUTRAL,80.14,227.33,234.22,206.67,2026-08-03
KAPSTON,OTHER,525.9,66.0,BUY,INSUFFICIENT_DATA,-1.52,,,NEUTRAL,0.02,0.0,0.0,STABLE,MODERATE,,2.41,56.0,POSITIVE,79.7,520.64,536.42,483.83,2026-08-03
LALPATHLAB,HEALTHCARE,1900.4,91.0,STRONG_BUY,STRONG_UPTREND,-2.13,,,NEUTRAL,-3.5,2.42,0.0,FII_DII_DIVERGENCE,CHEAP_QUALITY,,19.81,52.0,NEUTRAL,78.62,1881.4,1938.41,1710.36,2026-08-03
QUESS,OTHER,345.05,89.0,STRONG_BUY,STRONG_UPTREND,-1.27,,,NEUTRAL,-0.84,-0.04,-0.05,STABLE,FAIR_VALUE,,1.54,58.0,POSITIVE,79.98,341.6,351.95,310.55,2026-08-03
RPTECH,IT,883.65,84.0,STRONG_BUY,STRONG_UPTREND,-0.6,,,PRICE_LED,0.12,-1.0,0.03,STABLE,MODERATE,,1.56,50.0,NEUTRAL,79.95,874.81,901.32,795.28,2026-08-03
RSDFIN,FINANCIAL_SERVICES,132.88,66.0,BUY,INSUFFICIENT_DATA,0.0,,,NEUTRAL,,,,,,,,,,79.9,131.55,135.54,122.25,2026-08-03
NYKAA,RETAIL,344.9,99.0,STRONG_BUY,STRONG_UPTREND,0.0,LONG_BUILDUP,837500.0,NEUTRAL,0.26,0.0,-0.01,STABLE,EXPENSIVE_OR_WEAK,,0.69,50.0,NEUTRAL,80.01,341.45,351.8,310.41,2026-08-03
GABRIEL,AUTO,1527.4,84.0,STRONG_BUY,STRONG_UPTREND,-0.95,,,PRICE_LED,-0.07,-3.49,8.52,STRONG_PROMOTER_BUY,MODERATE,,5.77,50.0,NEUTRAL,79.99,1512.13,1557.95,1374.66,2026-08-03
LANDMARK,AUTO,542.9,71.0,BUY,STRONG_UPTREND,-18.09,,,PRICE_LED,-4.77,4.27,0.04,FII_DII_DIVERGENCE,EXPENSIVE_OR_WEAK,,0.58,44.0,NEUTRAL,79.64,537.47,553.76,488.61,2026-08-03
DEEPINDS,ENERGY,649.3,98.0,STRONG_BUY,STRONG_UPTREND,-0.87,,,PRICE_LED,0.1,0.02,0.0,STABLE,CHEAP_QUALITY,,31.24,50.0,NEUTRAL,80.13,642.81,662.29,584.37,2026-08-03
SONACOMS,AUTO,785.0,100.0,STRONG_BUY,STRONG_UPTREND,0.0,SHORT_COVERING,-306250.0,PRICE_LED,-0.19,0.73,0.0,DII_ACCUMULATION,FAIR_VALUE,,15.52,61.0,POSITIVE,80.24,777.15,800.7,706.5,2026-08-03
PAYTM,RETAIL,1410.0,89.0,STRONG_BUY,STRONG_UPTREND,-1.92,SHORT_COVERING,-814175.0,NEUTRAL,-2.36,2.76,0.0,FII_DII_DIVERGENCE,MODERATE,,-11.41,44.0,NEUTRAL,88.26,1395.9,1438.2,1269.0,2026-08-03
UYFINCORP,FINANCIAL_SERVICES,19.76,71.0,BUY,INSUFFICIENT_DATA,-1.0,,,NEUTRAL,-0.62,0.0,0.0,STABLE,FAIR_VALUE,,9.22,50.0,NEUTRAL,79.38,19.56,20.16,18.18,2026-08-03
SKYGOLD,FMCG,691.85,95.0,STRONG_BUY,STRONG_UPTREND,-1.16,,,DISTRIBUTION,0.41,1.47,0.0,DII_ACCUMULATION,FAIR_VALUE,,4.77,53.0,NEUTRAL,79.72,684.93,705.69,622.67,2026-08-03
KABRAEXTRU,CAPITAL_GOODS,418.6,85.0,STRONG_BUY,STRONG_UPTREND,-6.55,,,NEUTRAL,-0.04,-0.04,-0.01,STABLE,FAIR_VALUE,,7.75,50.0,NEUTRAL,80.28,414.41,426.97,376.74,2026-08-03
RATNAVEER,METAL,205.79,76.0,STRONG_BUY,STRONG_UPTREND,-3.02,,,NEUTRAL,-1.24,-0.13,2.86,STRONG_PROMOTER_BUY,FAIR_VALUE,,4.87,50.0,NEUTRAL,79.96,203.73,209.91,185.21,2026-08-03
SUDEEPPHRM,PHARMA,867.6,62.0,BUY,INSUFFICIENT_DATA,-5.07,,,NEUTRAL,0.01,3.35,0.0,DII_ACCUMULATION,,,,53.0,NEUTRAL,60.49,858.92,884.95,798.19,2026-08-03
RAIN,CHEMICALS,229.53,90.0,STRONG_BUY,STRONG_UPTREND,-1.65,,,NEUTRAL,-0.04,0.52,0.0,DII_ACCUMULATION,MODERATE,,-3.79,50.0,NEUTRAL,80.36,227.23,234.12,206.58,2026-08-03
GANDHAR,ENERGY,231.64,74.0,STRONG_BUY,STRONG_UPTREND,-23.59,,,PRICE_LED,-0.21,-0.34,0.29,STABLE,MODERATE,,1.99,58.0,POSITIVE,79.92,229.32,236.27,208.48,2026-08-03
FEDERALBNK,BANKING,371.7,100.0,STRONG_BUY,STRONG_UPTREND,0.0,SHORT_COVERING,-397500.0,NEUTRAL,1.11,-0.72,0.0,FII_DII_DIVERGENCE,,,,44.0,NEUTRAL,79.97,367.98,379.13,334.53,2026-08-03
GAEL,AGRICULTURE,180.68,98.0,STRONG_BUY,STRONG_UPTREND,-0.73,,,NEUTRAL,0.59,0.25,0.0,FII_ACCUMULATION,FAIR_VALUE,,6.24,56.0,POSITIVE,79.95,178.87,184.29,162.61,2026-08-03
FILATEX,TEXTILES,76.7,89.0,STRONG_BUY,STRONG_UPTREND,-2.91,,,NEUTRAL,-0.28,0.38,0.09,STABLE,FAIR_VALUE,,2.86,50.0,NEUTRAL,80.04,75.93,78.23,69.03,2026-08-03
DIACABS,FINANCIAL_SERVICES,322.85,80.0,STRONG_BUY,STRONG_UPTREND,-5.6,,,NEUTRAL,-0.09,-0.02,0.0,STABLE,EXPENSIVE_OR_WEAK,,1.84,50.0,NEUTRAL,79.97,319.62,329.31,290.57,2026-08-03
CUPID,FMCG,230.95,93.0,STRONG_BUY,STRONG_UPTREND,-1.51,,,DISTRIBUTION,-0.57,-0.22,0.4,STABLE,FAIR_VALUE,,24.02,56.0,POSITIVE,79.93,228.64,235.57,207.85,2026-08-03
LAURUSLABS,PHARMA,1811.4,98.0,STRONG_BUY,STRONG_UPTREND,-1.46,SHORT_COVERING,-84150.0,NEUTRAL,-0.7,1.54,0.0,FII_DII_DIVERGENCE,EXPENSIVE_OR_WEAK,,4.28,52.0,NEUTRAL,80.55,1793.29,1847.63,1630.26,2026-08-03
MAJESAUT,AUTO,475.3,66.0,BUY,INSUFFICIENT_DATA,-1.8,,,PRICE_LED,,,,,,,,,,79.95,470.55,484.81,437.28,2026-08-03
JINDWORLD,TEXTILES,40.41,85.0,STRONG_BUY,STRONG_UPTREND,-4.69,,,NEUTRAL,-0.02,-0.05,-0.01,STABLE,FAIR_VALUE,,2.99,50.0,NEUTRAL,79.92,40.01,41.22,36.37,2026-08-03
DIVISLAB,PHARMA,8585.0,100.0,STRONG_BUY,STRONG_UPTREND,0.0,LONG_BUILDUP,44700.0,NEUTRAL,0.21,-0.06,0.0,STABLE,FAIR_VALUE,,23.6,50.0,NEUTRAL,80.53,8499.15,8756.7,7726.5,2026-08-03
CHENNPETRO,METAL,1325.5,93.0,STRONG_BUY,STRONG_UPTREND,-2.1,,,NEUTRAL,2.4,-1.1,0.0,FII_DII_DIVERGENCE,MODERATE,,-2.04,61.0,POSITIVE,79.9,1312.24,1352.01,1192.95,2026-08-03
PRICOLLTD,AUTO,732.85,80.0,STRONG_BUY,STRONG_UPTREND,-0.97,,,PRICE_LED,-1.66,-0.64,0.0,STABLE,FAIR_VALUE,,6.74,50.0,NEUTRAL,79.99,725.52,747.51,659.57,2026-08-03
ESAFSFB,BANKING,40.92,80.0,STRONG_BUY,STRONG_UPTREND,-4.84,,,NEUTRAL,0.0,-0.34,-0.02,STABLE,,,,50.0,NEUTRAL,79.91,40.51,41.74,36.83,2026-08-03
TVSMOTOR,AUTO,4389.0,98.0,STRONG_BUY,STRONG_UPTREND,0.0,SHORT_COVERING,-569800.0,PRICE_LED,-0.52,0.54,0.0,FII_DII_DIVERGENCE,MODERATE,,5.47,52.0,NEUTRAL,80.05,4345.11,4476.78,3950.1,2026-08-03
VINDHYATEL,TELECOM,2383.0,85.0,STRONG_BUY,STRONG_UPTREND,-4.1,,,NEUTRAL,-0.16,0.0,0.0,STABLE,FAIR_VALUE,,2.9,50.0,NEUTRAL,79.93,2359.17,2430.66,2144.7,2026-08-03
ABCAPITAL,FINANCIAL_SERVICES,424.35,100.0,STRONG_BUY,STRONG_UPTREND,-1.47,LONG_BUILDUP,1850700.0,NEUTRAL,0.72,-0.13,0.3,FII_ACCUMULATION,FAIR_VALUE,,7.72,44.0,NEUTRAL,79.92,420.11,432.84,381.92,2026-08-03
WELCORP,METAL,1715.3,90.0,STRONG_BUY,STRONG_UPTREND,-0.38,,,NEUTRAL,-0.21,0.95,0.0,DII_ACCUMULATION,MODERATE,,5.89,61.0,POSITIVE,79.99,1698.15,1749.61,1543.77,2026-08-03
ATULAUTO,AUTO,563.35,84.0,STRONG_BUY,STRONG_UPTREND,-1.81,,,PRICE_LED,0.46,0.0,0.0,STABLE,MODERATE,,3.1,50.0,NEUTRAL,79.89,557.72,574.62,507.02,2026-08-03
UNIPARTS,AUTO,737.45,89.0,STRONG_BUY,STRONG_UPTREND,-1.93,,,PRICE_LED,0.37,0.46,-0.01,STABLE,FAIR_VALUE,,8.96,58.0,POSITIVE,79.97,730.08,752.2,663.71,2026-08-03
JSFB,BANKING,584.85,75.0,STRONG_BUY,STRONG_UPTREND,-1.37,,,NEUTRAL,-0.3,0.08,-4.91,PROMOTER_SELLING,,,,53.0,NEUTRAL,79.92,579.0,596.55,526.37,2026-08-03
M&MFIN,FINANCIAL_SERVICES,405.5,94.0,STRONG_BUY,STRONG_UPTREND,-1.63,,,NEUTRAL,0.29,-0.26,0.0,STABLE,CHEAP_QUALITY,,15.78,50.0,NEUTRAL,80.14,401.44,413.61,364.95,2026-08-03
ARMANFIN,FINANCIAL_SERVICES,1994.3,89.0,STRONG_BUY,STRONG_UPTREND,-3.62,,,NEUTRAL,0.93,-0.85,0.0,FII_DII_DIVERGENCE,MODERATE,,2.31,44.0,NEUTRAL,79.68,1974.36,2034.19,1794.87,2026-08-03
SJS,AUTO,2483.4,86.0,STRONG_BUY,STRONG_UPTREND,-0.62,,,PRICE_LED,-1.24,2.0,-0.03,FII_DII_DIVERGENCE,FAIR_VALUE,,15.12,52.0,NEUTRAL,79.96,2458.57,2533.07,2235.06,2026-08-03
SCPL,OTHER,638.6,72.0,STRONG_BUY,INSUFFICIENT_DATA,-1.45,,,NEUTRAL,0.0,0.57,0.0,STABLE,MODERATE,,4.22,50.0,NEUTRAL,79.54,632.21,651.37,587.51,2026-08-03
NGLFINE,PHARMA,3292.8,80.0,STRONG_BUY,STRONG_UPTREND,-4.51,,,NEUTRAL,0.0,0.0,0.0,STABLE,EXPENSIVE_OR_WEAK,,1.44,50.0,NEUTRAL,79.95,3259.87,3358.66,2963.52,2026-08-03
ASKAUTOLTD,AUTO,569.65,95.0,STRONG_BUY,STRONG_UPTREND,-1.53,,,PRICE_LED,-0.43,1.13,0.0,DII_ACCUMULATION,FAIR_VALUE,,7.05,53.0,NEUTRAL,80.24,563.95,581.04,512.68,2026-08-03
LLOYDSENGG,CAPITAL_GOODS,91.84,76.0,STRONG_BUY,STRONG_UPTREND,-3.43,,,NEUTRAL,0.22,0.01,-7.14,PROMOTER_SELLING,FAIR_VALUE,,13.65,50.0,NEUTRAL,79.87,90.92,93.68,82.66,2026-08-03
MANAPPURAM,FINANCIAL_SERVICES,365.0,93.0,STRONG_BUY,STRONG_UPTREND,-4.34,LONG_BUILDUP,708000.0,NEUTRAL,-5.56,1.91,-3.48,FII_DII_DIVERGENCE,CHEAP_QUALITY,,16.38,52.0,NEUTRAL,79.97,361.35,372.3,328.5,2026-08-03
IRISDOREME,TEXTILES,53.52,89.0,STRONG_BUY,STRONG_UPTREND,-1.8,,,NEUTRAL,0.0,-0.09,0.0,STABLE,FAIR_VALUE,,8.33,50.0,NEUTRAL,79.9,52.98,54.59,48.17,2026-08-03
UJJIVANSFB,BANKING,71.14,99.0,STRONG_BUY,STRONG_UPTREND,-2.93,,,NEUTRAL,1.78,2.45,0.0,FII_DII_ACCUMULATION,,,,65.0,POSITIVE,79.95,70.43,72.56,64.03,2026-08-03
TRANSPEK,CAPITAL_GOODS,1414.5,66.0,BUY,INSUFFICIENT_DATA,-2.31,,,NEUTRAL,,,,,,,,,,79.7,1400.36,1442.79,1301.34,2026-08-03
CRAFTSMAN,AUTO,10338.5,90.0,STRONG_BUY,STRONG_UPTREND,-0.59,,,PRICE_LED,1.96,2.78,-4.28,FII_DII_ACCUMULATION,EXPENSIVE_OR_WEAK,,2.67,44.0,NEUTRAL,79.94,10235.11,10545.27,9304.65,2026-08-03
REDINGTON,IT,347.85,89.0,STRONG_BUY,STRONG_UPTREND,-2.78,,,PRICE_LED,-0.45,-0.16,0.0,STABLE,FAIR_VALUE,,1.51,50.0,NEUTRAL,79.97,344.37,354.81,313.07,2026-08-03
ATHERENERG,AUTO,1272.7,86.0,STRONG_BUY,STRONG_UPTREND,-5.38,,,PRICE_LED,-0.24,0.88,-0.09,DII_ACCUMULATION,,,,53.0,NEUTRAL,79.99,1259.97,1298.15,1145.43,2026-08-03
RITCO,LOGISTICS,301.25,89.0,STRONG_BUY,STRONG_UPTREND,-1.55,,,NEUTRAL,-0.04,0.0,0.0,STABLE,FAIR_VALUE,,3.7,50.0,NEUTRAL,79.7,298.24,307.27,271.12,2026-08-03
SSWL,AUTO,317.85,85.0,STRONG_BUY,STRONG_UPTREND,-3.21,,,PRICE_LED,-0.12,0.38,0.0,STABLE,FAIR_VALUE,,4.32,50.0,NEUTRAL,80.09,314.67,324.21,286.07,2026-08-03
MOTHERSON,CAPITAL_GOODS,155.01,100.0,STRONG_BUY,STRONG_UPTREND,-0.15,LONG_BUILDUP,1217700.0,NEUTRAL,0.7,-0.48,0.0,FII_ACCUMULATION,FAIR_VALUE,,3.41,71.2,POSITIVE,79.82,153.46,158.11,139.51,2026-08-03
THEJO,CAPITAL_GOODS,2169.1,89.0,STRONG_BUY,STRONG_UPTREND,-1.09,,,NEUTRAL,0.05,0.03,0.0,STABLE,FAIR_VALUE,,9.71,50.0,NEUTRAL,79.87,2147.41,2212.48,1952.19,2026-08-03
HAPPYFORGE,CAPITAL_GOODS,1699.2,89.0,STRONG_BUY,STRONG_UPTREND,-0.66,,,NEUTRAL,-0.11,-0.25,-0.02,STABLE,FAIR_VALUE,,19.0,50.0,NEUTRAL,79.95,1682.21,1733.18,1529.28,2026-08-03
RANEHOLDIN,FINANCIAL_SERVICES,1872.6,84.0,STRONG_BUY,STRONG_UPTREND,-0.82,,,NEUTRAL,-0.05,0.03,0.08,STABLE,EXPENSIVE_OR_WEAK,,0.34,50.0,NEUTRAL,79.9,1853.87,1910.05,1685.34,2026-08-03
ARTEMISMED,HEALTHCARE,302.2,89.0,STRONG_BUY,STRONG_UPTREND,-1.88,,,NEUTRAL,-0.29,-0.46,-0.04,STABLE,FAIR_VALUE,,9.02,50.0,NEUTRAL,79.92,299.18,308.24,271.98,2026-08-03
ALGOQUANT,FINANCIAL_SERVICES,69.34,75.0,STRONG_BUY,INSUFFICIENT_DATA,-2.35,,,NEUTRAL,0.58,0.0,0.0,FII_ACCUMULATION,,,,56.0,POSITIVE,74.01,68.65,70.73,63.79,2026-08-03
LASERPOWER,OTHER,295.1,56.0,HOLD_WATCH,INSUFFICIENT_DATA,-6.91,,,NEUTRAL,,,,,,,,,,59.29,286.25,295.1,271.49,2026-08-03
BUILDPRO,RETAIL,1343.6,66.0,BUY,INSUFFICIENT_DATA,-1.57,,,NEUTRAL,,,,STABLE,,,,58.0,POSITIVE,78.61,1330.16,1370.47,1236.11,2026-08-03
OPTIEMUS,TELECOM,657.8,80.0,STRONG_BUY,STRONG_UPTREND,-7.74,,,NEUTRAL,0.11,0.0,-0.01,STABLE,MODERATE,,2.88,50.0,NEUTRAL,79.95,651.22,670.96,592.02,2026-08-03
VADILALIND,FMCG,7356.5,84.0,STRONG_BUY,STRONG_UPTREND,-1.63,,,DISTRIBUTION,0.01,0.0,0.01,STABLE,MODERATE,,5.85,50.0,NEUTRAL,79.95,7282.93,7503.63,6620.85,2026-08-03
ATALREAL,REALTY,33.54,93.0,STRONG_BUY,STRONG_UPTREND,-1.06,,,NEUTRAL,2.25,0.0,0.0,FII_ACCUMULATION,MODERATE,,5.85,56.0,POSITIVE,78.27,33.2,34.21,30.19,2026-08-03
NITINSPIN,TEXTILES,572.35,89.0,STRONG_BUY,STRONG_UPTREND,-1.98,,,NEUTRAL,0.17,-0.06,0.0,STABLE,FAIR_VALUE,,5.23,50.0,NEUTRAL,79.81,566.63,583.8,515.12,2026-08-03
MEDANTA,HEALTHCARE,1444.9,95.0,STRONG_BUY,STRONG_UPTREND,-2.09,,,NEUTRAL,-0.38,0.76,0.0,DII_ACCUMULATION,FAIR_VALUE,,15.14,53.0,NEUTRAL,79.95,1430.45,1473.8,1300.41,2026-08-03
SAHYADRI,CHEMICALS,326.9,80.0,STRONG_BUY,STRONG_UPTREND,-3.4,,,NEUTRAL,-0.01,0.0,0.0,STABLE,MODERATE,,1.14,50.0,NEUTRAL,79.84,323.63,333.44,294.21,2026-08-03
SHRIPISTON,AUTO,4524.4,100.0,STRONG_BUY,STRONG_UPTREND,-0.5,,,PRICE_LED,1.02,-0.26,0.0,FII_ACCUMULATION,FAIR_VALUE,,14.32,71.2,POSITIVE,79.88,4479.16,4614.89,4071.96,2026-08-03
YASHO,CHEMICALS,3884.8,71.0,BUY,STRONG_UPTREND,-8.02,,,NEUTRAL,-1.29,0.92,-0.08,FII_DII_DIVERGENCE,MODERATE,,-0.55,44.0,NEUTRAL,80.04,3845.95,3962.5,3496.32,2026-08-03
AMAGI,IT,669.7,66.0,BUY,INSUFFICIENT_DATA,-2.94,,,PRICE_LED,,,,STABLE,,,,50.0,NEUTRAL,79.95,663.0,683.09,616.12,2026-08-03
CYIENTDLM,CAPITAL_GOODS,671.7,74.0,STRONG_BUY,STRONG_UPTREND,-8.61,,,NEUTRAL,0.32,-2.14,0.0,STABLE,MODERATE,,3.17,50.0,NEUTRAL,79.97,664.98,685.13,604.53,2026-08-03
SANSERA,AUTO,3452.7,84.0,STRONG_BUY,STRONG_UPTREND,-0.53,,,PRICE_LED,-0.57,-0.92,-0.08,STABLE,MODERATE,,7.21,50.0,NEUTRAL,79.97,3418.17,3521.75,3107.43,2026-08-03
BAJFINANCE,FINANCIAL_SERVICES,1153.0,100.0,STRONG_BUY,STRONG_UPTREND,-1.99,SHORT_COVERING,-7233000.0,NEUTRAL,-0.17,0.24,0.0,STABLE,CHEAP_QUALITY,,23.89,58.0,POSITIVE,79.97,1141.47,1176.06,1037.7,2026-08-03
LLOYDSME,METAL,2050.6,98.0,STRONG_BUY,STRONG_UPTREND,-2.35,,,NEUTRAL,-0.2,-0.25,0.82,STABLE,CHEAP_QUALITY,,23.24,58.0,POSITIVE,79.94,2030.09,2091.61,1845.54,2026-08-03
SAILIFE,CHEMICALS,1333.4,84.0,STRONG_BUY,STRONG_UPTREND,-1.23,,,NEUTRAL,-0.23,0.13,-0.09,STABLE,MODERATE,,11.91,50.0,NEUTRAL,79.92,1320.07,1360.07,1200.06,2026-08-03
RRKABEL,CAPITAL_GOODS,2631.9,89.0,STRONG_BUY,STRONG_UPTREND,-5.16,,,NEUTRAL,0.71,-0.61,-0.01,FII_DII_DIVERGENCE,EXPENSIVE_OR_WEAK,,3.29,52.0,NEUTRAL,79.95,2605.58,2684.54,2368.71,2026-08-03
GSPCROP,CHEMICALS,587.85,66.0,BUY,INSUFFICIENT_DATA,-1.04,,,NEUTRAL,,,,STABLE,,,,50.0,NEUTRAL,77.49,581.97,599.61,540.82,2026-08-03
HMVL,MEDIA,95.08,89.0,STRONG_BUY,STRONG_UPTREND,-1.83,,,DISTRIBUTION,-0.01,0.0,0.0,STABLE,FAIR_VALUE,,8.62,50.0,NEUTRAL,79.84,94.13,96.98,85.57,2026-08-03
LOTUSDEV,REALTY,197.66,80.0,STRONG_BUY,STRONG_UPTREND,-4.74,,,NEUTRAL,-0.75,-1.25,0.01,STABLE,,,,50.0,NEUTRAL,79.83,195.68,201.61,177.89,2026-08-03
TBZ,FMCG,287.7,98.0,STRONG_BUY,STRONG_UPTREND,-2.71,,,DISTRIBUTION,1.21,0.0,0.0,FII_ACCUMULATION,FAIR_VALUE,,2.8,50.0,NEUTRAL,79.84,284.82,293.45,258.93,2026-08-03
CONFIPET,ENERGY,83.77,84.0,STRONG_BUY,STRONG_UPTREND,-0.75,,,PRICE_LED,-0.21,0.0,0.0,STABLE,MODERATE,,2.92,50.0,NEUTRAL,79.86,82.93,85.45,75.39,2026-08-03
ASIANENE,ENERGY,410.65,80.0,STRONG_BUY,STRONG_UPTREND,-1.76,,,PRICE_LED,-0.16,-0.06,-4.59,PROMOTER_SELLING,FAIR_VALUE,,9.27,50.0,NEUTRAL,79.8,406.54,418.86,369.58,2026-08-03
GRWRHITECH,CAPITAL_GOODS,7182.0,89.0,STRONG_BUY,STRONG_UPTREND,-0.92,,,NEUTRAL,0.02,-0.08,0.0,STABLE,FAIR_VALUE,,15.19,50.0,NEUTRAL,79.88,7110.18,7325.64,6463.8,2026-08-03
RKFORGE,AUTO,681.15,100.0,STRONG_BUY,STRONG_UPTREND,-0.52,,,PRICE_LED,0.69,0.43,0.2,FII_ACCUMULATION,CHEAP_QUALITY,,13.6,67.8,POSITIVE,79.75,674.34,694.77,613.03,2026-08-03
THELEELA,HOSPITALITY,501.8,80.0,STRONG_BUY,STRONG_UPTREND,-3.12,,,NEUTRAL,-0.4,-0.07,0.0,STABLE,,,,50.0,NEUTRAL,79.78,496.78,511.84,451.62,2026-08-03
CENTENKA,TEXTILES,621.6,85.0,STRONG_BUY,STRONG_UPTREND,-7.45,,,NEUTRAL,-0.06,0.01,0.0,STABLE,FAIR_VALUE,,3.44,50.0,NEUTRAL,79.95,615.38,634.03,559.44,2026-08-03
SGFIN,FINANCIAL_SERVICES,702.6,84.0,STRONG_BUY,STRONG_UPTREND,-2.9,,,NEUTRAL,0.09,-0.33,-0.11,STABLE,,,,62.0,POSITIVE,79.71,695.57,716.65,632.34,2026-08-03
PRUDENT,FINANCIAL_SERVICES,3359.2,86.0,STRONG_BUY,STRONG_UPTREND,-0.77,,,NEUTRAL,-1.43,1.45,0.0,FII_DII_DIVERGENCE,FAIR_VALUE,,17.46,44.0,NEUTRAL,79.87,3325.61,3426.38,3023.28,2026-08-03
AEGISVOPAK,ENERGY,301.8,80.0,STRONG_BUY,STRONG_UPTREND,-3.11,,,PRICE_LED,-0.14,-0.09,0.0,STABLE,,,,50.0,NEUTRAL,79.92,298.78,307.84,271.62,2026-08-03
METROPOLIS,HEALTHCARE,596.45,100.0,STRONG_BUY,STRONG_UPTREND,-2.07,,,NEUTRAL,-0.92,0.73,-0.01,FII_DII_DIVERGENCE,CHEAP_QUALITY,,13.35,51.0,NEUTRAL,77.27,590.49,608.38,536.81,2026-08-03
MAHASTEEL,OTHER,1027.1,57.0,HOLD_WATCH,INSUFFICIENT_DATA,-2.18,,,NEUTRAL,-1.11,0.0,0.0,STABLE,EXPENSIVE_OR_WEAK,,0.37,50.0,NEUTRAL,71.96,996.29,1027.1,944.93,2026-08-03
SUPRAJIT,AUTO,512.7,84.0,STRONG_BUY,STRONG_UPTREND,-2.53,,,PRICE_LED,-0.28,0.09,0.13,STABLE,EXPENSIVE_OR_WEAK,,0.06,58.0,POSITIVE,79.88,507.57,522.95,461.43,2026-08-03
VARROC,AUTO,686.9,84.0,STRONG_BUY,STRONG_UPTREND,-2.84,,,PRICE_LED,-0.16,-0.17,0.0,STABLE,MODERATE,,0.3,50.0,NEUTRAL,79.71,680.03,700.64,618.21,2026-08-03
TATVA,CHEMICALS,1771.0,80.0,STRONG_BUY,STRONG_UPTREND,-3.65,,,NEUTRAL,-0.35,-0.34,0.0,STABLE,EXPENSIVE_OR_WEAK,,0.16,50.0,NEUTRAL,80.12,1753.29,1806.42,1593.9,2026-08-03
CHOLAFIN,FINANCIAL_SERVICES,1888.2,100.0,STRONG_BUY,STRONG_UPTREND,-1.3,LONG_BUILDUP,117500.0,NEUTRAL,-1.68,2.36,-0.47,FII_DII_DIVERGENCE,FAIR_VALUE,,15.47,52.0,NEUTRAL,79.87,1869.32,1925.96,1699.38,2026-08-03
OMNI,CAPITAL_GOODS,602.3,62.0,BUY,INSUFFICIENT_DATA,-5.67,,,NEUTRAL,,,,STABLE,,,,50.0,NEUTRAL,79.86,596.28,614.35,554.12,2026-08-03
KARURVYSYA,BANKING,348.1,93.0,STRONG_BUY,STRONG_UPTREND,-1.05,,,NEUTRAL,2.38,-0.94,0.0,FII_DII_DIVERGENCE,,,,44.0,NEUTRAL,79.78,344.62,355.06,313.29,2026-08-03
ZYDUSLIFE,PHARMA,1121.0,100.0,STRONG_BUY,UPTREND,-5.12,LONG_BUILDUP,26100.0,NEUTRAL,-0.06,-0.01,0.01,STABLE,CHEAP_QUALITY,,18.53,68.0,POSITIVE,75.05,1109.79,1143.42,1008.9,2026-08-03
EMCURE,PHARMA,1969.7,89.0,STRONG_BUY,STRONG_UPTREND,-1.47,,,NEUTRAL,-0.24,0.0,0.0,STABLE,FAIR_VALUE,,9.02,50.0,NEUTRAL,79.83,1950.0,2009.09,1772.73,2026-08-03
RADICO,FMCG,4459.1,66.0,HOLD_WATCH,STRONG_UPTREND,-0.79,SHORT_BUILDUP,30900.0,DISTRIBUTION,-2.19,3.32,0.0,FII_DII_DIVERGENCE,EXPENSIVE_OR_WEAK,,2.11,44.0,NEUTRAL,79.94,4414.51,4548.28,4013.19,2026-08-03
ADOR,CAPITAL_GOODS,1503.3,80.0,STRONG_BUY,STRONG_UPTREND,-5.87,,,NEUTRAL,0.23,0.06,0.03,STABLE,,,,50.0,NEUTRAL,79.98,1488.27,1533.37,1352.97,2026-08-03
NILE,METAL,1958.2,62.0,BUY,INSUFFICIENT_DATA,-3.01,,,NEUTRAL,,,,,,,,,,78.53,1938.62,1997.36,1801.54,2026-08-03
SHREEJISPG,LOGISTICS,666.55,84.0,STRONG_BUY,STRONG_UPTREND,-0.96,,,NEUTRAL,0.24,-0.05,0.0,STABLE,,,,58.0,POSITIVE,79.84,659.88,679.88,599.89,2026-08-03
KDDL,FMCG,3463.2,89.0,STRONG_BUY,STRONG_UPTREND,-0.91,,,DISTRIBUTION,-0.22,0.05,0.0,STABLE,FAIR_VALUE,,9.53,50.0,NEUTRAL,79.75,3428.57,3532.46,3116.88,2026-08-03
UTLSOLAR,CAPITAL_GOODS,389.3,68.0,BUY,INSUFFICIENT_DATA,-3.27,,,NEUTRAL,-0.94,1.3,0.0,FII_DII_DIVERGENCE,,,,44.0,NEUTRAL,78.03,385.41,397.09,358.16,2026-08-03
CMLL,OTHER,566.85,50.0,HOLD_WATCH,INSUFFICIENT_DATA,-9.22,,,NEUTRAL,,,,,,,,,,59.16,549.84,566.85,521.5,2026-08-03
MMFL,AUTO,554.4,89.0,STRONG_BUY,STRONG_UPTREND,-1.88,,,PRICE_LED,0.12,-0.18,0.0,STABLE,FAIR_VALUE,,7.57,58.0,POSITIVE,79.73,548.86,565.49,498.96,2026-08-03
TAALTECH,AVIATION,3984.0,62.0,BUY,INSUFFICIENT_DATA,-5.14,,,NEUTRAL,,,,,,,,,,77.96,3944.16,4063.68,3665.28,2026-08-03
EICHERMOT,AUTO,8050.0,88.0,STRONG_BUY,STRONG_UPTREND,-2.19,LONG_UNWINDING,-154600.0,PRICE_LED,-0.23,0.08,0.0,STABLE,CHEAP_QUALITY,,24.59,50.0,NEUTRAL,79.56,7969.5,8211.0,7245.0,2026-08-03
AETHER,CHEMICALS,1509.5,80.0,STRONG_BUY,STRONG_UPTREND,-6.5,,,NEUTRAL,0.48,0.41,-0.03,STABLE,MODERATE,,18.68,50.0,NEUTRAL,79.96,1494.4,1539.69,1358.55,2026-08-03
AARVI,OTHER,155.21,80.0,STRONG_BUY,STRONG_UPTREND,-7.83,,,NEUTRAL,-0.01,0.0,0.0,STABLE,MODERATE,,1.74,50.0,NEUTRAL,79.38,153.66,158.31,139.69,2026-08-03
PPLPHARMA,PHARMA,199.28,89.0,STRONG_BUY,STRONG_UPTREND,-4.85,,,NEUTRAL,0.52,-0.08,0.0,FII_ACCUMULATION,EXPENSIVE_OR_WEAK,,0.59,56.0,POSITIVE,79.84,197.29,203.27,179.35,2026-08-03
HIRECT,CAPITAL_GOODS,1339.4,74.0,STRONG_BUY,STRONG_UPTREND,-4.26,,,NEUTRAL,0.17,0.0,0.0,STABLE,MODERATE,,5.93,56.0,POSITIVE,66.46,1326.01,1366.19,1205.46,2026-08-03
RATEGAIN,IT,965.4,85.0,STRONG_BUY,STRONG_UPTREND,-3.19,,,PRICE_LED,0.38,0.24,0.22,STABLE,FAIR_VALUE,,18.83,50.0,NEUTRAL,79.43,955.75,984.71,868.86,2026-08-03
SOTL,ENERGY,630.1,80.0,STRONG_BUY,STRONG_UPTREND,-5.48,,,PRICE_LED,0.01,0.0,0.02,STABLE,MODERATE,,2.35,50.0,NEUTRAL,79.83,623.8,642.7,567.09,2026-08-03
MANCREDIT,FINANCIAL_SERVICES,257.36,98.0,STRONG_BUY,STRONG_UPTREND,-2.88,,,NEUTRAL,-0.05,-0.01,0.0,STABLE,CHEAP_QUALITY,,27.53,50.0,NEUTRAL,79.8,254.79,262.51,231.62,2026-08-03
GLAND,PHARMA,2579.2,89.0,STRONG_BUY,STRONG_UPTREND,-0.26,,,NEUTRAL,-0.28,0.37,0.0,STABLE,FAIR_VALUE,,13.2,50.0,NEUTRAL,79.95,2553.41,2630.78,2321.28,2026-08-03
MINDACORP,AUTO,727.6,84.0,STRONG_BUY,STRONG_UPTREND,-1.13,,,PRICE_LED,-0.29,0.4,0.0,STABLE,MODERATE,,5.47,58.0,POSITIVE,79.52,720.32,742.15,654.84,2026-08-03
SHALPAINTS,CHEMICALS,80.01,74.0,STRONG_BUY,STRONG_UPTREND,-9.81,,,NEUTRAL,0.04,0.0,0.0,STABLE,MODERATE,,-14.89,50.0,NEUTRAL,79.68,79.21,81.61,72.01,2026-08-03
KNACK,OTHER,197.28,50.0,HOLD_WATCH,INSUFFICIENT_DATA,-10.62,,,NEUTRAL,,,,,,,,,,59.34,191.36,197.28,181.5,2026-08-03
JGCHEM,CHEMICALS,508.4,85.0,STRONG_BUY,STRONG_UPTREND,-4.44,,,NEUTRAL,0.08,-0.02,0.0,STABLE,FAIR_VALUE,,8.3,50.0,NEUTRAL,79.07,503.32,518.57,457.56,2026-08-03
VISAKAIND,TEXTILES,86.99,84.0,STRONG_BUY,STRONG_UPTREND,-1.88,,,NEUTRAL,-0.03,0.0,0.0,STABLE,MODERATE,,-4.01,58.0,POSITIVE,79.81,86.12,88.73,78.29,2026-08-03
PICCADIL,FMCG,752.0,80.0,STRONG_BUY,STRONG_UPTREND,-6.64,,,DISTRIBUTION,-0.39,0.05,-0.05,STABLE,,,,50.0,NEUTRAL,79.54,744.48,767.04,676.8,2026-08-03
PGIL,TEXTILES,2103.4,90.0,STRONG_BUY,STRONG_UPTREND,-1.9,,,NEUTRAL,0.22,2.03,-0.08,DII_ACCUMULATION,MODERATE,,4.63,61.0,POSITIVE,76.84,2082.37,2145.47,1893.06,2026-08-03
ELPROINTL,REALTY,178.37,66.0,BUY,INSUFFICIENT_DATA,-0.35,,,NEUTRAL,,,,,,,,,,79.14,176.59,181.94,164.1,2026-08-03
FERMENTA,PHARMA,511.7,66.0,BUY,INSUFFICIENT_DATA,-1.6,,,NEUTRAL,,,,,,,,,,79.75,506.58,521.93,470.76,2026-08-03
BLSE,IT,299.8,89.0,STRONG_BUY,STRONG_UPTREND,-2.55,,,PRICE_LED,-0.54,-0.1,0.92,STABLE,FAIR_VALUE,,10.98,58.0,POSITIVE,79.62,296.8,305.8,269.82,2026-08-03
THYROCARE,HEALTHCARE,592.55,96.0,STRONG_BUY,STRONG_UPTREND,-4.03,,,NEUTRAL,0.05,0.82,-0.01,DII_ACCUMULATION,CHEAP_QUALITY,,19.25,61.0,POSITIVE,71.83,586.62,604.4,533.29,2026-08-03
HEG,CAPITAL_GOODS,665.25,82.0,STRONG_BUY,STRONG_UPTREND,-3.59,,,NEUTRAL,-1.77,0.64,0.0,FII_DII_DIVERGENCE,FAIR_VALUE,,15.84,44.0,NEUTRAL,79.53,658.6,678.56,598.73,2026-08-03
INDNIPPON,CAPITAL_GOODS,1173.2,79.0,STRONG_BUY,STRONG_UPTREND,-8.21,,,NEUTRAL,-0.01,0.0,0.0,STABLE,FAIR_VALUE,,8.74,58.0,POSITIVE,80.02,1161.47,1196.66,1055.88,2026-08-03
ACE,AUTO,1105.4,82.0,STRONG_BUY,STRONG_UPTREND,-5.52,,,PRICE_LED,-1.76,0.75,0.0,FII_DII_DIVERGENCE,FAIR_VALUE,,12.65,50.0,NEUTRAL,79.74,1094.35,1127.51,994.86,2026-08-03
CHOICEIN,INFRASTRUCTURE,828.1,79.0,STRONG_BUY,STRONG_UPTREND,-3.77,,,EARLY_ROTATION,-1.42,0.07,-2.05,PROMOTER_SELLING,MODERATE,,16.9,32.0,WEAK,78.78,819.82,844.66,745.29,2026-08-03
SAKAR,PHARMA,922.5,80.0,STRONG_BUY,STRONG_UPTREND,-3.91,,,NEUTRAL,-0.11,-0.04,0.0,STABLE,MODERATE,,10.82,50.0,NEUTRAL,79.68,913.27,940.95,830.25,2026-08-03
AMBALALSA,PHARMA,36.83,62.0,BUY,INSUFFICIENT_DATA,-4.34,,,NEUTRAL,,,,,,,,,,79.63,36.46,37.57,33.88,2026-08-03
SGMART,METAL,699.25,80.0,STRONG_BUY,STRONG_UPTREND,-5.18,,,NEUTRAL,0.03,-1.16,21.63,STRONG_PROMOTER_BUY,,,,56.0,POSITIVE,76.81,692.26,713.24,629.33,2026-08-03
TORNTPHARM,PHARMA,5050.0,93.0,STRONG_BUY,STRONG_UPTREND,-3.81,SHORT_COVERING,-165375.0,NEUTRAL,0.05,-0.08,0.0,STABLE,FAIR_VALUE,,19.64,58.0,POSITIVE,79.94,4999.5,5151.0,4545.0,2026-08-03
TFCILTD,FINANCIAL_SERVICES,105.62,83.0,STRONG_BUY,STRONG_UPTREND,-1.52,,,NEUTRAL,-1.58,0.05,0.0,STABLE,CHEAP_QUALITY,,39.58,50.0,NEUTRAL,62.76,104.56,107.73,95.06,2026-08-03
BALRAMCHIN,FMCG,646.8,90.0,STRONG_BUY,STRONG_UPTREND,-2.81,,,DISTRIBUTION,-0.99,1.12,0.01,FII_DII_DIVERGENCE,MODERATE,,5.53,50.0,NEUTRAL,79.97,640.33,659.74,582.12,2026-08-03
TITAN,FMCG,5000.0,92.0,STRONG_BUY,STRONG_UPTREND,0.0,SHORT_COVERING,-117075.0,DISTRIBUTION,0.1,0.04,0.0,STABLE,EXPENSIVE_OR_WEAK,,4.84,50.0,NEUTRAL,79.81,4950.0,5100.0,4500.0,2026-08-03
INDIANHUME,CAPITAL_GOODS,414.5,80.0,STRONG_BUY,STRONG_UPTREND,-4.05,,,NEUTRAL,-0.07,0.0,0.0,STABLE,MODERATE,,3.76,50.0,NEUTRAL,79.5,410.36,422.79,373.05,2026-08-03
TBOTEK,HOSPITALITY,1615.9,71.0,BUY,STRONG_UPTREND,-8.44,,,NEUTRAL,-1.14,1.33,0.0,FII_DII_DIVERGENCE,EXPENSIVE_OR_WEAK,,9.05,44.0,NEUTRAL,79.73,1599.74,1648.22,1454.31,2026-08-03
UNITDSPR,FMCG,1530.0,74.0,STRONG_BUY,STRONG_UPTREND,-0.44,LONG_UNWINDING,-62400.0,DISTRIBUTION,0.29,0.0,0.0,STABLE,MODERATE,,5.61,58.0,POSITIVE,79.01,1514.7,1560.6,1377.0,2026-08-03
AJANTPHARM,PHARMA,3513.9,89.0,STRONG_BUY,STRONG_UPTREND,-2.36,,,NEUTRAL,0.28,-0.21,0.0,STABLE,FAIR_VALUE,,18.24,50.0,NEUTRAL,79.86,3478.76,3584.18,3162.51,2026-08-03
GODREJIND,REALTY,1337.1,85.0,STRONG_BUY,STRONG_UPTREND,-7.34,,,NEUTRAL,-0.39,0.19,0.0,STABLE,FAIR_VALUE,,10.17,50.0,NEUTRAL,79.86,1323.73,1363.84,1203.39,2026-08-03
SHILPAMED,PHARMA,623.55,80.0,STRONG_BUY,STRONG_UPTREND,-4.07,,,NEUTRAL,0.11,0.25,0.0,STABLE,MODERATE,,5.22,50.0,NEUTRAL,79.06,617.31,636.02,561.19,2026-08-03
NELCO,IT,1000.8,84.0,STRONG_BUY,STRONG_UPTREND,-2.46,,,PRICE_LED,0.11,0.1,0.0,STABLE,EXPENSIVE_OR_WEAK,,6.13,58.0,POSITIVE,79.79,990.79,1020.82,900.72,2026-08-03
BAJAJFINSV,FINANCIAL_SERVICES,2096.0,99.0,STRONG_BUY,STRONG_UPTREND,-4.51,SHORT_COVERING,-79800.0,NEUTRAL,-0.82,1.02,-0.1,FII_DII_DIVERGENCE,FAIR_VALUE,,13.07,52.0,NEUTRAL,79.84,2075.04,2137.92,1886.4,2026-08-03
LODHA,REALTY,1239.8,90.0,STRONG_BUY,STRONG_UPTREND,-7.82,SHORT_COVERING,-1528125.0,NEUTRAL,-2.24,1.45,0.42,FII_DII_DIVERGENCE,FAIR_VALUE,,16.11,44.0,NEUTRAL,80.34,1227.4,1264.6,1115.82,2026-08-03
LLOYDSENT,CAPITAL_GOODS,81.57,85.0,STRONG_BUY,STRONG_UPTREND,-3.08,,,NEUTRAL,-0.09,0.04,0.0,STABLE,FAIR_VALUE,,14.27,50.0,NEUTRAL,79.41,80.75,83.2,73.41,2026-08-03
RAINBOW,HEALTHCARE,1545.6,82.0,STRONG_BUY,STRONG_UPTREND,-3.02,,,NEUTRAL,-1.99,1.64,0.0,FII_DII_DIVERGENCE,FAIR_VALUE,,18.14,44.0,NEUTRAL,79.79,1530.14,1576.51,1391.04,2026-08-03
HNDFDS,FMCG,589.05,84.0,STRONG_BUY,STRONG_UPTREND,-1.0,,,DISTRIBUTION,0.07,0.45,0.0,STABLE,MODERATE,,4.05,50.0,NEUTRAL,78.85,583.16,600.83,530.14,2026-08-03
SHRIRAMFIN,FINANCIAL_SERVICES,1090.2,100.0,STRONG_BUY,STRONG_UPTREND,-1.61,SHORT_COVERING,-623700.0,NEUTRAL,10.98,-4.66,-5.08,FII_DII_DIVERGENCE,CHEAP_QUALITY,,25.99,44.0,NEUTRAL,75.44,1079.3,1112.0,981.18,2026-08-03
IIFL,FINANCIAL_SERVICES,617.85,74.0,STRONG_BUY,STRONG_UPTREND,-8.47,,,NEUTRAL,0.4,-2.08,0.0,STABLE,MODERATE,,-0.23,58.0,POSITIVE,80.14,611.67,630.21,556.07,2026-08-03
LENSKART,RETAIL,568.35,57.0,HOLD_WATCH,INSUFFICIENT_DATA,-1.28,,,NEUTRAL,-54.78,0.1,-0.02,STABLE,,,,50.0,NEUTRAL,75.34,551.3,568.35,522.88,2026-08-03
KTKBANK,BANKING,289.45,84.0,STRONG_BUY,STRONG_UPTREND,-2.01,,,NEUTRAL,0.09,0.32,0.0,STABLE,,,,50.0,NEUTRAL,79.84,286.56,295.24,260.5,2026-08-03
AEGISLOG,ENERGY,1388.3,89.0,STRONG_BUY,STRONG_UPTREND,-3.22,,,PRICE_LED,1.69,-1.74,0.0,FII_DII_DIVERGENCE,MODERATE,,9.01,44.0,NEUTRAL,79.67,1374.42,1416.07,1249.47,2026-08-03
IGPL,CHEMICALS,496.65,89.0,STRONG_BUY,STRONG_UPTREND,-0.67,,,NEUTRAL,0.04,0.25,0.0,STABLE,FAIR_VALUE,,4.49,50.0,NEUTRAL,79.73,491.68,506.58,446.99,2026-08-03
ARIHANT,REALTY,1137.9,62.0,BUY,INSUFFICIENT_DATA,-7.11,,,NEUTRAL,,,,,,,,,,78.74,1126.52,1160.66,1046.87,2026-08-03
RBLBANK,BANKING,379.95,65.0,BUY,STRONG_UPTREND,-0.91,LONG_UNWINDING,-981075.0,NEUTRAL,-12.35,-25.49,60.0,STRONG_PROMOTER_BUY,,,,44.0,NEUTRAL,79.54,376.15,387.55,341.95,2026-08-03
KMEW,INFRASTRUCTURE,2493.5,100.0,STRONG_BUY,STRONG_UPTREND,-8.9,,,EARLY_ROTATION,0.87,1.58,0.0,FII_DII_ACCUMULATION,CHEAP_QUALITY,,27.11,65.0,POSITIVE,79.88,2468.57,2543.37,2244.15,2026-08-03
APCOTEXIND,FINANCIAL_SERVICES,617.6,74.0,STRONG_BUY,STRONG_UPTREND,-13.26,,,NEUTRAL,0.01,0.0,0.0,STABLE,MODERATE,,3.19,58.0,POSITIVE,79.92,611.42,629.95,555.84,2026-08-03
RSL,METAL,142.89,60.0,BUY,INSUFFICIENT_DATA,-2.0,,,NEUTRAL,,,,STABLE,,,,50.0,NEUTRAL,67.63,141.46,145.75,131.46,2026-08-03
BHARATFORG,AUTO,2211.0,100.0,STRONG_BUY,STRONG_UPTREND,-1.21,LONG_BUILDUP,99000.0,PRICE_LED,1.75,-1.47,0.0,FII_DII_DIVERGENCE,EXPENSIVE_OR_WEAK,,6.12,52.0,NEUTRAL,79.2,2188.89,2255.22,1989.9,2026-08-03
TMB,REALTY,861.55,89.0,STRONG_BUY,STRONG_UPTREND,-6.05,,,NEUTRAL,1.24,-0.55,0.0,FII_DII_DIVERGENCE,,,,52.0,NEUTRAL,79.87,852.93,878.78,775.39,2026-08-03
LTM,IT,4690.0,56.0,HOLD_WATCH,INSUFFICIENT_DATA,-1.96,LONG_UNWINDING,-258900.0,PRICE_LED,0.12,0.1,-0.01,STABLE,,,,58.0,POSITIVE,79.27,4549.3,4690.0,4314.8,2026-08-03
VERANDA,HEALTHCARE,254.45,80.0,STRONG_BUY,STRONG_UPTREND,-6.62,,,NEUTRAL,-0.27,-0.57,-0.16,STABLE,MODERATE,,-98.12,50.0,NEUTRAL,79.17,251.91,259.54,229.0,2026-08-03
RAJRATAN,AUTO,513.5,85.0,STRONG_BUY,STRONG_UPTREND,-5.61,,,PRICE_LED,0.08,0.03,0.06,STABLE,FAIR_VALUE,,6.12,50.0,NEUTRAL,79.7,508.37,523.77,462.15,2026-08-03
BEPL,CAPITAL_GOODS,120.72,79.0,STRONG_BUY,STRONG_UPTREND,-12.84,,,NEUTRAL,0.22,0.0,0.0,STABLE,FAIR_VALUE,,11.81,58.0,POSITIVE,79.28,119.51,123.13,108.65,2026-08-03
UNIMECH,DEFENCE,1259.8,89.0,STRONG_BUY,STRONG_UPTREND,-4.78,,,NEUTRAL,0.02,-0.51,0.0,STABLE,FAIR_VALUE,,28.89,50.0,NEUTRAL,78.9,1247.2,1285.0,1133.82,2026-08-03
FLUOROCHEM,CHEMICALS,4483.5,86.0,STRONG_BUY,STRONG_UPTREND,-3.65,,,NEUTRAL,-0.03,0.67,0.0,DII_ACCUMULATION,MODERATE,,10.98,53.0,NEUTRAL,79.95,4438.66,4573.17,4035.15,2026-08-03
DALMIASUG,FMCG,411.85,89.0,STRONG_BUY,STRONG_UPTREND,-2.19,,,DISTRIBUTION,0.02,0.04,0.0,STABLE,FAIR_VALUE,,7.11,58.0,POSITIVE,78.56,407.73,420.09,370.67,2026-08-03
ABB,CAPITAL_GOODS,7601.0,85.0,HOLD_WATCH,STRONG_UPTREND,-4.08,SHORT_BUILDUP,142625.0,NEUTRAL,0.55,0.14,0.0,FII_ACCUMULATION,FAIR_VALUE,,15.43,71.2,POSITIVE,79.77,7524.99,7753.02,6840.9,2026-08-03
ALIVUS,PHARMA,1214.4,98.0,STRONG_BUY,STRONG_UPTREND,-0.87,,,NEUTRAL,0.2,0.16,-0.04,STABLE,CHEAP_QUALITY,,21.34,50.0,NEUTRAL,79.69,1202.26,1238.69,1092.96,2026-08-03
GARFIBRES,TEXTILES,761.6,84.0,STRONG_BUY,STRONG_UPTREND,-12.51,,,NEUTRAL,0.05,-0.16,0.0,STABLE,CHEAP_QUALITY,,14.74,69.8,POSITIVE,66.08,753.98,776.83,685.44,2026-08-03
NEULANDLAB,PHARMA,19675.0,95.0,STRONG_BUY,STRONG_UPTREND,-2.06,,,NEUTRAL,-0.44,1.13,0.0,DII_ACCUMULATION,FAIR_VALUE,,18.96,53.0,NEUTRAL,79.82,19478.25,20068.5,17707.5,2026-08-03
ADANIENSOL,POWER,1647.0,55.0,HOLD_WATCH,UPTREND,-7.94,SHORT_BUILDUP,68850.0,NEUTRAL,-1.24,0.11,1.54,STRONG_PROMOTER_BUY,FAIR_VALUE,,12.51,62.0,POSITIVE,79.78,1597.59,1647.0,1482.3,2026-08-03
COFORGE,IT,1768.0,60.0,BUY,STRONG_UPTREND,-11.14,LONG_UNWINDING,-111625.0,PRICE_LED,-7.33,-11.76,0.0,STABLE,FAIR_VALUE,,7.67,52.0,NEUTRAL,79.78,1750.32,1803.36,1591.2,2026-08-03
BELRISE,CAPITAL_GOODS,241.86,86.0,STRONG_BUY,STRONG_UPTREND,-4.02,,,NEUTRAL,-0.03,0.88,0.0,DII_ACCUMULATION,,,,53.0,NEUTRAL,77.84,239.44,246.7,217.67,2026-08-03
PGEL,CAPITAL_GOODS,618.0,71.0,HOLD_WATCH,STRONG_UPTREND,-4.1,SHORT_BUILDUP,85500.0,NEUTRAL,-0.85,1.82,0.0,FII_DII_DIVERGENCE,EXPENSIVE_OR_WEAK,,3.59,44.0,NEUTRAL,76.74,611.82,630.36,556.2,2026-08-03
CNL,RETAIL,1015.9,62.0,BUY,INSUFFICIENT_DATA,-5.96,,,NEUTRAL,0.0,0.04,0.0,STABLE,,,,50.0,NEUTRAL,78.42,1005.74,1036.22,934.63,2026-08-03
GRASIM,CEMENT,3260.0,74.0,STRONG_BUY,STRONG_UPTREND,0.0,LONG_UNWINDING,-189000.0,DISTRIBUTION,0.39,-0.71,0.52,STABLE,MODERATE,,4.31,50.0,NEUTRAL,78.41,3227.4,3325.2,2934.0,2026-08-03
IDFCFIRSTB,BANKING,86.0,100.0,STRONG_BUY,STRONG_UPTREND,-3.11,LONG_BUILDUP,2216725.0,NEUTRAL,4.37,0.84,0.0,FII_DII_ACCUMULATION,,,,65.0,POSITIVE,79.77,85.14,87.72,77.4,2026-08-03
MONARCH,FINANCIAL_SERVICES,384.55,94.0,STRONG_BUY,STRONG_UPTREND,-4.77,,,NEUTRAL,0.03,0.0,0.45,STABLE,CHEAP_QUALITY,,46.76,50.0,NEUTRAL,77.47,380.7,392.24,346.1,2026-08-03
SIEMENS,CAPITAL_GOODS,3900.0,97.0,STRONG_BUY,STRONG_UPTREND,-0.95,SHORT_COVERING,-56700.0,NEUTRAL,-0.05,0.23,0.0,STABLE,FAIR_VALUE,,14.39,50.0,NEUTRAL,78.0,3861.0,3978.0,3510.0,2026-08-03
OAL,CHEMICALS,378.85,85.0,STRONG_BUY,STRONG_UPTREND,-5.29,,,NEUTRAL,-0.03,0.0,0.0,STABLE,FAIR_VALUE,,4.77,50.0,NEUTRAL,79.69,375.06,386.43,340.97,2026-08-03
NAZARA,IT,339.55,88.0,STRONG_BUY,STRONG_UPTREND,-6.52,,,PRICE_LED,1.34,-1.45,0.0,FII_DII_DIVERGENCE,FAIR_VALUE,,3.51,44.0,NEUTRAL,61.32,336.15,346.34,305.6,2026-08-03
BLUESTONE,FMCG,802.7,86.0,STRONG_BUY,STRONG_UPTREND,-7.68,,,DISTRIBUTION,-0.76,1.4,-0.09,FII_DII_DIVERGENCE,,,,44.0,NEUTRAL,79.75,794.67,818.75,722.43,2026-08-03
MUTHOOTMF,FINANCIAL_SERVICES,235.66,73.0,STRONG_BUY,UPTREND,-10.32,,,NEUTRAL,0.3,-0.13,0.0,STABLE,FAIR_VALUE,,4.85,50.0,NEUTRAL,79.65,233.3,240.37,212.09,2026-08-03
MEDICO,PHARMA,49.66,74.0,STRONG_BUY,STRONG_UPTREND,-12.69,,,NEUTRAL,-0.46,0.0,0.0,STABLE,MODERATE,,5.29,50.0,NEUTRAL,79.39,49.16,50.65,44.69,2026-08-03
ASTERDM,HEALTHCARE,815.15,81.0,STRONG_BUY,STRONG_UPTREND,-2.89,,,NEUTRAL,-1.28,1.45,0.0,FII_DII_DIVERGENCE,EXPENSIVE_OR_WEAK,,6.13,52.0,NEUTRAL,79.35,807.0,831.45,733.63,2026-08-03
NESTLEIND,FMCG,1530.0,79.0,STRONG_BUY,STRONG_UPTREND,-0.17,LONG_UNWINDING,-432500.0,DISTRIBUTION,-0.07,0.3,0.0,STABLE,FAIR_VALUE,,14.39,58.0,POSITIVE,78.58,1514.7,1560.6,1377.0,2026-08-03
APOLLOPIPE,CAPITAL_GOODS,515.85,71.0,BUY,STRONG_UPTREND,-6.89,,,NEUTRAL,-1.36,-1.67,4.88,STRONG_PROMOTER_BUY,EXPENSIVE_OR_WEAK,,1.85,62.0,POSITIVE,79.79,510.69,526.17,464.27,2026-08-03
ROSSTECH,DEFENCE,1067.1,86.0,STRONG_BUY,STRONG_UPTREND,-4.89,,,NEUTRAL,0.1,0.74,0.0,DII_ACCUMULATION,EXPENSIVE_OR_WEAK,,4.02,53.0,NEUTRAL,79.53,1056.43,1088.44,960.39,2026-08-03
WSTCSTPAPR,CHEMICALS,569.0,85.0,STRONG_BUY,STRONG_UPTREND,-3.56,,,NEUTRAL,-0.02,0.45,0.03,STABLE,FAIR_VALUE,,8.15,50.0,NEUTRAL,79.16,563.31,580.38,512.1,2026-08-03
GHCLTEXTIL,TEXTILES,114.36,79.0,STRONG_BUY,STRONG_UPTREND,-8.44,,,NEUTRAL,0.07,-0.86,0.04,STABLE,FAIR_VALUE,,5.08,58.0,POSITIVE,79.94,113.22,116.65,102.92,2026-08-03
AMBIKCO,TEXTILES,1778.9,89.0,STRONG_BUY,STRONG_UPTREND,-2.06,,,NEUTRAL,-0.05,0.06,0.0,STABLE,FAIR_VALUE,,7.95,50.0,NEUTRAL,76.09,1761.11,1814.48,1601.01,2026-08-03
RHETAN,METAL,31.12,74.0,STRONG_BUY,STRONG_UPTREND,-5.73,,,NEUTRAL,0.24,,0.0,STABLE,,,,50.0,NEUTRAL,68.0,30.81,31.74,28.01,2026-08-03
KALYANKJIL,FMCG,608.0,70.0,BUY,STRONG_UPTREND,-6.31,LONG_UNWINDING,-793800.0,DISTRIBUTION,0.43,-1.1,0.11,STABLE,MODERATE,,2.61,50.0,NEUTRAL,79.83,601.92,620.16,547.2,2026-08-03
SANGAMIND,TEXTILES,609.5,74.0,STRONG_BUY,STRONG_UPTREND,-9.37,,,NEUTRAL,-0.06,0.0,0.17,STABLE,EXPENSIVE_OR_WEAK,,0.56,58.0,POSITIVE,79.55,603.4,621.69,548.55,2026-08-03
AZAD,CAPITAL_GOODS,2306.8,74.0,STRONG_BUY,UPTREND,-8.82,,,NEUTRAL,-0.58,0.97,0.0,FII_DII_DIVERGENCE,MODERATE,,19.22,44.0,NEUTRAL,78.83,2283.73,2352.94,2076.12,2026-08-03
SOUTHBANK,BANKING,47.07,89.0,STRONG_BUY,STRONG_UPTREND,-5.67,,,NEUTRAL,3.27,-1.04,0.0,FII_DII_DIVERGENCE,,,,44.0,NEUTRAL,78.56,46.6,48.01,42.36,2026-08-03
HUHTAMAKI,CHEMICALS,300.0,74.0,STRONG_BUY,STRONG_UPTREND,-9.09,,,NEUTRAL,0.23,0.03,0.0,STABLE,MODERATE,,1.84,58.0,POSITIVE,80.24,297.0,306.0,270.0,2026-08-03
ASTRAMICRO,DEFENCE,1848.8,95.0,STRONG_BUY,STRONG_UPTREND,-5.67,,,NEUTRAL,1.29,0.66,0.0,FII_DII_ACCUMULATION,MODERATE,,12.99,65.0,POSITIVE,79.68,1830.31,1885.78,1663.92,2026-08-03
INDORAMA,TEXTILES,63.49,74.0,STRONG_BUY,STRONG_UPTREND,-15.35,,,NEUTRAL,0.03,0.0,0.0,STABLE,MODERATE,,-1.44,50.0,NEUTRAL,79.88,62.86,64.76,57.14,2026-08-03
BALKRISIND,AUTO,2492.2,84.0,STRONG_BUY,STRONG_UPTREND,-10.19,,,PRICE_LED,0.13,-0.17,0.0,STABLE,CHEAP_QUALITY,,15.99,58.0,POSITIVE,78.06,2467.28,2542.04,2242.98,2026-08-03
SHAREINDIA,FINANCIAL_SERVICES,180.74,88.0,STRONG_BUY,STRONG_UPTREND,-14.34,,,NEUTRAL,0.1,0.06,0.0,STABLE,CHEAP_QUALITY,,25.97,58.0,POSITIVE,79.29,178.93,184.35,162.67,2026-08-03
MUNJALSHOW,AUTO,143.47,80.0,STRONG_BUY,STRONG_UPTREND,-4.92,,,PRICE_LED,0.02,0.0,0.0,STABLE,MODERATE,,1.26,50.0,NEUTRAL,78.23,142.04,146.34,129.12,2026-08-03
ALPHAGEO,ENERGY,264.15,85.0,STRONG_BUY,STRONG_UPTREND,-7.96,,,PRICE_LED,-0.02,0.0,0.0,STABLE,FAIR_VALUE,,8.94,50.0,NEUTRAL,79.61,261.51,269.43,237.73,2026-08-03
NOVARTIND,PHARMA,1635.7,56.0,HOLD_WATCH,INSUFFICIENT_DATA,-8.11,,,NEUTRAL,,,,,,,,,,79.55,1586.63,1635.7,1504.84,2026-08-03
COMSYN,AUTO,208.72,56.0,HOLD_WATCH,INSUFFICIENT_DATA,-8.46,,,PRICE_LED,-0.13,0.0,0.0,STABLE,MODERATE,,4.07,50.0,NEUTRAL,79.08,202.46,208.72,192.02,2026-08-03
TATATECH,FMCG,763.8,95.0,STRONG_BUY,STRONG_UPTREND,-2.58,,,DISTRIBUTION,0.25,0.51,-0.03,DII_ACCUMULATION,FAIR_VALUE,,12.14,61.0,POSITIVE,79.09,756.16,779.08,687.42,2026-08-03
SHYAMMETL,METAL,1025.1,85.0,STRONG_BUY,STRONG_UPTREND,-5.95,,,NEUTRAL,-0.12,0.3,0.0,STABLE,FAIR_VALUE,,5.26,50.0,NEUTRAL,79.44,1014.85,1045.6,922.59,2026-08-03
PVRINOX,MEDIA,1141.4,71.0,BUY,STRONG_UPTREND,-8.67,,,DISTRIBUTION,-3.3,1.92,0.0,FII_DII_DIVERGENCE,EXPENSIVE_OR_WEAK,,0.71,44.0,NEUTRAL,76.55,1129.99,1164.23,1027.26,2026-08-03
PAUSHAKLTD,CHEMICALS,652.8,62.0,BUY,INSUFFICIENT_DATA,-5.12,,,NEUTRAL,,,,STABLE,,,,50.0,NEUTRAL,78.89,646.27,665.86,600.58,2026-08-03
GPTHEALTH,HEALTHCARE,163.94,91.0,STRONG_BUY,STRONG_UPTREND,-6.32,,,NEUTRAL,0.07,0.63,0.0,DII_ACCUMULATION,FAIR_VALUE,,13.02,53.0,NEUTRAL,79.65,162.3,167.22,147.55,2026-08-03
EXIDEIND,AUTO,444.7,80.0,STRONG_BUY,STRONG_UPTREND,-3.62,,,PRICE_LED,-0.62,0.42,0.0,STABLE,MODERATE,,4.63,50.0,NEUTRAL,79.55,440.25,453.59,400.23,2026-08-03
GOODYEAR,AUTO,857.15,66.0,BUY,INSUFFICIENT_DATA,-0.67,,,PRICE_LED,,,,,,,,,,76.45,848.58,874.29,788.58,2026-08-03
SMLMAH,AUTO,5464.0,62.0,BUY,INSUFFICIENT_DATA,-8.75,,,PRICE_LED,0.16,0.92,0.0,DII_ACCUMULATION,,,,53.0,NEUTRAL,79.68,5409.36,5573.28,5026.88,2026-08-03
KSHINTL,CAPITAL_GOODS,878.2,77.0,STRONG_BUY,INSUFFICIENT_DATA,-5.57,,,NEUTRAL,1.23,2.17,0.0,FII_DII_ACCUMULATION,,,,65.0,POSITIVE,78.64,869.42,895.76,807.94,2026-08-03
AKUMS,PHARMA,681.2,85.0,STRONG_BUY,STRONG_UPTREND,-4.69,,,NEUTRAL,0.22,-0.05,0.0,STABLE,FAIR_VALUE,,13.75,50.0,NEUTRAL,79.86,674.39,694.82,613.08,2026-08-03
UFBL,HOSPITALITY,700.45,68.0,BUY,UPTREND,-8.24,,,NEUTRAL,0.33,-0.06,0.03,STABLE,,,,50.0,NEUTRAL,77.42,693.45,714.46,630.41,2026-08-03
SHAILY,CAPITAL_GOODS,3056.0,89.0,STRONG_BUY,STRONG_UPTREND,-5.5,,,NEUTRAL,4.74,-3.03,0.0,FII_DII_DIVERGENCE,MODERATE,,11.42,44.0,NEUTRAL,73.64,3025.44,3117.12,2750.4,2026-08-03
NAUKRI,RETAIL,1268.8,75.0,STRONG_BUY,STRONG_UPTREND,-11.75,LONG_UNWINDING,-438350.0,NEUTRAL,-1.69,1.59,-0.09,FII_DII_DIVERGENCE,CHEAP_QUALITY,,26.22,52.0,NEUTRAL,75.57,1256.11,1294.18,1141.92,2026-08-03
ADVAIT,CAPITAL_GOODS,2359.2,56.0,HOLD_WATCH,INSUFFICIENT_DATA,-5.06,,,NEUTRAL,0.0,-0.04,-0.76,STABLE,,,,50.0,NEUTRAL,63.99,2288.42,2359.2,2170.46,2026-08-03
AUROPHARMA,PHARMA,1554.7,97.0,STRONG_BUY,UPTREND,-5.02,LONG_BUILDUP,89650.0,NEUTRAL,1.3,-1.81,0.0,FII_DII_DIVERGENCE,FAIR_VALUE,,10.54,56.0,POSITIVE,62.89,1539.15,1585.79,1399.23,2026-08-03
GCSL,FINANCIAL_SERVICES,508.75,56.0,HOLD_WATCH,INSUFFICIENT_DATA,-5.56,,,NEUTRAL,-0.09,-0.02,-1.63,PROMOTER_SELLING,,,,32.0,WEAK,78.06,493.49,508.75,468.05,2026-08-03
INDSWFTLAB,PHARMA,228.63,74.0,STRONG_BUY,UPTREND,-7.98,,,NEUTRAL,-0.53,-0.52,3.56,STRONG_PROMOTER_BUY,MODERATE,,0.12,62.0,POSITIVE,76.62,226.34,233.2,205.77,2026-08-03
PRECOT,TEXTILES,819.0,67.0,BUY,INSUFFICIENT_DATA,-6.59,,,NEUTRAL,-0.03,0.0,0.0,STABLE,FAIR_VALUE,,3.92,50.0,NEUTRAL,78.74,810.81,835.38,753.48,2026-08-03
3IINFOLTD,IT,24.39,90.0,STRONG_BUY,STRONG_UPTREND,-7.61,,,PRICE_LED,-0.08,-0.07,0.0,STABLE,CHEAP_QUALITY,,15.51,50.0,NEUTRAL,79.89,24.15,24.88,21.95,2026-08-03
INDUSINDBK,BANKING,1028.9,67.0,BUY,STRONG_UPTREND,-4.54,LONG_UNWINDING,-142100.0,NEUTRAL,-3.03,5.13,0.0,FII_DII_DIVERGENCE,,,,52.0,NEUTRAL,79.53,1018.61,1049.48,926.01,2026-08-03
VAIBHAVGBL,FMCG,265.7,85.0,STRONG_BUY,STRONG_UPTREND,-9.39,,,DISTRIBUTION,-1.61,0.56,0.32,FII_DII_DIVERGENCE,CHEAP_QUALITY,,25.51,52.0,NEUTRAL,79.54,263.04,271.01,239.13,2026-08-03
MMP,METAL,294.65,85.0,STRONG_BUY,STRONG_UPTREND,-7.92,,,NEUTRAL,0.01,0.0,0.0,STABLE,FAIR_VALUE,,5.33,50.0,NEUTRAL,78.52,291.7,300.54,265.19,2026-08-03
SAREGAMA,MEDIA,514.2,82.0,STRONG_BUY,STRONG_UPTREND,-4.05,,,DISTRIBUTION,-2.01,2.06,0.45,FII_DII_DIVERGENCE,FAIR_VALUE,,18.59,44.0,NEUTRAL,79.58,509.06,524.48,462.78,2026-08-03
3MINDIA,DIVERSIFIED,35955.0,74.0,STRONG_BUY,STRONG_UPTREND,-5.46,,,NEUTRAL,0.02,-0.06,0.0,STABLE,MODERATE,,11.25,50.0,NEUTRAL,65.95,35595.45,36674.1,33191.86,2026-08-03
SUNPHARMA,PHARMA,1963.5,84.0,STRONG_BUY,STRONG_UPTREND,-4.07,LONG_UNWINDING,-276150.0,NEUTRAL,-0.19,0.29,0.0,STABLE,CHEAP_QUALITY,,22.85,58.0,POSITIVE,79.34,1943.87,2002.77,1767.15,2026-08-03
DECNGOLD,METAL,204.28,56.0,HOLD_WATCH,INSUFFICIENT_DATA,-13.07,,,NEUTRAL,,,,,,,,,,78.83,198.15,204.28,187.94,2026-08-03
SBC,TEXTILES,41.99,59.0,BUY,UPTREND,-6.69,,,NEUTRAL,-1.23,-0.11,0.0,STABLE,MODERATE,,6.48,50.0,NEUTRAL,60.84,41.57,42.83,37.79,2026-08-03
SFL,REALTY,790.75,80.0,STRONG_BUY,STRONG_UPTREND,-4.61,,,NEUTRAL,-0.03,0.17,0.0,STABLE,EXPENSIVE_OR_WEAK,,1.57,50.0,NEUTRAL,77.86,782.84,806.57,711.68,2026-08-03
JSWSTEEL,METAL,1292.3,63.0,HOLD_WATCH,STRONG_UPTREND,-2.69,SHORT_BUILDUP,396225.0,NEUTRAL,0.0,0.1,0.0,STABLE,EXPENSIVE_OR_WEAK,,1.39,50.0,NEUTRAL,62.61,1279.38,1318.15,1186.31,2026-08-03
VOEPL,OTHER,498.45,62.0,BUY,INSUFFICIENT_DATA,-6.74,,,NEUTRAL,,,,STABLE,,,,50.0,NEUTRAL,78.39,493.47,508.42,458.57,2026-08-03
HESTERBIO,PHARMA,2442.4,74.0,STRONG_BUY,STRONG_UPTREND,-8.99,,,NEUTRAL,-0.13,-0.01,0.0,STABLE,MODERATE,,10.11,50.0,NEUTRAL,79.74,2417.98,2491.25,2198.16,2026-08-03
AARTISURF,CHEMICALS,481.0,80.0,STRONG_BUY,STRONG_UPTREND,-6.89,,,NEUTRAL,0.14,-0.3,-0.01,STABLE,MODERATE,,1.2,50.0,NEUTRAL,75.42,476.19,490.62,432.9,2026-08-03
HSCL,CHEMICALS,750.65,79.0,STRONG_BUY,STRONG_UPTREND,-8.4,,,NEUTRAL,0.35,0.06,0.0,STABLE,FAIR_VALUE,,12.16,58.0,POSITIVE,79.87,743.14,765.66,675.59,2026-08-03
GNA,AUTO,537.2,88.0,STRONG_BUY,STRONG_UPTREND,-10.71,,,PRICE_LED,0.92,-0.42,-0.15,FII_ACCUMULATION,FAIR_VALUE,,7.07,62.5,POSITIVE,79.89,531.83,547.94,483.48,2026-08-03
KAJARIACER,CAPITAL_GOODS,1214.7,65.0,BUY,UPTREND,-7.37,,,NEUTRAL,-1.43,1.18,0.0,FII_DII_DIVERGENCE,MODERATE,,6.79,56.0,POSITIVE,61.2,1202.55,1238.99,1093.23,2026-08-03
SILVERTUC,IT,197.38,82.0,STRONG_BUY,STRONG_UPTREND,-8.96,,,PRICE_LED,0.56,0.01,0.0,FII_ACCUMULATION,FAIR_VALUE,,5.95,60.0,POSITIVE,64.89,195.41,201.33,177.64,2026-08-03
KIRANVYPAR,FINANCIAL_SERVICES,202.99,62.0,BUY,INSUFFICIENT_DATA,-4.0,,,NEUTRAL,,,,,,,,,,78.61,200.96,207.05,186.75,2026-08-03
CREDITACC,FINANCIAL_SERVICES,1558.2,94.0,STRONG_BUY,STRONG_UPTREND,-4.64,,,NEUTRAL,1.26,-0.64,-0.04,FII_DII_DIVERGENCE,FAIR_VALUE,,12.8,44.0,NEUTRAL,73.02,1542.62,1589.36,1402.38,2026-08-03
MUNJALAU,AUTO,103.68,74.0,STRONG_BUY,STRONG_UPTREND,-9.84,,,PRICE_LED,-0.04,0.0,0.0,STABLE,MODERATE,,1.75,50.0,NEUTRAL,77.44,102.64,105.75,93.31,2026-08-03
LAGNAM,TEXTILES,88.44,68.0,BUY,STRONG_UPTREND,-8.81,,,NEUTRAL,0.0,0.0,0.0,STABLE,MODERATE,,0.97,50.0,NEUTRAL,62.51,87.56,90.21,79.6,2026-08-03
VSSL,METAL,304.0,85.0,STRONG_BUY,STRONG_UPTREND,-6.71,,,NEUTRAL,0.01,0.03,-0.04,STABLE,FAIR_VALUE,,5.13,50.0,NEUTRAL,76.35,300.96,310.08,273.6,2026-08-03
QMSMEDI,OTHER,112.3,47.0,HOLD_WATCH,INSUFFICIENT_DATA,-5.39,,,NEUTRAL,0.0,,-5.6,STABLE,,,,50.0,NEUTRAL,62.46,108.93,112.3,103.32,2026-08-03
OFSS,FINANCIAL_SERVICES,11332.0,100.0,STRONG_BUY,STRONG_UPTREND,-5.4,LONG_BUILDUP,10300.0,NEUTRAL,-0.32,0.3,-0.02,STABLE,CHEAP_QUALITY,,31.56,58.0,POSITIVE,79.37,11218.68,11558.64,10198.8,2026-08-03
APOLLOHOSP,HEALTHCARE,8820.0,54.0,HOLD_WATCH,UPTREND,-2.53,SHORT_BUILDUP,2125.0,NEUTRAL,-1.12,0.96,0.0,FII_DII_DIVERGENCE,MODERATE,,6.97,52.0,NEUTRAL,66.26,8555.4,8820.0,7938.0,2026-08-03
UEL,POWER,184.47,56.0,HOLD_WATCH,INSUFFICIENT_DATA,-16.15,,,NEUTRAL,0.0,0.0,-3.81,PROMOTER_SELLING,FAIR_VALUE,,36.75,50.0,NEUTRAL,78.8,178.94,184.47,169.71,2026-08-03
TEXINFRA,CAPITAL_GOODS,113.93,68.0,BUY,UPTREND,-3.45,,,NEUTRAL,0.01,0.0,0.6,STABLE,MODERATE,,-99.09,50.0,NEUTRAL,60.7,112.79,116.21,102.54,2026-08-03
JUBLINGREA,CHEMICALS,757.45,91.0,STRONG_BUY,STRONG_UPTREND,-4.72,,,NEUTRAL,0.34,0.76,0.0,DII_ACCUMULATION,FAIR_VALUE,,7.04,61.0,POSITIVE,78.24,749.88,772.6,681.71,2026-08-03
SHADOWFAX,LOGISTICS,240.78,62.0,BUY,INSUFFICIENT_DATA,-7.92,,,NEUTRAL,,,,STABLE,,,,50.0,NEUTRAL,79.07,238.37,245.6,221.52,2026-08-03
STARHEALTH,FINANCIAL_SERVICES,592.6,89.0,STRONG_BUY,STRONG_UPTREND,-5.17,,,NEUTRAL,0.98,-0.65,0.0,FII_DII_DIVERGENCE,,,,44.0,NEUTRAL,76.22,586.67,604.45,533.34,2026-08-03
MUKANDLTD,METAL,143.6,74.0,STRONG_BUY,STRONG_UPTREND,-6.9,,,NEUTRAL,-0.03,0.0,0.0,STABLE,MODERATE,,1.61,50.0,NEUTRAL,60.53,142.16,146.47,130.55,2026-08-03
MARICO,FMCG,880.95,74.0,HOLD_WATCH,STRONG_UPTREND,-0.92,SHORT_BUILDUP,1086000.0,DISTRIBUTION,0.07,-0.04,0.0,STABLE,FAIR_VALUE,,15.37,50.0,NEUTRAL,78.03,872.14,898.57,792.86,2026-08-03
ICICIBANK,BANKING,1460.0,98.0,STRONG_BUY,STRONG_UPTREND,-1.35,LONG_BUILDUP,303800.0,NEUTRAL,-9.38,-6.78,0.0,STABLE,CHEAP_QUALITY,,24.3,50.0,NEUTRAL,66.0,1445.4,1489.2,1318.13,2026-08-03
RISHABH,CAPITAL_GOODS,650.2,56.0,HOLD_WATCH,INSUFFICIENT_DATA,-6.15,,,NEUTRAL,-0.14,-0.84,-0.12,STABLE,EXPENSIVE_OR_WEAK,,2.13,50.0,NEUTRAL,62.73,630.69,650.2,598.18,2026-08-03
MANORAMA,FMCG,1633.0,84.0,STRONG_BUY,STRONG_UPTREND,-2.61,,,DISTRIBUTION,0.18,-0.61,0.0,STABLE,MODERATE,,14.57,50.0,NEUTRAL,72.16,1616.67,1665.66,1469.7,2026-08-03
TECHM,IT,1649.0,78.0,STRONG_BUY,STRONG_UPTREND,-11.06,LONG_UNWINDING,-273000.0,PRICE_LED,0.65,-0.46,-0.01,FII_ACCUMULATION,FAIR_VALUE,,8.45,56.0,POSITIVE,79.23,1632.51,1681.98,1484.1,2026-08-03
RUBICON,PHARMA,1500.8,71.0,BUY,STRONG_UPTREND,-5.59,,,NEUTRAL,-1.83,-0.52,-0.13,STABLE,,,,50.0,NEUTRAL,79.3,1485.79,1530.82,1350.72,2026-08-03
GOCLCORP,CHEMICALS,416.15,88.0,STRONG_BUY,STRONG_UPTREND,-9.51,,,NEUTRAL,-0.04,0.01,0.0,STABLE,CHEAP_QUALITY,,66.86,50.0,NEUTRAL,78.57,411.99,424.47,374.53,2026-08-03
NRBBEARING,AUTO,433.8,89.0,STRONG_BUY,STRONG_UPTREND,-7.23,,,PRICE_LED,0.57,-0.25,0.0,FII_ACCUMULATION,MODERATE,,7.93,71.2,POSITIVE,65.25,429.46,442.48,390.42,2026-08-03
360ONE,FINANCIAL_SERVICES,1147.8,70.0,HOLD_WATCH,STRONG_UPTREND,-7.15,SHORT_BUILDUP,500.0,NEUTRAL,-2.19,1.93,-0.01,FII_DII_DIVERGENCE,CHEAP_QUALITY,,32.17,52.0,NEUTRAL,65.92,1136.32,1170.76,1078.25,2026-08-03
SUNDRMFAST,AUTO,993.25,94.0,STRONG_BUY,STRONG_UPTREND,-7.35,,,PRICE_LED,1.24,-1.44,0.0,FII_DII_DIVERGENCE,FAIR_VALUE,,9.38,52.0,NEUTRAL,79.16,983.32,1013.12,893.93,2026-08-03
PNBHOUSING,FINANCIAL_SERVICES,1090.0,100.0,STRONG_BUY,STRONG_UPTREND,-3.77,LONG_BUILDUP,367250.0,NEUTRAL,-0.62,1.04,0.0,FII_DII_DIVERGENCE,CHEAP_QUALITY,,24.94,44.0,NEUTRAL,76.66,1079.1,1111.8,981.0,2026-08-03
PIDILITIND,CHEMICALS,1642.5,68.0,HOLD_WATCH,STRONG_UPTREND,0.0,SHORT_BUILDUP,120000.0,NEUTRAL,-0.25,0.38,-0.01,STABLE,FAIR_VALUE,,16.62,50.0,NEUTRAL,59.95,1626.08,1675.35,1478.25,2026-08-03
ANTHEM,PHARMA,829.85,86.0,STRONG_BUY,STRONG_UPTREND,-5.0,,,NEUTRAL,-0.08,3.95,-0.01,DII_ACCUMULATION,,,,61.0,POSITIVE,79.01,821.55,846.45,746.87,2026-08-03
SANATHAN,TEXTILES,484.8,79.0,STRONG_BUY,STRONG_UPTREND,-12.17,,,NEUTRAL,0.11,0.28,0.0,STABLE,FAIR_VALUE,,4.49,50.0,NEUTRAL,77.82,479.95,494.5,436.32,2026-08-03
BUTTERFLY,FMCG,736.5,67.0,BUY,UPTREND,-10.6,,,DISTRIBUTION,0.0,0.0,0.0,STABLE,FAIR_VALUE,,4.23,50.0,NEUTRAL,66.98,729.13,751.23,662.85,2026-08-03
MUFIN,FINANCIAL_SERVICES,133.1,71.0,BUY,STRONG_UPTREND,-3.55,,,NEUTRAL,0.05,0.75,-6.81,DII_ACCUMULATION,MODERATE,,12.27,53.0,NEUTRAL,60.66,131.77,135.76,119.79,2026-08-03
MAHLIFE,REALTY,398.25,94.0,STRONG_BUY,STRONG_UPTREND,-6.74,,,NEUTRAL,-0.16,0.02,0.0,STABLE,CHEAP_QUALITY,,28.79,50.0,NEUTRAL,78.24,394.27,406.22,358.43,2026-08-03
ECLERX,IT,1922.2,78.0,STRONG_BUY,STRONG_UPTREND,-23.04,,,PRICE_LED,0.04,-0.78,0.71,STABLE,CHEAP_QUALITY,,16.77,56.0,POSITIVE,60.06,1902.98,1960.64,1804.78,2026-08-03
AVALON,CAPITAL_GOODS,1751.8,71.0,BUY,STRONG_UPTREND,-5.77,,,NEUTRAL,-1.14,0.78,-0.01,FII_DII_DIVERGENCE,EXPENSIVE_OR_WEAK,,8.54,44.0,NEUTRAL,62.93,1734.28,1786.84,1576.62,2026-08-03
ITDC,CAPITAL_GOODS,715.2,73.0,STRONG_BUY,UPTREND,-12.99,,,NEUTRAL,0.02,0.0,0.0,STABLE,FAIR_VALUE,,14.72,50.0,NEUTRAL,77.5,708.05,729.5,643.68,2026-08-03
STEELCAS,CAPITAL_GOODS,325.9,84.0,STRONG_BUY,STRONG_UPTREND,-5.26,,,NEUTRAL,0.03,0.31,0.0,STABLE,CHEAP_QUALITY,,18.29,58.0,POSITIVE,62.99,322.64,332.42,293.31,2026-08-03
SIGIND,MEDIA,55.93,73.0,STRONG_BUY,STRONG_UPTREND,-9.72,,,DISTRIBUTION,0.0,0.0,0.0,STABLE,FAIR_VALUE,,1.38,50.0,NEUTRAL,68.32,55.37,57.05,50.34,2026-08-03
RPGLIFE,PHARMA,2756.8,73.0,STRONG_BUY,UPTREND,-10.55,,,NEUTRAL,-0.13,0.41,0.0,STABLE,FAIR_VALUE,,11.34,50.0,NEUTRAL,79.38,2729.23,2811.94,2481.12,2026-08-03
SBCL,METAL,763.45,79.0,STRONG_BUY,STRONG_UPTREND,-6.21,,,NEUTRAL,-0.85,0.28,0.2,STABLE,FAIR_VALUE,,14.8,58.0,POSITIVE,62.61,755.82,778.72,687.11,2026-08-03
HALDER,AGRICULTURE,255.0,50.0,HOLD_WATCH,INSUFFICIENT_DATA,-8.59,,,NEUTRAL,,,,,,,,,,68.99,247.35,255.0,234.6,2026-08-03
A2ZINFRA,INFRASTRUCTURE,17.1,70.0,BUY,INSUFFICIENT_DATA,-11.81,,,EARLY_ROTATION,0.04,0.0,0.0,STABLE,MODERATE,,0.25,50.0,NEUTRAL,76.6,16.93,17.44,15.73,2026-08-03
IMFA,METAL,1492.0,84.0,STRONG_BUY,STRONG_UPTREND,-11.19,,,NEUTRAL,-0.28,0.06,0.0,STABLE,CHEAP_QUALITY,,18.1,56.0,POSITIVE,75.14,1477.08,1521.84,1342.8,2026-08-03
CORONA,PHARMA,2105.7,83.0,STRONG_BUY,INSUFFICIENT_DATA,-4.72,,,NEUTRAL,1.21,3.37,0.0,FII_DII_ACCUMULATION,,,,75.5,HIGH_CONVICTION,77.75,2084.64,2147.81,1937.24,2026-08-03
BETA,PHARMA,2353.0,62.0,BUY,INSUFFICIENT_DATA,-12.0,,,NEUTRAL,1.79,3.86,-5.53,FII_DII_ACCUMULATION,,,,50.0,NEUTRAL,77.24,2329.47,2400.06,2164.76,2026-08-03
GATECH,FINANCIAL_SERVICES,0.75,88.0,STRONG_BUY,STRONG_UPTREND,-19.35,,,NEUTRAL,0.13,0.0,0.0,STABLE,CHEAP_QUALITY,,28.13,50.0,NEUTRAL,79.3,0.74,0.77,0.68,2026-08-03
SALSTEEL,OTHER,57.69,60.0,BUY,INSUFFICIENT_DATA,-2.32,,,NEUTRAL,,,,,MODERATE,,-0.2,,,47.94,57.11,58.84,53.07,2026-08-03
MENNPIS,AUTO,74.43,56.0,HOLD_WATCH,INSUFFICIENT_DATA,-9.01,,,PRICE_LED,,,,,,,,,,77.24,72.2,74.43,68.48,2026-08-03
SENORES,PHARMA,1355.3,67.0,BUY,UPTREND,-10.23,,,NEUTRAL,0.29,0.3,0.02,STABLE,FAIR_VALUE,,15.95,50.0,NEUTRAL,65.0,1341.75,1382.41,1219.77,2026-08-03
SGIL,CAPITAL_GOODS,592.2,68.0,BUY,UPTREND,-6.48,,,NEUTRAL,-0.03,-0.02,0.05,STABLE,MODERATE,,5.43,50.0,NEUTRAL,60.31,586.28,604.04,532.98,2026-08-03
SONATSOFTW,IT,345.85,79.0,STRONG_BUY,STRONG_UPTREND,-17.95,,,PRICE_LED,-0.05,-0.76,0.0,STABLE,FAIR_VALUE,,4.22,58.0,POSITIVE,79.63,342.39,352.77,311.27,2026-08-03
CAPLIPOINT,PHARMA,2566.1,82.0,STRONG_BUY,UPTREND,-4.92,,,NEUTRAL,-0.44,0.09,0.0,STABLE,CHEAP_QUALITY,,27.08,58.0,POSITIVE,60.66,2540.44,2617.42,2309.49,2026-08-03
MARINE,CAPITAL_GOODS,287.75,74.0,STRONG_BUY,STRONG_UPTREND,-3.41,,,NEUTRAL,-0.42,0.21,-0.34,STABLE,EXPENSIVE_OR_WEAK,,4.64,50.0,NEUTRAL,62.04,284.87,293.5,258.98,2026-08-03
DENORA,CAPITAL_GOODS,891.05,83.0,STRONG_BUY,STRONG_UPTREND,-7.22,,,NEUTRAL,0.71,0.0,0.0,FII_ACCUMULATION,MODERATE,,-12.69,56.0,POSITIVE,65.48,882.14,908.87,801.94,2026-08-03
SENCO,FMCG,388.1,80.0,STRONG_BUY,STRONG_UPTREND,-9.74,,,DISTRIBUTION,-0.61,0.54,0.02,FII_DII_DIVERGENCE,MODERATE,,1.27,52.0,NEUTRAL,77.23,384.22,395.86,349.29,2026-08-03
PARKHOSPS,HEALTHCARE,288.6,53.0,HOLD_WATCH,INSUFFICIENT_DATA,-5.38,,,NEUTRAL,-1.11,2.59,0.0,FII_DII_DIVERGENCE,,,,44.0,NEUTRAL,68.53,279.94,288.6,265.51,2026-08-03
PTCIL,POWER,17981.0,74.0,STRONG_BUY,STRONG_UPTREND,-9.42,,,NEUTRAL,0.1,0.76,0.0,DII_ACCUMULATION,MODERATE,,13.47,53.0,NEUTRAL,62.71,17801.19,18340.62,17060.04,2026-08-03
PANAMAPET,ENERGY,460.75,79.0,STRONG_BUY,STRONG_UPTREND,-11.14,,,PRICE_LED,0.0,0.0,0.0,STABLE,FAIR_VALUE,,6.49,50.0,NEUTRAL,79.3,456.14,469.97,414.68,2026-08-03
HTMEDIA,MEDIA,24.87,56.0,HOLD_WATCH,INSUFFICIENT_DATA,-11.18,,,DISTRIBUTION,-0.06,0.0,0.0,STABLE,MODERATE,,-1.05,50.0,NEUTRAL,77.39,24.12,24.87,22.88,2026-08-03
HAL,DEFENCE,4690.0,100.0,STRONG_BUY,STRONG_UPTREND,-5.79,LONG_BUILDUP,48900.0,NEUTRAL,-0.66,0.76,0.0,FII_DII_DIVERGENCE,CHEAP_QUALITY,,22.81,52.0,NEUTRAL,63.33,4643.1,4783.8,4243.11,2026-08-03
POLYPLEX,CHEMICALS,1094.8,94.0,STRONG_BUY,STRONG_UPTREND,-6.75,,,NEUTRAL,0.93,0.01,0.0,FII_ACCUMULATION,FAIR_VALUE,,7.78,56.0,POSITIVE,72.39,1083.85,1116.7,985.32,2026-08-03
ZSARACOM,FINANCIAL_SERVICES,12179.0,56.0,HOLD_WATCH,INSUFFICIENT_DATA,-15.42,,,NEUTRAL,,,,,,,,,,78.53,11813.63,12179.0,11204.68,2026-08-03
MACPOWER,CAPITAL_GOODS,1457.8,85.0,STRONG_BUY,STRONG_UPTREND,-7.66,,,NEUTRAL,0.08,0.17,0.0,STABLE,FAIR_VALUE,,9.73,50.0,NEUTRAL,77.53,1443.22,1486.96,1312.02,2026-08-03
WEWORK,REALTY,744.6,75.0,STRONG_BUY,STRONG_UPTREND,-2.92,,,NEUTRAL,-7.2,6.55,-0.38,FII_DII_DIVERGENCE,,,,44.0,NEUTRAL,60.55,737.15,759.49,670.14,2026-08-03
STYLAMIND,REALTY,3453.0,94.0,STRONG_BUY,STRONG_UPTREND,-16.8,,,NEUTRAL,0.76,0.09,1.92,STRONG_PROMOTER_FII_BUY,FAIR_VALUE,,12.47,74.0,POSITIVE,79.87,3418.47,3522.06,3107.7,2026-08-03
TRAVELFOOD,HOSPITALITY,1344.6,80.0,STRONG_BUY,STRONG_UPTREND,-6.95,,,NEUTRAL,-0.84,0.87,0.0,FII_DII_DIVERGENCE,,,,44.0,NEUTRAL,61.05,1331.15,1371.49,1210.14,2026-08-03
MODIS,REALTY,398.55,47.0,HOLD_WATCH,INSUFFICIENT_DATA,-7.11,,,NEUTRAL,-2.69,0.41,0.0,STABLE,,,,50.0,NEUTRAL,68.85,386.59,398.55,366.67,2026-08-03
RAYMONDREL,REALTY,669.75,62.0,BUY,UPTREND,-8.87,,,NEUTRAL,-0.92,-0.48,1.69,STRONG_PROMOTER_BUY,,,,62.0,POSITIVE,68.07,663.05,683.14,602.77,2026-08-03
CENTUM,CAPITAL_GOODS,3676.5,80.0,STRONG_BUY,STRONG_UPTREND,-6.12,,,NEUTRAL,-0.02,1.56,-0.01,DII_ACCUMULATION,MODERATE,,-6.86,53.0,NEUTRAL,69.25,3639.74,3750.03,3308.85,2026-08-03
STYL,FINANCIAL_SERVICES,368.05,68.0,BUY,UPTREND,-15.86,,,NEUTRAL,-0.37,-0.21,0.0,STABLE,,,,50.0,NEUTRAL,78.81,364.37,375.41,331.25,2026-08-03
SHINDL,CAPITAL_GOODS,160.36,56.0,HOLD_WATCH,INSUFFICIENT_DATA,-10.76,,,NEUTRAL,,,,,,,,,,75.71,155.55,160.36,147.53,2026-08-03
ETERNAL,RETAIL,310.5,56.0,HOLD_WATCH,STRONG_UPTREND,-15.73,SHORT_BUILDUP,1593225.0,NEUTRAL,-3.53,3.33,0.0,FII_DII_DIVERGENCE,,,,44.0,NEUTRAL,74.15,301.19,310.5,279.45,2026-08-03
PERSISTENT,IT,5575.0,93.0,STRONG_BUY,STRONG_UPTREND,-15.52,SHORT_COVERING,-26125.0,PRICE_LED,-0.68,0.66,0.0,FII_DII_DIVERGENCE,FAIR_VALUE,,11.22,52.0,NEUTRAL,77.67,5519.25,5686.5,5363.37,2026-08-03
BHAGCHEM,CHEMICALS,298.35,80.0,STRONG_BUY,STRONG_UPTREND,-5.85,,,NEUTRAL,-0.06,0.03,0.0,STABLE,EXPENSIVE_OR_WEAK,,4.38,50.0,NEUTRAL,78.28,295.37,304.32,268.52,2026-08-03
USHAMART,METAL,504.05,85.0,STRONG_BUY,STRONG_UPTREND,-4.45,,,NEUTRAL,0.14,0.69,0.0,DII_ACCUMULATION,FAIR_VALUE,,10.72,53.0,NEUTRAL,66.04,499.01,514.13,453.65,2026-08-03
INDHOTEL,HOSPITALITY,752.0,76.0,STRONG_BUY,STRONG_UPTREND,-7.38,LONG_UNWINDING,-200000.0,NEUTRAL,-1.85,1.91,0.0,FII_DII_DIVERGENCE,FAIR_VALUE,,28.83,52.0,NEUTRAL,77.99,744.48,767.04,676.8,2026-08-03
PAISALO,FINANCIAL_SERVICES,72.29,74.0,STRONG_BUY,STRONG_UPTREND,-6.59,,,NEUTRAL,-10.75,-0.01,4.97,STRONG_PROMOTER_BUY,FAIR_VALUE,,28.75,50.0,NEUTRAL,68.92,71.57,73.74,65.06,2026-08-03
GLAXO,PHARMA,2662.3,94.0,STRONG_BUY,STRONG_UPTREND,-7.67,,,NEUTRAL,-0.02,-0.02,0.0,STABLE,CHEAP_QUALITY,,24.61,58.0,POSITIVE,73.96,2635.68,2715.55,2396.07,2026-08-03
LTF,FINANCIAL_SERVICES,318.0,98.0,STRONG_BUY,STRONG_UPTREND,-6.08,SHORT_COVERING,-432000.0,NEUTRAL,0.08,0.0,-0.03,STABLE,CHEAP_QUALITY,,17.33,69.5,POSITIVE,64.83,314.82,324.36,286.2,2026-08-03
JAYAGROGN,CHEMICALS,230.95,73.0,STRONG_BUY,STRONG_UPTREND,-11.26,,,NEUTRAL,0.0,-0.02,0.0,STABLE,FAIR_VALUE,,2.31,50.0,NEUTRAL,61.78,228.64,235.57,207.85,2026-08-03
KINGFA,CAPITAL_GOODS,5185.5,55.0,HOLD_WATCH,INSUFFICIENT_DATA,-9.02,,,NEUTRAL,0.03,0.1,0.0,STABLE,FAIR_VALUE,,8.37,50.0,NEUTRAL,60.42,5029.93,5185.5,4770.66,2026-08-03
KIMS,HEALTHCARE,820.6,74.0,STRONG_BUY,STRONG_UPTREND,-4.36,,,NEUTRAL,0.24,-0.21,0.0,STABLE,MODERATE,,13.76,50.0,NEUTRAL,62.78,812.39,837.01,738.54,2026-08-03
NAHARSPING,OTHER,311.15,60.0,BUY,INSUFFICIENT_DATA,-0.84,,,NEUTRAL,,,,,MODERATE,,-1.05,,,48.18,308.04,317.37,286.26,2026-08-03
SMCGLOBAL,FINANCIAL_SERVICES,79.94,73.0,STRONG_BUY,STRONG_UPTREND,-15.76,,,NEUTRAL,0.03,-0.03,-0.93,STABLE,FAIR_VALUE,,9.87,58.0,POSITIVE,60.01,79.14,81.54,71.95,2026-08-03
GOODLUCK,METAL,1507.2,73.0,STRONG_BUY,UPTREND,-9.86,,,NEUTRAL,0.07,0.58,0.0,DII_ACCUMULATION,FAIR_VALUE,,4.57,61.0,POSITIVE,61.54,1492.13,1537.34,1356.48,2026-08-03
GRANULES,PHARMA,843.2,77.0,STRONG_BUY,UPTREND,-7.34,,,NEUTRAL,3.71,-2.4,0.0,FII_DII_DIVERGENCE,MODERATE,,9.32,53.0,NEUTRAL,65.02,834.77,860.06,758.88,2026-08-03
CINELINE,MEDIA,88.53,68.0,BUY,STRONG_UPTREND,-9.2,,,DISTRIBUTION,0.0,0.0,0.0,STABLE,EXPENSIVE_OR_WEAK,,1.63,50.0,NEUTRAL,60.27,87.64,90.3,82.44,2026-08-03
CARTRADE,RETAIL,2803.3,74.0,STRONG_BUY,STRONG_UPTREND,-14.81,,,NEUTRAL,-4.45,2.09,0.0,FII_DII_DIVERGENCE,FAIR_VALUE,,23.08,44.0,NEUTRAL,66.99,2775.27,2859.37,2522.97,2026-08-03
ALKEM,PHARMA,5707.0,73.0,HOLD_WATCH,STRONG_UPTREND,-3.82,SHORT_BUILDUP,7625.0,NEUTRAL,0.19,-0.14,0.0,STABLE,CHEAP_QUALITY,,20.56,58.0,POSITIVE,64.65,5649.93,5821.14,5433.28,2026-08-03
RICOAUTO,AUTO,142.07,68.0,BUY,STRONG_UPTREND,-9.51,,,PRICE_LED,0.13,0.09,0.0,STABLE,EXPENSIVE_OR_WEAK,,0.33,50.0,NEUTRAL,66.95,140.65,144.91,127.86,2026-08-03
KHAITANLTD,OTHER,155.39,65.0,BUY,INSUFFICIENT_DATA,-0.01,,,NEUTRAL,,,,,FAIR_VALUE,,4.44,,,53.93,153.84,158.5,142.96,2026-08-03
M&M,HOSPITALITY,3428.6,78.0,STRONG_BUY,STRONG_UPTREND,-10.71,SHORT_COVERING,-911200.0,NEUTRAL,-1.27,1.06,0.01,FII_DII_DIVERGENCE,FAIR_VALUE,,8.8,44.0,NEUTRAL,62.16,3394.31,3497.17,3283.1,2026-08-03
KCPSUGIND,FMCG,32.59,74.0,STRONG_BUY,STRONG_UPTREND,-11.8,,,DISTRIBUTION,0.1,0.0,0.57,STABLE,MODERATE,,-44.93,50.0,NEUTRAL,79.18,32.26,33.24,29.33,2026-08-03
JAMNAAUTO,AUTO,140.86,88.0,STRONG_BUY,STRONG_UPTREND,-7.69,,,PRICE_LED,4.05,-3.25,-0.09,FII_DII_DIVERGENCE,FAIR_VALUE,,7.78,44.0,NEUTRAL,60.96,139.45,143.68,126.77,2026-08-03
ANANTRAJ,REALTY,626.15,79.0,STRONG_BUY,STRONG_UPTREND,-15.8,,,NEUTRAL,-2.8,-1.12,0.06,STABLE,CHEAP_QUALITY,,20.62,50.0,NEUTRAL,79.7,619.89,638.67,563.53,2026-08-03
WOCKPHARMA,PHARMA,2028.4,74.0,STRONG_BUY,STRONG_UPTREND,-16.26,,,NEUTRAL,0.1,0.41,0.0,STABLE,EXPENSIVE_OR_WEAK,,2.77,50.0,NEUTRAL,79.84,2008.12,2068.97,1825.56,2026-08-03
CONCOR,LOGISTICS,525.0,100.0,STRONG_BUY,STRONG_UPTREND,-7.86,LONG_BUILDUP,148750.0,NEUTRAL,-0.74,1.08,0.0,FII_DII_DIVERGENCE,CHEAP_QUALITY,,16.32,52.0,NEUTRAL,60.85,519.75,535.5,485.25,2026-08-03
TPLPLASTEH,CHEMICALS,81.26,79.0,STRONG_BUY,STRONG_UPTREND,-10.04,,,NEUTRAL,0.05,-0.04,0.0,STABLE,FAIR_VALUE,,6.83,50.0,NEUTRAL,78.45,80.45,82.89,73.13,2026-08-03
TINNARUBR,REALTY,1106.8,74.0,STRONG_BUY,STRONG_UPTREND,-16.28,,,NEUTRAL,-0.16,-0.14,0.0,STABLE,,,,50.0,NEUTRAL,79.93,1095.73,1128.94,996.12,2026-08-03
PRAVEG,HOSPITALITY,293.6,56.0,HOLD_WATCH,INSUFFICIENT_DATA,-9.66,,,NEUTRAL,,,,,,,,,,73.76,284.79,293.6,270.11,2026-08-03
TARSONS,HEALTHCARE,317.4,64.0,BUY,STRONG_UPTREND,-16.46,,,NEUTRAL,-1.6,0.19,0.0,STABLE,FAIR_VALUE,,10.37,50.0,NEUTRAL,60.39,314.23,323.75,285.66,2026-08-03
NETWEB,FMCG,4586.0,71.0,BUY,STRONG_UPTREND,-12.55,,,DISTRIBUTION,-0.26,1.38,-4.02,DII_ACCUMULATION,MODERATE,,9.58,53.0,NEUTRAL,77.87,4540.14,4677.72,4127.4,2026-08-03
RML,AUTO,1210.8,68.0,BUY,STRONG_UPTREND,-8.54,,,PRICE_LED,0.01,-0.05,0.0,STABLE,MODERATE,,-0.09,50.0,NEUTRAL,63.25,1198.69,1235.02,1089.72,2026-08-03
NIBL,CAPITAL_GOODS,35.09,74.0,STRONG_BUY,STRONG_UPTREND,-14.0,,,NEUTRAL,0.0,0.0,2.04,STRONG_PROMOTER_BUY,MODERATE,,-38.65,50.0,NEUTRAL,76.15,34.74,35.79,31.58,2026-08-03
63MOONS,IT,897.05,74.0,STRONG_BUY,STRONG_UPTREND,-12.9,,,PRICE_LED,0.22,0.0,0.0,STABLE,MODERATE,,-94.13,50.0,NEUTRAL,78.86,888.08,914.99,807.35,2026-08-03
INDGN,HEALTHCARE,545.25,64.0,BUY,STRONG_UPTREND,-8.64,,,NEUTRAL,-1.21,0.23,0.0,STABLE,FAIR_VALUE,,15.23,50.0,NEUTRAL,61.19,539.8,556.15,492.42,2026-08-03
ASIANPAINT,CHEMICALS,2810.0,70.0,BUY,STRONG_UPTREND,-5.88,LONG_UNWINDING,-53250.0,NEUTRAL,-0.67,0.67,0.0,FII_DII_DIVERGENCE,MODERATE,,10.99,52.0,NEUTRAL,68.15,2781.9,2866.2,2538.47,2026-08-03
NIVABUPA,FINANCIAL_SERVICES,86.56,74.0,STRONG_BUY,STRONG_UPTREND,-5.3,,,NEUTRAL,0.28,0.45,0.0,STABLE,,,,50.0,NEUTRAL,61.04,85.69,88.29,77.9,2026-08-03
TTKHLTCARE,DIVERSIFIED,1049.2,73.0,STRONG_BUY,STRONG_UPTREND,-13.77,,,NEUTRAL,0.01,0.03,0.0,STABLE,FAIR_VALUE,,8.41,50.0,NEUTRAL,60.26,1038.71,1070.18,944.28,2026-08-03
FSL,IT,324.35,79.0,STRONG_BUY,STRONG_UPTREND,-14.96,,,PRICE_LED,-0.33,0.29,0.0,STABLE,FAIR_VALUE,,7.62,58.0,POSITIVE,75.24,321.11,330.84,291.92,2026-08-03
NILKAMAL,FMCG,1699.9,79.0,STRONG_BUY,STRONG_UPTREND,-14.3,,,DISTRIBUTION,-0.02,-0.49,0.0,STABLE,FAIR_VALUE,,3.97,50.0,NEUTRAL,79.62,1682.9,1733.9,1529.91,2026-08-03
TAKE,OTHER,22.36,70.0,BUY,INSUFFICIENT_DATA,-0.4,,,NEUTRAL,,,,,CHEAP_QUALITY,,,,,56.9,22.14,22.81,20.57,2026-08-03
GRAVISSHO,HOSPITALITY,30.99,56.0,HOLD_WATCH,INSUFFICIENT_DATA,-12.95,,,NEUTRAL,,,,,,,,,,78.3,30.06,30.99,28.51,2026-08-03
PNGJL,FMCG,658.05,68.0,BUY,STRONG_UPTREND,-10.64,,,DISTRIBUTION,-0.23,0.05,0.0,STABLE,MODERATE,,2.56,50.0,NEUTRAL,62.16,651.47,671.21,592.25,2026-08-03
KROSS,AUTO,203.39,73.0,STRONG_BUY,STRONG_UPTREND,-14.4,,,PRICE_LED,0.22,0.25,0.14,STABLE,FAIR_VALUE,,8.03,50.0,NEUTRAL,62.66,201.36,207.46,184.53,2026-08-03
ENDURANCE,AUTO,2787.6,74.0,STRONG_BUY,STRONG_UPTREND,-9.49,,,PRICE_LED,-0.58,0.58,0.0,FII_DII_DIVERGENCE,MODERATE,,6.45,44.0,NEUTRAL,63.13,2759.72,2843.35,2512.54,2026-08-03
HEROMOTOCO,AUTO,5460.0,90.0,STRONG_BUY,STRONG_UPTREND,-14.53,SHORT_COVERING,-137550.0,PRICE_LED,1.71,-1.58,0.0,FII_DII_DIVERGENCE,FAIR_VALUE,,10.17,52.0,NEUTRAL,61.26,5405.4,5569.2,5279.68,2026-08-03
NITIRAJ,CAPITAL_GOODS,214.87,78.0,STRONG_BUY,STRONG_UPTREND,-9.33,,,NEUTRAL,-0.05,0.0,0.0,STABLE,CHEAP_QUALITY,,13.15,50.0,NEUTRAL,63.84,212.72,219.17,193.38,2026-08-03
NEPHROPLUS,HEALTHCARE,688.75,59.0,BUY,INSUFFICIENT_DATA,-10.52,,,NEUTRAL,6.35,-0.03,0.0,FII_ACCUMULATION,,,,56.0,POSITIVE,60.87,681.86,702.52,633.65,2026-08-03
CANHLIFE,FINANCIAL_SERVICES,150.92,65.0,BUY,STRONG_UPTREND,-9.46,,,NEUTRAL,-1.29,3.57,0.0,FII_DII_DIVERGENCE,,,,44.0,NEUTRAL,62.34,149.41,153.94,136.94,2026-08-03
UNOMINDA,AUTO,1210.0,95.0,STRONG_BUY,STRONG_UPTREND,-12.45,LONG_BUILDUP,44550.0,PRICE_LED,-0.86,0.91,-0.04,FII_DII_DIVERGENCE,MODERATE,,6.18,52.0,NEUTRAL,70.61,1197.9,1234.2,1142.87,2026-08-03
INOXINDIA,CAPITAL_GOODS,1920.4,67.0,BUY,UPTREND,-9.41,,,NEUTRAL,-0.01,0.46,0.0,STABLE,FAIR_VALUE,,16.85,58.0,POSITIVE,61.09,1901.2,1958.81,1728.36,2026-08-03
AARNAV,TEXTILES,30.44,56.0,HOLD_WATCH,INSUFFICIENT_DATA,-18.61,,,NEUTRAL,,,,,,,,,,79.07,29.53,30.44,28.0,2026-08-03
IKS,IT,1846.4,82.0,STRONG_BUY,UPTREND,-4.48,,,PRICE_LED,0.63,0.34,0.0,FII_ACCUMULATION,FAIR_VALUE,,19.73,56.0,POSITIVE,60.65,1827.94,1883.33,1661.76,2026-08-03
APLAPOLLO,METAL,1941.5,62.0,HOLD_WATCH,STRONG_UPTREND,-15.64,SHORT_BUILDUP,258300.0,NEUTRAL,4.39,-3.86,-0.02,FII_DII_DIVERGENCE,EXPENSIVE_OR_WEAK,,1.13,44.0,NEUTRAL,60.25,1922.09,1980.33,1877.58,2026-08-03
OBEROIRLTY,REALTY,1861.1,87.0,STRONG_BUY,UPTREND,-6.29,SHORT_COVERING,-61950.0,NEUTRAL,-1.16,1.12,0.0,FII_DII_DIVERGENCE,CHEAP_QUALITY,,44.23,52.0,NEUTRAL,60.7,1842.49,1898.32,1674.99,2026-08-03
AVADHSUGAR,OTHER,558.7,60.0,BUY,INSUFFICIENT_DATA,-2.83,,,NEUTRAL,,,,,MODERATE,,0.61,,,62.66,553.11,569.87,514.0,2026-08-03
TATACAP,FINANCIAL_SERVICES,364.75,83.0,STRONG_BUY,STRONG_UPTREND,-4.0,,,NEUTRAL,1.57,0.48,0.0,FII_ACCUMULATION,,,,56.0,POSITIVE,62.78,361.1,372.05,328.28,2026-08-03
JSWINFRA,INFRASTRUCTURE,329.0,100.0,STRONG_BUY,UPTREND,-7.53,,,EARLY_ROTATION,3.8,6.77,-9.69,FII_DII_ACCUMULATION,CHEAP_QUALITY,,32.49,58.0,POSITIVE,63.47,325.71,335.58,296.1,2026-08-03
MAHLOG,LOGISTICS,416.3,86.0,STRONG_BUY,STRONG_UPTREND,-7.49,,,NEUTRAL,0.42,1.53,-0.02,DII_ACCUMULATION,MODERATE,,0.79,53.0,NEUTRAL,77.05,412.14,424.63,374.67,2026-08-03
NAM-INDIA,AMC,1165.0,100.0,STRONG_BUY,UPTREND,-5.55,LONG_BUILDUP,5000.0,NEUTRAL,-0.56,0.94,-0.12,FII_DII_DIVERGENCE,CHEAP_QUALITY,,56.54,52.0,NEUTRAL,60.32,1153.35,1188.3,1048.5,2026-08-03
SUNFLAG,METAL,366.85,79.0,STRONG_BUY,STRONG_UPTREND,-14.29,,,NEUTRAL,0.07,-0.13,0.0,STABLE,FAIR_VALUE,,5.17,50.0,NEUTRAL,77.46,363.18,374.19,330.17,2026-08-03
MANGLMCEM,CEMENT,945.5,74.0,STRONG_BUY,UPTREND,-7.62,,,DISTRIBUTION,-0.2,-0.61,0.0,STABLE,EXPENSIVE_OR_WEAK,,1.39,50.0,NEUTRAL,71.74,936.04,964.41,850.95,2026-08-03
NATIONALUM,METAL,369.0,100.0,STRONG_BUY,STRONG_UPTREND,-17.11,LONG_BUILDUP,924375.0,NEUTRAL,2.61,-1.59,0.0,FII_DII_DIVERGENCE,CHEAP_QUALITY,,30.15,52.0,NEUTRAL,63.83,365.31,376.38,345.09,2026-08-03
E2E,IT,543.0,70.0,BUY,INSUFFICIENT_DATA,-4.37,,,PRICE_LED,0.45,1.02,-0.85,DII_ACCUMULATION,CHEAP_QUALITY,,26.63,55.0,POSITIVE,29.99,537.57,553.86,499.56,2026-08-03
FIEMIND,AUTO,2338.4,79.0,STRONG_BUY,STRONG_UPTREND,-8.49,,,PRICE_LED,-0.07,0.53,0.0,DII_ACCUMULATION,FAIR_VALUE,,8.06,53.0,NEUTRAL,61.52,2315.02,2385.17,2178.37,2026-08-03
BALPHARMA,PHARMA,89.49,68.0,BUY,STRONG_UPTREND,-9.47,,,NEUTRAL,0.0,0.0,0.0,STABLE,MODERATE,,1.41,50.0,NEUTRAL,61.34,88.6,91.28,80.54,2026-08-03
PYRAMID,CHEMICALS,184.97,79.0,STRONG_BUY,STRONG_UPTREND,-6.91,,,NEUTRAL,0.01,0.0,0.0,STABLE,FAIR_VALUE,,4.36,50.0,NEUTRAL,62.93,183.12,188.67,166.47,2026-08-03
DIVGIITTS,DEFENCE,975.6,68.0,BUY,STRONG_UPTREND,-8.39,,,NEUTRAL,0.25,0.04,0.0,STABLE,MODERATE,,12.29,50.0,NEUTRAL,63.35,965.84,995.11,878.04,2026-08-03
PARAS,DEFENCE,1292.3,73.0,STRONG_BUY,STRONG_UPTREND,-10.44,,,NEUTRAL,0.14,-0.05,0.0,STABLE,FAIR_VALUE,,19.37,50.0,NEUTRAL,61.59,1279.38,1318.15,1163.07,2026-08-03
TIMEX,FMCG,549.25,56.0,HOLD_WATCH,INSUFFICIENT_DATA,-11.12,,,DISTRIBUTION,,,,,,,,,,77.85,532.77,549.25,505.31,2026-08-03
GULPOLY,AGRICULTURE,198.5,68.0,BUY,STRONG_UPTREND,-10.48,,,NEUTRAL,0.3,-0.49,0.0,STABLE,EXPENSIVE_OR_WEAK,,0.76,50.0,NEUTRAL,65.46,196.51,202.47,178.65,2026-08-03
RAYMOND,REALTY,602.0,63.0,BUY,UPTREND,-11.34,,,NEUTRAL,-1.26,0.18,0.0,STABLE,CHEAP_QUALITY,,18.97,50.0,NEUTRAL,60.41,595.98,614.04,541.8,2026-08-03
TALBROAUTO,AUTO,417.65,79.0,STRONG_BUY,STRONG_UPTREND,-3.99,,,PRICE_LED,-0.13,0.0,0.0,STABLE,FAIR_VALUE,,11.82,50.0,NEUTRAL,59.88,413.47,426.0,375.88,2026-08-03
LUMAXIND,AUTO,5772.5,74.0,STRONG_BUY,STRONG_UPTREND,-16.76,,,PRICE_LED,0.25,0.37,0.0,STABLE,MODERATE,,3.48,50.0,NEUTRAL,71.27,5714.77,5887.95,5227.42,2026-08-03
WELENT,METAL,606.75,73.0,STRONG_BUY,UPTREND,-4.43,,,NEUTRAL,-0.3,0.08,0.0,STABLE,FAIR_VALUE,,8.89,50.0,NEUTRAL,60.08,600.68,618.88,546.08,2026-08-03
ORCHPHARMA,PHARMA,990.65,73.0,STRONG_BUY,UPTREND,-11.53,,,NEUTRAL,-0.3,0.86,0.0,DII_ACCUMULATION,FAIR_VALUE,,10.91,53.0,NEUTRAL,60.85,980.74,1010.46,891.59,2026-08-03
SARLAPOLY,TEXTILES,101.51,84.0,STRONG_BUY,STRONG_UPTREND,-10.96,,,NEUTRAL,0.06,0.0,0.04,STABLE,CHEAP_QUALITY,,15.29,68.0,POSITIVE,59.96,100.49,103.54,91.36,2026-08-03
AUBANK,BANKING,1060.0,100.0,STRONG_BUY,STRONG_UPTREND,-2.79,LONG_BUILDUP,205000.0,NEUTRAL,0.81,0.03,-0.03,FII_ACCUMULATION,,,,56.0,POSITIVE,60.19,1049.4,1081.2,957.08,2026-08-03
JINDRILL,ENERGY,611.15,82.0,STRONG_BUY,STRONG_UPTREND,-11.87,,,PRICE_LED,-0.23,0.0,0.34,STABLE,CHEAP_QUALITY,,24.38,50.0,NEUTRAL,60.47,605.04,623.37,550.03,2026-08-03
CARERATING,FINANCIAL_SERVICES,1715.6,88.0,STRONG_BUY,STRONG_UPTREND,-6.66,,,NEUTRAL,0.25,0.09,0.0,STABLE,CHEAP_QUALITY,,35.2,58.0,POSITIVE,60.07,1698.44,1749.91,1576.58,2026-08-03
TIPSMUSIC,MEDIA,688.55,88.0,STRONG_BUY,STRONG_UPTREND,-7.08,,,DISTRIBUTION,0.13,-0.04,0.0,STABLE,CHEAP_QUALITY,,58.37,58.0,POSITIVE,60.39,681.66,702.32,619.69,2026-08-03
ARE&M,AUTO,932.3,73.0,STRONG_BUY,STRONG_UPTREND,-11.87,,,PRICE_LED,-0.06,-0.18,0.0,STABLE,FAIR_VALUE,,8.19,50.0,NEUTRAL,60.89,922.98,950.95,848.56,2026-08-03
JKPAPER,CHEMICALS,385.75,79.0,STRONG_BUY,STRONG_UPTREND,-13.28,,,NEUTRAL,-0.44,0.2,3.31,STRONG_PROMOTER_BUY,FAIR_VALUE,,4.0,62.0,POSITIVE,73.55,381.89,393.47,350.63,2026-08-03
TVSHLTD,FINANCIAL_SERVICES,14836.0,73.0,STRONG_BUY,STRONG_UPTREND,-8.96,,,NEUTRAL,0.17,-0.03,0.0,STABLE,FAIR_VALUE,,5.18,58.0,POSITIVE,61.1,14687.64,15132.72,13964.36,2026-08-03
BHEL,FMCG,411.15,94.0,STRONG_BUY,STRONG_UPTREND,-7.92,SHORT_COVERING,-236250.0,DISTRIBUTION,0.94,4.28,-5.0,FII_DII_ACCUMULATION,EXPENSIVE_OR_WEAK,,1.6,65.0,POSITIVE,75.99,407.04,419.37,370.03,2026-08-03
JETFREIGHT,LOGISTICS,22.67,50.0,HOLD_WATCH,INSUFFICIENT_DATA,-12.64,,,NEUTRAL,0.06,0.0,0.0,STABLE,MODERATE,,1.29,50.0,NEUTRAL,56.81,21.99,22.67,20.86,2026-08-03
JUSTDIAL,RETAIL,710.65,73.0,STRONG_BUY,STRONG_UPTREND,-19.12,,,NEUTRAL,-1.13,0.35,0.0,STABLE,CHEAP_QUALITY,,49.88,50.0,NEUTRAL,60.26,703.54,724.86,639.59,2026-08-03
SUYOG,TELECOM,865.7,82.0,STRONG_BUY,UPTREND,-6.41,,,NEUTRAL,-0.59,-0.56,-0.02,STABLE,CHEAP_QUALITY,,38.8,50.0,NEUTRAL,59.97,857.04,883.01,779.13,2026-08-03
CREST,FINANCIAL_SERVICES,389.7,88.0,STRONG_BUY,STRONG_UPTREND,-6.77,,,NEUTRAL,0.08,0.0,0.0,STABLE,CHEAP_QUALITY,,40.85,50.0,NEUTRAL,60.05,385.8,397.49,356.93,2026-08-03
PAR,PHARMA,99.09,78.0,STRONG_BUY,STRONG_UPTREND,-13.08,,,NEUTRAL,0.0,0.0,0.0,STABLE,CHEAP_QUALITY,,16.36,50.0,NEUTRAL,60.88,98.1,101.07,91.3,2026-08-03
CORDELIA,OTHER,806.75,50.0,HOLD_WATCH,INSUFFICIENT_DATA,-12.85,,,NEUTRAL,,,,STABLE,,,,50.0,NEUTRAL,63.17,782.55,806.75,742.21,2026-08-03
VIJAYA,HEALTHCARE,1354.0,74.0,STRONG_BUY,UPTREND,-5.97,,,NEUTRAL,-1.72,1.34,-0.09,FII_DII_DIVERGENCE,FAIR_VALUE,,23.02,44.0,NEUTRAL,60.21,1340.46,1381.08,1218.6,2026-08-03
TCPLPACK,CHEMICALS,3250.8,79.0,STRONG_BUY,STRONG_UPTREND,-9.44,,,NEUTRAL,0.08,0.9,0.0,DII_ACCUMULATION,FAIR_VALUE,,7.84,53.0,NEUTRAL,61.95,3218.29,3315.82,2925.72,2026-08-03
DPABHUSHAN,FMCG,1420.2,73.0,STRONG_BUY,STRONG_UPTREND,-17.43,,,DISTRIBUTION,0.1,0.0,0.01,STABLE,FAIR_VALUE,,2.99,50.0,NEUTRAL,60.26,1406.0,1448.6,1278.18,2026-08-03
HFCL,TELECOM,202.52,53.0,HOLD_WATCH,UPTREND,-11.76,,,NEUTRAL,-2.91,-5.95,0.0,STABLE,EXPENSIVE_OR_WEAK,,6.93,50.0,NEUTRAL,63.91,196.44,202.52,182.27,2026-08-03
RPSGVENT,IT,952.3,74.0,STRONG_BUY,STRONG_UPTREND,-19.23,,,PRICE_LED,-0.08,0.05,0.0,STABLE,MODERATE,,-1.91,50.0,NEUTRAL,78.94,942.78,971.35,857.07,2026-08-03
SBILIFE,FINANCIAL_SERVICES,1915.0,40.0,REDUCE,DOWNTREND,-10.18,SHORT_COVERING,-62250.0,NEUTRAL,-0.37,0.41,-0.01,STABLE,,,,58.0,POSITIVE,60.29,,,1761.8,2026-08-03
SOLARINDS,CHEMICALS,18659.0,91.0,STRONG_BUY,STRONG_UPTREND,-2.75,SHORT_COVERING,-350.0,NEUTRAL,-0.14,-0.01,0.0,STABLE,FAIR_VALUE,,17.38,50.0,NEUTRAL,60.28,18472.41,19032.18,16793.1,2026-08-03
DIFFNKG,CAPITAL_GOODS,406.1,85.0,STRONG_BUY,STRONG_UPTREND,-6.9,,,NEUTRAL,0.27,1.33,0.06,DII_ACCUMULATION,FAIR_VALUE,,10.23,53.0,NEUTRAL,60.17,402.04,414.22,365.49,2026-08-03
AEROPLANE,OTHER,198.62,56.0,HOLD_WATCH,INSUFFICIENT_DATA,-4.0,,,NEUTRAL,,,,,,,,,,59.68,192.66,198.62,182.73,2026-08-03
TIMETECHNO,CAPITAL_GOODS,210.15,79.0,STRONG_BUY,STRONG_UPTREND,-15.65,,,NEUTRAL,-0.17,0.74,0.1,DII_ACCUMULATION,FAIR_VALUE,,7.33,53.0,NEUTRAL,60.16,208.05,214.35,189.14,2026-08-03
KUSUMGAR,OTHER,615.8,60.0,BUY,INSUFFICIENT_DATA,-2.72,,,NEUTRAL,,,,,,,,,,59.54,609.64,628.12,566.54,2026-08-03
LMW,CAPITAL_GOODS,16182.0,68.0,BUY,STRONG_UPTREND,-8.57,,,NEUTRAL,0.07,-0.22,0.0,STABLE,EXPENSIVE_OR_WEAK,,2.85,50.0,NEUTRAL,61.13,16020.18,16505.64,14694.3,2026-08-03
ONWARDTEC,TEXTILES,293.85,74.0,STRONG_BUY,STRONG_UPTREND,-17.23,,,NEUTRAL,-0.5,-1.73,0.95,STABLE,MODERATE,,2.88,71.8,POSITIVE,60.81,290.91,299.73,269.47,2026-08-03
MERCURYEV,OTHER,35.43,56.0,HOLD_WATCH,INSUFFICIENT_DATA,-3.88,,,NEUTRAL,,,,,,,,,,59.45,34.37,35.43,32.6,2026-08-03
PNGSREVA,FMCG,443.25,56.0,HOLD_WATCH,INSUFFICIENT_DATA,-7.44,,,DISTRIBUTION,,,,STABLE,,,,50.0,NEUTRAL,60.19,429.95,443.25,407.79,2026-08-03
CCAVENUE,FINANCIAL_SERVICES,17.43,50.0,HOLD_WATCH,INSUFFICIENT_DATA,-10.29,,,NEUTRAL,0.08,-0.01,0.0,STABLE,,,,50.0,NEUTRAL,59.56,16.91,17.43,16.04,2026-08-03
AFIL,OTHER,9.22,70.0,BUY,INSUFFICIENT_DATA,-7.15,,,NEUTRAL,,,,,CHEAP_QUALITY,,32.78,,,59.66,9.13,9.4,8.48,2026-08-03
GODREJPROP,REALTY,2089.7,58.0,HOLD_WATCH,UPTREND,-11.15,SHORT_BUILDUP,32175.0,NEUTRAL,-1.97,-2.58,4.49,STRONG_PROMOTER_BUY,CHEAP_QUALITY,,23.86,62.0,POSITIVE,74.24,2068.8,2131.49,1880.73,2026-08-03
TIIL,METAL,2628.2,73.0,STRONG_BUY,STRONG_UPTREND,-8.58,,,NEUTRAL,0.0,0.34,0.0,STABLE,FAIR_VALUE,,8.85,58.0,POSITIVE,60.05,2601.92,2680.76,2365.38,2026-08-03
BHARTIARTL,TELECOM,1970.5,81.0,STRONG_BUY,STRONG_UPTREND,-9.38,SHORT_COVERING,-1588875.0,NEUTRAL,-1.28,0.11,1.2,STRONG_PROMOTER_BUY,CHEAP_QUALITY,,21.14,44.0,NEUTRAL,60.25,1950.8,2009.91,1908.88,2026-08-03
INDPRUD,AUTO,6550.0,56.0,HOLD_WATCH,INSUFFICIENT_DATA,-7.13,,,PRICE_LED,,,,,,,,,,61.46,6353.5,6550.0,6026.0,2026-08-03
CSM,OTHER,104.88,56.0,HOLD_WATCH,INSUFFICIENT_DATA,-4.48,,,NEUTRAL,,,,,,,,,,65.24,101.73,104.88,96.49,2026-08-03
SUNDARMFIN,FINANCIAL_SERVICES,4828.7,82.0,STRONG_BUY,STRONG_UPTREND,-14.42,,,NEUTRAL,-0.16,0.26,0.0,STABLE,CHEAP_QUALITY,,20.79,58.0,POSITIVE,61.36,4780.41,4925.27,4716.99,2026-08-03
MANOMAY,TEXTILES,213.3,61.0,BUY,INSUFFICIENT_DATA,-17.92,,,NEUTRAL,-0.22,0.0,0.0,STABLE,FAIR_VALUE,,2.99,50.0,NEUTRAL,75.92,211.17,217.57,196.24,2026-08-03
NDLVENTURE,FINANCIAL_SERVICES,129.34,61.0,BUY,INSUFFICIENT_DATA,-7.61,,,NEUTRAL,0.07,0.0,0.0,STABLE,FAIR_VALUE,,,50.0,NEUTRAL,59.5,128.05,131.93,118.99,2026-08-03
PONNIERODE,FMCG,328.3,73.0,STRONG_BUY,STRONG_UPTREND,-8.55,,,DISTRIBUTION,0.14,-0.17,0.0,STABLE,FAIR_VALUE,,6.63,58.0,POSITIVE,62.77,325.02,334.87,295.47,2026-08-03
JYOTICNC,CAPITAL_GOODS,858.3,73.0,STRONG_BUY,STRONG_UPTREND,-18.71,,,NEUTRAL,-0.75,0.29,0.0,STABLE,FAIR_VALUE,,17.62,50.0,NEUTRAL,61.26,849.72,875.47,801.94,2026-08-03
SUPREMEINF,INFRASTRUCTURE,84.17,64.0,BUY,INSUFFICIENT_DATA,-9.32,,,EARLY_ROTATION,0.0,0.0,0.0,STABLE,MODERATE,,-1225.66,50.0,NEUTRAL,58.67,83.33,85.85,77.44,2026-08-03
CARYSIL,FMCG,1188.3,74.0,STRONG_BUY,STRONG_UPTREND,-7.23,,,DISTRIBUTION,0.04,0.39,0.0,STABLE,MODERATE,,7.23,50.0,NEUTRAL,61.0,1176.42,1212.07,1069.47,2026-08-03
HONASA,FMCG,458.2,74.0,STRONG_BUY,UPTREND,-6.75,,,DISTRIBUTION,-0.89,0.6,0.0,FII_DII_DIVERGENCE,EXPENSIVE_OR_WEAK,,0.76,44.0,NEUTRAL,60.27,453.62,467.36,412.38,2026-08-03
ANTELOPUS,ENERGY,834.55,68.0,BUY,UPTREND,-10.61,,,PRICE_LED,0.15,0.74,0.0,DII_ACCUMULATION,,,,50.0,NEUTRAL,60.73,826.2,851.24,751.1,2026-08-03
DIAMONDYD,FMCG,1163.8,74.0,STRONG_BUY,STRONG_UPTREND,-5.3,,,DISTRIBUTION,-0.23,0.0,0.78,STABLE,MODERATE,,-3.59,50.0,NEUTRAL,60.17,1152.16,1187.08,1051.37,2026-08-03
CPPLUS,CAPITAL_GOODS,3428.7,77.0,STRONG_BUY,UPTREND,-11.31,,,NEUTRAL,1.36,4.55,-2.17,FII_DII_ACCUMULATION,,,,65.0,POSITIVE,66.04,3394.41,3497.27,3085.83,2026-08-03
BORANA,TEXTILES,318.85,41.0,REDUCE,INSUFFICIENT_DATA,-11.42,,,NEUTRAL,-1.38,-1.08,0.0,STABLE,,,,50.0,NEUTRAL,59.65,,,293.34,2026-08-03
SPECIALITY,HOSPITALITY,132.12,68.0,BUY,STRONG_UPTREND,-14.21,,,NEUTRAL,-0.09,-0.16,0.4,STABLE,MODERATE,,2.73,50.0,NEUTRAL,60.62,130.8,134.76,118.91,2026-08-03
NEOGEN,CHEMICALS,2056.1,68.0,BUY,UPTREND,-13.39,,,NEUTRAL,-0.01,-0.16,0.0,STABLE,EXPENSIVE_OR_WEAK,,4.97,53.0,NEUTRAL,77.86,2035.54,2097.22,1850.49,2026-08-03
HEALTHX,HEALTHCARE,315.0,56.0,HOLD_WATCH,INSUFFICIENT_DATA,-9.44,,,NEUTRAL,-0.08,0.53,0.15,DII_ACCUMULATION,,,,53.0,NEUTRAL,59.3,305.55,315.0,289.8,2026-08-03
JAGSNPHARM,PHARMA,235.37,88.0,STRONG_BUY,STRONG_UPTREND,-11.01,,,NEUTRAL,0.02,0.09,1.47,STRONG_PROMOTER_BUY,CHEAP_QUALITY,,29.22,73.2,POSITIVE,60.07,233.02,240.08,211.83,2026-08-03
WELSPUNLIV,TEXTILES,154.63,71.0,BUY,CONSOLIDATING,-11.62,,,NEUTRAL,-0.04,0.76,0.0,DII_ACCUMULATION,FAIR_VALUE,,7.04,70.0,POSITIVE,59.49,153.08,157.72,139.17,2026-08-03
DREDGECORP,INFRASTRUCTURE,1096.5,68.0,BUY,CONSOLIDATING,-14.74,,,EARLY_ROTATION,-0.13,0.17,0.0,STABLE,MODERATE,,-3.3,50.0,NEUTRAL,60.85,1085.54,1118.43,986.85,2026-08-03
AVL,RETAIL,623.65,59.0,BUY,UPTREND,-11.54,,,NEUTRAL,-1.56,2.13,0.0,FII_DII_DIVERGENCE,EXPENSIVE_OR_WEAK,,4.12,44.0,NEUTRAL,60.34,617.41,636.12,561.28,2026-08-03
ULTRACEMCO,CEMENT,12054.0,82.0,STRONG_BUY,STRONG_UPTREND,-8.05,SHORT_COVERING,-73450.0,DISTRIBUTION,-0.82,0.97,0.04,FII_DII_DIVERGENCE,EXPENSIVE_OR_WEAK,,5.28,44.0,NEUTRAL,60.14,11933.46,12295.08,11545.26,2026-08-03
IKIO,CHEMICALS,201.54,67.0,BUY,UPTREND,-20.31,,,NEUTRAL,0.29,-0.5,0.05,STABLE,FAIR_VALUE,,8.4,50.0,NEUTRAL,64.54,199.52,205.57,181.39,2026-08-03
PLASTIBLEN,CHEMICALS,190.61,73.0,STRONG_BUY,STRONG_UPTREND,-11.87,,,NEUTRAL,0.01,0.0,0.0,STABLE,FAIR_VALUE,,3.52,50.0,NEUTRAL,63.28,188.7,194.42,171.55,2026-08-03
PGHL,PHARMA,6501.5,82.0,STRONG_BUY,UPTREND,-6.79,,,NEUTRAL,0.13,-1.23,0.0,STABLE,CHEAP_QUALITY,,27.8,58.0,POSITIVE,60.19,6436.48,6631.53,5851.35,2026-08-03
KICL,FINANCIAL_SERVICES,5522.0,82.0,STRONG_BUY,STRONG_UPTREND,-15.76,,,NEUTRAL,0.01,0.04,0.0,STABLE,CHEAP_QUALITY,,80.22,50.0,NEUTRAL,62.26,5466.78,5632.44,4969.8,2026-08-03
GATECHDVR,FINANCIAL_SERVICES,0.53,82.0,STRONG_BUY,STRONG_UPTREND,-20.9,,,NEUTRAL,0.0,0.0,0.0,STABLE,CHEAP_QUALITY,,41.71,50.0,NEUTRAL,64.32,0.52,0.54,0.48,2026-08-03
VIDHIING,CHEMICALS,340.9,73.0,STRONG_BUY,STRONG_UPTREND,-16.85,,,NEUTRAL,0.02,0.0,0.0,STABLE,FAIR_VALUE,,12.14,50.0,NEUTRAL,60.28,337.49,347.72,307.42,2026-08-03
CLEANMAX,POWER,1349.5,50.0,HOLD_WATCH,INSUFFICIENT_DATA,-12.14,,,NEUTRAL,,,,STABLE,,,,50.0,NEUTRAL,62.28,1309.01,1349.5,1241.54,2026-08-03
TASTYBITE,FMCG,9430.0,68.0,BUY,STRONG_UPTREND,-11.82,,,DISTRIBUTION,0.01,0.0,0.0,STABLE,MODERATE,,6.89,50.0,NEUTRAL,60.55,9335.7,9618.6,8487.0,2026-08-03
RECLTD,FINANCIAL_SERVICES,368.1,100.0,STRONG_BUY,STRONG_UPTREND,-5.74,LONG_BUILDUP,215775.0,NEUTRAL,-0.67,0.13,0.0,STABLE,CHEAP_QUALITY,,29.03,58.0,POSITIVE,59.92,364.42,375.46,346.9,2026-08-03
RELIABLE,FINANCIAL_SERVICES,146.37,55.0,HOLD_WATCH,INSUFFICIENT_DATA,-10.7,,,NEUTRAL,-0.12,0.0,0.0,STABLE,FAIR_VALUE,,5.74,50.0,NEUTRAL,59.61,141.98,146.37,134.66,2026-08-03
KECL,OTHER,135.26,50.0,HOLD_WATCH,INSUFFICIENT_DATA,-8.61,,,NEUTRAL,,,,,MODERATE,,2.01,,,59.25,131.2,135.26,124.44,2026-08-03
ICEMAKE,CAPITAL_GOODS,825.25,68.0,BUY,STRONG_UPTREND,-10.3,,,NEUTRAL,0.11,-0.35,-0.06,STABLE,MODERATE,,3.55,50.0,NEUTRAL,60.33,817.0,841.75,752.18,2026-08-03
SANSTAR,AGRICULTURE,116.85,59.0,BUY,STRONG_UPTREND,-15.01,,,NEUTRAL,0.39,-0.03,-6.35,PROMOTER_SELLING,MODERATE,,5.34,50.0,NEUTRAL,61.48,115.68,119.19,105.16,2026-08-03
SANGHVIMOV,CAPITAL_GOODS,437.5,78.0,STRONG_BUY,UPTREND,-7.51,,,NEUTRAL,0.02,-0.09,0.0,STABLE,CHEAP_QUALITY,,17.08,50.0,NEUTRAL,60.01,433.12,446.25,393.75,2026-08-03
EQUITASBNK,BANKING,76.26,68.0,BUY,UPTREND,-9.11,,,NEUTRAL,0.11,0.92,0.0,DII_ACCUMULATION,,,,53.0,NEUTRAL,60.25,75.5,77.79,68.63,2026-08-03
SUVEN,HEALTHCARE,307.2,74.0,STRONG_BUY,UPTREND,-17.2,,,NEUTRAL,-0.26,1.23,2.79,STRONG_PROMOTER_BUY,MODERATE,,-2123.44,62.0,POSITIVE,74.96,304.13,313.34,276.48,2026-08-03
ASHOKLEY,AUTO,174.55,81.0,STRONG_BUY,STRONG_UPTREND,-18.97,SHORT_COVERING,-90000.0,PRICE_LED,0.16,-0.67,0.0,STABLE,FAIR_VALUE,,6.85,58.0,POSITIVE,67.2,172.8,178.04,165.38,2026-08-03
NEAGI,FMCG,3170.0,50.0,HOLD_WATCH,INSUFFICIENT_DATA,-8.36,,,DISTRIBUTION,,,,,,,,,,61.01,3074.9,3170.0,2916.4,2026-08-03
NAVINFLUOR,CHEMICALS,7555.0,68.0,BUY,UPTREND,-4.8,,,NEUTRAL,0.04,-0.47,0.0,STABLE,MODERATE,,13.96,58.0,POSITIVE,60.52,7479.45,7706.1,6799.5,2026-08-03
RIR,OTHER,159.25,56.0,HOLD_WATCH,INSUFFICIENT_DATA,-6.6,,,NEUTRAL,,,,,,,,,,59.85,154.47,159.25,146.51,2026-08-03
NIRLON,REALTY,620.15,56.0,HOLD_WATCH,INSUFFICIENT_DATA,-5.61,,,NEUTRAL,,,,,,,,,,60.11,601.55,620.15,570.54,2026-08-03
VENKEYS,FMCG,1565.0,68.0,BUY,STRONG_UPTREND,-13.06,,,DISTRIBUTION,-0.26,-0.01,0.0,STABLE,MODERATE,,1.7,50.0,NEUTRAL,61.09,1549.35,1596.3,1415.79,2026-08-03
JINDALSAW,METAL,259.3,79.0,STRONG_BUY,UPTREND,-7.04,,,NEUTRAL,-0.64,2.3,0.0,FII_DII_DIVERGENCE,FAIR_VALUE,,8.8,52.0,NEUTRAL,60.64,256.71,264.49,233.37,2026-08-03
ANANDRATHI,FINANCIAL_SERVICES,2058.7,91.0,STRONG_BUY,UPTREND,-5.4,,,NEUTRAL,1.0,0.31,-1.74,FII_ACCUMULATION,CHEAP_QUALITY,,32.6,57.0,POSITIVE,55.17,2038.11,2099.87,1852.83,2026-08-03
MANKIND,PHARMA,2483.0,55.0,HOLD_WATCH,UPTREND,-7.14,SHORT_BUILDUP,495000.0,NEUTRAL,-1.1,1.21,0.0,FII_DII_DIVERGENCE,FAIR_VALUE,,16.54,44.0,NEUTRAL,60.35,2408.51,2483.0,2234.7,2026-08-03
LUMAXTECH,AUTO,1625.7,68.0,BUY,STRONG_UPTREND,-14.35,,,PRICE_LED,0.38,0.28,0.0,STABLE,MODERATE,,6.17,50.0,NEUTRAL,61.74,1609.44,1658.21,1520.22,2026-08-03
AUTOAXLES,AUTO,1880.5,79.0,STRONG_BUY,STRONG_UPTREND,-11.09,,,PRICE_LED,0.15,0.57,0.0,DII_ACCUMULATION,FAIR_VALUE,,7.37,53.0,NEUTRAL,60.59,1861.69,1918.11,1770.44,2026-08-03
DIGJAMLMTD,TEXTILES,48.59,50.0,HOLD_WATCH,INSUFFICIENT_DATA,-15.29,,,NEUTRAL,0.0,0.0,0.0,STABLE,MODERATE,,-92.81,50.0,NEUTRAL,60.19,47.13,48.59,44.7,2026-08-03
AUTOBEES,OTHER,,56.0,HOLD_WATCH,,,,,NEUTRAL,,,,,,,,,,78.57,,,,2026-08-03
NRAIL,CHEMICALS,488.15,73.0,STRONG_BUY,STRONG_UPTREND,-8.65,,,NEUTRAL,-0.02,-0.02,0.18,STABLE,FAIR_VALUE,,2.49,50.0,NEUTRAL,60.03,483.27,497.91,445.26,2026-08-03
SHIVAUM,METAL,428.05,50.0,HOLD_WATCH,INSUFFICIENT_DATA,-9.69,,,NEUTRAL,,,,STABLE,,,,50.0,NEUTRAL,60.05,415.21,428.05,393.81,2026-08-03
IPCALAB,PHARMA,1725.6,67.0,BUY,UPTREND,-11.28,,,NEUTRAL,0.0,0.13,0.0,STABLE,FAIR_VALUE,,11.35,50.0,NEUTRAL,60.64,1708.34,1760.11,1553.04,2026-08-03
HCLTECH,IT,1377.0,42.0,HOLD_WATCH,DOWNTREND,-22.64,LONG_UNWINDING,-6800.0,PRICE_LED,-0.71,0.58,0.05,FII_DII_DIVERGENCE,CHEAP_QUALITY,,26.04,52.0,NEUTRAL,60.5,1335.69,1377.0,1266.84,2026-08-03
KIRLFER,METAL,475.05,56.0,HOLD_WATCH,INSUFFICIENT_DATA,-7.4,,,NEUTRAL,,,,,,,,,,60.32,460.8,475.05,437.05,2026-08-03
INDOBORAX,CHEMICALS,418.7,67.0,BUY,INSUFFICIENT_DATA,-16.09,,,NEUTRAL,0.22,2.17,-20.0,DII_ACCUMULATION,CHEAP_QUALITY,,24.21,53.0,NEUTRAL,76.46,414.51,427.07,385.2,2026-08-03
SIKKO,CHEMICALS,5.37,60.0,BUY,INSUFFICIENT_DATA,-21.39,,,NEUTRAL,0.0,0.0,0.0,STABLE,CHEAP_QUALITY,,11.11,50.0,NEUTRAL,58.82,5.32,5.48,4.94,2026-08-03
RELIGARE,ENERGY,261.1,89.0,STRONG_BUY,STRONG_UPTREND,-6.75,,,PRICE_LED,0.85,0.53,0.29,FII_DII_ACCUMULATION,MODERATE,,0.14,62.0,POSITIVE,60.14,258.49,266.32,234.99,2026-08-03
SIGMA,IT,50.24,70.0,BUY,INSUFFICIENT_DATA,-23.3,,,PRICE_LED,-0.03,0.0,0.0,STABLE,CHEAP_QUALITY,,24.11,50.0,NEUTRAL,77.82,49.74,51.24,46.22,2026-08-03
CPL,OTHER,70.49,56.0,HOLD_WATCH,INSUFFICIENT_DATA,-6.93,,,NEUTRAL,,,,,,,,,,59.82,68.38,70.49,64.85,2026-08-03
SYRMA,CAPITAL_GOODS,1360.6,68.0,BUY,UPTREND,-10.35,,,NEUTRAL,0.14,0.71,-0.44,DII_ACCUMULATION,EXPENSIVE_OR_WEAK,,5.44,53.0,NEUTRAL,60.61,1346.99,1387.81,1224.54,2026-08-03
RPEL,CAPITAL_GOODS,1245.6,62.0,BUY,UPTREND,-9.2,,,NEUTRAL,0.44,0.0,-0.02,STABLE,MODERATE,,17.82,58.0,POSITIVE,59.99,1233.14,1270.51,1121.04,2026-08-03
CUMMINSIND,CAPITAL_GOODS,5550.0,76.0,STRONG_BUY,CONSOLIDATING,-9.02,SHORT_COVERING,-47600.0,NEUTRAL,1.35,-1.15,0.0,FII_DII_DIVERGENCE,FAIR_VALUE,,17.98,52.0,NEUTRAL,60.35,5494.5,5661.0,4995.0,2026-08-03
INDIAGLYCO,FMCG,1145.2,79.0,STRONG_BUY,STRONG_UPTREND,-6.28,,,DISTRIBUTION,-0.18,0.14,0.0,STABLE,FAIR_VALUE,,2.34,58.0,POSITIVE,58.25,1133.75,1168.1,1030.68,2026-08-03
SEDEMAC,AUTO,2752.1,56.0,HOLD_WATCH,INSUFFICIENT_DATA,-7.58,,,PRICE_LED,,,,STABLE,,,,50.0,NEUTRAL,59.74,2669.54,2752.1,2531.93,2026-08-03
KOTHARIPET,CHEMICALS,147.14,73.0,STRONG_BUY,STRONG_UPTREND,-15.44,,,NEUTRAL,0.01,0.0,0.0,STABLE,FAIR_VALUE,,9.36,58.0,POSITIVE,60.58,145.67,150.08,132.43,2026-08-03
BOSCHLTD,AUTO,41300.0,58.0,HOLD_WATCH,UPTREND,-3.92,SHORT_BUILDUP,5050.0,PRICE_LED,-0.12,0.16,0.0,STABLE,FAIR_VALUE,,12.21,50.0,NEUTRAL,59.96,40887.0,42126.0,37170.0,2026-08-03
DENTA,IT,364.05,88.0,STRONG_BUY,STRONG_UPTREND,-24.09,,,PRICE_LED,0.01,-0.3,0.0,STABLE,CHEAP_QUALITY,,29.13,50.0,NEUTRAL,73.3,360.41,371.33,327.65,2026-08-03
MAGADSUGAR,FMCG,534.95,73.0,STRONG_BUY,STRONG_UPTREND,-12.3,,,DISTRIBUTION,0.03,0.0,0.0,STABLE,FAIR_VALUE,,4.36,50.0,NEUTRAL,66.43,529.6,545.65,481.46,2026-08-03
AUTOIETF,OTHER,,56.0,HOLD_WATCH,,,,,NEUTRAL,,,,,,,,,,78.42,,,,2026-08-03
POONAWALLA,FINANCIAL_SERVICES,471.9,80.0,STRONG_BUY,STRONG_UPTREND,-17.27,,,NEUTRAL,1.05,4.54,-4.9,FII_DII_ACCUMULATION,MODERATE,,-22.11,50.0,NEUTRAL,77.38,467.18,481.34,430.35,2026-08-03
IFCI,FINANCIAL_SERVICES,77.31,73.0,STRONG_BUY,STRONG_UPTREND,-19.3,,,NEUTRAL,0.07,0.02,0.0,STABLE,FAIR_VALUE,,16.39,50.0,NEUTRAL,60.74,76.54,78.86,69.58,2026-08-03
AEQUS,DEFENCE,233.66,59.0,BUY,INSUFFICIENT_DATA,-14.84,,,NEUTRAL,0.94,-0.74,0.0,FII_DII_DIVERGENCE,,,,44.0,NEUTRAL,60.29,231.32,238.33,214.97,2026-08-03
SURYALAXMI,TEXTILES,60.87,68.0,BUY,STRONG_UPTREND,-14.03,,,NEUTRAL,0.0,0.0,0.0,STABLE,EXPENSIVE_OR_WEAK,,0.1,50.0,NEUTRAL,59.94,60.26,62.09,56.41,2026-08-03
SBIFUNDS,OTHER,588.05,56.0,HOLD_WATCH,INSUFFICIENT_DATA,-5.9,,,NEUTRAL,,,,,,,,,,59.65,570.41,588.05,541.01,2026-08-03
AGARWALEYE,HEALTHCARE,483.3,62.0,BUY,UPTREND,-14.91,,,NEUTRAL,0.02,-0.11,-0.02,STABLE,EXPENSIVE_OR_WEAK,,6.56,50.0,NEUTRAL,60.48,478.47,492.97,460.36,2026-08-03
ADANIENT,INFRASTRUCTURE,3068.0,67.0,HOLD_WATCH,UPTREND,-5.45,SHORT_BUILDUP,124218.0,EARLY_ROTATION,-1.0,0.17,0.7,STABLE,EXPENSIVE_OR_WEAK,,1.0,58.0,POSITIVE,60.41,3037.32,3129.36,2761.2,2026-08-03
RBZJEWEL,FMCG,152.54,79.0,STRONG_BUY,STRONG_UPTREND,-14.78,,,DISTRIBUTION,-0.26,-0.02,0.0,STABLE,FAIR_VALUE,,6.81,50.0,NEUTRAL,74.84,151.01,155.59,137.29,2026-08-03
AKCAPIT,FINANCIAL_SERVICES,1748.5,56.0,HOLD_WATCH,INSUFFICIENT_DATA,-6.75,,,NEUTRAL,,,,,,,,,,59.95,1696.04,1748.5,1608.62,2026-08-03
ENTERO,PHARMA,1233.2,59.0,BUY,STRONG_UPTREND,-11.28,,,NEUTRAL,-1.11,0.2,0.0,STABLE,MODERATE,,2.09,50.0,NEUTRAL,60.26,1220.87,1257.86,1118.71,2026-08-03
3BBLACKBIO,HEALTHCARE,1248.1,50.0,HOLD_WATCH,INSUFFICIENT_DATA,-13.42,,,NEUTRAL,,,,,,,,,,60.62,1210.66,1248.1,1148.25,2026-08-03
TNIDETF,OTHER,,56.0,HOLD_WATCH,,,,,NEUTRAL,,,,,,,,,,76.0,,,,2026-08-03
PATELRMART,RETAIL,226.78,65.0,BUY,STRONG_UPTREND,-15.79,,,NEUTRAL,-1.24,1.06,0.0,FII_DII_DIVERGENCE,,,,44.0,NEUTRAL,60.28,224.51,231.32,204.1,2026-08-03
ASHAPURMIN,METAL,717.85,73.0,STRONG_BUY,STRONG_UPTREND,-22.39,,,NEUTRAL,0.26,-0.05,0.15,STABLE,FAIR_VALUE,,10.22,50.0,NEUTRAL,64.24,710.67,732.21,648.42,2026-08-03
GYFTR,OTHER,161.69,56.0,HOLD_WATCH,INSUFFICIENT_DATA,-7.55,,,NEUTRAL,,,,,,,,,,59.58,156.84,161.69,148.75,2026-08-03
AIAENG,CAPITAL_GOODS,4684.6,82.0,STRONG_BUY,STRONG_UPTREND,-9.56,,,NEUTRAL,0.21,-0.23,0.0,STABLE,CHEAP_QUALITY,,24.28,50.0,NEUTRAL,60.2,4637.75,4778.29,4216.14,2026-08-03
AURUS,OTHER,4.61,50.0,HOLD_WATCH,INSUFFICIENT_DATA,-8.53,,,NEUTRAL,,,,,,,,,,59.75,4.47,4.61,4.24,2026-08-03
SKIPPER,CAPITAL_GOODS,549.15,80.0,STRONG_BUY,STRONG_UPTREND,-7.39,,,NEUTRAL,-0.3,0.86,0.02,DII_ACCUMULATION,MODERATE,,2.97,53.0,NEUTRAL,59.86,543.66,560.13,494.24,2026-08-03
SOUTHWEST,ENERGY,240.44,55.0,HOLD_WATCH,INSUFFICIENT_DATA,-12.57,,,PRICE_LED,0.48,0.0,0.0,STABLE,FAIR_VALUE,,8.57,50.0,NEUTRAL,58.37,233.23,240.44,221.2,2026-08-03
HARRMALAYA,CHEMICALS,214.63,73.0,STRONG_BUY,STRONG_UPTREND,-9.78,,,NEUTRAL,0.0,0.0,0.0,STABLE,FAIR_VALUE,,5.48,50.0,NEUTRAL,59.58,212.48,218.92,193.17,2026-08-03
PANSARI,REALTY,329.1,50.0,HOLD_WATCH,INSUFFICIENT_DATA,-15.38,,,NEUTRAL,0.0,0.0,0.0,STABLE,EXPENSIVE_OR_WEAK,,6.19,50.0,NEUTRAL,68.47,319.23,329.1,302.77,2026-08-03
MUTHOOTCAP,FINANCIAL_SERVICES,237.88,78.0,STRONG_BUY,STRONG_UPTREND,-21.49,,,NEUTRAL,-0.08,-0.42,0.0,STABLE,CHEAP_QUALITY,,12.18,50.0,NEUTRAL,60.0,235.5,242.64,225.82,2026-08-03
CAPITALSFB,BANKING,295.65,62.0,BUY,UPTREND,-8.67,,,NEUTRAL,0.04,-0.59,0.28,STABLE,,,,58.0,POSITIVE,60.0,292.69,301.56,266.08,2026-08-03
CAMS,FINANCIAL_SERVICES,791.0,100.0,STRONG_BUY,STRONG_UPTREND,-6.38,LONG_BUILDUP,284625.0,NEUTRAL,-0.22,0.06,0.0,STABLE,CHEAP_QUALITY,,33.57,58.0,POSITIVE,58.31,783.09,806.82,728.45,2026-08-03
BOSCH-HCIL,FMCG,1390.2,50.0,HOLD_WATCH,INSUFFICIENT_DATA,-8.54,,,DISTRIBUTION,-0.07,0.02,0.0,STABLE,,,,50.0,NEUTRAL,58.55,1348.49,1390.2,1278.98,2026-08-03
LUPIN,PHARMA,2393.0,58.0,HOLD_WATCH,UPTREND,-5.4,SHORT_BUILDUP,259675.0,NEUTRAL,0.22,-0.26,-0.03,STABLE,FAIR_VALUE,,15.02,50.0,NEUTRAL,60.23,2369.07,2440.86,2193.79,2026-08-03
TANLA,IT,614.15,79.0,STRONG_BUY,STRONG_UPTREND,-19.82,,,PRICE_LED,-0.74,-0.02,0.0,STABLE,FAIR_VALUE,,12.43,58.0,POSITIVE,77.81,608.01,626.43,552.74,2026-08-03
STYRENIX,CHEMICALS,2487.3,79.0,STRONG_BUY,STRONG_UPTREND,-10.66,,,NEUTRAL,-0.27,1.58,0.0,DII_ACCUMULATION,FAIR_VALUE,,6.9,61.0,POSITIVE,60.09,2462.43,2537.05,2238.57,2026-08-03
BHARTIHEXA,TELECOM,1645.8,68.0,BUY,STRONG_UPTREND,-15.84,,,NEUTRAL,-0.29,0.32,0.0,STABLE,MODERATE,,11.82,50.0,NEUTRAL,60.07,1629.34,1678.72,1590.44,2026-08-03
GREAVESCOT,CAPITAL_GOODS,232.67,62.0,BUY,UPTREND,-14.43,,,NEUTRAL,-0.4,-0.4,-0.02,STABLE,MODERATE,,-2.03,50.0,NEUTRAL,60.57,230.34,237.32,209.4,2026-08-03
VRLLOG,LOGISTICS,272.1,79.0,STRONG_BUY,STRONG_UPTREND,-11.54,,,NEUTRAL,-0.77,1.56,0.0,FII_DII_DIVERGENCE,FAIR_VALUE,,5.86,52.0,NEUTRAL,59.19,269.38,277.54,252.64,2026-08-03
GOKULAGRO,FMCG,231.58,79.0,STRONG_BUY,STRONG_UPTREND,-7.34,,,DISTRIBUTION,0.37,0.03,0.0,STABLE,FAIR_VALUE,,1.47,50.0,NEUTRAL,59.83,229.26,236.21,208.42,2026-08-03
STEL,FINANCIAL_SERVICES,565.75,82.0,STRONG_BUY,STRONG_UPTREND,-13.93,,,NEUTRAL,0.01,-0.02,0.33,STABLE,CHEAP_QUALITY,,73.52,50.0,NEUTRAL,59.87,560.09,577.07,509.18,2026-08-03
TVSSCS,LOGISTICS,136.9,56.0,HOLD_WATCH,INSUFFICIENT_DATA,-6.55,,,NEUTRAL,-0.29,-0.02,0.0,STABLE,MODERATE,,4.31,50.0,NEUTRAL,55.42,132.79,136.9,125.95,2026-08-03
MARKSANS,PHARMA,262.25,79.0,STRONG_BUY,UPTREND,-6.87,,,NEUTRAL,0.02,0.66,0.0,DII_ACCUMULATION,FAIR_VALUE,,15.32,53.0,NEUTRAL,60.04,259.63,267.5,236.03,2026-08-03
GANDHITUBE,METAL,881.2,82.0,STRONG_BUY,STRONG_UPTREND,-14.6,,,NEUTRAL,0.0,-0.02,0.0,STABLE,CHEAP_QUALITY,,36.68,50.0,NEUTRAL,60.23,872.39,898.82,802.95,2026-08-03
HDFCGROWTH,OTHER,,56.0,HOLD_WATCH,,,,,NEUTRAL,,,,,,,,,,78.5,,,,2026-08-03
SIS,OTHER,425.1,76.0,STRONG_BUY,UPTREND,-11.61,,,NEUTRAL,0.78,-0.52,-0.14,FII_DII_DIVERGENCE,FAIR_VALUE,,2.58,52.0,NEUTRAL,60.11,420.85,433.6,382.59,2026-08-03
SAMBHV,METAL,119.96,68.0,BUY,STRONG_UPTREND,-15.11,,,NEUTRAL,-0.15,0.41,0.0,STABLE,,,,50.0,NEUTRAL,60.71,118.76,122.36,107.96,2026-08-03
ATUL,CHEMICALS,6777.0,79.0,STRONG_BUY,STRONG_UPTREND,-5.61,,,NEUTRAL,0.05,0.49,0.0,STABLE,FAIR_VALUE,,9.13,50.0,NEUTRAL,60.1,6709.23,6912.54,6207.25,2026-08-03
HONAUT,CAPITAL_GOODS,38570.0,74.0,STRONG_BUY,STRONG_UPTREND,-7.05,,,NEUTRAL,0.28,-0.25,0.0,STABLE,MODERATE,,11.69,50.0,NEUTRAL,60.09,38184.3,39341.4,34713.0,2026-08-03
AGL,OTHER,12.46,56.0,HOLD_WATCH,INSUFFICIENT_DATA,-7.7,,,NEUTRAL,,,,,,,,,,59.61,12.09,12.46,11.46,2026-08-03
IGIL,FMCG,364.95,94.0,STRONG_BUY,STRONG_UPTREND,-6.9,,,DISTRIBUTION,-1.0,0.93,0.0,FII_DII_DIVERGENCE,CHEAP_QUALITY,,42.94,52.0,NEUTRAL,60.26,361.3,372.25,330.07,2026-08-03
ARIS,INFRASTRUCTURE,129.94,85.0,STRONG_BUY,INSUFFICIENT_DATA,-18.28,,,EARLY_ROTATION,0.78,2.05,-0.14,FII_DII_ACCUMULATION,,,,65.0,POSITIVE,72.4,128.64,132.54,119.54,2026-08-03
TMCV,AUTO,452.5,71.0,BUY,INSUFFICIENT_DATA,-11.1,,,PRICE_LED,1.21,1.62,0.0,FII_DII_ACCUMULATION,,,,72.0,POSITIVE,60.67,447.98,461.55,416.3,2026-08-03
AJAXENGG,AUTO,594.0,73.0,STRONG_BUY,STRONG_UPTREND,-18.64,,,PRICE_LED,-0.5,0.44,0.0,STABLE,FAIR_VALUE,,12.43,50.0,NEUTRAL,60.07,588.06,605.88,535.99,2026-08-03
BLUSPRING,POWER,114.78,68.0,BUY,STRONG_UPTREND,-12.93,,,NEUTRAL,0.22,-0.1,-0.07,STABLE,,,,50.0,NEUTRAL,60.43,113.63,117.08,103.3,2026-08-03
JMA,AUTO,88.67,59.0,BUY,CONSOLIDATING,-9.52,,,PRICE_LED,0.0,0.0,0.0,STABLE,FAIR_VALUE,,3.34,50.0,NEUTRAL,59.82,87.78,90.44,83.1,2026-08-03
DISAQ,CAPITAL_GOODS,12332.0,56.0,HOLD_WATCH,INSUFFICIENT_DATA,-4.14,,,NEUTRAL,,,,,,,,,,59.2,11962.04,12332.0,11345.44,2026-08-03
PHARMABEES,OTHER,,56.0,HOLD_WATCH,,,,,NEUTRAL,,,,,,,,,,79.06,,,,2026-08-03
ITADD,OTHER,,56.0,HOLD_WATCH,,,,,NEUTRAL,,,,,,,,,,76.57,,,,2026-08-03
ADVANCE,CHEMICALS,124.56,59.0,BUY,STRONG_UPTREND,-19.12,,,NEUTRAL,-3.55,-6.15,0.0,STABLE,,,,50.0,NEUTRAL,61.13,123.31,127.05,113.84,2026-08-03
ASHIKAG,OTHER,477.5,50.0,HOLD_WATCH,INSUFFICIENT_DATA,-8.34,,,NEUTRAL,,,,,,,,,,59.8,463.18,477.5,439.3,2026-08-03
AARTIIND,CHEMICALS,486.8,89.0,STRONG_BUY,STRONG_UPTREND,-6.94,,,NEUTRAL,0.69,1.9,-0.05,FII_DII_ACCUMULATION,EXPENSIVE_OR_WEAK,,2.84,65.0,POSITIVE,59.84,481.93,496.54,438.12,2026-08-03
GULFOILLUB,ENERGY,1115.1,73.0,STRONG_BUY,STRONG_UPTREND,-16.09,,,PRICE_LED,-0.3,0.04,-0.1,STABLE,FAIR_VALUE,,10.41,58.0,POSITIVE,61.01,1103.95,1137.4,1038.13,2026-08-03
IVC,FINANCIAL_SERVICES,8.45,82.0,STRONG_BUY,STRONG_UPTREND,-14.47,,,NEUTRAL,0.04,0.0,0.0,STABLE,CHEAP_QUALITY,,43.54,50.0,NEUTRAL,60.17,8.37,8.62,7.65,2026-08-03
ITBETA,OTHER,,56.0,HOLD_WATCH,,,,,NEUTRAL,,,,,,,,,,76.54,,,,2026-08-03
ASHIANA,REALTY,385.55,68.0,BUY,STRONG_UPTREND,-11.55,,,NEUTRAL,0.39,0.01,0.0,STABLE,EXPENSIVE_OR_WEAK,,1.78,58.0,POSITIVE,60.08,381.69,393.26,347.0,2026-08-03
EXICOM,CAPITAL_GOODS,163.95,68.0,BUY,STRONG_UPTREND,-10.36,,,NEUTRAL,0.13,-0.22,0.0,STABLE,MODERATE,,-18.86,50.0,NEUTRAL,59.62,162.31,167.23,147.56,2026-08-03
IONEXCHANG,INFRASTRUCTURE,429.95,93.0,STRONG_BUY,STRONG_UPTREND,-11.53,,,EARLY_ROTATION,-0.05,0.59,-0.06,DII_ACCUMULATION,FAIR_VALUE,,7.86,53.0,NEUTRAL,59.97,425.65,438.55,386.95,2026-08-03
SUMICHEM,CHEMICALS,515.85,72.0,STRONG_BUY,UPTREND,-16.45,,,NEUTRAL,0.03,0.33,0.0,STABLE,CHEAP_QUALITY,,19.48,50.0,NEUTRAL,60.14,510.69,526.17,464.27,2026-08-03
COROMANDEL,INFRASTRUCTURE,2115.3,93.0,STRONG_BUY,STRONG_UPTREND,-15.39,,,EARLY_ROTATION,-0.78,1.5,-0.51,FII_DII_DIVERGENCE,FAIR_VALUE,,8.87,52.0,NEUTRAL,59.85,2094.15,2157.61,2070.54,2026-08-03
SHREECEM,CEMENT,27000.0,50.0,HOLD_WATCH,STRONG_UPTREND,-15.41,SHORT_BUILDUP,31375.0,DISTRIBUTION,-1.15,1.19,0.0,FII_DII_DIVERGENCE,MODERATE,,3.13,44.0,NEUTRAL,60.07,26190.0,27000.0,25302.18,2026-08-03
NAHARCAP,FINANCIAL_SERVICES,262.72,82.0,STRONG_BUY,STRONG_UPTREND,-14.42,,,NEUTRAL,0.0,0.0,0.33,STABLE,CHEAP_QUALITY,,55.42,50.0,NEUTRAL,60.43,260.09,267.97,243.69,2026-08-03
SAYAJIHOTL,HOSPITALITY,304.75,56.0,HOLD_WATCH,INSUFFICIENT_DATA,-7.65,,,NEUTRAL,,,,,,,,,,59.51,295.61,304.75,280.37,2026-08-03
GROWWEV,OTHER,,56.0,HOLD_WATCH,,,,,NEUTRAL,,,,,,,,,,77.21,,,,2026-08-03
TECH,OTHER,,50.0,HOLD_WATCH,,,,,NEUTRAL,,,,,,,,,,62.58,,,,2026-08-03
ITETF,OTHER,,50.0,HOLD_WATCH,,,,,NEUTRAL,,,,,,,,,,61.13,,,,2026-08-03
BPCL,CHEMICALS,329.95,61.0,HOLD_WATCH,DOWNTREND,-15.75,LONG_BUILDUP,580650.0,NEUTRAL,1.12,-1.03,0.0,FII_DII_DIVERGENCE,FAIR_VALUE,,2.49,52.0,NEUTRAL,60.08,326.65,336.55,303.55,2026-08-03
LTFOODS,AGRICULTURE,415.3,79.0,STRONG_BUY,STRONG_UPTREND,-13.48,,,NEUTRAL,-0.18,0.67,0.0,DII_ACCUMULATION,FAIR_VALUE,,6.75,61.0,POSITIVE,59.96,411.15,423.61,386.6,2026-08-03
SBIETFIT,OTHER,,50.0,HOLD_WATCH,,,,,NEUTRAL,,,,,,,,,,61.18,,,,2026-08-03
ICIL,TEXTILES,409.7,73.0,STRONG_BUY,STRONG_UPTREND,-11.66,,,NEUTRAL,-0.01,-0.31,0.0,STABLE,FAIR_VALUE,,7.18,50.0,NEUTRAL,59.97,405.6,417.89,368.73,2026-08-03
EVINDIA,OTHER,,56.0,HOLD_WATCH,,,,,NEUTRAL,,,,,,,,,,78.36,,,,2026-08-03
RAJPALAYAM,TEXTILES,818.85,56.0,HOLD_WATCH,INSUFFICIENT_DATA,-6.42,,,NEUTRAL,,,,,,,,,,59.86,794.28,818.85,753.34,2026-08-03
ITBEES,OTHER,,50.0,HOLD_WATCH,,,,,NEUTRAL,,,,,,,,,,61.25,,,,2026-08-03
MANBA,FINANCIAL_SERVICES,137.29,72.0,STRONG_BUY,UPTREND,-10.85,,,NEUTRAL,-0.05,0.0,0.0,STABLE,CHEAP_QUALITY,,16.32,58.0,POSITIVE,59.96,135.92,140.04,123.77,2026-08-03
JSWENERGY,POWER,569.0,100.0,STRONG_BUY,STRONG_UPTREND,-7.83,SHORT_COVERING,-86000.0,NEUTRAL,1.57,1.85,-2.88,FII_DII_ACCUMULATION,CHEAP_QUALITY,,27.08,58.0,POSITIVE,60.52,563.31,580.38,512.1,2026-08-03
JINDALSTEL,METAL,1105.1,45.0,HOLD_WATCH,DOWNTREND,-15.4,SHORT_COVERING,-8125.0,NEUTRAL,0.18,0.04,0.0,STABLE,FAIR_VALUE,,7.89,50.0,NEUTRAL,59.18,1071.95,1105.1,1016.69,2026-08-03
PRESTIGE,REALTY,1670.0,86.0,STRONG_BUY,STRONG_UPTREND,-7.49,LONG_BUILDUP,87300.0,NEUTRAL,-1.52,1.63,0.0,FII_DII_DIVERGENCE,EXPENSIVE_OR_WEAK,,6.74,44.0,NEUTRAL,60.37,1653.3,1703.4,1503.0,2026-08-03
EVIETF,OTHER,,56.0,HOLD_WATCH,,,,,NEUTRAL,,,,,,,,,,77.74,,,,2026-08-03
HINDALCO,METAL,994.9,83.0,STRONG_BUY,CONSOLIDATING,-15.4,LONG_BUILDUP,520800.0,NEUTRAL,1.8,-1.82,0.0,FII_DII_DIVERGENCE,FAIR_VALUE,,7.29,44.0,NEUTRAL,60.77,984.95,1014.8,924.41,2026-08-03
BBTCL,CHEMICALS,222.48,68.0,BUY,STRONG_UPTREND,-11.36,,,NEUTRAL,0.0,0.0,0.0,STABLE,MODERATE,,-2.71,50.0,NEUTRAL,60.73,220.26,226.93,200.23,2026-08-03
MANALIPETC,CHEMICALS,66.64,68.0,BUY,STRONG_UPTREND,-14.12,,,NEUTRAL,0.08,0.0,0.0,STABLE,EXPENSIVE_OR_WEAK,,0.09,50.0,NEUTRAL,60.36,65.97,67.97,59.98,2026-08-03
ITIETF,OTHER,,50.0,HOLD_WATCH,,,,,NEUTRAL,,,,,,,,,,60.68,,,,2026-08-03
GUFICBIO,PHARMA,390.5,73.0,STRONG_BUY,STRONG_UPTREND,-12.83,,,NEUTRAL,-0.02,0.09,0.0,STABLE,FAIR_VALUE,,9.97,50.0,NEUTRAL,60.45,386.59,398.31,351.45,2026-08-03
IT,OTHER,,50.0,HOLD_WATCH,,,,,NEUTRAL,,,,,,,,,,60.88,,,,2026-08-03
HYUNDAI,AUTO,2207.0,91.0,STRONG_BUY,STRONG_UPTREND,-23.63,LONG_BUILDUP,25300.0,PRICE_LED,-1.01,1.11,0.0,FII_DII_DIVERGENCE,FAIR_VALUE,,7.43,44.0,NEUTRAL,74.85,2184.93,2251.14,2041.59,2026-08-03
GROWWNET,OTHER,,56.0,HOLD_WATCH,,,,,NEUTRAL,,,,,,,,,,75.13,,,,2026-08-03
ARVIND,TEXTILES,528.95,74.0,STRONG_BUY,STRONG_UPTREND,-11.84,,,NEUTRAL,-0.41,0.73,0.0,DII_ACCUMULATION,MODERATE,,3.95,53.0,NEUTRAL,60.13,523.66,539.53,476.06,2026-08-03
KKCL,TEXTILES,509.95,78.0,STRONG_BUY,STRONG_UPTREND,-14.29,,,NEUTRAL,-0.01,-0.23,0.02,STABLE,CHEAP_QUALITY,,16.64,58.0,POSITIVE,59.97,504.85,520.15,471.61,2026-08-03
INTERNET,OTHER,,56.0,HOLD_WATCH,,,,,NEUTRAL,,,,,,,,,,76.32,,,,2026-08-03
MRPL,CHEMICALS,174.06,59.0,BUY,STRONG_UPTREND,-18.02,,,NEUTRAL,-1.24,0.05,0.0,STABLE,MODERATE,,-2.42,52.0,NEUTRAL,60.28,172.32,177.54,163.31,2026-08-03
INDIGO,AVIATION,5400.0,60.0,BUY,STRONG_UPTREND,-13.36,LONG_UNWINDING,-189900.0,NEUTRAL,-3.35,3.05,-0.01,FII_DII_DIVERGENCE,FAIR_VALUE,,11.08,44.0,NEUTRAL,59.97,5346.0,5508.0,4860.0,2026-08-03
CRISIL,FINANCIAL_SERVICES,4424.9,88.0,STRONG_BUY,STRONG_UPTREND,-18.82,,,NEUTRAL,-0.49,0.51,0.0,DII_ACCUMULATION,CHEAP_QUALITY,,24.61,61.0,POSITIVE,60.09,4380.65,4513.4,4231.41,2026-08-03
VAML,OTHER,459.95,56.0,HOLD_WATCH,INSUFFICIENT_DATA,-4.97,,,NEUTRAL,,,,STABLE,,,,50.0,NEUTRAL,59.53,446.15,459.95,423.15,2026-08-03
CONCORDBIO,PHARMA,1414.6,82.0,STRONG_BUY,STRONG_UPTREND,-21.49,,,NEUTRAL,0.22,-0.36,0.0,STABLE,CHEAP_QUALITY,,30.96,50.0,NEUTRAL,60.72,1400.45,1442.89,1273.14,2026-08-03
WORTHPERI,CHEMICALS,145.93,68.0,BUY,STRONG_UPTREND,-12.83,,,NEUTRAL,0.0,0.0,0.0,STABLE,,,,50.0,NEUTRAL,60.06,144.47,148.85,134.89,2026-08-03
IOLCP,PHARMA,151.7,82.0,STRONG_BUY,UPTREND,-15.53,,,NEUTRAL,3.15,0.41,4.8,STRONG_PROMOTER_FII_BUY,FAIR_VALUE,,3.64,73.5,POSITIVE,61.14,150.18,154.73,136.53,2026-08-03
BFINVEST,FINANCIAL_SERVICES,483.0,88.0,STRONG_BUY,STRONG_UPTREND,-17.39,,,NEUTRAL,0.0,0.0,0.0,STABLE,CHEAP_QUALITY,,154.49,50.0,NEUTRAL,73.6,478.17,492.66,434.7,2026-08-03
MOREPENLAB,PHARMA,57.65,67.0,BUY,UPTREND,-10.73,,,NEUTRAL,-0.04,0.0,0.0,STABLE,FAIR_VALUE,,6.94,50.0,NEUTRAL,59.84,57.07,58.8,51.88,2026-08-03
FEDDERSHOL,FINANCIAL_SERVICES,42.4,56.0,HOLD_WATCH,INSUFFICIENT_DATA,-20.73,,,NEUTRAL,,,,,,,,,,77.15,41.13,42.4,39.01,2026-08-03
KERNEX,LOGISTICS,2278.0,74.0,STRONG_BUY,STRONG_UPTREND,-6.83,,,NEUTRAL,0.23,-0.05,-0.05,STABLE,MODERATE,,17.88,50.0,NEUTRAL,59.42,2255.22,2323.56,2050.2,2026-08-03
HEALTHIETF,OTHER,,56.0,HOLD_WATCH,,,,,NEUTRAL,,,,,,,,,,78.87,,,,2026-08-03
CLSEL,AGRICULTURE,292.3,73.0,STRONG_BUY,STRONG_UPTREND,-8.94,,,NEUTRAL,0.01,-0.02,0.0,STABLE,FAIR_VALUE,,7.29,50.0,NEUTRAL,59.79,289.38,298.15,263.07,2026-08-03
DEEPAKNTR,CHEMICALS,1713.8,73.0,STRONG_BUY,STRONG_UPTREND,-10.01,,,NEUTRAL,0.14,0.27,0.0,STABLE,FAIR_VALUE,,7.43,50.0,NEUTRAL,59.94,1696.66,1748.08,1589.23,2026-08-03
HDFCNIFIT,OTHER,,50.0,HOLD_WATCH,,,,,NEUTRAL,,,,,,,,,,60.37,,,,2026-08-03
YATHARTH,HEALTHCARE,833.95,79.0,STRONG_BUY,UPTREND,-6.29,,,NEUTRAL,-0.93,0.99,0.0,FII_DII_DIVERGENCE,FAIR_VALUE,,14.06,44.0,NEUTRAL,59.66,825.61,850.63,750.56,2026-08-03
PFIZER,PHARMA,4914.6,82.0,STRONG_BUY,STRONG_UPTREND,-16.33,,,NEUTRAL,0.1,-0.16,0.0,STABLE,CHEAP_QUALITY,,25.38,50.0,NEUTRAL,60.14,4865.45,5012.89,4710.2,2026-08-03
SUDARCOLOR,CHEMICALS,369.3,50.0,HOLD_WATCH,INSUFFICIENT_DATA,-14.02,,,NEUTRAL,-0.01,0.0,0.0,STABLE,,,,50.0,NEUTRAL,59.47,358.22,369.3,339.76,2026-08-03
OMAXE,REALTY,85.38,71.0,BUY,UPTREND,-15.47,,,NEUTRAL,1.07,0.0,0.0,FII_ACCUMULATION,MODERATE,,-57.48,56.0,POSITIVE,60.0,84.53,87.09,76.84,2026-08-03
ACMESOLAR,POWER,371.1,74.0,STRONG_BUY,UPTREND,-6.91,,,NEUTRAL,0.33,12.01,-11.81,DII_ACCUMULATION,FAIR_VALUE,,20.93,58.0,POSITIVE,60.17,367.39,378.52,333.99,2026-08-03
DYNAMATECH,CAPITAL_GOODS,10763.0,68.0,BUY,STRONG_UPTREND,-16.4,,,NEUTRAL,-0.16,0.28,-0.37,STABLE,EXPENSIVE_OR_WEAK,,1.12,58.0,POSITIVE,63.33,10655.37,10978.26,9686.7,2026-08-03
CENTURYPLY,REALTY,772.8,62.0,BUY,UPTREND,-10.03,,,NEUTRAL,-0.24,0.25,0.0,STABLE,MODERATE,,4.25,53.0,NEUTRAL,58.72,765.07,788.26,750.66,2026-08-03
MOLOWVOL,OTHER,,56.0,HOLD_WATCH,,,,,NEUTRAL,,,,,,,,,,77.66,,,,2026-08-03
GEOJITFSL,FINANCIAL_SERVICES,77.52,76.0,STRONG_BUY,UPTREND,-9.22,,,NEUTRAL,-0.71,-0.25,0.0,STABLE,CHEAP_QUALITY,,21.58,50.0,NEUTRAL,59.93,76.74,79.07,69.77,2026-08-03
STOVEKRAFT,FMCG,754.6,62.0,BUY,UPTREND,-8.86,,,DISTRIBUTION,-0.06,-0.37,0.0,STABLE,MODERATE,,3.51,50.0,NEUTRAL,59.99,747.05,769.69,679.14,2026-08-03
HEALTHY,OTHER,,56.0,HOLD_WATCH,,,,,NEUTRAL,,,,,,,,,,78.28,,,,2026-08-03
SAMHI,HOSPITALITY,181.68,73.0,STRONG_BUY,STRONG_UPTREND,-19.96,,,NEUTRAL,0.15,-1.68,0.0,STABLE,FAIR_VALUE,,7.7,50.0,NEUTRAL,60.04,179.86,185.31,166.19,2026-08-03
COSMOFIRST,CHEMICALS,910.05,73.0,STRONG_BUY,STRONG_UPTREND,-19.43,,,NEUTRAL,-0.55,0.29,-0.08,STABLE,FAIR_VALUE,,4.22,50.0,NEUTRAL,60.96,900.95,928.25,819.04,2026-08-03
ADROITINFO,CAPITAL_GOODS,9.87,73.0,STRONG_BUY,STRONG_UPTREND,-19.1,,,NEUTRAL,0.0,0.0,0.0,STABLE,FAIR_VALUE,,6.71,50.0,NEUTRAL,59.97,9.77,10.07,9.53,2026-08-03
RAMCOIND,METAL,332.15,62.0,BUY,UPTREND,-16.56,,,NEUTRAL,0.0,0.09,0.0,STABLE,MODERATE,,4.78,50.0,NEUTRAL,59.89,328.83,338.79,298.94,2026-08-03
ELGIEQUIP,CAPITAL_GOODS,582.6,65.0,BUY,CONSOLIDATING,-8.09,,,NEUTRAL,-0.91,0.99,0.0,FII_DII_DIVERGENCE,FAIR_VALUE,,10.21,44.0,NEUTRAL,59.99,576.77,594.25,524.34,2026-08-03
JIOFIN,FINANCIAL_SERVICES,263.0,92.0,STRONG_BUY,STRONG_UPTREND,-21.19,LONG_BUILDUP,3174850.0,NEUTRAL,-0.7,-0.94,2.01,STRONG_PROMOTER_BUY,FAIR_VALUE,,73.06,44.0,NEUTRAL,59.82,260.37,268.26,255.27,2026-08-03
SIL,CHEMICALS,16.95,68.0,BUY,STRONG_UPTREND,-15.21,,,NEUTRAL,0.0,0.0,0.0,STABLE,MODERATE,,-78.88,58.0,POSITIVE,60.0,16.78,17.29,15.36,2026-08-03
COCKERILL,CAPITAL_GOODS,8987.5,50.0,HOLD_WATCH,INSUFFICIENT_DATA,-17.33,,,NEUTRAL,,,,,,,,,,60.4,8717.88,8987.5,8268.5,2026-08-03
GUJALKALI,CHEMICALS,697.25,74.0,STRONG_BUY,STRONG_UPTREND,-14.45,,,NEUTRAL,-0.02,-1.02,1.0,STRONG_PROMOTER_BUY,MODERATE,,-1.09,62.0,POSITIVE,76.81,690.28,711.2,627.52,2026-08-03
METROGLOBL,OTHER,133.26,50.0,HOLD_WATCH,INSUFFICIENT_DATA,-16.6,,,NEUTRAL,,,,,,,,,,60.51,129.26,133.26,122.6,2026-08-03
MOHEALTH,OTHER,,56.0,HOLD_WATCH,,,,,NEUTRAL,,,,,,,,,,78.35,,,,2026-08-03
PARASPETRO,FINANCIAL_SERVICES,2.44,60.0,BUY,INSUFFICIENT_DATA,-24.46,,,NEUTRAL,0.0,0.0,0.0,STABLE,CHEAP_QUALITY,,,50.0,NEUTRAL,60.65,2.42,2.49,2.24,2026-08-03
APARINDS,CHEMICALS,14746.0,74.0,STRONG_BUY,STRONG_UPTREND,-14.05,,,NEUTRAL,0.02,0.94,0.0,DII_ACCUMULATION,MODERATE,,3.94,53.0,NEUTRAL,60.79,14598.54,15040.92,13271.4,2026-08-03
DCBBANK,BANKING,191.09,95.0,STRONG_BUY,STRONG_UPTREND,-7.19,,,NEUTRAL,0.71,0.65,-0.01,FII_DII_ACCUMULATION,,,,72.0,POSITIVE,59.93,189.18,194.91,177.26,2026-08-03
OIL,ENERGY,452.0,54.0,HOLD_WATCH,DOWNTREND,-14.88,SHORT_COVERING,-331800.0,PRICE_LED,0.14,0.01,0.0,STABLE,CHEAP_QUALITY,,25.43,58.0,POSITIVE,59.53,438.44,452.0,415.84,2026-08-03
CGCL,FINANCIAL_SERVICES,227.47,76.0,STRONG_BUY,UPTREND,-14.01,,,NEUTRAL,2.59,-1.69,0.0,FII_DII_DIVERGENCE,FAIR_VALUE,,14.31,56.0,POSITIVE,60.61,225.2,232.02,204.72,2026-08-03
MIDSELIETF,OTHER,,56.0,HOLD_WATCH,,,,,NEUTRAL,,,,,,,,,,77.2,,,,2026-08-03
PETRONET,ENERGY,284.85,90.0,STRONG_BUY,STRONG_UPTREND,-12.73,SHORT_COVERING,-157700.0,PRICE_LED,0.82,-0.52,0.0,FII_DII_DIVERGENCE,FAIR_VALUE,,7.02,52.0,NEUTRAL,60.08,282.0,290.55,273.28,2026-08-03
AFFLE,IT,1663.0,70.0,BUY,STRONG_UPTREND,-23.92,,,PRICE_LED,-1.13,1.54,-0.03,FII_DII_DIVERGENCE,FAIR_VALUE,,16.79,44.0,NEUTRAL,60.02,1646.37,1696.26,1523.52,2026-08-03
GANECOS,TEXTILES,1156.6,76.0,STRONG_BUY,UPTREND,-21.85,,,NEUTRAL,1.69,-2.46,0.0,FII_DII_DIVERGENCE,FAIR_VALUE,,7.47,44.0,NEUTRAL,60.29,1145.03,1179.73,1040.94,2026-08-03
MATRIMONY,RETAIL,430.95,34.0,REDUCE,DOWNTREND,-24.79,,,NEUTRAL,-1.77,-0.13,2.35,STRONG_PROMOTER_BUY,FAIR_VALUE,,10.19,77.8,HIGH_CONVICTION,58.95,,,396.47,2026-08-03
JASH,CAPITAL_GOODS,500.6,67.0,BUY,UPTREND,-12.61,,,NEUTRAL,-0.22,-0.1,-0.2,STABLE,FAIR_VALUE,,15.91,58.0,POSITIVE,59.94,495.59,510.61,450.54,2026-08-03
FUSION,FINANCIAL_SERVICES,210.78,68.0,BUY,UPTREND,-13.26,,,NEUTRAL,-0.15,2.49,-0.37,DII_ACCUMULATION,MODERATE,,-87.9,53.0,NEUTRAL,59.97,208.67,215.0,189.7,2026-08-03
GAIL,ENERGY,174.3,91.0,STRONG_BUY,STRONG_UPTREND,-6.73,LONG_BUILDUP,5449250.0,PRICE_LED,-1.03,0.74,0.0,FII_DII_DIVERGENCE,FAIR_VALUE,,9.63,52.0,NEUTRAL,59.98,172.56,177.79,162.98,2026-08-03
KOLTEPATIL,REALTY,391.4,77.0,STRONG_BUY,STRONG_UPTREND,-19.12,,,NEUTRAL,1.19,-0.36,0.0,FII_ACCUMULATION,MODERATE,,5.57,56.0,POSITIVE,60.02,387.49,399.23,363.47,2026-08-03
BAJAJHLDNG,FINANCIAL_SERVICES,11599.0,100.0,STRONG_BUY,STRONG_UPTREND,-21.43,LONG_BUILDUP,6900.0,NEUTRAL,-0.64,0.76,0.0,FII_DII_DIVERGENCE,CHEAP_QUALITY,,1385.24,52.0,NEUTRAL,60.15,11483.01,11830.98,10511.61,2026-08-03
SHRINGARMS,FMCG,229.85,65.0,BUY,STRONG_UPTREND,-13.75,,,DISTRIBUTION,-2.85,1.2,0.0,FII_DII_DIVERGENCE,,,,56.0,POSITIVE,59.48,227.55,234.45,211.55,2026-08-03
PARACABLES,CAPITAL_GOODS,66.39,73.0,STRONG_BUY,STRONG_UPTREND,-12.3,,,NEUTRAL,0.22,0.04,0.06,STABLE,FAIR_VALUE,,5.74,50.0,NEUTRAL,59.68,65.73,67.72,59.75,2026-08-03
VLSFINANCE,FINANCIAL_SERVICES,254.65,82.0,STRONG_BUY,STRONG_UPTREND,-24.88,,,NEUTRAL,0.1,-0.23,4.36,STRONG_PROMOTER_BUY,CHEAP_QUALITY,,64.54,62.0,POSITIVE,59.17,252.1,259.74,248.64,2026-08-03
VMART,RETAIL,777.95,68.0,BUY,STRONG_UPTREND,-12.39,,,NEUTRAL,-0.1,-0.59,0.05,STABLE,MODERATE,,0.9,50.0,NEUTRAL,60.11,770.17,793.51,700.16,2026-08-03
NH,HEALTHCARE,1919.7,56.0,HOLD_WATCH,CONSOLIDATING,-8.29,,,NEUTRAL,-1.12,1.24,0.0,FII_DII_DIVERGENCE,FAIR_VALUE,,14.16,44.0,NEUTRAL,59.88,1862.11,1919.7,1814.77,2026-08-03
NEXT50,OTHER,,56.0,HOLD_WATCH,,,,,NEUTRAL,,,,,,,,,,77.96,,,,2026-08-03
TITAGARH,INFRASTRUCTURE,859.05,87.0,STRONG_BUY,STRONG_UPTREND,-11.53,,,EARLY_ROTATION,0.01,-0.14,0.0,STABLE,FAIR_VALUE,,7.32,50.0,NEUTRAL,59.79,850.46,876.23,776.79,2026-08-03
PREMIERPOL,OTHER,73.56,55.0,HOLD_WATCH,INSUFFICIENT_DATA,-13.91,,,NEUTRAL,,,,,FAIR_VALUE,,9.78,,,60.05,71.35,73.56,67.68,2026-08-03
CONSUMER,OTHER,,56.0,HOLD_WATCH,,,,,NEUTRAL,,,,,,,,,,77.27,,,,2026-08-03
PNB,BANKING,113.0,40.0,REDUCE,DOWNTREND,-16.39,SHORT_COVERING,-72000.0,NEUTRAL,0.45,-0.03,0.0,STABLE,,,,58.0,POSITIVE,59.75,,,103.96,2026-08-03
GROWWNXT50,OTHER,,56.0,HOLD_WATCH,,,,,NEUTRAL,,,,,,,,,,77.13,,,,2026-08-03
RAMRAT,CAPITAL_GOODS,429.95,68.0,BUY,STRONG_UPTREND,-17.32,,,NEUTRAL,0.05,0.02,0.76,STABLE,MODERATE,,2.06,50.0,NEUTRAL,59.43,425.65,438.55,386.95,2026-08-03
MANAKSTEEL,OTHER,75.21,50.0,HOLD_WATCH,INSUFFICIENT_DATA,-13.68,,,NEUTRAL,,,,,MODERATE,,1.29,,,56.02,72.95,75.21,69.19,2026-08-03
KSL,METAL,886.5,67.0,BUY,UPTREND,-9.78,,,NEUTRAL,0.04,0.04,0.0,STABLE,FAIR_VALUE,,11.66,50.0,NEUTRAL,59.97,877.63,904.23,797.85,2026-08-03
KRISHNADEF,DEFENCE,1218.3,59.0,BUY,INSUFFICIENT_DATA,-12.98,,,NEUTRAL,0.75,-0.74,-0.06,FII_DII_DIVERGENCE,,,,53.0,NEUTRAL,58.03,1206.12,1242.67,1120.84,2026-08-03
SRGHFL,FINANCIAL_SERVICES,299.7,66.0,BUY,UPTREND,-10.54,,,NEUTRAL,0.01,0.0,-0.02,STABLE,CHEAP_QUALITY,,16.46,32.0,WEAK,59.72,296.7,305.69,273.03,2026-08-03
GMRAIRPORT,INFRASTRUCTURE,105.55,92.0,STRONG_BUY,CONSOLIDATING,-8.73,LONG_BUILDUP,1325250.0,EARLY_ROTATION,1.2,0.34,0.09,FII_ACCUMULATION,EXPENSIVE_OR_WEAK,,7.62,56.0,POSITIVE,59.22,104.49,107.66,97.76,2026-08-03
INNOVACAP,PHARMA,956.4,73.0,STRONG_BUY,UPTREND,-7.58,,,NEUTRAL,0.11,-0.22,0.0,STABLE,FAIR_VALUE,,10.91,58.0,POSITIVE,59.94,946.84,975.53,860.76,2026-08-03
GREENLAM,INFRASTRUCTURE,251.7,81.0,STRONG_BUY,UPTREND,-9.67,,,EARLY_ROTATION,0.04,-0.51,0.0,STABLE,FAIR_VALUE,,4.45,50.0,NEUTRAL,59.87,249.18,256.73,236.74,2026-08-03
SETL,CAPITAL_GOODS,278.55,50.0,HOLD_WATCH,INSUFFICIENT_DATA,-8.76,,,NEUTRAL,-0.1,-0.41,0.0,STABLE,,,,50.0,NEUTRAL,56.07,270.19,278.55,256.27,2026-08-03
DHANBANK,BANKING,32.73,54.0,HOLD_WATCH,CONSOLIDATING,-11.18,,,NEUTRAL,0.1,0.0,0.0,STABLE,,,,50.0,NEUTRAL,59.84,31.75,32.73,29.46,2026-08-03
GLENMARK,PHARMA,2230.0,84.0,STRONG_BUY,UPTREND,-9.86,SHORT_COVERING,-22500.0,NEUTRAL,1.14,-0.8,0.0,FII_DII_DIVERGENCE,FAIR_VALUE,,10.27,44.0,NEUTRAL,59.98,2207.7,2274.6,2067.55,2026-08-03
MOREALTY,OTHER,,56.0,HOLD_WATCH,,,,,NEUTRAL,,,,,,,,,,76.17,,,,2026-08-03
SOMANYCERA,CAPITAL_GOODS,509.0,60.0,BUY,CONSOLIDATING,-7.86,,,NEUTRAL,0.44,-1.37,0.2,STABLE,MODERATE,,2.06,58.0,POSITIVE,59.46,503.91,519.18,458.1,2026-08-03
TNPL,CHEMICALS,154.88,68.0,BUY,STRONG_UPTREND,-13.91,,,NEUTRAL,-0.12,-0.72,0.0,STABLE,MODERATE,,-1.98,50.0,NEUTRAL,60.13,153.33,157.98,140.0,2026-08-03
BI,HEALTHCARE,61.83,50.0,HOLD_WATCH,INSUFFICIENT_DATA,-17.56,,,NEUTRAL,,,,,,,,,,60.53,59.98,61.83,56.88,2026-08-03
LT,INFRASTRUCTURE,4025.0,86.0,STRONG_BUY,STRONG_UPTREND,-9.35,SHORT_COVERING,-217700.0,EARLY_ROTATION,-1.28,0.34,0.0,STABLE,FAIR_VALUE,,6.66,58.0,POSITIVE,59.84,3984.75,4105.5,3887.67,2026-08-03
PRIVISCL,CHEMICALS,3597.0,68.0,BUY,UPTREND,-4.97,,,NEUTRAL,-0.26,0.43,0.0,STABLE,MODERATE,,9.06,50.0,NEUTRAL,59.7,3561.03,3668.94,3237.3,2026-08-03
INDTERRAIN,TEXTILES,33.39,68.0,BUY,STRONG_UPTREND,-21.66,,,NEUTRAL,0.0,0.0,0.0,STABLE,MODERATE,,-13.8,50.0,NEUTRAL,59.92,33.06,34.06,32.28,2026-08-03
GRPLTD,CHEMICALS,2028.7,68.0,BUY,STRONG_UPTREND,-18.56,,,NEUTRAL,0.03,0.0,0.0,STABLE,MODERATE,,2.61,50.0,NEUTRAL,60.92,2008.41,2069.27,1825.83,2026-08-03
AIIL,CAPITAL_GOODS,548.8,82.0,STRONG_BUY,STRONG_UPTREND,-19.65,,,NEUTRAL,0.03,0.0,0.0,STABLE,CHEAP_QUALITY,,77.13,56.0,POSITIVE,59.76,543.31,559.78,507.38,2026-08-03
DATAPATTNS,DEFENCE,4428.8,92.0,STRONG_BUY,STRONG_UPTREND,-10.64,,,NEUTRAL,0.93,1.41,0.0,FII_DII_ACCUMULATION,FAIR_VALUE,,36.02,65.0,POSITIVE,60.05,4384.51,4517.38,3985.92,2026-08-03
NEXT30ADD,OTHER,,56.0,HOLD_WATCH,,,,,NEUTRAL,,,,,,,,,,75.45,,,,2026-08-03
NBIFIN,FINANCIAL_SERVICES,2226.3,82.0,STRONG_BUY,STRONG_UPTREND,-25.57,,,NEUTRAL,0.0,-0.01,0.0,STABLE,CHEAP_QUALITY,,63.05,50.0,NEUTRAL,60.07,2204.04,2270.83,2014.84,2026-08-03
METALIETF,OTHER,,56.0,HOLD_WATCH,,,,,NEUTRAL,,,,,,,,,,72.78,,,,2026-08-03
INDUSTOWER,TELECOM,395.3,42.0,HOLD_WATCH,DOWNTREND,-17.9,LONG_UNWINDING,-2543200.0,NEUTRAL,-0.83,0.73,0.23,FII_DII_DIVERGENCE,CHEAP_QUALITY,,41.48,44.0,NEUTRAL,59.48,383.44,395.3,363.68,2026-08-03
UDS,OTHER,206.06,82.0,STRONG_BUY,STRONG_UPTREND,-22.59,,,NEUTRAL,0.7,-0.08,0.0,FII_ACCUMULATION,FAIR_VALUE,,4.3,56.0,POSITIVE,60.39,204.0,210.18,185.45,2026-08-03
CIPLA,PHARMA,1474.4,87.0,STRONG_BUY,STRONG_UPTREND,-11.87,SHORT_COVERING,-361250.0,NEUTRAL,-1.37,1.25,0.0,FII_DII_DIVERGENCE,CHEAP_QUALITY,,22.26,52.0,NEUTRAL,60.26,1459.66,1503.89,1365.84,2026-08-03
ARVSMART,REALTY,600.65,72.0,STRONG_BUY,UPTREND,-10.22,,,NEUTRAL,-0.16,-7.21,4.01,STRONG_PROMOTER_BUY,CHEAP_QUALITY,,19.5,62.0,POSITIVE,59.49,594.64,612.66,571.06,2026-08-03
MOMGF,OTHER,,56.0,HOLD_WATCH,,,,,NEUTRAL,,,,,,,,,,73.01,,,,2026-08-03
NAHARINDUS,CHEMICALS,118.15,68.0,BUY,STRONG_UPTREND,-9.12,,,NEUTRAL,0.0,0.0,0.0,STABLE,EXPENSIVE_OR_WEAK,,0.18,50.0,NEUTRAL,59.48,116.97,120.51,106.34,2026-08-03
FINIETF,OTHER,,56.0,HOLD_WATCH,,,,,NEUTRAL,,,,,,,,,,75.13,,,,2026-08-03
HCG,HEALTHCARE,671.75,74.0,STRONG_BUY,STRONG_UPTREND,-16.52,,,NEUTRAL,-0.51,0.59,0.44,FII_DII_DIVERGENCE,EXPENSIVE_OR_WEAK,,2.56,42.0,NEUTRAL,60.7,665.03,685.19,621.43,2026-08-03
MARKOLINES,INFRASTRUCTURE,177.28,88.0,STRONG_BUY,STRONG_UPTREND,-7.55,,,EARLY_ROTATION,0.41,-0.01,0.4,STABLE,,,,50.0,NEUTRAL,56.36,175.51,180.83,159.55,2026-08-03
KOVAI,HEALTHCARE,5832.5,56.0,HOLD_WATCH,INSUFFICIENT_DATA,-8.0,,,NEUTRAL,,,,,,,,,,59.34,5657.52,5832.5,5365.9,2026-08-03
FCL,CHEMICALS,39.27,77.0,STRONG_BUY,CONSOLIDATING,-16.77,,,NEUTRAL,0.78,-0.28,-0.58,FII_ACCUMULATION,CHEAP_QUALITY,,22.05,56.0,POSITIVE,58.89,38.88,40.06,35.34,2026-08-03
CERA,REALTY,6280.5,79.0,STRONG_BUY,STRONG_UPTREND,-6.82,,,NEUTRAL,-0.42,0.18,0.0,STABLE,FAIR_VALUE,,13.93,50.0,NEUTRAL,59.52,6217.69,6406.11,5652.45,2026-08-03
IMPAL,AUTO,1104.6,67.0,BUY,UPTREND,-10.84,,,PRICE_LED,0.0,0.0,0.0,STABLE,FAIR_VALUE,,9.71,58.0,POSITIVE,59.94,1093.55,1126.69,1027.54,2026-08-03
INDIANB,BANKING,845.0,40.0,REDUCE,DOWNTREND,-15.58,SHORT_COVERING,-137000.0,NEUTRAL,0.34,-0.72,0.0,STABLE,,,,58.0,POSITIVE,59.71,,,777.4,2026-08-03
CONSUMBEES,OTHER,,56.0,HOLD_WATCH,,,,,NEUTRAL,,,,,,,,,,77.39,,,,2026-08-03
AFSL,FINANCIAL_SERVICES,201.72,41.0,REDUCE,DOWNTREND,-11.91,,,NEUTRAL,1.99,0.04,0.0,FII_ACCUMULATION,,,,56.0,POSITIVE,59.63,,,185.58,2026-08-03
RPPL,CHEMICALS,22.33,68.0,BUY,STRONG_UPTREND,-12.43,,,NEUTRAL,0.0,0.0,-0.48,STABLE,MODERATE,,1.3,50.0,NEUTRAL,59.81,22.11,22.78,20.1,2026-08-03
ORIENTBELL,CAPITAL_GOODS,317.6,54.0,HOLD_WATCH,CONSOLIDATING,-12.75,,,NEUTRAL,0.0,0.0,0.36,STABLE,EXPENSIVE_OR_WEAK,,0.6,50.0,NEUTRAL,59.85,308.07,317.6,290.64,2026-08-03
MAKEINDIA,OTHER,,56.0,HOLD_WATCH,,,,,NEUTRAL,,,,,,,,,,74.34,,,,2026-08-03
NAHARPOLY,CHEMICALS,274.9,73.0,STRONG_BUY,STRONG_UPTREND,-18.86,,,NEUTRAL,0.0,0.0,0.22,STABLE,FAIR_VALUE,,7.29,50.0,NEUTRAL,60.27,272.15,280.4,247.41,2026-08-03
MAHSCOOTER,FINANCIAL_SERVICES,13937.0,82.0,STRONG_BUY,STRONG_UPTREND,-24.82,,,NEUTRAL,0.09,-0.19,0.0,STABLE,CHEAP_QUALITY,,91.42,58.0,POSITIVE,61.07,13797.63,14215.74,13116.27,2026-08-03
SNXT30BEES,OTHER,,56.0,HOLD_WATCH,,,,,NEUTRAL,,,,,,,,,,73.96,,,,2026-08-03
MONEXT50,OTHER,,56.0,HOLD_WATCH,,,,,NEUTRAL,,,,,,,,,,70.56,,,,2026-08-03
LOWVOL1,OTHER,,50.0,HOLD_WATCH,,,,,NEUTRAL,,,,,,,,,,65.45,,,,2026-08-03
JUNIORBEES,OTHER,,56.0,HOLD_WATCH,,,,,NEUTRAL,,,,,,,,,,77.48,,,,2026-08-03
UGARSUGAR,FMCG,42.56,62.0,BUY,STRONG_UPTREND,-12.88,,,DISTRIBUTION,0.02,0.0,-2.21,PROMOTER_SELLING,MODERATE,,-10.31,32.0,WEAK,59.76,42.13,43.41,39.37,2026-08-03
BLIL,FINANCIAL_SERVICES,70.88,50.0,HOLD_WATCH,INSUFFICIENT_DATA,-10.84,,,NEUTRAL,,,,,,,,,,59.54,68.75,70.88,65.21,2026-08-03
EQUAL50ADD,OTHER,,56.0,HOLD_WATCH,,,,,NEUTRAL,,,,,,,,,,75.91,,,,2026-08-03
BERGEPAINT,CHEMICALS,526.55,79.0,STRONG_BUY,STRONG_UPTREND,-11.44,,,NEUTRAL,-0.57,0.63,0.0,FII_DII_DIVERGENCE,FAIR_VALUE,,9.95,44.0,NEUTRAL,59.87,521.28,537.08,489.06,2026-08-03
HDFCQUAL,OTHER,,56.0,HOLD_WATCH,,,,,NEUTRAL,,,,,,,,,,74.11,,,,2026-08-03
DOLPHIN,ENERGY,405.45,82.0,STRONG_BUY,STRONG_UPTREND,-19.23,,,PRICE_LED,0.01,0.0,0.0,STABLE,CHEAP_QUALITY,,62.97,50.0,NEUTRAL,59.04,401.4,413.56,395.28,2026-08-03
QUAL30IETF,OTHER,,56.0,HOLD_WATCH,,,,,NEUTRAL,,,,,,,,,,72.68,,,,2026-08-03
ABSLNN50ET,OTHER,,56.0,HOLD_WATCH,,,,,NEUTRAL,,,,,,,,,,77.62,,,,2026-08-03
PDSL,TEXTILES,357.25,62.0,BUY,UPTREND,-14.64,,,NEUTRAL,0.09,-0.01,-0.03,STABLE,MODERATE,,2.11,50.0,NEUTRAL,59.93,353.68,364.39,322.42,2026-08-03
JSL,METAL,731.7,37.0,REDUCE,DOWNTREND,-17.23,,,NEUTRAL,-0.66,-0.07,0.82,STABLE,FAIR_VALUE,,6.23,58.0,POSITIVE,59.28,,,673.16,2026-08-03
GROWWRLTY,OTHER,,56.0,HOLD_WATCH,,,,,NEUTRAL,,,,,,,,,,74.73,,,,2026-08-03
SETFNN50,OTHER,,50.0,HOLD_WATCH,,,,,NEUTRAL,,,,,,,,,,67.98,,,,2026-08-03
NEXT50IETF,OTHER,,56.0,HOLD_WATCH,,,,,NEUTRAL,,,,,,,,,,77.41,,,,2026-08-03
FLEXIADD,OTHER,,50.0,HOLD_WATCH,,,,,NEUTRAL,,,,,,,,,,68.67,,,,2026-08-03
SEAMECLTD,LOGISTICS,1457.2,54.0,HOLD_WATCH,CONSOLIDATING,-14.74,,,NEUTRAL,0.38,0.41,0.0,STABLE,EXPENSIVE_OR_WEAK,,0.18,50.0,NEUTRAL,59.2,1413.48,1457.2,1311.48,2026-08-03
HEALTHCARE,OTHER,,56.0,HOLD_WATCH,,,,,NEUTRAL,,,,,,,,,,77.49,,,,2026-08-03
ABBOTINDIA,PHARMA,27895.0,68.0,BUY,STRONG_UPTREND,-18.1,,,NEUTRAL,,,,,,,,,,60.05,27616.05,28452.9,26786.95,2026-08-03
UNICHEMLAB,PHARMA,505.25,73.0,STRONG_BUY,UPTREND,-26.48,,,NEUTRAL,0.01,-0.11,0.0,STABLE,FAIR_VALUE,,6.6,50.0,NEUTRAL,74.11,500.2,515.36,454.73,2026-08-03
AYMSYNTEX,TEXTILES,251.6,68.0,BUY,STRONG_UPTREND,-10.53,,,NEUTRAL,0.26,0.05,-0.04,STABLE,EXPENSIVE_OR_WEAK,,0.94,50.0,NEUTRAL,59.8,249.08,256.63,226.44,2026-08-03
MID150,OTHER,,50.0,HOLD_WATCH,,,,,NEUTRAL,,,,,,,,,,64.58,,,,2026-08-03
PHOENIXLTD,REALTY,1955.0,97.0,STRONG_BUY,UPTREND,-9.9,LONG_BUILDUP,148400.0,NEUTRAL,-0.88,0.89,0.0,FII_DII_DIVERGENCE,CHEAP_QUALITY,,36.18,44.0,NEUTRAL,59.95,1935.45,1994.1,1759.5,2026-08-03
LOWVOLIETF,OTHER,,56.0,HOLD_WATCH,,,,,NEUTRAL,,,,,,,,,,72.11,,,,2026-08-03
METAL,OTHER,,50.0,HOLD_WATCH,,,,,NEUTRAL,,,,,,,,,,66.82,,,,2026-08-03
LOWVOL,OTHER,,56.0,HOLD_WATCH,,,,,NEUTRAL,,,,,,,,,,75.13,,,,2026-08-03
SHBAJRG,METAL,187.98,50.0,HOLD_WATCH,INSUFFICIENT_DATA,-12.55,,,NEUTRAL,,,,,,,,,,59.4,182.34,187.98,172.94,2026-08-03
ALPL30IETF,OTHER,,56.0,HOLD_WATCH,,,,,NEUTRAL,,,,,,,,,,75.79,,,,2026-08-03
HDFCNEXT50,OTHER,,50.0,HOLD_WATCH,,,,,NEUTRAL,,,,,,,,,,62.8,,,,2026-08-03
KANPRPLA,CHEMICALS,211.01,68.0,BUY,STRONG_UPTREND,-14.57,,,NEUTRAL,-0.03,0.5,-0.06,DII_ACCUMULATION,MODERATE,,1.09,53.0,NEUTRAL,59.82,208.9,215.23,189.91,2026-08-03
YESBANK,BANKING,23.0,77.0,STRONG_BUY,CONSOLIDATING,-10.78,SHORT_COVERING,-6966400.0,NEUTRAL,0.69,0.68,0.0,FII_DII_ACCUMULATION,,,,65.0,POSITIVE,59.58,22.77,23.46,21.31,2026-08-03
HAVELLS,CAPITAL_GOODS,1285.0,14.0,EXIT_AVOID,DOWNTREND,-20.73,SHORT_BUILDUP,23500.0,NEUTRAL,-1.03,1.03,0.0,FII_DII_DIVERGENCE,MODERATE,,5.79,52.0,NEUTRAL,59.9,,,1182.2,2026-08-03
SBINEQWETF,OTHER,,50.0,HOLD_WATCH,,,,,NEUTRAL,,,,,,,,,,69.87,,,,2026-08-03
DIXON,REALTY,13892.0,53.0,HOLD_WATCH,STRONG_UPTREND,-24.79,SHORT_BUILDUP,197350.0,NEUTRAL,-0.39,-0.91,-0.15,STABLE,MODERATE,,3.57,50.0,NEUTRAL,60.19,13475.24,13892.0,12502.8,2026-08-03
MOIPO,OTHER,,50.0,HOLD_WATCH,,,,,NEUTRAL,,,,,,,,,,64.37,,,,2026-08-03
LIKHITHA,OTHER,226.1,60.0,BUY,INSUFFICIENT_DATA,-13.54,,,NEUTRAL,,,,,CHEAP_QUALITY,,13.41,,,58.32,223.84,230.62,208.01,2026-08-03
PFOCUS,OTHER,298.75,54.0,HOLD_WATCH,CONSOLIDATING,-18.6,,,NEUTRAL,,,,,MODERATE,,-83.6,,,59.86,289.79,298.75,268.88,2026-08-03
EQUAL50,OTHER,,50.0,HOLD_WATCH,,,,,NEUTRAL,,,,,,,,,,69.36,,,,2026-08-03
GALAPREC,CAPITAL_GOODS,1090.5,62.0,BUY,UPTREND,-13.45,,,NEUTRAL,-0.03,0.48,-0.21,STABLE,MODERATE,,9.63,50.0,NEUTRAL,59.81,1079.6,1112.31,981.45,2026-08-03
MID150BEES,OTHER,,50.0,HOLD_WATCH,,,,,NEUTRAL,,,,,,,,,,66.18,,,,2026-08-03
DDEVPLSTIK,CHEMICALS,288.35,73.0,STRONG_BUY,STRONG_UPTREND,-19.9,,,NEUTRAL,0.0,-0.32,0.0,STABLE,FAIR_VALUE,,7.05,58.0,POSITIVE,61.73,285.47,294.12,262.8,2026-08-03
NIFTY100EW,OTHER,,50.0,HOLD_WATCH,,,,,NEUTRAL,,,,,,,,,,63.7,,,,2026-08-03
GROWWLOVOL,OTHER,,50.0,HOLD_WATCH,,,,,NEUTRAL,,,,,,,,,,63.7,,,,2026-08-03
NIFTYQLITY,OTHER,,50.0,HOLD_WATCH,,,,,NEUTRAL,,,,,,,,,,68.12,,,,2026-08-03
HIKAL,PHARMA,229.9,68.0,BUY,STRONG_UPTREND,-18.68,,,NEUTRAL,-0.87,0.15,0.0,STABLE,MODERATE,,3.84,58.0,POSITIVE,59.95,227.6,234.5,206.91,2026-08-03
MOALPHA50,OTHER,,50.0,HOLD_WATCH,,,,,NEUTRAL,,,,,,,,,,64.33,,,,2026-08-03
MID150CASE,OTHER,,50.0,HOLD_WATCH,,,,,NEUTRAL,,,,,,,,,,61.44,,,,2026-08-03
HDFCLOWVOL,OTHER,,56.0,HOLD_WATCH,,,,,NEUTRAL,,,,,,,,,,72.98,,,,2026-08-03
BLUEDART,LOGISTICS,5427.0,74.0,STRONG_BUY,STRONG_UPTREND,-22.87,,,NEUTRAL,-0.71,0.92,0.0,FII_DII_DIVERGENCE,MODERATE,,4.86,44.0,NEUTRAL,60.03,5372.73,5535.54,5230.07,2026-08-03
SBIETFQLTY,OTHER,,50.0,HOLD_WATCH,,,,,NEUTRAL,,,,,,,,,,65.4,,,,2026-08-03
ORIENTHOT,HOSPITALITY,135.39,73.0,STRONG_BUY,STRONG_UPTREND,-9.44,,,NEUTRAL,-0.13,-0.01,0.69,STABLE,FAIR_VALUE,,12.67,50.0,NEUTRAL,59.67,134.04,138.1,121.85,2026-08-03
SELECTIPO,OTHER,,50.0,HOLD_WATCH,,,,,NEUTRAL,,,,,,,,,,62.47,,,,2026-08-03
SBIETFCON,OTHER,,50.0,HOLD_WATCH,,,,,NEUTRAL,,,,,,,,,,69.92,,,,2026-08-03
SML100CASE,OTHER,,56.0,HOLD_WATCH,,,,,NEUTRAL,,,,,,,,,,75.31,,,,2026-08-03
NITTAGELA,CHEMICALS,1729.2,50.0,HOLD_WATCH,INSUFFICIENT_DATA,-17.15,,,NEUTRAL,,,,,,,,,,61.61,1677.32,1729.2,1590.86,2026-08-03
EXCELINDUS,CHEMICALS,1021.7,73.0,STRONG_BUY,STRONG_UPTREND,-24.25,,,NEUTRAL,-0.07,0.01,0.0,STABLE,FAIR_VALUE,,9.0,50.0,NEUTRAL,60.01,1011.48,1042.13,922.63,2026-08-03
HDFCMID150,OTHER,,50.0,HOLD_WATCH,,,,,NEUTRAL,,,,,,,,,,63.34,,,,2026-08-03
FEDFINA,FINANCIAL_SERVICES,150.37,65.0,BUY,CONSOLIDATING,-15.75,,,NEUTRAL,-0.25,0.64,-0.02,DII_ACCUMULATION,FAIR_VALUE,,7.96,53.0,NEUTRAL,59.81,148.87,153.38,143.62,2026-08-03
SREEL,FMCG,216.45,73.0,STRONG_BUY,STRONG_UPTREND,-16.1,,,DISTRIBUTION,0.0,0.0,0.0,STABLE,FAIR_VALUE,,10.73,58.0,POSITIVE,60.01,214.29,220.78,201.81,2026-08-03
CONSUMIETF,OTHER,,50.0,HOLD_WATCH,,,,,NEUTRAL,,,,,,,,,,65.72,,,,2026-08-03
INDIACEM,CEMENT,390.95,32.0,REDUCE,DOWNTREND,-19.52,,,DISTRIBUTION,0.07,0.1,0.0,STABLE,MODERATE,,-10.99,50.0,NEUTRAL,59.27,,,359.67,2026-08-03
MON50EQUAL,OTHER,,56.0,HOLD_WATCH,,,,,NEUTRAL,,,,,,,,,,72.97,,,,2026-08-03
SHOPERSTOP,RETAIL,403.35,68.0,BUY,STRONG_UPTREND,-29.48,,,NEUTRAL,-0.74,0.0,0.36,STABLE,MODERATE,,1.27,50.0,NEUTRAL,60.08,399.32,411.42,363.02,2026-08-03
SHILCTECH,CAPITAL_GOODS,4682.5,50.0,HOLD_WATCH,INSUFFICIENT_DATA,-13.27,,,NEUTRAL,-0.25,0.43,0.0,STABLE,,,,50.0,NEUTRAL,56.66,4542.02,4682.5,4307.9,2026-08-03
INDIGOPNTS,CHEMICALS,1087.4,70.0,BUY,STRONG_UPTREND,-19.21,,,NEUTRAL,-3.8,1.87,0.0,FII_DII_DIVERGENCE,FAIR_VALUE,,9.05,44.0,NEUTRAL,60.05,1076.53,1109.15,1000.28,2026-08-03
DYCL,CAPITAL_GOODS,402.45,73.0,STRONG_BUY,STRONG_UPTREND,-22.61,,,NEUTRAL,0.37,0.24,0.0,STABLE,FAIR_VALUE,,6.11,50.0,NEUTRAL,61.5,398.43,410.5,362.2,2026-08-03
LICNMID100,OTHER,,50.0,HOLD_WATCH,,,,,NEUTRAL,,,,,,,,,,60.88,,,,2026-08-03
IMAGICAA,HOSPITALITY,49.09,68.0,BUY,STRONG_UPTREND,-20.69,,,NEUTRAL,0.19,-0.16,0.0,STABLE,EXPENSIVE_OR_WEAK,,3.51,50.0,NEUTRAL,59.88,48.6,50.07,45.72,2026-08-03
HDFCSML250,OTHER,,50.0,HOLD_WATCH,,,,,NEUTRAL,,,,,,,,,,62.25,,,,2026-08-03
MSCIINDIA,OTHER,,56.0,HOLD_WATCH,,,,,NEUTRAL,,,,,,,,,,72.77,,,,2026-08-03
KMSUGAR,FMCG,28.19,73.0,STRONG_BUY,STRONG_UPTREND,-16.42,,,DISTRIBUTION,0.08,-0.56,0.0,STABLE,FAIR_VALUE,,7.63,50.0,NEUTRAL,59.55,27.91,28.75,26.33,2026-08-03
SCODATUBES,METAL,150.82,68.0,BUY,STRONG_UPTREND,-19.73,,,NEUTRAL,0.12,-0.03,0.0,STABLE,,,,50.0,NEUTRAL,59.9,149.31,153.84,142.32,2026-08-03
KIRLOSENG,CAPITAL_GOODS,2225.2,71.0,BUY,UPTREND,-18.19,,,NEUTRAL,2.34,-1.51,-0.01,FII_DII_DIVERGENCE,EXPENSIVE_OR_WEAK,,4.67,52.0,NEUTRAL,60.14,2202.95,2269.7,2002.68,2026-08-03
TOP20,OTHER,,56.0,HOLD_WATCH,,,,,NEUTRAL,,,,,,,,,,74.27,,,,2026-08-03
SHARIABEES,OTHER,,50.0,HOLD_WATCH,,,,,NEUTRAL,,,,,,,,,,60.56,,,,2026-08-03
NEXT50ETF,OTHER,,56.0,HOLD_WATCH,,,,,NEUTRAL,,,,,,,,,,73.79,,,,2026-08-03
EQUAL200,OTHER,,50.0,HOLD_WATCH,,,,,NEUTRAL,,,,,,,,,,62.61,,,,2026-08-03
GRAPHITE,CAPITAL_GOODS,657.95,73.0,STRONG_BUY,STRONG_UPTREND,-18.0,,,NEUTRAL,0.26,0.46,0.0,STABLE,FAIR_VALUE,,14.84,50.0,NEUTRAL,59.85,651.37,671.11,627.76,2026-08-03
MIDCAPETF,OTHER,,50.0,HOLD_WATCH,,,,,NEUTRAL,,,,,,,,,,63.01,,,,2026-08-03
SECMARK,IT,124.46,54.0,HOLD_WATCH,CONSOLIDATING,-15.49,,,PRICE_LED,0.0,0.0,0.0,STABLE,MODERATE,,0.95,50.0,NEUTRAL,59.65,120.73,124.46,114.93,2026-08-03
MOM100,OTHER,,50.0,HOLD_WATCH,,,,,NEUTRAL,,,,,,,,,,61.82,,,,2026-08-03
CARBORUNIV,CAPITAL_GOODS,1095.5,68.0,BUY,STRONG_UPTREND,-16.18,,,NEUTRAL,-0.25,-0.57,-0.01,STABLE,MODERATE,,6.2,58.0,POSITIVE,60.24,1084.55,1117.41,985.95,2026-08-03
BLUESTARCO,FMCG,1729.2,23.0,EXIT_AVOID,DOWNTREND,-15.24,SHORT_BUILDUP,21775.0,DISTRIBUTION,-0.86,1.03,0.0,FII_DII_DIVERGENCE,MODERATE,,4.5,44.0,NEUTRAL,59.74,,,1590.86,2026-08-03
LGEINDIA,FMCG,1569.8,74.0,STRONG_BUY,STRONG_UPTREND,-10.25,,,DISTRIBUTION,-0.13,3.61,0.0,DII_ACCUMULATION,,,,53.0,NEUTRAL,59.53,1554.1,1601.2,1507.61,2026-08-03
NUVOCO,CEMENT,350.6,68.0,BUY,STRONG_UPTREND,-26.58,,,DISTRIBUTION,-0.12,0.25,0.0,STABLE,MODERATE,,-2.55,50.0,NEUTRAL,59.99,347.09,357.61,327.07,2026-08-03
MAYURUNIQ,TEXTILES,783.95,59.0,BUY,CONSOLIDATING,-13.57,,,NEUTRAL,0.43,0.34,0.18,STABLE,FAIR_VALUE,,14.67,50.0,NEUTRAL,58.79,776.11,799.63,705.56,2026-08-03
KISSHT,IT,313.6,50.0,HOLD_WATCH,INSUFFICIENT_DATA,-10.78,,,PRICE_LED,,,,STABLE,,,,50.0,NEUTRAL,58.29,304.19,313.6,288.51,2026-08-03
INGERRAND,CAPITAL_GOODS,4327.0,59.0,BUY,CONSOLIDATING,-9.02,,,NEUTRAL,0.14,0.01,0.0,STABLE,FAIR_VALUE,,19.51,50.0,NEUTRAL,58.21,4283.73,4413.54,3894.3,2026-08-03
LANCORHOL,REALTY,26.54,50.0,HOLD_WATCH,INSUFFICIENT_DATA,-21.48,,,NEUTRAL,-0.07,-0.74,-0.39,STABLE,MODERATE,,1.68,50.0,NEUTRAL,60.96,25.74,26.54,24.42,2026-08-03
MOQUALITY,OTHER,,50.0,HOLD_WATCH,,,,,NEUTRAL,,,,,,,,,,60.54,,,,2026-08-03
GRINDWELL,CAPITAL_GOODS,2087.8,79.0,STRONG_BUY,STRONG_UPTREND,-14.96,,,NEUTRAL,-0.83,0.83,0.0,FII_DII_DIVERGENCE,FAIR_VALUE,,13.1,44.0,NEUTRAL,60.08,2066.92,2129.56,1879.02,2026-08-03
MIDCAPIETF,OTHER,,50.0,HOLD_WATCH,,,,,NEUTRAL,,,,,,,,,,64.22,,,,2026-08-03
IEX,FINANCIAL_SERVICES,128.0,70.0,HOLD_WATCH,DOWNTREND,-20.13,LONG_BUILDUP,769950.0,NEUTRAL,2.75,-4.69,0.0,FII_DII_DIVERGENCE,CHEAP_QUALITY,,79.43,52.0,NEUTRAL,59.81,126.72,130.56,117.76,2026-08-03
MAHKTECH,OTHER,,50.0,HOLD_WATCH,,,,,NEUTRAL,,,,,,,,,,59.2,,,,2026-08-03
ASIANHOTNR,HOSPITALITY,303.35,46.0,HOLD_WATCH,DOWNTREND,-24.64,,,NEUTRAL,-0.71,-0.46,0.0,STABLE,CHEAP_QUALITY,,23.3,50.0,NEUTRAL,59.61,294.25,303.35,279.08,2026-08-03
SONAMLTD,CAPITAL_GOODS,54.16,59.0,BUY,CONSOLIDATING,-14.03,,,NEUTRAL,0.24,0.0,0.28,STABLE,FAIR_VALUE,,6.95,50.0,NEUTRAL,59.67,53.62,55.24,48.74,2026-08-03
FIVESTAR,FINANCIAL_SERVICES,551.4,79.0,STRONG_BUY,STRONG_UPTREND,-17.21,,,NEUTRAL,-2.87,2.56,-0.01,FII_DII_DIVERGENCE,CHEAP_QUALITY,,37.9,44.0,NEUTRAL,60.23,545.89,562.43,496.26,2026-08-03
INFY,IT,1180.0,24.0,EXIT_AVOID,DOWNTREND,-31.71,SHORT_BUILDUP,798000.0,PRICE_LED,-1.13,1.7,-0.17,FII_DII_DIVERGENCE,CHEAP_QUALITY,,16.33,52.0,NEUTRAL,58.56,,,1085.6,2026-08-03
FMGOETZE,AUTO,474.45,73.0,STRONG_BUY,STRONG_UPTREND,-17.83,,,PRICE_LED,-0.16,0.05,0.0,STABLE,FAIR_VALUE,,8.78,50.0,NEUTRAL,59.9,469.71,483.94,439.55,2026-08-03
GROWWCHEM,OTHER,,56.0,HOLD_WATCH,,,,,NEUTRAL,,,,,,,,,,74.86,,,,2026-08-03
TATASTEEL,METAL,191.0,62.0,HOLD_WATCH,DOWNTREND,-14.88,LONG_BUILDUP,6468000.0,NEUTRAL,1.09,-0.31,0.0,FII_ACCUMULATION,MODERATE,,1.41,67.8,POSITIVE,58.87,189.09,194.82,175.72,2026-08-03
WABAG,INFRASTRUCTURE,2012.0,73.0,STRONG_BUY,UPTREND,-10.72,,,EARLY_ROTATION,-2.37,1.45,0.0,FII_DII_DIVERGENCE,MODERATE,,9.3,44.0,NEUTRAL,59.83,1991.88,2052.24,1810.8,2026-08-03
ADL,REALTY,78.97,68.0,BUY,STRONG_UPTREND,-28.14,,,NEUTRAL,0.0,0.0,0.0,STABLE,MODERATE,,1.07,50.0,NEUTRAL,60.89,78.18,80.55,71.85,2026-08-03
MNC,OTHER,,50.0,HOLD_WATCH,,,,,NEUTRAL,,,,,,,,,,61.03,,,,2026-08-03
DEEPAKFERT,CHEMICALS,1576.0,79.0,STRONG_BUY,STRONG_UPTREND,-6.19,,,NEUTRAL,0.0,0.07,0.0,STABLE,FAIR_VALUE,,8.77,50.0,NEUTRAL,59.51,1560.24,1607.52,1418.4,2026-08-03
21STCENMGM,FINANCIAL_SERVICES,40.97,68.0,BUY,STRONG_UPTREND,-29.34,,,NEUTRAL,0.0,0.0,0.0,STABLE,MODERATE,,-10.99,50.0,NEUTRAL,59.94,40.56,41.79,36.87,2026-08-03
LXCHEM,CHEMICALS,180.46,68.0,BUY,STRONG_UPTREND,-25.12,,,NEUTRAL,-0.45,0.43,0.0,STABLE,MODERATE,,3.73,50.0,NEUTRAL,62.05,178.66,184.07,162.41,2026-08-03
KAMAHOLD,FINANCIAL_SERVICES,2516.4,50.0,HOLD_WATCH,INSUFFICIENT_DATA,-8.49,,,NEUTRAL,,,,,,,,,,58.99,2440.91,2516.4,2315.09,2026-08-03
SAPPL,CHEMICALS,287.45,50.0,HOLD_WATCH,INSUFFICIENT_DATA,-14.01,,,NEUTRAL,,,,,,,,,,59.26,278.83,287.45,264.45,2026-08-03
MPHASIS,IT,2429.0,32.0,REDUCE,DOWNTREND,-20.03,LONG_UNWINDING,-65725.0,PRICE_LED,-0.29,0.4,-0.04,STABLE,CHEAP_QUALITY,,15.91,50.0,NEUTRAL,59.83,,,2234.68,2026-08-03
GANESHHOU,REALTY,778.15,62.0,BUY,UPTREND,-13.51,,,NEUTRAL,0.13,-0.1,0.0,STABLE,,,,50.0,NEUTRAL,59.73,770.37,793.71,718.29,2026-08-03
WINDLAS,PHARMA,867.8,79.0,STRONG_BUY,STRONG_UPTREND,-20.96,,,NEUTRAL,0.39,-1.61,1.41,STRONG_PROMOTER_BUY,FAIR_VALUE,,7.99,68.0,POSITIVE,59.84,859.12,885.16,796.14,2026-08-03
AVTNPL,AGRICULTURE,70.71,73.0,STRONG_BUY,STRONG_UPTREND,-15.62,,,NEUTRAL,-0.01,-0.21,0.0,STABLE,FAIR_VALUE,,9.47,58.0,POSITIVE,59.94,70.0,72.12,65.59,2026-08-03
QUALITY30,OTHER,,50.0,HOLD_WATCH,,,,,NEUTRAL,,,,,,,,,,61.7,,,,2026-08-03
MOMNC,OTHER,,50.0,HOLD_WATCH,,,,,NEUTRAL,,,,,,,,,,68.67,,,,2026-08-03
MULTICAP,OTHER,,50.0,HOLD_WATCH,,,,,NEUTRAL,,,,,,,,,,62.95,,,,2026-08-03
ALPHA,OTHER,,50.0,HOLD_WATCH,,,,,NEUTRAL,,,,,,,,,,62.37,,,,2026-08-03
ARKADE,CAPITAL_GOODS,140.65,82.0,STRONG_BUY,STRONG_UPTREND,-27.8,,,NEUTRAL,0.03,0.02,0.05,STABLE,CHEAP_QUALITY,,22.42,50.0,NEUTRAL,60.01,139.24,143.46,126.59,2026-08-03
SNXT50BETA,OTHER,,50.0,HOLD_WATCH,,,,,NEUTRAL,,,,,,,,,,68.43,,,,2026-08-03
SIRCA,CHEMICALS,430.7,37.0,REDUCE,DOWNTREND,-20.09,,,NEUTRAL,-0.62,-0.32,0.0,STABLE,FAIR_VALUE,,12.74,50.0,NEUTRAL,58.86,,,396.24,2026-08-03
HDFCBSE500,OTHER,,50.0,HOLD_WATCH,,,,,NEUTRAL,,,,,,,,,,66.69,,,,2026-08-03
BCLIND,FMCG,37.89,73.0,STRONG_BUY,STRONG_UPTREND,-16.45,,,DISTRIBUTION,0.05,-0.02,0.2,STABLE,FAIR_VALUE,,2.75,50.0,NEUTRAL,59.75,37.51,38.65,34.1,2026-08-03
GROWWSC250,OTHER,,50.0,HOLD_WATCH,,,,,NEUTRAL,,,,,,,,,,63.58,,,,2026-08-03
MAFANG,OTHER,,50.0,HOLD_WATCH,,,,,NEUTRAL,,,,,,,,,,58.99,,,,2026-08-03
CHEMICAL,OTHER,,56.0,HOLD_WATCH,,,,,NEUTRAL,,,,,,,,,,71.15,,,,2026-08-03
GRAVITA,METAL,1663.9,50.0,HOLD_WATCH,CONSOLIDATING,-13.05,,,NEUTRAL,-1.82,0.43,0.0,STABLE,FAIR_VALUE,,7.8,50.0,NEUTRAL,55.42,1613.98,1663.9,1626.66,2026-08-03
RADAAN,MEDIA,3.2,73.0,STRONG_BUY,STRONG_UPTREND,-19.8,,,DISTRIBUTION,0.0,0.0,0.0,STABLE,FAIR_VALUE,,4.84,50.0,NEUTRAL,59.9,3.17,3.26,3.09,2026-08-03
DLF,REALTY,668.55,87.0,STRONG_BUY,STRONG_UPTREND,-15.88,SHORT_COVERING,-576650.0,NEUTRAL,-1.23,1.1,0.0,FII_DII_DIVERGENCE,CHEAP_QUALITY,,69.26,44.0,NEUTRAL,59.92,661.86,681.92,624.01,2026-08-03
HNGSNGBEES,OTHER,,50.0,HOLD_WATCH,,,,,NEUTRAL,,,,,,,,,,61.26,,,,2026-08-03
DBOL,OTHER,102.91,50.0,HOLD_WATCH,INSUFFICIENT_DATA,-18.71,,,NEUTRAL,,,,,MODERATE,,-2.24,,,61.05,99.82,102.91,94.68,2026-08-03
SIYSIL,TEXTILES,629.3,73.0,STRONG_BUY,STRONG_UPTREND,-25.86,,,NEUTRAL,-0.43,0.0,0.0,STABLE,FAIR_VALUE,,11.21,58.0,POSITIVE,60.43,623.01,641.89,592.26,2026-08-03
DMCC,CHEMICALS,278.0,73.0,STRONG_BUY,STRONG_UPTREND,-20.57,,,NEUTRAL,0.0,0.0,0.0,STABLE,FAIR_VALUE,,6.2,50.0,NEUTRAL,59.73,275.22,283.56,250.2,2026-08-03
SAHLIBHFI,FINANCIAL_SERVICES,78.52,50.0,HOLD_WATCH,INSUFFICIENT_DATA,-9.63,,,NEUTRAL,-0.09,,0.0,STABLE,,,,50.0,NEUTRAL,57.8,76.16,78.52,72.24,2026-08-03
MAXIND,FINANCIAL_SERVICES,174.64,68.0,BUY,STRONG_UPTREND,-27.71,,,NEUTRAL,-0.01,0.05,-0.07,STABLE,MODERATE,,-128.38,50.0,NEUTRAL,59.98,172.89,178.13,165.07,2026-08-03
UNIONBANK,BANKING,174.0,92.0,STRONG_BUY,STRONG_UPTREND,-15.32,LONG_BUILDUP,292050.0,NEUTRAL,1.23,-0.39,0.0,FII_ACCUMULATION,,,,56.0,POSITIVE,60.07,172.26,177.48,165.58,2026-08-03
JITFINFRA,LOGISTICS,345.25,70.0,BUY,INSUFFICIENT_DATA,-27.77,,,NEUTRAL,0.01,0.0,0.0,STABLE,CHEAP_QUALITY,,23.58,50.0,NEUTRAL,74.5,341.8,352.16,317.63,2026-08-03
DIVOPPBEES,OTHER,,50.0,HOLD_WATCH,,,,,NEUTRAL,,,,,,,,,,64.62,,,,2026-08-03
CCL,FMCG,1152.4,60.0,BUY,CONSOLIDATING,-7.23,,,DISTRIBUTION,0.23,-0.1,0.0,STABLE,EXPENSIVE_OR_WEAK,,4.41,58.0,POSITIVE,59.55,1140.88,1175.45,1037.16,2026-08-03
BRITANNIA,FMCG,5531.0,36.0,REDUCE,DOWNTREND,-12.71,LONG_UNWINDING,-79000.0,DISTRIBUTION,0.75,-0.73,0.0,FII_DII_DIVERGENCE,FAIR_VALUE,,11.39,44.0,NEUTRAL,59.79,,,5088.52,2026-08-03
IZMO,IT,988.9,64.0,BUY,INSUFFICIENT_DATA,-15.87,,,PRICE_LED,0.01,-0.02,-0.02,STABLE,CHEAP_QUALITY,,51.07,50.0,NEUTRAL,57.53,979.01,1008.68,909.79,2026-08-03
NIF100IETF,OTHER,,50.0,HOLD_WATCH,,,,,NEUTRAL,,,,,,,,,,63.07,,,,2026-08-03
TCS,IT,2473.7,38.0,REDUCE,DOWNTREND,-26.16,LONG_UNWINDING,-378675.0,PRICE_LED,-0.71,0.54,0.0,FII_DII_DIVERGENCE,CHEAP_QUALITY,,19.03,52.0,NEUTRAL,58.92,,,2275.8,2026-08-03
LICNFNHGP,OTHER,,50.0,HOLD_WATCH,,,,,NEUTRAL,,,,,,,,,,60.93,,,,2026-08-03
MONIFTY500,OTHER,,50.0,HOLD_WATCH,,,,,NEUTRAL,,,,,,,,,,60.94,,,,2026-08-03
GOKEX,TEXTILES,816.8,58.0,BUY,UPTREND,-14.46,,,NEUTRAL,-3.87,-1.45,-0.01,STABLE,FAIR_VALUE,,5.1,50.0,NEUTRAL,59.25,808.63,833.14,735.12,2026-08-03
URBANCO,RETAIL,146.19,71.0,BUY,STRONG_UPTREND,-27.33,,,NEUTRAL,-9.76,4.93,-1.27,FII_DII_DIVERGENCE,,,,44.0,NEUTRAL,74.31,144.73,149.11,131.57,2026-08-03
GRAUWEIL,CHEMICALS,78.76,50.0,HOLD_WATCH,INSUFFICIENT_DATA,-9.89,,,NEUTRAL,,,,,,,,,,59.2,76.4,78.76,72.46,2026-08-03
AYE,FINANCIAL_SERVICES,172.6,50.0,HOLD_WATCH,INSUFFICIENT_DATA,-12.51,,,NEUTRAL,,,,STABLE,,,,50.0,NEUTRAL,57.95,167.42,172.6,158.79,2026-08-03
ASAHIINDIA,AUTO,897.05,37.0,REDUCE,DOWNTREND,-16.48,,,PRICE_LED,-0.03,0.1,0.0,STABLE,FAIR_VALUE,,8.72,50.0,NEUTRAL,59.11,,,825.29,2026-08-03
RAMBHAJO,OTHER,183.76,50.0,HOLD_WATCH,INSUFFICIENT_DATA,-17.23,,,NEUTRAL,,,,,,,,,,59.74,178.25,183.76,169.06,2026-08-03
SKFINDUS,CAPITAL_GOODS,2697.7,47.0,HOLD_WATCH,INSUFFICIENT_DATA,-11.29,,,NEUTRAL,-2.14,2.66,0.0,FII_DII_DIVERGENCE,,,,44.0,NEUTRAL,55.51,2616.77,2697.7,2481.88,2026-08-03
NIFTYETF,OTHER,,50.0,HOLD_WATCH,,,,,NEUTRAL,,,,,,,,,,60.91,,,,2026-08-03
ASTRAL,CAPITAL_GOODS,1435.6,23.0,EXIT_AVOID,DOWNTREND,-18.83,SHORT_BUILDUP,87975.0,NEUTRAL,-0.71,1.75,0.0,FII_DII_DIVERGENCE,MODERATE,,8.0,44.0,NEUTRAL,59.53,,,1320.75,2026-08-03
HINDOILEXP,ENERGY,161.13,68.0,BUY,CONSOLIDATING,-14.59,,,PRICE_LED,0.11,0.0,0.0,STABLE,CHEAP_QUALITY,,22.43,50.0,NEUTRAL,59.51,159.52,164.35,148.9,2026-08-03
THAKDEV,REALTY,140.47,50.0,HOLD_WATCH,INSUFFICIENT_DATA,-13.83,,,NEUTRAL,,,,,,,,,,59.62,136.26,140.47,129.23,2026-08-03
AONETOTAL,OTHER,,50.0,HOLD_WATCH,,,,,NEUTRAL,,,,,,,,,,62.12,,,,2026-08-03
MOGSEC,OTHER,,50.0,HOLD_WATCH,,,,,NEUTRAL,,,,,,,,,,60.94,,,,2026-08-03
ESG,OTHER,,50.0,HOLD_WATCH,,,,,NEUTRAL,,,,,,,,,,62.45,,,,2026-08-03
IDFNIFTYET,OTHER,,50.0,HOLD_WATCH,,,,,NEUTRAL,,,,,,,,,,61.4,,,,2026-08-03
TOP100CASE,OTHER,,50.0,HOLD_WATCH,,,,,NEUTRAL,,,,,,,,,,60.87,,,,2026-08-03
SMALLCAP,OTHER,,50.0,HOLD_WATCH,,,,,NEUTRAL,,,,,,,,,,61.31,,,,2026-08-03
ULTRAMAR,CHEMICALS,385.2,50.0,HOLD_WATCH,INSUFFICIENT_DATA,-13.05,,,NEUTRAL,,,,,,,,,,58.72,373.64,385.2,354.38,2026-08-03
PNCINFRA,INFRASTRUCTURE,247.58,87.0,STRONG_BUY,STRONG_UPTREND,-23.82,,,EARLY_ROTATION,0.22,-1.66,0.0,STABLE,FAIR_VALUE,,5.69,50.0,NEUTRAL,60.02,245.1,252.53,222.82,2026-08-03
MIDCAPADD,OTHER,,50.0,HOLD_WATCH,,,,,NEUTRAL,,,,,,,,,,62.53,,,,2026-08-03
MANUFGBEES,OTHER,,50.0,HOLD_WATCH,,,,,NEUTRAL,,,,,,,,,,60.69,,,,2026-08-03
XTGLOBAL,IT,33.38,73.0,STRONG_BUY,STRONG_UPTREND,-27.83,,,PRICE_LED,0.0,0.0,-0.27,STABLE,FAIR_VALUE,,6.54,50.0,NEUTRAL,60.2,33.05,34.05,31.42,2026-08-03
UFLEX,CHEMICALS,482.25,73.0,STRONG_BUY,STRONG_UPTREND,-20.0,,,NEUTRAL,0.23,0.01,0.0,STABLE,FAIR_VALUE,,3.66,58.0,POSITIVE,59.88,477.43,491.89,443.59,2026-08-03
PREMCO,TEXTILES,380.1,50.0,HOLD_WATCH,INSUFFICIENT_DATA,-21.61,,,NEUTRAL,,,,,,,,,,61.79,368.7,380.1,349.69,2026-08-03
NSLNISP,METAL,43.37,54.0,HOLD_WATCH,CONSOLIDATING,-19.31,,,NEUTRAL,0.05,0.18,0.0,STABLE,MODERATE,,-37.16,50.0,NEUTRAL,59.74,42.07,43.37,41.26,2026-08-03
SETFNIF50,OTHER,,50.0,HOLD_WATCH,,,,,NEUTRAL,,,,,,,,,,61.19,,,,2026-08-03
LICNETFN50,OTHER,,50.0,HOLD_WATCH,,,,,NEUTRAL,,,,,,,,,,60.86,,,,2026-08-03
POLYCAB,CAPITAL_GOODS,9034.0,71.0,BUY,CONSOLIDATING,-10.78,SHORT_COVERING,-72750.0,NEUTRAL,3.39,-3.17,0.0,FII_DII_DIVERGENCE,MODERATE,,8.48,52.0,NEUTRAL,59.85,8943.66,9214.68,8130.6,2026-08-03
KIRLOSIND,CAPITAL_GOODS,3952.6,73.0,STRONG_BUY,STRONG_UPTREND,-13.6,,,NEUTRAL,0.02,-0.04,0.0,STABLE,FAIR_VALUE,,4.39,50.0,NEUTRAL,59.87,3913.07,4031.65,3557.34,2026-08-03
BSLNIFTY,OTHER,,50.0,HOLD_WATCH,,,,,NEUTRAL,,,,,,,,,,60.71,,,,2026-08-03
RELTD,CAPITAL_GOODS,166.81,62.0,BUY,UPTREND,-15.09,,,NEUTRAL,1.34,0.2,-5.4,FII_ACCUMULATION,EXPENSIVE_OR_WEAK,,4.85,51.0,NEUTRAL,59.8,165.14,170.15,150.13,2026-08-03
SMALL250,OTHER,,50.0,HOLD_WATCH,,,,,NEUTRAL,,,,,,,,,,61.8,,,,2026-08-03
KFINTECH,METAL,945.0,61.0,HOLD_WATCH,DOWNTREND,-22.22,LONG_BUILDUP,81650.0,NEUTRAL,0.1,0.36,-0.01,STABLE,CHEAP_QUALITY,,31.46,50.0,NEUTRAL,59.78,935.55,963.9,869.4,2026-08-03
KPL,PHARMA,2562.0,50.0,HOLD_WATCH,INSUFFICIENT_DATA,-11.36,,,NEUTRAL,,,,,,,,,,59.06,2485.14,2562.0,2357.04,2026-08-03
SATIN,FINANCIAL_SERVICES,230.7,54.0,HOLD_WATCH,CONSOLIDATING,-15.85,,,NEUTRAL,-0.03,0.12,0.0,STABLE,MODERATE,,2.08,50.0,NEUTRAL,59.67,223.78,230.7,207.63,2026-08-03
MSCI360,OTHER,,50.0,HOLD_WATCH,,,,,NEUTRAL,,,,,,,,,,60.97,,,,2026-08-03
MOSERVICE,OTHER,,50.0,HOLD_WATCH,,,,,NEUTRAL,,,,,,,,,,60.63,,,,2026-08-03
PACEDIGITK,TELECOM,201.59,59.0,BUY,UPTREND,-13.09,,,NEUTRAL,-4.33,1.03,0.02,FII_DII_DIVERGENCE,,,,44.0,NEUTRAL,57.97,199.57,205.62,183.47,2026-08-03
KWIL,FMCG,33.16,50.0,HOLD_WATCH,INSUFFICIENT_DATA,-15.94,,,DISTRIBUTION,,,,STABLE,,,,50.0,NEUTRAL,58.98,32.17,33.16,30.51,2026-08-03
COUNCODOS,REALTY,6.02,62.0,BUY,UPTREND,-32.28,,,NEUTRAL,0.0,0.0,0.0,STABLE,MODERATE,,3.24,50.0,NEUTRAL,60.0,5.96,6.14,5.42,2026-08-03
BSE500IETF,OTHER,,50.0,HOLD_WATCH,,,,,NEUTRAL,,,,,,,,,,60.87,,,,2026-08-03
NIFTYBEES,OTHER,,50.0,HOLD_WATCH,,,,,NEUTRAL,,,,,,,,,,61.02,,,,2026-08-03
STARPAPER,CHEMICALS,150.7,78.0,STRONG_BUY,STRONG_UPTREND,-20.18,,,NEUTRAL,0.0,0.0,0.0,STABLE,CHEAP_QUALITY,,10.67,50.0,NEUTRAL,59.9,149.19,153.71,144.12,2026-08-03
KENNAMET,CAPITAL_GOODS,2907.5,50.0,HOLD_WATCH,INSUFFICIENT_DATA,-14.49,,,NEUTRAL,,,,,,,,58.0,POSITIVE,59.74,2820.28,2907.5,2674.9,2026-08-03
GROWWN200,OTHER,,50.0,HOLD_WATCH,,,,,NEUTRAL,,,,,,,,,,60.2,,,,2026-08-03
MOM50,OTHER,,50.0,HOLD_WATCH,,,,,NEUTRAL,,,,,,,,,,60.9,,,,2026-08-03
NETF,OTHER,,50.0,HOLD_WATCH,,,,,NEUTRAL,,,,,,,,,,60.8,,,,2026-08-03
MANINDS,METAL,548.6,73.0,STRONG_BUY,STRONG_UPTREND,-12.04,,,NEUTRAL,-0.94,0.07,0.0,STABLE,FAIR_VALUE,,4.29,50.0,NEUTRAL,56.88,543.11,559.57,493.74,2026-08-03
SHIVATEX,TEXTILES,163.57,68.0,BUY,STRONG_UPTREND,-24.94,,,NEUTRAL,0.0,0.0,0.0,STABLE,MODERATE,,2.35,50.0,NEUTRAL,58.93,161.93,166.84,160.03,2026-08-03
TI,FMCG,465.8,70.0,BUY,STRONG_UPTREND,-15.26,,,DISTRIBUTION,-1.56,0.96,0.21,FII_DII_DIVERGENCE,FAIR_VALUE,,6.89,44.0,NEUTRAL,59.99,461.14,475.12,439.97,2026-08-03
SCHAEFFLER,AUTO,4069.2,54.0,HOLD_WATCH,CONSOLIDATING,-8.92,,,PRICE_LED,-0.19,0.22,0.0,STABLE,MODERATE,,11.14,58.0,POSITIVE,59.66,3947.12,4069.2,3915.14,2026-08-03
MIDSMALL,OTHER,,50.0,HOLD_WATCH,,,,,NEUTRAL,,,,,,,,,,60.4,,,,2026-08-03
NEXT50BETA,OTHER,,50.0,HOLD_WATCH,,,,,NEUTRAL,,,,,,,,,,61.53,,,,2026-08-03
AONENIFTY,OTHER,,50.0,HOLD_WATCH,,,,,NEUTRAL,,,,,,,,,,61.25,,,,2026-08-03
PFC,FINANCIAL_SERVICES,421.5,98.0,STRONG_BUY,CONSOLIDATING,-13.36,LONG_BUILDUP,1380600.0,NEUTRAL,1.31,-0.43,0.0,FII_ACCUMULATION,CHEAP_QUALITY,,28.51,72.0,POSITIVE,58.66,417.28,429.93,395.74,2026-08-03
MVGJL,FMCG,170.7,73.0,STRONG_BUY,STRONG_UPTREND,-20.53,,,DISTRIBUTION,0.0,0.0,0.0,STABLE,FAIR_VALUE,,4.55,50.0,NEUTRAL,59.63,168.99,174.11,165.11,2026-08-03
NUVAMA,FINANCIAL_SERVICES,1765.7,91.0,STRONG_BUY,UPTREND,-14.54,,,NEUTRAL,0.55,-0.07,-0.07,FII_ACCUMULATION,CHEAP_QUALITY,,24.47,71.2,POSITIVE,58.6,1748.04,1801.01,1589.13,2026-08-03
SARDAEN,METAL,516.2,42.0,HOLD_WATCH,DOWNTREND,-19.31,,,NEUTRAL,0.01,0.15,0.0,STABLE,CHEAP_QUALITY,,17.56,50.0,NEUTRAL,57.82,500.71,516.2,474.9,2026-08-03
JPPOWER,POWER,18.76,73.0,STRONG_BUY,STRONG_UPTREND,-23.43,,,NEUTRAL,0.08,-0.01,0.0,STABLE,FAIR_VALUE,,11.11,50.0,NEUTRAL,59.94,18.57,19.14,16.91,2026-08-03
NEXT50ADD,OTHER,,50.0,HOLD_WATCH,,,,,NEUTRAL,,,,,,,,,,62.12,,,,2026-08-03
PSPPROJECT,INFRASTRUCTURE,949.55,68.0,BUY,CONSOLIDATING,-16.92,,,EARLY_ROTATION,-0.57,0.0,0.0,STABLE,EXPENSIVE_OR_WEAK,,1.26,50.0,NEUTRAL,59.11,940.05,968.54,854.6,2026-08-03
SAGILITY,IT,43.88,43.0,HOLD_WATCH,DOWNTREND,-24.2,,,PRICE_LED,-0.23,0.93,0.0,DII_ACCUMULATION,FAIR_VALUE,,12.03,53.0,NEUTRAL,59.73,42.56,43.88,40.37,2026-08-03
COMFINTE,FMCG,6.89,56.0,HOLD_WATCH,INSUFFICIENT_DATA,-25.03,,,DISTRIBUTION,,,,,,,,,,75.57,6.68,6.89,6.34,2026-08-03
SHANTIGOLD,CAPITAL_GOODS,219.61,68.0,BUY,STRONG_UPTREND,-19.88,,,NEUTRAL,-0.03,-0.16,0.0,STABLE,,,,50.0,NEUTRAL,59.76,217.41,224.0,203.34,2026-08-03
SHREEPUSHK,CHEMICALS,405.85,73.0,STRONG_BUY,STRONG_UPTREND,-14.74,,,NEUTRAL,-0.16,-0.09,0.0,STABLE,FAIR_VALUE,,7.58,50.0,NEUTRAL,59.67,401.79,413.97,365.27,2026-08-03
MSCIADD,OTHER,,50.0,HOLD_WATCH,,,,,NEUTRAL,,,,,,,,,,61.07,,,,2026-08-03
MRF,AUTO,133730.0,37.0,REDUCE,DOWNTREND,-18.26,,,PRICE_LED,-0.19,-0.26,0.04,STABLE,FAIR_VALUE,,6.84,58.0,POSITIVE,59.54,,,123031.6,2026-08-03
ESENSEX,OTHER,,50.0,HOLD_WATCH,,,,,NEUTRAL,,,,,,,,,,59.61,,,,2026-08-03
POWERGRID,POWER,287.0,53.0,HOLD_WATCH,CONSOLIDATING,-11.68,SHORT_BUILDUP,860700.0,NEUTRAL,0.3,-0.13,0.0,STABLE,CHEAP_QUALITY,,33.63,58.0,POSITIVE,59.53,278.39,287.0,280.26,2026-08-03
RADIOCITY,MEDIA,6.81,68.0,BUY,STRONG_UPTREND,-26.38,,,DISTRIBUTION,0.0,0.0,0.0,STABLE,MODERATE,,1.34,50.0,NEUTRAL,59.99,6.74,6.95,6.38,2026-08-03
GROWWMC150,OTHER,,50.0,HOLD_WATCH,,,,,NEUTRAL,,,,,,,,,,61.09,,,,2026-08-03
KEI,CAPITAL_GOODS,5023.3,71.0,BUY,CONSOLIDATING,-12.0,SHORT_COVERING,-64400.0,NEUTRAL,1.79,-1.44,0.0,FII_DII_DIVERGENCE,MODERATE,,6.79,52.0,NEUTRAL,59.84,4973.07,5123.77,4526.34,2026-08-03
MIDCAPBETA,OTHER,,50.0,HOLD_WATCH,,,,,NEUTRAL,,,,,,,,,,62.09,,,,2026-08-03
IIFLCAPS,FINANCIAL_SERVICES,336.65,68.0,BUY,CONSOLIDATING,-18.15,,,NEUTRAL,-0.18,0.18,-0.06,STABLE,CHEAP_QUALITY,,33.85,58.0,POSITIVE,60.0,333.28,343.38,318.47,2026-08-03
MASFIN,FINANCIAL_SERVICES,317.65,72.0,STRONG_BUY,UPTREND,-11.48,,,NEUTRAL,0.33,-0.2,0.02,STABLE,CHEAP_QUALITY,,19.9,58.0,POSITIVE,58.86,314.47,324.0,308.67,2026-08-03
SENSEXETF,OTHER,,50.0,HOLD_WATCH,,,,,NEUTRAL,,,,,,,,,,60.51,,,,2026-08-03
GROWWNIFTY,OTHER,,50.0,HOLD_WATCH,,,,,NEUTRAL,,,,,,,,,,60.86,,,,2026-08-03
NIFTYADD,OTHER,,50.0,HOLD_WATCH,,,,,NEUTRAL,,,,,,,,,,60.75,,,,2026-08-03
SMARTWORKS,REALTY,481.65,68.0,BUY,STRONG_UPTREND,-22.19,,,NEUTRAL,-0.18,0.09,0.14,STABLE,,,,50.0,NEUTRAL,59.97,476.83,491.28,450.53,2026-08-03
HARSHA,CAPITAL_GOODS,407.55,68.0,BUY,CONSOLIDATING,-13.1,,,NEUTRAL,1.96,0.01,0.0,FII_ACCUMULATION,FAIR_VALUE,,8.05,56.0,POSITIVE,59.45,403.47,415.7,379.14,2026-08-03
NIFTYCASE,OTHER,,50.0,HOLD_WATCH,,,,,NEUTRAL,,,,,,,,,,60.61,,,,2026-08-03
EBBETF0433,OTHER,,50.0,HOLD_WATCH,,,,,NEUTRAL,,,,,,,,,,63.15,,,,2026-08-03
ENIFTY,OTHER,,50.0,HOLD_WATCH,,,,,NEUTRAL,,,,,,,,,,60.72,,,,2026-08-03
NIFTYIETF,OTHER,,50.0,HOLD_WATCH,,,,,NEUTRAL,,,,,,,,,,60.91,,,,2026-08-03
SBINMID150,OTHER,,50.0,HOLD_WATCH,,,,,NEUTRAL,,,,,,,,,,61.87,,,,2026-08-03
AADHARHFC,FINANCIAL_SERVICES,504.15,73.0,STRONG_BUY,UPTREND,-10.45,,,NEUTRAL,-0.05,0.7,-10.29,DII_ACCUMULATION,CHEAP_QUALITY,,30.01,53.0,NEUTRAL,58.27,499.11,514.23,475.12,2026-08-03
MASTEK,IT,1893.2,84.0,STRONG_BUY,STRONG_UPTREND,-27.88,,,PRICE_LED,-0.58,0.83,0.0,FII_DII_DIVERGENCE,CHEAP_QUALITY,,12.86,52.0,NEUTRAL,60.02,1874.27,1931.06,1789.44,2026-08-03
BANARISUG,FMCG,3487.2,37.0,REDUCE,DOWNTREND,-9.4,,,DISTRIBUTION,0.0,0.0,0.0,STABLE,FAIR_VALUE,,7.05,50.0,NEUTRAL,51.0,,,3208.22,2026-08-03
MONIFTY100,OTHER,,50.0,HOLD_WATCH,,,,,NEUTRAL,,,,,,,,,,60.1,,,,2026-08-03
EPL,CHEMICALS,226.7,65.0,BUY,CONSOLIDATING,-8.17,,,NEUTRAL,-0.34,0.64,0.0,DII_ACCUMULATION,FAIR_VALUE,,8.13,53.0,NEUTRAL,58.6,224.43,231.23,210.35,2026-08-03
BOROSCI,CAPITAL_GOODS,153.42,54.0,HOLD_WATCH,CONSOLIDATING,-15.14,,,NEUTRAL,0.02,0.08,0.27,STABLE,EXPENSIVE_OR_WEAK,,4.22,50.0,NEUTRAL,58.4,148.82,153.42,138.08,2026-08-03
WENDT,CAPITAL_GOODS,8206.0,79.0,STRONG_BUY,STRONG_UPTREND,-22.48,,,NEUTRAL,-0.12,2.93,0.0,DII_ACCUMULATION,FAIR_VALUE,,17.34,61.0,POSITIVE,59.67,8123.94,8370.12,7385.4,2026-08-03
JAYBARMARU,AUTO,162.17,50.0,HOLD_WATCH,INSUFFICIENT_DATA,-21.66,,,PRICE_LED,-0.01,0.0,0.0,STABLE,EXPENSIVE_OR_WEAK,,0.66,50.0,NEUTRAL,56.95,157.3,162.17,149.2,2026-08-03
IDEA,TELECOM,12.86,75.0,STRONG_BUY,CONSOLIDATING,-16.17,LONG_BUILDUP,4574400.0,NEUTRAL,-0.44,0.6,0.07,DII_ACCUMULATION,MODERATE,,-62.52,53.0,NEUTRAL,59.0,12.73,13.12,11.57,2026-08-03
AURUM,IT,218.62,62.0,BUY,UPTREND,-17.39,,,PRICE_LED,0.01,0.0,0.04,STABLE,MODERATE,,-19.0,50.0,NEUTRAL,59.62,216.43,222.99,196.76,2026-08-03
ROSSELLIND,FMCG,58.74,82.0,STRONG_BUY,STRONG_UPTREND,-15.91,,,DISTRIBUTION,-0.57,0.0,0.0,STABLE,CHEAP_QUALITY,,24.08,50.0,NEUTRAL,59.58,58.15,59.91,52.87,2026-08-03
NIFTY1,OTHER,,50.0,HOLD_WATCH,,,,,NEUTRAL,,,,,,,,,,60.43,,,,2026-08-03
TIL,AUTO,259.9,80.0,STRONG_BUY,STRONG_UPTREND,-30.13,,,PRICE_LED,2.39,1.19,-8.82,FII_DII_ACCUMULATION,MODERATE,,-3.98,60.0,POSITIVE,72.7,257.3,265.1,233.91,2026-08-03
GROWWMETAL,OTHER,,50.0,HOLD_WATCH,,,,,NEUTRAL,,,,,,,,,,60.18,,,,2026-08-03
HDFCNIF100,OTHER,,50.0,HOLD_WATCH,,,,,NEUTRAL,,,,,,,,,,60.31,,,,2026-08-03
TIJARIA,CAPITAL_GOODS,4.98,57.0,HOLD_WATCH,INSUFFICIENT_DATA,-32.7,,,NEUTRAL,-2.29,0.0,0.0,STABLE,CHEAP_QUALITY,,,50.0,NEUTRAL,77.53,4.83,4.98,4.58,2026-08-03
WIPRO,IT,188.66,32.0,REDUCE,DOWNTREND,-30.92,LONG_UNWINDING,-3588000.0,PRICE_LED,0.27,-2.67,-0.03,STABLE,CHEAP_QUALITY,,16.4,60.0,POSITIVE,45.25,,,173.57,2026-08-03
PREMIERENE,CAPITAL_GOODS,1020.7,83.0,STRONG_BUY,CONSOLIDATING,-9.99,SHORT_COVERING,-360100.0,NEUTRAL,1.24,0.99,0.0,FII_DII_ACCUMULATION,MODERATE,,10.16,77.2,HIGH_CONVICTION,58.67,1010.49,1041.11,918.63,2026-08-03
DRAGARWQ,HEALTHCARE,5007.0,50.0,HOLD_WATCH,INSUFFICIENT_DATA,-17.37,,,NEUTRAL,,,,,,,,,,59.8,4856.79,5007.0,4606.44,2026-08-03
STALLION,PHARMA,265.45,55.0,HOLD_WATCH,INSUFFICIENT_DATA,-37.36,,,NEUTRAL,0.95,11.97,-17.04,FII_DII_ACCUMULATION,FAIR_VALUE,,11.5,63.0,POSITIVE,65.24,257.49,265.45,244.21,2026-08-03
TAINWALCHM,CHEMICALS,206.82,82.0,STRONG_BUY,STRONG_UPTREND,-19.53,,,NEUTRAL,0.0,0.0,0.34,STABLE,CHEAP_QUALITY,,37.45,50.0,NEUTRAL,59.64,204.75,210.96,189.15,2026-08-03
AMNPLST,CHEMICALS,197.51,67.0,BUY,UPTREND,-21.0,,,NEUTRAL,0.0,0.0,0.0,STABLE,FAIR_VALUE,,5.87,50.0,NEUTRAL,59.88,195.53,201.46,177.76,2026-08-03
MCCHRLS-B,HOSPITALITY,690.0,50.0,HOLD_WATCH,INSUFFICIENT_DATA,-13.61,,,NEUTRAL,,,,,,,,,,59.75,669.3,690.0,634.8,2026-08-03
GKSL,HEALTHCARE,127.74,41.0,REDUCE,INSUFFICIENT_DATA,-13.89,,,NEUTRAL,-8.21,-7.28,0.0,STABLE,,,,50.0,NEUTRAL,55.85,,,117.52,2026-08-03
NIF100BEES,OTHER,,50.0,HOLD_WATCH,,,,,NEUTRAL,,,,,,,,,,60.13,,,,2026-08-03
DIVIDEND,OTHER,,50.0,HOLD_WATCH,,,,,NEUTRAL,,,,,,,,,,60.18,,,,2026-08-03
LICI,FINANCIAL_SERVICES,428.5,70.0,BUY,UPTREND,-8.53,SHORT_COVERING,-301000.0,NEUTRAL,0.01,-0.2,0.0,STABLE,,,,57.0,POSITIVE,55.04,424.21,437.07,410.99,2026-08-03
MOLDTECH,CHEMICALS,149.19,68.0,BUY,STRONG_UPTREND,-32.49,,,NEUTRAL,-0.25,0.0,0.14,STABLE,EXPENSIVE_OR_WEAK,,1.61,50.0,NEUTRAL,65.59,147.7,152.17,136.54,2026-08-03
AMBER,CAPITAL_GOODS,7400.0,59.0,BUY,CONSOLIDATING,-17.54,SHORT_COVERING,-12800.0,NEUTRAL,-3.02,4.06,-0.02,FII_DII_DIVERGENCE,EXPENSIVE_OR_WEAK,,1.74,44.0,NEUTRAL,59.63,7326.0,7548.0,7082.97,2026-08-03
HECPROJECT,INFRASTRUCTURE,135.49,87.0,STRONG_BUY,STRONG_UPTREND,-15.58,,,EARLY_ROTATION,0.0,-0.38,1.73,STRONG_PROMOTER_BUY,FAIR_VALUE,,5.59,62.0,POSITIVE,56.97,134.14,138.2,121.94,2026-08-03
LICNETFSEN,OTHER,,50.0,HOLD_WATCH,,,,,NEUTRAL,,,,,,,,,,60.27,,,,2026-08-03
BANSWRAS,TEXTILES,127.34,59.0,BUY,CONSOLIDATING,-11.57,,,NEUTRAL,-0.46,0.0,0.0,STABLE,FAIR_VALUE,,2.22,50.0,NEUTRAL,58.55,126.07,129.89,115.06,2026-08-03
SANDHAR,HOSPITALITY,647.95,60.0,BUY,CONSOLIDATING,-15.1,,,NEUTRAL,-0.4,1.51,0.0,DII_ACCUMULATION,MODERATE,,3.08,53.0,NEUTRAL,58.95,641.47,660.91,583.16,2026-08-03
NIFTYBETF,OTHER,,50.0,HOLD_WATCH,,,,,NEUTRAL,,,,,,,,,,60.04,,,,2026-08-03
SMALLADD,OTHER,,50.0,HOLD_WATCH,,,,,NEUTRAL,,,,,,,,,,60.43,,,,2026-08-03
ALPHAETF,OTHER,,50.0,HOLD_WATCH,,,,,NEUTRAL,,,,,,,,,,61.06,,,,2026-08-03
GROWWHOSPI,OTHER,,50.0,HOLD_WATCH,,,,,NEUTRAL,,,,,,,,,,61.01,,,,2026-08-03
TOP15IETF,OTHER,,50.0,HOLD_WATCH,,,,,NEUTRAL,,,,,,,,,,60.03,,,,2026-08-03
AMBICAAGAR,FMCG,25.05,73.0,STRONG_BUY,STRONG_UPTREND,-15.6,,,DISTRIBUTION,0.0,0.0,0.0,STABLE,FAIR_VALUE,,1.88,50.0,NEUTRAL,59.58,24.8,25.55,24.03,2026-08-03
VIYASH,PHARMA,263.7,56.0,HOLD_WATCH,INSUFFICIENT_DATA,-11.51,,,NEUTRAL,-0.22,0.64,-0.12,DII_ACCUMULATION,,,,53.0,NEUTRAL,43.46,255.79,263.7,242.6,2026-08-03
IITL,FINANCIAL_SERVICES,153.21,69.0,BUY,STRONG_UPTREND,-29.07,,,NEUTRAL,-1.77,0.0,2.56,STRONG_PROMOTER_BUY,CHEAP_QUALITY,,,62.0,POSITIVE,59.24,151.68,156.27,146.92,2026-08-03
BSLSENETFG,OTHER,,50.0,HOLD_WATCH,,,,,NEUTRAL,,,,,,,,,,59.97,,,,2026-08-03
SUPERHOUSE,TEXTILES,158.57,67.0,BUY,UPTREND,-21.48,,,NEUTRAL,0.0,0.0,0.0,STABLE,FAIR_VALUE,,1.36,50.0,NEUTRAL,59.94,156.98,161.74,149.65,2026-08-03
SBIN,BANKING,1045.0,92.0,STRONG_BUY,STRONG_UPTREND,-15.36,LONG_BUILDUP,603750.0,NEUTRAL,1.07,-0.93,0.02,FII_DII_DIVERGENCE,,,,52.0,NEUTRAL,59.94,1034.55,1065.9,1011.0,2026-08-03
DHAMPURSUG,FMCG,143.84,74.0,STRONG_BUY,STRONG_UPTREND,-14.0,,,DISTRIBUTION,0.5,0.25,0.0,FII_ACCUMULATION,EXPENSIVE_OR_WEAK,,0.15,71.2,POSITIVE,59.28,142.4,146.72,129.76,2026-08-03
PODDARMENT,CHEMICALS,251.55,73.0,STRONG_BUY,STRONG_UPTREND,-15.57,,,NEUTRAL,0.0,0.0,0.0,STABLE,FAIR_VALUE,,5.52,50.0,NEUTRAL,56.97,249.03,256.58,244.52,2026-08-03
AHCL,PHARMA,14.71,50.0,HOLD_WATCH,INSUFFICIENT_DATA,-14.48,,,NEUTRAL,0.09,0.11,0.0,STABLE,,,,54.0,NEUTRAL,52.37,14.27,14.71,13.53,2026-08-03
KNAGRI,FMCG,207.06,50.0,HOLD_WATCH,INSUFFICIENT_DATA,-11.47,,,DISTRIBUTION,0.03,-0.16,0.0,STABLE,,,,50.0,NEUTRAL,41.17,200.85,207.06,190.5,2026-08-03
COMMOIETF,OTHER,,50.0,HOLD_WATCH,,,,,NEUTRAL,,,,,,,,,,59.72,,,,2026-08-03
SAMMAANCAP,FINANCIAL_SERVICES,161.08,63.0,BUY,CONSOLIDATING,-16.52,,,NEUTRAL,21.26,-1.78,0.0,FII_DII_DIVERGENCE,MODERATE,,-55.38,44.0,NEUTRAL,59.68,159.47,164.3,152.25,2026-08-03
AARTIDRUGS,PHARMA,407.25,67.0,BUY,UPTREND,-23.81,,,NEUTRAL,-0.57,0.1,0.0,STABLE,FAIR_VALUE,,6.66,58.0,POSITIVE,59.95,403.18,415.39,382.51,2026-08-03
HALEOSLABS,PHARMA,1589.0,50.0,HOLD_WATCH,INSUFFICIENT_DATA,-10.43,,,NEUTRAL,0.03,0.0,0.0,STABLE,,,,50.0,NEUTRAL,55.08,1541.33,1589.0,1461.88,2026-08-03
POLYMED,HEALTHCARE,1727.9,74.0,STRONG_BUY,STRONG_UPTREND,-19.44,,,NEUTRAL,-3.49,1.75,0.0,FII_DII_DIVERGENCE,FAIR_VALUE,,20.09,44.0,NEUTRAL,59.93,1710.62,1762.46,1558.48,2026-08-03
APOLLO,DEFENCE,397.35,63.0,BUY,CONSOLIDATING,-14.82,,,NEUTRAL,2.58,-0.06,-1.71,FII_ACCUMULATION,MODERATE,,11.1,50.0,NEUTRAL,59.79,393.38,405.3,357.62,2026-08-03
KIRLOSBROS,CAPITAL_GOODS,1859.7,67.0,BUY,UPTREND,-15.05,,,NEUTRAL,0.19,0.06,0.0,STABLE,FAIR_VALUE,,9.87,50.0,NEUTRAL,59.42,1841.1,1896.89,1673.73,2026-08-03
HDFCNIFTY,OTHER,,50.0,HOLD_WATCH,,,,,NEUTRAL,,,,,,,,,,59.85,,,,2026-08-03
ELM250,OTHER,,50.0,HOLD_WATCH,,,,,NEUTRAL,,,,,,,,,,60.01,,,,2026-08-03
KOTAKBANK,BANKING,397.5,37.0,REDUCE,DOWNTREND,-12.29,SHORT_COVERING,-2022000.0,NEUTRAL,-2.96,3.3,0.0,FII_DII_DIVERGENCE,,,,46.0,NEUTRAL,46.98,,,365.7,2026-08-03
BANKETF,OTHER,,50.0,HOLD_WATCH,,,,,NEUTRAL,,,,,,,,,,59.9,,,,2026-08-03
MOSMALL250,OTHER,,50.0,HOLD_WATCH,,,,,NEUTRAL,,,,,,,,,,59.99,,,,2026-08-03
GODREJCP,FMCG,1085.9,19.0,EXIT_AVOID,DOWNTREND,-17.04,SHORT_BUILDUP,161000.0,DISTRIBUTION,-1.47,1.52,0.0,FII_DII_DIVERGENCE,FAIR_VALUE,,13.31,52.0,NEUTRAL,59.49,,,999.03,2026-08-03
KAYA,HEALTHCARE,278.45,44.0,HOLD_WATCH,INSUFFICIENT_DATA,-35.09,,,NEUTRAL,0.05,0.16,0.0,STABLE,MODERATE,,6.33,50.0,NEUTRAL,66.45,270.1,278.45,256.17,2026-08-03
TMPV,AUTO,349.3,46.0,HOLD_WATCH,DOWNTREND,-16.63,SHORT_COVERING,-1233600.0,PRICE_LED,-0.59,1.7,0.0,FII_DII_DIVERGENCE,,,,52.0,NEUTRAL,58.36,338.82,349.3,321.36,2026-08-03
SETFNIFBK,OTHER,,50.0,HOLD_WATCH,,,,,NEUTRAL,,,,,,,,,,59.93,,,,2026-08-03
ONEPOINT,IT,56.9,56.0,HOLD_WATCH,CONSOLIDATING,-13.59,,,PRICE_LED,-7.41,0.81,0.02,FII_DII_DIVERGENCE,FAIR_VALUE,,13.12,44.0,NEUTRAL,58.56,55.19,56.9,52.02,2026-08-03
ADANIGREEN,POWER,1395.0,82.0,STRONG_BUY,CONSOLIDATING,-14.5,LONG_BUILDUP,423000.0,NEUTRAL,0.74,0.26,0.0,FII_ACCUMULATION,MODERATE,,20.04,50.0,NEUTRAL,59.62,1381.05,1422.9,1255.5,2026-08-03
TAJGVK,HOSPITALITY,363.45,82.0,STRONG_BUY,STRONG_UPTREND,-29.1,,,NEUTRAL,0.11,0.06,0.0,STABLE,CHEAP_QUALITY,,28.18,50.0,NEUTRAL,60.0,359.82,370.72,350.33,2026-08-03
REPRO,MEDIA,398.7,32.0,REDUCE,DOWNTREND,-32.42,,,DISTRIBUTION,0.0,0.0,0.0,STABLE,MODERATE,,-1.41,50.0,NEUTRAL,59.74,,,366.8,2026-08-03
TTKPRESTIG,FMCG,644.3,67.0,BUY,UPTREND,-16.45,,,DISTRIBUTION,0.14,-0.66,0.0,STABLE,FAIR_VALUE,,7.42,50.0,NEUTRAL,59.84,637.86,657.19,579.87,2026-08-03
EBBETF0431,OTHER,,50.0,HOLD_WATCH,,,,,NEUTRAL,,,,,,,,,,60.11,,,,2026-08-03
LTGILTBEES,OTHER,,50.0,HOLD_WATCH,,,,,NEUTRAL,,,,,,,,,,60.04,,,,2026-08-03
ENEXT50,OTHER,,50.0,HOLD_WATCH,,,,,NEUTRAL,,,,,,,,,,60.05,,,,2026-08-03
RELAXO,FMCG,408.7,68.0,BUY,STRONG_UPTREND,-22.3,,,DISTRIBUTION,0.03,-0.13,0.0,STABLE,MODERATE,,5.18,50.0,NEUTRAL,59.95,404.61,416.87,367.83,2026-08-03
NHPC,POWER,79.25,90.0,STRONG_BUY,STRONG_UPTREND,-11.17,SHORT_COVERING,-271050.0,NEUTRAL,-0.05,0.46,0.0,STABLE,CHEAP_QUALITY,,26.21,58.0,POSITIVE,58.99,78.46,80.84,76.83,2026-08-03
BFSI,OTHER,,50.0,HOLD_WATCH,,,,,NEUTRAL,,,,,,,,,,59.91,,,,2026-08-03
HDFCSENSEX,OTHER,,50.0,HOLD_WATCH,,,,,NEUTRAL,,,,,,,,,,59.93,,,,2026-08-03
SENSEXIETF,OTHER,,50.0,HOLD_WATCH,,,,,NEUTRAL,,,,,,,,,,59.87,,,,2026-08-03
GLOBAL,HEALTHCARE,101.36,64.0,BUY,INSUFFICIENT_DATA,-16.85,,,NEUTRAL,-0.37,0.02,0.0,STABLE,CHEAP_QUALITY,,40.44,50.0,NEUTRAL,56.04,100.35,103.39,93.25,2026-08-03
BENGALASM,FINANCIAL_SERVICES,6205.0,50.0,HOLD_WATCH,INSUFFICIENT_DATA,-14.63,,,NEUTRAL,,,,,,,,,,59.31,6018.85,6205.0,5708.6,2026-08-03
PRIMESECU,FINANCIAL_SERVICES,277.45,46.0,HOLD_WATCH,DOWNTREND,-14.63,,,NEUTRAL,0.03,0.0,0.0,STABLE,CHEAP_QUALITY,,57.66,50.0,NEUTRAL,57.36,269.13,277.45,255.25,2026-08-03
INFRAIETF,OTHER,,50.0,HOLD_WATCH,,,,,NEUTRAL,,,,,,,,,,59.86,,,,2026-08-03
GSEC10IETF,OTHER,,50.0,HOLD_WATCH,,,,,NEUTRAL,,,,,,,,,,59.91,,,,2026-08-03
EBANKNIFTY,OTHER,,50.0,HOLD_WATCH,,,,,NEUTRAL,,,,,,,,,,59.9,,,,2026-08-03
GENUSPOWER,INFRASTRUCTURE,316.0,73.0,STRONG_BUY,CONSOLIDATING,-16.4,,,EARLY_ROTATION,0.16,0.13,0.0,STABLE,FAIR_VALUE,,12.81,54.0,NEUTRAL,59.77,312.84,322.32,290.67,2026-08-03
RHIM,CAPITAL_GOODS,412.25,38.0,REDUCE,DOWNTREND,-20.04,,,NEUTRAL,-0.27,0.69,0.0,DII_ACCUMULATION,MODERATE,,4.98,53.0,NEUTRAL,56.46,,,379.27,2026-08-03
CHEVIOT,TEXTILES,1130.4,67.0,BUY,UPTREND,-17.52,,,NEUTRAL,0.0,0.0,0.0,STABLE,FAIR_VALUE,,10.39,50.0,NEUTRAL,59.71,1119.1,1153.01,1061.49,2026-08-03
GIPCL,CAPITAL_GOODS,161.48,59.0,BUY,CONSOLIDATING,-20.08,,,NEUTRAL,0.15,-0.08,0.0,STABLE,FAIR_VALUE,,12.36,50.0,NEUTRAL,59.72,159.87,164.71,149.51,2026-08-03
ISFT,RETAIL,82.5,73.0,STRONG_BUY,STRONG_UPTREND,-30.71,,,NEUTRAL,0.0,0.0,0.0,STABLE,FAIR_VALUE,,2.61,50.0,NEUTRAL,59.47,81.67,84.15,80.56,2026-08-03
ANUP,CAPITAL_GOODS,2175.4,73.0,STRONG_BUY,STRONG_UPTREND,-15.55,,,NEUTRAL,-0.85,0.3,0.0,STABLE,FAIR_VALUE,,17.2,50.0,NEUTRAL,58.35,2153.65,2218.91,1985.76,2026-08-03
NIFTYBETA,OTHER,,50.0,HOLD_WATCH,,,,,NEUTRAL,,,,,,,,,,59.95,,,,2026-08-03
LTTS,IT,3564.8,37.0,REDUCE,DOWNTREND,-24.57,,,PRICE_LED,-0.37,0.07,-0.01,STABLE,FAIR_VALUE,,12.24,58.0,POSITIVE,59.66,,,3279.62,2026-08-03
VIMTALABS,HEALTHCARE,620.15,88.0,STRONG_BUY,STRONG_UPTREND,-31.3,,,NEUTRAL,0.3,0.03,-0.05,STABLE,CHEAP_QUALITY,,21.03,58.0,POSITIVE,70.87,613.95,632.55,558.13,2026-08-03
MOMENTUM50,OTHER,,50.0,HOLD_WATCH,,,,,NEUTRAL,,,,,,,,,,59.83,,,,2026-08-03
KSR,OTHER,29.67,50.0,HOLD_WATCH,INSUFFICIENT_DATA,-14.5,,,NEUTRAL,-0.02,,1.11,STRONG_PROMOTER_BUY,,,,62.0,POSITIVE,56.89,28.78,29.67,27.3,2026-08-03
ESCORTS,AUTO,3135.5,37.0,REDUCE,DOWNTREND,-24.99,,,PRICE_LED,0.47,-0.55,0.0,STABLE,FAIR_VALUE,,11.86,58.0,POSITIVE,59.68,,,2884.66,2026-08-03
EBBETF0430,OTHER,,50.0,HOLD_WATCH,,,,,NEUTRAL,,,,,,,,,,60.13,,,,2026-08-03
AONELIQUID,OTHER,,50.0,HOLD_WATCH,,,,,NEUTRAL,,,,,,,,,,60.11,,,,2026-08-03
LICNETFGSC,OTHER,,50.0,HOLD_WATCH,,,,,NEUTRAL,,,,,,,,,,60.01,,,,2026-08-03
SMALLGROWW,OTHER,,50.0,HOLD_WATCH,,,,,NEUTRAL,,,,,,,,,,59.86,,,,2026-08-03
MOVALUE,OTHER,,50.0,HOLD_WATCH,,,,,NEUTRAL,,,,,,,,,,59.67,,,,2026-08-03
HEMIPROP,REALTY,140.0,77.0,STRONG_BUY,STRONG_UPTREND,-26.58,,,NEUTRAL,1.37,-0.02,0.0,FII_ACCUMULATION,MODERATE,,-927.66,56.0,POSITIVE,59.84,138.6,142.8,133.14,2026-08-03
UMIYA-MRO,TELECOM,88.15,54.0,HOLD_WATCH,CONSOLIDATING,-20.51,,,NEUTRAL,0.0,0.0,0.59,STABLE,,,,50.0,NEUTRAL,59.83,85.51,88.15,84.65,2026-08-03
NORTHARC,FINANCIAL_SERVICES,284.65,64.0,BUY,CONSOLIDATING,-14.78,,,NEUTRAL,-0.2,-1.17,0.0,STABLE,CHEAP_QUALITY,,14.46,50.0,NEUTRAL,58.31,281.8,290.34,260.07,2026-08-03
SENSEXADD,OTHER,,50.0,HOLD_WATCH,,,,,NEUTRAL,,,,,,,,,,59.95,,,,2026-08-03
CEMPRO,INFRASTRUCTURE,1363.3,76.0,STRONG_BUY,UPTREND,-17.34,,,EARLY_ROTATION,-0.88,0.44,0.0,STABLE,,,,58.0,POSITIVE,59.72,1349.67,1390.57,1226.97,2026-08-03
GKWLIMITED,FINANCIAL_SERVICES,1660.2,32.0,REDUCE,DOWNTREND,-16.38,,,NEUTRAL,0.0,0.0,0.0,STABLE,MODERATE,,-154.67,50.0,NEUTRAL,53.25,,,1527.38,2026-08-03
MIDCAP,OTHER,,50.0,HOLD_WATCH,,,,,NEUTRAL,,,,,,,,,,46.96,,,,2026-08-03
FINEORG,CHEMICALS,4933.7,73.0,STRONG_BUY,STRONG_UPTREND,-8.75,,,NEUTRAL,-0.03,-0.15,0.0,STABLE,FAIR_VALUE,,18.05,50.0,NEUTRAL,55.97,4884.36,5032.37,4449.0,2026-08-03
LIQUIDBETF,OTHER,,50.0,HOLD_WATCH,,,,,NEUTRAL,,,,,,,,,,60.1,,,,2026-08-03
DCI,OTHER,337.2,50.0,HOLD_WATCH,INSUFFICIENT_DATA,-29.01,,,NEUTRAL,,,,,MODERATE,,2.92,,,41.08,327.08,337.2,310.22,2026-08-03
CASTROLIND,ENERGY,185.84,69.0,BUY,STRONG_UPTREND,-12.5,,,PRICE_LED,-1.21,0.08,0.0,STABLE,CHEAP_QUALITY,,18.12,58.0,POSITIVE,50.44,183.98,189.56,181.93,2026-08-03
GROWWLIQID,OTHER,,50.0,HOLD_WATCH,,,,,NEUTRAL,,,,,,,,,,60.14,,,,2026-08-03
MARUTI,AUTO,14150.0,42.0,HOLD_WATCH,DOWNTREND,-18.54,SHORT_COVERING,-34750.0,PRICE_LED,-1.64,1.27,0.25,FII_DII_DIVERGENCE,FAIR_VALUE,,9.61,44.0,NEUTRAL,59.38,13725.5,14150.0,13018.0,2026-08-03
LIQUIDADD,OTHER,,50.0,HOLD_WATCH,,,,,NEUTRAL,,,,,,,,,,60.12,,,,2026-08-03
MOTOUR,OTHER,,50.0,HOLD_WATCH,,,,,NEUTRAL,,,,,,,,,,59.68,,,,2026-08-03
TOP10ADD,OTHER,,50.0,HOLD_WATCH,,,,,NEUTRAL,,,,,,,,,,59.81,,,,2026-08-03
MONQ50,OTHER,,50.0,HOLD_WATCH,,,,,NEUTRAL,,,,,,,,,,59.95,,,,2026-08-03
ASTRAZEN,PHARMA,8300.0,32.0,REDUCE,DOWNTREND,-15.73,,,NEUTRAL,0.07,0.24,0.0,STABLE,EXPENSIVE_OR_WEAK,,8.17,50.0,NEUTRAL,59.63,,,7636.0,2026-08-03
LIQUIDCASE,OTHER,,50.0,HOLD_WATCH,,,,,NEUTRAL,,,,,,,,,,60.14,,,,2026-08-03
SEIL,HEALTHCARE,205.0,50.0,HOLD_WATCH,INSUFFICIENT_DATA,-14.57,,,NEUTRAL,,,,,,,,,,59.28,198.85,205.0,188.6,2026-08-03
RADHIKAJWE,FMCG,71.22,73.0,STRONG_BUY,STRONG_UPTREND,-30.11,,,DISTRIBUTION,0.13,0.0,0.0,STABLE,FAIR_VALUE,,9.87,50.0,NEUTRAL,59.7,70.51,72.64,66.06,2026-08-03
NMDC,METAL,83.8,53.0,HOLD_WATCH,CONSOLIDATING,-14.04,SHORT_BUILDUP,1154250.0,NEUTRAL,0.13,-0.31,0.0,STABLE,CHEAP_QUALITY,,26.93,58.0,POSITIVE,59.16,81.29,83.8,80.91,2026-08-03
SMALLIETF,OTHER,,50.0,HOLD_WATCH,,,,,NEUTRAL,,,,,,,,,,59.85,,,,2026-08-03
GILT5YBEES,OTHER,,50.0,HOLD_WATCH,,,,,NEUTRAL,,,,,,,,,,60.05,,,,2026-08-03
PARKHOTELS,HOSPITALITY,124.53,51.0,HOLD_WATCH,DOWNTREND,-24.11,,,NEUTRAL,0.71,-0.98,0.08,FII_DII_DIVERGENCE,CHEAP_QUALITY,,18.47,44.0,NEUTRAL,59.5,120.79,124.53,114.57,2026-08-03
CMPDI,INFRASTRUCTURE,247.49,64.0,BUY,INSUFFICIENT_DATA,-12.76,,,EARLY_ROTATION,,,,STABLE,,,,50.0,NEUTRAL,57.16,245.02,252.44,227.69,2026-08-03
BIMETAL,AUTO,637.15,50.0,HOLD_WATCH,INSUFFICIENT_DATA,-15.13,,,PRICE_LED,,,,,,,,,,59.74,618.04,637.15,586.18,2026-08-03
TATACONSUM,FMCG,1110.0,23.0,EXIT_AVOID,DOWNTREND,-13.46,SHORT_BUILDUP,56100.0,DISTRIBUTION,-0.4,0.72,-0.01,DII_ACCUMULATION,MODERATE,,8.71,61.0,POSITIVE,59.1,,,1021.2,2026-08-03
BANKBEES,OTHER,,50.0,HOLD_WATCH,,,,,NEUTRAL,,,,,,,,,,59.83,,,,2026-08-03
MAXHEALTH,HEALTHCARE,1100.4,50.0,HOLD_WATCH,STRONG_UPTREND,-15.46,SHORT_BUILDUP,145425.0,NEUTRAL,-5.16,5.12,-0.01,FII_DII_DIVERGENCE,MODERATE,,14.56,44.0,NEUTRAL,59.72,1067.39,1100.4,1029.04,2026-08-03
PCBL,CHEMICALS,326.8,79.0,STRONG_BUY,STRONG_UPTREND,-23.28,,,NEUTRAL,-0.26,0.65,0.0,DII_ACCUMULATION,FAIR_VALUE,,5.19,53.0,NEUTRAL,60.08,323.53,333.34,294.12,2026-08-03
RAMANEWS,CHEMICALS,30.85,68.0,BUY,STRONG_UPTREND,-26.55,,,NEUTRAL,0.0,0.0,0.0,STABLE,MODERATE,,-423.24,50.0,NEUTRAL,56.78,30.54,31.47,30.2,2026-08-03
IOB,TEXTILES,34.1,32.0,REDUCE,DOWNTREND,-18.42,,,NEUTRAL,0.08,0.03,0.0,STABLE,,,,50.0,NEUTRAL,59.71,,,31.37,2026-08-03
GROWWDEFNC,OTHER,,50.0,HOLD_WATCH,,,,,NEUTRAL,,,,,,,,,,59.75,,,,2026-08-03
WELSPLSOL,METAL,50.73,50.0,HOLD_WATCH,INSUFFICIENT_DATA,-19.79,,,NEUTRAL,,,,,,,,,,59.69,49.21,50.73,46.67,2026-08-03
KRYSTAL,OTHER,602.2,73.0,STRONG_BUY,STRONG_UPTREND,-17.45,,,NEUTRAL,-0.54,-0.47,0.0,STABLE,FAIR_VALUE,,5.68,50.0,NEUTRAL,58.76,596.18,614.24,565.52,2026-08-03
PVSL,AUTO,107.19,32.0,REDUCE,DOWNTREND,-34.24,,,PRICE_LED,-0.12,-0.2,0.18,STABLE,MODERATE,,-0.08,50.0,NEUTRAL,59.78,,,98.61,2026-08-03
HGS,IT,430.55,68.0,BUY,STRONG_UPTREND,-22.56,,,PRICE_LED,-0.05,0.0,0.0,STABLE,MODERATE,,-2.75,50.0,NEUTRAL,59.84,426.24,439.16,414.86,2026-08-03
LIQGRWBEES,OTHER,,50.0,HOLD_WATCH,,,,,NEUTRAL,,,,,,,,,,60.1,,,,2026-08-03
ELECTHERM,METAL,1008.0,59.0,BUY,CONSOLIDATING,-21.06,,,NEUTRAL,-0.03,-0.05,0.0,STABLE,FAIR_VALUE,,7.8,50.0,NEUTRAL,59.09,997.92,1028.16,907.2,2026-08-03
WPIL,CAPITAL_GOODS,455.95,50.0,HOLD_WATCH,INSUFFICIENT_DATA,-10.66,,,NEUTRAL,,,,,,,,,,59.04,442.27,455.95,419.47,2026-08-03
WEL,FMCG,123.02,32.0,REDUCE,DOWNTREND,-32.97,,,DISTRIBUTION,0.45,0.15,0.0,STABLE,EXPENSIVE_OR_WEAK,,1.6,58.0,POSITIVE,59.93,,,113.18,2026-08-03
BLUEJET,PHARMA,589.5,76.0,STRONG_BUY,UPTREND,-26.72,,,NEUTRAL,-0.48,0.14,0.0,STABLE,CHEAP_QUALITY,,29.87,50.0,NEUTRAL,60.16,583.61,601.29,530.55,2026-08-03
CONS,OTHER,,50.0,HOLD_WATCH,,,,,NEUTRAL,,,,,,,,,,33.16,,,,2026-08-03
MOMIDMTM,OTHER,,50.0,HOLD_WATCH,,,,,NEUTRAL,,,,,,,,,,59.71,,,,2026-08-03
VISHNU,CHEMICALS,599.7,59.0,BUY,CONSOLIDATING,-10.49,,,NEUTRAL,0.1,0.01,0.0,STABLE,FAIR_VALUE,,8.0,50.0,NEUTRAL,58.62,593.7,611.69,539.73,2026-08-03
IWP,CHEMICALS,33.13,50.0,HOLD_WATCH,INSUFFICIENT_DATA,-15.38,,,NEUTRAL,,,,,,,,,,56.51,32.14,33.13,30.48,2026-08-03
LIQUID1,OTHER,,50.0,HOLD_WATCH,,,,,NEUTRAL,,,,,,,,,,60.09,,,,2026-08-03
ASHIMASYN,TEXTILES,18.09,68.0,BUY,STRONG_UPTREND,-35.0,,,NEUTRAL,0.04,0.0,0.0,STABLE,MODERATE,,-315.03,50.0,NEUTRAL,59.33,17.91,18.45,16.3,2026-08-03
SENSEXBETA,OTHER,,50.0,HOLD_WATCH,,,,,NEUTRAL,,,,,,,,,,59.84,,,,2026-08-03
PIRAMALFIN,FINANCIAL_SERVICES,2047.8,62.0,BUY,INSUFFICIENT_DATA,-7.76,,,NEUTRAL,-0.47,4.34,0.0,DII_ACCUMULATION,,,,61.0,POSITIVE,31.1,2027.32,2088.76,1883.98,2026-08-03
MIDHANI,DEFENCE,403.65,54.0,HOLD_WATCH,CONSOLIDATING,-11.25,,,NEUTRAL,0.07,-0.1,0.0,STABLE,MODERATE,,9.09,58.0,POSITIVE,59.13,391.54,403.65,363.28,2026-08-03
VAL30IETF,OTHER,,50.0,HOLD_WATCH,,,,,NEUTRAL,,,,,,,,,,59.67,,,,2026-08-03
SETFGOLD,OTHER,,50.0,HOLD_WATCH,,,,,NEUTRAL,,,,,,,,,,58.66,,,,2026-08-03
SINTERCOM,AUTO,86.99,32.0,REDUCE,DOWNTREND,-33.08,,,PRICE_LED,0.0,0.0,0.0,STABLE,EXPENSIVE_OR_WEAK,,1.2,50.0,NEUTRAL,46.43,,,80.03,2026-08-03
OILIETF,OTHER,,50.0,HOLD_WATCH,,,,,NEUTRAL,,,,,,,,,,59.64,,,,2026-08-03
SBISMLETF,OTHER,,50.0,HOLD_WATCH,,,,,NEUTRAL,,,,,,,,,,59.78,,,,2026-08-03
INDOSTAR,FINANCIAL_SERVICES,245.25,54.0,HOLD_WATCH,CONSOLIDATING,-16.01,,,NEUTRAL,0.08,-0.12,2.79,STRONG_PROMOTER_BUY,MODERATE,,7.43,62.0,POSITIVE,58.13,237.89,245.25,225.48,2026-08-03
HDFCGOLD,OTHER,,50.0,HOLD_WATCH,,,,,NEUTRAL,,,,,,,,,,58.5,,,,2026-08-03
PSUBNKBEES,OTHER,,50.0,HOLD_WATCH,,,,,NEUTRAL,,,,,,,,,,59.7,,,,2026-08-03
QGOLDHALF,OTHER,,50.0,HOLD_WATCH,,,,,NEUTRAL,,,,,,,,,,58.72,,,,2026-08-03
GILT5BETA,OTHER,,50.0,HOLD_WATCH,,,,,NEUTRAL,,,,,,,,,,59.89,,,,2026-08-03
VOLTAS,FMCG,1324.8,28.0,REDUCE,DOWNTREND,-16.28,LONG_UNWINDING,-216000.0,DISTRIBUTION,0.04,0.51,0.0,DII_ACCUMULATION,MODERATE,,4.6,61.0,POSITIVE,58.93,,,1218.82,2026-08-03
BANARBEADS,FMCG,113.98,37.0,REDUCE,DOWNTREND,-30.8,,,DISTRIBUTION,0.0,0.0,0.0,STABLE,FAIR_VALUE,,10.93,50.0,NEUTRAL,59.35,,,104.86,2026-08-03
SETF10GILT,OTHER,,50.0,HOLD_WATCH,,,,,NEUTRAL,,,,,,,,,,59.94,,,,2026-08-03
BANKBETF,OTHER,,50.0,HOLD_WATCH,,,,,NEUTRAL,,,,,,,,,,59.82,,,,2026-08-03
GROWWMOM50,OTHER,,50.0,HOLD_WATCH,,,,,NEUTRAL,,,,,,,,,,59.77,,,,2026-08-03
AEROFLEX,METAL,431.4,48.0,HOLD_WATCH,CONSOLIDATING,-17.34,,,NEUTRAL,-0.48,-0.06,-1.52,PROMOTER_SELLING,MODERATE,,14.82,32.0,WEAK,59.51,418.46,431.4,388.26,2026-08-03
BRIGADE,HOSPITALITY,583.65,78.0,STRONG_BUY,STRONG_UPTREND,-27.23,,,NEUTRAL,-0.92,0.79,-0.01,FII_DII_DIVERGENCE,CHEAP_QUALITY,,16.09,50.0,NEUTRAL,26.26,577.81,595.32,569.29,2026-08-03
BBNPNBETF,OTHER,,50.0,HOLD_WATCH,,,,,NEUTRAL,,,,,,,,,,59.85,,,,2026-08-03
LIQUIDPLUS,OTHER,,50.0,HOLD_WATCH,,,,,NEUTRAL,,,,,,,,,,60.08,,,,2026-08-03
LTGILTCASE,OTHER,,50.0,HOLD_WATCH,,,,,NEUTRAL,,,,,,,,,,60.0,,,,2026-08-03
J&KBANK,BANKING,156.12,54.0,HOLD_WATCH,CONSOLIDATING,-22.62,,,NEUTRAL,0.2,0.17,0.0,STABLE,,,,50.0,NEUTRAL,59.85,151.44,156.12,140.51,2026-08-03
WESTLIFE,HOSPITALITY,531.2,65.0,BUY,STRONG_UPTREND,-31.46,,,NEUTRAL,-1.57,1.76,0.1,FII_DII_DIVERGENCE,EXPENSIVE_OR_WEAK,,0.06,44.0,NEUTRAL,59.83,525.89,541.82,489.0,2026-08-03
CASHIETF,OTHER,,50.0,HOLD_WATCH,,,,,NEUTRAL,,,,,,,,,,60.06,,,,2026-08-03
EMIL,RETAIL,131.35,74.0,STRONG_BUY,STRONG_UPTREND,-22.05,,,NEUTRAL,-0.95,1.15,0.0,FII_DII_DIVERGENCE,MODERATE,,1.72,44.0,NEUTRAL,59.71,130.04,133.98,118.22,2026-08-03
MOGOLD,OTHER,,50.0,HOLD_WATCH,,,,,NEUTRAL,,,,,,,,,,59.01,,,,2026-08-03
BANKBETA,OTHER,,50.0,HOLD_WATCH,,,,,NEUTRAL,,,,,,,,,,59.78,,,,2026-08-03
SHARDAMOTR,AUTO,912.3,73.0,STRONG_BUY,STRONG_UPTREND,-23.33,,,PRICE_LED,0.2,-0.19,0.0,STABLE,FAIR_VALUE,,11.0,50.0,NEUTRAL,59.8,903.18,930.55,868.85,2026-08-03
HDFCVALUE,OTHER,,50.0,HOLD_WATCH,,,,,NEUTRAL,,,,,,,,,,59.73,,,,2026-08-03
COLPAL,FMCG,2077.0,28.0,REDUCE,DOWNTREND,-17.05,SHORT_BUILDUP,81400.0,DISTRIBUTION,-1.58,1.74,0.0,FII_DII_DIVERGENCE,CHEAP_QUALITY,,23.3,52.0,NEUTRAL,58.83,,,1910.84,2026-08-03
ALKYLAMINE,CHEMICALS,1824.4,67.0,BUY,UPTREND,-17.14,,,NEUTRAL,-0.01,0.01,0.02,STABLE,FAIR_VALUE,,11.6,58.0,POSITIVE,59.76,1806.16,1860.89,1641.96,2026-08-03
HINDZINC,METAL,547.0,76.0,HOLD_WATCH,DOWNTREND,-25.38,LONG_BUILDUP,278075.0,NEUTRAL,0.85,0.16,-1.13,FII_ACCUMULATION,CHEAP_QUALITY,,29.44,71.2,POSITIVE,56.44,541.53,557.94,503.24,2026-08-03
HPIL,CHEMICALS,127.74,32.0,REDUCE,DOWNTREND,-22.11,,,NEUTRAL,0.0,0.0,0.0,STABLE,MODERATE,,2.36,50.0,NEUTRAL,49.35,,,117.52,2026-08-03
TATAGOLD,OTHER,,50.0,HOLD_WATCH,,,,,NEUTRAL,,,,,,,,,,59.03,,,,2026-08-03
GOLDIETF,OTHER,,50.0,HOLD_WATCH,,,,,NEUTRAL,,,,,,,,,,58.24,,,,2026-08-03
VRAJ,METAL,122.94,37.0,REDUCE,DOWNTREND,-24.95,,,NEUTRAL,-0.04,0.0,0.0,STABLE,FAIR_VALUE,,8.93,50.0,NEUTRAL,52.75,,,113.1,2026-08-03
PITTIENG,CAPITAL_GOODS,928.4,59.0,BUY,CONSOLIDATING,-10.32,,,NEUTRAL,0.19,0.0,0.0,STABLE,FAIR_VALUE,,7.91,50.0,NEUTRAL,54.15,919.12,946.97,857.99,2026-08-03
SUPREMEIND,REALTY,3530.0,49.0,HOLD_WATCH,DOWNTREND,-24.33,LONG_BUILDUP,14350.0,NEUTRAL,-2.11,2.02,0.0,FII_DII_DIVERGENCE,FAIR_VALUE,,8.34,52.0,NEUTRAL,59.03,3424.1,3530.0,3247.6,2026-08-03
CONSUMAXIS,OTHER,,50.0,HOLD_WATCH,,,,,NEUTRAL,,,,,,,,,,59.94,,,,2026-08-03
PTL,AUTO,39.77,68.0,BUY,CONSOLIDATING,-9.14,,,PRICE_LED,0.0,0.0,0.0,STABLE,CHEAP_QUALITY,,69.33,58.0,POSITIVE,49.15,39.37,40.57,38.65,2026-08-03
GSEC10ABSL,OTHER,,50.0,HOLD_WATCH,,,,,NEUTRAL,,,,,,,,,,59.88,,,,2026-08-03
GOLDCASE,OTHER,,50.0,HOLD_WATCH,,,,,NEUTRAL,,,,,,,,,,58.79,,,,2026-08-03
PRIMO,CHEMICALS,24.3,68.0,BUY,STRONG_UPTREND,-16.18,,,NEUTRAL,0.0,0.0,0.0,STABLE,,,,50.0,NEUTRAL,54.09,24.06,24.79,21.94,2026-08-03
HYBRIDETF,OTHER,,50.0,HOLD_WATCH,,,,,NEUTRAL,,,,,,,,,,59.64,,,,2026-08-03
BBETF0432,OTHER,,50.0,HOLD_WATCH,,,,,NEUTRAL,,,,,,,,,,59.75,,,,2026-08-03
NV20IETF,OTHER,,50.0,HOLD_WATCH,,,,,NEUTRAL,,,,,,,,,,59.7,,,,2026-08-03
SBIVALETF,OTHER,,50.0,HOLD_WATCH,,,,,NEUTRAL,,,,,,,,,,59.72,,,,2026-08-03
FORTIS,HEALTHCARE,940.0,36.0,REDUCE,CONSOLIDATING,-14.88,SHORT_BUILDUP,154225.0,NEUTRAL,-1.87,2.02,0.0,FII_DII_DIVERGENCE,MODERATE,,11.42,44.0,NEUTRAL,59.83,,,898.64,2026-08-03
BANKIETF,OTHER,,50.0,HOLD_WATCH,,,,,NEUTRAL,,,,,,,,,,59.74,,,,2026-08-03
SENSEXAXIS,OTHER,,50.0,HOLD_WATCH,,,,,NEUTRAL,,,,,,,,,,59.64,,,,2026-08-03
GOLDBEES,OTHER,,50.0,HOLD_WATCH,,,,,NEUTRAL,,,,,,,,,,58.71,,,,2026-08-03
HDFCLIQUID,OTHER,,50.0,HOLD_WATCH,,,,,NEUTRAL,,,,,,,,,,59.77,,,,2026-08-03
SUDARSCHEM,CHEMICALS,1068.3,68.0,BUY,STRONG_UPTREND,-33.36,,,NEUTRAL,-0.24,0.29,0.0,STABLE,EXPENSIVE_OR_WEAK,,0.08,50.0,NEUTRAL,60.28,1057.62,1089.67,961.47,2026-08-03
MCL,METAL,56.17,50.0,HOLD_WATCH,INSUFFICIENT_DATA,-32.2,,,NEUTRAL,0.0,0.0,0.0,STABLE,MODERATE,,3.16,50.0,NEUTRAL,57.59,54.48,56.17,51.68,2026-08-03
IFBIND,FMCG,1354.0,68.0,BUY,STRONG_UPTREND,-32.96,,,DISTRIBUTION,-0.05,0.12,0.0,STABLE,MODERATE,,2.45,50.0,NEUTRAL,61.07,1340.46,1381.08,1286.87,2026-08-03
WIPL,REALTY,168.0,62.0,BUY,UPTREND,-13.04,,,NEUTRAL,0.0,0.0,0.0,STABLE,MODERATE,,3.03,50.0,NEUTRAL,54.98,166.32,171.36,152.85,2026-08-03
SUNDROP,FMCG,679.5,68.0,BUY,STRONG_UPTREND,-26.78,,,DISTRIBUTION,-0.03,0.23,4.99,STRONG_PROMOTER_BUY,,,,50.0,NEUTRAL,59.82,672.71,693.09,656.76,2026-08-03
SHRIRAMPPS,REALTY,85.65,63.0,BUY,CONSOLIDATING,-13.87,,,NEUTRAL,2.51,-0.04,0.0,FII_ACCUMULATION,MODERATE,,-0.56,56.0,POSITIVE,58.41,84.79,87.36,81.45,2026-08-03
MOSCHIP,IT,210.23,48.0,HOLD_WATCH,CONSOLIDATING,-27.12,,,PRICE_LED,-0.07,0.0,-1.14,PROMOTER_SELLING,MODERATE,,11.07,32.0,WEAK,59.89,203.92,210.23,199.26,2026-08-03
ADVENZYMES,PHARMA,323.75,68.0,BUY,CONSOLIDATING,-22.73,,,NEUTRAL,-0.37,-0.1,0.22,STABLE,CHEAP_QUALITY,,22.85,50.0,NEUTRAL,59.73,320.51,330.23,309.26,2026-08-03
GOLDETF,OTHER,,50.0,HOLD_WATCH,,,,,NEUTRAL,,,,,,,,,,59.23,,,,2026-08-03
GSEC5IETF,OTHER,,50.0,HOLD_WATCH,,,,,NEUTRAL,,,,,,,,,,59.81,,,,2026-08-03
HEALTHAXIS,OTHER,,50.0,HOLD_WATCH,,,,,NEUTRAL,,,,,,,,,,59.69,,,,2026-08-03
ENGINERSIN,INFRASTRUCTURE,226.8,82.0,STRONG_BUY,CONSOLIDATING,-15.06,,,EARLY_ROTATION,1.92,-1.19,0.0,FII_DII_DIVERGENCE,FAIR_VALUE,,14.33,52.0,NEUTRAL,57.87,224.53,231.34,208.58,2026-08-03
RRIL,TEXTILES,17.37,50.0,HOLD_WATCH,INSUFFICIENT_DATA,-19.21,,,NEUTRAL,,,,,,,,,,58.12,16.85,17.37,15.98,2026-08-03
PAGEIND,TEXTILES,40200.0,54.0,HOLD_WATCH,UPTREND,-15.03,LONG_UNWINDING,-7200.0,NEUTRAL,-1.72,1.72,0.0,FII_DII_DIVERGENCE,FAIR_VALUE,,15.63,52.0,NEUTRAL,58.6,38994.0,40200.0,36180.0,2026-08-03
VOLTAMP,CAPITAL_GOODS,10021.0,82.0,STRONG_BUY,STRONG_UPTREND,-22.09,,,NEUTRAL,1.03,0.27,0.0,FII_ACCUMULATION,FAIR_VALUE,,16.92,56.0,POSITIVE,59.86,9920.79,10221.42,9018.9,2026-08-03
NTPC,POWER,350.9,45.0,HOLD_WATCH,DOWNTREND,-15.32,SHORT_COVERING,-766500.0,NEUTRAL,0.31,-0.06,0.0,STABLE,FAIR_VALUE,,11.47,58.0,POSITIVE,57.32,340.37,350.9,322.83,2026-08-03
ABSLMSCIN,OTHER,,50.0,HOLD_WATCH,,,,,NEUTRAL,,,,,,,,,,59.43,,,,2026-08-03
SBIETFPB,OTHER,,50.0,HOLD_WATCH,,,,,NEUTRAL,,,,,,,,,,59.78,,,,2026-08-03
MODEFENCE,OTHER,,50.0,HOLD_WATCH,,,,,NEUTRAL,,,,,,,,,,59.76,,,,2026-08-03
HDFCPVTBAN,OTHER,,50.0,HOLD_WATCH,,,,,NEUTRAL,,,,,,,,,,59.81,,,,2026-08-03
LIQUID,OTHER,,50.0,HOLD_WATCH,,,,,NEUTRAL,,,,,,,,,,59.76,,,,2026-08-03
GOLD1,OTHER,,50.0,HOLD_WATCH,,,,,NEUTRAL,,,,,,,,,,58.1,,,,2026-08-03
MASPTOP50,OTHER,,50.0,HOLD_WATCH,,,,,NEUTRAL,,,,,,,,,,59.49,,,,2026-08-03
MEESHO,RETAIL,191.57,56.0,HOLD_WATCH,INSUFFICIENT_DATA,-24.7,,,NEUTRAL,0.19,1.31,-0.19,DII_ACCUMULATION,,,,53.0,NEUTRAL,59.6,185.82,191.57,176.24,2026-08-03
SBIMIDMOM,OTHER,,50.0,HOLD_WATCH,,,,,NEUTRAL,,,,,,,,,,59.82,,,,2026-08-03
CEMNTGROWW,OTHER,,50.0,HOLD_WATCH,,,,,NEUTRAL,,,,,,,,,,59.67,,,,2026-08-03
EIEL,CAPITAL_GOODS,222.64,72.0,STRONG_BUY,UPTREND,-19.36,,,NEUTRAL,0.18,-0.16,0.06,STABLE,CHEAP_QUALITY,,15.87,50.0,NEUTRAL,58.71,220.41,227.09,200.38,2026-08-03
LIQUIDSHRI,OTHER,,50.0,HOLD_WATCH,,,,,NEUTRAL,,,,,,,,,,59.85,,,,2026-08-03
FAZE3Q,TEXTILES,551.25,50.0,HOLD_WATCH,INSUFFICIENT_DATA,-15.2,,,NEUTRAL,0.15,-0.01,0.06,STABLE,MODERATE,,4.83,50.0,NEUTRAL,33.36,534.71,551.25,507.15,2026-08-03
VALUEAXIS,OTHER,,50.0,HOLD_WATCH,,,,,NEUTRAL,,,,,,,,,,59.68,,,,2026-08-03
BEDMUTHA,METAL,111.71,55.0,HOLD_WATCH,INSUFFICIENT_DATA,-27.88,,,NEUTRAL,0.01,0.0,0.0,STABLE,FAIR_VALUE,,2.42,50.0,NEUTRAL,39.19,108.36,111.71,102.77,2026-08-03
NPBET,OTHER,,50.0,HOLD_WATCH,,,,,NEUTRAL,,,,,,,,,,59.82,,,,2026-08-03
PROTEAN,IT,630.85,41.0,REDUCE,DOWNTREND,-33.28,,,PRICE_LED,1.07,-0.21,0.0,FII_ACCUMULATION,,,,56.0,POSITIVE,59.87,,,580.38,2026-08-03
PVTBANK,OTHER,,50.0,HOLD_WATCH,,,,,NEUTRAL,,,,,,,,,,59.69,,,,2026-08-03
STEELXIND,METAL,11.4,54.0,HOLD_WATCH,CONSOLIDATING,-18.28,,,NEUTRAL,-0.01,-0.05,-1.13,PROMOTER_SELLING,MODERATE,,3.16,50.0,NEUTRAL,57.8,11.06,11.4,10.26,2026-08-03
IGARASHI,AUTO,467.15,68.0,BUY,STRONG_UPTREND,-16.28,,,PRICE_LED,0.03,-0.01,0.0,STABLE,MODERATE,,3.03,50.0,NEUTRAL,56.33,462.48,476.49,420.44,2026-08-03
GOLDIAM,FMCG,362.95,84.0,STRONG_BUY,STRONG_UPTREND,-7.8,,,DISTRIBUTION,-0.12,-0.15,0.0,STABLE,CHEAP_QUALITY,,17.25,58.0,POSITIVE,36.18,359.32,370.21,326.65,2026-08-03
BECTORFOOD,FMCG,211.27,34.0,REDUCE,DOWNTREND,-29.87,,,DISTRIBUTION,-2.41,1.65,0.0,FII_DII_DIVERGENCE,FAIR_VALUE,,7.44,52.0,NEUTRAL,43.56,,,194.37,2026-08-03
TARC,REALTY,135.7,32.0,REDUCE,DOWNTREND,-27.16,,,NEUTRAL,-0.3,0.09,0.0,STABLE,MODERATE,,-703.15,50.0,NEUTRAL,57.56,,,124.84,2026-08-03
GOLD360,OTHER,,50.0,HOLD_WATCH,,,,,NEUTRAL,,,,,,,,,,59.3,,,,2026-08-03
ICICIPRULI,FINANCIAL_SERVICES,522.35,46.0,HOLD_WATCH,DOWNTREND,-26.1,SHORT_COVERING,-153550.0,NEUTRAL,-0.58,0.64,-0.08,FII_DII_DIVERGENCE,,,,52.0,NEUTRAL,57.67,506.68,522.35,480.56,2026-08-03
VENUSPIPES,METAL,1564.3,50.0,HOLD_WATCH,CONSOLIDATING,-16.57,,,NEUTRAL,-1.25,0.14,0.0,STABLE,FAIR_VALUE,,9.05,50.0,NEUTRAL,59.08,1517.37,1564.3,1407.87,2026-08-03
ELGIRUBCO,CHEMICALS,57.41,44.0,HOLD_WATCH,INSUFFICIENT_DATA,-36.56,,,NEUTRAL,-0.06,0.0,0.0,STABLE,MODERATE,,-3.83,50.0,NEUTRAL,61.14,55.69,57.41,52.82,2026-08-03
BATLIBOI,CAPITAL_GOODS,82.55,50.0,HOLD_WATCH,INSUFFICIENT_DATA,-15.29,,,NEUTRAL,,,,,,,,,,58.83,80.07,82.55,75.95,2026-08-03
HDFCNIMEG,OTHER,,50.0,HOLD_WATCH,,,,,NEUTRAL,,,,,,,,,,59.69,,,,2026-08-03
VINCOFE,FMCG,152.39,60.0,BUY,CONSOLIDATING,-15.27,,,DISTRIBUTION,0.45,1.36,0.0,DII_ACCUMULATION,MODERATE,,10.49,53.0,NEUTRAL,59.28,150.87,155.44,146.59,2026-08-03
IVALUE,IT,274.7,59.0,BUY,UPTREND,-19.21,,,PRICE_LED,-1.37,2.06,0.0,FII_DII_DIVERGENCE,,,,44.0,NEUTRAL,58.24,271.95,280.19,254.58,2026-08-03
ELIQUID,OTHER,,50.0,HOLD_WATCH,,,,,NEUTRAL,,,,,,,,,,59.86,,,,2026-08-03
ABSLBANETF,OTHER,,50.0,HOLD_WATCH,,,,,NEUTRAL,,,,,,,,,,59.86,,,,2026-08-03
BNKETFAXIS,OTHER,,50.0,HOLD_WATCH,,,,,NEUTRAL,,,,,,,,,,59.69,,,,2026-08-03
BSLGOLDETF,OTHER,,50.0,HOLD_WATCH,,,,,NEUTRAL,,,,,,,,,,59.29,,,,2026-08-03
SIGNPOST,MEDIA,280.0,39.0,REDUCE,CONSOLIDATING,-16.86,,,DISTRIBUTION,0.0,0.0,-7.36,PROMOTER_SELLING,MODERATE,,5.13,32.0,WEAK,53.32,,,252.0,2026-08-03
MIRZAINT,TEXTILES,33.72,37.0,REDUCE,DOWNTREND,-23.36,,,NEUTRAL,-0.07,0.0,0.0,STABLE,FAIR_VALUE,,2.93,50.0,NEUTRAL,34.07,,,31.02,2026-08-03
TNPETRO,HEALTHCARE,97.85,82.0,STRONG_BUY,STRONG_UPTREND,-24.67,,,NEUTRAL,1.3,0.0,0.0,FII_ACCUMULATION,FAIR_VALUE,,2.54,56.0,POSITIVE,59.68,96.87,99.81,93.57,2026-08-03
EMMVEE,CAPITAL_GOODS,319.55,47.0,HOLD_WATCH,INSUFFICIENT_DATA,-14.0,,,NEUTRAL,-3.72,1.49,0.0,FII_DII_DIVERGENCE,,,,44.0,NEUTRAL,56.84,309.96,319.55,293.99,2026-08-03
UTTAMSUGAR,FMCG,240.45,68.0,BUY,STRONG_UPTREND,-19.58,,,DISTRIBUTION,0.22,0.0,0.32,STABLE,MODERATE,,1.93,50.0,NEUTRAL,59.2,238.05,245.26,228.92,2026-08-03
CTE,IT,37.65,68.0,BUY,STRONG_UPTREND,-37.18,,,PRICE_LED,0.01,0.0,0.0,STABLE,MODERATE,,-67.27,62.0,POSITIVE,74.11,37.27,38.4,35.35,2026-08-03
LIQUIDIETF,OTHER,,50.0,HOLD_WATCH,,,,,NEUTRAL,,,,,,,,,,59.87,,,,2026-08-03
ZYDUSWELL,FMCG,559.85,62.0,BUY,UPTREND,-8.5,,,DISTRIBUTION,-0.09,0.29,0.0,STABLE,EXPENSIVE_OR_WEAK,,1.39,50.0,NEUTRAL,54.84,554.25,571.05,503.87,2026-08-03
AXISBANK,BANKING,1272.0,53.0,HOLD_WATCH,DOWNTREND,-10.32,LONG_BUILDUP,1106250.0,NEUTRAL,-0.52,0.71,-0.01,FII_DII_DIVERGENCE,,,,44.0,NEUTRAL,58.57,1233.84,1272.0,1170.24,2026-08-03
SILVERAXIS,OTHER,,50.0,HOLD_WATCH,,,,,NEUTRAL,,,,,,,,,,59.71,,,,2026-08-03
FMCGADD,OTHER,,50.0,HOLD_WATCH,,,,,NEUTRAL,,,,,,,,,,59.74,,,,2026-08-03
BTML,MEDIA,6.84,48.0,HOLD_WATCH,DOWNTREND,-34.86,,,DISTRIBUTION,0.0,0.69,-0.16,DII_ACCUMULATION,CHEAP_QUALITY,,13.15,53.0,NEUTRAL,58.09,6.63,6.84,6.29,2026-08-03
POLICYBZR,FINANCIAL_SERVICES,1650.0,82.0,STRONG_BUY,STRONG_UPTREND,-16.41,SHORT_COVERING,-90300.0,NEUTRAL,-0.83,7.19,0.0,FII_DII_DIVERGENCE,EXPENSIVE_OR_WEAK,,4.98,44.0,NEUTRAL,59.12,1633.5,1683.0,1613.86,2026-08-03
EDELWEISS,FINANCIAL_SERVICES,116.33,74.0,STRONG_BUY,CONSOLIDATING,-13.12,,,NEUTRAL,0.62,0.75,-0.43,FII_DII_ACCUMULATION,FAIR_VALUE,,4.84,65.0,POSITIVE,54.7,115.17,118.66,110.77,2026-08-03
SPAL,TEXTILES,988.7,67.0,BUY,UPTREND,-19.09,,,NEUTRAL,-0.35,-2.15,-0.12,STABLE,FAIR_VALUE,,6.22,50.0,NEUTRAL,59.23,978.81,1008.47,889.83,2026-08-03
MOMMIDCAP,OTHER,,50.0,HOLD_WATCH,,,,,NEUTRAL,,,,,,,,,,59.72,,,,2026-08-03
ELANTAS,CHEMICALS,9797.0,50.0,HOLD_WATCH,INSUFFICIENT_DATA,-10.65,,,NEUTRAL,,,,,,,,58.0,POSITIVE,58.58,9503.09,9797.0,9013.24,2026-08-03
MAFATIND,TEXTILES,134.61,50.0,HOLD_WATCH,INSUFFICIENT_DATA,-14.68,,,NEUTRAL,,,,,,,,,,59.34,130.57,134.61,123.84,2026-08-03
JSWCEMENT,CEMENT,132.9,68.0,BUY,UPTREND,-18.04,,,DISTRIBUTION,-0.09,0.65,-0.3,DII_ACCUMULATION,,,,53.0,NEUTRAL,59.27,131.57,135.56,121.74,2026-08-03
IRB,INFRASTRUCTURE,20.18,51.0,HOLD_WATCH,DOWNTREND,-15.74,,,EARLY_ROTATION,0.0,0.0,0.0,STABLE,FAIR_VALUE,,6.3,63.3,POSITIVE,46.81,19.57,20.18,18.57,2026-08-03
ABSLLIQUID,OTHER,,50.0,HOLD_WATCH,,,,,NEUTRAL,,,,,,,,,,59.9,,,,2026-08-03
SBIBPB,OTHER,,50.0,HOLD_WATCH,,,,,NEUTRAL,,,,,,,,,,59.83,,,,2026-08-03
LIQUIDETF,OTHER,,50.0,HOLD_WATCH,,,,,NEUTRAL,,,,,,,,,,59.9,,,,2026-08-03
VALUE,OTHER,,50.0,HOLD_WATCH,,,,,NEUTRAL,,,,,,,,,,59.72,,,,2026-08-03
BANK10BETF,OTHER,,50.0,HOLD_WATCH,,,,,NEUTRAL,,,,,,,,,,59.72,,,,2026-08-03
NV20BEES,OTHER,,50.0,HOLD_WATCH,,,,,NEUTRAL,,,,,,,,,,59.77,,,,2026-08-03
DELHIVERY,LOGISTICS,470.0,75.0,STRONG_BUY,CONSOLIDATING,-10.31,LONG_BUILDUP,3886475.0,NEUTRAL,-0.36,1.28,0.0,DII_ACCUMULATION,EXPENSIVE_OR_WEAK,,0.77,53.0,NEUTRAL,54.75,465.3,479.4,432.37,2026-08-03
EMETAL,OTHER,,50.0,HOLD_WATCH,,,,,NEUTRAL,,,,,,,,,,59.74,,,,2026-08-03
INFRABEES,OTHER,,50.0,HOLD_WATCH,,,,,NEUTRAL,,,,,,,,,,59.79,,,,2026-08-03
PVTBANIETF,OTHER,,50.0,HOLD_WATCH,,,,,NEUTRAL,,,,,,,,,,59.85,,,,2026-08-03
HAWKINCOOK,FMCG,8496.5,50.0,HOLD_WATCH,INSUFFICIENT_DATA,-11.49,,,DISTRIBUTION,,,,,,,,,,58.87,8241.6,8496.5,7816.78,2026-08-03
SCHNEIDER,CAPITAL_GOODS,1346.1,56.0,HOLD_WATCH,INSUFFICIENT_DATA,-13.04,,,NEUTRAL,0.17,0.78,0.0,DII_ACCUMULATION,MODERATE,,11.31,53.0,NEUTRAL,35.33,1305.72,1346.1,1238.41,2026-08-03
KPIL,INFRASTRUCTURE,1283.5,74.0,STRONG_BUY,CONSOLIDATING,-13.25,,,EARLY_ROTATION,-0.81,1.21,0.01,FII_DII_DIVERGENCE,MODERATE,,2.49,52.0,NEUTRAL,56.7,1270.66,1309.17,1189.42,2026-08-03
EGOLD,OTHER,,50.0,HOLD_WATCH,,,,,NEUTRAL,,,,,,,,,,58.93,,,,2026-08-03
ITAXIS,OTHER,,50.0,HOLD_WATCH,,,,,NEUTRAL,,,,,,,,,,59.73,,,,2026-08-03
SANDUMA,ENERGY,212.05,67.0,BUY,STRONG_UPTREND,-22.33,,,PRICE_LED,0.44,0.0,0.0,STABLE,FAIR_VALUE,,12.35,50.0,NEUTRAL,23.42,209.93,216.29,207.44,2026-08-03
KRONOX,CHEMICALS,153.81,82.0,STRONG_BUY,STRONG_UPTREND,-14.79,,,NEUTRAL,0.03,0.05,0.0,STABLE,CHEAP_QUALITY,,26.6,50.0,NEUTRAL,49.01,152.27,156.89,138.43,2026-08-03
SBILIQETF,OTHER,,50.0,HOLD_WATCH,,,,,NEUTRAL,,,,,,,,,,59.89,,,,2026-08-03
GOLDAXIS,OTHER,,50.0,HOLD_WATCH,,,,,NEUTRAL,,,,,,,,,,59.73,,,,2026-08-03
EUROPRATIK,REALTY,301.7,53.0,HOLD_WATCH,UPTREND,-22.64,,,NEUTRAL,-1.09,-0.41,0.39,STABLE,,,,58.0,POSITIVE,59.62,292.65,301.7,271.59,2026-08-03
DEFENCE,OTHER,,50.0,HOLD_WATCH,,,,,NEUTRAL,,,,,,,,,,59.82,,,,2026-08-03
NIFTYAXIS,OTHER,,50.0,HOLD_WATCH,,,,,NEUTRAL,,,,,,,,,,59.73,,,,2026-08-03
SPANDANA,FINANCIAL_SERVICES,262.4,54.0,HOLD_WATCH,CONSOLIDATING,-17.85,,,NEUTRAL,-0.46,0.01,0.0,STABLE,MODERATE,,-51.87,50.0,NEUTRAL,57.06,254.53,262.4,246.19,2026-08-03
SCI,FINANCIAL_SERVICES,292.65,74.0,STRONG_BUY,CONSOLIDATING,-20.64,,,NEUTRAL,1.85,0.08,0.0,FII_ACCUMULATION,FAIR_VALUE,,13.27,71.2,POSITIVE,58.39,289.72,298.5,263.38,2026-08-03
SAGARDEEP,METAL,24.49,32.0,REDUCE,DOWNTREND,-22.2,,,NEUTRAL,0.0,0.0,0.0,STABLE,MODERATE,,1.06,50.0,NEUTRAL,33.75,,,22.53,2026-08-03
BANKPSU,OTHER,,50.0,HOLD_WATCH,,,,,NEUTRAL,,,,,,,,,,59.84,,,,2026-08-03
PML,FINANCIAL_SERVICES,493.65,50.0,HOLD_WATCH,INSUFFICIENT_DATA,-23.47,,,NEUTRAL,,,,,,,,,,56.15,478.84,493.65,454.16,2026-08-03
PSUBANKADD,OTHER,,50.0,HOLD_WATCH,,,,,NEUTRAL,,,,,,,,,,59.81,,,,2026-08-03
BBNPPGOLD,OTHER,,50.0,HOLD_WATCH,,,,,NEUTRAL,,,,,,,,,,58.23,,,,2026-08-03
HEXATRADEX,FINANCIAL_SERVICES,157.9,32.0,REDUCE,DOWNTREND,-18.98,,,NEUTRAL,0.0,0.27,0.0,STABLE,MODERATE,,-1489.22,50.0,NEUTRAL,36.17,,,145.27,2026-08-03
BANKADD,OTHER,,50.0,HOLD_WATCH,,,,,NEUTRAL,,,,,,,,,,59.87,,,,2026-08-03
WANBURY,PHARMA,286.2,50.0,HOLD_WATCH,INSUFFICIENT_DATA,-20.25,,,NEUTRAL,-0.13,0.0,-0.05,STABLE,MODERATE,,3.14,50.0,NEUTRAL,49.12,277.61,286.2,263.3,2026-08-03
DJML,LOGISTICS,112.58,50.0,HOLD_WATCH,INSUFFICIENT_DATA,-9.79,,,NEUTRAL,0.05,-0.03,0.65,STABLE,MODERATE,,7.77,50.0,NEUTRAL,46.37,109.2,112.58,103.57,2026-08-03
SBFC,FINANCIAL_SERVICES,92.08,52.0,HOLD_WATCH,DOWNTREND,-25.14,,,NEUTRAL,-0.67,2.44,-0.47,FII_DII_DIVERGENCE,CHEAP_QUALITY,,26.62,44.0,NEUTRAL,58.34,89.32,92.08,84.71,2026-08-03
GICRE,FINANCIAL_SERVICES,358.05,32.0,REDUCE,DOWNTREND,-14.33,,,NEUTRAL,-0.06,0.23,0.0,STABLE,,,,50.0,NEUTRAL,46.74,,,329.41,2026-08-03
UNIONGOLD,OTHER,,50.0,HOLD_WATCH,,,,,NEUTRAL,,,,,,,,,,59.41,,,,2026-08-03
INDOMIM,OTHER,,50.0,HOLD_WATCH,,,,,NEUTRAL,,,,,,,,,,59.54,,,,2026-08-03
HDFCMOMENT,OTHER,,50.0,HOLD_WATCH,,,,,NEUTRAL,,,,,,,,,,59.8,,,,2026-08-03
MALUPAPER,CHEMICALS,33.15,32.0,REDUCE,DOWNTREND,-27.25,,,NEUTRAL,0.0,0.0,0.0,STABLE,MODERATE,,-5.77,50.0,NEUTRAL,57.59,,,30.5,2026-08-03
ADANIPORTS,LOGISTICS,1701.0,76.0,STRONG_BUY,CONSOLIDATING,-10.05,SHORT_COVERING,-670700.0,NEUTRAL,0.49,-0.24,0.0,STABLE,CHEAP_QUALITY,,34.14,58.0,POSITIVE,59.02,1683.99,1735.02,1545.67,2026-08-03
PIXTRANS,CHEMICALS,1701.1,74.0,STRONG_BUY,CONSOLIDATING,-12.22,,,NEUTRAL,-0.57,0.95,0.0,FII_DII_DIVERGENCE,CHEAP_QUALITY,,21.03,44.0,NEUTRAL,34.94,1684.09,1735.12,1530.99,2026-08-03
JBMA,AUTO,662.6,54.0,HOLD_WATCH,CONSOLIDATING,-16.13,,,PRICE_LED,0.06,0.04,0.0,STABLE,MODERATE,,4.07,50.0,NEUTRAL,54.74,642.72,662.6,603.07,2026-08-03
LIQUIDBETA,OTHER,,50.0,HOLD_WATCH,,,,,NEUTRAL,,,,,,,,,,59.73,,,,2026-08-03
AEROENTER,METAL,123.3,68.0,BUY,STRONG_UPTREND,-17.55,,,NEUTRAL,-0.02,0.02,0.0,STABLE,,,,50.0,NEUTRAL,58.57,122.07,125.77,110.97,2026-08-03
RVHL,REALTY,45.97,44.0,HOLD_WATCH,INSUFFICIENT_DATA,-35.58,,,NEUTRAL,-0.01,0.0,0.0,STABLE,MODERATE,,-432.14,50.0,NEUTRAL,64.41,44.59,45.97,42.29,2026-08-03
QNIFTY,OTHER,,50.0,HOLD_WATCH,,,,,NEUTRAL,,,,,,,,,,51.53,,,,2026-08-03
MOMOMENTUM,OTHER,,50.0,HOLD_WATCH,,,,,NEUTRAL,,,,,,,,,,59.77,,,,2026-08-03
GALAXYSURF,CHEMICALS,1988.8,73.0,STRONG_BUY,STRONG_UPTREND,-19.05,,,NEUTRAL,-0.1,0.05,-0.01,STABLE,FAIR_VALUE,,7.09,50.0,NEUTRAL,59.63,1968.91,2028.58,1874.44,2026-08-03
GNFC,CHEMICALS,516.1,68.0,BUY,CONSOLIDATING,-16.22,,,NEUTRAL,1.06,-0.04,0.0,FII_ACCUMULATION,FAIR_VALUE,,7.02,50.0,NEUTRAL,59.5,510.94,526.42,472.17,2026-08-03
HLEGLAS,CAPITAL_GOODS,422.85,62.0,BUY,STRONG_UPTREND,-36.12,,,NEUTRAL,0.13,0.39,0.0,STABLE,MODERATE,,4.45,50.0,NEUTRAL,60.56,418.62,431.31,380.57,2026-08-03
EIHOTEL,HOSPITALITY,330.1,46.0,HOLD_WATCH,DOWNTREND,-24.08,,,NEUTRAL,0.45,-0.25,0.0,STABLE,CHEAP_QUALITY,,29.62,50.0,NEUTRAL,59.3,320.2,330.1,303.69,2026-08-03
ATLASCYCLE,FINANCIAL_SERVICES,97.58,68.0,BUY,CONSOLIDATING,-24.94,,,NEUTRAL,0.0,0.0,0.0,STABLE,CHEAP_QUALITY,,152.37,50.0,NEUTRAL,31.72,96.6,99.53,95.09,2026-08-03
QUINT,MEDIA,38.99,50.0,HOLD_WATCH,INSUFFICIENT_DATA,-18.24,,,DISTRIBUTION,,,,,,,,,,58.46,37.82,38.99,35.87,2026-08-03
CEIGALL,INFRASTRUCTURE,344.75,73.0,STRONG_BUY,CONSOLIDATING,-15.02,,,EARLY_ROTATION,0.24,0.29,0.0,STABLE,FAIR_VALUE,,8.51,50.0,NEUTRAL,56.35,341.3,351.64,310.28,2026-08-03
HDFCNIFBAN,OTHER,,50.0,HOLD_WATCH,,,,,NEUTRAL,,,,,,,,,,59.87,,,,2026-08-03
CRAMC,FINANCIAL_SERVICES,261.2,29.0,REDUCE,DOWNTREND,-26.09,,,NEUTRAL,-1.91,1.31,0.0,FII_DII_DIVERGENCE,,,,44.0,NEUTRAL,58.69,,,240.3,2026-08-03
LIQUIDBEES,OTHER,,50.0,HOLD_WATCH,,,,,NEUTRAL,,,,,,,,,,59.9,,,,2026-08-03
TERASOFT,IT,389.1,44.0,HOLD_WATCH,INSUFFICIENT_DATA,-17.94,,,PRICE_LED,-0.06,0.0,0.0,STABLE,MODERATE,,6.89,50.0,NEUTRAL,26.92,377.43,389.1,357.97,2026-08-03
ABMINTLLTD,TEXTILES,42.51,50.0,HOLD_WATCH,INSUFFICIENT_DATA,-32.36,,,NEUTRAL,0.0,0.0,0.0,STABLE,MODERATE,,-12.35,50.0,NEUTRAL,48.35,41.23,42.51,39.11,2026-08-03
ACSTECH,CEMENT,40.21,50.0,HOLD_WATCH,INSUFFICIENT_DATA,-14.57,,,DISTRIBUTION,,,,,,,,,,58.78,39.0,40.21,36.99,2026-08-03
ABSLPSE,OTHER,,50.0,HOLD_WATCH,,,,,NEUTRAL,,,,,,,,,,59.36,,,,2026-08-03
ALICON,AUTO,702.75,32.0,REDUCE,DOWNTREND,-31.24,,,PRICE_LED,0.01,0.04,0.0,STABLE,MODERATE,,1.75,58.0,POSITIVE,58.4,,,646.53,2026-08-03
SOMATEX,TEXTILES,95.64,64.0,BUY,INSUFFICIENT_DATA,-24.03,,,NEUTRAL,-0.01,0.0,0.0,STABLE,CHEAP_QUALITY,,1603.55,50.0,NEUTRAL,40.36,94.68,97.55,87.99,2026-08-03
LINDEINDIA,CHEMICALS,6980.5,54.0,HOLD_WATCH,CONSOLIDATING,-13.27,,,NEUTRAL,0.01,-0.06,0.0,STABLE,MODERATE,,17.96,50.0,NEUTRAL,58.91,6771.09,6980.5,6507.35,2026-08-03
TATAPOWER,POWER,382.0,51.0,HOLD_WATCH,DOWNTREND,-17.83,SHORT_COVERING,-1055600.0,NEUTRAL,0.04,0.76,0.0,DII_ACCUMULATION,FAIR_VALUE,,7.72,61.0,POSITIVE,57.66,370.54,382.0,351.44,2026-08-03
TCIEXP,LOGISTICS,557.25,73.0,STRONG_BUY,STRONG_UPTREND,-28.56,,,NEUTRAL,-0.01,0.0,0.0,STABLE,FAIR_VALUE,,8.0,58.0,POSITIVE,59.91,551.68,568.39,535.73,2026-08-03
CARRARO,AUTO,542.8,54.0,HOLD_WATCH,CONSOLIDATING,-18.69,,,PRICE_LED,0.29,0.41,0.0,STABLE,MODERATE,,3.18,50.0,NEUTRAL,58.83,526.52,542.8,519.85,2026-08-03
PSUBNKIETF,OTHER,,50.0,HOLD_WATCH,,,,,NEUTRAL,,,,,,,,,,59.85,,,,2026-08-03
BANK10ADD,OTHER,,50.0,HOLD_WATCH,,,,,NEUTRAL,,,,,,,,,,59.89,,,,2026-08-03
BALAMINES,CHEMICALS,2025.2,59.0,BUY,CONSOLIDATING,-17.12,,,NEUTRAL,-0.32,-0.07,0.0,STABLE,FAIR_VALUE,,11.0,50.0,NEUTRAL,59.51,2004.95,2065.7,1822.68,2026-08-03
ABDL,FMCG,619.55,62.0,BUY,UPTREND,-12.95,,,DISTRIBUTION,-0.12,0.21,0.0,STABLE,EXPENSIVE_OR_WEAK,,2.4,58.0,POSITIVE,57.25,613.35,631.94,557.6,2026-08-03
EIMCOELECO,CAPITAL_GOODS,1837.8,78.0,STRONG_BUY,STRONG_UPTREND,-22.78,,,NEUTRAL,-0.29,0.05,0.0,STABLE,CHEAP_QUALITY,,17.12,58.0,POSITIVE,59.21,1819.42,1874.56,1654.02,2026-08-03
MOPSE,OTHER,,50.0,HOLD_WATCH,,,,,NEUTRAL,,,,,,,,,,59.24,,,,2026-08-03
MOM30IETF,OTHER,,50.0,HOLD_WATCH,,,,,NEUTRAL,,,,,,,,,,59.83,,,,2026-08-03
NKIND,CAPITAL_GOODS,62.82,32.0,REDUCE,DOWNTREND,-28.43,,,NEUTRAL,0.0,0.0,0.0,STABLE,MODERATE,,-7.51,50.0,NEUTRAL,54.3,,,57.79,2026-08-03
PDMJEPAPER,CHEMICALS,96.3,72.0,STRONG_BUY,STRONG_UPTREND,-35.1,,,NEUTRAL,-0.01,0.0,0.0,STABLE,CHEAP_QUALITY,,11.86,50.0,NEUTRAL,59.96,95.34,98.23,86.67,2026-08-03
MOMENTUM,OTHER,,50.0,HOLD_WATCH,,,,,NEUTRAL,,,,,,,,,,59.83,,,,2026-08-03
BAJAJCON,FMCG,523.8,60.0,BUY,CONSOLIDATING,-24.31,,,DISTRIBUTION,-0.48,0.64,0.0,DII_ACCUMULATION,MODERATE,,10.8,44.0,NEUTRAL,59.32,518.56,534.28,471.42,2026-08-03
LCL,OTHER,,50.0,HOLD_WATCH,,,,,NEUTRAL,,,,,,,,,,59.54,,,,2026-08-03
AMDIND,CHEMICALS,47.52,68.0,BUY,STRONG_UPTREND,-30.19,,,NEUTRAL,0.0,0.0,0.0,STABLE,MODERATE,,-2.83,50.0,NEUTRAL,59.6,47.04,48.47,45.28,2026-08-03
GILT10BETA,OTHER,,50.0,HOLD_WATCH,,,,,NEUTRAL,,,,,,,,,,59.89,,,,2026-08-03
DYNPRO,CHEMICALS,264.2,67.0,BUY,STRONG_UPTREND,-36.46,,,NEUTRAL,-0.04,0.0,0.0,STABLE,FAIR_VALUE,,3.98,50.0,NEUTRAL,59.95,261.56,269.48,237.78,2026-08-03
ABSL10BANK,OTHER,,50.0,HOLD_WATCH,,,,,NEUTRAL,,,,,,,,,,59.87,,,,2026-08-03
IOC,CHEMICALS,143.7,56.0,HOLD_WATCH,DOWNTREND,-23.95,LONG_BUILDUP,2515500.0,NEUTRAL,1.27,-0.9,0.0,FII_DII_DIVERGENCE,MODERATE,,-0.23,52.0,NEUTRAL,58.11,139.39,143.7,132.2,2026-08-03
GUJENERGY,OTHER,277.55,50.0,HOLD_WATCH,INSUFFICIENT_DATA,-20.96,,,NEUTRAL,-0.11,0.18,0.0,STABLE,,,,44.0,NEUTRAL,58.58,269.22,277.55,255.35,2026-08-03
LIQUIDSBI,OTHER,,50.0,HOLD_WATCH,,,,,NEUTRAL,,,,,,,,,,59.93,,,,2026-08-03
SIGNATURE,REALTY,833.65,26.0,EXIT_AVOID,DOWNTREND,-28.01,,,NEUTRAL,-0.59,0.23,0.0,STABLE,EXPENSIVE_OR_WEAK,,3.52,50.0,NEUTRAL,22.42,,,766.96,2026-08-03
RGL,FMCG,115.5,67.0,BUY,UPTREND,-21.91,,,DISTRIBUTION,-0.23,-0.21,0.0,STABLE,FAIR_VALUE,,3.42,50.0,NEUTRAL,56.8,114.34,117.81,112.51,2026-08-03
ACUTAAS,PHARMA,3116.4,63.0,BUY,CONSOLIDATING,-16.67,,,NEUTRAL,2.81,-2.1,0.0,FII_DII_DIVERGENCE,,,,44.0,NEUTRAL,59.04,3085.24,3178.73,2804.76,2026-08-03
VENTIVE,HOSPITALITY,622.25,26.0,EXIT_AVOID,DOWNTREND,-21.63,,,NEUTRAL,-0.13,-0.07,0.0,STABLE,MODERATE,,18.89,50.0,NEUTRAL,23.25,,,572.47,2026-08-03
MSTCLTD,METAL,608.8,76.0,STRONG_BUY,UPTREND,-18.16,,,NEUTRAL,0.12,-0.02,0.0,STABLE,CHEAP_QUALITY,,78.41,58.0,POSITIVE,57.67,602.71,620.98,547.92,2026-08-03
MSUMI,AUTO,41.48,37.0,REDUCE,DOWNTREND,-22.6,,,PRICE_LED,-0.4,0.25,0.0,STABLE,FAIR_VALUE,,6.31,50.0,NEUTRAL,58.83,,,38.16,2026-08-03
UPL,CHEMICALS,620.0,56.0,HOLD_WATCH,DOWNTREND,-23.66,LONG_BUILDUP,222220.0,NEUTRAL,0.77,-0.6,0.01,FII_DII_DIVERGENCE,EXPENSIVE_OR_WEAK,,1.22,44.0,NEUTRAL,58.18,601.4,620.0,570.4,2026-08-03
PTC,POWER,180.11,79.0,STRONG_BUY,STRONG_UPTREND,-21.52,,,NEUTRAL,-0.35,0.81,0.0,DII_ACCUMULATION,FAIR_VALUE,,4.85,61.0,POSITIVE,59.28,178.31,183.71,169.76,2026-08-03
RAMCOCEM,CEMENT,945.25,43.0,HOLD_WATCH,DOWNTREND,-22.17,,,DISTRIBUTION,0.06,0.78,0.0,DII_ACCUMULATION,FAIR_VALUE,,8.74,53.0,NEUTRAL,57.83,916.89,945.25,869.63,2026-08-03
ANUHPHR,PHARMA,80.41,73.0,STRONG_BUY,STRONG_UPTREND,-15.26,,,NEUTRAL,0.05,0.0,-0.02,STABLE,FAIR_VALUE,,6.48,50.0,NEUTRAL,53.33,79.61,82.02,77.01,2026-08-03
VGUARD,FINANCIAL_SERVICES,314.7,32.0,REDUCE,DOWNTREND,-19.76,,,NEUTRAL,-0.06,0.06,-0.05,STABLE,MODERATE,,4.82,50.0,NEUTRAL,52.28,,,289.52,2026-08-03
IDBI,BANKING,84.71,32.0,REDUCE,DOWNTREND,-28.44,,,NEUTRAL,0.05,-0.03,0.0,STABLE,,,,50.0,NEUTRAL,59.34,,,77.93,2026-08-03
AHLEAST,HOSPITALITY,143.12,36.0,REDUCE,DOWNTREND,-18.36,,,NEUTRAL,0.0,0.0,0.0,STABLE,CHEAP_QUALITY,,14.12,50.0,NEUTRAL,24.99,,,131.67,2026-08-03
GROWWRAIL,OTHER,,50.0,HOLD_WATCH,,,,,NEUTRAL,,,,,,,,,,57.92,,,,2026-08-03
BLACKBUCK,LOGISTICS,551.0,41.0,REDUCE,DOWNTREND,-26.34,,,NEUTRAL,4.21,-2.4,-0.07,FII_DII_DIVERGENCE,MODERATE,,-42.14,44.0,NEUTRAL,56.36,,,506.92,2026-08-03
CHOICEGOLD,OTHER,,50.0,HOLD_WATCH,,,,,NEUTRAL,,,,,,,,,,58.81,,,,2026-08-03
MOBANK10,OTHER,,50.0,HOLD_WATCH,,,,,NEUTRAL,,,,,,,,,,59.86,,,,2026-08-03
HOMEFIRST,FINANCIAL_SERVICES,1170.2,82.0,STRONG_BUY,UPTREND,-14.89,,,NEUTRAL,4.9,-0.08,-5.36,FII_ACCUMULATION,CHEAP_QUALITY,,24.34,71.2,POSITIVE,58.91,1158.5,1193.6,1100.72,2026-08-03
ONGC,ENERGY,242.0,60.0,HOLD_WATCH,DOWNTREND,-21.3,SHORT_COVERING,-299250.0,PRICE_LED,0.55,-0.38,0.0,FII_ACCUMULATION,FAIR_VALUE,,6.06,71.2,POSITIVE,42.78,239.58,246.84,222.64,2026-08-03
AAVAS,FINANCIAL_SERVICES,1439.0,73.0,STRONG_BUY,UPTREND,-18.79,,,NEUTRAL,-7.98,7.85,-0.07,FII_DII_DIVERGENCE,CHEAP_QUALITY,,25.03,44.0,NEUTRAL,52.04,1424.61,1467.78,1376.46,2026-08-03
GLOSTERLTD,TEXTILES,668.6,54.0,HOLD_WATCH,CONSOLIDATING,-11.61,,,NEUTRAL,0.0,0.0,0.0,STABLE,MODERATE,,-0.8,50.0,NEUTRAL,40.39,648.54,668.6,610.87,2026-08-03
OMPOWER,INFRASTRUCTURE,169.4,64.0,BUY,INSUFFICIENT_DATA,-16.14,,,EARLY_ROTATION,,,,,,,,,,57.31,167.71,172.79,155.85,2026-08-03
MODTHREAD,TEXTILES,48.85,68.0,BUY,STRONG_UPTREND,-21.21,,,NEUTRAL,0.0,0.0,0.0,STABLE,MODERATE,,0.13,50.0,NEUTRAL,59.19,48.36,49.83,44.36,2026-08-03
SESHAPAPER,CHEMICALS,237.87,37.0,REDUCE,DOWNTREND,-18.85,,,NEUTRAL,-0.05,0.0,0.08,STABLE,FAIR_VALUE,,3.86,58.0,POSITIVE,31.5,,,218.84,2026-08-03
SBICARD,FINANCIAL_SERVICES,665.05,52.0,HOLD_WATCH,DOWNTREND,-31.08,LONG_BUILDUP,232800.0,NEUTRAL,-0.61,0.27,0.34,STABLE,FAIR_VALUE,,8.71,58.0,POSITIVE,35.05,645.1,665.05,611.85,2026-08-03
AONEGOLD,OTHER,,50.0,HOLD_WATCH,,,,,NEUTRAL,,,,,,,,,,58.83,,,,2026-08-03
RMC,OTHER,292.15,50.0,HOLD_WATCH,INSUFFICIENT_DATA,-21.47,,,NEUTRAL,,,,STABLE,,,,50.0,NEUTRAL,56.96,283.39,292.15,268.78,2026-08-03
HDFCPSUBK,OTHER,,50.0,HOLD_WATCH,,,,,NEUTRAL,,,,,,,,,,59.81,,,,2026-08-03
FOSECOIND,CHEMICALS,5204.5,73.0,STRONG_BUY,STRONG_UPTREND,-23.98,,,NEUTRAL,-0.02,-0.01,0.0,STABLE,FAIR_VALUE,,13.95,58.0,POSITIVE,59.73,5152.45,5308.59,4876.81,2026-08-03
LOTUSEYE,HEALTHCARE,117.46,44.0,HOLD_WATCH,INSUFFICIENT_DATA,-20.1,,,NEUTRAL,-0.01,-2.44,0.47,STABLE,MODERATE,,-0.56,50.0,NEUTRAL,28.08,113.94,117.46,108.06,2026-08-03
CANBK,BANKING,127.1,37.0,REDUCE,DOWNTREND,-21.97,SHORT_COVERING,-4259250.0,NEUTRAL,-1.56,1.01,0.0,FII_DII_DIVERGENCE,,,,58.0,POSITIVE,38.04,,,116.93,2026-08-03
GESHIP,AUTO,1398.4,77.0,STRONG_BUY,CONSOLIDATING,-22.22,,,PRICE_LED,2.73,-0.95,0.0,FII_DII_DIVERGENCE,CHEAP_QUALITY,,65.82,52.0,NEUTRAL,59.12,1384.42,1426.37,1288.7,2026-08-03
ABGSEC,OTHER,,50.0,HOLD_WATCH,,,,,NEUTRAL,,,,,,,,,,59.91,,,,2026-08-03
HDFCAMC,FINANCIAL_SERVICES,2600.6,54.0,HOLD_WATCH,DOWNTREND,-12.36,SHORT_COVERING,-208200.0,NEUTRAL,-0.03,0.03,-0.01,STABLE,CHEAP_QUALITY,,66.85,58.0,POSITIVE,42.87,2522.58,2600.6,2392.55,2026-08-03
JUBLFOOD,HOSPITALITY,470.0,19.0,EXIT_AVOID,DOWNTREND,-29.9,LONG_UNWINDING,-53750.0,NEUTRAL,-1.29,1.6,0.0,FII_DII_DIVERGENCE,EXPENSIVE_OR_WEAK,,2.67,44.0,NEUTRAL,58.04,,,432.4,2026-08-03
ELDEHSG,REALTY,803.5,37.0,REDUCE,DOWNTREND,-23.04,,,NEUTRAL,0.0,0.0,0.0,STABLE,FAIR_VALUE,,15.11,50.0,NEUTRAL,48.65,,,739.22,2026-08-03
V2RETAIL,RETAIL,218.64,50.0,HOLD_WATCH,CONSOLIDATING,-15.66,,,NEUTRAL,-1.17,-1.05,0.0,STABLE,FAIR_VALUE,,5.07,52.0,NEUTRAL,45.36,212.08,218.64,212.17,2026-08-03
PWL,HEALTHCARE,126.03,50.0,HOLD_WATCH,INSUFFICIENT_DATA,-22.2,,,NEUTRAL,-0.33,0.46,0.0,STABLE,,,,50.0,NEUTRAL,57.42,122.25,126.03,115.95,2026-08-03
ECAPINSURE,OTHER,,50.0,HOLD_WATCH,,,,,NEUTRAL,,,,,,,,,,59.82,,,,2026-08-03
TARMAT,INFRASTRUCTURE,50.13,46.0,HOLD_WATCH,DOWNTREND,-32.17,,,EARLY_ROTATION,0.0,0.0,0.0,STABLE,MODERATE,,1.8,50.0,NEUTRAL,49.1,48.63,50.13,46.12,2026-08-03
INDIANCARD,TEXTILES,224.29,76.0,STRONG_BUY,UPTREND,-29.81,,,NEUTRAL,-0.13,0.0,0.0,STABLE,CHEAP_QUALITY,,69.55,50.0,NEUTRAL,58.39,222.05,228.78,217.32,2026-08-03
PRECWIRE,METAL,379.1,54.0,HOLD_WATCH,CONSOLIDATING,-18.91,,,NEUTRAL,0.32,0.05,0.0,STABLE,EXPENSIVE_OR_WEAK,,1.9,58.0,POSITIVE,54.62,367.73,379.1,341.19,2026-08-03
DHARMAJ,CHEMICALS,269.85,73.0,STRONG_BUY,STRONG_UPTREND,-28.23,,,NEUTRAL,-0.36,0.0,0.0,STABLE,FAIR_VALUE,,4.57,50.0,NEUTRAL,59.43,267.15,275.25,247.42,2026-08-03
MOMENTUM30,OTHER,,50.0,HOLD_WATCH,,,,,NEUTRAL,,,,,,,,,,59.78,,,,2026-08-03
INFRA,OTHER,,50.0,HOLD_WATCH,,,,,NEUTRAL,,,,,,,,,,59.85,,,,2026-08-03
DBL,INFRASTRUCTURE,444.35,51.0,HOLD_WATCH,DOWNTREND,-24.04,,,EARLY_ROTATION,-0.5,-0.14,0.0,STABLE,FAIR_VALUE,,8.39,50.0,NEUTRAL,55.3,431.02,444.35,408.8,2026-08-03
ALEMBICLTD,REALTY,91.67,46.0,HOLD_WATCH,DOWNTREND,-17.09,,,NEUTRAL,-0.03,0.0,0.0,STABLE,CHEAP_QUALITY,,112.9,50.0,NEUTRAL,54.87,88.92,91.67,84.34,2026-08-03
GTLINFRA,FINANCIAL_SERVICES,1.31,54.0,HOLD_WATCH,CONSOLIDATING,-21.56,,,NEUTRAL,0.03,-0.9,0.0,STABLE,MODERATE,,-62.86,50.0,NEUTRAL,56.77,1.27,1.31,1.23,2026-08-03
ICICIAMC,AMC,3099.1,56.0,HOLD_WATCH,INSUFFICIENT_DATA,-14.18,,,NEUTRAL,0.28,3.37,0.0,DII_ACCUMULATION,,,,61.0,POSITIVE,56.55,3006.13,3099.1,2851.17,2026-08-03
AMBUJACEM,CEMENT,444.0,17.0,EXIT_AVOID,DOWNTREND,-26.67,SHORT_BUILDUP,638400.0,DISTRIBUTION,-0.04,-0.23,-0.35,STABLE,MODERATE,,6.29,58.0,POSITIVE,33.49,,,408.48,2026-08-03
JTLIND,METAL,75.73,67.0,BUY,UPTREND,-13.15,,,NEUTRAL,0.06,-0.02,0.0,STABLE,FAIR_VALUE,,5.51,50.0,NEUTRAL,35.72,74.97,77.24,68.16,2026-08-03
CHALET,HOSPITALITY,821.5,38.0,REDUCE,DOWNTREND,-23.23,,,NEUTRAL,-0.38,0.58,-0.04,DII_ACCUMULATION,MODERATE,,-5.03,53.0,NEUTRAL,56.26,,,755.78,2026-08-03
SRTL,TEXTILES,40.22,41.0,REDUCE,INSUFFICIENT_DATA,-24.68,,,NEUTRAL,-5.68,-0.09,0.0,STABLE,,,,50.0,NEUTRAL,36.01,,,37.0,2026-08-03
GSEC10YEAR,OTHER,,50.0,HOLD_WATCH,,,,,NEUTRAL,,,,,,,,,,59.9,,,,2026-08-03
CMRGREEN,OTHER,222.58,50.0,HOLD_WATCH,INSUFFICIENT_DATA,-17.24,,,NEUTRAL,,,,STABLE,,,,50.0,NEUTRAL,54.68,215.9,222.58,204.77,2026-08-03
GOLDBETA,OTHER,,50.0,HOLD_WATCH,,,,,NEUTRAL,,,,,,,,,,57.8,,,,2026-08-03
GOLDADD,OTHER,,50.0,HOLD_WATCH,,,,,NEUTRAL,,,,,,,,,,58.46,,,,2026-08-03
APOLLOTYRE,AUTO,436.6,37.0,REDUCE,DOWNTREND,-19.22,,,PRICE_LED,-0.11,-0.34,0.0,STABLE,FAIR_VALUE,,4.62,58.0,POSITIVE,39.7,,,401.67,2026-08-03
TVSSRICHAK,AUTO,3987.9,32.0,REDUCE,DOWNTREND,-16.5,,,PRICE_LED,0.0,0.0,0.0,STABLE,MODERATE,,-0.75,50.0,NEUTRAL,41.5,,,3668.87,2026-08-03
TIPSFILMS,MEDIA,379.0,68.0,BUY,STRONG_UPTREND,-33.98,,,DISTRIBUTION,0.0,0.0,0.0,STABLE,MODERATE,,-459.69,50.0,NEUTRAL,59.49,375.21,386.58,365.57,2026-08-03
EMULTIMQ,OTHER,,50.0,HOLD_WATCH,,,,,NEUTRAL,,,,,,,,,,59.56,,,,2026-08-03
SABEVENTS,OTHER,6.32,50.0,HOLD_WATCH,INSUFFICIENT_DATA,-27.69,,,NEUTRAL,,,,,MODERATE,,-1.96,,,58.95,6.13,6.32,5.81,2026-08-03
SWIGGY,RETAIL,288.0,26.0,EXIT_AVOID,DOWNTREND,-39.24,SHORT_BUILDUP,3715700.0,NEUTRAL,1.91,0.98,0.0,FII_DII_ACCUMULATION,MODERATE,,-17.37,65.0,POSITIVE,52.19,,,264.96,2026-08-03
MON100,OTHER,,50.0,HOLD_WATCH,,,,,NEUTRAL,,,,,,,,,,59.4,,,,2026-08-03
PVTBKGROWW,OTHER,,50.0,HOLD_WATCH,,,,,NEUTRAL,,,,,,,,,,59.77,,,,2026-08-03
BANSALWIRE,METAL,318.5,56.0,HOLD_WATCH,CONSOLIDATING,-16.23,,,NEUTRAL,-1.24,1.39,0.0,FII_DII_DIVERGENCE,FAIR_VALUE,,4.85,44.0,NEUTRAL,55.19,308.94,318.5,291.5,2026-08-03
20MICRONS,METAL,196.03,67.0,BUY,UPTREND,-20.51,,,NEUTRAL,0.15,0.04,0.0,STABLE,FAIR_VALUE,,6.46,50.0,NEUTRAL,43.48,194.07,199.95,181.1,2026-08-03
EBGNG,IT,535.2,68.0,BUY,UPTREND,-22.38,,,PRICE_LED,0.37,0.53,0.0,DII_ACCUMULATION,,,,53.0,NEUTRAL,57.75,529.85,545.9,481.68,2026-08-03
ASAL,AUTO,507.85,54.0,HOLD_WATCH,CONSOLIDATING,-22.42,,,PRICE_LED,0.0,0.0,0.0,STABLE,MODERATE,,1.99,50.0,NEUTRAL,58.97,492.61,507.85,473.71,2026-08-03
ARENTERP,METAL,38.96,36.0,REDUCE,DOWNTREND,-35.91,,,NEUTRAL,0.0,0.0,0.0,STABLE,CHEAP_QUALITY,,,50.0,NEUTRAL,43.09,,,35.84,2026-08-03
BASF,CHEMICALS,3729.7,77.0,STRONG_BUY,STRONG_UPTREND,-22.78,,,NEUTRAL,1.22,-0.13,0.0,FII_ACCUMULATION,MODERATE,,3.01,56.0,POSITIVE,58.06,3692.4,3804.29,3653.35,2026-08-03
MEGASTAR,FMCG,327.2,53.0,HOLD_WATCH,INSUFFICIENT_DATA,-16.53,,,DISTRIBUTION,0.66,0.48,0.0,FII_ACCUMULATION,EXPENSIVE_OR_WEAK,,1.12,56.0,POSITIVE,26.57,317.38,327.2,301.02,2026-08-03
BHARATSE,AUTO,223.36,62.0,BUY,UPTREND,-15.13,,,PRICE_LED,0.09,0.01,0.0,STABLE,,,,50.0,NEUTRAL,39.9,221.13,227.83,201.02,2026-08-03
ZFCVINDIA,FINANCIAL_SERVICES,2447.8,78.0,STRONG_BUY,STRONG_UPTREND,-19.59,,,NEUTRAL,0.21,-0.79,0.0,STABLE,CHEAP_QUALITY,,12.52,56.0,POSITIVE,33.19,2423.32,2496.76,2347.46,2026-08-03
HSBCGOLD,OTHER,,50.0,HOLD_WATCH,,,,,NEUTRAL,,,,,,,,,,58.34,,,,2026-08-03
BIKAJI,TEXTILES,650.0,38.0,REDUCE,DOWNTREND,-20.61,,,NEUTRAL,-0.23,0.66,-0.04,DII_ACCUMULATION,MODERATE,,9.51,53.0,NEUTRAL,43.95,,,598.0,2026-08-03
METROBRAND,FMCG,1034.9,32.0,REDUCE,DOWNTREND,-22.79,,,DISTRIBUTION,-0.05,0.07,-0.03,STABLE,MODERATE,,12.26,58.0,POSITIVE,57.96,,,952.11,2026-08-03
NV20,OTHER,,50.0,HOLD_WATCH,,,,,NEUTRAL,,,,,,,,,,43.08,,,,2026-08-03
ACCELYA,IT,1141.9,46.0,HOLD_WATCH,DOWNTREND,-25.22,,,PRICE_LED,-0.14,0.0,0.0,STABLE,CHEAP_QUALITY,,25.7,58.0,POSITIVE,54.93,1107.64,1141.9,1050.55,2026-08-03
HUDCO,REALTY,199.38,40.0,REDUCE,DOWNTREND,-19.23,,,NEUTRAL,0.25,-0.43,0.0,STABLE,CHEAP_QUALITY,,26.63,58.0,POSITIVE,24.76,,,183.43,2026-08-03
ARIHANTCAP,FINANCIAL_SERVICES,77.48,40.0,REDUCE,DOWNTREND,-35.43,,,NEUTRAL,-0.12,0.0,0.0,STABLE,CHEAP_QUALITY,,26.11,50.0,NEUTRAL,59.24,,,71.28,2026-08-03
NOCIL,CHEMICALS,174.05,79.0,STRONG_BUY,STRONG_UPTREND,-14.89,,,NEUTRAL,0.08,1.42,0.0,DII_ACCUMULATION,FAIR_VALUE,,11.62,53.0,NEUTRAL,50.53,172.31,177.53,157.69,2026-08-03
SHAHALLOYS,METAL,67.44,26.0,EXIT_AVOID,DOWNTREND,-19.57,,,NEUTRAL,0.05,0.0,0.0,STABLE,MODERATE,,-7.22,50.0,NEUTRAL,24.27,,,62.04,2026-08-03
RANASUG,FMCG,12.52,68.0,BUY,STRONG_UPTREND,-20.2,,,DISTRIBUTION,0.07,0.0,0.0,STABLE,MODERATE,,-0.07,50.0,NEUTRAL,36.37,12.39,12.77,12.22,2026-08-03
DBCORP,MEDIA,210.53,42.0,HOLD_WATCH,DOWNTREND,-26.87,,,DISTRIBUTION,-0.19,-0.01,0.25,STABLE,CHEAP_QUALITY,,16.71,58.0,POSITIVE,46.35,204.21,210.53,193.69,2026-08-03
MMTC,DIVERSIFIED,63.65,57.0,HOLD_WATCH,CONSOLIDATING,-18.76,,,NEUTRAL,0.03,0.01,0.0,STABLE,FAIR_VALUE,,2310.5,50.0,NEUTRAL,27.61,61.74,63.65,61.95,2026-08-03
VTL,TEXTILES,588.35,59.0,BUY,CONSOLIDATING,-14.48,,,NEUTRAL,-0.03,-0.32,0.65,STABLE,FAIR_VALUE,,8.59,50.0,NEUTRAL,52.91,582.47,600.12,529.51,2026-08-03
DALBHARAT,FMCG,1844.6,53.0,HOLD_WATCH,DOWNTREND,-26.11,LONG_BUILDUP,50050.0,DISTRIBUTION,-0.77,1.26,0.0,FII_DII_DIVERGENCE,MODERATE,,18.89,52.0,NEUTRAL,57.68,1789.26,1844.6,1697.03,2026-08-03
RBA,HOSPITALITY,70.76,59.0,BUY,STRONG_UPTREND,-19.27,,,NEUTRAL,-2.39,-5.63,-2.04,PROMOTER_SELLING,MODERATE,,-3.57,44.0,NEUTRAL,57.59,70.05,72.18,64.44,2026-08-03
BMWVENTLTD,METAL,57.69,26.0,EXIT_AVOID,DOWNTREND,-21.19,,,NEUTRAL,,,,STABLE,,,,58.0,POSITIVE,25.71,,,53.07,2026-08-03
LORDSCHLO,CHEMICALS,147.86,26.0,EXIT_AVOID,DOWNTREND,-35.57,,,NEUTRAL,-0.01,0.0,0.31,STABLE,EXPENSIVE_OR_WEAK,,1.29,50.0,NEUTRAL,59.12,,,136.03,2026-08-03
POWERINDIA,CAPITAL_GOODS,32000.0,78.0,STRONG_BUY,CONSOLIDATING,-17.49,LONG_BUILDUP,25100.0,NEUTRAL,0.99,-0.23,0.0,FII_ACCUMULATION,EXPENSIVE_OR_WEAK,,5.98,56.0,POSITIVE,59.47,31680.0,32640.0,28800.0,2026-08-03
TEXRAIL,CAPITAL_GOODS,112.91,37.0,REDUCE,DOWNTREND,-26.2,,,NEUTRAL,0.15,-0.46,0.0,STABLE,FAIR_VALUE,,5.63,50.0,NEUTRAL,54.48,,,103.88,2026-08-03
TDPOWERSYS,CAPITAL_GOODS,1112.4,63.0,BUY,CONSOLIDATING,-19.37,,,NEUTRAL,2.32,-0.95,0.0,FII_DII_DIVERGENCE,MODERATE,,12.83,44.0,NEUTRAL,59.01,1101.28,1134.65,1001.16,2026-08-03
NIITLTD,HEALTHCARE,96.86,58.0,BUY,UPTREND,-17.74,,,NEUTRAL,-1.14,0.0,0.0,STABLE,FAIR_VALUE,,13.83,50.0,NEUTRAL,56.15,95.89,98.8,87.17,2026-08-03
HARIOMPIPE,METAL,402.7,73.0,STRONG_BUY,STRONG_UPTREND,-29.62,,,NEUTRAL,0.26,0.01,0.0,STABLE,FAIR_VALUE,,4.39,50.0,NEUTRAL,59.64,398.67,410.75,362.43,2026-08-03
AKASH,INFRASTRUCTURE,26.34,62.0,BUY,CONSOLIDATING,-26.83,,,EARLY_ROTATION,0.0,0.0,0.0,STABLE,EXPENSIVE_OR_WEAK,,0.43,50.0,NEUTRAL,29.95,26.08,26.87,25.72,2026-08-03
HBESD,REALTY,75.0,50.0,HOLD_WATCH,INSUFFICIENT_DATA,-21.79,,,NEUTRAL,,,,,,,,,,59.59,72.75,75.0,69.0,2026-08-03
SAIL,METAL,165.0,50.0,HOLD_WATCH,CONSOLIDATING,-21.32,LONG_UNWINDING,-263200.0,NEUTRAL,0.48,0.57,0.0,DII_ACCUMULATION,MODERATE,,2.11,53.0,NEUTRAL,53.26,160.05,165.0,156.83,2026-08-03
IGCL,CHEMICALS,75.47,62.0,BUY,STRONG_UPTREND,-36.57,,,NEUTRAL,0.03,-0.02,0.0,STABLE,,,,50.0,NEUTRAL,59.16,74.72,76.98,70.26,2026-08-03
GREENPLY,REALTY,287.4,54.0,HOLD_WATCH,CONSOLIDATING,-14.06,,,NEUTRAL,-0.16,-0.29,0.09,STABLE,MODERATE,,3.34,50.0,NEUTRAL,53.75,278.78,287.4,258.66,2026-08-03
XCHANGING,IT,67.65,46.0,HOLD_WATCH,DOWNTREND,-34.32,,,PRICE_LED,0.1,0.0,0.0,STABLE,CHEAP_QUALITY,,26.97,50.0,NEUTRAL,58.36,65.62,67.65,62.24,2026-08-03
TECHNVISN,IT,4466.1,50.0,HOLD_WATCH,INSUFFICIENT_DATA,-27.94,,,PRICE_LED,,,,,,,,,,58.88,4332.12,4466.1,4108.81,2026-08-03
COASTCORP,CAPITAL_GOODS,51.04,49.0,HOLD_WATCH,INSUFFICIENT_DATA,-23.48,,,NEUTRAL,0.01,0.0,0.07,STABLE,FAIR_VALUE,,1.06,50.0,NEUTRAL,29.61,49.51,51.04,46.96,2026-08-03
XPROINDIA,CHEMICALS,1302.8,54.0,HOLD_WATCH,CONSOLIDATING,-17.27,,,NEUTRAL,-0.74,-0.25,0.0,STABLE,EXPENSIVE_OR_WEAK,,7.14,50.0,NEUTRAL,59.01,1263.72,1302.8,1172.52,2026-08-03
PVTBANKADD,OTHER,,50.0,HOLD_WATCH,,,,,NEUTRAL,,,,,,,,,,59.71,,,,2026-08-03
GOKUL,FMCG,39.43,26.0,EXIT_AVOID,DOWNTREND,-14.08,,,DISTRIBUTION,-0.01,0.0,0.73,STABLE,MODERATE,,0.31,50.0,NEUTRAL,29.14,,,36.28,2026-08-03
ICICIB22,OTHER,,50.0,HOLD_WATCH,,,,,NEUTRAL,,,,,,,,,,58.86,,,,2026-08-03
SAKSOFT,IT,176.57,73.0,STRONG_BUY,STRONG_UPTREND,-23.12,,,PRICE_LED,0.17,-0.14,0.03,STABLE,FAIR_VALUE,,12.15,50.0,NEUTRAL,50.47,174.8,180.1,160.8,2026-08-03
NDGL,FINANCIAL_SERVICES,2849.0,82.0,STRONG_BUY,STRONG_UPTREND,-34.62,,,NEUTRAL,0.0,0.0,0.0,STABLE,CHEAP_QUALITY,,570.98,50.0,NEUTRAL,57.14,2820.51,2905.98,2720.29,2026-08-03
VIDYAWIRES,METAL,93.23,47.0,HOLD_WATCH,INSUFFICIENT_DATA,-20.55,,,NEUTRAL,-3.09,1.11,0.0,FII_DII_DIVERGENCE,,,,44.0,NEUTRAL,51.86,90.43,93.23,85.77,2026-08-03
OBCL,LOGISTICS,53.1,26.0,EXIT_AVOID,DOWNTREND,-18.11,,,NEUTRAL,0.0,0.0,3.63,STRONG_PROMOTER_BUY,MODERATE,,0.86,62.0,POSITIVE,23.97,,,48.85,2026-08-03
MOCAPITAL,OTHER,,50.0,HOLD_WATCH,,,,,NEUTRAL,,,,,,,,,,59.62,,,,2026-08-03
WHEELS,AUTO,1415.7,54.0,HOLD_WATCH,CONSOLIDATING,-21.7,,,PRICE_LED,-0.03,-0.17,0.0,STABLE,MODERATE,,2.08,58.0,POSITIVE,59.06,1373.23,1415.7,1274.13,2026-08-03
GOLDBND,OTHER,,50.0,HOLD_WATCH,,,,,NEUTRAL,,,,,,,,,,58.87,,,,2026-08-03
FMCGIETF,OTHER,,50.0,HOLD_WATCH,,,,,NEUTRAL,,,,,,,,,,59.79,,,,2026-08-03
SUPRIYA,PHARMA,879.65,74.0,STRONG_BUY,CONSOLIDATING,-18.93,,,NEUTRAL,-0.04,0.69,0.0,DII_ACCUMULATION,CHEAP_QUALITY,,26.42,53.0,NEUTRAL,35.72,870.85,897.24,791.68,2026-08-03
GROWWPSE,OTHER,,50.0,HOLD_WATCH,,,,,NEUTRAL,,,,,,,,,,58.46,,,,2026-08-03
MFSL,FINANCIAL_SERVICES,1542.5,26.0,EXIT_AVOID,DOWNTREND,-18.49,SHORT_BUILDUP,43200.0,NEUTRAL,2.74,-2.6,0.0,FII_DII_DIVERGENCE,EXPENSIVE_OR_WEAK,,0.78,44.0,NEUTRAL,48.94,,,1419.1,2026-08-03
TWCGOLDETF,OTHER,,50.0,HOLD_WATCH,,,,,NEUTRAL,,,,,,,,,,59.13,,,,2026-08-03
LAOPALA,FMCG,187.81,46.0,HOLD_WATCH,DOWNTREND,-29.5,,,DISTRIBUTION,-0.13,-0.2,0.31,STABLE,CHEAP_QUALITY,,25.96,50.0,NEUTRAL,45.46,182.18,187.81,172.79,2026-08-03
APLLTD,PHARMA,805.75,67.0,BUY,UPTREND,-19.59,,,NEUTRAL,0.01,0.01,0.0,STABLE,FAIR_VALUE,,9.29,50.0,NEUTRAL,58.48,797.69,821.87,775.81,2026-08-03
INDOFARM,AUTO,161.6,62.0,BUY,STRONG_UPTREND,-40.52,,,PRICE_LED,-0.09,-0.88,0.17,STABLE,MODERATE,,4.16,50.0,NEUTRAL,59.77,159.98,164.83,157.89,2026-08-03
RELIANCE,ENERGY,1319.0,45.0,HOLD_WATCH,DOWNTREND,-18.17,SHORT_COVERING,-1279000.0,PRICE_LED,-0.42,0.37,-0.01,STABLE,FAIR_VALUE,,7.71,58.0,POSITIVE,46.42,1279.43,1319.0,1213.48,2026-08-03
ANDHRSUGAR,CHEMICALS,85.48,68.0,BUY,STRONG_UPTREND,-20.28,,,NEUTRAL,-0.16,0.0,0.0,STABLE,MODERATE,,0.44,50.0,NEUTRAL,54.25,84.63,87.19,78.0,2026-08-03
RITES,INFRASTRUCTURE,219.31,51.0,HOLD_WATCH,DOWNTREND,-21.93,,,EARLY_ROTATION,0.01,0.06,0.0,STABLE,FAIR_VALUE,,15.46,58.0,POSITIVE,51.69,212.73,219.31,201.77,2026-08-03
RUPA,TEXTILES,163.63,67.0,BUY,UPTREND,-24.94,,,NEUTRAL,0.01,-0.2,0.0,STABLE,FAIR_VALUE,,7.52,50.0,NEUTRAL,56.53,161.99,166.9,152.25,2026-08-03
GROWWPSUBK,OTHER,,50.0,HOLD_WATCH,,,,,NEUTRAL,,,,,,,,,,59.83,,,,2026-08-03
BANKINDIA,BANKING,140.5,49.0,HOLD_WATCH,DOWNTREND,-21.23,SHORT_COVERING,-566800.0,NEUTRAL,1.44,-1.22,0.0,FII_DII_DIVERGENCE,,,,52.0,NEUTRAL,55.47,136.28,140.5,129.26,2026-08-03
HINDPETRO,CHEMICALS,395.0,61.0,HOLD_WATCH,DOWNTREND,-22.31,LONG_BUILDUP,1010475.0,NEUTRAL,0.91,-1.09,0.0,FII_DII_DIVERGENCE,FAIR_VALUE,,1.18,44.0,NEUTRAL,56.26,391.05,402.9,363.4,2026-08-03
STCINDIA,DIVERSIFIED,119.66,64.0,BUY,CONSOLIDATING,-20.6,,,NEUTRAL,0.0,0.0,0.0,STABLE,CHEAP_QUALITY,,,50.0,NEUTRAL,36.43,118.46,122.05,117.12,2026-08-03
MOBIKWIK,FINANCIAL_SERVICES,214.77,71.0,BUY,STRONG_UPTREND,-35.7,,,NEUTRAL,1.07,-0.71,-0.03,FII_DII_DIVERGENCE,MODERATE,,-10.51,44.0,NEUTRAL,59.91,212.62,219.07,207.23,2026-08-03
ESILVER,OTHER,,50.0,HOLD_WATCH,,,,,NEUTRAL,,,,,,,,,,34.1,,,,2026-08-03
NIACL,FINANCIAL_SERVICES,175.46,68.0,BUY,STRONG_UPTREND,-19.51,,,NEUTRAL,0.02,0.01,0.0,STABLE,,,,50.0,NEUTRAL,57.69,173.71,178.97,157.91,2026-08-03
BEEKAY,METAL,392.8,50.0,HOLD_WATCH,INSUFFICIENT_DATA,-16.75,,,NEUTRAL,,,,,,,,,,48.7,381.02,392.8,361.38,2026-08-03
SALONA,TEXTILES,248.06,31.0,REDUCE,DOWNTREND,-22.48,,,NEUTRAL,0.0,0.0,0.0,STABLE,FAIR_VALUE,,1.17,50.0,NEUTRAL,23.27,,,228.22,2026-08-03
KPRMILL,TEXTILES,1063.7,59.0,BUY,CONSOLIDATING,-20.26,,,NEUTRAL,0.14,0.29,0.0,STABLE,FAIR_VALUE,,13.23,58.0,POSITIVE,59.07,1053.06,1084.97,957.33,2026-08-03
ENERGY,OTHER,,50.0,HOLD_WATCH,,,,,NEUTRAL,,,,,,,,,,59.75,,,,2026-08-03
SRHHYPOLTD,CHEMICALS,494.1,64.0,BUY,CONSOLIDATING,-22.8,,,NEUTRAL,0.0,0.0,1.39,STRONG_PROMOTER_BUY,CHEAP_QUALITY,,15.18,62.0,POSITIVE,47.21,489.16,503.98,480.42,2026-08-03
AONETMMQ50,OTHER,,50.0,HOLD_WATCH,,,,,NEUTRAL,,,,,,,,,,59.78,,,,2026-08-03
MAHABANK,BANKING,79.57,75.0,STRONG_BUY,CONSOLIDATING,-15.8,,,NEUTRAL,0.88,1.18,0.0,FII_DII_ACCUMULATION,,,,72.0,POSITIVE,54.06,78.77,81.16,71.61,2026-08-03
BANCOINDIA,AUTO,657.75,78.0,STRONG_BUY,STRONG_UPTREND,-25.24,,,PRICE_LED,0.06,-0.01,0.0,STABLE,CHEAP_QUALITY,,15.5,58.0,POSITIVE,58.78,651.17,670.9,633.83,2026-08-03
GOACARBON,METAL,382.7,48.0,HOLD_WATCH,CONSOLIDATING,-22.67,,,NEUTRAL,-0.03,0.0,0.0,STABLE,MODERATE,,-7.43,50.0,NEUTRAL,27.95,371.22,382.7,374.23,2026-08-03
KIOCL,METAL,394.9,62.0,BUY,STRONG_UPTREND,-37.77,,,NEUTRAL,0.03,0.0,0.0,STABLE,MODERATE,,-59.48,50.0,NEUTRAL,59.32,390.95,402.8,368.28,2026-08-03
HDBFS,FINANCIAL_SERVICES,684.85,38.0,REDUCE,DOWNTREND,-15.64,,,NEUTRAL,-0.31,0.87,-0.03,DII_ACCUMULATION,,,,61.0,POSITIVE,40.64,,,630.06,2026-08-03
TATACOMM,CHEMICALS,1780.1,60.0,BUY,CONSOLIDATING,-15.64,,,NEUTRAL,-0.03,0.65,0.0,DII_ACCUMULATION,EXPENSIVE_OR_WEAK,,0.33,61.0,POSITIVE,59.38,1762.3,1815.7,1687.67,2026-08-03
MAMATA,CAPITAL_GOODS,403.15,79.0,STRONG_BUY,STRONG_UPTREND,-21.72,,,NEUTRAL,0.11,1.34,0.0,DII_ACCUMULATION,FAIR_VALUE,,11.55,53.0,NEUTRAL,52.25,399.12,411.21,393.75,2026-08-03
ORIENTCER,CAPITAL_GOODS,41.0,62.0,BUY,UPTREND,-27.61,,,NEUTRAL,-0.04,0.0,0.0,STABLE,MODERATE,,2.83,50.0,NEUTRAL,57.22,40.59,41.82,40.08,2026-08-03
UBL,FMCG,1438.4,38.0,REDUCE,DOWNTREND,-25.85,,,DISTRIBUTION,-0.56,0.63,0.0,FII_DII_DIVERGENCE,EXPENSIVE_OR_WEAK,,0.87,44.0,NEUTRAL,56.08,,,1323.33,2026-08-03
ORISSAMINE,METAL,4106.3,32.0,REDUCE,DOWNTREND,-33.11,,,NEUTRAL,0.3,-0.02,0.0,STABLE,MODERATE,,-15.22,50.0,NEUTRAL,54.69,,,3777.8,2026-08-03
SRM,INFRASTRUCTURE,496.4,73.0,STRONG_BUY,CONSOLIDATING,-23.62,,,EARLY_ROTATION,0.39,-0.15,0.0,STABLE,FAIR_VALUE,,10.64,50.0,NEUTRAL,36.82,491.44,506.33,482.53,2026-08-03
ARCHIDPLY,REALTY,81.8,26.0,EXIT_AVOID,DOWNTREND,-27.61,,,NEUTRAL,0.0,0.0,0.0,STABLE,MODERATE,,-1.16,50.0,NEUTRAL,26.24,,,75.26,2026-08-03
BESTAGRO,CHEMICALS,18.89,44.0,HOLD_WATCH,INSUFFICIENT_DATA,-45.09,,,NEUTRAL,0.01,0.0,0.0,STABLE,MODERATE,,6.91,54.0,NEUTRAL,55.38,18.32,18.89,17.38,2026-08-03
ACC,CEMENT,1398.0,36.0,REDUCE,DOWNTREND,-29.64,,,DISTRIBUTION,-0.06,0.23,0.0,STABLE,CHEAP_QUALITY,,18.42,58.0,POSITIVE,21.65,,,1286.16,2026-08-03
NCLIND,CEMENT,182.45,26.0,EXIT_AVOID,DOWNTREND,-18.53,,,DISTRIBUTION,-0.08,0.03,0.61,STABLE,EXPENSIVE_OR_WEAK,,0.82,58.0,POSITIVE,28.13,,,167.85,2026-08-03
JSWDULUX,CHEMICALS,3015.5,50.0,HOLD_WATCH,INSUFFICIENT_DATA,-10.68,,,NEUTRAL,-0.22,1.2,0.0,DII_ACCUMULATION,,,,53.0,NEUTRAL,23.18,2925.03,3015.5,2774.26,2026-08-03
JKCEMENT,CEMENT,5563.5,65.0,BUY,STRONG_UPTREND,-26.46,,,DISTRIBUTION,-1.03,1.25,0.0,FII_DII_DIVERGENCE,MODERATE,,5.32,44.0,NEUTRAL,57.69,5507.86,5674.77,5404.19,2026-08-03
TGBHOTELS,HOSPITALITY,9.27,37.0,REDUCE,DOWNTREND,-30.82,,,NEUTRAL,0.0,0.0,-0.01,STABLE,FAIR_VALUE,,4.73,50.0,NEUTRAL,38.18,,,8.53,2026-08-03
ZENTEC,DEFENCE,1656.4,69.0,BUY,CONSOLIDATING,-18.16,,,NEUTRAL,0.44,2.21,0.0,DII_ACCUMULATION,FAIR_VALUE,,28.03,53.0,NEUTRAL,57.96,1639.84,1689.53,1490.76,2026-08-03
JAYNECOIND,METAL,88.18,54.0,HOLD_WATCH,CONSOLIDATING,-24.63,,,NEUTRAL,-0.39,0.09,0.0,STABLE,EXPENSIVE_OR_WEAK,,1.48,50.0,NEUTRAL,36.6,85.53,88.18,82.51,2026-08-03
CDSL,REALTY,1322.2,22.0,EXIT_AVOID,DOWNTREND,-21.0,SHORT_BUILDUP,292600.0,NEUTRAL,-1.04,-0.7,0.0,STABLE,CHEAP_QUALITY,,48.6,50.0,NEUTRAL,57.49,,,1216.42,2026-08-03
SURYALA,TEXTILES,410.9,50.0,HOLD_WATCH,INSUFFICIENT_DATA,-19.11,,,NEUTRAL,,,,,,,,,,59.55,398.57,410.9,378.03,2026-08-03
AGI,CHEMICALS,704.25,78.0,STRONG_BUY,STRONG_UPTREND,-27.17,,,NEUTRAL,-0.45,-0.21,0.15,STABLE,CHEAP_QUALITY,,12.93,50.0,NEUTRAL,55.21,697.21,718.34,637.41,2026-08-03
INDIQUBE,REALTY,171.97,32.0,REDUCE,DOWNTREND,-29.46,,,NEUTRAL,-0.12,0.03,0.06,STABLE,,,,50.0,NEUTRAL,58.11,,,158.21,2026-08-03
GROBTEA,FMCG,918.05,46.0,HOLD_WATCH,DOWNTREND,-25.74,,,DISTRIBUTION,0.0,0.0,0.0,STABLE,CHEAP_QUALITY,,30.71,50.0,NEUTRAL,49.17,890.51,918.05,844.61,2026-08-03
ELCIDIN,FINANCIAL_SERVICES,111750.0,50.0,HOLD_WATCH,INSUFFICIENT_DATA,-18.43,,,NEUTRAL,,,,,,,,,,57.99,108397.5,111750.0,102810.0,2026-08-03
HDFCSILVER,OTHER,,50.0,HOLD_WATCH,,,,,NEUTRAL,,,,,,,,,,30.65,,,,2026-08-03
DOMS,FMCG,2292.0,38.0,REDUCE,DOWNTREND,-17.26,,,DISTRIBUTION,-0.77,0.87,0.0,FII_DII_DIVERGENCE,MODERATE,,11.26,44.0,NEUTRAL,35.79,,,2108.64,2026-08-03
EPACKPEB,CAPITAL_GOODS,243.95,53.0,HOLD_WATCH,UPTREND,-29.08,,,NEUTRAL,-1.1,-0.57,-0.1,STABLE,,,,50.0,NEUTRAL,58.88,236.63,243.95,224.44,2026-08-03
DATAMATICS,IT,824.95,72.0,STRONG_BUY,UPTREND,-24.18,,,PRICE_LED,-0.06,-0.02,0.0,STABLE,CHEAP_QUALITY,,14.04,50.0,NEUTRAL,59.25,816.7,841.45,766.41,2026-08-03
CANFINHOME,FINANCIAL_SERVICES,817.0,40.0,REDUCE,DOWNTREND,-15.9,,,NEUTRAL,0.13,-0.1,0.0,STABLE,CHEAP_QUALITY,,21.64,50.0,NEUTRAL,22.91,,,751.64,2026-08-03
SILVERBEES,OTHER,,50.0,HOLD_WATCH,,,,,NEUTRAL,,,,,,,,,,30.77,,,,2026-08-03
BSOFT,IT,321.5,46.0,HOLD_WATCH,DOWNTREND,-32.17,,,PRICE_LED,2.74,-0.76,-0.12,FII_DII_DIVERGENCE,FAIR_VALUE,,8.43,44.0,NEUTRAL,51.48,311.86,321.5,295.78,2026-08-03
ANURAS,CHEMICALS,1209.8,26.0,EXIT_AVOID,DOWNTREND,-14.5,,,NEUTRAL,-0.69,-0.07,0.0,STABLE,EXPENSIVE_OR_WEAK,,8.24,50.0,NEUTRAL,20.34,,,1113.02,2026-08-03
TEJASNET,TELECOM,519.6,59.0,BUY,CONSOLIDATING,-19.69,,,NEUTRAL,-0.65,-0.44,-0.06,STABLE,FAIR_VALUE,,8.08,50.0,NEUTRAL,51.25,514.4,529.99,467.64,2026-08-03
APOLSINHOT,HOSPITALITY,1207.1,32.0,REDUCE,DOWNTREND,-19.05,,,NEUTRAL,0.03,0.0,0.0,STABLE,MODERATE,,1.48,50.0,NEUTRAL,33.27,,,1110.53,2026-08-03
SANOFICONR,PHARMA,4539.5,68.0,BUY,CONSOLIDATING,-15.26,,,NEUTRAL,-0.07,0.24,0.0,STABLE,CHEAP_QUALITY,,27.01,58.0,POSITIVE,45.79,4494.1,4630.29,4435.87,2026-08-03
BANKNIFTY1,OTHER,,50.0,HOLD_WATCH,,,,,NEUTRAL,,,,,,,,,,55.64,,,,2026-08-03
MOINFRA,OTHER,,50.0,HOLD_WATCH,,,,,NEUTRAL,,,,,,,,,,59.82,,,,2026-08-03
BSE,FINANCIAL_SERVICES,3575.0,98.0,STRONG_BUY,CONSOLIDATING,-19.61,LONG_BUILDUP,203600.0,NEUTRAL,1.97,1.35,0.0,FII_DII_ACCUMULATION,CHEAP_QUALITY,,37.13,65.0,POSITIVE,59.48,3539.25,3646.5,3217.5,2026-08-03
SILVERIETF,OTHER,,44.0,HOLD_WATCH,,,,,NEUTRAL,,,,,,,,,,29.29,,,,2026-08-03
SBISILVER,OTHER,,44.0,HOLD_WATCH,,,,,NEUTRAL,,,,,,,,,,28.98,,,,2026-08-03
MAPMYINDIA,IT,1196.0,40.0,REDUCE,DOWNTREND,-40.14,,,PRICE_LED,-0.75,0.37,0.05,STABLE,CHEAP_QUALITY,,28.72,50.0,NEUTRAL,59.31,,,1100.32,2026-08-03
KRBL,AGRICULTURE,373.7,73.0,STRONG_BUY,STRONG_UPTREND,-24.51,,,NEUTRAL,0.19,0.04,0.0,STABLE,FAIR_VALUE,,7.97,50.0,NEUTRAL,39.5,369.96,381.17,352.57,2026-08-03
TATSILV,OTHER,,44.0,HOLD_WATCH,,,,,NEUTRAL,,,,,,,,,,26.13,,,,2026-08-03
ESABINDIA,CAPITAL_GOODS,5614.5,37.0,REDUCE,DOWNTREND,-23.29,,,NEUTRAL,0.07,-0.01,0.0,STABLE,FAIR_VALUE,,12.36,58.0,POSITIVE,41.55,,,5165.34,2026-08-03
SILVER,OTHER,,44.0,HOLD_WATCH,,,,,NEUTRAL,,,,,,,,,,26.82,,,,2026-08-03
GROWW,FINANCIAL_SERVICES,192.6,41.0,REDUCE,INSUFFICIENT_DATA,-15.23,,,NEUTRAL,-54.64,1.86,-0.43,FII_DII_DIVERGENCE,,,,44.0,NEUTRAL,24.21,,,177.19,2026-08-03
TORNTPOWER,POWER,1391.7,37.0,REDUCE,DOWNTREND,-23.7,,,NEUTRAL,0.08,0.1,0.0,STABLE,FAIR_VALUE,,7.2,58.0,POSITIVE,58.5,,,1280.36,2026-08-03
TRITURBINE,CAPITAL_GOODS,611.6,56.0,HOLD_WATCH,CONSOLIDATING,-22.35,,,NEUTRAL,-1.57,1.92,0.0,FII_DII_DIVERGENCE,FAIR_VALUE,,18.28,52.0,NEUTRAL,58.87,593.25,611.6,550.44,2026-08-03
VHL,FINANCIAL_SERVICES,3425.2,46.0,HOLD_WATCH,DOWNTREND,-19.88,,,NEUTRAL,0.0,0.0,0.0,STABLE,CHEAP_QUALITY,,1000.91,50.0,NEUTRAL,52.26,3322.44,3425.2,3151.18,2026-08-03
POKARNA,REALTY,932.45,74.0,STRONG_BUY,CONSOLIDATING,-18.65,,,NEUTRAL,0.08,1.83,0.0,DII_ACCUMULATION,CHEAP_QUALITY,,20.12,53.0,NEUTRAL,56.91,923.13,951.1,873.43,2026-08-03
KOTARISUG,FMCG,26.13,37.0,REDUCE,DOWNTREND,-30.65,,,DISTRIBUTION,-0.01,-0.13,0.0,STABLE,FAIR_VALUE,,6.32,50.0,NEUTRAL,55.09,,,24.04,2026-08-03
MUKKA,AGRICULTURE,23.29,31.0,REDUCE,DOWNTREND,-25.42,,,NEUTRAL,0.0,-0.17,0.0,STABLE,FAIR_VALUE,,6.25,50.0,NEUTRAL,27.36,,,21.43,2026-08-03
AJOONI,AGRICULTURE,3.99,31.0,REDUCE,DOWNTREND,-32.83,,,NEUTRAL,0.0,0.0,0.0,STABLE,FAIR_VALUE,,2.85,50.0,NEUTRAL,29.38,,,3.67,2026-08-03
DMART,RETAIL,4015.0,40.0,REDUCE,DOWNTREND,-18.88,SHORT_COVERING,-40650.0,NEUTRAL,0.29,-0.04,-0.14,STABLE,EXPENSIVE_OR_WEAK,,4.55,50.0,NEUTRAL,57.68,,,3693.8,2026-08-03
CESC,POWER,165.98,37.0,REDUCE,DOWNTREND,-18.84,,,NEUTRAL,-0.27,0.61,0.0,DII_ACCUMULATION,FAIR_VALUE,,7.93,53.0,NEUTRAL,28.64,,,152.7,2026-08-03
MWL,METAL,37.9,68.0,BUY,STRONG_UPTREND,-9.65,,,NEUTRAL,0.01,0.0,-0.91,STABLE,,,,50.0,NEUTRAL,48.46,37.52,38.66,34.11,2026-08-03
CUB,BANKING,204.65,54.0,HOLD_WATCH,CONSOLIDATING,-16.6,,,NEUTRAL,-0.12,0.5,0.0,DII_ACCUMULATION,,,,59.0,POSITIVE,54.93,198.51,204.65,198.44,2026-08-03
SILVERCASE,OTHER,,44.0,HOLD_WATCH,,,,,NEUTRAL,,,,,,,,,,27.03,,,,2026-08-03
MOL,CHEMICALS,54.36,26.0,EXIT_AVOID,DOWNTREND,-38.84,,,NEUTRAL,0.01,0.0,-0.03,STABLE,MODERATE,,-0.77,50.0,NEUTRAL,53.82,,,50.01,2026-08-03
ZEEL,MEDIA,98.14,68.0,BUY,CONSOLIDATING,-20.94,,,DISTRIBUTION,1.12,-1.2,0.0,FII_DII_DIVERGENCE,FAIR_VALUE,,11.69,44.0,NEUTRAL,55.13,97.16,100.1,90.78,2026-08-03
PUNJABCHEM,CHEMICALS,1151.9,68.0,BUY,STRONG_UPTREND,-24.9,,,NEUTRAL,0.0,0.06,0.02,STABLE,MODERATE,,4.04,50.0,NEUTRAL,59.76,1140.38,1174.94,1102.24,2026-08-03
STAR,PHARMA,1028.5,65.0,BUY,CONSOLIDATING,-16.45,,,NEUTRAL,-0.84,1.43,0.05,FII_DII_DIVERGENCE,FAIR_VALUE,,7.8,44.0,NEUTRAL,51.73,1018.22,1049.07,952.82,2026-08-03
MOENERGY,OTHER,,50.0,HOLD_WATCH,,,,,NEUTRAL,,,,,,,,,,59.54,,,,2026-08-03
KALYANIFRG,CAPITAL_GOODS,599.6,31.0,REDUCE,DOWNTREND,-29.43,,,NEUTRAL,0.0,0.0,0.02,STABLE,FAIR_VALUE,,4.75,50.0,NEUTRAL,28.9,,,551.63,2026-08-03
COALINDIA,ENERGY,416.0,48.0,HOLD_WATCH,DOWNTREND,-15.32,SHORT_COVERING,-954450.0,PRICE_LED,0.16,0.21,0.0,STABLE,CHEAP_QUALITY,,22.22,58.0,POSITIVE,23.8,403.52,416.0,382.72,2026-08-03
GPPL,INFRASTRUCTURE,151.37,69.0,HOLD_WATCH,DOWNTREND,-24.35,,,EARLY_ROTATION,1.1,0.02,0.0,FII_ACCUMULATION,CHEAP_QUALITY,,35.69,56.0,POSITIVE,51.26,149.86,154.4,139.26,2026-08-03
LICHSGFIN,FINANCIAL_SERVICES,519.0,36.0,REDUCE,DOWNTREND,-13.24,SHORT_BUILDUP,3695000.0,NEUTRAL,1.03,-0.92,0.0,FII_DII_DIVERGENCE,CHEAP_QUALITY,,19.74,44.0,NEUTRAL,31.5,,,477.48,2026-08-03
GROWWCAPM,OTHER,,50.0,HOLD_WATCH,,,,,NEUTRAL,,,,,,,,,,59.53,,,,2026-08-03
MAHSEAMLES,METAL,573.7,42.0,HOLD_WATCH,DOWNTREND,-17.81,,,NEUTRAL,0.13,0.55,0.0,DII_ACCUMULATION,CHEAP_QUALITY,,15.05,50.0,NEUTRAL,21.02,556.49,573.7,527.8,2026-08-03
SILVER360,OTHER,,44.0,HOLD_WATCH,,,,,NEUTRAL,,,,,,,,,,26.64,,,,2026-08-03
MANAKCOAT,METAL,120.08,32.0,REDUCE,DOWNTREND,-34.32,,,NEUTRAL,-0.92,0.0,0.32,STABLE,MODERATE,,2.44,50.0,NEUTRAL,57.5,,,110.47,2026-08-03
GROWWPOWER,OTHER,,50.0,HOLD_WATCH,,,,,NEUTRAL,,,,,,,,,,59.53,,,,2026-08-03
ORIENTPPR,CHEMICALS,19.05,26.0,EXIT_AVOID,DOWNTREND,-38.33,,,NEUTRAL,-0.29,0.09,0.0,STABLE,MODERATE,,-6.88,50.0,NEUTRAL,52.02,,,17.53,2026-08-03
MERCANTILE,REALTY,24.33,50.0,HOLD_WATCH,INSUFFICIENT_DATA,-23.73,,,NEUTRAL,,,,,,,,,,46.13,23.6,24.33,22.38,2026-08-03
URJA,CAPITAL_GOODS,10.06,26.0,EXIT_AVOID,DOWNTREND,-30.38,,,NEUTRAL,-0.08,0.0,0.0,STABLE,EXPENSIVE_OR_WEAK,,2.14,50.0,NEUTRAL,20.67,,,9.26,2026-08-03
SILVERADD,OTHER,,44.0,HOLD_WATCH,,,,,NEUTRAL,,,,,,,,,,28.5,,,,2026-08-03
GHCL,CHEMICALS,444.1,46.0,HOLD_WATCH,DOWNTREND,-33.44,,,NEUTRAL,-0.52,1.07,0.04,FII_DII_DIVERGENCE,CHEAP_QUALITY,,21.63,52.0,NEUTRAL,20.9,430.78,444.1,408.57,2026-08-03
NITCO,CAPITAL_GOODS,108.09,68.0,BUY,STRONG_UPTREND,-23.87,,,NEUTRAL,0.12,-0.14,3.97,STRONG_PROMOTER_BUY,MODERATE,,-461.22,62.0,POSITIVE,56.99,107.01,110.25,97.28,2026-08-03
MAXESTATES,REALTY,400.35,26.0,EXIT_AVOID,DOWNTREND,-20.27,,,NEUTRAL,0.22,-0.13,0.36,STABLE,MODERATE,,-3.43,50.0,NEUTRAL,28.01,,,368.32,2026-08-03
JTEKTINDIA,AUTO,141.74,68.0,BUY,STRONG_UPTREND,-24.81,,,PRICE_LED,0.01,0.02,0.0,STABLE,MODERATE,,2.99,50.0,NEUTRAL,58.12,140.32,144.57,136.27,2026-08-03
SAATVIKGL,CAPITAL_GOODS,437.8,60.0,BUY,CONSOLIDATING,-22.79,,,NEUTRAL,-0.22,1.17,0.0,DII_ACCUMULATION,,,,53.0,NEUTRAL,51.78,433.42,446.56,416.71,2026-08-03
MAITHANALL,METAL,963.9,40.0,REDUCE,DOWNTREND,-20.35,,,NEUTRAL,0.02,-0.05,0.0,STABLE,CHEAP_QUALITY,,23.41,58.0,POSITIVE,22.93,,,886.79,2026-08-03
ROLEXRINGS,AUTO,139.1,58.0,BUY,CONSOLIDATING,-20.97,,,PRICE_LED,0.05,0.09,-1.13,PROMOTER_SELLING,CHEAP_QUALITY,,12.4,32.0,WEAK,44.82,137.71,141.88,128.3,2026-08-03
PIIND,CHEMICALS,2793.0,30.0,REDUCE,DOWNTREND,-28.71,LONG_UNWINDING,-4375.0,NEUTRAL,-0.1,0.27,0.0,STABLE,CHEAP_QUALITY,,22.88,58.0,POSITIVE,23.75,,,2569.56,2026-08-03
TSFINV,FINANCIAL_SERVICES,454.3,62.0,BUY,UPTREND,-34.82,,,NEUTRAL,0.05,-0.03,-0.02,STABLE,,,,58.0,POSITIVE,59.87,449.76,463.39,428.87,2026-08-03
MAGNUM,CHEMICALS,19.99,31.0,REDUCE,DOWNTREND,-33.92,,,NEUTRAL,0.01,0.0,0.0,STABLE,FAIR_VALUE,,9.18,50.0,NEUTRAL,24.03,,,18.39,2026-08-03
HEXT,IT,559.85,34.0,REDUCE,DOWNTREND,-32.5,,,PRICE_LED,-3.95,3.73,0.0,FII_DII_DIVERGENCE,FAIR_VALUE,,10.17,52.0,NEUTRAL,52.98,,,515.06,2026-08-03
WILLAMAGOR,FINANCIAL_SERVICES,26.57,40.0,REDUCE,DOWNTREND,-29.15,,,NEUTRAL,0.0,0.0,0.0,STABLE,CHEAP_QUALITY,,1173.47,50.0,NEUTRAL,21.57,,,24.44,2026-08-03
CPSEETF,OTHER,,50.0,HOLD_WATCH,,,,,NEUTRAL,,,,,,,,,,58.28,,,,2026-08-03
GODIGIT,FINANCIAL_SERVICES,262.75,26.0,EXIT_AVOID,DOWNTREND,-31.11,,,NEUTRAL,-0.25,0.29,-0.02,STABLE,,,,50.0,NEUTRAL,10.74,,,241.73,2026-08-03
LAHOTIOV,TEXTILES,41.49,50.0,HOLD_WATCH,INSUFFICIENT_DATA,-23.02,,,NEUTRAL,,,,,,,,,,57.36,40.25,41.49,38.17,2026-08-03
INFOBEAN,IT,171.95,37.0,REDUCE,DOWNTREND,-33.22,,,PRICE_LED,-0.08,-0.75,-1.56,PROMOTER_SELLING,FAIR_VALUE,,10.13,38.0,NEUTRAL,35.28,,,158.19,2026-08-03
JAGRAN,MEDIA,62.88,42.0,HOLD_WATCH,DOWNTREND,-20.3,,,DISTRIBUTION,-0.2,-1.28,0.0,STABLE,CHEAP_QUALITY,,12.14,58.0,POSITIVE,51.54,60.99,62.88,57.85,2026-08-03
POWERMECH,INFRASTRUCTURE,2593.0,73.0,STRONG_BUY,CONSOLIDATING,-20.46,,,EARLY_ROTATION,-0.08,-0.36,0.09,STABLE,FAIR_VALUE,,6.58,50.0,NEUTRAL,30.47,2567.07,2644.86,2333.7,2026-08-03
BEL,DEFENCE,392.15,71.0,HOLD_WATCH,DOWNTREND,-17.17,LONG_BUILDUP,1922325.0,NEUTRAL,0.99,-0.49,0.0,FII_ACCUMULATION,FAIR_VALUE,,23.17,71.2,POSITIVE,46.61,388.23,399.99,360.78,2026-08-03
NSIL,FINANCIAL_SERVICES,5622.0,49.0,HOLD_WATCH,DOWNTREND,-35.6,,,NEUTRAL,0.51,0.0,0.0,FII_ACCUMULATION,CHEAP_QUALITY,,58.98,56.0,POSITIVE,54.69,5453.34,5622.0,5172.24,2026-08-03
VGL,TEXTILES,61.7,50.0,HOLD_WATCH,INSUFFICIENT_DATA,-27.2,,,NEUTRAL,0.01,0.0,0.0,STABLE,,,,52.0,NEUTRAL,36.76,59.85,61.7,56.76,2026-08-03
ROTO,CAPITAL_GOODS,67.48,67.0,BUY,UPTREND,-25.52,,,NEUTRAL,0.02,-0.89,0.0,STABLE,FAIR_VALUE,,9.84,50.0,NEUTRAL,34.51,66.81,68.83,60.73,2026-08-03
BIL,TEXTILES,760.85,68.0,BUY,STRONG_UPTREND,-22.36,,,NEUTRAL,0.01,0.25,0.0,STABLE,MODERATE,,1.1,50.0,NEUTRAL,45.57,753.24,776.07,745.24,2026-08-03
5PAISA,FINANCIAL_SERVICES,353.25,85.0,STRONG_BUY,UPTREND,-11.69,,,NEUTRAL,2.66,0.0,3.73,STRONG_PROMOTER_FII_BUY,CHEAP_QUALITY,,21.73,48.0,NEUTRAL,46.33,349.72,360.31,321.59,2026-08-03
FINCABLES,CAPITAL_GOODS,998.05,65.0,BUY,CONSOLIDATING,-17.1,,,NEUTRAL,0.2,0.66,0.0,DII_ACCUMULATION,FAIR_VALUE,,10.63,53.0,NEUTRAL,48.03,988.07,1018.01,898.25,2026-08-03
SIKA,DEFENCE,1124.1,50.0,HOLD_WATCH,INSUFFICIENT_DATA,-17.31,,,NEUTRAL,,,,,,,,,,59.27,1090.38,1124.1,1034.17,2026-08-03
KSOLVES,IT,282.8,40.0,REDUCE,DOWNTREND,-20.3,,,PRICE_LED,-0.05,0.0,-0.02,STABLE,CHEAP_QUALITY,,26.9,58.0,POSITIVE,24.2,,,260.18,2026-08-03
ABSLAMC,RETAIL,1017.8,74.0,STRONG_BUY,CONSOLIDATING,-16.91,,,NEUTRAL,-0.3,0.76,0.0,DII_ACCUMULATION,CHEAP_QUALITY,,50.43,53.0,NEUTRAL,36.11,1007.62,1038.16,916.02,2026-08-03
BAYERCROP,CHEMICALS,4303.3,26.0,EXIT_AVOID,DOWNTREND,-24.58,,,NEUTRAL,,,,,,,,,,26.12,,,3959.04,2026-08-03
GATEWAY,LOGISTICS,58.14,46.0,HOLD_WATCH,DOWNTREND,-17.53,,,NEUTRAL,0.16,-1.68,0.9,STABLE,CHEAP_QUALITY,,113.17,58.0,POSITIVE,48.28,56.4,58.14,53.49,2026-08-03
ARFIN,METAL,85.49,35.0,REDUCE,INSUFFICIENT_DATA,-19.5,,,NEUTRAL,-1.14,,0.0,STABLE,,,,50.0,NEUTRAL,29.54,,,78.65,2026-08-03
CEATLTD,AUTO,3542.5,26.0,EXIT_AVOID,DOWNTREND,-20.18,,,PRICE_LED,-0.37,0.41,0.08,STABLE,MODERATE,,3.31,50.0,NEUTRAL,27.48,,,3259.1,2026-08-03
BHARATWIRE,METAL,202.77,68.0,BUY,CONSOLIDATING,-22.61,,,NEUTRAL,2.08,-0.55,0.0,FII_DII_DIVERGENCE,FAIR_VALUE,,10.74,44.0,NEUTRAL,45.11,200.74,206.83,187.57,2026-08-03
CGPOWER,IT,826.1,75.0,STRONG_BUY,CONSOLIDATING,-15.78,LONG_BUILDUP,571200.0,PRICE_LED,0.01,0.52,0.0,DII_ACCUMULATION,MODERATE,,9.45,61.0,POSITIVE,58.63,817.84,842.62,743.49,2026-08-03
SRF,CHEMICALS,2645.0,53.0,HOLD_WATCH,DOWNTREND,-17.6,LONG_BUILDUP,71800.0,NEUTRAL,-0.82,0.99,0.0,FII_DII_DIVERGENCE,MODERATE,,6.83,52.0,NEUTRAL,48.26,2565.65,2645.0,2433.4,2026-08-03
RUBFILA,CHEMICALS,71.45,31.0,REDUCE,DOWNTREND,-19.94,,,NEUTRAL,-0.12,0.0,0.5,STABLE,FAIR_VALUE,,5.77,50.0,NEUTRAL,28.2,,,65.73,2026-08-03
AAKASH,OTHER,8.98,50.0,HOLD_WATCH,INSUFFICIENT_DATA,-32.99,,,NEUTRAL,0.0,0.0,0.0,STABLE,EXPENSIVE_OR_WEAK,,0.8,50.0,NEUTRAL,52.1,8.71,8.98,8.26,2026-08-03
ALLDIGI,IT,814.4,36.0,REDUCE,DOWNTREND,-22.51,,,PRICE_LED,-0.16,0.01,0.0,STABLE,CHEAP_QUALITY,,14.28,58.0,POSITIVE,22.85,,,749.25,2026-08-03
PREMEXPLN,CHEMICALS,661.8,54.0,HOLD_WATCH,CONSOLIDATING,-20.25,,,NEUTRAL,0.28,-0.07,0.0,STABLE,EXPENSIVE_OR_WEAK,,6.78,50.0,NEUTRAL,58.15,641.95,661.8,595.62,2026-08-03
HINDCOPPER,METAL,495.05,32.0,REDUCE,DOWNTREND,-34.87,,,NEUTRAL,-0.22,-0.18,0.0,STABLE,MODERATE,,19.45,58.0,POSITIVE,56.29,,,455.45,2026-08-03
SAIPARENT,PHARMA,554.55,50.0,HOLD_WATCH,INSUFFICIENT_DATA,-21.45,,,NEUTRAL,0.0,0.0,0.0,STABLE,,,,50.0,NEUTRAL,52.28,537.91,554.55,510.19,2026-08-03
MAANALU,METAL,126.78,29.0,REDUCE,INSUFFICIENT_DATA,-31.37,,,NEUTRAL,0.0,-0.01,-3.05,PROMOTER_SELLING,MODERATE,,2.11,32.0,WEAK,22.18,,,116.64,2026-08-03
ASIANTILES,CAPITAL_GOODS,53.83,26.0,EXIT_AVOID,DOWNTREND,-31.91,,,NEUTRAL,-0.58,-0.04,5.08,STRONG_PROMOTER_BUY,MODERATE,,0.51,62.0,POSITIVE,20.23,,,49.52,2026-08-03
GOPAL,FMCG,278.9,26.0,EXIT_AVOID,DOWNTREND,-29.92,,,DISTRIBUTION,-0.11,-0.02,-0.01,STABLE,MODERATE,,4.3,58.0,POSITIVE,22.98,,,256.59,2026-08-03
ENRIN,CAPITAL_GOODS,3256.0,54.0,HOLD_WATCH,CONSOLIDATING,-17.94,,,NEUTRAL,0.39,-0.09,0.0,STABLE,,,,58.0,POSITIVE,54.21,3158.32,3256.0,2974.51,2026-08-03
GMMPFAUDLR,CAPITAL_GOODS,858.45,31.0,REDUCE,DOWNTREND,-35.2,,,NEUTRAL,-0.58,1.29,0.0,FII_DII_DIVERGENCE,FAIR_VALUE,,3.57,44.0,NEUTRAL,21.13,,,789.77,2026-08-03
ABFRL,RETAIL,62.41,23.0,EXIT_AVOID,DOWNTREND,-34.27,,,NEUTRAL,-2.85,-1.27,0.0,STABLE,MODERATE,,-5.89,50.0,NEUTRAL,40.62,,,57.42,2026-08-03
MOIL,METAL,282.05,42.0,HOLD_WATCH,DOWNTREND,-30.34,,,NEUTRAL,-0.66,0.82,0.0,FII_DII_DIVERGENCE,CHEAP_QUALITY,,17.25,52.0,NEUTRAL,20.59,273.59,282.05,259.49,2026-08-03
KRISHIVAL,FMCG,389.35,60.0,BUY,CONSOLIDATING,-23.36,,,DISTRIBUTION,-0.05,1.33,0.0,DII_ACCUMULATION,,,,53.0,NEUTRAL,50.68,385.46,397.14,370.82,2026-08-03
JWL,INFRASTRUCTURE,264.95,45.0,HOLD_WATCH,DOWNTREND,-28.94,,,EARLY_ROTATION,-0.3,0.03,0.0,STABLE,FAIR_VALUE,,9.36,50.0,NEUTRAL,21.63,257.0,264.95,243.75,2026-08-03
SHK,CHEMICALS,166.54,76.0,STRONG_BUY,STRONG_UPTREND,-39.55,,,NEUTRAL,0.63,-0.84,0.0,FII_DII_DIVERGENCE,FAIR_VALUE,,3.22,52.0,NEUTRAL,55.97,164.87,169.87,149.89,2026-08-03
NLCINDIA,POWER,298.05,68.0,BUY,CONSOLIDATING,-23.14,,,NEUTRAL,0.4,0.25,0.0,STABLE,CHEAP_QUALITY,,26.86,58.0,POSITIVE,56.61,295.07,304.01,274.67,2026-08-03
RACLGEAR,AUTO,1291.3,60.0,BUY,CONSOLIDATING,-23.68,,,PRICE_LED,-0.28,0.0,0.01,STABLE,MODERATE,,5.8,71.2,POSITIVE,55.4,1278.39,1317.13,1189.94,2026-08-03
GICHSGFIN,FINANCIAL_SERVICES,148.1,36.0,REDUCE,DOWNTREND,-19.95,,,NEUTRAL,-0.27,-0.46,0.0,STABLE,CHEAP_QUALITY,,18.46,58.0,POSITIVE,20.83,,,136.25,2026-08-03
GAYAHWS,INFRASTRUCTURE,2.0,58.0,BUY,INSUFFICIENT_DATA,-33.77,,,EARLY_ROTATION,-0.67,0.0,0.0,STABLE,MODERATE,,-5067.49,50.0,NEUTRAL,21.41,1.98,2.04,1.84,2026-08-03
NATHBIOGEN,AGRICULTURE,158.84,53.0,HOLD_WATCH,CONSOLIDATING,-22.14,,,NEUTRAL,-0.08,0.0,0.0,STABLE,FAIR_VALUE,,8.02,50.0,NEUTRAL,22.33,154.07,158.84,154.71,2026-08-03
IRCTC,CAPITAL_GOODS,513.5,37.0,REDUCE,DOWNTREND,-30.51,,,NEUTRAL,-2.33,0.84,0.0,FII_DII_DIVERGENCE,CHEAP_QUALITY,,27.85,52.0,NEUTRAL,20.15,,,472.42,2026-08-03
LICMFGOLD,OTHER,,44.0,HOLD_WATCH,,,,,NEUTRAL,,,,,,,,,,29.81,,,,2026-08-03
DCMSHRIRAM,DIVERSIFIED,1029.8,31.0,REDUCE,DOWNTREND,-27.19,,,NEUTRAL,0.0,0.25,0.0,STABLE,FAIR_VALUE,,4.89,58.0,POSITIVE,20.09,,,947.42,2026-08-03
DICIND,CHEMICALS,510.1,26.0,EXIT_AVOID,DOWNTREND,-17.37,,,NEUTRAL,0.0,0.0,0.0,STABLE,MODERATE,,2.07,58.0,POSITIVE,22.44,,,469.29,2026-08-03
ATLANTAELE,OTHER,1589.8,54.0,HOLD_WATCH,CONSOLIDATING,-22.75,,,NEUTRAL,0.0,0.16,0.0,STABLE,,,,50.0,NEUTRAL,56.21,1542.11,1589.8,1430.82,2026-08-03
SUNTV,MEDIA,503.8,40.0,REDUCE,DOWNTREND,-23.75,,,DISTRIBUTION,0.17,0.27,0.0,STABLE,CHEAP_QUALITY,,43.89,58.0,POSITIVE,21.5,,,463.5,2026-08-03
GROWWGOLD,OTHER,,44.0,HOLD_WATCH,,,,,NEUTRAL,,,,,,,,,,24.63,,,,2026-08-03
ICICIGI,FINANCIAL_SERVICES,1675.0,8.0,EXIT_AVOID,DOWNTREND,-18.88,SHORT_BUILDUP,47775.0,NEUTRAL,-1.06,1.16,-0.02,FII_DII_DIVERGENCE,,,,52.0,NEUTRAL,20.32,,,1541.0,2026-08-03
SPARC,CHEMICALS,207.93,54.0,HOLD_WATCH,CONSOLIDATING,-28.05,,,NEUTRAL,0.43,-0.78,0.0,STABLE,MODERATE,,-834.6,50.0,NEUTRAL,58.71,201.69,207.93,187.14,2026-08-03
TVSELECT,RETAIL,495.6,50.0,HOLD_WATCH,INSUFFICIENT_DATA,-32.97,,,NEUTRAL,-0.21,0.0,0.0,STABLE,MODERATE,,-0.96,50.0,NEUTRAL,46.09,480.73,495.6,455.95,2026-08-03
MOLDTKPAC,CHEMICALS,675.1,65.0,BUY,CONSOLIDATING,-22.45,,,NEUTRAL,-0.67,0.83,0.12,FII_DII_DIVERGENCE,FAIR_VALUE,,7.27,52.0,NEUTRAL,56.88,668.35,688.6,607.59,2026-08-03
WONDERLA,HOSPITALITY,485.2,22.0,EXIT_AVOID,DOWNTREND,-26.37,,,NEUTRAL,-1.04,-0.19,-0.03,STABLE,FAIR_VALUE,,18.54,50.0,NEUTRAL,24.09,,,446.38,2026-08-03
AHLUCONT,INFRASTRUCTURE,833.6,40.0,REDUCE,DOWNTREND,-22.67,,,EARLY_ROTATION,0.21,-1.05,0.0,STABLE,MODERATE,,3.82,50.0,NEUTRAL,27.58,,,766.91,2026-08-03
AVANTEL,DEFENCE,162.99,77.0,STRONG_BUY,CONSOLIDATING,-24.19,,,NEUTRAL,0.98,0.22,0.0,FII_ACCUMULATION,CHEAP_QUALITY,,30.12,58.0,POSITIVE,55.62,161.36,166.25,152.72,2026-08-03
IVZINGOLD,OTHER,,44.0,HOLD_WATCH,,,,,NEUTRAL,,,,,,,,,,22.92,,,,2026-08-03
TIMKEN,CAPITAL_GOODS,3216.1,26.0,EXIT_AVOID,DOWNTREND,-18.06,,,NEUTRAL,0.02,0.47,0.0,STABLE,MODERATE,,11.53,50.0,NEUTRAL,22.17,,,2958.81,2026-08-03
CHAMBLFERT,CHEMICALS,455.0,64.0,BUY,CONSOLIDATING,-21.65,,,NEUTRAL,-0.55,0.73,0.4,FII_DII_DIVERGENCE,CHEAP_QUALITY,,11.56,44.0,NEUTRAL,27.66,450.45,464.1,443.02,2026-08-03
MANAKSIA,METAL,56.67,26.0,EXIT_AVOID,DOWNTREND,-23.41,,,NEUTRAL,-0.03,0.0,0.0,STABLE,EXPENSIVE_OR_WEAK,,2.22,50.0,NEUTRAL,20.21,,,52.14,2026-08-03
CCHHL,HOSPITALITY,13.06,26.0,EXIT_AVOID,DOWNTREND,-34.67,,,NEUTRAL,0.0,0.0,0.0,STABLE,MODERATE,,-34.56,50.0,NEUTRAL,20.66,,,12.02,2026-08-03
MOSILVER,OTHER,,44.0,HOLD_WATCH,,,,,NEUTRAL,,,,,,,,,,21.26,,,,2026-08-03
THOMASCOTT,TEXTILES,311.25,73.0,STRONG_BUY,STRONG_UPTREND,-32.31,,,NEUTRAL,0.05,0.0,0.17,STABLE,FAIR_VALUE,,6.79,50.0,NEUTRAL,33.54,308.14,317.48,304.7,2026-08-03
BAJAJHFL,FINANCIAL_SERVICES,86.85,46.0,HOLD_WATCH,DOWNTREND,-26.39,,,NEUTRAL,0.04,-0.21,0.0,STABLE,CHEAP_QUALITY,,22.51,50.0,NEUTRAL,46.19,84.24,86.85,79.9,2026-08-03
KUANTUM,CHEMICALS,79.35,25.0,EXIT_AVOID,DOWNTREND,-35.01,,,NEUTRAL,-0.01,0.0,0.0,STABLE,FAIR_VALUE,,9.27,50.0,NEUTRAL,20.66,,,73.0,2026-08-03
REDTAPE,FMCG,130.79,59.0,BUY,CONSOLIDATING,-20.01,,,DISTRIBUTION,-0.07,0.13,0.04,STABLE,FAIR_VALUE,,9.08,50.0,NEUTRAL,54.75,129.48,133.41,124.59,2026-08-03
BORORENEW,CAPITAL_GOODS,553.95,54.0,HOLD_WATCH,CONSOLIDATING,-23.17,,,NEUTRAL,-0.05,-0.27,-0.02,STABLE,MODERATE,,-3.53,50.0,NEUTRAL,44.27,537.33,553.95,520.46,2026-08-03
SUNTECK,REALTY,308.1,49.0,HOLD_WATCH,DOWNTREND,-34.86,,,NEUTRAL,0.89,-0.37,-0.15,FII_ACCUMULATION,CHEAP_QUALITY,,23.32,56.0,POSITIVE,20.16,298.86,308.1,283.45,2026-08-03
ADANIPOWER,POWER,213.65,70.0,BUY,CONSOLIDATING,-15.95,SHORT_COVERING,-170400.0,NEUTRAL,0.02,0.39,0.0,STABLE,CHEAP_QUALITY,,23.09,50.0,NEUTRAL,25.08,211.51,217.92,192.28,2026-08-03
WINDMACHIN,CAPITAL_GOODS,281.05,62.0,BUY,CONSOLIDATING,-18.64,,,NEUTRAL,-0.05,-0.1,1.64,STRONG_PROMOTER_BUY,CHEAP_QUALITY,,38.72,56.0,POSITIVE,20.65,278.24,286.67,269.37,2026-08-03
SATIA,CHEMICALS,62.5,37.0,REDUCE,DOWNTREND,-31.09,,,NEUTRAL,0.01,0.0,0.0,STABLE,FAIR_VALUE,,4.49,50.0,NEUTRAL,49.26,,,57.5,2026-08-03
ORIENTELEC,FMCG,175.55,32.0,REDUCE,DOWNTREND,-19.84,,,DISTRIBUTION,-0.19,0.62,0.0,DII_ACCUMULATION,MODERATE,,2.55,61.0,POSITIVE,25.94,,,161.51,2026-08-03
ANGELONE,FINANCIAL_SERVICES,302.0,83.0,STRONG_BUY,CONSOLIDATING,-16.22,LONG_BUILDUP,162500.0,NEUTRAL,0.35,0.76,-0.07,DII_ACCUMULATION,CHEAP_QUALITY,,22.3,59.0,POSITIVE,28.34,298.98,308.04,275.31,2026-08-03
BLKASHYAP,INFRASTRUCTURE,54.32,68.0,BUY,CONSOLIDATING,-27.96,,,EARLY_ROTATION,-0.02,0.01,0.01,STABLE,MODERATE,,2.06,50.0,NEUTRAL,32.7,53.78,55.41,51.2,2026-08-03
POWERICA,CAPITAL_GOODS,519.4,50.0,HOLD_WATCH,INSUFFICIENT_DATA,-23.27,,,NEUTRAL,,,,STABLE,,,,50.0,NEUTRAL,54.69,503.82,519.4,477.85,2026-08-03
PRAXIS,OTHER,6.56,44.0,HOLD_WATCH,INSUFFICIENT_DATA,-37.7,,,NEUTRAL,,,,,MODERATE,,-18.08,,,37.16,6.36,6.56,6.04,2026-08-03
GLOBALVECT,AVIATION,165.1,26.0,EXIT_AVOID,DOWNTREND,-33.43,,,NEUTRAL,0.0,0.0,0.0,STABLE,MODERATE,,-2.68,50.0,NEUTRAL,20.26,,,151.89,2026-08-03
PIGL,CAPITAL_GOODS,110.83,55.0,HOLD_WATCH,INSUFFICIENT_DATA,-28.71,,,NEUTRAL,0.01,0.75,7.8,STABLE,FAIR_VALUE,,8.02,50.0,NEUTRAL,24.44,107.51,110.83,101.96,2026-08-03
NATCOPHARM,PHARMA,929.1,61.0,HOLD_WATCH,DOWNTREND,-24.27,,,NEUTRAL,2.21,0.07,-0.06,FII_ACCUMULATION,CHEAP_QUALITY,,43.82,71.2,POSITIVE,47.67,919.81,947.68,854.77,2026-08-03
UFO,MEDIA,68.86,31.0,REDUCE,DOWNTREND,-25.93,,,DISTRIBUTION,0.02,0.0,0.0,STABLE,FAIR_VALUE,,6.12,50.0,NEUTRAL,24.28,,,63.35,2026-08-03
SPLPETRO,CHEMICALS,715.9,62.0,BUY,UPTREND,-26.87,,,NEUTRAL,-0.01,0.28,0.0,STABLE,MODERATE,,5.55,50.0,NEUTRAL,57.1,708.74,730.22,664.04,2026-08-03
LUXIND,TEXTILES,1260.0,59.0,BUY,CONSOLIDATING,-30.9,,,NEUTRAL,-0.15,-0.12,0.0,STABLE,FAIR_VALUE,,6.76,50.0,NEUTRAL,38.62,1247.4,1285.2,1140.99,2026-08-03
VIPIND,REALTY,310.4,26.0,EXIT_AVOID,DOWNTREND,-31.68,,,NEUTRAL,0.33,-0.55,0.0,STABLE,MODERATE,,-2.48,50.0,NEUTRAL,20.35,,,285.57,2026-08-03
AONESILVER,OTHER,,44.0,HOLD_WATCH,,,,,NEUTRAL,,,,,,,,,,20.92,,,,2026-08-03
REPCOHOME,FINANCIAL_SERVICES,385.95,61.0,HOLD_WATCH,DOWNTREND,-15.34,,,NEUTRAL,0.69,0.53,0.0,FII_DII_ACCUMULATION,CHEAP_QUALITY,,26.82,75.5,HIGH_CONVICTION,23.59,382.09,393.67,355.07,2026-08-03
PRAENG,REALTY,20.07,44.0,HOLD_WATCH,INSUFFICIENT_DATA,-33.1,,,NEUTRAL,0.0,0.0,0.0,STABLE,MODERATE,,-35.07,50.0,NEUTRAL,23.23,19.47,20.07,18.46,2026-08-03
JNKINDIA,CAPITAL_GOODS,410.85,54.0,HOLD_WATCH,CONSOLIDATING,-26.37,,,NEUTRAL,-0.56,-1.57,0.0,STABLE,EXPENSIVE_OR_WEAK,,5.37,50.0,NEUTRAL,59.13,398.52,410.85,369.77,2026-08-03
TENNIND,AUTO,544.6,59.0,BUY,INSUFFICIENT_DATA,-17.11,,,PRICE_LED,4.67,2.86,0.0,FII_DII_ACCUMULATION,,,,65.0,POSITIVE,21.26,539.15,555.49,501.03,2026-08-03
GODREJAGRO,AGRICULTURE,565.05,31.0,REDUCE,DOWNTREND,-30.38,,,NEUTRAL,0.03,0.48,0.09,STABLE,FAIR_VALUE,,4.2,50.0,NEUTRAL,21.4,,,519.85,2026-08-03
EMSLIMITED,INFRASTRUCTURE,414.35,90.0,STRONG_BUY,UPTREND,-30.23,,,EARLY_ROTATION,-0.27,0.01,0.0,STABLE,CHEAP_QUALITY,,21.27,50.0,NEUTRAL,44.86,410.21,422.64,372.92,2026-08-03
GILLETTE,FMCG,7719.0,31.0,REDUCE,DOWNTREND,-28.13,,,DISTRIBUTION,-0.42,0.37,0.0,STABLE,FAIR_VALUE,,17.65,58.0,POSITIVE,21.45,,,7101.48,2026-08-03
GARUDA,INFRASTRUCTURE,172.5,54.0,HOLD_WATCH,DOWNTREND,-30.81,,,EARLY_ROTATION,0.3,-0.53,0.0,STABLE,CHEAP_QUALITY,,21.22,50.0,NEUTRAL,27.83,167.32,172.5,158.7,2026-08-03
UCAL,AUTO,113.51,61.0,BUY,UPTREND,-22.78,,,PRICE_LED,0.0,0.0,0.0,STABLE,FAIR_VALUE,,1.64,50.0,NEUTRAL,23.28,112.37,115.78,106.86,2026-08-03
CURAA,OTHER,72.5,35.0,REDUCE,INSUFFICIENT_DATA,-22.83,,,NEUTRAL,0.0,0.0,-6.16,PROMOTER_SELLING,,,,50.0,NEUTRAL,21.91,,,66.7,2026-08-03
NORBTEAEXP,TEXTILES,65.29,43.0,HOLD_WATCH,INSUFFICIENT_DATA,-27.46,,,NEUTRAL,0.0,0.0,-1.28,PROMOTER_SELLING,FAIR_VALUE,,15.53,32.0,WEAK,21.93,63.33,65.29,60.07,2026-08-03
HATHWAY,MEDIA,11.05,36.0,REDUCE,DOWNTREND,-27.54,,,DISTRIBUTION,-0.09,0.0,0.0,STABLE,CHEAP_QUALITY,,16.08,50.0,NEUTRAL,21.08,,,10.17,2026-08-03
LATENTVIEW,REALTY,297.85,36.0,REDUCE,DOWNTREND,-42.44,,,NEUTRAL,-0.57,-0.08,0.0,STABLE,CHEAP_QUALITY,,19.07,50.0,NEUTRAL,32.11,,,274.02,2026-08-03
GFLLIMITED,FINANCIAL_SERVICES,48.26,40.0,REDUCE,DOWNTREND,-40.42,,,NEUTRAL,-0.04,-0.37,0.0,STABLE,CHEAP_QUALITY,,558.54,50.0,NEUTRAL,40.53,,,44.4,2026-08-03
UNITEDTEA,FMCG,472.8,40.0,REDUCE,DOWNTREND,-19.86,,,DISTRIBUTION,0.0,0.0,0.0,STABLE,CHEAP_QUALITY,,22.87,58.0,POSITIVE,21.19,,,434.98,2026-08-03
VINATIORGA,CHEMICALS,1323.1,36.0,REDUCE,DOWNTREND,-28.48,,,NEUTRAL,-0.05,0.08,0.0,STABLE,CHEAP_QUALITY,,18.86,50.0,NEUTRAL,20.83,,,1217.25,2026-08-03
MGL,ENERGY,1115.7,58.0,BUY,CONSOLIDATING,-19.03,,,PRICE_LED,-0.75,0.18,0.0,STABLE,CHEAP_QUALITY,,14.44,58.0,POSITIVE,23.62,1104.54,1138.01,1092.6,2026-08-03
DCMFINSERV,OTHER,4.94,54.0,HOLD_WATCH,INSUFFICIENT_DATA,-39.39,,,NEUTRAL,,,,,CHEAP_QUALITY,,,,,59.18,4.79,4.94,4.54,2026-08-03
UMESLTD,OTHER,5.51,58.0,BUY,INSUFFICIENT_DATA,-22.83,,,NEUTRAL,0.0,0.0,0.0,STABLE,CHEAP_QUALITY,,125.0,50.0,NEUTRAL,23.34,5.45,5.62,5.07,2026-08-03
ABREL,REALTY,1432.1,32.0,REDUCE,DOWNTREND,-27.13,,,NEUTRAL,0.08,-0.49,0.0,STABLE,MODERATE,,-1.9,50.0,NEUTRAL,30.4,,,1317.53,2026-08-03
MOTILALOFS,FINANCIAL_SERVICES,867.95,76.0,STRONG_BUY,CONSOLIDATING,-20.89,SHORT_COVERING,-117800.0,NEUTRAL,0.11,-0.4,-0.08,STABLE,CHEAP_QUALITY,,34.9,58.0,POSITIVE,54.92,859.27,885.31,826.91,2026-08-03
TRUALT,AGRICULTURE,437.85,54.0,HOLD_WATCH,CONSOLIDATING,-20.25,,,NEUTRAL,-0.64,1.6,0.0,FII_DII_DIVERGENCE,,,,44.0,NEUTRAL,20.28,424.71,437.85,421.77,2026-08-03
SICAGEN,CHEMICALS,49.97,44.0,HOLD_WATCH,INSUFFICIENT_DATA,-18.75,,,NEUTRAL,,,,,,,,,,20.62,48.47,49.97,45.97,2026-08-03
GRSE,DEFENCE,2582.7,63.0,BUY,CONSOLIDATING,-22.65,,,NEUTRAL,0.55,0.05,0.0,FII_ACCUMULATION,MODERATE,,8.08,71.2,POSITIVE,23.72,2556.87,2634.35,2511.6,2026-08-03
NAVKARCORP,POWER,103.26,54.0,HOLD_WATCH,CONSOLIDATING,-22.07,,,NEUTRAL,-0.05,0.0,0.0,STABLE,MODERATE,,-5.22,50.0,NEUTRAL,30.02,100.16,103.26,97.36,2026-08-03
AXITA,TEXTILES,7.3,35.0,REDUCE,INSUFFICIENT_DATA,-28.05,,,NEUTRAL,-1.09,0.0,0.01,STABLE,MODERATE,,-0.54,56.0,POSITIVE,20.24,,,6.72,2026-08-03
RUDRA,OTHER,18.06,44.0,HOLD_WATCH,INSUFFICIENT_DATA,-39.19,,,NEUTRAL,,,,,,,,,,59.02,17.52,18.06,16.62,2026-08-03
SINDHUTRAD,LOGISTICS,24.5,59.0,BUY,CONSOLIDATING,-25.17,,,NEUTRAL,0.0,0.0,0.0,STABLE,FAIR_VALUE,,12.39,50.0,NEUTRAL,55.55,24.25,24.99,22.99,2026-08-03
CREATIVEYE,MEDIA,6.2,26.0,EXIT_AVOID,DOWNTREND,-29.78,,,DISTRIBUTION,0.0,0.0,0.0,STABLE,MODERATE,,-27.2,50.0,NEUTRAL,20.3,,,5.7,2026-08-03
JUBLPHARMA,PHARMA,933.15,26.0,EXIT_AVOID,DOWNTREND,-21.24,,,NEUTRAL,-0.06,0.4,0.0,STABLE,MODERATE,,2.65,50.0,NEUTRAL,22.44,,,858.5,2026-08-03
KANSAINER,CHEMICALS,204.18,37.0,REDUCE,DOWNTREND,-22.66,,,NEUTRAL,-1.56,1.49,-0.02,FII_DII_DIVERGENCE,CHEAP_QUALITY,,34.46,52.0,NEUTRAL,25.91,,,187.85,2026-08-03
SAKHTISUG,FMCG,17.44,26.0,EXIT_AVOID,DOWNTREND,-29.54,,,DISTRIBUTION,0.01,0.0,0.0,STABLE,MODERATE,,-24.41,50.0,NEUTRAL,20.6,,,16.04,2026-08-03
MSPL,METAL,35.07,26.0,EXIT_AVOID,DOWNTREND,-23.96,,,NEUTRAL,-0.25,0.1,2.48,STRONG_PROMOTER_BUY,MODERATE,,-0.1,62.0,POSITIVE,21.91,,,32.26,2026-08-03
UCOBANK,BANKING,26.31,26.0,EXIT_AVOID,DOWNTREND,-23.07,,,NEUTRAL,-0.02,-0.09,0.0,STABLE,,,,58.0,POSITIVE,25.92,,,24.21,2026-08-03
GEMAROMA,OTHER,196.21,44.0,HOLD_WATCH,INSUFFICIENT_DATA,-43.88,,,NEUTRAL,0.27,0.22,1.95,STRONG_PROMOTER_BUY,,,,62.0,POSITIVE,42.85,190.32,196.21,180.51,2026-08-03
BIOFILCHEM,PHARMA,33.07,26.0,EXIT_AVOID,DOWNTREND,-28.64,,,NEUTRAL,0.0,0.0,-0.03,STABLE,EXPENSIVE_OR_WEAK,,1.14,50.0,NEUTRAL,22.71,,,30.42,2026-08-03
SILVERAG,OTHER,,44.0,HOLD_WATCH,,,,,NEUTRAL,,,,,,,,,,20.78,,,,2026-08-03
LOVABLE,TEXTILES,73.93,26.0,EXIT_AVOID,DOWNTREND,-29.39,,,NEUTRAL,0.0,0.0,0.0,STABLE,MODERATE,,-21.82,50.0,NEUTRAL,22.07,,,68.02,2026-08-03
PARADEEP,CHEMICALS,144.92,64.0,BUY,STRONG_UPTREND,-37.59,,,NEUTRAL,-3.02,2.5,0.1,FII_DII_DIVERGENCE,FAIR_VALUE,,5.92,44.0,NEUTRAL,49.11,143.47,147.82,133.56,2026-08-03
THERMAX,CAPITAL_GOODS,4122.2,51.0,HOLD_WATCH,CONSOLIDATING,-21.9,,,NEUTRAL,-1.12,0.65,0.0,FII_DII_DIVERGENCE,EXPENSIVE_OR_WEAK,,4.54,44.0,NEUTRAL,53.23,3998.53,4122.2,3709.98,2026-08-03
LCCINFOTEC,OTHER,4.14,44.0,HOLD_WATCH,INSUFFICIENT_DATA,-25.94,,,NEUTRAL,0.0,0.01,0.0,STABLE,MODERATE,,-7700.0,50.0,NEUTRAL,20.33,4.02,4.14,3.81,2026-08-03
SANDESH,MEDIA,989.6,31.0,REDUCE,DOWNTREND,-31.21,,,DISTRIBUTION,0.0,0.0,0.0,STABLE,FAIR_VALUE,,11.61,50.0,NEUTRAL,20.85,,,910.43,2026-08-03
GVT&D,CAPITAL_GOODS,4370.0,71.0,BUY,CONSOLIDATING,-22.65,SHORT_COVERING,-267000.0,NEUTRAL,1.93,-1.89,0.0,FII_DII_DIVERGENCE,MODERATE,,13.17,44.0,NEUTRAL,58.97,4326.3,4457.4,3933.0,2026-08-03
PINELABS,FINANCIAL_SERVICES,152.17,44.0,HOLD_WATCH,INSUFFICIENT_DATA,-46.42,,,NEUTRAL,-0.34,1.9,0.0,DII_ACCUMULATION,,,,53.0,NEUTRAL,21.03,147.6,152.17,140.0,2026-08-03
JKTYRE,AUTO,410.3,41.0,REDUCE,DOWNTREND,-32.95,,,PRICE_LED,1.8,0.07,0.0,FII_ACCUMULATION,MODERATE,,2.9,56.0,POSITIVE,33.75,,,377.48,2026-08-03
HAVISHA,FINANCIAL_SERVICES,1.32,44.0,HOLD_WATCH,INSUFFICIENT_DATA,-45.45,,,NEUTRAL,0.0,0.0,0.0,STABLE,MODERATE,,-8.14,50.0,NEUTRAL,37.79,1.28,1.32,1.21,2026-08-03
NBCC,INFRASTRUCTURE,95.5,48.0,HOLD_WATCH,DOWNTREND,-24.12,SHORT_COVERING,-741000.0,EARLY_ROTATION,-0.2,-1.5,0.0,STABLE,MODERATE,,5.06,58.0,POSITIVE,22.05,92.63,95.5,87.86,2026-08-03
CYIENT,IT,858.55,52.0,HOLD_WATCH,DOWNTREND,-33.17,,,PRICE_LED,0.04,1.48,-0.01,DII_ACCUMULATION,CHEAP_QUALITY,,74.88,70.0,POSITIVE,20.14,832.79,858.55,789.87,2026-08-03
MOTISONS,FMCG,14.25,76.0,STRONG_BUY,STRONG_UPTREND,-31.52,,,DISTRIBUTION,1.29,0.0,-0.87,FII_ACCUMULATION,FAIR_VALUE,,10.09,56.0,POSITIVE,26.7,14.11,14.54,13.81,2026-08-03
SAMBHAAV,MEDIA,6.58,44.0,HOLD_WATCH,INSUFFICIENT_DATA,-42.53,,,DISTRIBUTION,-0.06,0.0,0.0,STABLE,MODERATE,,2.95,50.0,NEUTRAL,53.97,6.38,6.58,6.05,2026-08-03
HAPPSTMNDS,IT,384.0,31.0,REDUCE,DOWNTREND,-39.53,,,PRICE_LED,0.05,-0.64,0.0,STABLE,FAIR_VALUE,,8.95,50.0,NEUTRAL,30.85,,,353.28,2026-08-03
ASTAR,FMCG,585.1,50.0,HOLD_WATCH,INSUFFICIENT_DATA,-19.07,,,DISTRIBUTION,,,,,,,,,,36.31,567.55,585.1,538.29,2026-08-03
TCI,LOGISTICS,914.6,31.0,REDUCE,DOWNTREND,-26.36,,,NEUTRAL,-0.06,0.05,0.0,STABLE,FAIR_VALUE,,9.23,58.0,POSITIVE,20.42,,,841.43,2026-08-03
ARVINDFASN,RETAIL,449.15,37.0,REDUCE,DOWNTREND,-22.43,,,NEUTRAL,-0.13,1.46,0.0,DII_ACCUMULATION,FAIR_VALUE,,15.61,53.0,NEUTRAL,23.24,,,413.22,2026-08-03
TRENT,RETAIL,3050.0,82.0,STRONG_BUY,STRONG_UPTREND,-19.37,SHORT_COVERING,-119700.0,NEUTRAL,-0.03,0.87,0.0,DII_ACCUMULATION,MODERATE,,9.44,60.0,POSITIVE,53.22,3019.5,3111.0,2745.0,2026-08-03
SILVERBETA,OTHER,,44.0,HOLD_WATCH,,,,,NEUTRAL,,,,,,,,,,21.1,,,,2026-08-03
BAIDFIN,FINANCIAL_SERVICES,10.01,36.0,REDUCE,DOWNTREND,-22.88,,,NEUTRAL,-0.01,0.0,0.0,STABLE,CHEAP_QUALITY,,16.32,62.0,POSITIVE,20.61,,,9.21,2026-08-03
CMSINFO,FINANCIAL_SERVICES,275.4,30.0,REDUCE,DOWNTREND,-39.11,,,NEUTRAL,-0.75,-0.56,0.0,STABLE,CHEAP_QUALITY,,16.03,54.0,NEUTRAL,20.21,,,253.37,2026-08-03
TRIDENT,TEXTILES,24.94,26.0,EXIT_AVOID,DOWNTREND,-19.39,,,NEUTRAL,-0.09,0.04,0.0,STABLE,MODERATE,,4.86,58.0,POSITIVE,22.03,,,22.94,2026-08-03
FDC,PHARMA,404.65,53.0,HOLD_WATCH,CONSOLIDATING,-23.33,,,NEUTRAL,0.08,0.02,0.0,STABLE,FAIR_VALUE,,11.15,58.0,POSITIVE,28.6,392.51,404.65,381.99,2026-08-03
KSB,CAPITAL_GOODS,857.75,54.0,HOLD_WATCH,CONSOLIDATING,-16.59,,,NEUTRAL,0.14,-0.3,0.0,STABLE,MODERATE,,9.62,58.0,POSITIVE,33.44,832.02,857.75,791.67,2026-08-03
CANTABIL,TEXTILES,247.24,37.0,REDUCE,DOWNTREND,-23.1,,,NEUTRAL,-0.01,-0.82,0.0,STABLE,FAIR_VALUE,,10.94,58.0,POSITIVE,31.71,,,227.46,2026-08-03
PASHUPATI,TEXTILES,85.32,26.0,EXIT_AVOID,DOWNTREND,-27.91,,,NEUTRAL,-0.19,0.0,0.0,STABLE,,,,52.0,NEUTRAL,21.53,,,78.49,2026-08-03
RUCHINFRA,INFRASTRUCTURE,5.89,40.0,REDUCE,DOWNTREND,-28.61,,,EARLY_ROTATION,0.0,0.0,0.0,STABLE,MODERATE,,-5.29,50.0,NEUTRAL,21.02,,,5.42,2026-08-03
MAZDOCK,DEFENCE,2390.0,48.0,HOLD_WATCH,DOWNTREND,-21.93,SHORT_COVERING,-74925.0,NEUTRAL,-0.07,-0.28,0.0,STABLE,CHEAP_QUALITY,,21.22,58.0,POSITIVE,27.85,2318.3,2390.0,2198.8,2026-08-03
ITI,TELECOM,282.15,26.0,EXIT_AVOID,DOWNTREND,-24.33,,,NEUTRAL,0.01,0.01,0.0,STABLE,MODERATE,,-5.81,50.0,NEUTRAL,20.42,,,259.58,2026-08-03
VISL,OTHER,33.89,44.0,HOLD_WATCH,INSUFFICIENT_DATA,-24.32,,,NEUTRAL,,,,STABLE,,,,50.0,NEUTRAL,28.03,32.87,33.89,31.18,2026-08-03
MBAPL,CHEMICALS,160.01,79.0,STRONG_BUY,STRONG_UPTREND,-4.73,,,NEUTRAL,0.27,0.0,0.0,STABLE,FAIR_VALUE,,5.65,58.0,POSITIVE,54.99,158.41,163.21,144.01,2026-08-03
BAJAJST,CAPITAL_GOODS,385.55,44.0,HOLD_WATCH,INSUFFICIENT_DATA,-24.07,,,NEUTRAL,,,,,,,,,,26.31,373.98,385.55,354.71,2026-08-03
SILVERBND,OTHER,,44.0,HOLD_WATCH,,,,,NEUTRAL,,,,,,,,,,20.94,,,,2026-08-03
CPEDU,HEALTHCARE,207.48,26.0,EXIT_AVOID,DOWNTREND,-38.75,,,NEUTRAL,0.02,,0.0,STABLE,,,,50.0,NEUTRAL,54.98,,,190.88,2026-08-03
ATGL,ENERGY,667.6,54.0,HOLD_WATCH,CONSOLIDATING,-22.36,,,PRICE_LED,-0.06,0.01,0.0,STABLE,MODERATE,,12.06,58.0,POSITIVE,56.13,647.57,667.6,600.84,2026-08-03
HEIDELBERG,CEMENT,155.51,26.0,EXIT_AVOID,DOWNTREND,-30.82,,,DISTRIBUTION,-0.03,-0.03,0.0,STABLE,EXPENSIVE_OR_WEAK,,1.63,50.0,NEUTRAL,20.72,,,143.07,2026-08-03
GMRP&UI,INFRASTRUCTURE,97.18,37.0,REDUCE,DOWNTREND,-29.04,,,EARLY_ROTATION,-0.31,3.56,-4.28,DII_ACCUMULATION,MODERATE,,4.71,53.0,NEUTRAL,20.24,,,89.41,2026-08-03
ADFFOODS,FMCG,273.75,59.0,BUY,CONSOLIDATING,-21.1,,,DISTRIBUTION,0.24,0.1,0.0,STABLE,FAIR_VALUE,,12.44,50.0,NEUTRAL,53.17,271.01,279.23,246.38,2026-08-03
JSLL,PHARMA,582.5,26.0,EXIT_AVOID,DOWNTREND,-31.43,,,NEUTRAL,-0.14,0.35,0.0,STABLE,,,,50.0,NEUTRAL,21.14,,,535.9,2026-08-03
CENTRALBK,BANKING,31.46,29.0,REDUCE,DOWNTREND,-23.12,,,NEUTRAL,0.09,5.99,-8.08,DII_ACCUMULATION,,,,58.0,POSITIVE,32.32,,,28.94,2026-08-03
ICDSLTD,FINANCIAL_SERVICES,39.65,44.0,HOLD_WATCH,INSUFFICIENT_DATA,-36.38,,,NEUTRAL,0.0,0.0,0.0,STABLE,MODERATE,,-12.5,50.0,NEUTRAL,40.61,38.46,39.65,36.48,2026-08-03
TURTLEMINT,OTHER,117.57,50.0,HOLD_WATCH,INSUFFICIENT_DATA,-23.8,,,NEUTRAL,,,,STABLE,,,,50.0,NEUTRAL,30.21,114.04,117.57,108.16,2026-08-03
PNBGILTS,FINANCIAL_SERVICES,83.51,53.0,HOLD_WATCH,CONSOLIDATING,-24.07,,,NEUTRAL,-0.12,0.0,0.0,STABLE,FAIR_VALUE,,12.12,50.0,NEUTRAL,22.18,81.0,83.51,78.65,2026-08-03
GPIL,METAL,244.37,31.0,REDUCE,DOWNTREND,-23.63,,,NEUTRAL,0.04,0.11,-0.15,STABLE,FAIR_VALUE,,11.87,50.0,NEUTRAL,20.41,,,224.82,2026-08-03
ALBERTDAVD,PHARMA,692.55,26.0,EXIT_AVOID,DOWNTREND,-23.31,,,NEUTRAL,-0.02,0.0,0.0,STABLE,MODERATE,,4.78,50.0,NEUTRAL,22.09,,,637.15,2026-08-03
SMSPHARMA,PHARMA,363.55,48.0,HOLD_WATCH,CONSOLIDATING,-18.81,,,NEUTRAL,0.27,-0.19,0.0,STABLE,MODERATE,,8.74,50.0,NEUTRAL,26.79,352.64,363.55,351.57,2026-08-03
RCF,CHEMICALS,127.62,26.0,EXIT_AVOID,DOWNTREND,-22.41,,,NEUTRAL,0.1,-0.02,0.0,STABLE,MODERATE,,1.84,58.0,POSITIVE,22.03,,,117.41,2026-08-03
KIRIINDUS,CHEMICALS,425.6,31.0,REDUCE,DOWNTREND,-45.37,,,NEUTRAL,-1.45,-0.1,4.99,STRONG_PROMOTER_BUY,CHEAP_QUALITY,,57.04,44.0,NEUTRAL,57.16,,,391.55,2026-08-03
PVP,REALTY,27.1,44.0,HOLD_WATCH,INSUFFICIENT_DATA,-26.26,,,NEUTRAL,-0.12,0.0,0.0,STABLE,MODERATE,,-94.65,50.0,NEUTRAL,20.27,26.29,27.1,24.93,2026-08-03
FINOPB,BANKING,162.25,11.0,EXIT_AVOID,DOWNTREND,-52.14,,,NEUTRAL,-1.36,-0.05,0.0,STABLE,,,,50.0,NEUTRAL,21.26,,,149.27,2026-08-03
KRITINUT,OTHER,73.69,49.0,HOLD_WATCH,INSUFFICIENT_DATA,-32.08,,,NEUTRAL,,,,,FAIR_VALUE,,5.14,,,25.26,71.48,73.69,67.79,2026-08-03
INDBANK,FINANCIAL_SERVICES,32.49,40.0,REDUCE,DOWNTREND,-31.09,,,NEUTRAL,0.03,0.0,0.0,STABLE,CHEAP_QUALITY,,32.49,50.0,NEUTRAL,23.58,,,29.89,2026-08-03
SOBHA,REALTY,1372.3,26.0,EXIT_AVOID,DOWNTREND,-20.77,,,NEUTRAL,-0.03,0.33,0.0,STABLE,EXPENSIVE_OR_WEAK,,1.77,50.0,NEUTRAL,20.81,,,1262.52,2026-08-03
ROML,FMCG,45.0,31.0,REDUCE,DOWNTREND,-27.42,,,DISTRIBUTION,0.0,0.0,0.0,STABLE,FAIR_VALUE,,3.6,50.0,NEUTRAL,24.74,,,41.4,2026-08-03
EIDPARRY,FMCG,780.3,31.0,REDUCE,DOWNTREND,-34.78,,,DISTRIBUTION,-0.4,0.47,0.0,STABLE,FAIR_VALUE,,5.58,50.0,NEUTRAL,20.19,,,717.88,2026-08-03
MADHAVIPL,INFRASTRUCTURE,7.85,58.0,BUY,INSUFFICIENT_DATA,-20.71,,,EARLY_ROTATION,,,,,,,,,,21.14,7.77,8.01,7.22,2026-08-03
CROMPTON,FMCG,266.3,74.0,STRONG_BUY,CONSOLIDATING,-21.1,LONG_BUILDUP,855700.0,DISTRIBUTION,-0.06,0.38,0.0,STABLE,FAIR_VALUE,,6.55,50.0,NEUTRAL,38.77,263.64,271.63,255.04,2026-08-03
DSSL,IT,1253.3,59.0,BUY,CONSOLIDATING,-34.89,,,PRICE_LED,0.03,0.04,-0.06,STABLE,FAIR_VALUE,,5.94,50.0,NEUTRAL,32.68,1240.77,1278.37,1127.97,2026-08-03
BBTC,FMCG,1537.2,40.0,REDUCE,DOWNTREND,-28.0,,,DISTRIBUTION,0.07,0.04,0.0,STABLE,CHEAP_QUALITY,,57.12,58.0,POSITIVE,23.09,,,1414.22,2026-08-03
ASPINWALL,LOGISTICS,236.19,53.0,HOLD_WATCH,CONSOLIDATING,-21.22,,,NEUTRAL,-0.04,0.0,0.0,STABLE,FAIR_VALUE,,5.25,50.0,NEUTRAL,25.19,229.1,236.19,228.67,2026-08-03
FACT,CHEMICALS,843.25,26.0,EXIT_AVOID,DOWNTREND,-20.34,,,NEUTRAL,0.0,0.01,0.0,STABLE,EXPENSIVE_OR_WEAK,,0.84,50.0,NEUTRAL,20.79,,,775.79,2026-08-03
OLECTRA,AUTO,1344.2,54.0,HOLD_WATCH,CONSOLIDATING,-21.58,,,PRICE_LED,0.21,-0.14,0.0,STABLE,MODERATE,,9.07,50.0,NEUTRAL,30.16,1303.87,1344.2,1209.78,2026-08-03
DONEAR,TEXTILES,84.44,31.0,REDUCE,DOWNTREND,-27.53,,,NEUTRAL,-0.04,0.0,0.0,STABLE,FAIR_VALUE,,5.04,50.0,NEUTRAL,20.47,,,77.68,2026-08-03
AERONEU,CHEMICALS,87.73,48.0,HOLD_WATCH,CONSOLIDATING,-30.02,,,NEUTRAL,0.43,0.0,0.0,STABLE,,,,50.0,NEUTRAL,25.72,85.1,87.73,78.96,2026-08-03
INCREDIBLE,METAL,33.1,25.0,EXIT_AVOID,DOWNTREND,-37.39,,,NEUTRAL,0.0,0.0,0.0,STABLE,FAIR_VALUE,,1.47,50.0,NEUTRAL,20.32,,,30.45,2026-08-03
LOYALTEX,OTHER,200.05,38.0,REDUCE,INSUFFICIENT_DATA,-40.1,,,NEUTRAL,,,,,MODERATE,,-22.6,,,24.9,,,184.05,2026-08-03
ADVANIHOTR,HOSPITALITY,51.56,40.0,REDUCE,DOWNTREND,-24.61,,,NEUTRAL,0.0,0.0,0.0,STABLE,CHEAP_QUALITY,,21.89,58.0,POSITIVE,20.94,,,47.44,2026-08-03
STUDDS,AUTO,447.95,50.0,HOLD_WATCH,INSUFFICIENT_DATA,-25.34,,,PRICE_LED,-0.6,1.25,0.0,FII_DII_DIVERGENCE,,,,44.0,NEUTRAL,20.33,434.51,447.95,412.11,2026-08-03
ERIS,PHARMA,1383.2,31.0,REDUCE,DOWNTREND,-24.0,,,NEUTRAL,-0.46,0.03,-0.93,STABLE,FAIR_VALUE,,13.04,58.0,POSITIVE,23.76,,,1272.54,2026-08-03
BEML,AUTO,1743.7,26.0,EXIT_AVOID,DOWNTREND,-23.38,,,PRICE_LED,0.08,0.33,0.0,STABLE,MODERATE,,2.79,58.0,POSITIVE,20.62,,,1604.2,2026-08-03
DVL,DIVERSIFIED,245.89,34.0,REDUCE,DOWNTREND,-35.39,,,NEUTRAL,-0.06,0.0,0.0,STABLE,CHEAP_QUALITY,,58.48,58.0,POSITIVE,21.82,,,226.22,2026-08-03
STARTECK,FINANCIAL_SERVICES,261.15,40.0,REDUCE,DOWNTREND,-25.39,,,NEUTRAL,0.0,0.0,0.0,STABLE,CHEAP_QUALITY,,37.73,50.0,NEUTRAL,21.62,,,240.26,2026-08-03
CENTEXT,METAL,20.0,49.0,HOLD_WATCH,INSUFFICIENT_DATA,-42.45,,,NEUTRAL,-0.14,0.0,0.0,STABLE,FAIR_VALUE,,2.3,50.0,NEUTRAL,54.5,19.4,20.0,18.4,2026-08-03
BLAL,FINANCIAL_SERVICES,174.62,36.0,REDUCE,DOWNTREND,-25.31,,,NEUTRAL,0.0,0.0,0.0,STABLE,CHEAP_QUALITY,,,50.0,NEUTRAL,20.58,,,160.65,2026-08-03
SUBROS,CAPITAL_GOODS,817.3,68.0,BUY,STRONG_UPTREND,-32.66,,,NEUTRAL,0.01,-0.28,0.0,STABLE,MODERATE,,4.2,50.0,NEUTRAL,59.08,809.13,833.65,785.43,2026-08-03
NATCAPSUQ,PHARMA,162.33,26.0,EXIT_AVOID,DOWNTREND,-45.16,,,NEUTRAL,0.0,0.0,-0.22,STABLE,,,,50.0,NEUTRAL,55.01,,,149.34,2026-08-03
OMINFRAL,INFRASTRUCTURE,91.6,40.0,REDUCE,DOWNTREND,-36.39,,,EARLY_ROTATION,0.0,0.0,0.0,STABLE,MODERATE,,2.31,50.0,NEUTRAL,34.97,,,84.27,2026-08-03
SURYODAY,BANKING,163.73,54.0,HOLD_WATCH,CONSOLIDATING,-24.89,,,NEUTRAL,0.26,-0.39,0.04,STABLE,,,,50.0,NEUTRAL,56.25,158.82,163.73,147.36,2026-08-03
ACI,CHEMICALS,535.6,42.0,HOLD_WATCH,DOWNTREND,-26.39,,,NEUTRAL,0.01,0.57,0.0,DII_ACCUMULATION,CHEAP_QUALITY,,19.74,61.0,POSITIVE,22.88,519.53,535.6,492.75,2026-08-03
BALKRISHNA,CHEMICALS,18.05,26.0,EXIT_AVOID,DOWNTREND,-30.5,,,NEUTRAL,0.0,0.0,0.0,STABLE,MODERATE,,-756.92,50.0,NEUTRAL,22.95,,,16.61,2026-08-03
S&SPOWER,OTHER,334.35,44.0,HOLD_WATCH,INSUFFICIENT_DATA,-28.69,,,NEUTRAL,0.0,0.0,0.0,STABLE,MODERATE,,-1.53,50.0,NEUTRAL,23.22,324.32,334.35,307.6,2026-08-03
PIONEEREMB,TEXTILES,25.61,16.0,EXIT_AVOID,DOWNTREND,-42.96,,,NEUTRAL,-8.03,0.0,0.0,STABLE,FAIR_VALUE,,1.51,50.0,NEUTRAL,22.9,,,23.56,2026-08-03
DLINKINDIA,IT,450.8,53.0,HOLD_WATCH,CONSOLIDATING,-17.92,,,PRICE_LED,0.1,0.0,0.0,STABLE,FAIR_VALUE,,7.96,50.0,NEUTRAL,22.11,437.28,450.8,431.0,2026-08-03
ZFSTEERING,AUTO,679.0,44.0,HOLD_WATCH,INSUFFICIENT_DATA,-24.13,,,PRICE_LED,,,,,,,,,,21.76,658.63,679.0,624.68,2026-08-03
QUADFUTURE,CAPITAL_GOODS,360.95,54.0,HOLD_WATCH,CONSOLIDATING,-28.15,,,NEUTRAL,0.0,-1.39,0.0,STABLE,MODERATE,,-31.28,50.0,NEUTRAL,37.35,350.12,360.95,324.86,2026-08-03
AWL,FMCG,190.3,40.0,REDUCE,DOWNTREND,-32.73,,,DISTRIBUTION,0.71,-0.91,0.0,FII_DII_DIVERGENCE,FAIR_VALUE,,2.15,52.0,NEUTRAL,22.79,,,175.08,2026-08-03
RKSWAMY,MEDIA,101.98,20.0,EXIT_AVOID,DOWNTREND,-37.78,,,DISTRIBUTION,0.16,-1.66,0.0,STABLE,MODERATE,,2.91,50.0,NEUTRAL,23.0,,,93.82,2026-08-03
SASKEN,IT,1902.3,54.0,HOLD_WATCH,CONSOLIDATING,-31.58,,,PRICE_LED,-0.33,0.39,-0.12,STABLE,MODERATE,,9.1,50.0,NEUTRAL,59.4,1845.23,1902.3,1712.07,2026-08-03
BCPL,REALTY,70.41,44.0,HOLD_WATCH,INSUFFICIENT_DATA,-23.47,,,NEUTRAL,,,,,,,,58.0,POSITIVE,21.21,68.3,70.41,64.78,2026-08-03
RAMAPHO,CHEMICALS,130.91,20.0,EXIT_AVOID,DOWNTREND,-39.73,,,NEUTRAL,0.01,0.0,0.0,STABLE,MODERATE,,1.73,50.0,NEUTRAL,21.09,,,120.44,2026-08-03
KRISHANA,CHEMICALS,180.38,73.0,STRONG_BUY,STRONG_UPTREND,-6.97,,,NEUTRAL,0.06,0.0,0.68,STABLE,FAIR_VALUE,,6.16,58.0,POSITIVE,21.69,178.58,183.99,162.34,2026-08-03
TIINDIA,AUTO,2766.0,38.0,REDUCE,DOWNTREND,-19.12,LONG_BUILDUP,75200.0,PRICE_LED,-1.73,2.08,-0.01,FII_DII_DIVERGENCE,MODERATE,,6.08,52.0,NEUTRAL,23.12,,,2544.72,2026-08-03
EVEREADY,FMCG,355.65,73.0,STRONG_BUY,STRONG_UPTREND,-25.16,,,DISTRIBUTION,0.16,0.05,0.4,STABLE,FAIR_VALUE,,6.13,50.0,NEUTRAL,34.16,352.09,362.76,322.95,2026-08-03
NIBE,DEFENCE,1364.4,63.0,BUY,CONSOLIDATING,-26.17,,,NEUTRAL,2.32,0.1,-1.12,FII_ACCUMULATION,EXPENSIVE_OR_WEAK,,1.3,56.0,POSITIVE,58.34,1350.76,1391.69,1227.96,2026-08-03
LGBBROSLTD,AUTO,1532.4,31.0,REDUCE,DOWNTREND,-25.18,,,PRICE_LED,-0.39,0.47,0.01,STABLE,FAIR_VALUE,,11.74,50.0,NEUTRAL,20.8,,,1409.81,2026-08-03
PRINCEPIPE,CAPITAL_GOODS,263.4,48.0,HOLD_WATCH,CONSOLIDATING,-26.42,,,NEUTRAL,0.0,-0.07,0.01,STABLE,MODERATE,,-0.48,50.0,NEUTRAL,28.99,255.5,263.4,256.53,2026-08-03
NAVNETEDUL,MEDIA,132.18,26.0,EXIT_AVOID,DOWNTREND,-21.55,,,DISTRIBUTION,-0.05,0.1,-0.06,STABLE,EXPENSIVE_OR_WEAK,,1.99,58.0,POSITIVE,20.34,,,121.61,2026-08-03
MUTHOOTFIN,FINANCIAL_SERVICES,2890.9,70.0,HOLD_WATCH,DOWNTREND,-30.33,LONG_BUILDUP,157575.0,NEUTRAL,0.55,-0.71,0.0,FII_DII_DIVERGENCE,CHEAP_QUALITY,,26.81,52.0,NEUTRAL,47.26,2861.99,2948.72,2659.63,2026-08-03
ADVENTHTL,HOSPITALITY,147.88,35.0,REDUCE,INSUFFICIENT_DATA,-43.84,,,NEUTRAL,-2.02,-0.18,0.28,STABLE,,,,50.0,NEUTRAL,31.34,,,136.05,2026-08-03
ZODIAC,OTHER,256.3,49.0,HOLD_WATCH,INSUFFICIENT_DATA,-38.24,,,NEUTRAL,,,,,FAIR_VALUE,,5.22,,,51.19,248.61,256.3,235.8,2026-08-03
ONESOURCE,PHARMA,1560.5,23.0,EXIT_AVOID,DOWNTREND,-18.94,,,NEUTRAL,-1.74,1.8,0.55,FII_DII_DIVERGENCE,MODERATE,,-23.49,44.0,NEUTRAL,20.14,,,1435.66,2026-08-03
CHOLAHLDNG,FINANCIAL_SERVICES,1574.6,33.0,REDUCE,DOWNTREND,-23.71,,,NEUTRAL,-2.67,2.55,0.0,FII_DII_DIVERGENCE,CHEAP_QUALITY,,13.38,44.0,NEUTRAL,22.58,,,1448.63,2026-08-03
LAMBODHARA,TEXTILES,111.3,37.0,REDUCE,DOWNTREND,-31.3,,,NEUTRAL,0.0,0.0,0.0,STABLE,FAIR_VALUE,,3.86,50.0,NEUTRAL,51.08,,,102.4,2026-08-03
HCL-INSYS,IT,11.66,26.0,EXIT_AVOID,DOWNTREND,-29.33,,,PRICE_LED,-0.04,0.0,0.0,STABLE,MODERATE,,-115.46,50.0,NEUTRAL,20.1,,,10.73,2026-08-03
VOGL,OTHER,35.24,50.0,HOLD_WATCH,INSUFFICIENT_DATA,-25.97,,,NEUTRAL,,,,STABLE,,,,50.0,NEUTRAL,34.45,34.18,35.24,32.42,2026-08-03
ROSSARI,CHEMICALS,508.25,31.0,REDUCE,DOWNTREND,-26.37,,,NEUTRAL,-0.15,-0.06,-0.01,STABLE,FAIR_VALUE,,7.09,50.0,NEUTRAL,21.49,,,467.59,2026-08-03
THOMASCOOK,HOSPITALITY,107.15,25.0,EXIT_AVOID,DOWNTREND,-40.98,,,NEUTRAL,0.28,-0.28,0.0,STABLE,FAIR_VALUE,,2.93,50.0,NEUTRAL,20.53,,,98.58,2026-08-03
HINDUNILVR,FMCG,2138.0,27.0,EXIT_AVOID,DOWNTREND,-22.25,LONG_UNWINDING,-231600.0,DISTRIBUTION,-0.61,0.65,0.0,FII_DII_DIVERGENCE,FAIR_VALUE,,18.16,52.0,NEUTRAL,20.86,,,1966.96,2026-08-03
DEVYANI,HOSPITALITY,116.76,20.0,EXIT_AVOID,DOWNTREND,-38.87,,,NEUTRAL,0.36,-0.11,-0.01,STABLE,MODERATE,,-0.4,50.0,NEUTRAL,21.01,,,107.42,2026-08-03
EMUDHRA,IT,477.85,16.0,EXIT_AVOID,DOWNTREND,-38.03,,,PRICE_LED,-1.03,-3.41,0.0,STABLE,FAIR_VALUE,,15.79,58.0,POSITIVE,22.08,,,439.62,2026-08-03
GPTINFRA,INFRASTRUCTURE,114.02,73.0,STRONG_BUY,CONSOLIDATING,-23.99,,,EARLY_ROTATION,0.14,-0.06,0.0,STABLE,FAIR_VALUE,,6.32,58.0,POSITIVE,38.0,112.88,116.3,110.45,2026-08-03
APCL,CEMENT,102.03,26.0,EXIT_AVOID,DOWNTREND,-31.42,,,DISTRIBUTION,-0.01,0.0,0.0,STABLE,MODERATE,,-19.62,50.0,NEUTRAL,20.06,,,93.87,2026-08-03
NIRAJISPAT,FMCG,215.99,58.0,BUY,INSUFFICIENT_DATA,-37.83,,,DISTRIBUTION,0.0,0.0,-0.01,STABLE,CHEAP_QUALITY,,41.76,50.0,NEUTRAL,57.53,213.83,220.31,198.71,2026-08-03
SHREDIGCEM,CEMENT,73.93,26.0,EXIT_AVOID,DOWNTREND,-31.36,,,DISTRIBUTION,-0.67,-2.71,14.08,STRONG_PROMOTER_BUY,MODERATE,,-1.34,62.0,POSITIVE,23.44,,,68.02,2026-08-03
BEARDSELL,CAPITAL_GOODS,27.5,31.0,REDUCE,DOWNTREND,-28.76,,,NEUTRAL,0.01,-0.02,-0.65,STABLE,FAIR_VALUE,,4.26,50.0,NEUTRAL,23.66,,,25.3,2026-08-03
SHRIKRISH,REALTY,40.06,50.0,HOLD_WATCH,INSUFFICIENT_DATA,-28.46,,,NEUTRAL,,,,,,,,,,48.43,38.86,40.06,36.86,2026-08-03
ARIES,CHEMICALS,340.7,31.0,REDUCE,DOWNTREND,-25.92,,,NEUTRAL,-0.12,0.26,0.0,STABLE,FAIR_VALUE,,8.4,50.0,NEUTRAL,21.54,,,313.44,2026-08-03
SUKHJITS,AGRICULTURE,164.66,31.0,REDUCE,DOWNTREND,-28.75,,,NEUTRAL,-0.02,0.0,0.0,STABLE,FAIR_VALUE,,3.14,50.0,NEUTRAL,26.35,,,151.49,2026-08-03
TEGA,FINANCIAL_SERVICES,1587.7,41.0,REDUCE,DOWNTREND,-25.28,,,NEUTRAL,0.79,0.71,0.23,FII_DII_ACCUMULATION,MODERATE,,8.06,65.0,POSITIVE,20.44,,,1460.68,2026-08-03
BALMLAWRIE,DIVERSIFIED,174.14,31.0,REDUCE,DOWNTREND,-26.89,,,NEUTRAL,0.05,0.0,0.0,STABLE,FAIR_VALUE,,9.68,58.0,POSITIVE,29.97,,,160.21,2026-08-03
ALMONDZ,FINANCIAL_SERVICES,13.8,25.0,EXIT_AVOID,DOWNTREND,-37.56,,,NEUTRAL,-0.04,0.0,0.0,STABLE,FAIR_VALUE,,7.56,50.0,NEUTRAL,20.07,,,12.7,2026-08-03
BFUTILITIE,INFRASTRUCTURE,576.2,72.0,STRONG_BUY,INSUFFICIENT_DATA,-35.89,,,EARLY_ROTATION,-0.01,-0.05,0.0,STABLE,CHEAP_QUALITY,,37.85,50.0,NEUTRAL,36.38,570.44,587.72,530.1,2026-08-03
STEELCITY,FINANCIAL_SERVICES,76.4,40.0,REDUCE,DOWNTREND,-29.84,,,NEUTRAL,0.0,0.0,0.0,STABLE,CHEAP_QUALITY,,29.79,58.0,POSITIVE,20.1,,,70.29,2026-08-03
KEEPLEARN,HEALTHCARE,1.94,20.0,EXIT_AVOID,DOWNTREND,-39.56,,,NEUTRAL,0.0,0.0,0.0,STABLE,MODERATE,,6.33,50.0,NEUTRAL,20.09,,,1.78,2026-08-03
GSFC,CHEMICALS,160.81,36.0,REDUCE,DOWNTREND,-27.1,,,NEUTRAL,0.44,0.03,0.0,STABLE,CHEAP_QUALITY,,11.32,50.0,NEUTRAL,20.86,,,147.95,2026-08-03
HITECH,METAL,85.49,31.0,REDUCE,DOWNTREND,-32.95,,,NEUTRAL,-0.6,0.41,0.12,STABLE,FAIR_VALUE,,2.52,50.0,NEUTRAL,23.0,,,78.65,2026-08-03
JKIL,INFRASTRUCTURE,485.2,45.0,HOLD_WATCH,DOWNTREND,-29.21,,,EARLY_ROTATION,-0.87,0.0,0.0,STABLE,FAIR_VALUE,,6.84,50.0,NEUTRAL,20.06,470.64,485.2,446.38,2026-08-03
FRONTSP,AUTO,1381.4,44.0,HOLD_WATCH,INSUFFICIENT_DATA,-26.09,,,PRICE_LED,,,,,,,,,,21.27,1339.96,1381.4,1270.89,2026-08-03
RSYSTEMS,IT,273.8,25.0,EXIT_AVOID,DOWNTREND,-44.9,,,PRICE_LED,0.12,-1.4,0.0,STABLE,FAIR_VALUE,,8.69,58.0,POSITIVE,22.09,,,251.9,2026-08-03
ICRA,FINANCIAL_SERVICES,5131.5,31.0,REDUCE,DOWNTREND,-26.5,,,NEUTRAL,-1.02,-0.25,0.0,STABLE,CHEAP_QUALITY,,32.12,44.0,NEUTRAL,21.52,,,4720.98,2026-08-03
PILANIINVS,FINANCIAL_SERVICES,4346.8,40.0,REDUCE,DOWNTREND,-27.31,,,NEUTRAL,0.0,0.02,0.44,STABLE,CHEAP_QUALITY,,49.55,50.0,NEUTRAL,20.7,,,3999.06,2026-08-03
SCILAL,FINANCIAL_SERVICES,41.89,40.0,REDUCE,DOWNTREND,-23.84,,,NEUTRAL,0.0,-0.05,0.0,STABLE,CHEAP_QUALITY,,231.29,50.0,NEUTRAL,20.36,,,38.54,2026-08-03
NILAINFRA,REALTY,7.66,36.0,REDUCE,DOWNTREND,-33.68,,,NEUTRAL,0.06,0.0,0.0,STABLE,CHEAP_QUALITY,,13.16,50.0,NEUTRAL,20.08,,,7.05,2026-08-03
BANKBARODA,BANKING,247.25,34.0,REDUCE,DOWNTREND,-24.04,SHORT_COVERING,-640575.0,NEUTRAL,0.45,-0.59,0.0,STABLE,,,,58.0,POSITIVE,20.76,,,227.47,2026-08-03
LIBERTSHOE,FMCG,261.9,26.0,EXIT_AVOID,DOWNTREND,-35.33,,,DISTRIBUTION,-0.08,0.0,0.64,STABLE,MODERATE,,0.99,50.0,NEUTRAL,46.48,,,240.95,2026-08-03
GANGESSECU,FMCG,120.0,40.0,REDUCE,DOWNTREND,-32.64,,,DISTRIBUTION,0.0,0.0,0.0,STABLE,CHEAP_QUALITY,,47.44,50.0,NEUTRAL,21.38,,,110.4,2026-08-03
CORALFINAC,REALTY,33.4,40.0,REDUCE,DOWNTREND,-34.38,,,NEUTRAL,0.0,0.0,0.0,STABLE,CHEAP_QUALITY,,78.43,50.0,NEUTRAL,22.64,,,30.73,2026-08-03
BONLON,CHEMICALS,41.23,44.0,HOLD_WATCH,INSUFFICIENT_DATA,-27.67,,,NEUTRAL,,,,,,,,,,20.55,39.99,41.23,37.93,2026-08-03
NAVA,POWER,579.9,40.0,REDUCE,DOWNTREND,-21.57,,,NEUTRAL,0.26,0.15,0.01,STABLE,CHEAP_QUALITY,,31.69,50.0,NEUTRAL,20.85,,,533.51,2026-08-03
WALCHANNAG,FINANCIAL_SERVICES,229.33,48.0,HOLD_WATCH,CONSOLIDATING,-27.38,,,NEUTRAL,0.01,-0.02,0.0,STABLE,MODERATE,,-22.19,50.0,NEUTRAL,29.05,222.45,229.33,206.4,2026-08-03
SINCLAIR,HOSPITALITY,74.69,31.0,REDUCE,DOWNTREND,-34.91,,,NEUTRAL,-0.01,0.0,0.94,STABLE,FAIR_VALUE,,14.93,50.0,NEUTRAL,20.49,,,68.71,2026-08-03
IFGLEXPOR,CAPITAL_GOODS,207.35,56.0,HOLD_WATCH,UPTREND,-38.65,,,NEUTRAL,-0.01,-0.24,0.0,STABLE,MODERATE,,1.25,50.0,NEUTRAL,59.83,201.13,207.35,186.62,2026-08-03
IRCON,INFRASTRUCTURE,131.88,45.0,HOLD_WATCH,DOWNTREND,-30.41,,,EARLY_ROTATION,-0.18,0.0,0.0,STABLE,FAIR_VALUE,,5.77,58.0,POSITIVE,20.05,127.92,131.88,121.33,2026-08-03
HINDCON,OTHER,23.15,43.0,HOLD_WATCH,INSUFFICIENT_DATA,-38.68,,,NEUTRAL,,,,,FAIR_VALUE,,6.94,,,24.44,22.46,23.15,21.3,2026-08-03
GODFRYPHLP,FMCG,2247.0,26.0,EXIT_AVOID,DOWNTREND,-43.07,LONG_UNWINDING,-48125.0,DISTRIBUTION,-0.24,-0.93,0.0,STABLE,CHEAP_QUALITY,,15.91,50.0,NEUTRAL,36.69,,,2067.24,2026-08-03
NEWGEN,IT,562.75,21.0,EXIT_AVOID,DOWNTREND,-45.99,,,PRICE_LED,-2.86,-0.83,0.0,STABLE,CHEAP_QUALITY,,19.47,50.0,NEUTRAL,22.39,,,517.73,2026-08-03
THEINVEST,FINANCIAL_SERVICES,101.23,30.0,REDUCE,DOWNTREND,-38.57,,,NEUTRAL,0.0,0.0,0.0,STABLE,CHEAP_QUALITY,,13.9,50.0,NEUTRAL,20.57,,,93.13,2026-08-03
SURAKSHA,HEALTHCARE,252.1,37.0,REDUCE,DOWNTREND,-24.29,,,NEUTRAL,0.0,0.57,0.1,DII_ACCUMULATION,FAIR_VALUE,,10.05,53.0,NEUTRAL,20.1,,,231.93,2026-08-03
BOHRAIND,OTHER,15.0,39.0,REDUCE,INSUFFICIENT_DATA,-57.84,,,NEUTRAL,0.0,0.0,-9.93,PROMOTER_SELLING,CHEAP_QUALITY,,,50.0,NEUTRAL,25.54,,,13.8,2026-08-03
EIHAHOTELS,HOSPITALITY,312.55,40.0,REDUCE,DOWNTREND,-28.13,,,NEUTRAL,-0.04,0.0,0.0,STABLE,CHEAP_QUALITY,,20.6,50.0,NEUTRAL,22.14,,,287.55,2026-08-03
PENIND,MEDIA,169.12,31.0,REDUCE,DOWNTREND,-39.58,,,DISTRIBUTION,-0.98,3.11,0.0,FII_DII_DIVERGENCE,FAIR_VALUE,,3.61,44.0,NEUTRAL,23.59,,,155.59,2026-08-03
BAJEL,CAPITAL_GOODS,177.35,54.0,HOLD_WATCH,CONSOLIDATING,-21.77,,,NEUTRAL,0.11,0.51,0.0,DII_ACCUMULATION,EXPENSIVE_OR_WEAK,,0.4,53.0,NEUTRAL,21.11,172.03,177.35,170.77,2026-08-03
GENUSPAPER,CHEMICALS,12.47,20.0,EXIT_AVOID,DOWNTREND,-39.76,,,NEUTRAL,-0.01,0.0,-0.01,STABLE,EXPENSIVE_OR_WEAK,,0.03,50.0,NEUTRAL,20.78,,,11.47,2026-08-03
LANDSMILL,OTHER,0.8,44.0,HOLD_WATCH,INSUFFICIENT_DATA,-31.62,,,NEUTRAL,0.08,0.0,0.05,STABLE,,,,50.0,NEUTRAL,20.69,0.78,0.8,0.74,2026-08-03
ZENSARTECH,FMCG,518.0,22.0,EXIT_AVOID,DOWNTREND,-40.39,,,DISTRIBUTION,-1.3,0.54,-0.01,FII_DII_DIVERGENCE,FAIR_VALUE,,12.05,52.0,NEUTRAL,20.51,,,476.56,2026-08-03
INNOVISION,INFRASTRUCTURE,285.75,52.0,HOLD_WATCH,INSUFFICIENT_DATA,-39.2,,,EARLY_ROTATION,,,,,,,,,,26.59,277.18,285.75,262.89,2026-08-03
COCHINSHIP,DEFENCE,1441.9,39.0,REDUCE,DOWNTREND,-27.17,SHORT_COVERING,-168800.0,NEUTRAL,0.37,-0.42,0.0,STABLE,FAIR_VALUE,,15.97,58.0,POSITIVE,21.21,,,1326.55,2026-08-03
BHARATCOAL,ENERGY,34.09,44.0,HOLD_WATCH,INSUFFICIENT_DATA,-24.4,,,PRICE_LED,,,,STABLE,,,,50.0,NEUTRAL,21.46,33.07,34.09,31.36,2026-08-03
ORICONENT,TEXTILES,54.24,58.0,BUY,INSUFFICIENT_DATA,-25.82,,,NEUTRAL,-0.02,-0.01,0.0,STABLE,CHEAP_QUALITY,,140.84,50.0,NEUTRAL,20.19,53.7,55.32,49.9,2026-08-03
SILVER1,OTHER,,44.0,HOLD_WATCH,,,,,NEUTRAL,,,,,,,,,,20.23,,,,2026-08-03
GTL,TELECOM,7.44,26.0,EXIT_AVOID,DOWNTREND,-33.93,,,NEUTRAL,-0.02,0.0,0.0,STABLE,MODERATE,,-26.87,50.0,NEUTRAL,20.99,,,6.84,2026-08-03
IGL,ENERGY,156.17,36.0,REDUCE,DOWNTREND,-30.13,,,PRICE_LED,0.09,-0.92,0.0,STABLE,CHEAP_QUALITY,,11.11,58.0,POSITIVE,20.13,,,143.68,2026-08-03
LPDC,REALTY,6.3,26.0,EXIT_AVOID,DOWNTREND,-33.4,,,NEUTRAL,0.0,0.0,0.0,STABLE,MODERATE,,-492.11,50.0,NEUTRAL,20.28,,,5.8,2026-08-03
RATNAMANI,METAL,2371.8,37.0,REDUCE,DOWNTREND,-29.09,,,NEUTRAL,-0.51,0.53,0.0,FII_DII_DIVERGENCE,FAIR_VALUE,,10.16,44.0,NEUTRAL,23.14,,,2182.06,2026-08-03
DRREDDY,PHARMA,1180.0,21.0,EXIT_AVOID,DOWNTREND,-16.6,SHORT_BUILDUP,66250.0,NEUTRAL,-0.12,0.28,-0.01,STABLE,CHEAP_QUALITY,,16.69,50.0,NEUTRAL,28.06,,,1085.6,2026-08-03
VINYLINDIA,CHEMICALS,246.25,53.0,HOLD_WATCH,CONSOLIDATING,-24.23,,,NEUTRAL,0.02,0.0,0.0,STABLE,FAIR_VALUE,,3.42,58.0,POSITIVE,21.39,238.86,246.25,234.27,2026-08-03
CIEINDIA,AUTO,419.65,31.0,REDUCE,DOWNTREND,-20.22,,,PRICE_LED,0.41,-0.31,0.0,STABLE,FAIR_VALUE,,8.96,58.0,POSITIVE,20.14,,,386.08,2026-08-03
MHLXMIRU,TEXTILES,148.33,30.0,REDUCE,DOWNTREND,-39.37,,,NEUTRAL,-0.01,0.0,0.0,STABLE,CHEAP_QUALITY,,18.32,50.0,NEUTRAL,20.09,,,136.46,2026-08-03
KALPATARU,REALTY,300.7,26.0,EXIT_AVOID,DOWNTREND,-29.96,,,NEUTRAL,0.13,-0.22,0.0,STABLE,,,,50.0,NEUTRAL,20.45,,,276.64,2026-08-03
NTPCGREEN,POWER,90.7,26.0,EXIT_AVOID,DOWNTREND,-24.39,,,NEUTRAL,0.0,0.27,0.0,STABLE,MODERATE,,12.99,50.0,NEUTRAL,20.2,,,83.44,2026-08-03
DEN,MEDIA,27.72,36.0,REDUCE,DOWNTREND,-26.92,,,DISTRIBUTION,-0.06,0.0,0.0,STABLE,CHEAP_QUALITY,,18.36,50.0,NEUTRAL,20.12,,,25.5,2026-08-03
IRIS,IT,254.52,31.0,REDUCE,DOWNTREND,-34.42,,,PRICE_LED,0.14,0.16,0.0,STABLE,FAIR_VALUE,,11.76,50.0,NEUTRAL,22.37,,,234.16,2026-08-03
JPOLYINVST,FINANCIAL_SERVICES,1029.2,40.0,REDUCE,DOWNTREND,-30.82,,,NEUTRAL,0.07,0.0,0.0,STABLE,CHEAP_QUALITY,,1103.44,50.0,NEUTRAL,24.29,,,946.86,2026-08-03
NILASPACES,REALTY,12.74,49.0,HOLD_WATCH,INSUFFICIENT_DATA,-37.76,,,NEUTRAL,0.01,0.0,0.0,STABLE,FAIR_VALUE,,11.44,50.0,NEUTRAL,31.27,12.36,12.74,11.72,2026-08-03
VEEDOL,ENERGY,1412.2,31.0,REDUCE,DOWNTREND,-30.6,,,PRICE_LED,-0.04,-0.01,0.0,STABLE,FAIR_VALUE,,7.5,58.0,POSITIVE,21.57,,,1299.22,2026-08-03
BBOX,IT,753.7,54.0,HOLD_WATCH,CONSOLIDATING,-31.67,,,PRICE_LED,-0.11,-0.08,0.38,STABLE,MODERATE,,3.58,50.0,NEUTRAL,58.62,731.09,753.7,678.33,2026-08-03
WAKEFIT,REALTY,130.05,41.0,REDUCE,INSUFFICIENT_DATA,-41.94,,,NEUTRAL,-21.27,6.66,-0.36,FII_DII_DIVERGENCE,,,,44.0,NEUTRAL,31.69,,,119.65,2026-08-03
LAL,TEXTILES,8.13,40.0,REDUCE,DOWNTREND,-36.34,,,NEUTRAL,-0.28,0.0,0.0,STABLE,CHEAP_QUALITY,,30.74,50.0,NEUTRAL,46.38,,,7.48,2026-08-03
AMJLAND,CHEMICALS,38.12,34.0,REDUCE,DOWNTREND,-37.51,,,NEUTRAL,0.0,0.0,0.0,STABLE,CHEAP_QUALITY,,23.89,50.0,NEUTRAL,20.13,,,35.07,2026-08-03
GROWWSLVR,OTHER,,44.0,HOLD_WATCH,,,,,NEUTRAL,,,,,,,,,,20.18,,,,2026-08-03
SHANTI,FMCG,6.9,20.0,EXIT_AVOID,DOWNTREND,-43.72,,,DISTRIBUTION,0.0,0.0,-2.92,STABLE,MODERATE,,-14.03,50.0,NEUTRAL,21.27,,,6.35,2026-08-03
SINGERIND,FMCG,64.9,44.0,HOLD_WATCH,INSUFFICIENT_DATA,-18.87,,,DISTRIBUTION,,,,,,,,,,20.13,62.95,64.9,59.71,2026-08-03
KANANIIND,CAPITAL_GOODS,1.5,31.0,REDUCE,DOWNTREND,-33.92,,,NEUTRAL,0.0,0.0,0.0,STABLE,FAIR_VALUE,,1.11,50.0,NEUTRAL,20.12,,,1.38,2026-08-03
JUNIPER,HOSPITALITY,197.75,20.0,EXIT_AVOID,DOWNTREND,-36.72,,,NEUTRAL,-0.54,0.05,0.0,STABLE,EXPENSIVE_OR_WEAK,,1.0,50.0,NEUTRAL,20.09,,,181.93,2026-08-03
KLBRENG-B,CAPITAL_GOODS,421.6,44.0,HOLD_WATCH,INSUFFICIENT_DATA,-22.62,,,NEUTRAL,,,,,,,,,,22.98,408.95,421.6,387.87,2026-08-03
KREBSBIO,PHARMA,55.79,26.0,EXIT_AVOID,DOWNTREND,-32.37,,,NEUTRAL,0.0,0.0,0.0,STABLE,MODERATE,,-55.51,50.0,NEUTRAL,20.13,,,51.33,2026-08-03
THANGAMAYL,FMCG,4965.5,60.0,BUY,CONSOLIDATING,-33.17,,,DISTRIBUTION,-0.33,0.79,0.05,DII_ACCUMULATION,EXPENSIVE_OR_WEAK,,1.33,53.0,NEUTRAL,56.31,4915.85,5064.81,4468.95,2026-08-03
KOTIC,CHEMICALS,155.65,50.0,HOLD_WATCH,INSUFFICIENT_DATA,-30.42,,,NEUTRAL,,,,,,,,,,32.2,150.98,155.65,143.2,2026-08-03
INA,POWER,112.75,44.0,HOLD_WATCH,INSUFFICIENT_DATA,-30.32,,,NEUTRAL,,,,STABLE,,,,50.0,NEUTRAL,24.11,109.37,112.75,103.73,2026-08-03
JAYKAY,FMCG,165.32,44.0,HOLD_WATCH,INSUFFICIENT_DATA,-24.75,,,DISTRIBUTION,0.03,0.0,0.0,STABLE,,,,50.0,NEUTRAL,20.27,160.36,165.32,152.09,2026-08-03
CROWN,CAPITAL_GOODS,115.11,34.0,REDUCE,DOWNTREND,-39.73,,,NEUTRAL,0.0,0.0,0.15,STABLE,CHEAP_QUALITY,,29.34,50.0,NEUTRAL,20.28,,,105.9,2026-08-03
VEDPOWER,OTHER,35.2,44.0,HOLD_WATCH,INSUFFICIENT_DATA,-29.43,,,NEUTRAL,,,,STABLE,,,,50.0,NEUTRAL,29.58,34.14,35.2,32.38,2026-08-03
HISARMETAL,METAL,146.47,26.0,EXIT_AVOID,DOWNTREND,-25.98,,,NEUTRAL,-0.24,0.0,0.0,STABLE,MODERATE,,1.59,50.0,NEUTRAL,20.13,,,134.75,2026-08-03
GNRL,ENERGY,93.23,50.0,HOLD_WATCH,INSUFFICIENT_DATA,-22.89,,,PRICE_LED,,,,,,,,,,46.64,90.43,93.23,85.77,2026-08-03
BLBLIMITED,FINANCIAL_SERVICES,15.39,35.0,REDUCE,INSUFFICIENT_DATA,-31.51,,,NEUTRAL,0.07,0.0,-4.77,STABLE,MODERATE,,-0.74,50.0,NEUTRAL,20.16,,,14.16,2026-08-03
AXISCADES,DEFENCE,1572.9,50.0,HOLD_WATCH,INSUFFICIENT_DATA,-28.86,,,NEUTRAL,-0.3,0.69,0.0,DII_ACCUMULATION,EXPENSIVE_OR_WEAK,,5.38,53.0,NEUTRAL,20.53,1525.71,1572.9,1447.07,2026-08-03
BAJAJHIND,FMCG,17.52,23.0,EXIT_AVOID,DOWNTREND,-25.92,,,DISTRIBUTION,-0.85,41.79,-11.31,FII_DII_DIVERGENCE,MODERATE,,-6.75,44.0,NEUTRAL,20.1,,,16.12,2026-08-03
HATSUN,FMCG,884.8,26.0,EXIT_AVOID,DOWNTREND,-24.95,,,DISTRIBUTION,-0.06,-0.02,0.0,STABLE,EXPENSIVE_OR_WEAK,,2.58,58.0,POSITIVE,20.47,,,814.02,2026-08-03
ORKLAINDIA,FMCG,573.6,41.0,REDUCE,INSUFFICIENT_DATA,-24.53,,,DISTRIBUTION,-1.2,4.55,0.0,FII_DII_DIVERGENCE,,,,44.0,NEUTRAL,20.23,,,527.71,2026-08-03
BIRLAPREC,CAPITAL_GOODS,34.8,44.0,HOLD_WATCH,INSUFFICIENT_DATA,-30.39,,,NEUTRAL,,,,,,,,,,23.47,33.76,34.8,32.02,2026-08-03
INFOMEDIA,MEDIA,5.38,54.0,HOLD_WATCH,INSUFFICIENT_DATA,-31.9,,,DISTRIBUTION,0.0,0.0,0.0,STABLE,CHEAP_QUALITY,,,50.0,NEUTRAL,29.64,5.22,5.38,4.95,2026-08-03
DCAL,PHARMA,188.05,20.0,EXIT_AVOID,DOWNTREND,-41.59,,,NEUTRAL,-0.21,0.36,0.0,STABLE,MODERATE,,2.56,50.0,NEUTRAL,23.52,,,173.01,2026-08-03
WEALTH,FINANCIAL_SERVICES,939.25,40.0,REDUCE,DOWNTREND,-27.78,,,NEUTRAL,0.0,-0.01,0.0,STABLE,CHEAP_QUALITY,,68.27,58.0,POSITIVE,20.4,,,864.11,2026-08-03
KHANDSE,FINANCIAL_SERVICES,17.52,30.0,REDUCE,DOWNTREND,-39.59,,,NEUTRAL,0.0,0.0,0.1,STABLE,CHEAP_QUALITY,,13.36,50.0,NEUTRAL,20.36,,,16.12,2026-08-03
VIKRAN,CAPITAL_GOODS,72.54,20.0,EXIT_AVOID,DOWNTREND,-38.73,,,NEUTRAL,-0.49,-1.67,0.1,STABLE,,,,50.0,NEUTRAL,20.99,,,66.74,2026-08-03
ZENITHEXPO,TEXTILES,198.89,26.0,EXIT_AVOID,DOWNTREND,-43.44,,,NEUTRAL,0.0,0.0,0.0,STABLE,MODERATE,,-4.12,50.0,NEUTRAL,44.52,,,182.98,2026-08-03
TEXMOPIPES,CAPITAL_GOODS,42.99,31.0,REDUCE,DOWNTREND,-30.66,,,NEUTRAL,0.0,0.0,0.0,STABLE,FAIR_VALUE,,4.56,50.0,NEUTRAL,20.07,,,39.55,2026-08-03
EXCELSOFT,IT,82.99,29.0,REDUCE,INSUFFICIENT_DATA,-41.8,,,PRICE_LED,-2.54,-10.14,0.0,STABLE,,,,50.0,NEUTRAL,23.53,,,76.35,2026-08-03
AEPL,CAPITAL_GOODS,14.32,44.0,HOLD_WATCH,INSUFFICIENT_DATA,-29.28,,,NEUTRAL,,,,STABLE,,,,50.0,NEUTRAL,23.59,13.89,14.32,13.17,2026-08-03
BDL,DEFENCE,1265.0,39.0,REDUCE,DOWNTREND,-23.52,SHORT_COVERING,-137275.0,NEUTRAL,-0.28,0.02,0.0,STABLE,FAIR_VALUE,,19.58,58.0,POSITIVE,20.47,,,1163.8,2026-08-03
GRINFRA,INFRASTRUCTURE,907.0,50.0,HOLD_WATCH,DOWNTREND,-32.57,,,EARLY_ROTATION,-0.35,0.09,0.0,STABLE,CHEAP_QUALITY,,13.88,58.0,POSITIVE,20.68,879.79,907.0,834.44,2026-08-03
SUMMITSEC,FINANCIAL_SERVICES,1522.2,34.0,REDUCE,DOWNTREND,-38.99,,,NEUTRAL,0.04,0.01,0.0,STABLE,CHEAP_QUALITY,,65.28,50.0,NEUTRAL,20.12,,,1400.42,2026-08-03
SILGO,FMCG,69.79,49.0,HOLD_WATCH,INSUFFICIENT_DATA,-20.24,,,DISTRIBUTION,0.0,0.0,-2.8,PROMOTER_SELLING,FAIR_VALUE,,10.92,48.0,NEUTRAL,20.17,67.7,69.79,64.21,2026-08-03
DABUR,FMCG,425.8,16.0,EXIT_AVOID,DOWNTREND,-26.2,SHORT_BUILDUP,187500.0,DISTRIBUTION,-0.07,0.18,0.02,STABLE,FAIR_VALUE,,14.62,50.0,NEUTRAL,20.17,,,391.74,2026-08-03
MASTERTR,FINANCIAL_SERVICES,84.85,34.0,REDUCE,DOWNTREND,-49.49,,,NEUTRAL,0.0,0.0,0.0,STABLE,CHEAP_QUALITY,,23.89,50.0,NEUTRAL,20.36,,,78.06,2026-08-03
PSB,BANKING,23.76,26.0,EXIT_AVOID,DOWNTREND,-26.8,,,NEUTRAL,-0.01,-0.09,0.0,STABLE,,,,50.0,NEUTRAL,21.36,,,21.86,2026-08-03
JAYSREETEA,FMCG,83.27,36.0,REDUCE,DOWNTREND,-27.72,,,DISTRIBUTION,0.01,0.0,0.0,STABLE,CHEAP_QUALITY,,19.41,50.0,NEUTRAL,20.09,,,76.61,2026-08-03
VESUVIUS,CAPITAL_GOODS,451.4,36.0,REDUCE,DOWNTREND,-25.74,,,NEUTRAL,0.12,0.13,0.0,STABLE,CHEAP_QUALITY,,13.48,58.0,POSITIVE,20.21,,,415.29,2026-08-03
NAGREEKCAP,OTHER,22.89,58.0,BUY,INSUFFICIENT_DATA,-46.46,,,NEUTRAL,,,,,CHEAP_QUALITY,,34.9,,,58.64,22.66,23.35,21.06,2026-08-03
SURANASOL,CAPITAL_GOODS,26.27,48.0,HOLD_WATCH,CONSOLIDATING,-32.78,,,NEUTRAL,0.03,0.0,0.4,STABLE,EXPENSIVE_OR_WEAK,,1.5,50.0,NEUTRAL,22.33,25.48,26.27,25.52,2026-08-03
FCSSOFT,OTHER,1.49,43.0,HOLD_WATCH,INSUFFICIENT_DATA,-42.47,,,NEUTRAL,,,,,FAIR_VALUE,,12.72,,,27.61,1.45,1.49,1.37,2026-08-03
SWARAJENG,CAPITAL_GOODS,3630.6,31.0,REDUCE,DOWNTREND,-20.12,,,NEUTRAL,-0.33,-0.64,-0.01,STABLE,FAIR_VALUE,,9.55,50.0,NEUTRAL,20.54,,,3340.15,2026-08-03
THEMISMED,PHARMA,107.06,53.0,HOLD_WATCH,CONSOLIDATING,-27.66,,,NEUTRAL,0.06,0.0,0.0,STABLE,FAIR_VALUE,,7.02,50.0,NEUTRAL,24.61,103.85,107.06,96.35,2026-08-03
RIIL,LOGISTICS,746.85,26.0,EXIT_AVOID,DOWNTREND,-22.6,,,NEUTRAL,0.01,0.0,0.0,STABLE,MODERATE,,19.96,58.0,POSITIVE,20.28,,,687.1,2026-08-03
SPMLINFRA,INFRASTRUCTURE,196.13,61.0,BUY,CONSOLIDATING,-36.71,,,EARLY_ROTATION,0.22,-0.3,1.86,STRONG_PROMOTER_BUY,FAIR_VALUE,,6.13,62.0,POSITIVE,23.01,194.17,200.05,186.93,2026-08-03
BAJAJHCARE,PHARMA,340.4,31.0,REDUCE,DOWNTREND,-34.02,,,NEUTRAL,0.35,-0.05,-0.9,STABLE,FAIR_VALUE,,8.28,50.0,NEUTRAL,21.09,,,313.17,2026-08-03
TVTODAY,MEDIA,115.76,31.0,REDUCE,DOWNTREND,-26.02,,,DISTRIBUTION,-0.61,-3.03,0.0,STABLE,FAIR_VALUE,,3.83,50.0,NEUTRAL,20.71,,,106.5,2026-08-03
APTUS,FINANCIAL_SERVICES,263.6,37.0,REDUCE,DOWNTREND,-27.58,,,NEUTRAL,-2.86,2.15,0.0,FII_DII_DIVERGENCE,CHEAP_QUALITY,,42.33,52.0,NEUTRAL,26.79,,,242.51,2026-08-03
SOLARA,PHARMA,515.85,26.0,EXIT_AVOID,DOWNTREND,-27.55,,,NEUTRAL,-0.26,0.03,0.0,STABLE,MODERATE,,2.31,50.0,NEUTRAL,20.41,,,474.58,2026-08-03
VASWANI,CHEMICALS,51.81,31.0,REDUCE,DOWNTREND,-25.98,,,NEUTRAL,-0.11,0.0,0.0,STABLE,FAIR_VALUE,,2.75,50.0,NEUTRAL,20.05,,,47.67,2026-08-03
KAYNES,CAPITAL_GOODS,3805.0,26.0,EXIT_AVOID,DOWNTREND,-50.62,LONG_BUILDUP,97350.0,NEUTRAL,-1.6,-1.59,0.0,STABLE,MODERATE,,10.27,50.0,NEUTRAL,29.52,,,3500.6,2026-08-03
ANDHRAPAP,CHEMICALS,61.99,37.0,REDUCE,DOWNTREND,-28.66,,,NEUTRAL,-0.45,1.05,0.0,DII_ACCUMULATION,FAIR_VALUE,,6.52,53.0,NEUTRAL,21.1,,,57.03,2026-08-03
LINCOLN,PHARMA,580.75,64.0,BUY,CONSOLIDATING,-24.58,,,NEUTRAL,0.49,1.08,0.0,DII_ACCUMULATION,CHEAP_QUALITY,,14.17,53.0,NEUTRAL,20.41,574.94,592.37,560.09,2026-08-03
PURVA,REALTY,207.67,26.0,EXIT_AVOID,DOWNTREND,-31.91,,,NEUTRAL,-0.45,0.03,0.0,STABLE,MODERATE,,-13.48,50.0,NEUTRAL,20.3,,,191.06,2026-08-03
VAISHALI,OTHER,7.64,43.0,HOLD_WATCH,INSUFFICIENT_DATA,-41.46,,,NEUTRAL,,,,,FAIR_VALUE,,7.0,,,22.18,7.41,7.64,7.03,2026-08-03
GRANDOAK,FINANCIAL_SERVICES,36.59,50.0,HOLD_WATCH,INSUFFICIENT_DATA,-34.38,,,NEUTRAL,,,,,,,,,,58.16,35.49,36.59,33.66,2026-08-03
ENIL,MEDIA,108.81,25.0,EXIT_AVOID,DOWNTREND,-37.67,,,DISTRIBUTION,-0.08,-0.1,0.0,STABLE,FAIR_VALUE,,5.83,50.0,NEUTRAL,20.56,,,100.11,2026-08-03
VSTTILLERS,AUTO,4472.8,26.0,EXIT_AVOID,DOWNTREND,-29.83,,,PRICE_LED,0.23,-0.99,0.0,STABLE,EXPENSIVE_OR_WEAK,,2.33,50.0,NEUTRAL,20.27,,,4114.98,2026-08-03
APEX,FMCG,380.4,57.0,HOLD_WATCH,CONSOLIDATING,-26.06,,,DISTRIBUTION,1.26,0.11,0.0,FII_ACCUMULATION,MODERATE,,0.31,56.0,POSITIVE,22.14,368.99,380.4,356.17,2026-08-03
MADRASFERT,CHEMICALS,66.76,31.0,REDUCE,DOWNTREND,-30.74,,,NEUTRAL,0.01,0.0,0.0,STABLE,FAIR_VALUE,,5.72,50.0,NEUTRAL,20.19,,,61.42,2026-08-03
SYNCOMF,PHARMA,13.19,31.0,REDUCE,DOWNTREND,-29.47,,,NEUTRAL,-0.05,0.0,0.0,STABLE,FAIR_VALUE,,10.49,50.0,NEUTRAL,20.26,,,12.13,2026-08-03
IREDA,ENERGY,123.0,55.0,HOLD_WATCH,DOWNTREND,-24.7,LONG_BUILDUP,565625.0,PRICE_LED,0.07,-0.06,0.0,STABLE,CHEAP_QUALITY,,24.43,58.0,POSITIVE,20.61,119.31,123.0,113.16,2026-08-03
PANACEABIO,PHARMA,423.45,54.0,HOLD_WATCH,CONSOLIDATING,-34.55,,,NEUTRAL,0.24,0.12,0.0,STABLE,EXPENSIVE_OR_WEAK,,2.72,50.0,NEUTRAL,56.29,410.75,423.45,390.98,2026-08-03
HINDCOMPOS,AUTO,425.55,31.0,REDUCE,DOWNTREND,-22.63,,,PRICE_LED,0.0,0.0,0.0,STABLE,FAIR_VALUE,,12.76,50.0,NEUTRAL,20.31,,,391.51,2026-08-03
BRNL,INFRASTRUCTURE,17.47,54.0,HOLD_WATCH,DOWNTREND,-34.08,,,EARLY_ROTATION,0.0,0.0,0.0,STABLE,CHEAP_QUALITY,,124.4,50.0,NEUTRAL,20.22,16.95,17.47,16.07,2026-08-03
AASTHA,OTHER,76.12,44.0,HOLD_WATCH,INSUFFICIENT_DATA,-45.63,,,NEUTRAL,,,,,,,,,,59.71,73.84,76.12,70.03,2026-08-03
SNOWMAN,LOGISTICS,38.5,30.0,REDUCE,DOWNTREND,-35.62,,,NEUTRAL,-0.06,0.0,0.0,STABLE,CHEAP_QUALITY,,,58.0,POSITIVE,20.44,,,35.42,2026-08-03
INTERARCH,INFRASTRUCTURE,1846.1,42.0,HOLD_WATCH,DOWNTREND,-33.18,,,EARLY_ROTATION,-1.93,1.15,0.0,FII_DII_DIVERGENCE,FAIR_VALUE,,7.11,44.0,NEUTRAL,20.41,1790.72,1846.1,1698.41,2026-08-03
VBL,FMCG,445.0,17.0,EXIT_AVOID,DOWNTREND,-19.94,SHORT_BUILDUP,253725.0,DISTRIBUTION,-0.8,0.84,0.0,FII_DII_DIVERGENCE,MODERATE,,13.74,52.0,NEUTRAL,20.52,,,409.4,2026-08-03
UTIAMC,AMC,915.75,34.0,REDUCE,DOWNTREND,-35.42,,,NEUTRAL,-0.16,0.07,0.0,STABLE,CHEAP_QUALITY,,46.09,50.0,NEUTRAL,20.29,,,842.49,2026-08-03
LINC,FMCG,101.64,31.0,REDUCE,DOWNTREND,-23.8,,,DISTRIBUTION,-0.08,0.0,0.0,STABLE,FAIR_VALUE,,7.07,50.0,NEUTRAL,20.39,,,93.51,2026-08-03
ABMKNO,IT,198.99,44.0,HOLD_WATCH,INSUFFICIENT_DATA,-21.93,,,PRICE_LED,,,,,,,,,,20.29,193.02,198.99,183.07,2026-08-03
VINNY,TEXTILES,1.05,31.0,REDUCE,DOWNTREND,-31.37,,,NEUTRAL,0.0,0.0,2.37,STRONG_PROMOTER_BUY,FAIR_VALUE,,6.25,50.0,NEUTRAL,20.05,,,0.97,2026-08-03
SPLIL,TEXTILES,30.0,31.0,REDUCE,DOWNTREND,-33.63,,,NEUTRAL,0.0,0.0,-0.03,STABLE,FAIR_VALUE,,6.45,50.0,NEUTRAL,20.64,,,27.6,2026-08-03
CENTRUM,FINANCIAL_SERVICES,24.09,20.0,EXIT_AVOID,DOWNTREND,-37.43,,,NEUTRAL,-0.51,-0.51,1.1,STRONG_PROMOTER_BUY,MODERATE,,-3.07,62.0,POSITIVE,21.52,,,22.16,2026-08-03
JHS,HEALTHCARE,7.64,29.0,REDUCE,DOWNTREND,-45.04,,,NEUTRAL,2.03,0.0,-0.71,FII_ACCUMULATION,MODERATE,,-28.72,56.0,POSITIVE,20.07,,,7.03,2026-08-03
USK,INFRASTRUCTURE,22.43,34.0,REDUCE,DOWNTREND,-39.31,,,EARLY_ROTATION,0.0,0.0,0.0,STABLE,MODERATE,,-2.3,50.0,NEUTRAL,20.02,,,20.64,2026-08-03
FORCEMOT,AUTO,18494.0,34.0,REDUCE,DOWNTREND,-30.08,SHORT_COVERING,-14850.0,PRICE_LED,0.47,-0.04,0.0,STABLE,MODERATE,,6.54,50.0,NEUTRAL,21.09,,,17014.48,2026-08-03
GODAVARIB,FMCG,260.65,26.0,EXIT_AVOID,DOWNTREND,-26.16,,,DISTRIBUTION,0.12,-0.77,0.0,STABLE,MODERATE,,-23.37,50.0,NEUTRAL,20.12,,,239.8,2026-08-03
BBL,CAPITAL_GOODS,2564.5,40.0,REDUCE,DOWNTREND,-24.82,,,NEUTRAL,0.53,0.3,0.0,FII_ACCUMULATION,FAIR_VALUE,,6.54,56.0,POSITIVE,20.33,,,2359.34,2026-08-03
JYOTISTRUC,CAPITAL_GOODS,11.6,53.0,HOLD_WATCH,CONSOLIDATING,-33.41,,,NEUTRAL,-0.04,-0.01,0.0,STABLE,FAIR_VALUE,,8.36,50.0,NEUTRAL,20.93,11.25,11.6,11.08,2026-08-03
MODIRUBBER,AUTO,121.37,40.0,REDUCE,DOWNTREND,-27.54,,,PRICE_LED,0.0,0.0,0.0,STABLE,CHEAP_QUALITY,,97.23,50.0,NEUTRAL,20.22,,,111.66,2026-08-03
AIROLAM,REALTY,86.17,26.0,EXIT_AVOID,DOWNTREND,-31.06,,,NEUTRAL,0.0,0.0,0.02,STABLE,MODERATE,,2.02,50.0,NEUTRAL,20.21,,,79.28,2026-08-03
AARTIPHARM,PHARMA,675.8,46.0,HOLD_WATCH,DOWNTREND,-28.57,,,NEUTRAL,0.71,-0.25,-0.02,FII_ACCUMULATION,FAIR_VALUE,,12.92,71.2,POSITIVE,20.29,655.53,675.8,621.74,2026-08-03
PLATIND,FMCG,225.53,37.0,REDUCE,DOWNTREND,-34.13,,,DISTRIBUTION,-0.03,0.65,0.0,DII_ACCUMULATION,FAIR_VALUE,,13.49,53.0,NEUTRAL,22.85,,,207.49,2026-08-03
KRITIKA,METAL,6.01,25.0,EXIT_AVOID,DOWNTREND,-45.86,,,NEUTRAL,-0.06,0.0,0.0,STABLE,FAIR_VALUE,,1.35,50.0,NEUTRAL,20.28,,,5.53,2026-08-03
EXPLEOSOL,IT,805.15,31.0,REDUCE,DOWNTREND,-31.48,,,PRICE_LED,0.1,-0.06,0.0,STABLE,FAIR_VALUE,,10.69,50.0,NEUTRAL,20.13,,,740.74,2026-08-03
FINPIPE,CHEMICALS,165.79,31.0,REDUCE,DOWNTREND,-25.49,,,NEUTRAL,-0.02,-1.44,0.0,STABLE,FAIR_VALUE,,7.36,53.0,NEUTRAL,20.25,,,152.53,2026-08-03
RELCHEMQ,TEXTILES,124.83,26.0,EXIT_AVOID,DOWNTREND,-32.16,,,NEUTRAL,0.03,0.0,0.0,STABLE,MODERATE,,0.88,50.0,NEUTRAL,20.18,,,114.84,2026-08-03
TARACHAND,LOGISTICS,58.84,25.0,EXIT_AVOID,DOWNTREND,-43.24,,,NEUTRAL,0.02,-0.51,0.06,STABLE,FAIR_VALUE,,10.34,50.0,NEUTRAL,21.22,,,54.13,2026-08-03
MONEYBOXX,FINANCIAL_SERVICES,60.69,26.0,EXIT_AVOID,DOWNTREND,-33.67,,,NEUTRAL,,,,STABLE,,,,50.0,NEUTRAL,20.28,,,55.83,2026-08-03
GUJTHEM,PHARMA,356.6,26.0,EXIT_AVOID,DOWNTREND,-25.55,,,NEUTRAL,-0.16,0.01,0.0,STABLE,,,,50.0,NEUTRAL,21.82,,,328.07,2026-08-03
LAXMICOT,TEXTILES,14.63,38.0,REDUCE,INSUFFICIENT_DATA,-45.77,,,NEUTRAL,0.0,0.0,0.0,STABLE,MODERATE,,-6.68,50.0,NEUTRAL,20.83,,,13.46,2026-08-03
BRIGHOTEL,HOSPITALITY,61.04,26.0,EXIT_AVOID,DOWNTREND,-33.49,,,NEUTRAL,-0.18,-0.09,0.0,STABLE,,,,50.0,NEUTRAL,20.33,,,56.16,2026-08-03
IRFC,FINANCIAL_SERVICES,90.25,61.0,HOLD_WATCH,DOWNTREND,-34.21,LONG_BUILDUP,1703450.0,NEUTRAL,0.19,1.34,-1.71,DII_ACCUMULATION,CHEAP_QUALITY,,23.74,61.0,POSITIVE,20.16,89.35,92.06,83.03,2026-08-03
LEMONTREE,HOSPITALITY,114.03,16.0,EXIT_AVOID,DOWNTREND,-36.89,,,NEUTRAL,-2.15,-1.32,0.0,STABLE,FAIR_VALUE,,17.96,50.0,NEUTRAL,23.72,,,104.91,2026-08-03
DIGITIDE,IT,100.15,20.0,EXIT_AVOID,DOWNTREND,-54.27,,,PRICE_LED,0.05,-0.37,0.39,STABLE,,,,50.0,NEUTRAL,20.94,,,92.14,2026-08-03
TEAMGTY,FINANCIAL_SERVICES,223.48,44.0,HOLD_WATCH,INSUFFICIENT_DATA,-32.8,,,NEUTRAL,0.05,0.0,0.0,STABLE,,,,50.0,NEUTRAL,20.95,216.78,223.48,205.6,2026-08-03
COMPUSOFT,HEALTHCARE,13.4,25.0,EXIT_AVOID,DOWNTREND,-38.78,,,NEUTRAL,0.01,0.0,0.01,STABLE,FAIR_VALUE,,8.32,50.0,NEUTRAL,20.14,,,12.33,2026-08-03
AARON,CAPITAL_GOODS,131.6,25.0,EXIT_AVOID,DOWNTREND,-48.99,,,NEUTRAL,0.0,-0.09,0.0,STABLE,FAIR_VALUE,,9.88,50.0,NEUTRAL,20.79,,,121.07,2026-08-03
GMDCLTD,REALTY,561.0,40.0,REDUCE,DOWNTREND,-27.32,,,NEUTRAL,-0.1,-0.12,0.0,STABLE,CHEAP_QUALITY,,22.1,56.0,POSITIVE,20.15,,,516.12,2026-08-03
ZODIACLOTH,TEXTILES,76.65,20.0,EXIT_AVOID,DOWNTREND,-35.83,,,NEUTRAL,0.0,0.0,1.53,STRONG_PROMOTER_BUY,MODERATE,,-22.21,50.0,NEUTRAL,20.6,,,70.52,2026-08-03
JINDALPOLY,CHEMICALS,625.0,48.0,HOLD_WATCH,CONSOLIDATING,-39.11,,,NEUTRAL,-0.89,-0.01,0.0,STABLE,EXPENSIVE_OR_WEAK,,0.3,50.0,NEUTRAL,42.84,606.25,625.0,602.97,2026-08-03
KEYFINSERV,FINANCIAL_SERVICES,253.2,40.0,REDUCE,DOWNTREND,-33.73,,,NEUTRAL,0.0,0.0,0.0,STABLE,CHEAP_QUALITY,,84.53,50.0,NEUTRAL,20.18,,,232.94,2026-08-03
EKC,CAPITAL_GOODS,109.78,31.0,REDUCE,DOWNTREND,-29.98,,,NEUTRAL,-0.18,0.02,0.0,STABLE,FAIR_VALUE,,7.7,50.0,NEUTRAL,20.07,,,101.0,2026-08-03
ALPA,PHARMA,66.66,40.0,REDUCE,DOWNTREND,-34.0,,,NEUTRAL,0.02,0.0,-0.1,STABLE,CHEAP_QUALITY,,32.47,50.0,NEUTRAL,20.23,,,61.33,2026-08-03
INDIASHLTR,FINANCIAL_SERVICES,726.5,46.0,HOLD_WATCH,DOWNTREND,-25.01,,,NEUTRAL,-0.61,0.67,-0.06,FII_DII_DIVERGENCE,CHEAP_QUALITY,,31.73,52.0,NEUTRAL,20.08,704.7,726.5,668.38,2026-08-03
SWSOLAR,INFRASTRUCTURE,208.41,62.0,BUY,CONSOLIDATING,-27.26,,,EARLY_ROTATION,-0.22,0.21,0.0,STABLE,EXPENSIVE_OR_WEAK,,0.83,50.0,NEUTRAL,20.89,206.33,212.58,201.82,2026-08-03
NDRAUTO,AUTO,824.65,53.0,HOLD_WATCH,CONSOLIDATING,-30.5,,,PRICE_LED,0.03,0.0,0.0,STABLE,FAIR_VALUE,,7.25,50.0,NEUTRAL,27.66,799.91,824.65,774.21,2026-08-03
SIMPLEXINF,INFRASTRUCTURE,235.64,40.0,REDUCE,DOWNTREND,-28.59,,,EARLY_ROTATION,0.11,0.02,0.0,STABLE,MODERATE,,-4.0,50.0,NEUTRAL,20.24,,,216.79,2026-08-03
SCHAND,HOSPITALITY,144.7,26.0,EXIT_AVOID,DOWNTREND,-27.96,,,NEUTRAL,-0.19,0.34,0.0,STABLE,MODERATE,,-25.53,58.0,POSITIVE,20.02,,,133.12,2026-08-03
SURYAROSNI,METAL,237.32,31.0,REDUCE,DOWNTREND,-27.2,,,NEUTRAL,-0.07,0.07,0.11,STABLE,FAIR_VALUE,,4.81,50.0,NEUTRAL,20.13,,,218.33,2026-08-03
TNTELE,RETAIL,9.11,30.0,REDUCE,DOWNTREND,-42.12,,,NEUTRAL,0.0,-0.43,0.0,STABLE,CHEAP_QUALITY,,,50.0,NEUTRAL,24.63,,,8.38,2026-08-03
SAURASHCEM,CEMENT,60.14,20.0,EXIT_AVOID,DOWNTREND,-52.02,,,DISTRIBUTION,-0.04,0.0,-0.08,STABLE,MODERATE,,-5.31,50.0,NEUTRAL,20.16,,,55.33,2026-08-03
TATAELXSI,IT,3761.9,58.0,HOLD_WATCH,DOWNTREND,-36.77,LONG_BUILDUP,7125.0,PRICE_LED,2.52,-0.9,0.0,FII_DII_DIVERGENCE,CHEAP_QUALITY,,22.62,52.0,NEUTRAL,20.19,3724.28,3837.14,3460.95,2026-08-03
RESPONIND,REALTY,173.3,40.0,REDUCE,DOWNTREND,-28.06,,,NEUTRAL,0.97,-0.06,0.0,FII_ACCUMULATION,FAIR_VALUE,,14.1,56.0,POSITIVE,21.86,,,159.44,2026-08-03
SYMPHONY,FMCG,682.75,36.0,REDUCE,DOWNTREND,-31.14,,,DISTRIBUTION,-0.83,-0.24,0.0,STABLE,CHEAP_QUALITY,,17.78,58.0,POSITIVE,20.05,,,628.13,2026-08-03
HBSL,OTHER,50.5,54.0,HOLD_WATCH,INSUFFICIENT_DATA,-53.58,,,NEUTRAL,,,,,CHEAP_QUALITY,,,,,56.93,48.98,50.5,46.46,2026-08-03
MANYAVAR,RETAIL,418.75,31.0,REDUCE,DOWNTREND,-47.43,,,NEUTRAL,-1.01,0.62,0.0,FII_DII_DIVERGENCE,CHEAP_QUALITY,,24.97,44.0,NEUTRAL,20.21,,,385.25,2026-08-03
RTNPOWER,POWER,8.8,26.0,EXIT_AVOID,DOWNTREND,-31.78,,,NEUTRAL,-0.09,-0.03,0.0,STABLE,EXPENSIVE_OR_WEAK,,0.21,50.0,NEUTRAL,20.09,,,8.1,2026-08-03
HILINFRA,OTHER,47.0,44.0,HOLD_WATCH,INSUFFICIENT_DATA,-52.37,,,NEUTRAL,,,,,,,,,,59.21,45.59,47.0,43.24,2026-08-03
CAMPUS,FMCG,223.2,26.0,EXIT_AVOID,DOWNTREND,-24.85,,,DISTRIBUTION,-0.08,-0.11,-0.01,STABLE,MODERATE,,7.17,50.0,NEUTRAL,20.04,,,205.34,2026-08-03
MEDIASSIST,HEALTHCARE,361.0,22.0,EXIT_AVOID,DOWNTREND,-39.24,,,NEUTRAL,-1.51,2.74,-0.02,FII_DII_DIVERGENCE,FAIR_VALUE,,13.9,44.0,NEUTRAL,20.33,,,332.12,2026-08-03
MARSONS,CAPITAL_GOODS,110.45,38.0,REDUCE,INSUFFICIENT_DATA,-37.03,,,NEUTRAL,,,,STABLE,,,,50.0,NEUTRAL,21.01,,,101.61,2026-08-03
GVPTECH,IT,7.06,20.0,EXIT_AVOID,DOWNTREND,-38.02,,,PRICE_LED,0.0,0.0,0.0,STABLE,MODERATE,,-103.12,50.0,NEUTRAL,20.12,,,6.5,2026-08-03
BLS,INFRASTRUCTURE,250.75,48.0,HOLD_WATCH,DOWNTREND,-37.18,,,EARLY_ROTATION,-0.23,0.06,0.0,STABLE,CHEAP_QUALITY,,27.15,58.0,POSITIVE,20.06,243.23,250.75,230.69,2026-08-03
ORIENTTECH,TEXTILES,261.5,25.0,EXIT_AVOID,DOWNTREND,-43.97,,,NEUTRAL,-0.14,0.0,-2.58,PROMOTER_SELLING,FAIR_VALUE,,6.45,38.0,NEUTRAL,20.33,,,240.58,2026-08-03
ZOTA,PHARMA,1265.7,20.0,EXIT_AVOID,DOWNTREND,-27.26,,,NEUTRAL,0.21,0.31,-2.18,PROMOTER_SELLING,MODERATE,,-18.1,32.0,WEAK,22.08,,,1164.44,2026-08-03
TTML,TELECOM,40.21,26.0,EXIT_AVOID,DOWNTREND,-33.67,,,NEUTRAL,-0.04,0.03,0.0,STABLE,MODERATE,,-95.45,50.0,NEUTRAL,20.09,,,36.99,2026-08-03
REFEX,CHEMICALS,306.8,53.0,HOLD_WATCH,CONSOLIDATING,-26.44,,,NEUTRAL,0.28,0.01,0.0,STABLE,FAIR_VALUE,,6.98,50.0,NEUTRAL,21.13,297.6,306.8,276.12,2026-08-03
VMM,RETAIL,111.2,22.0,EXIT_AVOID,DOWNTREND,-29.44,SHORT_BUILDUP,2027300.0,NEUTRAL,6.49,7.26,-13.97,FII_DII_ACCUMULATION,FAIR_VALUE,,8.38,65.0,POSITIVE,20.13,,,102.3,2026-08-03
BANDHANBNK,BANKING,173.65,69.0,BUY,CONSOLIDATING,-21.34,LONG_BUILDUP,316800.0,NEUTRAL,-0.24,3.57,-0.76,DII_ACCUMULATION,,,,53.0,NEUTRAL,22.3,171.91,177.12,168.43,2026-08-03
MEIL,OTHER,289.0,44.0,HOLD_WATCH,INSUFFICIENT_DATA,-49.63,,,NEUTRAL,,,,,,,,,,59.11,280.33,289.0,265.88,2026-08-03
LEMERITE,TEXTILES,23.26,44.0,HOLD_WATCH,INSUFFICIENT_DATA,-78.38,,,NEUTRAL,0.1,,-0.22,STABLE,,,,52.0,NEUTRAL,41.25,22.56,23.26,21.4,2026-08-03
ITC,FMCG,287.0,16.0,EXIT_AVOID,DOWNTREND,-32.79,SHORT_BUILDUP,1526625.0,DISTRIBUTION,-1.28,0.26,0.0,STABLE,CHEAP_QUALITY,,23.62,58.0,POSITIVE,20.27,,,264.04,2026-08-03
GLOBE,TEXTILES,2.1,25.0,EXIT_AVOID,DOWNTREND,-36.17,,,NEUTRAL,0.0,0.0,1.06,STRONG_PROMOTER_BUY,FAIR_VALUE,,2.24,56.0,POSITIVE,20.13,,,1.93,2026-08-03
RAILTEL,TELECOM,292.25,31.0,REDUCE,DOWNTREND,-29.22,,,NEUTRAL,0.04,0.15,0.0,STABLE,FAIR_VALUE,,8.55,58.0,POSITIVE,20.05,,,268.87,2026-08-03
SUVIDHAA,FINANCIAL_SERVICES,2.54,38.0,REDUCE,INSUFFICIENT_DATA,-40.24,,,NEUTRAL,0.0,0.0,0.0,STABLE,MODERATE,,-150.64,50.0,NEUTRAL,21.14,,,2.34,2026-08-03
ORIENTCEM,CEMENT,139.51,29.0,REDUCE,DOWNTREND,-42.91,,,DISTRIBUTION,0.56,-0.26,0.0,FII_ACCUMULATION,EXPENSIVE_OR_WEAK,,1.05,62.5,POSITIVE,20.14,,,128.35,2026-08-03
DCMSRIND,DIVERSIFIED,41.56,25.0,EXIT_AVOID,DOWNTREND,-77.15,,,NEUTRAL,-0.32,0.01,0.0,STABLE,FAIR_VALUE,,4.45,50.0,NEUTRAL,20.26,,,38.24,2026-08-03
ELLEN,AUTO,273.05,20.0,EXIT_AVOID,DOWNTREND,-51.22,,,PRICE_LED,0.48,-2.41,-0.01,STABLE,,,,50.0,NEUTRAL,21.27,,,251.21,2026-08-03
GLOBUSSPR,FMCG,900.85,41.0,REDUCE,DOWNTREND,-28.76,,,DISTRIBUTION,1.06,0.82,-0.17,FII_DII_ACCUMULATION,EXPENSIVE_OR_WEAK,,0.1,65.0,POSITIVE,20.16,,,828.78,2026-08-03
AVONMORE,FINANCIAL_SERVICES,11.36,34.0,REDUCE,DOWNTREND,-52.47,,,NEUTRAL,0.04,0.0,0.0,STABLE,CHEAP_QUALITY,,22.73,50.0,NEUTRAL,20.21,,,10.45,2026-08-03
ARCHIES,FMCG,13.95,20.0,EXIT_AVOID,DOWNTREND,-42.78,,,DISTRIBUTION,0.0,0.0,-0.67,STABLE,MODERATE,,1.74,50.0,NEUTRAL,20.09,,,12.83,2026-08-03
DHUNINV,FINANCIAL_SERVICES,886.9,34.0,REDUCE,DOWNTREND,-43.62,,,NEUTRAL,0.0,0.0,0.0,STABLE,CHEAP_QUALITY,,57.57,50.0,NEUTRAL,20.25,,,815.95,2026-08-03
GREENPOWER,POWER,10.08,35.0,REDUCE,DOWNTREND,-32.98,,,NEUTRAL,-0.2,0.0,0.0,STABLE,FAIR_VALUE,,36.09,50.0,NEUTRAL,20.09,,,9.27,2026-08-03
KPIGREEN,POWER,380.85,36.0,REDUCE,DOWNTREND,-29.76,,,NEUTRAL,-0.47,-0.01,0.24,STABLE,CHEAP_QUALITY,,18.58,58.0,POSITIVE,20.03,,,350.38,2026-08-03
GENCON,REALTY,39.62,31.0,REDUCE,DOWNTREND,-33.92,,,NEUTRAL,0.3,0.0,0.0,STABLE,FAIR_VALUE,,1.95,50.0,NEUTRAL,20.23,,,36.45,2026-08-03
CSLFINANCE,FINANCIAL_SERVICES,219.78,46.0,HOLD_WATCH,DOWNTREND,-32.31,,,NEUTRAL,-0.45,1.57,0.1,DII_ACCUMULATION,CHEAP_QUALITY,,32.23,53.0,NEUTRAL,20.08,213.19,219.78,202.2,2026-08-03
ENERGYDEV,POWER,16.77,38.0,REDUCE,INSUFFICIENT_DATA,-43.52,,,NEUTRAL,0.0,0.0,0.0,STABLE,MODERATE,,-301.42,50.0,NEUTRAL,22.28,,,15.43,2026-08-03
KOTHARIPRO,FMCG,68.66,20.0,EXIT_AVOID,DOWNTREND,-37.01,,,DISTRIBUTION,0.0,0.0,0.0,STABLE,MODERATE,,-22.47,50.0,NEUTRAL,22.68,,,63.17,2026-08-03
SJVN,POWER,69.42,40.0,REDUCE,DOWNTREND,-31.57,,,NEUTRAL,0.05,-0.24,0.0,STABLE,CHEAP_QUALITY,,34.68,58.0,POSITIVE,20.4,,,63.87,2026-08-03
TEAMLEASE,FINANCIAL_SERVICES,1239.8,20.0,EXIT_AVOID,DOWNTREND,-36.23,,,NEUTRAL,0.41,-0.23,0.0,STABLE,MODERATE,,0.93,50.0,NEUTRAL,20.16,,,1140.62,2026-08-03
ZENITHSTL,METAL,5.63,20.0,EXIT_AVOID,DOWNTREND,-43.7,,,NEUTRAL,0.0,-0.06,0.0,STABLE,MODERATE,,-0.56,50.0,NEUTRAL,20.14,,,5.18,2026-08-03
GUJAPOLLO,CHEMICALS,364.0,58.0,BUY,INSUFFICIENT_DATA,-34.53,,,NEUTRAL,0.18,0.0,0.0,STABLE,CHEAP_QUALITY,,44.33,50.0,NEUTRAL,21.82,360.36,371.28,334.88,2026-08-03
DEVX,OTHER,34.33,20.0,EXIT_AVOID,DOWNTREND,-36.43,,,NEUTRAL,-0.09,-0.67,-1.72,PROMOTER_SELLING,,,,50.0,NEUTRAL,20.19,,,31.58,2026-08-03
AAATECH,IT,90.6,58.0,BUY,INSUFFICIENT_DATA,-33.38,,,PRICE_LED,1.1,0.0,0.0,FII_ACCUMULATION,FAIR_VALUE,,15.03,56.0,POSITIVE,20.75,89.69,92.41,83.35,2026-08-03
EPIGRAL,CHEMICALS,1120.7,30.0,REDUCE,DOWNTREND,-41.37,,,NEUTRAL,-0.82,-0.23,0.0,STABLE,CHEAP_QUALITY,,14.48,58.0,POSITIVE,21.07,,,1031.04,2026-08-03
HDFCBANK,BANKING,753.0,8.0,EXIT_AVOID,DOWNTREND,-26.21,SHORT_BUILDUP,3604900.0,NEUTRAL,-2.22,1.6,0.0,FII_DII_DIVERGENCE,,,,52.0,NEUTRAL,21.75,,,692.76,2026-08-03
PALASHSECU,FMCG,89.01,26.0,EXIT_AVOID,DOWNTREND,-33.97,,,DISTRIBUTION,0.0,0.0,0.0,STABLE,MODERATE,,-19.71,50.0,NEUTRAL,20.04,,,81.89,2026-08-03
SHEKHAWATI,OTHER,13.59,48.0,HOLD_WATCH,INSUFFICIENT_DATA,-47.22,,,NEUTRAL,,,,,CHEAP_QUALITY,,12.27,,,22.14,13.18,13.59,12.5,2026-08-03
DELTAMAGNT,CAPITAL_GOODS,57.92,20.0,EXIT_AVOID,DOWNTREND,-37.38,,,NEUTRAL,0.0,0.0,0.0,STABLE,MODERATE,,-15.06,50.0,NEUTRAL,20.11,,,53.29,2026-08-03
BVCL,CEMENT,40.61,38.0,REDUCE,INSUFFICIENT_DATA,-41.98,,,DISTRIBUTION,0.0,0.0,-0.02,STABLE,MODERATE,,0.84,50.0,NEUTRAL,21.26,,,37.36,2026-08-03
MALLCOM,CAPITAL_GOODS,975.85,25.0,EXIT_AVOID,DOWNTREND,-35.8,,,NEUTRAL,-0.52,0.01,0.0,STABLE,FAIR_VALUE,,8.12,50.0,NEUTRAL,20.08,,,897.78,2026-08-03
INSECTICID,CHEMICALS,663.6,25.0,EXIT_AVOID,DOWNTREND,-37.33,,,NEUTRAL,0.04,-0.13,0.0,STABLE,FAIR_VALUE,,8.01,58.0,POSITIVE,20.66,,,610.51,2026-08-03
ROUTE,TELECOM,537.05,25.0,EXIT_AVOID,DOWNTREND,-41.73,,,NEUTRAL,-0.24,-1.98,0.0,STABLE,FAIR_VALUE,,7.22,58.0,POSITIVE,20.22,,,494.09,2026-08-03
MURUDCERA,CAPITAL_GOODS,30.7,25.0,EXIT_AVOID,DOWNTREND,-35.37,,,NEUTRAL,0.03,0.0,0.0,STABLE,FAIR_VALUE,,3.33,50.0,NEUTRAL,20.07,,,28.24,2026-08-03
IXIGO,HOSPITALITY,199.6,35.0,REDUCE,DOWNTREND,-41.15,,,NEUTRAL,1.13,1.36,0.0,FII_DII_ACCUMULATION,EXPENSIVE_OR_WEAK,,6.43,65.0,POSITIVE,29.59,,,183.63,2026-08-03
JAIPURKURT,TEXTILES,26.91,25.0,EXIT_AVOID,DOWNTREND,-37.13,,,NEUTRAL,0.0,0.0,0.0,STABLE,FAIR_VALUE,,5.91,50.0,NEUTRAL,20.06,,,24.76,2026-08-03
STARCEMENT,CEMENT,203.96,26.0,EXIT_AVOID,DOWNTREND,-33.98,,,DISTRIBUTION,-0.2,-1.83,0.5,STABLE,EXPENSIVE_OR_WEAK,,1.08,58.0,POSITIVE,20.14,,,187.64,2026-08-03
PCJEWELLER,FMCG,9.64,43.0,HOLD_WATCH,DOWNTREND,-37.32,,,DISTRIBUTION,7.69,-1.53,-2.45,FII_DII_DIVERGENCE,CHEAP_QUALITY,,28.56,62.0,POSITIVE,21.16,9.35,9.64,8.87,2026-08-03
ASHOKAMET,METAL,14.19,40.0,REDUCE,DOWNTREND,-32.43,,,NEUTRAL,0.0,0.0,0.0,STABLE,CHEAP_QUALITY,,24.84,50.0,NEUTRAL,20.05,,,13.05,2026-08-03
JISLDVREQS,CAPITAL_GOODS,22.53,20.0,EXIT_AVOID,DOWNTREND,-36.5,,,NEUTRAL,0.0,0.0,0.0,STABLE,MODERATE,,-1.11,50.0,NEUTRAL,20.31,,,20.73,2026-08-03
ZUARI,CHEMICALS,233.27,25.0,EXIT_AVOID,DOWNTREND,-40.73,,,NEUTRAL,0.12,0.0,0.0,STABLE,FAIR_VALUE,,7.3,50.0,NEUTRAL,20.14,,,214.61,2026-08-03
NDL,TEXTILES,2.37,25.0,EXIT_AVOID,DOWNTREND,-36.8,,,NEUTRAL,0.0,0.0,0.0,STABLE,FAIR_VALUE,,0.86,50.0,NEUTRAL,20.02,,,2.18,2026-08-03
SAKUMA,OTHER,1.64,38.0,REDUCE,INSUFFICIENT_DATA,-47.1,,,NEUTRAL,,,,,MODERATE,,0.56,,,21.78,,,1.51,2026-08-03
RVTH,CAPITAL_GOODS,706.65,48.0,HOLD_WATCH,CONSOLIDATING,-45.64,,,NEUTRAL,-0.04,0.0,0.0,STABLE,EXPENSIVE_OR_WEAK,,0.47,50.0,NEUTRAL,41.94,685.45,706.65,674.58,2026-08-03
JAINREC,METAL,350.2,26.0,EXIT_AVOID,DOWNTREND,-41.04,,,NEUTRAL,-0.68,1.39,0.0,FII_DII_DIVERGENCE,,,,44.0,NEUTRAL,20.29,,,322.18,2026-08-03
HDFCLIFE,FINANCIAL_SERVICES,553.1,38.0,REDUCE,DOWNTREND,-32.13,LONG_BUILDUP,2695000.0,NEUTRAL,-1.74,2.01,0.0,FII_DII_DIVERGENCE,,,,52.0,NEUTRAL,20.18,,,508.85,2026-08-03
NACLIND,CHEMICALS,178.59,44.0,HOLD_WATCH,INSUFFICIENT_DATA,-27.11,,,NEUTRAL,0.03,0.04,-0.04,STABLE,MODERATE,,-3.01,50.0,NEUTRAL,21.48,173.23,178.59,164.3,2026-08-03
SKMEGGPROD,FMCG,242.33,55.0,HOLD_WATCH,INSUFFICIENT_DATA,-34.86,,,DISTRIBUTION,-0.27,0.04,0.04,STABLE,FAIR_VALUE,,6.76,52.0,NEUTRAL,30.91,235.06,242.33,222.94,2026-08-03
LIBAS,TEXTILES,10.09,26.0,EXIT_AVOID,DOWNTREND,-29.44,,,NEUTRAL,0.0,0.0,0.0,STABLE,MODERATE,,-6.98,50.0,NEUTRAL,20.05,,,9.28,2026-08-03
GILLANDERS,FMCG,88.66,36.0,REDUCE,DOWNTREND,-32.78,,,DISTRIBUTION,0.0,0.0,0.0,STABLE,CHEAP_QUALITY,,16.94,50.0,NEUTRAL,20.05,,,81.57,2026-08-03
GVPIL,CAPITAL_GOODS,758.0,59.0,BUY,INSUFFICIENT_DATA,-30.07,,,NEUTRAL,1.1,0.69,0.0,FII_DII_ACCUMULATION,,,,65.0,POSITIVE,20.56,750.42,773.16,697.36,2026-08-03
NIITMTS,HEALTHCARE,246.61,30.0,REDUCE,DOWNTREND,-44.44,,,NEUTRAL,-0.38,0.19,-0.09,STABLE,CHEAP_QUALITY,,14.55,50.0,NEUTRAL,20.25,,,226.88,2026-08-03
FRACTAL,IT,803.45,44.0,HOLD_WATCH,INSUFFICIENT_DATA,-28.14,,,PRICE_LED,,,,STABLE,,,,50.0,NEUTRAL,20.4,779.35,803.45,739.17,2026-08-03
YUKEN,CAPITAL_GOODS,718.6,26.0,EXIT_AVOID,DOWNTREND,-31.82,,,NEUTRAL,0.03,-1.2,0.0,STABLE,MODERATE,,5.17,50.0,NEUTRAL,20.24,,,661.11,2026-08-03
SULA,FMCG,165.32,30.0,REDUCE,DOWNTREND,-44.3,,,DISTRIBUTION,-0.54,-0.48,0.2,STABLE,CHEAP_QUALITY,,12.95,58.0,POSITIVE,20.33,,,152.09,2026-08-03
SANOFI,PHARMA,3381.8,30.0,REDUCE,DOWNTREND,-36.08,,,NEUTRAL,0.09,-0.18,0.0,STABLE,CHEAP_QUALITY,,17.73,58.0,POSITIVE,20.24,,,3111.26,2026-08-03
SWANCORP,CHEMICALS,310.2,29.0,REDUCE,DOWNTREND,-38.7,,,NEUTRAL,0.72,0.06,0.0,FII_ACCUMULATION,,,,56.0,POSITIVE,20.41,,,285.38,2026-08-03
TATAINVEST,FINANCIAL_SERVICES,676.65,34.0,REDUCE,DOWNTREND,-42.88,,,NEUTRAL,0.08,0.02,0.0,STABLE,CHEAP_QUALITY,,528.57,58.0,POSITIVE,21.7,,,622.52,2026-08-03
DHANUKA,CHEMICALS,1023.3,42.0,HOLD_WATCH,DOWNTREND,-38.54,,,NEUTRAL,-0.2,0.64,0.0,DII_ACCUMULATION,CHEAP_QUALITY,,17.96,71.8,POSITIVE,20.15,992.6,1023.3,941.44,2026-08-03
MIDWESTLTD,REALTY,1214.9,41.0,REDUCE,DOWNTREND,-34.68,,,NEUTRAL,2.27,1.27,0.0,FII_DII_ACCUMULATION,,,,65.0,POSITIVE,20.81,,,1117.71,2026-08-03
INTELLECT,IT,748.85,16.0,EXIT_AVOID,DOWNTREND,-39.83,,,PRICE_LED,-1.03,-0.01,-0.08,STABLE,FAIR_VALUE,,10.56,50.0,NEUTRAL,21.5,,,688.94,2026-08-03
BIRLANU,REALTY,1341.3,20.0,EXIT_AVOID,DOWNTREND,-35.73,,,NEUTRAL,0.23,-0.08,0.0,STABLE,,,,50.0,NEUTRAL,20.11,,,1234.0,2026-08-03
ABLBL,RETAIL,95.91,17.0,EXIT_AVOID,DOWNTREND,-36.62,,,NEUTRAL,-3.46,3.19,0.0,FII_DII_DIVERGENCE,,,,44.0,NEUTRAL,20.18,,,88.24,2026-08-03
SWELECTES,CAPITAL_GOODS,613.5,20.0,EXIT_AVOID,DOWNTREND,-37.21,,,NEUTRAL,0.01,0.0,0.0,STABLE,MODERATE,,-0.55,50.0,NEUTRAL,26.52,,,564.42,2026-08-03
WEIZMANIND,TEXTILES,77.91,25.0,EXIT_AVOID,DOWNTREND,-36.4,,,NEUTRAL,0.0,0.0,0.0,STABLE,FAIR_VALUE,,7.06,50.0,NEUTRAL,20.1,,,71.68,2026-08-03
MCX,FINANCIAL_SERVICES,2642.1,63.0,BUY,CONSOLIDATING,-24.08,LONG_BUILDUP,58725.0,NEUTRAL,,,,,,,,52.0,NEUTRAL,28.3,2615.68,2694.94,2470.17,2026-08-03
SUMIT,OTHER,55.06,43.0,HOLD_WATCH,INSUFFICIENT_DATA,-47.51,,,NEUTRAL,,,,,FAIR_VALUE,,6.06,,,21.65,53.41,55.06,50.66,2026-08-03
EUROBOND,METAL,161.15,20.0,EXIT_AVOID,DOWNTREND,-36.68,,,NEUTRAL,0.0,-0.07,0.0,STABLE,,,,50.0,NEUTRAL,20.16,,,148.26,2026-08-03
GREENPANEL,REALTY,196.72,20.0,EXIT_AVOID,DOWNTREND,-41.07,,,NEUTRAL,-0.02,-0.06,0.0,STABLE,MODERATE,,3.88,50.0,NEUTRAL,20.05,,,180.98,2026-08-03
HGM,IT,49.45,38.0,REDUCE,INSUFFICIENT_DATA,-35.78,,,PRICE_LED,0.0,0.0,-0.01,STABLE,,,,50.0,NEUTRAL,20.2,,,45.49,2026-08-03
ISGEC,CAPITAL_GOODS,838.95,31.0,REDUCE,DOWNTREND,-24.68,,,NEUTRAL,0.24,-0.15,0.0,STABLE,FAIR_VALUE,,5.82,50.0,NEUTRAL,20.04,,,771.83,2026-08-03
SUZLON,CAPITAL_GOODS,48.1,46.0,HOLD_WATCH,DOWNTREND,-25.94,LONG_BUILDUP,101600.0,NEUTRAL,0.12,-0.06,0.0,STABLE,FAIR_VALUE,,13.03,50.0,NEUTRAL,22.71,46.66,48.1,44.25,2026-08-03
DAMCAPITAL,FINANCIAL_SERVICES,153.71,34.0,REDUCE,DOWNTREND,-46.26,,,NEUTRAL,0.38,-1.73,0.0,STABLE,CHEAP_QUALITY,,49.54,50.0,NEUTRAL,20.13,,,141.41,2026-08-03
HBLENGINE,CAPITAL_GOODS,739.2,26.0,EXIT_AVOID,DOWNTREND,-34.12,,,NEUTRAL,0.07,-0.03,0.0,STABLE,MODERATE,,14.34,58.0,POSITIVE,20.38,,,680.06,2026-08-03
HONDAPOWER,CAPITAL_GOODS,2096.0,31.0,REDUCE,DOWNTREND,-34.83,,,NEUTRAL,-0.04,0.04,0.0,STABLE,FAIR_VALUE,,7.24,58.0,POSITIVE,20.07,,,1928.32,2026-08-03
RKDL,FMCG,19.14,20.0,EXIT_AVOID,DOWNTREND,-41.07,,,DISTRIBUTION,0.0,0.0,0.0,STABLE,EXPENSIVE_OR_WEAK,,0.17,50.0,NEUTRAL,20.04,,,17.61,2026-08-03
BIRLACORPN,CEMENT,906.1,32.0,REDUCE,DOWNTREND,-32.69,,,DISTRIBUTION,-0.27,1.24,0.0,DII_ACCUMULATION,MODERATE,,-0.66,53.0,NEUTRAL,20.03,,,833.61,2026-08-03
IVZINNIFTY,OTHER,,44.0,HOLD_WATCH,,,,,NEUTRAL,,,,,,,,,,3.2,,,,2026-08-03
PFS,FINANCIAL_SERVICES,28.41,40.0,REDUCE,DOWNTREND,-30.18,,,NEUTRAL,-0.1,0.0,0.0,STABLE,CHEAP_QUALITY,,35.61,50.0,NEUTRAL,20.1,,,26.14,2026-08-03
MIDQ50ADD,OTHER,,44.0,HOLD_WATCH,,,,,NEUTRAL,,,,,,,,,,2.98,,,,2026-08-03
KHAICHEM,OTHER,49.35,44.0,HOLD_WATCH,INSUFFICIENT_DATA,-63.66,,,NEUTRAL,,,,,MODERATE,,2.21,,,57.32,47.87,49.35,45.4,2026-08-03
BIRLAMONEY,FINANCIAL_SERVICES,134.25,40.0,REDUCE,DOWNTREND,-31.99,,,NEUTRAL,0.03,0.0,0.0,STABLE,CHEAP_QUALITY,,20.78,50.0,NEUTRAL,20.41,,,123.51,2026-08-03
SHALBY,HEALTHCARE,163.84,20.0,EXIT_AVOID,DOWNTREND,-40.36,,,NEUTRAL,-0.11,0.05,0.0,STABLE,MODERATE,,-0.12,50.0,NEUTRAL,20.66,,,150.73,2026-08-03
KIRLPNU,CAPITAL_GOODS,1463.3,63.0,BUY,CONSOLIDATING,-33.4,,,NEUTRAL,2.83,-1.71,-0.01,FII_DII_DIVERGENCE,MODERATE,,10.73,52.0,NEUTRAL,40.01,1448.67,1492.57,1316.97,2026-08-03
LAXMIDENTL,HEALTHCARE,218.13,11.0,EXIT_AVOID,DOWNTREND,-46.38,,,NEUTRAL,-1.24,-0.31,0.07,STABLE,MODERATE,,7.41,50.0,NEUTRAL,20.8,,,200.68,2026-08-03
JYOTHYLAB,FMCG,206.06,25.0,EXIT_AVOID,DOWNTREND,-41.58,,,DISTRIBUTION,-0.42,-0.5,0.0,STABLE,FAIR_VALUE,,12.41,58.0,POSITIVE,20.06,,,189.58,2026-08-03
DOLLAR,CHEMICALS,267.4,40.0,REDUCE,DOWNTREND,-32.47,,,NEUTRAL,0.62,-0.24,0.27,FII_ACCUMULATION,FAIR_VALUE,,5.6,56.0,POSITIVE,20.15,,,246.01,2026-08-03
ACEINTEG,DEFENCE,19.37,20.0,EXIT_AVOID,DOWNTREND,-35.3,,,NEUTRAL,0.0,0.0,0.0,STABLE,MODERATE,,-4.79,50.0,NEUTRAL,20.22,,,17.82,2026-08-03
BPL,CAPITAL_GOODS,54.49,25.0,EXIT_AVOID,DOWNTREND,-40.3,,,NEUTRAL,-0.05,0.0,0.0,STABLE,FAIR_VALUE,,10.88,50.0,NEUTRAL,20.31,,,50.13,2026-08-03
BSL,TEXTILES,123.65,25.0,EXIT_AVOID,DOWNTREND,-40.55,,,NEUTRAL,0.02,0.0,0.0,STABLE,FAIR_VALUE,,1.6,50.0,NEUTRAL,20.41,,,113.76,2026-08-03
JINDALPHOT,FINANCIAL_SERVICES,1064.0,40.0,REDUCE,DOWNTREND,-34.18,,,NEUTRAL,-0.02,0.0,0.0,STABLE,CHEAP_QUALITY,,11573.64,50.0,NEUTRAL,20.42,,,978.88,2026-08-03
CINEVISTA,MEDIA,14.94,26.0,EXIT_AVOID,DOWNTREND,-34.47,,,DISTRIBUTION,0.0,0.0,0.0,STABLE,MODERATE,,-7500.0,50.0,NEUTRAL,20.09,,,13.74,2026-08-03
SAFARI,CHEMICALS,1548.1,17.0,EXIT_AVOID,DOWNTREND,-38.25,,,NEUTRAL,-1.51,1.73,0.0,FII_DII_DIVERGENCE,MODERATE,,6.75,44.0,NEUTRAL,20.17,,,1424.25,2026-08-03
CAPILLARY,IT,495.55,35.0,REDUCE,INSUFFICIENT_DATA,-37.97,,,PRICE_LED,-18.82,4.23,0.07,FII_DII_DIVERGENCE,,,,44.0,NEUTRAL,27.28,,,455.91,2026-08-03
AMRUTANJAN,PHARMA,521.2,31.0,REDUCE,DOWNTREND,-34.1,,,NEUTRAL,-0.1,-0.34,0.0,STABLE,FAIR_VALUE,,13.34,58.0,POSITIVE,20.04,,,479.5,2026-08-03
TRACXN,CAPITAL_GOODS,30.44,20.0,EXIT_AVOID,DOWNTREND,-45.55,,,NEUTRAL,-0.32,0.15,0.1,STABLE,MODERATE,,-7.57,50.0,NEUTRAL,20.06,,,28.0,2026-08-03
MONTECARLO,TEXTILES,533.0,30.0,REDUCE,DOWNTREND,-38.09,,,NEUTRAL,0.11,0.1,0.0,STABLE,CHEAP_QUALITY,,13.63,50.0,NEUTRAL,20.7,,,490.36,2026-08-03
GSS,OTHER,13.79,38.0,REDUCE,INSUFFICIENT_DATA,-59.41,,,NEUTRAL,,,,,EXPENSIVE_OR_WEAK,,0.3,,,22.79,,,12.69,2026-08-03
TOTAL,LOGISTICS,52.05,20.0,EXIT_AVOID,DOWNTREND,-40.78,,,NEUTRAL,0.0,0.0,1.52,STRONG_PROMOTER_BUY,MODERATE,,-0.12,50.0,NEUTRAL,20.02,,,47.89,2026-08-03
RENUKA,FMCG,22.33,26.0,EXIT_AVOID,DOWNTREND,-33.34,,,DISTRIBUTION,0.23,-0.02,0.0,STABLE,MODERATE,,-4.39,50.0,NEUTRAL,20.02,,,20.54,2026-08-03
HCC,INFRASTRUCTURE,21.81,62.0,BUY,CONSOLIDATING,-27.3,,,EARLY_ROTATION,0.5,-0.64,-0.09,FII_DII_DIVERGENCE,MODERATE,,1.04,44.0,NEUTRAL,21.82,21.59,22.25,20.51,2026-08-03
PSUBANK,OTHER,,44.0,HOLD_WATCH,,,,,NEUTRAL,,,,,,,,,,2.84,,,,2026-08-03
SAPPHIRE,HOSPITALITY,187.48,20.0,EXIT_AVOID,DOWNTREND,-46.11,,,NEUTRAL,-0.24,-0.06,0.0,STABLE,MODERATE,,-0.9,50.0,NEUTRAL,20.94,,,172.48,2026-08-03
SHREYANIND,CHEMICALS,141.88,25.0,EXIT_AVOID,DOWNTREND,-42.61,,,NEUTRAL,0.0,0.0,0.0,STABLE,FAIR_VALUE,,6.02,50.0,NEUTRAL,20.09,,,130.53,2026-08-03
ITCHOTELS,HOSPITALITY,165.22,17.0,EXIT_AVOID,DOWNTREND,-34.87,,,NEUTRAL,-1.52,0.33,0.0,STABLE,,,,58.0,POSITIVE,21.63,,,152.0,2026-08-03
PROSTARM,CAPITAL_GOODS,135.87,20.0,EXIT_AVOID,DOWNTREND,-42.67,,,NEUTRAL,0.31,-0.57,0.0,STABLE,,,,50.0,NEUTRAL,20.21,,,125.0,2026-08-03
TRIGYN,IT,54.89,20.0,EXIT_AVOID,DOWNTREND,-46.4,,,PRICE_LED,0.08,0.0,0.0,STABLE,MODERATE,,0.39,50.0,NEUTRAL,20.05,,,50.5,2026-08-03
SELMC,CAPITAL_GOODS,27.47,38.0,REDUCE,INSUFFICIENT_DATA,-36.65,,,NEUTRAL,0.0,-0.38,0.0,STABLE,MODERATE,,-627.74,50.0,NEUTRAL,20.13,,,25.27,2026-08-03
MADHAV,REALTY,34.22,37.0,REDUCE,DOWNTREND,-31.49,,,NEUTRAL,0.0,0.59,1.65,STRONG_PROMOTER_BUY,FAIR_VALUE,,5.05,50.0,NEUTRAL,20.01,,,31.48,2026-08-03
AJMERA,REALTY,130.41,30.0,REDUCE,DOWNTREND,-41.1,,,NEUTRAL,0.24,-0.08,0.0,STABLE,CHEAP_QUALITY,,17.68,52.0,NEUTRAL,20.34,,,119.98,2026-08-03
WAAREERTL,CAPITAL_GOODS,919.65,26.0,EXIT_AVOID,DOWNTREND,-32.28,,,NEUTRAL,0.15,-0.04,0.0,STABLE,,,,50.0,NEUTRAL,21.36,,,846.08,2026-08-03
TREL,LOGISTICS,24.17,40.0,REDUCE,DOWNTREND,-29.68,,,NEUTRAL,0.04,0.0,0.52,STABLE,CHEAP_QUALITY,,37.56,50.0,NEUTRAL,20.18,,,22.24,2026-08-03
GOYALALUM,METAL,6.58,43.0,HOLD_WATCH,INSUFFICIENT_DATA,-42.13,,,NEUTRAL,0.0,0.0,-0.03,STABLE,FAIR_VALUE,,4.53,50.0,NEUTRAL,20.51,6.38,6.58,6.05,2026-08-03
SBGLP,REALTY,25.55,20.0,EXIT_AVOID,DOWNTREND,-42.91,,,NEUTRAL,-0.04,0.0,0.0,STABLE,EXPENSIVE_OR_WEAK,,7.56,50.0,NEUTRAL,20.03,,,23.51,2026-08-03
ZUARIIND,FMCG,259.35,20.0,EXIT_AVOID,DOWNTREND,-37.66,,,DISTRIBUTION,0.04,0.08,0.0,STABLE,MODERATE,,-7.57,50.0,NEUTRAL,20.4,,,238.6,2026-08-03
MFML,TEXTILES,19.84,20.0,EXIT_AVOID,DOWNTREND,-46.36,,,NEUTRAL,0.0,0.0,0.0,STABLE,MODERATE,,-2.73,50.0,NEUTRAL,20.07,,,18.25,2026-08-03
OSWALAGRO,OTHER,38.49,52.0,HOLD_WATCH,INSUFFICIENT_DATA,-53.87,,,NEUTRAL,,,,,CHEAP_QUALITY,,73.11,,,24.83,37.34,38.49,35.41,2026-08-03
FIBERWEB,TEXTILES,29.28,48.0,HOLD_WATCH,INSUFFICIENT_DATA,-44.2,,,NEUTRAL,0.0,0.0,0.39,STABLE,CHEAP_QUALITY,,14.13,50.0,NEUTRAL,20.51,28.4,29.28,26.94,2026-08-03
KPEL,POWER,316.25,31.0,REDUCE,DOWNTREND,-31.73,,,NEUTRAL,0.17,-0.05,0.56,STABLE,FAIR_VALUE,,12.37,58.0,POSITIVE,20.07,,,290.95,2026-08-03
UNIECOM,HEALTHCARE,86.21,30.0,REDUCE,DOWNTREND,-44.67,,,NEUTRAL,0.13,-1.64,0.0,STABLE,CHEAP_QUALITY,,19.21,50.0,NEUTRAL,20.05,,,79.31,2026-08-03
GLOBECIVIL,OTHER,39.93,44.0,HOLD_WATCH,INSUFFICIENT_DATA,-53.19,,,NEUTRAL,,,,,,,,,,38.73,38.73,39.93,36.74,2026-08-03
HEALTHADD,OTHER,,44.0,HOLD_WATCH,,,,,NEUTRAL,,,,,,,,,,3.65,,,,2026-08-03
BHARATRAS,CHEMICALS,1337.2,30.0,REDUCE,DOWNTREND,-55.43,,,NEUTRAL,0.11,-0.38,0.0,STABLE,CHEAP_QUALITY,,12.44,50.0,NEUTRAL,20.34,,,1230.22,2026-08-03
KCP,AGRICULTURE,152.97,31.0,REDUCE,DOWNTREND,-28.08,,,NEUTRAL,-0.11,0.0,0.0,STABLE,FAIR_VALUE,,10.92,50.0,NEUTRAL,20.07,,,140.73,2026-08-03
HERITGFOOD,FMCG,335.1,25.0,EXIT_AVOID,DOWNTREND,-37.94,,,DISTRIBUTION,-0.23,0.16,0.0,STABLE,FAIR_VALUE,,4.46,44.0,NEUTRAL,20.08,,,308.29,2026-08-03
PARAGMILK,FMCG,225.47,25.0,EXIT_AVOID,DOWNTREND,-40.19,,,DISTRIBUTION,-0.48,-0.91,0.0,STABLE,FAIR_VALUE,,3.72,50.0,NEUTRAL,20.79,,,207.43,2026-08-03
EUREKAFORB,FMCG,453.65,26.0,EXIT_AVOID,DOWNTREND,-32.12,,,DISTRIBUTION,-0.21,-0.29,0.0,STABLE,MODERATE,,6.51,50.0,NEUTRAL,20.05,,,417.36,2026-08-03
ESTER,CHEMICALS,86.67,31.0,REDUCE,DOWNTREND,-34.56,,,NEUTRAL,-0.02,-0.01,-0.39,STABLE,FAIR_VALUE,,7.18,50.0,NEUTRAL,20.08,,,79.74,2026-08-03
RACE,OTHER,111.79,43.0,HOLD_WATCH,INSUFFICIENT_DATA,-55.64,,,NEUTRAL,,,,,FAIR_VALUE,,2.12,,,21.1,108.44,111.79,102.85,2026-08-03
WAAREEENER,CAPITAL_GOODS,2676.0,48.0,HOLD_WATCH,DOWNTREND,-30.76,SHORT_COVERING,-87150.0,NEUTRAL,1.52,-0.24,-0.07,FII_ACCUMULATION,FAIR_VALUE,,12.55,53.0,NEUTRAL,20.09,2595.72,2676.0,2461.92,2026-08-03
INNOVANA,IT,322.0,52.0,HOLD_WATCH,INSUFFICIENT_DATA,-38.66,,,PRICE_LED,0.07,0.0,0.0,STABLE,CHEAP_QUALITY,,40.94,50.0,NEUTRAL,20.54,312.34,322.0,296.24,2026-08-03
ANIKINDS,OTHER,43.13,38.0,REDUCE,INSUFFICIENT_DATA,-56.37,,,NEUTRAL,,,,,MODERATE,,2.79,,,21.49,,,39.68,2026-08-03
DUCON,OTHER,2.98,43.0,HOLD_WATCH,INSUFFICIENT_DATA,-53.8,,,NEUTRAL,,,,,FAIR_VALUE,,3.09,,,21.97,2.89,2.98,2.74,2026-08-03
NPST,IT,1523.0,50.0,HOLD_WATCH,UPTREND,-36.23,,,PRICE_LED,-0.02,0.07,0.25,STABLE,,,,50.0,NEUTRAL,21.8,1477.31,1523.0,1370.7,2026-08-03
BOMDYEING,TEXTILES,121.92,30.0,REDUCE,DOWNTREND,-37.62,,,NEUTRAL,0.16,0.01,0.0,STABLE,CHEAP_QUALITY,,16.89,50.0,NEUTRAL,20.38,,,112.17,2026-08-03
EMKAY,FINANCIAL_SERVICES,241.35,52.0,HOLD_WATCH,INSUFFICIENT_DATA,-41.12,,,NEUTRAL,0.04,-0.04,0.3,STABLE,CHEAP_QUALITY,,23.98,50.0,NEUTRAL,22.54,234.11,241.35,222.04,2026-08-03
GMBREW,FMCG,896.2,31.0,REDUCE,DOWNTREND,-32.56,,,DISTRIBUTION,-0.03,-0.14,0.0,STABLE,FAIR_VALUE,,3.52,58.0,POSITIVE,20.25,,,824.5,2026-08-03
VIVIDHA,TEXTILES,0.52,30.0,REDUCE,DOWNTREND,-42.86,,,NEUTRAL,0.0,0.0,0.0,STABLE,CHEAP_QUALITY,,,50.0,NEUTRAL,20.07,,,0.48,2026-08-03
NFL,CHEMICALS,71.84,26.0,EXIT_AVOID,DOWNTREND,-30.23,,,NEUTRAL,-0.14,-0.61,0.0,STABLE,MODERATE,,0.56,50.0,NEUTRAL,20.01,,,66.09,2026-08-03
SHANTIGEAR,CAPITAL_GOODS,415.0,31.0,REDUCE,DOWNTREND,-30.71,,,NEUTRAL,-0.02,-0.01,0.0,STABLE,FAIR_VALUE,,16.61,58.0,POSITIVE,20.03,,,381.8,2026-08-03
DOLATALGO,FINANCIAL_SERVICES,67.56,40.0,REDUCE,DOWNTREND,-29.45,,,NEUTRAL,-0.5,0.0,0.0,STABLE,CHEAP_QUALITY,,39.5,58.0,POSITIVE,20.04,,,62.16,2026-08-03
WHIRLPOOL,FMCG,824.45,20.0,EXIT_AVOID,DOWNTREND,-42.63,,,DISTRIBUTION,-0.43,0.29,0.0,STABLE,MODERATE,,2.61,50.0,NEUTRAL,20.07,,,758.49,2026-08-03
SILINV,FINANCIAL_SERVICES,427.6,34.0,REDUCE,DOWNTREND,-44.25,,,NEUTRAL,0.0,-0.03,0.0,STABLE,CHEAP_QUALITY,,64.92,50.0,NEUTRAL,20.14,,,393.39,2026-08-03
PRAKASHSTL,METAL,4.03,20.0,EXIT_AVOID,DOWNTREND,-38.66,,,NEUTRAL,0.16,0.0,0.0,STABLE,MODERATE,,2.47,50.0,NEUTRAL,20.02,,,3.71,2026-08-03
STANLEY,REALTY,155.88,25.0,EXIT_AVOID,DOWNTREND,-54.07,,,NEUTRAL,-0.66,-4.46,0.0,STABLE,FAIR_VALUE,,6.86,50.0,NEUTRAL,20.1,,,143.41,2026-08-03
DWARKESH,FMCG,39.0,26.0,EXIT_AVOID,DOWNTREND,-26.54,,,DISTRIBUTION,-0.01,0.11,0.04,STABLE,MODERATE,,-2.37,50.0,NEUTRAL,20.08,,,35.88,2026-08-03
TREEHOUSE,HEALTHCARE,6.36,20.0,EXIT_AVOID,DOWNTREND,-42.18,,,NEUTRAL,0.0,-3.05,1.02,STRONG_PROMOTER_BUY,MODERATE,,-36.78,62.0,POSITIVE,20.15,,,5.85,2026-08-03
SARVESHWAR,OTHER,3.38,43.0,HOLD_WATCH,INSUFFICIENT_DATA,-62.02,,,NEUTRAL,,,,,FAIR_VALUE,,3.0,,,23.05,3.28,3.38,3.11,2026-08-03
INTLCONV,CAPITAL_GOODS,73.77,34.0,REDUCE,DOWNTREND,-35.59,,,NEUTRAL,0.48,0.02,0.21,STABLE,CHEAP_QUALITY,,82.33,50.0,NEUTRAL,20.13,,,67.87,2026-08-03
AKG,OTHER,10.05,26.0,EXIT_AVOID,DOWNTREND,-34.49,,,NEUTRAL,0.0,0.0,0.0,STABLE,MODERATE,,0.47,50.0,NEUTRAL,20.06,,,9.25,2026-08-03
MUFTI,RETAIL,82.69,36.0,REDUCE,DOWNTREND,-36.73,,,NEUTRAL,0.0,1.03,0.0,DII_ACCUMULATION,CHEAP_QUALITY,,11.77,53.0,NEUTRAL,20.08,,,76.07,2026-08-03
RAMCOSYS,IT,563.95,48.0,HOLD_WATCH,CONSOLIDATING,-41.71,,,PRICE_LED,0.07,-3.74,2.65,STRONG_PROMOTER_BUY,MODERATE,,-6.6,62.0,POSITIVE,37.74,547.03,563.95,523.38,2026-08-03
BALAXI,OTHER,24.0,43.0,HOLD_WATCH,INSUFFICIENT_DATA,-51.92,,,NEUTRAL,,,,,FAIR_VALUE,,5.93,,,22.89,23.28,24.0,22.08,2026-08-03
IRMENERGY,ENERGY,265.0,67.0,BUY,STRONG_UPTREND,-32.57,,,PRICE_LED,0.02,-1.4,0.0,STABLE,FAIR_VALUE,,3.7,50.0,NEUTRAL,20.17,262.35,270.3,256.95,2026-08-03
RAJMET,METAL,3.31,20.0,EXIT_AVOID,DOWNTREND,-37.31,,,NEUTRAL,-0.01,0.0,0.0,STABLE,MODERATE,,-0.22,50.0,NEUTRAL,20.02,,,3.05,2026-08-03
DELTACORP,HOSPITALITY,63.4,30.0,REDUCE,DOWNTREND,-35.83,,,NEUTRAL,-0.02,0.0,0.0,STABLE,CHEAP_QUALITY,,14.38,50.0,NEUTRAL,20.06,,,58.33,2026-08-03
DNAMEDIA,MEDIA,2.87,34.0,REDUCE,DOWNTREND,-47.24,,,DISTRIBUTION,0.0,0.0,0.0,STABLE,CHEAP_QUALITY,,157.11,50.0,NEUTRAL,20.16,,,2.64,2026-08-03
BATAINDIA,FMCG,709.65,25.0,EXIT_AVOID,DOWNTREND,-44.67,,,DISTRIBUTION,0.25,-0.92,0.0,STABLE,FAIR_VALUE,,6.3,50.0,NEUTRAL,20.13,,,652.88,2026-08-03
SMLT,METAL,69.0,25.0,EXIT_AVOID,DOWNTREND,-43.83,,,NEUTRAL,0.0,0.0,0.0,STABLE,FAIR_VALUE,,2.28,50.0,NEUTRAL,20.03,,,63.48,2026-08-03
SOLARWORLD,INFRASTRUCTURE,184.62,34.0,REDUCE,DOWNTREND,-52.48,,,EARLY_ROTATION,-0.25,0.21,0.1,STABLE,,,,50.0,NEUTRAL,20.15,,,169.85,2026-08-03
INDIAMART,RETAIL,1798.6,49.0,HOLD_WATCH,DOWNTREND,-33.01,,,NEUTRAL,0.9,-2.87,0.0,FII_DII_DIVERGENCE,CHEAP_QUALITY,,38.86,52.0,NEUTRAL,20.1,1744.64,1798.6,1654.71,2026-08-03
VAKRANGEE,IT,5.99,20.0,EXIT_AVOID,DOWNTREND,-38.69,,,PRICE_LED,-0.04,-0.32,0.0,STABLE,EXPENSIVE_OR_WEAK,,1.23,50.0,NEUTRAL,20.05,,,5.51,2026-08-03
KOKUYOCMLN,FMCG,85.93,26.0,EXIT_AVOID,DOWNTREND,-32.87,,,DISTRIBUTION,0.0,0.0,0.0,STABLE,MODERATE,,-4.44,50.0,NEUTRAL,20.19,,,79.06,2026-08-03
INDOCO,PHARMA,221.76,26.0,EXIT_AVOID,DOWNTREND,-33.25,,,NEUTRAL,-0.16,0.0,-0.04,STABLE,MODERATE,,-6.92,50.0,NEUTRAL,20.26,,,204.02,2026-08-03
SURAJLTD,METAL,220.91,25.0,EXIT_AVOID,DOWNTREND,-37.76,,,NEUTRAL,0.02,0.0,0.0,STABLE,FAIR_VALUE,,11.42,58.0,POSITIVE,20.06,,,203.24,2026-08-03
AGROPHOS,CHEMICALS,29.18,49.0,HOLD_WATCH,INSUFFICIENT_DATA,-34.28,,,NEUTRAL,0.0,0.0,0.0,STABLE,FAIR_VALUE,,5.34,50.0,NEUTRAL,20.23,28.3,29.18,26.85,2026-08-03
FLAIR,FMCG,252.0,31.0,REDUCE,DOWNTREND,-27.75,,,DISTRIBUTION,0.0,0.22,0.0,STABLE,FAIR_VALUE,,12.13,58.0,POSITIVE,19.98,,,231.84,2026-08-03
ARTNIRMAN,REALTY,38.18,38.0,REDUCE,INSUFFICIENT_DATA,-42.99,,,NEUTRAL,0.0,0.0,0.0,STABLE,MODERATE,,6.25,50.0,NEUTRAL,21.32,,,35.13,2026-08-03
AVANTIFEED,AGRICULTURE,907.3,31.0,REDUCE,DOWNTREND,-43.07,,,NEUTRAL,-0.35,2.66,0.0,DII_ACCUMULATION,FAIR_VALUE,,9.64,53.0,NEUTRAL,20.46,,,834.72,2026-08-03
GRMOVER,AGRICULTURE,94.88,31.0,REDUCE,DOWNTREND,-48.84,,,NEUTRAL,3.91,1.5,-5.88,FII_DII_ACCUMULATION,FAIR_VALUE,,3.65,65.0,POSITIVE,20.27,,,87.29,2026-08-03
RUSHIL,REALTY,16.99,25.0,EXIT_AVOID,DOWNTREND,-50.01,,,NEUTRAL,-0.16,0.0,0.0,STABLE,FAIR_VALUE,,5.18,50.0,NEUTRAL,20.09,,,15.63,2026-08-03
EFCIL,REALTY,193.96,17.0,EXIT_AVOID,DOWNTREND,-45.67,,,NEUTRAL,-0.02,1.12,-4.36,DII_ACCUMULATION,,,,51.0,NEUTRAL,20.98,,,178.44,2026-08-03
NCC,INFRASTRUCTURE,144.42,54.0,HOLD_WATCH,DOWNTREND,-35.84,,,EARLY_ROTATION,0.62,1.1,0.56,FII_DII_ACCUMULATION,FAIR_VALUE,,3.36,65.0,POSITIVE,20.08,140.09,144.42,132.87,2026-08-03
ELECTCAST,METAL,71.8,22.0,EXIT_AVOID,DOWNTREND,-33.95,,,NEUTRAL,-3.66,-0.01,3.92,STRONG_PROMOTER_BUY,FAIR_VALUE,,8.75,62.0,POSITIVE,20.07,,,66.06,2026-08-03
AWHCL,INFRASTRUCTURE,429.65,54.0,HOLD_WATCH,DOWNTREND,-32.42,,,EARLY_ROTATION,3.0,-0.33,0.0,FII_ACCUMULATION,FAIR_VALUE,,7.19,56.0,POSITIVE,20.09,416.76,429.65,395.28,2026-08-03
CUBEXTUB,METAL,79.65,25.0,EXIT_AVOID,DOWNTREND,-44.57,,,NEUTRAL,-0.06,0.0,0.0,STABLE,FAIR_VALUE,,2.69,50.0,NEUTRAL,20.1,,,73.28,2026-08-03
CLEAN,CHEMICALS,764.15,43.0,HOLD_WATCH,DOWNTREND,-39.2,,,NEUTRAL,3.39,-2.62,0.33,FII_DII_DIVERGENCE,CHEAP_QUALITY,,25.97,52.0,NEUTRAL,20.45,741.23,764.15,703.02,2026-08-03
GKENERGY,INFRASTRUCTURE,131.17,34.0,REDUCE,DOWNTREND,-45.25,,,EARLY_ROTATION,-0.23,0.26,0.0,STABLE,,,,50.0,NEUTRAL,26.9,,,120.68,2026-08-03
TFL,FINANCIAL_SERVICES,11.14,20.0,EXIT_AVOID,DOWNTREND,-39.78,,,NEUTRAL,0.0,0.0,-0.32,STABLE,MODERATE,,-25.3,50.0,NEUTRAL,20.03,,,10.25,2026-08-03
SURANAT&P,POWER,17.89,20.0,EXIT_AVOID,DOWNTREND,-38.88,,,NEUTRAL,0.0,0.0,0.38,STABLE,MODERATE,,13.0,50.0,NEUTRAL,20.18,,,16.46,2026-08-03
CEINSYS,IT,833.1,44.0,HOLD_WATCH,INSUFFICIENT_DATA,-33.35,,,PRICE_LED,,,,STABLE,,,,50.0,NEUTRAL,20.18,808.11,833.1,766.45,2026-08-03
VSTIND,FMCG,219.29,36.0,REDUCE,DOWNTREND,-23.53,,,DISTRIBUTION,0.11,0.32,0.0,STABLE,CHEAP_QUALITY,,19.73,50.0,NEUTRAL,20.08,,,201.75,2026-08-03
SAGCEM,CEMENT,172.67,20.0,EXIT_AVOID,DOWNTREND,-42.33,,,DISTRIBUTION,-0.09,0.11,0.0,STABLE,MODERATE,,-10.72,50.0,NEUTRAL,20.07,,,158.86,2026-08-03
3PLAND,FINANCIAL_SERVICES,31.63,34.0,REDUCE,DOWNTREND,-40.21,,,NEUTRAL,0.0,0.0,0.0,STABLE,CHEAP_QUALITY,,55.17,50.0,NEUTRAL,20.06,,,29.1,2026-08-03
XELPMOC,IT,83.4,38.0,REDUCE,INSUFFICIENT_DATA,-43.46,,,PRICE_LED,-0.06,0.0,1.86,STABLE,MODERATE,,-130.08,50.0,NEUTRAL,20.31,,,76.73,2026-08-03
PRAKASH,CAPITAL_GOODS,125.5,31.0,REDUCE,DOWNTREND,-29.1,,,NEUTRAL,-0.18,0.02,0.0,STABLE,FAIR_VALUE,,8.69,50.0,NEUTRAL,20.04,,,115.46,2026-08-03
BALUFORGE,CAPITAL_GOODS,444.85,34.0,REDUCE,DOWNTREND,-36.18,,,NEUTRAL,-0.59,0.08,-0.45,STABLE,CHEAP_QUALITY,,22.54,50.0,NEUTRAL,20.1,,,409.26,2026-08-03
AROGRANITE,REALTY,25.16,20.0,EXIT_AVOID,DOWNTREND,-44.86,,,NEUTRAL,0.0,0.0,0.0,STABLE,MODERATE,,-12.26,50.0,NEUTRAL,20.05,,,23.15,2026-08-03
EMAMILTD,FMCG,406.0,34.0,REDUCE,DOWNTREND,-35.98,,,DISTRIBUTION,-0.45,0.19,0.0,STABLE,CHEAP_QUALITY,,25.26,58.0,POSITIVE,20.07,,,373.52,2026-08-03
SALZERELEC,CAPITAL_GOODS,591.3,34.0,REDUCE,DOWNTREND,-37.92,,,NEUTRAL,1.89,-0.01,0.0,FII_ACCUMULATION,FAIR_VALUE,,6.24,56.0,POSITIVE,20.03,,,544.0,2026-08-03
EMBDL,REALTY,60.79,34.0,REDUCE,INSUFFICIENT_DATA,-42.49,,,NEUTRAL,-1.24,-0.12,0.0,STABLE,FAIR_VALUE,,8.9,50.0,NEUTRAL,20.17,,,55.93,2026-08-03
KPITTECH,CAPITAL_GOODS,619.25,42.0,HOLD_WATCH,DOWNTREND,-53.37,SHORT_COVERING,-159650.0,NEUTRAL,-0.32,-0.7,0.0,STABLE,CHEAP_QUALITY,,20.39,58.0,POSITIVE,20.53,600.67,619.25,569.71,2026-08-03
RAJSREESUG,FMCG,30.39,20.0,EXIT_AVOID,DOWNTREND,-38.85,,,DISTRIBUTION,-0.04,0.0,0.0,STABLE,MODERATE,,-4.27,50.0,NEUTRAL,20.07,,,27.96,2026-08-03
ALLTIME,FMCG,221.95,26.0,EXIT_AVOID,DOWNTREND,-33.73,,,DISTRIBUTION,-0.28,0.13,0.01,STABLE,,,,50.0,NEUTRAL,20.13,,,204.19,2026-08-03
BALAJITELE,MEDIA,84.54,20.0,EXIT_AVOID,DOWNTREND,-40.18,,,DISTRIBUTION,-0.34,0.0,-0.48,STABLE,MODERATE,,-3.04,50.0,NEUTRAL,20.09,,,77.78,2026-08-03
MINDTECK,IT,193.37,25.0,EXIT_AVOID,DOWNTREND,-37.15,,,PRICE_LED,-0.06,0.0,0.0,STABLE,FAIR_VALUE,,7.3,50.0,NEUTRAL,20.16,,,177.9,2026-08-03
FISCHER,HEALTHCARE,38.67,20.0,EXIT_AVOID,DOWNTREND,-68.99,,,NEUTRAL,0.12,0.02,0.35,STABLE,,,,50.0,NEUTRAL,20.58,,,35.58,2026-08-03
RUCHIRA,CHEMICALS,108.09,25.0,EXIT_AVOID,DOWNTREND,-37.52,,,NEUTRAL,0.0,0.0,0.0,STABLE,FAIR_VALUE,,10.25,50.0,NEUTRAL,20.24,,,99.44,2026-08-03
TTL,TEXTILES,6.37,43.0,HOLD_WATCH,INSUFFICIENT_DATA,-46.02,,,NEUTRAL,0.0,0.0,0.0,STABLE,FAIR_VALUE,,1.35,50.0,NEUTRAL,21.07,6.18,6.37,5.86,2026-08-03
CAPTRUST,OTHER,19.07,38.0,REDUCE,INSUFFICIENT_DATA,-58.23,,,NEUTRAL,,,,,MODERATE,,0.58,,,28.38,,,17.54,2026-08-03
JARO,HEALTHCARE,472.55,11.0,EXIT_AVOID,DOWNTREND,-46.9,,,NEUTRAL,-1.16,-2.62,-0.05,STABLE,,,,58.0,POSITIVE,22.29,,,434.75,2026-08-03
DODLA,FMCG,1046.3,37.0,REDUCE,DOWNTREND,-30.25,,,DISTRIBUTION,-0.35,0.51,0.0,DII_ACCUMULATION,FAIR_VALUE,,7.98,44.0,NEUTRAL,20.11,,,962.6,2026-08-03
NESCO,REALTY,1073.4,40.0,REDUCE,DOWNTREND,-34.5,,,NEUTRAL,-0.02,0.06,0.0,STABLE,CHEAP_QUALITY,,54.39,50.0,NEUTRAL,20.05,,,987.53,2026-08-03
KOHINOOR,AGRICULTURE,23.25,20.0,EXIT_AVOID,DOWNTREND,-35.11,,,NEUTRAL,-0.08,0.0,0.0,STABLE,MODERATE,,-0.38,50.0,NEUTRAL,20.02,,,21.39,2026-08-03
SURAJEST,REALTY,201.68,30.0,REDUCE,DOWNTREND,-42.27,,,NEUTRAL,0.46,0.08,0.2,STABLE,CHEAP_QUALITY,,18.58,50.0,NEUTRAL,20.06,,,185.55,2026-08-03
TATACHEM,CHEMICALS,674.65,26.0,EXIT_AVOID,DOWNTREND,-34.29,,,NEUTRAL,-0.36,0.45,0.0,STABLE,MODERATE,,3.24,58.0,POSITIVE,20.03,,,620.68,2026-08-03
MANAKALUCO,METAL,34.5,38.0,REDUCE,INSUFFICIENT_DATA,-46.82,,,NEUTRAL,0.24,0.0,0.0,STABLE,MODERATE,,1.15,50.0,NEUTRAL,21.41,,,31.74,2026-08-03
PROZONER,REALTY,43.13,38.0,REDUCE,INSUFFICIENT_DATA,-37.49,,,NEUTRAL,-0.21,-0.03,0.0,STABLE,EXPENSIVE_OR_WEAK,,8.65,50.0,NEUTRAL,20.08,,,39.68,2026-08-03
KNRCON,INFRASTRUCTURE,126.53,39.0,REDUCE,DOWNTREND,-42.49,,,EARLY_ROTATION,-1.09,-0.71,0.0,STABLE,CHEAP_QUALITY,,31.75,50.0,NEUTRAL,20.14,,,116.41,2026-08-03
VSTL,METAL,109.81,20.0,EXIT_AVOID,DOWNTREND,-41.35,,,NEUTRAL,-0.16,0.0,0.12,STABLE,MODERATE,,0.89,50.0,NEUTRAL,20.02,,,101.03,2026-08-03
EXXARO,CAPITAL_GOODS,6.11,38.0,REDUCE,INSUFFICIENT_DATA,-40.85,,,NEUTRAL,0.0,0.0,0.0,STABLE,EXPENSIVE_OR_WEAK,,0.41,50.0,NEUTRAL,20.1,,,5.62,2026-08-03
KAVDEFENCE,TELECOM,58.52,29.0,REDUCE,INSUFFICIENT_DATA,-45.84,,,NEUTRAL,-2.4,0.0,8.26,STRONG_PROMOTER_BUY,,,,62.0,POSITIVE,20.56,,,53.84,2026-08-03
UTKARSHBNK,BANKING,14.56,41.0,REDUCE,UPTREND,-37.51,,,NEUTRAL,-1.58,-1.13,0.0,STABLE,,,,50.0,NEUTRAL,23.59,,,14.04,2026-08-03
PRSMJOHNSN,CEMENT,108.88,20.0,EXIT_AVOID,DOWNTREND,-38.14,,,DISTRIBUTION,0.02,-0.18,0.0,STABLE,MODERATE,,-1.63,50.0,NEUTRAL,20.02,,,100.17,2026-08-03
TRF,CAPITAL_GOODS,228.56,34.0,REDUCE,DOWNTREND,-43.57,,,NEUTRAL,0.0,-0.01,0.0,STABLE,CHEAP_QUALITY,,30.87,50.0,NEUTRAL,20.05,,,210.28,2026-08-03
WAAREEINDO,CAPITAL_GOODS,322.0,38.0,REDUCE,INSUFFICIENT_DATA,-42.7,,,NEUTRAL,0.01,0.06,0.0,STABLE,,,,50.0,NEUTRAL,22.12,,,296.24,2026-08-03
RVNL,INFRASTRUCTURE,232.9,54.0,HOLD_WATCH,DOWNTREND,-41.88,LONG_BUILDUP,34650.0,EARLY_ROTATION,-0.12,0.04,0.0,STABLE,FAIR_VALUE,,6.82,58.0,POSITIVE,20.05,225.91,232.9,214.27,2026-08-03
PRAJIND,CAPITAL_GOODS,315.05,31.0,REDUCE,DOWNTREND,-27.24,,,NEUTRAL,0.42,-0.95,0.0,STABLE,FAIR_VALUE,,5.69,50.0,NEUTRAL,20.04,,,289.85,2026-08-03
ASTEC,CHEMICALS,628.3,26.0,EXIT_AVOID,DOWNTREND,-33.28,,,NEUTRAL,-0.02,0.17,0.0,STABLE,MODERATE,,-39.12,50.0,NEUTRAL,20.06,,,578.04,2026-08-03
UGROCAP,FINANCIAL_SERVICES,97.63,16.0,EXIT_AVOID,DOWNTREND,-49.28,,,NEUTRAL,-2.72,0.33,0.11,STABLE,FAIR_VALUE,,10.41,50.0,NEUTRAL,20.35,,,89.82,2026-08-03
PAVNAIND,OTHER,18.01,43.0,HOLD_WATCH,INSUFFICIENT_DATA,-60.84,,,NEUTRAL,,,,,FAIR_VALUE,,2.51,,,23.58,17.47,18.01,16.57,2026-08-03
HMAAGRO,AGRICULTURE,20.89,22.0,EXIT_AVOID,DOWNTREND,-38.99,,,NEUTRAL,-0.18,1.45,-6.63,DII_ACCUMULATION,FAIR_VALUE,,1.46,50.0,NEUTRAL,20.05,,,19.22,2026-08-03
PKTEA,FMCG,699.0,44.0,HOLD_WATCH,INSUFFICIENT_DATA,-29.96,,,DISTRIBUTION,0.0,0.0,0.41,STABLE,MODERATE,,3.48,50.0,NEUTRAL,20.03,678.03,699.0,643.08,2026-08-03
DCXINDIA,DEFENCE,183.55,20.0,EXIT_AVOID,DOWNTREND,-35.82,,,NEUTRAL,-0.23,-0.74,0.0,STABLE,MODERATE,,3.85,50.0,NEUTRAL,20.12,,,168.87,2026-08-03
SAMPANN,CHEMICALS,27.14,20.0,EXIT_AVOID,DOWNTREND,-37.52,,,NEUTRAL,-0.07,0.0,0.0,STABLE,EXPENSIVE_OR_WEAK,,0.13,50.0,NEUTRAL,20.1,,,24.97,2026-08-03
BIGBLOC,CEMENT,45.8,20.0,EXIT_AVOID,DOWNTREND,-42.75,,,DISTRIBUTION,0.0,0.0,0.0,STABLE,EXPENSIVE_OR_WEAK,,0.44,50.0,NEUTRAL,20.08,,,42.14,2026-08-03
RNBDENIMS,TEXTILES,9.08,38.0,REDUCE,INSUFFICIENT_DATA,-86.17,,,NEUTRAL,0.0,0.0,0.0,STABLE,,,,60.0,POSITIVE,20.36,,,8.35,2026-08-03
ELIN,FMCG,103.55,20.0,EXIT_AVOID,DOWNTREND,-55.75,,,DISTRIBUTION,0.06,-0.74,-0.03,STABLE,EXPENSIVE_OR_WEAK,,0.53,50.0,NEUTRAL,20.21,,,95.27,2026-08-03
MEDPLUS,PHARMA,696.4,23.0,EXIT_AVOID,DOWNTREND,-31.87,,,NEUTRAL,-1.3,1.25,-0.07,FII_DII_DIVERGENCE,EXPENSIVE_OR_WEAK,,5.14,44.0,NEUTRAL,20.1,,,640.69,2026-08-03
GALLANTT,METAL,627.6,48.0,HOLD_WATCH,CONSOLIDATING,-33.8,,,NEUTRAL,-0.06,0.03,0.17,STABLE,MODERATE,,5.19,50.0,NEUTRAL,20.22,608.77,627.6,611.61,2026-08-03
GOCOLORS,RETAIL,323.8,22.0,EXIT_AVOID,DOWNTREND,-57.45,,,NEUTRAL,-2.58,-2.4,1.41,STRONG_PROMOTER_BUY,FAIR_VALUE,,10.62,76.0,HIGH_CONVICTION,20.37,,,297.9,2026-08-03
JKLAKSHMI,CEMENT,568.65,20.0,EXIT_AVOID,DOWNTREND,-42.55,,,DISTRIBUTION,-0.4,-0.17,0.0,STABLE,MODERATE,,-1.56,50.0,NEUTRAL,20.05,,,523.16,2026-08-03
TIRUMALCHM,CHEMICALS,183.12,26.0,EXIT_AVOID,DOWNTREND,-44.31,,,NEUTRAL,0.09,0.51,0.0,DII_ACCUMULATION,MODERATE,,-9.41,53.0,NEUTRAL,20.04,,,168.47,2026-08-03
CAMLINFINE,PHARMA,128.47,11.0,EXIT_AVOID,DOWNTREND,-45.33,,,NEUTRAL,-1.21,-0.08,0.0,STABLE,MODERATE,,-1.72,50.0,NEUTRAL,20.3,,,118.19,2026-08-03
JSWHL,FINANCIAL_SERVICES,12016.0,34.0,REDUCE,DOWNTREND,-47.28,,,NEUTRAL,-0.24,-0.02,0.0,STABLE,CHEAP_QUALITY,,69.05,50.0,NEUTRAL,20.14,,,11054.72,2026-08-03
RUSTOMJEE,REALTY,396.8,26.0,EXIT_AVOID,DOWNTREND,-40.6,,,NEUTRAL,-0.94,0.85,-0.04,FII_DII_DIVERGENCE,MODERATE,,15.61,44.0,NEUTRAL,20.11,,,365.06,2026-08-03
LFIC,FINANCIAL_SERVICES,141.06,29.0,REDUCE,DOWNTREND,-41.44,,,NEUTRAL,0.0,0.0,0.0,STABLE,FAIR_VALUE,,21.23,50.0,NEUTRAL,20.11,,,129.78,2026-08-03
YATRA,HOSPITALITY,107.63,26.0,EXIT_AVOID,DOWNTREND,-46.72,,,NEUTRAL,-0.8,0.72,-1.8,FII_DII_DIVERGENCE,MODERATE,,3.09,44.0,NEUTRAL,20.69,,,99.02,2026-08-03
ISHANCH,CHEMICALS,51.84,38.0,REDUCE,INSUFFICIENT_DATA,-37.82,,,NEUTRAL,,,,STABLE,,,,50.0,NEUTRAL,20.14,,,47.69,2026-08-03
TEMBO,METAL,56.04,37.0,REDUCE,DOWNTREND,-93.3,,,NEUTRAL,-0.05,0.54,1.36,STRONG_PROMOTER_BUY,FAIR_VALUE,,9.41,67.8,POSITIVE,20.19,,,51.56,2026-08-03
EASEMYTRIP,HOSPITALITY,6.6,34.0,REDUCE,DOWNTREND,-37.74,,,NEUTRAL,4.76,-0.2,-4.16,FII_ACCUMULATION,CHEAP_QUALITY,,20.6,56.0,POSITIVE,20.05,,,6.07,2026-08-03
DGCONTENT,MEDIA,23.84,25.0,EXIT_AVOID,DOWNTREND,-39.75,,,DISTRIBUTION,0.01,0.0,0.0,STABLE,FAIR_VALUE,,7.77,50.0,NEUTRAL,20.05,,,21.93,2026-08-03
DRCSYSTEMS,IT,13.57,34.0,REDUCE,DOWNTREND,-42.69,,,PRICE_LED,0.0,0.0,0.0,STABLE,CHEAP_QUALITY,,20.61,50.0,NEUTRAL,20.06,,,12.48,2026-08-03
PATELENG,INFRASTRUCTURE,28.85,45.0,HOLD_WATCH,DOWNTREND,-32.55,,,EARLY_ROTATION,-0.31,-2.0,0.0,STABLE,FAIR_VALUE,,6.51,50.0,NEUTRAL,20.72,27.98,28.85,26.54,2026-08-03
VARDMNPOLY,OTHER,6.12,63.0,BUY,INSUFFICIENT_DATA,-42.05,,,NEUTRAL,5.17,0.0,3.28,STRONG_PROMOTER_FII_BUY,CHEAP_QUALITY,,17.67,74.0,POSITIVE,20.1,6.06,6.24,5.63,2026-08-03
RHL,HOSPITALITY,172.99,25.0,EXIT_AVOID,DOWNTREND,-44.18,,,NEUTRAL,0.01,0.0,0.0,STABLE,FAIR_VALUE,,7.2,50.0,NEUTRAL,20.04,,,159.15,2026-08-03
NIPPOBATRY,FMCG,327.15,20.0,EXIT_AVOID,DOWNTREND,-35.33,,,DISTRIBUTION,0.0,0.0,0.0,STABLE,MODERATE,,1.7,50.0,NEUTRAL,20.03,,,300.98,2026-08-03
KITEX,TEXTILES,146.34,30.0,REDUCE,DOWNTREND,-37.11,,,NEUTRAL,-0.03,-0.03,0.0,STABLE,CHEAP_QUALITY,,15.69,50.0,NEUTRAL,20.07,,,134.63,2026-08-03
SGL,TEXTILES,9.88,20.0,EXIT_AVOID,DOWNTREND,-52.48,,,NEUTRAL,0.0,0.0,0.0,STABLE,MODERATE,,-0.19,50.0,NEUTRAL,20.05,,,9.09,2026-08-03
CCCL,REALTY,15.73,52.0,HOLD_WATCH,INSUFFICIENT_DATA,-45.51,,,NEUTRAL,-0.04,0.04,0.0,STABLE,CHEAP_QUALITY,,37.0,50.0,NEUTRAL,22.99,15.26,15.73,14.47,2026-08-03
DCW,CHEMICALS,46.73,20.0,EXIT_AVOID,DOWNTREND,-42.53,,,NEUTRAL,-0.4,0.0,0.14,STABLE,MODERATE,,1.26,58.0,POSITIVE,20.08,,,42.99,2026-08-03
RTNINDIA,RETAIL,33.11,20.0,EXIT_AVOID,DOWNTREND,-48.27,,,NEUTRAL,-0.63,-0.01,0.01,STABLE,MODERATE,,-8.87,50.0,NEUTRAL,20.11,,,30.46,2026-08-03
HEADSUP,TEXTILES,6.79,34.0,REDUCE,DOWNTREND,-47.57,,,NEUTRAL,0.0,0.0,-0.01,STABLE,CHEAP_QUALITY,,371.43,50.0,NEUTRAL,20.07,,,6.25,2026-08-03
REMSONSIND,REALTY,83.44,16.0,EXIT_AVOID,DOWNTREND,-45.27,,,NEUTRAL,-1.06,0.09,-0.72,STABLE,FAIR_VALUE,,3.67,58.0,POSITIVE,20.05,,,76.76,2026-08-03
OLAELEC,AUTO,38.74,62.0,BUY,INSUFFICIENT_DATA,-45.63,,,PRICE_LED,1.13,4.22,-1.62,FII_DII_ACCUMULATION,FAIR_VALUE,,1100.0,50.0,NEUTRAL,21.57,38.35,39.51,35.64,2026-08-03
VISHWARAJ,FMCG,5.24,20.0,EXIT_AVOID,DOWNTREND,-48.63,,,DISTRIBUTION,0.03,-0.01,0.0,STABLE,MODERATE,,-11.35,50.0,NEUTRAL,20.06,,,4.82,2026-08-03
FABTECH,HEALTHCARE,149.77,11.0,EXIT_AVOID,DOWNTREND,-43.01,,,NEUTRAL,-1.83,-9.48,0.0,STABLE,,,,50.0,NEUTRAL,20.09,,,137.79,2026-08-03
SHANKARA,OTHER,141.92,43.0,HOLD_WATCH,INSUFFICIENT_DATA,-87.77,,,NEUTRAL,,,,,FAIR_VALUE,,1.14,,,21.95,137.66,141.92,130.57,2026-08-03
AGIIL,REALTY,309.15,49.0,HOLD_WATCH,DOWNTREND,-28.83,,,NEUTRAL,3.95,0.01,-1.65,FII_ACCUMULATION,CHEAP_QUALITY,,21.61,56.0,POSITIVE,19.88,299.88,309.15,284.42,2026-08-03
ARIHANTSUP,REALTY,259.85,25.0,EXIT_AVOID,DOWNTREND,-44.12,,,NEUTRAL,-0.05,0.01,0.0,STABLE,FAIR_VALUE,,14.28,50.0,NEUTRAL,20.1,,,239.06,2026-08-03
KRSNAA,HEALTHCARE,540.8,25.0,EXIT_AVOID,DOWNTREND,-39.53,,,NEUTRAL,-0.26,0.03,0.0,STABLE,FAIR_VALUE,,10.81,50.0,NEUTRAL,20.06,,,497.54,2026-08-03
WSI,INFRASTRUCTURE,60.51,34.0,REDUCE,DOWNTREND,-38.82,,,EARLY_ROTATION,12.87,-0.02,-7.7,FII_ACCUMULATION,MODERATE,,-15.52,56.0,POSITIVE,20.05,,,55.67,2026-08-03
JMFINANCIL,FINANCIAL_SERVICES,120.89,30.0,REDUCE,DOWNTREND,-39.49,,,NEUTRAL,-0.55,0.12,0.17,STABLE,CHEAP_QUALITY,,15.31,58.0,POSITIVE,20.07,,,111.22,2026-08-03
JUBLCPL,CHEMICALS,1822.3,43.0,HOLD_WATCH,INSUFFICIENT_DATA,-39.53,,,NEUTRAL,0.03,-0.01,-0.01,STABLE,FAIR_VALUE,,5.46,50.0,NEUTRAL,20.44,1767.63,1822.3,1676.52,2026-08-03
SSDL,TEXTILES,54.06,25.0,EXIT_AVOID,DOWNTREND,-44.84,,,NEUTRAL,-0.01,0.0,0.0,STABLE,FAIR_VALUE,,5.03,50.0,NEUTRAL,20.02,,,49.74,2026-08-03
GUJRAFFIA,CHEMICALS,39.59,38.0,REDUCE,INSUFFICIENT_DATA,-49.36,,,NEUTRAL,0.0,0.0,0.01,STABLE,EXPENSIVE_OR_WEAK,,1.3,50.0,NEUTRAL,22.27,,,36.42,2026-08-03
PRABHA,ENERGY,153.78,20.0,EXIT_AVOID,DOWNTREND,-44.28,,,PRICE_LED,1.18,0.07,-5.29,FII_ACCUMULATION,MODERATE,,-57.5,48.0,NEUTRAL,20.18,,,141.48,2026-08-03
ELECON,CAPITAL_GOODS,428.3,42.0,HOLD_WATCH,DOWNTREND,-32.54,,,NEUTRAL,-0.96,1.19,0.0,FII_DII_DIVERGENCE,CHEAP_QUALITY,,18.83,52.0,NEUTRAL,20.12,415.45,428.3,394.04,2026-08-03
ATL,INFRASTRUCTURE,23.28,39.0,REDUCE,DOWNTREND,-42.53,,,EARLY_ROTATION,0.01,0.14,0.0,STABLE,FAIR_VALUE,,6.04,50.0,NEUTRAL,20.06,,,21.42,2026-08-03
IPL,CHEMICALS,148.57,25.0,EXIT_AVOID,DOWNTREND,-39.57,,,NEUTRAL,-0.01,-0.02,0.0,STABLE,FAIR_VALUE,,10.47,50.0,NEUTRAL,20.1,,,136.68,2026-08-03
ALOKINDS,TEXTILES,12.04,20.0,EXIT_AVOID,DOWNTREND,-37.75,,,NEUTRAL,0.12,-0.06,0.0,STABLE,MODERATE,,-30.58,50.0,NEUTRAL,20.04,,,11.08,2026-08-03
SADBHAV,CAPITAL_GOODS,8.64,52.0,HOLD_WATCH,INSUFFICIENT_DATA,-51.6,,,NEUTRAL,-0.01,0.0,0.0,STABLE,CHEAP_QUALITY,,22.73,50.0,NEUTRAL,20.34,8.38,8.64,7.95,2026-08-03
WCIL,LOGISTICS,90.48,25.0,EXIT_AVOID,DOWNTREND,-38.57,,,NEUTRAL,-0.21,0.0,0.11,STABLE,FAIR_VALUE,,4.43,50.0,NEUTRAL,20.03,,,83.24,2026-08-03
TRANSRAILL,CAPITAL_GOODS,500.25,34.0,REDUCE,DOWNTREND,-41.55,,,NEUTRAL,1.03,-0.05,0.0,FII_ACCUMULATION,FAIR_VALUE,,6.11,56.0,POSITIVE,20.08,,,460.23,2026-08-03
ARSSBL,FINANCIAL_SERVICES,511.2,11.0,EXIT_AVOID,DOWNTREND,-35.69,,,NEUTRAL,-1.09,-1.11,0.0,STABLE,,,,58.0,POSITIVE,20.36,,,470.3,2026-08-03
BOROLTD,FMCG,233.47,25.0,EXIT_AVOID,DOWNTREND,-41.33,,,DISTRIBUTION,-0.01,0.08,0.07,STABLE,FAIR_VALUE,,8.79,50.0,NEUTRAL,20.05,,,214.79,2026-08-03
HINDWAREAP,REALTY,222.23,20.0,EXIT_AVOID,DOWNTREND,-43.41,,,NEUTRAL,0.25,0.08,0.0,STABLE,MODERATE,,-2.72,50.0,NEUTRAL,20.07,,,204.45,2026-08-03
MOHITIND,TEXTILES,22.45,20.0,EXIT_AVOID,DOWNTREND,-44.14,,,NEUTRAL,0.0,0.0,0.12,STABLE,MODERATE,,-3.97,50.0,NEUTRAL,20.02,,,20.65,2026-08-03
ATAM,CAPITAL_GOODS,65.49,25.0,EXIT_AVOID,DOWNTREND,-41.0,,,NEUTRAL,0.0,0.02,-0.15,STABLE,FAIR_VALUE,,9.44,50.0,NEUTRAL,20.02,,,60.25,2026-08-03
MTNL,INFRASTRUCTURE,28.11,34.0,REDUCE,DOWNTREND,-41.67,,,EARLY_ROTATION,0.46,0.0,0.0,STABLE,MODERATE,,-501.42,50.0,NEUTRAL,20.03,,,25.86,2026-08-03
ROHLTD,HOSPITALITY,313.8,30.0,REDUCE,DOWNTREND,-47.12,,,NEUTRAL,0.22,0.03,0.0,STABLE,CHEAP_QUALITY,,16.05,50.0,NEUTRAL,20.04,,,288.7,2026-08-03
CAPACITE,INFRASTRUCTURE,213.61,48.0,HOLD_WATCH,DOWNTREND,-36.04,,,EARLY_ROTATION,0.87,-0.71,0.0,FII_DII_DIVERGENCE,FAIR_VALUE,,8.86,44.0,NEUTRAL,20.08,207.2,213.61,196.52,2026-08-03
OSWALSEEDS,AGRICULTURE,10.68,43.0,HOLD_WATCH,INSUFFICIENT_DATA,-47.34,,,NEUTRAL,0.0,0.0,0.0,STABLE,FAIR_VALUE,,7.12,50.0,NEUTRAL,20.32,10.36,10.68,9.83,2026-08-03
BANG,TEXTILES,30.27,20.0,EXIT_AVOID,DOWNTREND,-51.23,,,NEUTRAL,0.0,0.0,0.0,STABLE,MODERATE,,0.48,50.0,NEUTRAL,20.04,,,27.85,2026-08-03
TCC,RETAIL,291.5,38.0,REDUCE,INSUFFICIENT_DATA,-44.62,,,NEUTRAL,,,,STABLE,,,,50.0,NEUTRAL,20.2,,,268.18,2026-08-03
LASA,PHARMA,6.93,43.0,HOLD_WATCH,INSUFFICIENT_DATA,-50.78,,,NEUTRAL,0.47,0.0,0.0,STABLE,FAIR_VALUE,,3.13,50.0,NEUTRAL,22.25,6.72,6.93,6.38,2026-08-03
INDRAMEDCO,HEALTHCARE,368.9,25.0,EXIT_AVOID,DOWNTREND,-42.44,,,NEUTRAL,-0.29,0.05,0.0,STABLE,FAIR_VALUE,,11.15,50.0,NEUTRAL,20.04,,,339.39,2026-08-03
SALASAR,CAPITAL_GOODS,5.9,25.0,EXIT_AVOID,DOWNTREND,-46.31,,,NEUTRAL,0.0,0.0,0.65,STABLE,FAIR_VALUE,,3.29,50.0,NEUTRAL,20.04,,,5.43,2026-08-03
NELCAST,CAPITAL_GOODS,121.35,48.0,HOLD_WATCH,CONSOLIDATING,-30.3,,,NEUTRAL,-0.09,0.0,0.0,STABLE,MODERATE,,2.54,50.0,NEUTRAL,20.08,117.71,121.35,118.73,2026-08-03
INVENTURE,FINANCIAL_SERVICES,0.91,20.0,EXIT_AVOID,DOWNTREND,-47.09,,,NEUTRAL,-0.02,0.0,0.0,STABLE,MODERATE,,-6.21,50.0,NEUTRAL,20.03,,,0.84,2026-08-03
DREAMFOLKS,INFRASTRUCTURE,67.48,48.0,HOLD_WATCH,DOWNTREND,-57.82,,,EARLY_ROTATION,0.59,-3.09,0.0,FII_ACCUMULATION,FAIR_VALUE,,5.02,56.0,POSITIVE,20.06,65.46,67.48,62.08,2026-08-03
MANGALAM,OTHER,26.98,43.0,HOLD_WATCH,INSUFFICIENT_DATA,-68.95,,,NEUTRAL,0.19,0.0,0.01,STABLE,FAIR_VALUE,,1.45,50.0,NEUTRAL,20.25,26.17,26.98,24.82,2026-08-03
PNC,MEDIA,20.37,38.0,REDUCE,INSUFFICIENT_DATA,-49.88,,,DISTRIBUTION,0.0,0.0,0.0,STABLE,MODERATE,,-13.31,62.0,POSITIVE,20.51,,,18.74,2026-08-03
SILLYMONKS,MEDIA,15.13,38.0,REDUCE,INSUFFICIENT_DATA,-46.82,,,DISTRIBUTION,0.0,0.0,0.0,STABLE,MODERATE,,1.45,50.0,NEUTRAL,20.17,,,13.92,2026-08-03
CSBBANK,BANKING,332.8,11.0,EXIT_AVOID,DOWNTREND,-42.06,,,NEUTRAL,-1.32,-0.41,0.0,STABLE,,,,50.0,NEUTRAL,20.05,,,306.18,2026-08-03
TECHNOE,INFRASTRUCTURE,999.4,39.0,REDUCE,DOWNTREND,-36.55,,,EARLY_ROTATION,0.12,-0.34,0.0,STABLE,FAIR_VALUE,,15.09,50.0,NEUTRAL,20.04,,,919.45,2026-08-03
BAGFILMS,MEDIA,4.45,25.0,EXIT_AVOID,DOWNTREND,-44.38,,,DISTRIBUTION,0.0,0.0,2.51,STRONG_PROMOTER_BUY,FAIR_VALUE,,2.91,50.0,NEUTRAL,20.02,,,4.09,2026-08-03
VIRINCHI,IT,15.32,38.0,REDUCE,INSUFFICIENT_DATA,-53.14,,,PRICE_LED,0.0,0.0,0.65,STABLE,EXPENSIVE_OR_WEAK,,0.31,50.0,NEUTRAL,20.87,,,14.09,2026-08-03
BAJAJELEC,FMCG,337.65,20.0,EXIT_AVOID,DOWNTREND,-48.36,,,DISTRIBUTION,0.03,-0.2,0.0,STABLE,MODERATE,,1.92,50.0,NEUTRAL,20.06,,,310.64,2026-08-03
ANTGRAPHIC,CHEMICALS,0.75,41.0,REDUCE,DOWNTREND,-38.52,,,NEUTRAL,45.54,20.79,95.04,STRONG_PROMOTER_FII_BUY,MODERATE,,-50.0,74.0,POSITIVE,20.07,,,0.69,2026-08-03
PGHH,PHARMA,8649.0,34.0,REDUCE,DOWNTREND,-40.39,,,NEUTRAL,-0.1,-0.07,0.0,STABLE,CHEAP_QUALITY,,20.17,58.0,POSITIVE,20.04,,,7957.08,2026-08-03
MHRIL,HOSPITALITY,218.96,26.0,EXIT_AVOID,DOWNTREND,-40.65,,,NEUTRAL,-0.22,0.63,0.0,DII_ACCUMULATION,MODERATE,,3.48,53.0,NEUTRAL,20.17,,,201.44,2026-08-03
GEEKAYWIRE,METAL,23.21,25.0,EXIT_AVOID,DOWNTREND,-42.87,,,NEUTRAL,0.11,0.0,1.06,STRONG_PROMOTER_BUY,FAIR_VALUE,,7.94,62.0,POSITIVE,20.1,,,21.35,2026-08-03
CRIZAC,RETAIL,195.88,20.0,EXIT_AVOID,DOWNTREND,-49.51,,,NEUTRAL,-0.19,0.0,0.0,STABLE,,,,58.0,POSITIVE,20.55,,,180.21,2026-08-03
HLVLTD,HOSPITALITY,7.21,30.0,REDUCE,DOWNTREND,-42.78,,,NEUTRAL,-0.13,-0.02,0.0,STABLE,CHEAP_QUALITY,,13.61,50.0,NEUTRAL,20.04,,,6.63,2026-08-03
SUNCLAY,AUTO,1253.0,20.0,EXIT_AVOID,DOWNTREND,-35.48,,,PRICE_LED,0.0,-0.75,0.0,STABLE,MODERATE,,-9.01,58.0,POSITIVE,20.07,,,1152.76,2026-08-03
SHARDACROP,CHEMICALS,826.15,11.0,EXIT_AVOID,DOWNTREND,-36.3,,,NEUTRAL,-1.49,-0.51,0.0,STABLE,MODERATE,,4.31,58.0,POSITIVE,20.03,,,760.06,2026-08-03
WEBELSOLAR,CAPITAL_GOODS,97.58,56.0,HOLD_WATCH,CONSOLIDATING,-37.97,,,NEUTRAL,-0.21,-0.29,2.01,STRONG_PROMOTER_BUY,CHEAP_QUALITY,,28.74,62.0,POSITIVE,20.54,94.65,97.58,90.87,2026-08-03
SUPREME,FINANCIAL_SERVICES,45.99,34.0,REDUCE,DOWNTREND,-52.99,,,NEUTRAL,-0.01,,0.0,STABLE,CHEAP_QUALITY,,21.96,50.0,NEUTRAL,20.06,,,42.31,2026-08-03
MARATHON,REALTY,402.25,34.0,REDUCE,DOWNTREND,-41.31,,,NEUTRAL,-0.04,0.34,0.45,STABLE,CHEAP_QUALITY,,35.23,50.0,NEUTRAL,20.03,,,370.07,2026-08-03
SECURKLOUD,IT,17.83,38.0,REDUCE,INSUFFICIENT_DATA,-47.83,,,PRICE_LED,0.0,0.0,0.0,STABLE,MODERATE,,-23.23,50.0,NEUTRAL,20.09,,,16.4,2026-08-03
BCG,IT,9.35,48.0,HOLD_WATCH,INSUFFICIENT_DATA,-47.18,,,PRICE_LED,-0.36,0.0,0.0,STABLE,CHEAP_QUALITY,,17.08,50.0,NEUTRAL,20.12,9.07,9.35,8.6,2026-08-03
SDBL,FMCG,71.41,25.0,EXIT_AVOID,DOWNTREND,-54.15,,,DISTRIBUTION,0.25,0.0,0.05,STABLE,FAIR_VALUE,,3.26,50.0,NEUTRAL,20.09,,,65.7,2026-08-03
ARVEE,CHEMICALS,155.44,38.0,REDUCE,INSUFFICIENT_DATA,-46.54,,,NEUTRAL,0.0,0.0,0.0,STABLE,MODERATE,,5.32,50.0,NEUTRAL,20.26,,,143.0,2026-08-03
UNITECH,REALTY,4.26,20.0,EXIT_AVOID,DOWNTREND,-44.46,,,NEUTRAL,-0.02,-0.02,0.0,STABLE,MODERATE,,-1012.14,50.0,NEUTRAL,20.04,,,3.92,2026-08-03
ASHOKA,INFRASTRUCTURE,121.12,39.0,REDUCE,DOWNTREND,-43.53,,,EARLY_ROTATION,-1.56,-0.05,0.0,STABLE,CHEAP_QUALITY,,23.05,50.0,NEUTRAL,20.03,,,111.43,2026-08-03
HPAL,CHEMICALS,33.3,25.0,EXIT_AVOID,DOWNTREND,-37.17,,,NEUTRAL,0.01,-1.48,0.0,STABLE,FAIR_VALUE,,6.67,50.0,NEUTRAL,20.02,,,30.64,2026-08-03
SHAH,METAL,4.01,31.0,REDUCE,DOWNTREND,-31.8,,,NEUTRAL,0.0,0.0,3.9,STABLE,FAIR_VALUE,,6.18,48.0,NEUTRAL,20.06,,,3.69,2026-08-03
RADIANTCMS,FINANCIAL_SERVICES,36.97,30.0,REDUCE,DOWNTREND,-40.66,,,NEUTRAL,0.13,0.0,0.0,STABLE,CHEAP_QUALITY,,12.5,50.0,NEUTRAL,20.01,,,34.01,2026-08-03
DTIL,FMCG,130.39,20.0,EXIT_AVOID,DOWNTREND,-38.34,,,DISTRIBUTION,0.02,0.01,0.0,STABLE,MODERATE,,8.63,50.0,NEUTRAL,20.04,,,119.96,2026-08-03
DANGEE,FMCG,2.98,20.0,EXIT_AVOID,DOWNTREND,-41.34,,,DISTRIBUTION,0.0,0.0,0.0,STABLE,MODERATE,,-0.69,50.0,NEUTRAL,20.03,,,2.74,2026-08-03
KSCL,AGRICULTURE,780.5,11.0,EXIT_AVOID,DOWNTREND,-36.29,,,NEUTRAL,-1.4,0.09,0.0,STABLE,EXPENSIVE_OR_WEAK,,4.48,50.0,NEUTRAL,20.02,,,718.06,2026-08-03
RAMKY,REALTY,389.15,39.0,REDUCE,DOWNTREND,-44.8,,,NEUTRAL,0.62,0.12,0.0,FII_ACCUMULATION,CHEAP_QUALITY,,13.03,56.0,POSITIVE,20.03,,,358.02,2026-08-03
KAMATHOTEL,HOSPITALITY,170.15,30.0,REDUCE,DOWNTREND,-48.41,,,NEUTRAL,0.15,0.0,0.0,STABLE,CHEAP_QUALITY,,17.59,50.0,NEUTRAL,20.05,,,156.54,2026-08-03
MAHEPC,CAPITAL_GOODS,107.76,25.0,EXIT_AVOID,DOWNTREND,-41.79,,,NEUTRAL,0.01,0.0,0.0,STABLE,FAIR_VALUE,,7.8,50.0,NEUTRAL,20.13,,,99.14,2026-08-03
NUCLEUS,IT,696.7,30.0,REDUCE,DOWNTREND,-35.78,,,PRICE_LED,-0.44,-0.17,0.0,STABLE,CHEAP_QUALITY,,16.68,50.0,NEUTRAL,20.08,,,640.96,2026-08-03
SHREERAMA,CHEMICALS,40.36,43.0,HOLD_WATCH,INSUFFICIENT_DATA,-43.94,,,NEUTRAL,0.02,0.0,0.0,STABLE,FAIR_VALUE,,9.98,50.0,NEUTRAL,20.04,39.15,40.36,37.13,2026-08-03
MANINFRA,REALTY,99.82,34.0,REDUCE,DOWNTREND,-41.14,,,NEUTRAL,-0.12,-0.11,0.02,STABLE,CHEAP_QUALITY,,20.51,58.0,POSITIVE,20.03,,,91.83,2026-08-03
JAICORPLTD,CAPITAL_GOODS,103.83,25.0,EXIT_AVOID,DOWNTREND,-41.75,,,NEUTRAL,0.09,0.0,0.0,STABLE,FAIR_VALUE,,11.27,50.0,NEUTRAL,20.03,,,95.52,2026-08-03
PATANJALI,FMCG,364.0,1.0,EXIT_AVOID,DOWNTREND,-40.81,SHORT_BUILDUP,459025.0,DISTRIBUTION,-1.62,-0.98,-0.01,STABLE,FAIR_VALUE,,3.94,58.0,POSITIVE,3.56,,,334.88,2026-08-03
NEXTMEDIA,MEDIA,3.87,20.0,EXIT_AVOID,DOWNTREND,-54.36,,,DISTRIBUTION,0.0,0.0,0.0,STABLE,MODERATE,,-90.65,50.0,NEUTRAL,20.04,,,3.56,2026-08-03
CONTROLPR,IT,571.45,25.0,EXIT_AVOID,DOWNTREND,-36.43,,,PRICE_LED,-0.12,-0.06,0.0,STABLE,FAIR_VALUE,,10.61,58.0,POSITIVE,19.99,,,525.73,2026-08-03
HGINFRA,INFRASTRUCTURE,546.85,39.0,REDUCE,DOWNTREND,-47.92,,,EARLY_ROTATION,-0.53,-0.48,0.0,STABLE,FAIR_VALUE,,9.1,50.0,NEUTRAL,20.05,,,503.1,2026-08-03
TOLINS,AUTO,103.82,30.0,REDUCE,DOWNTREND,-48.6,,,PRICE_LED,0.09,-0.47,0.0,STABLE,CHEAP_QUALITY,,12.49,50.0,NEUTRAL,20.03,,,95.51,2026-08-03
EPACK,FMCG,229.94,20.0,EXIT_AVOID,DOWNTREND,-43.85,,,DISTRIBUTION,0.03,-0.49,0.0,STABLE,MODERATE,,-0.79,50.0,NEUTRAL,20.03,,,211.54,2026-08-03
ZEEMEDIA,MEDIA,7.19,38.0,REDUCE,INSUFFICIENT_DATA,-45.78,,,DISTRIBUTION,-0.11,0.12,0.0,STABLE,MODERATE,,-24.91,56.0,POSITIVE,20.22,,,6.61,2026-08-03
NAGREEKEXP,TEXTILES,22.48,20.0,EXIT_AVOID,DOWNTREND,-43.8,,,NEUTRAL,0.0,0.0,0.0,STABLE,MODERATE,,0.82,50.0,NEUTRAL,20.05,,,20.68,2026-08-03
SPENCERS,RETAIL,33.23,20.0,EXIT_AVOID,DOWNTREND,-48.08,,,NEUTRAL,0.04,0.0,0.0,STABLE,MODERATE,,-13.0,50.0,NEUTRAL,20.02,,,30.57,2026-08-03
ADSL,IT,116.94,25.0,EXIT_AVOID,DOWNTREND,-44.19,,,PRICE_LED,-0.38,0.11,0.0,STABLE,FAIR_VALUE,,6.92,50.0,NEUTRAL,20.04,,,107.58,2026-08-03
RETAIL,RETAIL,16.57,11.0,EXIT_AVOID,DOWNTREND,-62.45,,,NEUTRAL,0.0,0.0,-4.81,PROMOTER_SELLING,MODERATE,,-10.57,62.0,POSITIVE,20.06,,,15.24,2026-08-03
BCONCEPTS,RETAIL,189.14,38.0,REDUCE,INSUFFICIENT_DATA,-57.88,,,NEUTRAL,0.01,0.0,-0.0,STABLE,MODERATE,,2.59,50.0,NEUTRAL,20.04,,,174.01,2026-08-03
FOODSIN,FMCG,54.33,25.0,EXIT_AVOID,DOWNTREND,-40.65,,,DISTRIBUTION,-0.03,-0.01,-0.01,STABLE,FAIR_VALUE,,3.35,50.0,NEUTRAL,20.04,,,49.98,2026-08-03
TECILCHEM,CHEMICALS,10.05,48.0,HOLD_WATCH,INSUFFICIENT_DATA,-52.99,,,NEUTRAL,0.0,-0.79,0.0,STABLE,CHEAP_QUALITY,,,50.0,NEUTRAL,20.55,9.75,10.05,9.25,2026-08-03
HIMATSEIDE,TEXTILES,80.99,25.0,EXIT_AVOID,DOWNTREND,-39.87,,,NEUTRAL,0.4,-1.47,0.0,STABLE,FAIR_VALUE,,3.14,50.0,NEUTRAL,20.13,,,74.51,2026-08-03
MITTAL,TEXTILES,0.91,25.0,EXIT_AVOID,DOWNTREND,-50.0,,,NEUTRAL,0.0,0.0,0.0,STABLE,FAIR_VALUE,,2.08,50.0,NEUTRAL,20.03,,,0.84,2026-08-03
JISLJALEQS,CAPITAL_GOODS,31.33,29.0,REDUCE,DOWNTREND,-46.9,,,NEUTRAL,0.71,-0.24,0.0,FII_ACCUMULATION,MODERATE,,-0.09,56.0,POSITIVE,20.1,,,28.82,2026-08-03
KARMAENG,POWER,38.5,38.0,REDUCE,INSUFFICIENT_DATA,-47.76,,,NEUTRAL,0.0,0.0,0.0,STABLE,MODERATE,,5.97,50.0,NEUTRAL,20.03,,,35.42,2026-08-03
VEDL,METAL,267.25,24.0,EXIT_AVOID,DOWNTREND,-66.38,SHORT_BUILDUP,181700.0,NEUTRAL,1.78,-1.87,0.0,FII_DII_DIVERGENCE,CHEAP_QUALITY,,13.65,50.0,NEUTRAL,20.19,,,245.87,2026-08-03
DAVANGERE,FMCG,3.18,25.0,EXIT_AVOID,DOWNTREND,-42.18,,,DISTRIBUTION,0.0,0.0,0.0,STABLE,FAIR_VALUE,,7.15,50.0,NEUTRAL,20.05,,,2.93,2026-08-03
ASALCBR,FMCG,777.85,25.0,EXIT_AVOID,DOWNTREND,-39.09,,,DISTRIBUTION,-0.02,0.07,1.13,STRONG_PROMOTER_BUY,FAIR_VALUE,,6.99,62.0,POSITIVE,20.14,,,715.62,2026-08-03
VCL,TEXTILES,1.12,57.0,HOLD_WATCH,INSUFFICIENT_DATA,-44.55,,,NEUTRAL,2.14,0.0,-0.34,FII_ACCUMULATION,CHEAP_QUALITY,,,56.0,POSITIVE,20.23,1.09,1.12,1.03,2026-08-03
ALANKIT,FINANCIAL_SERVICES,7.77,25.0,EXIT_AVOID,DOWNTREND,-48.65,,,NEUTRAL,0.14,0.0,0.0,STABLE,FAIR_VALUE,,6.47,50.0,NEUTRAL,20.06,,,7.15,2026-08-03
SPIC,CHEMICALS,67.34,25.0,EXIT_AVOID,DOWNTREND,-47.47,,,NEUTRAL,0.16,-0.03,0.0,STABLE,FAIR_VALUE,,4.67,50.0,NEUTRAL,20.12,,,61.95,2026-08-03
RAYMONDLSL,TEXTILES,727.3,25.0,EXIT_AVOID,DOWNTREND,-46.13,,,NEUTRAL,0.0,-1.04,1.31,STRONG_PROMOTER_BUY,FAIR_VALUE,,3.07,63.0,POSITIVE,20.06,,,669.12,2026-08-03
REGENCERAM,CAPITAL_GOODS,32.9,20.0,EXIT_AVOID,DOWNTREND,-40.17,,,NEUTRAL,0.0,0.0,0.0,STABLE,MODERATE,,-123.79,50.0,NEUTRAL,14.56,,,30.27,2026-08-03
HPL,CAPITAL_GOODS,335.95,25.0,EXIT_AVOID,DOWNTREND,-43.79,,,NEUTRAL,0.24,0.0,0.0,STABLE,FAIR_VALUE,,4.87,50.0,NEUTRAL,20.03,,,309.07,2026-08-03
TOUCHWOOD,MEDIA,66.45,20.0,EXIT_AVOID,DOWNTREND,-48.09,,,DISTRIBUTION,0.0,0.0,0.0,STABLE,MODERATE,,7.85,50.0,NEUTRAL,20.02,,,61.13,2026-08-03
AGARIND,CHEMICALS,514.95,25.0,EXIT_AVOID,DOWNTREND,-48.81,,,NEUTRAL,-0.36,0.0,0.0,STABLE,FAIR_VALUE,,5.32,50.0,NEUTRAL,20.06,,,473.75,2026-08-03
PRECAM,AUTO,143.31,20.0,EXIT_AVOID,DOWNTREND,-45.3,,,PRICE_LED,0.0,0.09,0.0,STABLE,MODERATE,,3.73,50.0,NEUTRAL,20.04,,,131.85,2026-08-03
ABCOTS,TEXTILES,200.91,20.0,EXIT_AVOID,DOWNTREND,-60.14,,,NEUTRAL,0.0,0.0,0.0,STABLE,,,,50.0,NEUTRAL,20.09,,,184.84,2026-08-03
SYNGENE,INFRASTRUCTURE,402.2,36.0,REDUCE,DOWNTREND,-41.25,,,EARLY_ROTATION,-1.06,0.6,0.0,FII_DII_DIVERGENCE,FAIR_VALUE,,12.93,52.0,NEUTRAL,20.13,,,370.02,2026-08-03
GANESHCP,FMCG,177.8,11.0,EXIT_AVOID,DOWNTREND,-42.64,,,DISTRIBUTION,-2.58,0.15,0.0,STABLE,,,,50.0,NEUTRAL,20.03,,,163.58,2026-08-03
FINKURVE,FINANCIAL_SERVICES,59.72,20.0,EXIT_AVOID,DOWNTREND,-55.73,,,NEUTRAL,0.33,,0.0,STABLE,,,,50.0,NEUTRAL,20.07,,,54.94,2026-08-03
SHRADHA,REALTY,33.86,34.0,REDUCE,DOWNTREND,-48.98,,,NEUTRAL,0.0,0.0,0.03,STABLE,CHEAP_QUALITY,,26.57,50.0,NEUTRAL,20.11,,,31.15,2026-08-03
VIKRAMSOLR,CAPITAL_GOODS,177.8,29.0,REDUCE,DOWNTREND,-56.42,,,NEUTRAL,1.11,0.09,0.0,FII_ACCUMULATION,,,,56.0,POSITIVE,20.07,,,163.58,2026-08-03
MBEL,INFRASTRUCTURE,294.7,25.0,EXIT_AVOID,DOWNTREND,-45.01,,,EARLY_ROTATION,-1.39,-0.51,0.09,STABLE,,,,50.0,NEUTRAL,20.16,,,271.12,2026-08-03
VIKASLIFE,CHEMICALS,1.28,20.0,EXIT_AVOID,DOWNTREND,-45.99,,,NEUTRAL,-0.02,0.0,0.0,STABLE,MODERATE,,-0.12,50.0,NEUTRAL,19.98,,,1.18,2026-08-03
DIGIDRIVE,RETAIL,17.76,25.0,EXIT_AVOID,DOWNTREND,-48.33,,,NEUTRAL,0.0,0.0,0.0,STABLE,FAIR_VALUE,,5.69,50.0,NEUTRAL,20.04,,,16.34,2026-08-03
MAHAPEXLTD,FINANCIAL_SERVICES,45.55,20.0,EXIT_AVOID,DOWNTREND,-67.45,,,NEUTRAL,0.0,0.0,0.0,STABLE,MODERATE,,-2786.79,48.0,NEUTRAL,20.09,,,41.91,2026-08-03
GTPL,MEDIA,59.95,25.0,EXIT_AVOID,DOWNTREND,-50.2,,,DISTRIBUTION,-0.98,0.0,0.0,STABLE,FAIR_VALUE,,1.34,50.0,NEUTRAL,20.29,,,55.15,2026-08-03
DECCANCE,CEMENT,556.0,29.0,REDUCE,DOWNTREND,-52.27,,,DISTRIBUTION,1.44,0.0,0.0,FII_ACCUMULATION,EXPENSIVE_OR_WEAK,,0.7,56.0,POSITIVE,20.04,,,511.52,2026-08-03
ZAGGLE,IT,205.85,16.0,EXIT_AVOID,DOWNTREND,-50.71,,,PRICE_LED,-3.55,-0.36,0.02,STABLE,FAIR_VALUE,,6.71,50.0,NEUTRAL,20.04,,,189.38,2026-08-03
SERVOTECH,CAPITAL_GOODS,85.75,20.0,EXIT_AVOID,DOWNTREND,-40.03,,,NEUTRAL,-0.59,0.0,0.0,STABLE,MODERATE,,4.91,50.0,NEUTRAL,20.12,,,78.89,2026-08-03
SUNDARAM,FMCG,1.25,20.0,EXIT_AVOID,DOWNTREND,-47.48,,,DISTRIBUTION,0.0,0.0,0.0,STABLE,MODERATE,,-9.96,50.0,NEUTRAL,20.01,,,1.15,2026-08-03
MOKSH,FMCG,10.2,25.0,EXIT_AVOID,DOWNTREND,-38.74,,,DISTRIBUTION,0.0,0.0,0.0,STABLE,FAIR_VALUE,,1.77,50.0,NEUTRAL,15.38,,,9.38,2026-08-03
AKSHAR,TEXTILES,0.4,20.0,EXIT_AVOID,DOWNTREND,-47.37,,,NEUTRAL,0.0,0.0,0.0,STABLE,MODERATE,,-8.01,50.0,NEUTRAL,20.03,,,0.37,2026-08-03
FIRSTCRY,RETAIL,214.61,26.0,EXIT_AVOID,DOWNTREND,-51.08,,,NEUTRAL,-0.49,1.7,0.0,DII_ACCUMULATION,EXPENSIVE_OR_WEAK,,3.42,53.0,NEUTRAL,20.05,,,197.44,2026-08-03
TVVISION,MEDIA,4.72,38.0,REDUCE,INSUFFICIENT_DATA,-58.12,,,DISTRIBUTION,0.0,0.0,0.0,STABLE,MODERATE,,-53.16,50.0,NEUTRAL,20.05,,,4.34,2026-08-03
SOMICONVEY,CAPITAL_GOODS,93.45,25.0,EXIT_AVOID,DOWNTREND,-44.83,,,NEUTRAL,0.0,0.0,0.0,STABLE,FAIR_VALUE,,6.22,50.0,NEUTRAL,19.97,,,85.97,2026-08-03
ANMOL,FINANCIAL_SERVICES,10.01,11.0,EXIT_AVOID,DOWNTREND,-43.57,,,NEUTRAL,-0.01,0.0,-6.88,PROMOTER_SELLING,MODERATE,,0.32,50.0,NEUTRAL,19.83,,,9.21,2026-08-03
ATLANTAA,INFRASTRUCTURE,35.2,66.0,BUY,INSUFFICIENT_DATA,-52.04,,,EARLY_ROTATION,0.0,0.0,0.0,STABLE,CHEAP_QUALITY,,567.28,50.0,NEUTRAL,20.17,34.85,35.9,32.38,2026-08-03
SHAKTIPUMP,CAPITAL_GOODS,518.8,30.0,REDUCE,DOWNTREND,-43.3,,,NEUTRAL,-0.51,-1.33,0.01,STABLE,CHEAP_QUALITY,,15.98,50.0,NEUTRAL,20.09,,,477.3,2026-08-03
DIAMINESQ,CHEMICALS,239.73,25.0,EXIT_AVOID,DOWNTREND,-42.76,,,NEUTRAL,0.0,0.0,0.14,STABLE,FAIR_VALUE,,8.77,50.0,NEUTRAL,20.04,,,220.55,2026-08-03
BELLACASA,TEXTILES,246.04,20.0,EXIT_AVOID,DOWNTREND,-50.53,,,NEUTRAL,0.0,,0.0,STABLE,,,,50.0,NEUTRAL,20.17,,,226.36,2026-08-03
RPOWER,POWER,23.87,29.0,REDUCE,DOWNTREND,-52.95,,,NEUTRAL,0.88,0.05,0.0,FII_ACCUMULATION,MODERATE,,2.26,56.0,POSITIVE,20.06,,,21.96,2026-08-03
HARDWYN,REALTY,11.23,38.0,REDUCE,INSUFFICIENT_DATA,-44.41,,,NEUTRAL,0.0,0.0,0.0,STABLE,MODERATE,,8.6,50.0,NEUTRAL,17.74,,,10.33,2026-08-03
LEXUS,REALTY,14.64,38.0,REDUCE,INSUFFICIENT_DATA,-62.37,,,NEUTRAL,0.0,0.0,0.0,STABLE,MODERATE,,-4.9,50.0,NEUTRAL,20.09,,,13.47,2026-08-03
AIRAN,IT,15.03,20.0,EXIT_AVOID,DOWNTREND,-48.55,,,PRICE_LED,-0.13,0.0,0.0,STABLE,MODERATE,,-2.74,50.0,NEUTRAL,20.03,,,13.83,2026-08-03
KEC,INFRASTRUCTURE,478.75,31.0,REDUCE,DOWNTREND,-48.95,,,EARLY_ROTATION,-1.92,1.39,0.0,FII_DII_DIVERGENCE,MODERATE,,2.42,44.0,NEUTRAL,20.03,,,440.45,2026-08-03
ACL,CEMENT,47.72,38.0,REDUCE,INSUFFICIENT_DATA,-48.78,,,DISTRIBUTION,0.0,-0.0,15.0,STRONG_PROMOTER_BUY,MODERATE,,-64.87,50.0,NEUTRAL,20.06,,,43.9,2026-08-03
NDTV,MEDIA,77.39,20.0,EXIT_AVOID,DOWNTREND,-51.49,,,DISTRIBUTION,-0.09,-0.03,0.0,STABLE,MODERATE,,-44.63,50.0,NEUTRAL,20.32,,,71.2,2026-08-03
ABINFRA,INFRASTRUCTURE,10.06,48.0,HOLD_WATCH,DOWNTREND,-57.3,,,EARLY_ROTATION,0.66,0.0,0.0,FII_ACCUMULATION,FAIR_VALUE,,7.24,56.0,POSITIVE,20.07,9.76,10.06,9.26,2026-08-03
AKI,TEXTILES,4.08,25.0,EXIT_AVOID,DOWNTREND,-55.41,,,NEUTRAL,-0.7,0.0,0.0,STABLE,FAIR_VALUE,,3.5,50.0,NEUTRAL,20.28,,,3.75,2026-08-03
NARMADA,AGRICULTURE,16.26,52.0,HOLD_WATCH,INSUFFICIENT_DATA,-42.44,,,NEUTRAL,0.51,0.0,0.0,FII_ACCUMULATION,FAIR_VALUE,,9.49,56.0,POSITIVE,19.98,15.77,16.26,14.96,2026-08-03
ORIENTALTL,REALTY,5.19,34.0,REDUCE,DOWNTREND,-56.71,,,NEUTRAL,0.06,-0.14,0.0,STABLE,CHEAP_QUALITY,,55.38,50.0,NEUTRAL,20.29,,,4.77,2026-08-03
RALLIS,CHEMICALS,217.82,25.0,EXIT_AVOID,DOWNTREND,-43.54,,,NEUTRAL,-0.53,0.02,0.0,STABLE,FAIR_VALUE,,7.52,58.0,POSITIVE,19.99,,,200.39,2026-08-03
HERANBA,CHEMICALS,182.74,20.0,EXIT_AVOID,DOWNTREND,-51.78,,,NEUTRAL,-0.01,0.0,0.0,STABLE,MODERATE,,3.5,50.0,NEUTRAL,20.03,,,168.12,2026-08-03
MEDICAMEQ,PHARMA,240.02,25.0,EXIT_AVOID,DOWNTREND,-46.38,,,NEUTRAL,0.08,-0.15,0.0,STABLE,FAIR_VALUE,,5.7,50.0,NEUTRAL,20.06,,,220.82,2026-08-03
TRU,FINANCIAL_SERVICES,4.71,25.0,EXIT_AVOID,DOWNTREND,-64.43,,,NEUTRAL,0.0,0.0,0.0,STABLE,FAIR_VALUE,,1.75,50.0,NEUTRAL,20.08,,,4.33,2026-08-03
VIKASECO,CHEMICALS,1.11,20.0,EXIT_AVOID,DOWNTREND,-50.67,,,NEUTRAL,0.0,0.0,0.0,STABLE,MODERATE,,1.32,50.0,NEUTRAL,20.07,,,1.02,2026-08-03
KAMOPAINTS,CHEMICALS,4.56,11.0,EXIT_AVOID,DOWNTREND,-57.62,,,NEUTRAL,-1.17,0.0,2.21,STRONG_PROMOTER_BUY,MODERATE,,2.47,62.0,POSITIVE,20.04,,,4.2,2026-08-03
OSWALGREEN,AUTO,21.76,25.0,EXIT_AVOID,DOWNTREND,-50.31,,,PRICE_LED,0.01,0.0,0.64,STABLE,FAIR_VALUE,,14.76,50.0,NEUTRAL,21.45,,,20.02,2026-08-03
CELEBRITY,TEXTILES,7.11,11.0,EXIT_AVOID,DOWNTREND,-49.93,,,NEUTRAL,-1.06,0.0,-0.27,STABLE,MODERATE,,-9.74,50.0,NEUTRAL,20.03,,,6.54,2026-08-03
RKEC,INFRASTRUCTURE,26.4,39.0,REDUCE,DOWNTREND,-67.61,,,EARLY_ROTATION,0.02,-0.19,-0.29,STABLE,FAIR_VALUE,,6.13,50.0,NEUTRAL,19.38,,,24.29,2026-08-03
SOLEX,CAPITAL_GOODS,946.8,20.0,EXIT_AVOID,DOWNTREND,-52.3,,,NEUTRAL,-0.12,-0.17,0.0,STABLE,,,,50.0,NEUTRAL,20.1,,,871.06,2026-08-03
HUBTOWN,REALTY,190.51,24.0,EXIT_AVOID,DOWNTREND,-47.91,,,NEUTRAL,-0.36,-0.01,-2.18,PROMOTER_SELLING,CHEAP_QUALITY,,19.41,32.0,WEAK,20.22,,,175.27,2026-08-03
SRD,CHEMICALS,39.21,43.0,HOLD_WATCH,INSUFFICIENT_DATA,-56.91,,,NEUTRAL,-0.1,0.0,0.0,STABLE,FAIR_VALUE,,2.75,50.0,NEUTRAL,20.08,38.03,39.21,36.07,2026-08-03
TPHQ,INFRASTRUCTURE,0.42,34.0,REDUCE,DOWNTREND,-51.16,,,EARLY_ROTATION,0.0,0.0,0.0,STABLE,MODERATE,,0.82,50.0,NEUTRAL,20.08,,,0.39,2026-08-03
MCLOUD,IT,29.23,15.0,EXIT_AVOID,DOWNTREND,-67.7,,,PRICE_LED,-0.24,0.02,-3.8,PROMOTER_SELLING,CHEAP_QUALITY,,19.37,32.0,WEAK,20.75,,,26.89,2026-08-03
UNIENTER,CHEMICALS,97.08,20.0,EXIT_AVOID,DOWNTREND,-40.0,,,NEUTRAL,0.11,0.0,0.0,STABLE,MODERATE,,5.62,50.0,NEUTRAL,19.34,,,89.31,2026-08-03
AFCONS,INFRASTRUCTURE,275.95,45.0,HOLD_WATCH,DOWNTREND,-42.44,,,EARLY_ROTATION,-0.62,1.34,0.0,FII_DII_DIVERGENCE,FAIR_VALUE,,4.61,44.0,NEUTRAL,19.94,267.67,275.95,253.87,2026-08-03
TREJHARA,IT,135.95,38.0,REDUCE,INSUFFICIENT_DATA,-52.27,,,PRICE_LED,-0.54,0.0,11.68,STRONG_PROMOTER_BUY,MODERATE,,10.28,50.0,NEUTRAL,20.04,,,125.07,2026-08-03
ALLCARGO,LOGISTICS,8.2,19.0,EXIT_AVOID,DOWNTREND,-77.56,,,NEUTRAL,-0.58,-0.92,-1.24,PROMOTER_SELLING,FAIR_VALUE,,0.57,32.0,WEAK,20.1,,,7.54,2026-08-03
INDOTHAI,FINANCIAL_SERVICES,170.75,52.0,HOLD_WATCH,INSUFFICIENT_DATA,-54.68,,,NEUTRAL,-0.06,0.3,-0.26,STABLE,CHEAP_QUALITY,,48.71,50.0,NEUTRAL,20.18,165.63,170.75,157.09,2026-08-03
SPCENET,TELECOM,3.43,43.0,HOLD_WATCH,INSUFFICIENT_DATA,-64.57,,,NEUTRAL,-0.01,0.0,-0.04,STABLE,FAIR_VALUE,,5.66,58.0,POSITIVE,20.04,3.33,3.43,3.16,2026-08-03
INTENTECH,IT,83.07,33.0,REDUCE,INSUFFICIENT_DATA,-44.58,,,PRICE_LED,-0.07,0.0,-8.39,PROMOTER_SELLING,CHEAP_QUALITY,,11.97,32.0,WEAK,20.12,,,76.42,2026-08-03
GICL,LOGISTICS,17.83,38.0,REDUCE,INSUFFICIENT_DATA,-59.41,,,NEUTRAL,0.0,0.0,4.5,STABLE,,,,50.0,NEUTRAL,20.67,,,16.4,2026-08-03
ELITECON,INFRASTRUCTURE,17.19,52.0,HOLD_WATCH,INSUFFICIENT_DATA,-62.95,,,EARLY_ROTATION,,,,,,,,,,20.33,16.67,17.19,15.81,2026-08-03
KELLTONTEC,IT,14.27,25.0,EXIT_AVOID,DOWNTREND,-50.88,,,PRICE_LED,0.0,0.0,0.0,STABLE,FAIR_VALUE,,7.5,50.0,NEUTRAL,20.11,,,13.13,2026-08-03
TARIL,CAPITAL_GOODS,295.5,34.0,REDUCE,DOWNTREND,-46.47,,,NEUTRAL,1.32,-2.42,0.0,FII_DII_DIVERGENCE,FAIR_VALUE,,9.93,44.0,NEUTRAL,20.36,,,271.86,2026-08-03
DEVIT,IT,27.12,15.0,EXIT_AVOID,DOWNTREND,-46.71,,,PRICE_LED,0.0,0.0,-25.05,PROMOTER_SELLING,CHEAP_QUALITY,,11.87,32.0,WEAK,20.01,,,24.95,2026-08-03
BAJAJINDEF,CAPITAL_GOODS,234.8,25.0,EXIT_AVOID,DOWNTREND,-46.95,,,NEUTRAL,0.01,0.13,0.0,STABLE,FAIR_VALUE,,15.69,50.0,NEUTRAL,20.23,,,216.02,2026-08-03
COHANCE,PHARMA,425.35,20.0,EXIT_AVOID,DOWNTREND,-59.06,,,NEUTRAL,-0.43,0.22,0.0,STABLE,,,,50.0,NEUTRAL,21.52,,,391.32,2026-08-03
ESSARSHPNG,LOGISTICS,20.57,52.0,HOLD_WATCH,INSUFFICIENT_DATA,-52.45,,,NEUTRAL,0.0,0.0,0.0,STABLE,CHEAP_QUALITY,,1293.16,50.0,NEUTRAL,21.4,19.95,20.57,18.92,2026-08-03
INDOUS,PHARMA,83.6,36.0,REDUCE,DOWNTREND,-51.97,,,NEUTRAL,0.18,0.0,-1.88,STABLE,CHEAP_QUALITY,,19.67,50.0,NEUTRAL,39.35,,,76.91,2026-08-03
GENESYS,IT,298.75,31.0,REDUCE,DOWNTREND,-53.89,,,PRICE_LED,-2.99,0.66,-0.02,FII_DII_DIVERGENCE,CHEAP_QUALITY,,23.69,44.0,NEUTRAL,20.18,,,274.85,2026-08-03
ORCHASP,IT,1.65,25.0,EXIT_AVOID,DOWNTREND,-59.56,,,PRICE_LED,0.0,,6.86,STRONG_PROMOTER_BUY,FAIR_VALUE,,8.32,50.0,NEUTRAL,20.23,,,1.52,2026-08-03
MKPL,FMCG,4.25,25.0,EXIT_AVOID,DOWNTREND,-51.98,,,DISTRIBUTION,0.0,0.0,0.0,STABLE,FAIR_VALUE,,4.26,50.0,NEUTRAL,19.7,,,3.91,2026-08-03
AQYLON,MEDIA,26.75,53.0,HOLD_WATCH,INSUFFICIENT_DATA,-82.02,,,DISTRIBUTION,0.86,29.86,-0.79,FII_DII_ACCUMULATION,,,,50.8,NEUTRAL,20.2,25.95,26.75,24.61,2026-08-03
CEWATER,INFRASTRUCTURE,285.8,43.0,HOLD_WATCH,DOWNTREND,-50.64,,,EARLY_ROTATION,1.02,-3.42,0.0,FII_DII_DIVERGENCE,MODERATE,,-6.97,44.0,NEUTRAL,7.81,277.23,285.8,262.94,2026-08-03
AHLADA,REALTY,36.38,20.0,EXIT_AVOID,DOWNTREND,-49.47,,,NEUTRAL,0.0,0.0,0.0,STABLE,MODERATE,,1.67,50.0,NEUTRAL,20.13,,,33.47,2026-08-03
TARAPUR,CAPITAL_GOODS,15.77,48.0,HOLD_WATCH,INSUFFICIENT_DATA,-60.28,,,NEUTRAL,0.0,0.0,0.0,STABLE,CHEAP_QUALITY,,,50.0,NEUTRAL,19.15,15.3,15.77,14.51,2026-08-03
SEPC,INFRASTRUCTURE,6.02,19.0,EXIT_AVOID,DOWNTREND,-56.15,,,EARLY_ROTATION,0.37,-0.61,-8.48,PROMOTER_SELLING,MODERATE,,2.22,32.0,WEAK,9.84,,,5.54,2026-08-03
LGHL,FMCG,201.31,30.0,REDUCE,DOWNTREND,-49.62,,,DISTRIBUTION,-0.17,0.0,0.0,STABLE,CHEAP_QUALITY,,17.27,50.0,NEUTRAL,18.86,,,185.21,2026-08-03
NETWORK18,FINANCIAL_SERVICES,29.38,20.0,EXIT_AVOID,DOWNTREND,-49.82,,,NEUTRAL,0.03,-0.02,0.0,STABLE,MODERATE,,-48.72,50.0,NEUTRAL,8.55,,,27.03,2026-08-03
RPPINFRA,FINANCIAL_SERVICES,59.93,25.0,EXIT_AVOID,DOWNTREND,-64.73,,,NEUTRAL,0.12,0.0,0.0,STABLE,FAIR_VALUE,,5.32,50.0,NEUTRAL,21.42,,,55.14,2026-08-03
NATIONSTD,REALTY,235.51,38.0,REDUCE,INSUFFICIENT_DATA,-84.51,,,NEUTRAL,,,,,,,,,,20.68,,,216.67,2026-08-03
INOXWIND,CAPITAL_GOODS,78.9,39.0,REDUCE,DOWNTREND,-50.47,SHORT_COVERING,-1536000.0,NEUTRAL,0.45,0.6,0.0,DII_ACCUMULATION,FAIR_VALUE,,12.32,53.0,NEUTRAL,16.13,,,72.59,2026-08-03
JLHL,HEALTHCARE,319.0,25.0,EXIT_AVOID,DOWNTREND,-80.37,,,NEUTRAL,0.0,-0.42,0.0,STABLE,FAIR_VALUE,,15.97,58.0,POSITIVE,9.18,,,293.48,2026-08-03
BALAJEE,CHEMICALS,27.36,25.0,EXIT_AVOID,DOWNTREND,-54.32,,,NEUTRAL,0.09,-0.21,0.0,STABLE,FAIR_VALUE,,5.69,50.0,NEUTRAL,19.75,,,25.17,2026-08-03
CIFL,FINANCIAL_SERVICES,20.76,20.0,EXIT_AVOID,DOWNTREND,-47.69,,,NEUTRAL,-0.03,0.0,0.0,STABLE,,,,50.0,NEUTRAL,15.68,,,19.1,2026-08-03
SUMEETINDS,REALTY,21.18,52.0,HOLD_WATCH,INSUFFICIENT_DATA,-47.25,,,NEUTRAL,0.01,0.0,0.0,STABLE,CHEAP_QUALITY,,22.5,48.0,NEUTRAL,20.97,20.54,21.18,19.49,2026-08-03
RAJTV,MEDIA,10.76,20.0,EXIT_AVOID,DOWNTREND,-77.06,,,DISTRIBUTION,0.0,0.0,0.05,STABLE,EXPENSIVE_OR_WEAK,,0.43,50.0,NEUTRAL,2.83,,,9.9,2026-08-03
POCL,METAL,550.45,20.0,EXIT_AVOID,DOWNTREND,-63.45,,,NEUTRAL,-0.12,0.39,0.0,STABLE,MODERATE,,2.64,50.0,NEUTRAL,9.39,,,506.41,2026-08-03
AWFIS,IT,277.3,25.0,EXIT_AVOID,DOWNTREND,-56.63,,,PRICE_LED,-0.98,-0.03,-0.01,STABLE,FAIR_VALUE,,8.83,50.0,NEUTRAL,6.75,,,255.12,2026-08-03
CHEMPLASTS,CHEMICALS,196.1,20.0,EXIT_AVOID,DOWNTREND,-57.44,,,NEUTRAL,-0.68,0.1,0.0,STABLE,MODERATE,,-3.91,50.0,NEUTRAL,1.71,,,180.41,2026-08-03
OSWALPUMPS,CAPITAL_GOODS,331.25,11.0,EXIT_AVOID,DOWNTREND,-62.71,,,NEUTRAL,-1.79,-2.18,0.0,STABLE,,,,50.0,NEUTRAL,0.83,,,304.75,2026-08-03
SKFINDIA,CAPITAL_GOODS,1506.5,25.0,EXIT_AVOID,DOWNTREND,-70.31,,,NEUTRAL,0.09,0.27,0.0,STABLE,FAIR_VALUE,,8.16,50.0,NEUTRAL,20.0,,,1385.98,2026-08-03
CELLO,FMCG,345.55,30.0,REDUCE,DOWNTREND,-48.72,,,DISTRIBUTION,0.1,-0.63,0.0,STABLE,CHEAP_QUALITY,,16.61,50.0,NEUTRAL,15.54,,,317.91,2026-08-03
AURIONPRO,IT,739.55,30.0,REDUCE,DOWNTREND,-50.93,,,PRICE_LED,-0.48,0.36,0.0,STABLE,CHEAP_QUALITY,,15.97,50.0,NEUTRAL,18.92,,,680.39,2026-08-03
PAKKA,CHEMICALS,71.28,36.0,REDUCE,DOWNTREND,-61.26,,,NEUTRAL,-0.03,4.17,-2.38,DII_ACCUMULATION,CHEAP_QUALITY,,11.87,50.0,NEUTRAL,0.95,,,65.58,2026-08-03
KALAMANDIR,RETAIL,90.03,25.0,EXIT_AVOID,DOWNTREND,-59.63,,,NEUTRAL,0.06,-2.27,0.0,STABLE,FAIR_VALUE,,8.77,50.0,NEUTRAL,4.73,,,82.83,2026-08-03
GSLSU,REALTY,27.69,38.0,REDUCE,INSUFFICIENT_DATA,-80.17,,,NEUTRAL,-0.01,0.0,0.0,STABLE,MODERATE,,-22.62,50.0,NEUTRAL,0.56,,,25.47,2026-08-03
AVROIND,FMCG,8.77,25.0,EXIT_AVOID,DOWNTREND,-46.68,,,DISTRIBUTION,-0.05,0.0,-0.43,STABLE,FAIR_VALUE,,4.44,52.0,NEUTRAL,1.2,,,8.07,2026-08-03
