symbol,opm_pct,roce_pct,book_value_per_share,total_equity_cr,equity_share_capital_cr,capital_employed_cr,ebitda_cr_latest,ebit_cr_latest,sales_growth_cagr_pct,sales_growth_years,as_of_date,data_quarters
20MICRONS,12.46,16.34,137.05,483.62,,539.12,26.7478,22.02,12.8,4.3,2024-12-31,19
21STCENMGM,29.62,49.93,31.49,33.06,,33.2,4.1517,4.1438,23.44,3.7,2024-12-31,20
360ONE,544.3,2.04,242.17,9835.55,,26142.37,137.6,133.21,29.93,1.8,2024-12-31,9
3IINFOLTD,25.2,14.89,18.38,381.18,,415.9,21.61,15.48,12.4,3.3,2024-12-31,14
3IINFOTECH,-1.44,,,,,,-2.3,-5.2,128.03,0.7,2021-06-30,4
3MINDIA,15.68,31.82,1569.6,1768.15,,1972.22,170.9112,156.8972,11.35,4.3,2024-12-31,18
3PLAND,56.38,,58.14,104.66,,,0.5252,0.5143,28.01,4.0,2024-12-31,18
4THDIM,15.29,,,,,,1.5061,1.4235,,,2023-03-31,3
5PAISA,35.25,5.84,207.74,649.22,,1847.57,30.0592,26.9593,14.52,4.0,2024-12-31,18
63MOONS,-12.71,-0.4,770.81,3551.83,,3680.59,-0.8439,-3.6731,-25.95,4.3,2024-12-31,18
8KMILES,13.22,,,,,,11.768,6.4,,,2020-09-30,1
A2ZINFRA,1.99,2.96,2.51,44.18,,70.85,1.6804,0.5246,-7.95,4.3,2024-12-31,18
AAATECH,12.45,9.68,24.14,30.96,,30.96,0.8635,0.7493,26.3,2.0,2024-12-31,9
AADHARHFC,76.61,8.88,173.07,7540.89,,27231.8,611.03,604.55,20.81,0.8,2024-12-31,4
AAKASH,10.74,4.11,6.31,63.88,,70.54,2.508,0.7252,8.98,4.3,2024-12-31,17
AAREYDRUGS,2.15,6.05,52.86,150.42,,152.17,2.8805,2.3,9.44,3.5,2024-12-31,15
AARON,18.09,17.5,,48.61,,65.23,3.3171,2.8542,29.34,4.0,2024-12-31,16
AARTECH,17.56,17.8,11.05,35.1,,35.72,1.7184,1.5894,32.9,1.5,2024-12-31,7
AARTIDRUGS,13.23,12.64,169.7,1548.86,,1893.0,73.63,59.83,-0.89,4.3,2024-12-31,20
AARTIIND,12.83,6.07,164.23,5955.0,,8261.0,236.08,125.43,11.18,4.3,2024-12-31,17
AARTIPHARM,26.95,16.65,234.35,2124.6,,2544.14,126.926,105.8828,6.06,1.8,2024-12-31,8
AARTISURF,5.39,5.56,289.34,244.93,,319.11,8.7788,4.4347,9.22,4.3,2024-12-31,19
AARVEEDEN,0.4,,,,,,0.0237,-0.9415,-37.42,4.3,2024-12-31,18
AARVI,2.57,6.9,95.92,142.07,,151.37,3.0807,2.6116,24.91,4.3,2024-12-31,18
AAVAS,76.47,8.44,637.07,5050.85,,21199.89,456.3241,447.1018,17.79,4.0,2024-12-31,19
ABAN,14.46,,,,,,16.823,9.621,-19.57,4.3,2024-12-31,19
ABB,22.11,35.94,369.78,7835.99,,7905.03,743.96,710.26,18.89,4.3,2024-12-31,19
ABCAPITAL,62.58,,131.41,34423.11,,,20.54,20.33,338.48,4.3,2024-12-31,17
ABCOTS,,,69.76,153.22,,217.2,,,,,2022-09-30,1
ABDL,5.12,21.8,59.44,1662.67,,1973.26,120.0403,107.5351,46.46,0.8,2024-12-31,5
ABFRL,15.87,6.46,47.99,5839.06,,13043.46,683.02,210.76,40.04,4.3,2024-12-31,19
ABHISHEK,114.57,,,,,,1.4186,0.8229,-29.4,4.3,2024-12-31,18
ABINFRA,13.35,16.9,2.65,169.28,,203.52,10.0187,8.5983,,,2024-12-31,2
ABMINTLLTD,-11.69,-59.05,13.85,13.03,,13.28,-1.9505,-1.9605,-17.79,3.3,2024-12-31,14
ABMINTLTD,-2.86,,,,,,-1.3099,-1.351,251.05,0.7,2021-06-30,4
ABREL,1.82,-1.93,334.68,3700.81,,7947.74,17.39,-38.35,,,2024-12-31,2
ABSLAMC,70.8,27.6,139.94,4041.66,,4340.1,310.39,299.52,9.44,3.3,2024-12-31,15
ACC,29.74,27.63,1094.35,20550.54,,21763.74,1753.26,1503.51,9.36,4.0,2024-12-31,18
ACCELYA,39.28,53.37,176.09,262.83,,317.3,48.8148,42.3327,22.84,4.3,2024-12-31,18
ACCURACY,2.97,10.45,8.28,124.71,,177.66,7.5482,4.6434,22.3,4.0,2024-12-31,18
ACE,18.86,31.06,168.96,2010.99,,2033.63,165.06,157.89,32.05,4.3,2024-12-31,19
ACEINTEG,-16.08,-6.44,16.36,16.69,,16.76,-0.23,-0.27,-32.39,2.3,2024-12-31,11
ACI,36.65,12.33,156.68,1934.39,,2226.43,88.7998,68.6551,-18.5,2.0,2024-12-31,9
ACL,-9.59,-8.71,8.76,80.74,,1135.52,-6.36,-24.72,192.16,1.5,2024-12-31,8
ACLGATI,5.53,,,,,,24.37,6.03,3.78,1.0,2024-12-31,5
ACMESOLAR,100.89,4.46,83.61,5061.48,,25320.15,352.111,282.449,,,2024-12-31,2
ACRYSIL,17.69,,,,,,14.5728,9.2774,-3.38,1.7,2022-09-30,8
ADANIENSOL,39.37,9.47,211.67,25427.54,,77388.64,2295.3,1832.92,999.0,1.3,2024-12-31,7
ADANIENT,16.29,5.36,626.03,80925.95,,202688.1,3722.53,2716.88,67.08,4.3,2024-12-31,18
ADANIGAS,47.05,,,,,,207.58,192.56,,,2020-09-30,1
ADANIGREEN,78.22,3.99,121.21,19965.0,,123865.0,1850.0,1235.0,37.43,4.3,2024-12-31,19
ADANIPORTS,99.21,4.72,417.22,96125.3,,169554.41,2164.87,2001.52,-6.49,4.3,2024-12-31,18
ADANIPOWER,45.24,16.45,33.67,64936.88,,121951.71,6185.18,5015.17,14.28,4.3,2024-12-31,19
ADANITRANS,45.89,,,,,,1681.46,1262.58,999.0,2.7,2023-06-30,12
ADFFOODS,20.57,16.07,52.06,571.93,,639.67,30.3334,25.7005,11.1,4.3,2024-12-31,19
ADHUNIKIND,2.32,,,,,,3.4501,2.0265,,,2020-12-31,2
ADL,8.73,4.42,91.32,50.83,,52.92,1.0474,0.5843,14.17,4.3,2024-12-31,18
ADORWELD,9.85,,,,,,26.98,22.35,27.99,4.3,2024-12-31,18
ADROITINFO,15.96,3.52,13.54,77.55,,83.89,1.2256,0.7381,41.02,4.0,2024-12-31,18
ADSL,12.4,12.04,108.58,613.61,,747.09,27.34,22.49,23.98,4.3,2024-12-31,20
ADVANIHOTR,47.79,12.27,55.73,515.16,,523.64,16.7926,16.065,741.39,4.3,2024-12-31,18
ADVENZYMES,23.29,4.76,145.81,1631.96,,1732.04,23.491,20.603,8.14,4.3,2024-12-31,18
AEGISCHEM,22.88,,,,,,165.05,161.78,101.78,3.5,2024-03-31,16
AEGISLOG,17.16,9.27,172.51,6055.02,,11022.36,292.86,255.53,13.52,0.5,2024-12-31,4
AEROFLEX,22.31,17.39,33.8,447.27,,454.31,22.2657,19.7528,13.08,1.5,2024-12-31,7
AETHER,34.44,10.16,185.1,2455.89,,2544.09,75.66,64.604,22.08,2.3,2024-12-31,11
AFCONS,15.12,16.17,148.18,5449.8,,9119.45,485.62,368.55,,,2024-12-31,2
AFFLE,25.31,13.73,259.76,3652.21,,3686.83,152.291,126.53,42.13,4.3,2024-12-31,18
AFFORDABLE,16.78,15.39,98.12,110.35,,141.97,5.8319,5.463,,,2024-12-31,1
AFIL,74.12,8.86,9.93,423.87,,933.18,20.8071,20.6603,56.32,0.8,2024-12-31,6
AGARIND,10.29,19.89,460.63,689.01,,818.91,55.7574,40.7273,50.57,4.3,2024-12-31,18
AGARWALEYE,27.8,4.08,63.93,2025.46,,3480.27,74.48,35.48,,,2024-12-31,1
AGCNET,3.9,,,,,,52.517,27.847,999.0,1.0,2021-09-30,5
AGI,28.03,19.92,372.1,2407.35,,2818.04,184.59,140.34,16.55,2.8,2024-12-31,13
AGIIL,34.14,16.95,37.18,464.8,,611.27,31.2092,25.9056,57.87,0.5,2024-12-31,3
AGRITECH,-385.31,-0.44,167.14,99.28,,99.34,-0.1102,-0.1102,80.9,4.3,2024-12-31,17
AGROPHOS,18.46,20.11,34.8,70.55,,74.02,4.2102,3.7218,19.75,4.3,2024-12-31,18
AGSTRA,-81.2,,,,,,-170.185,-213.975,-24.38,3.0,2024-12-31,14
AHL,89.9,,,,,,18.8298,18.8298,122.41,2.0,2024-12-31,9
AHLADA,19.14,6.43,106.87,138.09,,146.45,4.9875,2.3553,-9.43,4.0,2024-12-31,18
AHLEAST,49.33,15.81,132.07,228.38,,381.6,16.0569,15.0851,49.4,4.3,2024-12-31,18
AHLUCONT,10.43,12.58,307.35,2058.9,,2585.55,99.2867,81.3024,20.26,4.3,2024-12-31,18
AHLWEST,29.41,17.71,,,,444.97,32.3684,19.7041,31.23,4.3,2024-12-31,20
AIAENG,32.86,15.88,859.98,8025.35,,8166.18,350.3889,324.1996,8.89,4.3,2024-12-31,18
AIIL,101.65,13.33,173.43,14727.84,,18849.85,627.878,628.189,-64.2,0.8,2024-12-31,4
AIRAN,10.04,2.68,12.48,156.08,,174.7,2.6914,1.1725,15.66,4.3,2024-12-31,18
AIROLAM,6.69,9.58,48.87,73.31,,100.07,3.6143,2.397,0.15,2.5,2024-12-31,11
AJANTPHARM,33.54,28.24,362.35,4527.09,,4739.09,369.56,334.63,10.67,4.3,2024-12-31,20
AJAXENGG,17.32,26.17,121.69,1392.22,,1408.13,94.96,92.134,,,2024-12-31,1
AJMERA,35.69,12.18,71.06,1398.47,,2237.18,68.83,68.13,14.69,4.3,2024-12-31,18
AJOONI,3.87,4.78,5.11,88.08,,90.23,1.3156,1.0781,21.89,3.8,2024-12-31,16
AJRINFRA,53.2,,,,,,8.0151,-1.5288,-32.15,3.0,2024-12-31,14
AKASH,9.84,4.32,50.57,85.27,,99.55,1.3644,1.0759,-3.27,4.3,2024-12-31,19
AKG,1.63,3.29,16.84,53.5,,53.93,0.483,0.4432,7.45,3.5,2024-12-31,15
AKI,8.71,5.85,9.72,100.32,,104.75,1.9701,1.5325,34.93,1.5,2024-12-31,7
AKSHAR,-7.15,-14.33,1.03,80.86,,84.19,-1.8563,-3.0159,-21.96,2.5,2024-12-31,12
AKSHARCHEM,7.05,3.86,325.57,261.53,,298.14,6.3899,2.8764,15.01,4.3,2024-12-31,18
AKSHOPTFBR,-1.1,-155.61,,,,8.19,-0.3189,-3.1862,-23.53,4.3,2024-12-31,18
AKUMS,13.93,8.84,216.41,3313.35,,4352.21,140.707,96.187,-1.69,0.5,2024-12-31,3
AKZOINDIA,16.46,,,,,,172.9267,149.5204,13.77,4.3,2024-12-31,18
ALANKIT,11.8,6.58,11.7,317.2,,353.11,8.5848,5.8115,26.17,4.3,2024-12-31,18
ALBERTDAVD,-10.03,-9.94,686.07,391.54,,403.7,-8.3363,-10.0331,3.53,4.3,2024-12-31,18
ALCHEM,-21214.7,,,,,,-248.3605,-249.912,,,2020-09-30,1
ALEMBICLTD,53.12,4.51,95.22,2445.09,,2488.21,30.7673,28.0774,33.87,4.3,2024-12-31,18
ALICON,8.57,4.55,384.59,628.3,,766.09,30.3703,8.7142,17.37,4.3,2024-12-31,18
ALIVUS,31.28,21.37,271.49,3332.13,,3474.86,200.764,185.605,,,2024-12-31,1
ALKALI,-14.16,-34.91,43.89,44.69,,48.57,-3.163,-4.2384,16.32,4.3,2024-12-31,19
ALKEM,36.16,18.88,1155.87,13820.1,,16090.27,827.01,759.4,3.4,4.3,2024-12-31,18
ALKYLAMINE,20.97,14.27,299.81,1533.37,,1679.56,77.83,59.9,5.87,4.3,2024-12-31,18
ALLCARGO,3.64,15.67,3.83,574.0,,1072.0,149.33,42.0,14.18,4.3,2024-12-31,18
ALLDIGI,24.64,12.73,164.71,250.98,,412.2,20.32,13.12,,,2024-12-31,2
ALLSEC,46.76,,,,,,36.86,30.29,4.19,3.7,2024-06-30,18
ALMONDZ,13.0,3.52,15.5,269.22,,360.35,4.32,3.17,20.18,4.3,2024-12-31,18
ALOKINDS,-4.04,-10.61,,,,4125.29,-34.89,-109.45,2.19,4.3,2024-12-31,20
ALPA,36.5,18.97,88.53,186.28,,189.62,9.5447,8.9941,2.95,4.3,2024-12-31,19
ALPHAGEO,-56.29,-14.99,398.07,253.37,,255.59,-6.2807,-9.5751,84.69,4.3,2024-12-31,18
ALPSINDUS,72.43,94.69,,,,3.03,0.7173,0.7173,-76.74,3.0,2024-12-31,19
AMARAJABAT,13.42,,,,,,375.23,263.81,14.32,2.7,2023-06-30,12
AMBER,7.67,3.48,1242.36,4372.12,,8065.58,108.3385,70.0725,47.56,4.3,2024-12-31,19
AMBICAAGAR,10.71,6.66,65.63,112.73,,206.44,3.8603,3.4379,-0.82,4.3,2024-12-31,19
AMBIKCO,18.41,9.39,1666.92,954.31,,983.28,28.76,23.08,1.67,4.3,2024-12-31,18
AMBUJACEM,32.85,12.55,240.1,59347.32,,76510.36,3064.09,2400.11,10.21,4.3,2024-12-31,19
AMDIND,7.05,-1.31,79.77,152.89,,175.43,3.1682,-0.5731,16.8,4.3,2024-12-31,16
AMIORG,25.58,,,,,,70.3387,64.02,28.29,3.3,2024-12-31,14
AMJLAND,27.1,6.58,52.1,213.61,,224.33,4.1618,3.6905,39.69,4.3,2024-12-31,18
AMNPLST,9.0,20.18,53.12,292.26,,312.69,17.1804,15.7724,8.84,1.0,2024-12-31,5
AMRUTANJAN,22.57,27.22,128.11,370.23,,382.71,27.709,26.0451,6.99,4.3,2024-12-31,18
AMTEKAUTO,1.62,,,,,,2.03,-80.14,-17.18,0.8,2020-12-31,4
ANANDRATHI,48.19,39.07,60.11,998.15,,1102.63,114.2302,107.7034,30.89,3.0,2024-12-31,14
ANANTRAJ,22.54,4.31,160.85,5788.71,,6492.76,73.91,69.98,81.72,4.3,2024-12-31,20
ANDHRACEMT,-27900.0,,,,,,-5.58,-17.52,,,2023-03-31,9
ANDHRAPAP,11.31,3.96,97.53,1939.35,,2184.95,43.6075,21.6055,23.99,4.3,2024-12-31,19
ANDHRSUGAR,9.69,1.93,123.33,1671.55,,1970.18,28.5908,9.4959,19.85,4.3,2024-12-31,17
ANGELBRKG,38.12,,,,,,199.225,194.945,103.96,0.7,2021-09-30,5
ANGELONE,39.42,30.2,67.17,6117.79,,6236.96,497.515,470.852,28.32,3.0,2024-12-31,14
ANIKINDS,4.28,1.02,139.17,386.24,,435.72,1.2498,1.1121,10.14,4.3,2024-12-31,19
ANKITMETAL,-45.29,,,,,,-66.5223,-76.0562,25.01,3.2,2023-12-31,15
ANMOL,1.89,11.74,20.9,118.96,,159.81,4.79,4.69,-5.41,3.5,2024-12-31,15
ANSALAPI,-107.11,,,,,,-209.3,-209.48,0.38,4.0,2024-09-30,17
ANSALHSG,25.12,,,,,,10.7447,10.3646,20.86,1.5,2022-06-30,8
ANTGRAPHIC,-46.11,,,,,,-0.1833,-0.2026,13.41,4.0,2024-09-30,15
ANUHPHR,9.86,15.29,35.14,352.22,,354.36,15.7271,13.5458,,,2024-12-31,1
ANUP,23.15,18.07,344.97,691.01,,742.49,39.7258,33.5417,17.4,4.3,2024-12-31,20
ANURAS,30.95,10.57,259.28,2850.31,,3460.68,120.7581,91.4631,10.12,3.8,2024-12-31,16
APARINDS,8.27,23.87,1342.71,5393.38,,5980.91,390.28,356.91,31.32,4.3,2024-12-31,20
APCL,1.65,-1.39,125.63,369.04,,799.16,1.37,-2.78,3.13,4.3,2024-12-31,18
APCOTEXIND,8.93,12.24,119.78,620.99,,688.39,31.7303,21.0725,26.84,4.3,2024-12-31,20
APEX,2.73,1.91,168.96,527.99,,539.26,6.2874,2.5756,-2.97,4.3,2024-12-31,18
APLAPOLLO,6.76,21.25,190.76,5296.53,,5964.35,367.23,316.89,33.67,4.3,2024-12-31,18
APLLTD,13.89,8.14,288.7,5674.81,,6168.75,195.287,125.598,1.7,4.0,2024-12-31,17
APOLLO,26.42,9.43,36.75,1313.1,,1494.12,39.2101,35.2346,20.86,4.3,2024-12-31,18
APOLLOHOSP,30.16,13.01,659.32,9480.1,,15715.6,619.7,511.3,17.73,4.3,2024-12-31,18
APOLLOPIPE,7.65,5.0,186.51,819.13,,941.16,23.5487,11.7679,24.02,4.3,2024-12-31,19
APOLLOTYRE,11.51,5.47,264.24,16715.17,,21155.97,522.611,289.413,1.38,4.3,2024-12-31,18
APOLSINHOT,5.21,9.13,604.15,157.08,,213.4,7.3515,4.8706,32.89,4.3,2024-12-31,18
APTECHT,10.05,13.48,42.86,248.62,,264.36,11.0719,8.9081,31.67,4.3,2024-12-31,17
APTUS,87.04,,101.05,5060.04,,,391.7264,388.4459,28.97,3.3,2024-12-31,13
ARCHIDPLY,4.03,5.72,56.32,111.88,,181.7,6.0777,2.6002,27.61,4.3,2024-12-31,18
ARCHIES,18.74,3.99,37.05,125.17,,140.91,3.3389,1.404,8.23,4.3,2024-12-31,19
ARCOTECH,-175.05,,,,,,-49.5806,-52.3408,151.21,1.5,2024-12-31,18
ARE&M,16.85,19.32,442.51,8098.96,,8694.28,551.55,420.02,12.9,1.3,2024-12-31,6
ARENTERP,59.0,4.26,65.77,20.44,,20.44,0.2241,0.2175,-5.37,2.5,2024-12-31,19
ARIES,13.32,19.78,257.13,334.37,,392.11,21.2412,19.3898,8.52,4.3,2024-12-31,18
ARIHANT,-17.98,-2.12,372.64,371.37,,716.6,-3.72,-3.8,999.0,1.0,2021-09-30,6
ARIHANTCAP,38.85,10.52,40.23,440.97,,721.68,19.7738,18.9812,7.8,3.8,2024-12-31,18
ARIHANTSUP,29.76,6.05,84.03,363.45,,1209.07,18.4232,18.2917,-4.05,4.0,2024-12-31,18
ARKADE,30.41,27.27,47.51,882.16,,980.85,68.3041,66.8572,218.17,0.5,2024-12-31,3
ARMANFIN,30.68,7.17,887.79,933.33,,2795.9,50.5513,50.096,71.97,4.3,2024-12-31,18
AROGRANITE,19.42,6.22,113.69,173.94,,215.21,5.8476,3.3469,-9.82,4.3,2024-12-31,19
ARROWGREEN,35.35,29.14,155.35,234.39,,241.31,19.48,17.58,84.85,4.3,2024-12-31,18
ARSHIYA,-6475.56,,,,,,-2202.9073,-2236.69,-17.18,3.5,2024-03-31,16
ARSSINFRA,1.86,0.04,106.01,955.37,,1121.48,0.363,0.115,-19.02,4.3,2024-12-31,19
ARTEMISMED,19.91,,,,,,46.2611,34.8107,24.25,4.3,2024-12-31,18
ARTNIRMAN,10.22,2.05,15.09,37.65,,58.01,0.4601,0.2971,20.63,3.0,2024-12-31,13
ARVEE,6.01,3.08,28.53,31.44,,33.74,0.5352,0.2602,0.18,3.8,2024-12-31,16
ARVIND,11.59,13.7,154.29,4044.19,,4943.36,223.36,169.37,11.7,4.3,2024-12-31,19
ARVINDFASN,14.48,21.63,70.6,943.64,,2012.04,174.18,108.82,26.9,4.3,2024-12-31,18
ARVSMART,30.81,18.06,141.54,649.19,,1406.97,64.7537,63.51,67.29,4.3,2024-12-31,19
ASAHIINDIA,19.71,11.27,154.24,3932.09,,6140.7,221.64,172.96,14.22,4.3,2024-12-31,18
ASAHISONG,10.1,9.61,230.25,271.39,,363.03,13.511,8.7257,19.69,4.3,2024-12-31,19
ASAL,6.29,33.37,22.79,36.16,,89.81,12.4619,7.4927,24.82,4.3,2024-12-31,19
ASALCBR,12.15,19.97,345.94,694.61,,729.66,40.6225,36.434,31.79,4.3,2024-12-31,19
ASHAPURMIN,17.14,19.49,172.65,1649.29,,2795.81,148.3217,136.2542,42.45,4.3,2024-12-31,18
ASHIANA,16.69,6.1,85.5,859.47,,1212.14,19.02,18.49,27.62,4.3,2024-12-31,18
ASHIMASYN,-137.33,-2.89,14.45,276.91,,440.77,-2.98,-3.18,-48.3,4.3,2024-12-31,18
ASHOKA,10.44,7.62,234.37,6579.28,,8492.95,187.0818,161.8093,17.81,4.3,2024-12-31,18
ASHOKAMET,39.42,5.5,48.8,121.97,,177.99,2.7122,2.448,-38.25,1.5,2024-12-31,7
ASHOKLEY,20.04,12.58,24.25,14241.69,,67923.06,2403.62,2135.92,40.37,4.3,2024-12-31,18
ASIANENE,15.96,7.03,101.71,494.15,,579.6,14.6342,10.1828,9.42,3.0,2024-12-31,13
ASIANHOTNR,159.66,41.05,215.93,920.59,,1296.75,138.0548,133.0678,62.36,4.3,2024-12-31,19
ASIANPAINT,20.82,24.01,222.94,21371.59,,25397.46,1779.73,1524.18,5.94,4.0,2024-12-31,19
ASIANTILES,4.63,0.88,51.36,1522.58,,1731.93,16.6717,3.8092,1.06,4.3,2024-12-31,18
ASIL,-0.21,-3.29,11.2,46.13,,68.38,-0.0506,-0.5631,17.13,4.3,2024-12-31,18
ASKAUTOLTD,12.55,19.99,66.51,1311.1,,1846.39,114.837,92.257,12.0,1.3,2024-12-31,7
ASMS,-3.55,-3.04,1.12,34.18,,42.39,-0.3094,-0.322,-16.92,1.8,2024-12-31,8
ASPINWALL,8.54,12.29,256.97,200.9,,208.28,7.67,6.4,10.92,4.3,2024-12-31,18
ASTEC,-4.08,-13.77,175.3,390.61,,442.25,-3.8262,-15.2284,-11.13,4.3,2024-12-31,19
ASTERDM,18.9,9.52,68.81,3428.07,,5727.17,198.45,136.24,-16.57,4.3,2024-12-31,18
ASTRAL,18.13,16.74,151.05,4057.9,,4314.1,230.3,180.5,15.86,4.3,2024-12-31,18
ASTRAMICRO,30.35,18.76,138.46,1314.57,,1469.67,78.4631,68.935,22.35,4.3,2024-12-31,18
ASTRAZEN,11.68,16.82,349.12,872.79,,1007.29,51.421,42.347,19.09,4.3,2024-12-31,18
ASTRON,-1112.17,-75.59,14.65,68.1,,88.32,-15.1311,-16.6895,-63.58,4.3,2024-12-31,19
ATALREAL,10.06,7.3,7.74,95.87,,100.58,2.0239,1.8361,177.37,1.5,2024-12-31,7
ATAM,14.63,24.44,33.2,38.06,,39.02,2.5425,2.3837,-7.16,1.8,2024-12-31,9
ATCOM,46.67,-4.25,,,,4.16,0.0007,-0.0442,,,2024-12-31,19
ATFL,5.28,,,,,,10.99,5.46,-4.13,4.0,2024-12-31,18
ATGL,19.39,11.94,44.23,4864.81,,7318.04,271.65,218.46,27.98,4.0,2024-12-31,18
ATL,22.66,6.86,12.08,352.53,,1087.22,28.4786,18.6538,0.84,1.3,2024-12-31,6
ATLANTA,2476.33,,,,,,322.1683,313.1107,12.29,3.0,2023-09-30,13
ATLANTAA,89.09,13.88,26.08,212.58,,331.38,12.4762,11.502,760.23,1.0,2024-12-31,5
ATLASCYCLE,38.42,0.32,583.5,379.51,,429.27,0.8456,0.3469,-41.96,4.8,2024-12-31,21
ATNINTER,-772.48,,,,,,-0.1151,-0.1157,54.47,2.3,2024-12-31,18
ATUL,14.77,7.85,2113.29,6221.96,,6778.44,188.18,132.96,9.67,4.3,2024-12-31,16
ATULAUTO,8.91,9.36,174.24,483.53,,548.52,17.37,12.84,24.63,4.3,2024-12-31,18
AURIONPRO,22.27,13.4,314.69,1737.54,,1812.15,68.1715,60.7198,33.94,4.3,2024-12-31,20
AUROPHARMA,26.31,6.91,652.39,37890.97,,40463.14,767.41,699.13,5.0,4.3,2024-12-31,18
AURUM,26.79,-1.91,66.4,506.25,,732.39,17.3,-3.49,104.66,3.0,2024-12-31,13
AUSOMENT,443.29,1.97,118.3,161.17,,169.25,0.8817,0.8324,-77.74,4.3,2024-12-31,18
AUTOAXLES,11.96,19.62,727.08,1098.77,,1114.94,63.495,54.679,30.85,4.3,2024-12-31,18
AUTOIND,9.19,11.45,43.44,197.12,,342.25,14.35,9.8,24.49,4.3,2024-12-31,18
AUTOLITIND,-177.31,,,,,,-7.2261,-8.1291,93.11,0.5,2020-12-31,4
AUTORIDFIN,,,,,,,,,,,2020-12-31,2
AVADHSUGAR,6.11,5.84,561.72,1124.46,,1570.42,37.6602,22.9443,-0.12,4.3,2024-12-31,16
AVALON,15.88,19.38,108.1,721.71,,768.48,44.593,37.231,1.88,1.8,2024-12-31,8
AVANTEL,46.07,33.61,12.73,338.23,,351.23,32.5612,29.5085,,,2024-12-31,2
AVANTIFEED,14.61,19.67,241.19,3286.05,,3752.53,199.4743,184.5188,4.52,4.3,2024-12-31,18
AVG,18.55,14.1,174.78,271.17,,406.15,26.4036,14.3192,26.12,1.5,2024-12-31,7
AVL,9.51,17.67,53.31,688.42,,902.11,48.37,39.86,,,2024-12-31,2
AVONMORE,-127.27,-0.22,13.7,386.59,,558.0,-0.28,-0.31,28.26,2.0,2024-12-31,9
AVROIND,12.11,7.72,6.56,87.28,,94.82,2.9153,1.8295,7.14,2.5,2024-12-31,11
AVTNPL,19.71,21.68,36.73,559.33,,566.6,34.0794,30.7037,7.84,4.3,2024-12-31,19
AWFIS,38.37,10.44,77.22,552.45,,1919.82,121.909,50.118,51.56,0.8,2024-12-31,4
AWHCL,24.08,12.35,260.43,738.88,,1307.46,58.4628,40.3833,18.41,4.0,2024-12-31,17
AWL,5.14,24.28,80.73,10440.72,,12330.32,846.8,748.46,4.67,3.0,2024-12-31,14
AXISCADES,15.05,13.18,171.12,727.54,,923.63,41.2559,30.4339,16.51,4.3,2024-12-31,17
AXITA,-0.47,-8.31,1.7,64.91,,66.08,-1.0817,-1.3724,4.42,2.5,2024-12-31,11
AYMSYNTEX,8.03,9.16,100.41,588.55,,656.04,30.34,15.03,14.5,4.3,2024-12-31,18
AZAD,39.75,8.53,236.74,1528.9,,1897.37,47.894,40.456,34.95,1.0,2024-12-31,5
BAFNAPH,9.76,5.35,40.65,96.15,,118.34,3.2388,1.5831,20.16,4.3,2024-12-31,18
BAGFILMS,15.16,5.04,8.25,171.43,,289.7,4.7171,3.6524,12.3,4.3,2024-12-31,18
BAIDFIN,64.42,10.24,15.03,232.79,,530.66,13.7473,13.5786,25.9,2.0,2024-12-31,9
BAJAJ-AUTO,22.76,19.46,1390.47,38831.99,,57884.83,2915.43,2815.76,9.49,4.0,2024-12-31,18
BAJAJCON,14.43,16.2,57.8,754.98,,771.15,33.8198,31.2341,-1.44,4.0,2024-12-31,17
BAJAJELEC,7.77,14.17,138.15,1594.18,,1810.0,100.21,64.13,1.43,4.3,2024-12-31,18
BAJAJFINSV,38.62,,487.42,77914.53,,,12373.18,12084.68,534.82,4.0,2024-12-31,19
BAJAJHCARE,19.55,11.62,158.33,533.0,,590.73,24.0119,17.1614,-9.84,3.0,2024-12-31,12
BAJAJHFL,91.43,7.05,27.04,22522.79,,126424.68,2239.07,2228.94,,,2024-12-31,2
BAJAJHIND,-1.58,-3.78,16.28,3810.72,,8220.21,-23.34,-77.66,-1.46,4.3,2024-12-31,18
BAJAJHLDNG,100.98,,6572.73,73150.58,,,127.57,119.13,5.93,4.0,2024-12-31,19
BAJAJINDEF,24.08,13.64,84.3,269.77,,276.88,10.7722,9.4423,,,2024-12-31,1
BAJEL,3.55,9.72,64.61,747.57,,777.02,22.0895,18.8796,147.32,1.3,2024-12-31,6
BAJFINANCE,68.57,,183.34,113999.02,,,12367.16,12148.03,28.3,4.0,2024-12-31,19
BALAJEE,12.74,17.62,37.34,304.58,,369.04,18.1688,16.2537,-1.19,0.5,2024-12-31,3
BALAJITELE,-10.64,-7.48,51.22,623.94,,625.58,-9.9191,-11.6968,4.21,4.3,2024-12-31,18
BALAMINES,17.13,7.12,610.0,1976.46,,2340.5,53.5666,41.688,2.43,4.3,2024-12-31,18
BALAXI,10.81,10.84,45.12,249.08,,274.87,7.9254,7.4465,2.66,4.0,2024-12-31,18
BALKRISHNA,-27.2,,,,,,-0.1777,-0.1822,-58.72,4.3,2024-12-31,18
BALKRISIND,30.78,19.42,566.7,10955.29,,12677.34,787.98,615.39,12.04,4.3,2024-12-31,18
BALLARPUR,319.05,,,,,,3.2419,0.7736,-75.14,4.8,2024-12-31,12
BALMLAWRIE,14.68,12.06,120.99,2069.03,,2560.26,92.5454,77.2141,13.68,4.3,2024-12-31,17
BALPHARMA,11.73,19.69,51.65,82.23,,126.31,8.5476,6.2171,2.89,4.3,2024-12-31,19
BALRAMCHIN,10.95,6.44,204.91,4138.11,,5401.51,130.5561,86.9338,-1.83,4.3,2024-12-31,18
BALUFORGE,30.21,18.79,138.66,1594.52,,1626.69,77.2666,76.4193,84.68,0.8,2024-12-31,5
BANARBEADS,22.4,4.94,86.87,57.65,,63.0,1.2847,0.7782,-3.6,4.3,2024-12-31,19
BANARISUG,14.91,9.52,1525.84,1913.4,,2044.71,62.8342,48.6583,0.64,4.3,2024-12-31,18
BANCOINDIA,9.95,9.06,117.75,1684.32,,1926.82,63.61,43.62,9.29,4.3,2024-12-31,18
BANG,2.17,2.85,68.89,93.42,,104.82,1.1039,0.7477,39.22,4.3,2024-12-31,19
BANKA,-2.36,-5.5,,39.56,,58.04,-0.3355,-0.7977,16.91,4.0,2024-12-31,17
BANSALWIRE,6.3,13.14,91.38,1430.67,,1627.32,58.536,53.449,29.15,0.5,2024-12-31,3
BANSWRAS,10.63,11.6,170.86,584.9,,823.9,36.0148,23.8974,11.06,4.3,2024-12-31,18
BARBEQUE,19.64,,,,,,51.417,16.954,3.96,3.8,2024-12-31,17
BARTRONICS,7.89,,,,,,1.084,0.0291,-5.92,2.0,2022-09-30,9
BASF,5.04,13.65,914.26,3957.46,,4160.29,189.56,141.95,11.17,4.3,2024-12-31,18
BASML,9.58,9.63,59.26,473.62,,578.46,20.4096,13.9271,-6.22,4.3,2024-12-31,17
BATAINDIA,21.62,15.39,124.14,1595.6,,2818.51,198.598,108.419,24.02,4.3,2024-12-31,18
BBL,12.04,10.44,1794.86,2028.73,,2187.83,61.85,57.09,34.4,4.3,2024-12-31,19
BBOX,8.1,14.34,72.5,1286.91,,2524.9,121.69,90.54,166.98,3.0,2024-12-31,13
BBTC,137.83,3.94,1009.28,7041.98,,10050.11,100.6163,98.9115,-59.72,4.3,2024-12-31,19
BBTCL,6.03,-5.02,64.4,132.09,,253.32,7.4444,-3.1817,-13.42,2.3,2024-12-31,10
BCG,25.51,13.25,52.37,10571.0,,10586.54,427.0299,350.6081,25.45,4.3,2024-12-31,18
BCLIND,6.35,11.49,30.83,909.94,,1280.93,48.3824,36.7902,16.43,3.8,2024-12-31,16
BCONCEPTS,10.72,11.78,66.26,82.7,,145.0,7.1725,4.269,35.78,3.0,2024-12-31,13
BDL,25.39,9.78,115.7,4240.97,,7915.68,211.2943,193.5935,29.55,4.3,2024-12-31,18
BEARDSELL,9.43,16.96,,91.98,,100.69,6.11,4.27,18.28,4.3,2024-12-31,19
BECTORFOOD,12.58,10.99,41.4,1270.95,,1429.07,57.574,39.273,21.51,4.0,2024-12-31,17
BEDMUTHA,6.0,10.52,47.04,151.78,,436.88,16.4214,11.4944,23.8,4.3,2024-12-31,19
BEL,32.16,27.61,32.82,23988.31,,25277.77,1855.87,1744.94,14.92,4.3,2024-12-31,19
BEML,7.41,4.47,352.24,2933.81,,4144.89,64.8729,46.2826,6.74,4.3,2024-12-31,17
BEPL,16.9,20.44,43.53,1083.22,,1102.27,58.4559,56.3348,-4.24,4.0,2024-12-31,18
BERGEPAINT,16.54,21.53,59.32,6916.16,,7491.38,491.97,403.16,13.41,4.3,2024-12-31,18
BESTAGRO,-2.13,-8.07,21.68,768.77,,827.76,-5.85,-16.71,155.19,0.8,2024-12-31,4
BFINVEST,95.15,0.37,2266.82,8538.65,,9385.3,8.814,8.705,14.13,4.3,2024-12-31,18
BFUTILITIE,-10.37,-0.07,79.9,300.96,,2123.58,-0.1906,-0.3602,-52.52,4.5,2024-12-31,21
BGLOBAL,-993.5,-1.62,53.03,84.01,,96.12,-0.1987,-0.3896,-68.67,3.5,2024-12-31,14
BGRENERGY,-288.72,-45.22,,,,1711.32,-190.7,-193.45,-28.43,4.3,2024-12-31,18
BHAGCHEM,11.3,3.66,53.85,698.32,,874.65,11.6089,8.0031,1.02,3.3,2024-12-31,14
BHAGERIA,14.61,9.41,136.84,597.22,,717.83,24.8963,16.8949,11.85,4.3,2024-12-31,19
BHAGYANGR,2.98,13.04,80.5,257.56,,306.21,11.7373,9.9861,20.2,4.3,2024-12-31,19
BHAGYAPROP,67.22,,,,,,1.425,1.3759,-8.32,2.0,2022-09-30,9
BHANDARI,11.58,10.59,5.51,183.34,,210.1,7.2937,5.5599,0.04,4.3,2024-12-31,17
BHARATFORG,19.07,14.02,200.38,9579.84,,12678.51,662.75,444.501,24.35,4.3,2024-12-31,17
BHARATGEAR,-1.61,-17.5,85.44,131.19,,190.4,-2.29,-8.33,2.44,4.3,2024-12-31,17
BHARATIDIL,11.35,21.85,4.41,22.17,,22.28,1.217,1.217,,,2024-12-31,3
BHARATRAS,19.09,12.94,766.95,1274.74,,1296.22,48.95,41.93,-4.97,4.3,2024-12-31,18
BHARATWIRE,18.02,10.25,118.22,810.83,,923.2,29.1614,23.662,21.83,4.3,2024-12-31,17
BHARTIARTL,67.12,11.5,244.7,149056.6,,377645.9,19085.0,10855.0,2.33,4.3,2024-12-31,18
BHARTIHEXA,48.47,17.04,143.3,7165.2,,13131.0,1091.0,559.5,28.09,0.8,2024-12-31,4
BHEL,5.66,3.14,75.09,26146.6,,43883.43,412.15,344.27,17.27,4.3,2024-12-31,20
BIGBLOC,12.8,4.83,9.71,137.54,,262.11,7.2763,3.1625,25.29,4.3,2024-12-31,19
BIKAJI,9.22,9.49,64.09,1606.99,,1888.54,62.3844,44.8121,7.31,2.3,2024-12-31,11
BIL,7.76,9.22,363.39,487.31,,601.62,20.4086,13.8697,5.87,4.3,2024-12-31,18
BILENERGY,-4497.32,,,,,,-9.8896,-10.915,,,2021-12-31,7
BINANIIND,-34428.57,,,,,,-144.6,-144.62,-90.09,3.0,2024-12-31,20
BINDALAGRO,319.87,,,,,,13.7532,12.7549,-0.99,2.3,2022-12-31,10
BIOCON,21.06,3.06,210.14,34031.8,,49581.4,804.7,379.3,20.25,4.3,2024-12-31,19
BIOFILCHEM,2.33,4.18,13.25,21.56,,22.16,0.3301,0.2314,-2.8,4.3,2024-12-31,19
BIRLACABLE,6.25,7.27,93.63,280.9,,326.86,9.867,5.9429,22.08,4.3,2024-12-31,18
BIRLACORPN,11.67,4.2,956.39,7364.7,,11851.21,263.36,124.3,7.58,4.3,2024-12-31,18
BIRLAMONEY,61.3,17.03,53.13,300.25,,1468.45,64.9948,62.5366,21.41,4.0,2024-12-31,18
BIRLATYRE,128.56,,,,,,7.585,4.8169,-53.43,2.5,2023-03-31,11
BKMINDST,-11178.91,-56.89,,27.18,,36.08,-4.9299,-5.1317,44.91,4.0,2024-12-31,9
BLACKBUCK,-33.97,-12.57,78.21,1421.86,,1475.18,-38.7199,-46.3559,,,2024-12-31,2
BLAL,,,0.27,1.12,,13.02,,,,,2024-12-31,9
BLBLIMITED,-8.4,-18.97,24.65,130.32,,130.54,-6.16,-6.19,-23.29,4.3,2024-12-31,18
BLISSGVS,21.41,11.94,112.76,1192.9,,1256.87,45.0543,37.5036,6.42,4.0,2024-12-31,18
BLKASHYAP,6.27,6.94,23.37,526.76,,693.42,15.1628,12.0336,9.51,4.3,2024-12-31,18
BLS,33.69,19.21,59.86,2463.46,,3142.39,172.7907,150.9433,37.79,4.3,2024-12-31,19
BLSE,16.61,13.43,57.63,522.47,,574.81,21.2039,19.3035,77.92,1.0,2024-12-31,5
BLUEBLENDS,-17.79,-64.58,50.14,5.43,,5.43,-0.4529,-0.8767,95.08,1.0,2021-09-30,5
BLUECHIP,-120.0,,,,,,-0.0024,-0.0024,58.72,3.0,2024-12-31,18
BLUECOAST,,,,,,,,,,,2024-12-31,18
BLUEDART,16.62,21.33,748.83,1776.83,,2435.69,251.19,129.87,14.05,4.3,2024-12-31,20
BLUEJET,43.11,37.49,78.4,1359.91,,1413.7,137.2555,132.5101,56.65,1.3,2024-12-31,6
BLUESTARCO,8.21,21.09,166.9,3431.41,,3709.72,230.62,195.64,30.6,4.3,2024-12-31,18
BODALCHEM,10.68,7.38,91.91,1157.54,,1594.22,46.458,29.427,8.3,4.3,2024-12-31,18
BOHRAIND,,,,73.79,,75.18,,,,,2024-12-31,9
BOMDYEING,25.43,16.9,110.65,2285.22,,2300.38,105.48,97.21,1.8,4.0,2024-12-31,17
BOROLTD,20.92,19.57,74.17,886.92,,1016.45,70.7228,49.7244,23.17,4.3,2024-12-31,17
BORORENEW,7.59,-1.41,107.77,1510.83,,1631.91,20.8893,-5.7565,18.39,4.0,2024-12-31,17
BOROSCI,11.7,6.39,49.61,441.31,,456.3,11.8747,7.2898,-5.16,0.5,2024-12-31,3
BOSCHLTD,16.22,16.51,5033.8,14846.7,,15110.3,724.5,623.7,14.84,4.3,2024-12-31,17
BPCL,6.33,17.5,234.45,100170.26,,143163.61,8073.89,6264.07,16.62,4.3,2024-12-31,18
BPL,5.6,0.38,49.21,241.01,,493.33,1.0816,0.4684,15.23,4.3,2024-12-31,18
BRFL,-290.92,,,,,,-21.15,-36.14,-39.73,2.0,2022-09-30,9
BRIGADE,32.75,12.15,278.84,6820.22,,13273.38,479.46,403.16,54.02,4.3,2024-12-31,18
BRITANNIA,19.7,57.28,212.01,5106.56,,5551.95,870.26,795.06,8.69,4.0,2024-12-31,18
BRNL,384.91,71.06,47.96,402.63,,935.26,183.787,166.1459,96.16,4.3,2024-12-31,17
BROOKS,7.82,3.86,41.64,122.66,,126.36,1.6045,1.2207,-8.0,4.3,2024-12-31,19
BSE,38.58,13.28,164.31,6673.01,,8075.65,298.41,268.12,53.41,4.3,2024-12-31,18
BSELINFRA,,,,,,,,,,,2021-03-31,3
BSHSL,8.34,31.3,12.48,131.01,,133.58,10.667,10.4531,59.35,4.3,2024-12-31,19
BSL,9.64,17.4,116.51,119.91,,273.21,16.3687,11.8867,14.83,4.3,2024-12-31,18
BSOFT,13.52,14.97,147.17,4113.07,,4354.06,184.193,162.932,11.51,4.3,2024-12-31,20
BTML,19.31,14.32,4.57,82.96,,88.66,3.2579,3.1739,-13.97,1.8,2024-12-31,8
BURGERKING,12.86,,,,,,36.001,1.607,71.57,1.0,2021-12-31,5
BURNPUR,-700.06,,,,,,-3.543,-3.538,-66.34,3.5,2024-12-31,18
BUTTERFLY,7.63,13.35,208.2,372.26,,378.89,18.1673,12.6456,-4.44,4.3,2024-12-31,19
BVCL,11.09,12.77,56.56,125.33,,143.82,6.0689,4.5922,13.79,4.3,2024-12-31,18
BYKE,40.12,4.41,44.28,231.47,,312.67,10.4781,3.4475,16.06,4.3,2024-12-31,18
CADILAHC,22.25,,,,,,813.3,630.1,-3.47,1.3,2021-12-31,6
CALSOFT,31.95,2.67,6.67,41.27,,41.27,0.4188,0.2759,34.55,4.0,2024-12-31,18
CAMLINFINE,11.56,10.57,54.19,1040.88,,1349.48,50.1257,35.6458,29.01,4.3,2024-12-31,18
CAMPUS,16.68,24.44,29.66,906.25,,1095.71,85.87,66.94,14.76,2.8,2024-12-31,12
CAMS,50.4,44.22,53.27,1321.12,,1437.63,175.1698,158.9363,20.69,3.5,2024-12-31,15
CANDC,,,,,,,,,,,2024-12-31,1
CANFINHOME,92.08,,449.13,5980.4,,,908.0451,904.7154,18.35,4.0,2024-12-31,18
CANTABIL,33.44,21.97,57.15,478.02,,992.39,74.543,54.5112,43.15,4.3,2024-12-31,18
CAPACITE,17.02,13.38,225.62,1908.85,,2265.58,100.5185,75.7872,32.01,4.3,2024-12-31,18
CAPLIPOINT,57.34,10.95,471.82,3586.42,,3659.54,106.22,100.21,-8.33,4.3,2024-12-31,18
CAPTRUST,22.37,19.56,18.15,61.49,,111.1,5.5455,5.4319,-1.2,4.3,2024-12-31,18
CARBORUNIV,7.11,3.47,204.72,3899.82,,4225.89,89.24,36.64,15.04,4.3,2024-12-31,19
CAREERP,68.15,,,,,,18.2966,17.3443,14.56,4.3,2024-12-31,19
CARERATING,43.87,15.92,310.33,932.45,,987.05,42.2801,39.279,5.79,4.3,2024-12-31,17
CARRARO,8.12,13.45,99.31,564.59,,745.03,36.4535,25.0558,,,2024-12-31,1
CARTRADE,37.91,8.18,518.69,2483.39,,2751.64,66.8047,56.2933,28.7,3.3,2024-12-31,14
CARYSIL,16.3,14.05,213.91,608.42,,680.5,33.11,23.91,21.39,2.0,2024-12-31,9
CASTEXTECH,-4.24,,,,,,-3.69,-120.83,14.24,0.7,2021-06-30,5
CASTROLIND,29.47,75.23,19.21,1900.3,,1986.62,399.03,373.61,10.57,4.3,2024-12-31,18
CCCL,18.81,12.36,6.24,278.79,,293.53,9.6355,9.0731,-3.21,4.3,2024-12-31,18
CCHHL,22.12,-0.5,18.24,298.24,,449.27,2.5275,-0.5655,-2.18,4.3,2024-12-31,19
CCL,16.77,14.42,176.02,2344.55,,2840.46,127.2194,102.4225,26.49,4.0,2024-12-31,18
CDSL,65.64,26.26,93.77,1959.78,,2048.09,145.0505,134.4634,30.66,4.3,2024-12-31,19
CEATLTD,10.43,10.83,1250.81,5046.01,,7489.03,344.33,202.84,12.79,4.3,2024-12-31,19
CEBBCO,8.9,,,,,,32.2753,26.3708,201.73,1.5,2022-03-31,7
CEIGALL,14.16,13.72,122.74,2138.14,,2962.04,114.722,101.577,1.97,0.5,2024-12-31,3
CELEBRITY,-0.81,-30.03,1.49,9.62,,25.04,-0.31,-1.88,-9.07,4.3,2024-12-31,18
CELESTIAL,-76.9,,,,,,-0.0283,-0.0337,-26.49,1.8,2023-12-31,8
CELLO,25.08,18.22,122.28,2700.95,,2735.31,139.673,124.6074,10.92,1.3,2024-12-31,7
CENTENKA,6.99,4.92,684.57,1495.85,,1633.94,34.47,20.11,14.69,4.3,2024-12-31,18
CENTEXT,6.28,25.3,10.36,82.9,,89.16,6.5,5.64,18.08,4.3,2024-12-31,19
CENTRUM,39.07,5.94,6.57,311.66,,21267.64,342.8547,315.9319,174.87,4.3,2024-12-31,18
CENTUM,0.84,-9.89,232.83,343.21,,332.03,2.354,-8.211,7.72,4.3,2024-12-31,18
CENTURYPLY,11.56,12.09,117.47,2609.89,,3235.64,131.8284,97.8312,20.17,4.3,2024-12-31,17
CENTURYTEX,10.87,,,,,,124.89,70.25,12.15,3.5,2024-06-30,16
CERA,16.19,15.8,1141.97,1472.34,,1592.17,73.2548,62.9042,8.16,4.3,2024-12-31,18
CEREBRAINT,-156.2,-74.11,7.69,93.16,,91.06,-16.772,-16.8714,-7.29,4.3,2024-12-31,18
CESC,28.25,7.81,94.53,12530.0,,35886.0,1006.0,701.0,4.2,4.3,2024-12-31,18
CESCVENT,12.41,,,,,,161.41,99.06,,,2020-09-30,1
CEWATER,4.6,0.35,276.17,571.57,,603.02,0.532,0.527,,,2024-12-31,2
CGCL,64.37,6.22,74.87,7203.48,,32334.11,528.365,502.857,41.64,4.3,2024-12-31,18
CGPOWER,14.49,15.88,50.61,7970.48,,8467.83,364.64,336.24,36.8,4.3,2024-12-31,19
CHALET,46.17,10.87,168.85,3697.79,,6021.99,211.355,163.647,61.99,4.3,2024-12-31,20
CHAMBLFERT,17.13,25.64,259.78,10407.95,,11847.14,842.56,759.53,5.06,4.3,2024-12-31,17
CHEMBOND,14.43,39.23,124.14,166.94,,168.01,18.2034,16.4759,81.71,4.3,2024-12-31,20
CHEMCON,28.12,10.29,131.89,483.14,,489.47,15.2972,12.5889,-2.86,4.3,2024-12-31,18
CHEMFAB,20.08,6.38,261.17,375.41,,463.39,15.9051,7.3904,17.08,4.3,2024-12-31,17
CHEMPLASTS,4.05,-0.5,110.98,1754.63,,3377.43,42.86,-4.19,23.34,3.3,2024-12-31,14
CHENNPETRO,1.57,2.91,746.03,11109.21,,12808.38,246.3,93.28,8.16,4.0,2024-12-31,18
CHEVIOT,7.02,3.24,1208.23,705.85,,730.09,7.584,5.9207,-11.35,2.5,2024-12-31,11
CHOICEIN,29.47,10.46,75.03,1671.51,,2280.55,61.6943,59.6094,38.82,2.8,2024-12-31,12
CHOLAFIN,71.27,,357.48,30458.4,,,4798.66,4739.51,27.84,4.0,2024-12-31,19
CHOLAHLDNG,56.8,7.73,823.01,15454.15,,245893.57,4821.41,4749.06,23.17,4.3,2024-12-31,18
CHROMATIC,-459.78,,,,,,-0.7361,-0.8003,,,2020-12-31,2
CIEINDIA,15.78,12.27,196.62,7459.14,,8217.65,332.847,251.976,-6.12,1.5,2024-12-31,8
CIGNITITEC,24.01,,,,,,64.9297,58.3871,4.84,4.3,2024-12-31,17
CINELINE,23.97,12.44,45.2,154.89,,268.76,15.1721,8.3574,83.5,4.3,2024-12-31,18
CINEVISTA,-4752.27,-7.18,9.86,56.62,,71.91,-1.2546,-1.2905,-38.45,4.3,2024-12-31,17
CIPLA,31.25,21.77,426.25,34431.95,,35482.39,2210.53,1930.73,8.3,4.3,2024-12-31,18
CLEAN,43.07,21.11,149.02,1583.77,,1617.61,103.712,85.383,15.28,3.5,2024-12-31,15
CLEDUCATE,0.95,-2.94,46.65,252.97,,483.85,0.6708,-3.5518,29.72,4.3,2024-12-31,18
CLNINDIA,7.7,,,,,,13.73,8.64,-0.64,2.3,2022-12-31,10
CLSEL,10.7,17.71,168.56,838.2,,914.01,42.2873,40.4583,16.12,3.8,2024-12-31,16
CMICABLES,-0.31,,,,,,-0.0269,-2.0744,-38.55,3.5,2024-03-31,15
CMSINFO,28.62,16.82,147.74,2432.34,,2626.26,149.365,110.411,12.94,3.0,2024-12-31,14
CNOVAPETRO,10.57,,,,,,5.935,4.9171,,,2020-12-31,2
COALINDIA,40.42,21.92,193.26,119101.56,,218009.16,14460.44,11946.97,13.16,4.3,2024-12-31,19
COASTCORP,6.5,8.47,42.36,283.69,,417.73,11.9297,8.8487,11.69,3.3,2024-12-31,13
COCHINSHIP,24.77,15.43,223.23,5872.76,,6549.46,284.2306,252.71,14.0,4.3,2024-12-31,18
COFFEEDAY,16.4,1.58,132.26,2794.09,,3568.4,46.0,14.13,186.84,4.0,2024-12-31,18
COFORGE,13.69,5.55,284.02,9537.6,,11212.0,196.1,155.5,28.21,4.3,2024-12-31,20
COLPAL,32.48,104.16,58.24,1584.11,,1665.18,474.76,433.63,4.37,4.0,2024-12-31,19
COMPINFO,2.62,,,,,,30.5965,29.8292,3.16,2.3,2022-12-31,10
COMPUSOFT,42.02,3.44,17.96,142.14,,168.58,2.9129,1.4512,13.22,4.3,2024-12-31,19
COMSYN,11.07,12.71,44.0,177.51,,218.38,9.5758,6.9389,24.33,1.0,2024-12-31,5
CONCOR,25.39,13.61,169.93,12942.35,,13961.05,560.67,475.18,9.36,4.3,2024-12-31,19
CONCORDBIO,46.14,19.25,192.81,2017.06,,2065.65,112.6814,99.4174,16.19,1.5,2024-12-31,7
CONFIPET,14.72,10.65,42.69,1418.48,,2092.31,102.61,55.71,38.66,4.3,2024-12-31,19
CONSOFINVT,121.19,6.04,321.23,1038.41,,1136.95,17.16,17.16,69.02,4.3,2024-12-31,16
CONTROLPR,16.9,11.34,283.14,452.85,,468.29,17.4672,13.2734,16.98,4.3,2024-12-31,19
CORALFINAC,77.5,5.15,51.4,207.17,,219.89,2.8546,2.8336,-3.54,4.3,2024-12-31,18
CORDSCABLE,6.58,19.53,156.04,201.73,,234.41,13.52,11.4433,23.61,4.3,2024-12-31,20
COROMANDEL,12.05,21.79,426.42,12557.89,,14037.99,835.44,764.69,10.07,4.3,2024-12-31,19
COSMOFILMS,20.05,,,,,,164.62,146.33,29.13,1.5,2022-03-31,7
COSMOFIRST,12.28,7.74,622.78,1616.62,,3151.86,86.01,61.0,-4.72,2.5,2024-12-31,11
COUNCODOS,5.38,3.47,3.31,25.69,,25.69,0.2634,0.223,21.34,4.3,2024-12-31,19
COX&KINGS,-478087.5,,,,,,-382.47,-383.8,-99.0,1.0,2021-03-31,8
CRAFTSMAN,12.23,6.04,1368.23,3264.06,,5913.41,192.78,89.3,33.21,3.8,2024-12-31,17
CREATIVE,3.6,,,,,,23.7158,23.423,51.15,4.3,2024-12-31,17
CREATIVEYE,55.23,18.12,7.35,14.74,,14.87,0.6904,0.6735,-4.88,4.0,2024-12-31,17
CREDITACC,26.19,7.41,489.54,7842.25,,18674.97,361.47,345.94,22.82,4.3,2024-12-31,18
CREST,54.77,4.8,462.39,1307.03,,1919.5,24.0893,23.0189,31.88,4.3,2024-12-31,18
CRISIL,34.76,34.62,414.8,3033.44,,3425.64,317.31,296.49,40.32,4.0,2024-12-31,19
CROMPTON,11.28,17.22,46.07,2966.3,,3755.25,199.6,161.66,9.28,4.3,2024-12-31,20
CROWN,68.93,13.41,,77.38,,130.49,6.0001,4.3735,42.29,3.0,2024-12-31,12
CSLFINANCE,75.27,10.71,276.41,621.57,,1485.05,40.1869,39.7481,34.52,2.3,2024-12-31,11
CTE,14.3,5.42,41.75,80.37,,141.81,2.3907,1.9207,-6.33,4.3,2024-12-31,18
CUBEXTUB,4.6,13.68,58.18,83.31,,89.01,3.3472,3.0441,33.96,4.3,2024-12-31,18
CUMMINSIND,22.9,29.77,305.74,8475.16,,8864.51,708.96,659.68,25.72,4.3,2024-12-31,18
CUPID,34.07,12.33,3.35,450.81,,470.63,15.7938,14.502,11.25,4.3,2024-12-31,18
CURATECH,,,6.44,6.38,,12.46,,,,,2024-12-31,5
CYBERMEDIA,-36.08,-225.8,,,,15.34,-8.5827,-8.6596,98.01,4.3,2024-12-31,18
CYBERTECH,22.63,22.22,68.2,212.3,,221.03,13.2572,12.2793,19.57,4.3,2024-12-31,19
CYIENT,19.49,5.8,514.32,5681.9,,6731.2,119.4,97.6,-12.49,4.0,2024-12-31,19
CYIENTDLM,10.62,10.76,127.53,1012.11,,1150.61,37.954,30.958,60.86,1.5,2024-12-31,8
DAAWAT,12.62,,,,,,224.4192,188.8664,15.09,2.7,2023-06-30,12
DABUR,24.14,22.92,64.38,11419.52,,12240.83,809.92,701.28,14.3,4.3,2024-12-31,18
DALALSTCOM,35.17,,,,,,0.4707,0.4565,999.0,1.0,2021-12-31,6
DALBHARAT,27.87,0.22,958.54,17979.0,,27638.0,17.0,15.0,-57.88,4.3,2024-12-31,20
DALMIASUG,14.32,8.55,400.6,3242.42,,3980.68,120.44,85.11,3.74,4.3,2024-12-31,19
DAMCAPITAL,68.23,62.1,46.96,331.91,,448.79,70.95,69.67,,,2024-12-31,1
DAMODARIND,10.6,15.47,63.46,147.87,,197.74,12.7422,7.6456,-2.11,4.3,2024-12-31,18
DANGEE,22.23,7.62,0.94,14.43,,30.91,1.6868,0.5887,13.41,4.0,2024-12-31,19
DATAMATICS,23.52,20.17,261.21,1543.93,,1790.21,100.08,90.26,9.83,4.3,2024-12-31,17
DATAPATTNS,55.88,13.85,310.08,1735.97,,1788.78,65.4,61.93,-12.78,2.8,2024-12-31,13
DAVANGERE,25.45,10.47,3.53,504.81,,596.43,18.6224,15.6176,-6.54,1.0,2024-12-31,6
DBCORP,29.59,23.98,136.26,2428.81,,2765.37,190.163,165.754,6.78,4.0,2024-12-31,18
DBEIL,23.91,19.65,91.79,427.58,,605.89,31.2191,29.766,,,2024-12-31,2
DBL,23.72,16.4,420.4,6829.11,,12892.69,614.3918,528.5128,4.06,4.3,2024-12-31,17
DBOL,2.03,-0.02,156.05,1026.64,,1309.9,14.6,-0.07,13.38,2.3,2024-12-31,11
DBREALTY,8.29,1.23,75.44,4091.71,,4434.92,27.3287,13.6068,141.43,4.3,2024-12-31,19
DBSTOCKBRO,17.69,6.69,21.63,75.7,,78.04,1.619,1.3052,20.35,4.3,2024-12-31,19
DCAL,21.66,3.16,425.87,6676.9,,9606.26,147.8,75.83,10.9,4.3,2024-12-31,18
DCI,5.46,26.39,65.73,107.79,,108.73,7.3258,7.1748,19.8,2.3,2024-12-31,9
DCM,1174.07,14.15,24.97,46.64,,68.96,3.17,2.44,56.69,4.3,2024-12-31,18
DCMFINSERV,,,,,,,,,,,2024-12-31,18
DCMNVL,4.1,3.4,175.71,328.19,,411.35,10.92,3.5,14.37,4.3,2024-12-31,19
DCMSHRIRAM,15.26,16.47,498.06,7711.97,,10402.26,537.08,428.29,12.99,4.0,2024-12-31,18
DCMSRIND,10.72,35.09,41.93,364.78,,488.58,52.85,42.86,-1.73,3.0,2024-12-31,13
DCW,13.03,10.6,36.42,1074.81,,1376.8,61.7722,36.4822,8.29,4.3,2024-12-31,19
DCXINDIA,10.59,4.65,135.84,1513.02,,1517.49,21.173,17.653,6.41,2.3,2024-12-31,10
DDEVPLSTIK,11.29,27.09,97.93,1013.3,,1046.62,74.6237,70.8708,,,2024-12-31,1
DECCANCE,10.44,1.45,535.92,750.66,,1373.69,12.0526,4.9859,-11.92,4.3,2024-12-31,18
DEEDEV,2.95,-2.87,128.55,890.39,,1054.48,4.7738,-7.5779,-41.7,0.8,2024-12-31,5
DEEPAKFERT,19.34,13.24,542.2,6844.57,,12061.37,498.68,399.16,50.33,4.3,2024-12-31,19
DEEPAKNTR,8.97,1.34,427.94,5836.83,,7401.94,49.47,24.8,16.69,4.3,2024-12-31,19
DEEPENR,-9.6,,,,,,-0.0907,-0.2012,21.15,3.7,2024-06-30,14
DEEPINDS,48.61,11.36,312.37,1999.16,,2282.07,75.266,64.8164,28.41,3.8,2024-12-31,16
DELHIVERY,8.46,2.19,129.4,9686.95,,10854.03,201.086,59.355,13.5,2.8,2024-12-31,12
DELPHIFX,-66.17,-17.89,13.31,326.55,,197.3,-8.3235,-8.8253,-7.55,3.3,2024-12-31,13
DELTACORP,23.04,5.27,84.09,2251.69,,2340.38,44.78,30.82,46.45,4.3,2024-12-31,20
DELTAMAGNT,2.16,-19.13,2.13,2.31,,10.45,0.3271,-0.4997,-11.64,4.3,2024-12-31,17
DEN,31.74,5.84,79.39,3784.81,,3858.98,82.751,56.33,-6.57,4.0,2024-12-31,19
DENORA,-56.3,-31.83,243.62,129.34,,129.74,-9.8855,-10.3247,27.63,4.3,2024-12-31,18
DENTA,37.7,16.7,171.91,458.99,,460.41,19.3578,19.2275,,,2024-12-31,1
DEVIT,7.21,8.51,19.4,109.34,,128.72,3.4405,2.7373,16.14,2.8,2024-12-31,12
DEVYANI,17.18,5.95,12.51,1541.82,,5078.54,222.353,75.597,32.67,3.3,2024-12-31,14
DFMFOODS,-2.72,,,,,,-4.1,-7.71,2.89,2.3,2022-12-31,10
DGCONTENT,-40.54,-0.4,6.36,36.93,,149.95,-0.15,-0.15,10.13,4.0,2024-12-31,19
DHAMPURSUG,8.23,8.67,186.19,1197.36,,1469.05,48.32,31.85,-10.83,4.3,2024-12-31,18
DHANI,0.37,,,,,,0.0198,-0.0113,-62.94,4.3,2024-12-31,18
DHANUKA,18.54,16.06,373.1,1681.88,,1731.44,82.5708,69.511,0.15,4.3,2024-12-31,19
DHARAMSI,13.79,,,,,,15.641,12.3164,,,2022-06-30,3
DHARMAJ,5.42,3.76,132.86,449.04,,510.32,9.458,4.799,31.38,2.0,2024-12-31,9
DHARSUGAR,-8378.58,-42.72,,,,174.4,-13.1041,-18.628,-60.76,4.0,2024-12-31,21
DHFL,15.02,,,,,,305.57,285.15,,,2021-03-31,2
DHRUV,20.32,16.25,38.07,72.21,,81.58,4.4688,3.3137,2.33,3.0,2024-12-31,13
DHUNINV,58.48,5.58,4498.06,2742.47,,5047.9,81.0576,70.4222,41.65,4.3,2024-12-31,18
DIACABS,5.21,2.34,,,,1889.65,16.0276,11.0474,209.53,1.3,2024-12-31,7
DIAMINESQ,13.05,3.51,156.67,157.5,,160.26,2.2845,1.4052,-9.78,1.3,2024-12-31,6
DIAMONDYD,-8.34,-28.88,292.7,699.68,,756.27,-37.1013,-54.612,7.52,4.3,2024-12-31,17
DIAPOWER,15.4,,,,,,11.4674,6.746,,,2023-06-30,4
DICIND,6.75,9.24,466.99,428.65,,435.28,14.7995,10.0581,8.78,4.3,2024-12-31,18
DIFFNKG,11.6,7.26,109.1,405.05,,411.78,8.5318,7.4778,6.99,0.5,2024-12-31,3
DIGIDRIVE,9.31,1.64,70.67,271.87,,302.19,1.34,1.24,8.91,1.0,2024-12-31,5
DIGISPICE,-3.31,-8.07,11.26,234.66,,254.07,-3.6082,-5.1231,-11.14,4.0,2024-12-31,19
DIGJAMLMTD,41.22,26.11,2.21,4.42,,31.5,2.2062,2.0561,-14.39,3.3,2024-12-31,14
DIGJAMLTD,-94.86,-51.94,2.21,4.42,,31.5,-3.51,-4.09,999.0,0.7,2021-06-30,4
DIL,-29.61,,,,,,-0.2049,-0.2049,-76.43,2.8,2024-12-31,11
DISHTV,35.3,,,,,,131.69,24.51,-17.53,4.3,2024-12-31,18
DIVGIITTS,25.82,4.49,207.78,635.46,,642.13,13.559,7.201,-17.34,1.8,2024-12-31,8
DIVISLAB,36.09,16.23,631.37,16761.0,,17990.0,829.0,730.0,6.86,4.3,2024-12-31,18
DIXON,3.8,19.95,769.16,4676.67,,6463.35,397.02,322.42,54.62,4.3,2024-12-31,19
DJML,21.54,9.7,26.27,90.3,,112.37,4.3976,2.7246,39.14,2.0,2024-12-31,9
DLF,20.04,2.17,183.71,45473.37,,49273.78,306.36,267.62,-1.21,4.3,2024-12-31,20
DLINKINDIA,11.22,27.46,142.43,505.69,,515.12,36.9823,35.3633,14.81,4.3,2024-12-31,18
DMART,8.17,16.59,375.24,24464.04,,25742.0,1271.66,1067.79,21.08,4.0,2024-12-31,19
DMCC,15.35,19.25,99.51,248.18,,288.12,18.1193,13.8673,5.46,2.3,2024-12-31,10
DNAMEDIA,169.28,6.15,,,,186.43,2.899,2.8655,50.71,4.5,2024-12-31,20
DODLA,13.98,21.53,277.5,1674.08,,1782.3,112.202,95.933,11.66,3.8,2024-12-31,18
DOLATALGO,54.47,22.54,64.22,1130.32,,1136.55,64.6596,64.031,36.19,1.0,2024-12-31,5
DOLLAR,11.33,13.24,167.26,948.66,,1008.24,42.8241,33.3832,9.54,4.3,2024-12-31,18
DOLPHIN,59.05,12.04,88.35,353.43,,556.64,16.8297,16.7611,716.74,1.3,2024-12-31,6
DOLPHINOFF,123.68,,,,,,0.8534,0.5173,,,2023-06-30,2
DOMS,18.77,21.59,200.98,1219.73,,1417.95,94.0731,76.5382,34.77,1.0,2024-12-31,5
DONEAR,10.91,29.73,53.25,276.88,,313.83,26.9766,23.3278,35.27,4.3,2024-12-31,18
DPABHUSHAN,5.15,33.04,277.12,632.61,,651.83,55.7979,53.8422,27.19,4.0,2024-12-31,18
DPSCLTD,8.63,1.51,9.08,884.19,,1281.78,13.7251,4.8274,5.45,4.3,2024-12-31,18
DPWIRES,5.35,10.97,171.61,266.02,,266.64,8.2649,7.3097,14.64,4.3,2024-12-31,17
DQE,,,,,,,,,,,2023-03-31,3
DRCSYSTEMS,17.07,4.46,7.81,112.55,,114.49,1.781,1.277,36.96,4.0,2024-12-31,18
DREAMFOLKS,7.62,29.84,58.9,313.78,,334.35,25.928,24.942,35.59,2.3,2024-12-31,10
DREDGECORP,20.96,5.63,439.41,1230.35,,2060.06,68.0098,29.0082,25.06,4.3,2024-12-31,18
DRREDDY,28.47,11.29,452.82,37706.3,,41178.0,1427.8,1162.7,0.49,4.3,2024-12-31,20
DSKULKARNI,,,,,,492.56,,,,,2024-12-31,18
DSSL,9.71,25.81,247.37,315.08,,435.47,30.1852,28.0982,32.76,4.3,2024-12-31,19
DTIL,2.5,-0.78,503.94,529.49,,761.28,3.0607,-1.4805,-4.35,4.3,2024-12-31,19
DUCON,6.73,17.46,5.11,166.05,,172.06,7.533,7.5084,4.99,4.3,2024-12-31,19
DVL,84.45,5.05,938.64,3287.58,,4694.68,60.0588,59.2885,43.81,4.3,2024-12-31,18
DWARKESH,9.88,7.6,44.72,828.71,,972.03,30.8903,18.4785,-6.57,4.3,2024-12-31,20
DYCL,10.99,21.25,94.36,457.24,,466.62,27.6334,24.7857,20.4,2.5,2024-12-31,12
DYNAMATECH,12.37,7.49,1168.49,793.52,,1179.34,39.01,22.07,2.18,4.3,2024-12-31,19
DYNPRO,13.56,13.28,197.43,245.37,,265.1,12.9541,8.8046,16.1,4.3,2024-12-31,18
E2E,89.88,4.29,82.04,1685.05,,1822.76,37.3932,19.5699,47.87,2.8,2024-12-31,12
EASEMYTRIP,33.9,20.52,2.2,801.34,,933.54,51.037,47.883,29.27,3.8,2024-12-31,16
EASTSILK,9.86,-0.52,71.66,35.83,,113.17,0.4412,-0.148,-31.97,4.3,2024-12-31,19
EASTSUGIND,-475122.52,,,,,,-52.7386,-52.7386,,,2024-06-30,12
EBIXFOREX,44.79,,,,,,7.9702,7.6473,-67.38,0.7,2021-06-30,5
ECLERX,23.07,15.93,274.86,2561.4,,2990.24,140.422,119.108,13.09,4.3,2024-12-31,18
ECOSMOBLTY,13.77,25.05,44.16,264.94,,278.5,23.161,17.444,27.46,0.5,2024-12-31,3
EDELWEISS,120.04,,48.84,4623.12,,,126.27,126.21,25.1,4.3,2024-12-31,17
EDUCOMP,-2505.1,,,,,,-20.3214,-20.5367,-37.6,7.5,2024-12-31,24
EICHERMOT,29.96,19.32,915.02,25100.15,,27139.58,1489.97,1310.7,22.02,4.3,2024-12-31,18
EIDPARRY,-11.34,-3.53,492.83,8766.12,,16046.56,-96.11,-141.54,93.26,4.3,2024-12-31,17
EIEL,23.95,15.05,70.23,1232.71,,1508.45,59.2769,56.7571,,,2024-12-31,2
EIFFL,7.91,12.38,31.07,77.06,,99.52,3.78,3.08,15.61,3.0,2024-12-31,13
EIHAHOTELS,43.53,33.01,98.86,602.41,,649.84,57.9019,53.6312,71.72,4.3,2024-12-31,18
EIHOTEL,48.2,23.53,84.15,5262.28,,5976.07,385.69,351.52,76.23,4.3,2024-12-31,19
EIMCOELECO,23.18,7.1,810.52,467.51,,476.36,10.6272,8.4516,7.67,4.3,2024-12-31,19
EKC,11.52,7.86,124.76,1399.91,,1618.81,42.27,31.82,16.47,4.3,2024-12-31,18
ELDEHSG,26.88,6.99,406.41,399.62,,521.26,9.3162,9.1147,6.79,2.8,2024-12-31,11
ELECON,29.92,22.23,102.76,2305.83,,2567.84,158.22,142.68,17.79,4.3,2024-12-31,18
ELECTCAST,16.56,14.47,95.82,5923.32,,7114.52,294.1328,257.3956,22.48,4.3,2024-12-31,19
ELECTHERM,10.26,,,,,,110.94,100.26,17.22,4.3,2024-12-31,18
ELGIEQUIP,15.67,19.44,70.8,2231.9,,2349.6,132.777,114.17,14.29,4.3,2024-12-31,19
ELGIRUBCO,9.49,11.01,15.12,75.69,,167.65,8.6831,4.6136,20.94,4.3,2024-12-31,18
ELIN,4.53,3.59,111.95,556.5,,572.39,10.18,5.135,14.74,2.0,2024-12-31,9
EMAMILTD,38.5,39.8,66.99,2923.98,,2998.2,338.3,298.32,8.74,4.3,2024-12-31,17
EMAMIPAP,6.75,6.04,81.94,495.74,,1159.19,30.68,17.51,11.57,4.3,2024-12-31,17
EMAMIREAL,6.99,2.63,,,,559.05,4.0,3.67,68.34,4.3,2024-12-31,19
EMBDL,12.24,0.82,70.99,9867.93,,15523.93,34.08,31.9,-48.02,0.5,2024-12-31,3
EMCO,-1337.83,,,,,,-23.804,-13.5862,-59.37,1.0,2021-03-31,5
EMCURE,18.27,18.36,261.09,4950.03,,5700.24,358.503,261.697,16.78,0.5,2024-12-31,3
EMIL,5.38,9.97,42.26,1626.13,,2875.3,101.411,71.656,20.95,2.3,2024-12-31,10
EMKAY,20.94,3.51,145.35,380.67,,1488.63,16.0129,13.0706,15.28,4.3,2024-12-31,19
EMMBI,9.57,10.46,103.46,199.06,,262.83,9.8439,6.8754,10.54,4.3,2024-12-31,17
EMSLIMITED,30.05,24.27,190.06,1055.41,,1172.66,73.7192,71.1544,12.96,1.3,2024-12-31,6
EMUDHRA,18.85,1.83,111.05,911.13,,1055.63,8.6898,4.8307,4.28,2.8,2024-12-31,13
ENDURANCE,13.8,12.61,486.33,6840.82,,8183.75,394.48,258.087,11.94,4.3,2024-12-31,18
ENERGYDEV,-886.59,-384.48,0.82,3.91,,77.15,-71.5716,-74.1557,7.19,4.3,2024-12-31,19
ENGINERSIN,17.78,15.85,55.97,3145.73,,3192.63,135.9694,126.4686,2.36,4.3,2024-12-31,18
ENIL,23.32,6.88,159.0,757.97,,915.65,37.0508,15.7469,32.28,4.3,2024-12-31,18
ENTERO,4.23,9.82,388.09,1688.61,,2012.69,57.51,49.411,36.82,1.0,2024-12-31,5
EPACK,7.69,5.68,99.8,960.33,,1187.94,28.9738,16.8619,34.96,1.0,2024-12-31,6
EPIGRAL,28.88,21.96,514.92,2221.43,,2794.88,186.37,153.46,27.0,1.3,2024-12-31,7
EPL,21.13,14.45,89.23,2857.7,,3543.5,214.3,128.0,6.69,4.3,2024-12-31,19
EQUIPPP,-13.53,-2.0,0.91,9.39,,26.81,-0.068,-0.1339,-7.57,2.3,2024-12-31,13
EQUITAS,73.31,,,,,,3.1562,3.1334,-90.55,2.3,2022-12-31,10
ERIS,34.99,13.11,281.69,3902.67,,5288.41,254.528,173.33,22.84,4.3,2024-12-31,19
EROSMEDIA,-463.66,-110.55,77.56,743.87,,990.78,-272.82,-273.83,20.18,3.5,2024-03-31,15
ESABINDIA,17.34,48.14,278.94,429.38,,453.94,58.51,54.63,18.17,4.3,2024-12-31,17
ESCORTS,15.14,12.07,1124.53,12372.83,,12703.86,444.47,383.23,14.56,4.3,2024-12-31,18
ESSARSHPNG,1437.18,,,,,,73.44,73.25,-53.46,4.3,2024-12-31,18
ESSENTIA,2.76,5.43,1.5,169.92,,176.28,3.437,2.3933,39.13,2.8,2024-12-31,12
ESTER,18.79,15.26,80.21,782.73,,1252.84,64.9273,47.796,7.86,4.3,2024-12-31,18
ETHOSLTD,16.97,9.53,556.07,1487.92,,1932.17,62.7742,46.0265,35.97,2.8,2024-12-31,10
EUREKAFORB,10.64,3.43,237.69,4599.17,,5651.03,63.5756,48.4988,,,2024-12-31,2
EUROMULTI,-330010.0,,,,,,-3.3001,-6.1943,-61.09,1.7,2022-09-30,8
EUROTEXIND,-803.13,,,,,,-0.0257,-0.6576,-81.89,4.3,2024-12-31,17
EVEREADY,8.85,11.56,85.7,622.94,,778.93,29.52,22.52,-2.58,4.3,2024-12-31,18
EVERESTIND,-1.16,-7.73,311.88,494.51,,696.24,-4.3032,-13.4557,7.46,4.3,2024-12-31,18
EXCEL,19.81,,,,,,1.0113,0.9558,93.26,4.3,2024-12-31,20
EXCELINDUS,8.77,1.85,1354.71,1703.01,,1879.81,17.2213,8.6927,1.58,4.3,2024-12-31,17
EXICOM,-12.67,-13.16,46.83,651.29,,1086.12,-24.9178,-35.7382,-24.64,1.0,2024-12-31,5
EXIDEIND,10.89,7.57,163.59,13904.85,,15438.46,437.31,292.28,0.03,4.3,2024-12-31,20
EXPLEOSOL,16.07,14.5,500.2,776.31,,800.74,41.397,29.027,34.25,4.3,2024-12-31,18
EXXARO,8.31,5.31,6.25,279.71,,313.45,6.5669,4.1589,-3.58,3.3,2024-12-31,14
FACT,9.33,20.73,20.87,1350.33,,1476.23,88.54,76.49,-2.27,4.3,2024-12-31,18
FAIRCHEMOR,7.32,7.87,208.83,263.04,,286.72,8.3087,5.6423,1.46,4.0,2024-12-31,18
FAZE3Q,12.3,12.42,186.35,452.3,,505.44,21.92,15.7,15.73,2.0,2024-12-31,9
FCL,31.19,15.38,7.58,882.43,,953.91,39.2789,36.6894,40.19,4.3,2024-12-31,19
FCONSUMER,4.08,,,,,,4.6436,0.6013,10.19,4.3,2024-12-31,18
FCSSOFT,37.09,2.65,2.43,416.26,,435.65,3.4316,2.8901,1.02,4.3,2024-12-31,18
FDC,14.11,8.16,152.64,2485.11,,2554.89,65.4813,52.126,5.11,4.3,2024-12-31,18
FEDDERELEC,6.28,,,,,,5.57,4.88,108.65,2.5,2024-12-31,11
FEDFINA,48.61,5.84,78.19,2926.1,,16865.68,259.13,246.3,27.06,1.3,2024-12-31,7
FEL,-375.03,,,,,,-1205.81,-1332.69,58.43,1.5,2022-03-31,8
FELDVR,-350.68,,,,,,-1661.63,-1808.6,58.43,1.5,2022-03-31,8
FIBERWEB,21.92,9.59,64.73,186.36,,186.36,5.5208,4.4658,3.74,2.8,2024-12-31,12
FIEMIND,13.73,19.94,461.63,1215.01,,1302.05,81.4081,64.9174,11.44,4.3,2024-12-31,18
FILATEX,7.31,13.39,33.89,1504.75,,1784.84,78.14,59.75,19.13,4.3,2024-12-31,19
FILATFASH,10.42,0.94,2.78,2314.54,,2367.76,5.7544,5.5571,-22.67,0.8,2024-12-31,4
FINCABLES,15.44,10.4,397.93,6085.88,,6570.35,182.48,170.75,15.55,4.3,2024-12-31,17
FINEORG,24.96,16.89,869.05,2664.52,,2725.44,128.0822,115.049,16.21,4.3,2024-12-31,19
FINPIPE,13.17,6.46,100.51,6214.71,,6475.95,131.85,104.54,13.44,4.3,2024-12-31,20
FIRSTCRY,7.03,2.84,99.48,4826.71,,6899.96,152.632,49.061,72.19,0.5,2024-12-31,3
FIVESTAR,74.9,13.63,250.03,7380.15,,15743.37,544.8205,536.4784,37.15,2.0,2024-12-31,10
FLAIR,19.58,13.21,108.32,1141.63,,1213.54,51.8054,40.0829,2.33,1.3,2024-12-31,6
FLEXITUFF,-14.24,,,,,,-8.9685,-8.7714,-25.88,4.3,2024-12-31,17
FLFL,78.36,,,,,,128.908,39.183,-34.14,2.0,2022-09-30,9
FLUOROCHEM,26.83,9.31,716.07,7866.0,,9323.0,308.0,217.0,15.71,4.3,2024-12-31,18
FMGOETZE,13.95,10.02,258.26,1436.74,,1555.96,59.3379,38.9948,10.68,4.3,2024-12-31,17
FMNL,51.83,17.63,17.42,110.87,,228.21,13.511,10.0588,9.14,4.3,2024-12-31,18
FOCUS,26.31,20.11,21.55,144.7,,158.46,10.1803,7.9656,14.82,3.0,2024-12-31,13
FOODSIN,12.02,10.68,76.95,565.85,,639.88,22.2945,17.0786,15.92,3.0,2024-12-31,13
FORCEMOT,13.04,15.66,3183.33,4194.35,,4493.33,246.46,175.95,-7.96,0.8,2024-12-31,5
FORTIS,28.97,2.23,131.07,9895.55,,13851.23,106.28,77.32,16.85,4.3,2024-12-31,18
FOSECOIND,21.43,8.94,1374.88,1036.25,,1178.55,29.2464,26.3389,17.42,4.3,2024-12-31,19
FRETAIL,-12.19,,,,,,-339.73,-738.42,72.43,1.3,2021-12-31,7
FSC,-1.1,,,,,,-0.7375,-14.9183,-22.68,1.7,2022-06-30,8
FSL,15.43,16.43,63.51,4384.53,,5841.52,324.374,239.974,14.37,4.3,2024-12-31,20
FUSION,-61.34,-24.53,151.87,2455.93,,4792.2,-290.65,-293.85,3.37,2.3,2024-12-31,10
GABRIEL,9.93,21.21,95.29,1368.74,,1537.4,100.932,81.518,20.51,4.3,2024-12-31,17
GAEL,11.71,11.61,71.84,3294.99,,3465.49,132.39,100.57,-1.7,4.0,2024-12-31,18
GAIL,17.24,17.72,135.44,89049.6,,117255.18,6027.52,5195.34,24.77,4.3,2024-12-31,19
GAL,-31.73,,,,,,-6.5633,-7.2704,213.85,2.5,2023-03-31,11
GALAPREC,16.91,10.29,228.86,292.89,,303.5,9.829,7.805,19.34,0.5,2024-12-31,3
GALAXYSURF,10.52,11.46,774.17,2744.83,,2857.77,109.54,81.86,9.12,4.3,2024-12-31,18
GALLANTT,17.87,19.0,137.44,3316.23,,3589.45,199.8589,170.4551,46.92,4.3,2024-12-31,18
GALLISPAT,11.23,,,,,,42.084,32.6988,52.39,1.3,2021-12-31,6
GAMMNINFRA,70.98,,,,,,44.015,21.999,41.7,0.7,2021-06-30,5
GAMMONIND,-286.83,,,,,,-11.872,-12.294,-22.61,3.2,2023-12-31,16
GANDHAR,4.23,7.87,138.17,1352.38,,1584.59,36.2296,31.1743,0.34,1.3,2024-12-31,6
GANDHITUBE,47.32,22.07,260.0,315.95,,325.29,18.8166,17.9467,10.85,4.3,2024-12-31,16
GANECOS,15.52,11.23,476.81,1275.67,,1689.82,61.7375,47.452,17.83,4.3,2024-12-31,18
GANESHBE,34.95,14.59,84.87,610.95,,701.72,31.183,25.591,2.75,3.3,2024-12-31,13
GANESHHOUC,84.85,,,,,,218.07,216.1838,97.0,4.3,2024-12-31,19
GANGAFORGE,6.88,5.48,2.11,28.5,,38.78,0.8024,0.5316,25.18,3.5,2024-12-31,14
GANGESSECU,76.45,0.99,539.65,539.87,,579.74,1.4411,1.4328,-40.89,4.3,2024-12-31,18
GANGOTRI,,,,,,15.14,,,,,2024-12-31,19
GARDENSILK,-0.18,,,,,,-0.84,-15.7,,,2020-09-30,1
GARFIBRES,20.96,18.36,136.44,1354.42,,1443.47,73.5282,66.2545,6.5,4.3,2024-12-31,18
GARUDA,28.35,15.45,48.82,454.26,,454.64,17.6399,17.5583,,,2024-12-31,2
GATECH,53.55,5.82,0.83,107.61,,115.1,2.0672,1.6738,65.63,1.5,2024-12-31,8
GATECHDVR,53.55,5.82,0.83,107.61,,115.1,2.0672,1.6738,74.94,1.3,2024-12-31,7
GATEWAY,122.23,60.03,45.89,2292.78,,3102.79,491.9818,465.6803,4.24,2.8,2024-12-31,12
GATI,4.24,,,,,,18.74,1.7,8.84,3.0,2023-09-30,13
GAYAHWS,-8.58,-0.32,,,,258.74,-0.187,-0.2041,-41.35,4.3,2024-12-31,17
GAYAPROJ,-87.05,-71.98,32.42,606.88,,1194.99,-202.7254,-215.0527,-42.15,2.3,2022-12-31,10
GBGLOBAL,64.69,26.26,89.19,446.25,,550.59,40.7562,36.1435,33.07,4.3,2024-12-31,18
GDL,28.88,,,,,,96.9641,64.0586,27.92,1.0,2021-09-30,6
GEECEE,44.75,11.57,399.34,835.09,,889.83,26.286,25.7375,62.37,4.3,2024-12-31,18
GEEKAYWIRE,15.0,22.68,16.43,171.69,,265.32,16.9913,15.0428,24.26,4.3,2024-12-31,18
GENCON,9.34,7.4,51.42,293.0,,298.43,8.712,5.5245,14.86,3.8,2024-12-31,17
GENESYS,49.84,15.73,168.35,703.52,,730.36,44.402,28.7124,39.64,4.3,2024-12-31,19
GENSOL,18.33,,,,,,63.14,55.84,77.99,1.5,2024-12-31,7
GENUSPAPER,8.24,4.95,20.3,521.93,,865.9,17.2685,10.7064,25.87,4.3,2024-12-31,18
GENUSPOWER,17.51,11.7,80.18,2217.64,,3386.94,105.801,99.0986,35.68,4.3,2024-12-31,20
GEOJITFSL,36.77,17.15,41.52,1158.55,,1293.21,63.1314,55.4321,11.39,4.3,2024-12-31,19
GEPIL,4.94,,,,,,15.64,11.96,-21.51,4.3,2024-12-31,18
GESHIP,99.63,16.43,1188.12,16962.49,,18081.68,875.26,742.62,2.99,4.3,2024-12-31,19
GET&D,20.24,,,,,,194.01,181.94,2.59,3.7,2024-06-30,17
GFLLIMITED,61.64,0.07,233.47,2564.72,,2736.48,0.5072,0.5017,-71.6,4.3,2024-12-31,18
GFSTEELS,-301.26,-14.3,,,,1.34,-0.0479,-0.0479,-72.62,3.2,2024-12-31,18
GHCL,33.22,23.91,388.32,3551.92,,3861.27,258.72,230.77,-0.82,4.3,2024-12-31,19
GHCLTEXTIL,9.14,3.22,157.19,1502.49,,1642.64,26.05,13.23,5.41,1.5,2024-12-31,7
GICHSGFIN,88.69,8.33,391.15,2106.4,,11281.96,238.8,235.02,-3.67,4.3,2024-12-31,16
GILLANDERS,16.45,23.01,120.86,257.94,,316.35,21.0005,18.1971,-2.93,4.3,2024-12-31,18
GILLETTE,27.99,60.36,313.98,1023.11,,1135.85,191.9,171.39,6.89,4.3,2024-12-31,17
GINNIFILA,6.59,3.86,27.5,235.56,,266.9,6.5377,2.5762,-14.59,4.3,2024-12-31,19
GIPCL,32.37,3.01,247.41,3840.24,,8139.08,104.2188,61.2166,-1.02,4.3,2024-12-31,18
GISOLUTION,1.01,,,,,,0.9469,0.9455,999.0,2.7,2023-06-30,13
GKWLIMITED,-1941.69,-3.38,4391.08,2620.16,,3211.21,-26.4847,-27.1638,-32.44,4.3,2024-12-31,18
GLAND,30.23,11.82,628.68,10357.95,,10902.44,418.449,322.124,12.65,4.0,2024-12-31,17
GLAXO,34.44,48.44,133.84,2267.41,,2544.76,326.99,308.19,1.82,4.3,2024-12-31,19
GLENMARK,18.64,15.04,372.5,10512.11,,13531.45,631.357,508.619,3.29,4.3,2024-12-31,18
GLFL,,,,,,5.97,,,,,2024-12-31,19
GLOBAL,41.39,18.75,25.83,131.49,,131.59,6.9106,6.1687,20.22,4.0,2024-12-31,17
GLOBALE,-3.75,-18.74,9.03,9.59,,9.62,-0.4508,-0.4508,-58.52,0.5,2024-12-31,3
GLOBALVECT,14.67,4.41,,,,384.62,20.9098,4.2368,19.67,4.3,2024-12-31,18
GLOBE,5.68,18.09,3.37,151.87,,161.68,8.6077,7.3127,11.58,4.0,2024-12-31,18
GLOBOFFS,45.79,,,,,,6.9888,0.0649,,,2020-12-31,2
GLOBUSSPR,3.69,3.21,375.45,1091.37,,1421.05,32.5418,11.4086,16.77,4.3,2024-12-31,18
GLOSTERLTD,12.3,2.21,994.85,1088.66,,1673.77,21.8489,9.2381,-5.2,0.8,2024-12-31,4
GLS,28.19,,,,,,142.892,127.799,-1.07,3.3,2024-09-30,15
GMBREW,4.8,10.91,471.95,1078.26,,1079.39,30.95,29.45,12.0,4.0,2024-12-31,19
GMDCLTD,31.65,8.79,222.41,7072.74,,8203.04,206.79,180.36,27.17,4.3,2024-12-31,18
GMMPFAUDLR,15.18,13.84,267.92,1204.5,,2508.09,121.7,86.81,41.17,4.0,2024-12-31,17
GMRAIRPORT,56.36,9.67,,,,42055.78,1495.29,1016.55,,,2024-12-31,1
GMRINFRA,78.55,,,,,,221.84,217.43,-30.34,4.0,2024-09-30,17
GMRP&UI,30.75,10.85,24.38,1903.83,,12659.01,495.51,343.34,10.93,2.8,2024-12-31,12
GNA,14.13,13.97,233.89,1004.11,,1099.75,52.9955,38.3982,7.97,4.0,2024-12-31,17
GNFC,15.22,8.3,620.32,9115.0,,10318.0,289.0,214.0,11.68,4.3,2024-12-31,18
GOACARBON,-4.63,-16.0,184.27,168.63,,168.63,-6.0007,-6.7473,12.36,4.0,2024-12-31,17
GOCLCORP,101.15,16.65,634.02,3142.94,,3242.03,139.7818,134.9102,8.78,4.3,2024-12-31,18
GOCOLORS,35.22,14.81,137.28,741.43,,1185.61,75.6266,43.8844,14.78,3.0,2024-12-31,14
GODAVARIB,8.87,9.28,154.04,788.29,,1177.85,39.6633,27.3193,,,2024-12-31,2
GODFRYPHLP,21.43,23.27,398.28,6212.44,,6497.34,406.12,377.97,21.71,4.3,2024-12-31,18
GODHA,30.2,,,,,,4.1466,4.0274,33.31,4.0,2024-12-31,18
GODREJAGRO,9.34,21.23,105.66,2032.08,,3241.36,228.75,172.04,8.61,4.3,2024-12-31,18
GODREJCP,22.11,22.64,123.66,12652.95,,13626.42,833.3,771.41,20.94,4.3,2024-12-31,18
GODREJIND,19.05,7.04,331.84,11176.49,,45883.13,918.89,807.96,18.01,4.3,2024-12-31,18
GODREJPROP,30.82,5.02,635.96,19155.54,,22369.32,298.64,280.95,94.32,4.3,2024-12-31,19
GOENKA,-204.73,-0.95,7.33,232.36,,232.55,-0.4369,-0.5514,-42.37,4.3,2024-12-31,18
GOKEX,14.45,9.87,294.95,2160.4,,2845.08,90.3528,70.1711,38.94,4.0,2024-12-31,18
GOKUL,1.43,11.43,36.71,363.4,,371.48,14.4186,10.6141,11.51,4.3,2024-12-31,19
GOKULAGRO,2.97,29.88,48.22,1422.81,,1802.94,148.0264,134.6709,25.75,4.3,2024-12-31,18
GOLDENTOBC,-10.03,,,,,,-0.3808,-0.5189,-57.19,1.3,2021-12-31,6
GOLDIAM,25.33,24.03,97.95,1106.02,,1152.56,70.8405,69.2381,31.51,4.3,2024-12-31,18
GOLDTECH,3.7,0.18,58.49,305.67,,358.41,0.817,0.16,13.25,4.3,2024-12-31,18
GOODLUCK,8.93,16.27,448.56,1490.96,,1814.78,84.1059,73.8296,20.97,4.3,2024-12-31,20
GOPAL,4.13,6.03,38.41,478.8,,512.57,16.246,7.727,7.06,1.0,2024-12-31,6
GOYALALUM,3.42,7.73,1.78,25.37,,32.13,0.6782,0.6211,0.02,2.0,2024-12-31,9
GPIL,18.46,12.61,89.51,5808.16,,6428.16,239.59,202.58,7.17,4.3,2024-12-31,19
GPPL,59.91,19.45,49.4,2388.43,,2606.87,157.492,126.788,8.94,4.3,2024-12-31,18
GPTHEALTH,22.64,19.18,32.84,269.43,,385.25,23.1431,18.4737,5.8,1.0,2024-12-31,5
GPTINFRA,12.83,16.03,47.7,602.8,,778.51,35.6813,31.1939,16.88,4.3,2024-12-31,18
GRANULES,20.74,12.75,205.21,5084.99,,5627.92,235.966,179.357,7.73,4.0,2024-12-31,19
GRAPHITE,2.1,-0.79,299.88,5859.0,,6045.0,11.0,-12.0,2.39,4.3,2024-12-31,18
GRASIM,13.42,2.79,1525.19,103469.92,,449954.76,4668.16,3136.58,16.16,4.3,2024-12-31,18
GRAVITA,6.24,7.23,336.61,2451.63,,2610.49,51.11,47.19,28.83,4.3,2024-12-31,20
GREAVESCOT,15.44,13.51,61.43,1430.72,,1961.69,77.55,66.28,10.43,4.3,2024-12-31,18
GREENLAM,11.88,8.62,46.22,1179.26,,1990.23,63.51,42.87,17.86,4.3,2024-12-31,20
GREENPANEL,6.65,1.03,110.57,1355.88,,1749.47,23.9045,4.5078,11.66,4.3,2024-12-31,20
GREENPLY,9.23,12.88,71.64,894.83,,1292.26,56.7018,41.6071,18.79,4.3,2024-12-31,19
GREENPOWER,56.55,1.72,9.82,1152.27,,1592.27,6.86,6.86,-39.64,4.3,2024-12-31,18
GRINDWELL,19.98,16.93,228.93,2534.75,,2685.25,136.5229,113.6725,10.96,4.3,2024-12-31,18
GRINFRA,30.93,13.1,969.36,9379.65,,14140.33,524.0613,462.9578,-7.94,3.5,2024-12-31,15
GRMOVER,6.28,14.8,29.03,601.61,,610.17,23.3148,22.5735,15.06,2.3,2024-12-31,10
GROBTEA,6.49,2.68,798.71,92.81,,130.57,1.747,0.876,-13.99,4.3,2024-12-31,18
GRPLTD,9.86,12.72,334.45,178.36,,282.62,13.0417,8.9869,14.22,4.3,2024-12-31,18
GRSE,11.6,24.69,181.51,2079.26,,2204.98,147.4108,136.0754,43.65,4.3,2024-12-31,19
GRWRHITECH,22.02,12.84,1143.32,2656.16,,2718.8,97.3,87.27,11.78,3.0,2024-12-31,13
GSCLCEMENT,4.08,,,,,,9.0906,6.0616,28.15,2.3,2022-12-31,10
GSFC,7.77,5.18,307.83,12266.45,,13128.44,218.78,170.06,7.0,4.3,2024-12-31,18
GSLSU,19.66,5.34,63.83,270.51,,369.71,6.441,4.936,9.0,1.8,2024-12-31,8
GSPL,14.74,,,,,,669.2439,489.9671,10.0,4.3,2024-12-31,17
GSS,0.57,-0.41,116.98,301.89,,448.19,0.1203,-0.4639,-8.04,4.3,2024-12-31,18
GTECJAINX,-202.75,-408.88,1.33,1.36,,2.77,-2.7839,-2.8315,-25.16,1.3,2024-12-31,6
GTL,-50.23,,,,,,-25.632,-28.5917,-0.64,4.3,2024-12-31,18
GTLINFRA,27.74,,,,,,93.89,30.92,-0.49,4.3,2024-12-31,18
GTNIND,9.19,,,,,,8.1,5.84,,,2020-12-31,2
GTNTEX,1.08,,,,,,0.26,-0.49,279.91,1.0,2021-09-30,6
GTPL,12.83,4.94,101.93,1146.32,,1704.87,113.794,21.043,8.21,4.0,2024-12-31,19
GUFICBIO,17.22,15.12,66.31,664.95,,824.52,35.7878,31.1696,13.71,4.3,2024-12-31,18
GUJALKALI,10.99,0.91,706.85,5190.89,,6539.37,113.16,14.89,11.9,4.3,2024-12-31,18
GUJAPOLLO,73.24,2.64,390.88,506.97,,514.86,4.5643,3.3937,-13.85,4.3,2024-12-31,18
GUJGASLTD,10.09,5.57,267.85,18438.63,,22126.13,437.29,307.86,13.17,4.3,2024-12-31,18
GUJRAFFIA,8.96,,,,,,0.5463,0.1954,-9.82,4.3,2024-12-31,18
GULFOILLUB,17.19,34.47,311.0,1536.32,,1680.88,155.5835,144.8308,20.34,4.3,2024-12-31,18
GULFPETRO,7.72,10.26,69.63,355.01,,362.48,10.4942,9.3011,-4.92,4.3,2024-12-31,18
GULPOLY,4.51,7.75,115.56,718.58,,875.41,27.4718,16.9549,28.69,4.3,2024-12-31,19
GVKPIL,93.12,308.75,,,,99.51,133.38,76.81,-29.07,4.8,2024-12-31,17
GVPTECH,-248.78,-3.1,,82.18,,88.35,-0.6299,-0.684,-92.81,1.5,2024-12-31,7
GVT&D,19.14,27.22,105.07,2690.29,,2847.48,205.48,193.77,,,2024-12-31,2
HAL,33.23,9.24,613.68,41041.12,,88107.22,2311.99,2035.06,8.84,4.3,2024-12-31,17
HAPPSTMNDS,19.63,11.47,112.44,1689.49,,2223.32,73.27,63.75,18.27,4.3,2024-12-31,19
HAPPYFORGE,30.5,16.35,225.56,2128.12,,2177.12,108.0781,88.9674,3.6,1.0,2024-12-31,5
HARDWYN,14.34,6.03,8.32,406.3,,412.1,6.6538,6.2157,12.97,2.8,2024-12-31,12
HARIOMPIPE,13.37,13.21,208.78,646.53,,835.01,40.1082,27.5665,37.73,2.8,2024-12-31,12
HARITASEAT,11.65,,,,,,26.1565,19.5956,,,2020-12-31,1
HARRMALAYA,11.59,20.48,96.79,178.62,,288.82,16.4849,14.7874,7.1,4.3,2024-12-31,18
HARSHA,14.6,9.68,153.96,1401.69,,1629.33,49.49,39.41,6.17,2.0,2024-12-31,9
HATHWAY,43.05,1.39,25.23,4465.1,,4492.75,64.57,15.64,-23.69,4.0,2024-12-31,19
HATSUN,10.77,12.99,87.3,1944.52,,3052.8,216.46,99.12,9.57,4.0,2024-12-31,18
HAVELLS,10.04,15.22,150.74,9455.47,,10161.53,490.83,386.73,17.54,4.3,2024-12-31,19
HAVISHA,23.82,2.58,0.68,20.5,,57.89,0.9611,0.3736,20.82,3.0,2024-12-31,18
HBLENGINE,21.1,14.13,79.88,2214.24,,2375.05,95.0573,83.8699,,,2024-12-31,1
HBLPOWER,23.37,,,,,,121.6313,110.8993,19.13,4.0,2024-09-30,17
HBSL,41.76,,110.03,78.54,,,0.8383,0.7425,16.79,4.0,2024-12-31,18
HCC,17.29,15.7,8.12,2127.15,,3993.43,173.29,156.79,157.31,4.3,2024-12-31,17
HCG,16.68,5.03,89.21,1331.97,,2905.38,93.02,36.5,21.0,4.3,2024-12-31,18
HCL-INSYS,-89.47,,,,,,-5.1,-5.22,-52.21,4.3,2024-12-31,18
HCLTECH,24.55,29.84,277.8,75165.0,,84432.0,7337.0,6298.0,11.55,4.0,2024-12-31,19
HDFC,94.01,,,,,,15681.02,15583.11,11.41,2.5,2023-03-31,10
HDFCAMC,91.72,34.81,215.42,9228.71,,9677.89,857.04,842.18,18.01,4.0,2024-12-31,17
HDIL,-297.68,,,,,,-1.1276,-1.7769,-79.88,4.3,2023-12-31,10
HEADSUP,177.93,6.73,6.94,15.33,,15.33,0.258,0.258,-38.46,2.3,2024-12-31,10
HECPROJECT,10.45,16.87,60.66,65.74,,66.2,2.8769,2.7918,22.9,3.0,2024-12-31,13
HEG,40.02,11.61,246.55,4757.92,,4855.73,191.448,140.891,9.69,4.3,2024-12-31,18
HEIDELBERG,7.86,3.71,60.53,1371.85,,1584.39,42.64,14.7,1.3,4.3,2024-12-31,18
HEMIPROP,-302.98,-0.58,15.22,433.71,,516.08,-0.7229,-0.7439,65.83,2.0,2024-12-31,15
HERANBA,3.75,-0.57,190.37,761.72,,863.48,12.8,-1.23,6.67,3.8,2024-12-31,16
HERCULES,24.76,4.38,216.12,691.57,,753.92,9.4417,8.2523,15.5,3.7,2024-12-31,18
HERITGFOOD,7.49,16.27,118.9,1103.32,,1455.99,76.383,59.22,13.21,4.3,2024-12-31,20
HEROMOTOCO,17.68,27.27,1080.07,21611.19,,23548.26,1814.14,1605.23,1.89,4.3,2024-12-31,18
HESTERBIO,20.36,6.53,423.46,360.24,,525.46,12.87,8.579,3.95,4.3,2024-12-31,17
HEUBACHIND,13.62,,,,,,29.01,23.88,10.18,1.8,2024-12-31,8
HEXATRADEX,77.22,0.18,835.46,4615.51,,5320.11,2.3632,2.3609,135.8,4.0,2024-12-31,18
HEXT,19.06,12.97,111.28,6782.3,,8762.6,321.5,284.1,,,2024-12-31,1
HFCL,17.24,10.51,31.96,4890.75,,5500.79,165.68,144.49,-3.95,4.0,2024-12-31,18
HGINFRA,22.94,15.69,500.99,3265.01,,6471.11,290.144,253.898,25.39,4.3,2024-12-31,18
HGS,22.03,4.23,1787.73,8316.5,,9165.63,234.366,96.836,-5.16,4.3,2024-12-31,19
HIGHWAYS,-24.45,,,,,,-3.858,-3.858,,,2022-09-30,1
HIKAL,16.91,10.08,97.23,1198.8,,1686.5,75.7,42.5,4.83,4.3,2024-12-31,17
HIL,0.39,,,,,,3.12,-33.68,3.22,4.3,2024-12-31,20
HILTON,7.92,6.31,29.35,151.03,,166.6,3.1895,2.6285,50.32,4.3,2024-12-31,18
HIMATSEIDE,20.67,11.75,170.25,2140.74,,3567.58,142.9109,104.7633,14.32,4.3,2024-12-31,18
HINDALCO,11.79,3.96,610.79,136583.0,,231286.0,2804.0,2290.0,-6.22,4.3,2024-12-31,18
HINDCOMPOS,19.75,4.5,775.49,1145.32,,1202.9,16.16,13.53,15.4,4.3,2024-12-31,18
HINDCON,13.51,12.71,,57.09,,58.51,2.0624,1.8588,4.19,3.5,2024-12-31,15
HINDCOPPER,37.65,9.6,34.56,3342.19,,3572.7,123.4,85.77,2.54,4.3,2024-12-31,18
HINDMOTORS,842.37,,,,,,4.97,4.94,17.24,4.3,2024-12-31,19
HINDNATGLS,2.96,,,,,,12.3387,-6.9025,-3.71,4.3,2024-12-31,18
HINDOILEXP,51.4,13.14,104.71,1384.71,,1687.81,75.3178,55.4532,41.8,4.3,2024-12-31,17
HINDPETRO,5.39,17.08,308.09,65556.12,,114855.85,6421.58,4903.86,16.73,4.3,2024-12-31,19
HINDUNILVR,28.03,25.5,207.43,48738.0,,64203.0,4434.0,4093.0,7.46,4.0,2024-12-31,19
HINDWAREAP,6.31,2.32,88.1,736.89,,1195.45,37.49,6.94,-5.13,2.5,2024-12-31,11
HINDZINC,54.69,48.57,53.56,22629.0,,31096.0,4679.0,3776.0,9.13,4.0,2024-12-31,18
HIRECT,10.73,24.05,60.69,208.57,,265.73,18.1272,15.9748,12.89,4.3,2024-12-31,18
HISARMETAL,4.77,9.28,121.74,65.74,,92.22,2.72,2.14,9.65,4.3,2024-12-31,18
HITECH,5.34,9.38,65.78,1333.48,,1464.84,40.6128,34.357,17.63,4.3,2024-12-31,19
HITECHCORP,11.53,5.74,165.72,284.64,,357.53,14.1877,5.1282,-0.06,4.3,2024-12-31,17
HITECHGEAR,14.78,8.44,277.79,522.64,,649.19,29.644,13.693,0.25,4.3,2024-12-31,18
HLEGLAS,11.93,10.38,76.87,533.92,,778.07,27.5713,20.1893,3.84,2.0,2024-12-31,9
HLVLTD,25.83,8.62,7.14,471.03,,504.09,14.91,10.86,137.85,4.3,2024-12-31,18
HMAAGRO,3.98,20.26,18.79,940.78,,969.3,57.976,49.084,36.87,1.8,2024-12-31,8
HMT,-108.98,,,,,,-31.81,-34.12,-6.86,4.3,2024-12-31,19
HMVL,13.03,5.21,215.93,1587.39,,1632.82,25.73,21.26,10.09,4.3,2024-12-31,19
HNDFDS,8.97,10.29,97.51,1165.08,,2037.75,63.86,52.43,21.05,1.5,2024-12-31,7
HOMEFIRST,80.45,8.61,417.58,4356.54,,14976.73,326.569,322.448,39.19,4.0,2024-12-31,18
HONASA,9.03,8.49,43.39,1411.85,,1524.15,42.475,32.3648,3.43,1.3,2024-12-31,6
HONAUT,17.6,15.56,5047.16,4462.7,,4581.3,191.9745,178.1809,8.88,4.3,2024-12-31,18
HONDAPOWER,15.28,12.83,792.04,803.37,,804.29,31.2,25.79,-4.43,4.3,2024-12-31,18
HOTELRUGBY,,,,,,,,,,,2022-09-30,9
HOVS,30.47,,,,,,1.7656,1.5135,23.61,4.3,2024-12-31,17
HPAL,11.35,13.52,20.44,187.75,,189.03,7.5645,6.3876,15.15,3.0,2024-12-31,13
HPIL,5.92,6.54,47.65,54.43,,67.75,1.211,1.1084,14.45,2.0,2024-12-31,9
HPL,14.44,16.13,155.55,1000.2,,1136.55,56.6609,45.8352,13.73,4.3,2024-12-31,18
HSCL,20.41,17.17,93.29,4706.68,,5070.25,232.82,217.6,39.12,4.5,2024-12-31,20
HSIL,14.95,,,,,,95.52,60.68,38.14,1.3,2021-12-31,7
HTMEDIA,9.47,4.24,70.01,1619.52,,2153.11,46.4,22.82,1.11,4.8,2024-12-31,21
HUBTOWN,65.66,6.5,184.91,2627.66,,3698.68,60.71,60.07,49.92,4.3,2024-12-31,18
HUDCO,97.7,,109.77,21975.46,,,2696.78,2694.15,9.77,4.3,2024-12-31,18
HUHTAMAKI,5.15,4.96,171.28,1293.53,,1456.76,31.87,18.05,2.65,4.0,2024-12-31,18
HYBRIDFIN,26.8,2.39,15.0,44.16,,52.94,0.3428,0.3162,20.17,2.0,2024-12-31,10
HYUNDAI,12.73,28.28,246.33,20015.02,,22528.57,2119.9943,1592.6164,,,2024-12-31,2
IBREALEST,-1407.52,-7.7,70.99,9867.93,,15523.93,-295.86,-298.76,-66.34,3.2,2024-03-31,15
IBULHSGFIN,78.44,,,,,,1552.54,1532.7,-6.81,3.5,2024-03-31,15
IBULISL,16.22,,,,,,5.82,-1.89,,,2020-09-30,1
ICDSLTD,104.99,3.4,23.0,29.96,,30.62,0.3493,0.2601,16.92,4.3,2024-12-31,19
ICEMAKE,6.23,8.65,84.28,132.99,,219.26,6.889,4.7395,35.27,4.3,2024-12-31,18
ICIL,13.95,15.46,118.92,2355.3,,3096.18,140.8607,119.6491,10.12,4.0,2024-12-31,18
ICRA,50.48,18.3,1226.87,1180.74,,1241.76,61.0122,56.8231,12.96,4.3,2024-12-31,18
IDEA,44.76,-1.44,,,,151949.0,4935.0,-548.9,0.7,4.3,2024-12-31,16
IDEAFORGE,-52.01,-11.11,138.42,599.04,,614.4,-9.621,-17.059,-66.74,1.5,2024-12-31,8
IDFC,35.49,,,,,,4.22,4.21,-41.15,3.7,2024-06-30,16
IEL,49.42,,,,,,5.96,2.37,-11.58,2.0,2024-12-31,9
IEX,107.67,38.38,15.34,1364.56,,1417.22,141.3765,135.9825,11.57,4.0,2024-12-31,19
IFBAGRO,4.4,7.14,718.8,673.3,,763.25,18.47,13.62,-1.74,4.3,2024-12-31,18
IFBIND,7.34,17.73,245.53,994.86,,1250.4,93.18,55.42,13.63,4.3,2024-12-31,19
IFCI,53.9,,33.2,8944.44,,,246.62,225.76,-8.32,4.3,2024-12-31,17
IFGLEXPOR,5.17,0.5,163.0,1174.91,,1250.22,19.57,1.57,10.67,4.3,2024-12-31,18
IGARASHI,11.44,8.64,148.25,466.63,,508.75,24.11,10.9885,8.27,4.3,2024-12-31,18
IGIL,61.92,39.8,32.62,1409.72,,1545.83,164.1,153.798,,,2024-12-31,1
IGL,11.87,12.15,82.17,11504.44,,12204.92,492.38,370.83,28.22,4.3,2024-12-31,19
IGPL,9.74,9.18,432.83,1332.89,,1653.6,54.3494,37.9669,21.67,4.3,2024-12-31,19
IIFL,46.77,,327.31,13919.96,,,1142.34,1096.69,12.76,4.3,2024-12-31,19
IIFLCAPS,53.05,12.7,98.44,3065.71,,9292.37,309.0841,295.0768,,,2024-12-31,1
IIFLSEC,50.31,,,,,,324.6717,311.3604,36.5,3.7,2024-09-30,17
IIFLWAM,65.84,,,,,,341.29,329.57,6.77,2.0,2022-12-31,8
IITL,84.53,10.69,191.04,430.75,,425.84,11.6836,11.3769,51.67,4.0,2024-12-31,18
IKIO,15.37,7.33,77.91,602.13,,635.68,18.682,11.644,1.67,1.8,2024-12-31,8
IKS,31.72,21.92,167.06,2800.24,,3297.83,208.452,180.695,,,2024-12-31,1
IL&FSENGG,4.97,,,,,,3.3735,1.9104,17.12,4.5,2024-12-31,17
IL&FSTRANS,,,,,,,,,,,2020-03-31,1
IMAGICAA,34.08,2.12,22.16,1254.04,,1544.85,31.3067,8.1842,139.83,4.3,2024-12-31,18
IMFA,22.6,16.81,503.67,2717.52,,3133.53,145.39,131.7,9.48,4.3,2024-12-31,20
IMPAL,10.33,3.45,1849.5,2308.17,,2502.91,21.87,21.57,6.08,4.0,2024-12-31,18
IMPEXFERRO,-76.86,,,,,,-18.804,-20.4542,-0.51,3.5,2024-03-31,15
INCREDIBLE,2.6,6.4,33.6,157.12,,179.2,4.2107,2.8664,-1.42,3.8,2024-12-31,15
INDBANK,36.43,6.34,22.25,98.74,,122.63,2.0529,1.9438,21.29,4.0,2024-12-31,18
INDGN,23.53,16.92,130.61,3138.7,,3534.1,169.5,149.5,263.72,0.8,2024-12-31,4
INDHOTEL,49.22,14.59,91.7,13052.29,,18061.79,725.29,658.83,50.84,4.3,2024-12-31,19
INDIACEM,23.64,5.65,217.8,10124.27,,11827.36,222.43,167.18,-3.4,4.3,2024-12-31,18
INDIAGLYCO,5.34,9.05,437.55,2932.78,,4508.84,129.48,102.01,11.35,4.3,2024-12-31,19
INDIAMART,51.71,21.46,399.51,2400.38,,3259.63,183.2,174.9,20.0,4.3,2024-12-31,20
INDIANCARD,10.11,-0.13,577.31,342.98,,352.15,0.9546,-0.1128,-8.51,4.3,2024-12-31,19
INDIANHUME,10.36,9.02,281.76,1484.36,,1574.26,39.4392,35.5157,7.03,4.3,2024-12-31,17
INDIASHLTR,72.11,10.7,294.06,3198.12,,8091.75,219.3868,216.3996,45.55,1.0,2024-12-31,5
INDIGO,27.41,15.7,180.31,6971.1,,97731.1,6060.7,3835.2,63.4,4.3,2024-12-31,20
INDIGOPNTS,18.4,14.69,242.04,1153.97,,1261.62,60.2686,46.3403,13.07,4.0,2024-12-31,16
INDLMETER,86.36,,,,,,0.7005,-0.6832,-52.52,4.3,2024-12-31,19
INDNIPPON,12.91,9.74,363.08,821.33,,873.24,27.72,21.27,9.84,4.3,2024-12-31,18
INDOAMIN,10.36,18.33,54.05,392.35,,490.31,26.812,22.4744,7.19,2.8,2024-12-31,12
INDOBORAX,38.17,14.07,120.47,386.58,,389.31,14.3151,13.6973,-9.14,2.8,2024-12-31,12
INDOCO,3.38,-3.86,101.9,939.28,,1540.73,13.87,-14.85,5.4,4.3,2024-12-31,19
INDOFARM,15.57,7.9,115.81,556.48,,618.99,14.9719,12.2208,,,2024-12-31,2
INDORAMA,5.95,20.97,19.88,519.17,,1021.25,63.69,53.53,23.44,4.3,2024-12-31,19
INDOSOLAR,23.64,19.44,68.99,287.01,,308.83,24.3532,15.0103,792.07,2.3,2024-12-31,15
INDOSTAR,56.72,8.6,234.16,3782.62,,9505.85,211.68,204.45,3.89,4.3,2024-12-31,18
INDOTECH,17.25,30.84,351.89,373.71,,381.96,30.59,29.45,42.84,4.3,2024-12-31,18
INDOTHAI,30.53,1.88,22.07,283.86,,324.35,1.69,1.5281,-9.55,4.0,2024-12-31,18
INDOUS,23.17,21.21,46.15,92.53,,93.57,5.1367,4.9614,,,2024-09-30,1
INDOWIND,23.63,0.64,19.09,307.41,,345.66,1.2731,0.5544,-11.67,4.3,2024-12-31,18
INDRAMEDCO,17.64,22.44,80.76,740.37,,821.81,57.32,46.11,21.68,4.3,2024-12-31,18
INDSWFTLAB,-8.33,-0.27,159.38,1384.02,,1416.06,-0.7214,-0.9673,-53.67,4.3,2024-12-31,18
INDSWFTLTD,8.31,,,,,,9.9815,4.4152,5.42,4.3,2024-12-31,18
INDTERRAIN,6.12,2.93,36.3,183.92,,220.91,5.93,1.62,23.62,4.3,2024-12-31,18
INDUSFILA,,,,,,,,,,,2024-12-31,1
INDUSTOWER,93.3,35.13,150.33,39645.6,,62313.1,7041.9,5473.4,16.76,4.0,2024-12-31,19
INEOSSTYRO,7.87,,,,,,43.2695,33.7309,18.07,2.0,2022-09-30,9
INFIBEAM,9.48,,,,,,101.42,82.49,57.8,4.3,2024-12-31,17
INFOBEAN,19.18,10.19,42.65,413.55,,455.3,13.11,11.6,22.03,4.3,2024-12-31,20
INFOMEDIA,,,,,,9.12,,,,,2024-12-31,19
INFRATEL,52.61,,,,,,929.1,625.9,,,2020-09-30,1
INFY,27.37,3254.89,2.42,978.6,,1093.0,9555.0,8894.0,12.66,4.0,2024-12-31,19
INGERRAND,28.64,67.73,195.05,615.72,,628.23,110.37,106.38,25.2,4.3,2024-12-31,16
INNOVACAP,16.08,13.63,190.61,1090.79,,1342.8,50.886,45.754,9.34,1.3,2024-12-31,6
INNOVANA,61.07,19.29,131.87,272.45,,328.2,17.6617,15.8275,,,2024-12-31,2
INOXGREEN,46.54,3.42,42.52,1707.11,,1749.76,28.45,14.98,-0.55,2.3,2024-12-31,10
INOXINDIA,25.42,27.49,123.13,1117.61,,1141.04,84.8179,78.4171,14.84,1.0,2024-12-31,5
INOXLEISUR,29.47,,,,,,151.95,73.3,999.0,2.3,2022-12-31,10
INOXWIND,30.28,11.08,36.93,6382.04,,8278.04,275.97,229.4,48.82,4.3,2024-12-31,18
INSECTICID,8.74,7.52,419.41,1220.41,,1259.78,31.2688,23.6877,-5.54,4.3,2024-12-31,17
INSPIRISYS,7.75,11.05,25.29,100.21,,184.32,5.99,5.09,-1.22,4.3,2024-12-31,18
INTEGRA,2.97,,,,,,0.534,0.534,,,2021-12-31,6
INTELLECT,21.97,11.06,228.5,3170.11,,3410.37,133.932,94.29,12.33,4.3,2024-12-31,20
INTENTECH,12.48,6.43,53.62,125.24,,133.41,3.3738,2.1429,13.95,4.3,2024-12-31,18
INTERARCH,11.21,17.1,525.35,881.12,,895.86,40.7699,38.3087,43.22,0.5,2024-12-31,3
INTLCONV,113.42,24.93,66.53,424.33,,467.46,29.59,29.14,-18.86,3.3,2024-12-31,13
INVENTURE,17.46,1.93,2.63,275.89,,375.97,1.9725,1.8121,8.17,4.3,2024-12-31,19
IOC,4.47,7.28,155.45,219517.55,,317749.16,9678.0,5781.86,15.66,4.3,2024-12-31,19
IOLCP,9.73,6.81,61.27,1798.55,,1896.77,50.94,32.28,-0.45,4.3,2024-12-31,18
IONEXCHANG,12.14,16.41,108.93,1339.03,,1766.51,83.82,72.49,12.73,2.8,2024-12-31,12
IPCALAB,21.52,15.29,317.84,8063.81,,10063.26,483.19,384.73,13.76,4.3,2024-12-31,18
IPL,16.98,9.17,87.7,1009.95,,1070.12,29.24,24.52,0.32,3.5,2024-12-31,16
IRB,389.05,41.76,17.34,20948.78,,50274.0,5248.412,5248.412,17.08,4.3,2024-12-31,18
IRCON,8.07,5.1,70.59,6638.64,,14156.07,210.97,180.45,24.18,4.3,2024-12-31,18
IRCTC,38.63,39.96,53.86,4308.53,,4601.75,473.112,459.7659,85.48,4.3,2024-12-31,15
IREDA,93.05,6.7,49.07,13785.42,,93803.36,1580.423,1570.401,35.48,1.0,2024-12-31,6
IRFC,99.46,5.21,43.42,56748.76,,516661.72,6727.07,6725.73,11.77,3.8,2024-12-31,15
IRIS,17.32,10.0,97.58,200.71,,206.59,5.685,5.1643,30.95,3.3,2024-12-31,14
IRISDOREME,18.16,11.1,,141.76,,153.8,6.0611,4.2686,3.14,3.8,2024-12-31,15
IRMENERGY,10.65,7.56,242.95,997.54,,1109.58,29.095,20.98,12.13,1.3,2024-12-31,6
ISEC,73.66,,,,,,1168.02,1128.91,26.45,4.0,2024-12-31,19
ISFT,3.49,5.61,163.26,266.31,,302.65,4.478,4.2414,-6.06,4.3,2024-12-31,18
ISGEC,8.84,8.78,372.17,2736.58,,3729.69,98.95,81.88,-9.35,3.8,2024-12-31,16
ISMTLTD,11.34,,,,,,65.65,46.45,19.45,3.7,2024-06-30,18
ITC,34.19,33.94,57.87,72507.3,,77105.11,6957.76,6541.78,10.82,4.3,2024-12-31,19
ITDC,21.53,28.68,49.29,422.74,,423.26,32.1679,30.3523,49.96,4.3,2024-12-31,19
ITDCEM,9.51,,,,,,213.5728,168.8776,39.05,4.3,2024-12-31,18
ITI,0.93,-0.58,19.79,1905.63,,2085.0,9.6528,-3.0126,22.67,4.3,2024-12-31,18
IVC,54.62,8.0,6.53,205.12,,229.84,4.6549,4.5979,51.24,4.3,2024-12-31,19
IVP,4.73,11.74,152.13,157.09,,158.41,6.12,4.65,19.37,4.3,2024-12-31,18
IVRCLINFRA,-1539.91,,,,,,-7.3654,-8.4916,-60.83,4.3,2024-12-31,18
IWEL,31.5,,,,,,287.26,239.99,42.64,3.8,2024-12-31,16
IXIGO,10.99,4.5,46.71,2046.65,,2126.74,26.566,23.93,66.29,0.8,2024-12-31,5
IZMO,17.89,6.27,273.32,408.97,,418.68,10.4934,6.558,18.53,4.3,2024-12-31,16
JAGRAN,22.19,15.32,92.6,2015.53,,2280.89,114.5931,87.3518,14.62,4.3,2024-12-31,18
JAGSNPHARM,55.85,53.99,41.24,276.17,,288.38,41.34,38.927,6.63,4.3,2024-12-31,19
JAIBALAJI,13.95,30.37,24.75,2257.56,,2429.38,207.41,184.48,20.2,4.3,2024-12-31,20
JAICORPLTD,15.12,4.25,84.98,1491.48,,1525.85,19.06,16.23,1.46,4.3,2024-12-31,19
JAIPURKURT,15.4,10.01,30.28,52.27,,60.64,2.0667,1.5181,-7.89,3.3,2024-12-31,10
JAMNAAUTO,13.89,21.52,28.69,1147.1,,1189.79,78.1274,64.0005,29.63,4.3,2024-12-31,18
JASH,23.25,26.55,82.52,519.07,,578.56,42.0106,38.3972,30.0,4.3,2024-12-31,18
JAYAGROGN,4.79,13.5,203.36,610.07,,682.26,27.7938,23.0333,10.08,4.3,2024-12-31,18
JAYBARMARU,6.15,4.81,64.31,696.12,,1253.79,36.3308,15.0712,10.13,4.3,2024-12-31,19
JAYNECOIND,16.12,18.09,29.26,2841.36,,4259.25,267.04,192.6,15.26,4.3,2024-12-31,19
JAYSREETEA,14.23,23.93,137.18,396.13,,463.56,33.4,27.73,-2.84,4.3,2024-12-31,19
JBCHEPHARM,27.65,19.32,259.05,4159.22,,4377.48,252.56,211.38,18.52,4.3,2024-12-31,18
JBFIND,-72.16,,,,,,-1.4,-1.4,-79.84,3.0,2024-12-31,19
JBMA,13.81,21.24,65.04,1538.27,,2794.51,192.83,148.37,26.3,4.3,2024-12-31,19
JCHAC,3.34,,,,,,14.42,-2.39,8.09,4.3,2024-12-31,18
JETAIRWAYS,-36.39,,,,,,-13.67,-50.01,-40.71,4.0,2023-06-30,17
JETFREIGHT,5.28,20.29,15.34,71.18,,87.29,4.9917,4.4285,-10.16,3.0,2024-12-31,13
JGCHEM,12.26,17.82,134.85,528.42,,543.56,25.6281,24.2138,20.79,0.8,2024-12-31,4
JHS,2.31,-3.18,19.98,174.67,,182.61,0.5224,-1.4524,-7.57,4.3,2024-12-31,18
JIKIND,-25.23,,,,,,-0.0278,-0.0281,86.77,3.7,2024-06-30,17
JINDALPHOT,75.0,,995.58,1021.27,,,0.36,0.34,91.95,4.3,2024-12-31,18
JINDALPOLY,7.46,2.47,932.33,4082.31,,7931.5,102.3254,49.0021,5.52,4.3,2024-12-31,18
JINDALSAW,18.24,20.92,197.21,12574.24,,15498.52,961.37,810.72,26.6,4.3,2024-12-31,19
JINDALSTEL,18.81,7.6,500.24,50898.91,,79613.75,2210.24,1512.18,6.5,4.3,2024-12-31,18
JINDCOT,1394300.0,,,,,,8.3658,8.3622,-93.84,3.2,2024-06-30,17
JINDRILL,39.79,13.16,628.08,1820.23,,2091.33,95.28,68.83,27.08,4.3,2024-12-31,18
JINDWORLD,8.16,18.15,8.58,860.39,,917.15,50.9502,41.6258,11.91,4.3,2024-12-31,18
JIOFIN,75.61,0.25,210.69,133853.59,,163399.97,103.86,100.75,-69.47,1.3,2024-12-31,7
JISLDVREQS,13.05,6.34,79.76,5850.11,,7214.61,177.54,114.39,1.67,4.3,2024-12-31,20
JISLJALEQS,13.05,6.34,79.76,5850.11,,7214.61,177.54,114.39,1.67,4.3,2024-12-31,19
JITFINFRA,21.27,11.09,,,,3329.69,113.0935,92.3356,26.48,4.3,2024-12-31,17
JKCEMENT,18.34,11.17,910.76,7037.25,,14025.47,537.32,391.67,14.72,4.3,2024-12-31,19
JKIL,15.16,18.76,445.18,3368.47,,3900.01,225.3363,182.9066,30.63,4.3,2024-12-31,18
JKLAKSHMI,11.15,6.07,312.99,3885.63,,6744.81,153.17,102.36,4.65,4.3,2024-12-31,18
JKPAPER,11.63,5.12,304.47,5520.53,,8365.41,189.77,107.11,24.7,4.3,2024-12-31,20
JKTYRE,8.06,5.07,210.23,6060.82,,10569.1,201.2,134.03,-2.57,4.0,2024-12-31,17
JLHL,28.08,12.04,235.5,1544.08,,2156.55,75.57,64.934,6.95,1.5,2024-12-31,7
JMA,6.71,13.16,120.26,274.68,,279.51,9.47,9.1926,9.8,4.3,2024-12-31,17
JMCPROJECT,10.24,,,,,,188.52,133.23,47.85,2.0,2022-09-30,9
JMFINANCIL,44.42,,111.44,10657.43,,,92.93,88.6,5.74,4.0,2024-12-31,17
JMTAUTOLTD,-158.16,,,,,,-54.0866,-57.4914,,,2021-03-31,3
JNKINDIA,10.42,5.56,101.45,567.65,,585.51,9.747,8.144,-69.18,0.8,2024-12-31,4
JOCIL,-0.92,-6.33,240.28,213.39,,217.96,-2.0162,-3.4478,8.61,4.3,2024-12-31,18
JPASSOCIAT,-11.21,,,,,,-167.17,-475.88,2.97,4.3,2024-12-31,18
JPINFRATEC,106.52,,,,,,1403.15,1378.59,65.82,4.3,2024-12-31,18
JPOLYINVST,98.85,1.72,1526.78,1604.95,,1789.83,7.71,7.71,126.77,4.3,2024-12-31,18
JPPOWER,35.63,7.06,13.03,8926.73,,16403.1,406.19,289.7,9.38,4.3,2024-12-31,18
JSL,11.33,14.24,240.2,19791.28,,26715.98,1140.55,951.28,29.86,4.3,2024-12-31,18
JSLHISAR,11.79,,,,,,505.37,450.44,31.89,2.3,2022-12-31,10
JSWENERGY,45.71,2.73,175.1,30751.51,,103951.67,1114.89,709.37,5.55,4.3,2024-12-31,19
JSWHL,88.8,0.28,29745.43,33011.48,,37200.0,25.9478,25.9478,-12.0,4.3,2024-12-31,18
JSWINFRA,56.65,11.56,52.17,10877.5,,18410.41,669.56,531.92,30.27,1.3,2024-12-31,7
JSWISPL,6.42,,,,,,107.66,40.11,15.87,2.5,2023-06-30,12
JSWSTEEL,14.92,6.53,409.91,100053.0,,200299.0,4746.0,3271.0,19.7,4.3,2024-12-31,20
JTEKTINDIA,7.63,7.13,42.75,1185.81,,1397.4,45.1642,24.9244,12.44,4.3,2024-12-31,17
JTLIND,8.24,8.7,37.82,1486.6,,1606.57,37.2047,34.9476,-7.15,1.5,2024-12-31,8
JUBILANT,27.41,,,,,,485.46,389.52,,,2020-12-31,2
JUBLCPL,8.71,23.97,303.52,459.9,,511.92,34.62,30.68,,,2024-12-31,1
JUBLFOOD,19.29,13.75,34.85,2292.09,,6024.85,414.868,207.037,25.98,4.3,2024-12-31,19
JUBLINDS,-6.75,,,,,,-19.74,-23.54,21.26,3.7,2024-06-30,16
JUBLINGREA,15.89,12.43,198.22,3126.22,,3892.02,158.08,120.9,10.49,3.8,2024-12-31,18
JUBLPHARMA,15.24,5.74,447.81,7092.8,,12983.8,277.7,186.4,53.37,3.8,2024-12-31,19
JUNIPER,40.13,7.39,128.92,2868.43,,3992.24,101.3311,73.7492,6.85,1.0,2024-12-31,5
JUSTDIAL,57.08,11.31,600.44,5106.48,,5377.34,164.01,152.0,13.53,4.3,2024-12-31,20
JVLAGRO,-990.05,,,,,,-20.89,-26.83,-99.0,0.8,2020-03-31,4
JWL,15.18,17.15,69.69,2978.47,,3357.86,151.7663,144.0028,64.63,2.5,2024-12-31,12
JYOTHYLAB,18.4,27.2,43.26,1588.61,,1695.87,129.6,115.32,8.17,4.3,2024-12-31,20
JYOTICNC,27.32,16.7,88.0,2001.33,,2436.95,109.289,101.76,5.84,1.0,2024-12-31,5
JYOTISTRUC,9.73,1.83,3.98,474.6,,2450.89,13.36,11.24,56.32,5.5,2024-12-31,25
KABRAEXTRU,13.62,10.18,126.23,441.48,,461.33,16.498,11.7357,14.13,4.3,2024-12-31,19
KAJARIACER,13.69,14.21,192.47,3065.58,,3362.25,159.27,119.41,8.54,4.0,2024-12-31,17
KAKATCEM,-14.61,-6.67,235.01,182.7,,190.76,-2.5273,-3.1807,-14.08,4.3,2024-12-31,18
KALAMANDIR,18.85,17.62,85.54,1260.47,,1614.75,84.54,71.13,29.3,1.5,2024-12-31,7
KALPATPOWR,9.3,,,,,,454.0,344.0,21.02,2.5,2023-03-31,11
KALYANI,1.64,35.04,224.7,22.47,,24.86,2.2488,2.1778,74.17,4.3,2024-12-31,18
KALYANIFRG,11.64,13.62,262.62,95.54,,139.36,6.8244,4.7441,9.39,4.3,2024-12-31,17
KALYANKJIL,6.44,17.2,61.09,6308.71,,8148.9,411.4,350.354,26.04,3.8,2024-12-31,17
KAMATHOTEL,41.37,27.59,107.19,316.01,,594.57,45.8737,41.0071,72.53,4.3,2024-12-31,18
KAMDHENU,10.47,16.36,14.06,396.37,,415.43,18.315,16.9873,4.28,4.3,2024-12-31,17
KAMOPAINTS,6.46,6.99,5.43,178.74,,196.48,4.7871,3.4315,3.15,2.0,2024-12-31,9
KANANIIND,3.57,4.24,3.51,69.4,,69.88,0.7453,0.74,-24.48,4.3,2024-12-31,18
KANORICHEM,0.08,-7.75,131.12,572.92,,808.29,0.27,-15.67,8.38,4.3,2024-12-31,18
KANPRPLA,11.11,17.0,111.81,268.47,,335.78,17.8584,14.2684,7.73,4.0,2024-12-31,17
KANSAINER,47.15,48.35,83.02,6713.78,,7053.96,906.12,852.72,8.04,4.3,2024-12-31,20
KAPSTON,4.58,17.27,38.23,116.35,,162.65,8.3424,7.0219,35.74,4.3,2024-12-31,18
KARDA,55.09,,,,,,9.5101,9.4793,-14.67,1.0,2021-09-30,5
KARMAENG,-116.47,-13.65,35.29,40.83,,45.98,-1.098,-1.5692,-44.3,4.3,2024-12-31,18
KAUSHALYA,-503.92,-1.03,2236.99,77.4,,79.14,-0.193,-0.2033,21.9,4.3,2024-12-31,19
KAVVERITEL,33.28,,,,,,2.3346,2.2139,46.18,4.3,2024-12-31,17
KAYA,10.46,-13.72,,,,105.53,6.0772,-3.6204,-5.52,4.3,2024-12-31,17
KAYNES,17.95,8.35,708.34,4748.35,,5166.76,118.667,107.823,51.19,2.0,2024-12-31,10
KBCGLOBAL,-2121.67,,,,,,-23.1177,-23.144,-66.43,3.0,2024-12-31,13
KCP,-2.18,-3.31,138.23,1782.06,,2786.9,-7.398,-23.039,10.35,4.3,2024-12-31,17
KCPSUGIND,-33.69,-22.44,40.53,459.51,,531.9,-28.3163,-29.8344,3.67,4.3,2024-12-31,19
KDDL,18.89,11.41,878.31,1080.23,,2285.86,89.15,65.2,33.22,4.3,2024-12-31,18
KEC,7.02,18.46,231.39,6159.69,,7150.25,375.37,330.05,16.02,4.3,2024-12-31,20
KECL,6.1,10.89,19.85,131.82,,222.51,7.3,6.06,13.29,4.3,2024-12-31,18
KEEPLEARN,12.75,12.02,0.4,6.18,,6.59,0.2689,0.1981,8.64,2.8,2024-12-31,12
KEERTI,16.35,,,,,,0.4197,0.3491,109.38,2.5,2023-06-30,11
KEI,10.31,13.69,697.16,6664.95,,6878.28,254.448,235.472,22.61,4.3,2024-12-31,20
KELLTONTEC,12.33,13.75,15.19,807.26,,871.19,34.3935,29.9453,-36.39,4.3,2024-12-31,19
KERNEX,24.2,12.43,147.67,248.11,,266.71,8.9092,8.2906,139.71,4.3,2024-12-31,20
KESORAMIND,8.57,28.29,11.91,370.13,,503.4,75.36,35.6,-41.7,4.3,2024-12-31,18
KEYFINSERV,-156.53,-2.07,259.69,144.57,,155.15,-0.7205,-0.8024,-2.45,4.3,2024-12-31,17
KFINTECH,49.26,19.82,96.98,1673.07,,2501.42,139.11,123.969,24.14,2.0,2024-12-31,10
KHADIM,12.01,12.4,90.81,166.89,,290.64,19.231,9.012,6.66,4.3,2024-12-31,18
KHAICHEM,5.52,10.3,29.97,290.65,,318.82,10.9695,8.2069,7.89,4.3,2024-12-31,18
KHAITANLTD,9.22,16.33,70.59,33.53,,38.7,1.6485,1.5798,13.33,4.3,2024-12-31,20
KHANDSE,22.81,7.06,18.19,27.74,,30.91,0.6159,0.5452,42.17,4.3,2024-12-31,19
KICL,104.52,0.19,26096.98,11391.33,,12433.71,5.878,5.854,45.55,4.3,2024-12-31,18
KILITCH,18.63,11.49,79.99,279.65,,336.15,10.4612,9.6538,30.37,4.3,2024-12-31,18
KIMS,26.54,9.83,56.17,2247.4,,6519.8,205.0,160.3,15.01,3.5,2024-12-31,16
KINGFA,12.74,14.3,1032.62,1399.31,,1415.17,56.0827,50.598,25.59,4.3,2024-12-31,18
KIOCL,-18.17,-8.71,28.57,1736.23,,1996.63,-32.8,-43.49,-19.78,4.3,2024-12-31,17
KIRIINDUS,26.6,2.23,1072.31,6436.35,,6500.34,47.5174,36.27,0.49,4.3,2024-12-31,17
KIRLOSBROS,15.43,22.84,310.29,2464.0,,2696.5,176.5,154.0,14.56,4.3,2024-12-31,17
KIRLOSENG,18.25,13.12,249.05,3620.19,,6952.84,265.36,228.07,14.16,4.3,2024-12-31,18
KIRLOSIND,11.45,4.57,5881.6,6180.97,,10381.23,184.7,118.59,31.88,4.3,2024-12-31,18
KIRLPNU,16.18,15.26,192.25,1248.84,,1281.88,55.44,48.91,-2.71,1.8,2024-12-31,9
KITEX,23.66,9.15,51.62,1029.83,,2697.28,65.3686,61.7135,18.73,4.3,2024-12-31,18
KKCL,19.01,12.7,152.27,938.37,,1221.35,48.51,38.77,21.25,4.0,2024-12-31,17
KMEW,44.5,13.23,233.22,570.09,,683.08,25.6347,22.5886,,,2024-12-31,2
KMSUGAR,15.52,19.96,42.6,391.88,,409.97,25.72,20.46,3.94,4.3,2024-12-31,18
KNAGRI,1.98,19.84,153.9,384.73,,386.22,21.18,19.16,,,2022-09-30,1
KNRCON,44.56,19.35,176.79,4971.99,,7326.71,377.8836,354.5189,6.23,4.3,2024-12-31,18
KOHINOOR,-9.54,-115.36,,,,11.72,-1.86,-3.38,-26.86,4.3,2024-12-31,19
KOKUYOCMLN,0.36,-5.53,32.1,321.98,,336.24,0.5751,-4.6511,12.2,4.3,2024-12-31,18
KOLTEPATIL,12.92,13.29,137.83,1222.29,,1257.13,45.16,41.76,48.77,4.3,2024-12-31,18
KOPRAN,12.04,11.39,109.82,530.28,,562.18,20.0112,16.0144,8.18,4.3,2024-12-31,18
KOTARISUG,15.17,11.03,35.66,295.62,,322.16,12.5529,8.8805,0.43,4.3,2024-12-31,19
KOTHARIPET,15.38,18.56,63.26,372.26,,387.92,20.1891,18.0,15.64,4.3,2024-12-31,19
KOTHARIPRO,8.05,5.96,193.96,1157.73,,1165.24,17.83,17.37,-21.68,4.3,2024-12-31,18
KPEL,21.07,17.42,77.44,523.44,,914.13,42.8696,39.8152,,,2024-12-31,1
KPIGLOBAL,46.91,,,,,,29.1776,25.731,205.85,0.5,2021-12-31,3
KPIGREEN,31.54,6.6,153.74,3034.0,,7841.34,144.5469,129.4728,93.04,2.8,2024-12-31,12
KPIL,8.54,16.07,455.37,7776.55,,9122.59,489.49,366.39,22.16,1.5,2024-12-31,8
KPITTECH,27.43,13.38,130.07,3540.91,,4444.65,181.385,148.649,6.33,4.0,2024-12-31,19
KPRMILL,20.26,12.0,166.69,5697.6,,5875.84,199.44,176.24,12.07,4.3,2024-12-31,20
KRBL,12.09,12.3,253.68,5806.49,,5950.32,203.26,182.91,9.73,4.3,2024-12-31,18
KREBSBIO,-38.94,-49.28,,,,50.18,-4.4648,-6.1822,0.16,4.3,2024-12-31,19
KRIDHANINF,-3943.04,,,,,,-33.3187,-33.3999,-44.78,3.5,2024-12-31,18
KRISHANA,15.07,19.07,90.69,560.72,,798.64,45.8239,38.0716,52.23,4.3,2024-12-31,20
KRITI,-0.33,-6.86,42.18,222.25,,263.6,-0.6846,-4.5176,20.85,3.0,2024-12-31,13
KRITIKA,3.11,17.37,3.79,100.82,,101.79,5.5565,4.4203,37.67,2.8,2024-12-31,12
KRITINUT,7.83,20.65,45.73,229.13,,235.58,13.5426,12.16,-6.31,2.3,2024-12-31,10
KRN,18.57,13.55,92.35,573.99,,576.23,20.7022,19.5149,,,2024-12-31,2
KRONOX,38.25,30.14,31.3,116.13,,117.16,9.1838,8.8266,11.13,0.8,2024-12-31,4
KROSS,14.42,14.92,75.92,489.76,,534.64,21.639,19.941,5.02,0.5,2024-12-31,3
KRSNAA,34.62,8.91,302.23,980.39,,1548.52,57.183,34.494,15.81,3.3,2024-12-31,14
KRYSTAL,7.95,14.22,357.25,499.15,,516.12,20.4287,18.346,-9.23,1.0,2024-12-31,5
KSB,14.95,21.31,96.46,1678.73,,1768.08,108.6,94.2,17.77,4.3,2024-12-31,18
KSCL,14.62,3.73,344.19,1756.78,,1800.17,25.4518,16.7657,6.34,4.3,2024-12-31,18
KSERASERA,-22.63,-10.83,0.01,1.2,,23.95,-0.1349,-0.6483,-64.04,4.2,2024-06-30,12
KSHITIJPOL,-0.74,-2.69,,63.05,,65.09,-0.0786,-0.4374,13.03,2.3,2024-12-31,9
KSL,19.99,14.76,482.19,2104.92,,2195.9,96.761,81.018,10.07,4.3,2024-12-31,17
KSOLVES,37.54,137.38,12.39,29.38,,39.74,14.1539,13.6484,37.94,2.3,2024-12-31,11
KUANTUM,19.43,7.68,140.76,1228.32,,2012.96,52.467,38.6551,38.0,4.3,2024-12-31,18
KUNDANMM,4.67,,,,,,60.5235,60.5235,,,2024-12-31,2
KWALITY,-1.74,,,,,,-0.3174,-3.1512,-28.34,1.0,2021-09-30,6
L&TFH,62.44,,,,,,2206.66,2177.47,0.29,3.0,2023-12-31,13
LAGNAM,10.24,12.52,76.6,135.35,,343.26,15.1975,10.7465,20.3,3.3,2024-12-31,13
LAL,-19.03,-32.82,3.01,52.03,,55.36,-4.0471,-4.5416,50.86,1.8,2024-12-31,8
LALPATHLAB,33.12,26.96,130.31,2172.72,,2314.43,174.9,156.0,6.48,4.3,2024-12-31,18
LAMBODHARA,9.21,6.71,123.58,128.25,,174.88,5.6029,2.9338,18.66,4.3,2024-12-31,18
LANCORHOL,8.9,4.6,32.54,239.33,,303.27,4.0872,3.4884,6.26,0.8,2024-12-31,5
LANDMARK,5.82,14.36,140.97,584.53,,989.22,69.546,35.509,209.93,2.0,2024-12-31,9
LAOPALA,38.48,14.11,73.91,820.36,,861.79,35.1312,30.4083,19.76,4.3,2024-12-31,18
LASA,27.74,51.57,9.9,49.62,,49.5,9.1777,6.3818,-11.15,4.3,2024-12-31,18
LATENTVIEW,28.53,12.23,84.82,1755.2,,1848.92,65.012,56.519,28.34,3.0,2024-12-31,14
LATTEYS,5.01,9.61,4.15,23.85,,29.83,0.8713,0.7163,-2.61,1.5,2024-12-31,7
LAURUSLABS,20.82,10.96,98.18,5300.06,,6875.76,294.57,188.48,5.24,4.3,2024-12-31,20
LAXMICOT,6.3,9.68,37.44,64.21,,73.75,2.593,1.7842,-10.34,2.8,2024-12-31,13
LAXMIDENTL,16.54,9.49,44.27,243.32,,263.18,10.2,6.247,,,2024-12-31,1
LAXMIMACH,6.48,,,,,,42.73,17.56,16.53,3.7,2024-06-30,18
LCCINFOTEC,-3793.16,-3.96,3.38,42.73,,45.11,-0.4438,-0.4464,-3.51,4.0,2024-12-31,19
LEEL,,,96.66,104.42,,104.44,,,,,2024-12-31,2
LEMONTREE,52.04,15.24,17.58,1391.93,,3930.94,184.8263,149.7515,60.43,4.3,2024-12-31,18
LEXUS,15.73,5.37,7.99,16.13,,73.74,3.0091,0.9905,-32.04,1.8,2024-12-31,8
LFIC,-158.31,-21.77,190.77,57.23,,59.77,-3.2012,-3.253,-7.18,4.3,2024-12-31,16
LGBBROSLTD,18.52,17.82,675.31,2153.7,,2275.11,125.3356,101.3841,12.07,4.3,2024-12-31,19
LGBFORGE,-5.84,-21.2,0.68,16.27,,34.43,-1.1575,-1.825,-5.24,3.5,2024-03-31,15
LGHL,29.11,15.86,14.96,74.95,,161.5,6.4522,6.4022,-17.72,1.0,2024-12-31,5
LIBAS,-5.69,,,,,,-1.2232,-1.2573,9.94,4.3,2024-12-31,19
LIBERTSHOE,8.49,7.63,137.19,233.78,,351.44,13.5939,6.7013,12.53,4.3,2024-12-31,19
LICHSGFIN,95.8,,753.17,41428.93,,,6773.12,6748.2,8.6,4.3,2024-12-31,19
LIKHITHA,19.43,22.67,104.44,412.0,,412.89,24.5423,23.4056,29.94,4.3,2024-12-31,18
LINC,13.09,17.12,43.33,257.74,,284.76,15.9938,12.1891,8.62,3.0,2024-12-31,13
LINCOLN,22.27,15.09,378.25,757.63,,779.36,32.6334,29.4091,3.61,4.3,2024-12-31,18
LINCPEN,8.57,,,,,,8.049,4.9491,45.8,1.0,2021-09-30,5
LINDEINDIA,34.9,13.62,500.28,4266.55,,4588.26,211.469,156.269,12.28,4.3,2024-12-31,16
LLOYDSENGG,20.03,11.5,11.72,1670.85,,1766.29,53.3174,50.7704,86.58,1.3,2024-12-31,7
LLOYDSENT,20.48,3.64,27.14,4142.58,,6231.4,59.4646,56.6312,,,2024-12-31,2
LLOYDSME,33.1,7.21,246.57,13870.89,,29551.91,554.44,532.38,-10.07,1.5,2024-12-31,8
LMW,8.97,5.14,2683.25,2866.52,,3106.18,68.72,39.88,,,2024-12-31,2
LODHA,33.54,18.72,233.11,23286.2,,27829.9,1369.5,1302.3,13.56,3.8,2024-12-31,18
LOKESHMACH,2.5,-2.96,112.86,225.69,,315.09,1.2967,-2.3339,8.63,4.3,2024-12-31,19
LORDSCHLO,10.48,3.76,84.64,242.52,,394.79,6.79,3.7123,26.76,1.3,2024-12-31,6
LOTUSEYE,8.23,-1.64,28.92,60.14,,73.25,1.0074,-0.2995,13.41,4.3,2024-12-31,19
LOVABLE,-25.19,-5.51,122.17,180.81,,184.95,-2.1013,-2.5482,-18.8,4.3,2024-12-31,19
LOYALTEX,-9.63,-45.68,423.44,203.93,,206.03,-14.9292,-23.5279,-26.26,2.0,2024-12-31,9
LPDC,39.36,1.76,3.09,41.46,,41.51,0.183,0.1826,8.06,4.3,2024-12-31,18
LSIL,14.59,,,,,,16.5059,15.8335,102.11,2.7,2023-06-30,12
LT,11.7,7.28,794.47,109289.8,,198052.37,4091.93,3603.97,20.57,4.3,2024-12-31,20
LTF,59.06,,111.74,27983.53,,,2418.52,2383.83,15.68,0.8,2024-12-31,5
LTFOODS,11.57,16.15,130.18,4520.44,,5385.87,263.2693,217.4812,17.12,1.0,2024-12-31,6
LTI,21.73,,,,,,1051.0,920.2,27.76,1.7,2022-09-30,9
LTIM,18.69,,,,,,1805.8,1541.4,5.86,2.0,2024-12-31,10
LTTS,20.86,23.92,610.64,6472.7,,7253.3,503.1,433.8,17.31,4.0,2024-12-31,19
LUMAXIND,8.11,13.32,981.49,917.5,,1363.91,71.969,45.4233,20.79,4.3,2024-12-31,18
LUMAXTECH,14.0,18.16,177.56,1210.22,,2072.41,126.8182,94.0996,31.38,4.3,2024-12-31,18
LUPIN,24.44,17.71,491.02,22448.27,,25713.59,1409.61,1138.16,10.07,4.3,2024-12-31,18
LUXIND,9.87,10.34,609.88,1834.04,,1872.29,54.6,48.41,8.86,4.3,2024-12-31,20
LXCHEM,10.22,7.81,71.64,1985.6,,2519.1,80.396,49.211,11.67,3.8,2024-12-31,17
LYKALABS,17.81,13.88,25.89,92.39,,120.64,6.0195,4.1864,16.81,4.3,2024-12-31,18
LYPSAGEMS,1.15,0.32,6.16,18.17,,18.47,0.0684,0.0147,16.23,4.3,2024-12-31,18
M&M,20.84,14.18,775.31,93096.35,,201536.08,8642.06,7146.89,14.22,4.3,2024-12-31,18
M&MFIN,72.43,,191.71,26638.64,,,3474.21,3392.01,17.21,4.0,2024-12-31,19
MAANALU,3.45,6.91,45.8,274.75,,289.89,6.29,5.01,17.08,4.3,2024-12-31,18
MACPOWER,13.1,14.1,175.18,175.25,,178.54,7.8723,6.2938,27.37,4.3,2024-12-31,18
MADHAV,21.36,3.26,138.34,123.77,,122.27,1.4635,0.9951,-20.43,4.3,2024-12-31,18
MADHUCON,36.93,,,,,,41.1491,-442.3688,-10.9,4.3,2024-12-31,19
MADRASFERT,14.56,191.58,5.71,91.97,,237.41,116.4,113.71,16.55,4.3,2024-12-31,19
MAFATLAFIN,39.05,,,,,,0.0897,0.0871,1.71,2.0,2022-09-30,10
MAGADSUGAR,14.24,11.8,624.6,880.19,,1132.48,40.4239,33.4139,7.15,4.3,2024-12-31,18
MAGMA,-145.23,,,,,,-631.3212,-644.4774,,,2021-03-31,3
MAGNUM,20.02,3.2,100.83,689.78,,1122.64,20.6472,8.9883,27.7,4.3,2024-12-31,17
MAHAPEXLTD,11727.36,5.19,175.82,458.92,,458.93,5.9575,5.949,7.0,4.3,2024-12-31,20
MAHASTEEL,2.13,5.13,96.6,158.75,,173.17,4.2597,2.2212,35.04,4.3,2024-12-31,18
MAHEPC,12.04,19.35,66.23,185.05,,186.0,9.81,9.0,9.5,4.3,2024-12-31,19
MAHESHWARI,8.25,21.7,72.94,215.88,,277.26,19.4279,15.0423,13.05,4.3,2024-12-31,16
MAHINDCIE,16.25,,,,,,396.605,314.096,10.31,2.2,2023-03-31,11
MAHLIFE,-4.13,-1.19,170.0,3626.87,,3650.83,-6.91,-10.88,48.9,4.3,2024-12-31,20
MAHLOG,5.01,4.95,118.4,1174.78,,1690.4,79.94,20.93,18.6,4.3,2024-12-31,20
MAHSCOOTER,82.73,0.06,24179.53,27634.79,,30785.58,4.79,4.31,7.85,4.0,2024-12-31,17
MAHSEAMLES,20.0,13.96,513.17,6876.45,,7346.79,281.56,256.37,23.26,4.3,2024-12-31,19
MAITHANALL,23.81,11.02,1424.14,4145.96,,4359.47,126.46,120.13,6.33,4.3,2024-12-31,18
MAJESCO,745.67,,,,,,37.06,36.91,,,2021-06-30,4
MALLCOM,13.84,16.62,510.21,318.37,,329.08,15.7042,13.6746,5.46,3.0,2024-12-31,13
MALUPAPER,-1.68,,,,,,-1.0518,-2.3548,13.71,4.3,2024-12-31,18
MAMATA,18.91,26.62,75.21,185.07,,194.94,13.886,12.973,,,2024-12-31,2
MANAKALUCO,8.42,17.19,21.72,142.35,,226.16,11.7595,9.7195,19.23,4.3,2024-12-31,17
MANAKCOAT,8.4,13.51,32.97,348.96,,444.21,17.2237,15.0032,16.47,4.3,2024-12-31,18
MANAKSIA,13.16,12.27,110.28,722.69,,761.89,24.7186,23.3721,-5.46,4.3,2024-12-31,18
MANAKSTEEL,3.6,4.97,49.74,325.98,,337.79,5.7717,4.1959,-0.98,4.3,2024-12-31,18
MANALIPETC,3.28,-0.36,74.5,1281.46,,1384.08,4.63,-1.26,-9.62,4.3,2024-12-31,18
MANAPPURAM,53.59,,170.87,16050.74,,,1371.87,1301.4,17.72,4.3,2024-12-31,18
MANBA,66.63,9.06,81.56,409.76,,1974.49,45.8861,44.746,96.47,0.5,2024-12-31,3
MANCREDIT,77.43,7.46,81.79,172.7,,509.51,9.8209,9.4965,,,2024-12-31,2
MANGALAM,10.04,16.4,65.11,103.06,,118.39,8.9053,4.8554,-2.08,4.3,2024-12-31,18
MANGCHEFER,11.36,,,,,,109.9072,90.8475,8.33,4.3,2024-12-31,19
MANGLMCEM,11.13,8.22,355.42,977.29,,1434.12,48.7914,29.455,7.63,4.3,2024-12-31,19
MANGTIMBER,-116.01,,,,,,-3.2947,-3.6526,-34.73,0.7,2021-06-30,5
MANINDS,11.51,12.05,278.17,2086.54,,2423.25,84.27,73.03,5.32,4.3,2024-12-31,17
MANINFRA,57.48,23.3,56.15,2266.44,,2355.45,139.2916,137.1886,50.49,4.3,2024-12-31,18
MANKIND,33.83,13.42,394.85,16300.34,,21572.28,810.75,723.72,29.48,1.8,2024-12-31,9
MANOMAY,13.42,20.12,94.72,170.96,,343.9,24.9456,17.3019,10.57,2.0,2024-12-31,9
MANORAMA,27.75,29.07,112.57,672.15,,716.3,58.0559,52.0591,52.26,2.5,2024-12-31,12
MANORG,12.68,11.02,372.01,318.59,,386.79,15.7127,10.6593,-4.31,3.3,2024-12-31,15
MANPASAND,-24288.17,,,,,,-8.6223,-26.5498,,,2020-12-31,2
MANUGRAPH,-59.17,-20.08,19.08,58.04,,79.47,-3.7898,-3.9887,13.35,4.3,2024-12-31,18
MANYAVAR,51.75,36.45,80.85,1964.34,,2474.47,264.584,225.458,9.94,3.0,2024-12-31,14
MAPMYINDIA,44.56,19.81,165.25,904.95,,920.75,51.0444,45.5925,38.21,3.0,2024-12-31,13
MARALOVER,2.36,-3.21,26.68,110.74,,317.89,5.9,-2.55,9.91,4.3,2024-12-31,19
MARATHON,105.18,6.67,337.41,2274.84,,2423.53,40.9385,40.39,70.5,4.3,2024-12-31,18
MARICO,20.58,35.55,32.49,4210.0,,5974.0,575.0,531.0,8.32,4.3,2024-12-31,19
MARINE,8.22,8.85,,492.9,,533.03,15.9359,11.7969,37.12,4.0,2024-12-31,17
MARKSANS,24.44,17.51,66.71,3023.16,,3333.81,166.614,145.926,16.48,4.3,2024-12-31,18
MARSHALL,-4.38,,,,,,-0.4,-1.5098,-0.68,2.5,2024-06-30,11
MARUTI,15.82,16.74,3408.25,107156.3,,112400.8,6134.2,4705.2,18.62,4.3,2024-12-31,19
MASFIN,74.23,8.84,163.91,2974.21,,13689.76,304.13,302.68,24.41,4.3,2024-12-31,18
MASKINVEST,40.62,0.11,199.67,60.92,,60.92,0.0171,0.0171,8.93,4.0,2024-12-31,16
MASTEK,17.72,16.53,965.21,2991.85,,3328.52,154.1,137.55,19.36,4.3,2024-12-31,19
MASTERTR,89.92,1.44,66.41,816.91,,1257.41,4.55,4.54,,,2024-12-31,2
MATRIMONY,18.59,21.97,99.89,206.47,,243.22,20.71,13.36,4.27,4.3,2024-12-31,17
MAWANASUG,27.91,62.93,134.13,524.67,,538.21,93.33,84.67,-4.62,4.3,2024-12-31,18
MAXESTATES,108.45,1.84,148.06,2419.91,,7656.78,43.4231,35.261,70.64,1.3,2024-12-31,6
MAXHEALTH,24.56,9.61,110.43,10746.63,,15044.0,458.8,361.26,28.14,4.3,2024-12-31,18
MAXIND,-7.19,-0.89,77.74,408.3,,507.54,-0.33,-1.13,4.52,4.3,2024-12-31,18
MAXVIL,55.79,,,,,,13.0047,9.2837,-63.52,2.5,2023-03-31,11
MAYURUNIQ,23.98,14.9,260.63,1132.5,,1149.36,49.9802,42.7993,12.61,4.3,2024-12-31,18
MAZDA,23.27,15.42,124.51,249.34,,257.04,10.8853,9.9102,2.86,4.3,2024-12-31,17
MAZDOCK,35.1,36.67,241.83,9754.88,,11602.22,1103.54,1063.68,28.03,4.3,2024-12-31,18
MBAPL,14.44,12.34,62.73,549.7,,1049.05,40.9783,32.3721,47.24,4.3,2024-12-31,18
MBECL,-213.84,-32.62,171.24,570.79,,574.61,-46.0684,-46.8637,-22.47,4.3,2024-12-31,18
MBLINFRA,-12.71,-4.01,62.68,956.0,,1938.86,-3.87,-19.45,-9.46,4.3,2024-12-31,18
MCDHOLDING,-202.86,,,,,,-0.4617,-0.4619,-82.47,1.0,2021-09-30,5
MCDOWELL-N,6.36,,,,,,414.0,341.0,-4.0,3.5,2024-03-31,16
MCL,5.81,12.36,16.84,45.71,,48.37,1.9092,1.4947,-23.75,4.3,2024-12-31,17
MCLEODRUSS,-6.48,-14.46,,,,945.06,-21.66,-34.17,-9.0,4.3,2024-12-31,18
MCLOUD,36.8,20.58,11.65,686.33,,876.72,55.7254,45.0988,,,2024-12-31,1
MEDANTA,26.9,15.56,147.44,3961.57,,5277.87,253.789,205.343,16.55,2.0,2024-12-31,9
MEDIASSIST,23.72,12.71,112.44,838.9,,934.82,44.117,29.698,12.02,1.0,2024-12-31,5
MEDICAMEQ,15.17,6.53,203.16,275.55,,284.07,6.8461,4.6364,10.61,3.3,2024-12-31,14
MEDICO,11.49,19.93,9.09,75.47,,75.76,4.5381,3.774,7.25,2.5,2024-12-31,11
MEDPLUS,11.81,1.77,164.61,1975.36,,3243.24,20.883,14.38,92.66,3.0,2024-12-31,12
MEGASOFT,183.3,,,,,,3.6128,2.7115,-33.72,1.7,2024-12-31,18
MEGASTAR,6.49,10.94,91.08,102.87,,164.53,6.0117,4.4986,23.02,2.8,2024-12-31,12
MEGH,25.84,,,,,,169.9544,136.0342,,,2020-12-31,2
MELSTAR,-39.3,-17.12,2.88,4.87,,4.87,-0.2073,-0.2084,-88.0,0.8,2024-12-31,19
MENONBE,18.91,12.05,33.07,185.35,,211.74,7.4246,6.3788,7.7,4.0,2024-12-31,18
MEP,-2899.57,,,,,,-593.9775,-594.6096,-55.23,3.5,2024-03-31,15
MERCATOR,-623.93,,,,,,-24.77,-25.39,,,2023-12-31,14
METALFORGE,-0.64,,,,,,-0.43,-61.26,82.95,3.0,2023-06-30,12
METROBRAND,35.84,21.43,73.13,1993.15,,3382.3,246.5,181.2,12.45,3.0,2024-12-31,12
METROPOLIS,23.1,10.39,72.98,1513.16,,1804.03,74.5648,46.8682,2.69,4.3,2024-12-31,18
MFL,21.26,,,,,,96.717,65.915,18.21,1.7,2023-06-30,7
MFML,-2.5,-5.17,91.99,97.69,,130.98,-0.9783,-1.6924,0.01,0.5,2024-12-31,3
MFSL,-25.05,,153.04,5281.79,,,-1.18,-1.47,232.88,4.3,2024-12-31,16
MGEL,3.34,24.53,7.52,247.98,,263.61,16.7565,16.169,26.46,4.0,2024-12-31,18
MGL,18.7,16.04,650.71,6427.61,,7022.58,360.703,281.592,34.39,4.3,2024-12-31,19
MHLXMIRU,33.49,32.61,85.38,90.67,,91.79,8.3788,7.4832,-20.6,3.0,2024-12-31,13
MHRIL,26.19,3.8,38.57,777.88,,8914.8,177.6538,84.6615,8.4,4.3,2024-12-31,20
MIC,-6.47,,,,,,-0.22,-0.87,233.61,1.0,2021-09-30,6
MICEL,33.47,6.24,8.97,216.22,,227.11,3.932,3.5419,-24.19,3.0,2024-12-31,12
MIDHANI,24.99,7.28,81.71,1530.82,,2379.18,59.4599,43.2839,9.19,4.3,2024-12-31,18
MINDACORP,12.19,12.21,112.32,2643.51,,3350.34,152.65,102.29,16.43,4.3,2024-12-31,18
MINDAIND,9.71,,,,,,139.88,84.18,39.62,1.5,2022-03-31,7
MINDTECK,10.51,12.4,95.0,303.57,,312.52,10.93,9.69,8.75,4.3,2024-12-31,18
MINDTREE,21.92,,,,,,745.3,680.2,34.6,1.7,2022-09-30,9
MIRCELECTR,0.47,-1.11,6.44,237.78,,285.25,0.79,-0.79,4.02,4.3,2024-12-31,17
MIRZAINT,3.2,-2.68,40.72,562.8,,613.54,3.6642,-4.1065,-18.42,4.3,2024-12-31,19
MITCON,32.21,7.89,,157.9,,247.19,7.1849,4.8751,-8.69,2.8,2024-12-31,12
MITTAL,4.89,3.01,1.45,64.31,,81.27,0.8779,0.6109,24.85,4.3,2024-12-31,20
MKPL,5.17,9.8,2.03,76.3,,78.65,2.0422,1.9279,133.38,1.3,2024-12-31,6
MMFL,20.5,13.31,202.51,977.77,,1624.38,76.6835,54.0346,22.02,4.3,2024-12-31,17
MMP,10.1,13.97,136.41,346.51,,413.63,17.0012,14.4502,32.14,4.3,2024-12-31,20
MMTC,1820.0,0.66,14.14,2120.72,,2149.53,4.55,3.55,-90.59,4.3,2024-12-31,15
MOBIKWIK,-15.84,-33.4,68.45,538.9,,552.27,-42.672,-46.108,,,2024-12-31,2
MODIRUBBER,-263.88,-2.26,269.77,675.52,,713.75,-3.3077,-4.0318,26.03,4.3,2024-12-31,19
MODISNME,9.82,,,,,,8.8023,7.2324,-12.1,1.2,2022-06-30,6
MODISONLTD,9.32,12.98,84.64,274.66,,283.0,11.2937,9.1821,20.16,2.3,2024-12-31,9
MODTHREAD,2.15,1.09,41.81,145.4,,149.04,1.5521,0.4074,6.52,4.8,2024-12-31,21
MOHITIND,0.59,-0.55,65.36,92.54,,99.91,0.1735,-0.1362,-4.49,4.3,2024-12-31,18
MOHOTAIND,258.0,,,,,,0.0129,-0.7351,-99.0,1.3,2023-03-31,10
MOIL,34.86,12.5,132.79,2702.14,,2848.77,127.8577,89.0493,4.26,4.3,2024-12-31,19
MOKSH,3.94,,,,,,4.626,4.5789,17.39,3.5,2024-12-31,15
MOL,8.79,4.52,60.74,1544.78,,1794.12,49.9606,20.2948,1.27,3.3,2024-12-31,15
MOLDTECH,7.3,2.66,44.47,128.1,,130.62,2.4537,0.8682,11.02,4.3,2024-12-31,19
MOLDTKPAC,17.82,10.68,207.64,689.98,,809.02,33.9802,21.6012,11.71,4.3,2024-12-31,19
MONARCH,72.25,20.02,122.55,971.41,,1067.97,55.3788,53.4418,27.9,3.0,2024-12-31,14
MONTECARLO,29.29,49.42,436.94,905.87,,1172.38,160.74,144.85,49.87,4.3,2024-12-31,18
MORARJEE,-91.6,,,,,,-12.11,-17.38,-27.86,3.5,2024-03-31,15
MOREPENLAB,9.16,10.11,22.75,1246.44,,1445.82,41.4769,36.547,7.24,4.3,2024-12-31,18
MOSCHIP,15.85,11.65,21.1,408.59,,483.4,17.3937,14.0749,,,2024-12-31,1
MOTHERSON,14.89,1.76,38.91,40979.64,,61313.44,358.75,269.24,-54.81,2.5,2024-12-31,11
MOTHERSUMI,33.85,,,,,,551.99,499.06,9.71,1.5,2022-03-31,7
MOTILALOFS,53.56,20.04,214.14,12888.11,,20819.8,1070.56,1043.26,23.62,4.3,2024-12-31,20
MOTISONS,15.87,17.77,4.98,499.07,,507.57,23.0563,22.5441,17.89,1.0,2024-12-31,6
MOTOGENFIN,28.21,0.37,57.41,222.33,,226.2,0.4917,0.2099,38.0,4.3,2024-12-31,19
MPHASIS,24.81,18.16,563.04,10743.71,,11772.37,582.983,534.516,12.85,4.3,2024-12-31,20
MPSLTD,33.33,31.94,351.49,596.33,,691.95,62.12,55.25,13.12,4.3,2024-12-31,19
MRF,13.32,9.03,49456.64,20974.56,,22947.24,932.82,517.83,12.49,4.3,2024-12-31,18
MRO-TEK,52.64,,,,,,6.4029,5.6356,17.54,4.3,2024-12-31,18
MRPL,4.16,11.51,81.0,14196.87,,25465.21,1064.46,732.95,25.68,4.3,2024-12-31,20
MSPL,2.74,2.37,18.18,1030.21,,1042.7,19.6736,6.1782,11.82,4.3,2024-12-31,18
MSTCLTD,418.16,144.36,128.4,903.94,,934.72,339.3113,337.3344,-19.99,4.3,2024-12-31,18
MSUMI,10.35,31.99,3.26,2161.71,,2390.98,238.16,191.2,12.54,2.8,2024-12-31,12
MTARTECH,20.87,10.9,267.42,822.59,,1016.59,36.4068,27.7128,27.95,3.8,2024-12-31,16
MTEDUCARE,1.7,-109.97,,,,7.7,0.205,-2.117,-13.65,4.5,2024-12-31,19
MTNL,24.26,,,,,,41.254,-108.616,-15.16,4.3,2024-12-31,18
MUFIN,66.36,6.19,29.0,574.69,,2027.48,32.232,31.4002,94.18,1.3,2024-12-31,7
MUFTI,31.61,18.68,67.09,438.6,,665.77,49.157,31.094,-4.9,1.3,2024-12-31,6
MUKANDENGG,-50.24,,,,,,-2.07,-2.2,-21.59,1.5,2022-03-31,7
MUKANDLTD,5.85,13.14,105.35,1522.33,,1861.27,73.81,61.15,16.25,4.3,2024-12-31,18
MUKKA,15.55,30.31,16.64,499.09,,572.2,47.1513,43.3553,-41.3,1.0,2024-12-31,5
MUKTAARTS,13.16,4.59,,,,121.14,6.3295,1.3908,32.4,4.3,2024-12-31,17
MUNJALAU,5.16,6.33,44.76,447.55,,723.81,26.946,11.4547,-5.19,4.3,2024-12-31,18
MUNJALSHOW,3.46,4.66,169.53,678.03,,690.65,11.0429,8.0517,-0.8,4.3,2024-12-31,18
MURUDCERA,16.15,3.93,62.78,380.09,,480.17,8.0965,4.7187,33.41,4.3,2024-12-31,19
MUTHOOTCAP,63.56,7.89,407.6,670.42,,3993.85,79.8841,78.8022,-3.1,4.3,2024-12-31,17
MUTHOOTFIN,73.54,,974.68,39130.32,,,3816.453,3785.875,15.42,4.3,2024-12-31,18
MUTHOOTMF,37.21,7.66,170.14,2854.31,,12663.43,253.2958,242.3564,17.13,1.0,2024-12-31,5
MVGJL,8.25,17.82,170.61,833.36,,875.09,41.071,38.981,-16.0,1.3,2024-12-31,6
NACLIND,-9.27,-17.83,29.16,682.92,,716.66,-24.82,-31.95,-5.73,4.3,2024-12-31,18
NAGAFERT,-2127.27,,,,,,-19.79,-19.79,-75.98,4.0,2024-12-31,16
NAGREEKCAP,114.6,14.38,22.62,28.54,,137.69,4.9622,4.9512,17.81,4.3,2024-12-31,17
NAGREEKEXP,6.18,9.79,50.96,159.23,,191.49,6.4822,4.6845,5.29,4.3,2024-12-31,19
NAHARCAP,49.4,0.46,960.07,1607.74,,1780.81,2.3165,2.0497,-18.16,4.3,2024-12-31,18
NAHARINDUS,7.27,5.03,241.4,1043.0,,1416.88,31.2397,17.8035,4.17,4.3,2024-12-31,18
NAHARPOLY,11.12,4.71,352.52,866.77,,936.7,19.2254,11.0262,21.1,4.3,2024-12-31,17
NAHARSPING,4.97,3.76,419.28,1512.12,,1735.96,40.3312,16.3027,10.05,4.3,2024-12-31,17
NAM-INDIA,68.23,31.82,73.01,4659.14,,4944.54,401.1,393.36,23.73,4.0,2024-12-31,18
NARMADA,12.0,10.6,15.64,59.34,,60.35,1.6606,1.5996,1.96,2.3,2024-12-31,10
NARMADASUG,-1124.26,,,,,,-0.19,-0.6497,,,2020-12-31,2
NATCOPHARM,45.3,7.16,514.83,9221.1,,9392.8,215.1,168.1,-11.6,4.3,2024-12-31,18
NATHBIOGEN,23.09,4.38,358.06,680.46,,702.73,8.5147,7.6897,11.44,4.3,2024-12-31,18
NATIONALUM,52.05,40.16,108.0,19836.33,,21325.33,2426.63,2140.98,17.19,4.3,2024-12-31,18
NATNLSTEEL,-5.13,,,,,,-8.5,-20.5,-39.78,2.3,2022-12-31,11
NAUKRI,45.95,2.52,585.32,37913.13,,45577.36,308.541,286.847,27.06,4.3,2024-12-31,18
NAVA,27.74,2.02,309.02,8745.3,,13617.44,77.673,68.8573,-22.13,2.5,2024-12-31,11
NAVINFLUOR,26.03,9.66,775.69,3974.58,,5311.07,157.79,128.23,16.31,4.3,2024-12-31,20
NAVKARCORP,5.99,-0.96,130.08,1957.95,,2067.13,7.7601,-4.9617,-2.97,4.3,2024-12-31,18
NAVKARURB,11.34,2.34,1.42,159.8,,167.01,0.9766,0.9766,,,2024-12-31,1
NAVNETEDUL,18.18,6.09,92.31,2042.0,,2257.0,50.94,34.37,13.67,4.3,2024-12-31,18
NAZARA,11.03,3.03,93.76,3473.49,,3765.76,59.0,28.48,47.8,3.8,2024-12-31,17
NBCC,6.99,23.52,11.18,3017.26,,3334.85,197.6487,196.1046,18.44,4.3,2024-12-31,18
NBIFIN,-4.51,-0.0,8928.43,2638.35,,2725.81,-0.0281,-0.0281,2.94,2.5,2024-12-31,11
NBVENTURES,56.23,,,,,,571.5939,495.3088,42.13,1.5,2022-03-31,7
NCC,8.97,17.6,125.33,7868.95,,9673.19,479.24,425.57,30.77,4.3,2024-12-31,18
NCLIND,7.14,3.32,207.86,940.2,,1275.08,24.3713,10.593,-0.46,4.3,2024-12-31,18
NDGL,95.22,0.38,12936.0,1293.6,,1779.08,1.8358,1.6936,3.03,4.3,2024-12-31,18
NDL,3.33,9.04,4.52,651.18,,763.43,30.8668,17.2511,25.61,4.3,2024-12-31,16
NDLVENTURE,,,17.61,59.29,,59.62,,,,,2024-12-31,7
NDRAUTO,11.19,15.04,150.4,357.72,,414.82,19.6097,15.6014,53.29,4.3,2024-12-31,18
NDTV,-30.12,-49.44,11.37,128.26,,388.35,-39.98,-48.0,8.36,4.3,2024-12-31,18
NECCLTD,6.6,7.87,22.7,226.99,,242.97,5.3455,4.7807,7.6,4.3,2024-12-31,20
NECLIFE,9.95,20.06,29.98,582.3,,591.49,45.2829,29.6694,1.45,4.3,2024-12-31,19
NELCAST,7.87,9.77,68.58,596.64,,687.31,22.9233,16.7851,18.93,4.3,2024-12-31,19
NELCO,16.97,24.13,56.46,128.83,,139.91,13.7,8.44,10.29,4.3,2024-12-31,20
NEOGEN,17.72,6.67,309.4,816.25,,1714.2,35.7,28.6,23.55,4.3,2024-12-31,18
NESCO,75.96,16.51,425.27,2996.42,,3489.57,156.8813,144.0583,31.63,4.3,2024-12-31,18
NESTLEIND,22.79,50.98,20.8,4010.21,,7507.97,1089.37,956.86,-4.09,1.3,2024-12-31,7
NETWEB,13.62,23.0,127.03,723.3,,737.19,45.495,42.394,213.39,1.5,2024-12-31,8
NETWORK18,-100.34,-107.8,31.89,4918.12,,5258.58,-1365.19,-1417.13,147.82,4.3,2024-12-31,19
NEULANDLAB,36.75,23.42,1461.01,1874.47,,2219.94,146.2819,129.9816,12.48,4.3,2024-12-31,18
NEWGEN,30.62,22.83,125.91,1777.35,,1892.55,116.6985,108.0354,19.72,4.0,2024-12-31,19
NEXTMEDIA,14.83,-44.94,,,,3.56,1.43,-0.4,-5.1,4.8,2024-12-31,22
NFL,3.03,7.65,57.91,2840.98,,4344.59,177.4,83.13,15.49,4.3,2024-12-31,17
NGIL,5.1,,16.26,28.96,,,0.726,0.403,2.56,3.3,2024-12-31,13
NGLFINE,5.57,1.89,532.91,329.23,,395.48,4.9648,1.8658,13.69,2.5,2024-12-31,11
NH,19.11,4.61,223.4,4537.26,,10647.15,165.316,122.733,21.33,4.3,2024-12-31,18
NHPC,63.18,3.65,41.25,41437.18,,105904.88,1244.91,965.69,-5.43,4.3,2024-12-31,18
NIBE,5.89,3.77,233.18,348.4,,420.14,8.756,3.9624,,,2024-12-31,1
NIBL,-2.63,-26.93,,,,39.77,-0.4427,-2.6776,3.37,4.3,2024-12-31,19
NIITLTD,27.16,1.35,78.47,1070.18,,1112.62,8.619,3.747,-17.2,4.3,2024-12-31,19
NIITMTS,23.32,16.54,112.19,1542.89,,1977.21,97.674,81.735,166.12,1.5,2024-12-31,7
NILAINFRA,17.4,15.69,4.76,187.33,,222.63,9.1058,8.735,20.81,4.3,2024-12-31,18
NILASPACES,33.82,16.25,4.34,170.77,,242.42,11.1679,9.8484,18.43,4.3,2024-12-31,18
NILKAMAL,7.79,7.47,1057.01,1577.38,,1940.04,66.5197,36.2486,11.67,4.3,2024-12-31,18
NINSYS,27.61,37.62,49.33,91.63,,96.63,9.7152,9.0883,100.15,1.8,2024-12-31,8
NIPPOBATRY,2.69,0.44,403.4,302.55,,335.61,3.2739,0.3695,-6.23,4.3,2024-12-31,19
NIRAJ,2.94,4.4,44.55,265.92,,271.55,3.5154,2.9858,8.92,4.3,2024-12-31,19
NIRAJISPAT,60.44,,,,,,0.4762,0.434,-1.44,4.3,2024-12-31,19
NITCO,-564.41,-396.5,15.17,364.82,,653.22,-477.6239,-647.5025,2.2,4.3,2024-12-31,18
NITINFIRE,16399.04,14463.79,1.32,38.49,,26.99,975.9724,975.9439,1.05,5.8,2024-12-31,40
NITINSPIN,14.04,14.88,261.6,1470.73,,2164.36,117.7944,80.5283,17.22,4.3,2024-12-31,19
NITIRAJ,26.17,40.78,80.32,82.34,,86.09,9.7049,8.7768,77.25,3.5,2024-12-31,15
NKIND,4.79,-0.11,,,,1886.32,0.1792,-0.5024,-7.94,4.3,2024-12-31,18
NLCINDIA,34.39,4.58,155.23,21524.76,,54639.7,954.31,624.96,6.86,4.3,2024-12-31,17
NMDC,41.83,29.21,38.74,34062.33,,36214.11,2747.1,2644.42,28.92,4.3,2024-12-31,18
NOCIL,10.41,4.1,106.18,1773.39,,1908.65,33.11,19.54,8.88,4.3,2024-12-31,18
NOIDATOLL,-2307.73,-13826.36,,,,6.86,-228.749,-237.122,46.85,4.3,2024-12-31,18
NORBTEAEXP,12.48,1.68,12.11,18.82,,24.26,0.2516,0.1016,-9.76,4.3,2024-12-31,18
NORTHARC,62.54,8.37,241.12,3895.56,,16496.96,350.2127,345.0401,-0.57,0.5,2024-12-31,3
NOVAAGRI,17.63,25.48,25.84,232.61,,236.6,15.5494,15.0697,12.34,1.0,2024-12-31,5
NRAIL,10.16,6.67,479.11,815.4,,1539.77,42.4528,25.6602,10.65,4.3,2024-12-31,19
NRBBEARING,14.42,10.74,99.32,962.63,,999.92,37.07,26.84,8.4,4.3,2024-12-31,18
NRL,16.65,12.21,,134.12,,173.62,5.7113,5.2996,-18.25,2.0,2024-12-31,10
NSIL,84.08,0.27,29542.54,15173.05,,17178.88,11.3896,11.3839,-20.46,4.3,2024-12-31,17
NSLNISP,-30.09,-22.22,44.95,13173.2,,16042.02,-637.67,-891.15,406.15,1.3,2024-12-31,8
NTL,-13042.98,,,,,,-1.5782,-25.2126,-17.46,3.5,2024-12-31,10
NTPC,31.55,8.96,209.53,203175.67,,441521.02,14212.25,9893.95,12.11,4.3,2024-12-31,20
NTPCGREEN,98.97,2.25,22.51,18965.19,,54174.46,499.9,305.34,,,2024-12-31,1
NUCLEUS,23.71,18.37,344.71,907.45,,983.89,48.77,45.19,10.03,4.3,2024-12-31,18
NURECA,-11.81,-8.13,189.44,180.76,,182.38,-3.214,-3.707,-4.1,3.8,2024-12-31,16
NUVAMA,56.44,6.96,226.37,4120.94,,32089.98,582.41,558.37,31.03,1.3,2024-12-31,7
NUVOCO,10.73,1.09,286.4,10228.77,,14989.29,258.41,41.03,2.59,3.5,2024-12-31,16
NXTDIGITAL,22.53,,,,,,55.2566,-12.2754,3.27,2.0,2023-03-31,11
NYKAA,30.93,7.33,5.02,1437.98,,1853.13,36.85,33.98,-46.02,3.3,2024-12-31,14
OAL,10.17,8.64,197.46,664.53,,751.43,22.6369,16.237,3.94,4.0,2024-12-31,18
OBCL,4.53,8.7,39.81,83.93,,110.89,4.1854,2.412,2.83,2.8,2024-12-31,11
OBEROIRLTY,64.16,16.8,492.89,17921.62,,21005.86,905.33,882.08,44.86,4.0,2024-12-31,18
OCCL,15.13,,,,,,4.4847,3.4278,-23.08,4.3,2024-12-31,18
OCCLLTD,16.68,7.58,86.34,431.27,,477.41,16.0492,9.0502,,,2024-12-31,2
ODIGMA,7.03,1.38,17.09,53.42,,53.89,0.715,0.1859,,,2024-12-31,1
OFSS,45.69,36.01,899.24,7826.5,,8516.4,783.6,766.7,8.82,4.3,2024-12-31,19
OIL,32.79,8.85,356.56,57998.36,,106496.79,2980.22,2356.33,39.97,4.3,2024-12-31,18
OILCOUNTUB,42.58,4.71,37.97,197.42,,295.01,17.546,3.4709,158.93,4.3,2024-12-31,18
OISL,-737.16,,,,,,-3.3386,-25.5859,-95.53,1.5,2022-03-31,15
OLAELEC,5800.0,4.62,7.98,3351.0,,4939.0,58.0,57.0,-99.0,0.5,2024-12-31,3
OLECTRA,15.53,19.53,149.56,1227.58,,1466.28,78.7332,71.5939,72.9,4.3,2024-12-31,19
OMAXAUTO,14.18,8.46,162.13,346.77,,403.2,13.0832,8.5312,15.34,4.3,2024-12-31,19
OMAXE,-39.9,-58.72,,,,856.41,-115.3,-125.73,15.77,4.3,2024-12-31,18
OMINFRAL,10.82,4.23,79.16,762.36,,885.48,10.7059,9.3591,29.87,4.0,2024-12-31,18
OMKARCHEM,-22.1,-11.5,,18.72,,42.15,-0.8257,-1.2114,-57.8,1.7,2022-06-30,7
OMMETALS,28.25,,,,,,11.4311,9.3527,,,2020-09-30,1
ONELIFECAP,-130.3,-8.45,19.51,72.9,,94.34,-1.7333,-1.993,1.26,4.3,2024-12-31,17
ONEPOINT,31.23,7.26,,446.6,,744.27,20.5121,13.5099,26.64,4.3,2024-12-31,20
ONESOURCE,1.45,-1.72,508.75,5831.29,,6768.05,4.87,-29.106,,,2024-12-31,2
ONGC,55.92,7.75,295.52,371767.8,,623016.6,18853.97,12075.21,17.52,4.3,2024-12-31,17
ONMOBILE,4.05,-0.98,58.74,624.54,,645.08,6.649,-1.582,3.8,4.3,2024-12-31,19
ONWARDTEC,10.0,12.1,112.95,253.51,,298.77,12.3354,9.0368,41.51,4.3,2024-12-31,20
OPTIEMUS,7.13,10.18,87.57,776.64,,1095.66,33.6366,27.8776,71.78,4.3,2024-12-31,19
OPTOCIRCUI,-626739.52,,,,,,-155.4314,-155.4314,-98.75,1.5,2022-03-31,5
ORBTEXP,23.64,10.93,115.97,307.46,,335.97,12.7593,9.1824,28.46,4.3,2024-12-31,18
ORCHASP,8.49,1.65,3.52,121.81,,121.81,0.5104,0.5035,,,2024-12-31,1
ORCHPHARMA,16.04,6.43,253.91,1287.79,,1631.94,34.8525,26.2475,17.74,4.3,2024-12-31,18
ORICONENT,13.06,1.46,73.34,1151.79,,1183.78,6.7031,4.3299,-21.73,4.3,2024-12-31,18
ORIENTABRA,12.16,,,,,,10.6023,7.647,10.85,2.5,2023-03-31,11
ORIENTALTL,285.75,20.99,13.57,99.78,,99.88,5.3586,5.2406,-29.86,4.3,2024-12-31,20
ORIENTBELL,4.9,2.5,223.54,328.82,,378.17,7.9925,2.3629,5.4,4.3,2024-12-31,19
ORIENTCEM,9.42,3.6,104.44,2145.87,,2490.28,60.6092,22.4157,7.26,4.3,2024-12-31,18
ORIENTCER,10.29,4.77,25.25,302.06,,336.39,7.626,4.0153,1.23,1.5,2024-12-31,7
ORIENTELEC,7.7,20.3,35.62,760.1,,841.23,62.86,42.7,16.05,4.3,2024-12-31,18
ORIENTHOT,28.92,12.56,42.67,762.06,,841.58,35.25,26.43,61.69,4.3,2024-12-31,20
ORIENTLTD,5.68,4.36,64.52,64.52,,72.27,1.9376,0.7878,-3.84,4.3,2024-12-31,17
ORIENTPPR,1.42,-2.1,69.19,1468.2,,1804.66,3.26,-9.4864,24.77,4.3,2024-12-31,18
ORIENTREF,17.2,,,,,,70.0585,62.2269,,,2021-03-31,3
ORIENTTECH,9.16,20.21,73.44,336.39,,349.43,18.9526,17.6522,92.19,0.5,2024-12-31,3
ORISSAMINE,-7.17,-8.74,,,,93.77,-1.4775,-2.049,60.87,3.5,2024-12-31,16
ORTEL,-29.8,,,,,,-0.0312,-0.0931,-99.0,0.7,2021-06-30,5
ORTINGLOBE,-340.0,-20.71,1.53,1.24,,2.24,-0.1139,-0.116,,,2024-12-31,2
ORTINLAB,-46.21,,,,,,-0.0964,-0.1012,-48.1,3.2,2024-06-30,14
ORTINLABSS,4.4,,,,,,2.2789,1.7465,,,2020-12-31,2
OSIAHYPER,6.05,13.49,,431.67,,648.53,24.6332,21.8772,40.3,2.0,2024-12-31,9
OSWALAGRO,93.3,25.94,66.82,897.01,,897.2,58.2806,58.1733,64.02,4.3,2024-12-31,19
OSWALGREEN,5.35,-0.0,9285.54,238461.13,,238912.14,0.819,-0.1492,86.71,1.8,2024-12-31,9
OSWALSEEDS,10.84,60.17,5.58,51.03,,53.54,8.1757,8.0536,82.37,1.8,2024-12-31,8
PAEL,-1700.0,,,,,,-0.17,-0.19,,,2021-12-31,5
PAGEIND,24.11,65.63,1347.14,1502.6,,1748.56,316.5613,286.9052,14.43,4.3,2024-12-31,18
PAISALO,81.28,10.52,19.71,1792.98,,6252.81,165.6172,164.3839,24.65,4.3,2024-12-31,18
PAKKA,18.66,9.3,100.2,450.39,,675.57,19.7768,15.7068,0.16,1.5,2024-12-31,7
PALASHSECU,-22.2,-2.3,483.61,483.76,,524.08,-2.8625,-3.0092,-7.09,4.3,2024-12-31,18
PALREDTEC,-2.77,-8.79,35.22,43.09,,40.48,-0.5632,-0.8897,-14.37,4.3,2024-12-31,18
PANACEABIO,8.78,2.35,136.3,834.84,,913.49,14.35,5.37,-2.49,4.3,2024-12-31,19
PANACHE,16.2,11.15,,105.58,,110.8,3.3601,3.0874,7.4,4.3,2024-12-31,18
PANAMAPET,9.18,16.69,242.78,1468.68,,1514.72,66.83,63.2,20.86,4.3,2024-12-31,19
PANSARI,49.98,3.03,76.94,134.24,,147.23,2.0984,1.1146,-28.11,3.3,2024-12-31,14
PAPERPROD,11.71,,,,,,80.31,55.77,,,2020-09-30,1
PAR,7.96,2.72,91.0,111.98,,115.47,1.7009,0.7865,2.72,3.3,2024-12-31,13
PARABDRUGS,,,,,,,,,,,2020-12-31,3
PARACABLES,9.53,17.21,25.49,778.07,,792.88,37.3288,34.1109,32.75,4.3,2024-12-31,18
PARADEEP,9.05,15.27,65.33,6782.66,,8030.35,371.46,306.64,32.3,2.8,2024-12-31,12
PARAGMILK,8.99,16.87,100.68,1258.56,,1503.69,79.5,63.42,14.46,4.3,2024-12-31,19
PARAS,27.6,10.59,90.02,725.44,,750.82,23.67,19.88,17.7,3.3,2024-12-31,13
PARASPETRO,,,0.5,16.62,,19.99,,,,,2024-12-31,14
PARKHOTELS,36.3,11.11,62.91,1342.32,,1796.42,64.43,49.88,11.69,1.0,2024-12-31,5
PARSVNATH,121.09,24.18,,,,944.8,70.5188,57.1015,14.31,4.3,2024-12-31,19
PASUPTAC,9.08,10.38,48.85,435.42,,551.24,15.79,14.3,-0.38,3.3,2024-12-31,14
PATANJALI,6.38,15.55,120.36,13096.12,,13152.91,581.1875,511.4816,9.75,2.5,2024-12-31,12
PATELENG,16.08,11.75,46.49,4439.97,,5774.64,193.855,169.643,26.67,4.3,2024-12-31,18
PATINTLOG,3.39,7.41,17.75,123.5,,129.94,3.0431,2.4061,13.98,4.3,2024-12-31,18
PATSPINLTD,17.5,,,,,,7.45,4.9,-3.6,1.0,2021-09-30,6
PAVNAIND,9.23,6.7,14.64,204.29,,232.46,7.3314,3.8963,0.02,1.5,2024-12-31,7
PAYTM,-2.67,-4.94,250.39,16026.0,,16319.0,-39.8,-201.5,18.53,3.3,2024-12-31,15
PBAINFRA,17.56,,,,,,0.3942,-0.6912,-22.01,1.7,2022-06-30,8
PCBL,16.31,12.52,101.82,4006.3,,7707.49,327.91,241.25,20.24,3.0,2024-12-31,12
PCJEWELLER,24.15,7.24,9.45,8174.25,,8255.69,154.25,149.41,9.79,4.3,2024-12-31,18
PDMJEPAPER,15.99,14.21,70.51,669.48,,781.04,30.97,27.75,16.77,4.3,2024-12-31,18
PDPL,2614.91,,,,,,46.365,19.2117,-47.41,1.5,2022-03-31,8
PDSL,8.07,1.69,124.88,1763.6,,2117.16,10.3371,8.9275,4.4,2.8,2024-12-31,12
PDSMFL,13.23,,,,,,4.6323,3.7965,-95.81,1.3,2021-12-31,5
PEARLPOLY,-37.66,-29.27,17.15,28.87,,29.96,-2.0677,-2.1923,-32.11,4.3,2024-12-31,19
PEL,61.44,,,,,,1504.33,1450.21,22.69,4.3,2024-12-31,16
PENIND,10.52,18.13,86.19,1163.15,,1567.2,88.3,71.04,19.73,4.3,2024-12-31,18
PENINLAND,5.48,4.92,2.15,71.27,,345.63,5.3,4.25,21.9,4.3,2024-12-31,18
PERSISTENT,17.6,22.54,501.68,7837.85,,8452.29,528.337,476.187,29.27,4.3,2024-12-31,19
PETRONET,11.8,19.57,148.57,22284.82,,25219.54,1443.24,1233.64,17.16,4.3,2024-12-31,18
PFC,98.48,,402.6,132860.94,,,26391.035,26376.462,9.59,4.3,2024-12-31,18
PFIZER,35.08,16.2,918.71,4202.9,,4294.4,188.75,173.95,-2.36,4.3,2024-12-31,20
PFOCUS,20.26,6.63,26.91,2088.53,,3407.79,184.2391,56.5202,8.12,4.3,2024-12-31,19
PFS,101.47,12.82,47.95,3079.72,,4954.92,160.4008,158.783,-12.47,4.0,2024-12-31,18
PGEL,9.54,9.07,106.85,3048.59,,3352.2,92.3656,75.9782,54.35,4.3,2024-12-31,19
PGHH,30.51,170.79,232.12,753.47,,868.31,380.64,370.75,5.11,4.3,2024-12-31,18
PGHL,41.12,83.11,316.01,524.55,,586.42,127.39,121.84,3.83,4.3,2024-12-31,18
PGIL,8.33,2.75,316.35,1459.81,,1845.83,19.6239,12.6771,-14.16,4.3,2024-12-31,18
PHILIPCARB,17.81,,,,,,190.11,159.71,55.0,0.7,2021-09-30,5
PHOENIXLTD,61.45,10.14,307.26,10988.54,,20423.95,599.2065,517.9377,42.72,4.3,2024-12-31,18
PIDILITIND,25.35,25.82,106.43,10832.17,,11847.52,854.16,764.66,18.62,4.3,2024-12-31,18
PIGL,13.39,9.73,72.11,152.64,,181.29,4.4683,4.4101,-15.31,1.8,2024-12-31,8
PIIND,34.69,18.87,740.3,11230.5,,11667.0,617.4,550.3,10.64,4.3,2024-12-31,19
PILANIINVS,93.77,1.29,14334.81,15871.5,,17687.65,57.1401,57.0924,-0.39,4.3,2024-12-31,18
PILITA,8.21,9.39,3.57,83.92,,88.26,2.4826,2.0711,20.87,4.3,2024-12-31,19
PIONDIST,-4.74,,,,,,-2.67,-11.27,5.08,2.0,2022-09-30,10
PIONEEREMB,8.58,8.08,49.48,152.46,,213.72,8.2481,4.3156,15.16,4.3,2024-12-31,18
PITTIENG,17.58,13.9,267.35,986.9,,1492.36,72.9716,51.8722,30.24,4.3,2024-12-31,18
PIXTRANS,27.48,17.21,511.32,696.68,,749.35,38.3413,32.2465,4.14,2.8,2024-12-31,12
PKTEA,-19.71,-2.43,1451.94,449.52,,544.16,-2.4532,-3.306,-15.88,4.3,2024-12-31,19
PLASTIBLEN,7.28,8.05,172.78,449.05,,474.18,13.4172,9.5373,3.6,4.0,2024-12-31,18
PLATIND,19.0,,,,,,17.762,16.359,52.53,1.0,2024-12-31,5
PLAZACABLE,3.33,3.6,29.61,129.57,,132.75,1.652,1.196,1.95,1.5,2024-12-31,7
PNBGILTS,84.04,78.33,85.84,1545.2,,1550.68,304.5188,303.6618,12.64,4.3,2024-12-31,18
PNBHOUSING,92.35,,737.64,19219.13,,,1775.68,1761.34,0.72,4.0,2024-12-31,17
PNC,-12.59,-2.75,42.09,60.89,,67.63,-0.3813,-0.4646,26.5,4.3,2024-12-31,18
PNCINFRA,28.63,11.42,265.59,6813.3,,12168.41,420.8014,347.2633,3.92,4.3,2024-12-31,18
PNGJL,5.31,22.75,144.63,1962.73,,2110.67,127.897,120.047,111.99,0.5,2024-12-31,3
POCHIRAJU,,,,,,,,,,,2020-12-31,2
POCL,5.2,11.11,258.4,788.39,,790.47,26.4627,21.9628,9.12,1.8,2024-12-31,9
PODDARHOUS,41.96,,,,,,0.1328,0.0591,-60.49,3.0,2023-12-31,14
PODDARMENT,9.59,7.44,330.46,350.62,,363.97,8.6712,6.7717,9.88,4.3,2024-12-31,15
POKARNA,-13.37,-0.62,276.41,856.97,,1313.85,-0.8925,-2.0306,22.66,4.3,2024-12-31,18
POLICYBZR,9.91,4.9,158.25,7311.79,,7714.55,128.06,94.49,37.22,2.8,2024-12-31,12
POLYCAB,14.25,21.3,797.64,12008.58,,12510.95,744.916,666.359,23.73,4.3,2024-12-31,20
POLYMED,32.14,13.74,306.45,3106.17,,3343.04,136.3433,114.8322,19.4,4.3,2024-12-31,20
POLYPLEX,13.29,8.38,1350.63,4239.91,,7308.73,228.68,153.07,8.28,4.3,2024-12-31,17
PONNIERODE,4.39,1.7,660.77,568.13,,614.95,5.08,2.61,9.83,4.3,2024-12-31,20
POONAWALLA,40.25,3.97,128.07,10348.15,,41281.54,425.47,410.2,25.54,3.5,2024-12-31,16
POWERGRID,98.92,11.52,108.05,100494.03,,240928.91,10011.21,6937.03,1.43,4.3,2024-12-31,19
POWERINDIA,13.52,14.65,1161.26,5175.96,,5351.15,219.02,196.03,13.89,4.3,2024-12-31,17
POWERMECH,12.49,15.74,796.56,2518.4,,3190.48,137.39,125.51,37.51,4.3,2024-12-31,18
PPAP,10.18,5.53,241.67,341.12,,400.63,14.1797,5.5345,12.96,4.3,2024-12-31,18
PPL,18.93,27.51,200.17,478.77,,486.73,36.44,33.47,10.51,4.3,2024-12-31,19
PPLPHARMA,19.55,5.71,61.62,8162.62,,13206.76,244.04,188.58,11.64,2.3,2024-12-31,11
PRABHA,-2.31,-0.1,30.84,434.49,,598.34,-0.0234,-0.1434,,,2024-12-31,1
PRABHAT,8.28,,,,,,7.6436,7.56,,,2020-12-31,2
PRADIP,12786.26,,,,,,1323.3008,1321.2701,51.4,1.3,2021-12-31,7
PRAENG,-23.9,-2.35,68.35,478.03,,626.65,-2.7534,-3.6779,17.8,4.3,2024-12-31,18
PRAJIND,10.14,17.6,71.22,1309.13,,1436.92,86.4835,63.2068,32.21,4.3,2024-12-31,19
PRAKASH,14.17,9.41,200.38,3588.37,,4063.01,131.22,95.59,4.63,4.3,2024-12-31,18
PRAKASHSTL,6.5,37.4,0.56,9.73,,10.76,1.2514,1.006,34.49,4.3,2024-12-31,18
PRAXIS,1.58,-36.64,,,,69.87,0.5371,-6.4009,-19.22,4.3,2024-12-31,17
PRECAM,5.32,-1.36,87.97,835.62,,875.57,10.3477,-2.9824,1.37,4.3,2024-12-31,17
PRECOT,10.86,14.04,400.61,480.73,,623.57,27.0963,21.8872,8.11,4.3,2024-12-31,17
PRECWIRE,4.09,14.81,42.25,772.34,,955.26,40.014,35.3729,24.02,4.3,2024-12-31,18
PREMEXPLN,9.44,15.68,53.77,289.07,,326.41,15.6661,12.7975,35.69,4.3,2024-12-31,20
PREMIER,-1938.46,,,,,,-7.56,-10.66,-88.78,0.7,2024-12-31,16
PREMIERENE,32.08,20.82,95.45,4307.72,,7643.51,549.572,397.822,,,2024-12-31,2
PREMIERPOL,14.92,23.86,14.05,147.2,,153.23,10.42,9.14,14.35,4.3,2024-12-31,19
PRESSMN,62.37,,,,,,1.8421,1.8415,-10.88,2.7,2023-06-30,12
PRESTIGE,38.29,6.72,377.8,16272.9,,25527.3,633.5,428.8,-2.9,4.3,2024-12-31,17
PRICOLLTD,12.48,16.14,102.96,1254.89,,1405.0,79.1052,56.7065,8.21,4.0,2024-12-31,18
PRIMESECU,55.74,11.09,75.65,256.44,,263.24,7.52,7.3,10.19,4.3,2024-12-31,19
PRINCEPIPE,0.78,-4.99,148.74,1644.51,,1757.68,4.4895,-21.9388,5.58,4.3,2024-12-31,18
PRITI,9.79,10.97,54.04,72.16,,72.53,2.1209,1.9886,12.06,2.8,2024-12-31,12
PRITIKAUTO,11.83,6.53,15.14,252.15,,384.12,9.5062,6.2747,3.0,3.5,2024-12-31,14
PRIVISCL,22.44,15.43,361.58,1412.43,,2077.13,111.8093,80.1189,12.05,4.3,2024-12-31,20
PROINDIA,,,,,,,,,,,2021-09-30,2
PROSEED,,,,,,,,,,,2020-12-31,2
PROZONER,100.09,0.57,29.91,456.38,,1152.28,2.2352,1.6461,-11.12,1.5,2024-12-31,7
PROZONINTU,91.09,,,,,,3.1603,2.9896,213.05,2.5,2023-03-31,10
PRSMJOHNSN,7.53,2.06,30.36,1528.2,,3656.18,139.95,18.84,7.79,4.3,2024-12-31,19
PRUDENT,25.44,25.45,213.18,882.72,,1023.81,72.5085,65.1385,33.16,2.8,2024-12-31,11
PRUDMOULI,7.69,6.28,36.66,118.23,,157.95,2.4838,2.4817,161.69,3.0,2024-12-31,19
PSL,-6.81,,,,,,-2.37,-22.83,,,2020-09-30,1
PSPPROJECT,6.28,6.28,318.84,1263.95,,1300.3,39.1373,20.4008,25.11,4.3,2024-12-31,19
PTC,9.18,15.39,202.05,5980.77,,8100.69,314.04,311.74,-12.39,4.3,2024-12-31,16
PTCIL,28.01,2.78,1005.21,1507.11,,1695.11,16.3483,11.7879,-12.04,1.5,2024-12-31,8
PTL,91.24,5.49,63.65,842.57,,1032.03,14.6825,14.1613,0.41,4.3,2024-12-31,16
PUNJABCHEM,9.09,10.6,345.35,423.47,,487.93,19.44,12.93,6.45,4.3,2024-12-31,18
PURVA,10.93,5.0,75.38,1787.57,,2120.58,34.79,26.51,10.04,4.3,2024-12-31,19
PVP,-44.75,-0.87,8.38,218.24,,666.26,-1.2248,-1.448,0.91,4.3,2024-12-31,18
PVR,32.83,,,,,,308.84,153.6,304.77,2.3,2022-12-31,10
PVRINOX,35.19,7.41,751.4,7378.7,,13260.3,561.5,245.5,20.93,1.8,2024-12-31,9
PVSL,1.43,-1.15,88.18,627.84,,1335.03,9.245,-3.839,104.34,1.0,2024-12-31,5
PYRAMID,7.67,10.7,75.21,276.67,,364.73,11.7642,9.7552,6.99,1.5,2024-12-31,7
QPOWER,29.57,4.94,69.99,542.03,,817.32,10.607,10.102,,,2024-12-31,1
QUADFUTURE,-6.46,-10.08,64.48,257.93,,281.06,-1.7438,-7.0846,,,2024-12-31,1
QUESS,3.33,28.95,78.11,1166.46,,1591.43,184.056,115.18,19.2,4.3,2024-12-31,19
QUICKHEAL,1.77,-1.95,80.47,436.52,,438.7,1.25,-2.14,-4.13,4.3,2024-12-31,18
QUINTEGRA,,,,,,0.21,,,,,2024-12-31,18
RACE,1.96,14.15,42.96,74.13,,88.43,3.307,3.1272,-2.83,1.8,2024-12-31,8
RACLGEAR,21.43,14.74,298.92,352.37,,448.02,24.167,16.507,,,2024-12-31,1
RADAAN,29.44,,,,,,0.6955,0.6835,9.18,4.3,2024-12-31,19
RADHIKAJWE,15.39,30.76,33.72,397.93,,406.08,31.7098,31.2244,76.64,2.3,2024-12-31,10
RADIANTCMS,18.13,23.92,26.06,278.06,,284.69,19.145,17.021,11.7,2.0,2024-12-31,9
RADICO,4.17,16.5,247.63,3315.73,,3621.61,185.0076,149.398,12.02,4.3,2024-12-31,19
RADIOCITY,26.88,7.49,12.88,445.34,,470.49,17.575,8.8042,12.6,4.0,2024-12-31,17
RAILTEL,17.39,16.25,62.31,1999.62,,2221.71,133.46,90.24,18.09,4.0,2024-12-31,17
RAIN,49.86,0.49,221.47,7449.12,,16645.11,20.598,20.425,8.82,4.3,2024-12-31,18
RAINBOW,37.09,17.36,162.47,1648.07,,2590.38,147.631,112.397,25.61,2.8,2024-12-31,12
RAJESHEXPO,3.14,1.26,584.87,17268.73,,17578.1,55.426,55.265,4.15,2.7,2024-09-30,12
RAJMET,1.63,,,,,,3.79,3.49,5.04,3.8,2024-12-31,16
RAJRATAN,12.21,10.07,128.11,650.44,,803.28,26.66,20.22,8.22,4.0,2024-12-31,18
RAJRAYON,1235641.64,,,,,,679.6029,672.7114,284.46,1.3,2021-12-31,7
RAJRILTD,6.06,14.01,2.81,156.47,,307.69,13.9072,10.773,196.74,2.0,2024-12-31,11
RAJSREESUG,-13.25,-13.14,79.35,262.94,,506.62,-10.7612,-16.6387,-2.53,4.3,2024-12-31,18
RAJTV,3.59,3.27,23.95,124.32,,141.62,1.5324,1.1564,24.59,4.3,2024-12-31,18
RAJVIR,-39.38,,,,,,-2.5383,-3.1718,,,2020-12-31,1
RALLIS,9.58,3.96,105.05,2042.97,,2120.73,50.0,21.0,-2.2,4.0,2024-12-31,18
RAMANEWS,25.94,3.25,,,,267.59,3.2247,2.1747,-16.64,4.3,2024-12-31,18
RAMAPHO,5.74,7.4,119.39,422.47,,444.72,10.315,8.2326,-13.63,2.3,2024-12-31,10
RAMASTEEL,3.73,6.65,2.92,477.46,,535.16,10.26,8.8936,19.31,4.3,2024-12-31,18
RAMCOCEM,24.12,9.92,342.52,8093.51,,12243.22,478.45,303.64,11.14,4.3,2024-12-31,20
RAMCOIND,11.74,2.03,520.71,4521.99,,4626.8,31.94,23.5,0.95,4.3,2024-12-31,19
RAMCOSYS,9.6,-7.07,93.42,349.97,,445.06,15.037,-7.87,-0.48,4.3,2024-12-31,19
RAMKY,28.16,16.95,312.5,2162.41,,2749.56,129.3,116.491,24.83,4.3,2024-12-31,18
RAMRAT,4.88,16.84,62.08,579.48,,903.63,43.3569,38.0466,10.42,2.5,2024-12-31,11
RAMSARUP,,,,,,,,,,,2021-12-31,16
RANASUG,7.32,16.3,39.05,599.65,,737.58,28.5888,30.0643,26.75,4.3,2024-12-31,17
RANEENGINE,7.64,,,,,,10.03,5.23,11.68,4.3,2024-12-31,19
RANEHOLDIN,6.65,8.39,808.12,1153.83,,1668.77,82.5,35.01,22.91,4.3,2024-12-31,15
RATEGAIN,49.54,3.52,169.85,2005.86,,2883.95,26.495,25.349,-18.55,3.0,2024-12-31,13
RATNAMANI,16.91,17.31,586.46,4110.63,,4518.74,222.5304,195.587,21.41,4.3,2024-12-31,17
RATNAVEER,8.28,9.38,93.7,669.24,,723.07,21.065,16.963,66.94,1.5,2024-12-31,8
RAYMOND,17.76,14.09,427.34,2843.98,,3629.63,169.44,127.88,8.5,4.3,2024-12-31,19
RAYMONDLSL,12.58,5.18,1582.08,9635.82,,10904.98,220.6,141.16,,,2024-12-31,2
RBA,12.26,-2.29,12.37,721.11,,2616.57,78.339,-15.011,18.57,2.8,2024-12-31,13
RBL,10.37,,,,,,19.21,12.79,8.76,4.0,2024-12-31,18
RBZJEWEL,11.36,24.04,74.95,299.82,,353.24,22.015,21.2294,67.19,1.0,2024-12-31,5
RCF,4.89,8.43,92.83,5121.2,,7494.59,221.06,157.86,17.01,4.3,2024-12-31,17
RCOM,-69.95,,,,,,-45.468,-72.468,-8.68,4.3,2024-12-31,18
RECLTD,98.26,,323.0,85054.41,,,14024.3,14017.99,12.11,4.3,2024-12-31,19
REDINGTON,4.36,20.77,129.97,10160.73,,10822.35,570.86,561.85,16.88,4.3,2024-12-31,18
REDTAPE,20.13,33.45,18.48,1021.38,,1335.65,133.76,111.68,77.03,1.3,2024-12-31,6
REFEX,11.08,18.95,109.63,1504.15,,1597.67,78.502,75.6722,27.21,4.3,2024-12-31,19
REGENCERAM,-67.87,-68.81,,,,21.45,-2.6883,-3.6899,999.0,1.8,2024-12-31,18
RELAXO,13.52,8.21,88.63,2206.36,,2436.31,90.19,49.99,3.51,4.3,2024-12-31,20
RELCAPITAL,5.88,,,,,,431.53,401.34,127.51,4.0,2024-09-30,17
RELCHEMQ,10.33,7.05,189.22,142.75,,341.71,9.5266,6.0234,-4.1,2.8,2024-12-31,12
RELIABLE,23.41,24.11,69.22,71.44,,105.94,7.8223,6.3845,,,2024-12-31,2
RELIANCE,19.68,8.51,668.04,904030.0,,1636886.0,48003.0,34822.0,18.4,5.5,2024-12-31,20
RELIGARE,-3.59,-2.42,87.36,2908.29,,12210.88,-59.7031,-73.7809,25.78,4.3,2024-12-31,18
RELINFRA,-5857.99,-32.25,437.86,17872.52,,39079.2,-3147.5,-3151.18,-65.82,4.3,2024-12-31,18
RELTD,18.33,3.21,21.59,393.81,,868.98,9.7386,6.9687,440.67,0.5,2024-12-31,3
REMSONSIND,11.56,15.52,42.66,148.81,,208.79,11.8618,8.1036,15.82,4.3,2024-12-31,18
RENUKA,1.17,-19.74,,,,806.5,30.5,-39.8,12.19,4.3,2024-12-31,18
REPCOHOME,91.76,9.53,645.89,4040.73,,16440.63,400.028,391.528,5.44,4.3,2024-12-31,18
REPL,25.33,21.51,76.93,139.42,,142.03,8.083,7.6376,10.85,4.0,2024-12-31,17
REPRO,8.61,2.96,243.72,349.62,,437.94,10.84,3.24,37.26,4.3,2024-12-31,18
RESPONIND,26.2,4.9,58.47,1558.93,,1686.29,33.7538,20.6739,3.78,4.3,2024-12-31,18
RETAIL,8.65,-3.94,31.1,25.52,,33.24,0.3923,-0.3275,46.62,0.8,2024-12-31,4
REVATHI,7.0,,,,,,3.6474,3.2956,46.94,2.7,2023-06-30,12
REVATHIEQU,24.84,,,,,,4.896,4.472,,,2024-09-30,2
RGL,7.43,10.46,140.57,1508.71,,1738.65,52.7375,45.4747,7.47,4.3,2024-12-31,18
RHFL,-9251.23,,,,,,-1.878,-1.878,-89.04,4.3,2024-12-31,18
RHIM,13.05,7.87,172.42,3560.45,,3921.34,131.9164,77.1383,27.76,3.5,2024-12-31,15
RHL,37.2,3.52,429.14,742.07,,886.76,12.2403,7.8022,5.19,1.8,2024-12-31,8
RICOAUTO,8.57,7.27,57.61,779.39,,1284.11,47.28,23.33,8.02,4.3,2024-12-31,18
RIIL,26.94,2.4,313.85,473.91,,493.33,3.33,2.96,-0.61,4.0,2024-12-31,18
RISHABH,15.31,2.65,193.28,745.02,,826.55,9.071,5.466,2.84,1.5,2024-12-31,7
RITCO,8.65,19.35,128.0,364.43,,474.08,27.0621,22.928,23.72,2.8,2024-12-31,12
RITES,27.05,17.15,55.79,2681.24,,3261.01,155.77,139.79,6.59,4.3,2024-12-31,18
RKDL,0.79,0.49,17.52,42.04,,55.45,0.1514,0.0677,546.02,4.3,2024-12-31,18
RKEC,16.85,32.27,78.65,188.69,,218.92,20.0535,17.662,22.33,4.0,2024-12-31,18
RKFORGE,21.89,13.57,181.34,3290.4,,5046.28,235.0738,171.2288,27.83,4.0,2024-12-31,19
RKSWAMY,11.16,6.46,52.36,264.28,,300.79,8.5662,4.8547,6.44,1.0,2024-12-31,5
RMCL,-1323.53,-337.85,0.49,0.65,,0.65,-0.225,-0.549,-68.63,3.2,2024-09-30,7
RML,7.49,7.52,271.58,750.56,,925.45,39.08,17.39,7.42,4.0,2024-12-31,18
RNAVAL,-3497.92,-6.85,13.22,69.64,,2840.8,-33.58,-48.62,-15.15,4.3,2024-09-30,16
ROHITFERRO,-7.73,,,,,,-14.7051,-20.5196,13.83,1.3,2021-12-31,6
ROHLTD,34.27,11.4,94.13,258.16,,895.31,30.606,25.5177,70.53,4.3,2024-12-31,17
ROLEXRINGS,14.05,8.44,44.56,1213.58,,1268.81,36.512,26.786,3.89,3.5,2024-12-31,15
ROLLT,150.2,8.13,0.37,9.28,,20.51,0.4416,0.4167,-67.94,3.5,2024-12-31,17
ROLTA,-2578.57,,,,,,-18.05,-28.09,1.34,2.3,2023-12-31,12
ROML,6.11,166.98,1.43,2.15,,3.32,1.8665,1.3859,5.49,4.3,2024-12-31,18
ROSSARI,12.74,12.54,240.75,1333.35,,1499.23,65.313,46.993,28.99,4.3,2024-12-31,20
ROSSELLIND,12.85,11.6,52.99,199.75,,239.96,8.05,6.96,-10.55,4.3,2024-12-31,18
ROSSTECH,19.19,29.24,41.08,154.86,,161.79,14.5218,11.8277,,,2024-12-31,2
ROTO,15.47,9.87,12.75,240.25,,252.05,11.2466,6.2192,15.2,2.8,2024-12-31,12
ROUTE,20.82,5.44,439.6,2769.59,,2895.1,42.94,39.36,33.25,4.3,2024-12-31,20
RPEL,26.64,20.21,53.26,244.52,,253.86,14.6631,12.8239,,,2024-12-31,1
RPGLIFE,30.38,29.73,366.01,605.35,,632.59,52.47,47.01,14.5,4.3,2024-12-31,19
RPOWER,43.1,7.64,38.78,16039.42,,31111.94,798.52,594.04,204.07,4.3,2024-12-31,18
RPPINFRA,9.11,21.74,107.87,534.86,,541.45,32.35,29.43,36.7,4.3,2024-12-31,18
RPPL,12.45,8.26,,180.54,,223.98,9.051,4.6267,14.69,3.0,2024-12-31,14
RPSGVENT,12.01,6.52,757.35,2505.76,,11769.06,286.43,191.74,12.74,4.0,2024-12-31,17
RPTECH,2.47,12.72,307.29,2025.01,,2060.03,69.9041,65.5031,7.7,1.0,2024-12-31,6
RRKABEL,6.96,15.51,227.61,2574.4,,2737.81,123.9804,106.1821,8.46,1.3,2024-12-31,7
RSSOFTWARE,22.53,18.08,11.33,29.26,,46.94,2.8569,2.1212,13.91,4.0,2024-12-31,18
RSWM,4.85,3.54,288.96,1361.05,,2097.73,57.93,18.58,19.85,4.3,2024-12-31,18
RSYSTEMS,16.5,14.36,66.86,791.62,,1631.93,74.091,58.59,17.73,4.3,2024-12-31,18
RTNINDIA,-8.56,-76.33,5.57,768.47,,882.99,-164.465,-168.495,999.0,3.8,2024-12-31,16
RTNINFRA,,,,,,,,,,,2020-12-31,2
RTNPOWER,24.71,5.82,8.64,4637.71,,8156.19,181.22,118.71,36.04,4.3,2024-12-31,18
RUBFILA,9.42,10.31,57.21,310.48,,341.68,11.0419,8.8036,12.13,0.5,2024-12-31,3
RUBYMILLS,34.02,6.95,201.66,674.35,,1114.57,21.8224,19.3782,41.44,4.3,2024-12-31,19
RUCHI,6.28,,,,,,418.5493,381.3437,41.27,1.5,2022-03-31,7
RUCHINFRA,39.88,1.69,8.83,208.52,,277.71,3.92,1.17,-3.83,4.3,2024-12-31,16
RUCHIRA,16.32,14.41,165.87,495.03,,640.39,27.3923,23.0707,13.25,4.3,2024-12-31,18
RUPA,13.43,14.09,134.06,1066.11,,1095.11,42.2093,38.5787,0.98,4.3,2024-12-31,18
RUSHABEAR,,,,,,,,,,,2024-12-31,3
RUSHIL,14.43,11.08,22.18,650.87,,829.82,30.552,22.995,20.71,4.3,2024-12-31,18
RUSTOMJEE,13.55,6.79,226.82,2863.32,,3546.5,62.89,60.23,999.0,2.0,2024-12-31,9
RVHL,-563.67,-1.82,47.28,289.92,,295.8,-0.7897,-1.3437,63.3,4.0,2024-12-31,17
RVNL,11.12,13.74,47.11,9821.84,,14576.23,507.99,500.57,8.87,4.3,2024-12-31,18
RVTH,10.4,11.16,458.13,140.51,,141.52,4.4,3.95,,,2024-12-31,1
S&SPOWER,-26.6,-0.89,72.31,89.24,,147.37,-0.2407,-0.3262,175.34,4.3,2024-12-31,17
SABEVENTS,91.62,,,,,,0.4024,0.2006,-4.04,4.3,2024-12-31,18
SABTN,-36.13,,,,,,-0.1138,-5.2189,,,2023-12-31,14
SABTNL,-967.37,,,,,,-22.8387,-22.8758,-4.54,0.8,2024-12-31,4
SADBHAV,69.03,61.52,,,,867.42,165.7123,133.4148,-17.38,4.3,2024-12-31,19
SADBHIN,96.37,,,,,,157.543,128.951,-15.24,4.0,2024-12-31,17
SADHNANIQ,31.59,6.55,1.53,454.37,,510.91,11.72,8.36,-16.08,1.8,2024-12-31,8
SAFARI,13.0,14.18,227.51,1114.67,,1207.59,57.56,42.82,58.21,4.3,2024-12-31,18
SAGARDEEP,3.05,8.45,18.02,30.73,,31.85,0.8337,0.6727,10.0,4.3,2024-12-31,18
SAGCEM,4.22,-1.7,129.52,1692.92,,3299.47,16.19,-14.0,11.59,4.0,2024-12-31,18
SAGILITY,30.02,11.96,20.63,9659.1,,10703.58,436.179,320.005,,,2024-12-31,2
SAH,4.6,,,,,,1.4868,0.8409,21.56,2.0,2024-12-31,10
SAHYADRI,6.88,2.8,370.99,406.09,,412.4,8.987,2.888,-13.01,1.8,2024-12-31,8
SAIL,9.87,4.32,146.12,60355.88,,92275.62,2417.87,997.51,9.08,4.3,2024-12-31,16
SAILIFE,29.3,13.58,117.28,2483.69,,2792.46,128.868,94.775,,,2024-12-31,1
SAKAR,27.65,7.3,,324.45,,371.47,12.0048,6.7761,12.7,4.3,2024-12-31,18
SAKHTISUG,-7.45,-8.95,19.2,228.22,,882.73,-10.411,-19.7528,1.69,4.3,2024-12-31,19
SAKSOFT,19.57,5.65,60.93,778.96,,839.66,13.239,11.8579,-8.17,4.3,2024-12-31,18
SAKUMA,1.29,2.81,4.78,748.86,,759.1,6.1459,5.3265,18.14,4.3,2024-12-31,17
SALASAR,8.64,13.37,4.77,833.84,,877.75,32.4227,29.3283,24.54,4.3,2024-12-31,18
SALONA,5.95,20.59,159.22,83.78,,147.88,9.4203,7.6118,29.38,4.3,2024-12-31,18
SALSTEEL,3.99,4.17,10.13,146.62,,494.17,7.73,5.15,23.41,4.3,2024-12-31,18
SALZERELEC,11.12,19.1,335.16,592.66,,665.51,37.9551,31.7784,20.37,4.3,2024-12-31,18
SAMBHAAV,20.72,3.93,4.37,83.53,,91.48,2.3145,0.8989,-0.21,4.3,2024-12-31,16
SAMHI,32.97,1.04,98.24,2182.18,,4043.36,13.04,10.554,33.96,1.5,2024-12-31,7
SAMMAANCAP,80.86,8.68,165.75,18991.47,,74241.68,1630.5,1610.83,-16.38,0.5,2024-12-31,3
SAMPANN,14.07,6.12,9.35,45.66,,124.61,3.3551,1.9073,26.81,1.3,2024-12-31,6
SANATHAN,8.6,6.35,221.8,1872.07,,3287.82,63.91,52.22,,,2024-12-31,2
SANCO,-2470.45,,,,,,-0.1087,-0.1824,-99.0,1.0,2022-03-31,7
SANDESH,-48.71,-10.99,1885.92,1427.45,,1463.65,-38.6388,-40.2256,6.8,4.3,2024-12-31,17
SANDHAR,10.22,12.12,221.48,1333.13,,1840.8,99.4734,55.7561,17.01,4.3,2024-12-31,18
SANDUMA,27.33,22.38,66.93,3253.68,,3964.06,260.16,221.81,269.57,1.3,2024-12-31,6
SANGAMIND,7.84,6.44,218.26,1076.25,,1878.94,59.14,30.27,23.02,4.3,2024-12-31,18
SANGHIIND,13.3,,,,,,34.45,-2.06,10.13,4.3,2024-12-31,19
SANGHVIFOR,-0.6,,,,,,-0.1204,-2.2438,,,2020-12-31,2
SANGHVIMOV,39.53,10.92,151.35,1310.35,,1868.45,82.2149,51.0246,38.93,4.3,2024-12-31,18
SANGINITA,2.02,6.17,17.94,46.46,,49.77,1.2447,0.7681,6.19,4.3,2024-12-31,20
SANOFI,25.67,64.24,325.3,749.2,,763.4,132.2,122.6,-6.54,4.3,2024-12-31,20
SANOFICONR,37.61,60.39,166.73,384.0,,418.6,64.2,63.2,7.75,0.5,2024-12-31,3
SANSERA,18.3,10.25,495.31,3087.37,,3462.28,133.156,88.689,13.68,3.3,2024-12-31,14
SANSTAR,11.82,12.4,38.08,694.03,,738.4,25.1477,22.8889,-46.28,0.5,2024-12-31,3
SANWARIA,,,,,,,,,,,2024-12-31,19
SAPPHIRE,19.01,4.48,43.27,1390.61,,2718.25,121.3408,30.4648,15.46,3.0,2024-12-31,13
SARDAEN,27.93,11.18,209.15,7370.0,,10389.19,368.49,290.26,22.93,4.3,2024-12-31,19
SAREGAMA,23.9,18.38,88.18,1692.68,,1811.68,97.25,83.23,36.58,4.3,2024-12-31,20
SARLAPOLY,25.14,13.38,52.27,436.5,,571.86,25.6647,19.1285,12.83,4.3,2024-12-31,19
SARVESHWAR,7.14,8.46,3.87,477.23,,484.54,10.3369,10.2425,31.12,2.0,2024-12-31,9
SASKEN,14.02,5.93,562.85,854.75,,923.03,16.5948,13.6824,4.19,4.0,2024-12-31,18
SASTASUNDR,-13.42,,,,,,-37.7607,-39.1918,17.53,4.3,2024-12-31,19
SATHAISPAT,10.04,,,,,,1.5081,-8.4798,44.56,2.3,2022-12-31,10
SATIA,15.7,5.7,108.8,1088.02,,1330.02,58.9908,18.9425,24.52,4.3,2024-12-31,18
SATIN,42.41,7.88,260.34,2863.4,,14347.67,290.0839,282.7834,17.9,4.3,2024-12-31,18
SATINDLTD,20.54,,,,,,32.3053,28.8393,16.51,2.0,2024-12-31,9
SAURASHCEM,2.93,0.19,86.41,961.64,,1081.76,11.0592,0.5075,-30.69,0.8,2024-12-31,4
SBC,8.23,18.17,1.68,80.19,,121.04,5.9304,5.4982,8.69,3.0,2024-12-31,14
SBCL,25.07,18.83,83.56,481.35,,512.25,26.6238,24.1098,17.7,3.8,2024-12-31,16
SBFC,68.52,10.35,33.69,3725.15,,8650.85,228.531,223.881,28.14,1.5,2024-12-31,8
SBGLP,36.74,0.53,6.02,104.39,,186.52,0.3455,0.2449,-48.61,1.8,2024-12-31,8
SBICARD,30.2,,165.25,15725.5,,,1395.031,1346.271,17.74,4.0,2024-12-31,19
SCAPDVR,30.12,,,,,,0.5439,0.358,46.34,2.7,2023-06-30,12
SCHAEFFLER,19.89,22.24,386.94,6047.96,,6104.31,414.14,339.34,16.38,4.3,2024-12-31,20
SCHAND,-17.62,-9.98,299.03,1054.09,,1119.46,-17.643,-27.926,26.78,4.3,2024-12-31,18
SCHNEIDER,19.27,46.14,32.39,774.42,,1372.84,165.16,158.35,21.88,4.3,2024-12-31,17
SCI,29.79,4.9,195.28,9096.29,,11160.94,391.88,136.74,11.03,4.3,2024-12-31,18
SCILAL,246.05,1.7,64.51,3004.71,,3245.87,14.64,13.83,25.73,1.0,2024-12-31,5
SCPL,11.34,8.11,149.44,156.91,,184.98,5.7874,3.752,-9.13,2.0,2024-12-31,10
SDBL,6.74,12.88,37.45,778.57,,964.09,37.8693,31.0494,45.65,4.3,2024-12-31,18
SEAMECLTD,22.99,0.21,511.91,1301.52,,1552.04,34.34,0.83,24.77,4.3,2024-12-31,18
SECMARK,13.8,1.08,22.41,23.41,,24.17,1.104,0.0654,20.49,1.3,2024-12-31,6
SECURCRED,30.82,,,,,,2.1703,1.3437,-32.03,1.3,2023-12-31,6
SECURKLOUD,-10.12,,,,,,-4.1301,-6.3888,-18.06,4.0,2024-12-31,17
SEJAL,-8.29,,,,,,-0.4261,-0.7368,,,2021-09-30,1
SEJALLTD,15.43,9.13,132.74,151.32,,331.13,9.5068,7.5553,120.05,3.0,2024-12-31,13
SELAN,40.47,,,,,,25.89,24.76,45.23,4.3,2024-12-31,18
SELMC,565.88,13.39,,,,67.45,25.5884,2.2584,-62.22,3.3,2024-12-31,15
SELMCL,-7.89,,,,,,-6.3008,-34.5791,14.31,1.7,2021-06-30,9
SEMAC,-0.84,-3.57,262.14,81.71,,89.94,-0.3868,-0.8031,74.72,1.3,2024-12-31,6
SENCO,4.41,11.13,153.45,2513.68,,2858.5,92.641,79.554,37.33,1.5,2024-12-31,7
SENORES,49.85,1.36,202.72,933.6,,1179.81,4.78,4.025,,,2024-12-31,1
SEPC,12.19,2.74,9.86,1918.96,,2192.78,16.224,15.0003,14.16,2.8,2024-12-31,12
SEPOWER,1.37,,,,,,0.2397,-0.9965,37.58,2.5,2023-06-30,11
SEQUENT,10.24,,,,,,40.03,23.05,2.89,4.3,2024-12-31,19
SERVOTECH,9.36,17.07,12.75,287.97,,362.65,16.9805,15.4756,73.48,3.0,2024-12-31,14
SESHAPAPER,6.54,3.08,323.77,2041.97,,2204.87,28.2,16.95,28.12,4.3,2024-12-31,20
SETCO,17.52,,,,,,31.07,22.99,16.44,4.3,2024-12-31,18
SETUINFRA,-3.94,,,,,,-0.9863,-1.2519,63.75,2.5,2023-09-30,14
SEYAIND,163.06,-0.21,308.02,818.44,,1514.46,3.7179,-0.81,-36.94,4.0,2024-12-31,19
SEZAL,-8.45,,,,,,-0.3401,-0.9472,,,2021-03-31,4
SFL,9.86,5.52,299.14,3251.96,,3621.93,95.32,49.97,229.47,4.3,2024-12-31,18
SGFL,,,,,,,,,,,2019-12-31,2
SGIL,15.09,16.52,71.51,111.09,,267.56,14.6532,11.0531,20.07,3.5,2024-12-31,14
SGL,1.74,3.37,9.56,26.02,,40.19,0.6106,0.3382,18.73,4.3,2024-12-31,18
SGLTL,24.83,,,,,,9.9808,8.6047,,,2024-12-31,1
SHAH,10.07,2.29,3.42,305.19,,547.66,4.0119,3.1393,81.5,1.5,2024-12-31,8
SHAHALLOYS,1.71,-4.79,56.75,112.36,,117.82,0.89,-1.41,-16.24,4.3,2024-12-31,18
SHAILY,20.65,14.56,155.95,716.67,,785.54,38.4681,28.5889,7.04,2.8,2024-12-31,13
SHAKTIPUMP,23.95,32.84,138.22,1705.56,,1833.57,155.04,150.54,21.2,4.0,2024-12-31,19
SHALBY,14.27,7.28,93.68,1005.23,,1263.44,39.3253,23.0093,20.26,4.0,2024-12-31,17
SHALPAINTS,-9.78,-28.07,30.01,251.18,,264.59,-14.49,-18.57,16.71,4.3,2024-12-31,18
SHANKARA,2.84,31.65,184.47,447.31,,463.44,40.85,36.67,28.93,4.3,2024-12-31,18
SHANTI,-14.13,-78.62,10.35,11.5,,12.94,-2.5139,-2.5432,-27.74,3.0,2024-12-31,13
SHANTIGEAR,24.66,31.64,57.36,440.06,,447.97,38.84,35.43,24.85,4.0,2024-12-31,19
SHARDACROP,12.4,5.47,347.65,3136.49,,3394.11,115.2706,46.3838,20.22,4.3,2024-12-31,20
SHARDAMOTR,16.72,33.39,199.09,1142.91,,1204.83,115.3853,100.5856,10.91,4.3,2024-12-31,18
SHAREINDIA,40.54,13.41,120.41,2634.94,,4009.87,138.7329,134.392,33.26,4.3,2024-12-31,19
SHARONBIO,9.74,,,,,,4.3073,1.8194,0.9,2.5,2023-03-31,11
SHEKHAWATI,11.41,25.98,6.38,21.99,,23.42,1.7438,1.5209,,,2024-12-31,2
SHEMAROO,-23.92,-59.0,93.97,269.99,,276.88,-39.3134,-40.8389,27.12,4.3,2024-12-31,20
SHIL,2.82,,,,,,3.81,0.05,37.59,1.5,2022-03-31,7
SHILPAMED,25.62,7.42,132.49,2591.2,,2857.55,81.8245,53.0157,3.23,4.3,2024-12-31,18
SHIRPUR-G,-21.27,,,,,,-64.9097,-66.0039,-42.09,3.5,2024-12-31,19
SHIVALIK,17.48,6.41,380.38,599.1,,628.69,14.9107,10.0754,12.74,3.0,2024-12-31,13
SHIVAMAUTO,10.44,5.76,,,,255.76,11.7643,3.6836,-3.73,4.3,2024-12-31,17
SHIVAMILLS,1.29,-5.3,107.04,92.5,,94.23,0.4631,-1.2491,-0.43,4.3,2024-12-31,18
SHIVATEX,9.94,8.42,112.06,145.26,,186.73,7.4819,3.9292,-2.37,4.3,2024-12-31,17
SHK,12.05,9.59,98.39,1361.89,,1754.51,65.43,42.08,22.9,4.3,2024-12-31,18
SHOPERSTOP,19.45,17.85,26.43,291.01,,3098.57,268.29,138.26,17.82,4.0,2024-12-31,19
SHRADHA,38.77,7.57,,297.42,,395.92,8.7538,7.4905,129.81,4.0,2024-12-31,18
SHREDIGCEM,0.76,-2.66,24.74,365.76,,844.72,1.4235,-5.6255,16.65,4.3,2024-12-31,20
SHREECEM,23.52,4.52,6448.69,23267.53,,24486.41,1075.58,276.47,8.36,4.3,2024-12-31,18
SHREEPUSHK,11.43,6.86,188.65,610.06,,682.37,15.9152,11.6955,14.98,4.3,2024-12-31,18
SHREERAMA,14.72,11.83,13.3,177.53,,193.99,7.7862,5.7355,9.61,4.3,2024-12-31,19
SHRENIK,-1.42,,,,,,-0.0658,-0.0658,-43.39,4.0,2024-12-31,19
SHREYANIND,10.62,11.54,308.7,426.78,,491.02,18.0259,14.1609,19.7,4.3,2024-12-31,18
SHREYAS,33.14,,,,,,31.12,11.0,-9.64,3.7,2024-06-30,16
SHRIPISTON,23.33,14.86,658.57,2901.0,,4493.4,197.82,166.98,17.51,4.3,2024-12-31,20
SHRIRAMCIT,62.04,,,,,,1218.13,1198.85,19.58,2.0,2022-09-30,10
SHRIRAMEPC,-39.68,,,,,,-35.4969,-36.828,-35.05,1.3,2021-12-31,6
SHRIRAMFIN,86.24,,350.34,65918.59,,,9225.99,9064.07,17.04,2.0,2024-12-31,10
SHRIRAMPPS,36.22,10.08,85.55,1459.92,,1636.43,43.9,41.25,3.4,3.0,2024-12-31,13
SHYAMCENT,4.25,0.11,7.72,163.75,,164.7,1.3897,0.0439,-1.38,4.3,2024-12-31,18
SHYAMMETL,13.51,9.52,414.06,11522.81,,12781.21,506.96,304.25,13.27,3.8,2024-12-31,18
SHYAMTEL,-8787.76,,,,,,-0.4306,-0.4785,-84.2,1.3,2024-12-31,18
SICAGEN,5.84,6.78,125.09,495.01,,514.83,11.66,8.72,,,2021-03-31,3
SICAL,-1167.07,,,,,,-739.57,-751.01,-0.18,2.5,2023-03-31,11
SICALLOG,19.36,0.25,16.46,131.29,,741.15,9.642,0.462,-20.14,1.5,2024-12-31,7
SIEMENS,15.98,14.45,371.44,13227.6,,13957.0,573.2,504.3,0.45,4.3,2024-12-31,17
SIGACHI,25.24,21.4,13.65,521.72,,570.69,35.194,30.5285,28.57,3.0,2024-12-31,12
SIGIND,7.4,28.0,84.06,247.44,,288.12,22.5,20.166,12.88,4.3,2024-12-31,19
SIGMA,31.59,28.56,7.5,77.07,,82.92,6.1861,5.9206,12.99,1.5,2024-12-31,7
SIGNATURE,5.79,4.29,131.63,1849.59,,3771.22,47.955,40.417,181.47,1.5,2024-12-31,7
SIGNPOST,17.86,10.49,53.82,287.69,,381.53,20.0353,10.0079,7.2,1.0,2024-12-31,5
SIKKO,17.73,8.71,1.98,86.28,,87.44,2.0755,1.9036,-2.26,3.3,2024-12-31,15
SIL,-58.22,-16.71,17.89,115.07,,123.61,-4.4951,-5.1641,21.0,4.3,2024-12-31,19
SILGO,13.18,4.7,43.2,113.03,,113.21,1.3379,1.33,-85.66,3.8,2024-12-31,16
SILINV,81.61,2.46,2420.39,2564.64,,2856.02,18.24,17.59,34.29,4.3,2024-12-31,18
SILLYMONKS,2.31,1.6,,11.99,,12.4,0.1626,0.0495,4.18,4.3,2024-12-31,18
SILVERTUC,13.3,16.11,13.38,169.63,,196.31,9.729,7.9068,36.65,2.5,2024-12-31,11
SIMBHALS,1.65,,,,,,4.4105,-2.6101,-1.17,4.3,2024-12-31,17
SIMPLEX,19.1,,,,,,15.1156,12.6684,740.2,0.8,2020-12-31,4
SIMPLEXINF,2.34,-1.57,123.32,975.43,,2613.24,5.37,-10.24,-17.61,4.3,2024-12-31,19
SINCLAIR,24.61,5.33,23.64,121.17,,158.57,3.5506,2.1138,-3.53,0.8,2024-12-31,4
SINDHUTRAD,24.12,3.71,11.37,1752.91,,2724.16,27.4025,25.2479,12.62,1.5,2024-12-31,7
SINTERCOM,16.01,5.26,37.45,103.08,,137.76,3.8607,1.8121,18.95,4.3,2024-12-31,17
SINTEX,-75.01,,,,,,-523.994,-589.673,43.78,2.3,2022-12-31,10
SIRCA,19.55,12.08,83.66,475.12,,514.57,17.3418,15.5405,21.99,4.3,2024-12-31,19
SIS,5.62,13.45,180.17,2545.27,,4404.8,188.846,148.162,11.0,4.3,2024-12-31,20
SITINET,1.51,,,,,,4.578,-28.147,13.69,4.0,2024-09-30,17
SIYSIL,14.46,17.15,321.82,1460.11,,1577.41,82.5069,67.6361,32.24,4.3,2024-12-31,17
SJS,33.78,11.77,271.24,867.88,,907.91,31.366,26.726,0.39,3.0,2024-12-31,13
SJVN,82.37,3.88,36.23,14238.84,,42761.21,552.68,415.19,-5.52,4.3,2024-12-31,18
SKFINDIA,13.43,43.01,268.91,1329.43,,1370.63,168.74,147.36,11.29,4.0,2024-12-31,17
SKIL,-47.21,,,,,,-0.1582,-0.1597,-76.09,3.5,2024-06-30,16
SKIPPER,10.1,17.69,132.08,1491.23,,2215.02,114.629,97.981,25.35,4.0,2024-12-31,18
SKMEGGPROD,12.16,11.37,75.07,395.34,,453.64,16.43,12.89,15.87,4.3,2024-12-31,19
SKYGOLD,6.93,15.14,77.39,1198.51,,1271.5,50.5548,48.1147,65.13,2.0,2024-12-31,9
SMARTLINK,6.11,4.29,210.33,209.8,,217.67,3.2815,2.334,27.29,4.3,2024-12-31,17
SMCGLOBAL,26.21,8.96,62.27,1303.98,,2357.06,58.3959,52.8108,16.08,3.8,2024-12-31,17
SMLISUZU,6.02,,,,,,19.96,7.85,26.91,4.3,2024-12-31,16
SMLT,5.74,5.51,90.78,124.28,,125.91,2.527,1.734,-25.58,3.0,2024-12-31,13
SMPL,-36.09,,,,,,-1.5385,-8.9652,-28.04,0.7,2021-06-30,4
SMSLIFE,15.14,,,,,,12.8119,9.055,7.68,4.3,2024-12-31,18
SMSPHARMA,20.38,10.56,83.91,785.81,,1009.46,35.3374,26.6418,6.98,4.3,2024-12-31,18
SNOWMAN,16.56,3.36,24.07,402.1,,682.95,21.8308,5.7364,21.46,4.3,2024-12-31,19
SOBHA,8.17,5.84,441.3,4719.93,,5253.94,100.022,76.748,22.2,4.3,2024-12-31,18
SOFTTECH,28.02,4.38,124.09,171.76,,186.02,6.0381,2.038,9.99,2.8,2024-12-31,12
SOLARA,19.71,9.63,260.08,1252.88,,1438.68,59.18,34.64,-6.38,4.3,2024-12-31,19
SOLARINDS,27.17,23.08,693.69,6277.2,,8469.61,536.08,488.66,32.98,4.3,2024-12-31,18
SOMANYCERA,7.52,10.34,205.39,842.38,,1233.83,46.88,31.88,10.37,4.3,2024-12-31,18
SOMATEX,-38.98,-0.74,50.76,167.67,,168.1,-0.23,-0.31,-28.25,4.3,2024-12-31,18
SOMICONVEY,10.53,12.04,69.23,81.55,,84.45,2.9095,2.5415,40.8,4.3,2024-12-31,18
SONACOMS,32.49,11.94,96.21,5982.92,,6524.62,255.5532,194.7428,13.75,3.5,2024-12-31,16
SONAMCLOCK,13.89,,,,,,3.4197,2.5683,-4.35,1.5,2023-09-30,7
SONAMLTD,16.79,,,,,,4.245,3.5699,8.4,1.0,2024-12-31,5
SONATSOFTW,6.15,1.54,68.81,1904.63,,2458.33,14.86,9.44,34.59,4.3,2024-12-31,19
SORILINFRA,23.01,,,,,,9.44,4.69,23.22,1.5,2022-03-31,8
SOTL,2.99,4.82,264.72,1814.92,,1840.06,28.2865,22.1548,17.2,4.3,2024-12-31,18
SOUTHWEST,20.04,12.72,68.23,203.53,,226.42,9.7255,7.1974,16.61,4.3,2024-12-31,17
SPAL,14.96,16.38,376.36,946.13,,1039.74,53.756,42.583,16.18,4.3,2024-12-31,18
SPANDANA,-63.63,-23.05,240.23,2129.39,,6224.19,-352.98,-358.62,11.83,4.3,2024-12-31,17
SPARC,-492.96,-21.64,41.26,1338.82,,1416.77,-73.5,-76.64,-3.88,4.3,2024-12-31,19
SPCENET,4.36,2.73,3.12,177.01,,205.2,1.6913,1.4023,101.23,4.3,2024-12-31,18
SPECIALITY,23.45,14.3,71.82,346.41,,468.86,29.49,16.76,54.76,4.3,2024-12-31,18
SPENCERS,2.88,-14.55,,,,183.71,14.8712,-6.6838,-4.06,4.3,2024-12-31,19
SPENTEX,110.0,54.69,120.19,1.25,,42.74,6.6703,5.8434,,,2024-12-31,8
SPIC,10.35,19.03,67.28,1370.05,,1580.26,84.68,75.19,16.37,4.3,2024-12-31,19
SPLIL,9.11,3.08,74.5,216.05,,217.63,2.437,1.6752,-6.0,4.3,2024-12-31,18
SPLPETRO,8.3,15.61,126.38,2376.5,,2551.94,116.6456,99.5782,-2.19,2.5,2024-12-31,12
SPMLINFRA,12.07,5.91,120.29,948.16,,1513.35,22.489,22.3747,24.66,4.3,2024-12-31,18
SPORTKING,9.88,10.36,87.82,1115.9,,1453.01,60.2232,37.6506,4.5,2.3,2024-12-31,11
SPTL,-92749.15,,,,,,-547.22,-547.22,36.56,1.5,2023-12-31,14
SPYL,15.06,,,,,,2.4877,2.3677,34.05,3.7,2024-06-30,17
SRD,4.1,13.41,19.19,122.78,,123.83,4.178,4.1522,,,2024-12-31,2
SREEL,15.94,6.66,214.96,497.73,,511.17,8.8346,8.5149,38.41,4.3,2024-12-31,18
SREINFRA,-88.74,,,,,,-4.49,-5.65,-83.69,3.0,2023-09-30,14
SRF,18.88,10.55,473.77,14042.76,,17623.83,659.21,464.95,12.69,4.3,2024-12-31,19
SRGHFL,65.2,8.1,189.09,296.91,,1169.63,25.3905,23.6774,22.42,1.3,2024-12-31,6
SRHHYPOLTD,23.37,11.6,565.75,971.11,,1052.74,32.3629,30.5253,-8.63,4.3,2024-12-31,19
SRIPIPES,15.85,,,,,,69.5704,56.6478,10.49,1.0,2021-09-30,5
SRM,15.56,15.12,161.74,371.1,,541.51,23.4033,20.4647,55.55,0.8,2024-12-31,4
SRPL,-28.04,,,,,,-1.5874,-1.7929,-29.5,3.0,2024-12-31,18
SRTRANSFIN,76.04,,,,,,4066.16,4031.27,10.91,2.0,2022-09-30,10
SSDL,7.85,23.18,49.16,194.66,,196.04,14.294,11.362,94.21,0.5,2024-12-31,3
SSWL,11.28,17.41,114.82,1804.81,,2204.92,121.2289,95.9732,19.64,4.0,2024-12-31,18
STALLION,16.82,8.23,58.63,680.6,,681.34,14.3221,14.0264,,,2024-12-31,1
STAMPEDE,33.13,,,,,,1.1971,1.0171,100.68,2.5,2023-03-31,10
STANLEY,20.14,4.51,81.59,466.1,,762.8,11.7,8.6,-10.44,0.8,2024-12-31,5
STAR,18.51,16.38,337.15,3107.57,,4031.74,213.499,165.075,29.5,4.3,2024-12-31,18
STARCEMENT,14.85,1.87,78.95,3191.2,,3727.29,106.7459,17.4099,14.65,4.3,2024-12-31,18
STARPAPER,12.6,5.52,450.92,708.3,,789.63,12.2876,10.9036,14.65,4.3,2024-12-31,18
STARTECK,94.89,4.85,265.34,262.95,,674.35,8.3135,8.1765,23.96,2.8,2024-12-31,12
STCINDIA,-1095.24,,,,,,-23.0,-27.57,,,2024-12-31,18
STEELCAS,28.7,25.49,39.03,395.02,,408.81,29.2179,26.0556,8.82,3.0,2024-12-31,13
STEELCITY,40.31,17.93,91.35,138.0,,140.86,6.5614,6.3134,3.64,4.3,2024-12-31,18
STEELXIND,12.13,12.77,6.02,767.86,,1058.52,39.7212,33.8014,10.97,4.3,2024-12-31,19
STEL,47.78,0.03,872.12,1609.49,,1713.17,0.1454,0.1328,31.53,4.3,2024-12-31,19
STERTOOLS,13.34,8.74,144.8,526.25,,591.51,20.4709,12.919,11.88,4.3,2024-12-31,18
STLTECH,10.55,5.41,46.46,2268.0,,3626.0,133.0,49.0,1.39,4.0,2024-12-31,19
STOVEKRAFT,10.01,14.43,152.31,504.24,,618.74,40.458,22.315,15.48,3.8,2024-12-31,16
STRTECH,18.8,,,,,,169.05,110.87,,,2020-09-30,1
STYLAMIND,18.77,20.26,476.13,806.95,,827.24,47.7747,41.9098,12.81,3.3,2024-12-31,14
STYLEBAAZA,20.7,22.81,60.33,450.17,,1019.21,85.206,58.1143,121.41,0.5,2024-12-31,3
STYRENIX,10.92,13.75,776.93,1366.31,,1901.8,75.4,65.39,11.34,2.0,2024-12-31,10
SUBCAPCITY,68.11,,,,,,2.7516,2.7511,740.97,1.7,2022-09-30,8
SUBEXLTD,-4.72,-5.81,6.18,342.81,,442.65,-3.26,-6.43,-6.2,4.0,2024-12-31,17
SUBROS,9.82,14.29,190.71,1244.1,,1372.17,80.64,49.01,14.71,4.3,2024-12-31,18
SUDARSCHEM,7.9,0.94,438.89,3450.2,,6825.8,52.652,16.106,10.92,4.3,2024-12-31,18
SUJANAUNI,-107377.36,,,,,,-120.4774,-122.439,,,2021-03-31,3
SUKHJITS,8.26,11.73,181.58,567.34,,756.37,31.01,22.19,3.55,2.3,2024-12-31,10
SULA,20.13,16.28,69.56,587.4,,711.74,36.42,28.96,1.77,2.0,2024-12-31,9
SUMEETINDS,41.45,122.82,4.03,211.89,,322.82,104.3639,99.1241,22.12,4.3,2024-12-31,18
SUMICHEM,21.4,13.5,67.91,3389.67,,3504.38,137.352,118.288,-7.71,4.3,2024-12-31,19
SUMIT,19.45,7.37,,187.38,,307.78,5.7989,5.6728,52.63,4.3,2024-12-31,18
SUMMITSEC,-616.0,-0.25,7846.89,8554.68,,9810.81,-6.1655,-6.1707,-29.9,4.3,2024-12-31,22
SUNCLAY,6.3,-2.17,587.59,1295.4,,2204.43,33.36,-11.95,-3.89,1.0,2024-12-31,5
SUNCLAYLTD,18.06,,,,,,100.38,75.45,22.17,2.7,2023-06-30,12
SUNDARAM,-3.75,-8.07,1.91,90.69,,94.08,-0.8005,-1.8979,24.67,4.3,2024-12-31,18
SUNDARMFIN,79.71,,1351.35,14893.65,,,1745.84,1687.97,13.08,4.3,2024-12-31,17
SUNDARMHLD,73.38,,,,,,23.9101,23.1615,24.97,4.3,2024-12-31,18
SUNDRMBRAK,4.19,7.56,259.31,102.04,,113.39,3.6963,2.1424,8.97,4.3,2024-12-31,18
SUNDRMFAST,16.0,15.39,203.45,4275.04,,4529.56,230.56,174.3,12.02,4.3,2024-12-31,18
SUNFLAG,12.72,3.46,492.32,8872.52,,10115.35,113.44,87.39,15.16,4.3,2024-12-31,18
SUNPHARMA,30.41,16.38,348.31,83570.09,,86163.18,4158.47,3527.91,11.67,4.3,2024-12-31,19
SUNTECK,43.08,5.19,245.92,3611.07,,4983.26,66.5092,64.6007,2.98,4.3,2024-12-31,18
SUNTV,71.35,14.34,320.83,12643.36,,12757.19,566.21,457.28,1.75,4.3,2024-12-31,17
SUPERHOUSE,9.01,5.56,421.97,465.22,,522.51,10.7504,7.2658,-4.42,4.3,2024-12-31,16
SUPERSPIN,76.13,5.74,8.98,49.39,,62.89,1.2053,0.9019,-38.49,4.3,2024-12-31,18
SUPPETRO,21.18,,,,,,317.1815,306.8043,67.13,1.5,2022-03-31,8
SUPRAJIT,21.16,18.42,104.75,1436.93,,1839.95,96.58,84.708,0.69,4.3,2024-12-31,18
SUPREME,26.98,3.67,147.1,568.51,,569.43,5.3082,5.2214,,,2024-12-31,1
SUPREMEENG,1.07,,,,,,0.0509,-0.3781,-37.44,3.8,2024-12-31,11
SUPREMEIND,13.24,15.12,485.65,6169.07,,6377.44,332.35,241.06,15.21,4.3,2024-12-31,19
SUPREMEINF,-114.19,-31.37,35.46,343.02,,407.52,-30.4473,-31.9553,-4.85,4.0,2024-06-30,18
SUPRIYA,36.66,20.42,148.82,1197.73,,1236.06,68.0504,63.0867,16.63,3.0,2024-12-31,13
SURAJEST,28.14,12.08,207.87,993.04,,1540.16,47.788,46.5,48.49,1.3,2024-12-31,6
SURAJLTD,21.41,30.71,75.02,137.76,,141.28,13.6175,10.8463,,,2024-12-31,2
SURAKSHA,31.68,10.33,47.01,244.85,,388.47,18.8554,10.0282,,,2024-12-31,2
SURANASOL,4.58,1.62,11.4,56.11,,56.24,0.4873,0.2281,17.52,4.3,2024-12-31,20
SURANAT&P,78.51,1.36,13.4,181.98,,249.18,2.9563,0.8452,-6.66,4.3,2024-12-31,19
SURYALAXMI,6.77,9.03,144.92,272.53,,394.57,13.1091,8.9107,17.06,4.3,2024-12-31,17
SURYAROSNI,8.33,18.29,121.02,2633.55,,2740.12,155.6,125.28,7.49,4.3,2024-12-31,19
SUTLEJTEX,1.11,-7.03,49.77,815.37,,1166.8,7.26,-20.51,8.33,4.3,2024-12-31,19
SUULD,-5499.3,,,,,,-861.19,-862.16,-51.01,3.7,2024-06-30,17
SUVEN,-2334.01,-26.37,22.43,591.4,,593.32,-37.5752,-39.1087,-33.25,4.3,2024-12-31,18
SUVENPHAR,43.43,,,,,,133.41,113.06,6.25,4.3,2024-12-31,17
SUVIDHAA,-77.47,-42.47,1.28,26.86,,29.01,-0.9921,-3.08,-47.76,4.0,2024-12-31,17
SUYOG,72.31,11.51,417.84,489.58,,820.11,35.276,23.589,,,2024-12-31,2
SUZLON,17.72,17.26,6.9,9463.52,,10681.95,527.04,460.86,39.07,4.3,2024-12-31,19
SVLL,27.48,8.54,32.16,36.97,,174.44,10.13,3.7238,23.26,1.8,2024-12-31,8
SVPGLOB,-428.53,-25.71,,,,925.83,-57.6658,-59.5041,-62.17,3.5,2024-12-31,16
SWANDEF,-3042.24,-7.09,13.22,69.64,,2840.8,-35.29,-50.37,,,2024-12-31,1
SWANENERGY,63.52,,,,,,1212.1326,1151.559,106.48,4.3,2024-12-31,19
SWARAJENG,13.88,34.36,402.4,488.92,,499.71,47.95,42.92,4.01,4.3,2024-12-31,20
SWELECTES,29.93,4.52,607.65,921.14,,1426.22,27.349,16.1125,14.11,4.3,2024-12-31,17
SWIGGY,-25.98,-12.21,70.27,18314.0,,20360.0,-597.03,-621.577,,,2024-12-31,2
SWSOLAR,8.3,40.05,27.82,649.75,,1209.5,123.49,121.09,2.54,4.3,2024-12-31,19
SYMPHONY,-4.13,-11.13,79.36,545.0,,575.0,-10.0,-16.0,5.72,4.3,2024-12-31,19
SYNCOM,-205.31,,,,,,-0.7229,-1.1039,-51.49,0.7,2021-06-30,5
SYNCOMF,14.72,16.24,4.41,414.99,,430.12,18.7679,17.4604,65.3,1.5,2024-12-31,7
SYNGENE,30.65,12.83,120.44,4839.1,,5502.4,268.8,176.5,12.72,4.0,2024-12-31,18
SYRMA,11.41,9.49,148.59,2862.19,,3329.15,99.193,78.967,31.76,2.3,2024-12-31,10
TAINWALCHM,24.82,2.23,183.87,172.18,,187.01,1.1391,1.043,21.21,4.3,2024-12-31,18
TAJGVK,40.44,12.06,163.35,1024.25,,1593.09,51.33,48.05,79.79,4.3,2024-12-31,18
TAKE,-817.6,-1413.46,2.12,31.0,,31.0,-107.972,-109.543,-15.17,3.7,2024-12-31,18
TALBROAUTO,17.67,13.89,120.36,742.95,,791.81,35.6002,27.4897,15.73,4.3,2024-12-31,18
TANLA,17.27,23.39,188.49,2488.0,,2535.54,172.8117,148.2393,46.8,4.3,2024-12-31,19
TANTIACONS,-33.91,,,,,,-6.47,-7.09,-27.3,3.2,2023-06-30,10
TARACHAND,32.32,8.16,18.93,149.23,,434.12,20.8039,8.8561,40.0,1.3,2024-12-31,5
TARAPUR,-65.67,,,,,,-0.105,-0.318,-59.34,2.7,2024-12-31,18
TARC,-99.64,-1.77,35.99,1062.09,,2659.08,-9.3119,-11.7494,-36.74,4.0,2024-12-31,18
TARIL,15.95,19.84,50.47,1514.83,,1634.42,86.96,81.05,,,2024-12-31,2
TARMAT,3.06,0.81,74.49,186.7,,197.76,0.7998,0.398,-2.43,4.3,2024-12-31,18
TARSONS,39.44,6.26,119.29,634.69,,921.63,30.037,14.426,2.53,3.0,2024-12-31,13
TASTYBITE,15.35,21.06,1332.85,342.01,,380.79,27.429,20.053,17.27,4.3,2024-12-31,18
TATACHEM,10.92,1.39,832.4,21206.0,,32288.0,392.0,112.0,7.79,4.3,2024-12-31,17
TATACOFFEE,17.99,,,,,,125.17,103.08,8.6,3.0,2023-09-30,14
TATACOMM,26.91,6.81,120.95,3447.04,,14385.93,488.3,245.1,-19.04,4.0,2024-12-31,17
TATACONSUM,13.73,6.61,220.17,21787.53,,27847.33,610.17,459.85,11.65,4.3,2024-12-31,19
TATAELXSI,30.5,32.51,488.2,3041.34,,3205.55,286.4663,260.4991,18.45,4.0,2024-12-31,17
TATAINVEST,79.85,,577.55,29221.15,,,34.87,34.6,-13.13,4.3,2024-12-31,18
TATAMETALI,12.38,,,,,,93.47,71.32,14.03,2.7,2023-09-30,12
TATAMOTORS,13.07,,,,,,14845.0,9437.0,19.35,4.3,2024-12-31,19
TATAMTRDVR,16.11,,,,,,17403.0,10829.0,20.61,3.7,2024-06-30,17
TATAPOWER,24.4,8.01,123.51,39467.21,,135612.12,3754.97,2713.98,15.66,4.3,2024-12-31,17
TATASTEEL,11.18,6.71,81.92,102167.65,,204336.47,5998.33,3429.14,9.02,4.3,2024-12-31,19
TATASTLBSL,29.29,,,,,,2433.51,2034.06,58.78,0.7,2021-09-30,4
TATASTLLP,5.15,,,,,,151.71,-69.05,32.39,2.7,2023-09-30,12
TATATECH,21.75,11.07,96.64,3923.37,,5162.79,162.72,142.83,-41.91,1.0,2024-12-31,6
TATVA,8.27,0.09,334.2,781.76,,790.56,7.104,0.181,-6.24,3.5,2024-12-31,15
TBOTEK,15.86,3.02,145.21,1550.66,,2247.13,21.183,16.953,-4.03,0.8,2024-12-31,4
TBZ,6.57,23.02,125.6,838.15,,952.15,60.9457,54.797,33.32,4.3,2024-12-31,18
TCI,10.92,13.15,334.35,2565.9,,2884.2,125.3,94.8,12.44,4.3,2024-12-31,19
TCIDEVELOP,50.36,,,,,,1.5379,1.1166,11.74,2.0,2022-09-30,10
TCIEXP,10.62,11.77,213.12,818.8,,889.8,31.48,26.18,8.09,4.3,2024-12-31,18
TCIFINANCE,-59485.71,-26.07,,,,6.39,-0.4164,-0.4164,-89.3,3.5,2024-12-31,18
TCLCONS,7.94,,,,,,0.98,0.48,282.18,1.0,2024-09-30,5
TCNSBRANDS,-17.57,,,,,,-36.214,-63.444,10.02,3.7,2024-06-30,17
TCPLPACK,17.91,23.32,791.53,718.79,,1085.75,81.9459,63.3123,17.71,4.3,2024-12-31,19
TCS,31.26,51.77,296.4,107240.0,,121458.0,16845.0,15720.0,11.08,4.0,2024-12-31,19
TDPOWERSYS,18.53,22.12,68.61,1071.76,,1083.37,64.9118,59.9165,16.49,4.3,2024-12-31,18
TEAMLEASE,1.41,7.7,622.35,1043.3,,1484.67,37.98,28.59,27.83,4.3,2024-12-31,20
TECHIN,,,7.18,10.29,,10.32,,,,,2024-12-31,17
TECHM,13.79,15.75,334.41,29615.4,,34871.9,1832.1032,1373.3032,8.55,4.3,2024-12-31,19
TECHNOE,21.17,12.13,357.42,4156.85,,4646.09,143.0837,140.9039,25.52,4.3,2024-12-31,18
TECHNOFAB,-3.79,,,,,,-1.7971,-2.3158,171.72,2.2,2022-06-30,11
TECILCHEM,,,,,,,,,,,2024-12-31,18
TEGA,25.09,8.55,453.52,3407.18,,3593.23,102.673,76.829,16.65,3.0,2024-12-31,13
TEJASNET,14.57,30.01,165.11,2930.87,,3649.13,385.04,273.77,110.38,4.0,2024-12-31,20
TEMBO,19.26,16.79,,452.27,,737.85,31.6807,30.9669,50.74,3.5,2024-12-31,15
TERASOFT,16.61,10.11,116.66,145.96,,155.9,3.9669,3.9387,-17.86,4.3,2024-12-31,18
TEXINFRA,56.06,0.57,83.71,1066.72,,1144.31,2.229,1.6249,-0.85,4.0,2024-12-31,17
TEXMOPIPES,9.46,10.25,78.95,230.5,,270.52,10.3931,6.9328,7.33,4.3,2024-12-31,18
TEXRAIL,10.46,18.15,58.35,2374.14,,2818.28,138.6556,127.8541,30.42,4.0,2024-12-31,17
TFCILTD,94.06,,28.41,1315.14,,,53.8158,53.6442,-2.88,4.3,2024-12-31,18
TFL,-45.5,-5.34,5.2,28.66,,63.52,-0.7892,-0.8477,98.49,4.3,2024-12-31,18
TGBHOTELS,23.77,5.43,26.48,77.56,,83.76,2.4306,1.1376,32.47,4.3,2024-12-31,17
THANGAMAYL,7.35,20.13,455.57,1416.0,,1545.8,83.17,77.81,32.53,4.3,2024-12-31,18
THEINVEST,35.59,0.06,140.81,735.61,,744.27,0.8958,0.1107,1.37,4.3,2024-12-31,18
THEJO,19.74,17.64,326.77,354.42,,415.79,22.049,18.3414,-21.01,2.3,2024-12-31,7
THEMISMED,10.18,6.49,43.28,398.58,,431.75,9.5508,7.0105,13.43,4.3,2024-12-31,18
THERMAX,8.79,9.94,492.68,5549.97,,7461.75,220.5,185.43,34.34,4.3,2024-12-31,18
THOMASCOOK,6.51,11.06,53.89,2546.34,,3516.84,134.12,97.21,71.82,4.0,2024-12-31,18
THOMASCOTT,12.63,14.47,93.6,137.31,,139.41,5.7342,5.0445,147.33,4.3,2024-12-31,19
THYROCARE,27.57,18.0,36.79,585.5,,637.31,45.74,28.68,1.89,4.3,2024-12-31,19
TI,7.97,4.3,120.63,2981.71,,5282.66,64.1721,56.8116,20.86,4.3,2024-12-31,18
TICL,21.23,2.94,20.09,311.4,,369.93,3.2,2.72,,,2024-12-31,1
TIDEWATER,10.05,,,,,,38.02,34.4,10.76,3.7,2024-06-30,16
TIIL,15.31,12.07,891.92,2022.24,,2315.47,98.6781,69.8882,19.72,4.3,2024-12-31,18
TIINDIA,11.81,11.83,400.48,7751.41,,14930.44,568.25,441.59,29.71,4.0,2024-12-31,18
TIJARIA,-9.19,-14.36,,,,19.77,-0.0098,-0.7099,-72.23,3.5,2024-12-31,18
TIL,8.19,7.6,15.78,111.02,,248.55,6.48,4.72,-1.29,4.3,2024-12-31,18
TIMESGTY,81.31,,,,,,0.6916,0.6916,16.68,4.3,2024-12-31,18
TIMETECHNO,14.96,5.66,82.82,4088.3,,4557.73,91.25,64.53,15.8,4.3,2024-12-31,18
TIMKEN,17.86,13.15,387.48,2914.57,,3003.71,119.886,98.784,13.48,4.3,2024-12-31,18
TINPLATE,1.92,,,,,,18.0988,0.4373,16.78,2.7,2023-09-30,12
TIPSFILMS,-199.73,-24.14,69.14,29.89,,32.5,-1.7588,-1.9613,-71.69,2.3,2024-12-31,11
TIPSINDLTD,79.76,,,,,,58.9576,58.4104,49.27,3.7,2024-06-30,17
TIPSMUSIC,76.9,89.3,20.34,259.95,,265.09,59.7299,59.1841,,,2024-12-31,2
TIRUMALCHM,-4.48,-4.14,129.7,1563.6,,3439.26,-20.02,-35.56,12.79,4.3,2024-12-31,20
TIRUPATIFL,11.47,5.04,,133.4,,163.61,2.999,2.0614,37.79,4.3,2024-12-31,18
TITAGARH,13.58,16.4,182.35,2455.76,,2834.62,122.56,116.2,-0.63,1.5,2024-12-31,8
TITAN,10.16,31.34,177.03,15703.0,,20768.0,1802.0,1627.0,39.42,4.3,2024-12-31,18
TMRVL,-110.66,,,,,,-1.0239,-1.0343,999.0,1.7,2022-03-31,8
TNPETRO,5.27,5.68,113.11,1017.68,,1259.89,24.26,17.89,11.96,4.3,2024-12-31,18
TNPL,5.84,-1.19,334.63,2315.98,,3605.13,65.75,-10.7,16.09,4.3,2024-12-31,17
TNTELE,,,,,,,,,,,2024-12-31,15
TOKYOPLAST,6.45,2.4,65.98,62.69,,78.49,1.2294,0.4715,4.73,4.3,2024-12-31,18
TOLINS,19.79,14.56,91.43,361.24,,362.51,13.803,13.195,-16.35,0.5,2024-12-31,3
TORNTPHARM,33.71,8.32,247.85,8388.43,,35968.63,947.0,748.0,8.1,4.3,2024-12-31,20
TORNTPOWER,19.75,10.21,378.55,19075.33,,35480.19,1283.5,905.98,18.76,4.3,2024-12-31,19
TOTAL,3.37,19.26,56.1,90.47,,100.39,5.8909,4.8331,26.39,4.3,2024-12-31,18
TOUCHWOOD,12.79,36.7,39.81,44.11,,48.24,4.6188,4.4257,161.69,4.3,2024-12-31,17
TPHQ,0.67,1.84,1.24,136.1,,136.38,0.6304,0.6257,-17.57,1.3,2024-12-31,7
TPLPLASTEH,12.06,21.34,21.65,168.9,,180.56,10.9776,9.6347,19.07,4.3,2024-12-31,17
TRACXN,9.11,12.86,4.92,52.55,,59.44,1.9496,1.9114,5.14,2.3,2024-12-31,10
TRANSRAILL,14.42,29.16,169.92,2281.29,,2457.58,193.27,179.15,,,2024-12-31,2
TRANSWORLD,38.25,10.17,306.84,673.77,,925.29,44.7597,23.5297,,,2024-12-31,2
TREEHOUSE,12.77,0.15,42.71,180.71,,187.9,0.24,0.07,30.31,4.3,2024-12-31,18
TREJHARA,29.89,1.27,123.38,297.55,,300.19,1.9201,0.9533,-16.91,4.3,2024-12-31,19
TREL,77.69,4.08,52.07,1279.26,,1340.66,18.18,13.68,-4.77,1.3,2024-12-31,6
TRENT,19.35,30.81,130.99,6984.68,,8517.59,901.01,656.08,62.86,4.3,2024-12-31,18
TRF,66.58,24.83,76.67,84.37,,239.57,15.5192,14.8686,-1.55,4.3,2024-12-31,19
TRIDENT,13.74,9.2,9.36,4771.42,,5934.15,229.0,136.44,6.35,4.0,2024-12-31,18
TRIGYN,1.82,1.35,258.79,796.72,,812.51,3.7671,2.7385,74.96,4.3,2024-12-31,18
TRIL,13.65,,,,,,42.53,36.25,16.62,3.7,2024-06-30,17
TRITURBINE,26.1,33.51,45.49,1446.0,,1491.0,131.4,124.9,26.49,4.3,2024-12-31,18
TRIVENI,7.28,8.43,152.71,3342.83,,3899.78,112.67,82.23,7.68,4.3,2024-12-31,18
TRU,54.07,26.5,4.29,51.0,,389.72,27.8766,25.8176,22.53,1.5,2024-12-31,7
TTKHLTCARE,12.47,8.34,789.0,1114.85,,1122.51,25.5276,23.4168,6.02,4.3,2024-12-31,17
TTKPRESTIG,13.51,14.43,137.19,1878.82,,2057.67,90.06,74.23,3.18,4.3,2024-12-31,20
TTL,5.22,6.89,4.84,125.11,,153.53,2.9512,2.6441,-12.31,4.3,2024-12-31,15
TTML,45.47,,,,,,151.32,108.14,6.3,4.3,2024-12-31,19
TULSI,-4.33,-18.98,,36.9,,37.0,-0.5141,-1.7554,-26.31,0.5,2024-12-31,3
TV18BRDCST,1.64,,,,,,50.45,-18.36,34.42,3.7,2024-06-30,18
TVSELECT,3.98,0.66,51.45,95.95,,108.56,3.98,0.18,12.47,4.3,2024-12-31,18
TVSHLTD,16.28,12.41,3195.79,6465.73,,51557.84,1865.54,1599.93,7.44,1.3,2024-12-31,6
TVSMOTOR,15.54,24.0,201.37,9564.25,,24432.94,1730.06,1466.14,19.32,4.3,2024-12-31,19
TVSSCS,14.04,2.8,46.09,2033.5,,3528.15,67.03,24.73,-3.18,1.5,2024-12-31,8
TVSSRICHAK,4.95,1.97,1554.37,1190.18,,1631.32,39.71,8.04,9.19,4.3,2024-12-31,18
TVTODAY,9.36,5.6,149.3,890.86,,911.07,22.16,12.75,7.12,4.3,2024-12-31,18
TVVISION,-27.71,,,,,,-2.6945,-6.4268,-12.85,4.3,2024-12-31,18
TWL,11.47,,,,,,69.621,64.3135,19.82,2.0,2022-09-30,9
UBL,2.84,5.54,171.03,4522.1,,4659.42,125.86,64.52,17.38,4.3,2024-12-31,20
UCAL,12.34,13.27,147.49,326.16,,437.4,25.0937,14.5095,6.73,1.5,2024-12-31,6
UCALFUEL,3.57,,,,,,6.6234,-3.0282,0.13,2.5,2023-03-31,10
UDAICEMENT,16.38,,,,,,60.5,34.61,8.08,0.8,2024-12-31,5
UDS,7.47,13.42,157.17,1052.33,,1187.12,51.8946,39.8216,13.21,1.5,2024-12-31,7
UEL,87.12,31.35,6.65,88.67,,89.18,7.116,6.9887,26.5,0.8,2024-12-31,4
UFLEX,13.09,4.69,1124.82,8122.42,,14756.03,253.75,172.88,12.91,4.3,2024-12-31,18
UFO,23.76,20.86,83.78,325.19,,445.15,32.95,23.21,80.16,4.3,2024-12-31,19
UGARSUGAR,8.25,20.47,20.77,233.68,,308.6,22.6749,15.7934,5.69,4.3,2024-12-31,18
UGROCAP,62.72,9.24,190.16,2906.02,,9538.4,232.765,220.2733,75.91,3.5,2024-12-31,15
UJAAS,323.9,,,,,,18.9242,17.1205,-5.53,3.2,2023-12-31,13
UJJIVAN,65.68,,,,,,1034.9691,986.1594,23.49,3.2,2023-12-31,13
ULTRACEMCO,18.28,7.91,2604.74,76623.54,,107544.35,2984.39,2127.88,7.44,4.0,2024-12-31,18
UMAEXPORTS,1.13,10.91,58.19,196.75,,199.28,5.5976,5.4369,11.98,2.8,2024-12-31,12
UMANGDAIRY,5.7,,,,,,3.4908,2.4192,-0.38,4.3,2024-12-31,18
UMESLTD,157.33,42.48,0.65,1.71,,1.71,0.1825,0.1816,-9.35,4.3,2024-12-31,18
UNICHEMLAB,20.8,9.07,385.97,2717.44,,2851.5,93.14,64.69,8.42,4.3,2024-12-31,19
UNIDT,16.27,5.94,137.73,279.64,,285.89,5.5151,4.245,-1.67,4.3,2024-12-31,19
UNIECOM,30.02,16.64,17.17,192.97,,208.89,9.827,8.688,41.69,0.5,2024-12-31,3
UNIENTER,-10.74,-0.11,351.82,2446.77,,2590.73,-0.5482,-0.7368,61.03,3.0,2024-12-31,18
UNIINFO,1.6,-1.08,29.76,31.82,,33.31,0.1277,-0.0903,-8.99,3.0,2024-12-31,13
UNIMECH,43.41,10.55,144.99,737.39,,779.02,23.3992,20.5467,,,2024-12-31,1
UNIPARTS,17.89,10.95,193.0,870.44,,973.17,37.267,26.633,-20.68,2.0,2024-12-31,9
UNIPLY,,,,,,,,,,,2020-12-31,3
UNITDSPR,9.22,27.5,123.09,8953.0,,9324.0,713.0,641.0,53.1,0.5,2024-12-31,4
UNITECH,-337.92,,,,,,-249.103,-250.6885,-30.79,5.3,2024-12-31,21
UNITEDPOLY,8.03,19.63,5.78,132.63,,182.57,12.2336,8.9585,-6.11,3.0,2024-12-31,13
UNITEDTEA,27.46,8.74,482.87,241.29,,249.07,6.2994,5.4394,7.68,4.3,2024-12-31,18
UNIVAFOODS,-18.5,-9.87,,,,0.15,-0.0037,-0.0037,-78.02,1.5,2024-12-31,9
UNIVASTU,21.49,16.03,66.7,80.01,,104.98,4.449,4.208,46.73,4.3,2024-12-31,16
UNIVCABLES,7.58,5.79,545.04,1891.01,,2728.78,46.0693,39.4663,19.61,4.3,2024-12-31,18
UNIVPHOTO,88.33,2.04,741.03,811.21,,823.93,4.24,4.21,-19.98,4.3,2024-12-31,19
UNOMINDA,11.12,14.15,118.28,6829.57,,8703.89,465.44,307.81,21.76,2.5,2024-12-31,11
UPL,18.8,9.01,410.88,34696.0,,60457.0,2050.0,1362.0,4.79,4.3,2024-12-31,19
URAVI,14.04,,,,,,1.5613,1.0152,-40.42,2.0,2024-09-30,7
URAVIDEF,13.05,5.71,44.61,50.85,,53.15,1.3079,0.7587,,,2024-12-31,1
URJA,2.69,0.75,3.17,176.67,,196.8,0.3859,0.3692,-18.98,4.3,2024-12-31,19
USHAMART,17.03,13.77,108.47,3301.93,,3516.21,146.59,121.02,12.66,4.3,2024-12-31,19
USK,11.67,4.92,30.77,170.31,,243.04,5.2248,2.991,-43.38,1.8,2024-12-31,8
UTIAMC,60.93,16.19,350.5,4504.63,,4703.57,200.55,190.33,6.04,4.0,2024-12-31,19
UTTAMSTL,2.82,,,,,,6.72,-50.6,14.19,1.7,2022-06-30,8
UTTAMSUGAR,14.43,18.53,229.83,876.53,,1064.57,61.26,49.32,0.12,4.3,2024-12-31,18
UYFINCORP,20.97,2.58,20.45,388.97,,413.66,3.1183,2.6699,,,2024-12-31,2
V2RETAIL,19.07,22.9,24.75,902.33,,1508.28,112.6792,86.3605,57.78,4.3,2024-12-31,19
VADILALIND,14.73,7.72,1182.96,850.31,,1061.87,30.03,20.49,12.53,4.3,2024-12-31,19
VAIBHAVGBL,22.91,8.64,98.68,1647.93,,1934.45,43.4537,41.7602,-23.69,4.3,2024-12-31,19
VAISHALI,8.72,13.25,4.98,64.92,,69.79,2.4347,2.3119,7.0,4.0,2024-12-31,18
VAKRANGEE,9.18,3.23,1.97,213.74,,246.27,6.2278,1.9891,-0.8,4.3,2024-12-31,19
VALECHAENG,-10.87,,,,,,-0.51,-0.59,-29.51,4.3,2024-12-31,15
VALIANTLAB,3.66,0.91,57.24,310.89,,344.53,1.29,0.781,-34.2,1.3,2024-12-31,6
VALIANTORG,10.9,5.17,271.01,759.38,,880.54,20.3693,11.3824,-7.34,3.5,2024-12-31,15
VALUEIND,-117.79,,,,,,-0.6648,-5.0197,-45.7,4.3,2024-03-31,14
VARDHACRLC,6.76,7.31,31.6,253.92,,263.85,5.53,4.82,0.28,4.0,2024-12-31,19
VARDMNPOLY,39.61,92.61,,,,119.43,29.8491,27.6498,-10.48,4.3,2024-12-31,18
VARROC,4.7,3.02,116.53,1780.34,,2247.51,97.527,16.984,31.56,4.3,2024-12-31,18
VASCONEQ,33.2,28.95,49.58,1148.82,,1330.32,97.87,96.28,23.66,4.3,2024-12-31,18
VASWANI,5.8,4.58,45.56,150.1,,396.06,5.9405,4.5323,9.77,4.3,2024-12-31,19
VBL,16.36,6.77,57.89,19578.7,,21491.21,624.61,363.828,18.73,4.3,2024-12-31,19
VCL,-414.38,-141.95,1.22,22.44,,24.29,-8.6153,-8.6198,-78.99,1.8,2024-12-31,12
VEDL,30.13,39.45,104.57,40831.0,,92298.0,11784.0,9103.0,16.01,4.3,2024-12-31,19
VEEDOL,9.03,10.78,609.36,1035.61,,1085.31,34.81,29.26,,,2024-12-31,2
VENKEYS,4.64,7.63,1133.02,1596.09,,1670.06,40.88,31.85,5.5,4.3,2024-12-31,18
VENTIVE,63.69,3.48,235.76,5506.07,,9926.44,99.093,86.395,,,2024-12-31,1
VENUSPIPES,16.46,17.07,322.69,668.48,,780.48,38.072,33.311,30.9,2.8,2024-12-31,13
VENUSREM,17.13,14.39,496.56,663.75,,691.94,30.3,24.89,9.9,4.3,2024-12-31,18
VERANDA,-33.69,-42.46,99.65,958.36,,1629.24,-33.4005,-172.9436,65.21,2.5,2024-12-31,11
VERTOZ,14.92,12.15,27.35,233.07,,285.37,9.8801,8.6649,61.54,4.3,2024-12-31,18
VESUVIUS,17.56,17.97,81.98,1663.89,,1706.04,89.3,76.64,22.81,4.3,2024-12-31,19
VETO,8.78,7.71,151.55,289.69,,296.66,6.6462,5.7211,17.01,4.3,2024-12-31,20
VGUARD,8.64,12.88,54.33,2373.05,,2624.19,109.57,84.53,18.21,4.3,2024-12-31,20
VHL,85.69,,11797.24,3765.68,,,5.63,5.62,-4.67,4.3,2024-12-31,18
VHLTD,31.14,6.69,39.48,266.8,,513.77,11.757,8.5979,-10.92,0.8,2024-12-31,5
VICEROY,-11.09,,,,,,-4.4598,-6.5711,95.46,3.2,2023-12-31,13
VIDEOIND,-18.12,,,,,,-30.4044,-156.458,-8.31,4.8,2024-03-31,12
VIDHIING,19.35,20.8,65.64,327.83,,337.31,19.0604,17.5442,17.78,4.3,2024-12-31,17
VIJAYA,43.18,14.64,93.02,957.15,,1383.18,67.4677,50.6111,10.57,3.3,2024-12-31,13
VIJIFIN,25.53,0.8,1.64,23.36,,31.76,0.1514,0.0633,14.17,4.3,2024-12-31,20
VIKASECO,3.39,1.78,2.86,397.31,,399.94,2.8718,1.7794,16.94,4.3,2024-12-31,15
VIKASLIFE,-2.47,-2.78,2.97,551.49,,602.01,-2.7623,-4.1835,3.23,2.8,2024-12-31,13
VIKASMCORP,13.34,,,,,,1.2579,1.1161,,,2020-12-31,2
VIMTALABS,37.92,19.19,102.28,456.87,,496.7,33.568,23.831,11.26,4.0,2024-12-31,18
VINATIORGA,28.57,15.07,304.99,3161.68,,3364.1,149.03,126.71,22.59,4.3,2024-12-31,19
VINCOFE,16.04,6.15,39.07,569.21,,633.32,11.4806,9.7305,,,2024-09-30,1
VINDHYATEL,6.55,4.56,3548.46,4205.28,,5441.56,67.8892,61.9815,31.11,4.3,2024-12-31,18
VINEETLAB,-22.67,-83.07,12.96,14.22,,22.74,-4.1033,-4.7224,-49.96,3.8,2024-12-31,16
VINNY,22.57,22.5,1.78,83.0,,92.18,6.2257,5.1854,17.16,2.0,2024-12-31,9
VINYLINDIA,4.54,20.02,71.03,130.25,,132.25,6.6434,6.6181,14.72,4.3,2024-12-31,18
VIPCLOTHNG,7.87,8.07,21.57,194.37,,209.86,4.9296,4.2323,9.74,4.3,2024-12-31,19
VIPIND,6.2,0.73,20.38,289.5,,571.7,31.08,1.05,45.52,4.3,2024-12-31,18
VIPULLTD,46.3,4.63,29.29,412.85,,416.26,4.9875,4.8198,-8.25,4.3,2024-12-31,19
VIRINCHI,32.49,6.18,45.28,492.62,,718.3,26.7739,11.105,3.22,1.8,2024-12-31,9
VISAKAIND,3.85,-0.94,95.7,826.86,,956.17,13.5221,-2.2483,10.87,4.3,2024-12-31,19
VISASTEEL,2.39,,,,,,2.834,-9.398,-16.03,4.3,2024-12-31,19
VISESHINFO,-318.19,,,,,,-0.3341,-0.9881,0.61,4.3,2024-12-31,19
VISHNU,15.27,10.23,158.83,1069.15,,1442.25,42.7447,36.8747,23.13,4.3,2024-12-31,18
VISHWARAJ,19.18,13.78,11.61,252.95,,407.99,17.8751,14.0598,6.97,4.3,2024-12-31,18
VISUINTL,,,,,,,,,,,2023-03-31,8
VIVIDHA,4.97,16.42,,,,5.88,0.4079,0.2414,72.02,3.2,2024-12-31,19
VIVIMEDLAB,-0.51,-5.35,,,,489.39,-0.176,-6.543,-34.86,4.3,2024-12-31,18
VLEGOV,6.28,8.48,4.11,44.57,,44.61,0.9554,0.9459,-25.52,1.3,2024-12-31,8
VLSFINANCE,83.04,11.85,673.48,2113.31,,2183.98,65.7502,64.7059,23.88,4.0,2024-12-31,19
VMART,17.02,28.33,119.7,951.1,,1583.86,174.75,112.17,51.51,4.3,2024-12-31,17
VMM,16.71,17.29,15.86,7413.26,,8867.97,524.051,383.388,,,2024-12-31,1
VOLTAMP,21.9,22.49,1771.08,1791.8,,1823.31,105.9031,102.5157,29.66,4.3,2024-12-31,19
VOLTAS,8.36,8.84,192.7,6376.21,,6955.65,170.2,153.71,16.66,4.3,2024-12-31,18
VPRPL,12.33,14.75,50.54,629.95,,698.04,29.718,25.742,-9.1,1.5,2024-12-31,7
VRAJ,10.25,9.03,130.31,429.8,,475.19,12.292,10.725,1.51,0.8,2024-12-31,5
VRLLOG,20.85,19.63,65.31,1142.44,,2191.22,172.0907,107.5275,15.99,4.3,2024-12-31,18
VSSL,9.85,10.3,132.11,1277.32,,1303.18,42.0542,33.5629,13.72,4.3,2024-12-31,19
VSTIND,37.56,45.04,85.27,1445.67,,1470.86,176.75,165.63,4.21,4.3,2024-12-31,20
VSTL,3.97,11.25,103.89,197.0,,251.15,9.8138,7.0628,-1.49,1.0,2024-12-31,5
VSTTILLERS,4.77,14.14,1264.44,1094.12,,1153.88,104.6,40.8,71.63,4.3,2024-12-31,18
VTL,15.46,9.2,363.44,10513.74,,12186.04,381.15,280.33,11.82,4.3,2024-12-31,20
WAAREEENER,23.42,16.56,501.9,14437.34,,17407.67,809.7048,720.6578,,,2024-12-31,2
WABAG,13.87,14.16,412.21,2568.5,,3140.5,112.5,111.2,7.0,4.3,2024-12-31,18
WABCOINDIA,10.35,,,,,,67.5617,43.6106,42.63,1.3,2021-12-31,7
WALCHANNAG,-4.0,-4.58,52.89,358.79,,440.33,-2.36,-5.04,-10.92,4.3,2024-12-31,18
WANBURY,11.08,14.48,41.34,144.45,,316.63,14.7826,11.4584,8.27,4.3,2024-12-31,18
WCIL,6.43,10.06,85.03,866.97,,887.46,28.497,22.32,9.75,0.5,2024-12-31,3
WEALTH,75.85,27.83,141.23,150.48,,170.77,11.9715,11.8794,25.97,4.0,2024-12-31,18
WEBELSOLAR,46.11,27.34,14.53,630.7,,778.06,67.93,53.19,57.21,4.5,2024-12-31,19
WEIZMANIND,14.98,20.72,42.62,66.03,,69.01,4.2809,3.5754,4.02,4.3,2024-12-31,18
WEL,5.4,31.74,6.63,88.83,,128.67,11.9663,10.2104,52.02,2.0,2024-12-31,9
WELCORP,13.22,12.83,347.19,9155.56,,12084.19,477.63,387.59,30.7,4.3,2024-12-31,18
WELENT,20.8,13.08,224.47,3044.11,,5095.33,180.28,166.59,24.0,4.3,2024-12-31,19
WELINV,42.35,0.04,1838.18,671.67,,752.7,0.0817,0.0817,-14.95,4.3,2024-12-31,18
WELSPUNIND,14.65,,,,,,294.27,238.9,0.59,3.0,2023-09-30,14
WELSPUNLIV,11.12,8.08,51.44,4917.19,,7184.08,219.16,145.17,-18.24,1.0,2024-12-31,6
WENDT,24.23,16.63,1269.35,253.87,,255.69,12.94,10.63,12.42,4.3,2024-12-31,19
WESTLIFE,13.93,6.11,39.89,619.09,,2577.83,91.0779,39.4063,4.19,1.5,2024-12-31,8
WEWIN,4.56,0.23,30.64,31.13,,36.24,0.878,0.0204,22.81,2.5,2024-12-31,11
WFL,-0.31,,,,,,-0.1723,-1.6335,-85.42,0.5,2022-09-30,3
WHEELS,7.56,15.93,426.25,1041.46,,1463.6,79.85,58.3,16.0,4.3,2024-12-31,20
WHIRLPOOL,5.78,3.67,327.94,4160.64,,4906.42,90.44,44.97,1.51,4.3,2024-12-31,19
WILLAMAGOR,1504.23,7.46,,,,396.95,7.4008,7.4004,-69.32,4.3,2024-12-31,18
WINDLAS,14.55,14.62,275.2,580.84,,586.42,28.369,21.43,17.46,3.5,2024-12-31,15
WINDMACHIN,44.15,27.55,55.73,493.3,,628.32,47.5298,43.2797,10.21,4.3,2024-12-31,19
WINSOME,-126.32,,,,,,-1.44,-3.9,-35.73,4.3,2024-12-31,19
WIPL,6.83,12.55,,44.75,,51.31,2.11,1.61,8.65,4.3,2024-12-31,18
WIPRO,24.84,19.16,84.51,88536.8,,101603.0,5543.9,4867.4,15.37,4.0,2024-12-31,18
WOCKPHARMA,18.86,4.63,304.01,4940.0,,6993.0,136.0,81.0,0.23,4.3,2024-12-31,19
WONDERLA,34.69,5.89,283.32,1796.9,,1870.42,42.1478,27.5388,362.0,4.3,2024-12-31,19
WORTH,12.18,,,,,,8.2886,6.613,5.97,4.3,2024-12-31,18
WSI,-1.44,-1.3,52.06,395.13,,461.85,-0.9467,-1.5038,880.03,2.5,2024-12-31,18
WSTCSTPAPR,14.96,8.4,546.23,3607.79,,4708.21,151.9622,98.8322,22.45,4.3,2024-12-31,18
XCHANGING,39.53,15.88,35.55,396.06,,453.32,18.04,18.0,-3.03,4.3,2024-12-31,17
XELPMOC,-188.37,-8.85,50.69,74.82,,83.5,-1.5623,-1.8471,-28.6,4.3,2024-12-31,18
XPROINDIA,14.87,4.63,323.69,759.71,,1101.79,15.5496,12.7642,1.62,4.3,2024-12-31,19
XTGLOBAL,17.01,3.52,15.19,203.72,,244.96,2.9525,2.1531,,,2024-12-31,2
YAARI,-408.33,,,,,,-0.98,-1.07,-96.96,1.5,2024-12-31,13
YAARII,-9.62,,,,,,-3.87,-9.52,-17.54,0.5,2021-09-30,5
YASHO,18.48,7.34,368.18,443.92,,791.09,27.519,14.5093,4.39,1.3,2024-12-31,6
YATHARTH,26.98,8.05,184.79,1780.56,,2097.65,59.127,42.214,26.13,1.5,2024-12-31,7
YATRA,8.34,5.58,52.91,830.21,,877.54,19.612,12.231,65.5,1.5,2024-12-31,7
YUKEN,13.17,8.86,274.68,373.12,,427.71,14.0703,9.4734,5.49,3.3,2024-12-31,14
ZAGGLE,9.8,8.2,104.43,1404.21,,1415.23,32.97,29.015,99.99,1.5,2024-12-31,8
ZEEL,13.86,6.91,122.12,11729.9,,12063.5,274.3,208.5,5.43,4.3,2024-12-31,19
ZEELEARN,20.67,3.76,7.19,235.03,,685.2,15.4499,6.4485,-2.22,4.5,2024-12-31,19
ZEEMEDIA,4.9,-28.2,3.58,223.77,,312.82,7.8207,-22.0562,4.26,4.5,2024-12-31,18
ZENITHEXPO,7.16,5.15,155.87,84.11,,87.0,1.33,1.12,7.68,4.3,2024-12-31,18
ZENITHSTL,2.66,,,,,,0.9501,0.4617,13.45,4.3,2024-12-31,17
ZENSARTECH,35.52,15.3,208.15,4719.1,,4933.5,198.6,188.7,7.38,4.3,2024-12-31,19
ZENTEC,41.47,11.3,210.06,1889.06,,1984.76,58.6876,56.0917,87.05,4.3,2024-12-31,20
ZFCVINDIA,20.12,17.18,1945.69,3690.58,,3766.61,193.5997,161.7566,7.83,2.8,2024-12-31,13
ZICOM,-191.2,,,,,,-11.7336,-10.4216,999.0,0.8,2020-12-31,4
ZIMLAB,14.18,10.04,55.36,296.15,,348.99,13.5291,8.7608,-2.48,2.0,2024-12-31,9
ZODIAC,10.33,,,,,,10.7825,10.239,74.33,3.0,2024-12-31,13
ZODIACLOTH,-4.75,-12.59,66.28,181.98,,227.76,-2.1672,-7.1675,13.45,4.3,2024-12-31,19
ZODJRDMKJ,28.32,,,,,,0.075,0.0695,-91.37,0.7,2021-06-30,4
ZOMATO,27.18,,,,,,605.0,578.0,31.86,3.5,2024-12-31,15
ZOTA,-7.72,-7.57,,693.49,,893.78,-5.5647,-16.91,24.75,4.3,2024-12-31,18
ZUARI,9.68,16.35,496.69,2088.98,,2354.33,122.39,96.22,29.19,4.3,2024-12-31,17
ZUARIGLOB,47.33,,,,,,121.291,118.0466,999.0,1.5,2022-03-31,7
ZUARIIND,15.29,1.99,1215.94,3621.2,,5060.77,31.3099,25.1238,-2.39,2.5,2024-12-31,11
ZYDUSLIFE,27.43,13.26,269.43,27111.4,,36694.7,1445.1,1216.1,41.66,2.8,2024-12-31,12
ZYDUSWELL,4.03,0.56,183.12,5826.0,,9579.3,18.6,13.4,7.32,4.3,2024-12-31,18
