symbol,holding_signal,holding_score,announcement_score,ai_tone_score,management_score,management_label,announcement_types,as_of_date
20MICRONS,STABLE,50.0,50.0,,50.0,NEUTRAL,,2026-08-18
21STCENMGM,STABLE,50.0,50.0,,50.0,NEUTRAL,,2026-08-18
360ONE,FII_DII_DIVERGENCE,40.0,70.0,,52.0,NEUTRAL,DIVIDEND,2026-08-18
3IINFOLTD,STABLE,50.0,50.0,,50.0,NEUTRAL,,2026-08-18
3MINDIA,STABLE,50.0,50.0,,50.0,NEUTRAL,,2026-08-18
3PLAND,STABLE,50.0,50.0,,50.0,NEUTRAL,,2026-08-18
5PAISA,STABLE,50.0,45.0,,48.0,NEUTRAL,FUNDRAISE,2026-08-18
63MOONS,STABLE,50.0,50.0,,50.0,NEUTRAL,,2026-08-18
A2ZINFRA,STABLE,50.0,50.0,,50.0,NEUTRAL,,2026-08-18
AAATECH,FII_ACCUMULATION,60.0,50.0,,56.0,POSITIVE,,2026-08-18
AADHARHFC,DII_ACCUMULATION,55.0,50.0,,53.0,NEUTRAL,,2026-08-18
AAKASH,STABLE,50.0,50.0,,50.0,NEUTRAL,,2026-08-18
AARON,STABLE,50.0,50.0,,50.0,NEUTRAL,,2026-08-18
AARTECH,STABLE,50.0,50.0,,50.0,NEUTRAL,,2026-08-18
AARTIDRUGS,STABLE,50.0,70.0,,58.0,POSITIVE,DIVIDEND,2026-08-18
AARTIIND,FII_DII_ACCUMULATION,75.0,50.0,,65.0,POSITIVE,,2026-08-18
AARTIPHARM,FII_ACCUMULATION,60.0,70.0,,64.0,POSITIVE,DIVIDEND,2026-08-18
AARTISURF,STABLE,50.0,50.0,,50.0,NEUTRAL,,2026-08-18
AARVI,STABLE,50.0,50.0,,50.0,NEUTRAL,,2026-08-18
AAVAS,FII_DII_DIVERGENCE,40.0,50.0,,44.0,NEUTRAL,,2026-08-18
ABB,FII_ACCUMULATION,60.0,70.0,,64.0,POSITIVE,DIVIDEND,2026-08-18
ABCAPITAL,FII_DII_DIVERGENCE,40.0,50.0,,44.0,NEUTRAL,,2026-08-18
ABCOTS,STABLE,50.0,50.0,,50.0,NEUTRAL,,2026-08-18
ABDL,STABLE,50.0,70.0,,58.0,POSITIVE,DIVIDEND,2026-08-18
ABFRL,STABLE,50.0,50.0,,50.0,NEUTRAL,,2026-08-18
ABINFRA,FII_ACCUMULATION,60.0,50.0,,56.0,POSITIVE,,2026-08-18
ABLBL,FII_DII_DIVERGENCE,40.0,50.0,,44.0,NEUTRAL,,2026-08-18
ABMINTLLTD,STABLE,50.0,50.0,,50.0,NEUTRAL,,2026-08-18
ABREL,STABLE,50.0,50.0,,50.0,NEUTRAL,,2026-08-18
ABSLAMC,DII_ACCUMULATION,55.0,50.0,,53.0,NEUTRAL,,2026-08-18
ACC,STABLE,50.0,70.0,,58.0,POSITIVE,DIVIDEND,2026-08-18
ACCELYA,STABLE,50.0,70.0,,58.0,POSITIVE,DIVIDEND,2026-08-18
ACCURACY,STABLE,50.0,50.0,,50.0,NEUTRAL,,2026-08-18
ACE,STABLE,50.0,50.0,,50.0,NEUTRAL,,2026-08-18
ACEINTEG,STABLE,50.0,50.0,,50.0,NEUTRAL,,2026-08-18
ACI,DII_ACCUMULATION,55.0,70.0,,61.0,POSITIVE,DIVIDEND,2026-08-18
ACL,STABLE,50.0,50.0,,50.0,NEUTRAL,,2026-08-18
ACMESOLAR,STABLE,50.0,70.0,,58.0,POSITIVE,DIVIDEND,2026-08-18
ACUTAAS,FII_DII_DIVERGENCE,40.0,50.0,,44.0,NEUTRAL,,2026-08-18
ADANIENSOL,STRONG_PROMOTER_BUY,70.0,50.0,,62.0,POSITIVE,,2026-08-18
ADANIENT,STABLE,50.0,70.0,,58.0,POSITIVE,DIVIDEND,2026-08-18
ADANIGREEN,STABLE,50.0,50.0,,50.0,NEUTRAL,,2026-08-18
ADANIPORTS,STABLE,50.0,70.0,,58.0,POSITIVE,DIVIDEND,2026-08-18
ADANIPOWER,STABLE,50.0,50.0,,50.0,NEUTRAL,,2026-08-18
ADFFOODS,STABLE,50.0,50.0,,50.0,NEUTRAL,,2026-08-18
ADL,STABLE,50.0,50.0,,50.0,NEUTRAL,,2026-08-18
ADOR,STABLE,50.0,50.0,,50.0,NEUTRAL,,2026-08-18
ADROITINFO,STABLE,50.0,50.0,,50.0,NEUTRAL,,2026-08-18
ADSL,STABLE,50.0,50.0,,50.0,NEUTRAL,,2026-08-18
ADVAIT,STABLE,50.0,50.0,,50.0,NEUTRAL,,2026-08-18
ADVANCE,STABLE,50.0,50.0,,50.0,NEUTRAL,,2026-08-18
ADVANIHOTR,STABLE,50.0,70.0,,58.0,POSITIVE,DIVIDEND|DIVIDEND,2026-08-18
ADVENTHTL,STABLE,50.0,50.0,,50.0,NEUTRAL,,2026-08-18
ADVENZYMES,STABLE,50.0,50.0,,50.0,NEUTRAL,,2026-08-18
AEGISLOG,FII_DII_DIVERGENCE,40.0,50.0,,44.0,NEUTRAL,,2026-08-18
AEGISVOPAK,STABLE,50.0,50.0,,50.0,NEUTRAL,,2026-08-18
AEPL,STABLE,50.0,50.0,,50.0,NEUTRAL,,2026-08-18
AEQUS,FII_DII_DIVERGENCE,40.0,50.0,,44.0,NEUTRAL,,2026-08-18
AEROENTER,STABLE,50.0,50.0,,50.0,NEUTRAL,,2026-08-18
AEROFLEX,PROMOTER_SELLING,20.0,50.0,,32.0,WEAK,,2026-08-18
AERONEU,STABLE,50.0,50.0,,50.0,NEUTRAL,,2026-08-18
AETHER,STABLE,50.0,50.0,,50.0,NEUTRAL,,2026-08-18
AFCONS,FII_DII_DIVERGENCE,40.0,50.0,,44.0,NEUTRAL,,2026-08-18
AFFLE,FII_DII_DIVERGENCE,40.0,50.0,,44.0,NEUTRAL,,2026-08-18
AFSL,FII_ACCUMULATION,60.0,50.0,,56.0,POSITIVE,,2026-08-18
AGARIND,STABLE,50.0,50.0,,50.0,NEUTRAL,,2026-08-18
AGARWALEYE,STABLE,50.0,50.0,,50.0,NEUTRAL,,2026-08-18
AGI,STABLE,50.0,50.0,,50.0,NEUTRAL,,2026-08-18
AGIIL,FII_ACCUMULATION,60.0,50.0,,56.0,POSITIVE,,2026-08-18
AGROPHOS,STABLE,50.0,50.0,,50.0,NEUTRAL,,2026-08-18
AHCL,STABLE,50.0,60.0,,54.0,NEUTRAL,BONUS|STOCK_SPLIT,2026-08-18
AHLADA,STABLE,50.0,50.0,,50.0,NEUTRAL,,2026-08-18
AHLEAST,STABLE,50.0,50.0,,50.0,NEUTRAL,,2026-08-18
AHLUCONT,STABLE,50.0,50.0,,50.0,NEUTRAL,,2026-08-18
AIAENG,STABLE,50.0,50.0,,50.0,NEUTRAL,,2026-08-18
AIIL,STABLE,50.0,65.0,,56.0,POSITIVE,BONUS,2026-08-18
AIRAN,STABLE,50.0,50.0,,50.0,NEUTRAL,,2026-08-18
AIROLAM,STABLE,50.0,50.0,,50.0,NEUTRAL,,2026-08-18
AJANTPHARM,STABLE,50.0,50.0,,50.0,NEUTRAL,,2026-08-18
AJAXENGG,STABLE,50.0,50.0,,50.0,NEUTRAL,,2026-08-18
AJMERA,STABLE,50.0,55.0,,52.0,NEUTRAL,STOCK_SPLIT,2026-08-18
AJOONI,STABLE,50.0,50.0,,50.0,NEUTRAL,,2026-08-18
AKASH,STABLE,50.0,50.0,,50.0,NEUTRAL,,2026-08-18
AKG,STABLE,50.0,50.0,,50.0,NEUTRAL,,2026-08-18
AKI,STABLE,50.0,50.0,,50.0,NEUTRAL,,2026-08-18
AKSHAR,STABLE,50.0,50.0,,50.0,NEUTRAL,,2026-08-18
AKSHARCHEM,STABLE,50.0,50.0,,50.0,NEUTRAL,,2026-08-18
AKUMS,STABLE,50.0,50.0,,50.0,NEUTRAL,,2026-08-18
ALANKIT,STABLE,50.0,50.0,,50.0,NEUTRAL,,2026-08-18
ALBERTDAVD,STABLE,50.0,50.0,,50.0,NEUTRAL,,2026-08-18
ALEMBICLTD,STABLE,50.0,50.0,,50.0,NEUTRAL,,2026-08-18
ALGOQUANT,FII_ACCUMULATION,60.0,50.0,,56.0,POSITIVE,,2026-08-18
ALICON,STABLE,50.0,70.0,,58.0,POSITIVE,DIVIDEND,2026-08-18
ALIVUS,STABLE,50.0,50.0,,50.0,NEUTRAL,,2026-08-18
ALKEM,STABLE,50.0,70.0,,58.0,POSITIVE,DIVIDEND,2026-08-18
ALKYLAMINE,STABLE,50.0,70.0,,58.0,POSITIVE,DIVIDEND,2026-08-18
ALLCARGO,PROMOTER_SELLING,20.0,50.0,,32.0,WEAK,,2026-08-18
ALLDIGI,STABLE,50.0,70.0,,58.0,POSITIVE,DIVIDEND,2026-08-18
ALLTIME,STABLE,50.0,50.0,,50.0,NEUTRAL,,2026-08-18
ALMONDZ,STABLE,50.0,50.0,,50.0,NEUTRAL,,2026-08-18
ALOKINDS,STABLE,50.0,50.0,,50.0,NEUTRAL,,2026-08-18
ALPA,STABLE,50.0,50.0,,50.0,NEUTRAL,,2026-08-18
ALPHAGEO,STABLE,50.0,50.0,,50.0,NEUTRAL,,2026-08-18
AMAGI,STABLE,50.0,50.0,,50.0,NEUTRAL,,2026-08-18
AMBER,FII_DII_DIVERGENCE,40.0,50.0,,44.0,NEUTRAL,,2026-08-18
AMBICAAGAR,STABLE,50.0,50.0,,50.0,NEUTRAL,,2026-08-18
AMBIKCO,STABLE,50.0,50.0,,50.0,NEUTRAL,,2026-08-18
AMBUJACEM,STABLE,50.0,70.0,,58.0,POSITIVE,DIVIDEND,2026-08-18
AMDIND,STABLE,50.0,50.0,,50.0,NEUTRAL,,2026-08-18
AMIRCHAND,STABLE,50.0,50.0,,50.0,NEUTRAL,,2026-08-18
AMJLAND,STABLE,50.0,50.0,,50.0,NEUTRAL,,2026-08-18
AMNPLST,STABLE,50.0,50.0,,50.0,NEUTRAL,,2026-08-18
AMRUTANJAN,STABLE,50.0,70.0,,58.0,POSITIVE,DIVIDEND,2026-08-18
ANANDRATHI,STABLE,50.0,67.5,,57.0,POSITIVE,BONUS|DIVIDEND,2026-08-18
ANANTRAJ,STABLE,50.0,50.0,,50.0,NEUTRAL,,2026-08-18
ANDHRAPAP,DII_ACCUMULATION,55.0,50.0,,53.0,NEUTRAL,,2026-08-18
ANDHRSUGAR,STABLE,50.0,50.0,,50.0,NEUTRAL,,2026-08-18
ANGELONE,DII_ACCUMULATION,55.0,65.0,,59.0,POSITIVE,DIVIDEND|STOCK_SPLIT|DIVIDEND,2026-08-18
ANMOL,STABLE,50.0,50.0,,50.0,NEUTRAL,,2026-08-18
ANTELOPUS,STABLE,50.0,50.0,,50.0,NEUTRAL,,2026-08-18
ANTGRAPHIC,STRONG_PROMOTER_FII_BUY,90.0,50.0,,74.0,POSITIVE,,2026-08-18
ANTHEM,DII_ACCUMULATION,55.0,70.0,,61.0,POSITIVE,DIVIDEND,2026-08-18
ANUHPHR,STABLE,50.0,50.0,,50.0,NEUTRAL,,2026-08-18
ANUP,STABLE,50.0,50.0,,50.0,NEUTRAL,,2026-08-18
ANURAS,STABLE,50.0,50.0,,50.0,NEUTRAL,,2026-08-18
APARINDS,DII_ACCUMULATION,55.0,50.0,,53.0,NEUTRAL,,2026-08-18
APCL,STABLE,50.0,50.0,,50.0,NEUTRAL,,2026-08-18
APCOTEXIND,STABLE,50.0,70.0,,58.0,POSITIVE,DIVIDEND|DIVIDEND,2026-08-18
APEX,FII_ACCUMULATION,60.0,50.0,,56.0,POSITIVE,,2026-08-18
APLAPOLLO,FII_DII_DIVERGENCE,40.0,50.0,,44.0,NEUTRAL,,2026-08-18
APLLTD,STABLE,50.0,50.0,,50.0,NEUTRAL,,2026-08-18
APOLLO,STABLE,50.0,50.0,,50.0,NEUTRAL,,2026-08-18
APOLLOHOSP,FII_DII_DIVERGENCE,40.0,70.0,,52.0,NEUTRAL,DIVIDEND,2026-08-18
APOLLOPIPE,STRONG_PROMOTER_BUY,70.0,50.0,,62.0,POSITIVE,,2026-08-18
APOLLOTYRE,STABLE,50.0,70.0,,58.0,POSITIVE,DIVIDEND,2026-08-18
APOLSINHOT,STABLE,50.0,50.0,,50.0,NEUTRAL,,2026-08-18
APTECHT,STABLE,50.0,70.0,,58.0,POSITIVE,DIVIDEND,2026-08-18
APTUS,FII_DII_DIVERGENCE,40.0,70.0,,52.0,NEUTRAL,DIVIDEND,2026-08-18
AQYLON,FII_DII_ACCUMULATION,75.0,55.0,,67.0,POSITIVE,STOCK_SPLIT,2026-08-18
ARCHIDPLY,STABLE,50.0,50.0,,50.0,NEUTRAL,,2026-08-18
ARCHIES,STABLE,50.0,50.0,,50.0,NEUTRAL,,2026-08-18
ARE&M,STABLE,50.0,50.0,,50.0,NEUTRAL,,2026-08-18
ARENTERP,STABLE,50.0,50.0,,50.0,NEUTRAL,,2026-08-18
ARFIN,STABLE,50.0,50.0,,50.0,NEUTRAL,,2026-08-18
ARIES,STABLE,50.0,50.0,,50.0,NEUTRAL,,2026-08-18
ARIHANTCAP,STABLE,50.0,50.0,,50.0,NEUTRAL,,2026-08-18
ARIHANTSUP,STABLE,50.0,50.0,,50.0,NEUTRAL,,2026-08-18
ARIS,FII_DII_ACCUMULATION,75.0,50.0,,65.0,POSITIVE,,2026-08-18
ARKADE,STABLE,50.0,50.0,,50.0,NEUTRAL,,2026-08-18
ARMANFIN,FII_DII_DIVERGENCE,40.0,50.0,,44.0,NEUTRAL,,2026-08-18
AROGRANITE,STABLE,50.0,50.0,,50.0,NEUTRAL,,2026-08-18
ARSSBL,STABLE,50.0,70.0,,58.0,POSITIVE,DIVIDEND,2026-08-18
ARTEMISMED,STABLE,50.0,50.0,,50.0,NEUTRAL,,2026-08-18
ARTNIRMAN,STABLE,50.0,50.0,,50.0,NEUTRAL,,2026-08-18
ARVEE,STABLE,50.0,50.0,,50.0,NEUTRAL,,2026-08-18
ARVIND,DII_ACCUMULATION,55.0,50.0,,53.0,NEUTRAL,,2026-08-18
ARVINDFASN,DII_ACCUMULATION,55.0,50.0,,53.0,NEUTRAL,,2026-08-18
ARVSMART,STRONG_PROMOTER_BUY,70.0,50.0,,62.0,POSITIVE,,2026-08-18
ASAHIINDIA,STABLE,50.0,50.0,,50.0,NEUTRAL,,2026-08-18
ASAHISONG,STABLE,50.0,50.0,,50.0,NEUTRAL,,2026-08-18
ASAL,STABLE,50.0,50.0,,50.0,NEUTRAL,,2026-08-18
ASALCBR,STRONG_PROMOTER_BUY,70.0,50.0,,62.0,POSITIVE,,2026-08-18
ASHAPURMIN,STABLE,50.0,50.0,,50.0,NEUTRAL,,2026-08-18
ASHIANA,STABLE,50.0,70.0,,58.0,POSITIVE,DIVIDEND,2026-08-18
ASHIMASYN,STABLE,50.0,50.0,,50.0,NEUTRAL,,2026-08-18
ASHOKA,STABLE,50.0,50.0,,50.0,NEUTRAL,,2026-08-18
ASHOKAMET,STABLE,50.0,50.0,,50.0,NEUTRAL,,2026-08-18
ASHOKLEY,STABLE,50.0,70.0,,58.0,POSITIVE,DIVIDEND,2026-08-18
ASIANENE,STABLE,50.0,50.0,,50.0,NEUTRAL,,2026-08-18
ASIANHOTNR,STABLE,50.0,50.0,,50.0,NEUTRAL,,2026-08-18
ASIANPAINT,FII_DII_DIVERGENCE,40.0,70.0,,52.0,NEUTRAL,DIVIDEND,2026-08-18
ASIANTILES,STRONG_PROMOTER_BUY,70.0,50.0,,62.0,POSITIVE,,2026-08-18
ASKAUTOLTD,DII_ACCUMULATION,55.0,50.0,,53.0,NEUTRAL,,2026-08-18
ASPINWALL,STABLE,50.0,50.0,,50.0,NEUTRAL,,2026-08-18
ASTEC,STABLE,50.0,50.0,,50.0,NEUTRAL,,2026-08-18
ASTERDM,FII_DII_DIVERGENCE,40.0,70.0,,52.0,NEUTRAL,DIVIDEND,2026-08-18
ASTRAL,FII_DII_DIVERGENCE,40.0,50.0,,44.0,NEUTRAL,,2026-08-18
ASTRAMICRO,FII_DII_ACCUMULATION,75.0,50.0,,65.0,POSITIVE,,2026-08-18
ASTRAZEN,STABLE,50.0,50.0,,50.0,NEUTRAL,,2026-08-18
ATALREAL,FII_ACCUMULATION,60.0,50.0,,56.0,POSITIVE,,2026-08-18
ATAM,STABLE,50.0,50.0,,50.0,NEUTRAL,,2026-08-18
ATGL,STABLE,50.0,70.0,,58.0,POSITIVE,DIVIDEND,2026-08-18
ATHERENERG,DII_ACCUMULATION,55.0,50.0,,53.0,NEUTRAL,,2026-08-18
ATL,STABLE,50.0,50.0,,50.0,NEUTRAL,,2026-08-18
ATLANTAA,STABLE,50.0,50.0,,50.0,NEUTRAL,,2026-08-18
ATLANTAELE,STABLE,50.0,50.0,,50.0,NEUTRAL,,2026-08-18
ATLASCYCLE,STABLE,50.0,50.0,,50.0,NEUTRAL,,2026-08-18
ATUL,STABLE,50.0,50.0,,50.0,NEUTRAL,,2026-08-18
ATULAUTO,STABLE,50.0,50.0,,50.0,NEUTRAL,,2026-08-18
AUBANK,FII_ACCUMULATION,60.0,50.0,,56.0,POSITIVE,,2026-08-18
AURIGROW,STABLE,50.0,50.0,,50.0,NEUTRAL,,2026-08-18
AURIONPRO,STABLE,50.0,50.0,,50.0,NEUTRAL,,2026-08-18
AUROPHARMA,FII_DII_DIVERGENCE,40.0,80.0,,56.0,POSITIVE,BUYBACK,2026-08-18
AURUM,STABLE,50.0,50.0,,50.0,NEUTRAL,,2026-08-18
AUTOAXLES,DII_ACCUMULATION,55.0,50.0,,53.0,NEUTRAL,,2026-08-18
AVALON,FII_DII_DIVERGENCE,40.0,50.0,,44.0,NEUTRAL,,2026-08-18
AVANTEL,STABLE,50.0,70.0,,58.0,POSITIVE,DIVIDEND,2026-08-18
AVANTIFEED,DII_ACCUMULATION,55.0,50.0,,53.0,NEUTRAL,,2026-08-18
AVG,STABLE,50.0,45.0,,48.0,NEUTRAL,FUNDRAISE,2026-08-18
AVL,FII_DII_DIVERGENCE,40.0,50.0,,44.0,NEUTRAL,,2026-08-18
AVONMORE,STABLE,50.0,50.0,,50.0,NEUTRAL,,2026-08-18
AVROIND,STABLE,50.0,55.0,,52.0,NEUTRAL,STOCK_SPLIT,2026-08-18
AVTNPL,STABLE,50.0,70.0,,58.0,POSITIVE,DIVIDEND,2026-08-18
AWFIS,STABLE,50.0,50.0,,50.0,NEUTRAL,,2026-08-18
AWHCL,FII_ACCUMULATION,60.0,50.0,,56.0,POSITIVE,,2026-08-18
AWL,FII_DII_DIVERGENCE,40.0,70.0,,52.0,NEUTRAL,DIVIDEND,2026-08-18
AXISBANK,FII_DII_DIVERGENCE,40.0,50.0,,44.0,NEUTRAL,,2026-08-18
AXISCADES,DII_ACCUMULATION,55.0,50.0,,53.0,NEUTRAL,,2026-08-18
AXITA,STABLE,50.0,65.0,,56.0,POSITIVE,BONUS,2026-08-18
AYE,STABLE,50.0,50.0,,50.0,NEUTRAL,,2026-08-18
AYMSYNTEX,STABLE,50.0,50.0,,50.0,NEUTRAL,,2026-08-18
AZAD,FII_DII_DIVERGENCE,40.0,50.0,,44.0,NEUTRAL,,2026-08-18
BAGFILMS,STABLE,50.0,50.0,,50.0,NEUTRAL,,2026-08-18
BAIDFIN,STRONG_PROMOTER_BUY,70.0,50.0,,62.0,POSITIVE,,2026-08-18
BAJAJ-AUTO,STABLE,50.0,75.0,,60.0,POSITIVE,BUYBACK|DIVIDEND,2026-08-18
BAJAJCON,FII_DII_DIVERGENCE,40.0,50.0,,44.0,NEUTRAL,,2026-08-18
BAJAJELEC,STABLE,50.0,50.0,,50.0,NEUTRAL,,2026-08-18
BAJAJFINSV,FII_DII_DIVERGENCE,40.0,70.0,,52.0,NEUTRAL,DIVIDEND,2026-08-18
BAJAJHCARE,STABLE,50.0,50.0,,50.0,NEUTRAL,,2026-08-18
BAJAJHFL,STABLE,50.0,50.0,,50.0,NEUTRAL,,2026-08-18
BAJAJHIND,FII_DII_DIVERGENCE,40.0,50.0,,44.0,NEUTRAL,,2026-08-18
BAJAJHLDNG,FII_DII_DIVERGENCE,40.0,70.0,,52.0,NEUTRAL,DIVIDEND,2026-08-18
BAJAJINDEF,STABLE,50.0,50.0,,50.0,NEUTRAL,,2026-08-18
BAJEL,DII_ACCUMULATION,55.0,50.0,,53.0,NEUTRAL,,2026-08-18
BAJFINANCE,STABLE,50.0,70.0,,58.0,POSITIVE,DIVIDEND,2026-08-18
BALAJEE,STABLE,50.0,50.0,,50.0,NEUTRAL,,2026-08-18
BALAJITELE,STABLE,50.0,50.0,,50.0,NEUTRAL,,2026-08-18
BALAMINES,STABLE,50.0,50.0,,50.0,NEUTRAL,,2026-08-18
BALKRISHNA,STABLE,50.0,50.0,,50.0,NEUTRAL,,2026-08-18
BALKRISIND,STABLE,50.0,70.0,,58.0,POSITIVE,DIVIDEND,2026-08-18
BALMLAWRIE,STABLE,50.0,70.0,,58.0,POSITIVE,DIVIDEND,2026-08-18
BALPHARMA,STABLE,50.0,50.0,,50.0,NEUTRAL,,2026-08-18
BALRAMCHIN,STABLE,50.0,50.0,,50.0,NEUTRAL,,2026-08-18
BALUFORGE,STABLE,50.0,50.0,,50.0,NEUTRAL,,2026-08-18
BANARBEADS,STABLE,50.0,50.0,,50.0,NEUTRAL,,2026-08-18
BANARISUG,STABLE,50.0,50.0,,50.0,NEUTRAL,,2026-08-18
BANCOINDIA,STABLE,50.0,70.0,,58.0,POSITIVE,DIVIDEND,2026-08-18
BANDHANBNK,DII_ACCUMULATION,55.0,50.0,,53.0,NEUTRAL,,2026-08-18
BANG,STABLE,50.0,50.0,,50.0,NEUTRAL,,2026-08-18
BANKBARODA,STABLE,50.0,70.0,,58.0,POSITIVE,DIVIDEND,2026-08-18
BANKINDIA,FII_DII_DIVERGENCE,40.0,70.0,,52.0,NEUTRAL,DIVIDEND,2026-08-18
BANSALWIRE,FII_DII_DIVERGENCE,40.0,50.0,,44.0,NEUTRAL,,2026-08-18
BANSWRAS,STABLE,50.0,50.0,,50.0,NEUTRAL,,2026-08-18
BASF,FII_ACCUMULATION,60.0,50.0,,56.0,POSITIVE,,2026-08-18
BASML,STABLE,50.0,50.0,,50.0,NEUTRAL,,2026-08-18
BATAINDIA,STABLE,50.0,50.0,,50.0,NEUTRAL,,2026-08-18
BBL,FII_ACCUMULATION,60.0,50.0,,56.0,POSITIVE,,2026-08-18
BBOX,STABLE,50.0,50.0,,50.0,NEUTRAL,,2026-08-18
BBTC,STABLE,50.0,70.0,,58.0,POSITIVE,DIVIDEND,2026-08-18
BBTCL,STABLE,50.0,50.0,,50.0,NEUTRAL,,2026-08-18
BCG,STABLE,50.0,50.0,,50.0,NEUTRAL,,2026-08-18
BCLIND,STABLE,50.0,50.0,,50.0,NEUTRAL,,2026-08-18
BCONCEPTS,STABLE,50.0,50.0,,50.0,NEUTRAL,,2026-08-18
BCPL,STABLE,50.0,70.0,,58.0,POSITIVE,DIVIDEND,2026-08-18
BDL,STABLE,50.0,70.0,,58.0,POSITIVE,DIVIDEND,2026-08-18
BEARDSELL,STABLE,50.0,50.0,,50.0,NEUTRAL,,2026-08-18
BECTORFOOD,FII_DII_DIVERGENCE,40.0,70.0,,52.0,NEUTRAL,DIVIDEND,2026-08-18
BEDMUTHA,STABLE,50.0,50.0,,50.0,NEUTRAL,,2026-08-18
BEL,FII_ACCUMULATION,60.0,70.0,,64.0,POSITIVE,DIVIDEND,2026-08-18
BELLACASA,STABLE,50.0,50.0,,50.0,NEUTRAL,,2026-08-18
BELRISE,DII_ACCUMULATION,55.0,50.0,,53.0,NEUTRAL,,2026-08-18
BEML,STABLE,50.0,70.0,,58.0,POSITIVE,DIVIDEND|DIVIDEND,2026-08-18
BEPL,STABLE,50.0,70.0,,58.0,POSITIVE,DIVIDEND,2026-08-18
BERGEPAINT,FII_DII_DIVERGENCE,40.0,50.0,,44.0,NEUTRAL,,2026-08-18
BESTAGRO,STABLE,50.0,60.0,,54.0,NEUTRAL,BONUS|STOCK_SPLIT,2026-08-18
BETA,STABLE,50.0,50.0,,50.0,NEUTRAL,,2026-08-18
BFINVEST,STABLE,50.0,50.0,,50.0,NEUTRAL,,2026-08-18
BFUTILITIE,STABLE,50.0,50.0,,50.0,NEUTRAL,,2026-08-18
BHAGCHEM,STABLE,50.0,50.0,,50.0,NEUTRAL,,2026-08-18
BHANDARI,STABLE,50.0,45.0,,48.0,NEUTRAL,FUNDRAISE,2026-08-18
BHARATCOAL,STABLE,50.0,50.0,,50.0,NEUTRAL,,2026-08-18
BHARATFORG,FII_DII_DIVERGENCE,40.0,70.0,,52.0,NEUTRAL,DIVIDEND,2026-08-18
BHARATGEAR,STABLE,50.0,50.0,,50.0,NEUTRAL,,2026-08-18
BHARATRAS,STABLE,50.0,50.0,,50.0,NEUTRAL,,2026-08-18
BHARATSE,STABLE,50.0,50.0,,50.0,NEUTRAL,,2026-08-18
BHARATWIRE,FII_DII_DIVERGENCE,40.0,50.0,,44.0,NEUTRAL,,2026-08-18
BHARTIARTL,FII_DII_DIVERGENCE,40.0,50.0,,44.0,NEUTRAL,,2026-08-18
BHARTIHEXA,STABLE,50.0,50.0,,50.0,NEUTRAL,,2026-08-18
BHEL,FII_DII_ACCUMULATION,75.0,50.0,,65.0,POSITIVE,,2026-08-18
BIGBLOC,STABLE,50.0,50.0,,50.0,NEUTRAL,,2026-08-18
BIKAJI,DII_ACCUMULATION,55.0,50.0,,53.0,NEUTRAL,,2026-08-18
BIL,STABLE,50.0,50.0,,50.0,NEUTRAL,,2026-08-18
BIOCON,PROMOTER_SELLING,20.0,50.0,,32.0,WEAK,,2026-08-18
BIOFILCHEM,STABLE,50.0,50.0,,50.0,NEUTRAL,,2026-08-18
BIRLACORPN,DII_ACCUMULATION,55.0,50.0,,53.0,NEUTRAL,,2026-08-18
BIRLAMONEY,STABLE,50.0,50.0,,50.0,NEUTRAL,,2026-08-18
BIRLANU,STABLE,50.0,50.0,,50.0,NEUTRAL,,2026-08-18
BLACKBUCK,FII_DII_DIVERGENCE,40.0,50.0,,44.0,NEUTRAL,,2026-08-18
BLAL,STABLE,50.0,50.0,,50.0,NEUTRAL,,2026-08-18
BLBLIMITED,STABLE,50.0,50.0,,50.0,NEUTRAL,,2026-08-18
BLISSGVS,STABLE,50.0,70.0,,58.0,POSITIVE,DIVIDEND,2026-08-18
BLKASHYAP,STABLE,50.0,50.0,,50.0,NEUTRAL,,2026-08-18
BLS,STABLE,50.0,70.0,,58.0,POSITIVE,DIVIDEND,2026-08-18
BLSE,STABLE,50.0,70.0,,58.0,POSITIVE,DIVIDEND,2026-08-18
BLUEDART,FII_DII_DIVERGENCE,40.0,50.0,,44.0,NEUTRAL,,2026-08-18
BLUEJET,STABLE,50.0,50.0,,50.0,NEUTRAL,,2026-08-18
BLUESTARCO,FII_DII_DIVERGENCE,40.0,50.0,,44.0,NEUTRAL,,2026-08-18
BLUESTONE,FII_DII_DIVERGENCE,40.0,50.0,,44.0,NEUTRAL,,2026-08-18
BLUSPRING,STABLE,50.0,50.0,,50.0,NEUTRAL,,2026-08-18
BMWVENTLTD,STABLE,50.0,70.0,,58.0,POSITIVE,DIVIDEND,2026-08-18
BOHRAIND,STABLE,50.0,50.0,,50.0,NEUTRAL,,2026-08-18
BOMDYEING,STABLE,50.0,50.0,,50.0,NEUTRAL,,2026-08-18
BORANA,STABLE,50.0,50.0,,50.0,NEUTRAL,,2026-08-18
BOROLTD,STABLE,50.0,50.0,,50.0,NEUTRAL,,2026-08-18
BORORENEW,STABLE,50.0,50.0,,50.0,NEUTRAL,,2026-08-18
BOROSCI,STABLE,50.0,50.0,,50.0,NEUTRAL,,2026-08-18
BOSCH-HCIL,STABLE,50.0,50.0,,50.0,NEUTRAL,,2026-08-18
BOSCHLTD,STABLE,50.0,50.0,,50.0,NEUTRAL,,2026-08-18
BPCL,FII_DII_DIVERGENCE,40.0,70.0,,52.0,NEUTRAL,DIVIDEND,2026-08-18
BPL,STABLE,50.0,50.0,,50.0,NEUTRAL,,2026-08-18
BRIGADE,FII_DII_DIVERGENCE,40.0,65.0,,50.0,NEUTRAL,BONUS,2026-08-18
BRIGHOTEL,STABLE,50.0,50.0,,50.0,NEUTRAL,,2026-08-18
BRITANNIA,FII_DII_DIVERGENCE,40.0,50.0,,44.0,NEUTRAL,,2026-08-18
BRNL,STABLE,50.0,50.0,,50.0,NEUTRAL,,2026-08-18
BSE,FII_DII_ACCUMULATION,75.0,50.0,,65.0,POSITIVE,,2026-08-18
BSL,STABLE,50.0,50.0,,50.0,NEUTRAL,,2026-08-18
BSOFT,FII_DII_DIVERGENCE,40.0,50.0,,44.0,NEUTRAL,,2026-08-18
BTML,DII_ACCUMULATION,55.0,50.0,,53.0,NEUTRAL,,2026-08-18
BUILDPRO,STABLE,50.0,70.0,,58.0,POSITIVE,DIVIDEND,2026-08-18
BUTTERFLY,STABLE,50.0,50.0,,50.0,NEUTRAL,,2026-08-18
BVCL,STABLE,50.0,50.0,,50.0,NEUTRAL,,2026-08-18
CAMLINFINE,STABLE,50.0,50.0,,50.0,NEUTRAL,,2026-08-18
CAMPUS,STABLE,50.0,50.0,,50.0,NEUTRAL,,2026-08-18
CAMS,STABLE,50.0,70.0,,58.0,POSITIVE,DIVIDEND,2026-08-18
CANBK,STABLE,50.0,70.0,,58.0,POSITIVE,DIVIDEND,2026-08-18
CANFINHOME,STABLE,50.0,50.0,,50.0,NEUTRAL,,2026-08-18
CANHLIFE,FII_DII_DIVERGENCE,40.0,50.0,,44.0,NEUTRAL,,2026-08-18
CANTABIL,STABLE,50.0,70.0,,58.0,POSITIVE,DIVIDEND,2026-08-18
CAPACITE,FII_DII_DIVERGENCE,40.0,50.0,,44.0,NEUTRAL,,2026-08-18
CAPILLARY,FII_DII_DIVERGENCE,40.0,50.0,,44.0,NEUTRAL,,2026-08-18
CAPITALSFB,STABLE,50.0,70.0,,58.0,POSITIVE,DIVIDEND,2026-08-18
CAPLIPOINT,STABLE,50.0,70.0,,58.0,POSITIVE,DIVIDEND,2026-08-18
CARBORUNIV,STABLE,50.0,70.0,,58.0,POSITIVE,DIVIDEND,2026-08-18
CARERATING,STABLE,50.0,70.0,,58.0,POSITIVE,DIVIDEND,2026-08-18
CARRARO,STABLE,50.0,50.0,,50.0,NEUTRAL,,2026-08-18
CARTRADE,FII_DII_DIVERGENCE,40.0,50.0,,44.0,NEUTRAL,,2026-08-18
CARYSIL,STABLE,50.0,50.0,,50.0,NEUTRAL,,2026-08-18
CASTROLIND,STABLE,50.0,70.0,,58.0,POSITIVE,DIVIDEND,2026-08-18
CCAVENUE,STABLE,50.0,50.0,,50.0,NEUTRAL,,2026-08-18
CCCL,STABLE,50.0,50.0,,50.0,NEUTRAL,,2026-08-18
CCHHL,STABLE,50.0,50.0,,50.0,NEUTRAL,,2026-08-18
CCL,STABLE,50.0,70.0,,58.0,POSITIVE,DIVIDEND,2026-08-18
CDSL,STABLE,50.0,50.0,,50.0,NEUTRAL,,2026-08-18
CEATLTD,STABLE,50.0,50.0,,50.0,NEUTRAL,,2026-08-18
CEIGALL,STABLE,50.0,50.0,,50.0,NEUTRAL,,2026-08-18
CEINSYS,STABLE,50.0,50.0,,50.0,NEUTRAL,,2026-08-18
CELEBRITY,STABLE,50.0,50.0,,50.0,NEUTRAL,,2026-08-18
CELLO,STABLE,50.0,50.0,,50.0,NEUTRAL,,2026-08-18
CEMPRO,STABLE,50.0,70.0,,58.0,POSITIVE,DIVIDEND,2026-08-18
CENTENKA,STABLE,50.0,50.0,,50.0,NEUTRAL,,2026-08-18
CENTEXT,STABLE,50.0,50.0,,50.0,NEUTRAL,,2026-08-18
CENTRALBK,STABLE,50.0,70.0,,58.0,POSITIVE,DIVIDEND|DIVIDEND,2026-08-18
CENTRUM,STRONG_PROMOTER_BUY,70.0,50.0,,62.0,POSITIVE,,2026-08-18
CENTUM,DII_ACCUMULATION,55.0,50.0,,53.0,NEUTRAL,,2026-08-18
CENTURYPLY,DII_ACCUMULATION,55.0,50.0,,53.0,NEUTRAL,,2026-08-18
CERA,STABLE,50.0,50.0,,50.0,NEUTRAL,,2026-08-18
CESC,DII_ACCUMULATION,55.0,50.0,,53.0,NEUTRAL,,2026-08-18
CEWATER,FII_DII_DIVERGENCE,40.0,50.0,,44.0,NEUTRAL,,2026-08-18
CGCL,FII_ACCUMULATION,60.0,50.0,,56.0,POSITIVE,,2026-08-18
CGPOWER,DII_ACCUMULATION,55.0,70.0,,61.0,POSITIVE,DIVIDEND,2026-08-18
CHALET,DII_ACCUMULATION,55.0,50.0,,53.0,NEUTRAL,,2026-08-18
CHAMBLFERT,FII_DII_DIVERGENCE,40.0,50.0,,44.0,NEUTRAL,,2026-08-18
CHEMCON,STABLE,50.0,70.0,,58.0,POSITIVE,DIVIDEND,2026-08-18
CHEMPLASTS,STABLE,50.0,50.0,,50.0,NEUTRAL,,2026-08-18
CHENNPETRO,DII_ACCUMULATION,55.0,70.0,,61.0,POSITIVE,DIVIDEND,2026-08-18
CHEVIOT,STABLE,50.0,50.0,,50.0,NEUTRAL,,2026-08-18
CHOICEIN,PROMOTER_SELLING,20.0,50.0,,32.0,WEAK,,2026-08-18
CHOLAFIN,FII_DII_DIVERGENCE,40.0,70.0,,52.0,NEUTRAL,DIVIDEND,2026-08-18
CHOLAHLDNG,FII_DII_DIVERGENCE,40.0,50.0,,44.0,NEUTRAL,,2026-08-18
CIEINDIA,STABLE,50.0,70.0,,58.0,POSITIVE,DIVIDEND,2026-08-18
CIFL,STABLE,50.0,50.0,,50.0,NEUTRAL,,2026-08-18
CINELINE,STABLE,50.0,50.0,,50.0,NEUTRAL,,2026-08-18
CINEVISTA,STABLE,50.0,50.0,,50.0,NEUTRAL,,2026-08-18
CIPLA,FII_DII_DIVERGENCE,40.0,70.0,,52.0,NEUTRAL,DIVIDEND,2026-08-18
CLEAN,FII_DII_DIVERGENCE,40.0,70.0,,52.0,NEUTRAL,DIVIDEND,2026-08-18
CLEANMAX,STABLE,50.0,50.0,,50.0,NEUTRAL,,2026-08-18
CLSEL,STABLE,50.0,50.0,,50.0,NEUTRAL,,2026-08-18
CMPDI,STABLE,50.0,50.0,,50.0,NEUTRAL,,2026-08-18
CMRGREEN,STABLE,50.0,50.0,,50.0,NEUTRAL,,2026-08-18
CMSINFO,FII_DII_DIVERGENCE,40.0,75.0,,54.0,NEUTRAL,BUYBACK|DIVIDEND,2026-08-18
CNL,STABLE,50.0,50.0,,50.0,NEUTRAL,,2026-08-18
COALINDIA,STABLE,50.0,70.0,,58.0,POSITIVE,DIVIDEND,2026-08-18
COASTCORP,STABLE,50.0,50.0,,50.0,NEUTRAL,,2026-08-18
COCHINSHIP,STABLE,50.0,70.0,,58.0,POSITIVE,DIVIDEND,2026-08-18
COFORGE,FII_DII_DIVERGENCE,40.0,70.0,,52.0,NEUTRAL,DIVIDEND,2026-08-18
COHANCE,STABLE,50.0,50.0,,50.0,NEUTRAL,,2026-08-18
COLPAL,FII_DII_DIVERGENCE,40.0,70.0,,52.0,NEUTRAL,DIVIDEND,2026-08-18
COMPUSOFT,STABLE,50.0,50.0,,50.0,NEUTRAL,,2026-08-18
COMSYN,STABLE,50.0,50.0,,50.0,NEUTRAL,,2026-08-18
CONCOR,FII_DII_DIVERGENCE,40.0,70.0,,52.0,NEUTRAL,DIVIDEND,2026-08-18
CONCORDBIO,STABLE,50.0,50.0,,50.0,NEUTRAL,,2026-08-18
CONFIPET,STABLE,50.0,50.0,,50.0,NEUTRAL,,2026-08-18
CONSOFINVT,STABLE,50.0,50.0,,50.0,NEUTRAL,,2026-08-18
CONTROLPR,STABLE,50.0,70.0,,58.0,POSITIVE,DIVIDEND,2026-08-18
CORALFINAC,STABLE,50.0,50.0,,50.0,NEUTRAL,,2026-08-18
CORDELIA,STABLE,50.0,50.0,,50.0,NEUTRAL,,2026-08-18
COROMANDEL,FII_DII_DIVERGENCE,40.0,70.0,,52.0,NEUTRAL,DIVIDEND,2026-08-18
CORONA,FII_DII_ACCUMULATION,75.0,70.0,80.0,75.5,HIGH_CONVICTION,DIVIDEND,2026-08-18
COSMOFIRST,STABLE,50.0,50.0,,50.0,NEUTRAL,,2026-08-18
COUNCODOS,STABLE,50.0,50.0,,50.0,NEUTRAL,,2026-08-18
CPEDU,STABLE,50.0,50.0,,50.0,NEUTRAL,,2026-08-18
CPPLUS,FII_DII_ACCUMULATION,75.0,50.0,,65.0,POSITIVE,,2026-08-18
CRAFTSMAN,FII_DII_DIVERGENCE,40.0,50.0,,44.0,NEUTRAL,,2026-08-18
CRAMC,FII_DII_DIVERGENCE,40.0,50.0,,44.0,NEUTRAL,,2026-08-18
CREATIVEYE,STABLE,50.0,50.0,,50.0,NEUTRAL,,2026-08-18
CREDITACC,FII_DII_DIVERGENCE,40.0,50.0,,44.0,NEUTRAL,,2026-08-18
CREST,STABLE,50.0,50.0,,50.0,NEUTRAL,,2026-08-18
CRISIL,DII_ACCUMULATION,55.0,70.0,,61.0,POSITIVE,DIVIDEND|DIVIDEND,2026-08-18
CRIZAC,STABLE,50.0,70.0,,58.0,POSITIVE,DIVIDEND,2026-08-18
CROMPTON,STABLE,50.0,50.0,,50.0,NEUTRAL,,2026-08-18
CROWN,STABLE,50.0,50.0,,50.0,NEUTRAL,,2026-08-18
CSBBANK,STABLE,50.0,50.0,,50.0,NEUTRAL,,2026-08-18
CSLFINANCE,DII_ACCUMULATION,55.0,50.0,,53.0,NEUTRAL,,2026-08-18
CTE,STRONG_PROMOTER_BUY,70.0,50.0,,62.0,POSITIVE,,2026-08-18
CUB,DII_ACCUMULATION,55.0,65.0,,59.0,POSITIVE,BONUS,2026-08-18
CUBEXTUB,STABLE,50.0,50.0,,50.0,NEUTRAL,,2026-08-18
CUMMINSIND,FII_DII_DIVERGENCE,40.0,70.0,,52.0,NEUTRAL,DIVIDEND,2026-08-18
CUPID,STABLE,50.0,65.0,,56.0,POSITIVE,BONUS,2026-08-18
CURAA,STABLE,50.0,50.0,,50.0,NEUTRAL,,2026-08-18
CYBERTECH,STABLE,50.0,80.0,,62.0,POSITIVE,BUYBACK,2026-08-18
CYIENT,DII_ACCUMULATION,55.0,80.0,,65.0,POSITIVE,BUYBACK,2026-08-18
CYIENTDLM,STABLE,50.0,50.0,,50.0,NEUTRAL,,2026-08-18
DABUR,STABLE,50.0,50.0,,50.0,NEUTRAL,,2026-08-18
DALBHARAT,FII_DII_DIVERGENCE,40.0,70.0,,52.0,NEUTRAL,DIVIDEND,2026-08-18
DALMIASUG,STABLE,50.0,70.0,,58.0,POSITIVE,DIVIDEND,2026-08-18
DAMCAPITAL,STABLE,50.0,50.0,,50.0,NEUTRAL,,2026-08-18
DAMODARIND,STABLE,50.0,50.0,,50.0,NEUTRAL,,2026-08-18
DANGEE,STABLE,50.0,50.0,,50.0,NEUTRAL,,2026-08-18
DATAMATICS,STABLE,50.0,50.0,,50.0,NEUTRAL,,2026-08-18
DATAPATTNS,FII_DII_ACCUMULATION,75.0,50.0,,65.0,POSITIVE,,2026-08-18
DAVANGERE,STABLE,50.0,50.0,,50.0,NEUTRAL,,2026-08-18
DBCORP,STABLE,50.0,70.0,,58.0,POSITIVE,DIVIDEND,2026-08-18
DBEIL,STABLE,50.0,55.0,,52.0,NEUTRAL,STOCK_SPLIT,2026-08-18
DBL,STABLE,50.0,50.0,,50.0,NEUTRAL,,2026-08-18
DBSTOCKBRO,STRONG_PROMOTER_BUY,70.0,50.0,,62.0,POSITIVE,,2026-08-18
DCAL,STABLE,50.0,50.0,,50.0,NEUTRAL,,2026-08-18
DCBBANK,FII_DII_ACCUMULATION,75.0,70.0,70.0,72.0,POSITIVE,DIVIDEND,2026-08-18
DCMSHRIRAM,STABLE,50.0,70.0,,58.0,POSITIVE,DIVIDEND,2026-08-18
DCMSRIND,STABLE,50.0,50.0,,50.0,NEUTRAL,,2026-08-18
DCW,STABLE,50.0,70.0,,58.0,POSITIVE,DIVIDEND,2026-08-18
DCXINDIA,STABLE,50.0,50.0,,50.0,NEUTRAL,,2026-08-18
DDEVPLSTIK,STABLE,50.0,70.0,,58.0,POSITIVE,DIVIDEND,2026-08-18
DECCANCE,FII_ACCUMULATION,60.0,50.0,,56.0,POSITIVE,,2026-08-18
DEEPAKFERT,STABLE,50.0,50.0,,50.0,NEUTRAL,,2026-08-18
DEEPAKNTR,STABLE,50.0,50.0,,50.0,NEUTRAL,,2026-08-18
DEEPINDS,STABLE,50.0,50.0,,50.0,NEUTRAL,,2026-08-18
DELHIVERY,DII_ACCUMULATION,55.0,50.0,,53.0,NEUTRAL,,2026-08-18
DELPHIFX,STABLE,50.0,60.0,,54.0,NEUTRAL,STOCK_SPLIT|BONUS,2026-08-18
DELTACORP,STABLE,50.0,50.0,,50.0,NEUTRAL,,2026-08-18
DELTAMAGNT,STABLE,50.0,50.0,,50.0,NEUTRAL,,2026-08-18
DEN,STABLE,50.0,50.0,,50.0,NEUTRAL,,2026-08-18
DENORA,FII_ACCUMULATION,60.0,50.0,,56.0,POSITIVE,,2026-08-18
DENTA,STABLE,50.0,50.0,,50.0,NEUTRAL,,2026-08-18
DEVIT,PROMOTER_SELLING,20.0,50.0,,32.0,WEAK,,2026-08-18
DEVX,STABLE,50.0,50.0,,50.0,NEUTRAL,,2026-08-18
DEVYANI,STABLE,50.0,50.0,,50.0,NEUTRAL,,2026-08-18
DGCONTENT,STABLE,50.0,50.0,,50.0,NEUTRAL,,2026-08-18
DHAMPURSUG,FII_ACCUMULATION,60.0,70.0,,64.0,POSITIVE,DIVIDEND,2026-08-18
DHANBANK,STABLE,50.0,50.0,,50.0,NEUTRAL,,2026-08-18
DHANUKA,DII_ACCUMULATION,55.0,80.0,,65.0,POSITIVE,BUYBACK,2026-08-18
DHARMAJ,STABLE,50.0,50.0,,50.0,NEUTRAL,,2026-08-18
DHUNINV,STABLE,50.0,50.0,,50.0,NEUTRAL,,2026-08-18
DIACABS,STABLE,50.0,50.0,,50.0,NEUTRAL,,2026-08-18
DIAMINESQ,STABLE,50.0,50.0,,50.0,NEUTRAL,,2026-08-18
DIAMONDYD,STABLE,50.0,50.0,,50.0,NEUTRAL,,2026-08-18
DICIND,STABLE,50.0,70.0,,58.0,POSITIVE,DIVIDEND,2026-08-18
DIFFNKG,DII_ACCUMULATION,55.0,50.0,,53.0,NEUTRAL,,2026-08-18
DIGIDRIVE,STABLE,50.0,50.0,,50.0,NEUTRAL,,2026-08-18
DIGITIDE,STABLE,50.0,50.0,,50.0,NEUTRAL,,2026-08-18
DIGJAMLMTD,STABLE,50.0,50.0,,50.0,NEUTRAL,,2026-08-18
DIVGIITTS,STABLE,50.0,50.0,,50.0,NEUTRAL,,2026-08-18
DIVISLAB,STABLE,50.0,50.0,,50.0,NEUTRAL,,2026-08-18
DIXON,STABLE,50.0,50.0,,50.0,NEUTRAL,,2026-08-18
DJML,STABLE,50.0,50.0,,50.0,NEUTRAL,,2026-08-18
DLF,FII_DII_DIVERGENCE,40.0,50.0,,44.0,NEUTRAL,,2026-08-18
DLINKINDIA,STABLE,50.0,50.0,,50.0,NEUTRAL,,2026-08-18
DMART,STABLE,50.0,50.0,,50.0,NEUTRAL,,2026-08-18
DMCC,STABLE,50.0,50.0,,50.0,NEUTRAL,,2026-08-18
DNAMEDIA,STABLE,50.0,50.0,,50.0,NEUTRAL,,2026-08-18
DODLA,FII_DII_DIVERGENCE,40.0,50.0,,44.0,NEUTRAL,,2026-08-18
DOLATALGO,STABLE,50.0,70.0,,58.0,POSITIVE,DIVIDEND,2026-08-18
DOLLAR,FII_ACCUMULATION,60.0,50.0,,56.0,POSITIVE,,2026-08-18
DOLPHIN,STABLE,50.0,50.0,,50.0,NEUTRAL,,2026-08-18
DOMS,FII_DII_DIVERGENCE,40.0,50.0,,44.0,NEUTRAL,,2026-08-18
DONEAR,STABLE,50.0,50.0,,50.0,NEUTRAL,,2026-08-18
DPABHUSHAN,STABLE,50.0,50.0,,50.0,NEUTRAL,,2026-08-18
DPWIRES,STABLE,50.0,50.0,,50.0,NEUTRAL,,2026-08-18
DRCSYSTEMS,STABLE,50.0,50.0,,50.0,NEUTRAL,,2026-08-18
DREAMFOLKS,FII_ACCUMULATION,60.0,50.0,,56.0,POSITIVE,,2026-08-18
DREDGECORP,STABLE,50.0,50.0,,50.0,NEUTRAL,,2026-08-18
DRREDDY,STABLE,50.0,50.0,,50.0,NEUTRAL,,2026-08-18
DSSL,STABLE,50.0,50.0,,50.0,NEUTRAL,,2026-08-18
DTIL,STABLE,50.0,50.0,,50.0,NEUTRAL,,2026-08-18
DVL,STABLE,50.0,70.0,,58.0,POSITIVE,DIVIDEND,2026-08-18
DWARKESH,STABLE,50.0,50.0,,50.0,NEUTRAL,,2026-08-18
DYCL,STABLE,50.0,50.0,,50.0,NEUTRAL,,2026-08-18
DYNAMATECH,STABLE,50.0,70.0,,58.0,POSITIVE,DIVIDEND,2026-08-18
DYNPRO,STABLE,50.0,50.0,,50.0,NEUTRAL,,2026-08-18
E2E,DII_ACCUMULATION,55.0,55.0,,55.0,POSITIVE,STOCK_SPLIT,2026-08-18
EASEMYTRIP,FII_ACCUMULATION,60.0,50.0,,56.0,POSITIVE,,2026-08-18
EBGNG,DII_ACCUMULATION,55.0,50.0,,53.0,NEUTRAL,,2026-08-18
ECLERX,STABLE,50.0,65.0,,56.0,POSITIVE,BONUS,2026-08-18
EDELWEISS,FII_DII_ACCUMULATION,75.0,50.0,,65.0,POSITIVE,,2026-08-18
EFCIL,DII_ACCUMULATION,55.0,45.0,,51.0,NEUTRAL,FUNDRAISE,2026-08-18
EICHERMOT,STABLE,50.0,50.0,,50.0,NEUTRAL,,2026-08-18
EIDPARRY,STABLE,50.0,50.0,,50.0,NEUTRAL,,2026-08-18
EIEL,STABLE,50.0,50.0,,50.0,NEUTRAL,,2026-08-18
EIHAHOTELS,STABLE,50.0,50.0,,50.0,NEUTRAL,,2026-08-18
EIHOTEL,STABLE,50.0,50.0,,50.0,NEUTRAL,,2026-08-18
EIMCOELECO,STABLE,50.0,70.0,,58.0,POSITIVE,DIVIDEND,2026-08-18
EKC,STABLE,50.0,50.0,,50.0,NEUTRAL,,2026-08-18
ELANTAS,STABLE,50.0,70.0,,58.0,POSITIVE,DIVIDEND,2026-08-18
ELDEHSG,STABLE,50.0,50.0,,50.0,NEUTRAL,,2026-08-18
ELECON,FII_DII_DIVERGENCE,40.0,70.0,,52.0,NEUTRAL,DIVIDEND,2026-08-18
ELECTCAST,STRONG_PROMOTER_BUY,70.0,50.0,,62.0,POSITIVE,,2026-08-18
ELECTHERM,STABLE,50.0,50.0,,50.0,NEUTRAL,,2026-08-18
ELGIEQUIP,FII_DII_DIVERGENCE,40.0,50.0,,44.0,NEUTRAL,,2026-08-18
ELGIRUBCO,STABLE,50.0,50.0,,50.0,NEUTRAL,,2026-08-18
ELIN,STABLE,50.0,50.0,,50.0,NEUTRAL,,2026-08-18
ELLEN,STABLE,50.0,50.0,,50.0,NEUTRAL,,2026-08-18
EMAMILTD,STABLE,50.0,70.0,,58.0,POSITIVE,DIVIDEND,2026-08-18
EMAMIPAP,STABLE,50.0,50.0,,50.0,NEUTRAL,,2026-08-18
EMBDL,STABLE,50.0,50.0,,50.0,NEUTRAL,,2026-08-18
EMCURE,STABLE,50.0,50.0,,50.0,NEUTRAL,,2026-08-18
EMIL,FII_DII_DIVERGENCE,40.0,50.0,,44.0,NEUTRAL,,2026-08-18
EMKAY,STABLE,50.0,50.0,,50.0,NEUTRAL,,2026-08-18
EMMBI,STABLE,50.0,50.0,,50.0,NEUTRAL,,2026-08-18
EMMVEE,FII_DII_DIVERGENCE,40.0,50.0,,44.0,NEUTRAL,,2026-08-18
EMSLIMITED,STABLE,50.0,50.0,,50.0,NEUTRAL,,2026-08-18
EMUDHRA,STABLE,50.0,70.0,,58.0,POSITIVE,DIVIDEND,2026-08-18
ENDURANCE,FII_DII_DIVERGENCE,40.0,50.0,,44.0,NEUTRAL,,2026-08-18
ENERGYDEV,STABLE,50.0,50.0,,50.0,NEUTRAL,,2026-08-18
ENGINERSIN,FII_DII_DIVERGENCE,40.0,70.0,,52.0,NEUTRAL,DIVIDEND,2026-08-18
ENIL,STABLE,50.0,50.0,,50.0,NEUTRAL,,2026-08-18
ENRIN,STABLE,50.0,70.0,,58.0,POSITIVE,DIVIDEND,2026-08-18
ENTERO,STABLE,50.0,50.0,,50.0,NEUTRAL,,2026-08-18
EPACK,STABLE,50.0,50.0,,50.0,NEUTRAL,,2026-08-18
EPACKPEB,STABLE,50.0,50.0,,50.0,NEUTRAL,,2026-08-18
EPIGRAL,STABLE,50.0,70.0,,58.0,POSITIVE,DIVIDEND,2026-08-18
EPL,DII_ACCUMULATION,55.0,50.0,,53.0,NEUTRAL,,2026-08-18
EQUITASBNK,DII_ACCUMULATION,55.0,50.0,,53.0,NEUTRAL,,2026-08-18
ERIS,STABLE,50.0,70.0,,58.0,POSITIVE,DIVIDEND,2026-08-18
ESABINDIA,STABLE,50.0,70.0,,58.0,POSITIVE,DIVIDEND,2026-08-18
ESAFSFB,STABLE,50.0,50.0,,50.0,NEUTRAL,,2026-08-18
ESCORTS,STABLE,50.0,70.0,,58.0,POSITIVE,DIVIDEND,2026-08-18
ESSARSHPNG,STABLE,50.0,50.0,,50.0,NEUTRAL,,2026-08-18
ESSENTIA,STABLE,50.0,45.0,,48.0,NEUTRAL,FUNDRAISE,2026-08-18
ESTER,STABLE,50.0,50.0,,50.0,NEUTRAL,,2026-08-18
ETERNAL,FII_DII_DIVERGENCE,40.0,50.0,,44.0,NEUTRAL,,2026-08-18
ETHOSLTD,FII_DII_DIVERGENCE,40.0,50.0,,44.0,NEUTRAL,,2026-08-18
EUREKAFORB,STABLE,50.0,50.0,,50.0,NEUTRAL,,2026-08-18
EUROBOND,STABLE,50.0,50.0,,50.0,NEUTRAL,,2026-08-18
EUROPRATIK,STABLE,50.0,70.0,,58.0,POSITIVE,DIVIDEND,2026-08-18
EVEREADY,STABLE,50.0,50.0,,50.0,NEUTRAL,,2026-08-18
EVERESTIND,STABLE,50.0,50.0,,50.0,NEUTRAL,,2026-08-18
EXCELINDUS,STABLE,50.0,50.0,,50.0,NEUTRAL,,2026-08-18
EXCELSOFT,STABLE,50.0,50.0,,50.0,NEUTRAL,,2026-08-18
EXICOM,STABLE,50.0,50.0,,50.0,NEUTRAL,,2026-08-18
EXIDEIND,STABLE,50.0,50.0,,50.0,NEUTRAL,,2026-08-18
EXPLEOSOL,STABLE,50.0,50.0,,50.0,NEUTRAL,,2026-08-18
EXXARO,STABLE,50.0,50.0,,50.0,NEUTRAL,,2026-08-18
FABTECH,STABLE,50.0,50.0,,50.0,NEUTRAL,,2026-08-18
FACT,STABLE,50.0,50.0,,50.0,NEUTRAL,,2026-08-18
FAIRCHEMOR,STRONG_PROMOTER_BUY,70.0,80.0,100.0,83.0,HIGH_CONVICTION,BUYBACK,2026-08-18
FAZE3Q,STABLE,50.0,50.0,,50.0,NEUTRAL,,2026-08-18
FCL,FII_ACCUMULATION,60.0,50.0,,56.0,POSITIVE,,2026-08-18
FDC,STABLE,50.0,70.0,,58.0,POSITIVE,DIVIDEND,2026-08-18
FEDERALBNK,FII_DII_DIVERGENCE,40.0,50.0,,44.0,NEUTRAL,,2026-08-18
FEDFINA,DII_ACCUMULATION,55.0,50.0,,53.0,NEUTRAL,,2026-08-18
FIBERWEB,STABLE,50.0,50.0,,50.0,NEUTRAL,,2026-08-18
FIEMIND,DII_ACCUMULATION,55.0,50.0,,53.0,NEUTRAL,,2026-08-18
FILATEX,STABLE,50.0,50.0,,50.0,NEUTRAL,,2026-08-18
FINCABLES,DII_ACCUMULATION,55.0,50.0,,53.0,NEUTRAL,,2026-08-18
FINEORG,STABLE,50.0,50.0,,50.0,NEUTRAL,,2026-08-18
FINKURVE,STABLE,50.0,50.0,,50.0,NEUTRAL,,2026-08-18
FINOPB,STABLE,50.0,50.0,,50.0,NEUTRAL,,2026-08-18
FINPIPE,DII_ACCUMULATION,55.0,50.0,,53.0,NEUTRAL,,2026-08-18
FIRSTCRY,DII_ACCUMULATION,55.0,50.0,,53.0,NEUTRAL,,2026-08-18
FISCHER,STABLE,50.0,50.0,,50.0,NEUTRAL,,2026-08-18
FIVESTAR,FII_DII_DIVERGENCE,40.0,50.0,,44.0,NEUTRAL,,2026-08-18
FLAIR,STABLE,50.0,70.0,,58.0,POSITIVE,DIVIDEND,2026-08-18
FLUOROCHEM,DII_ACCUMULATION,55.0,50.0,,53.0,NEUTRAL,,2026-08-18
FMGOETZE,STABLE,50.0,50.0,,50.0,NEUTRAL,,2026-08-18
FOCUS,STABLE,50.0,50.0,,50.0,NEUTRAL,,2026-08-18
FOODSIN,STABLE,50.0,50.0,,50.0,NEUTRAL,,2026-08-18
FORCEMOT,STABLE,50.0,50.0,,50.0,NEUTRAL,,2026-08-18
FORTIS,FII_DII_DIVERGENCE,40.0,50.0,,44.0,NEUTRAL,,2026-08-18
FOSECOIND,STABLE,50.0,70.0,,58.0,POSITIVE,DIVIDEND,2026-08-18
FRACTAL,STABLE,50.0,50.0,,50.0,NEUTRAL,,2026-08-18
FSL,STABLE,50.0,70.0,,58.0,POSITIVE,DIVIDEND,2026-08-18
FUSION,DII_ACCUMULATION,55.0,50.0,,53.0,NEUTRAL,,2026-08-18
GABRIEL,STABLE,50.0,50.0,,50.0,NEUTRAL,,2026-08-18
GAEL,FII_ACCUMULATION,60.0,50.0,,56.0,POSITIVE,,2026-08-18
GAIL,FII_DII_DIVERGENCE,40.0,70.0,,52.0,NEUTRAL,DIVIDEND,2026-08-18
GALAPREC,STABLE,50.0,50.0,,50.0,NEUTRAL,,2026-08-18
GALAXYSURF,STABLE,50.0,50.0,,50.0,NEUTRAL,,2026-08-18
GALLANTT,STABLE,50.0,50.0,,50.0,NEUTRAL,,2026-08-18
GANDHAR,STABLE,50.0,70.0,,58.0,POSITIVE,DIVIDEND,2026-08-18
GANDHITUBE,STABLE,50.0,50.0,,50.0,NEUTRAL,,2026-08-18
GANECOS,FII_DII_DIVERGENCE,40.0,50.0,,44.0,NEUTRAL,,2026-08-18
GANESHBE,STABLE,50.0,50.0,,50.0,NEUTRAL,,2026-08-18
GANESHCP,STABLE,50.0,50.0,,50.0,NEUTRAL,,2026-08-18
GANESHHOU,STABLE,50.0,50.0,,50.0,NEUTRAL,,2026-08-18
GANGAFORGE,STABLE,50.0,50.0,,50.0,NEUTRAL,,2026-08-18
GANGESSECU,STABLE,50.0,50.0,,50.0,NEUTRAL,,2026-08-18
GARFIBRES,STABLE,50.0,80.0,,62.0,POSITIVE,BUYBACK,2026-08-18
GARUDA,STABLE,50.0,50.0,,50.0,NEUTRAL,,2026-08-18
GATECH,STABLE,50.0,50.0,,50.0,NEUTRAL,,2026-08-18
GATECHDVR,STABLE,50.0,50.0,,50.0,NEUTRAL,,2026-08-18
GATEWAY,STABLE,50.0,70.0,,58.0,POSITIVE,DIVIDEND,2026-08-18
GAYAHWS,STABLE,50.0,50.0,,50.0,NEUTRAL,,2026-08-18
GCSL,PROMOTER_SELLING,20.0,50.0,,32.0,WEAK,,2026-08-18
GEECEE,STABLE,50.0,50.0,,50.0,NEUTRAL,,2026-08-18
GEEKAYWIRE,STRONG_PROMOTER_BUY,70.0,50.0,,62.0,POSITIVE,,2026-08-18
GEMAROMA,STRONG_PROMOTER_BUY,70.0,50.0,,62.0,POSITIVE,,2026-08-18
GENCON,STABLE,50.0,50.0,,50.0,NEUTRAL,,2026-08-18
GENESYS,FII_DII_DIVERGENCE,40.0,50.0,,44.0,NEUTRAL,,2026-08-18
GENUSPAPER,STABLE,50.0,50.0,,50.0,NEUTRAL,,2026-08-18
GENUSPOWER,STABLE,50.0,60.0,,54.0,NEUTRAL,ACQUISITION,2026-08-18
GEOJITFSL,STABLE,50.0,50.0,,50.0,NEUTRAL,,2026-08-18
GESHIP,FII_DII_DIVERGENCE,40.0,70.0,,52.0,NEUTRAL,DIVIDEND|DIVIDEND,2026-08-18
GFLLIMITED,STABLE,50.0,50.0,,50.0,NEUTRAL,,2026-08-18
GHCL,FII_DII_DIVERGENCE,40.0,70.0,,52.0,NEUTRAL,DIVIDEND,2026-08-18
GHCLTEXTIL,STABLE,50.0,70.0,,58.0,POSITIVE,DIVIDEND,2026-08-18
GICHSGFIN,STABLE,50.0,70.0,,58.0,POSITIVE,DIVIDEND,2026-08-18
GICL,STABLE,50.0,50.0,,50.0,NEUTRAL,,2026-08-18
GICRE,STABLE,50.0,50.0,,50.0,NEUTRAL,,2026-08-18
GILLANDERS,STABLE,50.0,50.0,,50.0,NEUTRAL,,2026-08-18
GILLETTE,STABLE,50.0,70.0,,58.0,POSITIVE,DIVIDEND,2026-08-18
GINNIFILA,STABLE,50.0,50.0,,50.0,NEUTRAL,,2026-08-18
GIPCL,STABLE,50.0,50.0,,50.0,NEUTRAL,,2026-08-18
GKENERGY,STABLE,50.0,50.0,,50.0,NEUTRAL,,2026-08-18
GKSL,STABLE,50.0,50.0,,50.0,NEUTRAL,,2026-08-18
GKWLIMITED,STABLE,50.0,50.0,,50.0,NEUTRAL,,2026-08-18
GLAND,STABLE,50.0,50.0,,50.0,NEUTRAL,,2026-08-18
GLAXO,STABLE,50.0,70.0,,58.0,POSITIVE,DIVIDEND,2026-08-18
GLENMARK,FII_DII_DIVERGENCE,40.0,50.0,,44.0,NEUTRAL,,2026-08-18
GLOBAL,STABLE,50.0,50.0,,50.0,NEUTRAL,,2026-08-18
GLOBALVECT,STABLE,50.0,50.0,,50.0,NEUTRAL,,2026-08-18
GLOBE,FII_ACCUMULATION,60.0,50.0,,56.0,POSITIVE,,2026-08-18
GLOBUSSPR,FII_DII_ACCUMULATION,75.0,50.0,,65.0,POSITIVE,,2026-08-18
GLOSTERLTD,STABLE,50.0,50.0,,50.0,NEUTRAL,,2026-08-18
GMBREW,STABLE,50.0,70.0,,58.0,POSITIVE,DIVIDEND,2026-08-18
GMDCLTD,FII_ACCUMULATION,60.0,50.0,,56.0,POSITIVE,,2026-08-18
GMMPFAUDLR,FII_DII_DIVERGENCE,40.0,50.0,,44.0,NEUTRAL,,2026-08-18
GMRAIRPORT,FII_ACCUMULATION,60.0,50.0,,56.0,POSITIVE,,2026-08-18
GMRP&UI,DII_ACCUMULATION,55.0,50.0,,53.0,NEUTRAL,,2026-08-18
GNA,FII_ACCUMULATION,60.0,70.0,,64.0,POSITIVE,DIVIDEND,2026-08-18
GNFC,STABLE,50.0,50.0,,50.0,NEUTRAL,,2026-08-18
GOACARBON,STABLE,50.0,50.0,,50.0,NEUTRAL,,2026-08-18
GOCLCORP,STABLE,50.0,50.0,,50.0,NEUTRAL,,2026-08-18
GOCOLORS,STRONG_PROMOTER_BUY,70.0,80.0,100.0,83.0,HIGH_CONVICTION,BUYBACK,2026-08-18
GODAVARIB,STABLE,50.0,50.0,,50.0,NEUTRAL,,2026-08-18
GODFRYPHLP,STABLE,50.0,50.0,,50.0,NEUTRAL,,2026-08-18
GODIGIT,STABLE,50.0,50.0,,50.0,NEUTRAL,,2026-08-18
GODREJAGRO,STABLE,50.0,50.0,,50.0,NEUTRAL,,2026-08-18
GODREJCP,FII_DII_DIVERGENCE,40.0,70.0,,52.0,NEUTRAL,DIVIDEND|DIVIDEND,2026-08-18
GODREJIND,STABLE,50.0,50.0,,50.0,NEUTRAL,,2026-08-18
GODREJPROP,STRONG_PROMOTER_BUY,70.0,50.0,,62.0,POSITIVE,,2026-08-18
GOKEX,STABLE,50.0,50.0,,50.0,NEUTRAL,,2026-08-18
GOKUL,STABLE,50.0,50.0,,50.0,NEUTRAL,,2026-08-18
GOKULAGRO,STABLE,50.0,50.0,,50.0,NEUTRAL,,2026-08-18
GOLDIAM,STABLE,50.0,70.0,,58.0,POSITIVE,DIVIDEND,2026-08-18
GOLDTECH,STABLE,50.0,50.0,,50.0,NEUTRAL,,2026-08-18
GOODLUCK,DII_ACCUMULATION,55.0,70.0,,61.0,POSITIVE,DIVIDEND,2026-08-18
GOPAL,STABLE,50.0,70.0,,58.0,POSITIVE,DIVIDEND|DIVIDEND,2026-08-18
GOYALALUM,STABLE,50.0,50.0,,50.0,NEUTRAL,,2026-08-18
GPIL,STABLE,50.0,50.0,,50.0,NEUTRAL,,2026-08-18
GPPL,FII_ACCUMULATION,60.0,50.0,,56.0,POSITIVE,,2026-08-18
GPTHEALTH,DII_ACCUMULATION,55.0,50.0,,53.0,NEUTRAL,,2026-08-18
GPTINFRA,STABLE,50.0,70.0,,58.0,POSITIVE,DIVIDEND|DIVIDEND,2026-08-18
GRANULES,DII_ACCUMULATION,55.0,50.0,,53.0,NEUTRAL,,2026-08-18
GRAPHITE,STABLE,50.0,50.0,,50.0,NEUTRAL,,2026-08-18
GRASIM,STABLE,50.0,50.0,,50.0,NEUTRAL,,2026-08-18
GRAVITA,STABLE,50.0,50.0,,50.0,NEUTRAL,,2026-08-18
GREAVESCOT,STABLE,50.0,50.0,,50.0,NEUTRAL,,2026-08-18
GREENLAM,STABLE,50.0,50.0,,50.0,NEUTRAL,,2026-08-18
GREENPANEL,STABLE,50.0,50.0,,50.0,NEUTRAL,,2026-08-18
GREENPLY,STABLE,50.0,50.0,,50.0,NEUTRAL,,2026-08-18
GREENPOWER,STABLE,50.0,50.0,,50.0,NEUTRAL,,2026-08-18
GRINDWELL,FII_DII_DIVERGENCE,40.0,50.0,,44.0,NEUTRAL,,2026-08-18
GRINFRA,STABLE,50.0,70.0,,58.0,POSITIVE,DIVIDEND,2026-08-18
GRMOVER,FII_DII_ACCUMULATION,75.0,50.0,,65.0,POSITIVE,,2026-08-18
GROBTEA,STABLE,50.0,50.0,,50.0,NEUTRAL,,2026-08-18
GROWW,FII_DII_DIVERGENCE,40.0,50.0,,44.0,NEUTRAL,,2026-08-18
GRPLTD,STABLE,50.0,50.0,,50.0,NEUTRAL,,2026-08-18
GRSE,FII_ACCUMULATION,60.0,70.0,,64.0,POSITIVE,DIVIDEND,2026-08-18
GRWRHITECH,STABLE,50.0,50.0,,50.0,NEUTRAL,,2026-08-18
GSFC,STABLE,50.0,50.0,,50.0,NEUTRAL,,2026-08-18
GSLSU,STABLE,50.0,50.0,,50.0,NEUTRAL,,2026-08-18
GSPCROP,STABLE,50.0,50.0,,50.0,NEUTRAL,,2026-08-18
GTL,STABLE,50.0,50.0,,50.0,NEUTRAL,,2026-08-18
GTLINFRA,STABLE,50.0,50.0,,50.0,NEUTRAL,,2026-08-18
GTPL,STABLE,50.0,50.0,,50.0,NEUTRAL,,2026-08-18
GUFICBIO,STABLE,50.0,50.0,,50.0,NEUTRAL,,2026-08-18
GUJALKALI,STRONG_PROMOTER_BUY,70.0,50.0,,62.0,POSITIVE,,2026-08-18
GUJAPOLLO,STABLE,50.0,50.0,,50.0,NEUTRAL,,2026-08-18
GUJENERGY,FII_DII_DIVERGENCE,40.0,50.0,,44.0,NEUTRAL,,2026-08-18
GUJRAFFIA,STABLE,50.0,50.0,,50.0,NEUTRAL,,2026-08-18
GUJTHEM,STABLE,50.0,50.0,,50.0,NEUTRAL,,2026-08-18
GULFOILLUB,STABLE,50.0,70.0,,58.0,POSITIVE,DIVIDEND,2026-08-18
GULPOLY,STABLE,50.0,50.0,,50.0,NEUTRAL,,2026-08-18
GVPIL,FII_DII_ACCUMULATION,75.0,50.0,,65.0,POSITIVE,,2026-08-18
GVPTECH,STABLE,50.0,50.0,,50.0,NEUTRAL,,2026-08-18
GVT&D,FII_DII_DIVERGENCE,40.0,50.0,,44.0,NEUTRAL,,2026-08-18
HAL,FII_DII_DIVERGENCE,40.0,70.0,,52.0,NEUTRAL,DIVIDEND,2026-08-18
HALEOSLABS,STABLE,50.0,50.0,,50.0,NEUTRAL,,2026-08-18
HAPPSTMNDS,STABLE,50.0,50.0,,50.0,NEUTRAL,,2026-08-18
HAPPYFORGE,STABLE,50.0,50.0,,50.0,NEUTRAL,,2026-08-18
HARDWYN,STABLE,50.0,50.0,,50.0,NEUTRAL,,2026-08-18
HARIOMPIPE,STABLE,50.0,50.0,,50.0,NEUTRAL,,2026-08-18
HARRMALAYA,STABLE,50.0,50.0,,50.0,NEUTRAL,,2026-08-18
HARSHA,FII_ACCUMULATION,60.0,50.0,,56.0,POSITIVE,,2026-08-18
HATHWAY,STABLE,50.0,50.0,,50.0,NEUTRAL,,2026-08-18
HATSUN,STABLE,50.0,70.0,,58.0,POSITIVE,DIVIDEND,2026-08-18
HAVELLS,FII_DII_DIVERGENCE,40.0,70.0,,52.0,NEUTRAL,DIVIDEND|DIVIDEND,2026-08-18
HAVISHA,STABLE,50.0,50.0,,50.0,NEUTRAL,,2026-08-18
HBLENGINE,STABLE,50.0,70.0,,58.0,POSITIVE,DIVIDEND,2026-08-18
HCC,FII_DII_DIVERGENCE,40.0,50.0,,44.0,NEUTRAL,,2026-08-18
HCG,FII_DII_DIVERGENCE,40.0,45.0,,42.0,NEUTRAL,FUNDRAISE,2026-08-18
HCL-INSYS,STABLE,50.0,50.0,,50.0,NEUTRAL,,2026-08-18
HCLTECH,FII_DII_DIVERGENCE,40.0,70.0,,52.0,NEUTRAL,DIVIDEND|DIVIDEND,2026-08-18
HDBFS,DII_ACCUMULATION,55.0,70.0,,61.0,POSITIVE,DIVIDEND,2026-08-18
HDFCAMC,STABLE,50.0,70.0,,58.0,POSITIVE,DIVIDEND,2026-08-18
HDFCBANK,FII_DII_DIVERGENCE,40.0,70.0,,52.0,NEUTRAL,DIVIDEND,2026-08-18
HDFCLIFE,FII_DII_DIVERGENCE,40.0,70.0,,52.0,NEUTRAL,DIVIDEND,2026-08-18
HEADSUP,STABLE,50.0,50.0,,50.0,NEUTRAL,,2026-08-18
HEALTHX,DII_ACCUMULATION,55.0,50.0,,53.0,NEUTRAL,,2026-08-18
HECPROJECT,STRONG_PROMOTER_BUY,70.0,50.0,,62.0,POSITIVE,,2026-08-18
HEG,FII_DII_DIVERGENCE,40.0,50.0,,44.0,NEUTRAL,,2026-08-18
HEIDELBERG,STABLE,50.0,50.0,,50.0,NEUTRAL,,2026-08-18
HEMIPROP,FII_ACCUMULATION,60.0,50.0,,56.0,POSITIVE,,2026-08-18
HERANBA,STABLE,50.0,50.0,,50.0,NEUTRAL,,2026-08-18
HERITGFOOD,FII_DII_DIVERGENCE,40.0,50.0,,44.0,NEUTRAL,,2026-08-18
HEROMOTOCO,FII_DII_DIVERGENCE,40.0,70.0,,52.0,NEUTRAL,DIVIDEND,2026-08-18
HESTERBIO,STABLE,50.0,50.0,,50.0,NEUTRAL,,2026-08-18
HEXAGON,STABLE,50.0,50.0,,50.0,NEUTRAL,,2026-08-18
HEXATRADEX,STABLE,50.0,50.0,,50.0,NEUTRAL,,2026-08-18
HEXT,FII_DII_DIVERGENCE,40.0,70.0,,52.0,NEUTRAL,DIVIDEND,2026-08-18
HFCL,STABLE,50.0,50.0,,50.0,NEUTRAL,,2026-08-18
HGINFRA,STABLE,50.0,50.0,,50.0,NEUTRAL,,2026-08-18
HGM,STABLE,50.0,50.0,,50.0,NEUTRAL,,2026-08-18
HGS,STABLE,50.0,50.0,,50.0,NEUTRAL,,2026-08-18
HIKAL,STABLE,50.0,70.0,,58.0,POSITIVE,DIVIDEND,2026-08-18
HILTON,STABLE,50.0,45.0,,48.0,NEUTRAL,FUNDRAISE,2026-08-18
HIMATSEIDE,STABLE,50.0,50.0,,50.0,NEUTRAL,,2026-08-18
HINDALCO,FII_DII_DIVERGENCE,40.0,50.0,,44.0,NEUTRAL,,2026-08-18
HINDCOMPOS,STABLE,50.0,50.0,,50.0,NEUTRAL,,2026-08-18
HINDCOPPER,STABLE,50.0,70.0,,58.0,POSITIVE,DIVIDEND,2026-08-18
HINDOILEXP,STABLE,50.0,50.0,,50.0,NEUTRAL,,2026-08-18
HINDPETRO,FII_DII_DIVERGENCE,40.0,50.0,,44.0,NEUTRAL,,2026-08-18
HINDUNILVR,FII_DII_DIVERGENCE,40.0,70.0,,52.0,NEUTRAL,DIVIDEND,2026-08-18
HINDWAREAP,STABLE,50.0,50.0,,50.0,NEUTRAL,,2026-08-18
HINDZINC,FII_ACCUMULATION,60.0,70.0,,64.0,POSITIVE,DIVIDEND,2026-08-18
HIRECT,STABLE,50.0,65.0,,56.0,POSITIVE,BONUS,2026-08-18
HISARMETAL,STABLE,50.0,50.0,,50.0,NEUTRAL,,2026-08-18
HITECH,STABLE,50.0,50.0,,50.0,NEUTRAL,,2026-08-18
HLEGLAS,STABLE,50.0,50.0,,50.0,NEUTRAL,,2026-08-18
HLVLTD,STABLE,50.0,50.0,,50.0,NEUTRAL,,2026-08-18
HMAAGRO,STABLE,50.0,50.0,,50.0,NEUTRAL,,2026-08-18
HMVL,STABLE,50.0,50.0,,50.0,NEUTRAL,,2026-08-18
HNDFDS,STABLE,50.0,50.0,,50.0,NEUTRAL,,2026-08-18
HOMEFIRST,FII_ACCUMULATION,60.0,70.0,,64.0,POSITIVE,DIVIDEND,2026-08-18
HONASA,FII_DII_DIVERGENCE,40.0,50.0,,44.0,NEUTRAL,,2026-08-18
HONAUT,STABLE,50.0,50.0,,50.0,NEUTRAL,,2026-08-18
HONDAPOWER,STABLE,50.0,70.0,,58.0,POSITIVE,DIVIDEND,2026-08-18
HPAL,STABLE,50.0,50.0,,50.0,NEUTRAL,,2026-08-18
HPIL,STABLE,50.0,50.0,,50.0,NEUTRAL,,2026-08-18
HPL,STABLE,50.0,50.0,,50.0,NEUTRAL,,2026-08-18
HSCL,STABLE,50.0,70.0,,58.0,POSITIVE,DIVIDEND,2026-08-18
HTMEDIA,STABLE,50.0,50.0,,50.0,NEUTRAL,,2026-08-18
HUBTOWN,PROMOTER_SELLING,20.0,50.0,,32.0,WEAK,,2026-08-18
HUDCO,STABLE,50.0,70.0,,58.0,POSITIVE,DIVIDEND|DIVIDEND,2026-08-18
HUHTAMAKI,STABLE,50.0,70.0,,58.0,POSITIVE,DIVIDEND,2026-08-18
HYUNDAI,FII_DII_DIVERGENCE,40.0,50.0,,44.0,NEUTRAL,,2026-08-18
ICDSLTD,STABLE,50.0,50.0,,50.0,NEUTRAL,,2026-08-18
ICEMAKE,STABLE,50.0,50.0,,50.0,NEUTRAL,,2026-08-18
ICICIAMC,DII_ACCUMULATION,55.0,70.0,,61.0,POSITIVE,DIVIDEND|DIVIDEND,2026-08-18
ICICIBANK,STABLE,50.0,50.0,,50.0,NEUTRAL,,2026-08-18
ICICIGI,FII_DII_DIVERGENCE,40.0,70.0,,52.0,NEUTRAL,DIVIDEND,2026-08-18
ICICIPRULI,FII_DII_DIVERGENCE,40.0,70.0,,52.0,NEUTRAL,DIVIDEND,2026-08-18
ICIL,STABLE,50.0,50.0,,50.0,NEUTRAL,,2026-08-18
ICRA,FII_DII_DIVERGENCE,40.0,50.0,,44.0,NEUTRAL,,2026-08-18
IDBI,STABLE,50.0,50.0,,50.0,NEUTRAL,,2026-08-18
IDEA,DII_ACCUMULATION,55.0,50.0,,53.0,NEUTRAL,,2026-08-18
IDFCFIRSTB,FII_DII_ACCUMULATION,75.0,50.0,,65.0,POSITIVE,,2026-08-18
IEX,FII_DII_DIVERGENCE,40.0,70.0,,52.0,NEUTRAL,DIVIDEND|DIVIDEND,2026-08-18
IFBIND,STABLE,50.0,50.0,,50.0,NEUTRAL,,2026-08-18
IFCI,STABLE,50.0,50.0,,50.0,NEUTRAL,,2026-08-18
IFGLEXPOR,STABLE,50.0,50.0,,50.0,NEUTRAL,,2026-08-18
IGARASHI,STABLE,50.0,50.0,,50.0,NEUTRAL,,2026-08-18
IGCL,STABLE,50.0,50.0,,50.0,NEUTRAL,,2026-08-18
IGIL,FII_DII_DIVERGENCE,40.0,70.0,,52.0,NEUTRAL,DIVIDEND,2026-08-18
IGL,STABLE,50.0,70.0,,58.0,POSITIVE,DIVIDEND,2026-08-18
IGPL,STABLE,50.0,50.0,,50.0,NEUTRAL,,2026-08-18
IIFL,STABLE,50.0,70.0,,58.0,POSITIVE,DIVIDEND,2026-08-18
IIFLCAPS,STABLE,50.0,70.0,,58.0,POSITIVE,DIVIDEND,2026-08-18
IITL,STRONG_PROMOTER_BUY,70.0,50.0,,62.0,POSITIVE,,2026-08-18
IKIO,STABLE,50.0,50.0,,50.0,NEUTRAL,,2026-08-18
IKS,FII_ACCUMULATION,60.0,50.0,,56.0,POSITIVE,,2026-08-18
IMAGICAA,STABLE,50.0,50.0,,50.0,NEUTRAL,,2026-08-18
IMFA,FII_ACCUMULATION,60.0,50.0,,56.0,POSITIVE,,2026-08-18
IMPAL,STABLE,50.0,70.0,,58.0,POSITIVE,DIVIDEND,2026-08-18
INA,STABLE,50.0,50.0,,50.0,NEUTRAL,,2026-08-18
INCREDIBLE,STABLE,50.0,50.0,,50.0,NEUTRAL,,2026-08-18
INDBANK,STABLE,50.0,50.0,,50.0,NEUTRAL,,2026-08-18
INDGN,STABLE,50.0,50.0,,50.0,NEUTRAL,,2026-08-18
INDHOTEL,FII_DII_DIVERGENCE,40.0,70.0,,52.0,NEUTRAL,DIVIDEND,2026-08-18
INDIACEM,STABLE,50.0,50.0,,50.0,NEUTRAL,,2026-08-18
INDIAGLYCO,STABLE,50.0,70.0,,58.0,POSITIVE,DIVIDEND,2026-08-18
INDIAMART,FII_DII_DIVERGENCE,40.0,70.0,,52.0,NEUTRAL,DIVIDEND,2026-08-18
INDIANB,STABLE,50.0,70.0,,58.0,POSITIVE,DIVIDEND,2026-08-18
INDIANCARD,STABLE,50.0,50.0,,50.0,NEUTRAL,,2026-08-18
INDIANHUME,STABLE,50.0,50.0,,50.0,NEUTRAL,,2026-08-18
INDIASHLTR,FII_DII_DIVERGENCE,40.0,70.0,,52.0,NEUTRAL,DIVIDEND,2026-08-18
INDIGO,FII_DII_DIVERGENCE,40.0,50.0,,44.0,NEUTRAL,,2026-08-18
INDIGOPNTS,FII_DII_DIVERGENCE,40.0,50.0,,44.0,NEUTRAL,,2026-08-18
INDIQUBE,STABLE,50.0,50.0,,50.0,NEUTRAL,,2026-08-18
INDNIPPON,STABLE,50.0,70.0,,58.0,POSITIVE,DIVIDEND,2026-08-18
INDOBORAX,DII_ACCUMULATION,55.0,50.0,,53.0,NEUTRAL,,2026-08-18
INDOCO,STABLE,50.0,50.0,,50.0,NEUTRAL,,2026-08-18
INDOFARM,STABLE,50.0,50.0,,50.0,NEUTRAL,,2026-08-18
INDORAMA,STABLE,50.0,50.0,,50.0,NEUTRAL,,2026-08-18
INDOSTAR,STRONG_PROMOTER_BUY,70.0,50.0,,62.0,POSITIVE,,2026-08-18
INDOTHAI,STABLE,50.0,50.0,,50.0,NEUTRAL,,2026-08-18
INDOUS,STABLE,50.0,50.0,,50.0,NEUTRAL,,2026-08-18
INDRAMEDCO,STABLE,50.0,50.0,,50.0,NEUTRAL,,2026-08-18
INDSWFTLAB,STRONG_PROMOTER_BUY,70.0,50.0,,62.0,POSITIVE,,2026-08-18
INDTERRAIN,STABLE,50.0,50.0,,50.0,NEUTRAL,,2026-08-18
INDUSINDBK,FII_DII_DIVERGENCE,40.0,70.0,,52.0,NEUTRAL,DIVIDEND,2026-08-18
INDUSTOWER,FII_DII_DIVERGENCE,40.0,50.0,,44.0,NEUTRAL,,2026-08-18
INFOBEAN,PROMOTER_SELLING,20.0,65.0,,38.0,NEUTRAL,BONUS,2026-08-18
INFOMEDIA,STABLE,50.0,50.0,,50.0,NEUTRAL,,2026-08-18
INFY,FII_DII_DIVERGENCE,40.0,70.0,,52.0,NEUTRAL,DIVIDEND,2026-08-18
INGERRAND,STABLE,50.0,50.0,,50.0,NEUTRAL,,2026-08-18
INNOVACAP,STABLE,50.0,70.0,,58.0,POSITIVE,DIVIDEND,2026-08-18
INNOVANA,STABLE,50.0,50.0,,50.0,NEUTRAL,,2026-08-18
INOXGREEN,STRONG_PROMOTER_FII_BUY,90.0,50.0,,74.0,POSITIVE,,2026-08-18
INOXINDIA,STABLE,50.0,70.0,,58.0,POSITIVE,DIVIDEND,2026-08-18
INOXWIND,DII_ACCUMULATION,55.0,50.0,,53.0,NEUTRAL,,2026-08-18
INSECTICID,STABLE,50.0,70.0,,58.0,POSITIVE,DIVIDEND,2026-08-18
INTELLECT,STABLE,50.0,50.0,,50.0,NEUTRAL,,2026-08-18
INTENTECH,PROMOTER_SELLING,20.0,50.0,,32.0,WEAK,,2026-08-18
INTERARCH,FII_DII_DIVERGENCE,40.0,50.0,,44.0,NEUTRAL,,2026-08-18
INTLCONV,STABLE,50.0,50.0,,50.0,NEUTRAL,,2026-08-18
INVENTURE,STABLE,50.0,50.0,,50.0,NEUTRAL,,2026-08-18
IOB,STABLE,50.0,50.0,,50.0,NEUTRAL,,2026-08-18
IOC,FII_DII_DIVERGENCE,40.0,70.0,,52.0,NEUTRAL,DIVIDEND,2026-08-18
IOLCP,STRONG_PROMOTER_BUY,70.0,70.0,,70.0,POSITIVE,DIVIDEND,2026-08-18
IONEXCHANG,DII_ACCUMULATION,55.0,50.0,,53.0,NEUTRAL,,2026-08-18
IPCALAB,STABLE,50.0,50.0,,50.0,NEUTRAL,,2026-08-18
IPL,STABLE,50.0,50.0,,50.0,NEUTRAL,,2026-08-18
IRB,FII_ACCUMULATION,60.0,68.3,,63.3,POSITIVE,DIVIDEND|BONUS|DIVIDEND,2026-08-18
IRCON,STABLE,50.0,70.0,,58.0,POSITIVE,DIVIDEND,2026-08-18
IRCTC,FII_DII_DIVERGENCE,40.0,70.0,,52.0,NEUTRAL,DIVIDEND,2026-08-18
IREDA,STABLE,50.0,70.0,,58.0,POSITIVE,DIVIDEND,2026-08-18
IRFC,DII_ACCUMULATION,55.0,70.0,,61.0,POSITIVE,DIVIDEND,2026-08-18
IRIS,STABLE,50.0,50.0,,50.0,NEUTRAL,,2026-08-18
IRISDOREME,STABLE,50.0,50.0,,50.0,NEUTRAL,,2026-08-18
IRMENERGY,STABLE,50.0,50.0,,50.0,NEUTRAL,,2026-08-18
ISFT,STABLE,50.0,50.0,,50.0,NEUTRAL,,2026-08-18
ISGEC,STABLE,50.0,50.0,,50.0,NEUTRAL,,2026-08-18
ISHANCH,STABLE,50.0,50.0,,50.0,NEUTRAL,,2026-08-18
ITC,STABLE,50.0,70.0,,58.0,POSITIVE,DIVIDEND|DIVIDEND,2026-08-18
ITCHOTELS,STABLE,50.0,70.0,,58.0,POSITIVE,DIVIDEND,2026-08-18
ITDC,STABLE,50.0,50.0,,50.0,NEUTRAL,,2026-08-18
ITI,STABLE,50.0,50.0,,50.0,NEUTRAL,,2026-08-18
IVALUE,FII_DII_DIVERGENCE,40.0,50.0,,44.0,NEUTRAL,,2026-08-18
IVC,STABLE,50.0,50.0,,50.0,NEUTRAL,,2026-08-18
IVP,STABLE,50.0,50.0,,50.0,NEUTRAL,,2026-08-18
IXIGO,FII_DII_ACCUMULATION,75.0,50.0,,65.0,POSITIVE,,2026-08-18
IZMO,STABLE,50.0,50.0,,50.0,NEUTRAL,,2026-08-18
J&KBANK,STABLE,50.0,50.0,,50.0,NEUTRAL,,2026-08-18
JAGRAN,STABLE,50.0,70.0,,58.0,POSITIVE,DIVIDEND,2026-08-18
JAGSNPHARM,STABLE,50.0,80.0,,62.0,POSITIVE,BUYBACK,2026-08-18
JAICORPLTD,STABLE,50.0,50.0,,50.0,NEUTRAL,,2026-08-18
JAINREC,FII_DII_DIVERGENCE,40.0,50.0,,44.0,NEUTRAL,,2026-08-18
JAIPURKURT,STABLE,50.0,50.0,,50.0,NEUTRAL,,2026-08-18
JAMNAAUTO,FII_DII_DIVERGENCE,40.0,50.0,,44.0,NEUTRAL,,2026-08-18
JARO,STABLE,50.0,70.0,,58.0,POSITIVE,DIVIDEND,2026-08-18
JASH,STABLE,50.0,70.0,,58.0,POSITIVE,DIVIDEND,2026-08-18
JAYAGROGN,STABLE,50.0,50.0,,50.0,NEUTRAL,,2026-08-18
JAYBARMARU,STABLE,50.0,50.0,,50.0,NEUTRAL,,2026-08-18
JAYKAY,STABLE,50.0,50.0,,50.0,NEUTRAL,,2026-08-18
JAYNECOIND,STABLE,50.0,50.0,,50.0,NEUTRAL,,2026-08-18
JAYSREETEA,STABLE,50.0,50.0,,50.0,NEUTRAL,,2026-08-18
JBCHEPHARM,STRONG_PROMOTER_BUY,70.0,70.0,,70.0,POSITIVE,DIVIDEND|DIVIDEND,2026-08-18
JBMA,STABLE,50.0,50.0,,50.0,NEUTRAL,,2026-08-18
JETFREIGHT,STABLE,50.0,50.0,,50.0,NEUTRAL,,2026-08-18
JGCHEM,STABLE,50.0,50.0,,50.0,NEUTRAL,,2026-08-18
JHS,FII_ACCUMULATION,60.0,50.0,,56.0,POSITIVE,,2026-08-18
JINDALPHOT,STABLE,50.0,50.0,,50.0,NEUTRAL,,2026-08-18
JINDALPOLY,STABLE,50.0,50.0,,50.0,NEUTRAL,,2026-08-18
JINDALSAW,FII_DII_DIVERGENCE,40.0,70.0,,52.0,NEUTRAL,DIVIDEND,2026-08-18
JINDALSTEL,STABLE,50.0,50.0,,50.0,NEUTRAL,,2026-08-18
JINDRILL,STABLE,50.0,50.0,,50.0,NEUTRAL,,2026-08-18
JINDWORLD,STABLE,50.0,50.0,,50.0,NEUTRAL,,2026-08-18
JIOFIN,FII_DII_DIVERGENCE,40.0,50.0,,44.0,NEUTRAL,,2026-08-18
JISLDVREQS,STABLE,50.0,50.0,,50.0,NEUTRAL,,2026-08-18
JISLJALEQS,FII_ACCUMULATION,60.0,50.0,,56.0,POSITIVE,,2026-08-18
JITFINFRA,STABLE,50.0,50.0,,50.0,NEUTRAL,,2026-08-18
JKCEMENT,FII_DII_DIVERGENCE,40.0,50.0,,44.0,NEUTRAL,,2026-08-18
JKIL,STABLE,50.0,50.0,,50.0,NEUTRAL,,2026-08-18
JKLAKSHMI,STABLE,50.0,50.0,,50.0,NEUTRAL,,2026-08-18
JKPAPER,STRONG_PROMOTER_BUY,70.0,50.0,,62.0,POSITIVE,,2026-08-18
JKTYRE,FII_ACCUMULATION,60.0,50.0,,56.0,POSITIVE,,2026-08-18
JLHL,STABLE,50.0,70.0,,58.0,POSITIVE,DIVIDEND,2026-08-18
JMA,STABLE,50.0,50.0,,50.0,NEUTRAL,,2026-08-18
JMFINANCIL,STABLE,50.0,70.0,,58.0,POSITIVE,DIVIDEND,2026-08-18
JNKINDIA,STABLE,50.0,50.0,,50.0,NEUTRAL,,2026-08-18
JPOLYINVST,STABLE,50.0,50.0,,50.0,NEUTRAL,,2026-08-18
JPPOWER,STABLE,50.0,50.0,,50.0,NEUTRAL,,2026-08-18
JSFB,DII_ACCUMULATION,55.0,50.0,,53.0,NEUTRAL,,2026-08-18
JSL,STABLE,50.0,70.0,,58.0,POSITIVE,DIVIDEND,2026-08-18
JSLL,STABLE,50.0,50.0,,50.0,NEUTRAL,,2026-08-18
JSWCEMENT,DII_ACCUMULATION,55.0,50.0,,53.0,NEUTRAL,,2026-08-18
JSWDULUX,DII_ACCUMULATION,55.0,50.0,,53.0,NEUTRAL,,2026-08-18
JSWENERGY,STABLE,50.0,70.0,,58.0,POSITIVE,DIVIDEND,2026-08-18
JSWHL,STABLE,50.0,50.0,,50.0,NEUTRAL,,2026-08-18
JSWINFRA,STABLE,50.0,70.0,,58.0,POSITIVE,DIVIDEND,2026-08-18
JSWSTEEL,STABLE,50.0,50.0,,50.0,NEUTRAL,,2026-08-18
JTEKTINDIA,STABLE,50.0,50.0,,50.0,NEUTRAL,,2026-08-18
JTLIND,STABLE,50.0,50.0,,50.0,NEUTRAL,,2026-08-18
JUBLCPL,STABLE,50.0,50.0,,50.0,NEUTRAL,,2026-08-18
JUBLFOOD,FII_DII_DIVERGENCE,40.0,50.0,,44.0,NEUTRAL,,2026-08-18
JUBLINGREA,DII_ACCUMULATION,55.0,70.0,,61.0,POSITIVE,DIVIDEND,2026-08-18
JUBLPHARMA,STABLE,50.0,50.0,,50.0,NEUTRAL,,2026-08-18
JUNIPER,STABLE,50.0,50.0,,50.0,NEUTRAL,,2026-08-18
JUSTDIAL,STABLE,50.0,50.0,,50.0,NEUTRAL,,2026-08-18
JWL,STABLE,50.0,50.0,,50.0,NEUTRAL,,2026-08-18
JYOTHYLAB,STABLE,50.0,70.0,,58.0,POSITIVE,DIVIDEND,2026-08-18
JYOTICNC,STABLE,50.0,50.0,,50.0,NEUTRAL,,2026-08-18
JYOTISTRUC,STABLE,50.0,50.0,,50.0,NEUTRAL,,2026-08-18
KABRAEXTRU,STABLE,50.0,50.0,,50.0,NEUTRAL,,2026-08-18
KAJARIACER,FII_DII_DIVERGENCE,40.0,80.0,,56.0,POSITIVE,BUYBACK,2026-08-18
KALAMANDIR,STABLE,50.0,50.0,,50.0,NEUTRAL,,2026-08-18
KALPATARU,STABLE,50.0,50.0,,50.0,NEUTRAL,,2026-08-18
KALYANIFRG,STABLE,50.0,50.0,,50.0,NEUTRAL,,2026-08-18
KALYANKJIL,STABLE,50.0,50.0,,50.0,NEUTRAL,,2026-08-18
KAMATHOTEL,STABLE,50.0,50.0,,50.0,NEUTRAL,,2026-08-18
KAMOPAINTS,STRONG_PROMOTER_BUY,70.0,50.0,,62.0,POSITIVE,,2026-08-18
KANANIIND,STABLE,50.0,50.0,,50.0,NEUTRAL,,2026-08-18
KANPRPLA,DII_ACCUMULATION,55.0,50.0,,53.0,NEUTRAL,,2026-08-18
KANSAINER,FII_DII_DIVERGENCE,40.0,70.0,,52.0,NEUTRAL,DIVIDEND,2026-08-18
KAPSTON,STABLE,50.0,65.0,,56.0,POSITIVE,BONUS,2026-08-18
KARMAENG,STABLE,50.0,50.0,,50.0,NEUTRAL,,2026-08-18
KARURVYSYA,FII_DII_DIVERGENCE,40.0,50.0,,44.0,NEUTRAL,,2026-08-18
KAUSHALYA,STABLE,50.0,50.0,,50.0,NEUTRAL,,2026-08-18
KAVDEFENCE,STRONG_PROMOTER_BUY,70.0,50.0,,62.0,POSITIVE,,2026-08-18
KAYA,STABLE,50.0,50.0,,50.0,NEUTRAL,,2026-08-18
KAYNES,STABLE,50.0,50.0,,50.0,NEUTRAL,,2026-08-18
KCP,STABLE,50.0,50.0,,50.0,NEUTRAL,,2026-08-18
KCPSUGIND,STABLE,50.0,50.0,,50.0,NEUTRAL,,2026-08-18
KDDL,STABLE,50.0,50.0,,50.0,NEUTRAL,,2026-08-18
KEC,FII_DII_DIVERGENCE,40.0,50.0,,44.0,NEUTRAL,,2026-08-18
KEEPLEARN,STABLE,50.0,50.0,,50.0,NEUTRAL,,2026-08-18
KEI,FII_DII_DIVERGENCE,40.0,70.0,,52.0,NEUTRAL,DIVIDEND,2026-08-18
KELLTONTEC,STABLE,50.0,50.0,,50.0,NEUTRAL,,2026-08-18
KENNAMET,STABLE,50.0,70.0,,58.0,POSITIVE,DIVIDEND,2026-08-18
KERNEX,STABLE,50.0,50.0,,50.0,NEUTRAL,,2026-08-18
KEYFINSERV,STABLE,50.0,50.0,,50.0,NEUTRAL,,2026-08-18
KFINTECH,STABLE,50.0,50.0,,50.0,NEUTRAL,,2026-08-18
KHANDSE,STABLE,50.0,50.0,,50.0,NEUTRAL,,2026-08-18
KICL,STABLE,50.0,50.0,,50.0,NEUTRAL,,2026-08-18
KILITCH,STABLE,50.0,65.0,,56.0,POSITIVE,BONUS,2026-08-18
KIMS,STABLE,50.0,50.0,,50.0,NEUTRAL,,2026-08-18
KINGFA,STABLE,50.0,50.0,,50.0,NEUTRAL,,2026-08-18
KIOCL,STABLE,50.0,50.0,,50.0,NEUTRAL,,2026-08-18
KIRIINDUS,FII_DII_DIVERGENCE,40.0,50.0,,44.0,NEUTRAL,,2026-08-18
KIRLOSBROS,STABLE,50.0,50.0,,50.0,NEUTRAL,,2026-08-18
KIRLOSENG,FII_DII_DIVERGENCE,40.0,70.0,,52.0,NEUTRAL,DIVIDEND,2026-08-18
KIRLOSIND,STABLE,50.0,50.0,,50.0,NEUTRAL,,2026-08-18
KIRLPNU,FII_DII_DIVERGENCE,40.0,70.0,,52.0,NEUTRAL,DIVIDEND,2026-08-18
KISSHT,STABLE,50.0,50.0,,50.0,NEUTRAL,,2026-08-18
KITEX,STABLE,50.0,50.0,,50.0,NEUTRAL,,2026-08-18
KKCL,STABLE,50.0,70.0,,58.0,POSITIVE,DIVIDEND|DIVIDEND,2026-08-18
KMEW,FII_DII_ACCUMULATION,75.0,50.0,,65.0,POSITIVE,,2026-08-18
KMSUGAR,STABLE,50.0,50.0,,50.0,NEUTRAL,,2026-08-18
KNAGRI,STABLE,50.0,50.0,,50.0,NEUTRAL,,2026-08-18
KNRCON,STABLE,50.0,50.0,,50.0,NEUTRAL,,2026-08-18
KOHINOOR,STABLE,50.0,50.0,,50.0,NEUTRAL,,2026-08-18
KOKUYOCMLN,STABLE,50.0,50.0,,50.0,NEUTRAL,,2026-08-18
KOLTEPATIL,FII_ACCUMULATION,60.0,50.0,,56.0,POSITIVE,,2026-08-18
KOTAKBANK,FII_DII_DIVERGENCE,40.0,55.0,,46.0,NEUTRAL,STOCK_SPLIT,2026-08-18
KOTARISUG,STABLE,50.0,50.0,,50.0,NEUTRAL,,2026-08-18
KOTHARIPET,STABLE,50.0,70.0,,58.0,POSITIVE,DIVIDEND,2026-08-18
KOTHARIPRO,STABLE,50.0,50.0,,50.0,NEUTRAL,,2026-08-18
KOTYARK,STABLE,50.0,65.0,,56.0,POSITIVE,BONUS,2026-08-18
KPEL,STABLE,50.0,70.0,,58.0,POSITIVE,DIVIDEND,2026-08-18
KPIGREEN,STABLE,50.0,70.0,,58.0,POSITIVE,DIVIDEND,2026-08-18
KPIL,FII_DII_DIVERGENCE,40.0,70.0,,52.0,NEUTRAL,DIVIDEND,2026-08-18
KPITTECH,STABLE,50.0,70.0,,58.0,POSITIVE,DIVIDEND,2026-08-18
KPRMILL,STABLE,50.0,70.0,,58.0,POSITIVE,DIVIDEND,2026-08-18
KRBL,STABLE,50.0,50.0,,50.0,NEUTRAL,,2026-08-18
KREBSBIO,STABLE,50.0,50.0,,50.0,NEUTRAL,,2026-08-18
KRISHANA,STABLE,50.0,70.0,,58.0,POSITIVE,DIVIDEND,2026-08-18
KRISHIVAL,DII_ACCUMULATION,55.0,50.0,,53.0,NEUTRAL,,2026-08-18
KRISHNADEF,DII_ACCUMULATION,55.0,50.0,,53.0,NEUTRAL,,2026-08-18
KRITIKA,STABLE,50.0,50.0,,50.0,NEUTRAL,,2026-08-18
KRONOX,STABLE,50.0,50.0,,50.0,NEUTRAL,,2026-08-18
KROSS,STABLE,50.0,50.0,,50.0,NEUTRAL,,2026-08-18
KRSNAA,STABLE,50.0,50.0,,50.0,NEUTRAL,,2026-08-18
KRYSTAL,STABLE,50.0,50.0,,50.0,NEUTRAL,,2026-08-18
KSB,STABLE,50.0,70.0,,58.0,POSITIVE,DIVIDEND,2026-08-18
KSCL,STABLE,50.0,50.0,,50.0,NEUTRAL,,2026-08-18
KSHINTL,FII_DII_ACCUMULATION,75.0,50.0,,65.0,POSITIVE,,2026-08-18
KSL,STABLE,50.0,50.0,,50.0,NEUTRAL,,2026-08-18
KSOLVES,STABLE,50.0,70.0,,58.0,POSITIVE,DIVIDEND,2026-08-18
KSR,STRONG_PROMOTER_BUY,70.0,50.0,,62.0,POSITIVE,,2026-08-18
KTKBANK,STABLE,50.0,50.0,,50.0,NEUTRAL,,2026-08-18
KUANTUM,STABLE,50.0,50.0,,50.0,NEUTRAL,,2026-08-18
KWIL,STABLE,50.0,50.0,,50.0,NEUTRAL,,2026-08-18
LAGNAM,STABLE,50.0,50.0,,50.0,NEUTRAL,,2026-08-18
LAL,STABLE,50.0,50.0,,50.0,NEUTRAL,,2026-08-18
LALPATHLAB,FII_DII_DIVERGENCE,40.0,70.0,,52.0,NEUTRAL,DIVIDEND|DIVIDEND,2026-08-18
LAMBODHARA,STABLE,50.0,50.0,,50.0,NEUTRAL,,2026-08-18
LANCORHOL,STABLE,50.0,50.0,,50.0,NEUTRAL,,2026-08-18
LANDMARK,FII_DII_DIVERGENCE,40.0,50.0,,44.0,NEUTRAL,,2026-08-18
LANDSMILL,STABLE,50.0,50.0,,50.0,NEUTRAL,,2026-08-18
LAOPALA,STABLE,50.0,50.0,,50.0,NEUTRAL,,2026-08-18
LASA,STABLE,50.0,50.0,,50.0,NEUTRAL,,2026-08-18
LATENTVIEW,STABLE,50.0,50.0,,50.0,NEUTRAL,,2026-08-18
LAURUSLABS,FII_DII_DIVERGENCE,40.0,70.0,,52.0,NEUTRAL,DIVIDEND,2026-08-18
LAXMICOT,STABLE,50.0,50.0,,50.0,NEUTRAL,,2026-08-18
LAXMIDENTL,STABLE,50.0,50.0,,50.0,NEUTRAL,,2026-08-18
LCCINFOTEC,STABLE,50.0,50.0,,50.0,NEUTRAL,,2026-08-18
LEMERITE,STABLE,50.0,55.0,,52.0,NEUTRAL,STOCK_SPLIT,2026-08-18
LEMONTREE,STABLE,50.0,50.0,,50.0,NEUTRAL,,2026-08-18
LENSKART,STABLE,50.0,50.0,,50.0,NEUTRAL,,2026-08-18
LEXUS,STABLE,50.0,50.0,,50.0,NEUTRAL,,2026-08-18
LFIC,STABLE,50.0,50.0,,50.0,NEUTRAL,,2026-08-18
LGBBROSLTD,STABLE,50.0,50.0,,50.0,NEUTRAL,,2026-08-18
LGEINDIA,DII_ACCUMULATION,55.0,50.0,,53.0,NEUTRAL,,2026-08-18
LGHL,STABLE,50.0,50.0,,50.0,NEUTRAL,,2026-08-18
LIBAS,STABLE,50.0,50.0,,50.0,NEUTRAL,,2026-08-18
LIBERTSHOE,STABLE,50.0,50.0,,50.0,NEUTRAL,,2026-08-18
LICHSGFIN,FII_DII_DIVERGENCE,40.0,50.0,,44.0,NEUTRAL,,2026-08-18
LICI,STABLE,50.0,67.5,,57.0,POSITIVE,DIVIDEND|BONUS,2026-08-18
LINC,STABLE,50.0,50.0,,50.0,NEUTRAL,,2026-08-18
LINCOLN,DII_ACCUMULATION,55.0,50.0,,53.0,NEUTRAL,,2026-08-18
LINDEINDIA,STABLE,50.0,50.0,,50.0,NEUTRAL,,2026-08-18
LLOYDSENGG,STABLE,50.0,50.0,,50.0,NEUTRAL,,2026-08-18
LLOYDSENT,STABLE,50.0,50.0,,50.0,NEUTRAL,,2026-08-18
LLOYDSME,STABLE,50.0,70.0,,58.0,POSITIVE,DIVIDEND,2026-08-18
LMW,STABLE,50.0,50.0,,50.0,NEUTRAL,,2026-08-18
LODHA,FII_DII_DIVERGENCE,40.0,50.0,,44.0,NEUTRAL,,2026-08-18
LORDSCHLO,STABLE,50.0,50.0,,50.0,NEUTRAL,,2026-08-18
LOTUSDEV,STABLE,50.0,50.0,,50.0,NEUTRAL,,2026-08-18
LOTUSEYE,STABLE,50.0,50.0,,50.0,NEUTRAL,,2026-08-18
LOVABLE,STABLE,50.0,50.0,,50.0,NEUTRAL,,2026-08-18
LPDC,STABLE,50.0,50.0,,50.0,NEUTRAL,,2026-08-18
LT,STABLE,50.0,70.0,,58.0,POSITIVE,DIVIDEND,2026-08-18
LTF,FII_ACCUMULATION,60.0,70.0,,64.0,POSITIVE,DIVIDEND,2026-08-18
LTFOODS,DII_ACCUMULATION,55.0,70.0,,61.0,POSITIVE,DIVIDEND,2026-08-18
LTM,STABLE,50.0,70.0,,58.0,POSITIVE,DIVIDEND,2026-08-18
LTTS,STABLE,50.0,70.0,,58.0,POSITIVE,DIVIDEND,2026-08-18
LUMAXIND,STABLE,50.0,50.0,,50.0,NEUTRAL,,2026-08-18
LUMAXTECH,STABLE,50.0,50.0,,50.0,NEUTRAL,,2026-08-18
LUPIN,STABLE,50.0,50.0,,50.0,NEUTRAL,,2026-08-18
LUXIND,STABLE,50.0,50.0,,50.0,NEUTRAL,,2026-08-18
LXCHEM,STABLE,50.0,50.0,,50.0,NEUTRAL,,2026-08-18
LYKALABS,STABLE,50.0,50.0,,50.0,NEUTRAL,,2026-08-18
LYPSAGEMS,STABLE,50.0,50.0,,50.0,NEUTRAL,,2026-08-18
M&M,FII_DII_DIVERGENCE,40.0,50.0,,44.0,NEUTRAL,,2026-08-18
M&MFIN,STABLE,50.0,50.0,,50.0,NEUTRAL,,2026-08-18
MAANALU,PROMOTER_SELLING,20.0,50.0,,32.0,WEAK,,2026-08-18
MACPOWER,STABLE,50.0,50.0,,50.0,NEUTRAL,,2026-08-18
MADHAV,STABLE,50.0,50.0,,50.0,NEUTRAL,,2026-08-18
MADRASFERT,STABLE,50.0,50.0,,50.0,NEUTRAL,,2026-08-18
MAGADSUGAR,STABLE,50.0,50.0,,50.0,NEUTRAL,,2026-08-18
MAGNUM,STABLE,50.0,50.0,,50.0,NEUTRAL,,2026-08-18
MAHABANK,FII_DII_ACCUMULATION,75.0,70.0,70.0,72.0,POSITIVE,DIVIDEND|DIVIDEND,2026-08-18
MAHAPEXLTD,STABLE,50.0,45.0,,48.0,NEUTRAL,FUNDRAISE,2026-08-18
MAHASTEEL,STABLE,50.0,50.0,,50.0,NEUTRAL,,2026-08-18
MAHEPC,STABLE,50.0,50.0,,50.0,NEUTRAL,,2026-08-18
MAHLIFE,STABLE,50.0,50.0,,50.0,NEUTRAL,,2026-08-18
MAHLOG,DII_ACCUMULATION,55.0,50.0,,53.0,NEUTRAL,,2026-08-18
MAHSCOOTER,STABLE,50.0,70.0,,58.0,POSITIVE,DIVIDEND,2026-08-18
MAHSEAMLES,STABLE,50.0,50.0,,50.0,NEUTRAL,,2026-08-18
MAITHANALL,STABLE,50.0,70.0,,58.0,POSITIVE,DIVIDEND,2026-08-18
MALLCOM,STABLE,50.0,50.0,,50.0,NEUTRAL,,2026-08-18
MALUPAPER,STABLE,50.0,50.0,,50.0,NEUTRAL,,2026-08-18
MAMATA,DII_ACCUMULATION,55.0,50.0,,53.0,NEUTRAL,,2026-08-18
MANAKALUCO,STABLE,50.0,50.0,,50.0,NEUTRAL,,2026-08-18
MANAKCOAT,STABLE,50.0,50.0,,50.0,NEUTRAL,,2026-08-18
MANAKSIA,STABLE,50.0,50.0,,50.0,NEUTRAL,,2026-08-18
MANALIPETC,STABLE,50.0,50.0,,50.0,NEUTRAL,,2026-08-18
MANAPPURAM,FII_DII_DIVERGENCE,40.0,70.0,,52.0,NEUTRAL,DIVIDEND|DIVIDEND,2026-08-18
MANBA,STABLE,50.0,70.0,,58.0,POSITIVE,DIVIDEND,2026-08-18
MANCREDIT,STABLE,50.0,50.0,,50.0,NEUTRAL,,2026-08-18
MANGALAM,STABLE,50.0,50.0,,50.0,NEUTRAL,,2026-08-18
MANGLMCEM,STABLE,50.0,50.0,,50.0,NEUTRAL,,2026-08-18
MANINDS,STABLE,50.0,50.0,,50.0,NEUTRAL,,2026-08-18
MANINFRA,STABLE,50.0,70.0,,58.0,POSITIVE,DIVIDEND,2026-08-18
MANKIND,FII_DII_DIVERGENCE,40.0,50.0,,44.0,NEUTRAL,,2026-08-18
MANOMAY,STABLE,50.0,50.0,,50.0,NEUTRAL,,2026-08-18
MANORAMA,STABLE,50.0,50.0,,50.0,NEUTRAL,,2026-08-18
MANYAVAR,FII_DII_DIVERGENCE,40.0,50.0,,44.0,NEUTRAL,,2026-08-18
MAPMYINDIA,STABLE,50.0,50.0,,50.0,NEUTRAL,,2026-08-18
MARATHON,STABLE,50.0,50.0,,50.0,NEUTRAL,,2026-08-18
MARICO,STABLE,50.0,50.0,,50.0,NEUTRAL,,2026-08-18
MARINE,STABLE,50.0,50.0,,50.0,NEUTRAL,,2026-08-18
MARKOLINES,STABLE,50.0,50.0,,50.0,NEUTRAL,,2026-08-18
MARKSANS,DII_ACCUMULATION,55.0,50.0,,53.0,NEUTRAL,,2026-08-18
MARSONS,STABLE,50.0,50.0,,50.0,NEUTRAL,,2026-08-18
MARUTI,FII_DII_DIVERGENCE,40.0,50.0,,44.0,NEUTRAL,,2026-08-18
MASFIN,STABLE,50.0,70.0,,58.0,POSITIVE,DIVIDEND,2026-08-18
MASTEK,FII_DII_DIVERGENCE,40.0,70.0,,52.0,NEUTRAL,DIVIDEND,2026-08-18
MASTERTR,STABLE,50.0,50.0,,50.0,NEUTRAL,,2026-08-18
MATRIMONY,STRONG_PROMOTER_BUY,70.0,80.0,100.0,83.0,HIGH_CONVICTION,BUYBACK,2026-08-18
MAWANASUG,STABLE,50.0,70.0,,58.0,POSITIVE,DIVIDEND,2026-08-18
MAXESTATES,STABLE,50.0,50.0,,50.0,NEUTRAL,,2026-08-18
MAXHEALTH,FII_DII_DIVERGENCE,40.0,50.0,,44.0,NEUTRAL,,2026-08-18
MAXIND,STABLE,50.0,50.0,,50.0,NEUTRAL,,2026-08-18
MAYURUNIQ,STABLE,50.0,50.0,,50.0,NEUTRAL,,2026-08-18
MAZDA,STABLE,50.0,50.0,,50.0,NEUTRAL,,2026-08-18
MAZDOCK,STABLE,50.0,70.0,,58.0,POSITIVE,DIVIDEND,2026-08-18
MBAPL,STABLE,50.0,70.0,,58.0,POSITIVE,DIVIDEND,2026-08-18
MBEL,STABLE,50.0,50.0,,50.0,NEUTRAL,,2026-08-18
MCL,STABLE,50.0,50.0,,50.0,NEUTRAL,,2026-08-18
MCLOUD,PROMOTER_SELLING,20.0,50.0,,32.0,WEAK,,2026-08-18
MCX,STABLE,50.0,55.0,,52.0,NEUTRAL,STOCK_SPLIT,2026-08-18
MEDANTA,DII_ACCUMULATION,55.0,50.0,,53.0,NEUTRAL,,2026-08-18
MEDIASSIST,FII_DII_DIVERGENCE,40.0,50.0,,44.0,NEUTRAL,,2026-08-18
MEDICAMEQ,STABLE,50.0,50.0,,50.0,NEUTRAL,,2026-08-18
MEDICO,STABLE,50.0,50.0,,50.0,NEUTRAL,,2026-08-18
MEDPLUS,FII_DII_DIVERGENCE,40.0,50.0,,44.0,NEUTRAL,,2026-08-18
MEESHO,DII_ACCUMULATION,55.0,50.0,,53.0,NEUTRAL,,2026-08-18
MEGASTAR,FII_ACCUMULATION,60.0,50.0,,56.0,POSITIVE,,2026-08-18
METROBRAND,STABLE,50.0,70.0,,58.0,POSITIVE,DIVIDEND,2026-08-18
METROPOLIS,FII_DII_DIVERGENCE,40.0,67.5,,51.0,NEUTRAL,DIVIDEND|BONUS,2026-08-18
MFML,STABLE,50.0,50.0,,50.0,NEUTRAL,,2026-08-18
MFSL,FII_DII_DIVERGENCE,40.0,50.0,,44.0,NEUTRAL,,2026-08-18
MGL,STABLE,50.0,70.0,,58.0,POSITIVE,DIVIDEND,2026-08-18
MHLXMIRU,STABLE,50.0,50.0,,50.0,NEUTRAL,,2026-08-18
MHRIL,DII_ACCUMULATION,55.0,50.0,,53.0,NEUTRAL,,2026-08-18
MICEL,STABLE,50.0,50.0,,50.0,NEUTRAL,,2026-08-18
MIDHANI,STABLE,50.0,70.0,,58.0,POSITIVE,DIVIDEND,2026-08-18
MIDWESTLTD,FII_DII_ACCUMULATION,75.0,50.0,,65.0,POSITIVE,,2026-08-18
MINDACORP,STABLE,50.0,70.0,,58.0,POSITIVE,DIVIDEND,2026-08-18
MINDTECK,STABLE,50.0,50.0,,50.0,NEUTRAL,,2026-08-18
MIRZAINT,STABLE,50.0,50.0,,50.0,NEUTRAL,,2026-08-18
MITTAL,STABLE,50.0,50.0,,50.0,NEUTRAL,,2026-08-18
MKPL,STABLE,50.0,50.0,,50.0,NEUTRAL,,2026-08-18
MMFL,STABLE,50.0,70.0,,58.0,POSITIVE,DIVIDEND,2026-08-18
MMP,STABLE,50.0,50.0,,50.0,NEUTRAL,,2026-08-18
MMTC,STABLE,50.0,50.0,,50.0,NEUTRAL,,2026-08-18
MOBIKWIK,FII_DII_DIVERGENCE,40.0,50.0,,44.0,NEUTRAL,,2026-08-18
MODIRUBBER,STABLE,50.0,50.0,,50.0,NEUTRAL,,2026-08-18
MODIS,STABLE,50.0,50.0,,50.0,NEUTRAL,,2026-08-18
MODTHREAD,STABLE,50.0,50.0,,50.0,NEUTRAL,,2026-08-18
MOHITIND,STABLE,50.0,50.0,,50.0,NEUTRAL,,2026-08-18
MOIL,FII_DII_DIVERGENCE,40.0,70.0,,52.0,NEUTRAL,DIVIDEND,2026-08-18
MOKSH,STABLE,50.0,50.0,,50.0,NEUTRAL,,2026-08-18
MOL,STABLE,50.0,50.0,,50.0,NEUTRAL,,2026-08-18
MOLDTECH,STABLE,50.0,50.0,,50.0,NEUTRAL,,2026-08-18
MOLDTKPAC,FII_DII_DIVERGENCE,40.0,70.0,,52.0,NEUTRAL,DIVIDEND,2026-08-18
MONARCH,STABLE,50.0,50.0,,50.0,NEUTRAL,,2026-08-18
MONEYBOXX,STABLE,50.0,50.0,,50.0,NEUTRAL,,2026-08-18
MONTECARLO,STABLE,50.0,50.0,,50.0,NEUTRAL,,2026-08-18
MOREPENLAB,STABLE,50.0,50.0,,50.0,NEUTRAL,,2026-08-18
MOSCHIP,PROMOTER_SELLING,20.0,50.0,,32.0,WEAK,,2026-08-18
MOTHERSON,FII_ACCUMULATION,60.0,70.0,,64.0,POSITIVE,DIVIDEND,2026-08-18
MOTILALOFS,STABLE,50.0,70.0,,58.0,POSITIVE,DIVIDEND,2026-08-18
MOTISONS,FII_ACCUMULATION,60.0,50.0,,56.0,POSITIVE,,2026-08-18
MPHASIS,STABLE,50.0,50.0,,50.0,NEUTRAL,,2026-08-18
MPSLTD,DII_ACCUMULATION,55.0,50.0,,53.0,NEUTRAL,,2026-08-18
MRF,STABLE,50.0,70.0,,58.0,POSITIVE,DIVIDEND,2026-08-18
MRPL,FII_DII_DIVERGENCE,40.0,70.0,,52.0,NEUTRAL,DIVIDEND,2026-08-18
MSPL,STRONG_PROMOTER_BUY,70.0,50.0,,62.0,POSITIVE,,2026-08-18
MSTCLTD,STABLE,50.0,70.0,,58.0,POSITIVE,DIVIDEND,2026-08-18
MSUMI,STABLE,50.0,50.0,,50.0,NEUTRAL,,2026-08-18
MTNL,STABLE,50.0,50.0,,50.0,NEUTRAL,,2026-08-18
MUFIN,DII_ACCUMULATION,55.0,50.0,,53.0,NEUTRAL,,2026-08-18
MUFTI,DII_ACCUMULATION,55.0,50.0,,53.0,NEUTRAL,,2026-08-18
MUKANDLTD,STABLE,50.0,50.0,,50.0,NEUTRAL,,2026-08-18
MUKKA,STABLE,50.0,50.0,,50.0,NEUTRAL,,2026-08-18
MUNJALAU,STABLE,50.0,50.0,,50.0,NEUTRAL,,2026-08-18
MUNJALSHOW,STABLE,50.0,50.0,,50.0,NEUTRAL,,2026-08-18
MURUDCERA,STABLE,50.0,50.0,,50.0,NEUTRAL,,2026-08-18
MUTHOOTCAP,STABLE,50.0,50.0,,50.0,NEUTRAL,,2026-08-18
MUTHOOTFIN,FII_DII_DIVERGENCE,40.0,70.0,,52.0,NEUTRAL,DIVIDEND,2026-08-18
MUTHOOTMF,STABLE,50.0,50.0,,50.0,NEUTRAL,,2026-08-18
MVGJL,STABLE,50.0,50.0,,50.0,NEUTRAL,,2026-08-18
MWL,STABLE,50.0,50.0,,50.0,NEUTRAL,,2026-08-18
NACLIND,STABLE,50.0,50.0,,50.0,NEUTRAL,,2026-08-18
NAGREEKEXP,STABLE,50.0,50.0,,50.0,NEUTRAL,,2026-08-18
NAHARCAP,STABLE,50.0,50.0,,50.0,NEUTRAL,,2026-08-18
NAHARINDUS,STABLE,50.0,50.0,,50.0,NEUTRAL,,2026-08-18
NAHARPOLY,STABLE,50.0,50.0,,50.0,NEUTRAL,,2026-08-18
NAM-INDIA,FII_DII_DIVERGENCE,40.0,70.0,,52.0,NEUTRAL,DIVIDEND,2026-08-18
NARMADA,FII_ACCUMULATION,60.0,50.0,,56.0,POSITIVE,,2026-08-18
NATCAPSUQ,STABLE,50.0,50.0,,50.0,NEUTRAL,,2026-08-18
NATCOPHARM,FII_ACCUMULATION,60.0,70.0,,64.0,POSITIVE,DIVIDEND,2026-08-18
NATHBIOGEN,STABLE,50.0,50.0,,50.0,NEUTRAL,,2026-08-18
NATIONALUM,FII_DII_DIVERGENCE,40.0,70.0,,52.0,NEUTRAL,DIVIDEND|DIVIDEND,2026-08-18
NAUKRI,FII_DII_DIVERGENCE,40.0,70.0,,52.0,NEUTRAL,DIVIDEND,2026-08-18
NAVA,STABLE,50.0,50.0,,50.0,NEUTRAL,,2026-08-18
NAVINFLUOR,STABLE,50.0,70.0,,58.0,POSITIVE,DIVIDEND,2026-08-18
NAVKARCORP,STABLE,50.0,50.0,,50.0,NEUTRAL,,2026-08-18
NAVNETEDUL,STABLE,50.0,70.0,,58.0,POSITIVE,DIVIDEND,2026-08-18
NAZARA,FII_DII_DIVERGENCE,40.0,50.0,,44.0,NEUTRAL,,2026-08-18
NBCC,STABLE,50.0,70.0,,58.0,POSITIVE,DIVIDEND,2026-08-18
NBIFIN,STABLE,50.0,50.0,,50.0,NEUTRAL,,2026-08-18
NCC,FII_DII_ACCUMULATION,75.0,50.0,,65.0,POSITIVE,,2026-08-18
NCLIND,STABLE,50.0,70.0,,58.0,POSITIVE,DIVIDEND,2026-08-18
NDGL,STABLE,50.0,50.0,,50.0,NEUTRAL,,2026-08-18
NDL,STABLE,50.0,50.0,,50.0,NEUTRAL,,2026-08-18
NDLVENTURE,STABLE,50.0,50.0,,50.0,NEUTRAL,,2026-08-18
NDRAUTO,STABLE,50.0,50.0,,50.0,NEUTRAL,,2026-08-18
NDTV,STABLE,50.0,50.0,,50.0,NEUTRAL,,2026-08-18
NECCLTD,STABLE,50.0,50.0,,50.0,NEUTRAL,,2026-08-18
NELCAST,STABLE,50.0,50.0,,50.0,NEUTRAL,,2026-08-18
NELCO,STABLE,50.0,70.0,,58.0,POSITIVE,DIVIDEND,2026-08-18
NEOGEN,DII_ACCUMULATION,55.0,50.0,,53.0,NEUTRAL,,2026-08-18
NEPHROPLUS,FII_ACCUMULATION,60.0,50.0,,56.0,POSITIVE,,2026-08-18
NESCO,STABLE,50.0,50.0,,50.0,NEUTRAL,,2026-08-18
NESTLEIND,STABLE,50.0,70.0,,58.0,POSITIVE,DIVIDEND,2026-08-18
NETWEB,DII_ACCUMULATION,55.0,50.0,,53.0,NEUTRAL,,2026-08-18
NETWORK18,STABLE,50.0,50.0,,50.0,NEUTRAL,,2026-08-18
NEULANDLAB,DII_ACCUMULATION,55.0,50.0,,53.0,NEUTRAL,,2026-08-18
NEWGEN,STABLE,50.0,50.0,,50.0,NEUTRAL,,2026-08-18
NEXTMEDIA,STABLE,50.0,50.0,,50.0,NEUTRAL,,2026-08-18
NFL,STABLE,50.0,50.0,,50.0,NEUTRAL,,2026-08-18
NGLFINE,STABLE,50.0,50.0,,50.0,NEUTRAL,,2026-08-18
NH,FII_DII_DIVERGENCE,40.0,50.0,,44.0,NEUTRAL,,2026-08-18
NHPC,STABLE,50.0,70.0,,58.0,POSITIVE,DIVIDEND,2026-08-18
NIACL,STABLE,50.0,50.0,,50.0,NEUTRAL,,2026-08-18
NIBE,FII_ACCUMULATION,60.0,50.0,,56.0,POSITIVE,,2026-08-18
NIBL,STABLE,50.0,50.0,,50.0,NEUTRAL,,2026-08-18
NIITLTD,STABLE,50.0,50.0,,50.0,NEUTRAL,,2026-08-18
NIITMTS,STABLE,50.0,50.0,,50.0,NEUTRAL,,2026-08-18
NILAINFRA,STABLE,50.0,50.0,,50.0,NEUTRAL,,2026-08-18
NILASPACES,STABLE,50.0,50.0,,50.0,NEUTRAL,,2026-08-18
NILKAMAL,STABLE,50.0,50.0,,50.0,NEUTRAL,,2026-08-18
NIPPOBATRY,STABLE,50.0,50.0,,50.0,NEUTRAL,,2026-08-18
NIRAJISPAT,STABLE,50.0,50.0,,50.0,NEUTRAL,,2026-08-18
NITCO,STRONG_PROMOTER_BUY,70.0,50.0,,62.0,POSITIVE,,2026-08-18
NITINSPIN,STABLE,50.0,50.0,,50.0,NEUTRAL,,2026-08-18
NITIRAJ,STABLE,50.0,50.0,,50.0,NEUTRAL,,2026-08-18
NIVABUPA,STABLE,50.0,50.0,,50.0,NEUTRAL,,2026-08-18
NKIND,STABLE,50.0,50.0,,50.0,NEUTRAL,,2026-08-18
NLCINDIA,STABLE,50.0,70.0,,58.0,POSITIVE,DIVIDEND,2026-08-18
NMDC,STABLE,50.0,70.0,,58.0,POSITIVE,DIVIDEND,2026-08-18
NOCIL,DII_ACCUMULATION,55.0,50.0,,53.0,NEUTRAL,,2026-08-18
NORBTEAEXP,PROMOTER_SELLING,20.0,50.0,,32.0,WEAK,,2026-08-18
NORTHARC,STABLE,50.0,50.0,,50.0,NEUTRAL,,2026-08-18
NPST,STABLE,50.0,50.0,,50.0,NEUTRAL,,2026-08-18
NRAIL,STABLE,50.0,50.0,,50.0,NEUTRAL,,2026-08-18
NRBBEARING,FII_ACCUMULATION,60.0,70.0,,64.0,POSITIVE,DIVIDEND|DIVIDEND,2026-08-18
NSIL,FII_ACCUMULATION,60.0,50.0,,56.0,POSITIVE,,2026-08-18
NSLNISP,STABLE,50.0,50.0,,50.0,NEUTRAL,,2026-08-18
NTPC,STABLE,50.0,70.0,,58.0,POSITIVE,DIVIDEND,2026-08-18
NTPCGREEN,STABLE,50.0,50.0,,50.0,NEUTRAL,,2026-08-18
NUCLEUS,STABLE,50.0,50.0,,50.0,NEUTRAL,,2026-08-18
NURECA,STRONG_PROMOTER_BUY,70.0,50.0,,62.0,POSITIVE,,2026-08-18
NUVAMA,FII_ACCUMULATION,60.0,70.0,,64.0,POSITIVE,DIVIDEND,2026-08-18
NUVOCO,STABLE,50.0,50.0,,50.0,NEUTRAL,,2026-08-18
NYKAA,STABLE,50.0,50.0,,50.0,NEUTRAL,,2026-08-18
OAL,STABLE,50.0,50.0,,50.0,NEUTRAL,,2026-08-18
OBCL,STRONG_PROMOTER_BUY,70.0,50.0,,62.0,POSITIVE,,2026-08-18
OBEROIRLTY,FII_DII_DIVERGENCE,40.0,70.0,,52.0,NEUTRAL,DIVIDEND|DIVIDEND,2026-08-18
OFSS,STABLE,50.0,70.0,,58.0,POSITIVE,DIVIDEND,2026-08-18
OIL,STABLE,50.0,70.0,,58.0,POSITIVE,DIVIDEND,2026-08-18
OLAELEC,STABLE,50.0,50.0,,50.0,NEUTRAL,,2026-08-18
OLECTRA,STABLE,50.0,50.0,,50.0,NEUTRAL,,2026-08-18
OMAXAUTO,STABLE,50.0,70.0,,58.0,POSITIVE,DIVIDEND,2026-08-18
OMAXE,FII_ACCUMULATION,60.0,50.0,,56.0,POSITIVE,,2026-08-18
OMINFRAL,STABLE,50.0,50.0,,50.0,NEUTRAL,,2026-08-18
OMNI,STABLE,50.0,50.0,,50.0,NEUTRAL,,2026-08-18
ONELIFECAP,STABLE,50.0,45.0,,48.0,NEUTRAL,FUNDRAISE,2026-08-18
ONEPOINT,FII_DII_DIVERGENCE,40.0,50.0,,44.0,NEUTRAL,,2026-08-18
ONESOURCE,FII_DII_DIVERGENCE,40.0,50.0,,44.0,NEUTRAL,,2026-08-18
ONGC,FII_ACCUMULATION,60.0,70.0,,64.0,POSITIVE,DIVIDEND,2026-08-18
ONMOBILE,STABLE,50.0,50.0,,50.0,NEUTRAL,,2026-08-18
ONWARDTEC,DII_ACCUMULATION,55.0,80.0,,65.0,POSITIVE,BUYBACK,2026-08-18
OPTIEMUS,STABLE,50.0,50.0,,50.0,NEUTRAL,,2026-08-18
ORCHASP,STABLE,50.0,50.0,,50.0,NEUTRAL,,2026-08-18
ORCHPHARMA,DII_ACCUMULATION,55.0,50.0,,53.0,NEUTRAL,,2026-08-18
ORICONENT,STABLE,50.0,50.0,,50.0,NEUTRAL,,2026-08-18
ORIENTALTL,STABLE,50.0,50.0,,50.0,NEUTRAL,,2026-08-18
ORIENTBELL,STABLE,50.0,50.0,,50.0,NEUTRAL,,2026-08-18
ORIENTCEM,FII_ACCUMULATION,60.0,70.0,,64.0,POSITIVE,DIVIDEND,2026-08-18
ORIENTCER,STABLE,50.0,50.0,,50.0,NEUTRAL,,2026-08-18
ORIENTELEC,DII_ACCUMULATION,55.0,70.0,,61.0,POSITIVE,DIVIDEND,2026-08-18
ORIENTHOT,STABLE,50.0,50.0,,50.0,NEUTRAL,,2026-08-18
ORIENTLTD,STABLE,50.0,50.0,,50.0,NEUTRAL,,2026-08-18
ORIENTPPR,STABLE,50.0,50.0,,50.0,NEUTRAL,,2026-08-18
ORIENTTECH,PROMOTER_SELLING,20.0,65.0,,38.0,NEUTRAL,BONUS,2026-08-18
ORISSAMINE,STABLE,50.0,50.0,,50.0,NEUTRAL,,2026-08-18
ORKLAINDIA,FII_DII_DIVERGENCE,40.0,50.0,,44.0,NEUTRAL,,2026-08-18
OSWALGREEN,STABLE,50.0,50.0,,50.0,NEUTRAL,,2026-08-18
OSWALPUMPS,STABLE,50.0,50.0,,50.0,NEUTRAL,,2026-08-18
OSWALSEEDS,STABLE,50.0,50.0,,50.0,NEUTRAL,,2026-08-18
PACEDIGITK,FII_DII_DIVERGENCE,40.0,50.0,,44.0,NEUTRAL,,2026-08-18
PAGEIND,FII_DII_DIVERGENCE,40.0,70.0,,52.0,NEUTRAL,DIVIDEND|DIVIDEND,2026-08-18
PAISALO,STABLE,50.0,50.0,,50.0,NEUTRAL,,2026-08-18
PAKKA,STABLE,50.0,50.0,,50.0,NEUTRAL,,2026-08-18
PALASHSECU,STABLE,50.0,50.0,,50.0,NEUTRAL,,2026-08-18
PANACEABIO,STABLE,50.0,50.0,,50.0,NEUTRAL,,2026-08-18
PANACHE,STABLE,50.0,50.0,,50.0,NEUTRAL,,2026-08-18
PANAMAPET,STABLE,50.0,50.0,,50.0,NEUTRAL,,2026-08-18
PANSARI,STABLE,50.0,50.0,,50.0,NEUTRAL,,2026-08-18
PAR,STABLE,50.0,50.0,,50.0,NEUTRAL,,2026-08-18
PARACABLES,STABLE,50.0,50.0,,50.0,NEUTRAL,,2026-08-18
PARADEEP,FII_DII_DIVERGENCE,40.0,50.0,,44.0,NEUTRAL,,2026-08-18
PARAGMILK,STABLE,50.0,50.0,,50.0,NEUTRAL,,2026-08-18
PARAS,STABLE,50.0,50.0,,50.0,NEUTRAL,,2026-08-18
PARASPETRO,STABLE,50.0,50.0,,50.0,NEUTRAL,,2026-08-18
PARKHOSPS,FII_DII_DIVERGENCE,40.0,50.0,,44.0,NEUTRAL,,2026-08-18
PARKHOTELS,FII_DII_DIVERGENCE,40.0,50.0,,44.0,NEUTRAL,,2026-08-18
PASHUPATI,STABLE,50.0,55.0,,52.0,NEUTRAL,STOCK_SPLIT,2026-08-18
PATANJALI,STABLE,50.0,70.0,,58.0,POSITIVE,DIVIDEND,2026-08-18
PATELENG,STABLE,50.0,50.0,,50.0,NEUTRAL,,2026-08-18
PATELRMART,FII_DII_DIVERGENCE,40.0,50.0,,44.0,NEUTRAL,,2026-08-18
PATINTLOG,STABLE,50.0,80.0,,62.0,POSITIVE,BUYBACK,2026-08-18
PAUSHAKLTD,STABLE,50.0,50.0,,50.0,NEUTRAL,,2026-08-18
PAYTM,FII_DII_DIVERGENCE,40.0,50.0,,44.0,NEUTRAL,,2026-08-18
PCBL,DII_ACCUMULATION,55.0,50.0,,53.0,NEUTRAL,,2026-08-18
PCJEWELLER,STRONG_PROMOTER_BUY,70.0,50.0,,62.0,POSITIVE,,2026-08-18
PDMJEPAPER,STABLE,50.0,50.0,,50.0,NEUTRAL,,2026-08-18
PDSL,STABLE,50.0,50.0,,50.0,NEUTRAL,,2026-08-18
PENIND,FII_DII_DIVERGENCE,40.0,50.0,,44.0,NEUTRAL,,2026-08-18
PERSISTENT,FII_DII_DIVERGENCE,40.0,70.0,,52.0,NEUTRAL,DIVIDEND,2026-08-18
PETRONET,FII_DII_DIVERGENCE,40.0,70.0,,52.0,NEUTRAL,DIVIDEND,2026-08-18
PFC,FII_ACCUMULATION,60.0,70.0,,64.0,POSITIVE,DIVIDEND|DIVIDEND,2026-08-18
PFIZER,STABLE,50.0,50.0,,50.0,NEUTRAL,,2026-08-18
PFS,STABLE,50.0,50.0,,50.0,NEUTRAL,,2026-08-18
PGEL,FII_DII_DIVERGENCE,40.0,50.0,,44.0,NEUTRAL,,2026-08-18
PGHH,STABLE,50.0,70.0,,58.0,POSITIVE,DIVIDEND,2026-08-18
PGHL,STABLE,50.0,70.0,,58.0,POSITIVE,DIVIDEND,2026-08-18
PGIL,DII_ACCUMULATION,55.0,70.0,,61.0,POSITIVE,DIVIDEND,2026-08-18
PHOENIXLTD,FII_DII_DIVERGENCE,40.0,50.0,,44.0,NEUTRAL,,2026-08-18
PICCADIL,STABLE,50.0,50.0,,50.0,NEUTRAL,,2026-08-18
PIDILITIND,STABLE,50.0,50.0,,50.0,NEUTRAL,,2026-08-18
PIGL,STABLE,50.0,50.0,,50.0,NEUTRAL,,2026-08-18
PIIND,STABLE,50.0,70.0,,58.0,POSITIVE,DIVIDEND,2026-08-18
PILANIINVS,STABLE,50.0,50.0,,50.0,NEUTRAL,,2026-08-18
PINELABS,DII_ACCUMULATION,55.0,50.0,,53.0,NEUTRAL,,2026-08-18
PIONEEREMB,STABLE,50.0,50.0,,50.0,NEUTRAL,,2026-08-18
PIRAMALFIN,DII_ACCUMULATION,55.0,70.0,,61.0,POSITIVE,DIVIDEND,2026-08-18
PITTIENG,STABLE,50.0,50.0,,50.0,NEUTRAL,,2026-08-18
PIXTRANS,FII_DII_DIVERGENCE,40.0,50.0,,44.0,NEUTRAL,,2026-08-18
PKTEA,STABLE,50.0,50.0,,50.0,NEUTRAL,,2026-08-18
PLASTIBLEN,STABLE,50.0,50.0,,50.0,NEUTRAL,,2026-08-18
PLATIND,DII_ACCUMULATION,55.0,50.0,,53.0,NEUTRAL,,2026-08-18
PNB,STABLE,50.0,70.0,,58.0,POSITIVE,DIVIDEND,2026-08-18
PNBGILTS,STABLE,50.0,50.0,,50.0,NEUTRAL,,2026-08-18
PNBHOUSING,FII_DII_DIVERGENCE,40.0,50.0,,44.0,NEUTRAL,,2026-08-18
PNC,STRONG_PROMOTER_BUY,70.0,50.0,,62.0,POSITIVE,,2026-08-18
PNCINFRA,STABLE,50.0,50.0,,50.0,NEUTRAL,,2026-08-18
PNGJL,STABLE,50.0,50.0,,50.0,NEUTRAL,,2026-08-18
PNGSREVA,STABLE,50.0,50.0,,50.0,NEUTRAL,,2026-08-18
POCL,STABLE,50.0,50.0,,50.0,NEUTRAL,,2026-08-18
PODDARMENT,STABLE,50.0,50.0,,50.0,NEUTRAL,,2026-08-18
POKARNA,DII_ACCUMULATION,55.0,50.0,,53.0,NEUTRAL,,2026-08-18
POLICYBZR,FII_DII_DIVERGENCE,40.0,50.0,,44.0,NEUTRAL,,2026-08-18
POLYCAB,FII_DII_DIVERGENCE,40.0,70.0,,52.0,NEUTRAL,DIVIDEND,2026-08-18
POLYMED,FII_DII_DIVERGENCE,40.0,50.0,,44.0,NEUTRAL,,2026-08-18
POLYPLEX,FII_ACCUMULATION,60.0,50.0,,56.0,POSITIVE,,2026-08-18
PONNIERODE,STABLE,50.0,70.0,,58.0,POSITIVE,DIVIDEND,2026-08-18
POONAWALLA,STABLE,50.0,50.0,,50.0,NEUTRAL,,2026-08-18
POWERGRID,STABLE,50.0,70.0,,58.0,POSITIVE,DIVIDEND,2026-08-18
POWERICA,STABLE,50.0,50.0,,50.0,NEUTRAL,,2026-08-18
POWERINDIA,FII_ACCUMULATION,60.0,50.0,,56.0,POSITIVE,,2026-08-18
POWERMECH,STABLE,50.0,50.0,,50.0,NEUTRAL,,2026-08-18
PPAP,STABLE,50.0,50.0,,50.0,NEUTRAL,,2026-08-18
PPL,STABLE,50.0,50.0,,50.0,NEUTRAL,,2026-08-18
PPLPHARMA,FII_ACCUMULATION,60.0,50.0,,56.0,POSITIVE,,2026-08-18
PRABHA,STABLE,50.0,45.0,,48.0,NEUTRAL,FUNDRAISE,2026-08-18
PRAENG,STABLE,50.0,50.0,,50.0,NEUTRAL,,2026-08-18
PRAJIND,STABLE,50.0,50.0,,50.0,NEUTRAL,,2026-08-18
PRAKASH,STABLE,50.0,50.0,,50.0,NEUTRAL,,2026-08-18
PRAKASHSTL,STABLE,50.0,50.0,,50.0,NEUTRAL,,2026-08-18
PRECAM,STABLE,50.0,50.0,,50.0,NEUTRAL,,2026-08-18
PRECOT,STABLE,50.0,50.0,,50.0,NEUTRAL,,2026-08-18
PRECWIRE,STABLE,50.0,70.0,,58.0,POSITIVE,DIVIDEND,2026-08-18
PREMEXPLN,STABLE,50.0,50.0,,50.0,NEUTRAL,,2026-08-18
PREMIERENE,FII_DII_ACCUMULATION,75.0,70.0,80.0,75.5,HIGH_CONVICTION,DIVIDEND,2026-08-18
PRESTIGE,FII_DII_DIVERGENCE,40.0,50.0,,44.0,NEUTRAL,,2026-08-18
PRICOLLTD,STABLE,50.0,50.0,,50.0,NEUTRAL,,2026-08-18
PRIMESECU,STABLE,50.0,50.0,,50.0,NEUTRAL,,2026-08-18
PRIMO,STABLE,50.0,50.0,,50.0,NEUTRAL,,2026-08-18
PRINCEPIPE,STABLE,50.0,50.0,,50.0,NEUTRAL,,2026-08-18
PRIVISCL,STABLE,50.0,50.0,,50.0,NEUTRAL,,2026-08-18
PROSTARM,STABLE,50.0,50.0,,50.0,NEUTRAL,,2026-08-18
PROTEAN,FII_ACCUMULATION,60.0,50.0,,56.0,POSITIVE,,2026-08-18
PROZONER,STABLE,50.0,50.0,,50.0,NEUTRAL,,2026-08-18
PRSMJOHNSN,STABLE,50.0,50.0,,50.0,NEUTRAL,,2026-08-18
PRUDENT,FII_DII_DIVERGENCE,40.0,50.0,,44.0,NEUTRAL,,2026-08-18
PSB,STABLE,50.0,50.0,,50.0,NEUTRAL,,2026-08-18
PSPPROJECT,STABLE,50.0,50.0,,50.0,NEUTRAL,,2026-08-18
PTC,DII_ACCUMULATION,55.0,70.0,,61.0,POSITIVE,DIVIDEND,2026-08-18
PTCIL,DII_ACCUMULATION,55.0,50.0,,53.0,NEUTRAL,,2026-08-18
PTL,STABLE,50.0,70.0,,58.0,POSITIVE,DIVIDEND,2026-08-18
PUNJABCHEM,STABLE,50.0,50.0,,50.0,NEUTRAL,,2026-08-18
PURVA,STABLE,50.0,50.0,,50.0,NEUTRAL,,2026-08-18
PVP,STABLE,50.0,50.0,,50.0,NEUTRAL,,2026-08-18
PVRINOX,FII_DII_DIVERGENCE,40.0,50.0,,44.0,NEUTRAL,,2026-08-18
PVSL,STABLE,50.0,50.0,,50.0,NEUTRAL,,2026-08-18
PWL,STABLE,50.0,50.0,,50.0,NEUTRAL,,2026-08-18
PYRAMID,STABLE,50.0,50.0,,50.0,NEUTRAL,,2026-08-18
QMSMEDI,STABLE,50.0,50.0,,50.0,NEUTRAL,,2026-08-18
QUADFUTURE,STABLE,50.0,50.0,,50.0,NEUTRAL,,2026-08-18
QUESS,STABLE,50.0,70.0,,58.0,POSITIVE,DIVIDEND|DIVIDEND,2026-08-18
RACLGEAR,FII_ACCUMULATION,60.0,70.0,,64.0,POSITIVE,DIVIDEND,2026-08-18
RADAAN,STABLE,50.0,50.0,,50.0,NEUTRAL,,2026-08-18
RADHIKAJWE,STABLE,50.0,50.0,,50.0,NEUTRAL,,2026-08-18
RADIANTCMS,STABLE,50.0,50.0,,50.0,NEUTRAL,,2026-08-18
RADICO,FII_DII_DIVERGENCE,40.0,50.0,,44.0,NEUTRAL,,2026-08-18
RADIOCITY,STABLE,50.0,50.0,,50.0,NEUTRAL,,2026-08-18
RAILTEL,STABLE,50.0,70.0,,58.0,POSITIVE,DIVIDEND,2026-08-18
RAIN,STABLE,50.0,50.0,,50.0,NEUTRAL,,2026-08-18
RAINBOW,FII_DII_DIVERGENCE,40.0,50.0,,44.0,NEUTRAL,,2026-08-18
RAJMET,STABLE,50.0,50.0,,50.0,NEUTRAL,,2026-08-18
RAJRATAN,STABLE,50.0,50.0,,50.0,NEUTRAL,,2026-08-18
RAJSREESUG,STABLE,50.0,50.0,,50.0,NEUTRAL,,2026-08-18
RAJTV,STABLE,50.0,50.0,,50.0,NEUTRAL,,2026-08-18
RALLIS,STABLE,50.0,70.0,,58.0,POSITIVE,DIVIDEND,2026-08-18
RAMANEWS,STABLE,50.0,50.0,,50.0,NEUTRAL,,2026-08-18
RAMAPHO,STABLE,50.0,50.0,,50.0,NEUTRAL,,2026-08-18
RAMCOCEM,DII_ACCUMULATION,55.0,50.0,,53.0,NEUTRAL,,2026-08-18
RAMCOIND,STABLE,50.0,50.0,,50.0,NEUTRAL,,2026-08-18
RAMCOSYS,STRONG_PROMOTER_BUY,70.0,50.0,,62.0,POSITIVE,,2026-08-18
RAMKY,FII_ACCUMULATION,60.0,50.0,,56.0,POSITIVE,,2026-08-18
RAMRAT,STABLE,50.0,50.0,,50.0,NEUTRAL,,2026-08-18
RANASUG,STABLE,50.0,50.0,,50.0,NEUTRAL,,2026-08-18
RANEHOLDIN,STABLE,50.0,50.0,,50.0,NEUTRAL,,2026-08-18
RATEGAIN,STABLE,50.0,50.0,,50.0,NEUTRAL,,2026-08-18
RATNAMANI,FII_DII_DIVERGENCE,40.0,50.0,,44.0,NEUTRAL,,2026-08-18
RATNAVEER,STABLE,50.0,50.0,,50.0,NEUTRAL,,2026-08-18
RAYMOND,STABLE,50.0,50.0,,50.0,NEUTRAL,,2026-08-18
RAYMONDLSL,STRONG_PROMOTER_BUY,70.0,70.0,,70.0,POSITIVE,DIVIDEND,2026-08-18
RAYMONDREL,STRONG_PROMOTER_BUY,70.0,50.0,,62.0,POSITIVE,,2026-08-18
RBA,FII_DII_DIVERGENCE,40.0,50.0,,44.0,NEUTRAL,,2026-08-18
RBLBANK,FII_DII_DIVERGENCE,40.0,50.0,,44.0,NEUTRAL,,2026-08-18
RBZJEWEL,STABLE,50.0,50.0,,50.0,NEUTRAL,,2026-08-18
RCF,STABLE,50.0,70.0,,58.0,POSITIVE,DIVIDEND,2026-08-18
RECLTD,STABLE,50.0,70.0,,58.0,POSITIVE,DIVIDEND|DIVIDEND,2026-08-18
REDINGTON,STABLE,50.0,50.0,,50.0,NEUTRAL,,2026-08-18
REDTAPE,STABLE,50.0,50.0,,50.0,NEUTRAL,,2026-08-18
REFEX,STABLE,50.0,50.0,,50.0,NEUTRAL,,2026-08-18
REGENCERAM,STABLE,50.0,50.0,,50.0,NEUTRAL,,2026-08-18
RELAXO,STABLE,50.0,50.0,,50.0,NEUTRAL,,2026-08-18
RELCHEMQ,STABLE,50.0,50.0,,50.0,NEUTRAL,,2026-08-18
RELIABLE,STABLE,50.0,50.0,,50.0,NEUTRAL,,2026-08-18
RELIANCE,STABLE,50.0,70.0,,58.0,POSITIVE,DIVIDEND,2026-08-18
RELIGARE,STRONG_PROMOTER_BUY,70.0,50.0,,62.0,POSITIVE,,2026-08-18
RELTD,DII_ACCUMULATION,55.0,45.0,,51.0,NEUTRAL,FUNDRAISE,2026-08-18
REMSONSIND,STABLE,50.0,70.0,,58.0,POSITIVE,DIVIDEND,2026-08-18
RENUKA,STABLE,50.0,50.0,,50.0,NEUTRAL,,2026-08-18
REPCOHOME,FII_DII_ACCUMULATION,75.0,70.0,80.0,75.5,HIGH_CONVICTION,DIVIDEND,2026-08-18
REPRO,STABLE,50.0,50.0,,50.0,NEUTRAL,,2026-08-18
RESPONIND,FII_ACCUMULATION,60.0,50.0,,56.0,POSITIVE,,2026-08-18
RETAIL,STRONG_PROMOTER_BUY,70.0,50.0,,62.0,POSITIVE,,2026-08-18
RGL,STABLE,50.0,50.0,,50.0,NEUTRAL,,2026-08-18
RHETAN,STABLE,50.0,50.0,,50.0,NEUTRAL,,2026-08-18
RHIM,DII_ACCUMULATION,55.0,50.0,,53.0,NEUTRAL,,2026-08-18
RHL,STABLE,50.0,50.0,,50.0,NEUTRAL,,2026-08-18
RICOAUTO,STABLE,50.0,50.0,,50.0,NEUTRAL,,2026-08-18
RIIL,STABLE,50.0,70.0,,58.0,POSITIVE,DIVIDEND,2026-08-18
RISHABH,STABLE,50.0,50.0,,50.0,NEUTRAL,,2026-08-18
RITCO,STABLE,50.0,50.0,,50.0,NEUTRAL,,2026-08-18
RITES,STABLE,50.0,70.0,,58.0,POSITIVE,DIVIDEND,2026-08-18
RKDL,STABLE,50.0,50.0,,50.0,NEUTRAL,,2026-08-18
RKEC,STABLE,50.0,50.0,,50.0,NEUTRAL,,2026-08-18
RKFORGE,FII_ACCUMULATION,60.0,70.0,,64.0,POSITIVE,DIVIDEND,2026-08-18
RKSWAMY,STABLE,50.0,50.0,,50.0,NEUTRAL,,2026-08-18
RMC,STABLE,50.0,50.0,,50.0,NEUTRAL,,2026-08-18
RMDRIP,FII_ACCUMULATION,60.0,65.0,,62.0,POSITIVE,BONUS,2026-08-18
RML,STABLE,50.0,50.0,,50.0,NEUTRAL,,2026-08-18
RNBDENIMS,FII_ACCUMULATION,60.0,60.0,,60.0,POSITIVE,STOCK_SPLIT|BONUS,2026-08-18
ROHLTD,STABLE,50.0,50.0,,50.0,NEUTRAL,,2026-08-18
ROLEXRINGS,PROMOTER_SELLING,20.0,50.0,,32.0,WEAK,,2026-08-18
ROML,STABLE,50.0,50.0,,50.0,NEUTRAL,,2026-08-18
ROSSARI,STABLE,50.0,50.0,,50.0,NEUTRAL,,2026-08-18
ROSSELLIND,STABLE,50.0,50.0,,50.0,NEUTRAL,,2026-08-18
ROSSTECH,DII_ACCUMULATION,55.0,50.0,,53.0,NEUTRAL,,2026-08-18
ROTO,STABLE,50.0,50.0,,50.0,NEUTRAL,,2026-08-18
ROUTE,STABLE,50.0,70.0,,58.0,POSITIVE,DIVIDEND,2026-08-18
RPEL,STABLE,50.0,70.0,,58.0,POSITIVE,DIVIDEND,2026-08-18
RPGLIFE,STABLE,50.0,50.0,,50.0,NEUTRAL,,2026-08-18
RPOWER,FII_ACCUMULATION,60.0,50.0,,56.0,POSITIVE,,2026-08-18
RPPINFRA,STABLE,50.0,50.0,,50.0,NEUTRAL,,2026-08-18
RPPL,STABLE,50.0,50.0,,50.0,NEUTRAL,,2026-08-18
RPSGVENT,STABLE,50.0,50.0,,50.0,NEUTRAL,,2026-08-18
RPTECH,STABLE,50.0,50.0,,50.0,NEUTRAL,,2026-08-18
RRKABEL,FII_DII_DIVERGENCE,40.0,70.0,,52.0,NEUTRAL,DIVIDEND,2026-08-18
RSL,STABLE,50.0,50.0,,50.0,NEUTRAL,,2026-08-18
RSYSTEMS,STABLE,50.0,70.0,,58.0,POSITIVE,DIVIDEND,2026-08-18
RTNINDIA,STABLE,50.0,50.0,,50.0,NEUTRAL,,2026-08-18
RTNPOWER,STABLE,50.0,50.0,,50.0,NEUTRAL,,2026-08-18
RUBFILA,STABLE,50.0,50.0,,50.0,NEUTRAL,,2026-08-18
RUBICON,STABLE,50.0,50.0,,50.0,NEUTRAL,,2026-08-18
RUCHINFRA,STABLE,50.0,50.0,,50.0,NEUTRAL,,2026-08-18
RUCHIRA,STABLE,50.0,50.0,,50.0,NEUTRAL,,2026-08-18
RUPA,STABLE,50.0,50.0,,50.0,NEUTRAL,,2026-08-18
RUSHIL,STABLE,50.0,50.0,,50.0,NEUTRAL,,2026-08-18
RUSTOMJEE,FII_DII_DIVERGENCE,40.0,50.0,,44.0,NEUTRAL,,2026-08-18
RVHL,STABLE,50.0,50.0,,50.0,NEUTRAL,,2026-08-18
RVNL,STABLE,50.0,70.0,,58.0,POSITIVE,DIVIDEND,2026-08-18
RVTH,STABLE,50.0,50.0,,50.0,NEUTRAL,,2026-08-18
S&SPOWER,STABLE,50.0,50.0,,50.0,NEUTRAL,,2026-08-18
SAATVIKGL,DII_ACCUMULATION,55.0,50.0,,53.0,NEUTRAL,,2026-08-18
SADBHAV,STABLE,50.0,50.0,,50.0,NEUTRAL,,2026-08-18
SADHNANIQ,STABLE,50.0,45.0,,48.0,NEUTRAL,FUNDRAISE,2026-08-18
SAFARI,FII_DII_DIVERGENCE,40.0,50.0,,44.0,NEUTRAL,,2026-08-18
SAGARDEEP,STABLE,50.0,50.0,,50.0,NEUTRAL,,2026-08-18
SAGCEM,STABLE,50.0,50.0,,50.0,NEUTRAL,,2026-08-18
SAGILITY,DII_ACCUMULATION,55.0,50.0,,53.0,NEUTRAL,,2026-08-18
SAHLIBHFI,STABLE,50.0,50.0,,50.0,NEUTRAL,,2026-08-18
SAHYADRI,STABLE,50.0,50.0,,50.0,NEUTRAL,,2026-08-18
SAIL,DII_ACCUMULATION,55.0,50.0,,53.0,NEUTRAL,,2026-08-18
SAILIFE,STABLE,50.0,50.0,,50.0,NEUTRAL,,2026-08-18
SAIPARENT,STABLE,50.0,50.0,,50.0,NEUTRAL,,2026-08-18
SAKAR,STABLE,50.0,50.0,,50.0,NEUTRAL,,2026-08-18
SAKHTISUG,STABLE,50.0,50.0,,50.0,NEUTRAL,,2026-08-18
SAKSOFT,STABLE,50.0,50.0,,50.0,NEUTRAL,,2026-08-18
SALASAR,STABLE,50.0,50.0,,50.0,NEUTRAL,,2026-08-18
SALONA,STABLE,50.0,50.0,,50.0,NEUTRAL,,2026-08-18
SALZERELEC,FII_ACCUMULATION,60.0,50.0,,56.0,POSITIVE,,2026-08-18
SAMBHAAV,STABLE,50.0,50.0,,50.0,NEUTRAL,,2026-08-18
SAMBHV,STABLE,50.0,50.0,,50.0,NEUTRAL,,2026-08-18
SAMHI,STABLE,50.0,50.0,,50.0,NEUTRAL,,2026-08-18
SAMMAANCAP,FII_DII_DIVERGENCE,40.0,50.0,,44.0,NEUTRAL,,2026-08-18
SAMPANN,STABLE,50.0,50.0,,50.0,NEUTRAL,,2026-08-18
SANATHAN,STABLE,50.0,50.0,,50.0,NEUTRAL,,2026-08-18
SANDESH,STABLE,50.0,50.0,,50.0,NEUTRAL,,2026-08-18
SANDHAR,DII_ACCUMULATION,55.0,50.0,,53.0,NEUTRAL,,2026-08-18
SANDUMA,STABLE,50.0,50.0,,50.0,NEUTRAL,,2026-08-18
SANGAMIND,STABLE,50.0,70.0,,58.0,POSITIVE,DIVIDEND,2026-08-18
SANGHVIMOV,STABLE,50.0,50.0,,50.0,NEUTRAL,,2026-08-18
SANOFI,STABLE,50.0,70.0,,58.0,POSITIVE,DIVIDEND,2026-08-18
SANOFICONR,STABLE,50.0,70.0,,58.0,POSITIVE,DIVIDEND,2026-08-18
SANSERA,STABLE,50.0,50.0,,50.0,NEUTRAL,,2026-08-18
SANSTAR,STABLE,50.0,50.0,,50.0,NEUTRAL,,2026-08-18
SAPPHIRE,STABLE,50.0,50.0,,50.0,NEUTRAL,,2026-08-18
SARDAEN,STABLE,50.0,50.0,,50.0,NEUTRAL,,2026-08-18
SAREGAMA,FII_DII_DIVERGENCE,40.0,50.0,,44.0,NEUTRAL,,2026-08-18
SARLAPOLY,STABLE,50.0,80.0,,62.0,POSITIVE,BUYBACK,2026-08-18
SASKEN,STABLE,50.0,50.0,,50.0,NEUTRAL,,2026-08-18
SATIA,STABLE,50.0,50.0,,50.0,NEUTRAL,,2026-08-18
SATIN,STABLE,50.0,50.0,,50.0,NEUTRAL,,2026-08-18
SAURASHCEM,STABLE,50.0,50.0,,50.0,NEUTRAL,,2026-08-18
SBC,STABLE,50.0,50.0,,50.0,NEUTRAL,,2026-08-18
SBCL,STABLE,50.0,70.0,,58.0,POSITIVE,DIVIDEND,2026-08-18
SBFC,FII_DII_DIVERGENCE,40.0,50.0,,44.0,NEUTRAL,,2026-08-18
SBGLP,STABLE,50.0,50.0,,50.0,NEUTRAL,,2026-08-18
SBICARD,STABLE,50.0,70.0,,58.0,POSITIVE,DIVIDEND,2026-08-18
SBILIFE,STABLE,50.0,70.0,,58.0,POSITIVE,DIVIDEND,2026-08-18
SBIN,FII_DII_DIVERGENCE,40.0,70.0,,52.0,NEUTRAL,DIVIDEND,2026-08-18
SCHAEFFLER,STABLE,50.0,70.0,,58.0,POSITIVE,DIVIDEND,2026-08-18
SCHAND,STABLE,50.0,70.0,,58.0,POSITIVE,DIVIDEND,2026-08-18
SCHNEIDER,DII_ACCUMULATION,55.0,50.0,,53.0,NEUTRAL,,2026-08-18
SCI,FII_ACCUMULATION,60.0,70.0,,64.0,POSITIVE,DIVIDEND,2026-08-18
SCILAL,STABLE,50.0,50.0,,50.0,NEUTRAL,,2026-08-18
SCODATUBES,STABLE,50.0,50.0,,50.0,NEUTRAL,,2026-08-18
SCPL,STABLE,50.0,50.0,,50.0,NEUTRAL,,2026-08-18
SDBL,STABLE,50.0,50.0,,50.0,NEUTRAL,,2026-08-18
SEAMECLTD,STABLE,50.0,50.0,,50.0,NEUTRAL,,2026-08-18
SECMARK,STABLE,50.0,50.0,,50.0,NEUTRAL,,2026-08-18
SECURKLOUD,STABLE,50.0,50.0,,50.0,NEUTRAL,,2026-08-18
SEDEMAC,STABLE,50.0,50.0,,50.0,NEUTRAL,,2026-08-18
SELMC,STABLE,50.0,50.0,,50.0,NEUTRAL,,2026-08-18
SENCO,FII_DII_DIVERGENCE,40.0,70.0,,52.0,NEUTRAL,DIVIDEND,2026-08-18
SENORES,STABLE,50.0,50.0,,50.0,NEUTRAL,,2026-08-18
SEPC,PROMOTER_SELLING,20.0,50.0,,32.0,WEAK,,2026-08-18
SERVOTECH,STABLE,50.0,50.0,,50.0,NEUTRAL,,2026-08-18
SESHAPAPER,STABLE,50.0,70.0,,58.0,POSITIVE,DIVIDEND,2026-08-18
SETCO,STABLE,50.0,70.0,,58.0,POSITIVE,DIVIDEND,2026-08-18
SETL,STABLE,50.0,50.0,,50.0,NEUTRAL,,2026-08-18
SFL,STABLE,50.0,50.0,,50.0,NEUTRAL,,2026-08-18
SGFIN,STRONG_PROMOTER_BUY,70.0,50.0,,62.0,POSITIVE,,2026-08-18
SGIL,STABLE,50.0,50.0,,50.0,NEUTRAL,,2026-08-18
SGL,STABLE,50.0,50.0,,50.0,NEUTRAL,,2026-08-18
SGMART,FII_ACCUMULATION,60.0,50.0,,56.0,POSITIVE,,2026-08-18
SHADOWFAX,STABLE,50.0,50.0,,50.0,NEUTRAL,,2026-08-18
SHAH,STABLE,50.0,45.0,,48.0,NEUTRAL,FUNDRAISE,2026-08-18
SHAHALLOYS,STABLE,50.0,50.0,,50.0,NEUTRAL,,2026-08-18
SHAILY,FII_DII_DIVERGENCE,40.0,50.0,,44.0,NEUTRAL,,2026-08-18
SHAKTIPUMP,STABLE,50.0,50.0,,50.0,NEUTRAL,,2026-08-18
SHALBY,STABLE,50.0,50.0,,50.0,NEUTRAL,,2026-08-18
SHALPAINTS,STABLE,50.0,50.0,,50.0,NEUTRAL,,2026-08-18
SHANTI,STABLE,50.0,50.0,,50.0,NEUTRAL,,2026-08-18
SHANTIGEAR,STABLE,50.0,70.0,,58.0,POSITIVE,DIVIDEND,2026-08-18
SHANTIGOLD,STABLE,50.0,50.0,,50.0,NEUTRAL,,2026-08-18
SHARDACROP,STABLE,50.0,70.0,,58.0,POSITIVE,DIVIDEND,2026-08-18
SHARDAMOTR,STABLE,50.0,50.0,,50.0,NEUTRAL,,2026-08-18
SHAREINDIA,STABLE,50.0,70.0,,58.0,POSITIVE,DIVIDEND,2026-08-18
SHILCTECH,STABLE,50.0,50.0,,50.0,NEUTRAL,,2026-08-18
SHILPAMED,STABLE,50.0,50.0,,50.0,NEUTRAL,,2026-08-18
SHIVATEX,STABLE,50.0,50.0,,50.0,NEUTRAL,,2026-08-18
SHIVAUM,STABLE,50.0,50.0,,50.0,NEUTRAL,,2026-08-18
SHK,FII_DII_DIVERGENCE,40.0,70.0,,52.0,NEUTRAL,DIVIDEND,2026-08-18
SHOPERSTOP,STABLE,50.0,50.0,,50.0,NEUTRAL,,2026-08-18
SHRADHA,STABLE,50.0,50.0,,50.0,NEUTRAL,,2026-08-18
SHREDIGCEM,STRONG_PROMOTER_BUY,70.0,50.0,,62.0,POSITIVE,,2026-08-18
SHREECEM,FII_DII_DIVERGENCE,40.0,50.0,,44.0,NEUTRAL,,2026-08-18
SHREEJISPG,STABLE,50.0,70.0,,58.0,POSITIVE,DIVIDEND,2026-08-18
SHREEPUSHK,STABLE,50.0,50.0,,50.0,NEUTRAL,,2026-08-18
SHREERAMA,STABLE,50.0,50.0,,50.0,NEUTRAL,,2026-08-18
SHREYANIND,STABLE,50.0,50.0,,50.0,NEUTRAL,,2026-08-18
SHRINGARMS,FII_ACCUMULATION,60.0,50.0,,56.0,POSITIVE,,2026-08-18
SHRIPISTON,FII_ACCUMULATION,60.0,70.0,,64.0,POSITIVE,DIVIDEND,2026-08-18
SHRIRAMFIN,FII_DII_DIVERGENCE,40.0,50.0,,44.0,NEUTRAL,,2026-08-18
SHRIRAMPPS,FII_ACCUMULATION,60.0,50.0,,56.0,POSITIVE,,2026-08-18
SHYAMCENT,STABLE,50.0,50.0,,50.0,NEUTRAL,,2026-08-18
SHYAMMETL,STABLE,50.0,50.0,,50.0,NEUTRAL,,2026-08-18
SICALLOG,FII_ACCUMULATION,60.0,45.0,,54.0,NEUTRAL,FUNDRAISE,2026-08-18
SIEMENS,STABLE,50.0,50.0,,50.0,NEUTRAL,,2026-08-18
SIGIND,STABLE,50.0,50.0,,50.0,NEUTRAL,,2026-08-18
SIGMA,STABLE,50.0,50.0,,50.0,NEUTRAL,,2026-08-18
SIGNATURE,STABLE,50.0,50.0,,50.0,NEUTRAL,,2026-08-18
SIGNPOST,PROMOTER_SELLING,20.0,50.0,,32.0,WEAK,,2026-08-18
SIKKO,STABLE,50.0,50.0,,50.0,NEUTRAL,,2026-08-18
SIL,STABLE,50.0,70.0,,58.0,POSITIVE,DIVIDEND,2026-08-18
SILGO,STABLE,50.0,45.0,,48.0,NEUTRAL,FUNDRAISE,2026-08-18
SILINV,STABLE,50.0,50.0,,50.0,NEUTRAL,,2026-08-18
SILLYMONKS,STABLE,50.0,50.0,,50.0,NEUTRAL,,2026-08-18
SILVERTUC,FII_ACCUMULATION,60.0,60.0,,60.0,POSITIVE,BONUS|STOCK_SPLIT,2026-08-18
SIMPLEXINF,STABLE,50.0,50.0,,50.0,NEUTRAL,,2026-08-18
SINCLAIR,STABLE,50.0,50.0,,50.0,NEUTRAL,,2026-08-18
SINDHUTRAD,STABLE,50.0,50.0,,50.0,NEUTRAL,,2026-08-18
SINTERCOM,STABLE,50.0,50.0,,50.0,NEUTRAL,,2026-08-18
SIRCA,STABLE,50.0,50.0,,50.0,NEUTRAL,,2026-08-18
SIS,FII_DII_DIVERGENCE,40.0,70.0,,52.0,NEUTRAL,DIVIDEND,2026-08-18
SIYSIL,STABLE,50.0,70.0,,58.0,POSITIVE,DIVIDEND|DIVIDEND,2026-08-18
SJS,FII_DII_DIVERGENCE,40.0,70.0,,52.0,NEUTRAL,DIVIDEND,2026-08-18
SJVN,STABLE,50.0,70.0,,58.0,POSITIVE,DIVIDEND,2026-08-18
SKFINDIA,STABLE,50.0,50.0,,50.0,NEUTRAL,,2026-08-18
SKFINDUS,FII_DII_DIVERGENCE,40.0,50.0,,44.0,NEUTRAL,,2026-08-18
SKIPPER,DII_ACCUMULATION,55.0,50.0,,53.0,NEUTRAL,,2026-08-18
SKMEGGPROD,STABLE,50.0,55.0,,52.0,NEUTRAL,STOCK_SPLIT,2026-08-18
SKYGOLD,DII_ACCUMULATION,55.0,50.0,,53.0,NEUTRAL,,2026-08-18
SMARTWORKS,STABLE,50.0,50.0,,50.0,NEUTRAL,,2026-08-18
SMCGLOBAL,STABLE,50.0,70.0,,58.0,POSITIVE,DIVIDEND|DIVIDEND,2026-08-18
SMLMAH,DII_ACCUMULATION,55.0,50.0,,53.0,NEUTRAL,,2026-08-18
SMLT,STABLE,50.0,50.0,,50.0,NEUTRAL,,2026-08-18
SMSPHARMA,STABLE,50.0,50.0,,50.0,NEUTRAL,,2026-08-18
SNOWMAN,STABLE,50.0,70.0,,58.0,POSITIVE,DIVIDEND,2026-08-18
SOBHA,STABLE,50.0,50.0,,50.0,NEUTRAL,,2026-08-18
SOLARA,STABLE,50.0,50.0,,50.0,NEUTRAL,,2026-08-18
SOLARINDS,STABLE,50.0,50.0,,50.0,NEUTRAL,,2026-08-18
SOLARWORLD,STABLE,50.0,50.0,,50.0,NEUTRAL,,2026-08-18
SOLEX,STABLE,50.0,50.0,,50.0,NEUTRAL,,2026-08-18
SOMANYCERA,STABLE,50.0,70.0,,58.0,POSITIVE,DIVIDEND,2026-08-18
SOMATEX,STABLE,50.0,50.0,,50.0,NEUTRAL,,2026-08-18
SOMICONVEY,STABLE,50.0,50.0,,50.0,NEUTRAL,,2026-08-18
SONACOMS,DII_ACCUMULATION,55.0,70.0,,61.0,POSITIVE,DIVIDEND|DIVIDEND,2026-08-18
SONAMLTD,STABLE,50.0,50.0,,50.0,NEUTRAL,,2026-08-18
SONATSOFTW,STABLE,50.0,70.0,,58.0,POSITIVE,DIVIDEND,2026-08-18
SOTL,STABLE,50.0,50.0,,50.0,NEUTRAL,,2026-08-18
SOUTHBANK,FII_DII_DIVERGENCE,40.0,50.0,,44.0,NEUTRAL,,2026-08-18
SOUTHWEST,STABLE,50.0,50.0,,50.0,NEUTRAL,,2026-08-18
SPAL,STABLE,50.0,50.0,,50.0,NEUTRAL,,2026-08-18
SPANDANA,STABLE,50.0,50.0,,50.0,NEUTRAL,,2026-08-18
SPARC,STABLE,50.0,50.0,,50.0,NEUTRAL,,2026-08-18
SPCENET,STABLE,50.0,70.0,,58.0,POSITIVE,DIVIDEND,2026-08-18
SPECIALITY,STABLE,50.0,50.0,,50.0,NEUTRAL,,2026-08-18
SPECTRUM,STABLE,50.0,50.0,,50.0,NEUTRAL,,2026-08-18
SPENCERS,STABLE,50.0,50.0,,50.0,NEUTRAL,,2026-08-18
SPIC,STABLE,50.0,50.0,,50.0,NEUTRAL,,2026-08-18
SPLIL,STABLE,50.0,50.0,,50.0,NEUTRAL,,2026-08-18
SPLPETRO,STABLE,50.0,50.0,,50.0,NEUTRAL,,2026-08-18
SPMLINFRA,STRONG_PROMOTER_BUY,70.0,50.0,,62.0,POSITIVE,,2026-08-18
SPORTKING,STABLE,50.0,50.0,,50.0,NEUTRAL,,2026-08-18
SRD,STABLE,50.0,50.0,,50.0,NEUTRAL,,2026-08-18
SREEL,STABLE,50.0,70.0,,58.0,POSITIVE,DIVIDEND,2026-08-18
SRF,FII_DII_DIVERGENCE,40.0,70.0,,52.0,NEUTRAL,DIVIDEND,2026-08-18
SRGHFL,PROMOTER_SELLING,20.0,50.0,,32.0,WEAK,,2026-08-18
SRHHYPOLTD,STRONG_PROMOTER_BUY,70.0,50.0,,62.0,POSITIVE,,2026-08-18
SRM,STABLE,50.0,50.0,,50.0,NEUTRAL,,2026-08-18
SRTL,STABLE,50.0,50.0,,50.0,NEUTRAL,,2026-08-18
SSDL,STABLE,50.0,50.0,,50.0,NEUTRAL,,2026-08-18
SSWL,STABLE,50.0,50.0,,50.0,NEUTRAL,,2026-08-18
STALLION,FII_DII_ACCUMULATION,75.0,45.0,,63.0,POSITIVE,FUNDRAISE,2026-08-18
STANLEY,STABLE,50.0,50.0,,50.0,NEUTRAL,,2026-08-18
STAR,FII_DII_DIVERGENCE,40.0,50.0,,44.0,NEUTRAL,,2026-08-18
STARCEMENT,STABLE,50.0,70.0,,58.0,POSITIVE,DIVIDEND,2026-08-18
STARHEALTH,FII_DII_DIVERGENCE,40.0,50.0,,44.0,NEUTRAL,,2026-08-18
STARPAPER,STABLE,50.0,50.0,,50.0,NEUTRAL,,2026-08-18
STARTECK,STABLE,50.0,50.0,,50.0,NEUTRAL,,2026-08-18
STCINDIA,STABLE,50.0,50.0,,50.0,NEUTRAL,,2026-08-18
STEELCAS,STABLE,50.0,70.0,,58.0,POSITIVE,DIVIDEND,2026-08-18
STEELCITY,STABLE,50.0,70.0,,58.0,POSITIVE,DIVIDEND|DIVIDEND,2026-08-18
STEELXIND,STABLE,50.0,50.0,,50.0,NEUTRAL,,2026-08-18
STEL,STABLE,50.0,50.0,,50.0,NEUTRAL,,2026-08-18
STOVEKRAFT,STABLE,50.0,50.0,,50.0,NEUTRAL,,2026-08-18
STUDDS,FII_DII_DIVERGENCE,40.0,50.0,,44.0,NEUTRAL,,2026-08-18
STYL,STABLE,50.0,50.0,,50.0,NEUTRAL,,2026-08-18
STYLAMIND,STRONG_PROMOTER_FII_BUY,90.0,50.0,,74.0,POSITIVE,,2026-08-18
STYRENIX,DII_ACCUMULATION,55.0,70.0,,61.0,POSITIVE,DIVIDEND,2026-08-18
SUBROS,STABLE,50.0,50.0,,50.0,NEUTRAL,,2026-08-18
SUDARCOLOR,STABLE,50.0,50.0,,50.0,NEUTRAL,,2026-08-18
SUDARSCHEM,STABLE,50.0,50.0,,50.0,NEUTRAL,,2026-08-18
SUDEEPPHRM,DII_ACCUMULATION,55.0,50.0,,53.0,NEUTRAL,,2026-08-18
SUKHJITS,STABLE,50.0,50.0,,50.0,NEUTRAL,,2026-08-18
SULA,STABLE,50.0,70.0,,58.0,POSITIVE,DIVIDEND,2026-08-18
SUMEETINDS,STABLE,50.0,45.0,,48.0,NEUTRAL,FUNDRAISE,2026-08-18
SUMICHEM,STABLE,50.0,50.0,,50.0,NEUTRAL,,2026-08-18
SUMMITSEC,STABLE,50.0,50.0,,50.0,NEUTRAL,,2026-08-18
SUNCLAY,STABLE,50.0,70.0,,58.0,POSITIVE,DIVIDEND,2026-08-18
SUNDARAM,STABLE,50.0,50.0,,50.0,NEUTRAL,,2026-08-18
SUNDARMFIN,STABLE,50.0,70.0,,58.0,POSITIVE,DIVIDEND,2026-08-18
SUNDRMFAST,FII_DII_DIVERGENCE,40.0,70.0,,52.0,NEUTRAL,DIVIDEND,2026-08-18
SUNDROP,STABLE,50.0,50.0,,50.0,NEUTRAL,,2026-08-18
SUNFLAG,STABLE,50.0,50.0,,50.0,NEUTRAL,,2026-08-18
SUNPHARMA,STABLE,50.0,70.0,,58.0,POSITIVE,DIVIDEND,2026-08-18
SUNTECK,FII_ACCUMULATION,60.0,50.0,,56.0,POSITIVE,,2026-08-18
SUNTV,STABLE,50.0,70.0,,58.0,POSITIVE,DIVIDEND|DIVIDEND,2026-08-18
SUPERHOUSE,STABLE,50.0,50.0,,50.0,NEUTRAL,,2026-08-18
SUPRAJIT,STABLE,50.0,70.0,,58.0,POSITIVE,DIVIDEND,2026-08-18
SUPREME,STABLE,50.0,50.0,,50.0,NEUTRAL,,2026-08-18
SUPREMEIND,FII_DII_DIVERGENCE,40.0,70.0,,52.0,NEUTRAL,DIVIDEND,2026-08-18
SUPREMEINF,STABLE,50.0,50.0,,50.0,NEUTRAL,,2026-08-18
SUPRIYA,DII_ACCUMULATION,55.0,50.0,,53.0,NEUTRAL,,2026-08-18
SURAJEST,STABLE,50.0,50.0,,50.0,NEUTRAL,,2026-08-18
SURAJLTD,STABLE,50.0,70.0,,58.0,POSITIVE,DIVIDEND,2026-08-18
SURAKSHA,DII_ACCUMULATION,55.0,50.0,,53.0,NEUTRAL,,2026-08-18
SURANASOL,STABLE,50.0,50.0,,50.0,NEUTRAL,,2026-08-18
SURANAT&P,STABLE,50.0,50.0,,50.0,NEUTRAL,,2026-08-18
SURYALAXMI,STABLE,50.0,50.0,,50.0,NEUTRAL,,2026-08-18
SURYAROSNI,STABLE,50.0,50.0,,50.0,NEUTRAL,,2026-08-18
SURYODAY,STABLE,50.0,50.0,,50.0,NEUTRAL,,2026-08-18
SUTLEJTEX,STABLE,50.0,50.0,,50.0,NEUTRAL,,2026-08-18
SUVEN,STRONG_PROMOTER_BUY,70.0,50.0,,62.0,POSITIVE,,2026-08-18
SUVIDHAA,STABLE,50.0,50.0,,50.0,NEUTRAL,,2026-08-18
SUYOG,STABLE,50.0,50.0,,50.0,NEUTRAL,,2026-08-18
SUZLON,STABLE,50.0,50.0,,50.0,NEUTRAL,,2026-08-18
SWANCORP,FII_ACCUMULATION,60.0,50.0,,56.0,POSITIVE,,2026-08-18
SWARAJENG,STABLE,50.0,50.0,,50.0,NEUTRAL,,2026-08-18
SWELECTES,STABLE,50.0,50.0,,50.0,NEUTRAL,,2026-08-18
SWIGGY,FII_DII_ACCUMULATION,75.0,50.0,,65.0,POSITIVE,,2026-08-18
SWSOLAR,STABLE,50.0,50.0,,50.0,NEUTRAL,,2026-08-18
SYMPHONY,STABLE,50.0,70.0,,58.0,POSITIVE,DIVIDEND,2026-08-18
SYNCOMF,STABLE,50.0,50.0,,50.0,NEUTRAL,,2026-08-18
SYNGENE,FII_DII_DIVERGENCE,40.0,70.0,,52.0,NEUTRAL,DIVIDEND,2026-08-18
SYRMA,DII_ACCUMULATION,55.0,50.0,,53.0,NEUTRAL,,2026-08-18
TAINWALCHM,STABLE,50.0,50.0,,50.0,NEUTRAL,,2026-08-18
TAJGVK,STABLE,50.0,50.0,,50.0,NEUTRAL,,2026-08-18
TALBROAUTO,STABLE,50.0,50.0,,50.0,NEUTRAL,,2026-08-18
TANLA,STABLE,50.0,70.0,,58.0,POSITIVE,DIVIDEND,2026-08-18
TARACHAND,STABLE,50.0,50.0,,50.0,NEUTRAL,,2026-08-18
TARAPUR,STABLE,50.0,50.0,,50.0,NEUTRAL,,2026-08-18
TARC,STABLE,50.0,50.0,,50.0,NEUTRAL,,2026-08-18
TARIL,FII_DII_DIVERGENCE,40.0,50.0,,44.0,NEUTRAL,,2026-08-18
TARMAT,STABLE,50.0,50.0,,50.0,NEUTRAL,,2026-08-18
TARSONS,STABLE,50.0,50.0,,50.0,NEUTRAL,,2026-08-18
TASTYBITE,STABLE,50.0,50.0,,50.0,NEUTRAL,,2026-08-18
TATACAP,FII_ACCUMULATION,60.0,50.0,,56.0,POSITIVE,,2026-08-18
TATACHEM,STABLE,50.0,70.0,,58.0,POSITIVE,DIVIDEND,2026-08-18
TATACOMM,DII_ACCUMULATION,55.0,70.0,,61.0,POSITIVE,DIVIDEND,2026-08-18
TATACONSUM,DII_ACCUMULATION,55.0,70.0,,61.0,POSITIVE,DIVIDEND,2026-08-18
TATAELXSI,FII_DII_DIVERGENCE,40.0,70.0,,52.0,NEUTRAL,DIVIDEND,2026-08-18
TATAINVEST,STABLE,50.0,70.0,,58.0,POSITIVE,DIVIDEND,2026-08-18
TATAPOWER,DII_ACCUMULATION,55.0,70.0,,61.0,POSITIVE,DIVIDEND,2026-08-18
TATASTEEL,FII_ACCUMULATION,60.0,70.0,,64.0,POSITIVE,DIVIDEND,2026-08-18
TATATECH,DII_ACCUMULATION,55.0,70.0,,61.0,POSITIVE,DIVIDEND,2026-08-18
TATVA,STABLE,50.0,50.0,,50.0,NEUTRAL,,2026-08-18
TBOTEK,FII_DII_DIVERGENCE,40.0,50.0,,44.0,NEUTRAL,,2026-08-18
TBZ,STABLE,50.0,50.0,,50.0,NEUTRAL,,2026-08-18
TCC,STABLE,50.0,50.0,,50.0,NEUTRAL,,2026-08-18
TCI,STABLE,50.0,70.0,,58.0,POSITIVE,DIVIDEND,2026-08-18
TCIEXP,STABLE,50.0,70.0,,58.0,POSITIVE,DIVIDEND,2026-08-18
TCPLPACK,DII_ACCUMULATION,55.0,50.0,,53.0,NEUTRAL,,2026-08-18
TCS,FII_DII_DIVERGENCE,40.0,70.0,,52.0,NEUTRAL,DIVIDEND|DIVIDEND,2026-08-18
TDPOWERSYS,FII_DII_DIVERGENCE,40.0,50.0,,44.0,NEUTRAL,,2026-08-18
TEAMGTY,STABLE,50.0,50.0,,50.0,NEUTRAL,,2026-08-18
TEAMLEASE,STABLE,50.0,50.0,,50.0,NEUTRAL,,2026-08-18
TECHM,FII_ACCUMULATION,60.0,50.0,,56.0,POSITIVE,,2026-08-18
TECHNOE,STABLE,50.0,50.0,,50.0,NEUTRAL,,2026-08-18
TECILCHEM,STABLE,50.0,50.0,,50.0,NEUTRAL,,2026-08-18
TEGA,FII_DII_ACCUMULATION,75.0,50.0,,65.0,POSITIVE,,2026-08-18
TEJASNET,STABLE,50.0,50.0,,50.0,NEUTRAL,,2026-08-18
TEMBO,FII_ACCUMULATION,60.0,70.0,,64.0,POSITIVE,DIVIDEND,2026-08-18
TENNIND,FII_DII_ACCUMULATION,75.0,50.0,,65.0,POSITIVE,,2026-08-18
TERASOFT,STABLE,50.0,50.0,,50.0,NEUTRAL,,2026-08-18
TEXINFRA,STABLE,50.0,50.0,,50.0,NEUTRAL,,2026-08-18
TEXMOPIPES,STABLE,50.0,50.0,,50.0,NEUTRAL,,2026-08-18
TEXRAIL,STABLE,50.0,50.0,,50.0,NEUTRAL,,2026-08-18
TFCILTD,STABLE,50.0,50.0,,50.0,NEUTRAL,,2026-08-18
TFL,STABLE,50.0,50.0,,50.0,NEUTRAL,,2026-08-18
TGBHOTELS,STABLE,50.0,50.0,,50.0,NEUTRAL,,2026-08-18
THANGAMAYL,DII_ACCUMULATION,55.0,50.0,,53.0,NEUTRAL,,2026-08-18
THEINVEST,STABLE,50.0,50.0,,50.0,NEUTRAL,,2026-08-18
THEJO,STABLE,50.0,50.0,,50.0,NEUTRAL,,2026-08-18
THELEELA,STABLE,50.0,50.0,,50.0,NEUTRAL,,2026-08-18
THEMISMED,STABLE,50.0,50.0,,50.0,NEUTRAL,,2026-08-18
THERMAX,FII_DII_DIVERGENCE,40.0,50.0,,44.0,NEUTRAL,,2026-08-18
THOMASCOOK,STABLE,50.0,50.0,,50.0,NEUTRAL,,2026-08-18
THOMASCOTT,STABLE,50.0,50.0,,50.0,NEUTRAL,,2026-08-18
THYROCARE,DII_ACCUMULATION,55.0,70.0,,61.0,POSITIVE,DIVIDEND,2026-08-18
TI,FII_DII_DIVERGENCE,40.0,50.0,,44.0,NEUTRAL,,2026-08-18
TICL,STABLE,50.0,50.0,,50.0,NEUTRAL,,2026-08-18
TIIL,STABLE,50.0,70.0,,58.0,POSITIVE,DIVIDEND,2026-08-18
TIINDIA,FII_DII_DIVERGENCE,40.0,70.0,,52.0,NEUTRAL,DIVIDEND,2026-08-18
TIJARIA,STABLE,50.0,50.0,,50.0,NEUTRAL,,2026-08-18
TIL,STRONG_PROMOTER_BUY,70.0,45.0,,60.0,POSITIVE,FUNDRAISE,2026-08-18
TIMETECHNO,DII_ACCUMULATION,55.0,50.0,,53.0,NEUTRAL,,2026-08-18
TIMKEN,STABLE,50.0,50.0,,50.0,NEUTRAL,,2026-08-18
TINNARUBR,STABLE,50.0,50.0,,50.0,NEUTRAL,,2026-08-18
TIPSFILMS,STABLE,50.0,50.0,,50.0,NEUTRAL,,2026-08-18
TIPSMUSIC,STABLE,50.0,70.0,,58.0,POSITIVE,DIVIDEND,2026-08-18
TIRUMALCHM,DII_ACCUMULATION,55.0,50.0,,53.0,NEUTRAL,,2026-08-18
TIRUPATIFL,STABLE,50.0,50.0,,50.0,NEUTRAL,,2026-08-18
TITAGARH,STABLE,50.0,50.0,,50.0,NEUTRAL,,2026-08-18
TITAN,STABLE,50.0,50.0,,50.0,NEUTRAL,,2026-08-18
TMB,FII_DII_DIVERGENCE,40.0,70.0,,52.0,NEUTRAL,DIVIDEND,2026-08-18
TMCV,FII_DII_ACCUMULATION,75.0,70.0,80.0,75.5,HIGH_CONVICTION,DIVIDEND,2026-08-18
TMPV,FII_DII_DIVERGENCE,40.0,70.0,,52.0,NEUTRAL,DIVIDEND,2026-08-18
TNPETRO,FII_ACCUMULATION,60.0,50.0,,56.0,POSITIVE,,2026-08-18
TNPL,STABLE,50.0,50.0,,50.0,NEUTRAL,,2026-08-18
TNTELE,STABLE,50.0,50.0,,50.0,NEUTRAL,,2026-08-18
TOLINS,STABLE,50.0,50.0,,50.0,NEUTRAL,,2026-08-18
TORNTPHARM,STABLE,50.0,70.0,,58.0,POSITIVE,DIVIDEND|DIVIDEND,2026-08-18
TORNTPOWER,STABLE,50.0,70.0,,58.0,POSITIVE,DIVIDEND|DIVIDEND,2026-08-18
TOTAL,STABLE,50.0,50.0,,50.0,NEUTRAL,,2026-08-18
TOUCHWOOD,STABLE,50.0,50.0,,50.0,NEUTRAL,,2026-08-18
TPHQ,STABLE,50.0,50.0,,50.0,NEUTRAL,,2026-08-18
TPLPLASTEH,STABLE,50.0,50.0,,50.0,NEUTRAL,,2026-08-18
TRACXN,STABLE,50.0,50.0,,50.0,NEUTRAL,,2026-08-18
TRANSRAILL,FII_ACCUMULATION,60.0,50.0,,56.0,POSITIVE,,2026-08-18
TRAVELFOOD,FII_DII_DIVERGENCE,40.0,50.0,,44.0,NEUTRAL,,2026-08-18
TREEHOUSE,STRONG_PROMOTER_BUY,70.0,50.0,,62.0,POSITIVE,,2026-08-18
TREJHARA,STABLE,50.0,50.0,,50.0,NEUTRAL,,2026-08-18
TREL,STABLE,50.0,50.0,,50.0,NEUTRAL,,2026-08-18
TRENT,DII_ACCUMULATION,55.0,67.5,,60.0,POSITIVE,DIVIDEND|BONUS,2026-08-18
TRF,STABLE,50.0,50.0,,50.0,NEUTRAL,,2026-08-18
TRIDENT,STABLE,50.0,70.0,,58.0,POSITIVE,DIVIDEND,2026-08-18
TRIGYN,STABLE,50.0,50.0,,50.0,NEUTRAL,,2026-08-18
TRITURBINE,FII_DII_DIVERGENCE,40.0,70.0,,52.0,NEUTRAL,DIVIDEND,2026-08-18
TRIVENI,STABLE,50.0,70.0,,58.0,POSITIVE,DIVIDEND,2026-08-18
TRU,STABLE,50.0,50.0,,50.0,NEUTRAL,,2026-08-18
TRUALT,FII_DII_DIVERGENCE,40.0,50.0,,44.0,NEUTRAL,,2026-08-18
TSFINV,STABLE,50.0,70.0,,58.0,POSITIVE,DIVIDEND,2026-08-18
TTKHLTCARE,STABLE,50.0,50.0,,50.0,NEUTRAL,,2026-08-18
TTKPRESTIG,STABLE,50.0,50.0,,50.0,NEUTRAL,,2026-08-18
TTL,STABLE,50.0,50.0,,50.0,NEUTRAL,,2026-08-18
TTML,STABLE,50.0,50.0,,50.0,NEUTRAL,,2026-08-18
TURTLEMINT,STABLE,50.0,50.0,,50.0,NEUTRAL,,2026-08-18
TVSELECT,STABLE,50.0,50.0,,50.0,NEUTRAL,,2026-08-18
TVSHLTD,STABLE,50.0,70.0,,58.0,POSITIVE,DIVIDEND,2026-08-18
TVSMOTOR,FII_DII_DIVERGENCE,40.0,70.0,,52.0,NEUTRAL,DIVIDEND,2026-08-18
TVSSCS,STABLE,50.0,50.0,,50.0,NEUTRAL,,2026-08-18
TVSSRICHAK,STABLE,50.0,50.0,,50.0,NEUTRAL,,2026-08-18
TVTODAY,STABLE,50.0,50.0,,50.0,NEUTRAL,,2026-08-18
TVVISION,STABLE,50.0,50.0,,50.0,NEUTRAL,,2026-08-18
UBL,FII_DII_DIVERGENCE,40.0,50.0,,44.0,NEUTRAL,,2026-08-18
UCAL,STABLE,50.0,50.0,,50.0,NEUTRAL,,2026-08-18
UCOBANK,STABLE,50.0,70.0,,58.0,POSITIVE,DIVIDEND,2026-08-18
UDS,FII_ACCUMULATION,60.0,50.0,,56.0,POSITIVE,,2026-08-18
UEL,STABLE,50.0,50.0,,50.0,NEUTRAL,,2026-08-18
UFBL,STABLE,50.0,50.0,,50.0,NEUTRAL,,2026-08-18
UFLEX,STABLE,50.0,70.0,,58.0,POSITIVE,DIVIDEND,2026-08-18
UFO,STABLE,50.0,50.0,,50.0,NEUTRAL,,2026-08-18
UGARSUGAR,PROMOTER_SELLING,20.0,50.0,,32.0,WEAK,,2026-08-18
UGROCAP,STABLE,50.0,50.0,,50.0,NEUTRAL,,2026-08-18
UJJIVANSFB,FII_DII_ACCUMULATION,75.0,50.0,,65.0,POSITIVE,,2026-08-18
ULTRACEMCO,FII_DII_DIVERGENCE,40.0,50.0,,44.0,NEUTRAL,,2026-08-18
UMESLTD,STABLE,50.0,50.0,,50.0,NEUTRAL,,2026-08-18
UMIYA-MRO,STABLE,50.0,50.0,,50.0,NEUTRAL,,2026-08-18
UNICHEMLAB,STABLE,50.0,50.0,,50.0,NEUTRAL,,2026-08-18
UNIDT,STABLE,50.0,70.0,,58.0,POSITIVE,DIVIDEND,2026-08-18
UNIECOM,STABLE,50.0,50.0,,50.0,NEUTRAL,,2026-08-18
UNIENTER,STABLE,50.0,50.0,,50.0,NEUTRAL,,2026-08-18
UNIMECH,STABLE,50.0,50.0,,50.0,NEUTRAL,,2026-08-18
UNIONBANK,FII_ACCUMULATION,60.0,50.0,,56.0,POSITIVE,,2026-08-18
UNIPARTS,STABLE,50.0,70.0,,58.0,POSITIVE,DIVIDEND,2026-08-18
UNITDSPR,STABLE,50.0,70.0,,58.0,POSITIVE,DIVIDEND,2026-08-18
UNITECH,STABLE,50.0,50.0,,50.0,NEUTRAL,,2026-08-18
UNITEDTEA,STABLE,50.0,70.0,,58.0,POSITIVE,DIVIDEND,2026-08-18
UNIVASTU,PROMOTER_SELLING,20.0,50.0,,32.0,WEAK,,2026-08-18
UNIVCABLES,STABLE,50.0,50.0,,50.0,NEUTRAL,,2026-08-18
UNOMINDA,FII_DII_DIVERGENCE,40.0,70.0,,52.0,NEUTRAL,DIVIDEND|DIVIDEND,2026-08-18
UPL,FII_DII_DIVERGENCE,40.0,50.0,,44.0,NEUTRAL,,2026-08-18
URAVIDEF,PROMOTER_SELLING,20.0,50.0,,32.0,WEAK,,2026-08-18
URBANCO,FII_DII_DIVERGENCE,40.0,50.0,,44.0,NEUTRAL,,2026-08-18
URJA,STABLE,50.0,50.0,,50.0,NEUTRAL,,2026-08-18
USHAMART,DII_ACCUMULATION,55.0,50.0,,53.0,NEUTRAL,,2026-08-18
USK,STABLE,50.0,50.0,,50.0,NEUTRAL,,2026-08-18
UTIAMC,STABLE,50.0,50.0,,50.0,NEUTRAL,,2026-08-18
UTKARSHBNK,STABLE,50.0,50.0,,50.0,NEUTRAL,,2026-08-18
UTLSOLAR,FII_DII_DIVERGENCE,40.0,50.0,,44.0,NEUTRAL,,2026-08-18
UTTAMSUGAR,STABLE,50.0,50.0,,50.0,NEUTRAL,,2026-08-18
UYFINCORP,STABLE,50.0,50.0,,50.0,NEUTRAL,,2026-08-18
V2RETAIL,STABLE,50.0,55.0,,52.0,NEUTRAL,STOCK_SPLIT,2026-08-18
VADILALIND,STABLE,50.0,50.0,,50.0,NEUTRAL,,2026-08-18
VAIBHAVGBL,FII_DII_DIVERGENCE,40.0,70.0,,52.0,NEUTRAL,DIVIDEND|DIVIDEND,2026-08-18
VAKRANGEE,STABLE,50.0,50.0,,50.0,NEUTRAL,,2026-08-18
VAML,STABLE,50.0,50.0,,50.0,NEUTRAL,,2026-08-18
VARDHACRLC,STABLE,50.0,50.0,,50.0,NEUTRAL,,2026-08-18
VARDMNPOLY,STRONG_PROMOTER_FII_BUY,90.0,50.0,,74.0,POSITIVE,,2026-08-18
VARROC,STABLE,50.0,50.0,,50.0,NEUTRAL,,2026-08-18
VASWANI,STABLE,50.0,50.0,,50.0,NEUTRAL,,2026-08-18
VBL,FII_DII_DIVERGENCE,40.0,70.0,,52.0,NEUTRAL,DIVIDEND|DIVIDEND,2026-08-18
VCL,FII_ACCUMULATION,60.0,50.0,,56.0,POSITIVE,,2026-08-18
VEDL,FII_DII_DIVERGENCE,40.0,65.0,,50.0,NEUTRAL,ACQUISITION|DIVIDEND,2026-08-18
VEDPOWER,STABLE,50.0,50.0,,50.0,NEUTRAL,,2026-08-18
VEEDOL,STABLE,50.0,70.0,,58.0,POSITIVE,DIVIDEND,2026-08-18
VENKEYS,STABLE,50.0,50.0,,50.0,NEUTRAL,,2026-08-18
VENTIVE,STABLE,50.0,50.0,,50.0,NEUTRAL,,2026-08-18
VENUSPIPES,STABLE,50.0,50.0,,50.0,NEUTRAL,,2026-08-18
VERANDA,STABLE,50.0,50.0,,50.0,NEUTRAL,,2026-08-18
VERTOZ,STABLE,50.0,70.0,,58.0,POSITIVE,DIVIDEND,2026-08-18
VESUVIUS,STABLE,50.0,70.0,,58.0,POSITIVE,DIVIDEND,2026-08-18
VGL,STABLE,50.0,55.0,,52.0,NEUTRAL,STOCK_SPLIT,2026-08-18
VGUARD,STABLE,50.0,50.0,,50.0,NEUTRAL,,2026-08-18
VHL,STABLE,50.0,50.0,,50.0,NEUTRAL,,2026-08-18
VIDHIING,STABLE,50.0,50.0,,50.0,NEUTRAL,,2026-08-18
VIDYAWIRES,FII_DII_DIVERGENCE,40.0,50.0,,44.0,NEUTRAL,,2026-08-18
VIJAYA,FII_DII_DIVERGENCE,40.0,50.0,,44.0,NEUTRAL,,2026-08-18
VIKASECO,STABLE,50.0,50.0,,50.0,NEUTRAL,,2026-08-18
VIKASLIFE,STABLE,50.0,50.0,,50.0,NEUTRAL,,2026-08-18
VIKRAMSOLR,FII_ACCUMULATION,60.0,50.0,,56.0,POSITIVE,,2026-08-18
VIKRAN,STABLE,50.0,50.0,,50.0,NEUTRAL,,2026-08-18
VIMTALABS,STABLE,50.0,70.0,,58.0,POSITIVE,DIVIDEND,2026-08-18
VINATIORGA,STABLE,50.0,50.0,,50.0,NEUTRAL,,2026-08-18
VINCOFE,DII_ACCUMULATION,55.0,50.0,,53.0,NEUTRAL,,2026-08-18
VINDHYATEL,STABLE,50.0,50.0,,50.0,NEUTRAL,,2026-08-18
VINNY,STABLE,50.0,50.0,,50.0,NEUTRAL,,2026-08-18
VINYLINDIA,STABLE,50.0,70.0,,58.0,POSITIVE,DIVIDEND,2026-08-18
VIPIND,STABLE,50.0,50.0,,50.0,NEUTRAL,,2026-08-18
VIPULLTD,FII_ACCUMULATION,60.0,50.0,,56.0,POSITIVE,,2026-08-18
VIRINCHI,STABLE,50.0,50.0,,50.0,NEUTRAL,,2026-08-18
VISAKAIND,STABLE,50.0,70.0,,58.0,POSITIVE,DIVIDEND,2026-08-18
VISHNU,STABLE,50.0,50.0,,50.0,NEUTRAL,,2026-08-18
VISHWARAJ,STABLE,50.0,50.0,,50.0,NEUTRAL,,2026-08-18
VISL,STABLE,50.0,50.0,,50.0,NEUTRAL,,2026-08-18
VIVIDHA,STABLE,50.0,50.0,,50.0,NEUTRAL,,2026-08-18
VIYASH,DII_ACCUMULATION,55.0,50.0,,53.0,NEUTRAL,,2026-08-18
VLSFINANCE,STRONG_PROMOTER_BUY,70.0,50.0,,62.0,POSITIVE,,2026-08-18
VMART,STABLE,50.0,50.0,,50.0,NEUTRAL,,2026-08-18
VMM,FII_DII_ACCUMULATION,75.0,50.0,,65.0,POSITIVE,,2026-08-18
VOEPL,STABLE,50.0,50.0,,50.0,NEUTRAL,,2026-08-18
VOGL,STABLE,50.0,50.0,,50.0,NEUTRAL,,2026-08-18
VOLTAMP,FII_ACCUMULATION,60.0,50.0,,56.0,POSITIVE,,2026-08-18
VOLTAS,DII_ACCUMULATION,55.0,70.0,,61.0,POSITIVE,DIVIDEND,2026-08-18
VRAJ,STABLE,50.0,50.0,,50.0,NEUTRAL,,2026-08-18
VRLLOG,FII_DII_DIVERGENCE,40.0,70.0,,52.0,NEUTRAL,DIVIDEND,2026-08-18
VSSL,STABLE,50.0,50.0,,50.0,NEUTRAL,,2026-08-18
VSTIND,STABLE,50.0,50.0,,50.0,NEUTRAL,,2026-08-18
VSTL,STABLE,50.0,50.0,,50.0,NEUTRAL,,2026-08-18
VSTTILLERS,STABLE,50.0,50.0,,50.0,NEUTRAL,,2026-08-18
VTL,STABLE,50.0,50.0,,50.0,NEUTRAL,,2026-08-18
WAAREEENER,DII_ACCUMULATION,55.0,50.0,,53.0,NEUTRAL,,2026-08-18
WAAREEINDO,STABLE,50.0,50.0,,50.0,NEUTRAL,,2026-08-18
WAAREERTL,STABLE,50.0,50.0,,50.0,NEUTRAL,,2026-08-18
WABAG,FII_DII_DIVERGENCE,40.0,50.0,,44.0,NEUTRAL,,2026-08-18
WAKEFIT,FII_DII_DIVERGENCE,40.0,50.0,,44.0,NEUTRAL,,2026-08-18
WALCHANNAG,STABLE,50.0,50.0,,50.0,NEUTRAL,,2026-08-18
WANBURY,STABLE,50.0,50.0,,50.0,NEUTRAL,,2026-08-18
WCIL,STABLE,50.0,50.0,,50.0,NEUTRAL,,2026-08-18
WEALTH,STABLE,50.0,70.0,,58.0,POSITIVE,DIVIDEND,2026-08-18
WEBELSOLAR,STRONG_PROMOTER_BUY,70.0,50.0,,62.0,POSITIVE,,2026-08-18
WEIZMANIND,STABLE,50.0,50.0,,50.0,NEUTRAL,,2026-08-18
WEL,STABLE,50.0,70.0,,58.0,POSITIVE,DIVIDEND,2026-08-18
WELCORP,DII_ACCUMULATION,55.0,70.0,,61.0,POSITIVE,DIVIDEND,2026-08-18
WELENT,STABLE,50.0,50.0,,50.0,NEUTRAL,,2026-08-18
WELSPUNLIV,DII_ACCUMULATION,55.0,80.0,,65.0,POSITIVE,BUYBACK,2026-08-18
WENDT,DII_ACCUMULATION,55.0,70.0,,61.0,POSITIVE,DIVIDEND,2026-08-18
WESTLIFE,FII_DII_DIVERGENCE,40.0,50.0,,44.0,NEUTRAL,,2026-08-18
WEWORK,FII_DII_DIVERGENCE,40.0,50.0,,44.0,NEUTRAL,,2026-08-18
WHEELS,STABLE,50.0,70.0,,58.0,POSITIVE,DIVIDEND|DIVIDEND,2026-08-18
WHIRLPOOL,STABLE,50.0,50.0,,50.0,NEUTRAL,,2026-08-18
WILLAMAGOR,STABLE,50.0,50.0,,50.0,NEUTRAL,,2026-08-18
WINDLAS,STABLE,50.0,80.0,,62.0,POSITIVE,BUYBACK,2026-08-18
WINDMACHIN,FII_ACCUMULATION,60.0,50.0,,56.0,POSITIVE,,2026-08-18
WIPL,STABLE,50.0,50.0,,50.0,NEUTRAL,,2026-08-18
WIPRO,STABLE,50.0,75.0,,60.0,POSITIVE,BUYBACK|DIVIDEND,2026-08-18
WOCKPHARMA,STABLE,50.0,50.0,,50.0,NEUTRAL,,2026-08-18
WONDERLA,STABLE,50.0,50.0,,50.0,NEUTRAL,,2026-08-18
WORTHPERI,STABLE,50.0,50.0,,50.0,NEUTRAL,,2026-08-18
WSI,FII_ACCUMULATION,60.0,50.0,,56.0,POSITIVE,,2026-08-18
WSTCSTPAPR,STABLE,50.0,50.0,,50.0,NEUTRAL,,2026-08-18
XCHANGING,STABLE,50.0,50.0,,50.0,NEUTRAL,,2026-08-18
XELPMOC,STABLE,50.0,50.0,,50.0,NEUTRAL,,2026-08-18
XPROINDIA,STABLE,50.0,50.0,,50.0,NEUTRAL,,2026-08-18
XTGLOBAL,STABLE,50.0,50.0,,50.0,NEUTRAL,,2026-08-18
YASHO,FII_DII_DIVERGENCE,40.0,50.0,,44.0,NEUTRAL,,2026-08-18
YATHARTH,FII_DII_DIVERGENCE,40.0,50.0,,44.0,NEUTRAL,,2026-08-18
YATRA,FII_DII_DIVERGENCE,40.0,50.0,,44.0,NEUTRAL,,2026-08-18
YESBANK,FII_DII_ACCUMULATION,75.0,50.0,,65.0,POSITIVE,,2026-08-18
YUKEN,STABLE,50.0,50.0,,50.0,NEUTRAL,,2026-08-18
ZAGGLE,STABLE,50.0,50.0,,50.0,NEUTRAL,,2026-08-18
ZEEL,FII_DII_DIVERGENCE,40.0,50.0,,44.0,NEUTRAL,,2026-08-18
ZEEMEDIA,FII_ACCUMULATION,60.0,50.0,,56.0,POSITIVE,,2026-08-18
ZENITHEXPO,STABLE,50.0,50.0,,50.0,NEUTRAL,,2026-08-18
ZENITHSTL,STABLE,50.0,50.0,,50.0,NEUTRAL,,2026-08-18
ZENSARTECH,FII_DII_DIVERGENCE,40.0,70.0,,52.0,NEUTRAL,DIVIDEND,2026-08-18
ZENTEC,DII_ACCUMULATION,55.0,50.0,,53.0,NEUTRAL,,2026-08-18
ZFCVINDIA,STABLE,50.0,65.0,,56.0,POSITIVE,BONUS,2026-08-18
ZODIACLOTH,STABLE,50.0,50.0,,50.0,NEUTRAL,,2026-08-18
ZOTA,PROMOTER_SELLING,20.0,50.0,,32.0,WEAK,,2026-08-18
ZUARI,STABLE,50.0,50.0,,50.0,NEUTRAL,,2026-08-18
ZUARIIND,STABLE,50.0,50.0,,50.0,NEUTRAL,,2026-08-18
ZYDUSLIFE,STABLE,50.0,80.0,,62.0,POSITIVE,BUYBACK,2026-08-18
ZYDUSWELL,STABLE,50.0,50.0,,50.0,NEUTRAL,,2026-08-18
