sector_raw,auc_equity_crore,net_inv_equity_crore,date,sector_normalized,source,fortnight_label
Automobiles & Auto                             Components,49309.0,-47.0,2012-04-15,AUTO,CDSL,"April 15, 2012"
Capital Goods,67024.0,339.0,2012-04-15,CAPITAL_GOODS,CDSL,"April 15, 2012"
Consumer                             Durables,7552.0,69.0,2012-04-15,CAPITAL_GOODS,CDSL,"April 15, 2012"
General                             Industrials,6524.0,-65.0,2012-04-15,CAPITAL_GOODS,CDSL,"April 15, 2012"
Construction                             Materials,20445.0,82.0,2012-04-15,CEMENT,CDSL,"April 15, 2012"
Chemicals &                             Petrochemicals,8082.0,-25.0,2012-04-15,CHEMICALS,CDSL,"April 15, 2012"
Forest                             Materials,438.0,8.0,2012-04-15,COMMODITIES,CDSL,"April 15, 2012"
Diversified,2721.0,20.0,2012-04-15,DIVERSIFIED,CDSL,"April 15, 2012"
Others,11727.0,9381.0,2012-04-15,DIVERSIFIED,CDSL,"April 15, 2012"
Coal,12275.0,21.0,2012-04-15,ENERGY,CDSL,"April 15, 2012"
Oil & Gas,64784.0,2118.0,2012-04-15,ENERGY,CDSL,"April 15, 2012"
Total  Financial Services,271191.0,6462.0,2012-04-15,FINANCIAL_SERVICES,CDSL,"April 15, 2012"
"Food, Beverages                             & Tobacco",53293.0,415.0,2012-04-15,FMCG,CDSL,"April 15, 2012"
Household &                             Personal Products,33117.0,-24.0,2012-04-15,FMCG,CDSL,"April 15, 2012"
Healthcare                             Equipment & Supplies,1646.0,-22.0,2012-04-15,HEALTHCARE,CDSL,"April 15, 2012"
Healthcare                             Services,3345.0,-6.0,2012-04-15,HEALTHCARE,CDSL,"April 15, 2012"
Utilities,36426.0,38.0,2012-04-15,INFRASTRUCTURE,CDSL,"April 15, 2012"
Hardware                             Technology & Equipment,325.0,-4.0,2012-04-15,IT,CDSL,"April 15, 2012"
Software &                             Services,110021.0,-298.0,2012-04-15,IT,CDSL,"April 15, 2012"
Transportation,10084.0,14.0,2012-04-15,LOGISTICS,CDSL,"April 15, 2012"
Media,8970.0,13.0,2012-04-15,MEDIA,CDSL,"April 15, 2012"
Metals &                             Mining,40556.0,-70.0,2012-04-15,METAL,CDSL,"April 15, 2012"
Pharmaceuticals                             & Biotechnology,48421.0,191.0,2012-04-15,PHARMA,CDSL,"April 15, 2012"
Realty,15766.0,39.0,2012-04-15,REALTY,CDSL,"April 15, 2012"
Commercial                             Services & Supplies,7373.0,15.0,2012-04-15,SERVICES,CDSL,"April 15, 2012"
Diversified                             Consumer Services,596.0,16.0,2012-04-15,SERVICES,CDSL,"April 15, 2012"
"Hotels,                             Restaurants & Tourism",4226.0,-7.0,2012-04-15,SERVICES,CDSL,"April 15, 2012"
Retailing,2527.0,14.0,2012-04-15,SERVICES,CDSL,"April 15, 2012"
Telecom                             Services,27665.0,144.0,2012-04-15,TELECOM,CDSL,"April 15, 2012"
Telecommunications                             Equipment,139.0,8.0,2012-04-15,TELECOM,CDSL,"April 15, 2012"
"Textiles,                             Apparels & Accessories",14146.0,236.0,2012-04-15,TEXTILES,CDSL,"April 15, 2012"
Automobiles & Auto                             Components,47347.0,697.0,2012-04-30,AUTO,CDSL,"April 30, 2012"
Capital Goods,64960.0,17.0,2012-04-30,CAPITAL_GOODS,CDSL,"April 30, 2012"
Consumer                             Durables,7145.0,144.0,2012-04-30,CAPITAL_GOODS,CDSL,"April 30, 2012"
General                             Industrials,6882.0,-211.0,2012-04-30,CAPITAL_GOODS,CDSL,"April 30, 2012"
Construction                             Materials,15839.0,114.0,2012-04-30,CEMENT,CDSL,"April 30, 2012"
Chemicals &                             Petrochemicals,8270.0,113.0,2012-04-30,CHEMICALS,CDSL,"April 30, 2012"
Forest                             Materials,612.0,26.0,2012-04-30,COMMODITIES,CDSL,"April 30, 2012"
Diversified,3241.0,-2.0,2012-04-30,DIVERSIFIED,CDSL,"April 30, 2012"
Others,15305.0,177.0,2012-04-30,DIVERSIFIED,CDSL,"April 30, 2012"
Coal,11197.0,163.0,2012-04-30,ENERGY,CDSL,"April 30, 2012"
Oil & Gas,55400.0,-1175.0,2012-04-30,ENERGY,CDSL,"April 30, 2012"
Total  Financial Services,255791.0,-284.0,2012-04-30,FINANCIAL_SERVICES,CDSL,"April 30, 2012"
"Food, Beverages                             & Tobacco",57313.0,744.0,2012-04-30,FMCG,CDSL,"April 30, 2012"
Household &                             Personal Products,30426.0,-110.0,2012-04-30,FMCG,CDSL,"April 30, 2012"
Healthcare                             Equipment & Supplies,1969.0,-40.0,2012-04-30,HEALTHCARE,CDSL,"April 30, 2012"
Healthcare                             Services,4127.0,-12.0,2012-04-30,HEALTHCARE,CDSL,"April 30, 2012"
Utilities,32152.0,-132.0,2012-04-30,INFRASTRUCTURE,CDSL,"April 30, 2012"
Hardware                             Technology & Equipment,293.0,-3.0,2012-04-30,IT,CDSL,"April 30, 2012"
Software &                             Services,101177.0,-2860.0,2012-04-30,IT,CDSL,"April 30, 2012"
Transportation,9580.0,-170.0,2012-04-30,LOGISTICS,CDSL,"April 30, 2012"
Media,7940.0,-231.0,2012-04-30,MEDIA,CDSL,"April 30, 2012"
Metals &                             Mining,38284.0,-458.0,2012-04-30,METAL,CDSL,"April 30, 2012"
Pharmaceuticals                             & Biotechnology,50003.0,928.0,2012-04-30,PHARMA,CDSL,"April 30, 2012"
Realty,15508.0,-136.0,2012-04-30,REALTY,CDSL,"April 30, 2012"
Commercial                             Services & Supplies,6981.0,-47.0,2012-04-30,SERVICES,CDSL,"April 30, 2012"
Diversified                             Consumer Services,843.0,52.0,2012-04-30,SERVICES,CDSL,"April 30, 2012"
"Hotels,                             Restaurants & Tourism",4833.0,42.0,2012-04-30,SERVICES,CDSL,"April 30, 2012"
Retailing,3250.0,127.0,2012-04-30,SERVICES,CDSL,"April 30, 2012"
Telecom                             Services,23184.0,-248.0,2012-04-30,TELECOM,CDSL,"April 30, 2012"
Telecommunications                             Equipment,168.0,14.0,2012-04-30,TELECOM,CDSL,"April 30, 2012"
"Textiles,                             Apparels & Accessories",15382.0,223.0,2012-04-30,TEXTILES,CDSL,"April 30, 2012"
Automobiles & Auto   Components,46368.0,47.0,2012-05-15,AUTO,NSDL,"May 15, 2012"
Capital Goods,62220.0,125.0,2012-05-15,CAPITAL_GOODS,NSDL,"May 15, 2012"
Consumer   Durables,8443.0,164.0,2012-05-15,CAPITAL_GOODS,NSDL,"May 15, 2012"
General   Industrials,5848.0,-139.0,2012-05-15,CAPITAL_GOODS,NSDL,"May 15, 2012"
Construction   Materials,18871.0,160.0,2012-05-15,CEMENT,NSDL,"May 15, 2012"
Chemicals &   Petrochemicals,7593.0,43.0,2012-05-15,CHEMICALS,NSDL,"May 15, 2012"
Forest   Materials,423.0,20.0,2012-05-15,COMMODITIES,NSDL,"May 15, 2012"
Diversified,2280.0,4.0,2012-05-15,DIVERSIFIED,NSDL,"May 15, 2012"
Others,11396.0,234.0,2012-05-15,DIVERSIFIED,NSDL,"May 15, 2012"
Coal,11419.0,91.0,2012-05-15,ENERGY,NSDL,"May 15, 2012"
Oil & Gas,59291.0,-836.0,2012-05-15,ENERGY,NSDL,"May 15, 2012"
Total  Financial Services,247078.0,-874.0,2012-05-15,FINANCIAL_SERVICES,NSDL,"May 15, 2012"
"Food, Beverages   & Tobacco",51838.0,740.0,2012-05-15,FMCG,NSDL,"May 15, 2012"
Household &   Personal Products,33883.0,37.0,2012-05-15,FMCG,NSDL,"May 15, 2012"
Healthcare   Equipment & Supplies,1573.0,-40.0,2012-05-15,HEALTHCARE,NSDL,"May 15, 2012"
Healthcare   Services,3468.0,9.0,2012-05-15,HEALTHCARE,NSDL,"May 15, 2012"
Utilities,31882.0,25.0,2012-05-15,INFRASTRUCTURE,NSDL,"May 15, 2012"
Hardware   Technology & Equipment,299.0,-4.0,2012-05-15,IT,NSDL,"May 15, 2012"
Software &   Services,113891.0,-368.0,2012-05-15,IT,NSDL,"May 15, 2012"
Transportation,8825.0,-236.0,2012-05-15,LOGISTICS,NSDL,"May 15, 2012"
Media,8720.0,-69.0,2012-05-15,MEDIA,NSDL,"May 15, 2012"
Metals &   Mining,37876.0,-353.0,2012-05-15,METAL,NSDL,"May 15, 2012"
Pharmaceuticals   & Biotechnology,48906.0,917.0,2012-05-15,PHARMA,NSDL,"May 15, 2012"
Realty,13649.0,-150.0,2012-05-15,REALTY,NSDL,"May 15, 2012"
Commercial   Services & Supplies,6123.0,11.0,2012-05-15,SERVICES,NSDL,"May 15, 2012"
Diversified   Consumer Services,534.0,38.0,2012-05-15,SERVICES,NSDL,"May 15, 2012"
"Hotels,   Restaurants & Tourism",4224.0,14.0,2012-05-15,SERVICES,NSDL,"May 15, 2012"
Retailing,2447.0,53.0,2012-05-15,SERVICES,NSDL,"May 15, 2012"
Telecom   Services,25392.0,-113.0,2012-05-15,TELECOM,NSDL,"May 15, 2012"
Telecommunications   Equipment,134.0,11.0,2012-05-15,TELECOM,NSDL,"May 15, 2012"
"Textiles,   Apparels & Accessories",13485.0,325.0,2012-05-15,TEXTILES,NSDL,"May 15, 2012"
Automobiles   & Auto Components,44420.0,-752.0,2012-05-31,AUTO,NSDL,"May 31, 2012"
Capital   Goods,56011.0,-1954.0,2012-05-31,CAPITAL_GOODS,NSDL,"May 31, 2012"
Consumer   Durables,8998.0,339.0,2012-05-31,CAPITAL_GOODS,NSDL,"May 31, 2012"
General   Industrials,5626.0,-57.0,2012-05-31,CAPITAL_GOODS,NSDL,"May 31, 2012"
Construction   Materials,18997.0,268.0,2012-05-31,CEMENT,NSDL,"May 31, 2012"
Chemicals   & Petrochemicals,7402.0,-28.0,2012-05-31,CHEMICALS,NSDL,"May 31, 2012"
Forest   Materials,431.0,8.0,2012-05-31,COMMODITIES,NSDL,"May 31, 2012"
Diversified,2121.0,-42.0,2012-05-31,DIVERSIFIED,NSDL,"May 31, 2012"
Others,11078.0,405.0,2012-05-31,DIVERSIFIED,NSDL,"May 31, 2012"
Coal,11706.0,-25.0,2012-05-31,ENERGY,NSDL,"May 31, 2012"
Oil   & Gas,60427.0,-1053.0,2012-05-31,ENERGY,NSDL,"May 31, 2012"
Total    Financial Services,249369.0,-1149.0,2012-05-31,FINANCIAL_SERVICES,NSDL,"May 31, 2012"
"Food,   Beverages & Tobacco",50863.0,131.0,2012-05-31,FMCG,NSDL,"May 31, 2012"
Household   & Personal Products,34639.0,914.0,2012-05-31,FMCG,NSDL,"May 31, 2012"
Healthcare   Equipment & Supplies,1451.0,-23.0,2012-05-31,HEALTHCARE,NSDL,"May 31, 2012"
Healthcare   Services,3684.0,30.0,2012-05-31,HEALTHCARE,NSDL,"May 31, 2012"
Utilities,32042.0,-4.0,2012-05-31,INFRASTRUCTURE,NSDL,"May 31, 2012"
Hardware   Technology & Equipment,301.0,-7.0,2012-05-31,IT,NSDL,"May 31, 2012"
Software   & Services,115437.0,1176.0,2012-05-31,IT,NSDL,"May 31, 2012"
Transportation,9111.0,-3.0,2012-05-31,LOGISTICS,NSDL,"May 31, 2012"
Media,8768.0,-11.0,2012-05-31,MEDIA,NSDL,"May 31, 2012"
Metals   & Mining,36614.0,-380.0,2012-05-31,METAL,NSDL,"May 31, 2012"
Pharmaceuticals   & Biotechnology,48127.0,-27.0,2012-05-31,PHARMA,NSDL,"May 31, 2012"
Realty,13714.0,-65.0,2012-05-31,REALTY,NSDL,"May 31, 2012"
Commercial   Services & Supplies,6474.0,67.0,2012-05-31,SERVICES,NSDL,"May 31, 2012"
Diversified   Consumer Services,474.0,-12.0,2012-05-31,SERVICES,NSDL,"May 31, 2012"
"Hotels,   Restaurants & Tourism",4543.0,38.0,2012-05-31,SERVICES,NSDL,"May 31, 2012"
Retailing,2455.0,12.0,2012-05-31,SERVICES,NSDL,"May 31, 2012"
Telecom   Services,25041.0,287.0,2012-05-31,TELECOM,NSDL,"May 31, 2012"
Telecommunications   Equipment,110.0,0.0,2012-05-31,TELECOM,NSDL,"May 31, 2012"
"Textiles,   Apparels & Accessories",13249.0,230.0,2012-05-31,TEXTILES,NSDL,"May 31, 2012"
Automobiles   & Auto Components,46102.0,-658.0,2012-06-15,AUTO,NSDL,"June 15, 2012"
Capital   Goods,57862.0,-1474.0,2012-06-15,CAPITAL_GOODS,NSDL,"June 15, 2012"
Consumer   Durables,8857.0,209.0,2012-06-15,CAPITAL_GOODS,NSDL,"June 15, 2012"
General   Industrials,5779.0,-15.0,2012-06-15,CAPITAL_GOODS,NSDL,"June 15, 2012"
Construction   Materials,20326.0,218.0,2012-06-15,CEMENT,NSDL,"June 15, 2012"
Chemicals   & Petrochemicals,7337.0,-39.0,2012-06-15,CHEMICALS,NSDL,"June 15, 2012"
Forest   Materials,416.0,1.0,2012-06-15,COMMODITIES,NSDL,"June 15, 2012"
Diversified,2136.0,-50.0,2012-06-15,DIVERSIFIED,NSDL,"June 15, 2012"
Others,11314.0,-67.0,2012-06-15,DIVERSIFIED,NSDL,"June 15, 2012"
Coal,12366.0,0.0,2012-06-15,ENERGY,NSDL,"June 15, 2012"
Oil   & Gas,62152.0,-395.0,2012-06-15,ENERGY,NSDL,"June 15, 2012"
Total    Financial Services,259548.0,682.0,2012-06-15,FINANCIAL_SERVICES,NSDL,"June 15, 2012"
"Food,   Beverages & Tobacco",54052.0,-116.0,2012-06-15,FMCG,NSDL,"June 15, 2012"
Household   & Personal Products,35655.0,687.0,2012-06-15,FMCG,NSDL,"June 15, 2012"
Healthcare   Equipment & Supplies,1304.0,-20.0,2012-06-15,HEALTHCARE,NSDL,"June 15, 2012"
Healthcare   Services,3510.0,1.0,2012-06-15,HEALTHCARE,NSDL,"June 15, 2012"
Utilities,33083.0,-25.0,2012-06-15,INFRASTRUCTURE,NSDL,"June 15, 2012"
Hardware   Technology & Equipment,277.0,-5.0,2012-06-15,IT,NSDL,"June 15, 2012"
Software   & Services,117209.0,-319.0,2012-06-15,IT,NSDL,"June 15, 2012"
Transportation,9104.0,175.0,2012-06-15,LOGISTICS,NSDL,"June 15, 2012"
Media,8926.0,-112.0,2012-06-15,MEDIA,NSDL,"June 15, 2012"
Metals   & Mining,37089.0,-191.0,2012-06-15,METAL,NSDL,"June 15, 2012"
Pharmaceuticals   & Biotechnology,48157.0,-108.0,2012-06-15,PHARMA,NSDL,"June 15, 2012"
Realty,14238.0,40.0,2012-06-15,REALTY,NSDL,"June 15, 2012"
Commercial   Services & Supplies,5721.0,-15.0,2012-06-15,SERVICES,NSDL,"June 15, 2012"
Diversified   Consumer Services,438.0,-28.0,2012-06-15,SERVICES,NSDL,"June 15, 2012"
"Hotels,   Restaurants & Tourism",4326.0,25.0,2012-06-15,SERVICES,NSDL,"June 15, 2012"
Retailing,2554.0,8.0,2012-06-15,SERVICES,NSDL,"June 15, 2012"
Telecom   Services,25632.0,-33.0,2012-06-15,TELECOM,NSDL,"June 15, 2012"
Telecommunications   Equipment,118.0,-2.0,2012-06-15,TELECOM,NSDL,"June 15, 2012"
"Textiles,   Apparels & Accessories",13448.0,97.0,2012-06-15,TEXTILES,NSDL,"June 15, 2012"
Automobiles   & Auto Components,47622.0,-567.0,2012-06-30,AUTO,NSDL,"June 30, 2012"
Capital   Goods,59501.0,-755.0,2012-06-30,CAPITAL_GOODS,NSDL,"June 30, 2012"
Consumer   Durables,8855.0,58.0,2012-06-30,CAPITAL_GOODS,NSDL,"June 30, 2012"
General   Industrials,5969.0,-2.0,2012-06-30,CAPITAL_GOODS,NSDL,"June 30, 2012"
Construction   Materials,21549.0,404.0,2012-06-30,CEMENT,NSDL,"June 30, 2012"
Chemicals   & Petrochemicals,7680.0,64.0,2012-06-30,CHEMICALS,NSDL,"June 30, 2012"
Forest   Materials,399.0,-2.0,2012-06-30,COMMODITIES,NSDL,"June 30, 2012"
Diversified,2259.0,-36.0,2012-06-30,DIVERSIFIED,NSDL,"June 30, 2012"
Others,11370.0,-226.0,2012-06-30,DIVERSIFIED,NSDL,"June 30, 2012"
Coal,12710.0,83.0,2012-06-30,ENERGY,NSDL,"June 30, 2012"
Oil   & Gas,63562.0,-3.0,2012-06-30,ENERGY,NSDL,"June 30, 2012"
Total    Financial Services,266795.0,-215.0,2012-06-30,FINANCIAL_SERVICES,NSDL,"June 30, 2012"
"Food,   Beverages & Tobacco",56280.0,89.0,2012-06-30,FMCG,NSDL,"June 30, 2012"
Household   & Personal Products,37152.0,690.0,2012-06-30,FMCG,NSDL,"June 30, 2012"
Healthcare   Equipment & Supplies,1363.0,-27.0,2012-06-30,HEALTHCARE,NSDL,"June 30, 2012"
Healthcare   Services,3420.0,-11.0,2012-06-30,HEALTHCARE,NSDL,"June 30, 2012"
Utilities,35636.0,222.0,2012-06-30,INFRASTRUCTURE,NSDL,"June 30, 2012"
Hardware   Technology & Equipment,280.0,-4.0,2012-06-30,IT,NSDL,"June 30, 2012"
Software   & Services,118264.0,-330.0,2012-06-30,IT,NSDL,"June 30, 2012"
Transportation,9478.0,96.0,2012-06-30,LOGISTICS,NSDL,"June 30, 2012"
Media,9658.0,-100.0,2012-06-30,MEDIA,NSDL,"June 30, 2012"
Metals   & Mining,38719.0,82.0,2012-06-30,METAL,NSDL,"June 30, 2012"
Pharmaceuticals   & Biotechnology,50622.0,406.0,2012-06-30,PHARMA,NSDL,"June 30, 2012"
Realty,14675.0,62.0,2012-06-30,REALTY,NSDL,"June 30, 2012"
Commercial   Services & Supplies,5682.0,-93.0,2012-06-30,SERVICES,NSDL,"June 30, 2012"
Diversified   Consumer Services,540.0,-19.0,2012-06-30,SERVICES,NSDL,"June 30, 2012"
"Hotels,   Restaurants & Tourism",4260.0,-8.0,2012-06-30,SERVICES,NSDL,"June 30, 2012"
Retailing,2430.0,-76.0,2012-06-30,SERVICES,NSDL,"June 30, 2012"
Telecom   Services,24987.0,-308.0,2012-06-30,TELECOM,NSDL,"June 30, 2012"
Telecommunications   Equipment,115.0,-4.0,2012-06-30,TELECOM,NSDL,"June 30, 2012"
"Textiles,   Apparels & Accessories",13951.0,28.0,2012-06-30,TEXTILES,NSDL,"June 30, 2012"
Automobiles   & Auto Components,47654.0,159.0,2012-07-15,AUTO,NSDL,"July 15, 2012"
Capital   Goods,59771.0,201.0,2012-07-15,CAPITAL_GOODS,NSDL,"July 15, 2012"
Consumer   Durables,8642.0,30.0,2012-07-15,CAPITAL_GOODS,NSDL,"July 15, 2012"
General   Industrials,6093.0,36.0,2012-07-15,CAPITAL_GOODS,NSDL,"July 15, 2012"
Construction   Materials,21728.0,434.0,2012-07-15,CEMENT,NSDL,"July 15, 2012"
Chemicals   & Petrochemicals,7730.0,190.0,2012-07-15,CHEMICALS,NSDL,"July 15, 2012"
Forest   Materials,393.0,-7.0,2012-07-15,COMMODITIES,NSDL,"July 15, 2012"
Diversified,2182.0,-16.0,2012-07-15,DIVERSIFIED,NSDL,"July 15, 2012"
Others,11662.0,43.0,2012-07-15,DIVERSIFIED,NSDL,"July 15, 2012"
Coal,13047.0,148.0,2012-07-15,ENERGY,NSDL,"July 15, 2012"
Oil   & Gas,62917.0,1383.0,2012-07-15,ENERGY,NSDL,"July 15, 2012"
Total    Financial Services,274094.0,545.0,2012-07-15,FINANCIAL_SERVICES,NSDL,"July 15, 2012"
"Food,   Beverages & Tobacco",56615.0,577.0,2012-07-15,FMCG,NSDL,"July 15, 2012"
Household   & Personal Products,36308.0,742.0,2012-07-15,FMCG,NSDL,"July 15, 2012"
Healthcare   Equipment & Supplies,1400.0,-13.0,2012-07-15,HEALTHCARE,NSDL,"July 15, 2012"
Healthcare   Services,3508.0,-2.0,2012-07-15,HEALTHCARE,NSDL,"July 15, 2012"
Utilities,35705.0,494.0,2012-07-15,INFRASTRUCTURE,NSDL,"July 15, 2012"
Hardware   Technology & Equipment,284.0,-3.0,2012-07-15,IT,NSDL,"July 15, 2012"
Software   & Services,110548.0,611.0,2012-07-15,IT,NSDL,"July 15, 2012"
Transportation,9542.0,130.0,2012-07-15,LOGISTICS,NSDL,"July 15, 2012"
Media,9699.0,-9.0,2012-07-15,MEDIA,NSDL,"July 15, 2012"
Metals   & Mining,38354.0,629.0,2012-07-15,METAL,NSDL,"July 15, 2012"
Pharmaceuticals   & Biotechnology,51211.0,727.0,2012-07-15,PHARMA,NSDL,"July 15, 2012"
Realty,15233.0,121.0,2012-07-15,REALTY,NSDL,"July 15, 2012"
Commercial   Services & Supplies,5615.0,-112.0,2012-07-15,SERVICES,NSDL,"July 15, 2012"
Diversified   Consumer Services,547.0,6.0,2012-07-15,SERVICES,NSDL,"July 15, 2012"
"Hotels,   Restaurants & Tourism",4526.0,30.0,2012-07-15,SERVICES,NSDL,"July 15, 2012"
Retailing,2559.0,-59.0,2012-07-15,SERVICES,NSDL,"July 15, 2012"
Telecom   Services,25679.0,-49.0,2012-07-15,TELECOM,NSDL,"July 15, 2012"
Telecommunications   Equipment,122.0,-3.0,2012-07-15,TELECOM,NSDL,"July 15, 2012"
"Textiles,   Apparels & Accessories",13970.0,78.0,2012-07-15,TEXTILES,NSDL,"July 15, 2012"
Automobiles   & Auto Components,46605.0,313.0,2012-07-31,AUTO,NSDL,"July 31, 2012"
Capital   Goods,56564.0,248.0,2012-07-31,CAPITAL_GOODS,NSDL,"July 31, 2012"
Consumer   Durables,8629.0,144.0,2012-07-31,CAPITAL_GOODS,NSDL,"July 31, 2012"
General   Industrials,5806.0,45.0,2012-07-31,CAPITAL_GOODS,NSDL,"July 31, 2012"
Construction   Materials,23229.0,552.0,2012-07-31,CEMENT,NSDL,"July 31, 2012"
Chemicals   & Petrochemicals,7863.0,394.0,2012-07-31,CHEMICALS,NSDL,"July 31, 2012"
Forest   Materials,374.0,-10.0,2012-07-31,COMMODITIES,NSDL,"July 31, 2012"
Diversified,2089.0,-97.0,2012-07-31,DIVERSIFIED,NSDL,"July 31, 2012"
Others,11996.0,182.0,2012-07-31,DIVERSIFIED,NSDL,"July 31, 2012"
Coal,13209.0,74.0,2012-07-31,ENERGY,NSDL,"July 31, 2012"
Oil   & Gas,66191.0,1913.0,2012-07-31,ENERGY,NSDL,"July 31, 2012"
Total    Financial Services,271422.0,2394.0,2012-07-31,FINANCIAL_SERVICES,NSDL,"July 31, 2012"
"Food,   Beverages & Tobacco",57515.0,585.0,2012-07-31,FMCG,NSDL,"July 31, 2012"
Household   & Personal Products,38864.0,596.0,2012-07-31,FMCG,NSDL,"July 31, 2012"
Healthcare   Equipment & Supplies,1361.0,-2.0,2012-07-31,HEALTHCARE,NSDL,"July 31, 2012"
Healthcare   Services,3477.0,5.0,2012-07-31,HEALTHCARE,NSDL,"July 31, 2012"
Utilities,34755.0,157.0,2012-07-31,INFRASTRUCTURE,NSDL,"July 31, 2012"
Hardware   Technology & Equipment,252.0,-2.0,2012-07-31,IT,NSDL,"July 31, 2012"
Software   & Services,110688.0,908.0,2012-07-31,IT,NSDL,"July 31, 2012"
Transportation,9657.0,135.0,2012-07-31,LOGISTICS,NSDL,"July 31, 2012"
Media,10439.0,168.0,2012-07-31,MEDIA,NSDL,"July 31, 2012"
Metals   & Mining,37111.0,564.0,2012-07-31,METAL,NSDL,"July 31, 2012"
Pharmaceuticals   & Biotechnology,52974.0,531.0,2012-07-31,PHARMA,NSDL,"July 31, 2012"
Realty,14619.0,87.0,2012-07-31,REALTY,NSDL,"July 31, 2012"
Commercial   Services & Supplies,4763.0,-71.0,2012-07-31,SERVICES,NSDL,"July 31, 2012"
Diversified   Consumer Services,527.0,7.0,2012-07-31,SERVICES,NSDL,"July 31, 2012"
"Hotels,   Restaurants & Tourism",4183.0,29.0,2012-07-31,SERVICES,NSDL,"July 31, 2012"
Retailing,2435.0,10.0,2012-07-31,SERVICES,NSDL,"July 31, 2012"
Telecom   Services,24939.0,287.0,2012-07-31,TELECOM,NSDL,"July 31, 2012"
Telecommunications   Equipment,115.0,-1.0,2012-07-31,TELECOM,NSDL,"July 31, 2012"
"Textiles,   Apparels & Accessories",14397.0,128.0,2012-07-31,TEXTILES,NSDL,"July 31, 2012"
Automobiles & Auto Components,47569.0,74.0,2012-08-15,AUTO,CDSL,"August 15, 2012"
Capital Goods,59624.0,202.0,2012-08-15,CAPITAL_GOODS,CDSL,"August 15, 2012"
Consumer Durables,8924.0,105.0,2012-08-15,CAPITAL_GOODS,CDSL,"August 15, 2012"
General Industrials,5961.0,-10.0,2012-08-15,CAPITAL_GOODS,CDSL,"August 15, 2012"
Construction Materials,24790.0,748.0,2012-08-15,CEMENT,CDSL,"August 15, 2012"
Chemicals & Petrochemicals,8045.0,294.0,2012-08-15,CHEMICALS,CDSL,"August 15, 2012"
Forest Materials,368.0,-4.0,2012-08-15,COMMODITIES,CDSL,"August 15, 2012"
Diversified,2084.0,-96.0,2012-08-15,DIVERSIFIED,CDSL,"August 15, 2012"
Others,12121.0,188.0,2012-08-15,DIVERSIFIED,CDSL,"August 15, 2012"
Coal,12963.0,-55.0,2012-08-15,ENERGY,CDSL,"August 15, 2012"
Oil & Gas,69510.0,926.0,2012-08-15,ENERGY,CDSL,"August 15, 2012"
Total  Financial Services,278715.0,2441.0,2012-08-15,FINANCIAL_SERVICES,CDSL,"August 15, 2012"
"Food, Beverages & Tobacco",60173.0,617.0,2012-08-15,FMCG,CDSL,"August 15, 2012"
Household & Personal Products,40443.0,406.0,2012-08-15,FMCG,CDSL,"August 15, 2012"
Healthcare Equipment & Supplies,1308.0,3.0,2012-08-15,HEALTHCARE,CDSL,"August 15, 2012"
Healthcare Services,3385.0,-8.0,2012-08-15,HEALTHCARE,CDSL,"August 15, 2012"
Utilities,36296.0,64.0,2012-08-15,INFRASTRUCTURE,CDSL,"August 15, 2012"
Hardware Technology & Equipment,267.0,-5.0,2012-08-15,IT,CDSL,"August 15, 2012"
Software & Services,116027.0,1001.0,2012-08-15,IT,CDSL,"August 15, 2012"
Transportation,9883.0,80.0,2012-08-15,LOGISTICS,CDSL,"August 15, 2012"
Media,10934.0,216.0,2012-08-15,MEDIA,CDSL,"August 15, 2012"
Metals & Mining,38501.0,375.0,2012-08-15,METAL,CDSL,"August 15, 2012"
Pharmaceuticals & Biotechnology,54355.0,523.0,2012-08-15,PHARMA,CDSL,"August 15, 2012"
Realty,14862.0,-12.0,2012-08-15,REALTY,CDSL,"August 15, 2012"
Commercial Services & Supplies,4936.0,-9.0,2012-08-15,SERVICES,CDSL,"August 15, 2012"
Diversified Consumer Services,557.0,25.0,2012-08-15,SERVICES,CDSL,"August 15, 2012"
"Hotels, Restaurants & Tourism",4418.0,-6.0,2012-08-15,SERVICES,CDSL,"August 15, 2012"
Retailing,2526.0,6.0,2012-08-15,SERVICES,CDSL,"August 15, 2012"
Telecom Services,22002.0,45.0,2012-08-15,TELECOM,CDSL,"August 15, 2012"
Telecommunications Equipment,115.0,-1.0,2012-08-15,TELECOM,CDSL,"August 15, 2012"
"Textiles, Apparels & Accessories",14838.0,59.0,2012-08-15,TEXTILES,CDSL,"August 15, 2012"
Automobiles & Auto Components,46854.0,256.0,2012-08-31,AUTO,CDSL,"August 31, 2012"
Capital Goods,56782.0,605.0,2012-08-31,CAPITAL_GOODS,CDSL,"August 31, 2012"
Consumer Durables,8504.0,-95.0,2012-08-31,CAPITAL_GOODS,CDSL,"August 31, 2012"
General Industrials,5315.0,-110.0,2012-08-31,CAPITAL_GOODS,CDSL,"August 31, 2012"
Construction Materials,24244.0,411.0,2012-08-31,CEMENT,CDSL,"August 31, 2012"
Chemicals & Petrochemicals,8107.0,-45.0,2012-08-31,CHEMICALS,CDSL,"August 31, 2012"
Forest Materials,355.0,0.0,2012-08-31,COMMODITIES,CDSL,"August 31, 2012"
Diversified,2045.0,-18.0,2012-08-31,DIVERSIFIED,CDSL,"August 31, 2012"
Others,12585.0,336.0,2012-08-31,DIVERSIFIED,CDSL,"August 31, 2012"
Coal,12813.0,-139.0,2012-08-31,ENERGY,CDSL,"August 31, 2012"
Oil & Gas,67932.0,872.0,2012-08-31,ENERGY,CDSL,"August 31, 2012"
Total  Financial Services,273571.0,3614.0,2012-08-31,FINANCIAL_SERVICES,CDSL,"August 31, 2012"
"Food, Beverages & Tobacco",61553.0,879.0,2012-08-31,FMCG,CDSL,"August 31, 2012"
Household & Personal Products,42607.0,407.0,2012-08-31,FMCG,CDSL,"August 31, 2012"
Healthcare Equipment & Supplies,1087.0,-2.0,2012-08-31,HEALTHCARE,CDSL,"August 31, 2012"
Healthcare Services,3380.0,-81.0,2012-08-31,HEALTHCARE,CDSL,"August 31, 2012"
Utilities,34901.0,518.0,2012-08-31,INFRASTRUCTURE,CDSL,"August 31, 2012"
Hardware Technology & Equipment,250.0,-8.0,2012-08-31,IT,CDSL,"August 31, 2012"
Software & Services,120138.0,2271.0,2012-08-31,IT,CDSL,"August 31, 2012"
Transportation,9357.0,52.0,2012-08-31,LOGISTICS,CDSL,"August 31, 2012"
Media,10480.0,116.0,2012-08-31,MEDIA,CDSL,"August 31, 2012"
Metals & Mining,33784.0,156.0,2012-08-31,METAL,CDSL,"August 31, 2012"
Pharmaceuticals & Biotechnology,56446.0,935.0,2012-08-31,PHARMA,CDSL,"August 31, 2012"
Realty,13433.0,-85.0,2012-08-31,REALTY,CDSL,"August 31, 2012"
Commercial Services & Supplies,4376.0,-35.0,2012-08-31,SERVICES,CDSL,"August 31, 2012"
Diversified Consumer Services,495.0,19.0,2012-08-31,SERVICES,CDSL,"August 31, 2012"
"Hotels, Restaurants & Tourism",4292.0,25.0,2012-08-31,SERVICES,CDSL,"August 31, 2012"
Retailing,2361.0,15.0,2012-08-31,SERVICES,CDSL,"August 31, 2012"
Telecom Services,20867.0,-120.0,2012-08-31,TELECOM,CDSL,"August 31, 2012"
Telecommunications Equipment,119.0,-3.0,2012-08-31,TELECOM,CDSL,"August 31, 2012"
"Textiles, Apparels & Accessories",14359.0,53.0,2012-08-31,TEXTILES,CDSL,"August 31, 2012"
Automobiles & Auto Components,49037.0,44.0,2012-09-15,AUTO,CDSL,"September 15, 2012"
Capital Goods,61460.0,192.0,2012-09-15,CAPITAL_GOODS,CDSL,"September 15, 2012"
Consumer Durables,9001.0,-96.0,2012-09-15,CAPITAL_GOODS,CDSL,"September 15, 2012"
General Industrials,5358.0,-168.0,2012-09-15,CAPITAL_GOODS,CDSL,"September 15, 2012"
Construction Materials,25431.0,111.0,2012-09-15,CEMENT,CDSL,"September 15, 2012"
Chemicals & Petrochemicals,8556.0,35.0,2012-09-15,CHEMICALS,CDSL,"September 15, 2012"
Forest Materials,379.0,-1.0,2012-09-15,COMMODITIES,CDSL,"September 15, 2012"
Diversified,2101.0,-19.0,2012-09-15,DIVERSIFIED,CDSL,"September 15, 2012"
Others,13308.0,399.0,2012-09-15,DIVERSIFIED,CDSL,"September 15, 2012"
Coal,13867.0,-62.0,2012-09-15,ENERGY,CDSL,"September 15, 2012"
Oil & Gas,72816.0,707.0,2012-09-15,ENERGY,CDSL,"September 15, 2012"
Total  Financial Services,290183.0,3116.0,2012-09-15,FINANCIAL_SERVICES,CDSL,"September 15, 2012"
"Food, Beverages & Tobacco",61747.0,699.0,2012-09-15,FMCG,CDSL,"September 15, 2012"
Household & Personal Products,44163.0,450.0,2012-09-15,FMCG,CDSL,"September 15, 2012"
Healthcare Equipment & Supplies,1211.0,26.0,2012-09-15,HEALTHCARE,CDSL,"September 15, 2012"
Healthcare Services,3626.0,-72.0,2012-09-15,HEALTHCARE,CDSL,"September 15, 2012"
Utilities,35926.0,380.0,2012-09-15,INFRASTRUCTURE,CDSL,"September 15, 2012"
Hardware Technology & Equipment,254.0,-6.0,2012-09-15,IT,CDSL,"September 15, 2012"
Software & Services,131467.0,2360.0,2012-09-15,IT,CDSL,"September 15, 2012"
Transportation,9478.0,108.0,2012-09-15,LOGISTICS,CDSL,"September 15, 2012"
Media,11170.0,85.0,2012-09-15,MEDIA,CDSL,"September 15, 2012"
Metals & Mining,35755.0,-280.0,2012-09-15,METAL,CDSL,"September 15, 2012"
Pharmaceuticals & Biotechnology,57071.0,955.0,2012-09-15,PHARMA,CDSL,"September 15, 2012"
Realty,14504.0,-114.0,2012-09-15,REALTY,CDSL,"September 15, 2012"
Commercial Services & Supplies,4990.0,-8.0,2012-09-15,SERVICES,CDSL,"September 15, 2012"
Diversified Consumer Services,701.0,1.0,2012-09-15,SERVICES,CDSL,"September 15, 2012"
"Hotels, Restaurants & Tourism",4478.0,11.0,2012-09-15,SERVICES,CDSL,"September 15, 2012"
Retailing,2528.0,10.0,2012-09-15,SERVICES,CDSL,"September 15, 2012"
Telecom Services,21541.0,-490.0,2012-09-15,TELECOM,CDSL,"September 15, 2012"
Telecommunications Equipment,124.0,-3.0,2012-09-15,TELECOM,CDSL,"September 15, 2012"
"Textiles, Apparels & Accessories",15260.0,36.0,2012-09-15,TEXTILES,CDSL,"September 15, 2012"
Automobiles & Auto Components,52475.0,771.0,2012-09-30,AUTO,CDSL,"September 30, 2012"
Capital Goods,66857.0,1414.0,2012-09-30,CAPITAL_GOODS,CDSL,"September 30, 2012"
Consumer Durables,9307.0,105.0,2012-09-30,CAPITAL_GOODS,CDSL,"September 30, 2012"
General Industrials,5955.0,17.0,2012-09-30,CAPITAL_GOODS,CDSL,"September 30, 2012"
Construction Materials,27720.0,331.0,2012-09-30,CEMENT,CDSL,"September 30, 2012"
Chemicals & Petrochemicals,8555.0,150.0,2012-09-30,CHEMICALS,CDSL,"September 30, 2012"
Forest Materials,388.0,-2.0,2012-09-30,COMMODITIES,CDSL,"September 30, 2012"
Diversified,2372.0,14.0,2012-09-30,DIVERSIFIED,CDSL,"September 30, 2012"
Others,14322.0,276.0,2012-09-30,DIVERSIFIED,CDSL,"September 30, 2012"
Coal,13106.0,11.0,2012-09-30,ENERGY,CDSL,"September 30, 2012"
Oil & Gas,77018.0,4883.0,2012-09-30,ENERGY,CDSL,"September 30, 2012"
Total  Financial Services,311995.0,6750.0,2012-09-30,FINANCIAL_SERVICES,CDSL,"September 30, 2012"
"Food, Beverages & Tobacco",64291.0,130.0,2012-09-30,FMCG,CDSL,"September 30, 2012"
Household & Personal Products,44435.0,661.0,2012-09-30,FMCG,CDSL,"September 30, 2012"
Healthcare Equipment & Supplies,1191.0,53.0,2012-09-30,HEALTHCARE,CDSL,"September 30, 2012"
Healthcare Services,3933.0,28.0,2012-09-30,HEALTHCARE,CDSL,"September 30, 2012"
Utilities,38336.0,465.0,2012-09-30,INFRASTRUCTURE,CDSL,"September 30, 2012"
Hardware Technology & Equipment,271.0,-4.0,2012-09-30,IT,CDSL,"September 30, 2012"
Software & Services,126567.0,1749.0,2012-09-30,IT,CDSL,"September 30, 2012"
Transportation,10211.0,195.0,2012-09-30,LOGISTICS,CDSL,"September 30, 2012"
Media,12567.0,94.0,2012-09-30,MEDIA,CDSL,"September 30, 2012"
Metals & Mining,38365.0,912.0,2012-09-30,METAL,CDSL,"September 30, 2012"
Pharmaceuticals & Biotechnology,57057.0,224.0,2012-09-30,PHARMA,CDSL,"September 30, 2012"
Realty,16459.0,128.0,2012-09-30,REALTY,CDSL,"September 30, 2012"
Commercial Services & Supplies,5288.0,42.0,2012-09-30,SERVICES,CDSL,"September 30, 2012"
Diversified Consumer Services,734.0,2.0,2012-09-30,SERVICES,CDSL,"September 30, 2012"
"Hotels, Restaurants & Tourism",4971.0,44.0,2012-09-30,SERVICES,CDSL,"September 30, 2012"
Retailing,2871.0,-11.0,2012-09-30,SERVICES,CDSL,"September 30, 2012"
Telecom Services,22635.0,-198.0,2012-09-30,TELECOM,CDSL,"September 30, 2012"
Telecommunications Equipment,134.0,4.0,2012-09-30,TELECOM,CDSL,"September 30, 2012"
"Textiles, Apparels & Accessories",16176.0,22.0,2012-09-30,TEXTILES,CDSL,"September 30, 2012"
Automobiles & Auto Components,52000.0,1652.0,2012-10-15,AUTO,CDSL,"October 15, 2012"
Capital Goods,69092.0,2407.0,2012-10-15,CAPITAL_GOODS,CDSL,"October 15, 2012"
Consumer Durables,9210.0,135.0,2012-10-15,CAPITAL_GOODS,CDSL,"October 15, 2012"
General Industrials,6290.0,150.0,2012-10-15,CAPITAL_GOODS,CDSL,"October 15, 2012"
Construction Materials,28904.0,270.0,2012-10-15,CEMENT,CDSL,"October 15, 2012"
Chemicals & Petrochemicals,8621.0,242.0,2012-10-15,CHEMICALS,CDSL,"October 15, 2012"
Forest Materials,432.0,-6.0,2012-10-15,COMMODITIES,CDSL,"October 15, 2012"
Diversified,2431.0,-15.0,2012-10-15,DIVERSIFIED,CDSL,"October 15, 2012"
Others,14876.0,381.0,2012-10-15,DIVERSIFIED,CDSL,"October 15, 2012"
Coal,13039.0,19.0,2012-10-15,ENERGY,CDSL,"October 15, 2012"
Oil & Gas,76472.0,5039.0,2012-10-15,ENERGY,CDSL,"October 15, 2012"
Total  Financial Services,309808.0,10514.0,2012-10-15,FINANCIAL_SERVICES,CDSL,"October 15, 2012"
"Food, Beverages & Tobacco",67598.0,353.0,2012-10-15,FMCG,CDSL,"October 15, 2012"
Household & Personal Products,46845.0,710.0,2012-10-15,FMCG,CDSL,"October 15, 2012"
Healthcare Equipment & Supplies,1282.0,69.0,2012-10-15,HEALTHCARE,CDSL,"October 15, 2012"
Healthcare Services,4071.0,61.0,2012-10-15,HEALTHCARE,CDSL,"October 15, 2012"
Utilities,38355.0,941.0,2012-10-15,INFRASTRUCTURE,CDSL,"October 15, 2012"
Hardware Technology & Equipment,273.0,-4.0,2012-10-15,IT,CDSL,"October 15, 2012"
Software & Services,123404.0,1954.0,2012-10-15,IT,CDSL,"October 15, 2012"
Transportation,10634.0,192.0,2012-10-15,LOGISTICS,CDSL,"October 15, 2012"
Media,12373.0,127.0,2012-10-15,MEDIA,CDSL,"October 15, 2012"
Metals & Mining,38676.0,1206.0,2012-10-15,METAL,CDSL,"October 15, 2012"
Pharmaceuticals & Biotechnology,57637.0,212.0,2012-10-15,PHARMA,CDSL,"October 15, 2012"
Realty,16490.0,-12.0,2012-10-15,REALTY,CDSL,"October 15, 2012"
Commercial Services & Supplies,5621.0,13.0,2012-10-15,SERVICES,CDSL,"October 15, 2012"
Diversified Consumer Services,752.0,-5.0,2012-10-15,SERVICES,CDSL,"October 15, 2012"
"Hotels, Restaurants & Tourism",4893.0,53.0,2012-10-15,SERVICES,CDSL,"October 15, 2012"
Retailing,2804.0,-5.0,2012-10-15,SERVICES,CDSL,"October 15, 2012"
Telecom Services,22293.0,413.0,2012-10-15,TELECOM,CDSL,"October 15, 2012"
Telecommunications Equipment,138.0,11.0,2012-10-15,TELECOM,CDSL,"October 15, 2012"
"Textiles, Apparels & Accessories",16692.0,134.0,2012-10-15,TEXTILES,CDSL,"October 15, 2012"
Automobiles   & Auto Components,54303.0,1188.0,2012-10-31,AUTO,CDSL,"October 31, 2012"
Capital   Goods,66340.0,1165.0,2012-10-31,CAPITAL_GOODS,CDSL,"October 31, 2012"
Consumer   Durables,9151.0,2.0,2012-10-31,CAPITAL_GOODS,CDSL,"October 31, 2012"
General   Industrials,5996.0,31.0,2012-10-31,CAPITAL_GOODS,CDSL,"October 31, 2012"
Construction   Materials,27751.0,13.0,2012-10-31,CEMENT,CDSL,"October 31, 2012"
Chemicals   & Petrochemicals,8272.0,121.0,2012-10-31,CHEMICALS,CDSL,"October 31, 2012"
Forest   Materials,447.0,-2.0,2012-10-31,COMMODITIES,CDSL,"October 31, 2012"
Diversified,2290.0,-70.0,2012-10-31,DIVERSIFIED,CDSL,"October 31, 2012"
Others,14711.0,479.0,2012-10-31,DIVERSIFIED,CDSL,"October 31, 2012"
Coal,12761.0,96.0,2012-10-31,ENERGY,CDSL,"October 31, 2012"
Oil   & Gas,74610.0,-47.0,2012-10-31,ENERGY,CDSL,"October 31, 2012"
Total    Financial Services,310381.0,4894.0,2012-10-31,FINANCIAL_SERVICES,CDSL,"October 31, 2012"
"Food,   Beverages & Tobacco",67120.0,657.0,2012-10-31,FMCG,CDSL,"October 31, 2012"
Household   & Personal Products,45955.0,297.0,2012-10-31,FMCG,CDSL,"October 31, 2012"
Healthcare   Equipment & Supplies,1161.0,49.0,2012-10-31,HEALTHCARE,CDSL,"October 31, 2012"
Healthcare   Services,4251.0,57.0,2012-10-31,HEALTHCARE,CDSL,"October 31, 2012"
Utilities,36723.0,605.0,2012-10-31,INFRASTRUCTURE,CDSL,"October 31, 2012"
Hardware   Technology & Equipment,264.0,-1.0,2012-10-31,IT,CDSL,"October 31, 2012"
Software   & Services,124102.0,1208.0,2012-10-31,IT,CDSL,"October 31, 2012"
Transportation,10153.0,29.0,2012-10-31,LOGISTICS,CDSL,"October 31, 2012"
Media,12434.0,-25.0,2012-10-31,MEDIA,CDSL,"October 31, 2012"
Metals   & Mining,36906.0,74.0,2012-10-31,METAL,CDSL,"October 31, 2012"
Pharmaceuticals   & Biotechnology,57991.0,650.0,2012-10-31,PHARMA,CDSL,"October 31, 2012"
Realty,15517.0,-354.0,2012-10-31,REALTY,CDSL,"October 31, 2012"
Commercial   Services & Supplies,5532.0,4.0,2012-10-31,SERVICES,CDSL,"October 31, 2012"
Diversified   Consumer Services,677.0,-6.0,2012-10-31,SERVICES,CDSL,"October 31, 2012"
"Hotels,   Restaurants & Tourism",4660.0,18.0,2012-10-31,SERVICES,CDSL,"October 31, 2012"
Retailing,2718.0,-12.0,2012-10-31,SERVICES,CDSL,"October 31, 2012"
Telecom   Services,22699.0,76.0,2012-10-31,TELECOM,CDSL,"October 31, 2012"
Telecommunications   Equipment,138.0,13.0,2012-10-31,TELECOM,CDSL,"October 31, 2012"
"Textiles,   Apparels & Accessories",16204.0,176.0,2012-10-31,TEXTILES,CDSL,"October 31, 2012"
Automobiles & Auto Components,54987.0,715.0,2012-11-15,AUTO,CDSL,"November 15, 2012"
Capital Goods,68265.0,463.0,2012-11-15,CAPITAL_GOODS,CDSL,"November 15, 2012"
Consumer Durables,9475.0,-17.0,2012-11-15,CAPITAL_GOODS,CDSL,"November 15, 2012"
General Industrials,6306.0,-54.0,2012-11-15,CAPITAL_GOODS,CDSL,"November 15, 2012"
Construction Materials,27703.0,158.0,2012-11-15,CEMENT,CDSL,"November 15, 2012"
Chemicals & Petrochemicals,8326.0,-42.0,2012-11-15,CHEMICALS,CDSL,"November 15, 2012"
Forest Materials,447.0,4.0,2012-11-15,COMMODITIES,CDSL,"November 15, 2012"
Diversified,2382.0,-37.0,2012-11-15,DIVERSIFIED,CDSL,"November 15, 2012"
Others,15551.0,652.0,2012-11-15,DIVERSIFIED,CDSL,"November 15, 2012"
Coal,12832.0,97.0,2012-11-15,ENERGY,CDSL,"November 15, 2012"
Oil & Gas,72078.0,-967.0,2012-11-15,ENERGY,CDSL,"November 15, 2012"
Total  Financial Services,319728.0,725.0,2012-11-15,FINANCIAL_SERVICES,CDSL,"November 15, 2012"
"Food, Beverages & Tobacco",70650.0,316.0,2012-11-15,FMCG,CDSL,"November 15, 2012"
Household & Personal Products,45623.0,-25.0,2012-11-15,FMCG,CDSL,"November 15, 2012"
Healthcare Equipment & Supplies,1124.0,7.0,2012-11-15,HEALTHCARE,CDSL,"November 15, 2012"
Healthcare Services,4332.0,36.0,2012-11-15,HEALTHCARE,CDSL,"November 15, 2012"
Utilities,37175.0,197.0,2012-11-15,INFRASTRUCTURE,CDSL,"November 15, 2012"
Hardware Technology & Equipment,240.0,-1.0,2012-11-15,IT,CDSL,"November 15, 2012"
Software & Services,122737.0,635.0,2012-11-15,IT,CDSL,"November 15, 2012"
Transportation,10265.0,-63.0,2012-11-15,LOGISTICS,CDSL,"November 15, 2012"
Media,13347.0,63.0,2012-11-15,MEDIA,CDSL,"November 15, 2012"
Metals & Mining,36016.0,24.0,2012-11-15,METAL,CDSL,"November 15, 2012"
Pharmaceuticals & Biotechnology,59089.0,1046.0,2012-11-15,PHARMA,CDSL,"November 15, 2012"
Realty,16856.0,-108.0,2012-11-15,REALTY,CDSL,"November 15, 2012"
Commercial Services & Supplies,5906.0,13.0,2012-11-15,SERVICES,CDSL,"November 15, 2012"
Diversified Consumer Services,683.0,-3.0,2012-11-15,SERVICES,CDSL,"November 15, 2012"
"Hotels, Restaurants & Tourism",4863.0,24.0,2012-11-15,SERVICES,CDSL,"November 15, 2012"
Retailing,2753.0,-14.0,2012-11-15,SERVICES,CDSL,"November 15, 2012"
Telecom Services,24847.0,12.0,2012-11-15,TELECOM,CDSL,"November 15, 2012"
Telecommunications Equipment,141.0,11.0,2012-11-15,TELECOM,CDSL,"November 15, 2012"
"Textiles, Apparels & Accessories",16597.0,113.0,2012-11-15,TEXTILES,CDSL,"November 15, 2012"
Automobiles & Auto Components,56967.0,923.0,2012-11-30,AUTO,CDSL,"November 30, 2012"
Capital Goods,69299.0,413.0,2012-11-30,CAPITAL_GOODS,CDSL,"November 30, 2012"
Consumer Durables,10221.0,81.0,2012-11-30,CAPITAL_GOODS,CDSL,"November 30, 2012"
General Industrials,6184.0,-73.0,2012-11-30,CAPITAL_GOODS,CDSL,"November 30, 2012"
Construction Materials,27810.0,52.0,2012-11-30,CEMENT,CDSL,"November 30, 2012"
Chemicals & Petrochemicals,8480.0,-83.0,2012-11-30,CHEMICALS,CDSL,"November 30, 2012"
Forest Materials,471.0,6.0,2012-11-30,COMMODITIES,CDSL,"November 30, 2012"
Diversified,2495.0,-118.0,2012-11-30,DIVERSIFIED,CDSL,"November 30, 2012"
Others,15709.0,1114.0,2012-11-30,DIVERSIFIED,CDSL,"November 30, 2012"
Coal,13586.0,175.0,2012-11-30,ENERGY,CDSL,"November 30, 2012"
Oil & Gas,72979.0,-319.0,2012-11-30,ENERGY,CDSL,"November 30, 2012"
Total  Financial Services,340282.0,2725.0,2012-11-30,FINANCIAL_SERVICES,CDSL,"November 30, 2012"
"Food, Beverages & Tobacco",76108.0,913.0,2012-11-30,FMCG,CDSL,"November 30, 2012"
Household & Personal Products,46692.0,154.0,2012-11-30,FMCG,CDSL,"November 30, 2012"
Healthcare Equipment & Supplies,1008.0,-33.0,2012-11-30,HEALTHCARE,CDSL,"November 30, 2012"
Healthcare Services,4496.0,-108.0,2012-11-30,HEALTHCARE,CDSL,"November 30, 2012"
Utilities,37765.0,340.0,2012-11-30,INFRASTRUCTURE,CDSL,"November 30, 2012"
Hardware Technology & Equipment,240.0,-2.0,2012-11-30,IT,CDSL,"November 30, 2012"
Software & Services,128009.0,1056.0,2012-11-30,IT,CDSL,"November 30, 2012"
Transportation,10225.0,146.0,2012-11-30,LOGISTICS,CDSL,"November 30, 2012"
Media,13612.0,193.0,2012-11-30,MEDIA,CDSL,"November 30, 2012"
Metals & Mining,37683.0,-42.0,2012-11-30,METAL,CDSL,"November 30, 2012"
Pharmaceuticals & Biotechnology,61580.0,1056.0,2012-11-30,PHARMA,CDSL,"November 30, 2012"
Realty,17271.0,148.0,2012-11-30,REALTY,CDSL,"November 30, 2012"
Commercial Services & Supplies,6023.0,44.0,2012-11-30,SERVICES,CDSL,"November 30, 2012"
Diversified Consumer Services,679.0,-19.0,2012-11-30,SERVICES,CDSL,"November 30, 2012"
"Hotels, Restaurants & Tourism",4694.0,69.0,2012-11-30,SERVICES,CDSL,"November 30, 2012"
Retailing,2980.0,20.0,2012-11-30,SERVICES,CDSL,"November 30, 2012"
Telecom Services,28364.0,627.0,2012-11-30,TELECOM,CDSL,"November 30, 2012"
Telecommunications Equipment,149.0,10.0,2012-11-30,TELECOM,CDSL,"November 30, 2012"
"Textiles, Apparels & Accessories",17327.0,104.0,2012-11-30,TEXTILES,CDSL,"November 30, 2012"
Automobiles                             & Auto Components,58974.0,1327.0,2012-12-15,AUTO,CDSL,"December 15, 2012"
Capital                             Goods,70562.0,273.0,2012-12-15,CAPITAL_GOODS,CDSL,"December 15, 2012"
Consumer                             Durables,10284.0,187.0,2012-12-15,CAPITAL_GOODS,CDSL,"December 15, 2012"
General                             Industrials,6418.0,-25.0,2012-12-15,CAPITAL_GOODS,CDSL,"December 15, 2012"
Construction                             Materials,28141.0,-65.0,2012-12-15,CEMENT,CDSL,"December 15, 2012"
Chemicals                             & Petrochemicals,8540.0,-98.0,2012-12-15,CHEMICALS,CDSL,"December 15, 2012"
Forest                             Materials,456.0,6.0,2012-12-15,COMMODITIES,CDSL,"December 15, 2012"
Diversified,2498.0,-104.0,2012-12-15,DIVERSIFIED,CDSL,"December 15, 2012"
Others,16477.0,2717.0,2012-12-15,DIVERSIFIED,CDSL,"December 15, 2012"
Coal,13263.0,211.0,2012-12-15,ENERGY,CDSL,"December 15, 2012"
Oil                             & Gas,75562.0,629.0,2012-12-15,ENERGY,CDSL,"December 15, 2012"
Total                              Financial Services,352573.0,5381.0,2012-12-15,FINANCIAL_SERVICES,CDSL,"December 15, 2012"
"Food,                             Beverages & Tobacco",76583.0,1245.0,2012-12-15,FMCG,CDSL,"December 15, 2012"
Household                             & Personal Products,46049.0,821.0,2012-12-15,FMCG,CDSL,"December 15, 2012"
Healthcare                             Equipment & Supplies,970.0,-53.0,2012-12-15,HEALTHCARE,CDSL,"December 15, 2012"
Healthcare                             Services,4373.0,-72.0,2012-12-15,HEALTHCARE,CDSL,"December 15, 2012"
Utilities,37692.0,533.0,2012-12-15,INFRASTRUCTURE,CDSL,"December 15, 2012"
Hardware                             Technology & Equipment,233.0,0.0,2012-12-15,IT,CDSL,"December 15, 2012"
Software                             & Services,123007.0,2033.0,2012-12-15,IT,CDSL,"December 15, 2012"
Transportation,10424.0,100.0,2012-12-15,LOGISTICS,CDSL,"December 15, 2012"
Media,14178.0,222.0,2012-12-15,MEDIA,CDSL,"December 15, 2012"
Metals                             & Mining,41514.0,2121.0,2012-12-15,METAL,CDSL,"December 15, 2012"
Pharmaceuticals                             & Biotechnology,62815.0,960.0,2012-12-15,PHARMA,CDSL,"December 15, 2012"
Realty,17844.0,-33.0,2012-12-15,REALTY,CDSL,"December 15, 2012"
Commercial                             Services & Supplies,6620.0,44.0,2012-12-15,SERVICES,CDSL,"December 15, 2012"
Diversified                             Consumer Services,674.0,-11.0,2012-12-15,SERVICES,CDSL,"December 15, 2012"
"Hotels,                             Restaurants & Tourism",4971.0,98.0,2012-12-15,SERVICES,CDSL,"December 15, 2012"
Retailing,3077.0,14.0,2012-12-15,SERVICES,CDSL,"December 15, 2012"
Telecom                             Services,27126.0,872.0,2012-12-15,TELECOM,CDSL,"December 15, 2012"
Telecommunications                             Equipment,146.0,15.0,2012-12-15,TELECOM,CDSL,"December 15, 2012"
"Textiles,                             Apparels & Accessories",16497.0,78.0,2012-12-15,TEXTILES,CDSL,"December 15, 2012"
Automobiles   & Auto Components,60891.0,1497.0,2013-01-15,AUTO,CDSL,"January 15, 2013"
Capital   Goods,74979.0,1590.0,2013-01-15,CAPITAL_GOODS,CDSL,"January 15, 2013"
Consumer   Durables,10450.0,96.0,2013-01-15,CAPITAL_GOODS,CDSL,"January 15, 2013"
General   Industrials,7008.0,125.0,2013-01-15,CAPITAL_GOODS,CDSL,"January 15, 2013"
Construction   Materials,28017.0,609.0,2013-01-15,CEMENT,CDSL,"January 15, 2013"
Chemicals   & Petrochemicals,8998.0,15.0,2013-01-15,CHEMICALS,CDSL,"January 15, 2013"
Forest   Materials,476.0,-2.0,2013-01-15,COMMODITIES,CDSL,"January 15, 2013"
Diversified,2614.0,-34.0,2013-01-15,DIVERSIFIED,CDSL,"January 15, 2013"
Others,22627.0,5118.0,2013-01-15,DIVERSIFIED,CDSL,"January 15, 2013"
Coal,13276.0,-21.0,2013-01-15,ENERGY,CDSL,"January 15, 2013"
Oil   & Gas,80988.0,1616.0,2013-01-15,ENERGY,CDSL,"January 15, 2013"
Total    Financial Services,366387.0,6396.0,2013-01-15,FINANCIAL_SERVICES,CDSL,"January 15, 2013"
"Food,   Beverages & Tobacco",72756.0,-523.0,2013-01-15,FMCG,CDSL,"January 15, 2013"
Household   & Personal Products,45929.0,186.0,2013-01-15,FMCG,CDSL,"January 15, 2013"
Healthcare   Equipment & Supplies,1034.0,20.0,2013-01-15,HEALTHCARE,CDSL,"January 15, 2013"
Healthcare   Services,4384.0,17.0,2013-01-15,HEALTHCARE,CDSL,"January 15, 2013"
Utilities,39885.0,1193.0,2013-01-15,INFRASTRUCTURE,CDSL,"January 15, 2013"
Hardware   Technology & Equipment,255.0,0.0,2013-01-15,IT,CDSL,"January 15, 2013"
Software   & Services,141374.0,1223.0,2013-01-15,IT,CDSL,"January 15, 2013"
Transportation,10414.0,-39.0,2013-01-15,LOGISTICS,CDSL,"January 15, 2013"
Media,15509.0,220.0,2013-01-15,MEDIA,CDSL,"January 15, 2013"
Metals   & Mining,44467.0,777.0,2013-01-15,METAL,CDSL,"January 15, 2013"
Pharmaceuticals   & Biotechnology,65382.0,1207.0,2013-01-15,PHARMA,CDSL,"January 15, 2013"
Realty,19559.0,-107.0,2013-01-15,REALTY,CDSL,"January 15, 2013"
Commercial   Services & Supplies,7210.0,689.0,2013-01-15,SERVICES,CDSL,"January 15, 2013"
Diversified   Consumer Services,654.0,-2.0,2013-01-15,SERVICES,CDSL,"January 15, 2013"
"Hotels,   Restaurants & Tourism",4773.0,5.0,2013-01-15,SERVICES,CDSL,"January 15, 2013"
Retailing,3167.0,2.0,2013-01-15,SERVICES,CDSL,"January 15, 2013"
Telecom   Services,31352.0,419.0,2013-01-15,TELECOM,CDSL,"January 15, 2013"
Telecommunications   Equipment,149.0,12.0,2013-01-15,TELECOM,CDSL,"January 15, 2013"
"Textiles,   Apparels & Accessories",16516.0,108.0,2013-01-15,TEXTILES,CDSL,"January 15, 2013"
Automobiles   & Auto Components,60203.0,1559.0,2013-01-31,AUTO,CDSL,"January 31, 2013"
Capital   Goods,70736.0,666.0,2013-01-31,CAPITAL_GOODS,CDSL,"January 31, 2013"
Consumer   Durables,10808.0,165.0,2013-01-31,CAPITAL_GOODS,CDSL,"January 31, 2013"
General   Industrials,6619.0,108.0,2013-01-31,CAPITAL_GOODS,CDSL,"January 31, 2013"
Construction   Materials,27790.0,407.0,2013-01-31,CEMENT,CDSL,"January 31, 2013"
Chemicals   & Petrochemicals,8634.0,-14.0,2013-01-31,CHEMICALS,CDSL,"January 31, 2013"
Forest   Materials,468.0,5.0,2013-01-31,COMMODITIES,CDSL,"January 31, 2013"
Diversified,2586.0,-14.0,2013-01-31,DIVERSIFIED,CDSL,"January 31, 2013"
Others,22035.0,1180.0,2013-01-31,DIVERSIFIED,CDSL,"January 31, 2013"
Coal,13142.0,-19.0,2013-01-31,ENERGY,CDSL,"January 31, 2013"
Oil   & Gas,86499.0,3025.0,2013-01-31,ENERGY,CDSL,"January 31, 2013"
Total    Financial Services,361724.0,7109.0,2013-01-31,FINANCIAL_SERVICES,CDSL,"January 31, 2013"
"Food,   Beverages & Tobacco",76655.0,1213.0,2013-01-31,FMCG,CDSL,"January 31, 2013"
Household   & Personal Products,44320.0,415.0,2013-01-31,FMCG,CDSL,"January 31, 2013"
Healthcare   Equipment & Supplies,731.0,-2.0,2013-01-31,HEALTHCARE,CDSL,"January 31, 2013"
Healthcare   Services,4350.0,3.0,2013-01-31,HEALTHCARE,CDSL,"January 31, 2013"
Utilities,38155.0,169.0,2013-01-31,INFRASTRUCTURE,CDSL,"January 31, 2013"
Hardware   Technology & Equipment,229.0,0.0,2013-01-31,IT,CDSL,"January 31, 2013"
Software   & Services,142267.0,1741.0,2013-01-31,IT,CDSL,"January 31, 2013"
Transportation,10397.0,76.0,2013-01-31,LOGISTICS,CDSL,"January 31, 2013"
Media,15706.0,354.0,2013-01-31,MEDIA,CDSL,"January 31, 2013"
Metals   & Mining,42697.0,484.0,2013-01-31,METAL,CDSL,"January 31, 2013"
Pharmaceuticals   & Biotechnology,65347.0,1583.0,2013-01-31,PHARMA,CDSL,"January 31, 2013"
Realty,19574.0,377.0,2013-01-31,REALTY,CDSL,"January 31, 2013"
Commercial   Services & Supplies,6924.0,41.0,2013-01-31,SERVICES,CDSL,"January 31, 2013"
Diversified   Consumer Services,594.0,-1.0,2013-01-31,SERVICES,CDSL,"January 31, 2013"
"Hotels,   Restaurants & Tourism",4669.0,80.0,2013-01-31,SERVICES,CDSL,"January 31, 2013"
Retailing,3297.0,241.0,2013-01-31,SERVICES,CDSL,"January 31, 2013"
Telecom   Services,30901.0,952.0,2013-01-31,TELECOM,CDSL,"January 31, 2013"
Telecommunications   Equipment,139.0,15.0,2013-01-31,TELECOM,CDSL,"January 31, 2013"
"Textiles,   Apparels & Accessories",16182.0,140.0,2013-01-31,TEXTILES,CDSL,"January 31, 2013"
Automobiles & Auto Components,58749.0,1381.0,2013-02-15,AUTO,CDSL,"February 15, 2013"
Capital Goods,68147.0,329.0,2013-02-15,CAPITAL_GOODS,CDSL,"February 15, 2013"
Consumer Durables,11023.0,207.0,2013-02-15,CAPITAL_GOODS,CDSL,"February 15, 2013"
General Industrials,6277.0,98.0,2013-02-15,CAPITAL_GOODS,CDSL,"February 15, 2013"
Construction Materials,27380.0,287.0,2013-02-15,CEMENT,CDSL,"February 15, 2013"
Chemicals & Petrochemicals,8601.0,20.0,2013-02-15,CHEMICALS,CDSL,"February 15, 2013"
Forest Materials,419.0,-3.0,2013-02-15,COMMODITIES,CDSL,"February 15, 2013"
Diversified,2406.0,19.0,2013-02-15,DIVERSIFIED,CDSL,"February 15, 2013"
Others,21222.0,5234.0,2013-02-15,DIVERSIFIED,CDSL,"February 15, 2013"
Coal,12938.0,-122.0,2013-02-15,ENERGY,CDSL,"February 15, 2013"
Oil & Gas,84681.0,4011.0,2013-02-15,ENERGY,CDSL,"February 15, 2013"
Total  Financial Services,361414.0,6381.0,2013-02-15,FINANCIAL_SERVICES,CDSL,"February 15, 2013"
"Food, Beverages & Tobacco",75541.0,1029.0,2013-02-15,FMCG,CDSL,"February 15, 2013"
Household & Personal Products,43727.0,356.0,2013-02-15,FMCG,CDSL,"February 15, 2013"
Healthcare Equipment & Supplies,542.0,-39.0,2013-02-15,HEALTHCARE,CDSL,"February 15, 2013"
Healthcare Services,4475.0,24.0,2013-02-15,HEALTHCARE,CDSL,"February 15, 2013"
Utilities,41878.0,5422.0,2013-02-15,INFRASTRUCTURE,CDSL,"February 15, 2013"
Hardware Technology & Equipment,213.0,0.0,2013-02-15,IT,CDSL,"February 15, 2013"
Software & Services,146040.0,2913.0,2013-02-15,IT,CDSL,"February 15, 2013"
Transportation,10725.0,279.0,2013-02-15,LOGISTICS,CDSL,"February 15, 2013"
Media,15488.0,518.0,2013-02-15,MEDIA,CDSL,"February 15, 2013"
Metals & Mining,39066.0,103.0,2013-02-15,METAL,CDSL,"February 15, 2013"
Pharmaceuticals & Biotechnology,66170.0,1881.0,2013-02-15,PHARMA,CDSL,"February 15, 2013"
Realty,18151.0,577.0,2013-02-15,REALTY,CDSL,"February 15, 2013"
Commercial Services & Supplies,6429.0,211.0,2013-02-15,SERVICES,CDSL,"February 15, 2013"
Diversified Consumer Services,536.0,1.0,2013-02-15,SERVICES,CDSL,"February 15, 2013"
"Hotels, Restaurants & Tourism",4394.0,62.0,2013-02-15,SERVICES,CDSL,"February 15, 2013"
Retailing,3103.0,217.0,2013-02-15,SERVICES,CDSL,"February 15, 2013"
Telecom Services,29307.0,889.0,2013-02-15,TELECOM,CDSL,"February 15, 2013"
Telecommunications Equipment,133.0,16.0,2013-02-15,TELECOM,CDSL,"February 15, 2013"
"Textiles, Apparels & Accessories",15907.0,215.0,2013-02-15,TEXTILES,CDSL,"February 15, 2013"
Automobiles & Auto Components,57174.0,644.0,2013-02-28,AUTO,CDSL,"February 28, 2013"
Capital Goods,64395.0,-115.0,2013-02-28,CAPITAL_GOODS,CDSL,"February 28, 2013"
Consumer Durables,10617.0,153.0,2013-02-28,CAPITAL_GOODS,CDSL,"February 28, 2013"
General Industrials,6110.0,103.0,2013-02-28,CAPITAL_GOODS,CDSL,"February 28, 2013"
Construction Materials,27330.0,604.0,2013-02-28,CEMENT,CDSL,"February 28, 2013"
Chemicals & Petrochemicals,8087.0,32.0,2013-02-28,CHEMICALS,CDSL,"February 28, 2013"
Forest Materials,378.0,-9.0,2013-02-28,COMMODITIES,CDSL,"February 28, 2013"
Diversified,2292.0,5.0,2013-02-28,DIVERSIFIED,CDSL,"February 28, 2013"
Others,25581.0,5583.0,2013-02-28,DIVERSIFIED,CDSL,"February 28, 2013"
Coal,11336.0,-289.0,2013-02-28,ENERGY,CDSL,"February 28, 2013"
Oil & Gas,81547.0,1789.0,2013-02-28,ENERGY,CDSL,"February 28, 2013"
Total  Financial Services,336755.0,4519.0,2013-02-28,FINANCIAL_SERVICES,CDSL,"February 28, 2013"
"Food, Beverages & Tobacco",73934.0,-136.0,2013-02-28,FMCG,CDSL,"February 28, 2013"
Household & Personal Products,42565.0,122.0,2013-02-28,FMCG,CDSL,"February 28, 2013"
Healthcare Equipment & Supplies,439.0,-35.0,2013-02-28,HEALTHCARE,CDSL,"February 28, 2013"
Healthcare Services,4472.0,38.0,2013-02-28,HEALTHCARE,CDSL,"February 28, 2013"
Utilities,41125.0,5946.0,2013-02-28,INFRASTRUCTURE,CDSL,"February 28, 2013"
Hardware Technology & Equipment,195.0,0.0,2013-02-28,IT,CDSL,"February 28, 2013"
Software & Services,153083.0,2747.0,2013-02-28,IT,CDSL,"February 28, 2013"
Transportation,10688.0,395.0,2013-02-28,LOGISTICS,CDSL,"February 28, 2013"
Media,14882.0,425.0,2013-02-28,MEDIA,CDSL,"February 28, 2013"
Metals & Mining,35389.0,-789.0,2013-02-28,METAL,CDSL,"February 28, 2013"
Pharmaceuticals & Biotechnology,65888.0,1580.0,2013-02-28,PHARMA,CDSL,"February 28, 2013"
Realty,18183.0,645.0,2013-02-28,REALTY,CDSL,"February 28, 2013"
Commercial Services & Supplies,6305.0,222.0,2013-02-28,SERVICES,CDSL,"February 28, 2013"
Diversified Consumer Services,401.0,-13.0,2013-02-28,SERVICES,CDSL,"February 28, 2013"
"Hotels, Restaurants & Tourism",4097.0,-6.0,2013-02-28,SERVICES,CDSL,"February 28, 2013"
Retailing,2850.0,-22.0,2013-02-28,SERVICES,CDSL,"February 28, 2013"
Telecom Services,29852.0,130.0,2013-02-28,TELECOM,CDSL,"February 28, 2013"
Telecommunications Equipment,124.0,15.0,2013-02-28,TELECOM,CDSL,"February 28, 2013"
"Textiles, Apparels & Accessories",15556.0,154.0,2013-02-28,TEXTILES,CDSL,"February 28, 2013"
Automobiles & Auto Components,58478.0,262.0,2013-03-15,AUTO,CDSL,"March 15, 2013"
Capital Goods,66531.0,-241.0,2013-03-15,CAPITAL_GOODS,CDSL,"March 15, 2013"
Consumer Durables,11985.0,129.0,2013-03-15,CAPITAL_GOODS,CDSL,"March 15, 2013"
General Industrials,6236.0,60.0,2013-03-15,CAPITAL_GOODS,CDSL,"March 15, 2013"
Construction Materials,27545.0,511.0,2013-03-15,CEMENT,CDSL,"March 15, 2013"
Chemicals & Petrochemicals,8359.0,-34.0,2013-03-15,CHEMICALS,CDSL,"March 15, 2013"
Forest Materials,368.0,-6.0,2013-03-15,COMMODITIES,CDSL,"March 15, 2013"
Diversified,2345.0,22.0,2013-03-15,DIVERSIFIED,CDSL,"March 15, 2013"
Others,25521.0,1133.0,2013-03-15,DIVERSIFIED,CDSL,"March 15, 2013"
Coal,11585.0,-254.0,2013-03-15,ENERGY,CDSL,"March 15, 2013"
Oil & Gas,83426.0,-886.0,2013-03-15,ENERGY,CDSL,"March 15, 2013"
Total  Financial Services,349241.0,2597.0,2013-03-15,FINANCIAL_SERVICES,CDSL,"March 15, 2013"
"Food, Beverages & Tobacco",77034.0,830.0,2013-03-15,FMCG,CDSL,"March 15, 2013"
Household & Personal Products,44175.0,182.0,2013-03-15,FMCG,CDSL,"March 15, 2013"
Healthcare Equipment & Supplies,515.0,-11.0,2013-03-15,HEALTHCARE,CDSL,"March 15, 2013"
Healthcare Services,4365.0,20.0,2013-03-15,HEALTHCARE,CDSL,"March 15, 2013"
Utilities,42118.0,346.0,2013-03-15,INFRASTRUCTURE,CDSL,"March 15, 2013"
Hardware Technology & Equipment,237.0,-4.0,2013-03-15,IT,CDSL,"March 15, 2013"
Software & Services,157903.0,2506.0,2013-03-15,IT,CDSL,"March 15, 2013"
Transportation,10923.0,326.0,2013-03-15,LOGISTICS,CDSL,"March 15, 2013"
Media,15416.0,301.0,2013-03-15,MEDIA,CDSL,"March 15, 2013"
Metals & Mining,35585.0,-929.0,2013-03-15,METAL,CDSL,"March 15, 2013"
Pharmaceuticals & Biotechnology,68888.0,1334.0,2013-03-15,PHARMA,CDSL,"March 15, 2013"
Realty,18640.0,436.0,2013-03-15,REALTY,CDSL,"March 15, 2013"
Commercial Services & Supplies,6942.0,197.0,2013-03-15,SERVICES,CDSL,"March 15, 2013"
Diversified Consumer Services,384.0,-18.0,2013-03-15,SERVICES,CDSL,"March 15, 2013"
"Hotels, Restaurants & Tourism",4860.0,58.0,2013-03-15,SERVICES,CDSL,"March 15, 2013"
Retailing,2812.0,9.0,2013-03-15,SERVICES,CDSL,"March 15, 2013"
Telecom Services,28628.0,-368.0,2013-03-15,TELECOM,CDSL,"March 15, 2013"
Telecommunications Equipment,138.0,19.0,2013-03-15,TELECOM,CDSL,"March 15, 2013"
"Textiles, Apparels & Accessories",15370.0,63.0,2013-03-15,TEXTILES,CDSL,"March 15, 2013"
Automobiles & Auto Components,55133.0,375.0,2013-03-31,AUTO,CDSL,"March 31, 2013"
Capital Goods,61389.0,-65.0,2013-03-31,CAPITAL_GOODS,CDSL,"March 31, 2013"
Consumer Durables,12085.0,332.0,2013-03-31,CAPITAL_GOODS,CDSL,"March 31, 2013"
General Industrials,5865.0,64.0,2013-03-31,CAPITAL_GOODS,CDSL,"March 31, 2013"
Construction Materials,26252.0,334.0,2013-03-31,CEMENT,CDSL,"March 31, 2013"
Chemicals & Petrochemicals,8409.0,62.0,2013-03-31,CHEMICALS,CDSL,"March 31, 2013"
Forest Materials,354.0,1.0,2013-03-31,COMMODITIES,CDSL,"March 31, 2013"
Diversified,2295.0,48.0,2013-03-31,DIVERSIFIED,CDSL,"March 31, 2013"
Others,24427.0,493.0,2013-03-31,DIVERSIFIED,CDSL,"March 31, 2013"
Coal,11131.0,-48.0,2013-03-31,ENERGY,CDSL,"March 31, 2013"
Oil & Gas,77497.0,-718.0,2013-03-31,ENERGY,CDSL,"March 31, 2013"
Total  Financial Services,338178.0,2198.0,2013-03-31,FINANCIAL_SERVICES,CDSL,"March 31, 2013"
"Food, Beverages & Tobacco",77975.0,1294.0,2013-03-31,FMCG,CDSL,"March 31, 2013"
Household & Personal Products,44838.0,422.0,2013-03-31,FMCG,CDSL,"March 31, 2013"
Healthcare Equipment & Supplies,526.0,11.0,2013-03-31,HEALTHCARE,CDSL,"March 31, 2013"
Healthcare Services,4520.0,7.0,2013-03-31,HEALTHCARE,CDSL,"March 31, 2013"
Utilities,39940.0,-108.0,2013-03-31,INFRASTRUCTURE,CDSL,"March 31, 2013"
Hardware Technology & Equipment,220.0,-11.0,2013-03-31,IT,CDSL,"March 31, 2013"
Software & Services,158120.0,2013.0,2013-03-31,IT,CDSL,"March 31, 2013"
Transportation,10850.0,223.0,2013-03-31,LOGISTICS,CDSL,"March 31, 2013"
Media,14970.0,393.0,2013-03-31,MEDIA,CDSL,"March 31, 2013"
Metals & Mining,33851.0,-99.0,2013-03-31,METAL,CDSL,"March 31, 2013"
Pharmaceuticals & Biotechnology,69248.0,1873.0,2013-03-31,PHARMA,CDSL,"March 31, 2013"
Realty,16167.0,144.0,2013-03-31,REALTY,CDSL,"March 31, 2013"
Commercial Services & Supplies,5952.0,113.0,2013-03-31,SERVICES,CDSL,"March 31, 2013"
Diversified Consumer Services,314.0,-3.0,2013-03-31,SERVICES,CDSL,"March 31, 2013"
"Hotels, Restaurants & Tourism",4652.0,68.0,2013-03-31,SERVICES,CDSL,"March 31, 2013"
Retailing,2670.0,-2.0,2013-03-31,SERVICES,CDSL,"March 31, 2013"
Telecom Services,26758.0,-624.0,2013-03-31,TELECOM,CDSL,"March 31, 2013"
Telecommunications Equipment,132.0,15.0,2013-03-31,TELECOM,CDSL,"March 31, 2013"
"Textiles, Apparels & Accessories",15165.0,90.0,2013-03-31,TEXTILES,CDSL,"March 31, 2013"
Automobiles & Auto Components,54152.0,198.0,2013-04-15,AUTO,CDSL,"April 15, 2013"
Capital Goods,61718.0,-503.0,2013-04-15,CAPITAL_GOODS,CDSL,"April 15, 2013"
Consumer Durables,11532.0,301.0,2013-04-15,CAPITAL_GOODS,CDSL,"April 15, 2013"
General Industrials,5763.0,-1.0,2013-04-15,CAPITAL_GOODS,CDSL,"April 15, 2013"
Construction Materials,26232.0,115.0,2013-04-15,CEMENT,CDSL,"April 15, 2013"
Chemicals & Petrochemicals,8269.0,93.0,2013-04-15,CHEMICALS,CDSL,"April 15, 2013"
Forest Materials,419.0,64.0,2013-04-15,COMMODITIES,CDSL,"April 15, 2013"
Diversified,2219.0,23.0,2013-04-15,DIVERSIFIED,CDSL,"April 15, 2013"
Others,24596.0,591.0,2013-04-15,DIVERSIFIED,CDSL,"April 15, 2013"
Coal,10626.0,-35.0,2013-04-15,ENERGY,CDSL,"April 15, 2013"
Oil & Gas,79668.0,-959.0,2013-04-15,ENERGY,CDSL,"April 15, 2013"
Total  Financial Services,335621.0,858.0,2013-04-15,FINANCIAL_SERVICES,CDSL,"April 15, 2013"
"Food, Beverages & Tobacco",78413.0,909.0,2013-04-15,FMCG,CDSL,"April 15, 2013"
Household & Personal Products,46092.0,583.0,2013-04-15,FMCG,CDSL,"April 15, 2013"
Healthcare Equipment & Supplies,551.0,17.0,2013-04-15,HEALTHCARE,CDSL,"April 15, 2013"
Healthcare Services,4480.0,31.0,2013-04-15,HEALTHCARE,CDSL,"April 15, 2013"
Utilities,40283.0,-242.0,2013-04-15,INFRASTRUCTURE,CDSL,"April 15, 2013"
Hardware Technology & Equipment,223.0,-9.0,2013-04-15,IT,CDSL,"April 15, 2013"
Software & Services,139327.0,373.0,2013-04-15,IT,CDSL,"April 15, 2013"
Transportation,11222.0,134.0,2013-04-15,LOGISTICS,CDSL,"April 15, 2013"
Media,14684.0,225.0,2013-04-15,MEDIA,CDSL,"April 15, 2013"
Metals & Mining,32101.0,-170.0,2013-04-15,METAL,CDSL,"April 15, 2013"
Pharmaceuticals & Biotechnology,72373.0,1505.0,2013-04-15,PHARMA,CDSL,"April 15, 2013"
Realty,16646.0,57.0,2013-04-15,REALTY,CDSL,"April 15, 2013"
Commercial Services & Supplies,6220.0,-30.0,2013-04-15,SERVICES,CDSL,"April 15, 2013"
Diversified Consumer Services,286.0,-2.0,2013-04-15,SERVICES,CDSL,"April 15, 2013"
"Hotels, Restaurants & Tourism",4300.0,-7.0,2013-04-15,SERVICES,CDSL,"April 15, 2013"
Retailing,2636.0,7.0,2013-04-15,SERVICES,CDSL,"April 15, 2013"
Telecom Services,26248.0,-504.0,2013-04-15,TELECOM,CDSL,"April 15, 2013"
Telecommunications Equipment,126.0,8.0,2013-04-15,TELECOM,CDSL,"April 15, 2013"
"Textiles, Apparels & Accessories",15012.0,104.0,2013-04-15,TEXTILES,CDSL,"April 15, 2013"
Automobiles & Auto Components,60796.0,212.0,2013-04-30,AUTO,CDSL,"April 30, 2013"
Capital Goods,66471.0,-73.0,2013-04-30,CAPITAL_GOODS,CDSL,"April 30, 2013"
Consumer Durables,11793.0,81.0,2013-04-30,CAPITAL_GOODS,CDSL,"April 30, 2013"
General Industrials,5985.0,-6.0,2013-04-30,CAPITAL_GOODS,CDSL,"April 30, 2013"
Construction Materials,27565.0,173.0,2013-04-30,CEMENT,CDSL,"April 30, 2013"
Chemicals & Petrochemicals,8289.0,65.0,2013-04-30,CHEMICALS,CDSL,"April 30, 2013"
Forest Materials,420.0,62.0,2013-04-30,COMMODITIES,CDSL,"April 30, 2013"
Diversified,2379.0,-34.0,2013-04-30,DIVERSIFIED,CDSL,"April 30, 2013"
Others,26241.0,509.0,2013-04-30,DIVERSIFIED,CDSL,"April 30, 2013"
Coal,11384.0,-92.0,2013-04-30,ENERGY,CDSL,"April 30, 2013"
Oil & Gas,79776.0,-721.0,2013-04-30,ENERGY,CDSL,"April 30, 2013"
Total  Financial Services,364359.0,2792.0,2013-04-30,FINANCIAL_SERVICES,CDSL,"April 30, 2013"
"Food, Beverages & Tobacco",84727.0,850.0,2013-04-30,FMCG,CDSL,"April 30, 2013"
Household & Personal Products,53389.0,703.0,2013-04-30,FMCG,CDSL,"April 30, 2013"
Healthcare Equipment & Supplies,517.0,9.0,2013-04-30,HEALTHCARE,CDSL,"April 30, 2013"
Healthcare Services,4708.0,210.0,2013-04-30,HEALTHCARE,CDSL,"April 30, 2013"
Utilities,43099.0,370.0,2013-04-30,INFRASTRUCTURE,CDSL,"April 30, 2013"
Hardware Technology & Equipment,226.0,-3.0,2013-04-30,IT,CDSL,"April 30, 2013"
Software & Services,130740.0,-1880.0,2013-04-30,IT,CDSL,"April 30, 2013"
Transportation,11468.0,139.0,2013-04-30,LOGISTICS,CDSL,"April 30, 2013"
Media,16364.0,258.0,2013-04-30,MEDIA,CDSL,"April 30, 2013"
Metals & Mining,32755.0,-385.0,2013-04-30,METAL,CDSL,"April 30, 2013"
Pharmaceuticals & Biotechnology,76977.0,1390.0,2013-04-30,PHARMA,CDSL,"April 30, 2013"
Realty,17456.0,114.0,2013-04-30,REALTY,CDSL,"April 30, 2013"
Commercial Services & Supplies,6378.0,82.0,2013-04-30,SERVICES,CDSL,"April 30, 2013"
Diversified Consumer Services,306.0,-1.0,2013-04-30,SERVICES,CDSL,"April 30, 2013"
"Hotels, Restaurants & Tourism",4539.0,117.0,2013-04-30,SERVICES,CDSL,"April 30, 2013"
Retailing,2689.0,24.0,2013-04-30,SERVICES,CDSL,"April 30, 2013"
Telecom Services,30499.0,196.0,2013-04-30,TELECOM,CDSL,"April 30, 2013"
Telecommunications Equipment,134.0,11.0,2013-04-30,TELECOM,CDSL,"April 30, 2013"
"Textiles, Apparels & Accessories",16029.0,242.0,2013-04-30,TEXTILES,CDSL,"April 30, 2013"
Automobiles & Auto Components,63314.0,588.0,2013-05-15,AUTO,NSDL,"May 15, 2013"
Capital Goods,68660.0,628.0,2013-05-15,CAPITAL_GOODS,NSDL,"May 15, 2013"
Consumer Durables,12388.0,161.0,2013-05-15,CAPITAL_GOODS,NSDL,"May 15, 2013"
General Industrials,6163.0,11.0,2013-05-15,CAPITAL_GOODS,NSDL,"May 15, 2013"
Construction Materials,28198.0,296.0,2013-05-15,CEMENT,NSDL,"May 15, 2013"
Chemicals & Petrochemicals,9152.0,225.0,2013-05-15,CHEMICALS,NSDL,"May 15, 2013"
Forest Materials,423.0,1.0,2013-05-15,COMMODITIES,NSDL,"May 15, 2013"
Diversified,2484.0,-3.0,2013-05-15,DIVERSIFIED,NSDL,"May 15, 2013"
Others,26988.0,654.0,2013-05-15,DIVERSIFIED,NSDL,"May 15, 2013"
Coal,10816.0,18.0,2013-05-15,ENERGY,NSDL,"May 15, 2013"
Oil & Gas,82366.0,261.0,2013-05-15,ENERGY,NSDL,"May 15, 2013"
Total  Financial Services,385666.0,5959.0,2013-05-15,FINANCIAL_SERVICES,NSDL,"May 15, 2013"
"Food, Beverages & Tobacco",88564.0,1015.0,2013-05-15,FMCG,NSDL,"May 15, 2013"
Household & Personal Products,55134.0,1003.0,2013-05-15,FMCG,NSDL,"May 15, 2013"
Healthcare Equipment & Supplies,454.0,-5.0,2013-05-15,HEALTHCARE,NSDL,"May 15, 2013"
Healthcare Services,5499.0,214.0,2013-05-15,HEALTHCARE,NSDL,"May 15, 2013"
Utilities,44133.0,1229.0,2013-05-15,INFRASTRUCTURE,NSDL,"May 15, 2013"
Hardware Technology & Equipment,209.0,-1.0,2013-05-15,IT,NSDL,"May 15, 2013"
Software & Services,137966.0,-1689.0,2013-05-15,IT,NSDL,"May 15, 2013"
Transportation,11904.0,110.0,2013-05-15,LOGISTICS,NSDL,"May 15, 2013"
Media,17738.0,343.0,2013-05-15,MEDIA,NSDL,"May 15, 2013"
Metals & Mining,34224.0,402.0,2013-05-15,METAL,NSDL,"May 15, 2013"
Pharmaceuticals & Biotechnology,80957.0,1655.0,2013-05-15,PHARMA,NSDL,"May 15, 2013"
Realty,18006.0,60.0,2013-05-15,REALTY,NSDL,"May 15, 2013"
Commercial Services & Supplies,6630.0,84.0,2013-05-15,SERVICES,NSDL,"May 15, 2013"
Diversified Consumer Services,333.0,3.0,2013-05-15,SERVICES,NSDL,"May 15, 2013"
"Hotels, Restaurants & Tourism",4561.0,106.0,2013-05-15,SERVICES,NSDL,"May 15, 2013"
Retailing,2802.0,29.0,2013-05-15,SERVICES,NSDL,"May 15, 2013"
Telecom Services,31332.0,712.0,2013-05-15,TELECOM,NSDL,"May 15, 2013"
Telecommunications Equipment,147.0,20.0,2013-05-15,TELECOM,NSDL,"May 15, 2013"
"Textiles, Apparels & Accessories",16944.0,326.0,2013-05-15,TEXTILES,NSDL,"May 15, 2013"
Automobiles & Auto Components,62063.0,339.0,2013-05-31,AUTO,NSDL,"May 31, 2013"
Capital Goods,67267.0,1257.0,2013-05-31,CAPITAL_GOODS,NSDL,"May 31, 2013"
Consumer Durables,12527.0,241.0,2013-05-31,CAPITAL_GOODS,NSDL,"May 31, 2013"
General Industrials,6298.0,61.0,2013-05-31,CAPITAL_GOODS,NSDL,"May 31, 2013"
Construction Materials,27103.0,31.0,2013-05-31,CEMENT,NSDL,"May 31, 2013"
Chemicals & Petrochemicals,9271.0,565.0,2013-05-31,CHEMICALS,NSDL,"May 31, 2013"
Forest Materials,434.0,1.0,2013-05-31,COMMODITIES,NSDL,"May 31, 2013"
Diversified,2483.0,86.0,2013-05-31,DIVERSIFIED,NSDL,"May 31, 2013"
Others,26680.0,2828.0,2013-05-31,DIVERSIFIED,NSDL,"May 31, 2013"
Coal,11773.0,225.0,2013-05-31,ENERGY,NSDL,"May 31, 2013"
Oil & Gas,81432.0,1342.0,2013-05-31,ENERGY,NSDL,"May 31, 2013"
Total  Financial Services,375542.0,6346.0,2013-05-31,FINANCIAL_SERVICES,NSDL,"May 31, 2013"
"Food, Beverages & Tobacco",90264.0,1042.0,2013-05-31,FMCG,NSDL,"May 31, 2013"
Household & Personal Products,55496.0,495.0,2013-05-31,FMCG,NSDL,"May 31, 2013"
Healthcare Equipment & Supplies,281.0,0.0,2013-05-31,HEALTHCARE,NSDL,"May 31, 2013"
Healthcare Services,5905.0,73.0,2013-05-31,HEALTHCARE,NSDL,"May 31, 2013"
Utilities,42978.0,1468.0,2013-05-31,INFRASTRUCTURE,NSDL,"May 31, 2013"
Hardware Technology & Equipment,197.0,1.0,2013-05-31,IT,NSDL,"May 31, 2013"
Software & Services,140855.0,641.0,2013-05-31,IT,NSDL,"May 31, 2013"
Transportation,12250.0,674.0,2013-05-31,LOGISTICS,NSDL,"May 31, 2013"
Media,16664.0,431.0,2013-05-31,MEDIA,NSDL,"May 31, 2013"
Metals & Mining,32831.0,731.0,2013-05-31,METAL,NSDL,"May 31, 2013"
Pharmaceuticals & Biotechnology,81723.0,2238.0,2013-05-31,PHARMA,NSDL,"May 31, 2013"
Realty,17117.0,-195.0,2013-05-31,REALTY,NSDL,"May 31, 2013"
Commercial Services & Supplies,6592.0,420.0,2013-05-31,SERVICES,NSDL,"May 31, 2013"
Diversified Consumer Services,272.0,-1.0,2013-05-31,SERVICES,NSDL,"May 31, 2013"
"Hotels, Restaurants & Tourism",4563.0,6.0,2013-05-31,SERVICES,NSDL,"May 31, 2013"
Retailing,2640.0,37.0,2013-05-31,SERVICES,NSDL,"May 31, 2013"
Telecom Services,29857.0,538.0,2013-05-31,TELECOM,NSDL,"May 31, 2013"
Telecommunications Equipment,137.0,16.0,2013-05-31,TELECOM,NSDL,"May 31, 2013"
"Textiles, Apparels & Accessories",16691.0,236.0,2013-05-31,TEXTILES,NSDL,"May 31, 2013"
Automobiles & Auto Components,59011.0,-155.0,2013-06-15,AUTO,NSDL,"June 15, 2013"
Capital Goods,65256.0,739.0,2013-06-15,CAPITAL_GOODS,NSDL,"June 15, 2013"
Consumer Durables,11987.0,211.0,2013-06-15,CAPITAL_GOODS,NSDL,"June 15, 2013"
General Industrials,5823.0,94.0,2013-06-15,CAPITAL_GOODS,NSDL,"June 15, 2013"
Construction Materials,26735.0,-80.0,2013-06-15,CEMENT,NSDL,"June 15, 2013"
Chemicals & Petrochemicals,9056.0,450.0,2013-06-15,CHEMICALS,NSDL,"June 15, 2013"
Forest Materials,408.0,6.0,2013-06-15,COMMODITIES,NSDL,"June 15, 2013"
Diversified,2419.0,25.0,2013-06-15,DIVERSIFIED,NSDL,"June 15, 2013"
Others,25198.0,3479.0,2013-06-15,DIVERSIFIED,NSDL,"June 15, 2013"
Coal,10708.0,-102.0,2013-06-15,ENERGY,NSDL,"June 15, 2013"
Oil & Gas,80442.0,680.0,2013-06-15,ENERGY,NSDL,"June 15, 2013"
Total  Financial Services,354912.0,1471.0,2013-06-15,FINANCIAL_SERVICES,NSDL,"June 15, 2013"
"Food, Beverages & Tobacco",87622.0,337.0,2013-06-15,FMCG,NSDL,"June 15, 2013"
Household & Personal Products,53575.0,-428.0,2013-06-15,FMCG,NSDL,"June 15, 2013"
Healthcare Equipment & Supplies,167.0,-39.0,2013-06-15,HEALTHCARE,NSDL,"June 15, 2013"
Healthcare Services,6014.0,185.0,2013-06-15,HEALTHCARE,NSDL,"June 15, 2013"
Utilities,41483.0,839.0,2013-06-15,INFRASTRUCTURE,NSDL,"June 15, 2013"
Hardware Technology & Equipment,193.0,1.0,2013-06-15,IT,NSDL,"June 15, 2013"
Software & Services,138750.0,620.0,2013-06-15,IT,NSDL,"June 15, 2013"
Transportation,12975.0,1153.0,2013-06-15,LOGISTICS,NSDL,"June 15, 2013"
Media,15736.0,107.0,2013-06-15,MEDIA,NSDL,"June 15, 2013"
Metals & Mining,30248.0,314.0,2013-06-15,METAL,NSDL,"June 15, 2013"
Pharmaceuticals & Biotechnology,80438.0,1610.0,2013-06-15,PHARMA,NSDL,"June 15, 2013"
Realty,16248.0,-214.0,2013-06-15,REALTY,NSDL,"June 15, 2013"
Commercial Services & Supplies,5836.0,391.0,2013-06-15,SERVICES,NSDL,"June 15, 2013"
Diversified Consumer Services,187.0,-9.0,2013-06-15,SERVICES,NSDL,"June 15, 2013"
"Hotels, Restaurants & Tourism",4235.0,108.0,2013-06-15,SERVICES,NSDL,"June 15, 2013"
Retailing,2505.0,14.0,2013-06-15,SERVICES,NSDL,"June 15, 2013"
Telecom Services,29089.0,-124.0,2013-06-15,TELECOM,NSDL,"June 15, 2013"
Telecommunications Equipment,112.0,-2.0,2013-06-15,TELECOM,NSDL,"June 15, 2013"
"Textiles, Apparels & Accessories",15019.0,-7.0,2013-06-15,TEXTILES,NSDL,"June 15, 2013"
Automobiles & Auto Components,59858.0,-615.0,2013-06-30,AUTO,CDSL,"June 30, 2013"
Capital Goods,61454.0,-1271.0,2013-06-30,CAPITAL_GOODS,CDSL,"June 30, 2013"
Consumer Durables,12034.0,40.0,2013-06-30,CAPITAL_GOODS,CDSL,"June 30, 2013"
General Industrials,5643.0,83.0,2013-06-30,CAPITAL_GOODS,CDSL,"June 30, 2013"
Construction Materials,26765.0,-248.0,2013-06-30,CEMENT,CDSL,"June 30, 2013"
Chemicals & Petrochemicals,8864.0,73.0,2013-06-30,CHEMICALS,CDSL,"June 30, 2013"
Forest Materials,385.0,5.0,2013-06-30,COMMODITIES,CDSL,"June 30, 2013"
Diversified,2395.0,-77.0,2013-06-30,DIVERSIFIED,CDSL,"June 30, 2013"
Others,25631.0,1166.0,2013-06-30,DIVERSIFIED,CDSL,"June 30, 2013"
Coal,10675.0,-296.0,2013-06-30,ENERGY,CDSL,"June 30, 2013"
Oil & Gas,83242.0,-626.0,2013-06-30,ENERGY,CDSL,"June 30, 2013"
Total  Financial Services,347264.0,-5686.0,2013-06-30,FINANCIAL_SERVICES,CDSL,"June 30, 2013"
"Food, Beverages & Tobacco",83741.0,-1168.0,2013-06-30,FMCG,CDSL,"June 30, 2013"
Household & Personal Products,51224.0,-2166.0,2013-06-30,FMCG,CDSL,"June 30, 2013"
Healthcare Equipment & Supplies,150.0,-48.0,2013-06-30,HEALTHCARE,CDSL,"June 30, 2013"
Healthcare Services,6214.0,117.0,2013-06-30,HEALTHCARE,CDSL,"June 30, 2013"
Utilities,40841.0,67.0,2013-06-30,INFRASTRUCTURE,CDSL,"June 30, 2013"
Hardware Technology & Equipment,192.0,-1.0,2013-06-30,IT,CDSL,"June 30, 2013"
Software & Services,143936.0,-412.0,2013-06-30,IT,CDSL,"June 30, 2013"
Transportation,12788.0,638.0,2013-06-30,LOGISTICS,CDSL,"June 30, 2013"
Media,16419.0,-140.0,2013-06-30,MEDIA,CDSL,"June 30, 2013"
Metals & Mining,29011.0,-310.0,2013-06-30,METAL,CDSL,"June 30, 2013"
Pharmaceuticals & Biotechnology,81551.0,94.0,2013-06-30,PHARMA,CDSL,"June 30, 2013"
Realty,15456.0,-55.0,2013-06-30,REALTY,CDSL,"June 30, 2013"
Commercial Services & Supplies,6350.0,17.0,2013-06-30,SERVICES,CDSL,"June 30, 2013"
Diversified Consumer Services,187.0,-11.0,2013-06-30,SERVICES,CDSL,"June 30, 2013"
"Hotels, Restaurants & Tourism",4413.0,73.0,2013-06-30,SERVICES,CDSL,"June 30, 2013"
Retailing,2230.0,-16.0,2013-06-30,SERVICES,CDSL,"June 30, 2013"
Telecom Services,29822.0,-245.0,2013-06-30,TELECOM,CDSL,"June 30, 2013"
Telecommunications Equipment,138.0,-2.0,2013-06-30,TELECOM,CDSL,"June 30, 2013"
"Textiles, Apparels & Accessories",14432.0,-26.0,2013-06-30,TEXTILES,CDSL,"June 30, 2013"
Automobiles & Auto Components,58887.0,-623.0,2013-07-15,AUTO,NSDL,"July 15, 2013"
Capital Goods,58902.0,-1174.0,2013-07-15,CAPITAL_GOODS,NSDL,"July 15, 2013"
Consumer Durables,12609.0,12.0,2013-07-15,CAPITAL_GOODS,NSDL,"July 15, 2013"
General Industrials,5738.0,61.0,2013-07-15,CAPITAL_GOODS,NSDL,"July 15, 2013"
Construction Materials,27743.0,19.0,2013-07-15,CEMENT,NSDL,"July 15, 2013"
Chemicals & Petrochemicals,9183.0,-3.0,2013-07-15,CHEMICALS,NSDL,"July 15, 2013"
Forest Materials,429.0,32.0,2013-07-15,COMMODITIES,NSDL,"July 15, 2013"
Diversified,2461.0,-42.0,2013-07-15,DIVERSIFIED,NSDL,"July 15, 2013"
Others,27058.0,478.0,2013-07-15,DIVERSIFIED,NSDL,"July 15, 2013"
Coal,10250.0,-112.0,2013-07-15,ENERGY,NSDL,"July 15, 2013"
Oil & Gas,84047.0,384.0,2013-07-15,ENERGY,NSDL,"July 15, 2013"
Total  Financial Services,348414.0,-4323.0,2013-07-15,FINANCIAL_SERVICES,NSDL,"July 15, 2013"
"Food, Beverages & Tobacco",92346.0,-847.0,2013-07-15,FMCG,NSDL,"July 15, 2013"
Household & Personal Products,45764.0,-9792.0,2013-07-15,FMCG,NSDL,"July 15, 2013"
Healthcare Equipment & Supplies,224.0,-2.0,2013-07-15,HEALTHCARE,NSDL,"July 15, 2013"
Healthcare Services,5854.0,-50.0,2013-07-15,HEALTHCARE,NSDL,"July 15, 2013"
Utilities,41826.0,347.0,2013-07-15,INFRASTRUCTURE,NSDL,"July 15, 2013"
Hardware Technology & Equipment,193.0,-4.0,2013-07-15,IT,NSDL,"July 15, 2013"
Software & Services,156923.0,15.0,2013-07-15,IT,NSDL,"July 15, 2013"
Transportation,13081.0,195.0,2013-07-15,LOGISTICS,NSDL,"July 15, 2013"
Media,16904.0,110.0,2013-07-15,MEDIA,NSDL,"July 15, 2013"
Metals & Mining,29522.0,-463.0,2013-07-15,METAL,NSDL,"July 15, 2013"
Pharmaceuticals & Biotechnology,88101.0,392.0,2013-07-15,PHARMA,NSDL,"July 15, 2013"
Realty,15625.0,-84.0,2013-07-15,REALTY,NSDL,"July 15, 2013"
Commercial Services & Supplies,6161.0,10.0,2013-07-15,SERVICES,NSDL,"July 15, 2013"
Diversified Consumer Services,188.0,-6.0,2013-07-15,SERVICES,NSDL,"July 15, 2013"
"Hotels, Restaurants & Tourism",4886.0,64.0,2013-07-15,SERVICES,NSDL,"July 15, 2013"
Retailing,2265.0,3.0,2013-07-15,SERVICES,NSDL,"July 15, 2013"
Telecom Services,32699.0,158.0,2013-07-15,TELECOM,NSDL,"July 15, 2013"
Telecommunications Equipment,160.0,1.0,2013-07-15,TELECOM,NSDL,"July 15, 2013"
"Textiles, Apparels & Accessories",15121.0,243.0,2013-07-15,TEXTILES,NSDL,"July 15, 2013"
Automobiles   & Auto Components,57768.0,-602.0,2013-07-31,AUTO,CDSL,"July 31, 2013"
Capital   Goods,56998.0,-428.0,2013-07-31,CAPITAL_GOODS,CDSL,"July 31, 2013"
Consumer   Durables,10461.0,218.0,2013-07-31,CAPITAL_GOODS,CDSL,"July 31, 2013"
General   Industrials,5310.0,47.0,2013-07-31,CAPITAL_GOODS,CDSL,"July 31, 2013"
Construction   Materials,25229.0,290.0,2013-07-31,CEMENT,CDSL,"July 31, 2013"
Chemicals   & Petrochemicals,8408.0,86.0,2013-07-31,CHEMICALS,CDSL,"July 31, 2013"
Forest   Materials,384.0,34.0,2013-07-31,COMMODITIES,CDSL,"July 31, 2013"
Diversified,2609.0,36.0,2013-07-31,DIVERSIFIED,CDSL,"July 31, 2013"
Others,27614.0,569.0,2013-07-31,DIVERSIFIED,CDSL,"July 31, 2013"
Coal,9814.0,-37.0,2013-07-31,ENERGY,CDSL,"July 31, 2013"
Oil   & Gas,81829.0,879.0,2013-07-31,ENERGY,CDSL,"July 31, 2013"
Total    Financial Services,299758.0,-4705.0,2013-07-31,FINANCIAL_SERVICES,CDSL,"July 31, 2013"
"Food,   Beverages & Tobacco",87976.0,340.0,2013-07-31,FMCG,CDSL,"July 31, 2013"
Household   & Personal Products,45017.0,-7533.0,2013-07-31,FMCG,CDSL,"July 31, 2013"
Healthcare   Equipment & Supplies,179.0,8.0,2013-07-31,HEALTHCARE,CDSL,"July 31, 2013"
Healthcare   Services,5697.0,-1.0,2013-07-31,HEALTHCARE,CDSL,"July 31, 2013"
Utilities,38684.0,639.0,2013-07-31,INFRASTRUCTURE,CDSL,"July 31, 2013"
Hardware   Technology & Equipment,163.0,-10.0,2013-07-31,IT,CDSL,"July 31, 2013"
Software   & Services,172931.0,2564.0,2013-07-31,IT,CDSL,"July 31, 2013"
Transportation,11420.0,22.0,2013-07-31,LOGISTICS,CDSL,"July 31, 2013"
Media,17044.0,282.0,2013-07-31,MEDIA,CDSL,"July 31, 2013"
Metals   & Mining,25565.0,-283.0,2013-07-31,METAL,CDSL,"July 31, 2013"
Pharmaceuticals   & Biotechnology,71770.0,737.0,2013-07-31,PHARMA,CDSL,"July 31, 2013"
Realty,13384.0,50.0,2013-07-31,REALTY,CDSL,"July 31, 2013"
Commercial   Services & Supplies,5390.0,-21.0,2013-07-31,SERVICES,CDSL,"July 31, 2013"
Diversified   Consumer Services,147.0,-6.0,2013-07-31,SERVICES,CDSL,"July 31, 2013"
"Hotels,   Restaurants & Tourism",4662.0,108.0,2013-07-31,SERVICES,CDSL,"July 31, 2013"
Retailing,2227.0,18.0,2013-07-31,SERVICES,CDSL,"July 31, 2013"
Telecom   Services,35573.0,297.0,2013-07-31,TELECOM,CDSL,"July 31, 2013"
Telecommunications   Equipment,135.0,1.0,2013-07-31,TELECOM,CDSL,"July 31, 2013"
"Textiles,   Apparels & Accessories",14943.0,314.0,2013-07-31,TEXTILES,CDSL,"July 31, 2013"
Automobiles   & Auto Components,58173.0,-402.0,2013-08-15,AUTO,CDSL,"August 15, 2013"
Capital   Goods,56769.0,-341.0,2013-08-15,CAPITAL_GOODS,CDSL,"August 15, 2013"
Consumer   Durables,3520.0,192.0,2013-08-15,CAPITAL_GOODS,CDSL,"August 15, 2013"
General   Industrials,5372.0,18.0,2013-08-15,CAPITAL_GOODS,CDSL,"August 15, 2013"
Construction   Materials,25074.0,110.0,2013-08-15,CEMENT,CDSL,"August 15, 2013"
Chemicals   & Petrochemicals,8799.0,142.0,2013-08-15,CHEMICALS,CDSL,"August 15, 2013"
Forest   Materials,377.0,2.0,2013-08-15,COMMODITIES,CDSL,"August 15, 2013"
Diversified,2838.0,98.0,2013-08-15,DIVERSIFIED,CDSL,"August 15, 2013"
Others,36242.0,42.0,2013-08-15,DIVERSIFIED,CDSL,"August 15, 2013"
Coal,9553.0,94.0,2013-08-15,ENERGY,CDSL,"August 15, 2013"
Oil   & Gas,81480.0,148.0,2013-08-15,ENERGY,CDSL,"August 15, 2013"
Total    Financial Services,299873.0,-3882.0,2013-08-15,FINANCIAL_SERVICES,CDSL,"August 15, 2013"
"Food,   Beverages & Tobacco",86432.0,-192.0,2013-08-15,FMCG,CDSL,"August 15, 2013"
Household   & Personal Products,46050.0,81.0,2013-08-15,FMCG,CDSL,"August 15, 2013"
Healthcare   Equipment & Supplies,199.0,4.0,2013-08-15,HEALTHCARE,CDSL,"August 15, 2013"
Healthcare   Services,5833.0,12.0,2013-08-15,HEALTHCARE,CDSL,"August 15, 2013"
Utilities,40133.0,573.0,2013-08-15,INFRASTRUCTURE,CDSL,"August 15, 2013"
Hardware   Technology & Equipment,139.0,-8.0,2013-08-15,IT,CDSL,"August 15, 2013"
Software   & Services,177233.0,2853.0,2013-08-15,IT,CDSL,"August 15, 2013"
Transportation,12458.0,-10.0,2013-08-15,LOGISTICS,CDSL,"August 15, 2013"
Media,17757.0,325.0,2013-08-15,MEDIA,CDSL,"August 15, 2013"
Metals   & Mining,27798.0,45.0,2013-08-15,METAL,CDSL,"August 15, 2013"
Pharmaceuticals   & Biotechnology,85016.0,166.0,2013-08-15,PHARMA,CDSL,"August 15, 2013"
Realty,13739.0,94.0,2013-08-15,REALTY,CDSL,"August 15, 2013"
Commercial   Services & Supplies,5268.0,-10.0,2013-08-15,SERVICES,CDSL,"August 15, 2013"
Diversified   Consumer Services,138.0,-5.0,2013-08-15,SERVICES,CDSL,"August 15, 2013"
"Hotels,   Restaurants & Tourism",4428.0,12.0,2013-08-15,SERVICES,CDSL,"August 15, 2013"
Retailing,2277.0,7.0,2013-08-15,SERVICES,CDSL,"August 15, 2013"
Telecom   Services,35533.0,213.0,2013-08-15,TELECOM,CDSL,"August 15, 2013"
Telecommunications   Equipment,132.0,-9.0,2013-08-15,TELECOM,CDSL,"August 15, 2013"
"Textiles,   Apparels & Accessories",14741.0,251.0,2013-08-15,TEXTILES,CDSL,"August 15, 2013"
Automobiles   & Auto Components,54788.0,-29.0,2013-08-31,AUTO,CDSL,"August 31, 2013"
Capital   Goods,52758.0,-479.0,2013-08-31,CAPITAL_GOODS,CDSL,"August 31, 2013"
Consumer   Durables,3316.0,113.0,2013-08-31,CAPITAL_GOODS,CDSL,"August 31, 2013"
General   Industrials,5021.0,-10.0,2013-08-31,CAPITAL_GOODS,CDSL,"August 31, 2013"
Construction   Materials,22244.0,68.0,2013-08-31,CEMENT,CDSL,"August 31, 2013"
Chemicals   & Petrochemicals,8192.0,89.0,2013-08-31,CHEMICALS,CDSL,"August 31, 2013"
Forest   Materials,360.0,2.0,2013-08-31,COMMODITIES,CDSL,"August 31, 2013"
Diversified,2507.0,23.0,2013-08-31,DIVERSIFIED,CDSL,"August 31, 2013"
Others,35684.0,419.0,2013-08-31,DIVERSIFIED,CDSL,"August 31, 2013"
Coal,8728.0,-121.0,2013-08-31,ENERGY,CDSL,"August 31, 2013"
Oil   & Gas,77454.0,-552.0,2013-08-31,ENERGY,CDSL,"August 31, 2013"
Total    Financial Services,265119.0,-4509.0,2013-08-31,FINANCIAL_SERVICES,CDSL,"August 31, 2013"
"Food,   Beverages & Tobacco",78923.0,-1445.0,2013-08-31,FMCG,CDSL,"August 31, 2013"
Household   & Personal Products,44651.0,-293.0,2013-08-31,FMCG,CDSL,"August 31, 2013"
Healthcare   Equipment & Supplies,180.0,-3.0,2013-08-31,HEALTHCARE,CDSL,"August 31, 2013"
Healthcare   Services,5282.0,28.0,2013-08-31,HEALTHCARE,CDSL,"August 31, 2013"
Utilities,38125.0,556.0,2013-08-31,INFRASTRUCTURE,CDSL,"August 31, 2013"
Hardware   Technology & Equipment,119.0,-2.0,2013-08-31,IT,CDSL,"August 31, 2013"
Software   & Services,187462.0,823.0,2013-08-31,IT,CDSL,"August 31, 2013"
Transportation,11450.0,-17.0,2013-08-31,LOGISTICS,CDSL,"August 31, 2013"
Media,16147.0,124.0,2013-08-31,MEDIA,CDSL,"August 31, 2013"
Metals   & Mining,27712.0,-80.0,2013-08-31,METAL,CDSL,"August 31, 2013"
Pharmaceuticals   & Biotechnology,83106.0,-481.0,2013-08-31,PHARMA,CDSL,"August 31, 2013"
Realty,11798.0,-71.0,2013-08-31,REALTY,CDSL,"August 31, 2013"
Commercial   Services & Supplies,4700.0,14.0,2013-08-31,SERVICES,CDSL,"August 31, 2013"
Diversified   Consumer Services,126.0,-3.0,2013-08-31,SERVICES,CDSL,"August 31, 2013"
"Hotels,   Restaurants & Tourism",4239.0,3.0,2013-08-31,SERVICES,CDSL,"August 31, 2013"
Retailing,2179.0,81.0,2013-08-31,SERVICES,CDSL,"August 31, 2013"
Telecom   Services,31457.0,-174.0,2013-08-31,TELECOM,CDSL,"August 31, 2013"
Telecommunications   Equipment,127.0,-9.0,2013-08-31,TELECOM,CDSL,"August 31, 2013"
"Textiles,   Apparels & Accessories",13176.0,15.0,2013-08-31,TEXTILES,CDSL,"August 31, 2013"
Automobiles   & Auto Components,57547.0,-5.0,2013-09-15,AUTO,CDSL,"September 15, 2013"
Capital   Goods,59368.0,-91.0,2013-09-15,CAPITAL_GOODS,CDSL,"September 15, 2013"
Consumer   Durables,3480.0,90.0,2013-09-15,CAPITAL_GOODS,CDSL,"September 15, 2013"
General   Industrials,5099.0,-7.0,2013-09-15,CAPITAL_GOODS,CDSL,"September 15, 2013"
Construction   Materials,24729.0,136.0,2013-09-15,CEMENT,CDSL,"September 15, 2013"
Chemicals   & Petrochemicals,8720.0,105.0,2013-09-15,CHEMICALS,CDSL,"September 15, 2013"
Forest   Materials,377.0,1.0,2013-09-15,COMMODITIES,CDSL,"September 15, 2013"
Diversified,2660.0,-13.0,2013-09-15,DIVERSIFIED,CDSL,"September 15, 2013"
Others,38400.0,1154.0,2013-09-15,DIVERSIFIED,CDSL,"September 15, 2013"
Coal,10175.0,-99.0,2013-09-15,ENERGY,CDSL,"September 15, 2013"
Oil   & Gas,81781.0,194.0,2013-09-15,ENERGY,CDSL,"September 15, 2013"
Total    Financial Services,298869.0,-3288.0,2013-09-15,FINANCIAL_SERVICES,CDSL,"September 15, 2013"
"Food,   Beverages & Tobacco",86330.0,-776.0,2013-09-15,FMCG,CDSL,"September 15, 2013"
Household   & Personal Products,45260.0,104.0,2013-09-15,FMCG,CDSL,"September 15, 2013"
Healthcare   Equipment & Supplies,188.0,-8.0,2013-09-15,HEALTHCARE,CDSL,"September 15, 2013"
Healthcare   Services,5233.0,5.0,2013-09-15,HEALTHCARE,CDSL,"September 15, 2013"
Utilities,40438.0,90.0,2013-09-15,INFRASTRUCTURE,CDSL,"September 15, 2013"
Hardware   Technology & Equipment,137.0,-2.0,2013-09-15,IT,CDSL,"September 15, 2013"
Software   & Services,184498.0,1874.0,2013-09-15,IT,CDSL,"September 15, 2013"
Transportation,10839.0,-27.0,2013-09-15,LOGISTICS,CDSL,"September 15, 2013"
Media,16112.0,40.0,2013-09-15,MEDIA,CDSL,"September 15, 2013"
Metals   & Mining,32985.0,148.0,2013-09-15,METAL,CDSL,"September 15, 2013"
Pharmaceuticals   & Biotechnology,87547.0,-137.0,2013-09-15,PHARMA,CDSL,"September 15, 2013"
Realty,13381.0,-94.0,2013-09-15,REALTY,CDSL,"September 15, 2013"
Commercial   Services & Supplies,4707.0,-18.0,2013-09-15,SERVICES,CDSL,"September 15, 2013"
Diversified   Consumer Services,148.0,-3.0,2013-09-15,SERVICES,CDSL,"September 15, 2013"
"Hotels,   Restaurants & Tourism",4506.0,27.0,2013-09-15,SERVICES,CDSL,"September 15, 2013"
Retailing,2286.0,91.0,2013-09-15,SERVICES,CDSL,"September 15, 2013"
Telecom   Services,33707.0,-297.0,2013-09-15,TELECOM,CDSL,"September 15, 2013"
Telecommunications   Equipment,124.0,1.0,2013-09-15,TELECOM,CDSL,"September 15, 2013"
"Textiles,   Apparels & Accessories",13925.0,-50.0,2013-09-15,TEXTILES,CDSL,"September 15, 2013"
Automobiles & Auto Components,58180.0,433.0,2013-09-30,AUTO,CDSL,"September 30, 2013"
Capital Goods,58589.0,915.0,2013-09-30,CAPITAL_GOODS,CDSL,"September 30, 2013"
Consumer Durables,3754.0,119.0,2013-09-30,CAPITAL_GOODS,CDSL,"September 30, 2013"
General Industrials,5217.0,41.0,2013-09-30,CAPITAL_GOODS,CDSL,"September 30, 2013"
Construction Materials,25968.0,340.0,2013-09-30,CEMENT,CDSL,"September 30, 2013"
Chemicals & Petrochemicals,8997.0,227.0,2013-09-30,CHEMICALS,CDSL,"September 30, 2013"
Forest Materials,360.0,0.0,2013-09-30,COMMODITIES,CDSL,"September 30, 2013"
Diversified,2812.0,50.0,2013-09-30,DIVERSIFIED,CDSL,"September 30, 2013"
Others,39350.0,1356.0,2013-09-30,DIVERSIFIED,CDSL,"September 30, 2013"
Coal,10550.0,432.0,2013-09-30,ENERGY,CDSL,"September 30, 2013"
Oil & Gas,78803.0,1571.0,2013-09-30,ENERGY,CDSL,"September 30, 2013"
Total  Financial Services,285551.0,2663.0,2013-09-30,FINANCIAL_SERVICES,CDSL,"September 30, 2013"
"Food, Beverages & Tobacco",88130.0,565.0,2013-09-30,FMCG,CDSL,"September 30, 2013"
Household & Personal Products,45953.0,241.0,2013-09-30,FMCG,CDSL,"September 30, 2013"
Healthcare Equipment & Supplies,141.0,-14.0,2013-09-30,HEALTHCARE,CDSL,"September 30, 2013"
Healthcare Services,5634.0,-26.0,2013-09-30,HEALTHCARE,CDSL,"September 30, 2013"
Utilities,42123.0,593.0,2013-09-30,INFRASTRUCTURE,CDSL,"September 30, 2013"
Hardware Technology & Equipment,134.0,-6.0,2013-09-30,IT,CDSL,"September 30, 2013"
Software & Services,185172.0,1702.0,2013-09-30,IT,CDSL,"September 30, 2013"
Transportation,12509.0,148.0,2013-09-30,LOGISTICS,CDSL,"September 30, 2013"
Media,16507.0,206.0,2013-09-30,MEDIA,CDSL,"September 30, 2013"
Metals & Mining,32830.0,497.0,2013-09-30,METAL,CDSL,"September 30, 2013"
Pharmaceuticals & Biotechnology,89223.0,810.0,2013-09-30,PHARMA,CDSL,"September 30, 2013"
Realty,12104.0,119.0,2013-09-30,REALTY,CDSL,"September 30, 2013"
Commercial Services & Supplies,4683.0,-1.0,2013-09-30,SERVICES,CDSL,"September 30, 2013"
Diversified Consumer Services,130.0,-5.0,2013-09-30,SERVICES,CDSL,"September 30, 2013"
"Hotels, Restaurants & Tourism",4773.0,21.0,2013-09-30,SERVICES,CDSL,"September 30, 2013"
Retailing,2305.0,6.0,2013-09-30,SERVICES,CDSL,"September 30, 2013"
Telecom Services,33874.0,77.0,2013-09-30,TELECOM,CDSL,"September 30, 2013"
Telecommunications Equipment,129.0,1.0,2013-09-30,TELECOM,CDSL,"September 30, 2013"
"Textiles, Apparels & Accessories",14328.0,-27.0,2013-09-30,TEXTILES,CDSL,"September 30, 2013"
Automobiles & Auto Components,61144.0,686.0,2013-10-15,AUTO,CDSL,"October 15, 2013"
Capital Goods,66046.0,1000.0,2013-10-15,CAPITAL_GOODS,CDSL,"October 15, 2013"
Consumer Durables,3710.0,109.0,2013-10-15,CAPITAL_GOODS,CDSL,"October 15, 2013"
General Industrials,5547.0,91.0,2013-10-15,CAPITAL_GOODS,CDSL,"October 15, 2013"
Construction Materials,27881.0,358.0,2013-10-15,CEMENT,CDSL,"October 15, 2013"
Chemicals & Petrochemicals,9291.0,230.0,2013-10-15,CHEMICALS,CDSL,"October 15, 2013"
Forest Materials,386.0,-7.0,2013-10-15,COMMODITIES,CDSL,"October 15, 2013"
Diversified,2813.0,26.0,2013-10-15,DIVERSIFIED,CDSL,"October 15, 2013"
Others,41969.0,777.0,2013-10-15,DIVERSIFIED,CDSL,"October 15, 2013"
Coal,10250.0,389.0,2013-10-15,ENERGY,CDSL,"October 15, 2013"
Oil & Gas,81967.0,936.0,2013-10-15,ENERGY,CDSL,"October 15, 2013"
Total  Financial Services,304149.0,1570.0,2013-10-15,FINANCIAL_SERVICES,CDSL,"October 15, 2013"
"Food, Beverages & Tobacco",88203.0,126.0,2013-10-15,FMCG,CDSL,"October 15, 2013"
Household & Personal Products,44900.0,130.0,2013-10-15,FMCG,CDSL,"October 15, 2013"
Healthcare Equipment & Supplies,149.0,-9.0,2013-10-15,HEALTHCARE,CDSL,"October 15, 2013"
Healthcare Services,5420.0,-11.0,2013-10-15,HEALTHCARE,CDSL,"October 15, 2013"
Utilities,42332.0,831.0,2013-10-15,INFRASTRUCTURE,CDSL,"October 15, 2013"
Hardware Technology & Equipment,122.0,-6.0,2013-10-15,IT,CDSL,"October 15, 2013"
Software & Services,208876.0,1954.0,2013-10-15,IT,CDSL,"October 15, 2013"
Transportation,12982.0,185.0,2013-10-15,LOGISTICS,CDSL,"October 15, 2013"
Media,17508.0,457.0,2013-10-15,MEDIA,CDSL,"October 15, 2013"
Metals & Mining,34608.0,237.0,2013-10-15,METAL,CDSL,"October 15, 2013"
Pharmaceuticals & Biotechnology,92615.0,1230.0,2013-10-15,PHARMA,CDSL,"October 15, 2013"
Realty,13807.0,225.0,2013-10-15,REALTY,CDSL,"October 15, 2013"
Commercial Services & Supplies,5270.0,38.0,2013-10-15,SERVICES,CDSL,"October 15, 2013"
Diversified Consumer Services,135.0,-7.0,2013-10-15,SERVICES,CDSL,"October 15, 2013"
"Hotels, Restaurants & Tourism",4713.0,40.0,2013-10-15,SERVICES,CDSL,"October 15, 2013"
Retailing,2376.0,-20.0,2013-10-15,SERVICES,CDSL,"October 15, 2013"
Telecom Services,36205.0,158.0,2013-10-15,TELECOM,CDSL,"October 15, 2013"
Telecommunications Equipment,123.0,0.0,2013-10-15,TELECOM,CDSL,"October 15, 2013"
"Textiles, Apparels & Accessories",14646.0,-63.0,2013-10-15,TEXTILES,CDSL,"October 15, 2013"
Automobiles   & Auto Components,63485.0,749.0,2013-10-31,AUTO,CDSL,"October 31, 2013"
Capital   Goods,68608.0,1375.0,2013-10-31,CAPITAL_GOODS,CDSL,"October 31, 2013"
Consumer   Durables,3867.0,73.0,2013-10-31,CAPITAL_GOODS,CDSL,"October 31, 2013"
General   Industrials,5984.0,101.0,2013-10-31,CAPITAL_GOODS,CDSL,"October 31, 2013"
Construction   Materials,27633.0,330.0,2013-10-31,CEMENT,CDSL,"October 31, 2013"
Chemicals   & Petrochemicals,10123.0,251.0,2013-10-31,CHEMICALS,CDSL,"October 31, 2013"
Forest   Materials,387.0,-7.0,2013-10-31,COMMODITIES,CDSL,"October 31, 2013"
Diversified,2820.0,17.0,2013-10-31,DIVERSIFIED,CDSL,"October 31, 2013"
Others,47920.0,286.0,2013-10-31,DIVERSIFIED,CDSL,"October 31, 2013"
Coal,10364.0,49.0,2013-10-31,ENERGY,CDSL,"October 31, 2013"
Oil   & Gas,86893.0,1429.0,2013-10-31,ENERGY,CDSL,"October 31, 2013"
Total    Financial Services,329491.0,2486.0,2013-10-31,FINANCIAL_SERVICES,CDSL,"October 31, 2013"
"Food,   Beverages & Tobacco",89173.0,33.0,2013-10-31,FMCG,CDSL,"October 31, 2013"
Household   & Personal Products,45774.0,-157.0,2013-10-31,FMCG,CDSL,"October 31, 2013"
Healthcare   Equipment & Supplies,158.0,0.0,2013-10-31,HEALTHCARE,CDSL,"October 31, 2013"
Healthcare   Services,5489.0,-10.0,2013-10-31,HEALTHCARE,CDSL,"October 31, 2013"
Utilities,44309.0,523.0,2013-10-31,INFRASTRUCTURE,CDSL,"October 31, 2013"
Hardware   Technology & Equipment,124.0,-1.0,2013-10-31,IT,CDSL,"October 31, 2013"
Software   & Services,204989.0,4632.0,2013-10-31,IT,CDSL,"October 31, 2013"
Transportation,13298.0,233.0,2013-10-31,LOGISTICS,CDSL,"October 31, 2013"
Media,19049.0,550.0,2013-10-31,MEDIA,CDSL,"October 31, 2013"
Metals   & Mining,37128.0,939.0,2013-10-31,METAL,CDSL,"October 31, 2013"
Pharmaceuticals   & Biotechnology,91899.0,993.0,2013-10-31,PHARMA,CDSL,"October 31, 2013"
Realty,13965.0,153.0,2013-10-31,REALTY,CDSL,"October 31, 2013"
Commercial   Services & Supplies,6414.0,54.0,2013-10-31,SERVICES,CDSL,"October 31, 2013"
Diversified   Consumer Services,153.0,-5.0,2013-10-31,SERVICES,CDSL,"October 31, 2013"
"Hotels,   Restaurants & Tourism",4999.0,39.0,2013-10-31,SERVICES,CDSL,"October 31, 2013"
Retailing,2513.0,-75.0,2013-10-31,SERVICES,CDSL,"October 31, 2013"
Telecom   Services,37572.0,479.0,2013-10-31,TELECOM,CDSL,"October 31, 2013"
Telecommunications   Equipment,121.0,-1.0,2013-10-31,TELECOM,CDSL,"October 31, 2013"
"Textiles,   Apparels & Accessories",15792.0,187.0,2013-10-31,TEXTILES,CDSL,"October 31, 2013"
Automobiles   & Auto Components,63533.0,621.0,2013-11-15,AUTO,CDSL,"November 15, 2013"
Capital   Goods,68928.0,1356.0,2013-11-15,CAPITAL_GOODS,CDSL,"November 15, 2013"
Consumer   Durables,3813.0,65.0,2013-11-15,CAPITAL_GOODS,CDSL,"November 15, 2013"
General   Industrials,6160.0,95.0,2013-11-15,CAPITAL_GOODS,CDSL,"November 15, 2013"
Construction   Materials,26198.0,147.0,2013-11-15,CEMENT,CDSL,"November 15, 2013"
Chemicals   & Petrochemicals,10264.0,398.0,2013-11-15,CHEMICALS,CDSL,"November 15, 2013"
Forest   Materials,379.0,0.0,2013-11-15,COMMODITIES,CDSL,"November 15, 2013"
Diversified,2768.0,4.0,2013-11-15,DIVERSIFIED,CDSL,"November 15, 2013"
Others,47410.0,208.0,2013-11-15,DIVERSIFIED,CDSL,"November 15, 2013"
Coal,10042.0,139.0,2013-11-15,ENERGY,CDSL,"November 15, 2013"
Oil   & Gas,82532.0,1760.0,2013-11-15,ENERGY,CDSL,"November 15, 2013"
Total    Financial Services,312443.0,2448.0,2013-11-15,FINANCIAL_SERVICES,CDSL,"November 15, 2013"
"Food,   Beverages & Tobacco",83716.0,130.0,2013-11-15,FMCG,CDSL,"November 15, 2013"
Household   & Personal Products,43928.0,-144.0,2013-11-15,FMCG,CDSL,"November 15, 2013"
Healthcare   Equipment & Supplies,154.0,1.0,2013-11-15,HEALTHCARE,CDSL,"November 15, 2013"
Healthcare   Services,5370.0,11.0,2013-11-15,HEALTHCARE,CDSL,"November 15, 2013"
Utilities,43428.0,529.0,2013-11-15,INFRASTRUCTURE,CDSL,"November 15, 2013"
Hardware   Technology & Equipment,118.0,-1.0,2013-11-15,IT,CDSL,"November 15, 2013"
Software   & Services,205905.0,4149.0,2013-11-15,IT,CDSL,"November 15, 2013"
Transportation,13565.0,178.0,2013-11-15,LOGISTICS,CDSL,"November 15, 2013"
Media,19428.0,457.0,2013-11-15,MEDIA,CDSL,"November 15, 2013"
Metals   & Mining,37576.0,1296.0,2013-11-15,METAL,CDSL,"November 15, 2013"
Pharmaceuticals   & Biotechnology,91607.0,-142.0,2013-11-15,PHARMA,CDSL,"November 15, 2013"
Realty,13479.0,17.0,2013-11-15,REALTY,CDSL,"November 15, 2013"
Commercial   Services & Supplies,7280.0,69.0,2013-11-15,SERVICES,CDSL,"November 15, 2013"
Diversified   Consumer Services,156.0,-1.0,2013-11-15,SERVICES,CDSL,"November 15, 2013"
"Hotels,   Restaurants & Tourism",5141.0,47.0,2013-11-15,SERVICES,CDSL,"November 15, 2013"
Retailing,2594.0,-25.0,2013-11-15,SERVICES,CDSL,"November 15, 2013"
Telecom   Services,35794.0,670.0,2013-11-15,TELECOM,CDSL,"November 15, 2013"
Telecommunications   Equipment,128.0,-1.0,2013-11-15,TELECOM,CDSL,"November 15, 2013"
"Textiles,   Apparels & Accessories",15015.0,247.0,2013-11-15,TEXTILES,CDSL,"November 15, 2013"
Automobiles & Auto Components,64873.0,486.0,2013-11-30,AUTO,CDSL,"November 30, 2013"
Capital Goods,75146.0,1759.0,2013-11-30,CAPITAL_GOODS,CDSL,"November 30, 2013"
Consumer Durables,3985.0,55.0,2013-11-30,CAPITAL_GOODS,CDSL,"November 30, 2013"
General Industrials,6524.0,81.0,2013-11-30,CAPITAL_GOODS,CDSL,"November 30, 2013"
Construction Materials,26902.0,-167.0,2013-11-30,CEMENT,CDSL,"November 30, 2013"
Chemicals & Petrochemicals,10788.0,398.0,2013-11-30,CHEMICALS,CDSL,"November 30, 2013"
Forest Materials,385.0,0.0,2013-11-30,COMMODITIES,CDSL,"November 30, 2013"
Diversified,2864.0,-2.0,2013-11-30,DIVERSIFIED,CDSL,"November 30, 2013"
Others,48703.0,405.0,2013-11-30,DIVERSIFIED,CDSL,"November 30, 2013"
Coal,9707.0,-68.0,2013-11-30,ENERGY,CDSL,"November 30, 2013"
Oil & Gas,84676.0,547.0,2013-11-30,ENERGY,CDSL,"November 30, 2013"
Total  Financial Services,323267.0,187.0,2013-11-30,FINANCIAL_SERVICES,CDSL,"November 30, 2013"
"Food, Beverages & Tobacco",84790.0,-610.0,2013-11-30,FMCG,CDSL,"November 30, 2013"
Household & Personal Products,45282.0,301.0,2013-11-30,FMCG,CDSL,"November 30, 2013"
Healthcare Equipment & Supplies,148.0,0.0,2013-11-30,HEALTHCARE,CDSL,"November 30, 2013"
Healthcare Services,5154.0,25.0,2013-11-30,HEALTHCARE,CDSL,"November 30, 2013"
Utilities,43644.0,185.0,2013-11-30,INFRASTRUCTURE,CDSL,"November 30, 2013"
Hardware Technology & Equipment,109.0,-4.0,2013-11-30,IT,CDSL,"November 30, 2013"
Software & Services,205773.0,2238.0,2013-11-30,IT,CDSL,"November 30, 2013"
Transportation,14278.0,327.0,2013-11-30,LOGISTICS,CDSL,"November 30, 2013"
Media,18531.0,165.0,2013-11-30,MEDIA,CDSL,"November 30, 2013"
Metals & Mining,39210.0,1032.0,2013-11-30,METAL,CDSL,"November 30, 2013"
Pharmaceuticals & Biotechnology,90346.0,-777.0,2013-11-30,PHARMA,CDSL,"November 30, 2013"
Realty,13511.0,-88.0,2013-11-30,REALTY,CDSL,"November 30, 2013"
Commercial Services & Supplies,7782.0,69.0,2013-11-30,SERVICES,CDSL,"November 30, 2013"
Diversified Consumer Services,171.0,-2.0,2013-11-30,SERVICES,CDSL,"November 30, 2013"
"Hotels, Restaurants & Tourism",5531.0,105.0,2013-11-30,SERVICES,CDSL,"November 30, 2013"
Retailing,2784.0,13.0,2013-11-30,SERVICES,CDSL,"November 30, 2013"
Telecom Services,35619.0,410.0,2013-11-30,TELECOM,CDSL,"November 30, 2013"
Telecommunications Equipment,100.0,-25.0,2013-11-30,TELECOM,CDSL,"November 30, 2013"
"Textiles, Apparels & Accessories",15104.0,-91.0,2013-11-30,TEXTILES,CDSL,"November 30, 2013"
Automobiles & Auto Components,65622.0,1074.0,2013-12-15,AUTO,CDSL,"December 15, 2013"
Capital Goods,74328.0,2296.0,2013-12-15,CAPITAL_GOODS,CDSL,"December 15, 2013"
Consumer Durables,4157.0,104.0,2013-12-15,CAPITAL_GOODS,CDSL,"December 15, 2013"
General Industrials,6620.0,140.0,2013-12-15,CAPITAL_GOODS,CDSL,"December 15, 2013"
Construction Materials,26008.0,-99.0,2013-12-15,CEMENT,CDSL,"December 15, 2013"
Chemicals & Petrochemicals,10817.0,293.0,2013-12-15,CHEMICALS,CDSL,"December 15, 2013"
Forest Materials,384.0,0.0,2013-12-15,COMMODITIES,CDSL,"December 15, 2013"
Diversified,2779.0,10.0,2013-12-15,DIVERSIFIED,CDSL,"December 15, 2013"
Others,48256.0,591.0,2013-12-15,DIVERSIFIED,CDSL,"December 15, 2013"
Coal,10188.0,-197.0,2013-12-15,ENERGY,CDSL,"December 15, 2013"
Oil & Gas,84565.0,576.0,2013-12-15,ENERGY,CDSL,"December 15, 2013"
Total  Financial Services,327445.0,3049.0,2013-12-15,FINANCIAL_SERVICES,CDSL,"December 15, 2013"
"Food, Beverages & Tobacco",83458.0,-419.0,2013-12-15,FMCG,CDSL,"December 15, 2013"
Household & Personal Products,43054.0,21.0,2013-12-15,FMCG,CDSL,"December 15, 2013"
Healthcare Equipment & Supplies,152.0,1.0,2013-12-15,HEALTHCARE,CDSL,"December 15, 2013"
Healthcare Services,5070.0,18.0,2013-12-15,HEALTHCARE,CDSL,"December 15, 2013"
Utilities,43673.0,617.0,2013-12-15,INFRASTRUCTURE,CDSL,"December 15, 2013"
Hardware Technology & Equipment,101.0,-7.0,2013-12-15,IT,CDSL,"December 15, 2013"
Software & Services,210273.0,1733.0,2013-12-15,IT,CDSL,"December 15, 2013"
Transportation,14212.0,429.0,2013-12-15,LOGISTICS,CDSL,"December 15, 2013"
Media,19556.0,104.0,2013-12-15,MEDIA,CDSL,"December 15, 2013"
Metals & Mining,40490.0,1310.0,2013-12-15,METAL,CDSL,"December 15, 2013"
Pharmaceuticals & Biotechnology,89378.0,-446.0,2013-12-15,PHARMA,CDSL,"December 15, 2013"
Realty,13488.0,24.0,2013-12-15,REALTY,CDSL,"December 15, 2013"
Commercial Services & Supplies,7657.0,23.0,2013-12-15,SERVICES,CDSL,"December 15, 2013"
Diversified Consumer Services,151.0,-4.0,2013-12-15,SERVICES,CDSL,"December 15, 2013"
"Hotels, Restaurants & Tourism",5647.0,94.0,2013-12-15,SERVICES,CDSL,"December 15, 2013"
Retailing,2648.0,-51.0,2013-12-15,SERVICES,CDSL,"December 15, 2013"
Telecom Services,34849.0,386.0,2013-12-15,TELECOM,CDSL,"December 15, 2013"
Telecommunications Equipment,102.0,-25.0,2013-12-15,TELECOM,CDSL,"December 15, 2013"
"Textiles, Apparels & Accessories",14766.0,-141.0,2013-12-15,TEXTILES,CDSL,"December 15, 2013"
Automobiles & Auto Components,67011.0,789.0,2013-12-31,AUTO,CDSL,"December 31, 2013"
Capital Goods,77258.0,1225.0,2013-12-31,CAPITAL_GOODS,CDSL,"December 31, 2013"
Consumer Durables,4312.0,70.0,2013-12-31,CAPITAL_GOODS,CDSL,"December 31, 2013"
General Industrials,6950.0,103.0,2013-12-31,CAPITAL_GOODS,CDSL,"December 31, 2013"
Construction Materials,26186.0,43.0,2013-12-31,CEMENT,CDSL,"December 31, 2013"
Chemicals & Petrochemicals,11596.0,217.0,2013-12-31,CHEMICALS,CDSL,"December 31, 2013"
Forest Materials,386.0,-10.0,2013-12-31,COMMODITIES,CDSL,"December 31, 2013"
Diversified,2912.0,7.0,2013-12-31,DIVERSIFIED,CDSL,"December 31, 2013"
Others,50332.0,2353.0,2013-12-31,DIVERSIFIED,CDSL,"December 31, 2013"
Coal,10302.0,-63.0,2013-12-31,ENERGY,CDSL,"December 31, 2013"
Oil & Gas,87684.0,960.0,2013-12-31,ENERGY,CDSL,"December 31, 2013"
Total  Financial Services,330337.0,3221.0,2013-12-31,FINANCIAL_SERVICES,CDSL,"December 31, 2013"
"Food, Beverages & Tobacco",85974.0,380.0,2013-12-31,FMCG,CDSL,"December 31, 2013"
Household & Personal Products,44170.0,-537.0,2013-12-31,FMCG,CDSL,"December 31, 2013"
Healthcare Equipment & Supplies,193.0,1.0,2013-12-31,HEALTHCARE,CDSL,"December 31, 2013"
Healthcare Services,5774.0,26.0,2013-12-31,HEALTHCARE,CDSL,"December 31, 2013"
Utilities,49647.0,3340.0,2013-12-31,INFRASTRUCTURE,CDSL,"December 31, 2013"
Hardware Technology & Equipment,101.0,-9.0,2013-12-31,IT,CDSL,"December 31, 2013"
Software & Services,225300.0,2045.0,2013-12-31,IT,CDSL,"December 31, 2013"
Transportation,14649.0,146.0,2013-12-31,LOGISTICS,CDSL,"December 31, 2013"
Media,19974.0,243.0,2013-12-31,MEDIA,CDSL,"December 31, 2013"
Metals & Mining,42498.0,1069.0,2013-12-31,METAL,CDSL,"December 31, 2013"
Pharmaceuticals & Biotechnology,92073.0,-188.0,2013-12-31,PHARMA,CDSL,"December 31, 2013"
Realty,14515.0,229.0,2013-12-31,REALTY,CDSL,"December 31, 2013"
Commercial Services & Supplies,8007.0,14.0,2013-12-31,SERVICES,CDSL,"December 31, 2013"
Diversified Consumer Services,160.0,-5.0,2013-12-31,SERVICES,CDSL,"December 31, 2013"
"Hotels, Restaurants & Tourism",5727.0,84.0,2013-12-31,SERVICES,CDSL,"December 31, 2013"
Retailing,2969.0,-4.0,2013-12-31,SERVICES,CDSL,"December 31, 2013"
Telecom Services,35393.0,327.0,2013-12-31,TELECOM,CDSL,"December 31, 2013"
Telecommunications Equipment,110.0,0.0,2013-12-31,TELECOM,CDSL,"December 31, 2013"
"Textiles, Apparels & Accessories",15264.0,7.0,2013-12-31,TEXTILES,CDSL,"December 31, 2013"
Automobiles   & Auto Components,66058.0,-36.0,2014-01-15,AUTO,CDSL,"January 15, 2014"
Capital   Goods,74811.0,-97.0,2014-01-15,CAPITAL_GOODS,CDSL,"January 15, 2014"
Consumer   Durables,4159.0,17.0,2014-01-15,CAPITAL_GOODS,CDSL,"January 15, 2014"
General   Industrials,7053.0,81.0,2014-01-15,CAPITAL_GOODS,CDSL,"January 15, 2014"
Construction   Materials,24889.0,-6.0,2014-01-15,CEMENT,CDSL,"January 15, 2014"
Chemicals   & Petrochemicals,11862.0,166.0,2014-01-15,CHEMICALS,CDSL,"January 15, 2014"
Forest   Materials,383.0,-8.0,2014-01-15,COMMODITIES,CDSL,"January 15, 2014"
Diversified,2715.0,-1.0,2014-01-15,DIVERSIFIED,CDSL,"January 15, 2014"
Others,49620.0,2167.0,2014-01-15,DIVERSIFIED,CDSL,"January 15, 2014"
Coal,10486.0,-144.0,2014-01-15,ENERGY,CDSL,"January 15, 2014"
Oil   & Gas,87155.0,548.0,2014-01-15,ENERGY,CDSL,"January 15, 2014"
Total    Financial Services,329925.0,206.0,2014-01-15,FINANCIAL_SERVICES,CDSL,"January 15, 2014"
"Food,   Beverages & Tobacco",87395.0,75.0,2014-01-15,FMCG,CDSL,"January 15, 2014"
Household   & Personal Products,42498.0,-349.0,2014-01-15,FMCG,CDSL,"January 15, 2014"
Healthcare   Equipment & Supplies,190.0,1.0,2014-01-15,HEALTHCARE,CDSL,"January 15, 2014"
Healthcare   Services,5530.0,5.0,2014-01-15,HEALTHCARE,CDSL,"January 15, 2014"
Utilities,47830.0,2766.0,2014-01-15,INFRASTRUCTURE,CDSL,"January 15, 2014"
Hardware   Technology & Equipment,98.0,-33.0,2014-01-15,IT,CDSL,"January 15, 2014"
Software   & Services,239081.0,2060.0,2014-01-15,IT,CDSL,"January 15, 2014"
Transportation,14371.0,10.0,2014-01-15,LOGISTICS,CDSL,"January 15, 2014"
Media,19946.0,205.0,2014-01-15,MEDIA,CDSL,"January 15, 2014"
Metals   & Mining,40444.0,271.0,2014-01-15,METAL,CDSL,"January 15, 2014"
Pharmaceuticals   & Biotechnology,94841.0,-100.0,2014-01-15,PHARMA,CDSL,"January 15, 2014"
Realty,13676.0,82.0,2014-01-15,REALTY,CDSL,"January 15, 2014"
Commercial   Services & Supplies,7589.0,59.0,2014-01-15,SERVICES,CDSL,"January 15, 2014"
Diversified   Consumer Services,159.0,-3.0,2014-01-15,SERVICES,CDSL,"January 15, 2014"
"Hotels,   Restaurants & Tourism",5442.0,142.0,2014-01-15,SERVICES,CDSL,"January 15, 2014"
Retailing,3075.0,11.0,2014-01-15,SERVICES,CDSL,"January 15, 2014"
Telecom   Services,35456.0,159.0,2014-01-15,TELECOM,CDSL,"January 15, 2014"
Telecommunications   Equipment,106.0,0.0,2014-01-15,TELECOM,CDSL,"January 15, 2014"
"Textiles,   Apparels & Accessories",14866.0,96.0,2014-01-15,TEXTILES,CDSL,"January 15, 2014"
Automobiles   & Auto Components,64030.0,66.0,2014-01-31,AUTO,CDSL,"January 31, 2014"
Capital   Goods,71180.0,-332.0,2014-01-31,CAPITAL_GOODS,CDSL,"January 31, 2014"
Consumer   Durables,4031.0,11.0,2014-01-31,CAPITAL_GOODS,CDSL,"January 31, 2014"
General   Industrials,6619.0,92.0,2014-01-31,CAPITAL_GOODS,CDSL,"January 31, 2014"
Construction   Materials,24123.0,-70.0,2014-01-31,CEMENT,CDSL,"January 31, 2014"
Chemicals   & Petrochemicals,11183.0,14.0,2014-01-31,CHEMICALS,CDSL,"January 31, 2014"
Forest   Materials,362.0,4.0,2014-01-31,COMMODITIES,CDSL,"January 31, 2014"
Diversified,2637.0,5.0,2014-01-31,DIVERSIFIED,CDSL,"January 31, 2014"
Others,46799.0,-131.0,2014-01-31,DIVERSIFIED,CDSL,"January 31, 2014"
Coal,8899.0,82.0,2014-01-31,ENERGY,CDSL,"January 31, 2014"
Oil   & Gas,84048.0,527.0,2014-01-31,ENERGY,CDSL,"January 31, 2014"
Total    Financial Services,308084.0,-353.0,2014-01-31,FINANCIAL_SERVICES,CDSL,"January 31, 2014"
"Food,   Beverages & Tobacco",84162.0,-400.0,2014-01-31,FMCG,CDSL,"January 31, 2014"
Household   & Personal Products,42357.0,-705.0,2014-01-31,FMCG,CDSL,"January 31, 2014"
Healthcare   Equipment & Supplies,224.0,1.0,2014-01-31,HEALTHCARE,CDSL,"January 31, 2014"
Healthcare   Services,5633.0,-34.0,2014-01-31,HEALTHCARE,CDSL,"January 31, 2014"
Utilities,46094.0,21.0,2014-01-31,INFRASTRUCTURE,CDSL,"January 31, 2014"
Hardware   Technology & Equipment,83.0,-28.0,2014-01-31,IT,CDSL,"January 31, 2014"
Software   & Services,236996.0,1321.0,2014-01-31,IT,CDSL,"January 31, 2014"
Transportation,13946.0,10.0,2014-01-31,LOGISTICS,CDSL,"January 31, 2014"
Media,19165.0,131.0,2014-01-31,MEDIA,CDSL,"January 31, 2014"
Metals   & Mining,38900.0,-10.0,2014-01-31,METAL,CDSL,"January 31, 2014"
Pharmaceuticals   & Biotechnology,94019.0,222.0,2014-01-31,PHARMA,CDSL,"January 31, 2014"
Realty,12135.0,-148.0,2014-01-31,REALTY,CDSL,"January 31, 2014"
Commercial   Services & Supplies,7285.0,43.0,2014-01-31,SERVICES,CDSL,"January 31, 2014"
Diversified   Consumer Services,180.0,36.0,2014-01-31,SERVICES,CDSL,"January 31, 2014"
"Hotels,   Restaurants & Tourism",5183.0,88.0,2014-01-31,SERVICES,CDSL,"January 31, 2014"
Retailing,2971.0,75.0,2014-01-31,SERVICES,CDSL,"January 31, 2014"
Telecom   Services,32588.0,1.0,2014-01-31,TELECOM,CDSL,"January 31, 2014"
Telecommunications   Equipment,96.0,0.0,2014-01-31,TELECOM,CDSL,"January 31, 2014"
"Textiles,   Apparels & Accessories",14945.0,175.0,2014-01-31,TEXTILES,CDSL,"January 31, 2014"
Automobiles & Auto Components,64592.0,336.0,2014-02-15,AUTO,CDSL,"February 15, 2014"
Capital Goods,72917.0,-566.0,2014-02-15,CAPITAL_GOODS,CDSL,"February 15, 2014"
Consumer Durables,3990.0,-17.0,2014-02-15,CAPITAL_GOODS,CDSL,"February 15, 2014"
General Industrials,6596.0,61.0,2014-02-15,CAPITAL_GOODS,CDSL,"February 15, 2014"
Construction Materials,23388.0,-101.0,2014-02-15,CEMENT,CDSL,"February 15, 2014"
Chemicals & Petrochemicals,10983.0,-25.0,2014-02-15,CHEMICALS,CDSL,"February 15, 2014"
Forest Materials,346.0,1.0,2014-02-15,COMMODITIES,CDSL,"February 15, 2014"
Diversified,2582.0,-6.0,2014-02-15,DIVERSIFIED,CDSL,"February 15, 2014"
Others,46950.0,1124.0,2014-02-15,DIVERSIFIED,CDSL,"February 15, 2014"
Coal,9155.0,-53.0,2014-02-15,ENERGY,CDSL,"February 15, 2014"
Oil & Gas,82669.0,-55.0,2014-02-15,ENERGY,CDSL,"February 15, 2014"
Total  Financial Services,303706.0,-1359.0,2014-02-15,FINANCIAL_SERVICES,CDSL,"February 15, 2014"
"Food, Beverages & Tobacco",81321.0,-1381.0,2014-02-15,FMCG,CDSL,"February 15, 2014"
Household & Personal Products,41385.0,-1035.0,2014-02-15,FMCG,CDSL,"February 15, 2014"
Healthcare Equipment & Supplies,200.0,0.0,2014-02-15,HEALTHCARE,CDSL,"February 15, 2014"
Healthcare Services,5517.0,-32.0,2014-02-15,HEALTHCARE,CDSL,"February 15, 2014"
Utilities,46148.0,-321.0,2014-02-15,INFRASTRUCTURE,CDSL,"February 15, 2014"
Hardware Technology & Equipment,83.0,0.0,2014-02-15,IT,CDSL,"February 15, 2014"
Software & Services,235345.0,908.0,2014-02-15,IT,CDSL,"February 15, 2014"
Transportation,13739.0,-50.0,2014-02-15,LOGISTICS,CDSL,"February 15, 2014"
Media,18736.0,70.0,2014-02-15,MEDIA,CDSL,"February 15, 2014"
Metals & Mining,37593.0,-214.0,2014-02-15,METAL,CDSL,"February 15, 2014"
Pharmaceuticals & Biotechnology,94710.0,410.0,2014-02-15,PHARMA,CDSL,"February 15, 2014"
Realty,11970.0,-85.0,2014-02-15,REALTY,CDSL,"February 15, 2014"
Commercial Services & Supplies,6794.0,3.0,2014-02-15,SERVICES,CDSL,"February 15, 2014"
Diversified Consumer Services,171.0,36.0,2014-02-15,SERVICES,CDSL,"February 15, 2014"
"Hotels, Restaurants & Tourism",5077.0,2.0,2014-02-15,SERVICES,CDSL,"February 15, 2014"
Retailing,3118.0,80.0,2014-02-15,SERVICES,CDSL,"February 15, 2014"
Telecom Services,31338.0,47.0,2014-02-15,TELECOM,CDSL,"February 15, 2014"
Telecommunications Equipment,87.0,0.0,2014-02-15,TELECOM,CDSL,"February 15, 2014"
"Textiles, Apparels & Accessories",14953.0,105.0,2014-02-15,TEXTILES,CDSL,"February 15, 2014"
Automobiles & Auto Components,67522.0,569.0,2014-02-28,AUTO,CDSL,"February 28, 2014"
Capital Goods,79379.0,73.0,2014-02-28,CAPITAL_GOODS,CDSL,"February 28, 2014"
Consumer Durables,3993.0,-25.0,2014-02-28,CAPITAL_GOODS,CDSL,"February 28, 2014"
General Industrials,6762.0,23.0,2014-02-28,CAPITAL_GOODS,CDSL,"February 28, 2014"
Construction Materials,25691.0,-72.0,2014-02-28,CEMENT,CDSL,"February 28, 2014"
Chemicals & Petrochemicals,11120.0,64.0,2014-02-28,CHEMICALS,CDSL,"February 28, 2014"
Forest Materials,356.0,-1.0,2014-02-28,COMMODITIES,CDSL,"February 28, 2014"
Diversified,2594.0,-13.0,2014-02-28,DIVERSIFIED,CDSL,"February 28, 2014"
Others,48021.0,1340.0,2014-02-28,DIVERSIFIED,CDSL,"February 28, 2014"
Coal,8522.0,-257.0,2014-02-28,ENERGY,CDSL,"February 28, 2014"
Oil & Gas,82676.0,-446.0,2014-02-28,ENERGY,CDSL,"February 28, 2014"
Total  Financial Services,320682.0,-639.0,2014-02-28,FINANCIAL_SERVICES,CDSL,"February 28, 2014"
"Food, Beverages & Tobacco",83037.0,-543.0,2014-02-28,FMCG,CDSL,"February 28, 2014"
Household & Personal Products,41605.0,-423.0,2014-02-28,FMCG,CDSL,"February 28, 2014"
Healthcare Equipment & Supplies,182.0,0.0,2014-02-28,HEALTHCARE,CDSL,"February 28, 2014"
Healthcare Services,5556.0,-15.0,2014-02-28,HEALTHCARE,CDSL,"February 28, 2014"
Utilities,45482.0,-456.0,2014-02-28,INFRASTRUCTURE,CDSL,"February 28, 2014"
Hardware Technology & Equipment,91.0,-3.0,2014-02-28,IT,CDSL,"February 28, 2014"
Software & Services,246815.0,1060.0,2014-02-28,IT,CDSL,"February 28, 2014"
Transportation,15073.0,-50.0,2014-02-28,LOGISTICS,CDSL,"February 28, 2014"
Media,19331.0,7.0,2014-02-28,MEDIA,CDSL,"February 28, 2014"
Metals & Mining,36544.0,-10.0,2014-02-28,METAL,CDSL,"February 28, 2014"
Pharmaceuticals & Biotechnology,99163.0,515.0,2014-02-28,PHARMA,CDSL,"February 28, 2014"
Realty,11863.0,-4.0,2014-02-28,REALTY,CDSL,"February 28, 2014"
Commercial Services & Supplies,7799.0,34.0,2014-02-28,SERVICES,CDSL,"February 28, 2014"
Diversified Consumer Services,175.0,0.0,2014-02-28,SERVICES,CDSL,"February 28, 2014"
"Hotels, Restaurants & Tourism",5205.0,0.0,2014-02-28,SERVICES,CDSL,"February 28, 2014"
Retailing,3345.0,-2.0,2014-02-28,SERVICES,CDSL,"February 28, 2014"
Telecom Services,29916.0,235.0,2014-02-28,TELECOM,CDSL,"February 28, 2014"
Telecommunications Equipment,84.0,0.0,2014-02-28,TELECOM,CDSL,"February 28, 2014"
"Textiles, Apparels & Accessories",15966.0,447.0,2014-02-28,TEXTILES,CDSL,"February 28, 2014"
Automobiles & Auto Components,71502.0,778.0,2014-03-15,AUTO,CDSL,"March 15, 2014"
Capital Goods,84020.0,1618.0,2014-03-15,CAPITAL_GOODS,CDSL,"March 15, 2014"
Consumer Durables,4018.0,-28.0,2014-03-15,CAPITAL_GOODS,CDSL,"March 15, 2014"
General Industrials,7011.0,-7.0,2014-03-15,CAPITAL_GOODS,CDSL,"March 15, 2014"
Construction Materials,28110.0,141.0,2014-03-15,CEMENT,CDSL,"March 15, 2014"
Chemicals & Petrochemicals,11387.0,85.0,2014-03-15,CHEMICALS,CDSL,"March 15, 2014"
Forest Materials,370.0,2.0,2014-03-15,COMMODITIES,CDSL,"March 15, 2014"
Diversified,2551.0,23.0,2014-03-15,DIVERSIFIED,CDSL,"March 15, 2014"
Others,51211.0,304.0,2014-03-15,DIVERSIFIED,CDSL,"March 15, 2014"
Coal,9085.0,-188.0,2014-03-15,ENERGY,CDSL,"March 15, 2014"
Oil & Gas,90202.0,1305.0,2014-03-15,ENERGY,CDSL,"March 15, 2014"
Total  Financial Services,353085.0,4057.0,2014-03-15,FINANCIAL_SERVICES,CDSL,"March 15, 2014"
"Food, Beverages & Tobacco",87005.0,1344.0,2014-03-15,FMCG,CDSL,"March 15, 2014"
Household & Personal Products,40679.0,-52.0,2014-03-15,FMCG,CDSL,"March 15, 2014"
Healthcare Equipment & Supplies,203.0,5.0,2014-03-15,HEALTHCARE,CDSL,"March 15, 2014"
Healthcare Services,5233.0,-2.0,2014-03-15,HEALTHCARE,CDSL,"March 15, 2014"
Utilities,47103.0,-72.0,2014-03-15,INFRASTRUCTURE,CDSL,"March 15, 2014"
Hardware Technology & Equipment,80.0,-40.0,2014-03-15,IT,CDSL,"March 15, 2014"
Software & Services,226612.0,993.0,2014-03-15,IT,CDSL,"March 15, 2014"
Transportation,16329.0,80.0,2014-03-15,LOGISTICS,CDSL,"March 15, 2014"
Media,20158.0,229.0,2014-03-15,MEDIA,CDSL,"March 15, 2014"
Metals & Mining,37900.0,580.0,2014-03-15,METAL,CDSL,"March 15, 2014"
Pharmaceuticals & Biotechnology,91655.0,-4552.0,2014-03-15,PHARMA,CDSL,"March 15, 2014"
Realty,13990.0,156.0,2014-03-15,REALTY,CDSL,"March 15, 2014"
Commercial Services & Supplies,9447.0,118.0,2014-03-15,SERVICES,CDSL,"March 15, 2014"
Diversified Consumer Services,187.0,12.0,2014-03-15,SERVICES,CDSL,"March 15, 2014"
"Hotels, Restaurants & Tourism",5184.0,11.0,2014-03-15,SERVICES,CDSL,"March 15, 2014"
Retailing,3238.0,24.0,2014-03-15,SERVICES,CDSL,"March 15, 2014"
Telecom Services,31709.0,879.0,2014-03-15,TELECOM,CDSL,"March 15, 2014"
Telecommunications Equipment,86.0,0.0,2014-03-15,TELECOM,CDSL,"March 15, 2014"
"Textiles, Apparels & Accessories",17083.0,683.0,2014-03-15,TEXTILES,CDSL,"March 15, 2014"
Automobiles & Auto Components,75914.0,1024.0,2014-03-31,AUTO,CDSL,"March 31, 2014"
Capital Goods,88254.0,1901.0,2014-03-31,CAPITAL_GOODS,CDSL,"March 31, 2014"
Consumer Durables,4439.0,-54.0,2014-03-31,CAPITAL_GOODS,CDSL,"March 31, 2014"
General Industrials,7576.0,43.0,2014-03-31,CAPITAL_GOODS,CDSL,"March 31, 2014"
Construction Materials,31413.0,528.0,2014-03-31,CEMENT,CDSL,"March 31, 2014"
Chemicals & Petrochemicals,11841.0,53.0,2014-03-31,CHEMICALS,CDSL,"March 31, 2014"
Forest Materials,401.0,6.0,2014-03-31,COMMODITIES,CDSL,"March 31, 2014"
Diversified,2708.0,78.0,2014-03-31,DIVERSIFIED,CDSL,"March 31, 2014"
Others,53268.0,1197.0,2014-03-31,DIVERSIFIED,CDSL,"March 31, 2014"
Coal,10089.0,48.0,2014-03-31,ENERGY,CDSL,"March 31, 2014"
Oil & Gas,94607.0,3007.0,2014-03-31,ENERGY,CDSL,"March 31, 2014"
Total  Financial Services,379076.0,10713.0,2014-03-31,FINANCIAL_SERVICES,CDSL,"March 31, 2014"
"Food, Beverages & Tobacco",90524.0,1659.0,2014-03-31,FMCG,CDSL,"March 31, 2014"
Household & Personal Products,44092.0,-8.0,2014-03-31,FMCG,CDSL,"March 31, 2014"
Healthcare Equipment & Supplies,195.0,5.0,2014-03-31,HEALTHCARE,CDSL,"March 31, 2014"
Healthcare Services,5543.0,9.0,2014-03-31,HEALTHCARE,CDSL,"March 31, 2014"
Utilities,49653.0,363.0,2014-03-31,INFRASTRUCTURE,CDSL,"March 31, 2014"
Hardware Technology & Equipment,68.0,-49.0,2014-03-31,IT,CDSL,"March 31, 2014"
Software & Services,223040.0,852.0,2014-03-31,IT,CDSL,"March 31, 2014"
Transportation,17869.0,99.0,2014-03-31,LOGISTICS,CDSL,"March 31, 2014"
Media,20448.0,424.0,2014-03-31,MEDIA,CDSL,"March 31, 2014"
Metals & Mining,43413.0,758.0,2014-03-31,METAL,CDSL,"March 31, 2014"
Pharmaceuticals & Biotechnology,90739.0,-4518.0,2014-03-31,PHARMA,CDSL,"March 31, 2014"
Realty,14720.0,236.0,2014-03-31,REALTY,CDSL,"March 31, 2014"
Commercial Services & Supplies,10903.0,103.0,2014-03-31,SERVICES,CDSL,"March 31, 2014"
Diversified Consumer Services,196.0,12.0,2014-03-31,SERVICES,CDSL,"March 31, 2014"
"Hotels, Restaurants & Tourism",5497.0,22.0,2014-03-31,SERVICES,CDSL,"March 31, 2014"
Retailing,3320.0,163.0,2014-03-31,SERVICES,CDSL,"March 31, 2014"
Telecom Services,34006.0,1029.0,2014-03-31,TELECOM,CDSL,"March 31, 2014"
Telecommunications Equipment,83.0,0.0,2014-03-31,TELECOM,CDSL,"March 31, 2014"
"Textiles, Apparels & Accessories",18339.0,373.0,2014-03-31,TEXTILES,CDSL,"March 31, 2014"
Automobiles & Auto Components,75752.0,1196.0,2014-04-15,AUTO,NSDL,"April 15, 2014"
Capital Goods,90782.0,1345.0,2014-04-15,CAPITAL_GOODS,NSDL,"April 15, 2014"
Consumer Durables,4526.0,-14.0,2014-04-15,CAPITAL_GOODS,NSDL,"April 15, 2014"
General Industrials,7796.0,51.0,2014-04-15,CAPITAL_GOODS,NSDL,"April 15, 2014"
Construction Materials,32822.0,684.0,2014-04-15,CEMENT,NSDL,"April 15, 2014"
Chemicals & Petrochemicals,12714.0,56.0,2014-04-15,CHEMICALS,NSDL,"April 15, 2014"
Forest Materials,449.0,7.0,2014-04-15,COMMODITIES,NSDL,"April 15, 2014"
Diversified,2851.0,67.0,2014-04-15,DIVERSIFIED,NSDL,"April 15, 2014"
Others,54011.0,1312.0,2014-04-15,DIVERSIFIED,NSDL,"April 15, 2014"
Coal,10334.0,255.0,2014-04-15,ENERGY,NSDL,"April 15, 2014"
Oil & Gas,98252.0,3026.0,2014-04-15,ENERGY,NSDL,"April 15, 2014"
Total  Financial Services,380162.0,9492.0,2014-04-15,FINANCIAL_SERVICES,NSDL,"April 15, 2014"
"Food, Beverages & Tobacco",90013.0,740.0,2014-04-15,FMCG,NSDL,"April 15, 2014"
Household & Personal Products,44703.0,423.0,2014-04-15,FMCG,NSDL,"April 15, 2014"
Healthcare Equipment & Supplies,229.0,0.0,2014-04-15,HEALTHCARE,NSDL,"April 15, 2014"
Healthcare Services,5374.0,-11.0,2014-04-15,HEALTHCARE,NSDL,"April 15, 2014"
Utilities,52026.0,913.0,2014-04-15,INFRASTRUCTURE,NSDL,"April 15, 2014"
Hardware Technology & Equipment,59.0,-30.0,2014-04-15,IT,NSDL,"April 15, 2014"
Software & Services,228741.0,-221.0,2014-04-15,IT,NSDL,"April 15, 2014"
Transportation,17764.0,87.0,2014-04-15,LOGISTICS,NSDL,"April 15, 2014"
Media,20201.0,307.0,2014-04-15,MEDIA,NSDL,"April 15, 2014"
Metals & Mining,43492.0,678.0,2014-04-15,METAL,NSDL,"April 15, 2014"
Pharmaceuticals & Biotechnology,94828.0,572.0,2014-04-15,PHARMA,NSDL,"April 15, 2014"
Realty,15066.0,-4.0,2014-04-15,REALTY,NSDL,"April 15, 2014"
Commercial Services & Supplies,12217.0,36.0,2014-04-15,SERVICES,NSDL,"April 15, 2014"
Diversified Consumer Services,210.0,-1.0,2014-04-15,SERVICES,NSDL,"April 15, 2014"
"Hotels, Restaurants & Tourism",5503.0,50.0,2014-04-15,SERVICES,NSDL,"April 15, 2014"
Retailing,3368.0,163.0,2014-04-15,SERVICES,NSDL,"April 15, 2014"
Telecom Services,35099.0,653.0,2014-04-15,TELECOM,NSDL,"April 15, 2014"
Telecommunications Equipment,102.0,0.0,2014-04-15,TELECOM,NSDL,"April 15, 2014"
"Textiles, Apparels & Accessories",17902.0,116.0,2014-04-15,TEXTILES,NSDL,"April 15, 2014"
Automobiles & Auto Components,77065.0,717.0,2014-04-30,AUTO,NSDL,"April 30, 2014"
Capital Goods,90653.0,904.0,2014-04-30,CAPITAL_GOODS,NSDL,"April 30, 2014"
Consumer Durables,4807.0,33.0,2014-04-30,CAPITAL_GOODS,NSDL,"April 30, 2014"
General Industrials,7828.0,-38.0,2014-04-30,CAPITAL_GOODS,NSDL,"April 30, 2014"
Construction Materials,30416.0,223.0,2014-04-30,CEMENT,NSDL,"April 30, 2014"
Chemicals & Petrochemicals,13706.0,80.0,2014-04-30,CHEMICALS,NSDL,"April 30, 2014"
Forest Materials,438.0,8.0,2014-04-30,COMMODITIES,NSDL,"April 30, 2014"
Diversified,2745.0,-37.0,2014-04-30,DIVERSIFIED,NSDL,"April 30, 2014"
Others,54542.0,520.0,2014-04-30,DIVERSIFIED,NSDL,"April 30, 2014"
Coal,10433.0,215.0,2014-04-30,ENERGY,NSDL,"April 30, 2014"
Oil & Gas,97565.0,1731.0,2014-04-30,ENERGY,NSDL,"April 30, 2014"
Total  Financial Services,386316.0,3287.0,2014-04-30,FINANCIAL_SERVICES,NSDL,"April 30, 2014"
"Food, Beverages & Tobacco",89023.0,27.0,2014-04-30,FMCG,NSDL,"April 30, 2014"
Household & Personal Products,42922.0,285.0,2014-04-30,FMCG,NSDL,"April 30, 2014"
Healthcare Equipment & Supplies,232.0,-5.0,2014-04-30,HEALTHCARE,NSDL,"April 30, 2014"
Healthcare Services,5379.0,-38.0,2014-04-30,HEALTHCARE,NSDL,"April 30, 2014"
Utilities,51061.0,805.0,2014-04-30,INFRASTRUCTURE,NSDL,"April 30, 2014"
Hardware Technology & Equipment,52.0,-22.0,2014-04-30,IT,NSDL,"April 30, 2014"
Software & Services,222287.0,-474.0,2014-04-30,IT,NSDL,"April 30, 2014"
Transportation,17954.0,42.0,2014-04-30,LOGISTICS,NSDL,"April 30, 2014"
Media,19812.0,152.0,2014-04-30,MEDIA,NSDL,"April 30, 2014"
Metals & Mining,43145.0,395.0,2014-04-30,METAL,NSDL,"April 30, 2014"
Pharmaceuticals & Biotechnology,97895.0,538.0,2014-04-30,PHARMA,NSDL,"April 30, 2014"
Realty,13728.0,-216.0,2014-04-30,REALTY,NSDL,"April 30, 2014"
Commercial Services & Supplies,12172.0,-55.0,2014-04-30,SERVICES,NSDL,"April 30, 2014"
Diversified Consumer Services,210.0,-3.0,2014-04-30,SERVICES,NSDL,"April 30, 2014"
"Hotels, Restaurants & Tourism",5053.0,-94.0,2014-04-30,SERVICES,NSDL,"April 30, 2014"
Retailing,3542.0,8.0,2014-04-30,SERVICES,NSDL,"April 30, 2014"
Telecom Services,34897.0,604.0,2014-04-30,TELECOM,NSDL,"April 30, 2014"
Telecommunications Equipment,103.0,0.0,2014-04-30,TELECOM,NSDL,"April 30, 2014"
"Textiles, Apparels & Accessories",17489.0,8.0,2014-04-30,TEXTILES,NSDL,"April 30, 2014"
Automobiles & Auto Components,82173.0,1112.0,2014-05-15,AUTO,NSDL,"May 15, 2014"
Capital Goods,97611.0,433.0,2014-05-15,CAPITAL_GOODS,NSDL,"May 15, 2014"
Consumer Durables,5090.0,86.0,2014-05-15,CAPITAL_GOODS,NSDL,"May 15, 2014"
General Industrials,8265.0,-68.0,2014-05-15,CAPITAL_GOODS,NSDL,"May 15, 2014"
Construction Materials,33180.0,-183.0,2014-05-15,CEMENT,NSDL,"May 15, 2014"
Chemicals & Petrochemicals,13783.0,119.0,2014-05-15,CHEMICALS,NSDL,"May 15, 2014"
Forest Materials,434.0,5.0,2014-05-15,COMMODITIES,NSDL,"May 15, 2014"
Diversified,2872.0,2.0,2014-05-15,DIVERSIFIED,NSDL,"May 15, 2014"
Others,57371.0,494.0,2014-05-15,DIVERSIFIED,NSDL,"May 15, 2014"
Coal,12355.0,328.0,2014-05-15,ENERGY,NSDL,"May 15, 2014"
Oil & Gas,109934.0,1473.0,2014-05-15,ENERGY,NSDL,"May 15, 2014"
Total  Financial Services,416812.0,2402.0,2014-05-15,FINANCIAL_SERVICES,NSDL,"May 15, 2014"
"Food, Beverages & Tobacco",92878.0,1008.0,2014-05-15,FMCG,NSDL,"May 15, 2014"
Household & Personal Products,44284.0,147.0,2014-05-15,FMCG,NSDL,"May 15, 2014"
Healthcare Equipment & Supplies,220.0,-6.0,2014-05-15,HEALTHCARE,NSDL,"May 15, 2014"
Healthcare Services,5657.0,3.0,2014-05-15,HEALTHCARE,NSDL,"May 15, 2014"
Utilities,56366.0,778.0,2014-05-15,INFRASTRUCTURE,NSDL,"May 15, 2014"
Hardware Technology & Equipment,48.0,-9.0,2014-05-15,IT,NSDL,"May 15, 2014"
Software & Services,224447.0,664.0,2014-05-15,IT,NSDL,"May 15, 2014"
Transportation,20528.0,54.0,2014-05-15,LOGISTICS,NSDL,"May 15, 2014"
Media,20278.0,139.0,2014-05-15,MEDIA,NSDL,"May 15, 2014"
Metals & Mining,45721.0,350.0,2014-05-15,METAL,NSDL,"May 15, 2014"
Pharmaceuticals & Biotechnology,95773.0,1082.0,2014-05-15,PHARMA,NSDL,"May 15, 2014"
Realty,15085.0,66.0,2014-05-15,REALTY,NSDL,"May 15, 2014"
Commercial Services & Supplies,13971.0,-123.0,2014-05-15,SERVICES,NSDL,"May 15, 2014"
Diversified Consumer Services,206.0,-3.0,2014-05-15,SERVICES,NSDL,"May 15, 2014"
"Hotels, Restaurants & Tourism",5612.0,-106.0,2014-05-15,SERVICES,NSDL,"May 15, 2014"
Retailing,3488.0,23.0,2014-05-15,SERVICES,NSDL,"May 15, 2014"
Telecom Services,35134.0,588.0,2014-05-15,TELECOM,NSDL,"May 15, 2014"
Telecommunications Equipment,104.0,0.0,2014-05-15,TELECOM,NSDL,"May 15, 2014"
"Textiles, Apparels & Accessories",19533.0,60.0,2014-05-15,TEXTILES,NSDL,"May 15, 2014"
Automobiles & Auto   Components,87695.0,934.0,2014-05-31,AUTO,CDSL,"May 31, 2014"
Capital Goods,103852.0,118.0,2014-05-31,CAPITAL_GOODS,CDSL,"May 31, 2014"
Consumer Durables,5479.0,105.0,2014-05-31,CAPITAL_GOODS,CDSL,"May 31, 2014"
General Industrials,9970.0,121.0,2014-05-31,CAPITAL_GOODS,CDSL,"May 31, 2014"
Construction Materials,34568.0,-405.0,2014-05-31,CEMENT,CDSL,"May 31, 2014"
Chemicals &   Petrochemicals,14973.0,170.0,2014-05-31,CHEMICALS,CDSL,"May 31, 2014"
Forest Materials,518.0,-1.0,2014-05-31,COMMODITIES,CDSL,"May 31, 2014"
Diversified,3311.0,77.0,2014-05-31,DIVERSIFIED,CDSL,"May 31, 2014"
Others,62345.0,1158.0,2014-05-31,DIVERSIFIED,CDSL,"May 31, 2014"
Coal,13343.0,29.0,2014-05-31,ENERGY,CDSL,"May 31, 2014"
Oil & Gas,113248.0,2342.0,2014-05-31,ENERGY,CDSL,"May 31, 2014"
Total  Financial   Services,434123.0,3875.0,2014-05-31,FINANCIAL_SERVICES,CDSL,"May 31, 2014"
"Food, Beverages &   Tobacco",89862.0,-617.0,2014-05-31,FMCG,CDSL,"May 31, 2014"
Household &   Personal Products,44995.0,368.0,2014-05-31,FMCG,CDSL,"May 31, 2014"
Healthcare Equipment   & Supplies,270.0,-2.0,2014-05-31,HEALTHCARE,CDSL,"May 31, 2014"
Healthcare Services,5509.0,6.0,2014-05-31,HEALTHCARE,CDSL,"May 31, 2014"
Utilities,64295.0,1907.0,2014-05-31,INFRASTRUCTURE,CDSL,"May 31, 2014"
Hardware Technology   & Equipment,98.0,23.0,2014-05-31,IT,CDSL,"May 31, 2014"
Software &   Services,217268.0,1164.0,2014-05-31,IT,CDSL,"May 31, 2014"
Transportation,22377.0,60.0,2014-05-31,LOGISTICS,CDSL,"May 31, 2014"
Media,21822.0,489.0,2014-05-31,MEDIA,CDSL,"May 31, 2014"
Metals & Mining,53727.0,166.0,2014-05-31,METAL,CDSL,"May 31, 2014"
Pharmaceuticals & Biotechnology,95031.0,827.0,2014-05-31,PHARMA,CDSL,"May 31, 2014"
Realty,19361.0,490.0,2014-05-31,REALTY,CDSL,"May 31, 2014"
Commercial Services   & Supplies,13837.0,-116.0,2014-05-31,SERVICES,CDSL,"May 31, 2014"
Diversified Consumer   Services,240.0,4.0,2014-05-31,SERVICES,CDSL,"May 31, 2014"
"Hotels, Restaurants   & Tourism",6010.0,-10.0,2014-05-31,SERVICES,CDSL,"May 31, 2014"
Retailing,4043.0,14.0,2014-05-31,SERVICES,CDSL,"May 31, 2014"
Telecom Services,37206.0,544.0,2014-05-31,TELECOM,CDSL,"May 31, 2014"
Telecommunications   Equipment,149.0,0.0,2014-05-31,TELECOM,CDSL,"May 31, 2014"
"Textiles, Apparels   & Accessories",20589.0,167.0,2014-05-31,TEXTILES,CDSL,"May 31, 2014"
Automobiles & Auto   Components,92843.0,95.0,2014-06-15,AUTO,NSDL,"June 15, 2014"
Capital Goods,111305.0,678.0,2014-06-15,CAPITAL_GOODS,NSDL,"June 15, 2014"
Consumer Durables,5778.0,53.0,2014-06-15,CAPITAL_GOODS,NSDL,"June 15, 2014"
General Industrials,10661.0,199.0,2014-06-15,CAPITAL_GOODS,NSDL,"June 15, 2014"
Construction Materials,38583.0,-30.0,2014-06-15,CEMENT,NSDL,"June 15, 2014"
Chemicals &   Petrochemicals,15151.0,74.0,2014-06-15,CHEMICALS,NSDL,"June 15, 2014"
Forest Materials,621.0,27.0,2014-06-15,COMMODITIES,NSDL,"June 15, 2014"
Diversified,3576.0,81.0,2014-06-15,DIVERSIFIED,NSDL,"June 15, 2014"
Others,64292.0,4639.0,2014-06-15,DIVERSIFIED,NSDL,"June 15, 2014"
Coal,14154.0,-26.0,2014-06-15,ENERGY,NSDL,"June 15, 2014"
Oil & Gas,118519.0,1554.0,2014-06-15,ENERGY,NSDL,"June 15, 2014"
Total  Financial   Services,460107.0,5771.0,2014-06-15,FINANCIAL_SERVICES,NSDL,"June 15, 2014"
"Food, Beverages &   Tobacco",87106.0,-2649.0,2014-06-15,FMCG,NSDL,"June 15, 2014"
Household & Personal   Products,47862.0,609.0,2014-06-15,FMCG,NSDL,"June 15, 2014"
Healthcare Equipment &   Supplies,260.0,-1.0,2014-06-15,HEALTHCARE,NSDL,"June 15, 2014"
Healthcare Services,6074.0,15.0,2014-06-15,HEALTHCARE,NSDL,"June 15, 2014"
Utilities,68592.0,2652.0,2014-06-15,INFRASTRUCTURE,NSDL,"June 15, 2014"
Hardware Technology &   Equipment,99.0,31.0,2014-06-15,IT,NSDL,"June 15, 2014"
Software & Services,227046.0,-349.0,2014-06-15,IT,NSDL,"June 15, 2014"
Transportation,22646.0,56.0,2014-06-15,LOGISTICS,NSDL,"June 15, 2014"
Media,22083.0,477.0,2014-06-15,MEDIA,NSDL,"June 15, 2014"
Metals & Mining,58285.0,1076.0,2014-06-15,METAL,NSDL,"June 15, 2014"
Pharmaceuticals &   Biotechnology,100212.0,974.0,2014-06-15,PHARMA,NSDL,"June 15, 2014"
Realty,20613.0,474.0,2014-06-15,REALTY,NSDL,"June 15, 2014"
Commercial Services &   Supplies,13661.0,-13.0,2014-06-15,SERVICES,NSDL,"June 15, 2014"
Diversified Consumer   Services,279.0,8.0,2014-06-15,SERVICES,NSDL,"June 15, 2014"
"Hotels, Restaurants &   Tourism",6705.0,13.0,2014-06-15,SERVICES,NSDL,"June 15, 2014"
Retailing,4273.0,8.0,2014-06-15,SERVICES,NSDL,"June 15, 2014"
Telecom Services,38668.0,520.0,2014-06-15,TELECOM,NSDL,"June 15, 2014"
Telecommunications   Equipment,181.0,-2.0,2014-06-15,TELECOM,NSDL,"June 15, 2014"
"Textiles, Apparels &   Accessories",21820.0,171.0,2014-06-15,TEXTILES,NSDL,"June 15, 2014"
Automobiles & Auto Components,94185.0,1309.0,2014-06-30,AUTO,NSDL,"June 30, 2014"
Capital Goods,113043.0,437.0,2014-06-30,CAPITAL_GOODS,NSDL,"June 30, 2014"
Consumer Durables,5910.0,19.0,2014-06-30,CAPITAL_GOODS,NSDL,"June 30, 2014"
General Industrials,11036.0,36.0,2014-06-30,CAPITAL_GOODS,NSDL,"June 30, 2014"
Construction Materials,37472.0,114.0,2014-06-30,CEMENT,NSDL,"June 30, 2014"
Chemicals & Petrochemicals,16833.0,128.0,2014-06-30,CHEMICALS,NSDL,"June 30, 2014"
Forest Materials,673.0,25.0,2014-06-30,COMMODITIES,NSDL,"June 30, 2014"
Diversified,3549.0,41.0,2014-06-30,DIVERSIFIED,NSDL,"June 30, 2014"
Others,67986.0,4351.0,2014-06-30,DIVERSIFIED,NSDL,"June 30, 2014"
Coal,13928.0,3.0,2014-06-30,ENERGY,NSDL,"June 30, 2014"
Oil & Gas,114039.0,-556.0,2014-06-30,ENERGY,NSDL,"June 30, 2014"
Total  Financial Services,466758.0,3488.0,2014-06-30,FINANCIAL_SERVICES,NSDL,"June 30, 2014"
"Food, Beverages & Tobacco",81485.0,-1836.0,2014-06-30,FMCG,NSDL,"June 30, 2014"
Household & Personal Products,47170.0,487.0,2014-06-30,FMCG,NSDL,"June 30, 2014"
Healthcare Equipment & Supplies,271.0,-3.0,2014-06-30,HEALTHCARE,NSDL,"June 30, 2014"
Healthcare Services,6082.0,15.0,2014-06-30,HEALTHCARE,NSDL,"June 30, 2014"
Utilities,72798.0,1788.0,2014-06-30,INFRASTRUCTURE,NSDL,"June 30, 2014"
Hardware Technology & Equipment,107.0,-4.0,2014-06-30,IT,NSDL,"June 30, 2014"
Software & Services,239082.0,-670.0,2014-06-30,IT,NSDL,"June 30, 2014"
Transportation,23571.0,-205.0,2014-06-30,LOGISTICS,NSDL,"June 30, 2014"
Media,23953.0,191.0,2014-06-30,MEDIA,NSDL,"June 30, 2014"
Metals & Mining,59083.0,1394.0,2014-06-30,METAL,NSDL,"June 30, 2014"
Pharmaceuticals & Biotechnology,107263.0,1233.0,2014-06-30,PHARMA,NSDL,"June 30, 2014"
Realty,21479.0,254.0,2014-06-30,REALTY,NSDL,"June 30, 2014"
Commercial Services & Supplies,13524.0,-28.0,2014-06-30,SERVICES,NSDL,"June 30, 2014"
Diversified Consumer Services,278.0,1.0,2014-06-30,SERVICES,NSDL,"June 30, 2014"
"Hotels, Restaurants & Tourism",7026.0,83.0,2014-06-30,SERVICES,NSDL,"June 30, 2014"
Retailing,4354.0,132.0,2014-06-30,SERVICES,NSDL,"June 30, 2014"
Telecom Services,38987.0,311.0,2014-06-30,TELECOM,NSDL,"June 30, 2014"
Telecommunications Equipment,186.0,2.0,2014-06-30,TELECOM,NSDL,"June 30, 2014"
"Textiles, Apparels & Accessories",23319.0,31.0,2014-06-30,TEXTILES,NSDL,"June 30, 2014"
Automobiles & Auto Components,93784.0,1407.0,2014-07-15,AUTO,CDSL,"July 15, 2014"
Capital Goods,113504.0,1537.0,2014-07-15,CAPITAL_GOODS,CDSL,"July 15, 2014"
Consumer Durables,5932.0,0.0,2014-07-15,CAPITAL_GOODS,CDSL,"July 15, 2014"
General Industrials,10954.0,-81.0,2014-07-15,CAPITAL_GOODS,CDSL,"July 15, 2014"
Construction Materials,36316.0,-360.0,2014-07-15,CEMENT,CDSL,"July 15, 2014"
Chemicals & Petrochemicals,16376.0,182.0,2014-07-15,CHEMICALS,CDSL,"July 15, 2014"
Forest Materials,690.0,43.0,2014-07-15,COMMODITIES,CDSL,"July 15, 2014"
Diversified,3559.0,-31.0,2014-07-15,DIVERSIFIED,CDSL,"July 15, 2014"
Others,68290.0,1280.0,2014-07-15,DIVERSIFIED,CDSL,"July 15, 2014"
Coal,12910.0,-373.0,2014-07-15,ENERGY,CDSL,"July 15, 2014"
Oil & Gas,110310.0,-41.0,2014-07-15,ENERGY,CDSL,"July 15, 2014"
Total  Financial Services,459483.0,691.0,2014-07-15,FINANCIAL_SERVICES,CDSL,"July 15, 2014"
"Food, Beverages & Tobacco",83201.0,-4245.0,2014-07-15,FMCG,CDSL,"July 15, 2014"
Household & Personal Products,47660.0,247.0,2014-07-15,FMCG,CDSL,"July 15, 2014"
Healthcare Equipment & Supplies,229.0,-12.0,2014-07-15,HEALTHCARE,CDSL,"July 15, 2014"
Healthcare Services,6288.0,13.0,2014-07-15,HEALTHCARE,CDSL,"July 15, 2014"
Utilities,71359.0,2219.0,2014-07-15,INFRASTRUCTURE,CDSL,"July 15, 2014"
Hardware Technology & Equipment,87.0,-11.0,2014-07-15,IT,CDSL,"July 15, 2014"
Software & Services,236618.0,316.0,2014-07-15,IT,CDSL,"July 15, 2014"
Transportation,25232.0,-10.0,2014-07-15,LOGISTICS,CDSL,"July 15, 2014"
Media,23952.0,395.0,2014-07-15,MEDIA,CDSL,"July 15, 2014"
Metals & Mining,57637.0,214.0,2014-07-15,METAL,CDSL,"July 15, 2014"
Pharmaceuticals & Biotechnology,110160.0,1219.0,2014-07-15,PHARMA,CDSL,"July 15, 2014"
Realty,20142.0,-75.0,2014-07-15,REALTY,CDSL,"July 15, 2014"
Commercial Services & Supplies,12833.0,-43.0,2014-07-15,SERVICES,CDSL,"July 15, 2014"
Diversified Consumer Services,263.0,-2.0,2014-07-15,SERVICES,CDSL,"July 15, 2014"
"Hotels, Restaurants & Tourism",6833.0,68.0,2014-07-15,SERVICES,CDSL,"July 15, 2014"
Retailing,4307.0,160.0,2014-07-15,SERVICES,CDSL,"July 15, 2014"
Telecom Services,42507.0,4498.0,2014-07-15,TELECOM,CDSL,"July 15, 2014"
Telecommunications Equipment,163.0,5.0,2014-07-15,TELECOM,CDSL,"July 15, 2014"
"Textiles, Apparels & Accessories",22424.0,182.0,2014-07-15,TEXTILES,CDSL,"July 15, 2014"
Automobiles & Auto Components,96167.0,1224.0,2014-07-31,AUTO,NSDL,"July 31, 2014"
Capital Goods,108888.0,923.0,2014-07-31,CAPITAL_GOODS,NSDL,"July 31, 2014"
Consumer Durables,6264.0,-15.0,2014-07-31,CAPITAL_GOODS,NSDL,"July 31, 2014"
General Industrials,11207.0,15.0,2014-07-31,CAPITAL_GOODS,NSDL,"July 31, 2014"
Construction Materials,34839.0,-543.0,2014-07-31,CEMENT,NSDL,"July 31, 2014"
Chemicals & Petrochemicals,16916.0,29.0,2014-07-31,CHEMICALS,NSDL,"July 31, 2014"
Forest Materials,742.0,41.0,2014-07-31,COMMODITIES,NSDL,"July 31, 2014"
Diversified,3744.0,-31.0,2014-07-31,DIVERSIFIED,NSDL,"July 31, 2014"
Others,115757.0,1216.0,2014-07-31,DIVERSIFIED,NSDL,"July 31, 2014"
Coal,13072.0,-210.0,2014-07-31,ENERGY,NSDL,"July 31, 2014"
Oil & Gas,110344.0,487.0,2014-07-31,ENERGY,NSDL,"July 31, 2014"
Total  Financial Services,432676.0,2478.0,2014-07-31,FINANCIAL_SERVICES,NSDL,"July 31, 2014"
"Food, Beverages & Tobacco",86527.0,-2915.0,2014-07-31,FMCG,NSDL,"July 31, 2014"
Household & Personal Products,50894.0,300.0,2014-07-31,FMCG,NSDL,"July 31, 2014"
Healthcare Equipment & Supplies,191.0,-19.0,2014-07-31,HEALTHCARE,NSDL,"July 31, 2014"
Healthcare Services,6215.0,61.0,2014-07-31,HEALTHCARE,NSDL,"July 31, 2014"
Utilities,69696.0,1755.0,2014-07-31,INFRASTRUCTURE,NSDL,"July 31, 2014"
Hardware Technology & Equipment,99.0,-6.0,2014-07-31,IT,NSDL,"July 31, 2014"
Software & Services,249836.0,674.0,2014-07-31,IT,NSDL,"July 31, 2014"
Transportation,25796.0,230.0,2014-07-31,LOGISTICS,NSDL,"July 31, 2014"
Media,23864.0,498.0,2014-07-31,MEDIA,NSDL,"July 31, 2014"
Metals & Mining,59690.0,678.0,2014-07-31,METAL,NSDL,"July 31, 2014"
Pharmaceuticals & Biotechnology,117628.0,1390.0,2014-07-31,PHARMA,NSDL,"July 31, 2014"
Realty,19698.0,-132.0,2014-07-31,REALTY,NSDL,"July 31, 2014"
Commercial Services & Supplies,12936.0,44.0,2014-07-31,SERVICES,NSDL,"July 31, 2014"
Diversified Consumer Services,255.0,0.0,2014-07-31,SERVICES,NSDL,"July 31, 2014"
"Hotels, Restaurants & Tourism",6935.0,74.0,2014-07-31,SERVICES,NSDL,"July 31, 2014"
Retailing,4321.0,69.0,2014-07-31,SERVICES,NSDL,"July 31, 2014"
Telecom Services,47375.0,4527.0,2014-07-31,TELECOM,NSDL,"July 31, 2014"
Telecommunications Equipment,159.0,2.0,2014-07-31,TELECOM,NSDL,"July 31, 2014"
"Textiles, Apparels & Accessories",23004.0,261.0,2014-07-31,TEXTILES,NSDL,"July 31, 2014"
Automobiles & Auto Components,99570.0,1357.0,2014-08-15,AUTO,CDSL,"August 15, 2014"
Capital Goods,108982.0,-2255.0,2014-08-15,CAPITAL_GOODS,CDSL,"August 15, 2014"
Consumer Durables,6301.0,-46.0,2014-08-15,CAPITAL_GOODS,CDSL,"August 15, 2014"
General Industrials,11174.0,93.0,2014-08-15,CAPITAL_GOODS,CDSL,"August 15, 2014"
Construction Materials,36611.0,-604.0,2014-08-15,CEMENT,CDSL,"August 15, 2014"
Chemicals & Petrochemicals,16571.0,-212.0,2014-08-15,CHEMICALS,CDSL,"August 15, 2014"
Forest Materials,753.0,-3.0,2014-08-15,COMMODITIES,CDSL,"August 15, 2014"
Diversified,3760.0,20.0,2014-08-15,DIVERSIFIED,CDSL,"August 15, 2014"
Others,117485.0,2420.0,2014-08-15,DIVERSIFIED,CDSL,"August 15, 2014"
Coal,12530.0,-38.0,2014-08-15,ENERGY,CDSL,"August 15, 2014"
Oil & Gas,111008.0,-485.0,2014-08-15,ENERGY,CDSL,"August 15, 2014"
Total  Financial Services,435653.0,2081.0,2014-08-15,FINANCIAL_SERVICES,CDSL,"August 15, 2014"
"Food, Beverages & Tobacco",87623.0,1055.0,2014-08-15,FMCG,CDSL,"August 15, 2014"
Household & Personal Products,53054.0,299.0,2014-08-15,FMCG,CDSL,"August 15, 2014"
Healthcare Equipment & Supplies,164.0,-13.0,2014-08-15,HEALTHCARE,CDSL,"August 15, 2014"
Healthcare Services,6865.0,55.0,2014-08-15,HEALTHCARE,CDSL,"August 15, 2014"
Utilities,67585.0,-278.0,2014-08-15,INFRASTRUCTURE,CDSL,"August 15, 2014"
Hardware Technology & Equipment,96.0,-4.0,2014-08-15,IT,CDSL,"August 15, 2014"
Software & Services,252657.0,885.0,2014-08-15,IT,CDSL,"August 15, 2014"
Transportation,25499.0,-545.0,2014-08-15,LOGISTICS,CDSL,"August 15, 2014"
Media,21851.0,148.0,2014-08-15,MEDIA,CDSL,"August 15, 2014"
Metals & Mining,59186.0,834.0,2014-08-15,METAL,CDSL,"August 15, 2014"
Pharmaceuticals & Biotechnology,119323.0,677.0,2014-08-15,PHARMA,CDSL,"August 15, 2014"
Realty,19375.0,560.0,2014-08-15,REALTY,CDSL,"August 15, 2014"
Commercial Services & Supplies,13964.0,114.0,2014-08-15,SERVICES,CDSL,"August 15, 2014"
Diversified Consumer Services,267.0,2.0,2014-08-15,SERVICES,CDSL,"August 15, 2014"
"Hotels, Restaurants & Tourism",6334.0,-34.0,2014-08-15,SERVICES,CDSL,"August 15, 2014"
Retailing,4585.0,-3.0,2014-08-15,SERVICES,CDSL,"August 15, 2014"
Telecom Services,45846.0,-47.0,2014-08-15,TELECOM,CDSL,"August 15, 2014"
Telecommunications Equipment,153.0,3.0,2014-08-15,TELECOM,CDSL,"August 15, 2014"
"Textiles, Apparels & Accessories",23006.0,-38.0,2014-08-15,TEXTILES,CDSL,"August 15, 2014"
Automobiles & Auto Components,104521.0,282.0,2014-08-31,AUTO,CDSL,"August 31, 2014"
Capital Goods,109649.0,-1256.0,2014-08-31,CAPITAL_GOODS,CDSL,"August 31, 2014"
Consumer Durables,6955.0,-23.0,2014-08-31,CAPITAL_GOODS,CDSL,"August 31, 2014"
General Industrials,11451.0,144.0,2014-08-31,CAPITAL_GOODS,CDSL,"August 31, 2014"
Construction Materials,36210.0,-378.0,2014-08-31,CEMENT,CDSL,"August 31, 2014"
Chemicals & Petrochemicals,17279.0,-116.0,2014-08-31,CHEMICALS,CDSL,"August 31, 2014"
Forest Materials,786.0,9.0,2014-08-31,COMMODITIES,CDSL,"August 31, 2014"
Diversified,3827.0,20.0,2014-08-31,DIVERSIFIED,CDSL,"August 31, 2014"
Others,128897.0,2751.0,2014-08-31,DIVERSIFIED,CDSL,"August 31, 2014"
Coal,12563.0,-19.0,2014-08-31,ENERGY,CDSL,"August 31, 2014"
Oil & Gas,114373.0,272.0,2014-08-31,ENERGY,CDSL,"August 31, 2014"
Total  Financial Services,440301.0,555.0,2014-08-31,FINANCIAL_SERVICES,CDSL,"August 31, 2014"
"Food, Beverages & Tobacco",88668.0,342.0,2014-08-31,FMCG,CDSL,"August 31, 2014"
Household & Personal Products,56320.0,350.0,2014-08-31,FMCG,CDSL,"August 31, 2014"
Healthcare Equipment & Supplies,152.0,-9.0,2014-08-31,HEALTHCARE,CDSL,"August 31, 2014"
Healthcare Services,7205.0,62.0,2014-08-31,HEALTHCARE,CDSL,"August 31, 2014"
Utilities,66809.0,-245.0,2014-08-31,INFRASTRUCTURE,CDSL,"August 31, 2014"
Hardware Technology & Equipment,100.0,-2.0,2014-08-31,IT,CDSL,"August 31, 2014"
Software & Services,260049.0,1521.0,2014-08-31,IT,CDSL,"August 31, 2014"
Transportation,26196.0,-479.0,2014-08-31,LOGISTICS,CDSL,"August 31, 2014"
Media,22100.0,-63.0,2014-08-31,MEDIA,CDSL,"August 31, 2014"
Metals & Mining,56429.0,420.0,2014-08-31,METAL,CDSL,"August 31, 2014"
Pharmaceuticals & Biotechnology,127730.0,781.0,2014-08-31,PHARMA,CDSL,"August 31, 2014"
Realty,18445.0,544.0,2014-08-31,REALTY,CDSL,"August 31, 2014"
Commercial Services & Supplies,13999.0,154.0,2014-08-31,SERVICES,CDSL,"August 31, 2014"
Diversified Consumer Services,279.0,2.0,2014-08-31,SERVICES,CDSL,"August 31, 2014"
"Hotels, Restaurants & Tourism",7155.0,-107.0,2014-08-31,SERVICES,CDSL,"August 31, 2014"
Retailing,4509.0,-45.0,2014-08-31,SERVICES,CDSL,"August 31, 2014"
Telecom Services,46487.0,36.0,2014-08-31,TELECOM,CDSL,"August 31, 2014"
Telecommunications Equipment,169.0,3.0,2014-08-31,TELECOM,CDSL,"August 31, 2014"
"Textiles, Apparels & Accessories",23659.0,-78.0,2014-08-31,TEXTILES,CDSL,"August 31, 2014"
Automobiles & Auto Components,116775.0,818.0,2014-12-15,AUTO,CDSL,"December 15, 2014"
Capital Goods,110870.0,-201.0,2014-12-15,CAPITAL_GOODS,CDSL,"December 15, 2014"
Consumer Durables,6399.0,-174.0,2014-12-15,CAPITAL_GOODS,CDSL,"December 15, 2014"
General Industrials,12548.0,193.0,2014-12-15,CAPITAL_GOODS,CDSL,"December 15, 2014"
Construction Materials,37081.0,84.0,2014-12-15,CEMENT,CDSL,"December 15, 2014"
Chemicals & Petrochemicals,17958.0,108.0,2014-12-15,CHEMICALS,CDSL,"December 15, 2014"
Forest Materials,778.0,-24.0,2014-12-15,COMMODITIES,CDSL,"December 15, 2014"
Diversified,4444.0,64.0,2014-12-15,DIVERSIFIED,CDSL,"December 15, 2014"
Others,263798.0,1595.0,2014-12-15,DIVERSIFIED,CDSL,"December 15, 2014"
Coal,13157.0,132.0,2014-12-15,ENERGY,CDSL,"December 15, 2014"
Oil & Gas,97844.0,147.0,2014-12-15,ENERGY,CDSL,"December 15, 2014"
Total  Financial Services,390238.0,2084.0,2014-12-15,FINANCIAL_SERVICES,CDSL,"December 15, 2014"
"Food, Beverages & Tobacco",100331.0,1349.0,2014-12-15,FMCG,CDSL,"December 15, 2014"
Household & Personal Products,60492.0,525.0,2014-12-15,FMCG,CDSL,"December 15, 2014"
Healthcare Equipment & Supplies,156.0,13.0,2014-12-15,HEALTHCARE,CDSL,"December 15, 2014"
Healthcare Services,7100.0,13.0,2014-12-15,HEALTHCARE,CDSL,"December 15, 2014"
Utilities,66065.0,-115.0,2014-12-15,INFRASTRUCTURE,CDSL,"December 15, 2014"
Hardware Technology & Equipment,68.0,-4.0,2014-12-15,IT,CDSL,"December 15, 2014"
Software & Services,264075.0,4009.0,2014-12-15,IT,CDSL,"December 15, 2014"
Transportation,27448.0,15.0,2014-12-15,LOGISTICS,CDSL,"December 15, 2014"
Media,28975.0,481.0,2014-12-15,MEDIA,CDSL,"December 15, 2014"
Metals & Mining,44453.0,183.0,2014-12-15,METAL,CDSL,"December 15, 2014"
Pharmaceuticals & Biotechnology,142074.0,-413.0,2014-12-15,PHARMA,CDSL,"December 15, 2014"
Realty,16446.0,170.0,2014-12-15,REALTY,CDSL,"December 15, 2014"
Commercial Services & Supplies,12988.0,-222.0,2014-12-15,SERVICES,CDSL,"December 15, 2014"
Diversified Consumer Services,379.0,6.0,2014-12-15,SERVICES,CDSL,"December 15, 2014"
"Hotels, Restaurants & Tourism",8101.0,795.0,2014-12-15,SERVICES,CDSL,"December 15, 2014"
Retailing,5945.0,88.0,2014-12-15,SERVICES,CDSL,"December 15, 2014"
Telecom Services,43536.0,-7.0,2014-12-15,TELECOM,CDSL,"December 15, 2014"
Telecommunications Equipment,173.0,2.0,2014-12-15,TELECOM,CDSL,"December 15, 2014"
"Textiles, Apparels & Accessories",24984.0,-10.0,2014-12-15,TEXTILES,CDSL,"December 15, 2014"
Automobiles & Auto Components,115278.0,749.0,2014-12-31,AUTO,CDSL,"December 31, 2014"
Capital Goods,111466.0,-1758.0,2014-12-31,CAPITAL_GOODS,CDSL,"December 31, 2014"
Consumer Durables,6468.0,-101.0,2014-12-31,CAPITAL_GOODS,CDSL,"December 31, 2014"
General Industrials,12480.0,78.0,2014-12-31,CAPITAL_GOODS,CDSL,"December 31, 2014"
Construction Materials,37707.0,-368.0,2014-12-31,CEMENT,CDSL,"December 31, 2014"
Chemicals & Petrochemicals,19733.0,235.0,2014-12-31,CHEMICALS,CDSL,"December 31, 2014"
Forest Materials,816.0,-19.0,2014-12-31,COMMODITIES,CDSL,"December 31, 2014"
Diversified,4415.0,1.0,2014-12-31,DIVERSIFIED,CDSL,"December 31, 2014"
Others,276752.0,469.0,2014-12-31,DIVERSIFIED,CDSL,"December 31, 2014"
Coal,13679.0,519.0,2014-12-31,ENERGY,CDSL,"December 31, 2014"
Oil & Gas,97592.0,-810.0,2014-12-31,ENERGY,CDSL,"December 31, 2014"
Total  Financial Services,387339.0,1119.0,2014-12-31,FINANCIAL_SERVICES,CDSL,"December 31, 2014"
"Food, Beverages & Tobacco",96108.0,759.0,2014-12-31,FMCG,CDSL,"December 31, 2014"
Household & Personal Products,59720.0,-454.0,2014-12-31,FMCG,CDSL,"December 31, 2014"
Healthcare Equipment & Supplies,195.0,40.0,2014-12-31,HEALTHCARE,CDSL,"December 31, 2014"
Healthcare Services,7000.0,14.0,2014-12-31,HEALTHCARE,CDSL,"December 31, 2014"
Utilities,68402.0,-329.0,2014-12-31,INFRASTRUCTURE,CDSL,"December 31, 2014"
Hardware Technology & Equipment,67.0,-7.0,2014-12-31,IT,CDSL,"December 31, 2014"
Software & Services,272223.0,1665.0,2014-12-31,IT,CDSL,"December 31, 2014"
Transportation,30067.0,430.0,2014-12-31,LOGISTICS,CDSL,"December 31, 2014"
Media,30010.0,118.0,2014-12-31,MEDIA,CDSL,"December 31, 2014"
Metals & Mining,44592.0,-403.0,2014-12-31,METAL,CDSL,"December 31, 2014"
Pharmaceuticals & Biotechnology,138985.0,-735.0,2014-12-31,PHARMA,CDSL,"December 31, 2014"
Realty,16369.0,120.0,2014-12-31,REALTY,CDSL,"December 31, 2014"
Commercial Services & Supplies,13836.0,-256.0,2014-12-31,SERVICES,CDSL,"December 31, 2014"
Diversified Consumer Services,561.0,196.0,2014-12-31,SERVICES,CDSL,"December 31, 2014"
"Hotels, Restaurants & Tourism",8527.0,812.0,2014-12-31,SERVICES,CDSL,"December 31, 2014"
Retailing,6008.0,41.0,2014-12-31,SERVICES,CDSL,"December 31, 2014"
Telecom Services,43740.0,-970.0,2014-12-31,TELECOM,CDSL,"December 31, 2014"
Telecommunications Equipment,174.0,1.0,2014-12-31,TELECOM,CDSL,"December 31, 2014"
"Textiles, Apparels & Accessories",25708.0,-125.0,2014-12-31,TEXTILES,CDSL,"December 31, 2014"
Automobiles & Auto Components,118195.0,46.0,2015-01-15,AUTO,CDSL,"January 15, 2015"
Capital Goods,116843.0,-954.0,2015-01-15,CAPITAL_GOODS,CDSL,"January 15, 2015"
Consumer Durables,5193.0,-177.0,2015-01-15,CAPITAL_GOODS,CDSL,"January 15, 2015"
General Industrials,12755.0,5.0,2015-01-15,CAPITAL_GOODS,CDSL,"January 15, 2015"
Construction Materials,41197.0,-382.0,2015-01-15,CEMENT,CDSL,"January 15, 2015"
Chemicals & Petrochemicals,20654.0,126.0,2015-01-15,CHEMICALS,CDSL,"January 15, 2015"
Forest Materials,848.0,3.0,2015-01-15,COMMODITIES,CDSL,"January 15, 2015"
Diversified,4610.0,-24.0,2015-01-15,DIVERSIFIED,CDSL,"January 15, 2015"
Others,286264.0,-367.0,2015-01-15,DIVERSIFIED,CDSL,"January 15, 2015"
Coal,13203.0,341.0,2015-01-15,ENERGY,CDSL,"January 15, 2015"
Oil & Gas,96811.0,-759.0,2015-01-15,ENERGY,CDSL,"January 15, 2015"
Total  Financial Services,410062.0,1023.0,2015-01-15,FINANCIAL_SERVICES,CDSL,"January 15, 2015"
"Food, Beverages & Tobacco",97021.0,-296.0,2015-01-15,FMCG,CDSL,"January 15, 2015"
Household & Personal Products,68043.0,-729.0,2015-01-15,FMCG,CDSL,"January 15, 2015"
Healthcare Equipment & Supplies,220.0,56.0,2015-01-15,HEALTHCARE,CDSL,"January 15, 2015"
Healthcare Services,7111.0,14.0,2015-01-15,HEALTHCARE,CDSL,"January 15, 2015"
Utilities,69021.0,170.0,2015-01-15,INFRASTRUCTURE,CDSL,"January 15, 2015"
Hardware Technology & Equipment,62.0,-7.0,2015-01-15,IT,CDSL,"January 15, 2015"
Software & Services,283149.0,-3894.0,2015-01-15,IT,CDSL,"January 15, 2015"
Transportation,31068.0,390.0,2015-01-15,LOGISTICS,CDSL,"January 15, 2015"
Media,27020.0,82.0,2015-01-15,MEDIA,CDSL,"January 15, 2015"
Metals & Mining,41184.0,-738.0,2015-01-15,METAL,CDSL,"January 15, 2015"
Pharmaceuticals & Biotechnology,139383.0,-949.0,2015-01-15,PHARMA,CDSL,"January 15, 2015"
Realty,17061.0,-62.0,2015-01-15,REALTY,CDSL,"January 15, 2015"
Commercial Services & Supplies,14202.0,-115.0,2015-01-15,SERVICES,CDSL,"January 15, 2015"
Diversified Consumer Services,582.0,224.0,2015-01-15,SERVICES,CDSL,"January 15, 2015"
"Hotels, Restaurants & Tourism",8704.0,-73.0,2015-01-15,SERVICES,CDSL,"January 15, 2015"
Retailing,5999.0,48.0,2015-01-15,SERVICES,CDSL,"January 15, 2015"
Telecom Services,43075.0,-791.0,2015-01-15,TELECOM,CDSL,"January 15, 2015"
Telecommunications Equipment,177.0,0.0,2015-01-15,TELECOM,CDSL,"January 15, 2015"
"Textiles, Apparels & Accessories",26128.0,-92.0,2015-01-15,TEXTILES,CDSL,"January 15, 2015"
Automobiles & Auto Components,118416.0,388.0,2015-01-31,AUTO,CDSL,"January 31, 2015"
Capital Goods,126951.0,1571.0,2015-01-31,CAPITAL_GOODS,CDSL,"January 31, 2015"
Consumer Durables,5382.0,-141.0,2015-01-31,CAPITAL_GOODS,CDSL,"January 31, 2015"
General Industrials,14079.0,517.0,2015-01-31,CAPITAL_GOODS,CDSL,"January 31, 2015"
Construction Materials,43199.0,422.0,2015-01-31,CEMENT,CDSL,"January 31, 2015"
Chemicals & Petrochemicals,20751.0,78.0,2015-01-31,CHEMICALS,CDSL,"January 31, 2015"
Forest Materials,900.0,-1.0,2015-01-31,COMMODITIES,CDSL,"January 31, 2015"
Diversified,4734.0,3.0,2015-01-31,DIVERSIFIED,CDSL,"January 31, 2015"
Others,306895.0,2521.0,2015-01-31,DIVERSIFIED,CDSL,"January 31, 2015"
Coal,12994.0,-42.0,2015-01-31,ENERGY,CDSL,"January 31, 2015"
Oil & Gas,102249.0,560.0,2015-01-31,ENERGY,CDSL,"January 31, 2015"
Total  Financial Services,418358.0,3560.0,2015-01-31,FINANCIAL_SERVICES,CDSL,"January 31, 2015"
"Food, Beverages & Tobacco",101050.0,396.0,2015-01-31,FMCG,CDSL,"January 31, 2015"
Household & Personal Products,68978.0,-116.0,2015-01-31,FMCG,CDSL,"January 31, 2015"
Healthcare Equipment & Supplies,232.0,28.0,2015-01-31,HEALTHCARE,CDSL,"January 31, 2015"
Healthcare Services,8139.0,51.0,2015-01-31,HEALTHCARE,CDSL,"January 31, 2015"
Utilities,71175.0,473.0,2015-01-31,INFRASTRUCTURE,CDSL,"January 31, 2015"
Hardware Technology & Equipment,64.0,-1.0,2015-01-31,IT,CDSL,"January 31, 2015"
Software & Services,288614.0,1116.0,2015-01-31,IT,CDSL,"January 31, 2015"
Transportation,31876.0,234.0,2015-01-31,LOGISTICS,CDSL,"January 31, 2015"
Media,27754.0,-109.0,2015-01-31,MEDIA,CDSL,"January 31, 2015"
Metals & Mining,42317.0,-293.0,2015-01-31,METAL,CDSL,"January 31, 2015"
Pharmaceuticals & Biotechnology,149724.0,1128.0,2015-01-31,PHARMA,CDSL,"January 31, 2015"
Realty,19556.0,406.0,2015-01-31,REALTY,CDSL,"January 31, 2015"
Commercial Services & Supplies,16696.0,34.0,2015-01-31,SERVICES,CDSL,"January 31, 2015"
Diversified Consumer Services,623.0,41.0,2015-01-31,SERVICES,CDSL,"January 31, 2015"
"Hotels, Restaurants & Tourism",8659.0,-13.0,2015-01-31,SERVICES,CDSL,"January 31, 2015"
Retailing,5979.0,0.0,2015-01-31,SERVICES,CDSL,"January 31, 2015"
Telecom Services,45264.0,-20.0,2015-01-31,TELECOM,CDSL,"January 31, 2015"
Telecommunications Equipment,179.0,1.0,2015-01-31,TELECOM,CDSL,"January 31, 2015"
"Textiles, Apparels & Accessories",28281.0,127.0,2015-01-31,TEXTILES,CDSL,"January 31, 2015"
Automobiles & Auto Components,113530.0,-1126.0,2015-02-15,AUTO,CDSL,"February 15, 2015"
Capital Goods,123284.0,947.0,2015-02-15,CAPITAL_GOODS,CDSL,"February 15, 2015"
Consumer Durables,5735.0,52.0,2015-02-15,CAPITAL_GOODS,CDSL,"February 15, 2015"
General Industrials,14986.0,601.0,2015-02-15,CAPITAL_GOODS,CDSL,"February 15, 2015"
Construction Materials,43997.0,688.0,2015-02-15,CEMENT,CDSL,"February 15, 2015"
Chemicals & Petrochemicals,22027.0,22.0,2015-02-15,CHEMICALS,CDSL,"February 15, 2015"
Forest Materials,1029.0,75.0,2015-02-15,COMMODITIES,CDSL,"February 15, 2015"
Diversified,4799.0,-4.0,2015-02-15,DIVERSIFIED,CDSL,"February 15, 2015"
Others,297650.0,176.0,2015-02-15,DIVERSIFIED,CDSL,"February 15, 2015"
Coal,20988.0,7190.0,2015-02-15,ENERGY,CDSL,"February 15, 2015"
Oil & Gas,101993.0,1259.0,2015-02-15,ENERGY,CDSL,"February 15, 2015"
Total Financial Services,416970.0,1866.0,2015-02-15,FINANCIAL_SERVICES,CDSL,"February 15, 2015"
"Food, Beverages & Tobacco",103297.0,555.0,2015-02-15,FMCG,CDSL,"February 15, 2015"
Household & Personal Products,70180.0,250.0,2015-02-15,FMCG,CDSL,"February 15, 2015"
Healthcare Equipment & Supplies,87.0,1.0,2015-02-15,HEALTHCARE,CDSL,"February 15, 2015"
Healthcare Services,8143.0,50.0,2015-02-15,HEALTHCARE,CDSL,"February 15, 2015"
Utilities,69350.0,-199.0,2015-02-15,INFRASTRUCTURE,CDSL,"February 15, 2015"
Hardware Technology & Equipment,57.0,-2.0,2015-02-15,IT,CDSL,"February 15, 2015"
Software & Services,304589.0,2143.0,2015-02-15,IT,CDSL,"February 15, 2015"
Transportation,31772.0,144.0,2015-02-15,LOGISTICS,CDSL,"February 15, 2015"
Media,27295.0,-297.0,2015-02-15,MEDIA,CDSL,"February 15, 2015"
Metals & Mining,42847.0,-109.0,2015-02-15,METAL,CDSL,"February 15, 2015"
Pharmaceuticals & Biotechnology,152302.0,1404.0,2015-02-15,PHARMA,CDSL,"February 15, 2015"
Realty,18906.0,863.0,2015-02-15,REALTY,CDSL,"February 15, 2015"
Commercial Services & Supplies,17538.0,15.0,2015-02-15,SERVICES,CDSL,"February 15, 2015"
Diversified Consumer Services,658.0,27.0,2015-02-15,SERVICES,CDSL,"February 15, 2015"
"Hotels, Restaurants & Tourism",9216.0,-25.0,2015-02-15,SERVICES,CDSL,"February 15, 2015"
Retailing,6095.0,154.0,2015-02-15,SERVICES,CDSL,"February 15, 2015"
Telecom Services,43500.0,-11.0,2015-02-15,TELECOM,CDSL,"February 15, 2015"
Telecommunications Equipment,172.0,2.0,2015-02-15,TELECOM,CDSL,"February 15, 2015"
"Textiles, Apparels & Accessories",28022.0,173.0,2015-02-15,TEXTILES,CDSL,"February 15, 2015"
Automobiles & Auto Components,115297.0,500.0,2015-02-28,AUTO,CDSL,"February 28, 2015"
Capital Goods,129037.0,331.0,2015-02-28,CAPITAL_GOODS,CDSL,"February 28, 2015"
Consumer Durables,5540.0,85.0,2015-02-28,CAPITAL_GOODS,CDSL,"February 28, 2015"
General Industrials,15337.0,207.0,2015-02-28,CAPITAL_GOODS,CDSL,"February 28, 2015"
Construction Materials,44757.0,505.0,2015-02-28,CEMENT,CDSL,"February 28, 2015"
Chemicals & Petrochemicals,21670.0,38.0,2015-02-28,CHEMICALS,CDSL,"February 28, 2015"
Forest Materials,983.0,2.0,2015-02-28,COMMODITIES,CDSL,"February 28, 2015"
Diversified,4708.0,21.0,2015-02-28,DIVERSIFIED,CDSL,"February 28, 2015"
Others,301942.0,-268.0,2015-02-28,DIVERSIFIED,CDSL,"February 28, 2015"
Coal,22174.0,7305.0,2015-02-28,ENERGY,CDSL,"February 28, 2015"
Oil & Gas,98411.0,425.0,2015-02-28,ENERGY,CDSL,"February 28, 2015"
Total Financial Services,430087.0,-467.0,2015-02-28,FINANCIAL_SERVICES,CDSL,"February 28, 2015"
"Food, Beverages & Tobacco",101147.0,586.0,2015-02-28,FMCG,CDSL,"February 28, 2015"
Household & Personal Products,69760.0,56.0,2015-02-28,FMCG,CDSL,"February 28, 2015"
Healthcare Equipment & Supplies,92.0,0.0,2015-02-28,HEALTHCARE,CDSL,"February 28, 2015"
Healthcare Services,8411.0,44.0,2015-02-28,HEALTHCARE,CDSL,"February 28, 2015"
Utilities,71719.0,-279.0,2015-02-28,INFRASTRUCTURE,CDSL,"February 28, 2015"
Hardware Technology & Equipment,62.0,-2.0,2015-02-28,IT,CDSL,"February 28, 2015"
Software & Services,310210.0,608.0,2015-02-28,IT,CDSL,"February 28, 2015"
Transportation,32543.0,99.0,2015-02-28,LOGISTICS,CDSL,"February 28, 2015"
Media,26292.0,-234.0,2015-02-28,MEDIA,CDSL,"February 28, 2015"
Metals & Mining,43600.0,-337.0,2015-02-28,METAL,CDSL,"February 28, 2015"
Pharmaceuticals & Biotechnology,152924.0,1419.0,2015-02-28,PHARMA,CDSL,"February 28, 2015"
Realty,20000.0,632.0,2015-02-28,REALTY,CDSL,"February 28, 2015"
Commercial Services & Supplies,18082.0,-18.0,2015-02-28,SERVICES,CDSL,"February 28, 2015"
Diversified Consumer Services,656.0,23.0,2015-02-28,SERVICES,CDSL,"February 28, 2015"
"Hotels, Restaurants & Tourism",9292.0,3.0,2015-02-28,SERVICES,CDSL,"February 28, 2015"
Retailing,6149.0,265.0,2015-02-28,SERVICES,CDSL,"February 28, 2015"
Telecom Services,43172.0,-201.0,2015-02-28,TELECOM,CDSL,"February 28, 2015"
Telecommunications Equipment,176.0,2.0,2015-02-28,TELECOM,CDSL,"February 28, 2015"
"Textiles, Apparels & Accessories",27813.0,125.0,2015-02-28,TEXTILES,CDSL,"February 28, 2015"
Automobiles & Auto Components,114561.0,2693.0,2015-03-15,AUTO,CDSL,"March 15, 2015"
Capital Goods,128217.0,3140.0,2015-03-15,CAPITAL_GOODS,CDSL,"March 15, 2015"
Consumer Durables,5542.0,-27.0,2015-03-15,CAPITAL_GOODS,CDSL,"March 15, 2015"
General Industrials,15901.0,503.0,2015-03-15,CAPITAL_GOODS,CDSL,"March 15, 2015"
Construction Materials,42545.0,181.0,2015-03-15,CEMENT,CDSL,"March 15, 2015"
Chemicals & Petrochemicals,21797.0,93.0,2015-03-15,CHEMICALS,CDSL,"March 15, 2015"
Forest Materials,998.0,-65.0,2015-03-15,COMMODITIES,CDSL,"March 15, 2015"
Diversified,4519.0,-91.0,2015-03-15,DIVERSIFIED,CDSL,"March 15, 2015"
Others,291173.0,2313.0,2015-03-15,DIVERSIFIED,CDSL,"March 15, 2015"
Coal,20886.0,606.0,2015-03-15,ENERGY,CDSL,"March 15, 2015"
Oil & Gas,95646.0,124.0,2015-03-15,ENERGY,CDSL,"March 15, 2015"
Total  Financial Services,422472.0,2644.0,2015-03-15,FINANCIAL_SERVICES,CDSL,"March 15, 2015"
"Food, Beverages & Tobacco",97689.0,-112.0,2015-03-15,FMCG,CDSL,"March 15, 2015"
Household & Personal Products,72477.0,397.0,2015-03-15,FMCG,CDSL,"March 15, 2015"
Healthcare Equipment & Supplies,84.0,0.0,2015-03-15,HEALTHCARE,CDSL,"March 15, 2015"
Healthcare Services,8749.0,55.0,2015-03-15,HEALTHCARE,CDSL,"March 15, 2015"
Utilities,68597.0,158.0,2015-03-15,INFRASTRUCTURE,CDSL,"March 15, 2015"
Hardware Technology & Equipment,67.0,-1.0,2015-03-15,IT,CDSL,"March 15, 2015"
Software & Services,303111.0,1869.0,2015-03-15,IT,CDSL,"March 15, 2015"
Transportation,32581.0,383.0,2015-03-15,LOGISTICS,CDSL,"March 15, 2015"
Media,26118.0,-8.0,2015-03-15,MEDIA,CDSL,"March 15, 2015"
Metals & Mining,39788.0,-237.0,2015-03-15,METAL,CDSL,"March 15, 2015"
Pharmaceuticals & Biotechnology,165214.0,2552.0,2015-03-15,PHARMA,CDSL,"March 15, 2015"
Realty,19216.0,380.0,2015-03-15,REALTY,CDSL,"March 15, 2015"
Commercial Services & Supplies,16789.0,-13.0,2015-03-15,SERVICES,CDSL,"March 15, 2015"
Diversified Consumer Services,602.0,3.0,2015-03-15,SERVICES,CDSL,"March 15, 2015"
"Hotels, Restaurants & Tourism",9044.0,69.0,2015-03-15,SERVICES,CDSL,"March 15, 2015"
Retailing,6316.0,239.0,2015-03-15,SERVICES,CDSL,"March 15, 2015"
Telecom Services,48796.0,90.0,2015-03-15,TELECOM,CDSL,"March 15, 2015"
Telecommunications Equipment,172.0,2.0,2015-03-15,TELECOM,CDSL,"March 15, 2015"
"Textiles, Apparels & Accessories",27655.0,158.0,2015-03-15,TEXTILES,CDSL,"March 15, 2015"
Automobiles & Auto Components,113271.0,412.0,2015-03-31,AUTO,CDSL,"March 31, 2015"
Capital Goods,127000.0,2379.0,2015-03-31,CAPITAL_GOODS,CDSL,"March 31, 2015"
Consumer Durables,4362.0,-52.0,2015-03-31,CAPITAL_GOODS,CDSL,"March 31, 2015"
General Industrials,15930.0,700.0,2015-03-31,CAPITAL_GOODS,CDSL,"March 31, 2015"
Construction Materials,41597.0,-365.0,2015-03-31,CEMENT,CDSL,"March 31, 2015"
Chemicals & Petrochemicals,22454.0,160.0,2015-03-31,CHEMICALS,CDSL,"March 31, 2015"
Forest Materials,1000.0,33.0,2015-03-31,COMMODITIES,CDSL,"March 31, 2015"
Diversified,4479.0,-98.0,2015-03-31,DIVERSIFIED,CDSL,"March 31, 2015"
Others,305580.0,165.0,2015-03-31,DIVERSIFIED,CDSL,"March 31, 2015"
Coal,20901.0,664.0,2015-03-31,ENERGY,CDSL,"March 31, 2015"
Oil & Gas,94557.0,-14.0,2015-03-31,ENERGY,CDSL,"March 31, 2015"
Total  Financial Services,416790.0,3170.0,2015-03-31,FINANCIAL_SERVICES,CDSL,"March 31, 2015"
"Food, Beverages & Tobacco",95161.0,-850.0,2015-03-31,FMCG,CDSL,"March 31, 2015"
Household & Personal Products,69170.0,297.0,2015-03-31,FMCG,CDSL,"March 31, 2015"
Healthcare Equipment & Supplies,72.0,0.0,2015-03-31,HEALTHCARE,CDSL,"March 31, 2015"
Healthcare Services,8764.0,48.0,2015-03-31,HEALTHCARE,CDSL,"March 31, 2015"
Utilities,66820.0,-91.0,2015-03-31,INFRASTRUCTURE,CDSL,"March 31, 2015"
Hardware Technology & Equipment,60.0,-2.0,2015-03-31,IT,CDSL,"March 31, 2015"
Software & Services,274173.0,441.0,2015-03-31,IT,CDSL,"March 31, 2015"
Transportation,33119.0,887.0,2015-03-31,LOGISTICS,CDSL,"March 31, 2015"
Media,26111.0,-43.0,2015-03-31,MEDIA,CDSL,"March 31, 2015"
Metals & Mining,38281.0,-8.0,2015-03-31,METAL,CDSL,"March 31, 2015"
Pharmaceuticals & Biotechnology,170518.0,2318.0,2015-03-31,PHARMA,CDSL,"March 31, 2015"
Realty,18644.0,302.0,2015-03-31,REALTY,CDSL,"March 31, 2015"
Commercial Services & Supplies,16634.0,234.0,2015-03-31,SERVICES,CDSL,"March 31, 2015"
Diversified Consumer Services,589.0,9.0,2015-03-31,SERVICES,CDSL,"March 31, 2015"
"Hotels, Restaurants & Tourism",9015.0,42.0,2015-03-31,SERVICES,CDSL,"March 31, 2015"
Retailing,6328.0,250.0,2015-03-31,SERVICES,CDSL,"March 31, 2015"
Telecom Services,49035.0,1077.0,2015-03-31,TELECOM,CDSL,"March 31, 2015"
Telecommunications Equipment,172.0,17.0,2015-03-31,TELECOM,CDSL,"March 31, 2015"
"Textiles, Apparels & Accessories",27300.0,-4.0,2015-03-31,TEXTILES,CDSL,"March 31, 2015"
Automobiles & Auto Components,114057.0,-810.0,2015-04-15,AUTO,NSDL,"April 15, 2015"
Capital Goods,129084.0,859.0,2015-04-15,CAPITAL_GOODS,NSDL,"April 15, 2015"
Consumer Durables,4484.0,-12.0,2015-04-15,CAPITAL_GOODS,NSDL,"April 15, 2015"
General Industrials,16681.0,407.0,2015-04-15,CAPITAL_GOODS,NSDL,"April 15, 2015"
Construction Materials,43000.0,-244.0,2015-04-15,CEMENT,NSDL,"April 15, 2015"
Chemicals & Petrochemicals,23235.0,134.0,2015-04-15,CHEMICALS,NSDL,"April 15, 2015"
Forest Materials,1083.0,28.0,2015-04-15,COMMODITIES,NSDL,"April 15, 2015"
Diversified,4832.0,48.0,2015-04-15,DIVERSIFIED,NSDL,"April 15, 2015"
Others,313288.0,453.0,2015-04-15,DIVERSIFIED,NSDL,"April 15, 2015"
Coal,22274.0,197.0,2015-04-15,ENERGY,NSDL,"April 15, 2015"
Oil & Gas,102224.0,561.0,2015-04-15,ENERGY,NSDL,"April 15, 2015"
Total  Financial Services,424495.0,1046.0,2015-04-15,FINANCIAL_SERVICES,NSDL,"April 15, 2015"
"Food, Beverages & Tobacco",102623.0,14.0,2015-04-15,FMCG,NSDL,"April 15, 2015"
Household & Personal Products,74392.0,50.0,2015-04-15,FMCG,NSDL,"April 15, 2015"
Healthcare Equipment & Supplies,87.0,0.0,2015-04-15,HEALTHCARE,NSDL,"April 15, 2015"
Healthcare Services,8923.0,54.0,2015-04-15,HEALTHCARE,NSDL,"April 15, 2015"
Utilities,69786.0,-21.0,2015-04-15,INFRASTRUCTURE,NSDL,"April 15, 2015"
Hardware Technology & Equipment,65.0,-1.0,2015-04-15,IT,NSDL,"April 15, 2015"
Software & Services,275543.0,-896.0,2015-04-15,IT,NSDL,"April 15, 2015"
Transportation,34109.0,552.0,2015-04-15,LOGISTICS,NSDL,"April 15, 2015"
Media,26158.0,137.0,2015-04-15,MEDIA,NSDL,"April 15, 2015"
Metals & Mining,40493.0,29.0,2015-04-15,METAL,NSDL,"April 15, 2015"
Pharmaceuticals & Biotechnology,178913.0,1897.0,2015-04-15,PHARMA,NSDL,"April 15, 2015"
Realty,19805.0,94.0,2015-04-15,REALTY,NSDL,"April 15, 2015"
Commercial Services & Supplies,17160.0,254.0,2015-04-15,SERVICES,NSDL,"April 15, 2015"
Diversified Consumer Services,595.0,28.0,2015-04-15,SERVICES,NSDL,"April 15, 2015"
"Hotels, Restaurants & Tourism",9282.0,53.0,2015-04-15,SERVICES,NSDL,"April 15, 2015"
Retailing,6409.0,61.0,2015-04-15,SERVICES,NSDL,"April 15, 2015"
Telecom Services,53189.0,1364.0,2015-04-15,TELECOM,NSDL,"April 15, 2015"
Telecommunications Equipment,194.0,16.0,2015-04-15,TELECOM,NSDL,"April 15, 2015"
"Textiles, Apparels & Accessories",28523.0,-107.0,2015-04-15,TEXTILES,NSDL,"April 15, 2015"
Automobiles & Auto Components,107417.0,-1328.0,2015-04-30,AUTO,NSDL,"April 30, 2015"
Capital Goods,120116.0,-168.0,2015-04-30,CAPITAL_GOODS,NSDL,"April 30, 2015"
Consumer Durables,4309.0,51.0,2015-04-30,CAPITAL_GOODS,NSDL,"April 30, 2015"
General Industrials,15465.0,41.0,2015-04-30,CAPITAL_GOODS,NSDL,"April 30, 2015"
Construction Materials,38521.0,-551.0,2015-04-30,CEMENT,NSDL,"April 30, 2015"
Chemicals & Petrochemicals,23145.0,-33.0,2015-04-30,CHEMICALS,NSDL,"April 30, 2015"
Forest Materials,947.0,-16.0,2015-04-30,COMMODITIES,NSDL,"April 30, 2015"
Diversified,4289.0,-8.0,2015-04-30,DIVERSIFIED,NSDL,"April 30, 2015"
Others,309401.0,-356.0,2015-04-30,DIVERSIFIED,NSDL,"April 30, 2015"
Coal,21028.0,113.0,2015-04-30,ENERGY,NSDL,"April 30, 2015"
Oil & Gas,96945.0,1003.0,2015-04-30,ENERGY,NSDL,"April 30, 2015"
Total  Financial Services,393100.0,-616.0,2015-04-30,FINANCIAL_SERVICES,NSDL,"April 30, 2015"
"Food, Beverages & Tobacco",92896.0,288.0,2015-04-30,FMCG,NSDL,"April 30, 2015"
Household & Personal Products,67850.0,99.0,2015-04-30,FMCG,NSDL,"April 30, 2015"
Healthcare Equipment & Supplies,75.0,0.0,2015-04-30,HEALTHCARE,NSDL,"April 30, 2015"
Healthcare Services,7347.0,-38.0,2015-04-30,HEALTHCARE,NSDL,"April 30, 2015"
Utilities,65564.0,309.0,2015-04-30,INFRASTRUCTURE,NSDL,"April 30, 2015"
Hardware Technology & Equipment,50.0,-2.0,2015-04-30,IT,NSDL,"April 30, 2015"
Software & Services,247421.0,-3051.0,2015-04-30,IT,NSDL,"April 30, 2015"
Transportation,32572.0,252.0,2015-04-30,LOGISTICS,NSDL,"April 30, 2015"
Media,23886.0,92.0,2015-04-30,MEDIA,NSDL,"April 30, 2015"
Metals & Mining,39320.0,-541.0,2015-04-30,METAL,NSDL,"April 30, 2015"
Pharmaceuticals & Biotechnology,176696.0,16240.0,2015-04-30,PHARMA,NSDL,"April 30, 2015"
Realty,17631.0,-108.0,2015-04-30,REALTY,NSDL,"April 30, 2015"
Commercial Services & Supplies,17341.0,-278.0,2015-04-30,SERVICES,NSDL,"April 30, 2015"
Diversified Consumer Services,598.0,12.0,2015-04-30,SERVICES,NSDL,"April 30, 2015"
"Hotels, Restaurants & Tourism",8788.0,-85.0,2015-04-30,SERVICES,NSDL,"April 30, 2015"
Retailing,5894.0,56.0,2015-04-30,SERVICES,NSDL,"April 30, 2015"
Telecom Services,47901.0,363.0,2015-04-30,TELECOM,NSDL,"April 30, 2015"
Telecommunications Equipment,180.0,1.0,2015-04-30,TELECOM,NSDL,"April 30, 2015"
"Textiles, Apparels & Accessories",27138.0,-18.0,2015-04-30,TEXTILES,NSDL,"April 30, 2015"
Automobiles & Auto Components,111176.0,-1147.0,2015-05-15,AUTO,NSDL,"May 15, 2015"
Capital Goods,122588.0,-1388.0,2015-05-15,CAPITAL_GOODS,NSDL,"May 15, 2015"
Consumer Durables,4392.0,76.0,2015-05-15,CAPITAL_GOODS,NSDL,"May 15, 2015"
General Industrials,15714.0,71.0,2015-05-15,CAPITAL_GOODS,NSDL,"May 15, 2015"
Construction Materials,39718.0,-545.0,2015-05-15,CEMENT,NSDL,"May 15, 2015"
Chemicals & Petrochemicals,24159.0,151.0,2015-05-15,CHEMICALS,NSDL,"May 15, 2015"
Forest Materials,882.0,-38.0,2015-05-15,COMMODITIES,NSDL,"May 15, 2015"
Diversified,4762.0,-101.0,2015-05-15,DIVERSIFIED,NSDL,"May 15, 2015"
Others,304293.0,-2449.0,2015-05-15,DIVERSIFIED,NSDL,"May 15, 2015"
Coal,21032.0,-95.0,2015-05-15,ENERGY,NSDL,"May 15, 2015"
Oil & Gas,97886.0,518.0,2015-05-15,ENERGY,NSDL,"May 15, 2015"
Total  Financial Services,397776.0,-2024.0,2015-05-15,FINANCIAL_SERVICES,NSDL,"May 15, 2015"
"Food, Beverages & Tobacco",95647.0,-30.0,2015-05-15,FMCG,NSDL,"May 15, 2015"
Household & Personal Products,69430.0,-481.0,2015-05-15,FMCG,NSDL,"May 15, 2015"
Healthcare Equipment & Supplies,79.0,0.0,2015-05-15,HEALTHCARE,NSDL,"May 15, 2015"
Healthcare Services,8019.0,-15.0,2015-05-15,HEALTHCARE,NSDL,"May 15, 2015"
Utilities,64372.0,200.0,2015-05-15,INFRASTRUCTURE,NSDL,"May 15, 2015"
Hardware Technology & Equipment,47.0,-3.0,2015-05-15,IT,NSDL,"May 15, 2015"
Software & Services,250529.0,-4667.0,2015-05-15,IT,NSDL,"May 15, 2015"
Transportation,34073.0,465.0,2015-05-15,LOGISTICS,NSDL,"May 15, 2015"
Media,23262.0,-224.0,2015-05-15,MEDIA,NSDL,"May 15, 2015"
Metals & Mining,39041.0,-931.0,2015-05-15,METAL,NSDL,"May 15, 2015"
Pharmaceuticals & Biotechnology,178080.0,13999.0,2015-05-15,PHARMA,NSDL,"May 15, 2015"
Realty,17342.0,-109.0,2015-05-15,REALTY,NSDL,"May 15, 2015"
Commercial Services & Supplies,18710.0,-253.0,2015-05-15,SERVICES,NSDL,"May 15, 2015"
Diversified Consumer Services,566.0,0.0,2015-05-15,SERVICES,NSDL,"May 15, 2015"
"Hotels, Restaurants & Tourism",9358.0,-116.0,2015-05-15,SERVICES,NSDL,"May 15, 2015"
Retailing,5666.0,63.0,2015-05-15,SERVICES,NSDL,"May 15, 2015"
Telecom Services,48607.0,-185.0,2015-05-15,TELECOM,NSDL,"May 15, 2015"
Telecommunications Equipment,189.0,2.0,2015-05-15,TELECOM,NSDL,"May 15, 2015"
"Textiles, Apparels & Accessories",26881.0,40.0,2015-05-15,TEXTILES,NSDL,"May 15, 2015"
Automobiles & Auto Components,115093.0,37.0,2015-05-31,AUTO,NSDL,"May 31, 2015"
Capital Goods,122204.0,1335.0,2015-05-31,CAPITAL_GOODS,NSDL,"May 31, 2015"
Consumer Durables,4733.0,85.0,2015-05-31,CAPITAL_GOODS,NSDL,"May 31, 2015"
General Industrials,16060.0,227.0,2015-05-31,CAPITAL_GOODS,NSDL,"May 31, 2015"
Construction Materials,41163.0,305.0,2015-05-31,CEMENT,NSDL,"May 31, 2015"
Chemicals & Petrochemicals,24651.0,267.0,2015-05-31,CHEMICALS,NSDL,"May 31, 2015"
Forest Materials,980.0,2.0,2015-05-31,COMMODITIES,NSDL,"May 31, 2015"
Diversified,4663.0,-75.0,2015-05-31,DIVERSIFIED,NSDL,"May 31, 2015"
Others,309241.0,-2932.0,2015-05-31,DIVERSIFIED,NSDL,"May 31, 2015"
Coal,22423.0,-159.0,2015-05-31,ENERGY,NSDL,"May 31, 2015"
Oil & Gas,100205.0,159.0,2015-05-31,ENERGY,NSDL,"May 31, 2015"
Total  Financial Services,406097.0,-1612.0,2015-05-31,FINANCIAL_SERVICES,NSDL,"May 31, 2015"
"Food, Beverages & Tobacco",95927.0,37.0,2015-05-31,FMCG,NSDL,"May 31, 2015"
Household & Personal Products,70192.0,-220.0,2015-05-31,FMCG,NSDL,"May 31, 2015"
Healthcare Equipment & Supplies,76.0,0.0,2015-05-31,HEALTHCARE,NSDL,"May 31, 2015"
Healthcare Services,7899.0,39.0,2015-05-31,HEALTHCARE,NSDL,"May 31, 2015"
Utilities,64441.0,-549.0,2015-05-31,INFRASTRUCTURE,NSDL,"May 31, 2015"
Hardware Technology & Equipment,41.0,-3.0,2015-05-31,IT,NSDL,"May 31, 2015"
Software & Services,262175.0,-1458.0,2015-05-31,IT,NSDL,"May 31, 2015"
Transportation,34429.0,436.0,2015-05-31,LOGISTICS,NSDL,"May 31, 2015"
Media,24434.0,-626.0,2015-05-31,MEDIA,NSDL,"May 31, 2015"
Metals & Mining,36699.0,-933.0,2015-05-31,METAL,NSDL,"May 31, 2015"
Pharmaceuticals & Biotechnology,183429.0,-467.0,2015-05-31,PHARMA,NSDL,"May 31, 2015"
Realty,17157.0,9.0,2015-05-31,REALTY,NSDL,"May 31, 2015"
Commercial Services & Supplies,18167.0,-23.0,2015-05-31,SERVICES,NSDL,"May 31, 2015"
Diversified Consumer Services,610.0,16.0,2015-05-31,SERVICES,NSDL,"May 31, 2015"
"Hotels, Restaurants & Tourism",9481.0,28.0,2015-05-31,SERVICES,NSDL,"May 31, 2015"
Retailing,6201.0,-29.0,2015-05-31,SERVICES,NSDL,"May 31, 2015"
Telecom Services,51624.0,389.0,2015-05-31,TELECOM,NSDL,"May 31, 2015"
Telecommunications Equipment,207.0,0.0,2015-05-31,TELECOM,NSDL,"May 31, 2015"
"Textiles, Apparels & Accessories",28051.0,-52.0,2015-05-31,TEXTILES,NSDL,"May 31, 2015"
Automobiles & Auto Components,111417.0,557.0,2015-06-15,AUTO,NSDL,"June 15, 2015"
Capital Goods,116439.0,2587.0,2015-06-15,CAPITAL_GOODS,NSDL,"June 15, 2015"
Consumer Durables,4838.0,85.0,2015-06-15,CAPITAL_GOODS,NSDL,"June 15, 2015"
General Industrials,15157.0,132.0,2015-06-15,CAPITAL_GOODS,NSDL,"June 15, 2015"
Construction Materials,39159.0,468.0,2015-06-15,CEMENT,NSDL,"June 15, 2015"
Chemicals & Petrochemicals,23546.0,406.0,2015-06-15,CHEMICALS,NSDL,"June 15, 2015"
Forest Materials,871.0,20.0,2015-06-15,COMMODITIES,NSDL,"June 15, 2015"
Diversified,4366.0,-35.0,2015-06-15,DIVERSIFIED,NSDL,"June 15, 2015"
Others,281873.0,-2080.0,2015-06-15,DIVERSIFIED,NSDL,"June 15, 2015"
Coal,22649.0,196.0,2015-06-15,ENERGY,NSDL,"June 15, 2015"
Oil & Gas,99817.0,80.0,2015-06-15,ENERGY,NSDL,"June 15, 2015"
Total  Financial Services,392143.0,-277.0,2015-06-15,FINANCIAL_SERVICES,NSDL,"June 15, 2015"
"Food, Beverages & Tobacco",88438.0,1.0,2015-06-15,FMCG,NSDL,"June 15, 2015"
Household & Personal Products,67943.0,35.0,2015-06-15,FMCG,NSDL,"June 15, 2015"
Healthcare Equipment & Supplies,70.0,0.0,2015-06-15,HEALTHCARE,NSDL,"June 15, 2015"
Healthcare Services,7551.0,-1.0,2015-06-15,HEALTHCARE,NSDL,"June 15, 2015"
Utilities,62927.0,-1261.0,2015-06-15,INFRASTRUCTURE,NSDL,"June 15, 2015"
Hardware Technology & Equipment,34.0,-4.0,2015-06-15,IT,NSDL,"June 15, 2015"
Software & Services,205442.0,-1264.0,2015-06-15,IT,NSDL,"June 15, 2015"
Transportation,37566.0,729.0,2015-06-15,LOGISTICS,NSDL,"June 15, 2015"
Media,24814.0,-202.0,2015-06-15,MEDIA,NSDL,"June 15, 2015"
Metals & Mining,32808.0,-888.0,2015-06-15,METAL,NSDL,"June 15, 2015"
Pharmaceuticals & Biotechnology,165376.0,980.0,2015-06-15,PHARMA,NSDL,"June 15, 2015"
Realty,15282.0,-32.0,2015-06-15,REALTY,NSDL,"June 15, 2015"
Commercial Services & Supplies,4833.0,-664.0,2015-06-15,SERVICES,NSDL,"June 15, 2015"
Diversified Consumer Services,665.0,74.0,2015-06-15,SERVICES,NSDL,"June 15, 2015"
"Hotels, Restaurants & Tourism",8849.0,40.0,2015-06-15,SERVICES,NSDL,"June 15, 2015"
Retailing,5934.0,-8.0,2015-06-15,SERVICES,NSDL,"June 15, 2015"
Telecom Services,50042.0,1385.0,2015-06-15,TELECOM,NSDL,"June 15, 2015"
Telecommunications Equipment,206.0,-3.0,2015-06-15,TELECOM,NSDL,"June 15, 2015"
"Textiles, Apparels & Accessories",26229.0,34.0,2015-06-15,TEXTILES,NSDL,"June 15, 2015"
Automobiles & Auto Components,116661.0,162.0,2015-06-30,AUTO,NSDL,"June 30, 2015"
Capital Goods,121387.0,395.0,2015-06-30,CAPITAL_GOODS,NSDL,"June 30, 2015"
Consumer Durables,4420.0,64.0,2015-06-30,CAPITAL_GOODS,NSDL,"June 30, 2015"
General Industrials,15416.0,142.0,2015-06-30,CAPITAL_GOODS,NSDL,"June 30, 2015"
Construction Materials,40954.0,-23.0,2015-06-30,CEMENT,NSDL,"June 30, 2015"
Chemicals & Petrochemicals,24576.0,348.0,2015-06-30,CHEMICALS,NSDL,"June 30, 2015"
Forest Materials,917.0,14.0,2015-06-30,COMMODITIES,NSDL,"June 30, 2015"
Diversified,4561.0,-115.0,2015-06-30,DIVERSIFIED,NSDL,"June 30, 2015"
Others,293976.0,-1999.0,2015-06-30,DIVERSIFIED,NSDL,"June 30, 2015"
Coal,24556.0,426.0,2015-06-30,ENERGY,NSDL,"June 30, 2015"
Oil & Gas,107275.0,328.0,2015-06-30,ENERGY,NSDL,"June 30, 2015"
Total  Financial Services,412938.0,236.0,2015-06-30,FINANCIAL_SERVICES,NSDL,"June 30, 2015"
"Food, Beverages & Tobacco",91900.0,-506.0,2015-06-30,FMCG,NSDL,"June 30, 2015"
Household & Personal Products,74554.0,-19.0,2015-06-30,FMCG,NSDL,"June 30, 2015"
Healthcare Equipment & Supplies,80.0,0.0,2015-06-30,HEALTHCARE,NSDL,"June 30, 2015"
Healthcare Services,8572.0,44.0,2015-06-30,HEALTHCARE,NSDL,"June 30, 2015"
Utilities,62392.0,-952.0,2015-06-30,INFRASTRUCTURE,NSDL,"June 30, 2015"
Hardware Technology & Equipment,37.0,-2.0,2015-06-30,IT,NSDL,"June 30, 2015"
Software & Services,250144.0,-2602.0,2015-06-30,IT,NSDL,"June 30, 2015"
Transportation,41808.0,526.0,2015-06-30,LOGISTICS,NSDL,"June 30, 2015"
Media,26585.0,694.0,2015-06-30,MEDIA,NSDL,"June 30, 2015"
Metals & Mining,31951.0,-886.0,2015-06-30,METAL,NSDL,"June 30, 2015"
Pharmaceuticals & Biotechnology,178878.0,-236.0,2015-06-30,PHARMA,NSDL,"June 30, 2015"
Realty,15723.0,-144.0,2015-06-30,REALTY,NSDL,"June 30, 2015"
Commercial Services & Supplies,4629.0,-623.0,2015-06-30,SERVICES,NSDL,"June 30, 2015"
Diversified Consumer Services,690.0,55.0,2015-06-30,SERVICES,NSDL,"June 30, 2015"
"Hotels, Restaurants & Tourism",9040.0,-23.0,2015-06-30,SERVICES,NSDL,"June 30, 2015"
Retailing,6188.0,0.0,2015-06-30,SERVICES,NSDL,"June 30, 2015"
Telecom Services,52460.0,1204.0,2015-06-30,TELECOM,NSDL,"June 30, 2015"
Telecommunications Equipment,208.0,0.0,2015-06-30,TELECOM,NSDL,"June 30, 2015"
"Textiles, Apparels & Accessories",28133.0,148.0,2015-06-30,TEXTILES,NSDL,"June 30, 2015"
Automobiles & Auto Components,121168.0,-4.0,2015-07-15,AUTO,NSDL,"July 15, 2015"
Capital Goods,143864.0,-138.0,2015-07-15,CAPITAL_GOODS,NSDL,"July 15, 2015"
Consumer Durables,5188.0,-2.0,2015-07-15,CAPITAL_GOODS,NSDL,"July 15, 2015"
General Industrials,18514.0,-4.0,2015-07-15,CAPITAL_GOODS,NSDL,"July 15, 2015"
Construction Materials,53937.0,215.0,2015-07-15,CEMENT,NSDL,"July 15, 2015"
Chemicals & Petrochemicals,29662.0,-193.0,2015-07-15,CHEMICALS,NSDL,"July 15, 2015"
Forest Materials,1621.0,-1.0,2015-07-15,COMMODITIES,NSDL,"July 15, 2015"
Diversified,4941.0,-58.0,2015-07-15,DIVERSIFIED,NSDL,"July 15, 2015"
Others,307029.0,-1453.0,2015-07-15,DIVERSIFIED,NSDL,"July 15, 2015"
Coal,19634.0,581.0,2015-07-15,ENERGY,NSDL,"July 15, 2015"
Oil & Gas,101867.0,1009.0,2015-07-15,ENERGY,NSDL,"July 15, 2015"
Total  Financial Services,373007.0,2499.0,2015-07-15,FINANCIAL_SERVICES,NSDL,"July 15, 2015"
"Food, Beverages & Tobacco",98140.0,-266.0,2015-07-15,FMCG,NSDL,"July 15, 2015"
Household & Personal Products,83325.0,256.0,2015-07-15,FMCG,NSDL,"July 15, 2015"
Healthcare Equipment & Supplies,111.0,0.0,2015-07-15,HEALTHCARE,NSDL,"July 15, 2015"
Healthcare Services,8002.0,96.0,2015-07-15,HEALTHCARE,NSDL,"July 15, 2015"
Utilities,69109.0,-425.0,2015-07-15,INFRASTRUCTURE,NSDL,"July 15, 2015"
Hardware Technology & Equipment,58.0,2.0,2015-07-15,IT,NSDL,"July 15, 2015"
Software & Services,222372.0,-1847.0,2015-07-15,IT,NSDL,"July 15, 2015"
Transportation,51393.0,396.0,2015-07-15,LOGISTICS,NSDL,"July 15, 2015"
Media,22809.0,541.0,2015-07-15,MEDIA,NSDL,"July 15, 2015"
Metals & Mining,37187.0,-1039.0,2015-07-15,METAL,NSDL,"July 15, 2015"
Pharmaceuticals & Biotechnology,196383.0,485.0,2015-07-15,PHARMA,NSDL,"July 15, 2015"
Realty,16641.0,-196.0,2015-07-15,REALTY,NSDL,"July 15, 2015"
Commercial Services & Supplies,7894.0,71.0,2015-07-15,SERVICES,NSDL,"July 15, 2015"
Diversified Consumer Services,875.0,8.0,2015-07-15,SERVICES,NSDL,"July 15, 2015"
"Hotels, Restaurants & Tourism",10197.0,-48.0,2015-07-15,SERVICES,NSDL,"July 15, 2015"
Retailing,13819.0,5.0,2015-07-15,SERVICES,NSDL,"July 15, 2015"
Telecom Services,50830.0,550.0,2015-07-15,TELECOM,NSDL,"July 15, 2015"
Telecommunications Equipment,203.0,-26.0,2015-07-15,TELECOM,NSDL,"July 15, 2015"
"Textiles, Apparels & Accessories",33385.0,104.0,2015-07-15,TEXTILES,NSDL,"July 15, 2015"
Automobiles & Auto Components,120654.0,146.0,2015-07-31,AUTO,NSDL,"July 31, 2015"
Capital Goods,121554.0,-220.0,2015-07-31,CAPITAL_GOODS,NSDL,"July 31, 2015"
Consumer Durables,4456.0,-28.0,2015-07-31,CAPITAL_GOODS,NSDL,"July 31, 2015"
General Industrials,16683.0,19.0,2015-07-31,CAPITAL_GOODS,NSDL,"July 31, 2015"
Construction Materials,42242.0,351.0,2015-07-31,CEMENT,NSDL,"July 31, 2015"
Chemicals & Petrochemicals,25307.0,-30.0,2015-07-31,CHEMICALS,NSDL,"July 31, 2015"
Forest Materials,1174.0,128.0,2015-07-31,COMMODITIES,NSDL,"July 31, 2015"
Diversified,5480.0,45.0,2015-07-31,DIVERSIFIED,NSDL,"July 31, 2015"
Others,302545.0,-1158.0,2015-07-31,DIVERSIFIED,NSDL,"July 31, 2015"
Coal,26255.0,656.0,2015-07-31,ENERGY,NSDL,"July 31, 2015"
Oil & Gas,108275.0,1334.0,2015-07-31,ENERGY,NSDL,"July 31, 2015"
Total  Financial Services,431259.0,3207.0,2015-07-31,FINANCIAL_SERVICES,NSDL,"July 31, 2015"
"Food, Beverages & Tobacco",96944.0,109.0,2015-07-31,FMCG,NSDL,"July 31, 2015"
Household & Personal Products,77293.0,213.0,2015-07-31,FMCG,NSDL,"July 31, 2015"
Healthcare Equipment & Supplies,77.0,0.0,2015-07-31,HEALTHCARE,NSDL,"July 31, 2015"
Healthcare Services,8978.0,111.0,2015-07-31,HEALTHCARE,NSDL,"July 31, 2015"
Utilities,61213.0,-249.0,2015-07-31,INFRASTRUCTURE,NSDL,"July 31, 2015"
Hardware Technology & Equipment,63.0,16.0,2015-07-31,IT,NSDL,"July 31, 2015"
Software & Services,261356.0,-1104.0,2015-07-31,IT,NSDL,"July 31, 2015"
Transportation,44143.0,658.0,2015-07-31,LOGISTICS,NSDL,"July 31, 2015"
Media,29155.0,316.0,2015-07-31,MEDIA,NSDL,"July 31, 2015"
Metals & Mining,27019.0,-968.0,2015-07-31,METAL,NSDL,"July 31, 2015"
Pharmaceuticals & Biotechnology,180975.0,388.0,2015-07-31,PHARMA,NSDL,"July 31, 2015"
Realty,15504.0,337.0,2015-07-31,REALTY,NSDL,"July 31, 2015"
Commercial Services & Supplies,5051.0,98.0,2015-07-31,SERVICES,NSDL,"July 31, 2015"
Diversified Consumer Services,688.0,14.0,2015-07-31,SERVICES,NSDL,"July 31, 2015"
"Hotels, Restaurants & Tourism",9417.0,3.0,2015-07-31,SERVICES,NSDL,"July 31, 2015"
Retailing,6762.0,187.0,2015-07-31,SERVICES,NSDL,"July 31, 2015"
Telecom Services,53065.0,581.0,2015-07-31,TELECOM,NSDL,"July 31, 2015"
Telecommunications Equipment,205.0,-27.0,2015-07-31,TELECOM,NSDL,"July 31, 2015"
"Textiles, Apparels & Accessories",29342.0,188.0,2015-07-31,TEXTILES,NSDL,"July 31, 2015"
Automobiles & Auto Components,125297.0,154.0,2015-08-15,AUTO,NSDL,"August 15, 2015"
Capital Goods,120645.0,-558.0,2015-08-15,CAPITAL_GOODS,NSDL,"August 15, 2015"
Consumer Durables,4441.0,43.0,2015-08-15,CAPITAL_GOODS,NSDL,"August 15, 2015"
General Industrials,16652.0,72.0,2015-08-15,CAPITAL_GOODS,NSDL,"August 15, 2015"
Construction Materials,40985.0,-176.0,2015-08-15,CEMENT,NSDL,"August 15, 2015"
Chemicals & Petrochemicals,25440.0,342.0,2015-08-15,CHEMICALS,NSDL,"August 15, 2015"
Forest Materials,1123.0,145.0,2015-08-15,COMMODITIES,NSDL,"August 15, 2015"
Diversified,5782.0,26.0,2015-08-15,DIVERSIFIED,NSDL,"August 15, 2015"
Others,300694.0,-1890.0,2015-08-15,DIVERSIFIED,NSDL,"August 15, 2015"
Coal,22472.0,182.0,2015-08-15,ENERGY,NSDL,"August 15, 2015"
Oil & Gas,104257.0,1072.0,2015-08-15,ENERGY,NSDL,"August 15, 2015"
Total  Financial Services,422017.0,1067.0,2015-08-15,FINANCIAL_SERVICES,NSDL,"August 15, 2015"
"Food, Beverages & Tobacco",94439.0,-117.0,2015-08-15,FMCG,NSDL,"August 15, 2015"
Household & Personal Products,74463.0,-208.0,2015-08-15,FMCG,NSDL,"August 15, 2015"
Healthcare Equipment & Supplies,77.0,0.0,2015-08-15,HEALTHCARE,NSDL,"August 15, 2015"
Healthcare Services,8958.0,132.0,2015-08-15,HEALTHCARE,NSDL,"August 15, 2015"
Utilities,59012.0,-540.0,2015-08-15,INFRASTRUCTURE,NSDL,"August 15, 2015"
Hardware Technology & Equipment,59.0,11.0,2015-08-15,IT,NSDL,"August 15, 2015"
Software & Services,273590.0,-297.0,2015-08-15,IT,NSDL,"August 15, 2015"
Transportation,46178.0,569.0,2015-08-15,LOGISTICS,NSDL,"August 15, 2015"
Media,29618.0,228.0,2015-08-15,MEDIA,NSDL,"August 15, 2015"
Metals & Mining,24454.0,-875.0,2015-08-15,METAL,NSDL,"August 15, 2015"
Pharmaceuticals & Biotechnology,192173.0,-199.0,2015-08-15,PHARMA,NSDL,"August 15, 2015"
Realty,15634.0,380.0,2015-08-15,REALTY,NSDL,"August 15, 2015"
Commercial Services & Supplies,4961.0,-26.0,2015-08-15,SERVICES,NSDL,"August 15, 2015"
Diversified Consumer Services,666.0,5.0,2015-08-15,SERVICES,NSDL,"August 15, 2015"
"Hotels, Restaurants & Tourism",9096.0,18.0,2015-08-15,SERVICES,NSDL,"August 15, 2015"
Retailing,6827.0,180.0,2015-08-15,SERVICES,NSDL,"August 15, 2015"
Telecom Services,49276.0,295.0,2015-08-15,TELECOM,NSDL,"August 15, 2015"
Telecommunications Equipment,213.0,0.0,2015-08-15,TELECOM,NSDL,"August 15, 2015"
"Textiles, Apparels & Accessories",30058.0,425.0,2015-08-15,TEXTILES,NSDL,"August 15, 2015"
Automobiles & Auto Components,111460.0,-1449.0,2015-08-31,AUTO,NSDL,"August 31, 2015"
Capital Goods,110140.0,-1424.0,2015-08-31,CAPITAL_GOODS,NSDL,"August 31, 2015"
Consumer Durables,4226.0,-4.0,2015-08-31,CAPITAL_GOODS,NSDL,"August 31, 2015"
General Industrials,15623.0,138.0,2015-08-31,CAPITAL_GOODS,NSDL,"August 31, 2015"
Construction Materials,37904.0,-906.0,2015-08-31,CEMENT,NSDL,"August 31, 2015"
Chemicals & Petrochemicals,23710.0,108.0,2015-08-31,CHEMICALS,NSDL,"August 31, 2015"
Forest Materials,992.0,-13.0,2015-08-31,COMMODITIES,NSDL,"August 31, 2015"
Diversified,5417.0,36.0,2015-08-31,DIVERSIFIED,NSDL,"August 31, 2015"
Others,276950.0,-3600.0,2015-08-31,DIVERSIFIED,NSDL,"August 31, 2015"
Coal,21787.0,-123.0,2015-08-31,ENERGY,NSDL,"August 31, 2015"
Oil & Gas,94834.0,-538.0,2015-08-31,ENERGY,NSDL,"August 31, 2015"
Total  Financial Services,387354.0,-2222.0,2015-08-31,FINANCIAL_SERVICES,NSDL,"August 31, 2015"
"Food, Beverages & Tobacco",92017.0,-573.0,2015-08-31,FMCG,NSDL,"August 31, 2015"
Household & Personal Products,72377.0,-836.0,2015-08-31,FMCG,NSDL,"August 31, 2015"
Healthcare Equipment & Supplies,67.0,0.0,2015-08-31,HEALTHCARE,NSDL,"August 31, 2015"
Healthcare Services,8878.0,109.0,2015-08-31,HEALTHCARE,NSDL,"August 31, 2015"
Utilities,53658.0,-1204.0,2015-08-31,INFRASTRUCTURE,NSDL,"August 31, 2015"
Hardware Technology & Equipment,48.0,-6.0,2015-08-31,IT,NSDL,"August 31, 2015"
Software & Services,262053.0,-2015.0,2015-08-31,IT,NSDL,"August 31, 2015"
Transportation,43802.0,239.0,2015-08-31,LOGISTICS,NSDL,"August 31, 2015"
Media,27596.0,-167.0,2015-08-31,MEDIA,NSDL,"August 31, 2015"
Metals & Mining,21962.0,-1356.0,2015-08-31,METAL,NSDL,"August 31, 2015"
Pharmaceuticals & Biotechnology,193748.0,-191.0,2015-08-31,PHARMA,NSDL,"August 31, 2015"
Realty,13496.0,-433.0,2015-08-31,REALTY,NSDL,"August 31, 2015"
Commercial Services & Supplies,4378.0,-149.0,2015-08-31,SERVICES,NSDL,"August 31, 2015"
Diversified Consumer Services,659.0,3.0,2015-08-31,SERVICES,NSDL,"August 31, 2015"
"Hotels, Restaurants & Tourism",8383.0,-116.0,2015-08-31,SERVICES,NSDL,"August 31, 2015"
Retailing,6453.0,80.0,2015-08-31,SERVICES,NSDL,"August 31, 2015"
Telecom Services,45232.0,-587.0,2015-08-31,TELECOM,NSDL,"August 31, 2015"
Telecommunications Equipment,187.0,-1.0,2015-08-31,TELECOM,NSDL,"August 31, 2015"
"Textiles, Apparels & Accessories",28806.0,322.0,2015-08-31,TEXTILES,NSDL,"August 31, 2015"
Automobiles & Auto Components,108793.0,-2471.0,2015-09-15,AUTO,CDSL,"September 15, 2015"
Capital Goods,105624.0,-1971.0,2015-09-15,CAPITAL_GOODS,CDSL,"September 15, 2015"
Consumer Durables,4112.0,-65.0,2015-09-15,CAPITAL_GOODS,CDSL,"September 15, 2015"
General Industrials,14631.0,182.0,2015-09-15,CAPITAL_GOODS,CDSL,"September 15, 2015"
Construction Materials,37991.0,-1021.0,2015-09-15,CEMENT,CDSL,"September 15, 2015"
Chemicals & Petrochemicals,23271.0,38.0,2015-09-15,CHEMICALS,CDSL,"September 15, 2015"
Forest Materials,958.0,-40.0,2015-09-15,COMMODITIES,CDSL,"September 15, 2015"
Diversified,5375.0,-14.0,2015-09-15,DIVERSIFIED,CDSL,"September 15, 2015"
Others,272907.0,-4190.0,2015-09-15,DIVERSIFIED,CDSL,"September 15, 2015"
Coal,19888.0,-199.0,2015-09-15,ENERGY,CDSL,"September 15, 2015"
Oil & Gas,94012.0,-1270.0,2015-09-15,ENERGY,CDSL,"September 15, 2015"
Total  Financial Services,383307.0,-2776.0,2015-09-15,FINANCIAL_SERVICES,CDSL,"September 15, 2015"
"Food, Beverages & Tobacco",90876.0,-342.0,2015-09-15,FMCG,CDSL,"September 15, 2015"
Household & Personal Products,69551.0,-1094.0,2015-09-15,FMCG,CDSL,"September 15, 2015"
Healthcare Equipment & Supplies,65.0,0.0,2015-09-15,HEALTHCARE,CDSL,"September 15, 2015"
Healthcare Services,8982.0,48.0,2015-09-15,HEALTHCARE,CDSL,"September 15, 2015"
Utilities,53187.0,-1155.0,2015-09-15,INFRASTRUCTURE,CDSL,"September 15, 2015"
Hardware Technology & Equipment,45.0,-4.0,2015-09-15,IT,CDSL,"September 15, 2015"
Software & Services,258672.0,-2536.0,2015-09-15,IT,CDSL,"September 15, 2015"
Transportation,42091.0,-127.0,2015-09-15,LOGISTICS,CDSL,"September 15, 2015"
Media,27994.0,-239.0,2015-09-15,MEDIA,CDSL,"September 15, 2015"
Metals & Mining,21801.0,-1039.0,2015-09-15,METAL,CDSL,"September 15, 2015"
Pharmaceuticals & Biotechnology,183000.0,-646.0,2015-09-15,PHARMA,CDSL,"September 15, 2015"
Realty,14046.0,-340.0,2015-09-15,REALTY,CDSL,"September 15, 2015"
Commercial Services & Supplies,4247.0,-127.0,2015-09-15,SERVICES,CDSL,"September 15, 2015"
Diversified Consumer Services,610.0,0.0,2015-09-15,SERVICES,CDSL,"September 15, 2015"
"Hotels, Restaurants & Tourism",8093.0,-130.0,2015-09-15,SERVICES,CDSL,"September 15, 2015"
Retailing,6426.0,121.0,2015-09-15,SERVICES,CDSL,"September 15, 2015"
Telecom Services,43941.0,-812.0,2015-09-15,TELECOM,CDSL,"September 15, 2015"
Telecommunications Equipment,194.0,7.0,2015-09-15,TELECOM,CDSL,"September 15, 2015"
"Textiles, Apparels & Accessories",27809.0,40.0,2015-09-15,TEXTILES,CDSL,"September 15, 2015"
Automobiles & Auto Components,113073.0,-5.0,2015-09-30,AUTO,CDSL,"September 30, 2015"
Capital Goods,102639.0,-870.0,2015-09-30,CAPITAL_GOODS,CDSL,"September 30, 2015"
Consumer Durables,4360.0,6.0,2015-09-30,CAPITAL_GOODS,CDSL,"September 30, 2015"
General Industrials,14585.0,-232.0,2015-09-30,CAPITAL_GOODS,CDSL,"September 30, 2015"
Construction Materials,36484.0,-725.0,2015-09-30,CEMENT,CDSL,"September 30, 2015"
Chemicals & Petrochemicals,22612.0,40.0,2015-09-30,CHEMICALS,CDSL,"September 30, 2015"
Forest Materials,989.0,-18.0,2015-09-30,COMMODITIES,CDSL,"September 30, 2015"
Diversified,5502.0,-141.0,2015-09-30,DIVERSIFIED,CDSL,"September 30, 2015"
Others,275115.0,1465.0,2015-09-30,DIVERSIFIED,CDSL,"September 30, 2015"
Coal,18880.0,-581.0,2015-09-30,ENERGY,CDSL,"September 30, 2015"
Oil & Gas,92398.0,-1021.0,2015-09-30,ENERGY,CDSL,"September 30, 2015"
Total  Financial Services,399052.0,-139.0,2015-09-30,FINANCIAL_SERVICES,CDSL,"September 30, 2015"
"Food, Beverages & Tobacco",92915.0,-70.0,2015-09-30,FMCG,CDSL,"September 30, 2015"
Household & Personal Products,67989.0,-1363.0,2015-09-30,FMCG,CDSL,"September 30, 2015"
Healthcare Equipment & Supplies,61.0,0.0,2015-09-30,HEALTHCARE,CDSL,"September 30, 2015"
Healthcare Services,9510.0,60.0,2015-09-30,HEALTHCARE,CDSL,"September 30, 2015"
Utilities,54596.0,-481.0,2015-09-30,INFRASTRUCTURE,CDSL,"September 30, 2015"
Hardware Technology & Equipment,45.0,-1.0,2015-09-30,IT,CDSL,"September 30, 2015"
Software & Services,269654.0,-61.0,2015-09-30,IT,CDSL,"September 30, 2015"
Transportation,40338.0,-293.0,2015-09-30,LOGISTICS,CDSL,"September 30, 2015"
Media,28456.0,111.0,2015-09-30,MEDIA,CDSL,"September 30, 2015"
Metals & Mining,20234.0,-389.0,2015-09-30,METAL,CDSL,"September 30, 2015"
Pharmaceuticals & Biotechnology,188996.0,-929.0,2015-09-30,PHARMA,CDSL,"September 30, 2015"
Realty,15117.0,63.0,2015-09-30,REALTY,CDSL,"September 30, 2015"
Commercial Services & Supplies,4506.0,-21.0,2015-09-30,SERVICES,CDSL,"September 30, 2015"
Diversified Consumer Services,546.0,-5.0,2015-09-30,SERVICES,CDSL,"September 30, 2015"
"Hotels, Restaurants & Tourism",7871.0,-101.0,2015-09-30,SERVICES,CDSL,"September 30, 2015"
Retailing,6828.0,74.0,2015-09-30,SERVICES,CDSL,"September 30, 2015"
Telecom Services,43121.0,-873.0,2015-09-30,TELECOM,CDSL,"September 30, 2015"
Telecommunications Equipment,205.0,14.0,2015-09-30,TELECOM,CDSL,"September 30, 2015"
"Textiles, Apparels & Accessories",28516.0,15.0,2015-09-30,TEXTILES,CDSL,"September 30, 2015"
Automobiles & Auto Components,115640.0,1849.0,2015-10-15,AUTO,CDSL,"October 15, 2015"
Capital Goods,112103.0,630.0,2015-10-15,CAPITAL_GOODS,CDSL,"October 15, 2015"
Consumer Durables,4685.0,35.0,2015-10-15,CAPITAL_GOODS,CDSL,"October 15, 2015"
General Industrials,15112.0,-102.0,2015-10-15,CAPITAL_GOODS,CDSL,"October 15, 2015"
Construction Materials,37883.0,-825.0,2015-10-15,CEMENT,CDSL,"October 15, 2015"
Chemicals & Petrochemicals,23240.0,-79.0,2015-10-15,CHEMICALS,CDSL,"October 15, 2015"
Forest Materials,1105.0,4.0,2015-10-15,COMMODITIES,CDSL,"October 15, 2015"
Diversified,5590.0,-81.0,2015-10-15,DIVERSIFIED,CDSL,"October 15, 2015"
Others,287968.0,2778.0,2015-10-15,DIVERSIFIED,CDSL,"October 15, 2015"
Coal,19565.0,-561.0,2015-10-15,ENERGY,CDSL,"October 15, 2015"
Oil & Gas,97949.0,-244.0,2015-10-15,ENERGY,CDSL,"October 15, 2015"
Total  Financial Services,408383.0,654.0,2015-10-15,FINANCIAL_SERVICES,CDSL,"October 15, 2015"
"Food, Beverages & Tobacco",97239.0,123.0,2015-10-15,FMCG,CDSL,"October 15, 2015"
Household & Personal Products,66371.0,-941.0,2015-10-15,FMCG,CDSL,"October 15, 2015"
Healthcare Equipment & Supplies,70.0,0.0,2015-10-15,HEALTHCARE,CDSL,"October 15, 2015"
Healthcare Services,9546.0,97.0,2015-10-15,HEALTHCARE,CDSL,"October 15, 2015"
Utilities,56903.0,25.0,2015-10-15,INFRASTRUCTURE,CDSL,"October 15, 2015"
Hardware Technology & Equipment,64.0,0.0,2015-10-15,IT,CDSL,"October 15, 2015"
Software & Services,253801.0,25.0,2015-10-15,IT,CDSL,"October 15, 2015"
Transportation,42755.0,33.0,2015-10-15,LOGISTICS,CDSL,"October 15, 2015"
Media,29788.0,286.0,2015-10-15,MEDIA,CDSL,"October 15, 2015"
Metals & Mining,23305.0,-231.0,2015-10-15,METAL,CDSL,"October 15, 2015"
Pharmaceuticals & Biotechnology,190897.0,27.0,2015-10-15,PHARMA,CDSL,"October 15, 2015"
Realty,15521.0,87.0,2015-10-15,REALTY,CDSL,"October 15, 2015"
Commercial Services & Supplies,5160.0,14.0,2015-10-15,SERVICES,CDSL,"October 15, 2015"
Diversified Consumer Services,552.0,-14.0,2015-10-15,SERVICES,CDSL,"October 15, 2015"
"Hotels, Restaurants & Tourism",7915.0,-186.0,2015-10-15,SERVICES,CDSL,"October 15, 2015"
Retailing,7033.0,90.0,2015-10-15,SERVICES,CDSL,"October 15, 2015"
Telecom Services,44713.0,-731.0,2015-10-15,TELECOM,CDSL,"October 15, 2015"
Telecommunications Equipment,214.0,5.0,2015-10-15,TELECOM,CDSL,"October 15, 2015"
"Textiles, Apparels & Accessories",29586.0,123.0,2015-10-15,TEXTILES,CDSL,"October 15, 2015"
Automobiles & Auto Components,114329.0,1473.0,2015-10-31,AUTO,CDSL,"October 31, 2015"
Capital Goods,109327.0,1632.0,2015-10-31,CAPITAL_GOODS,CDSL,"October 31, 2015"
Consumer Durables,4744.0,66.0,2015-10-31,CAPITAL_GOODS,CDSL,"October 31, 2015"
General Industrials,14657.0,41.0,2015-10-31,CAPITAL_GOODS,CDSL,"October 31, 2015"
Construction Materials,37614.0,-533.0,2015-10-31,CEMENT,CDSL,"October 31, 2015"
Chemicals & Petrochemicals,23113.0,95.0,2015-10-31,CHEMICALS,CDSL,"October 31, 2015"
Forest Materials,1093.0,21.0,2015-10-31,COMMODITIES,CDSL,"October 31, 2015"
Diversified,5430.0,11.0,2015-10-31,DIVERSIFIED,CDSL,"October 31, 2015"
Others,278454.0,201.0,2015-10-31,DIVERSIFIED,CDSL,"October 31, 2015"
Coal,18048.0,-396.0,2015-10-31,ENERGY,CDSL,"October 31, 2015"
Oil & Gas,99437.0,913.0,2015-10-31,ENERGY,CDSL,"October 31, 2015"
Total  Financial Services,405151.0,1063.0,2015-10-31,FINANCIAL_SERVICES,CDSL,"October 31, 2015"
"Food, Beverages & Tobacco",95391.0,653.0,2015-10-31,FMCG,CDSL,"October 31, 2015"
Household & Personal Products,66637.0,-338.0,2015-10-31,FMCG,CDSL,"October 31, 2015"
Healthcare Equipment & Supplies,57.0,0.0,2015-10-31,HEALTHCARE,CDSL,"October 31, 2015"
Healthcare Services,8728.0,20.0,2015-10-31,HEALTHCARE,CDSL,"October 31, 2015"
Utilities,56794.0,152.0,2015-10-31,INFRASTRUCTURE,CDSL,"October 31, 2015"
Hardware Technology & Equipment,59.0,-2.0,2015-10-31,IT,CDSL,"October 31, 2015"
Software & Services,260844.0,620.0,2015-10-31,IT,CDSL,"October 31, 2015"
Transportation,38939.0,-56.0,2015-10-31,LOGISTICS,CDSL,"October 31, 2015"
Media,29054.0,108.0,2015-10-31,MEDIA,CDSL,"October 31, 2015"
Metals & Mining,22700.0,-27.0,2015-10-31,METAL,CDSL,"October 31, 2015"
Pharmaceuticals & Biotechnology,190539.0,1175.0,2015-10-31,PHARMA,CDSL,"October 31, 2015"
Realty,14757.0,70.0,2015-10-31,REALTY,CDSL,"October 31, 2015"
Commercial Services & Supplies,4932.0,19.0,2015-10-31,SERVICES,CDSL,"October 31, 2015"
Diversified Consumer Services,500.0,-23.0,2015-10-31,SERVICES,CDSL,"October 31, 2015"
"Hotels, Restaurants & Tourism",7881.0,-252.0,2015-10-31,SERVICES,CDSL,"October 31, 2015"
Retailing,6687.0,27.0,2015-10-31,SERVICES,CDSL,"October 31, 2015"
Telecom Services,43084.0,-284.0,2015-10-31,TELECOM,CDSL,"October 31, 2015"
Telecommunications Equipment,217.0,0.0,2015-10-31,TELECOM,CDSL,"October 31, 2015"
"Textiles, Apparels & Accessories",29547.0,201.0,2015-10-31,TEXTILES,CDSL,"October 31, 2015"
Automobiles & Auto Components,116160.0,582.0,2015-11-15,AUTO,CDSL,"November 15, 2015"
Capital Goods,104987.0,251.0,2015-11-15,CAPITAL_GOODS,CDSL,"November 15, 2015"
Consumer Durables,4505.0,59.0,2015-11-15,CAPITAL_GOODS,CDSL,"November 15, 2015"
General Industrials,14899.0,-25.0,2015-11-15,CAPITAL_GOODS,CDSL,"November 15, 2015"
Construction Materials,35175.0,-461.0,2015-11-15,CEMENT,CDSL,"November 15, 2015"
Chemicals & Petrochemicals,22238.0,51.0,2015-11-15,CHEMICALS,CDSL,"November 15, 2015"
Forest Materials,1123.0,25.0,2015-11-15,COMMODITIES,CDSL,"November 15, 2015"
Diversified,5194.0,-60.0,2015-11-15,DIVERSIFIED,CDSL,"November 15, 2015"
Others,277761.0,1588.0,2015-11-15,DIVERSIFIED,CDSL,"November 15, 2015"
Coal,19081.0,-247.0,2015-11-15,ENERGY,CDSL,"November 15, 2015"
Oil & Gas,97080.0,237.0,2015-11-15,ENERGY,CDSL,"November 15, 2015"
Total  Financial Services,386496.0,308.0,2015-11-15,FINANCIAL_SERVICES,CDSL,"November 15, 2015"
"Food, Beverages & Tobacco",95100.0,454.0,2015-11-15,FMCG,CDSL,"November 15, 2015"
Household & Personal Products,66129.0,-319.0,2015-11-15,FMCG,CDSL,"November 15, 2015"
Healthcare Equipment & Supplies,50.0,0.0,2015-11-15,HEALTHCARE,CDSL,"November 15, 2015"
Healthcare Services,8371.0,-16.0,2015-11-15,HEALTHCARE,CDSL,"November 15, 2015"
Utilities,55572.0,-56.0,2015-11-15,INFRASTRUCTURE,CDSL,"November 15, 2015"
Hardware Technology & Equipment,63.0,-1.0,2015-11-15,IT,CDSL,"November 15, 2015"
Software & Services,252801.0,886.0,2015-11-15,IT,CDSL,"November 15, 2015"
Transportation,36920.0,-552.0,2015-11-15,LOGISTICS,CDSL,"November 15, 2015"
Media,27046.0,-279.0,2015-11-15,MEDIA,CDSL,"November 15, 2015"
Metals & Mining,20940.0,-392.0,2015-11-15,METAL,CDSL,"November 15, 2015"
Pharmaceuticals & Biotechnology,169158.0,-38.0,2015-11-15,PHARMA,CDSL,"November 15, 2015"
Realty,13945.0,-62.0,2015-11-15,REALTY,CDSL,"November 15, 2015"
Commercial Services & Supplies,4480.0,-18.0,2015-11-15,SERVICES,CDSL,"November 15, 2015"
Diversified Consumer Services,456.0,-21.0,2015-11-15,SERVICES,CDSL,"November 15, 2015"
"Hotels, Restaurants & Tourism",7179.0,-379.0,2015-11-15,SERVICES,CDSL,"November 15, 2015"
Retailing,6694.0,-79.0,2015-11-15,SERVICES,CDSL,"November 15, 2015"
Telecom Services,40583.0,-208.0,2015-11-15,TELECOM,CDSL,"November 15, 2015"
Telecommunications Equipment,213.0,2.0,2015-11-15,TELECOM,CDSL,"November 15, 2015"
"Textiles, Apparels & Accessories",28966.0,25.0,2015-11-15,TEXTILES,CDSL,"November 15, 2015"
Automobiles & Auto Components,122654.0,2281.0,2015-11-30,AUTO,CDSL,"November 30, 2015"
Capital Goods,108737.0,-758.0,2015-11-30,CAPITAL_GOODS,CDSL,"November 30, 2015"
Consumer Durables,4808.0,5.0,2015-11-30,CAPITAL_GOODS,CDSL,"November 30, 2015"
General Industrials,14975.0,93.0,2015-11-30,CAPITAL_GOODS,CDSL,"November 30, 2015"
Construction Materials,35745.0,-701.0,2015-11-30,CEMENT,CDSL,"November 30, 2015"
Chemicals & Petrochemicals,22001.0,-237.0,2015-11-30,CHEMICALS,CDSL,"November 30, 2015"
Forest Materials,1150.0,-4.0,2015-11-30,COMMODITIES,CDSL,"November 30, 2015"
Diversified,5405.0,-114.0,2015-11-30,DIVERSIFIED,CDSL,"November 30, 2015"
Others,287711.0,469.0,2015-11-30,DIVERSIFIED,CDSL,"November 30, 2015"
Coal,18844.0,127.0,2015-11-30,ENERGY,CDSL,"November 30, 2015"
Oil & Gas,99642.0,-893.0,2015-11-30,ENERGY,CDSL,"November 30, 2015"
Total  Financial Services,396403.0,-694.0,2015-11-30,FINANCIAL_SERVICES,CDSL,"November 30, 2015"
"Food, Beverages & Tobacco",95449.0,-365.0,2015-11-30,FMCG,CDSL,"November 30, 2015"
Household & Personal Products,66463.0,-370.0,2015-11-30,FMCG,CDSL,"November 30, 2015"
Healthcare Equipment & Supplies,46.0,-5.0,2015-11-30,HEALTHCARE,CDSL,"November 30, 2015"
Healthcare Services,8813.0,4.0,2015-11-30,HEALTHCARE,CDSL,"November 30, 2015"
Utilities,59528.0,-183.0,2015-11-30,INFRASTRUCTURE,CDSL,"November 30, 2015"
Hardware Technology & Equipment,77.0,5.0,2015-11-30,IT,CDSL,"November 30, 2015"
Software & Services,251352.0,-975.0,2015-11-30,IT,CDSL,"November 30, 2015"
Transportation,37077.0,-649.0,2015-11-30,LOGISTICS,CDSL,"November 30, 2015"
Media,28787.0,-349.0,2015-11-30,MEDIA,CDSL,"November 30, 2015"
Metals & Mining,20840.0,-614.0,2015-11-30,METAL,CDSL,"November 30, 2015"
Pharmaceuticals & Biotechnology,164297.0,-2249.0,2015-11-30,PHARMA,CDSL,"November 30, 2015"
Realty,14345.0,-198.0,2015-11-30,REALTY,CDSL,"November 30, 2015"
Commercial Services & Supplies,4765.0,-44.0,2015-11-30,SERVICES,CDSL,"November 30, 2015"
Diversified Consumer Services,361.0,-23.0,2015-11-30,SERVICES,CDSL,"November 30, 2015"
"Hotels, Restaurants & Tourism",7561.0,-328.0,2015-11-30,SERVICES,CDSL,"November 30, 2015"
Retailing,7843.0,-19.0,2015-11-30,SERVICES,CDSL,"November 30, 2015"
Telecom Services,41979.0,-302.0,2015-11-30,TELECOM,CDSL,"November 30, 2015"
Telecommunications Equipment,239.0,-1.0,2015-11-30,TELECOM,CDSL,"November 30, 2015"
"Textiles, Apparels & Accessories",30584.0,19.0,2015-11-30,TEXTILES,CDSL,"November 30, 2015"
Automobiles & Auto Components,121208.0,4227.0,2015-12-15,AUTO,CDSL,"December 15, 2015"
Capital Goods,100956.0,-634.0,2015-12-15,CAPITAL_GOODS,CDSL,"December 15, 2015"
Consumer Durables,4769.0,21.0,2015-12-15,CAPITAL_GOODS,CDSL,"December 15, 2015"
General Industrials,14129.0,-153.0,2015-12-15,CAPITAL_GOODS,CDSL,"December 15, 2015"
Construction Materials,35210.0,-582.0,2015-12-15,CEMENT,CDSL,"December 15, 2015"
Chemicals & Petrochemicals,21182.0,-432.0,2015-12-15,CHEMICALS,CDSL,"December 15, 2015"
Forest Materials,1103.0,-5.0,2015-12-15,COMMODITIES,CDSL,"December 15, 2015"
Diversified,5022.0,-69.0,2015-12-15,DIVERSIFIED,CDSL,"December 15, 2015"
Others,274203.0,-778.0,2015-12-15,DIVERSIFIED,CDSL,"December 15, 2015"
Coal,17782.0,35.0,2015-12-15,ENERGY,CDSL,"December 15, 2015"
Oil & Gas,97900.0,-1244.0,2015-12-15,ENERGY,CDSL,"December 15, 2015"
Total  Financial Services,387042.0,-1887.0,2015-12-15,FINANCIAL_SERVICES,CDSL,"December 15, 2015"
"Food, Beverages & Tobacco",90626.0,-1214.0,2015-12-15,FMCG,CDSL,"December 15, 2015"
Household & Personal Products,69286.0,-72.0,2015-12-15,FMCG,CDSL,"December 15, 2015"
Healthcare Equipment & Supplies,38.0,-7.0,2015-12-15,HEALTHCARE,CDSL,"December 15, 2015"
Healthcare Services,9302.0,26.0,2015-12-15,HEALTHCARE,CDSL,"December 15, 2015"
Utilities,56761.0,-217.0,2015-12-15,INFRASTRUCTURE,CDSL,"December 15, 2015"
Hardware Technology & Equipment,69.0,2.0,2015-12-15,IT,CDSL,"December 15, 2015"
Software & Services,248652.0,-1410.0,2015-12-15,IT,CDSL,"December 15, 2015"
Transportation,34729.0,-544.0,2015-12-15,LOGISTICS,CDSL,"December 15, 2015"
Media,28371.0,-55.0,2015-12-15,MEDIA,CDSL,"December 15, 2015"
Metals & Mining,21061.0,-410.0,2015-12-15,METAL,CDSL,"December 15, 2015"
Pharmaceuticals & Biotechnology,162481.0,-3575.0,2015-12-15,PHARMA,CDSL,"December 15, 2015"
Realty,13504.0,-204.0,2015-12-15,REALTY,CDSL,"December 15, 2015"
Commercial Services & Supplies,4748.0,-23.0,2015-12-15,SERVICES,CDSL,"December 15, 2015"
Diversified Consumer Services,402.0,-34.0,2015-12-15,SERVICES,CDSL,"December 15, 2015"
"Hotels, Restaurants & Tourism",7435.0,-131.0,2015-12-15,SERVICES,CDSL,"December 15, 2015"
Retailing,7338.0,113.0,2015-12-15,SERVICES,CDSL,"December 15, 2015"
Telecom Services,38967.0,-668.0,2015-12-15,TELECOM,CDSL,"December 15, 2015"
Telecommunications Equipment,228.0,-2.0,2015-12-15,TELECOM,CDSL,"December 15, 2015"
"Textiles, Apparels & Accessories",29705.0,112.0,2015-12-15,TEXTILES,CDSL,"December 15, 2015"
Automobiles & Auto Components,123091.0,2093.0,2015-12-31,AUTO,CDSL,"December 31, 2015"
Capital Goods,103816.0,-547.0,2015-12-31,CAPITAL_GOODS,CDSL,"December 31, 2015"
Consumer Durables,5029.0,25.0,2015-12-31,CAPITAL_GOODS,CDSL,"December 31, 2015"
General Industrials,14832.0,-321.0,2015-12-31,CAPITAL_GOODS,CDSL,"December 31, 2015"
Construction Materials,35752.0,-301.0,2015-12-31,CEMENT,CDSL,"December 31, 2015"
Chemicals & Petrochemicals,21944.0,-332.0,2015-12-31,CHEMICALS,CDSL,"December 31, 2015"
Forest Materials,1177.0,-1.0,2015-12-31,COMMODITIES,CDSL,"December 31, 2015"
Diversified,5489.0,-5.0,2015-12-31,DIVERSIFIED,CDSL,"December 31, 2015"
Others,285608.0,404.0,2015-12-31,DIVERSIFIED,CDSL,"December 31, 2015"
Coal,18438.0,-268.0,2015-12-31,ENERGY,CDSL,"December 31, 2015"
Oil & Gas,102114.0,-557.0,2015-12-31,ENERGY,CDSL,"December 31, 2015"
Total  Financial Services,404346.0,-897.0,2015-12-31,FINANCIAL_SERVICES,CDSL,"December 31, 2015"
"Food, Beverages & Tobacco",91448.0,-1110.0,2015-12-31,FMCG,CDSL,"December 31, 2015"
Household & Personal Products,68949.0,465.0,2015-12-31,FMCG,CDSL,"December 31, 2015"
Healthcare Equipment & Supplies,27.0,-16.0,2015-12-31,HEALTHCARE,CDSL,"December 31, 2015"
Healthcare Services,9825.0,85.0,2015-12-31,HEALTHCARE,CDSL,"December 31, 2015"
Utilities,62724.0,234.0,2015-12-31,INFRASTRUCTURE,CDSL,"December 31, 2015"
Hardware Technology & Equipment,68.0,-5.0,2015-12-31,IT,CDSL,"December 31, 2015"
Software & Services,254154.0,-50.0,2015-12-31,IT,CDSL,"December 31, 2015"
Transportation,34941.0,-212.0,2015-12-31,LOGISTICS,CDSL,"December 31, 2015"
Media,30559.0,-20.0,2015-12-31,MEDIA,CDSL,"December 31, 2015"
Metals & Mining,22053.0,-203.0,2015-12-31,METAL,CDSL,"December 31, 2015"
Pharmaceuticals & Biotechnology,170947.0,-607.0,2015-12-31,PHARMA,CDSL,"December 31, 2015"
Realty,14293.0,-82.0,2015-12-31,REALTY,CDSL,"December 31, 2015"
Commercial Services & Supplies,4791.0,9.0,2015-12-31,SERVICES,CDSL,"December 31, 2015"
Diversified Consumer Services,385.0,-24.0,2015-12-31,SERVICES,CDSL,"December 31, 2015"
"Hotels, Restaurants & Tourism",7735.0,-68.0,2015-12-31,SERVICES,CDSL,"December 31, 2015"
Retailing,7634.0,54.0,2015-12-31,SERVICES,CDSL,"December 31, 2015"
Telecom Services,42574.0,-594.0,2015-12-31,TELECOM,CDSL,"December 31, 2015"
Telecommunications Equipment,231.0,-14.0,2015-12-31,TELECOM,CDSL,"December 31, 2015"
"Textiles, Apparels & Accessories",30357.0,49.0,2015-12-31,TEXTILES,CDSL,"December 31, 2015"
Automobiles & Auto Components,112728.0,-326.0,2016-01-15,AUTO,CDSL,"January 15, 2016"
Capital Goods,92269.0,-854.0,2016-01-15,CAPITAL_GOODS,CDSL,"January 15, 2016"
Consumer Durables,4530.0,-119.0,2016-01-15,CAPITAL_GOODS,CDSL,"January 15, 2016"
General Industrials,13364.0,-239.0,2016-01-15,CAPITAL_GOODS,CDSL,"January 15, 2016"
Construction Materials,32682.0,-287.0,2016-01-15,CEMENT,CDSL,"January 15, 2016"
Chemicals & Petrochemicals,20265.0,-245.0,2016-01-15,CHEMICALS,CDSL,"January 15, 2016"
Forest Materials,789.0,0.0,2016-01-15,COMMODITIES,CDSL,"January 15, 2016"
Diversified,5388.0,341.0,2016-01-15,DIVERSIFIED,CDSL,"January 15, 2016"
Others,253944.0,-233.0,2016-01-15,DIVERSIFIED,CDSL,"January 15, 2016"
Coal,17687.0,-309.0,2016-01-15,ENERGY,CDSL,"January 15, 2016"
Oil & Gas,105647.0,666.0,2016-01-15,ENERGY,CDSL,"January 15, 2016"
Total  Financial Services,374633.0,631.0,2016-01-15,FINANCIAL_SERVICES,CDSL,"January 15, 2016"
"Food, Beverages & Tobacco",86424.0,-625.0,2016-01-15,FMCG,CDSL,"January 15, 2016"
Household & Personal Products,66257.0,369.0,2016-01-15,FMCG,CDSL,"January 15, 2016"
Healthcare Equipment & Supplies,12.0,-31.0,2016-01-15,HEALTHCARE,CDSL,"January 15, 2016"
Healthcare Services,9276.0,118.0,2016-01-15,HEALTHCARE,CDSL,"January 15, 2016"
Utilities,59603.0,541.0,2016-01-15,INFRASTRUCTURE,CDSL,"January 15, 2016"
Hardware Technology & Equipment,57.0,-1.0,2016-01-15,IT,CDSL,"January 15, 2016"
Software & Services,248862.0,-185.0,2016-01-15,IT,CDSL,"January 15, 2016"
Transportation,31541.0,-110.0,2016-01-15,LOGISTICS,CDSL,"January 15, 2016"
Media,27643.0,-268.0,2016-01-15,MEDIA,CDSL,"January 15, 2016"
Metals & Mining,19125.0,-164.0,2016-01-15,METAL,CDSL,"January 15, 2016"
Pharmaceuticals & Biotechnology,158680.0,1123.0,2016-01-15,PHARMA,CDSL,"January 15, 2016"
Realty,12746.0,-257.0,2016-01-15,REALTY,CDSL,"January 15, 2016"
Commercial Services & Supplies,4320.0,-86.0,2016-01-15,SERVICES,CDSL,"January 15, 2016"
Diversified Consumer Services,318.0,-5.0,2016-01-15,SERVICES,CDSL,"January 15, 2016"
"Hotels, Restaurants & Tourism",6665.0,-193.0,2016-01-15,SERVICES,CDSL,"January 15, 2016"
Retailing,7066.0,9.0,2016-01-15,SERVICES,CDSL,"January 15, 2016"
Telecom Services,36503.0,-305.0,2016-01-15,TELECOM,CDSL,"January 15, 2016"
Telecommunications Equipment,262.0,32.0,2016-01-15,TELECOM,CDSL,"January 15, 2016"
"Textiles, Apparels & Accessories",28919.0,-44.0,2016-01-15,TEXTILES,CDSL,"January 15, 2016"
Automobiles & Auto Components,113413.0,-668.0,2016-01-31,AUTO,CDSL,"January 31, 2016"
Capital Goods,90922.0,-1629.0,2016-01-31,CAPITAL_GOODS,CDSL,"January 31, 2016"
Consumer Durables,4652.0,-81.0,2016-01-31,CAPITAL_GOODS,CDSL,"January 31, 2016"
General Industrials,12982.0,-205.0,2016-01-31,CAPITAL_GOODS,CDSL,"January 31, 2016"
Construction Materials,34170.0,-180.0,2016-01-31,CEMENT,CDSL,"January 31, 2016"
Chemicals & Petrochemicals,20889.0,-300.0,2016-01-31,CHEMICALS,CDSL,"January 31, 2016"
Forest Materials,772.0,0.0,2016-01-31,COMMODITIES,CDSL,"January 31, 2016"
Diversified,2923.0,257.0,2016-01-31,DIVERSIFIED,CDSL,"January 31, 2016"
Others,255109.0,-2613.0,2016-01-31,DIVERSIFIED,CDSL,"January 31, 2016"
Coal,17457.0,-551.0,2016-01-31,ENERGY,CDSL,"January 31, 2016"
Oil & Gas,101893.0,236.0,2016-01-31,ENERGY,CDSL,"January 31, 2016"
Total  Financial Services,381190.0,-556.0,2016-01-31,FINANCIAL_SERVICES,CDSL,"January 31, 2016"
"Food, Beverages & Tobacco",85249.0,-760.0,2016-01-31,FMCG,CDSL,"January 31, 2016"
Household & Personal Products,65669.0,-180.0,2016-01-31,FMCG,CDSL,"January 31, 2016"
Healthcare Equipment & Supplies,10.0,-18.0,2016-01-31,HEALTHCARE,CDSL,"January 31, 2016"
Healthcare Services,9970.0,102.0,2016-01-31,HEALTHCARE,CDSL,"January 31, 2016"
Utilities,61497.0,-76.0,2016-01-31,INFRASTRUCTURE,CDSL,"January 31, 2016"
Hardware Technology & Equipment,47.0,-6.0,2016-01-31,IT,CDSL,"January 31, 2016"
Software & Services,256076.0,-1258.0,2016-01-31,IT,CDSL,"January 31, 2016"
Transportation,31240.0,-175.0,2016-01-31,LOGISTICS,CDSL,"January 31, 2016"
Media,28552.0,-247.0,2016-01-31,MEDIA,CDSL,"January 31, 2016"
Metals & Mining,19316.0,-397.0,2016-01-31,METAL,CDSL,"January 31, 2016"
Pharmaceuticals & Biotechnology,165773.0,-539.0,2016-01-31,PHARMA,CDSL,"January 31, 2016"
Realty,12448.0,-427.0,2016-01-31,REALTY,CDSL,"January 31, 2016"
Commercial Services & Supplies,4148.0,-122.0,2016-01-31,SERVICES,CDSL,"January 31, 2016"
Diversified Consumer Services,332.0,-2.0,2016-01-31,SERVICES,CDSL,"January 31, 2016"
"Hotels, Restaurants & Tourism",6725.0,-263.0,2016-01-31,SERVICES,CDSL,"January 31, 2016"
Retailing,7065.0,-18.0,2016-01-31,SERVICES,CDSL,"January 31, 2016"
Telecom Services,33593.0,-535.0,2016-01-31,TELECOM,CDSL,"January 31, 2016"
Telecommunications Equipment,287.0,54.0,2016-01-31,TELECOM,CDSL,"January 31, 2016"
"Textiles, Apparels & Accessories",29101.0,27.0,2016-01-31,TEXTILES,CDSL,"January 31, 2016"
Automobiles & Auto Components,108916.0,-535.0,2016-02-15,AUTO,CDSL,"February 15, 2016"
Capital Goods,87711.0,-1423.0,2016-02-15,CAPITAL_GOODS,CDSL,"February 15, 2016"
Consumer Durables,4385.0,49.0,2016-02-15,CAPITAL_GOODS,CDSL,"February 15, 2016"
General Industrials,11684.0,-209.0,2016-02-15,CAPITAL_GOODS,CDSL,"February 15, 2016"
Construction Materials,33853.0,103.0,2016-02-15,CEMENT,CDSL,"February 15, 2016"
Chemicals & Petrochemicals,19884.0,-42.0,2016-02-15,CHEMICALS,CDSL,"February 15, 2016"
Forest Materials,719.0,1.0,2016-02-15,COMMODITIES,CDSL,"February 15, 2016"
Diversified,2796.0,-71.0,2016-02-15,DIVERSIFIED,CDSL,"February 15, 2016"
Others,241546.0,-3566.0,2016-02-15,DIVERSIFIED,CDSL,"February 15, 2016"
Coal,17539.0,-417.0,2016-02-15,ENERGY,CDSL,"February 15, 2016"
Oil & Gas,92402.0,-601.0,2016-02-15,ENERGY,CDSL,"February 15, 2016"
Total  Financial Services,353425.0,-828.0,2016-02-15,FINANCIAL_SERVICES,CDSL,"February 15, 2016"
"Food, Beverages & Tobacco",80813.0,-943.0,2016-02-15,FMCG,CDSL,"February 15, 2016"
Household & Personal Products,65904.0,-90.0,2016-02-15,FMCG,CDSL,"February 15, 2016"
Healthcare Equipment & Supplies,8.0,-2.0,2016-02-15,HEALTHCARE,CDSL,"February 15, 2016"
Healthcare Services,9773.0,109.0,2016-02-15,HEALTHCARE,CDSL,"February 15, 2016"
Utilities,57410.0,-139.0,2016-02-15,INFRASTRUCTURE,CDSL,"February 15, 2016"
Hardware Technology & Equipment,29.0,-17.0,2016-02-15,IT,CDSL,"February 15, 2016"
Software & Services,242427.0,421.0,2016-02-15,IT,CDSL,"February 15, 2016"
Transportation,28394.0,-237.0,2016-02-15,LOGISTICS,CDSL,"February 15, 2016"
Media,26112.0,36.0,2016-02-15,MEDIA,CDSL,"February 15, 2016"
Metals & Mining,19036.0,-393.0,2016-02-15,METAL,CDSL,"February 15, 2016"
Pharmaceuticals & Biotechnology,156724.0,-539.0,2016-02-15,PHARMA,CDSL,"February 15, 2016"
Realty,11317.0,-179.0,2016-02-15,REALTY,CDSL,"February 15, 2016"
Commercial Services & Supplies,3909.0,57.0,2016-02-15,SERVICES,CDSL,"February 15, 2016"
Diversified Consumer Services,284.0,1.0,2016-02-15,SERVICES,CDSL,"February 15, 2016"
"Hotels, Restaurants & Tourism",5636.0,-130.0,2016-02-15,SERVICES,CDSL,"February 15, 2016"
Retailing,6565.0,23.0,2016-02-15,SERVICES,CDSL,"February 15, 2016"
Telecom Services,35056.0,-694.0,2016-02-15,TELECOM,CDSL,"February 15, 2016"
Telecommunications Equipment,249.0,15.0,2016-02-15,TELECOM,CDSL,"February 15, 2016"
"Textiles, Apparels & Accessories",28416.0,295.0,2016-02-15,TEXTILES,CDSL,"February 15, 2016"
Automobiles & Auto Components,103123.0,-1294.0,2016-02-29,AUTO,CDSL,"February 29, 2016"
Capital Goods,83130.0,-1191.0,2016-02-29,CAPITAL_GOODS,CDSL,"February 29, 2016"
Consumer Durables,4309.0,31.0,2016-02-29,CAPITAL_GOODS,CDSL,"February 29, 2016"
General Industrials,12055.0,728.0,2016-02-29,CAPITAL_GOODS,CDSL,"February 29, 2016"
Construction Materials,32772.0,134.0,2016-02-29,CEMENT,CDSL,"February 29, 2016"
Chemicals & Petrochemicals,19012.0,154.0,2016-02-29,CHEMICALS,CDSL,"February 29, 2016"
Forest Materials,690.0,7.0,2016-02-29,COMMODITIES,CDSL,"February 29, 2016"
Diversified,2608.0,-28.0,2016-02-29,DIVERSIFIED,CDSL,"February 29, 2016"
Others,228165.0,-1109.0,2016-02-29,DIVERSIFIED,CDSL,"February 29, 2016"
Coal,16934.0,65.0,2016-02-29,ENERGY,CDSL,"February 29, 2016"
Oil & Gas,92519.0,-299.0,2016-02-29,ENERGY,CDSL,"February 29, 2016"
Total  Financial Services,345909.0,-1951.0,2016-02-29,FINANCIAL_SERVICES,CDSL,"February 29, 2016"
"Food, Beverages & Tobacco",79795.0,-1118.0,2016-02-29,FMCG,CDSL,"February 29, 2016"
Household & Personal Products,65722.0,252.0,2016-02-29,FMCG,CDSL,"February 29, 2016"
Healthcare Equipment & Supplies,7.0,-1.0,2016-02-29,HEALTHCARE,CDSL,"February 29, 2016"
Healthcare Services,10013.0,116.0,2016-02-29,HEALTHCARE,CDSL,"February 29, 2016"
Utilities,54925.0,918.0,2016-02-29,INFRASTRUCTURE,CDSL,"February 29, 2016"
Hardware Technology & Equipment,27.0,-9.0,2016-02-29,IT,CDSL,"February 29, 2016"
Software & Services,237205.0,564.0,2016-02-29,IT,CDSL,"February 29, 2016"
Transportation,28196.0,-155.0,2016-02-29,LOGISTICS,CDSL,"February 29, 2016"
Media,25040.0,-41.0,2016-02-29,MEDIA,CDSL,"February 29, 2016"
Metals & Mining,18979.0,-113.0,2016-02-29,METAL,CDSL,"February 29, 2016"
Pharmaceuticals & Biotechnology,154808.0,-764.0,2016-02-29,PHARMA,CDSL,"February 29, 2016"
Realty,10673.0,-73.0,2016-02-29,REALTY,CDSL,"February 29, 2016"
Commercial Services & Supplies,3649.0,53.0,2016-02-29,SERVICES,CDSL,"February 29, 2016"
Diversified Consumer Services,270.0,19.0,2016-02-29,SERVICES,CDSL,"February 29, 2016"
"Hotels, Restaurants & Tourism",5264.0,-134.0,2016-02-29,SERVICES,CDSL,"February 29, 2016"
Retailing,6451.0,194.0,2016-02-29,SERVICES,CDSL,"February 29, 2016"
Telecom Services,34153.0,-717.0,2016-02-29,TELECOM,CDSL,"February 29, 2016"
Telecommunications Equipment,235.0,8.0,2016-02-29,TELECOM,CDSL,"February 29, 2016"
"Textiles, Apparels & Accessories",26377.0,234.0,2016-02-29,TEXTILES,CDSL,"February 29, 2016"
Automobiles & Auto Components,110259.0,-579.0,2016-03-15,AUTO,CDSL,"March 15, 2016"
Capital Goods,90853.0,-57.0,2016-03-15,CAPITAL_GOODS,CDSL,"March 15, 2016"
Consumer Durables,4686.0,87.0,2016-03-15,CAPITAL_GOODS,CDSL,"March 15, 2016"
General Industrials,12952.0,831.0,2016-03-15,CAPITAL_GOODS,CDSL,"March 15, 2016"
Construction Materials,36006.0,339.0,2016-03-15,CEMENT,CDSL,"March 15, 2016"
Chemicals & Petrochemicals,20990.0,248.0,2016-03-15,CHEMICALS,CDSL,"March 15, 2016"
Forest Materials,741.0,-3.0,2016-03-15,COMMODITIES,CDSL,"March 15, 2016"
Diversified,2703.0,-96.0,2016-03-15,DIVERSIFIED,CDSL,"March 15, 2016"
Others,252134.0,2034.0,2016-03-15,DIVERSIFIED,CDSL,"March 15, 2016"
Coal,15693.0,-320.0,2016-03-15,ENERGY,CDSL,"March 15, 2016"
Oil & Gas,99418.0,893.0,2016-03-15,ENERGY,CDSL,"March 15, 2016"
Total  Financial Services,370484.0,1535.0,2016-03-15,FINANCIAL_SERVICES,CDSL,"March 15, 2016"
"Food, Beverages & Tobacco",83187.0,-484.0,2016-03-15,FMCG,CDSL,"March 15, 2016"
Household & Personal Products,67324.0,-57.0,2016-03-15,FMCG,CDSL,"March 15, 2016"
Healthcare Equipment & Supplies,7.0,-1.0,2016-03-15,HEALTHCARE,CDSL,"March 15, 2016"
Healthcare Services,9343.0,48.0,2016-03-15,HEALTHCARE,CDSL,"March 15, 2016"
Utilities,59333.0,1256.0,2016-03-15,INFRASTRUCTURE,CDSL,"March 15, 2016"
Hardware Technology & Equipment,31.0,0.0,2016-03-15,IT,CDSL,"March 15, 2016"
Software & Services,247905.0,17.0,2016-03-15,IT,CDSL,"March 15, 2016"
Transportation,31296.0,343.0,2016-03-15,LOGISTICS,CDSL,"March 15, 2016"
Media,26519.0,52.0,2016-03-15,MEDIA,CDSL,"March 15, 2016"
Metals & Mining,22222.0,419.0,2016-03-15,METAL,CDSL,"March 15, 2016"
Pharmaceuticals & Biotechnology,157622.0,-260.0,2016-03-15,PHARMA,CDSL,"March 15, 2016"
Realty,12099.0,72.0,2016-03-15,REALTY,CDSL,"March 15, 2016"
Commercial Services & Supplies,3955.0,-45.0,2016-03-15,SERVICES,CDSL,"March 15, 2016"
Diversified Consumer Services,264.0,19.0,2016-03-15,SERVICES,CDSL,"March 15, 2016"
"Hotels, Restaurants & Tourism",5711.0,-53.0,2016-03-15,SERVICES,CDSL,"March 15, 2016"
Retailing,7108.0,279.0,2016-03-15,SERVICES,CDSL,"March 15, 2016"
Telecom Services,35453.0,-498.0,2016-03-15,TELECOM,CDSL,"March 15, 2016"
Telecommunications Equipment,230.0,0.0,2016-03-15,TELECOM,CDSL,"March 15, 2016"
"Textiles, Apparels & Accessories",28515.0,318.0,2016-03-15,TEXTILES,CDSL,"March 15, 2016"
Automobiles & Auto Components,115238.0,1541.0,2016-03-31,AUTO,CDSL,"March 31, 2016"
Capital Goods,96322.0,1625.0,2016-03-31,CAPITAL_GOODS,CDSL,"March 31, 2016"
Consumer Durables,4771.0,27.0,2016-03-31,CAPITAL_GOODS,CDSL,"March 31, 2016"
General Industrials,13448.0,93.0,2016-03-31,CAPITAL_GOODS,CDSL,"March 31, 2016"
Construction Materials,40257.0,1047.0,2016-03-31,CEMENT,CDSL,"March 31, 2016"
Chemicals & Petrochemicals,22248.0,177.0,2016-03-31,CHEMICALS,CDSL,"March 31, 2016"
Forest Materials,812.0,35.0,2016-03-31,COMMODITIES,CDSL,"March 31, 2016"
Diversified,2667.0,-207.0,2016-03-31,DIVERSIFIED,CDSL,"March 31, 2016"
Others,265908.0,3827.0,2016-03-31,DIVERSIFIED,CDSL,"March 31, 2016"
Coal,15796.0,-139.0,2016-03-31,ENERGY,CDSL,"March 31, 2016"
Oil & Gas,105103.0,3003.0,2016-03-31,ENERGY,CDSL,"March 31, 2016"
Total  Financial Services,382190.0,4586.0,2016-03-31,FINANCIAL_SERVICES,CDSL,"March 31, 2016"
"Food, Beverages & Tobacco",86659.0,427.0,2016-03-31,FMCG,CDSL,"March 31, 2016"
Household & Personal Products,69367.0,42.0,2016-03-31,FMCG,CDSL,"March 31, 2016"
Healthcare Equipment & Supplies,6.0,-2.0,2016-03-31,HEALTHCARE,CDSL,"March 31, 2016"
Healthcare Services,9233.0,49.0,2016-03-31,HEALTHCARE,CDSL,"March 31, 2016"
Utilities,61485.0,799.0,2016-03-31,INFRASTRUCTURE,CDSL,"March 31, 2016"
Hardware Technology & Equipment,33.0,0.0,2016-03-31,IT,CDSL,"March 31, 2016"
Software & Services,264466.0,1841.0,2016-03-31,IT,CDSL,"March 31, 2016"
Transportation,33678.0,495.0,2016-03-31,LOGISTICS,CDSL,"March 31, 2016"
Media,27190.0,423.0,2016-03-31,MEDIA,CDSL,"March 31, 2016"
Metals & Mining,23805.0,1033.0,2016-03-31,METAL,CDSL,"March 31, 2016"
Pharmaceuticals & Biotechnology,151899.0,-524.0,2016-03-31,PHARMA,CDSL,"March 31, 2016"
Realty,12766.0,249.0,2016-03-31,REALTY,CDSL,"March 31, 2016"
Commercial Services & Supplies,4256.0,37.0,2016-03-31,SERVICES,CDSL,"March 31, 2016"
Diversified Consumer Services,268.0,5.0,2016-03-31,SERVICES,CDSL,"March 31, 2016"
"Hotels, Restaurants & Tourism",6389.0,73.0,2016-03-31,SERVICES,CDSL,"March 31, 2016"
Retailing,7145.0,164.0,2016-03-31,SERVICES,CDSL,"March 31, 2016"
Telecom Services,36794.0,-82.0,2016-03-31,TELECOM,CDSL,"March 31, 2016"
Telecommunications Equipment,220.0,-4.0,2016-03-31,TELECOM,CDSL,"March 31, 2016"
"Textiles, Apparels & Accessories",28369.0,501.0,2016-03-31,TEXTILES,CDSL,"March 31, 2016"
Automobiles & Auto Components,120484.0,1124.0,2016-04-15,AUTO,CDSL,"April 15, 2016"
Capital Goods,101124.0,1528.0,2016-04-15,CAPITAL_GOODS,CDSL,"April 15, 2016"
Consumer Durables,4866.0,-134.0,2016-04-15,CAPITAL_GOODS,CDSL,"April 15, 2016"
General Industrials,13856.0,167.0,2016-04-15,CAPITAL_GOODS,CDSL,"April 15, 2016"
Construction Materials,41588.0,944.0,2016-04-15,CEMENT,CDSL,"April 15, 2016"
Chemicals & Petrochemicals,23558.0,76.0,2016-04-15,CHEMICALS,CDSL,"April 15, 2016"
Forest Materials,899.0,52.0,2016-04-15,COMMODITIES,CDSL,"April 15, 2016"
Diversified,3028.0,-149.0,2016-04-15,DIVERSIFIED,CDSL,"April 15, 2016"
Others,271021.0,3753.0,2016-04-15,DIVERSIFIED,CDSL,"April 15, 2016"
Coal,14887.0,101.0,2016-04-15,ENERGY,CDSL,"April 15, 2016"
Oil & Gas,108343.0,2767.0,2016-04-15,ENERGY,CDSL,"April 15, 2016"
Total  Financial Services,387280.0,959.0,2016-04-15,FINANCIAL_SERVICES,CDSL,"April 15, 2016"
"Food, Beverages & Tobacco",87490.0,376.0,2016-04-15,FMCG,CDSL,"April 15, 2016"
Household & Personal Products,71458.0,207.0,2016-04-15,FMCG,CDSL,"April 15, 2016"
Healthcare Equipment & Supplies,6.0,-1.0,2016-04-15,HEALTHCARE,CDSL,"April 15, 2016"
Healthcare Services,9415.0,71.0,2016-04-15,HEALTHCARE,CDSL,"April 15, 2016"
Utilities,64417.0,532.0,2016-04-15,INFRASTRUCTURE,CDSL,"April 15, 2016"
Hardware Technology & Equipment,36.0,0.0,2016-04-15,IT,CDSL,"April 15, 2016"
Software & Services,263386.0,1980.0,2016-04-15,IT,CDSL,"April 15, 2016"
Transportation,33056.0,124.0,2016-04-15,LOGISTICS,CDSL,"April 15, 2016"
Media,27681.0,237.0,2016-04-15,MEDIA,CDSL,"April 15, 2016"
Metals & Mining,25246.0,1027.0,2016-04-15,METAL,CDSL,"April 15, 2016"
Pharmaceuticals & Biotechnology,155327.0,-728.0,2016-04-15,PHARMA,CDSL,"April 15, 2016"
Realty,13359.0,187.0,2016-04-15,REALTY,CDSL,"April 15, 2016"
Commercial Services & Supplies,4442.0,59.0,2016-04-15,SERVICES,CDSL,"April 15, 2016"
Diversified Consumer Services,272.0,3.0,2016-04-15,SERVICES,CDSL,"April 15, 2016"
"Hotels, Restaurants & Tourism",6552.0,45.0,2016-04-15,SERVICES,CDSL,"April 15, 2016"
Retailing,7496.0,25.0,2016-04-15,SERVICES,CDSL,"April 15, 2016"
Telecom Services,37526.0,56.0,2016-04-15,TELECOM,CDSL,"April 15, 2016"
Telecommunications Equipment,239.0,-3.0,2016-04-15,TELECOM,CDSL,"April 15, 2016"
"Textiles, Apparels & Accessories",29474.0,219.0,2016-04-15,TEXTILES,CDSL,"April 15, 2016"
Automobiles & Auto Components,118437.0,377.0,2016-04-30,AUTO,CDSL,"April 30, 2016"
Capital Goods,101678.0,865.0,2016-04-30,CAPITAL_GOODS,CDSL,"April 30, 2016"
Consumer Durables,5027.0,-98.0,2016-04-30,CAPITAL_GOODS,CDSL,"April 30, 2016"
General Industrials,13839.0,68.0,2016-04-30,CAPITAL_GOODS,CDSL,"April 30, 2016"
Construction Materials,40753.0,408.0,2016-04-30,CEMENT,CDSL,"April 30, 2016"
Chemicals & Petrochemicals,24364.0,146.0,2016-04-30,CHEMICALS,CDSL,"April 30, 2016"
Forest Materials,923.0,23.0,2016-04-30,COMMODITIES,CDSL,"April 30, 2016"
Diversified,3024.0,-6.0,2016-04-30,DIVERSIFIED,CDSL,"April 30, 2016"
Others,277186.0,3599.0,2016-04-30,DIVERSIFIED,CDSL,"April 30, 2016"
Coal,15220.0,-318.0,2016-04-30,ENERGY,CDSL,"April 30, 2016"
Oil & Gas,104882.0,1595.0,2016-04-30,ENERGY,CDSL,"April 30, 2016"
Total  Financial Services,392520.0,-769.0,2016-04-30,FINANCIAL_SERVICES,CDSL,"April 30, 2016"
"Food, Beverages & Tobacco",86061.0,217.0,2016-04-30,FMCG,CDSL,"April 30, 2016"
Household & Personal Products,70839.0,210.0,2016-04-30,FMCG,CDSL,"April 30, 2016"
Healthcare Equipment & Supplies,6.0,0.0,2016-04-30,HEALTHCARE,CDSL,"April 30, 2016"
Healthcare Services,9144.0,-8.0,2016-04-30,HEALTHCARE,CDSL,"April 30, 2016"
Utilities,63915.0,108.0,2016-04-30,INFRASTRUCTURE,CDSL,"April 30, 2016"
Hardware Technology & Equipment,36.0,0.0,2016-04-30,IT,CDSL,"April 30, 2016"
Software & Services,263687.0,1174.0,2016-04-30,IT,CDSL,"April 30, 2016"
Transportation,33478.0,43.0,2016-04-30,LOGISTICS,CDSL,"April 30, 2016"
Media,28503.0,-25.0,2016-04-30,MEDIA,CDSL,"April 30, 2016"
Metals & Mining,26702.0,848.0,2016-04-30,METAL,CDSL,"April 30, 2016"
Pharmaceuticals & Biotechnology,155502.0,-827.0,2016-04-30,PHARMA,CDSL,"April 30, 2016"
Realty,14196.0,220.0,2016-04-30,REALTY,CDSL,"April 30, 2016"
Commercial Services & Supplies,4583.0,48.0,2016-04-30,SERVICES,CDSL,"April 30, 2016"
Diversified Consumer Services,279.0,15.0,2016-04-30,SERVICES,CDSL,"April 30, 2016"
"Hotels, Restaurants & Tourism",6217.0,246.0,2016-04-30,SERVICES,CDSL,"April 30, 2016"
Retailing,7475.0,-8.0,2016-04-30,SERVICES,CDSL,"April 30, 2016"
Telecom Services,38919.0,129.0,2016-04-30,TELECOM,CDSL,"April 30, 2016"
Telecommunications Equipment,236.0,1.0,2016-04-30,TELECOM,CDSL,"April 30, 2016"
"Textiles, Apparels & Accessories",29603.0,135.0,2016-04-30,TEXTILES,CDSL,"April 30, 2016"
Automobiles & Auto Components,118559.0,2.0,2016-05-15,AUTO,NSDL,"May 15, 2016"
Capital Goods,100076.0,954.0,2016-05-15,CAPITAL_GOODS,NSDL,"May 15, 2016"
Consumer Durables,5083.0,-21.0,2016-05-15,CAPITAL_GOODS,NSDL,"May 15, 2016"
General Industrials,14151.0,28.0,2016-05-15,CAPITAL_GOODS,NSDL,"May 15, 2016"
Construction Materials,41123.0,167.0,2016-05-15,CEMENT,NSDL,"May 15, 2016"
Chemicals & Petrochemicals,25779.0,232.0,2016-05-15,CHEMICALS,NSDL,"May 15, 2016"
Forest Materials,911.0,16.0,2016-05-15,COMMODITIES,NSDL,"May 15, 2016"
Diversified,3113.0,-18.0,2016-05-15,DIVERSIFIED,NSDL,"May 15, 2016"
Others,280152.0,3693.0,2016-05-15,DIVERSIFIED,NSDL,"May 15, 2016"
Coal,14759.0,-334.0,2016-05-15,ENERGY,NSDL,"May 15, 2016"
Oil & Gas,102233.0,506.0,2016-05-15,ENERGY,NSDL,"May 15, 2016"
Total  Financial Services,404641.0,-1142.0,2016-05-15,FINANCIAL_SERVICES,NSDL,"May 15, 2016"
"Food, Beverages & Tobacco",86775.0,-127.0,2016-05-15,FMCG,NSDL,"May 15, 2016"
Household & Personal Products,71231.0,47.0,2016-05-15,FMCG,NSDL,"May 15, 2016"
Healthcare Equipment & Supplies,5.0,-1.0,2016-05-15,HEALTHCARE,NSDL,"May 15, 2016"
Healthcare Services,9182.0,-10.0,2016-05-15,HEALTHCARE,NSDL,"May 15, 2016"
Utilities,64868.0,284.0,2016-05-15,INFRASTRUCTURE,NSDL,"May 15, 2016"
Hardware Technology & Equipment,33.0,-2.0,2016-05-15,IT,NSDL,"May 15, 2016"
Software & Services,260139.0,-578.0,2016-05-15,IT,NSDL,"May 15, 2016"
Transportation,29780.0,-143.0,2016-05-15,LOGISTICS,NSDL,"May 15, 2016"
Media,30557.0,120.0,2016-05-15,MEDIA,NSDL,"May 15, 2016"
Metals & Mining,25338.0,904.0,2016-05-15,METAL,NSDL,"May 15, 2016"
Pharmaceuticals & Biotechnology,153921.0,-1123.0,2016-05-15,PHARMA,NSDL,"May 15, 2016"
Realty,14137.0,191.0,2016-05-15,REALTY,NSDL,"May 15, 2016"
Commercial Services & Supplies,4275.0,12.0,2016-05-15,SERVICES,NSDL,"May 15, 2016"
Diversified Consumer Services,266.0,14.0,2016-05-15,SERVICES,NSDL,"May 15, 2016"
"Hotels, Restaurants & Tourism",6557.0,237.0,2016-05-15,SERVICES,NSDL,"May 15, 2016"
Retailing,6480.0,54.0,2016-05-15,SERVICES,NSDL,"May 15, 2016"
Telecom Services,37638.0,10.0,2016-05-15,TELECOM,NSDL,"May 15, 2016"
Telecommunications Equipment,217.0,1.0,2016-05-15,TELECOM,NSDL,"May 15, 2016"
"Textiles, Apparels & Accessories",30370.0,245.0,2016-05-15,TEXTILES,NSDL,"May 15, 2016"
Automobiles & Auto Components,124169.0,-193.0,2016-05-31,AUTO,NSDL,"May 31, 2016"
Capital Goods,110159.0,3231.0,2016-05-31,CAPITAL_GOODS,NSDL,"May 31, 2016"
Consumer Durables,5206.0,-11.0,2016-05-31,CAPITAL_GOODS,NSDL,"May 31, 2016"
General Industrials,14577.0,206.0,2016-05-31,CAPITAL_GOODS,NSDL,"May 31, 2016"
Construction Materials,42221.0,158.0,2016-05-31,CEMENT,NSDL,"May 31, 2016"
Chemicals & Petrochemicals,26916.0,301.0,2016-05-31,CHEMICALS,NSDL,"May 31, 2016"
Forest Materials,902.0,4.0,2016-05-31,COMMODITIES,NSDL,"May 31, 2016"
Diversified,3282.0,61.0,2016-05-31,DIVERSIFIED,NSDL,"May 31, 2016"
Others,296515.0,4538.0,2016-05-31,DIVERSIFIED,NSDL,"May 31, 2016"
Coal,14852.0,-728.0,2016-05-31,ENERGY,NSDL,"May 31, 2016"
Oil & Gas,102307.0,-1049.0,2016-05-31,ENERGY,NSDL,"May 31, 2016"
Total  Financial Services,424831.0,-704.0,2016-05-31,FINANCIAL_SERVICES,NSDL,"May 31, 2016"
"Food, Beverages & Tobacco",90548.0,-145.0,2016-05-31,FMCG,NSDL,"May 31, 2016"
Household & Personal Products,71622.0,-542.0,2016-05-31,FMCG,NSDL,"May 31, 2016"
Healthcare Equipment & Supplies,3.0,-2.0,2016-05-31,HEALTHCARE,NSDL,"May 31, 2016"
Healthcare Services,9456.0,48.0,2016-05-31,HEALTHCARE,NSDL,"May 31, 2016"
Utilities,65867.0,401.0,2016-05-31,INFRASTRUCTURE,NSDL,"May 31, 2016"
Hardware Technology & Equipment,32.0,-1.0,2016-05-31,IT,NSDL,"May 31, 2016"
Software & Services,266643.0,-1361.0,2016-05-31,IT,NSDL,"May 31, 2016"
Transportation,30406.0,-421.0,2016-05-31,LOGISTICS,NSDL,"May 31, 2016"
Media,30356.0,235.0,2016-05-31,MEDIA,NSDL,"May 31, 2016"
Metals & Mining,27393.0,612.0,2016-05-31,METAL,NSDL,"May 31, 2016"
Pharmaceuticals & Biotechnology,149741.0,-1870.0,2016-05-31,PHARMA,NSDL,"May 31, 2016"
Realty,14964.0,92.0,2016-05-31,REALTY,NSDL,"May 31, 2016"
Commercial Services & Supplies,4365.0,-20.0,2016-05-31,SERVICES,NSDL,"May 31, 2016"
Diversified Consumer Services,256.0,-2.0,2016-05-31,SERVICES,NSDL,"May 31, 2016"
"Hotels, Restaurants & Tourism",5810.0,-322.0,2016-05-31,SERVICES,NSDL,"May 31, 2016"
Retailing,6799.0,126.0,2016-05-31,SERVICES,NSDL,"May 31, 2016"
Telecom Services,37066.0,-416.0,2016-05-31,TELECOM,NSDL,"May 31, 2016"
Telecommunications Equipment,213.0,-1.0,2016-05-31,TELECOM,NSDL,"May 31, 2016"
"Textiles, Apparels & Accessories",31040.0,321.0,2016-05-31,TEXTILES,NSDL,"May 31, 2016"
Automobiles & Auto Components,125411.0,801.0,2016-06-15,AUTO,NSDL,"June 15, 2016"
Capital Goods,113002.0,4477.0,2016-06-15,CAPITAL_GOODS,NSDL,"June 15, 2016"
Consumer Durables,5417.0,46.0,2016-06-15,CAPITAL_GOODS,NSDL,"June 15, 2016"
General Industrials,15011.0,130.0,2016-06-15,CAPITAL_GOODS,NSDL,"June 15, 2016"
Construction Materials,44383.0,590.0,2016-06-15,CEMENT,NSDL,"June 15, 2016"
Chemicals & Petrochemicals,26825.0,79.0,2016-06-15,CHEMICALS,NSDL,"June 15, 2016"
Forest Materials,966.0,-30.0,2016-06-15,COMMODITIES,NSDL,"June 15, 2016"
Diversified,3315.0,45.0,2016-06-15,DIVERSIFIED,NSDL,"June 15, 2016"
Others,302268.0,4740.0,2016-06-15,DIVERSIFIED,NSDL,"June 15, 2016"
Coal,15749.0,-382.0,2016-06-15,ENERGY,NSDL,"June 15, 2016"
Oil & Gas,104717.0,-359.0,2016-06-15,ENERGY,NSDL,"June 15, 2016"
Total  Financial Services,424050.0,288.0,2016-06-15,FINANCIAL_SERVICES,NSDL,"June 15, 2016"
"Food, Beverages & Tobacco",92462.0,-187.0,2016-06-15,FMCG,NSDL,"June 15, 2016"
Household & Personal Products,73209.0,-354.0,2016-06-15,FMCG,NSDL,"June 15, 2016"
Healthcare Equipment & Supplies,2.0,-2.0,2016-06-15,HEALTHCARE,NSDL,"June 15, 2016"
Healthcare Services,9211.0,50.0,2016-06-15,HEALTHCARE,NSDL,"June 15, 2016"
Utilities,68865.0,242.0,2016-06-15,INFRASTRUCTURE,NSDL,"June 15, 2016"
Hardware Technology & Equipment,33.0,1.0,2016-06-15,IT,NSDL,"June 15, 2016"
Software & Services,261014.0,-451.0,2016-06-15,IT,NSDL,"June 15, 2016"
Transportation,30982.0,-182.0,2016-06-15,LOGISTICS,NSDL,"June 15, 2016"
Media,31291.0,223.0,2016-06-15,MEDIA,NSDL,"June 15, 2016"
Metals & Mining,29008.0,451.0,2016-06-15,METAL,NSDL,"June 15, 2016"
Pharmaceuticals & Biotechnology,145154.0,-3289.0,2016-06-15,PHARMA,NSDL,"June 15, 2016"
Realty,15270.0,142.0,2016-06-15,REALTY,NSDL,"June 15, 2016"
Commercial Services & Supplies,4622.0,208.0,2016-06-15,SERVICES,NSDL,"June 15, 2016"
Diversified Consumer Services,240.0,-9.0,2016-06-15,SERVICES,NSDL,"June 15, 2016"
"Hotels, Restaurants & Tourism",5957.0,-442.0,2016-06-15,SERVICES,NSDL,"June 15, 2016"
Retailing,7091.0,87.0,2016-06-15,SERVICES,NSDL,"June 15, 2016"
Telecom Services,36150.0,-1.0,2016-06-15,TELECOM,NSDL,"June 15, 2016"
Telecommunications Equipment,226.0,-1.0,2016-06-15,TELECOM,NSDL,"June 15, 2016"
"Textiles, Apparels & Accessories",30484.0,288.0,2016-06-15,TEXTILES,NSDL,"June 15, 2016"
Automobiles & Auto Components,128628.0,377.0,2016-06-30,AUTO,NSDL,"June 30, 2016"
Capital Goods,114664.0,2252.0,2016-06-30,CAPITAL_GOODS,NSDL,"June 30, 2016"
Consumer Durables,5677.0,35.0,2016-06-30,CAPITAL_GOODS,NSDL,"June 30, 2016"
General Industrials,16124.0,-183.0,2016-06-30,CAPITAL_GOODS,NSDL,"June 30, 2016"
Construction Materials,46788.0,851.0,2016-06-30,CEMENT,NSDL,"June 30, 2016"
Chemicals & Petrochemicals,26676.0,-146.0,2016-06-30,CHEMICALS,NSDL,"June 30, 2016"
Forest Materials,955.0,-44.0,2016-06-30,COMMODITIES,NSDL,"June 30, 2016"
Diversified,3594.0,-54.0,2016-06-30,DIVERSIFIED,NSDL,"June 30, 2016"
Others,299032.0,1177.0,2016-06-30,DIVERSIFIED,NSDL,"June 30, 2016"
Coal,16088.0,301.0,2016-06-30,ENERGY,NSDL,"June 30, 2016"
Oil & Gas,106038.0,574.0,2016-06-30,ENERGY,NSDL,"June 30, 2016"
Total  Financial Services,433679.0,14.0,2016-06-30,FINANCIAL_SERVICES,NSDL,"June 30, 2016"
"Food, Beverages & Tobacco",94203.0,-469.0,2016-06-30,FMCG,NSDL,"June 30, 2016"
Household & Personal Products,76184.0,98.0,2016-06-30,FMCG,NSDL,"June 30, 2016"
Healthcare Equipment & Supplies,2.0,-1.0,2016-06-30,HEALTHCARE,NSDL,"June 30, 2016"
Healthcare Services,9087.0,3.0,2016-06-30,HEALTHCARE,NSDL,"June 30, 2016"
Utilities,70745.0,286.0,2016-06-30,INFRASTRUCTURE,NSDL,"June 30, 2016"
Hardware Technology & Equipment,33.0,-1.0,2016-06-30,IT,NSDL,"June 30, 2016"
Software & Services,258109.0,201.0,2016-06-30,IT,NSDL,"June 30, 2016"
Transportation,31369.0,-157.0,2016-06-30,LOGISTICS,NSDL,"June 30, 2016"
Media,31320.0,118.0,2016-06-30,MEDIA,NSDL,"June 30, 2016"
Metals & Mining,30545.0,520.0,2016-06-30,METAL,NSDL,"June 30, 2016"
Pharmaceuticals & Biotechnology,148967.0,-2398.0,2016-06-30,PHARMA,NSDL,"June 30, 2016"
Realty,16191.0,78.0,2016-06-30,REALTY,NSDL,"June 30, 2016"
Commercial Services & Supplies,4825.0,203.0,2016-06-30,SERVICES,NSDL,"June 30, 2016"
Diversified Consumer Services,229.0,-9.0,2016-06-30,SERVICES,NSDL,"June 30, 2016"
"Hotels, Restaurants & Tourism",6212.0,-152.0,2016-06-30,SERVICES,NSDL,"June 30, 2016"
Retailing,7302.0,23.0,2016-06-30,SERVICES,NSDL,"June 30, 2016"
Telecom Services,37574.0,95.0,2016-06-30,TELECOM,NSDL,"June 30, 2016"
Telecommunications Equipment,224.0,-1.0,2016-06-30,TELECOM,NSDL,"June 30, 2016"
"Textiles, Apparels & Accessories",32210.0,125.0,2016-06-30,TEXTILES,NSDL,"June 30, 2016"
Automobiles & Auto Components,133129.0,135.0,2016-07-15,AUTO,NSDL,"July 15, 2016"
Capital Goods,120265.0,1404.0,2016-07-15,CAPITAL_GOODS,NSDL,"July 15, 2016"
Consumer Durables,5860.0,53.0,2016-07-15,CAPITAL_GOODS,NSDL,"July 15, 2016"
General Industrials,15124.0,-666.0,2016-07-15,CAPITAL_GOODS,NSDL,"July 15, 2016"
Construction Materials,49091.0,1133.0,2016-07-15,CEMENT,NSDL,"July 15, 2016"
Chemicals & Petrochemicals,26859.0,-94.0,2016-07-15,CHEMICALS,NSDL,"July 15, 2016"
Forest Materials,993.0,-22.0,2016-07-15,COMMODITIES,NSDL,"July 15, 2016"
Diversified,3690.0,-24.0,2016-07-15,DIVERSIFIED,NSDL,"July 15, 2016"
Others,315968.0,1312.0,2016-07-15,DIVERSIFIED,NSDL,"July 15, 2016"
Coal,16448.0,249.0,2016-07-15,ENERGY,NSDL,"July 15, 2016"
Oil & Gas,103242.0,-188.0,2016-07-15,ENERGY,NSDL,"July 15, 2016"
Total  Financial Services,458703.0,327.0,2016-07-15,FINANCIAL_SERVICES,NSDL,"July 15, 2016"
"Food, Beverages & Tobacco",95901.0,324.0,2016-07-15,FMCG,NSDL,"July 15, 2016"
Household & Personal Products,78509.0,475.0,2016-07-15,FMCG,NSDL,"July 15, 2016"
Healthcare Equipment & Supplies,3.0,0.0,2016-07-15,HEALTHCARE,NSDL,"July 15, 2016"
Healthcare Services,9553.0,-12.0,2016-07-15,HEALTHCARE,NSDL,"July 15, 2016"
Utilities,71138.0,611.0,2016-07-15,INFRASTRUCTURE,NSDL,"July 15, 2016"
Hardware Technology & Equipment,35.0,-1.0,2016-07-15,IT,NSDL,"July 15, 2016"
Software & Services,244616.0,-11.0,2016-07-15,IT,NSDL,"July 15, 2016"
Transportation,32621.0,-305.0,2016-07-15,LOGISTICS,NSDL,"July 15, 2016"
Media,32176.0,105.0,2016-07-15,MEDIA,NSDL,"July 15, 2016"
Metals & Mining,34853.0,468.0,2016-07-15,METAL,NSDL,"July 15, 2016"
Pharmaceuticals & Biotechnology,154041.0,-1447.0,2016-07-15,PHARMA,NSDL,"July 15, 2016"
Realty,16658.0,198.0,2016-07-15,REALTY,NSDL,"July 15, 2016"
Commercial Services & Supplies,4694.0,13.0,2016-07-15,SERVICES,NSDL,"July 15, 2016"
Diversified Consumer Services,242.0,-8.0,2016-07-15,SERVICES,NSDL,"July 15, 2016"
"Hotels, Restaurants & Tourism",6477.0,-10.0,2016-07-15,SERVICES,NSDL,"July 15, 2016"
Retailing,7253.0,-58.0,2016-07-15,SERVICES,NSDL,"July 15, 2016"
Telecom Services,38648.0,-374.0,2016-07-15,TELECOM,NSDL,"July 15, 2016"
Telecommunications Equipment,249.0,12.0,2016-07-15,TELECOM,NSDL,"July 15, 2016"
"Textiles, Apparels & Accessories",32757.0,104.0,2016-07-15,TEXTILES,NSDL,"July 15, 2016"
Automobiles & Auto Components,136857.0,1247.0,2016-07-31,AUTO,NSDL,"July 31, 2016"
Capital Goods,125461.0,2232.0,2016-07-31,CAPITAL_GOODS,NSDL,"July 31, 2016"
Consumer Durables,6044.0,43.0,2016-07-31,CAPITAL_GOODS,NSDL,"July 31, 2016"
General Industrials,16085.0,-560.0,2016-07-31,CAPITAL_GOODS,NSDL,"July 31, 2016"
Construction Materials,51645.0,1117.0,2016-07-31,CEMENT,NSDL,"July 31, 2016"
Chemicals & Petrochemicals,28534.0,-39.0,2016-07-31,CHEMICALS,NSDL,"July 31, 2016"
Forest Materials,1073.0,15.0,2016-07-31,COMMODITIES,NSDL,"July 31, 2016"
Diversified,4132.0,20.0,2016-07-31,DIVERSIFIED,NSDL,"July 31, 2016"
Others,319780.0,3552.0,2016-07-31,DIVERSIFIED,NSDL,"July 31, 2016"
Coal,17073.0,281.0,2016-07-31,ENERGY,NSDL,"July 31, 2016"
Oil & Gas,115980.0,587.0,2016-07-31,ENERGY,NSDL,"July 31, 2016"
Total  Financial Services,471840.0,2104.0,2016-07-31,FINANCIAL_SERVICES,NSDL,"July 31, 2016"
"Food, Beverages & Tobacco",98428.0,949.0,2016-07-31,FMCG,NSDL,"July 31, 2016"
Household & Personal Products,78069.0,480.0,2016-07-31,FMCG,NSDL,"July 31, 2016"
Healthcare Equipment & Supplies,3.0,0.0,2016-07-31,HEALTHCARE,NSDL,"July 31, 2016"
Healthcare Services,9454.0,0.0,2016-07-31,HEALTHCARE,NSDL,"July 31, 2016"
Utilities,73622.0,962.0,2016-07-31,INFRASTRUCTURE,NSDL,"July 31, 2016"
Hardware Technology & Equipment,37.0,-1.0,2016-07-31,IT,NSDL,"July 31, 2016"
Software & Services,251873.0,-346.0,2016-07-31,IT,NSDL,"July 31, 2016"
Transportation,33463.0,-43.0,2016-07-31,LOGISTICS,NSDL,"July 31, 2016"
Media,34091.0,163.0,2016-07-31,MEDIA,NSDL,"July 31, 2016"
Metals & Mining,35228.0,406.0,2016-07-31,METAL,NSDL,"July 31, 2016"
Pharmaceuticals & Biotechnology,156718.0,-563.0,2016-07-31,PHARMA,NSDL,"July 31, 2016"
Realty,17052.0,296.0,2016-07-31,REALTY,NSDL,"July 31, 2016"
Commercial Services & Supplies,4754.0,28.0,2016-07-31,SERVICES,NSDL,"July 31, 2016"
Diversified Consumer Services,229.0,-15.0,2016-07-31,SERVICES,NSDL,"July 31, 2016"
"Hotels, Restaurants & Tourism",6558.0,-8.0,2016-07-31,SERVICES,NSDL,"July 31, 2016"
Retailing,7422.0,-56.0,2016-07-31,SERVICES,NSDL,"July 31, 2016"
Telecom Services,36704.0,-400.0,2016-07-31,TELECOM,NSDL,"July 31, 2016"
Telecommunications Equipment,244.0,12.0,2016-07-31,TELECOM,NSDL,"July 31, 2016"
"Textiles, Apparels & Accessories",33437.0,147.0,2016-07-31,TEXTILES,NSDL,"July 31, 2016"
Automobiles & Auto Components,140137.0,1575.0,2016-08-15,AUTO,CDSL,"August 15, 2016"
Capital Goods,124843.0,1669.0,2016-08-15,CAPITAL_GOODS,CDSL,"August 15, 2016"
Consumer Durables,6003.0,0.0,2016-08-15,CAPITAL_GOODS,CDSL,"August 15, 2016"
General Industrials,15892.0,136.0,2016-08-15,CAPITAL_GOODS,CDSL,"August 15, 2016"
Construction Materials,52038.0,810.0,2016-08-15,CEMENT,CDSL,"August 15, 2016"
Chemicals & Petrochemicals,28630.0,207.0,2016-08-15,CHEMICALS,CDSL,"August 15, 2016"
Forest Materials,1003.0,35.0,2016-08-15,COMMODITIES,CDSL,"August 15, 2016"
Diversified,3776.0,23.0,2016-08-15,DIVERSIFIED,CDSL,"August 15, 2016"
Others,325538.0,2768.0,2016-08-15,DIVERSIFIED,CDSL,"August 15, 2016"
Coal,17715.0,243.0,2016-08-15,ENERGY,CDSL,"August 15, 2016"
Oil & Gas,118567.0,2496.0,2016-08-15,ENERGY,CDSL,"August 15, 2016"
Total  Financial Services,474043.0,1213.0,2016-08-15,FINANCIAL_SERVICES,CDSL,"August 15, 2016"
"Food, Beverages & Tobacco",98580.0,845.0,2016-08-15,FMCG,CDSL,"August 15, 2016"
Household & Personal Products,78013.0,-180.0,2016-08-15,FMCG,CDSL,"August 15, 2016"
Healthcare Equipment & Supplies,2.0,0.0,2016-08-15,HEALTHCARE,CDSL,"August 15, 2016"
Healthcare Services,10000.0,52.0,2016-08-15,HEALTHCARE,CDSL,"August 15, 2016"
Utilities,74700.0,661.0,2016-08-15,INFRASTRUCTURE,CDSL,"August 15, 2016"
Hardware Technology & Equipment,35.0,-1.0,2016-08-15,IT,CDSL,"August 15, 2016"
Software & Services,257098.0,660.0,2016-08-15,IT,CDSL,"August 15, 2016"
Transportation,34353.0,150.0,2016-08-15,LOGISTICS,CDSL,"August 15, 2016"
Media,34065.0,-61.0,2016-08-15,MEDIA,CDSL,"August 15, 2016"
Metals & Mining,36767.0,427.0,2016-08-15,METAL,CDSL,"August 15, 2016"
Pharmaceuticals & Biotechnology,152165.0,-156.0,2016-08-15,PHARMA,CDSL,"August 15, 2016"
Realty,17170.0,243.0,2016-08-15,REALTY,CDSL,"August 15, 2016"
Commercial Services & Supplies,4784.0,39.0,2016-08-15,SERVICES,CDSL,"August 15, 2016"
Diversified Consumer Services,221.0,-11.0,2016-08-15,SERVICES,CDSL,"August 15, 2016"
"Hotels, Restaurants & Tourism",6449.0,42.0,2016-08-15,SERVICES,CDSL,"August 15, 2016"
Retailing,7665.0,-44.0,2016-08-15,SERVICES,CDSL,"August 15, 2016"
Telecom Services,34582.0,-400.0,2016-08-15,TELECOM,CDSL,"August 15, 2016"
Telecommunications Equipment,226.0,0.0,2016-08-15,TELECOM,CDSL,"August 15, 2016"
"Textiles, Apparels & Accessories",32469.0,119.0,2016-08-15,TEXTILES,CDSL,"August 15, 2016"
Automobiles & Auto Components,145004.0,1097.0,2016-08-31,AUTO,CDSL,"August 31, 2016"
Capital Goods,128980.0,1020.0,2016-08-31,CAPITAL_GOODS,CDSL,"August 31, 2016"
Consumer Durables,6093.0,18.0,2016-08-31,CAPITAL_GOODS,CDSL,"August 31, 2016"
General Industrials,16970.0,145.0,2016-08-31,CAPITAL_GOODS,CDSL,"August 31, 2016"
Construction Materials,55836.0,768.0,2016-08-31,CEMENT,CDSL,"August 31, 2016"
Chemicals & Petrochemicals,29611.0,290.0,2016-08-31,CHEMICALS,CDSL,"August 31, 2016"
Forest Materials,1070.0,42.0,2016-08-31,COMMODITIES,CDSL,"August 31, 2016"
Diversified,3825.0,-81.0,2016-08-31,DIVERSIFIED,CDSL,"August 31, 2016"
Others,338732.0,5527.0,2016-08-31,DIVERSIFIED,CDSL,"August 31, 2016"
Coal,16939.0,-511.0,2016-08-31,ENERGY,CDSL,"August 31, 2016"
Oil & Gas,122735.0,2414.0,2016-08-31,ENERGY,CDSL,"August 31, 2016"
Total  Financial Services,489102.0,-45.0,2016-08-31,FINANCIAL_SERVICES,CDSL,"August 31, 2016"
"Food, Beverages & Tobacco",100710.0,556.0,2016-08-31,FMCG,CDSL,"August 31, 2016"
Household & Personal Products,76915.0,-322.0,2016-08-31,FMCG,CDSL,"August 31, 2016"
Healthcare Equipment & Supplies,2.0,0.0,2016-08-31,HEALTHCARE,CDSL,"August 31, 2016"
Healthcare Services,9542.0,115.0,2016-08-31,HEALTHCARE,CDSL,"August 31, 2016"
Utilities,76909.0,-256.0,2016-08-31,INFRASTRUCTURE,CDSL,"August 31, 2016"
Hardware Technology & Equipment,37.0,0.0,2016-08-31,IT,CDSL,"August 31, 2016"
Software & Services,243365.0,-440.0,2016-08-31,IT,CDSL,"August 31, 2016"
Transportation,34632.0,-227.0,2016-08-31,LOGISTICS,CDSL,"August 31, 2016"
Media,35944.0,-299.0,2016-08-31,MEDIA,CDSL,"August 31, 2016"
Metals & Mining,38380.0,615.0,2016-08-31,METAL,CDSL,"August 31, 2016"
Pharmaceuticals & Biotechnology,151660.0,-1605.0,2016-08-31,PHARMA,CDSL,"August 31, 2016"
Realty,16735.0,165.0,2016-08-31,REALTY,CDSL,"August 31, 2016"
Commercial Services & Supplies,4901.0,-23.0,2016-08-31,SERVICES,CDSL,"August 31, 2016"
Diversified Consumer Services,255.0,-3.0,2016-08-31,SERVICES,CDSL,"August 31, 2016"
"Hotels, Restaurants & Tourism",6500.0,70.0,2016-08-31,SERVICES,CDSL,"August 31, 2016"
Retailing,7815.0,-35.0,2016-08-31,SERVICES,CDSL,"August 31, 2016"
Telecom Services,33911.0,-37.0,2016-08-31,TELECOM,CDSL,"August 31, 2016"
Telecommunications Equipment,225.0,0.0,2016-08-31,TELECOM,CDSL,"August 31, 2016"
"Textiles, Apparels & Accessories",33426.0,112.0,2016-08-31,TEXTILES,CDSL,"August 31, 2016"
Automobiles & Auto Components,147474.0,790.0,2016-09-15,AUTO,CDSL,"September 15, 2016"
Capital Goods,128784.0,819.0,2016-09-15,CAPITAL_GOODS,CDSL,"September 15, 2016"
Consumer Durables,6264.0,-27.0,2016-09-15,CAPITAL_GOODS,CDSL,"September 15, 2016"
General Industrials,17474.0,10.0,2016-09-15,CAPITAL_GOODS,CDSL,"September 15, 2016"
Construction Materials,54445.0,485.0,2016-09-15,CEMENT,CDSL,"September 15, 2016"
Chemicals & Petrochemicals,31601.0,102.0,2016-09-15,CHEMICALS,CDSL,"September 15, 2016"
Forest Materials,1121.0,33.0,2016-09-15,COMMODITIES,CDSL,"September 15, 2016"
Diversified,3850.0,-61.0,2016-09-15,DIVERSIFIED,CDSL,"September 15, 2016"
Others,351441.0,7560.0,2016-09-15,DIVERSIFIED,CDSL,"September 15, 2016"
Coal,16286.0,-863.0,2016-09-15,ENERGY,CDSL,"September 15, 2016"
Oil & Gas,116547.0,1008.0,2016-09-15,ENERGY,CDSL,"September 15, 2016"
Total  Financial Services,474749.0,490.0,2016-09-15,FINANCIAL_SERVICES,CDSL,"September 15, 2016"
"Food, Beverages & Tobacco",98887.0,-168.0,2016-09-15,FMCG,CDSL,"September 15, 2016"
Household & Personal Products,78570.0,-88.0,2016-09-15,FMCG,CDSL,"September 15, 2016"
Healthcare Equipment & Supplies,3.0,0.0,2016-09-15,HEALTHCARE,CDSL,"September 15, 2016"
Healthcare Services,9121.0,70.0,2016-09-15,HEALTHCARE,CDSL,"September 15, 2016"
Utilities,74423.0,-302.0,2016-09-15,INFRASTRUCTURE,CDSL,"September 15, 2016"
Hardware Technology & Equipment,40.0,0.0,2016-09-15,IT,CDSL,"September 15, 2016"
Software & Services,234969.0,-2163.0,2016-09-15,IT,CDSL,"September 15, 2016"
Transportation,34389.0,-593.0,2016-09-15,LOGISTICS,CDSL,"September 15, 2016"
Media,35828.0,-177.0,2016-09-15,MEDIA,CDSL,"September 15, 2016"
Metals & Mining,37230.0,445.0,2016-09-15,METAL,CDSL,"September 15, 2016"
Pharmaceuticals & Biotechnology,155113.0,-1435.0,2016-09-15,PHARMA,CDSL,"September 15, 2016"
Realty,16469.0,-82.0,2016-09-15,REALTY,CDSL,"September 15, 2016"
Commercial Services & Supplies,5019.0,-10.0,2016-09-15,SERVICES,CDSL,"September 15, 2016"
Diversified Consumer Services,263.0,-2.0,2016-09-15,SERVICES,CDSL,"September 15, 2016"
"Hotels, Restaurants & Tourism",6321.0,-17.0,2016-09-15,SERVICES,CDSL,"September 15, 2016"
Retailing,5873.0,-27.0,2016-09-15,SERVICES,CDSL,"September 15, 2016"
Telecom Services,31595.0,-439.0,2016-09-15,TELECOM,CDSL,"September 15, 2016"
Telecommunications Equipment,232.0,-6.0,2016-09-15,TELECOM,CDSL,"September 15, 2016"
"Textiles, Apparels & Accessories",33335.0,79.0,2016-09-15,TEXTILES,CDSL,"September 15, 2016"
Automobiles & Auto Components,149496.0,2230.0,2016-09-30,AUTO,CDSL,"September 30, 2016"
Capital Goods,127832.0,248.0,2016-09-30,CAPITAL_GOODS,CDSL,"September 30, 2016"
Consumer Durables,6500.0,-24.0,2016-09-30,CAPITAL_GOODS,CDSL,"September 30, 2016"
General Industrials,17348.0,290.0,2016-09-30,CAPITAL_GOODS,CDSL,"September 30, 2016"
Construction Materials,54031.0,70.0,2016-09-30,CEMENT,CDSL,"September 30, 2016"
Chemicals & Petrochemicals,31083.0,-117.0,2016-09-30,CHEMICALS,CDSL,"September 30, 2016"
Forest Materials,1191.0,10.0,2016-09-30,COMMODITIES,CDSL,"September 30, 2016"
Diversified,3855.0,41.0,2016-09-30,DIVERSIFIED,CDSL,"September 30, 2016"
Others,350435.0,5270.0,2016-09-30,DIVERSIFIED,CDSL,"September 30, 2016"
Coal,15967.0,-388.0,2016-09-30,ENERGY,CDSL,"September 30, 2016"
Oil & Gas,128499.0,2466.0,2016-09-30,ENERGY,CDSL,"September 30, 2016"
Total  Financial Services,470944.0,2885.0,2016-09-30,FINANCIAL_SERVICES,CDSL,"September 30, 2016"
"Food, Beverages & Tobacco",96045.0,-317.0,2016-09-30,FMCG,CDSL,"September 30, 2016"
Household & Personal Products,74760.0,-123.0,2016-09-30,FMCG,CDSL,"September 30, 2016"
Healthcare Equipment & Supplies,2.0,0.0,2016-09-30,HEALTHCARE,CDSL,"September 30, 2016"
Healthcare Services,9301.0,-12.0,2016-09-30,HEALTHCARE,CDSL,"September 30, 2016"
Utilities,73719.0,468.0,2016-09-30,INFRASTRUCTURE,CDSL,"September 30, 2016"
Hardware Technology & Equipment,38.0,0.0,2016-09-30,IT,CDSL,"September 30, 2016"
Software & Services,237857.0,-1325.0,2016-09-30,IT,CDSL,"September 30, 2016"
Transportation,33502.0,-588.0,2016-09-30,LOGISTICS,CDSL,"September 30, 2016"
Media,36339.0,129.0,2016-09-30,MEDIA,CDSL,"September 30, 2016"
Metals & Mining,38224.0,291.0,2016-09-30,METAL,CDSL,"September 30, 2016"
Pharmaceuticals & Biotechnology,152296.0,-274.0,2016-09-30,PHARMA,CDSL,"September 30, 2016"
Realty,16018.0,-179.0,2016-09-30,REALTY,CDSL,"September 30, 2016"
Commercial Services & Supplies,4742.0,20.0,2016-09-30,SERVICES,CDSL,"September 30, 2016"
Diversified Consumer Services,240.0,-6.0,2016-09-30,SERVICES,CDSL,"September 30, 2016"
"Hotels, Restaurants & Tourism",6120.0,-72.0,2016-09-30,SERVICES,CDSL,"September 30, 2016"
Retailing,5910.0,19.0,2016-09-30,SERVICES,CDSL,"September 30, 2016"
Telecom Services,30640.0,-573.0,2016-09-30,TELECOM,CDSL,"September 30, 2016"
Telecommunications Equipment,298.0,-9.0,2016-09-30,TELECOM,CDSL,"September 30, 2016"
"Textiles, Apparels & Accessories",33865.0,10.0,2016-09-30,TEXTILES,CDSL,"September 30, 2016"
Automobiles & Auto Components,151794.0,2324.0,2016-10-15,AUTO,CDSL,"October 15, 2016"
Capital Goods,130532.0,-306.0,2016-10-15,CAPITAL_GOODS,CDSL,"October 15, 2016"
Consumer Durables,3624.0,-47.0,2016-10-15,CAPITAL_GOODS,CDSL,"October 15, 2016"
General Industrials,17786.0,364.0,2016-10-15,CAPITAL_GOODS,CDSL,"October 15, 2016"
Construction Materials,55701.0,-107.0,2016-10-15,CEMENT,CDSL,"October 15, 2016"
Chemicals & Petrochemicals,32115.0,-122.0,2016-10-15,CHEMICALS,CDSL,"October 15, 2016"
Forest Materials,1270.0,-3.0,2016-10-15,COMMODITIES,CDSL,"October 15, 2016"
Diversified,3946.0,16.0,2016-10-15,DIVERSIFIED,CDSL,"October 15, 2016"
Others,364406.0,3275.0,2016-10-15,DIVERSIFIED,CDSL,"October 15, 2016"
Coal,15282.0,-338.0,2016-10-15,ENERGY,CDSL,"October 15, 2016"
Oil & Gas,133963.0,3228.0,2016-10-15,ENERGY,CDSL,"October 15, 2016"
Total  Financial Services,470017.0,2977.0,2016-10-15,FINANCIAL_SERVICES,CDSL,"October 15, 2016"
"Food, Beverages & Tobacco",96189.0,-323.0,2016-10-15,FMCG,CDSL,"October 15, 2016"
Household & Personal Products,73730.0,-575.0,2016-10-15,FMCG,CDSL,"October 15, 2016"
Healthcare Equipment & Supplies,2.0,0.0,2016-10-15,HEALTHCARE,CDSL,"October 15, 2016"
Healthcare Services,9341.0,-61.0,2016-10-15,HEALTHCARE,CDSL,"October 15, 2016"
Utilities,76235.0,442.0,2016-10-15,INFRASTRUCTURE,CDSL,"October 15, 2016"
Hardware Technology & Equipment,43.0,0.0,2016-10-15,IT,CDSL,"October 15, 2016"
Software & Services,235385.0,-878.0,2016-10-15,IT,CDSL,"October 15, 2016"
Transportation,32963.0,-657.0,2016-10-15,LOGISTICS,CDSL,"October 15, 2016"
Media,35875.0,32.0,2016-10-15,MEDIA,CDSL,"October 15, 2016"
Metals & Mining,40589.0,329.0,2016-10-15,METAL,CDSL,"October 15, 2016"
Pharmaceuticals & Biotechnology,149082.0,-456.0,2016-10-15,PHARMA,CDSL,"October 15, 2016"
Realty,16516.0,-41.0,2016-10-15,REALTY,CDSL,"October 15, 2016"
Commercial Services & Supplies,4657.0,-184.0,2016-10-15,SERVICES,CDSL,"October 15, 2016"
Diversified Consumer Services,242.0,-8.0,2016-10-15,SERVICES,CDSL,"October 15, 2016"
"Hotels, Restaurants & Tourism",6264.0,-42.0,2016-10-15,SERVICES,CDSL,"October 15, 2016"
Retailing,6064.0,32.0,2016-10-15,SERVICES,CDSL,"October 15, 2016"
Telecom Services,30106.0,99.0,2016-10-15,TELECOM,CDSL,"October 15, 2016"
Telecommunications Equipment,341.0,-19.0,2016-10-15,TELECOM,CDSL,"October 15, 2016"
"Textiles, Apparels & Accessories",24088.0,-100.0,2016-10-15,TEXTILES,CDSL,"October 15, 2016"
Automobiles & Auto Components,150997.0,218.0,2016-10-31,AUTO,CDSL,"October 31, 2016"
Capital Goods,128583.0,-1053.0,2016-10-31,CAPITAL_GOODS,CDSL,"October 31, 2016"
Consumer Durables,3850.0,-90.0,2016-10-31,CAPITAL_GOODS,CDSL,"October 31, 2016"
General Industrials,18314.0,289.0,2016-10-31,CAPITAL_GOODS,CDSL,"October 31, 2016"
Construction Materials,54280.0,-160.0,2016-10-31,CEMENT,CDSL,"October 31, 2016"
Chemicals & Petrochemicals,32468.0,-42.0,2016-10-31,CHEMICALS,CDSL,"October 31, 2016"
Forest Materials,1268.0,-6.0,2016-10-31,COMMODITIES,CDSL,"October 31, 2016"
Diversified,3912.0,-35.0,2016-10-31,DIVERSIFIED,CDSL,"October 31, 2016"
Others,369175.0,1933.0,2016-10-31,DIVERSIFIED,CDSL,"October 31, 2016"
Coal,15018.0,-1180.0,2016-10-31,ENERGY,CDSL,"October 31, 2016"
Oil & Gas,133602.0,1147.0,2016-10-31,ENERGY,CDSL,"October 31, 2016"
Total  Financial Services,480600.0,-485.0,2016-10-31,FINANCIAL_SERVICES,CDSL,"October 31, 2016"
"Food, Beverages & Tobacco",95680.0,-613.0,2016-10-31,FMCG,CDSL,"October 31, 2016"
Household & Personal Products,74592.0,-609.0,2016-10-31,FMCG,CDSL,"October 31, 2016"
Healthcare Equipment & Supplies,2.0,0.0,2016-10-31,HEALTHCARE,CDSL,"October 31, 2016"
Healthcare Services,9532.0,49.0,2016-10-31,HEALTHCARE,CDSL,"October 31, 2016"
Utilities,76184.0,25.0,2016-10-31,INFRASTRUCTURE,CDSL,"October 31, 2016"
Hardware Technology & Equipment,53.0,0.0,2016-10-31,IT,CDSL,"October 31, 2016"
Software & Services,230964.0,-1163.0,2016-10-31,IT,CDSL,"October 31, 2016"
Transportation,35768.0,-369.0,2016-10-31,LOGISTICS,CDSL,"October 31, 2016"
Media,35179.0,-454.0,2016-10-31,MEDIA,CDSL,"October 31, 2016"
Metals & Mining,40932.0,302.0,2016-10-31,METAL,CDSL,"October 31, 2016"
Pharmaceuticals & Biotechnology,152407.0,-1237.0,2016-10-31,PHARMA,CDSL,"October 31, 2016"
Realty,16740.0,12.0,2016-10-31,REALTY,CDSL,"October 31, 2016"
Commercial Services & Supplies,4689.0,-262.0,2016-10-31,SERVICES,CDSL,"October 31, 2016"
Diversified Consumer Services,271.0,-3.0,2016-10-31,SERVICES,CDSL,"October 31, 2016"
"Hotels, Restaurants & Tourism",6095.0,8.0,2016-10-31,SERVICES,CDSL,"October 31, 2016"
Retailing,6069.0,-132.0,2016-10-31,SERVICES,CDSL,"October 31, 2016"
Telecom Services,30624.0,-101.0,2016-10-31,TELECOM,CDSL,"October 31, 2016"
Telecommunications Equipment,271.0,-28.0,2016-10-31,TELECOM,CDSL,"October 31, 2016"
"Textiles, Apparels & Accessories",24668.0,-263.0,2016-10-31,TEXTILES,CDSL,"October 31, 2016"
Automobiles & Auto Components,132376.0,-716.0,2016-11-15,AUTO,CDSL,"November 15, 2016"
Capital Goods,114128.0,-912.0,2016-11-15,CAPITAL_GOODS,CDSL,"November 15, 2016"
Consumer Durables,3193.0,-31.0,2016-11-15,CAPITAL_GOODS,CDSL,"November 15, 2016"
General Industrials,16720.0,143.0,2016-11-15,CAPITAL_GOODS,CDSL,"November 15, 2016"
Construction Materials,46176.0,-155.0,2016-11-15,CEMENT,CDSL,"November 15, 2016"
Chemicals & Petrochemicals,27991.0,-252.0,2016-11-15,CHEMICALS,CDSL,"November 15, 2016"
Forest Materials,1038.0,5.0,2016-11-15,COMMODITIES,CDSL,"November 15, 2016"
Diversified,3420.0,-72.0,2016-11-15,DIVERSIFIED,CDSL,"November 15, 2016"
Others,343802.0,2425.0,2016-11-15,DIVERSIFIED,CDSL,"November 15, 2016"
Coal,14418.0,-990.0,2016-11-15,ENERGY,CDSL,"November 15, 2016"
Oil & Gas,126812.0,598.0,2016-11-15,ENERGY,CDSL,"November 15, 2016"
Total  Financial Services,436586.0,-2182.0,2016-11-15,FINANCIAL_SERVICES,CDSL,"November 15, 2016"
"Food, Beverages & Tobacco",90600.0,80.0,2016-11-15,FMCG,CDSL,"November 15, 2016"
Household & Personal Products,67856.0,-376.0,2016-11-15,FMCG,CDSL,"November 15, 2016"
Healthcare Equipment & Supplies,2.0,0.0,2016-11-15,HEALTHCARE,CDSL,"November 15, 2016"
Healthcare Services,8472.0,46.0,2016-11-15,HEALTHCARE,CDSL,"November 15, 2016"
Utilities,74637.0,-312.0,2016-11-15,INFRASTRUCTURE,CDSL,"November 15, 2016"
Hardware Technology & Equipment,40.0,0.0,2016-11-15,IT,CDSL,"November 15, 2016"
Software & Services,212498.0,-1549.0,2016-11-15,IT,CDSL,"November 15, 2016"
Transportation,31674.0,-444.0,2016-11-15,LOGISTICS,CDSL,"November 15, 2016"
Media,31103.0,-413.0,2016-11-15,MEDIA,CDSL,"November 15, 2016"
Metals & Mining,41535.0,201.0,2016-11-15,METAL,CDSL,"November 15, 2016"
Pharmaceuticals & Biotechnology,139277.0,-3126.0,2016-11-15,PHARMA,CDSL,"November 15, 2016"
Realty,13078.0,-80.0,2016-11-15,REALTY,CDSL,"November 15, 2016"
Commercial Services & Supplies,4052.0,-164.0,2016-11-15,SERVICES,CDSL,"November 15, 2016"
Diversified Consumer Services,238.0,0.0,2016-11-15,SERVICES,CDSL,"November 15, 2016"
"Hotels, Restaurants & Tourism",5119.0,-1.0,2016-11-15,SERVICES,CDSL,"November 15, 2016"
Retailing,5731.0,-132.0,2016-11-15,SERVICES,CDSL,"November 15, 2016"
Telecom Services,28889.0,-230.0,2016-11-15,TELECOM,CDSL,"November 15, 2016"
Telecommunications Equipment,223.0,-15.0,2016-11-15,TELECOM,CDSL,"November 15, 2016"
"Textiles, Apparels & Accessories",20466.0,-438.0,2016-11-15,TEXTILES,CDSL,"November 15, 2016"
Automobiles & Auto Components,136616.0,-1968.0,2016-11-30,AUTO,CDSL,"November 30, 2016"
Capital Goods,113939.0,-2075.0,2016-11-30,CAPITAL_GOODS,CDSL,"November 30, 2016"
Consumer Durables,3269.0,3.0,2016-11-30,CAPITAL_GOODS,CDSL,"November 30, 2016"
General Industrials,17394.0,-18.0,2016-11-30,CAPITAL_GOODS,CDSL,"November 30, 2016"
Construction Materials,47213.0,-1097.0,2016-11-30,CEMENT,CDSL,"November 30, 2016"
Chemicals & Petrochemicals,28965.0,-405.0,2016-11-30,CHEMICALS,CDSL,"November 30, 2016"
Forest Materials,1114.0,31.0,2016-11-30,COMMODITIES,CDSL,"November 30, 2016"
Diversified,3383.0,-109.0,2016-11-30,DIVERSIFIED,CDSL,"November 30, 2016"
Others,348051.0,-889.0,2016-11-30,DIVERSIFIED,CDSL,"November 30, 2016"
Coal,13973.0,-198.0,2016-11-30,ENERGY,CDSL,"November 30, 2016"
Oil & Gas,129977.0,743.0,2016-11-30,ENERGY,CDSL,"November 30, 2016"
Total  Financial Services,439617.0,-1365.0,2016-11-30,FINANCIAL_SERVICES,CDSL,"November 30, 2016"
"Food, Beverages & Tobacco",89169.0,-674.0,2016-11-30,FMCG,CDSL,"November 30, 2016"
Household & Personal Products,70420.0,-718.0,2016-11-30,FMCG,CDSL,"November 30, 2016"
Healthcare Equipment & Supplies,2.0,0.0,2016-11-30,HEALTHCARE,CDSL,"November 30, 2016"
Healthcare Services,8628.0,-22.0,2016-11-30,HEALTHCARE,CDSL,"November 30, 2016"
Utilities,77710.0,-705.0,2016-11-30,INFRASTRUCTURE,CDSL,"November 30, 2016"
Hardware Technology & Equipment,45.0,1.0,2016-11-30,IT,CDSL,"November 30, 2016"
Software & Services,222147.0,-3214.0,2016-11-30,IT,CDSL,"November 30, 2016"
Transportation,30912.0,-858.0,2016-11-30,LOGISTICS,CDSL,"November 30, 2016"
Media,30676.0,-393.0,2016-11-30,MEDIA,CDSL,"November 30, 2016"
Metals & Mining,44211.0,-63.0,2016-11-30,METAL,CDSL,"November 30, 2016"
Pharmaceuticals & Biotechnology,142554.0,-3570.0,2016-11-30,PHARMA,CDSL,"November 30, 2016"
Realty,13710.0,-3.0,2016-11-30,REALTY,CDSL,"November 30, 2016"
Commercial Services & Supplies,4384.0,-28.0,2016-11-30,SERVICES,CDSL,"November 30, 2016"
Diversified Consumer Services,275.0,-1.0,2016-11-30,SERVICES,CDSL,"November 30, 2016"
"Hotels, Restaurants & Tourism",5214.0,-36.0,2016-11-30,SERVICES,CDSL,"November 30, 2016"
Retailing,5802.0,-45.0,2016-11-30,SERVICES,CDSL,"November 30, 2016"
Telecom Services,30618.0,-165.0,2016-11-30,TELECOM,CDSL,"November 30, 2016"
Telecommunications Equipment,246.0,-3.0,2016-11-30,TELECOM,CDSL,"November 30, 2016"
"Textiles, Apparels & Accessories",20502.0,-399.0,2016-11-30,TEXTILES,CDSL,"November 30, 2016"
Automobiles & Auto Components,136972.0,-739.0,2016-12-15,AUTO,CDSL,"December 15, 2016"
Capital Goods,111965.0,-2960.0,2016-12-15,CAPITAL_GOODS,CDSL,"December 15, 2016"
Consumer Durables,3219.0,42.0,2016-12-15,CAPITAL_GOODS,CDSL,"December 15, 2016"
General Industrials,17861.0,132.0,2016-12-15,CAPITAL_GOODS,CDSL,"December 15, 2016"
Construction Materials,44118.0,-871.0,2016-12-15,CEMENT,CDSL,"December 15, 2016"
Chemicals & Petrochemicals,29275.0,-229.0,2016-12-15,CHEMICALS,CDSL,"December 15, 2016"
Forest Materials,1034.0,31.0,2016-12-15,COMMODITIES,CDSL,"December 15, 2016"
Diversified,3221.0,-71.0,2016-12-15,DIVERSIFIED,CDSL,"December 15, 2016"
Others,337939.0,-2449.0,2016-12-15,DIVERSIFIED,CDSL,"December 15, 2016"
Coal,12960.0,-454.0,2016-12-15,ENERGY,CDSL,"December 15, 2016"
Oil & Gas,129216.0,1387.0,2016-12-15,ENERGY,CDSL,"December 15, 2016"
Total  Financial Services,430843.0,159.0,2016-12-15,FINANCIAL_SERVICES,CDSL,"December 15, 2016"
"Food, Beverages & Tobacco",87478.0,-1542.0,2016-12-15,FMCG,CDSL,"December 15, 2016"
Household & Personal Products,68828.0,-580.0,2016-12-15,FMCG,CDSL,"December 15, 2016"
Healthcare Equipment & Supplies,2.0,0.0,2016-12-15,HEALTHCARE,CDSL,"December 15, 2016"
Healthcare Services,8711.0,-30.0,2016-12-15,HEALTHCARE,CDSL,"December 15, 2016"
Utilities,76815.0,-494.0,2016-12-15,INFRASTRUCTURE,CDSL,"December 15, 2016"
Hardware Technology & Equipment,50.0,1.0,2016-12-15,IT,CDSL,"December 15, 2016"
Software & Services,223934.0,-2613.0,2016-12-15,IT,CDSL,"December 15, 2016"
Transportation,30530.0,-863.0,2016-12-15,LOGISTICS,CDSL,"December 15, 2016"
Media,29883.0,-341.0,2016-12-15,MEDIA,CDSL,"December 15, 2016"
Metals & Mining,44274.0,-106.0,2016-12-15,METAL,CDSL,"December 15, 2016"
Pharmaceuticals & Biotechnology,137221.0,-1595.0,2016-12-15,PHARMA,CDSL,"December 15, 2016"
Realty,13852.0,28.0,2016-12-15,REALTY,CDSL,"December 15, 2016"
Commercial Services & Supplies,4498.0,85.0,2016-12-15,SERVICES,CDSL,"December 15, 2016"
Diversified Consumer Services,265.0,-1.0,2016-12-15,SERVICES,CDSL,"December 15, 2016"
"Hotels, Restaurants & Tourism",5085.0,-35.0,2016-12-15,SERVICES,CDSL,"December 15, 2016"
Retailing,5519.0,-57.0,2016-12-15,SERVICES,CDSL,"December 15, 2016"
Telecom Services,30167.0,-113.0,2016-12-15,TELECOM,CDSL,"December 15, 2016"
Telecommunications Equipment,241.0,0.0,2016-12-15,TELECOM,CDSL,"December 15, 2016"
"Textiles, Apparels & Accessories",20163.0,-95.0,2016-12-15,TEXTILES,CDSL,"December 15, 2016"
Automobiles & Auto Components,136614.0,595.0,2016-12-31,AUTO,CDSL,"December 31, 2016"
Capital Goods,112131.0,-1656.0,2016-12-31,CAPITAL_GOODS,CDSL,"December 31, 2016"
Consumer Durables,3280.0,36.0,2016-12-31,CAPITAL_GOODS,CDSL,"December 31, 2016"
General Industrials,17359.0,12.0,2016-12-31,CAPITAL_GOODS,CDSL,"December 31, 2016"
Construction Materials,43789.0,-194.0,2016-12-31,CEMENT,CDSL,"December 31, 2016"
Chemicals & Petrochemicals,29077.0,-226.0,2016-12-31,CHEMICALS,CDSL,"December 31, 2016"
Forest Materials,1024.0,-6.0,2016-12-31,COMMODITIES,CDSL,"December 31, 2016"
Diversified,3285.0,-36.0,2016-12-31,DIVERSIFIED,CDSL,"December 31, 2016"
Others,329711.0,-1371.0,2016-12-31,DIVERSIFIED,CDSL,"December 31, 2016"
Coal,13050.0,-470.0,2016-12-31,ENERGY,CDSL,"December 31, 2016"
Oil & Gas,137397.0,2398.0,2016-12-31,ENERGY,CDSL,"December 31, 2016"
Total  Financial Services,430459.0,-1433.0,2016-12-31,FINANCIAL_SERVICES,CDSL,"December 31, 2016"
"Food, Beverages & Tobacco",88703.0,-1656.0,2016-12-31,FMCG,CDSL,"December 31, 2016"
Household & Personal Products,69518.0,-395.0,2016-12-31,FMCG,CDSL,"December 31, 2016"
Healthcare Equipment & Supplies,1.0,-1.0,2016-12-31,HEALTHCARE,CDSL,"December 31, 2016"
Healthcare Services,8448.0,-102.0,2016-12-31,HEALTHCARE,CDSL,"December 31, 2016"
Utilities,76490.0,-165.0,2016-12-31,INFRASTRUCTURE,CDSL,"December 31, 2016"
Hardware Technology & Equipment,54.0,6.0,2016-12-31,IT,CDSL,"December 31, 2016"
Software & Services,229191.0,-622.0,2016-12-31,IT,CDSL,"December 31, 2016"
Transportation,28957.0,-925.0,2016-12-31,LOGISTICS,CDSL,"December 31, 2016"
Media,30590.0,37.0,2016-12-31,MEDIA,CDSL,"December 31, 2016"
Metals & Mining,40960.0,-129.0,2016-12-31,METAL,CDSL,"December 31, 2016"
Pharmaceuticals & Biotechnology,131395.0,-1524.0,2016-12-31,PHARMA,CDSL,"December 31, 2016"
Realty,13640.0,-8.0,2016-12-31,REALTY,CDSL,"December 31, 2016"
Commercial Services & Supplies,4100.0,-108.0,2016-12-31,SERVICES,CDSL,"December 31, 2016"
Diversified Consumer Services,252.0,-2.0,2016-12-31,SERVICES,CDSL,"December 31, 2016"
"Hotels, Restaurants & Tourism",5082.0,-15.0,2016-12-31,SERVICES,CDSL,"December 31, 2016"
Retailing,5754.0,-64.0,2016-12-31,SERVICES,CDSL,"December 31, 2016"
Telecom Services,28713.0,-222.0,2016-12-31,TELECOM,CDSL,"December 31, 2016"
Telecommunications Equipment,240.0,1.0,2016-12-31,TELECOM,CDSL,"December 31, 2016"
"Textiles, Apparels & Accessories",20509.0,69.0,2016-12-31,TEXTILES,CDSL,"December 31, 2016"
Automobiles & Auto Components,141133.0,-307.0,2017-01-15,AUTO,CDSL,"January 15, 2017"
Capital Goods,119253.0,-875.0,2017-01-15,CAPITAL_GOODS,CDSL,"January 15, 2017"
Consumer Durables,3303.0,-16.0,2017-01-15,CAPITAL_GOODS,CDSL,"January 15, 2017"
General Industrials,17723.0,-177.0,2017-01-15,CAPITAL_GOODS,CDSL,"January 15, 2017"
Construction Materials,45160.0,-496.0,2017-01-15,CEMENT,CDSL,"January 15, 2017"
Chemicals & Petrochemicals,30571.0,-398.0,2017-01-15,CHEMICALS,CDSL,"January 15, 2017"
Forest Materials,1079.0,-3.0,2017-01-15,COMMODITIES,CDSL,"January 15, 2017"
Diversified,3383.0,-126.0,2017-01-15,DIVERSIFIED,CDSL,"January 15, 2017"
Others,353863.0,-2180.0,2017-01-15,DIVERSIFIED,CDSL,"January 15, 2017"
Coal,13700.0,-263.0,2017-01-15,ENERGY,CDSL,"January 15, 2017"
Oil & Gas,142593.0,2012.0,2017-01-15,ENERGY,CDSL,"January 15, 2017"
Total  Financial Services,441317.0,-1741.0,2017-01-15,FINANCIAL_SERVICES,CDSL,"January 15, 2017"
"Food, Beverages & Tobacco",90675.0,-1682.0,2017-01-15,FMCG,CDSL,"January 15, 2017"
Household & Personal Products,70547.0,-412.0,2017-01-15,FMCG,CDSL,"January 15, 2017"
Healthcare Equipment & Supplies,1.0,-2.0,2017-01-15,HEALTHCARE,CDSL,"January 15, 2017"
Healthcare Services,8590.0,-60.0,2017-01-15,HEALTHCARE,CDSL,"January 15, 2017"
Utilities,80543.0,-340.0,2017-01-15,INFRASTRUCTURE,CDSL,"January 15, 2017"
Hardware Technology & Equipment,56.0,6.0,2017-01-15,IT,CDSL,"January 15, 2017"
Software & Services,222660.0,-868.0,2017-01-15,IT,CDSL,"January 15, 2017"
Transportation,30899.0,-815.0,2017-01-15,LOGISTICS,CDSL,"January 15, 2017"
Media,32094.0,-176.0,2017-01-15,MEDIA,CDSL,"January 15, 2017"
Metals & Mining,36975.0,74.0,2017-01-15,METAL,CDSL,"January 15, 2017"
Pharmaceuticals & Biotechnology,133582.0,-1966.0,2017-01-15,PHARMA,CDSL,"January 15, 2017"
Realty,14319.0,-131.0,2017-01-15,REALTY,CDSL,"January 15, 2017"
Commercial Services & Supplies,4748.0,-81.0,2017-01-15,SERVICES,CDSL,"January 15, 2017"
Diversified Consumer Services,297.0,-5.0,2017-01-15,SERVICES,CDSL,"January 15, 2017"
"Hotels, Restaurants & Tourism",5202.0,-38.0,2017-01-15,SERVICES,CDSL,"January 15, 2017"
Retailing,5602.0,-17.0,2017-01-15,SERVICES,CDSL,"January 15, 2017"
Telecom Services,29190.0,-305.0,2017-01-15,TELECOM,CDSL,"January 15, 2017"
Telecommunications Equipment,245.0,0.0,2017-01-15,TELECOM,CDSL,"January 15, 2017"
"Textiles, Apparels & Accessories",21669.0,140.0,2017-01-15,TEXTILES,CDSL,"January 15, 2017"
Automobiles & Auto Components,144881.0,-409.0,2017-01-31,AUTO,CDSL,"January 31, 2017"
Capital Goods,121334.0,111.0,2017-01-31,CAPITAL_GOODS,CDSL,"January 31, 2017"
Consumer Durables,3394.0,-43.0,2017-01-31,CAPITAL_GOODS,CDSL,"January 31, 2017"
General Industrials,17882.0,-148.0,2017-01-31,CAPITAL_GOODS,CDSL,"January 31, 2017"
Construction Materials,49006.0,-118.0,2017-01-31,CEMENT,CDSL,"January 31, 2017"
Chemicals & Petrochemicals,31747.0,-224.0,2017-01-31,CHEMICALS,CDSL,"January 31, 2017"
Forest Materials,1133.0,20.0,2017-01-31,COMMODITIES,CDSL,"January 31, 2017"
Diversified,3542.0,-82.0,2017-01-31,DIVERSIFIED,CDSL,"January 31, 2017"
Others,358737.0,-215.0,2017-01-31,DIVERSIFIED,CDSL,"January 31, 2017"
Coal,13460.0,-121.0,2017-01-31,ENERGY,CDSL,"January 31, 2017"
Oil & Gas,142144.0,661.0,2017-01-31,ENERGY,CDSL,"January 31, 2017"
Total  Financial Services,470180.0,1429.0,2017-01-31,FINANCIAL_SERVICES,CDSL,"January 31, 2017"
"Food, Beverages & Tobacco",94070.0,-273.0,2017-01-31,FMCG,CDSL,"January 31, 2017"
Household & Personal Products,71104.0,-29.0,2017-01-31,FMCG,CDSL,"January 31, 2017"
Healthcare Equipment & Supplies,1.0,-1.0,2017-01-31,HEALTHCARE,CDSL,"January 31, 2017"
Healthcare Services,8717.0,-53.0,2017-01-31,HEALTHCARE,CDSL,"January 31, 2017"
Utilities,83359.0,351.0,2017-01-31,INFRASTRUCTURE,CDSL,"January 31, 2017"
Hardware Technology & Equipment,63.0,4.0,2017-01-31,IT,CDSL,"January 31, 2017"
Software & Services,214551.0,-1644.0,2017-01-31,IT,CDSL,"January 31, 2017"
Transportation,31042.0,-254.0,2017-01-31,LOGISTICS,CDSL,"January 31, 2017"
Media,32433.0,-288.0,2017-01-31,MEDIA,CDSL,"January 31, 2017"
Metals & Mining,39701.0,546.0,2017-01-31,METAL,CDSL,"January 31, 2017"
Pharmaceuticals & Biotechnology,130518.0,-941.0,2017-01-31,PHARMA,CDSL,"January 31, 2017"
Realty,14482.0,-87.0,2017-01-31,REALTY,CDSL,"January 31, 2017"
Commercial Services & Supplies,4929.0,129.0,2017-01-31,SERVICES,CDSL,"January 31, 2017"
Diversified Consumer Services,281.0,-12.0,2017-01-31,SERVICES,CDSL,"January 31, 2017"
"Hotels, Restaurants & Tourism",5331.0,-70.0,2017-01-31,SERVICES,CDSL,"January 31, 2017"
Retailing,5955.0,396.0,2017-01-31,SERVICES,CDSL,"January 31, 2017"
Telecom Services,34567.0,150.0,2017-01-31,TELECOM,CDSL,"January 31, 2017"
Telecommunications Equipment,249.0,-1.0,2017-01-31,TELECOM,CDSL,"January 31, 2017"
"Textiles, Apparels & Accessories",22214.0,42.0,2017-01-31,TEXTILES,CDSL,"January 31, 2017"
Automobiles & Auto Components,145165.0,-847.0,2017-02-15,AUTO,CDSL,"February 15, 2017"
Capital Goods,118260.0,593.0,2017-02-15,CAPITAL_GOODS,CDSL,"February 15, 2017"
Consumer Durables,3438.0,-8.0,2017-02-15,CAPITAL_GOODS,CDSL,"February 15, 2017"
General Industrials,19123.0,141.0,2017-02-15,CAPITAL_GOODS,CDSL,"February 15, 2017"
Construction Materials,49386.0,152.0,2017-02-15,CEMENT,CDSL,"February 15, 2017"
Chemicals & Petrochemicals,31779.0,-241.0,2017-02-15,CHEMICALS,CDSL,"February 15, 2017"
Forest Materials,1257.0,34.0,2017-02-15,COMMODITIES,CDSL,"February 15, 2017"
Diversified,3619.0,125.0,2017-02-15,DIVERSIFIED,CDSL,"February 15, 2017"
Others,374288.0,3700.0,2017-02-15,DIVERSIFIED,CDSL,"February 15, 2017"
Coal,13931.0,-14.0,2017-02-15,ENERGY,CDSL,"February 15, 2017"
Oil & Gas,141907.0,12.0,2017-02-15,ENERGY,CDSL,"February 15, 2017"
Total  Financial Services,484008.0,2700.0,2017-02-15,FINANCIAL_SERVICES,CDSL,"February 15, 2017"
"Food, Beverages & Tobacco",99096.0,267.0,2017-02-15,FMCG,CDSL,"February 15, 2017"
Household & Personal Products,71126.0,-46.0,2017-02-15,FMCG,CDSL,"February 15, 2017"
Healthcare Equipment & Supplies,0.0,0.0,2017-02-15,HEALTHCARE,CDSL,"February 15, 2017"
Healthcare Services,9014.0,177.0,2017-02-15,HEALTHCARE,CDSL,"February 15, 2017"
Utilities,84122.0,552.0,2017-02-15,INFRASTRUCTURE,CDSL,"February 15, 2017"
Hardware Technology & Equipment,68.0,5.0,2017-02-15,IT,CDSL,"February 15, 2017"
Software & Services,225465.0,-2284.0,2017-02-15,IT,CDSL,"February 15, 2017"
Transportation,31897.0,38.0,2017-02-15,LOGISTICS,CDSL,"February 15, 2017"
Media,35384.0,37.0,2017-02-15,MEDIA,CDSL,"February 15, 2017"
Metals & Mining,39059.0,549.0,2017-02-15,METAL,CDSL,"February 15, 2017"
Pharmaceuticals & Biotechnology,128810.0,-1098.0,2017-02-15,PHARMA,CDSL,"February 15, 2017"
Realty,15009.0,159.0,2017-02-15,REALTY,CDSL,"February 15, 2017"
Commercial Services & Supplies,5024.0,36.0,2017-02-15,SERVICES,CDSL,"February 15, 2017"
Diversified Consumer Services,265.0,-18.0,2017-02-15,SERVICES,CDSL,"February 15, 2017"
"Hotels, Restaurants & Tourism",5704.0,16.0,2017-02-15,SERVICES,CDSL,"February 15, 2017"
Retailing,6112.0,361.0,2017-02-15,SERVICES,CDSL,"February 15, 2017"
Telecom Services,35940.0,468.0,2017-02-15,TELECOM,CDSL,"February 15, 2017"
Telecommunications Equipment,241.0,3.0,2017-02-15,TELECOM,CDSL,"February 15, 2017"
"Textiles, Apparels & Accessories",22914.0,11.0,2017-02-15,TEXTILES,CDSL,"February 15, 2017"
Automobiles & Auto Components,146279.0,-1073.0,2017-02-28,AUTO,CDSL,"February 28, 2017"
Capital Goods,120594.0,416.0,2017-02-28,CAPITAL_GOODS,CDSL,"February 28, 2017"
Consumer Durables,3527.0,10.0,2017-02-28,CAPITAL_GOODS,CDSL,"February 28, 2017"
General Industrials,18493.0,-449.0,2017-02-28,CAPITAL_GOODS,CDSL,"February 28, 2017"
Construction Materials,50487.0,297.0,2017-02-28,CEMENT,CDSL,"February 28, 2017"
Chemicals & Petrochemicals,31947.0,-347.0,2017-02-28,CHEMICALS,CDSL,"February 28, 2017"
Forest Materials,1350.0,37.0,2017-02-28,COMMODITIES,CDSL,"February 28, 2017"
Diversified,3632.0,106.0,2017-02-28,DIVERSIFIED,CDSL,"February 28, 2017"
Others,380960.0,2898.0,2017-02-28,DIVERSIFIED,CDSL,"February 28, 2017"
Coal,13844.0,-144.0,2017-02-28,ENERGY,CDSL,"February 28, 2017"
Oil & Gas,156295.0,1372.0,2017-02-28,ENERGY,CDSL,"February 28, 2017"
Total  Financial Services,500622.0,10694.0,2017-02-28,FINANCIAL_SERVICES,CDSL,"February 28, 2017"
"Food, Beverages & Tobacco",95866.0,-718.0,2017-02-28,FMCG,CDSL,"February 28, 2017"
Household & Personal Products,72607.0,-387.0,2017-02-28,FMCG,CDSL,"February 28, 2017"
Healthcare Equipment & Supplies,0.0,0.0,2017-02-28,HEALTHCARE,CDSL,"February 28, 2017"
Healthcare Services,9548.0,386.0,2017-02-28,HEALTHCARE,CDSL,"February 28, 2017"
Utilities,83464.0,-459.0,2017-02-28,INFRASTRUCTURE,CDSL,"February 28, 2017"
Hardware Technology & Equipment,35.0,1.0,2017-02-28,IT,CDSL,"February 28, 2017"
Software & Services,231005.0,-1234.0,2017-02-28,IT,CDSL,"February 28, 2017"
Transportation,31871.0,1.0,2017-02-28,LOGISTICS,CDSL,"February 28, 2017"
Media,34978.0,12.0,2017-02-28,MEDIA,CDSL,"February 28, 2017"
Metals & Mining,40989.0,242.0,2017-02-28,METAL,CDSL,"February 28, 2017"
Pharmaceuticals & Biotechnology,132057.0,-2631.0,2017-02-28,PHARMA,CDSL,"February 28, 2017"
Realty,15812.0,131.0,2017-02-28,REALTY,CDSL,"February 28, 2017"
Commercial Services & Supplies,5253.0,21.0,2017-02-28,SERVICES,CDSL,"February 28, 2017"
Diversified Consumer Services,267.0,-9.0,2017-02-28,SERVICES,CDSL,"February 28, 2017"
"Hotels, Restaurants & Tourism",5895.0,115.0,2017-02-28,SERVICES,CDSL,"February 28, 2017"
Retailing,6229.0,-14.0,2017-02-28,SERVICES,CDSL,"February 28, 2017"
Telecom Services,37280.0,577.0,2017-02-28,TELECOM,CDSL,"February 28, 2017"
Telecommunications Equipment,285.0,6.0,2017-02-28,TELECOM,CDSL,"February 28, 2017"
"Textiles, Apparels & Accessories",23731.0,45.0,2017-02-28,TEXTILES,CDSL,"February 28, 2017"
Automobiles & Auto Components,152478.0,172.0,2017-03-15,AUTO,CDSL,"March 15, 2017"
Capital Goods,123278.0,429.0,2017-03-15,CAPITAL_GOODS,CDSL,"March 15, 2017"
Consumer Durables,3621.0,-35.0,2017-03-15,CAPITAL_GOODS,CDSL,"March 15, 2017"
General Industrials,18575.0,-575.0,2017-03-15,CAPITAL_GOODS,CDSL,"March 15, 2017"
Construction Materials,52543.0,738.0,2017-03-15,CEMENT,CDSL,"March 15, 2017"
Chemicals & Petrochemicals,31806.0,-258.0,2017-03-15,CHEMICALS,CDSL,"March 15, 2017"
Forest Materials,1351.0,34.0,2017-03-15,COMMODITIES,CDSL,"March 15, 2017"
Diversified,3729.0,36.0,2017-03-15,DIVERSIFIED,CDSL,"March 15, 2017"
Others,390086.0,1654.0,2017-03-15,DIVERSIFIED,CDSL,"March 15, 2017"
Coal,12478.0,-370.0,2017-03-15,ENERGY,CDSL,"March 15, 2017"
Oil & Gas,161803.0,4145.0,2017-03-15,ENERGY,CDSL,"March 15, 2017"
Total  Financial Services,521472.0,13887.0,2017-03-15,FINANCIAL_SERVICES,CDSL,"March 15, 2017"
"Food, Beverages & Tobacco",96116.0,-1313.0,2017-03-15,FMCG,CDSL,"March 15, 2017"
Household & Personal Products,73926.0,-238.0,2017-03-15,FMCG,CDSL,"March 15, 2017"
Healthcare Equipment & Supplies,0.0,0.0,2017-03-15,HEALTHCARE,CDSL,"March 15, 2017"
Healthcare Services,10024.0,1287.0,2017-03-15,HEALTHCARE,CDSL,"March 15, 2017"
Utilities,79602.0,-1051.0,2017-03-15,INFRASTRUCTURE,CDSL,"March 15, 2017"
Hardware Technology & Equipment,36.0,0.0,2017-03-15,IT,CDSL,"March 15, 2017"
Software & Services,232887.0,1157.0,2017-03-15,IT,CDSL,"March 15, 2017"
Transportation,32979.0,74.0,2017-03-15,LOGISTICS,CDSL,"March 15, 2017"
Media,36340.0,104.0,2017-03-15,MEDIA,CDSL,"March 15, 2017"
Metals & Mining,42621.0,1699.0,2017-03-15,METAL,CDSL,"March 15, 2017"
Pharmaceuticals & Biotechnology,131787.0,-2801.0,2017-03-15,PHARMA,CDSL,"March 15, 2017"
Realty,16302.0,160.0,2017-03-15,REALTY,CDSL,"March 15, 2017"
Commercial Services & Supplies,5479.0,101.0,2017-03-15,SERVICES,CDSL,"March 15, 2017"
Diversified Consumer Services,266.0,-1.0,2017-03-15,SERVICES,CDSL,"March 15, 2017"
"Hotels, Restaurants & Tourism",6138.0,154.0,2017-03-15,SERVICES,CDSL,"March 15, 2017"
Retailing,6323.0,21.0,2017-03-15,SERVICES,CDSL,"March 15, 2017"
Telecom Services,37735.0,1499.0,2017-03-15,TELECOM,CDSL,"March 15, 2017"
Telecommunications Equipment,305.0,3.0,2017-03-15,TELECOM,CDSL,"March 15, 2017"
"Textiles, Apparels & Accessories",24781.0,108.0,2017-03-15,TEXTILES,CDSL,"March 15, 2017"
Automobiles & Auto Components,151083.0,941.0,2017-03-31,AUTO,CDSL,"March 31, 2017"
Capital Goods,124392.0,865.0,2017-03-31,CAPITAL_GOODS,CDSL,"March 31, 2017"
Consumer Durables,4051.0,-21.0,2017-03-31,CAPITAL_GOODS,CDSL,"March 31, 2017"
General Industrials,19490.0,329.0,2017-03-31,CAPITAL_GOODS,CDSL,"March 31, 2017"
Construction Materials,53884.0,903.0,2017-03-31,CEMENT,CDSL,"March 31, 2017"
Chemicals & Petrochemicals,32594.0,-344.0,2017-03-31,CHEMICALS,CDSL,"March 31, 2017"
Forest Materials,1418.0,39.0,2017-03-31,COMMODITIES,CDSL,"March 31, 2017"
Diversified,4053.0,228.0,2017-03-31,DIVERSIFIED,CDSL,"March 31, 2017"
Others,409528.0,11485.0,2017-03-31,DIVERSIFIED,CDSL,"March 31, 2017"
Coal,11945.0,-685.0,2017-03-31,ENERGY,CDSL,"March 31, 2017"
Oil & Gas,164767.0,3239.0,2017-03-31,ENERGY,CDSL,"March 31, 2017"
Total  Financial Services,546654.0,7705.0,2017-03-31,FINANCIAL_SERVICES,CDSL,"March 31, 2017"
"Food, Beverages & Tobacco",100291.0,-296.0,2017-03-31,FMCG,CDSL,"March 31, 2017"
Household & Personal Products,75932.0,714.0,2017-03-31,FMCG,CDSL,"March 31, 2017"
Healthcare Equipment & Supplies,0.0,0.0,2017-03-31,HEALTHCARE,CDSL,"March 31, 2017"
Healthcare Services,9869.0,1249.0,2017-03-31,HEALTHCARE,CDSL,"March 31, 2017"
Utilities,84505.0,-551.0,2017-03-31,INFRASTRUCTURE,CDSL,"March 31, 2017"
Hardware Technology & Equipment,37.0,1.0,2017-03-31,IT,CDSL,"March 31, 2017"
Software & Services,235314.0,3556.0,2017-03-31,IT,CDSL,"March 31, 2017"
Transportation,35212.0,351.0,2017-03-31,LOGISTICS,CDSL,"March 31, 2017"
Media,37157.0,71.0,2017-03-31,MEDIA,CDSL,"March 31, 2017"
Metals & Mining,42940.0,852.0,2017-03-31,METAL,CDSL,"March 31, 2017"
Pharmaceuticals & Biotechnology,129496.0,-1388.0,2017-03-31,PHARMA,CDSL,"March 31, 2017"
Realty,17432.0,280.0,2017-03-31,REALTY,CDSL,"March 31, 2017"
Commercial Services & Supplies,5376.0,-252.0,2017-03-31,SERVICES,CDSL,"March 31, 2017"
Diversified Consumer Services,279.0,-4.0,2017-03-31,SERVICES,CDSL,"March 31, 2017"
"Hotels, Restaurants & Tourism",6663.0,206.0,2017-03-31,SERVICES,CDSL,"March 31, 2017"
Retailing,6415.0,83.0,2017-03-31,SERVICES,CDSL,"March 31, 2017"
Telecom Services,34356.0,1034.0,2017-03-31,TELECOM,CDSL,"March 31, 2017"
Telecommunications Equipment,293.0,1.0,2017-03-31,TELECOM,CDSL,"March 31, 2017"
"Textiles, Apparels & Accessories",25237.0,315.0,2017-03-31,TEXTILES,CDSL,"March 31, 2017"
Automobiles & Auto Components,152151.0,-43.0,2017-04-15,AUTO,CDSL,"April 15, 2017"
Capital Goods,127296.0,1239.0,2017-04-15,CAPITAL_GOODS,CDSL,"April 15, 2017"
Consumer Durables,4087.0,10.0,2017-04-15,CAPITAL_GOODS,CDSL,"April 15, 2017"
General Industrials,20731.0,466.0,2017-04-15,CAPITAL_GOODS,CDSL,"April 15, 2017"
Construction Materials,54991.0,418.0,2017-04-15,CEMENT,CDSL,"April 15, 2017"
Chemicals & Petrochemicals,32600.0,-581.0,2017-04-15,CHEMICALS,CDSL,"April 15, 2017"
Forest Materials,1455.0,29.0,2017-04-15,COMMODITIES,CDSL,"April 15, 2017"
Diversified,4096.0,193.0,2017-04-15,DIVERSIFIED,CDSL,"April 15, 2017"
Others,418051.0,9352.0,2017-04-15,DIVERSIFIED,CDSL,"April 15, 2017"
Coal,11843.0,-458.0,2017-04-15,ENERGY,CDSL,"April 15, 2017"
Oil & Gas,173319.0,1198.0,2017-04-15,ENERGY,CDSL,"April 15, 2017"
Total  Financial Services,552553.0,7131.0,2017-04-15,FINANCIAL_SERVICES,CDSL,"April 15, 2017"
"Food, Beverages & Tobacco",98711.0,-28.0,2017-04-15,FMCG,CDSL,"April 15, 2017"
Household & Personal Products,77183.0,688.0,2017-04-15,FMCG,CDSL,"April 15, 2017"
Healthcare Equipment & Supplies,0.0,0.0,2017-04-15,HEALTHCARE,CDSL,"April 15, 2017"
Healthcare Services,9960.0,111.0,2017-04-15,HEALTHCARE,CDSL,"April 15, 2017"
Utilities,83550.0,-783.0,2017-04-15,INFRASTRUCTURE,CDSL,"April 15, 2017"
Hardware Technology & Equipment,39.0,1.0,2017-04-15,IT,CDSL,"April 15, 2017"
Software & Services,221149.0,2345.0,2017-04-15,IT,CDSL,"April 15, 2017"
Transportation,34211.0,131.0,2017-04-15,LOGISTICS,CDSL,"April 15, 2017"
Media,36336.0,-309.0,2017-04-15,MEDIA,CDSL,"April 15, 2017"
Metals & Mining,40228.0,-901.0,2017-04-15,METAL,CDSL,"April 15, 2017"
Pharmaceuticals & Biotechnology,131239.0,-132.0,2017-04-15,PHARMA,CDSL,"April 15, 2017"
Realty,18692.0,270.0,2017-04-15,REALTY,CDSL,"April 15, 2017"
Commercial Services & Supplies,5664.0,-307.0,2017-04-15,SERVICES,CDSL,"April 15, 2017"
Diversified Consumer Services,270.0,-5.0,2017-04-15,SERVICES,CDSL,"April 15, 2017"
"Hotels, Restaurants & Tourism",6513.0,157.0,2017-04-15,SERVICES,CDSL,"April 15, 2017"
Retailing,6842.0,57.0,2017-04-15,SERVICES,CDSL,"April 15, 2017"
Telecom Services,33518.0,-376.0,2017-04-15,TELECOM,CDSL,"April 15, 2017"
Telecommunications Equipment,308.0,-2.0,2017-04-15,TELECOM,CDSL,"April 15, 2017"
"Textiles, Apparels & Accessories",25379.0,169.0,2017-04-15,TEXTILES,CDSL,"April 15, 2017"
Automobiles & Auto Components,158318.0,-1077.0,2017-04-30,AUTO,CDSL,"April 30, 2017"
Capital Goods,129530.0,702.0,2017-04-30,CAPITAL_GOODS,CDSL,"April 30, 2017"
Consumer Durables,4162.0,8.0,2017-04-30,CAPITAL_GOODS,CDSL,"April 30, 2017"
General Industrials,21941.0,652.0,2017-04-30,CAPITAL_GOODS,CDSL,"April 30, 2017"
Construction Materials,59207.0,1028.0,2017-04-30,CEMENT,CDSL,"April 30, 2017"
Chemicals & Petrochemicals,34594.0,-774.0,2017-04-30,CHEMICALS,CDSL,"April 30, 2017"
Forest Materials,1417.0,13.0,2017-04-30,COMMODITIES,CDSL,"April 30, 2017"
Diversified,4284.0,10.0,2017-04-30,DIVERSIFIED,CDSL,"April 30, 2017"
Others,424375.0,-1493.0,2017-04-30,DIVERSIFIED,CDSL,"April 30, 2017"
Coal,11339.0,35.0,2017-04-30,ENERGY,CDSL,"April 30, 2017"
Oil & Gas,171696.0,1887.0,2017-04-30,ENERGY,CDSL,"April 30, 2017"
Total  Financial Services,575105.0,4080.0,2017-04-30,FINANCIAL_SERVICES,CDSL,"April 30, 2017"
"Food, Beverages & Tobacco",100228.0,497.0,2017-04-30,FMCG,CDSL,"April 30, 2017"
Household & Personal Products,78828.0,-19.0,2017-04-30,FMCG,CDSL,"April 30, 2017"
Healthcare Equipment & Supplies,0.0,0.0,2017-04-30,HEALTHCARE,CDSL,"April 30, 2017"
Healthcare Services,10985.0,113.0,2017-04-30,HEALTHCARE,CDSL,"April 30, 2017"
Utilities,86171.0,-1081.0,2017-04-30,INFRASTRUCTURE,CDSL,"April 30, 2017"
Hardware Technology & Equipment,41.0,1.0,2017-04-30,IT,CDSL,"April 30, 2017"
Software & Services,218449.0,-358.0,2017-04-30,IT,CDSL,"April 30, 2017"
Transportation,36178.0,-69.0,2017-04-30,LOGISTICS,CDSL,"April 30, 2017"
Media,36605.0,-656.0,2017-04-30,MEDIA,CDSL,"April 30, 2017"
Metals & Mining,39866.0,-880.0,2017-04-30,METAL,CDSL,"April 30, 2017"
Pharmaceuticals & Biotechnology,126794.0,301.0,2017-04-30,PHARMA,CDSL,"April 30, 2017"
Realty,20550.0,218.0,2017-04-30,REALTY,CDSL,"April 30, 2017"
Commercial Services & Supplies,5490.0,-332.0,2017-04-30,SERVICES,CDSL,"April 30, 2017"
Diversified Consumer Services,273.0,-2.0,2017-04-30,SERVICES,CDSL,"April 30, 2017"
"Hotels, Restaurants & Tourism",6641.0,71.0,2017-04-30,SERVICES,CDSL,"April 30, 2017"
Retailing,6916.0,12.0,2017-04-30,SERVICES,CDSL,"April 30, 2017"
Telecom Services,34018.0,-522.0,2017-04-30,TELECOM,CDSL,"April 30, 2017"
Telecommunications Equipment,317.0,-5.0,2017-04-30,TELECOM,CDSL,"April 30, 2017"
"Textiles, Apparels & Accessories",25778.0,34.0,2017-04-30,TEXTILES,CDSL,"April 30, 2017"
Automobiles & Auto Components,165506.0,-6.0,2017-05-15,AUTO,NSDL,"May 15, 2017"
Capital Goods,131223.0,185.0,2017-05-15,CAPITAL_GOODS,NSDL,"May 15, 2017"
Consumer Durables,4130.0,-39.0,2017-05-15,CAPITAL_GOODS,NSDL,"May 15, 2017"
General Industrials,22160.0,391.0,2017-05-15,CAPITAL_GOODS,NSDL,"May 15, 2017"
Construction Materials,62583.0,1295.0,2017-05-15,CEMENT,NSDL,"May 15, 2017"
Chemicals & Petrochemicals,35347.0,-656.0,2017-05-15,CHEMICALS,NSDL,"May 15, 2017"
Forest Materials,1523.0,2.0,2017-05-15,COMMODITIES,NSDL,"May 15, 2017"
Diversified,4461.0,-11.0,2017-05-15,DIVERSIFIED,NSDL,"May 15, 2017"
Others,435828.0,-1603.0,2017-05-15,DIVERSIFIED,NSDL,"May 15, 2017"
Coal,11402.0,76.0,2017-05-15,ENERGY,NSDL,"May 15, 2017"
Oil & Gas,164447.0,1119.0,2017-05-15,ENERGY,NSDL,"May 15, 2017"
Total  Financial Services,582451.0,862.0,2017-05-15,FINANCIAL_SERVICES,NSDL,"May 15, 2017"
"Food, Beverages & Tobacco",101415.0,997.0,2017-05-15,FMCG,NSDL,"May 15, 2017"
Household & Personal Products,81077.0,-454.0,2017-05-15,FMCG,NSDL,"May 15, 2017"
Healthcare Equipment & Supplies,0.0,0.0,2017-05-15,HEALTHCARE,NSDL,"May 15, 2017"
Healthcare Services,11621.0,588.0,2017-05-15,HEALTHCARE,NSDL,"May 15, 2017"
Utilities,85330.0,-438.0,2017-05-15,INFRASTRUCTURE,NSDL,"May 15, 2017"
Hardware Technology & Equipment,37.0,1.0,2017-05-15,IT,NSDL,"May 15, 2017"
Software & Services,226687.0,-354.0,2017-05-15,IT,NSDL,"May 15, 2017"
Transportation,37310.0,103.0,2017-05-15,LOGISTICS,NSDL,"May 15, 2017"
Media,36432.0,-653.0,2017-05-15,MEDIA,NSDL,"May 15, 2017"
Metals & Mining,43281.0,-1395.0,2017-05-15,METAL,NSDL,"May 15, 2017"
Pharmaceuticals & Biotechnology,126058.0,-82.0,2017-05-15,PHARMA,NSDL,"May 15, 2017"
Realty,22672.0,724.0,2017-05-15,REALTY,NSDL,"May 15, 2017"
Commercial Services & Supplies,5824.0,-183.0,2017-05-15,SERVICES,NSDL,"May 15, 2017"
Diversified Consumer Services,266.0,1.0,2017-05-15,SERVICES,NSDL,"May 15, 2017"
"Hotels, Restaurants & Tourism",6876.0,43.0,2017-05-15,SERVICES,NSDL,"May 15, 2017"
Retailing,6800.0,17.0,2017-05-15,SERVICES,NSDL,"May 15, 2017"
Telecom Services,34436.0,-172.0,2017-05-15,TELECOM,NSDL,"May 15, 2017"
Telecommunications Equipment,310.0,-1.0,2017-05-15,TELECOM,NSDL,"May 15, 2017"
"Textiles, Apparels & Accessories",26742.0,243.0,2017-05-15,TEXTILES,NSDL,"May 15, 2017"
Automobiles & Auto Components,171556.0,1152.0,2017-05-31,AUTO,NSDL,"May 31, 2017"
Capital Goods,132197.0,-36.0,2017-05-31,CAPITAL_GOODS,NSDL,"May 31, 2017"
Consumer Durables,4027.0,-33.0,2017-05-31,CAPITAL_GOODS,NSDL,"May 31, 2017"
General Industrials,19911.0,-443.0,2017-05-31,CAPITAL_GOODS,NSDL,"May 31, 2017"
Construction Materials,58706.0,14.0,2017-05-31,CEMENT,NSDL,"May 31, 2017"
Chemicals & Petrochemicals,36107.0,-19.0,2017-05-31,CHEMICALS,NSDL,"May 31, 2017"
Forest Materials,1490.0,-5.0,2017-05-31,COMMODITIES,NSDL,"May 31, 2017"
Diversified,4500.0,-16.0,2017-05-31,DIVERSIFIED,NSDL,"May 31, 2017"
Others,439253.0,843.0,2017-05-31,DIVERSIFIED,NSDL,"May 31, 2017"
Coal,10762.0,4.0,2017-05-31,ENERGY,NSDL,"May 31, 2017"
Oil & Gas,164873.0,972.0,2017-05-31,ENERGY,NSDL,"May 31, 2017"
Total  Financial Services,593719.0,7258.0,2017-05-31,FINANCIAL_SERVICES,NSDL,"May 31, 2017"
"Food, Beverages & Tobacco",109682.0,526.0,2017-05-31,FMCG,NSDL,"May 31, 2017"
Household & Personal Products,82208.0,-725.0,2017-05-31,FMCG,NSDL,"May 31, 2017"
Healthcare Equipment & Supplies,0.0,0.0,2017-05-31,HEALTHCARE,NSDL,"May 31, 2017"
Healthcare Services,11138.0,747.0,2017-05-31,HEALTHCARE,NSDL,"May 31, 2017"
Utilities,83144.0,-718.0,2017-05-31,INFRASTRUCTURE,NSDL,"May 31, 2017"
Hardware Technology & Equipment,26.0,-7.0,2017-05-31,IT,NSDL,"May 31, 2017"
Software & Services,232847.0,881.0,2017-05-31,IT,NSDL,"May 31, 2017"
Transportation,35333.0,-152.0,2017-05-31,LOGISTICS,NSDL,"May 31, 2017"
Media,34667.0,-275.0,2017-05-31,MEDIA,NSDL,"May 31, 2017"
Metals & Mining,44598.0,-1744.0,2017-05-31,METAL,NSDL,"May 31, 2017"
Pharmaceuticals & Biotechnology,109534.0,-2261.0,2017-05-31,PHARMA,NSDL,"May 31, 2017"
Realty,21066.0,616.0,2017-05-31,REALTY,NSDL,"May 31, 2017"
Commercial Services & Supplies,5699.0,186.0,2017-05-31,SERVICES,NSDL,"May 31, 2017"
Diversified Consumer Services,249.0,2.0,2017-05-31,SERVICES,NSDL,"May 31, 2017"
"Hotels, Restaurants & Tourism",6542.0,52.0,2017-05-31,SERVICES,NSDL,"May 31, 2017"
Retailing,6906.0,-6.0,2017-05-31,SERVICES,NSDL,"May 31, 2017"
Telecom Services,34579.0,588.0,2017-05-31,TELECOM,NSDL,"May 31, 2017"
Telecommunications Equipment,279.0,3.0,2017-05-31,TELECOM,NSDL,"May 31, 2017"
"Textiles, Apparels & Accessories",25934.0,305.0,2017-05-31,TEXTILES,NSDL,"May 31, 2017"
Automobiles & Auto Components,174531.0,1032.0,2017-06-15,AUTO,NSDL,"June 15, 2017"
Capital Goods,130450.0,12.0,2017-06-15,CAPITAL_GOODS,NSDL,"June 15, 2017"
Consumer Durables,4025.0,14.0,2017-06-15,CAPITAL_GOODS,NSDL,"June 15, 2017"
General Industrials,20600.0,-124.0,2017-06-15,CAPITAL_GOODS,NSDL,"June 15, 2017"
Construction Materials,57408.0,-422.0,2017-06-15,CEMENT,NSDL,"June 15, 2017"
Chemicals & Petrochemicals,36600.0,231.0,2017-06-15,CHEMICALS,NSDL,"June 15, 2017"
Forest Materials,1601.0,14.0,2017-06-15,COMMODITIES,NSDL,"June 15, 2017"
Diversified,4458.0,-14.0,2017-06-15,DIVERSIFIED,NSDL,"June 15, 2017"
Others,443422.0,3054.0,2017-06-15,DIVERSIFIED,NSDL,"June 15, 2017"
Coal,10424.0,-77.0,2017-06-15,ENERGY,NSDL,"June 15, 2017"
Oil & Gas,163274.0,1792.0,2017-06-15,ENERGY,NSDL,"June 15, 2017"
Total  Financial Services,614023.0,12372.0,2017-06-15,FINANCIAL_SERVICES,NSDL,"June 15, 2017"
"Food, Beverages & Tobacco",107748.0,230.0,2017-06-15,FMCG,NSDL,"June 15, 2017"
Household & Personal Products,84638.0,-415.0,2017-06-15,FMCG,NSDL,"June 15, 2017"
Healthcare Equipment & Supplies,0.0,0.0,2017-06-15,HEALTHCARE,NSDL,"June 15, 2017"
Healthcare Services,11844.0,359.0,2017-06-15,HEALTHCARE,NSDL,"June 15, 2017"
Utilities,84413.0,1634.0,2017-06-15,INFRASTRUCTURE,NSDL,"June 15, 2017"
Hardware Technology & Equipment,22.0,-11.0,2017-06-15,IT,NSDL,"June 15, 2017"
Software & Services,218942.0,-2927.0,2017-06-15,IT,NSDL,"June 15, 2017"
Transportation,35875.0,-848.0,2017-06-15,LOGISTICS,NSDL,"June 15, 2017"
Media,34363.0,-330.0,2017-06-15,MEDIA,NSDL,"June 15, 2017"
Metals & Mining,43630.0,-1878.0,2017-06-15,METAL,NSDL,"June 15, 2017"
Pharmaceuticals & Biotechnology,112222.0,-3459.0,2017-06-15,PHARMA,NSDL,"June 15, 2017"
Realty,22338.0,-29.0,2017-06-15,REALTY,NSDL,"June 15, 2017"
Commercial Services & Supplies,6333.0,224.0,2017-06-15,SERVICES,NSDL,"June 15, 2017"
Diversified Consumer Services,266.0,1.0,2017-06-15,SERVICES,NSDL,"June 15, 2017"
"Hotels, Restaurants & Tourism",6826.0,8.0,2017-06-15,SERVICES,NSDL,"June 15, 2017"
Retailing,7478.0,41.0,2017-06-15,SERVICES,NSDL,"June 15, 2017"
Telecom Services,34009.0,646.0,2017-06-15,TELECOM,NSDL,"June 15, 2017"
Telecommunications Equipment,282.0,2.0,2017-06-15,TELECOM,NSDL,"June 15, 2017"
"Textiles, Apparels & Accessories",27710.0,6.0,2017-06-15,TEXTILES,NSDL,"June 15, 2017"
Automobiles & Auto Components,171165.0,565.0,2017-06-30,AUTO,NSDL,"June 30, 2017"
Capital Goods,126119.0,-577.0,2017-06-30,CAPITAL_GOODS,NSDL,"June 30, 2017"
Consumer Durables,3992.0,61.0,2017-06-30,CAPITAL_GOODS,NSDL,"June 30, 2017"
General Industrials,20344.0,278.0,2017-06-30,CAPITAL_GOODS,NSDL,"June 30, 2017"
Construction Materials,55862.0,-655.0,2017-06-30,CEMENT,NSDL,"June 30, 2017"
Chemicals & Petrochemicals,36273.0,125.0,2017-06-30,CHEMICALS,NSDL,"June 30, 2017"
Forest Materials,1543.0,27.0,2017-06-30,COMMODITIES,NSDL,"June 30, 2017"
Diversified,4639.0,-20.0,2017-06-30,DIVERSIFIED,NSDL,"June 30, 2017"
Others,445472.0,1965.0,2017-06-30,DIVERSIFIED,NSDL,"June 30, 2017"
Coal,9923.0,-115.0,2017-06-30,ENERGY,NSDL,"June 30, 2017"
Oil & Gas,162210.0,1981.0,2017-06-30,ENERGY,NSDL,"June 30, 2017"
Total  Financial Services,602743.0,5583.0,2017-06-30,FINANCIAL_SERVICES,NSDL,"June 30, 2017"
"Food, Beverages & Tobacco",113188.0,-217.0,2017-06-30,FMCG,NSDL,"June 30, 2017"
Household & Personal Products,80576.0,-576.0,2017-06-30,FMCG,NSDL,"June 30, 2017"
Healthcare Equipment & Supplies,0.0,0.0,2017-06-30,HEALTHCARE,NSDL,"June 30, 2017"
Healthcare Services,11038.0,-30.0,2017-06-30,HEALTHCARE,NSDL,"June 30, 2017"
Utilities,84194.0,1610.0,2017-06-30,INFRASTRUCTURE,NSDL,"June 30, 2017"
Hardware Technology & Equipment,27.0,2.0,2017-06-30,IT,NSDL,"June 30, 2017"
Software & Services,219115.0,-4280.0,2017-06-30,IT,NSDL,"June 30, 2017"
Transportation,35865.0,-686.0,2017-06-30,LOGISTICS,NSDL,"June 30, 2017"
Media,33056.0,-646.0,2017-06-30,MEDIA,NSDL,"June 30, 2017"
Metals & Mining,44536.0,-702.0,2017-06-30,METAL,NSDL,"June 30, 2017"
Pharmaceuticals & Biotechnology,111986.0,-1545.0,2017-06-30,PHARMA,NSDL,"June 30, 2017"
Realty,22370.0,596.0,2017-06-30,REALTY,NSDL,"June 30, 2017"
Commercial Services & Supplies,6260.0,203.0,2017-06-30,SERVICES,NSDL,"June 30, 2017"
Diversified Consumer Services,251.0,0.0,2017-06-30,SERVICES,NSDL,"June 30, 2017"
"Hotels, Restaurants & Tourism",7106.0,102.0,2017-06-30,SERVICES,NSDL,"June 30, 2017"
Retailing,7347.0,57.0,2017-06-30,SERVICES,NSDL,"June 30, 2017"
Telecom Services,35987.0,537.0,2017-06-30,TELECOM,NSDL,"June 30, 2017"
Telecommunications Equipment,275.0,0.0,2017-06-30,TELECOM,NSDL,"June 30, 2017"
"Textiles, Apparels & Accessories",27591.0,-26.0,2017-06-30,TEXTILES,NSDL,"June 30, 2017"
Automobiles & Auto Components,174445.0,-359.0,2017-07-15,AUTO,NSDL,"July 15, 2017"
Capital Goods,115810.0,-1204.0,2017-07-15,CAPITAL_GOODS,NSDL,"July 15, 2017"
Consumer Durables,4088.0,103.0,2017-07-15,CAPITAL_GOODS,NSDL,"July 15, 2017"
General Industrials,20484.0,59.0,2017-07-15,CAPITAL_GOODS,NSDL,"July 15, 2017"
Construction Materials,60054.0,-286.0,2017-07-15,CEMENT,NSDL,"July 15, 2017"
Chemicals & Petrochemicals,37199.0,-4.0,2017-07-15,CHEMICALS,NSDL,"July 15, 2017"
Forest Materials,1526.0,-4.0,2017-07-15,COMMODITIES,NSDL,"July 15, 2017"
Diversified,1838.0,42.0,2017-07-15,DIVERSIFIED,NSDL,"July 15, 2017"
Others,465657.0,1026.0,2017-07-15,DIVERSIFIED,NSDL,"July 15, 2017"
Coal,10170.0,-76.0,2017-07-15,ENERGY,NSDL,"July 15, 2017"
Oil & Gas,164807.0,2089.0,2017-07-15,ENERGY,NSDL,"July 15, 2017"
Total  Financial Services,617548.0,578.0,2017-07-15,FINANCIAL_SERVICES,NSDL,"July 15, 2017"
"Food, Beverages & Tobacco",117949.0,-241.0,2017-07-15,FMCG,NSDL,"July 15, 2017"
Household & Personal Products,86730.0,-631.0,2017-07-15,FMCG,NSDL,"July 15, 2017"
Healthcare Equipment & Supplies,0.0,0.0,2017-07-15,HEALTHCARE,NSDL,"July 15, 2017"
Healthcare Services,10794.0,-148.0,2017-07-15,HEALTHCARE,NSDL,"July 15, 2017"
Utilities,86511.0,-610.0,2017-07-15,INFRASTRUCTURE,NSDL,"July 15, 2017"
Hardware Technology & Equipment,32.0,8.0,2017-07-15,IT,NSDL,"July 15, 2017"
Software & Services,226132.0,-1402.0,2017-07-15,IT,NSDL,"July 15, 2017"
Transportation,36534.0,-178.0,2017-07-15,LOGISTICS,NSDL,"July 15, 2017"
Media,34154.0,-505.0,2017-07-15,MEDIA,NSDL,"July 15, 2017"
Metals & Mining,47193.0,100.0,2017-07-15,METAL,NSDL,"July 15, 2017"
Pharmaceuticals & Biotechnology,116827.0,-496.0,2017-07-15,PHARMA,NSDL,"July 15, 2017"
Realty,23380.0,509.0,2017-07-15,REALTY,NSDL,"July 15, 2017"
Commercial Services & Supplies,6805.0,161.0,2017-07-15,SERVICES,NSDL,"July 15, 2017"
Diversified Consumer Services,257.0,2.0,2017-07-15,SERVICES,NSDL,"July 15, 2017"
"Hotels, Restaurants & Tourism",7405.0,156.0,2017-07-15,SERVICES,NSDL,"July 15, 2017"
Retailing,7269.0,21.0,2017-07-15,SERVICES,NSDL,"July 15, 2017"
Telecom Services,38334.0,696.0,2017-07-15,TELECOM,NSDL,"July 15, 2017"
Telecommunications Equipment,312.0,-1.0,2017-07-15,TELECOM,NSDL,"July 15, 2017"
"Textiles, Apparels & Accessories",28038.0,78.0,2017-07-15,TEXTILES,NSDL,"July 15, 2017"
Automobiles & Auto Components,177635.0,67.0,2017-07-31,AUTO,NSDL,"July 31, 2017"
Capital Goods,134928.0,180.0,2017-07-31,CAPITAL_GOODS,NSDL,"July 31, 2017"
Consumer Durables,4093.0,-14.0,2017-07-31,CAPITAL_GOODS,NSDL,"July 31, 2017"
General Industrials,20688.0,173.0,2017-07-31,CAPITAL_GOODS,NSDL,"July 31, 2017"
Construction Materials,59214.0,534.0,2017-07-31,CEMENT,NSDL,"July 31, 2017"
Chemicals & Petrochemicals,36497.0,-477.0,2017-07-31,CHEMICALS,NSDL,"July 31, 2017"
Forest Materials,1602.0,3.0,2017-07-31,COMMODITIES,NSDL,"July 31, 2017"
Diversified,1797.0,49.0,2017-07-31,DIVERSIFIED,NSDL,"July 31, 2017"
Others,470707.0,1604.0,2017-07-31,DIVERSIFIED,NSDL,"July 31, 2017"
Coal,9958.0,-175.0,2017-07-31,ENERGY,NSDL,"July 31, 2017"
Oil & Gas,185256.0,1438.0,2017-07-31,ENERGY,NSDL,"July 31, 2017"
Total  Financial Services,655995.0,824.0,2017-07-31,FINANCIAL_SERVICES,NSDL,"July 31, 2017"
"Food, Beverages & Tobacco",105521.0,-165.0,2017-07-31,FMCG,NSDL,"July 31, 2017"
Household & Personal Products,88706.0,-158.0,2017-07-31,FMCG,NSDL,"July 31, 2017"
Healthcare Equipment & Supplies,0.0,0.0,2017-07-31,HEALTHCARE,NSDL,"July 31, 2017"
Healthcare Services,10937.0,161.0,2017-07-31,HEALTHCARE,NSDL,"July 31, 2017"
Utilities,88220.0,445.0,2017-07-31,INFRASTRUCTURE,NSDL,"July 31, 2017"
Hardware Technology & Equipment,32.0,2.0,2017-07-31,IT,NSDL,"July 31, 2017"
Software & Services,235702.0,-482.0,2017-07-31,IT,NSDL,"July 31, 2017"
Transportation,36598.0,-941.0,2017-07-31,LOGISTICS,NSDL,"July 31, 2017"
Media,35249.0,112.0,2017-07-31,MEDIA,NSDL,"July 31, 2017"
Metals & Mining,50149.0,369.0,2017-07-31,METAL,NSDL,"July 31, 2017"
Pharmaceuticals & Biotechnology,112276.0,146.0,2017-07-31,PHARMA,NSDL,"July 31, 2017"
Realty,23465.0,-95.0,2017-07-31,REALTY,NSDL,"July 31, 2017"
Commercial Services & Supplies,6950.0,251.0,2017-07-31,SERVICES,NSDL,"July 31, 2017"
Diversified Consumer Services,254.0,2.0,2017-07-31,SERVICES,NSDL,"July 31, 2017"
"Hotels, Restaurants & Tourism",7907.0,190.0,2017-07-31,SERVICES,NSDL,"July 31, 2017"
Retailing,7064.0,0.0,2017-07-31,SERVICES,NSDL,"July 31, 2017"
Telecom Services,40300.0,1106.0,2017-07-31,TELECOM,NSDL,"July 31, 2017"
Telecommunications Equipment,380.0,-7.0,2017-07-31,TELECOM,NSDL,"July 31, 2017"
"Textiles, Apparels & Accessories",28177.0,21.0,2017-07-31,TEXTILES,NSDL,"July 31, 2017"
Automobiles & Auto Components,176872.0,-9.0,2017-08-15,AUTO,CDSL,"August 15, 2017"
Capital Goods,126415.0,66.0,2017-08-15,CAPITAL_GOODS,CDSL,"August 15, 2017"
Consumer Durables,3852.0,-218.0,2017-08-15,CAPITAL_GOODS,CDSL,"August 15, 2017"
General Industrials,20154.0,-29.0,2017-08-15,CAPITAL_GOODS,CDSL,"August 15, 2017"
Construction Materials,57885.0,195.0,2017-08-15,CEMENT,CDSL,"August 15, 2017"
Chemicals & Petrochemicals,35238.0,-393.0,2017-08-15,CHEMICALS,CDSL,"August 15, 2017"
Forest Materials,1437.0,-2.0,2017-08-15,COMMODITIES,CDSL,"August 15, 2017"
Diversified,1836.0,7.0,2017-08-15,DIVERSIFIED,CDSL,"August 15, 2017"
Others,459579.0,3375.0,2017-08-15,DIVERSIFIED,CDSL,"August 15, 2017"
Coal,9279.0,-467.0,2017-08-15,ENERGY,CDSL,"August 15, 2017"
Oil & Gas,185597.0,135.0,2017-08-15,ENERGY,CDSL,"August 15, 2017"
Total  Financial Services,635948.0,-1342.0,2017-08-15,FINANCIAL_SERVICES,CDSL,"August 15, 2017"
"Food, Beverages & Tobacco",101428.0,-787.0,2017-08-15,FMCG,CDSL,"August 15, 2017"
Household & Personal Products,85525.0,-272.0,2017-08-15,FMCG,CDSL,"August 15, 2017"
Healthcare Equipment & Supplies,0.0,0.0,2017-08-15,HEALTHCARE,CDSL,"August 15, 2017"
Healthcare Services,10533.0,393.0,2017-08-15,HEALTHCARE,CDSL,"August 15, 2017"
Utilities,88071.0,165.0,2017-08-15,INFRASTRUCTURE,CDSL,"August 15, 2017"
Hardware Technology & Equipment,28.0,0.0,2017-08-15,IT,CDSL,"August 15, 2017"
Software & Services,229713.0,-364.0,2017-08-15,IT,CDSL,"August 15, 2017"
Transportation,36417.0,-571.0,2017-08-15,LOGISTICS,CDSL,"August 15, 2017"
Media,33602.0,272.0,2017-08-15,MEDIA,CDSL,"August 15, 2017"
Metals & Mining,52013.0,935.0,2017-08-15,METAL,CDSL,"August 15, 2017"
Pharmaceuticals & Biotechnology,102073.0,-1316.0,2017-08-15,PHARMA,CDSL,"August 15, 2017"
Realty,21862.0,-423.0,2017-08-15,REALTY,CDSL,"August 15, 2017"
Commercial Services & Supplies,6507.0,163.0,2017-08-15,SERVICES,CDSL,"August 15, 2017"
Diversified Consumer Services,242.0,0.0,2017-08-15,SERVICES,CDSL,"August 15, 2017"
"Hotels, Restaurants & Tourism",7890.0,223.0,2017-08-15,SERVICES,CDSL,"August 15, 2017"
Retailing,6901.0,31.0,2017-08-15,SERVICES,CDSL,"August 15, 2017"
Telecom Services,38943.0,793.0,2017-08-15,TELECOM,CDSL,"August 15, 2017"
Telecommunications Equipment,360.0,-3.0,2017-08-15,TELECOM,CDSL,"August 15, 2017"
"Textiles, Apparels & Accessories",29968.0,216.0,2017-08-15,TEXTILES,CDSL,"August 15, 2017"
Automobiles & Auto Components,175575.0,-634.0,2017-08-31,AUTO,CDSL,"August 31, 2017"
Capital Goods,126395.0,-1557.0,2017-08-31,CAPITAL_GOODS,CDSL,"August 31, 2017"
Consumer Durables,4045.0,-105.0,2017-08-31,CAPITAL_GOODS,CDSL,"August 31, 2017"
General Industrials,20065.0,-552.0,2017-08-31,CAPITAL_GOODS,CDSL,"August 31, 2017"
Construction Materials,58667.0,-274.0,2017-08-31,CEMENT,CDSL,"August 31, 2017"
Chemicals & Petrochemicals,35171.0,-161.0,2017-08-31,CHEMICALS,CDSL,"August 31, 2017"
Forest Materials,1395.0,-41.0,2017-08-31,COMMODITIES,CDSL,"August 31, 2017"
Diversified,1961.0,11.0,2017-08-31,DIVERSIFIED,CDSL,"August 31, 2017"
Others,474228.0,4407.0,2017-08-31,DIVERSIFIED,CDSL,"August 31, 2017"
Coal,8885.0,-628.0,2017-08-31,ENERGY,CDSL,"August 31, 2017"
Oil & Gas,191866.0,-938.0,2017-08-31,ENERGY,CDSL,"August 31, 2017"
Total  Financial Services,649171.0,-2431.0,2017-08-31,FINANCIAL_SERVICES,CDSL,"August 31, 2017"
"Food, Beverages & Tobacco",105234.0,-686.0,2017-08-31,FMCG,CDSL,"August 31, 2017"
Household & Personal Products,87631.0,-579.0,2017-08-31,FMCG,CDSL,"August 31, 2017"
Healthcare Equipment & Supplies,0.0,0.0,2017-08-31,HEALTHCARE,CDSL,"August 31, 2017"
Healthcare Services,9771.0,167.0,2017-08-31,HEALTHCARE,CDSL,"August 31, 2017"
Utilities,88338.0,-184.0,2017-08-31,INFRASTRUCTURE,CDSL,"August 31, 2017"
Hardware Technology & Equipment,29.0,0.0,2017-08-31,IT,CDSL,"August 31, 2017"
Software & Services,220411.0,-5823.0,2017-08-31,IT,CDSL,"August 31, 2017"
Transportation,36864.0,1.0,2017-08-31,LOGISTICS,CDSL,"August 31, 2017"
Media,33222.0,-512.0,2017-08-31,MEDIA,CDSL,"August 31, 2017"
Metals & Mining,54703.0,722.0,2017-08-31,METAL,CDSL,"August 31, 2017"
Pharmaceuticals & Biotechnology,101516.0,-2785.0,2017-08-31,PHARMA,CDSL,"August 31, 2017"
Realty,22320.0,-517.0,2017-08-31,REALTY,CDSL,"August 31, 2017"
Commercial Services & Supplies,6961.0,73.0,2017-08-31,SERVICES,CDSL,"August 31, 2017"
Diversified Consumer Services,249.0,-4.0,2017-08-31,SERVICES,CDSL,"August 31, 2017"
"Hotels, Restaurants & Tourism",7828.0,32.0,2017-08-31,SERVICES,CDSL,"August 31, 2017"
Retailing,6797.0,-61.0,2017-08-31,SERVICES,CDSL,"August 31, 2017"
Telecom Services,40922.0,245.0,2017-08-31,TELECOM,CDSL,"August 31, 2017"
Telecommunications Equipment,359.0,7.0,2017-08-31,TELECOM,CDSL,"August 31, 2017"
"Textiles, Apparels & Accessories",30362.0,40.0,2017-08-31,TEXTILES,CDSL,"August 31, 2017"
Automobiles & Auto Components,179510.0,-627.0,2017-09-15,AUTO,CDSL,"September 15, 2017"
Capital Goods,131653.0,-1560.0,2017-09-15,CAPITAL_GOODS,CDSL,"September 15, 2017"
Consumer Durables,4144.0,25.0,2017-09-15,CAPITAL_GOODS,CDSL,"September 15, 2017"
General Industrials,20870.0,-314.0,2017-09-15,CAPITAL_GOODS,CDSL,"September 15, 2017"
Construction Materials,61176.0,-49.0,2017-09-15,CEMENT,CDSL,"September 15, 2017"
Chemicals & Petrochemicals,35422.0,-291.0,2017-09-15,CHEMICALS,CDSL,"September 15, 2017"
Forest Materials,1379.0,-67.0,2017-09-15,COMMODITIES,CDSL,"September 15, 2017"
Diversified,1955.0,4.0,2017-09-15,DIVERSIFIED,CDSL,"September 15, 2017"
Others,492164.0,1306.0,2017-09-15,DIVERSIFIED,CDSL,"September 15, 2017"
Coal,9528.0,-535.0,2017-09-15,ENERGY,CDSL,"September 15, 2017"
Oil & Gas,132721.0,-2034.0,2017-09-15,ENERGY,CDSL,"September 15, 2017"
Total  Financial Services,665018.0,1673.0,2017-09-15,FINANCIAL_SERVICES,CDSL,"September 15, 2017"
"Food, Beverages & Tobacco",102774.0,-527.0,2017-09-15,FMCG,CDSL,"September 15, 2017"
Household & Personal Products,89015.0,-533.0,2017-09-15,FMCG,CDSL,"September 15, 2017"
Healthcare Equipment & Supplies,0.0,0.0,2017-09-15,HEALTHCARE,CDSL,"September 15, 2017"
Healthcare Services,9757.0,-66.0,2017-09-15,HEALTHCARE,CDSL,"September 15, 2017"
Utilities,89927.0,465.0,2017-09-15,INFRASTRUCTURE,CDSL,"September 15, 2017"
Hardware Technology & Equipment,29.0,0.0,2017-09-15,IT,CDSL,"September 15, 2017"
Software & Services,218810.0,-6883.0,2017-09-15,IT,CDSL,"September 15, 2017"
Transportation,37927.0,-495.0,2017-09-15,LOGISTICS,CDSL,"September 15, 2017"
Media,34106.0,-944.0,2017-09-15,MEDIA,CDSL,"September 15, 2017"
Metals & Mining,58352.0,1230.0,2017-09-15,METAL,CDSL,"September 15, 2017"
Pharmaceuticals & Biotechnology,106235.0,-1671.0,2017-09-15,PHARMA,CDSL,"September 15, 2017"
Realty,22977.0,44.0,2017-09-15,REALTY,CDSL,"September 15, 2017"
Commercial Services & Supplies,7115.0,7.0,2017-09-15,SERVICES,CDSL,"September 15, 2017"
Diversified Consumer Services,235.0,-19.0,2017-09-15,SERVICES,CDSL,"September 15, 2017"
"Hotels, Restaurants & Tourism",7838.0,49.0,2017-09-15,SERVICES,CDSL,"September 15, 2017"
Retailing,7781.0,-75.0,2017-09-15,SERVICES,CDSL,"September 15, 2017"
Telecom Services,37584.0,-29.0,2017-09-15,TELECOM,CDSL,"September 15, 2017"
Telecommunications Equipment,519.0,71.0,2017-09-15,TELECOM,CDSL,"September 15, 2017"
"Textiles, Apparels & Accessories",31734.0,-115.0,2017-09-15,TEXTILES,CDSL,"September 15, 2017"
Automobiles & Auto Components,176003.0,-579.0,2017-09-30,AUTO,CDSL,"September 30, 2017"
Capital Goods,125751.0,-1897.0,2017-09-30,CAPITAL_GOODS,CDSL,"September 30, 2017"
Consumer Durables,4131.0,-14.0,2017-09-30,CAPITAL_GOODS,CDSL,"September 30, 2017"
General Industrials,16900.0,-127.0,2017-09-30,CAPITAL_GOODS,CDSL,"September 30, 2017"
Construction Materials,56704.0,-325.0,2017-09-30,CEMENT,CDSL,"September 30, 2017"
Chemicals & Petrochemicals,33722.0,-438.0,2017-09-30,CHEMICALS,CDSL,"September 30, 2017"
Forest Materials,1364.0,-54.0,2017-09-30,COMMODITIES,CDSL,"September 30, 2017"
Diversified,1901.0,2.0,2017-09-30,DIVERSIFIED,CDSL,"September 30, 2017"
Others,517781.0,2826.0,2017-09-30,DIVERSIFIED,CDSL,"September 30, 2017"
Coal,9639.0,-385.0,2017-09-30,ENERGY,CDSL,"September 30, 2017"
Oil & Gas,181014.0,-2995.0,2017-09-30,ENERGY,CDSL,"September 30, 2017"
Total  Financial Services,608359.0,-298.0,2017-09-30,FINANCIAL_SERVICES,CDSL,"September 30, 2017"
"Food, Beverages & Tobacco",97865.0,-1938.0,2017-09-30,FMCG,CDSL,"September 30, 2017"
Household & Personal Products,84908.0,-856.0,2017-09-30,FMCG,CDSL,"September 30, 2017"
Healthcare Equipment & Supplies,0.0,0.0,2017-09-30,HEALTHCARE,CDSL,"September 30, 2017"
Healthcare Services,9189.0,-37.0,2017-09-30,HEALTHCARE,CDSL,"September 30, 2017"
Utilities,88769.0,35.0,2017-09-30,INFRASTRUCTURE,CDSL,"September 30, 2017"
Hardware Technology & Equipment,40.0,13.0,2017-09-30,IT,CDSL,"September 30, 2017"
Software & Services,214738.0,-2954.0,2017-09-30,IT,CDSL,"September 30, 2017"
Transportation,35113.0,-1158.0,2017-09-30,LOGISTICS,CDSL,"September 30, 2017"
Media,33067.0,-454.0,2017-09-30,MEDIA,CDSL,"September 30, 2017"
Metals & Mining,56526.0,1497.0,2017-09-30,METAL,CDSL,"September 30, 2017"
Pharmaceuticals & Biotechnology,102779.0,-1670.0,2017-09-30,PHARMA,CDSL,"September 30, 2017"
Realty,22113.0,461.0,2017-09-30,REALTY,CDSL,"September 30, 2017"
Commercial Services & Supplies,6697.0,24.0,2017-09-30,SERVICES,CDSL,"September 30, 2017"
Diversified Consumer Services,234.0,-17.0,2017-09-30,SERVICES,CDSL,"September 30, 2017"
"Hotels, Restaurants & Tourism",8046.0,167.0,2017-09-30,SERVICES,CDSL,"September 30, 2017"
Retailing,7189.0,7.0,2017-09-30,SERVICES,CDSL,"September 30, 2017"
Telecom Services,36727.0,-410.0,2017-09-30,TELECOM,CDSL,"September 30, 2017"
Telecommunications Equipment,470.0,106.0,2017-09-30,TELECOM,CDSL,"September 30, 2017"
"Textiles, Apparels & Accessories",30625.0,78.0,2017-09-30,TEXTILES,CDSL,"September 30, 2017"
Automobiles & Auto Components,179054.0,582.0,2017-10-15,AUTO,CDSL,"October 15, 2017"
Capital Goods,129423.0,-1614.0,2017-10-15,CAPITAL_GOODS,CDSL,"October 15, 2017"
Consumer Durables,4157.0,-20.0,2017-10-15,CAPITAL_GOODS,CDSL,"October 15, 2017"
General Industrials,20498.0,-227.0,2017-10-15,CAPITAL_GOODS,CDSL,"October 15, 2017"
Construction Materials,58589.0,-528.0,2017-10-15,CEMENT,CDSL,"October 15, 2017"
Chemicals & Petrochemicals,35087.0,-709.0,2017-10-15,CHEMICALS,CDSL,"October 15, 2017"
Forest Materials,1354.0,-59.0,2017-10-15,COMMODITIES,CDSL,"October 15, 2017"
Diversified,1918.0,-8.0,2017-10-15,DIVERSIFIED,CDSL,"October 15, 2017"
Others,540035.0,4428.0,2017-10-15,DIVERSIFIED,CDSL,"October 15, 2017"
Coal,10641.0,209.0,2017-10-15,ENERGY,CDSL,"October 15, 2017"
Oil & Gas,197169.0,-1444.0,2017-10-15,ENERGY,CDSL,"October 15, 2017"
Total  Financial Services,627249.0,-3426.0,2017-10-15,FINANCIAL_SERVICES,CDSL,"October 15, 2017"
"Food, Beverages & Tobacco",99997.0,-1812.0,2017-10-15,FMCG,CDSL,"October 15, 2017"
Household & Personal Products,88421.0,-1141.0,2017-10-15,FMCG,CDSL,"October 15, 2017"
Healthcare Equipment & Supplies,0.0,0.0,2017-10-15,HEALTHCARE,CDSL,"October 15, 2017"
Healthcare Services,9781.0,43.0,2017-10-15,HEALTHCARE,CDSL,"October 15, 2017"
Utilities,91172.0,304.0,2017-10-15,INFRASTRUCTURE,CDSL,"October 15, 2017"
Hardware Technology & Equipment,42.0,12.0,2017-10-15,IT,CDSL,"October 15, 2017"
Software & Services,222745.0,-2069.0,2017-10-15,IT,CDSL,"October 15, 2017"
Transportation,36430.0,-1294.0,2017-10-15,LOGISTICS,CDSL,"October 15, 2017"
Media,32398.0,-383.0,2017-10-15,MEDIA,CDSL,"October 15, 2017"
Metals & Mining,60993.0,701.0,2017-10-15,METAL,CDSL,"October 15, 2017"
Pharmaceuticals & Biotechnology,105829.0,-1332.0,2017-10-15,PHARMA,CDSL,"October 15, 2017"
Realty,22778.0,14.0,2017-10-15,REALTY,CDSL,"October 15, 2017"
Commercial Services & Supplies,6763.0,-56.0,2017-10-15,SERVICES,CDSL,"October 15, 2017"
Diversified Consumer Services,251.0,-2.0,2017-10-15,SERVICES,CDSL,"October 15, 2017"
"Hotels, Restaurants & Tourism",8128.0,88.0,2017-10-15,SERVICES,CDSL,"October 15, 2017"
Retailing,7517.0,3.0,2017-10-15,SERVICES,CDSL,"October 15, 2017"
Telecom Services,39392.0,-341.0,2017-10-15,TELECOM,CDSL,"October 15, 2017"
Telecommunications Equipment,478.0,38.0,2017-10-15,TELECOM,CDSL,"October 15, 2017"
"Textiles, Apparels & Accessories",31840.0,-41.0,2017-10-15,TEXTILES,CDSL,"October 15, 2017"
Automobiles & Auto Components,183429.0,240.0,2017-10-31,AUTO,CDSL,"October 31, 2017"
Capital Goods,134827.0,-279.0,2017-10-31,CAPITAL_GOODS,CDSL,"October 31, 2017"
Consumer Durables,4364.0,-24.0,2017-10-31,CAPITAL_GOODS,CDSL,"October 31, 2017"
General Industrials,21295.0,-44.0,2017-10-31,CAPITAL_GOODS,CDSL,"October 31, 2017"
Construction Materials,62378.0,64.0,2017-10-31,CEMENT,CDSL,"October 31, 2017"
Chemicals & Petrochemicals,35560.0,-639.0,2017-10-31,CHEMICALS,CDSL,"October 31, 2017"
Forest Materials,1459.0,-39.0,2017-10-31,COMMODITIES,CDSL,"October 31, 2017"
Diversified,1948.0,-6.0,2017-10-31,DIVERSIFIED,CDSL,"October 31, 2017"
Others,554555.0,8046.0,2017-10-31,DIVERSIFIED,CDSL,"October 31, 2017"
Coal,10911.0,620.0,2017-10-31,ENERGY,CDSL,"October 31, 2017"
Oil & Gas,211714.0,1678.0,2017-10-31,ENERGY,CDSL,"October 31, 2017"
Total  Financial Services,607869.0,-3686.0,2017-10-31,FINANCIAL_SERVICES,CDSL,"October 31, 2017"
"Food, Beverages & Tobacco",103125.0,-782.0,2017-10-31,FMCG,CDSL,"October 31, 2017"
Household & Personal Products,88284.0,-553.0,2017-10-31,FMCG,CDSL,"October 31, 2017"
Healthcare Equipment & Supplies,0.0,0.0,2017-10-31,HEALTHCARE,CDSL,"October 31, 2017"
Healthcare Services,9382.0,-9.0,2017-10-31,HEALTHCARE,CDSL,"October 31, 2017"
Utilities,96034.0,1702.0,2017-10-31,INFRASTRUCTURE,CDSL,"October 31, 2017"
Hardware Technology & Equipment,41.0,-1.0,2017-10-31,IT,CDSL,"October 31, 2017"
Software & Services,221954.0,-1287.0,2017-10-31,IT,CDSL,"October 31, 2017"
Transportation,37481.0,-986.0,2017-10-31,LOGISTICS,CDSL,"October 31, 2017"
Media,33610.0,-842.0,2017-10-31,MEDIA,CDSL,"October 31, 2017"
Metals & Mining,63650.0,1415.0,2017-10-31,METAL,CDSL,"October 31, 2017"
Pharmaceuticals & Biotechnology,107385.0,-623.0,2017-10-31,PHARMA,CDSL,"October 31, 2017"
Realty,24238.0,-588.0,2017-10-31,REALTY,CDSL,"October 31, 2017"
Commercial Services & Supplies,7416.0,44.0,2017-10-31,SERVICES,CDSL,"October 31, 2017"
Diversified Consumer Services,249.0,3.0,2017-10-31,SERVICES,CDSL,"October 31, 2017"
"Hotels, Restaurants & Tourism",8619.0,115.0,2017-10-31,SERVICES,CDSL,"October 31, 2017"
Retailing,7799.0,90.0,2017-10-31,SERVICES,CDSL,"October 31, 2017"
Telecom Services,44945.0,-433.0,2017-10-31,TELECOM,CDSL,"October 31, 2017"
Telecommunications Equipment,540.0,-8.0,2017-10-31,TELECOM,CDSL,"October 31, 2017"
"Textiles, Apparels & Accessories",32378.0,-137.0,2017-10-31,TEXTILES,CDSL,"October 31, 2017"
Automobiles & Auto Components,181940.0,11.0,2017-11-15,AUTO,CDSL,"November 15, 2017"
Capital Goods,128547.0,-600.0,2017-11-15,CAPITAL_GOODS,CDSL,"November 15, 2017"
Consumer Durables,4279.0,1.0,2017-11-15,CAPITAL_GOODS,CDSL,"November 15, 2017"
General Industrials,20711.0,-168.0,2017-11-15,CAPITAL_GOODS,CDSL,"November 15, 2017"
Construction Materials,60992.0,328.0,2017-11-15,CEMENT,CDSL,"November 15, 2017"
Chemicals & Petrochemicals,33414.0,-830.0,2017-11-15,CHEMICALS,CDSL,"November 15, 2017"
Forest Materials,1413.0,14.0,2017-11-15,COMMODITIES,CDSL,"November 15, 2017"
Diversified,2092.0,-10.0,2017-11-15,DIVERSIFIED,CDSL,"November 15, 2017"
Others,561474.0,14692.0,2017-11-15,DIVERSIFIED,CDSL,"November 15, 2017"
Coal,10432.0,287.0,2017-11-15,ENERGY,CDSL,"November 15, 2017"
Oil & Gas,197434.0,836.0,2017-11-15,ENERGY,CDSL,"November 15, 2017"
Total  Financial Services,592748.0,-3938.0,2017-11-15,FINANCIAL_SERVICES,CDSL,"November 15, 2017"
"Food, Beverages & Tobacco",101215.0,-240.0,2017-11-15,FMCG,CDSL,"November 15, 2017"
Household & Personal Products,87503.0,-260.0,2017-11-15,FMCG,CDSL,"November 15, 2017"
Healthcare Equipment & Supplies,0.0,0.0,2017-11-15,HEALTHCARE,CDSL,"November 15, 2017"
Healthcare Services,8924.0,-213.0,2017-11-15,HEALTHCARE,CDSL,"November 15, 2017"
Utilities,87241.0,1519.0,2017-11-15,INFRASTRUCTURE,CDSL,"November 15, 2017"
Hardware Technology & Equipment,40.0,-1.0,2017-11-15,IT,CDSL,"November 15, 2017"
Software & Services,228264.0,645.0,2017-11-15,IT,CDSL,"November 15, 2017"
Transportation,35017.0,-1314.0,2017-11-15,LOGISTICS,CDSL,"November 15, 2017"
Media,33129.0,-643.0,2017-11-15,MEDIA,CDSL,"November 15, 2017"
Metals & Mining,59171.0,1068.0,2017-11-15,METAL,CDSL,"November 15, 2017"
Pharmaceuticals & Biotechnology,99463.0,-1068.0,2017-11-15,PHARMA,CDSL,"November 15, 2017"
Realty,23566.0,-65.0,2017-11-15,REALTY,CDSL,"November 15, 2017"
Commercial Services & Supplies,8545.0,585.0,2017-11-15,SERVICES,CDSL,"November 15, 2017"
Diversified Consumer Services,242.0,4.0,2017-11-15,SERVICES,CDSL,"November 15, 2017"
"Hotels, Restaurants & Tourism",9004.0,394.0,2017-11-15,SERVICES,CDSL,"November 15, 2017"
Retailing,8079.0,167.0,2017-11-15,SERVICES,CDSL,"November 15, 2017"
Telecom Services,50131.0,5744.0,2017-11-15,TELECOM,CDSL,"November 15, 2017"
Telecommunications Equipment,485.0,-5.0,2017-11-15,TELECOM,CDSL,"November 15, 2017"
"Textiles, Apparels & Accessories",36195.0,117.0,2017-11-15,TEXTILES,CDSL,"November 15, 2017"
Automobiles & Auto Components,188016.0,940.0,2017-11-30,AUTO,CDSL,"November 30, 2017"
Capital Goods,129537.0,-1932.0,2017-11-30,CAPITAL_GOODS,CDSL,"November 30, 2017"
Consumer Durables,4506.0,-178.0,2017-11-30,CAPITAL_GOODS,CDSL,"November 30, 2017"
General Industrials,21345.0,-186.0,2017-11-30,CAPITAL_GOODS,CDSL,"November 30, 2017"
Construction Materials,59339.0,85.0,2017-11-30,CEMENT,CDSL,"November 30, 2017"
Chemicals & Petrochemicals,34378.0,-530.0,2017-11-30,CHEMICALS,CDSL,"November 30, 2017"
Forest Materials,1548.0,-1.0,2017-11-30,COMMODITIES,CDSL,"November 30, 2017"
Diversified,2148.0,85.0,2017-11-30,DIVERSIFIED,CDSL,"November 30, 2017"
Others,582897.0,18655.0,2017-11-30,DIVERSIFIED,CDSL,"November 30, 2017"
Coal,10453.0,-42.0,2017-11-30,ENERGY,CDSL,"November 30, 2017"
Oil & Gas,204719.0,232.0,2017-11-30,ENERGY,CDSL,"November 30, 2017"
Total  Financial Services,604234.0,-1523.0,2017-11-30,FINANCIAL_SERVICES,CDSL,"November 30, 2017"
"Food, Beverages & Tobacco",103593.0,-61.0,2017-11-30,FMCG,CDSL,"November 30, 2017"
Household & Personal Products,89661.0,-624.0,2017-11-30,FMCG,CDSL,"November 30, 2017"
Healthcare Equipment & Supplies,0.0,0.0,2017-11-30,HEALTHCARE,CDSL,"November 30, 2017"
Healthcare Services,9631.0,-203.0,2017-11-30,HEALTHCARE,CDSL,"November 30, 2017"
Utilities,90467.0,812.0,2017-11-30,INFRASTRUCTURE,CDSL,"November 30, 2017"
Hardware Technology & Equipment,44.0,-2.0,2017-11-30,IT,CDSL,"November 30, 2017"
Software & Services,228013.0,101.0,2017-11-30,IT,CDSL,"November 30, 2017"
Transportation,34244.0,-1482.0,2017-11-30,LOGISTICS,CDSL,"November 30, 2017"
Media,35125.0,38.0,2017-11-30,MEDIA,CDSL,"November 30, 2017"
Metals & Mining,59271.0,-20.0,2017-11-30,METAL,CDSL,"November 30, 2017"
Pharmaceuticals & Biotechnology,102507.0,-895.0,2017-11-30,PHARMA,CDSL,"November 30, 2017"
Realty,25916.0,-16.0,2017-11-30,REALTY,CDSL,"November 30, 2017"
Commercial Services & Supplies,8677.0,465.0,2017-11-30,SERVICES,CDSL,"November 30, 2017"
Diversified Consumer Services,243.0,1.0,2017-11-30,SERVICES,CDSL,"November 30, 2017"
"Hotels, Restaurants & Tourism",9444.0,240.0,2017-11-30,SERVICES,CDSL,"November 30, 2017"
Retailing,8474.0,151.0,2017-11-30,SERVICES,CDSL,"November 30, 2017"
Telecom Services,50256.0,5267.0,2017-11-30,TELECOM,CDSL,"November 30, 2017"
Telecommunications Equipment,515.0,0.0,2017-11-30,TELECOM,CDSL,"November 30, 2017"
"Textiles, Apparels & Accessories",37699.0,353.0,2017-11-30,TEXTILES,CDSL,"November 30, 2017"
Automobiles & Auto Components,192983.0,16.0,2017-12-15,AUTO,CDSL,"December 15, 2017"
Capital Goods,127541.0,-2218.0,2017-12-15,CAPITAL_GOODS,CDSL,"December 15, 2017"
Consumer Durables,4437.0,-319.0,2017-12-15,CAPITAL_GOODS,CDSL,"December 15, 2017"
General Industrials,21383.0,-56.0,2017-12-15,CAPITAL_GOODS,CDSL,"December 15, 2017"
Construction Materials,60043.0,-559.0,2017-12-15,CEMENT,CDSL,"December 15, 2017"
Chemicals & Petrochemicals,34433.0,168.0,2017-12-15,CHEMICALS,CDSL,"December 15, 2017"
Forest Materials,1688.0,19.0,2017-12-15,COMMODITIES,CDSL,"December 15, 2017"
Diversified,2240.0,130.0,2017-12-15,DIVERSIFIED,CDSL,"December 15, 2017"
Others,581863.0,10977.0,2017-12-15,DIVERSIFIED,CDSL,"December 15, 2017"
Coal,10202.0,-187.0,2017-12-15,ENERGY,CDSL,"December 15, 2017"
Oil & Gas,206758.0,862.0,2017-12-15,ENERGY,CDSL,"December 15, 2017"
Total  Financial Services,612007.0,-473.0,2017-12-15,FINANCIAL_SERVICES,CDSL,"December 15, 2017"
"Food, Beverages & Tobacco",105678.0,16.0,2017-12-15,FMCG,CDSL,"December 15, 2017"
Household & Personal Products,91455.0,-555.0,2017-12-15,FMCG,CDSL,"December 15, 2017"
Healthcare Equipment & Supplies,0.0,0.0,2017-12-15,HEALTHCARE,CDSL,"December 15, 2017"
Healthcare Services,10098.0,67.0,2017-12-15,HEALTHCARE,CDSL,"December 15, 2017"
Utilities,89300.0,606.0,2017-12-15,INFRASTRUCTURE,CDSL,"December 15, 2017"
Hardware Technology & Equipment,41.0,-1.0,2017-12-15,IT,CDSL,"December 15, 2017"
Software & Services,221909.0,-782.0,2017-12-15,IT,CDSL,"December 15, 2017"
Transportation,33175.0,-1550.0,2017-12-15,LOGISTICS,CDSL,"December 15, 2017"
Media,35241.0,-76.0,2017-12-15,MEDIA,CDSL,"December 15, 2017"
Metals & Mining,58742.0,-394.0,2017-12-15,METAL,CDSL,"December 15, 2017"
Pharmaceuticals & Biotechnology,102842.0,80.0,2017-12-15,PHARMA,CDSL,"December 15, 2017"
Realty,25023.0,-505.0,2017-12-15,REALTY,CDSL,"December 15, 2017"
Commercial Services & Supplies,8829.0,117.0,2017-12-15,SERVICES,CDSL,"December 15, 2017"
Diversified Consumer Services,237.0,0.0,2017-12-15,SERVICES,CDSL,"December 15, 2017"
"Hotels, Restaurants & Tourism",9114.0,-65.0,2017-12-15,SERVICES,CDSL,"December 15, 2017"
Retailing,8303.0,90.0,2017-12-15,SERVICES,CDSL,"December 15, 2017"
Telecom Services,52032.0,-605.0,2017-12-15,TELECOM,CDSL,"December 15, 2017"
Telecommunications Equipment,518.0,-3.0,2017-12-15,TELECOM,CDSL,"December 15, 2017"
"Textiles, Apparels & Accessories",38367.0,185.0,2017-12-15,TEXTILES,CDSL,"December 15, 2017"
Automobiles & Auto Components,201104.0,-646.0,2017-12-31,AUTO,CDSL,"December 31, 2017"
Capital Goods,134474.0,-497.0,2017-12-31,CAPITAL_GOODS,CDSL,"December 31, 2017"
Consumer Durables,4641.0,-156.0,2017-12-31,CAPITAL_GOODS,CDSL,"December 31, 2017"
General Industrials,22739.0,6.0,2017-12-31,CAPITAL_GOODS,CDSL,"December 31, 2017"
Construction Materials,60992.0,-639.0,2017-12-31,CEMENT,CDSL,"December 31, 2017"
Chemicals & Petrochemicals,35914.0,-84.0,2017-12-31,CHEMICALS,CDSL,"December 31, 2017"
Forest Materials,1793.0,59.0,2017-12-31,COMMODITIES,CDSL,"December 31, 2017"
Diversified,2560.0,35.0,2017-12-31,DIVERSIFIED,CDSL,"December 31, 2017"
Others,594677.0,-2024.0,2017-12-31,DIVERSIFIED,CDSL,"December 31, 2017"
Coal,9768.0,-209.0,2017-12-31,ENERGY,CDSL,"December 31, 2017"
Oil & Gas,206497.0,333.0,2017-12-31,ENERGY,CDSL,"December 31, 2017"
Total  Financial Services,612588.0,3577.0,2017-12-31,FINANCIAL_SERVICES,CDSL,"December 31, 2017"
"Food, Beverages & Tobacco",107024.0,180.0,2017-12-31,FMCG,CDSL,"December 31, 2017"
Household & Personal Products,93683.0,-175.0,2017-12-31,FMCG,CDSL,"December 31, 2017"
Healthcare Equipment & Supplies,1.0,0.0,2017-12-31,HEALTHCARE,CDSL,"December 31, 2017"
Healthcare Services,10652.0,196.0,2017-12-31,HEALTHCARE,CDSL,"December 31, 2017"
Utilities,92705.0,685.0,2017-12-31,INFRASTRUCTURE,CDSL,"December 31, 2017"
Hardware Technology & Equipment,42.0,-1.0,2017-12-31,IT,CDSL,"December 31, 2017"
Software & Services,237103.0,-6085.0,2017-12-31,IT,CDSL,"December 31, 2017"
Transportation,33962.0,-1134.0,2017-12-31,LOGISTICS,CDSL,"December 31, 2017"
Media,36461.0,-61.0,2017-12-31,MEDIA,CDSL,"December 31, 2017"
Metals & Mining,65490.0,238.0,2017-12-31,METAL,CDSL,"December 31, 2017"
Pharmaceuticals & Biotechnology,108614.0,708.0,2017-12-31,PHARMA,CDSL,"December 31, 2017"
Realty,27062.0,-352.0,2017-12-31,REALTY,CDSL,"December 31, 2017"
Commercial Services & Supplies,9365.0,175.0,2017-12-31,SERVICES,CDSL,"December 31, 2017"
Diversified Consumer Services,245.0,1.0,2017-12-31,SERVICES,CDSL,"December 31, 2017"
"Hotels, Restaurants & Tourism",9430.0,72.0,2017-12-31,SERVICES,CDSL,"December 31, 2017"
Retailing,9150.0,80.0,2017-12-31,SERVICES,CDSL,"December 31, 2017"
Telecom Services,54391.0,-225.0,2017-12-31,TELECOM,CDSL,"December 31, 2017"
Telecommunications Equipment,543.0,0.0,2017-12-31,TELECOM,CDSL,"December 31, 2017"
"Textiles, Apparels & Accessories",40716.0,60.0,2017-12-31,TEXTILES,CDSL,"December 31, 2017"
Automobiles & Auto Components,196658.0,-774.0,2018-01-15,AUTO,CDSL,"January 15, 2018"
Capital Goods,136613.0,820.0,2018-01-15,CAPITAL_GOODS,CDSL,"January 15, 2018"
Consumer Durables,4789.0,58.0,2018-01-15,CAPITAL_GOODS,CDSL,"January 15, 2018"
General Industrials,23352.0,260.0,2018-01-15,CAPITAL_GOODS,CDSL,"January 15, 2018"
Construction Materials,63291.0,-176.0,2018-01-15,CEMENT,CDSL,"January 15, 2018"
Chemicals & Petrochemicals,37464.0,-152.0,2018-01-15,CHEMICALS,CDSL,"January 15, 2018"
Forest Materials,1964.0,67.0,2018-01-15,COMMODITIES,CDSL,"January 15, 2018"
Diversified,2479.0,14.0,2018-01-15,DIVERSIFIED,CDSL,"January 15, 2018"
Others,620579.0,-1175.0,2018-01-15,DIVERSIFIED,CDSL,"January 15, 2018"
Coal,11014.0,-374.0,2018-01-15,ENERGY,CDSL,"January 15, 2018"
Oil & Gas,209945.0,1209.0,2018-01-15,ENERGY,CDSL,"January 15, 2018"
Total  Financial Services,639129.0,3878.0,2018-01-15,FINANCIAL_SERVICES,CDSL,"January 15, 2018"
"Food, Beverages & Tobacco",108389.0,-292.0,2018-01-15,FMCG,CDSL,"January 15, 2018"
Household & Personal Products,93993.0,-96.0,2018-01-15,FMCG,CDSL,"January 15, 2018"
Healthcare Equipment & Supplies,1.0,0.0,2018-01-15,HEALTHCARE,CDSL,"January 15, 2018"
Healthcare Services,10307.0,83.0,2018-01-15,HEALTHCARE,CDSL,"January 15, 2018"
Utilities,92872.0,572.0,2018-01-15,INFRASTRUCTURE,CDSL,"January 15, 2018"
Hardware Technology & Equipment,47.0,-5.0,2018-01-15,IT,CDSL,"January 15, 2018"
Software & Services,240459.0,-5361.0,2018-01-15,IT,CDSL,"January 15, 2018"
Transportation,35375.0,-437.0,2018-01-15,LOGISTICS,CDSL,"January 15, 2018"
Media,37590.0,-753.0,2018-01-15,MEDIA,CDSL,"January 15, 2018"
Metals & Mining,69276.0,1534.0,2018-01-15,METAL,CDSL,"January 15, 2018"
Pharmaceuticals & Biotechnology,109384.0,688.0,2018-01-15,PHARMA,CDSL,"January 15, 2018"
Realty,27927.0,-548.0,2018-01-15,REALTY,CDSL,"January 15, 2018"
Commercial Services & Supplies,10325.0,68.0,2018-01-15,SERVICES,CDSL,"January 15, 2018"
Diversified Consumer Services,260.0,4.0,2018-01-15,SERVICES,CDSL,"January 15, 2018"
"Hotels, Restaurants & Tourism",10351.0,96.0,2018-01-15,SERVICES,CDSL,"January 15, 2018"
Retailing,9186.0,70.0,2018-01-15,SERVICES,CDSL,"January 15, 2018"
Telecom Services,51977.0,-379.0,2018-01-15,TELECOM,CDSL,"January 15, 2018"
Telecommunications Equipment,594.0,-2.0,2018-01-15,TELECOM,CDSL,"January 15, 2018"
"Textiles, Apparels & Accessories",41139.0,-120.0,2018-01-15,TEXTILES,CDSL,"January 15, 2018"
Automobiles & Auto Components,197567.0,81.0,2018-01-31,AUTO,CDSL,"January 31, 2018"
Capital Goods,134955.0,1020.0,2018-01-31,CAPITAL_GOODS,CDSL,"January 31, 2018"
Consumer Durables,4414.0,43.0,2018-01-31,CAPITAL_GOODS,CDSL,"January 31, 2018"
General Industrials,22349.0,352.0,2018-01-31,CAPITAL_GOODS,CDSL,"January 31, 2018"
Construction Materials,60274.0,385.0,2018-01-31,CEMENT,CDSL,"January 31, 2018"
Chemicals & Petrochemicals,35985.0,283.0,2018-01-31,CHEMICALS,CDSL,"January 31, 2018"
Forest Materials,1790.0,75.0,2018-01-31,COMMODITIES,CDSL,"January 31, 2018"
Diversified,2572.0,65.0,2018-01-31,DIVERSIFIED,CDSL,"January 31, 2018"
Others,622673.0,5159.0,2018-01-31,DIVERSIFIED,CDSL,"January 31, 2018"
Coal,10889.0,-79.0,2018-01-31,ENERGY,CDSL,"January 31, 2018"
Oil & Gas,212510.0,568.0,2018-01-31,ENERGY,CDSL,"January 31, 2018"
Total  Financial Services,661157.0,2859.0,2018-01-31,FINANCIAL_SERVICES,CDSL,"January 31, 2018"
"Food, Beverages & Tobacco",106613.0,-419.0,2018-01-31,FMCG,CDSL,"January 31, 2018"
Household & Personal Products,94235.0,263.0,2018-01-31,FMCG,CDSL,"January 31, 2018"
Healthcare Equipment & Supplies,1.0,0.0,2018-01-31,HEALTHCARE,CDSL,"January 31, 2018"
Healthcare Services,9975.0,-102.0,2018-01-31,HEALTHCARE,CDSL,"January 31, 2018"
Utilities,88351.0,-1028.0,2018-01-31,INFRASTRUCTURE,CDSL,"January 31, 2018"
Hardware Technology & Equipment,45.0,-3.0,2018-01-31,IT,CDSL,"January 31, 2018"
Software & Services,263960.0,2915.0,2018-01-31,IT,CDSL,"January 31, 2018"
Transportation,34671.0,-162.0,2018-01-31,LOGISTICS,CDSL,"January 31, 2018"
Media,36347.0,-441.0,2018-01-31,MEDIA,CDSL,"January 31, 2018"
Metals & Mining,67085.0,1897.0,2018-01-31,METAL,CDSL,"January 31, 2018"
Pharmaceuticals & Biotechnology,107846.0,884.0,2018-01-31,PHARMA,CDSL,"January 31, 2018"
Realty,26283.0,-554.0,2018-01-31,REALTY,CDSL,"January 31, 2018"
Commercial Services & Supplies,10859.0,351.0,2018-01-31,SERVICES,CDSL,"January 31, 2018"
Diversified Consumer Services,251.0,6.0,2018-01-31,SERVICES,CDSL,"January 31, 2018"
"Hotels, Restaurants & Tourism",10653.0,287.0,2018-01-31,SERVICES,CDSL,"January 31, 2018"
Retailing,9416.0,285.0,2018-01-31,SERVICES,CDSL,"January 31, 2018"
Telecom Services,44843.0,-846.0,2018-01-31,TELECOM,CDSL,"January 31, 2018"
Telecommunications Equipment,503.0,-3.0,2018-01-31,TELECOM,CDSL,"January 31, 2018"
"Textiles, Apparels & Accessories",38253.0,-360.0,2018-01-31,TEXTILES,CDSL,"January 31, 2018"
Automobiles & Auto Components,189445.0,384.0,2018-02-15,AUTO,CDSL,"February 15, 2018"
Capital Goods,132075.0,680.0,2018-02-15,CAPITAL_GOODS,CDSL,"February 15, 2018"
Consumer Durables,4288.0,-69.0,2018-02-15,CAPITAL_GOODS,CDSL,"February 15, 2018"
General Industrials,21963.0,156.0,2018-02-15,CAPITAL_GOODS,CDSL,"February 15, 2018"
Construction Materials,57877.0,175.0,2018-02-15,CEMENT,CDSL,"February 15, 2018"
Chemicals & Petrochemicals,34528.0,140.0,2018-02-15,CHEMICALS,CDSL,"February 15, 2018"
Forest Materials,1777.0,68.0,2018-02-15,COMMODITIES,CDSL,"February 15, 2018"
Diversified,2756.0,87.0,2018-02-15,DIVERSIFIED,CDSL,"February 15, 2018"
Others,588358.0,3029.0,2018-02-15,DIVERSIFIED,CDSL,"February 15, 2018"
Coal,10934.0,-101.0,2018-02-15,ENERGY,CDSL,"February 15, 2018"
Oil & Gas,203728.0,-1083.0,2018-02-15,ENERGY,CDSL,"February 15, 2018"
Total  Financial Services,625563.0,2407.0,2018-02-15,FINANCIAL_SERVICES,CDSL,"February 15, 2018"
"Food, Beverages & Tobacco",104963.0,-448.0,2018-02-15,FMCG,CDSL,"February 15, 2018"
Household & Personal Products,92201.0,-169.0,2018-02-15,FMCG,CDSL,"February 15, 2018"
Healthcare Equipment & Supplies,1.0,0.0,2018-02-15,HEALTHCARE,CDSL,"February 15, 2018"
Healthcare Services,10415.0,1.0,2018-02-15,HEALTHCARE,CDSL,"February 15, 2018"
Utilities,84873.0,-2792.0,2018-02-15,INFRASTRUCTURE,CDSL,"February 15, 2018"
Hardware Technology & Equipment,53.0,4.0,2018-02-15,IT,CDSL,"February 15, 2018"
Software & Services,251606.0,1883.0,2018-02-15,IT,CDSL,"February 15, 2018"
Transportation,33200.0,-214.0,2018-02-15,LOGISTICS,CDSL,"February 15, 2018"
Media,34989.0,424.0,2018-02-15,MEDIA,CDSL,"February 15, 2018"
Metals & Mining,65629.0,881.0,2018-02-15,METAL,CDSL,"February 15, 2018"
Pharmaceuticals & Biotechnology,104900.0,-383.0,2018-02-15,PHARMA,CDSL,"February 15, 2018"
Realty,25026.0,-73.0,2018-02-15,REALTY,CDSL,"February 15, 2018"
Commercial Services & Supplies,10708.0,430.0,2018-02-15,SERVICES,CDSL,"February 15, 2018"
Diversified Consumer Services,253.0,3.0,2018-02-15,SERVICES,CDSL,"February 15, 2018"
"Hotels, Restaurants & Tourism",10619.0,419.0,2018-02-15,SERVICES,CDSL,"February 15, 2018"
Retailing,8769.0,184.0,2018-02-15,SERVICES,CDSL,"February 15, 2018"
Telecom Services,43089.0,-745.0,2018-02-15,TELECOM,CDSL,"February 15, 2018"
Telecommunications Equipment,484.0,-6.0,2018-02-15,TELECOM,CDSL,"February 15, 2018"
"Textiles, Apparels & Accessories",37147.0,-344.0,2018-02-15,TEXTILES,CDSL,"February 15, 2018"
Automobiles & Auto Components,184656.0,-2324.0,2018-02-28,AUTO,CDSL,"February 28, 2018"
Capital Goods,128928.0,-1213.0,2018-02-28,CAPITAL_GOODS,CDSL,"February 28, 2018"
Consumer Durables,4292.0,-74.0,2018-02-28,CAPITAL_GOODS,CDSL,"February 28, 2018"
General Industrials,21895.0,33.0,2018-02-28,CAPITAL_GOODS,CDSL,"February 28, 2018"
Construction Materials,56893.0,-456.0,2018-02-28,CEMENT,CDSL,"February 28, 2018"
Chemicals & Petrochemicals,34261.0,-542.0,2018-02-28,CHEMICALS,CDSL,"February 28, 2018"
Forest Materials,1747.0,10.0,2018-02-28,COMMODITIES,CDSL,"February 28, 2018"
Diversified,2815.0,57.0,2018-02-28,DIVERSIFIED,CDSL,"February 28, 2018"
Others,576251.0,-3275.0,2018-02-28,DIVERSIFIED,CDSL,"February 28, 2018"
Coal,11057.0,-197.0,2018-02-28,ENERGY,CDSL,"February 28, 2018"
Oil & Gas,203586.0,-1732.0,2018-02-28,ENERGY,CDSL,"February 28, 2018"
Total  Financial Services,630236.0,4005.0,2018-02-28,FINANCIAL_SERVICES,CDSL,"February 28, 2018"
"Food, Beverages & Tobacco",104634.0,-300.0,2018-02-28,FMCG,CDSL,"February 28, 2018"
Household & Personal Products,90422.0,-1224.0,2018-02-28,FMCG,CDSL,"February 28, 2018"
Healthcare Equipment & Supplies,1.0,0.0,2018-02-28,HEALTHCARE,CDSL,"February 28, 2018"
Healthcare Services,11258.0,652.0,2018-02-28,HEALTHCARE,CDSL,"February 28, 2018"
Utilities,82970.0,-2894.0,2018-02-28,INFRASTRUCTURE,CDSL,"February 28, 2018"
Hardware Technology & Equipment,58.0,8.0,2018-02-28,IT,CDSL,"February 28, 2018"
Software & Services,260773.0,-450.0,2018-02-28,IT,CDSL,"February 28, 2018"
Transportation,32559.0,-347.0,2018-02-28,LOGISTICS,CDSL,"February 28, 2018"
Media,34296.0,-239.0,2018-02-28,MEDIA,CDSL,"February 28, 2018"
Metals & Mining,64610.0,189.0,2018-02-28,METAL,CDSL,"February 28, 2018"
Pharmaceuticals & Biotechnology,102455.0,-1692.0,2018-02-28,PHARMA,CDSL,"February 28, 2018"
Realty,24851.0,-157.0,2018-02-28,REALTY,CDSL,"February 28, 2018"
Commercial Services & Supplies,10284.0,187.0,2018-02-28,SERVICES,CDSL,"February 28, 2018"
Diversified Consumer Services,231.0,1.0,2018-02-28,SERVICES,CDSL,"February 28, 2018"
"Hotels, Restaurants & Tourism",10672.0,123.0,2018-02-28,SERVICES,CDSL,"February 28, 2018"
Retailing,8778.0,-62.0,2018-02-28,SERVICES,CDSL,"February 28, 2018"
Telecom Services,44382.0,1288.0,2018-02-28,TELECOM,CDSL,"February 28, 2018"
Telecommunications Equipment,487.0,-4.0,2018-02-28,TELECOM,CDSL,"February 28, 2018"
"Textiles, Apparels & Accessories",36995.0,-408.0,2018-02-28,TEXTILES,CDSL,"February 28, 2018"
Automobiles & Auto Components,213564.0,-2813.0,2018-03-15,AUTO,CDSL,"March 15, 2018"
Capital Goods,119712.0,-919.0,2018-03-15,CAPITAL_GOODS,CDSL,"March 15, 2018"
Consumer Durables,39148.0,-145.0,2018-03-15,CAPITAL_GOODS,CDSL,"March 15, 2018"
General Industrials,22811.0,-80.0,2018-03-15,CAPITAL_GOODS,CDSL,"March 15, 2018"
Construction Materials,75585.0,-293.0,2018-03-15,CEMENT,CDSL,"March 15, 2018"
Chemicals & Petrochemicals,37491.0,-401.0,2018-03-15,CHEMICALS,CDSL,"March 15, 2018"
Forest Materials,2242.0,4.0,2018-03-15,COMMODITIES,CDSL,"March 15, 2018"
Diversified,2714.0,31.0,2018-03-15,DIVERSIFIED,CDSL,"March 15, 2018"
Others,37826.0,-1972.0,2018-03-15,DIVERSIFIED,CDSL,"March 15, 2018"
Coal,10316.0,-271.0,2018-03-15,ENERGY,CDSL,"March 15, 2018"
Oil & Gas,205681.0,-1764.0,2018-03-15,ENERGY,CDSL,"March 15, 2018"
Total  Financial Services,921017.0,6478.0,2018-03-15,FINANCIAL_SERVICES,CDSL,"March 15, 2018"
Insurance,7819.0,-65.0,2018-03-15,FINANCIAL_SERVICES,CDSL,"March 15, 2018"
Food & Drugs Retailing,0.0,0.0,2018-03-15,FMCG,CDSL,"March 15, 2018"
"Food, Beverages & Tobacco",111292.0,870.0,2018-03-15,FMCG,CDSL,"March 15, 2018"
Household & Personal Products,89213.0,-1682.0,2018-03-15,FMCG,CDSL,"March 15, 2018"
Healthcare Equipment & Supplies,121.0,0.0,2018-03-15,HEALTHCARE,CDSL,"March 15, 2018"
Healthcare Services,13861.0,1202.0,2018-03-15,HEALTHCARE,CDSL,"March 15, 2018"
Utilities,81888.0,-1590.0,2018-03-15,INFRASTRUCTURE,CDSL,"March 15, 2018"
Hardware Technology & Equipment,78.0,5.0,2018-03-15,IT,CDSL,"March 15, 2018"
Software & Services,288329.0,3993.0,2018-03-15,IT,CDSL,"March 15, 2018"
Transportation,39957.0,126.0,2018-03-15,LOGISTICS,CDSL,"March 15, 2018"
Media,37120.0,-355.0,2018-03-15,MEDIA,CDSL,"March 15, 2018"
Metals & Mining,74741.0,390.0,2018-03-15,METAL,CDSL,"March 15, 2018"
Pharmaceuticals & Biotechnology,114277.0,-399.0,2018-03-15,PHARMA,CDSL,"March 15, 2018"
Real Estate Investment,0.0,0.0,2018-03-15,REALTY,CDSL,"March 15, 2018"
Realty,27389.0,-287.0,2018-03-15,REALTY,CDSL,"March 15, 2018"
Commercial Services & Supplies,9400.0,201.0,2018-03-15,SERVICES,CDSL,"March 15, 2018"
Diversified Consumer Services,1814.0,171.0,2018-03-15,SERVICES,CDSL,"March 15, 2018"
"Hotels, Restaurants & Tourism",12473.0,38.0,2018-03-15,SERVICES,CDSL,"March 15, 2018"
Retailing,29687.0,136.0,2018-03-15,SERVICES,CDSL,"March 15, 2018"
Telecom Services,72210.0,1586.0,2018-03-15,TELECOM,CDSL,"March 15, 2018"
Telecommunications Equipment,342.0,3.0,2018-03-15,TELECOM,CDSL,"March 15, 2018"
"Textiles, Apparels & Accessories",44594.0,-82.0,2018-03-15,TEXTILES,CDSL,"March 15, 2018"
Automobiles & Auto Components,211034.0,-1136.0,2018-03-31,AUTO,CDSL,"March 31, 2018"
Capital Goods,116051.0,776.0,2018-03-31,CAPITAL_GOODS,CDSL,"March 31, 2018"
Consumer Durables,37905.0,-401.0,2018-03-31,CAPITAL_GOODS,CDSL,"March 31, 2018"
General Industrials,22003.0,-65.0,2018-03-31,CAPITAL_GOODS,CDSL,"March 31, 2018"
Construction Materials,72062.0,-280.0,2018-03-31,CEMENT,CDSL,"March 31, 2018"
Chemicals & Petrochemicals,38008.0,184.0,2018-03-31,CHEMICALS,CDSL,"March 31, 2018"
Forest Materials,2138.0,23.0,2018-03-31,COMMODITIES,CDSL,"March 31, 2018"
Diversified,2591.0,9.0,2018-03-31,DIVERSIFIED,CDSL,"March 31, 2018"
Others,39062.0,2819.0,2018-03-31,DIVERSIFIED,CDSL,"March 31, 2018"
Coal,9832.0,-331.0,2018-03-31,ENERGY,CDSL,"March 31, 2018"
Oil & Gas,202478.0,-1233.0,2018-03-31,ENERGY,CDSL,"March 31, 2018"
Total  Financial Services,908861.0,2813.0,2018-03-31,FINANCIAL_SERVICES,CDSL,"March 31, 2018"
Insurance,7245.0,-29.0,2018-03-31,FINANCIAL_SERVICES,CDSL,"March 31, 2018"
Food & Drugs Retailing,0.0,0.0,2018-03-31,FMCG,CDSL,"March 31, 2018"
"Food, Beverages & Tobacco",107852.0,621.0,2018-03-31,FMCG,CDSL,"March 31, 2018"
Household & Personal Products,91922.0,-771.0,2018-03-31,FMCG,CDSL,"March 31, 2018"
Healthcare Equipment & Supplies,121.0,0.0,2018-03-31,HEALTHCARE,CDSL,"March 31, 2018"
Healthcare Services,12908.0,745.0,2018-03-31,HEALTHCARE,CDSL,"March 31, 2018"
Utilities,77028.0,-588.0,2018-03-31,INFRASTRUCTURE,CDSL,"March 31, 2018"
Hardware Technology & Equipment,73.0,-1.0,2018-03-31,IT,CDSL,"March 31, 2018"
Software & Services,283779.0,5082.0,2018-03-31,IT,CDSL,"March 31, 2018"
Transportation,38804.0,374.0,2018-03-31,LOGISTICS,CDSL,"March 31, 2018"
Media,36861.0,-70.0,2018-03-31,MEDIA,CDSL,"March 31, 2018"
Metals & Mining,70469.0,839.0,2018-03-31,METAL,CDSL,"March 31, 2018"
Pharmaceuticals & Biotechnology,110874.0,463.0,2018-03-31,PHARMA,CDSL,"March 31, 2018"
Real Estate Investment,0.0,0.0,2018-03-31,REALTY,CDSL,"March 31, 2018"
Realty,25437.0,-176.0,2018-03-31,REALTY,CDSL,"March 31, 2018"
Commercial Services & Supplies,8759.0,70.0,2018-03-31,SERVICES,CDSL,"March 31, 2018"
Diversified Consumer Services,2005.0,272.0,2018-03-31,SERVICES,CDSL,"March 31, 2018"
"Hotels, Restaurants & Tourism",12787.0,326.0,2018-03-31,SERVICES,CDSL,"March 31, 2018"
Retailing,28558.0,228.0,2018-03-31,SERVICES,CDSL,"March 31, 2018"
Telecom Services,70223.0,784.0,2018-03-31,TELECOM,CDSL,"March 31, 2018"
Telecommunications Equipment,318.0,5.0,2018-03-31,TELECOM,CDSL,"March 31, 2018"
"Textiles, Apparels & Accessories",45693.0,303.0,2018-03-31,TEXTILES,CDSL,"March 31, 2018"
Automobiles &Auto Components,223070.0,-581.0,2018-04-15,Automobiles &Auto Components,CDSL,"April 15, 2018"
Capital Goods,122458.0,538.0,2018-04-15,CAPITAL_GOODS,CDSL,"April 15, 2018"
Consumer Durables,38983.0,-473.0,2018-04-15,CAPITAL_GOODS,CDSL,"April 15, 2018"
General Industrials,23033.0,-297.0,2018-04-15,CAPITAL_GOODS,CDSL,"April 15, 2018"
Construction Materials,71943.0,-942.0,2018-04-15,CEMENT,CDSL,"April 15, 2018"
Forest Materials,2278.0,11.0,2018-04-15,COMMODITIES,CDSL,"April 15, 2018"
Chemicals &Petrochemicals,39619.0,71.0,2018-04-15,Chemicals &Petrochemicals,CDSL,"April 15, 2018"
Commercial Services &Supplies,8564.0,-118.0,2018-04-15,Commercial Services &Supplies,CDSL,"April 15, 2018"
Diversified,2745.0,-22.0,2018-04-15,DIVERSIFIED,CDSL,"April 15, 2018"
Others,44524.0,4445.0,2018-04-15,DIVERSIFIED,CDSL,"April 15, 2018"
Coal,9923.0,-1.0,2018-04-15,ENERGY,CDSL,"April 15, 2018"
Total  Financial Services,944326.0,-513.0,2018-04-15,FINANCIAL_SERVICES,CDSL,"April 15, 2018"
Insurance,7146.0,32.0,2018-04-15,FINANCIAL_SERVICES,CDSL,"April 15, 2018"
Food &Drugs Retailing,0.0,0.0,2018-04-15,Food &Drugs Retailing,CDSL,"April 15, 2018"
"Food, Beverages &Tobacco",112426.0,-339.0,2018-04-15,"Food, Beverages &Tobacco",CDSL,"April 15, 2018"
Healthcare Services,13901.0,279.0,2018-04-15,HEALTHCARE,CDSL,"April 15, 2018"
Hardware Technology &Equipment,76.0,-6.0,2018-04-15,Hardware Technology &Equipment,CDSL,"April 15, 2018"
Healthcare Equipment &Supplies,132.0,0.0,2018-04-15,Healthcare Equipment &Supplies,CDSL,"April 15, 2018"
"Hotels, Restaurants &Tourism",13559.0,234.0,2018-04-15,"Hotels, Restaurants &Tourism",CDSL,"April 15, 2018"
Household &Personal Products,93850.0,-3.0,2018-04-15,Household &Personal Products,CDSL,"April 15, 2018"
Utilities,81877.0,-365.0,2018-04-15,INFRASTRUCTURE,CDSL,"April 15, 2018"
Transportation,42439.0,687.0,2018-04-15,LOGISTICS,CDSL,"April 15, 2018"
Media,37115.0,-83.0,2018-04-15,MEDIA,CDSL,"April 15, 2018"
Metals &Mining,75284.0,463.0,2018-04-15,Metals &Mining,CDSL,"April 15, 2018"
Oil &Gas,209370.0,-871.0,2018-04-15,Oil &Gas,CDSL,"April 15, 2018"
Pharmaceuticals &Biotechnology,114988.0,68.0,2018-04-15,Pharmaceuticals &Biotechnology,CDSL,"April 15, 2018"
Real Estate Investment,0.0,0.0,2018-04-15,REALTY,CDSL,"April 15, 2018"
Realty,25858.0,-129.0,2018-04-15,REALTY,CDSL,"April 15, 2018"
Diversified Consumer Services,2010.0,108.0,2018-04-15,SERVICES,CDSL,"April 15, 2018"
Retailing,27469.0,135.0,2018-04-15,SERVICES,CDSL,"April 15, 2018"
Software &Services,301058.0,1867.0,2018-04-15,Software &Services,CDSL,"April 15, 2018"
Telecom Services,67916.0,-353.0,2018-04-15,TELECOM,CDSL,"April 15, 2018"
Telecommunications Equipment,339.0,5.0,2018-04-15,TELECOM,CDSL,"April 15, 2018"
"Textiles, Apparels &Accessories",47834.0,150.0,2018-04-15,"Textiles, Apparels &Accessories",CDSL,"April 15, 2018"
Automobiles &Auto Components,224131.0,-1597.0,2018-04-30,Automobiles &Auto Components,CDSL,"April 30, 2018"
Capital Goods,122742.0,-343.0,2018-04-30,CAPITAL_GOODS,CDSL,"April 30, 2018"
Consumer Durables,39512.0,-365.0,2018-04-30,CAPITAL_GOODS,CDSL,"April 30, 2018"
General Industrials,23887.0,-310.0,2018-04-30,CAPITAL_GOODS,CDSL,"April 30, 2018"
Construction Materials,74641.0,-782.0,2018-04-30,CEMENT,CDSL,"April 30, 2018"
Forest Materials,2283.0,82.0,2018-04-30,COMMODITIES,CDSL,"April 30, 2018"
Chemicals &Petrochemicals,39638.0,127.0,2018-04-30,Chemicals &Petrochemicals,CDSL,"April 30, 2018"
Commercial Services &Supplies,8354.0,-177.0,2018-04-30,Commercial Services &Supplies,CDSL,"April 30, 2018"
Diversified,2596.0,-32.0,2018-04-30,DIVERSIFIED,CDSL,"April 30, 2018"
Others,46961.0,1754.0,2018-04-30,DIVERSIFIED,CDSL,"April 30, 2018"
Coal,9851.0,-13.0,2018-04-30,ENERGY,CDSL,"April 30, 2018"
Total  Financial Services,962312.0,-1541.0,2018-04-30,FINANCIAL_SERVICES,CDSL,"April 30, 2018"
Insurance,8354.0,276.0,2018-04-30,FINANCIAL_SERVICES,CDSL,"April 30, 2018"
Food &Drugs Retailing,0.0,0.0,2018-04-30,Food &Drugs Retailing,CDSL,"April 30, 2018"
"Food, Beverages &Tobacco",120240.0,-166.0,2018-04-30,"Food, Beverages &Tobacco",CDSL,"April 30, 2018"
Healthcare Services,14060.0,257.0,2018-04-30,HEALTHCARE,CDSL,"April 30, 2018"
Hardware Technology &Equipment,69.0,-11.0,2018-04-30,Hardware Technology &Equipment,CDSL,"April 30, 2018"
Healthcare Equipment &Supplies,118.0,-8.0,2018-04-30,Healthcare Equipment &Supplies,CDSL,"April 30, 2018"
"Hotels, Restaurants &Tourism",13893.0,-131.0,2018-04-30,"Hotels, Restaurants &Tourism",CDSL,"April 30, 2018"
Household &Personal Products,98473.0,-389.0,2018-04-30,Household &Personal Products,CDSL,"April 30, 2018"
Utilities,82295.0,-510.0,2018-04-30,INFRASTRUCTURE,CDSL,"April 30, 2018"
Transportation,43262.0,559.0,2018-04-30,LOGISTICS,CDSL,"April 30, 2018"
Media,36965.0,-600.0,2018-04-30,MEDIA,CDSL,"April 30, 2018"
Metals &Mining,75797.0,-1325.0,2018-04-30,Metals &Mining,CDSL,"April 30, 2018"
Oil &Gas,210100.0,-820.0,2018-04-30,Oil &Gas,CDSL,"April 30, 2018"
Pharmaceuticals &Biotechnology,118580.0,-688.0,2018-04-30,Pharmaceuticals &Biotechnology,CDSL,"April 30, 2018"
Real Estate Investment,0.0,0.0,2018-04-30,REALTY,CDSL,"April 30, 2018"
Realty,27579.0,-124.0,2018-04-30,REALTY,CDSL,"April 30, 2018"
Diversified Consumer Services,2602.0,168.0,2018-04-30,SERVICES,CDSL,"April 30, 2018"
Retailing,26898.0,321.0,2018-04-30,SERVICES,CDSL,"April 30, 2018"
Software &Services,324241.0,2387.0,2018-04-30,Software &Services,CDSL,"April 30, 2018"
Telecom Services,67250.0,-1120.0,2018-04-30,TELECOM,CDSL,"April 30, 2018"
Telecommunications Equipment,320.0,-1.0,2018-04-30,TELECOM,CDSL,"April 30, 2018"
"Textiles, Apparels &Accessories",45625.0,-431.0,2018-04-30,"Textiles, Apparels &Accessories",CDSL,"April 30, 2018"
Automobiles & Auto Components,216556.0,-3257.0,2018-05-15,AUTO,NSDL,"May 15, 2018"
Capital Goods,116982.0,-562.0,2018-05-15,CAPITAL_GOODS,NSDL,"May 15, 2018"
Consumer Durables,40163.0,-452.0,2018-05-15,CAPITAL_GOODS,NSDL,"May 15, 2018"
General Industrials,22689.0,-65.0,2018-05-15,CAPITAL_GOODS,NSDL,"May 15, 2018"
Construction Materials,71753.0,-404.0,2018-05-15,CEMENT,NSDL,"May 15, 2018"
Chemicals & Petrochemicals,38824.0,422.0,2018-05-15,CHEMICALS,NSDL,"May 15, 2018"
Forest Materials,2139.0,83.0,2018-05-15,COMMODITIES,NSDL,"May 15, 2018"
Diversified,2456.0,-36.0,2018-05-15,DIVERSIFIED,NSDL,"May 15, 2018"
Others,45486.0,-124.0,2018-05-15,DIVERSIFIED,NSDL,"May 15, 2018"
Coal,8913.0,-279.0,2018-05-15,ENERGY,NSDL,"May 15, 2018"
Oil & Gas,214122.0,-8.0,2018-05-15,ENERGY,NSDL,"May 15, 2018"
Total  Financial Services,976764.0,-501.0,2018-05-15,FINANCIAL_SERVICES,NSDL,"May 15, 2018"
Insurance,8708.0,559.0,2018-05-15,FINANCIAL_SERVICES,NSDL,"May 15, 2018"
Food & Drugs Retailing,0.0,0.0,2018-05-15,FMCG,NSDL,"May 15, 2018"
"Food, Beverages & Tobacco",117337.0,-25.0,2018-05-15,FMCG,NSDL,"May 15, 2018"
Household & Personal Products,96366.0,-877.0,2018-05-15,FMCG,NSDL,"May 15, 2018"
Healthcare Equipment & Supplies,112.0,-9.0,2018-05-15,HEALTHCARE,NSDL,"May 15, 2018"
Healthcare Services,13840.0,198.0,2018-05-15,HEALTHCARE,NSDL,"May 15, 2018"
Utilities,80470.0,-677.0,2018-05-15,INFRASTRUCTURE,NSDL,"May 15, 2018"
Hardware Technology & Equipment,66.0,-4.0,2018-05-15,IT,NSDL,"May 15, 2018"
Software & Services,316429.0,2443.0,2018-05-15,IT,NSDL,"May 15, 2018"
Transportation,41989.0,24.0,2018-05-15,LOGISTICS,NSDL,"May 15, 2018"
Media,36194.0,-427.0,2018-05-15,MEDIA,NSDL,"May 15, 2018"
Metals & Mining,74390.0,-1685.0,2018-05-15,METAL,NSDL,"May 15, 2018"
Pharmaceuticals & Biotechnology,109906.0,-833.0,2018-05-15,PHARMA,NSDL,"May 15, 2018"
Real Estate Investment,0.0,0.0,2018-05-15,REALTY,NSDL,"May 15, 2018"
Realty,26131.0,-35.0,2018-05-15,REALTY,NSDL,"May 15, 2018"
Commercial Services & Supplies,7631.0,-46.0,2018-05-15,SERVICES,NSDL,"May 15, 2018"
Diversified Consumer Services,2604.0,176.0,2018-05-15,SERVICES,NSDL,"May 15, 2018"
"Hotels, Restaurants & Tourism",12902.0,-296.0,2018-05-15,SERVICES,NSDL,"May 15, 2018"
Retailing,25219.0,259.0,2018-05-15,SERVICES,NSDL,"May 15, 2018"
Telecom Services,62814.0,-405.0,2018-05-15,TELECOM,NSDL,"May 15, 2018"
Telecommunications Equipment,294.0,-2.0,2018-05-15,TELECOM,NSDL,"May 15, 2018"
"Textiles, Apparels & Accessories",43195.0,-1137.0,2018-05-15,TEXTILES,NSDL,"May 15, 2018"
Automobiles & Auto Components,213128.0,-3886.0,2018-05-31,AUTO,NSDL,"May 31, 2018"
Capital Goods,114232.0,-293.0,2018-05-31,CAPITAL_GOODS,NSDL,"May 31, 2018"
Consumer Durables,38813.0,-1016.0,2018-05-31,CAPITAL_GOODS,NSDL,"May 31, 2018"
General Industrials,22065.0,-157.0,2018-05-31,CAPITAL_GOODS,NSDL,"May 31, 2018"
Construction Materials,66756.0,-1504.0,2018-05-31,CEMENT,NSDL,"May 31, 2018"
Chemicals & Petrochemicals,38555.0,331.0,2018-05-31,CHEMICALS,NSDL,"May 31, 2018"
Forest Materials,1964.0,-35.0,2018-05-31,COMMODITIES,NSDL,"May 31, 2018"
Diversified,2377.0,-42.0,2018-05-31,DIVERSIFIED,NSDL,"May 31, 2018"
Others,45219.0,284.0,2018-05-31,DIVERSIFIED,NSDL,"May 31, 2018"
Coal,9903.0,-258.0,2018-05-31,ENERGY,NSDL,"May 31, 2018"
Oil & Gas,202738.0,-1731.0,2018-05-31,ENERGY,NSDL,"May 31, 2018"
Total  Financial Services,976762.0,-1041.0,2018-05-31,FINANCIAL_SERVICES,NSDL,"May 31, 2018"
Insurance,8346.0,269.0,2018-05-31,FINANCIAL_SERVICES,NSDL,"May 31, 2018"
Food & Drugs Retailing,0.0,0.0,2018-05-31,FMCG,NSDL,"May 31, 2018"
"Food, Beverages & Tobacco",116706.0,-213.0,2018-05-31,FMCG,NSDL,"May 31, 2018"
Household & Personal Products,101075.0,-954.0,2018-05-31,FMCG,NSDL,"May 31, 2018"
Healthcare Equipment & Supplies,104.0,-1.0,2018-05-31,HEALTHCARE,NSDL,"May 31, 2018"
Healthcare Services,13057.0,250.0,2018-05-31,HEALTHCARE,NSDL,"May 31, 2018"
Utilities,80888.0,553.0,2018-05-31,INFRASTRUCTURE,NSDL,"May 31, 2018"
Hardware Technology & Equipment,66.0,1.0,2018-05-31,IT,NSDL,"May 31, 2018"
Software & Services,263945.0,-210.0,2018-05-31,IT,NSDL,"May 31, 2018"
Transportation,40515.0,164.0,2018-05-31,LOGISTICS,NSDL,"May 31, 2018"
Media,35586.0,-56.0,2018-05-31,MEDIA,NSDL,"May 31, 2018"
Metals & Mining,69984.0,-1046.0,2018-05-31,METAL,NSDL,"May 31, 2018"
Pharmaceuticals & Biotechnology,107706.0,-259.0,2018-05-31,PHARMA,NSDL,"May 31, 2018"
Real Estate Investment,0.0,0.0,2018-05-31,REALTY,NSDL,"May 31, 2018"
Realty,25603.0,87.0,2018-05-31,REALTY,NSDL,"May 31, 2018"
Commercial Services & Supplies,7538.0,210.0,2018-05-31,SERVICES,NSDL,"May 31, 2018"
Diversified Consumer Services,2606.0,37.0,2018-05-31,SERVICES,NSDL,"May 31, 2018"
"Hotels, Restaurants & Tourism",13365.0,-103.0,2018-05-31,SERVICES,NSDL,"May 31, 2018"
Retailing,26244.0,1347.0,2018-05-31,SERVICES,NSDL,"May 31, 2018"
Telecom Services,62413.0,-43.0,2018-05-31,TELECOM,NSDL,"May 31, 2018"
Telecommunications Equipment,295.0,4.0,2018-05-31,TELECOM,NSDL,"May 31, 2018"
"Textiles, Apparels & Accessories",42568.0,-749.0,2018-05-31,TEXTILES,NSDL,"May 31, 2018"
Automobiles & Auto Components,214791.0,-2628.0,2018-06-15,AUTO,NSDL,"June 15, 2018"
Capital Goods,112627.0,-357.0,2018-06-15,CAPITAL_GOODS,NSDL,"June 15, 2018"
Consumer Durables,37428.0,-1272.0,2018-06-15,CAPITAL_GOODS,NSDL,"June 15, 2018"
General Industrials,21396.0,-287.0,2018-06-15,CAPITAL_GOODS,NSDL,"June 15, 2018"
Construction Materials,64931.0,-1456.0,2018-06-15,CEMENT,NSDL,"June 15, 2018"
Chemicals & Petrochemicals,37837.0,326.0,2018-06-15,CHEMICALS,NSDL,"June 15, 2018"
Forest Materials,1860.0,-49.0,2018-06-15,COMMODITIES,NSDL,"June 15, 2018"
Diversified,2395.0,-31.0,2018-06-15,DIVERSIFIED,NSDL,"June 15, 2018"
Others,45082.0,400.0,2018-06-15,DIVERSIFIED,NSDL,"June 15, 2018"
Coal,9596.0,209.0,2018-06-15,ENERGY,NSDL,"June 15, 2018"
Oil & Gas,215428.0,-1577.0,2018-06-15,ENERGY,NSDL,"June 15, 2018"
Total  Financial Services,967177.0,-378.0,2018-06-15,FINANCIAL_SERVICES,NSDL,"June 15, 2018"
Insurance,7993.0,583.0,2018-06-15,FINANCIAL_SERVICES,NSDL,"June 15, 2018"
Food & Drugs Retailing,0.0,0.0,2018-06-15,FMCG,NSDL,"June 15, 2018"
"Food, Beverages & Tobacco",111107.0,-820.0,2018-06-15,FMCG,NSDL,"June 15, 2018"
Household & Personal Products,101422.0,-1160.0,2018-06-15,FMCG,NSDL,"June 15, 2018"
Healthcare Equipment & Supplies,101.0,0.0,2018-06-15,HEALTHCARE,NSDL,"June 15, 2018"
Healthcare Services,13473.0,232.0,2018-06-15,HEALTHCARE,NSDL,"June 15, 2018"
Utilities,78838.0,2215.0,2018-06-15,INFRASTRUCTURE,NSDL,"June 15, 2018"
Hardware Technology & Equipment,62.0,-4.0,2018-06-15,IT,NSDL,"June 15, 2018"
Software & Services,330779.0,-2888.0,2018-06-15,IT,NSDL,"June 15, 2018"
Transportation,39268.0,602.0,2018-06-15,LOGISTICS,NSDL,"June 15, 2018"
Media,35278.0,-176.0,2018-06-15,MEDIA,NSDL,"June 15, 2018"
Metals & Mining,68982.0,-818.0,2018-06-15,METAL,NSDL,"June 15, 2018"
Pharmaceuticals & Biotechnology,118226.0,-465.0,2018-06-15,PHARMA,NSDL,"June 15, 2018"
Real Estate Investment,0.0,0.0,2018-06-15,REALTY,NSDL,"June 15, 2018"
Realty,25106.0,70.0,2018-06-15,REALTY,NSDL,"June 15, 2018"
Commercial Services & Supplies,8357.0,443.0,2018-06-15,SERVICES,NSDL,"June 15, 2018"
Diversified Consumer Services,2802.0,36.0,2018-06-15,SERVICES,NSDL,"June 15, 2018"
"Hotels, Restaurants & Tourism",13891.0,261.0,2018-06-15,SERVICES,NSDL,"June 15, 2018"
Retailing,26221.0,1616.0,2018-06-15,SERVICES,NSDL,"June 15, 2018"
Telecom Services,62142.0,170.0,2018-06-15,TELECOM,NSDL,"June 15, 2018"
Telecommunications Equipment,367.0,22.0,2018-06-15,TELECOM,NSDL,"June 15, 2018"
"Textiles, Apparels & Accessories",42877.0,-196.0,2018-06-15,TEXTILES,NSDL,"June 15, 2018"
Automobiles & Auto Components,208053.0,-905.0,2018-06-30,AUTO,NSDL,"June 30, 2018"
Capital Goods,103939.0,-1935.0,2018-06-30,CAPITAL_GOODS,NSDL,"June 30, 2018"
Consumer Durables,36444.0,-800.0,2018-06-30,CAPITAL_GOODS,NSDL,"June 30, 2018"
General Industrials,19825.0,-210.0,2018-06-30,CAPITAL_GOODS,NSDL,"June 30, 2018"
Construction Materials,63800.0,-874.0,2018-06-30,CEMENT,NSDL,"June 30, 2018"
Chemicals & Petrochemicals,34821.0,-148.0,2018-06-30,CHEMICALS,NSDL,"June 30, 2018"
Forest Materials,1657.0,-19.0,2018-06-30,COMMODITIES,NSDL,"June 30, 2018"
Diversified,2337.0,-33.0,2018-06-30,DIVERSIFIED,NSDL,"June 30, 2018"
Others,67053.0,2615.0,2018-06-30,DIVERSIFIED,NSDL,"June 30, 2018"
Coal,9085.0,215.0,2018-06-30,ENERGY,NSDL,"June 30, 2018"
Oil & Gas,202942.0,-1595.0,2018-06-30,ENERGY,NSDL,"June 30, 2018"
Total  Financial Services,966939.0,-211.0,2018-06-30,FINANCIAL_SERVICES,NSDL,"June 30, 2018"
Insurance,8044.0,666.0,2018-06-30,FINANCIAL_SERVICES,NSDL,"June 30, 2018"
Food & Drugs Retailing,0.0,0.0,2018-06-30,FMCG,NSDL,"June 30, 2018"
"Food, Beverages & Tobacco",101423.0,-1018.0,2018-06-30,FMCG,NSDL,"June 30, 2018"
Household & Personal Products,101888.0,-1090.0,2018-06-30,FMCG,NSDL,"June 30, 2018"
Healthcare Equipment & Supplies,93.0,-3.0,2018-06-30,HEALTHCARE,NSDL,"June 30, 2018"
Healthcare Services,13755.0,270.0,2018-06-30,HEALTHCARE,NSDL,"June 30, 2018"
Utilities,76490.0,1089.0,2018-06-30,INFRASTRUCTURE,NSDL,"June 30, 2018"
Hardware Technology & Equipment,53.0,-4.0,2018-06-30,IT,NSDL,"June 30, 2018"
Software & Services,328039.0,-3157.0,2018-06-30,IT,NSDL,"June 30, 2018"
Transportation,31743.0,2761.0,2018-06-30,LOGISTICS,NSDL,"June 30, 2018"
Media,33569.0,-377.0,2018-06-30,MEDIA,NSDL,"June 30, 2018"
Metals & Mining,67248.0,-525.0,2018-06-30,METAL,NSDL,"June 30, 2018"
Pharmaceuticals & Biotechnology,115889.0,-233.0,2018-06-30,PHARMA,NSDL,"June 30, 2018"
Real Estate Investment,0.0,0.0,2018-06-30,REALTY,NSDL,"June 30, 2018"
Realty,24973.0,103.0,2018-06-30,REALTY,NSDL,"June 30, 2018"
Commercial Services & Supplies,7376.0,-87.0,2018-06-30,SERVICES,NSDL,"June 30, 2018"
Diversified Consumer Services,2738.0,26.0,2018-06-30,SERVICES,NSDL,"June 30, 2018"
"Hotels, Restaurants & Tourism",10134.0,53.0,2018-06-30,SERVICES,NSDL,"June 30, 2018"
Retailing,26122.0,169.0,2018-06-30,SERVICES,NSDL,"June 30, 2018"
Telecom Services,62759.0,334.0,2018-06-30,TELECOM,NSDL,"June 30, 2018"
Telecommunications Equipment,332.0,26.0,2018-06-30,TELECOM,NSDL,"June 30, 2018"
"Textiles, Apparels & Accessories",42271.0,64.0,2018-06-30,TEXTILES,NSDL,"June 30, 2018"
Automobiles & Auto Components,214353.0,-773.0,2018-07-15,AUTO,NSDL,"July 15, 2018"
Capital Goods,105040.0,-1422.0,2018-07-15,CAPITAL_GOODS,NSDL,"July 15, 2018"
Consumer Durables,38022.0,-538.0,2018-07-15,CAPITAL_GOODS,NSDL,"July 15, 2018"
General Industrials,20158.0,-29.0,2018-07-15,CAPITAL_GOODS,NSDL,"July 15, 2018"
Construction Materials,63318.0,-1175.0,2018-07-15,CEMENT,NSDL,"July 15, 2018"
Chemicals & Petrochemicals,33558.0,-435.0,2018-07-15,CHEMICALS,NSDL,"July 15, 2018"
Forest Materials,1562.0,-15.0,2018-07-15,COMMODITIES,NSDL,"July 15, 2018"
Diversified,2371.0,-35.0,2018-07-15,DIVERSIFIED,NSDL,"July 15, 2018"
Others,67453.0,7461.0,2018-07-15,DIVERSIFIED,NSDL,"July 15, 2018"
Coal,9219.0,3.0,2018-07-15,ENERGY,NSDL,"July 15, 2018"
Oil & Gas,223278.0,-588.0,2018-07-15,ENERGY,NSDL,"July 15, 2018"
Total  Financial Services,989751.0,-2796.0,2018-07-15,FINANCIAL_SERVICES,NSDL,"July 15, 2018"
Insurance,7870.0,-4.0,2018-07-15,FINANCIAL_SERVICES,NSDL,"July 15, 2018"
Food & Drugs Retailing,0.0,0.0,2018-07-15,FMCG,NSDL,"July 15, 2018"
"Food, Beverages & Tobacco",102220.0,-1153.0,2018-07-15,FMCG,NSDL,"July 15, 2018"
Household & Personal Products,106990.0,-214.0,2018-07-15,FMCG,NSDL,"July 15, 2018"
Healthcare Equipment & Supplies,96.0,-2.0,2018-07-15,HEALTHCARE,NSDL,"July 15, 2018"
Healthcare Services,13502.0,87.0,2018-07-15,HEALTHCARE,NSDL,"July 15, 2018"
Utilities,75602.0,-644.0,2018-07-15,INFRASTRUCTURE,NSDL,"July 15, 2018"
Hardware Technology & Equipment,48.0,-7.0,2018-07-15,IT,NSDL,"July 15, 2018"
Software & Services,338881.0,-3284.0,2018-07-15,IT,NSDL,"July 15, 2018"
Transportation,33339.0,3339.0,2018-07-15,LOGISTICS,NSDL,"July 15, 2018"
Media,31794.0,-437.0,2018-07-15,MEDIA,NSDL,"July 15, 2018"
Metals & Mining,63000.0,-911.0,2018-07-15,METAL,NSDL,"July 15, 2018"
Pharmaceuticals & Biotechnology,116166.0,-126.0,2018-07-15,PHARMA,NSDL,"July 15, 2018"
Real Estate Investment,0.0,0.0,2018-07-15,REALTY,NSDL,"July 15, 2018"
Realty,25766.0,116.0,2018-07-15,REALTY,NSDL,"July 15, 2018"
Commercial Services & Supplies,8104.0,-9.0,2018-07-15,SERVICES,NSDL,"July 15, 2018"
Diversified Consumer Services,2780.0,100.0,2018-07-15,SERVICES,NSDL,"July 15, 2018"
"Hotels, Restaurants & Tourism",13682.0,-58.0,2018-07-15,SERVICES,NSDL,"July 15, 2018"
Retailing,26420.0,12.0,2018-07-15,SERVICES,NSDL,"July 15, 2018"
Telecom Services,60733.0,345.0,2018-07-15,TELECOM,NSDL,"July 15, 2018"
Telecommunications Equipment,340.0,13.0,2018-07-15,TELECOM,NSDL,"July 15, 2018"
"Textiles, Apparels & Accessories",41148.0,-270.0,2018-07-15,TEXTILES,NSDL,"July 15, 2018"
Automobiles & Auto Components,214091.0,-1269.0,2018-07-31,AUTO,NSDL,"July 31, 2018"
Capital Goods,106583.0,247.0,2018-07-31,CAPITAL_GOODS,NSDL,"July 31, 2018"
Consumer Durables,39730.0,-154.0,2018-07-31,CAPITAL_GOODS,NSDL,"July 31, 2018"
General Industrials,20778.0,98.0,2018-07-31,CAPITAL_GOODS,NSDL,"July 31, 2018"
Construction Materials,68727.0,-131.0,2018-07-31,CEMENT,NSDL,"July 31, 2018"
Chemicals & Petrochemicals,36265.0,115.0,2018-07-31,CHEMICALS,NSDL,"July 31, 2018"
Forest Materials,1641.0,-4.0,2018-07-31,COMMODITIES,NSDL,"July 31, 2018"
Diversified,2729.0,-20.0,2018-07-31,DIVERSIFIED,NSDL,"July 31, 2018"
Others,69684.0,4602.0,2018-07-31,DIVERSIFIED,NSDL,"July 31, 2018"
Coal,9051.0,44.0,2018-07-31,ENERGY,NSDL,"July 31, 2018"
Oil & Gas,239748.0,1498.0,2018-07-31,ENERGY,NSDL,"July 31, 2018"
Total  Financial Services,1020425.0,-17.0,2018-07-31,FINANCIAL_SERVICES,NSDL,"July 31, 2018"
Insurance,9176.0,149.0,2018-07-31,FINANCIAL_SERVICES,NSDL,"July 31, 2018"
Food & Drugs Retailing,0.0,0.0,2018-07-31,FMCG,NSDL,"July 31, 2018"
"Food, Beverages & Tobacco",107938.0,-822.0,2018-07-31,FMCG,NSDL,"July 31, 2018"
Household & Personal Products,108731.0,-75.0,2018-07-31,FMCG,NSDL,"July 31, 2018"
Healthcare Equipment & Supplies,106.0,1.0,2018-07-31,HEALTHCARE,NSDL,"July 31, 2018"
Healthcare Services,13124.0,-183.0,2018-07-31,HEALTHCARE,NSDL,"July 31, 2018"
Utilities,79243.0,332.0,2018-07-31,INFRASTRUCTURE,NSDL,"July 31, 2018"
Hardware Technology & Equipment,54.0,-5.0,2018-07-31,IT,NSDL,"July 31, 2018"
Software & Services,341716.0,-131.0,2018-07-31,IT,NSDL,"July 31, 2018"
Transportation,33771.0,1015.0,2018-07-31,LOGISTICS,NSDL,"July 31, 2018"
Media,31803.0,-285.0,2018-07-31,MEDIA,NSDL,"July 31, 2018"
Metals & Mining,63315.0,-1503.0,2018-07-31,METAL,NSDL,"July 31, 2018"
Pharmaceuticals & Biotechnology,116498.0,-795.0,2018-07-31,PHARMA,NSDL,"July 31, 2018"
Real Estate Investment,0.0,0.0,2018-07-31,REALTY,NSDL,"July 31, 2018"
Realty,26073.0,-32.0,2018-07-31,REALTY,NSDL,"July 31, 2018"
Commercial Services & Supplies,9652.0,-100.0,2018-07-31,SERVICES,NSDL,"July 31, 2018"
Diversified Consumer Services,2630.0,87.0,2018-07-31,SERVICES,NSDL,"July 31, 2018"
"Hotels, Restaurants & Tourism",13938.0,167.0,2018-07-31,SERVICES,NSDL,"July 31, 2018"
Retailing,26664.0,56.0,2018-07-31,SERVICES,NSDL,"July 31, 2018"
Telecom Services,61749.0,-50.0,2018-07-31,TELECOM,NSDL,"July 31, 2018"
Telecommunications Equipment,269.0,-46.0,2018-07-31,TELECOM,NSDL,"July 31, 2018"
"Textiles, Apparels & Accessories",42911.0,-525.0,2018-07-31,TEXTILES,NSDL,"July 31, 2018"
Automobiles & Auto Components,211016.0,-1626.0,2018-08-15,AUTO,NSDL,"August 15, 2018"
Capital Goods,106595.0,769.0,2018-08-15,CAPITAL_GOODS,NSDL,"August 15, 2018"
Consumer Durables,39904.0,343.0,2018-08-15,CAPITAL_GOODS,NSDL,"August 15, 2018"
General Industrials,20705.0,-9.0,2018-08-15,CAPITAL_GOODS,NSDL,"August 15, 2018"
Construction Materials,68627.0,461.0,2018-08-15,CEMENT,NSDL,"August 15, 2018"
Chemicals & Petrochemicals,35233.0,91.0,2018-08-15,CHEMICALS,NSDL,"August 15, 2018"
Forest Materials,1668.0,-6.0,2018-08-15,COMMODITIES,NSDL,"August 15, 2018"
Diversified,2874.0,-64.0,2018-08-15,DIVERSIFIED,NSDL,"August 15, 2018"
Others,69823.0,-386.0,2018-08-15,DIVERSIFIED,NSDL,"August 15, 2018"
Coal,9940.0,296.0,2018-08-15,ENERGY,NSDL,"August 15, 2018"
Oil & Gas,242254.0,-16.0,2018-08-15,ENERGY,NSDL,"August 15, 2018"
Total  Financial Services,1026544.0,3770.0,2018-08-15,FINANCIAL_SERVICES,NSDL,"August 15, 2018"
Insurance,8774.0,285.0,2018-08-15,FINANCIAL_SERVICES,NSDL,"August 15, 2018"
Food & Drugs Retailing,0.0,0.0,2018-08-15,FMCG,NSDL,"August 15, 2018"
"Food, Beverages & Tobacco",111259.0,-139.0,2018-08-15,FMCG,NSDL,"August 15, 2018"
Household & Personal Products,110163.0,295.0,2018-08-15,FMCG,NSDL,"August 15, 2018"
Healthcare Equipment & Supplies,98.0,0.0,2018-08-15,HEALTHCARE,NSDL,"August 15, 2018"
Healthcare Services,14339.0,-25.0,2018-08-15,HEALTHCARE,NSDL,"August 15, 2018"
Utilities,80445.0,1609.0,2018-08-15,INFRASTRUCTURE,NSDL,"August 15, 2018"
Hardware Technology & Equipment,50.0,2.0,2018-08-15,IT,NSDL,"August 15, 2018"
Software & Services,350307.0,780.0,2018-08-15,IT,NSDL,"August 15, 2018"
Transportation,33131.0,-38.0,2018-08-15,LOGISTICS,NSDL,"August 15, 2018"
Media,31285.0,-409.0,2018-08-15,MEDIA,NSDL,"August 15, 2018"
Metals & Mining,63962.0,-1004.0,2018-08-15,METAL,NSDL,"August 15, 2018"
Pharmaceuticals & Biotechnology,119951.0,-167.0,2018-08-15,PHARMA,NSDL,"August 15, 2018"
Real Estate Investment,0.0,0.0,2018-08-15,REALTY,NSDL,"August 15, 2018"
Realty,26343.0,-103.0,2018-08-15,REALTY,NSDL,"August 15, 2018"
Commercial Services & Supplies,9550.0,-194.0,2018-08-15,SERVICES,NSDL,"August 15, 2018"
Diversified Consumer Services,2539.0,15.0,2018-08-15,SERVICES,NSDL,"August 15, 2018"
"Hotels, Restaurants & Tourism",14349.0,228.0,2018-08-15,SERVICES,NSDL,"August 15, 2018"
Retailing,27414.0,-136.0,2018-08-15,SERVICES,NSDL,"August 15, 2018"
Telecom Services,59941.0,61.0,2018-08-15,TELECOM,NSDL,"August 15, 2018"
Telecommunications Equipment,218.0,-93.0,2018-08-15,TELECOM,NSDL,"August 15, 2018"
"Textiles, Apparels & Accessories",45676.0,-98.0,2018-08-15,TEXTILES,NSDL,"August 15, 2018"
Automobiles & Auto Components,211946.0,-624.0,2018-08-31,AUTO,NSDL,"August 31, 2018"
Capital Goods,112811.0,1264.0,2018-08-31,CAPITAL_GOODS,NSDL,"August 31, 2018"
Consumer Durables,39928.0,341.0,2018-08-31,CAPITAL_GOODS,NSDL,"August 31, 2018"
General Industrials,21746.0,167.0,2018-08-31,CAPITAL_GOODS,NSDL,"August 31, 2018"
Construction Materials,72167.0,-336.0,2018-08-31,CEMENT,NSDL,"August 31, 2018"
Chemicals & Petrochemicals,38050.0,-122.0,2018-08-31,CHEMICALS,NSDL,"August 31, 2018"
Forest Materials,1720.0,37.0,2018-08-31,COMMODITIES,NSDL,"August 31, 2018"
Diversified,2925.0,-94.0,2018-08-31,DIVERSIFIED,NSDL,"August 31, 2018"
Others,71088.0,183.0,2018-08-31,DIVERSIFIED,NSDL,"August 31, 2018"
Coal,10296.0,433.0,2018-08-31,ENERGY,NSDL,"August 31, 2018"
Oil & Gas,246370.0,-1041.0,2018-08-31,ENERGY,NSDL,"August 31, 2018"
Total  Financial Services,1021480.0,-1399.0,2018-08-31,FINANCIAL_SERVICES,NSDL,"August 31, 2018"
Insurance,8307.0,35.0,2018-08-31,FINANCIAL_SERVICES,NSDL,"August 31, 2018"
Food & Drugs Retailing,0.0,0.0,2018-08-31,FMCG,NSDL,"August 31, 2018"
"Food, Beverages & Tobacco",116671.0,69.0,2018-08-31,FMCG,NSDL,"August 31, 2018"
Household & Personal Products,114985.0,390.0,2018-08-31,FMCG,NSDL,"August 31, 2018"
Healthcare Equipment & Supplies,93.0,0.0,2018-08-31,HEALTHCARE,NSDL,"August 31, 2018"
Healthcare Services,15093.0,239.0,2018-08-31,HEALTHCARE,NSDL,"August 31, 2018"
Utilities,87130.0,2257.0,2018-08-31,INFRASTRUCTURE,NSDL,"August 31, 2018"
Hardware Technology & Equipment,51.0,9.0,2018-08-31,IT,NSDL,"August 31, 2018"
Software & Services,365634.0,-675.0,2018-08-31,IT,NSDL,"August 31, 2018"
Transportation,32484.0,-312.0,2018-08-31,LOGISTICS,NSDL,"August 31, 2018"
Media,30380.0,-536.0,2018-08-31,MEDIA,NSDL,"August 31, 2018"
Metals & Mining,69256.0,-321.0,2018-08-31,METAL,NSDL,"August 31, 2018"
Pharmaceuticals & Biotechnology,131523.0,1215.0,2018-08-31,PHARMA,NSDL,"August 31, 2018"
Real Estate Investment,0.0,0.0,2018-08-31,REALTY,NSDL,"August 31, 2018"
Realty,26069.0,-270.0,2018-08-31,REALTY,NSDL,"August 31, 2018"
Commercial Services & Supplies,10787.0,175.0,2018-08-31,SERVICES,NSDL,"August 31, 2018"
Diversified Consumer Services,2755.0,196.0,2018-08-31,SERVICES,NSDL,"August 31, 2018"
"Hotels, Restaurants & Tourism",15069.0,269.0,2018-08-31,SERVICES,NSDL,"August 31, 2018"
Retailing,28834.0,-331.0,2018-08-31,SERVICES,NSDL,"August 31, 2018"
Telecom Services,61047.0,348.0,2018-08-31,TELECOM,NSDL,"August 31, 2018"
Telecommunications Equipment,230.0,-43.0,2018-08-31,TELECOM,NSDL,"August 31, 2018"
"Textiles, Apparels & Accessories",46115.0,255.0,2018-08-31,TEXTILES,NSDL,"August 31, 2018"
Automobiles & Auto Components,207213.0,-119.0,2018-09-15,AUTO,NSDL,"September 15, 2018"
Capital Goods,110005.0,163.0,2018-09-15,CAPITAL_GOODS,NSDL,"September 15, 2018"
Consumer Durables,37884.0,-113.0,2018-09-15,CAPITAL_GOODS,NSDL,"September 15, 2018"
General Industrials,21449.0,319.0,2018-09-15,CAPITAL_GOODS,NSDL,"September 15, 2018"
Construction Materials,68874.0,-718.0,2018-09-15,CEMENT,NSDL,"September 15, 2018"
Chemicals & Petrochemicals,38356.0,244.0,2018-09-15,CHEMICALS,NSDL,"September 15, 2018"
Forest Materials,1717.0,58.0,2018-09-15,COMMODITIES,NSDL,"September 15, 2018"
Diversified,2812.0,-45.0,2018-09-15,DIVERSIFIED,NSDL,"September 15, 2018"
Others,68759.0,-903.0,2018-09-15,DIVERSIFIED,NSDL,"September 15, 2018"
Coal,10034.0,201.0,2018-09-15,ENERGY,NSDL,"September 15, 2018"
Oil & Gas,246234.0,-1320.0,2018-09-15,ENERGY,NSDL,"September 15, 2018"
Total  Financial Services,989538.0,-6816.0,2018-09-15,FINANCIAL_SERVICES,NSDL,"September 15, 2018"
Insurance,8562.0,-120.0,2018-09-15,FINANCIAL_SERVICES,NSDL,"September 15, 2018"
Food & Drugs Retailing,0.0,0.0,2018-09-15,FMCG,NSDL,"September 15, 2018"
"Food, Beverages & Tobacco",110698.0,135.0,2018-09-15,FMCG,NSDL,"September 15, 2018"
Household & Personal Products,98163.0,-120.0,2018-09-15,FMCG,NSDL,"September 15, 2018"
Healthcare Equipment & Supplies,95.0,0.0,2018-09-15,HEALTHCARE,NSDL,"September 15, 2018"
Healthcare Services,14529.0,183.0,2018-09-15,HEALTHCARE,NSDL,"September 15, 2018"
Utilities,86074.0,1676.0,2018-09-15,INFRASTRUCTURE,NSDL,"September 15, 2018"
Hardware Technology & Equipment,54.0,14.0,2018-09-15,IT,NSDL,"September 15, 2018"
Software & Services,370268.0,2326.0,2018-09-15,IT,NSDL,"September 15, 2018"
Transportation,31312.0,-561.0,2018-09-15,LOGISTICS,NSDL,"September 15, 2018"
Media,28607.0,-376.0,2018-09-15,MEDIA,NSDL,"September 15, 2018"
Metals & Mining,71065.0,-387.0,2018-09-15,METAL,NSDL,"September 15, 2018"
Pharmaceuticals & Biotechnology,134479.0,949.0,2018-09-15,PHARMA,NSDL,"September 15, 2018"
Real Estate Investment,0.0,0.0,2018-09-15,REALTY,NSDL,"September 15, 2018"
Realty,25227.0,-348.0,2018-09-15,REALTY,NSDL,"September 15, 2018"
Commercial Services & Supplies,9146.0,40.0,2018-09-15,SERVICES,NSDL,"September 15, 2018"
Diversified Consumer Services,2664.0,186.0,2018-09-15,SERVICES,NSDL,"September 15, 2018"
"Hotels, Restaurants & Tourism",13581.0,-23.0,2018-09-15,SERVICES,NSDL,"September 15, 2018"
Retailing,28222.0,-328.0,2018-09-15,SERVICES,NSDL,"September 15, 2018"
Telecom Services,59627.0,28.0,2018-09-15,TELECOM,NSDL,"September 15, 2018"
Telecommunications Equipment,230.0,11.0,2018-09-15,TELECOM,NSDL,"September 15, 2018"
"Textiles, Apparels & Accessories",45036.0,443.0,2018-09-15,TEXTILES,NSDL,"September 15, 2018"
Automobiles & Auto Components,181485.0,-2132.0,2018-09-30,AUTO,NSDL,"September 30, 2018"
Capital Goods,98442.0,-437.0,2018-09-30,CAPITAL_GOODS,NSDL,"September 30, 2018"
Consumer Durables,35837.0,-251.0,2018-09-30,CAPITAL_GOODS,NSDL,"September 30, 2018"
General Industrials,18871.0,84.0,2018-09-30,CAPITAL_GOODS,NSDL,"September 30, 2018"
Construction Materials,65453.0,-650.0,2018-09-30,CEMENT,NSDL,"September 30, 2018"
Chemicals & Petrochemicals,34679.0,212.0,2018-09-30,CHEMICALS,NSDL,"September 30, 2018"
Forest Materials,1463.0,9.0,2018-09-30,COMMODITIES,NSDL,"September 30, 2018"
Diversified,2562.0,2.0,2018-09-30,DIVERSIFIED,NSDL,"September 30, 2018"
Others,62557.0,-298.0,2018-09-30,DIVERSIFIED,NSDL,"September 30, 2018"
Coal,9553.0,-18.0,2018-09-30,ENERGY,NSDL,"September 30, 2018"
Oil & Gas,246868.0,-101.0,2018-09-30,ENERGY,NSDL,"September 30, 2018"
Total  Financial Services,886764.0,-6378.0,2018-09-30,FINANCIAL_SERVICES,NSDL,"September 30, 2018"
Insurance,7371.0,-64.0,2018-09-30,FINANCIAL_SERVICES,NSDL,"September 30, 2018"
Food & Drugs Retailing,0.0,0.0,2018-09-30,FMCG,NSDL,"September 30, 2018"
"Food, Beverages & Tobacco",105684.0,-1.0,2018-09-30,FMCG,NSDL,"September 30, 2018"
Household & Personal Products,100722.0,-191.0,2018-09-30,FMCG,NSDL,"September 30, 2018"
Healthcare Equipment & Supplies,94.0,0.0,2018-09-30,HEALTHCARE,NSDL,"September 30, 2018"
Healthcare Services,13487.0,-78.0,2018-09-30,HEALTHCARE,NSDL,"September 30, 2018"
Utilities,80199.0,753.0,2018-09-30,INFRASTRUCTURE,NSDL,"September 30, 2018"
Hardware Technology & Equipment,45.0,7.0,2018-09-30,IT,NSDL,"September 30, 2018"
Software & Services,367508.0,-1068.0,2018-09-30,IT,NSDL,"September 30, 2018"
Transportation,27363.0,-368.0,2018-09-30,LOGISTICS,NSDL,"September 30, 2018"
Media,26445.0,119.0,2018-09-30,MEDIA,NSDL,"September 30, 2018"
Metals & Mining,67264.0,315.0,2018-09-30,METAL,NSDL,"September 30, 2018"
Pharmaceuticals & Biotechnology,125137.0,415.0,2018-09-30,PHARMA,NSDL,"September 30, 2018"
Real Estate Investment,0.0,0.0,2018-09-30,REALTY,NSDL,"September 30, 2018"
Realty,21131.0,-130.0,2018-09-30,REALTY,NSDL,"September 30, 2018"
Commercial Services & Supplies,7524.0,-219.0,2018-09-30,SERVICES,NSDL,"September 30, 2018"
Diversified Consumer Services,2570.0,4.0,2018-09-30,SERVICES,NSDL,"September 30, 2018"
"Hotels, Restaurants & Tourism",12374.0,-190.0,2018-09-30,SERVICES,NSDL,"September 30, 2018"
Retailing,24734.0,-281.0,2018-09-30,SERVICES,NSDL,"September 30, 2018"
Telecom Services,53847.0,-54.0,2018-09-30,TELECOM,NSDL,"September 30, 2018"
Telecommunications Equipment,192.0,7.0,2018-09-30,TELECOM,NSDL,"September 30, 2018"
"Textiles, Apparels & Accessories",41836.0,158.0,2018-09-30,TEXTILES,NSDL,"September 30, 2018"
Automobiles & Auto Components,170664.0,-4262.0,2018-10-15,AUTO,NSDL,"October 15, 2018"
Capital Goods,94055.0,-1349.0,2018-10-15,CAPITAL_GOODS,NSDL,"October 15, 2018"
Consumer Durables,34152.0,-200.0,2018-10-15,CAPITAL_GOODS,NSDL,"October 15, 2018"
General Industrials,18554.0,66.0,2018-10-15,CAPITAL_GOODS,NSDL,"October 15, 2018"
Construction Materials,58928.0,-1550.0,2018-10-15,CEMENT,NSDL,"October 15, 2018"
Chemicals & Petrochemicals,33614.0,-282.0,2018-10-15,CHEMICALS,NSDL,"October 15, 2018"
Forest Materials,1481.0,-1.0,2018-10-15,COMMODITIES,NSDL,"October 15, 2018"
Diversified,2566.0,13.0,2018-10-15,DIVERSIFIED,NSDL,"October 15, 2018"
Others,61010.0,997.0,2018-10-15,DIVERSIFIED,NSDL,"October 15, 2018"
Coal,9901.0,-36.0,2018-10-15,ENERGY,NSDL,"October 15, 2018"
Oil & Gas,220237.0,-1843.0,2018-10-15,ENERGY,NSDL,"October 15, 2018"
Total  Financial Services,883612.0,-7036.0,2018-10-15,FINANCIAL_SERVICES,NSDL,"October 15, 2018"
Insurance,6846.0,-59.0,2018-10-15,FINANCIAL_SERVICES,NSDL,"October 15, 2018"
Food & Drugs Retailing,0.0,0.0,2018-10-15,FMCG,NSDL,"October 15, 2018"
"Food, Beverages & Tobacco",100321.0,-1000.0,2018-10-15,FMCG,NSDL,"October 15, 2018"
Household & Personal Products,94851.0,-771.0,2018-10-15,FMCG,NSDL,"October 15, 2018"
Healthcare Equipment & Supplies,99.0,0.0,2018-10-15,HEALTHCARE,NSDL,"October 15, 2018"
Healthcare Services,14176.0,-42.0,2018-10-15,HEALTHCARE,NSDL,"October 15, 2018"
Utilities,80383.0,590.0,2018-10-15,INFRASTRUCTURE,NSDL,"October 15, 2018"
Hardware Technology & Equipment,51.0,6.0,2018-10-15,IT,NSDL,"October 15, 2018"
Software & Services,338966.0,-7057.0,2018-10-15,IT,NSDL,"October 15, 2018"
Transportation,26656.0,-361.0,2018-10-15,LOGISTICS,NSDL,"October 15, 2018"
Media,28142.0,389.0,2018-10-15,MEDIA,NSDL,"October 15, 2018"
Metals & Mining,65075.0,537.0,2018-10-15,METAL,NSDL,"October 15, 2018"
Pharmaceuticals & Biotechnology,122493.0,655.0,2018-10-15,PHARMA,NSDL,"October 15, 2018"
Real Estate Investment,0.0,0.0,2018-10-15,REALTY,NSDL,"October 15, 2018"
Realty,20033.0,-138.0,2018-10-15,REALTY,NSDL,"October 15, 2018"
Commercial Services & Supplies,7902.0,41.0,2018-10-15,SERVICES,NSDL,"October 15, 2018"
Diversified Consumer Services,2525.0,0.0,2018-10-15,SERVICES,NSDL,"October 15, 2018"
"Hotels, Restaurants & Tourism",12109.0,-13.0,2018-10-15,SERVICES,NSDL,"October 15, 2018"
Retailing,24355.0,-552.0,2018-10-15,SERVICES,NSDL,"October 15, 2018"
Telecom Services,49709.0,-1664.0,2018-10-15,TELECOM,NSDL,"October 15, 2018"
Telecommunications Equipment,197.0,-7.0,2018-10-15,TELECOM,NSDL,"October 15, 2018"
"Textiles, Apparels & Accessories",39178.0,-621.0,2018-10-15,TEXTILES,NSDL,"October 15, 2018"
Automobiles & Auto Components,161303.0,-3500.0,2018-10-31,AUTO,NSDL,"October 31, 2018"
Capital Goods,95735.0,-1895.0,2018-10-31,CAPITAL_GOODS,NSDL,"October 31, 2018"
Consumer Durables,34190.0,-216.0,2018-10-31,CAPITAL_GOODS,NSDL,"October 31, 2018"
General Industrials,18777.0,139.0,2018-10-31,CAPITAL_GOODS,NSDL,"October 31, 2018"
Construction Materials,53970.0,-2356.0,2018-10-31,CEMENT,NSDL,"October 31, 2018"
Chemicals & Petrochemicals,34086.0,-371.0,2018-10-31,CHEMICALS,NSDL,"October 31, 2018"
Forest Materials,1476.0,-3.0,2018-10-31,COMMODITIES,NSDL,"October 31, 2018"
Diversified,2437.0,1.0,2018-10-31,DIVERSIFIED,NSDL,"October 31, 2018"
Others,61425.0,773.0,2018-10-31,DIVERSIFIED,NSDL,"October 31, 2018"
Coal,9471.0,-88.0,2018-10-31,ENERGY,NSDL,"October 31, 2018"
Oil & Gas,207126.0,-3581.0,2018-10-31,ENERGY,NSDL,"October 31, 2018"
Total  Financial Services,870380.0,-8205.0,2018-10-31,FINANCIAL_SERVICES,NSDL,"October 31, 2018"
Insurance,7030.0,-94.0,2018-10-31,FINANCIAL_SERVICES,NSDL,"October 31, 2018"
Food & Drugs Retailing,0.0,0.0,2018-10-31,FMCG,NSDL,"October 31, 2018"
"Food, Beverages & Tobacco",100329.0,-1319.0,2018-10-31,FMCG,NSDL,"October 31, 2018"
Household & Personal Products,96549.0,-516.0,2018-10-31,FMCG,NSDL,"October 31, 2018"
Healthcare Equipment & Supplies,98.0,0.0,2018-10-31,HEALTHCARE,NSDL,"October 31, 2018"
Healthcare Services,14230.0,76.0,2018-10-31,HEALTHCARE,NSDL,"October 31, 2018"
Utilities,82345.0,594.0,2018-10-31,INFRASTRUCTURE,NSDL,"October 31, 2018"
Hardware Technology & Equipment,49.0,6.0,2018-10-31,IT,NSDL,"October 31, 2018"
Software & Services,334867.0,-6795.0,2018-10-31,IT,NSDL,"October 31, 2018"
Transportation,26508.0,-480.0,2018-10-31,LOGISTICS,NSDL,"October 31, 2018"
Media,27220.0,343.0,2018-10-31,MEDIA,NSDL,"October 31, 2018"
Metals & Mining,62040.0,-251.0,2018-10-31,METAL,NSDL,"October 31, 2018"
Pharmaceuticals & Biotechnology,122956.0,988.0,2018-10-31,PHARMA,NSDL,"October 31, 2018"
Real Estate Investment,0.0,0.0,2018-10-31,REALTY,NSDL,"October 31, 2018"
Realty,20858.0,-28.0,2018-10-31,REALTY,NSDL,"October 31, 2018"
Commercial Services & Supplies,8158.0,114.0,2018-10-31,SERVICES,NSDL,"October 31, 2018"
Diversified Consumer Services,2609.0,-4.0,2018-10-31,SERVICES,NSDL,"October 31, 2018"
"Hotels, Restaurants & Tourism",11671.0,-32.0,2018-10-31,SERVICES,NSDL,"October 31, 2018"
Retailing,24789.0,-439.0,2018-10-31,SERVICES,NSDL,"October 31, 2018"
Telecom Services,49996.0,-1198.0,2018-10-31,TELECOM,NSDL,"October 31, 2018"
Telecommunications Equipment,197.0,-6.0,2018-10-31,TELECOM,NSDL,"October 31, 2018"
"Textiles, Apparels & Accessories",40327.0,-578.0,2018-10-31,TEXTILES,NSDL,"October 31, 2018"
Automobiles & Auto Components,174013.0,-752.0,2018-11-15,AUTO,NSDL,"November 15, 2018"
Capital Goods,101140.0,-284.0,2018-11-15,CAPITAL_GOODS,NSDL,"November 15, 2018"
Consumer Durables,36872.0,257.0,2018-11-15,CAPITAL_GOODS,NSDL,"November 15, 2018"
General Industrials,19316.0,125.0,2018-11-15,CAPITAL_GOODS,NSDL,"November 15, 2018"
Construction Materials,57700.0,-1536.0,2018-11-15,CEMENT,NSDL,"November 15, 2018"
Chemicals & Petrochemicals,38248.0,82.0,2018-11-15,CHEMICALS,NSDL,"November 15, 2018"
Forest Materials,1526.0,-18.0,2018-11-15,COMMODITIES,NSDL,"November 15, 2018"
Diversified,4099.0,4.0,2018-11-15,DIVERSIFIED,NSDL,"November 15, 2018"
Others,14193.0,-97.0,2018-11-15,DIVERSIFIED,NSDL,"November 15, 2018"
Coal,10035.0,607.0,2018-11-15,ENERGY,NSDL,"November 15, 2018"
Oil & Gas,213739.0,-2188.0,2018-11-15,ENERGY,NSDL,"November 15, 2018"
Total  Financial Services,914198.0,-4222.0,2018-11-15,FINANCIAL_SERVICES,NSDL,"November 15, 2018"
Insurance,21087.0,52.0,2018-11-15,FINANCIAL_SERVICES,NSDL,"November 15, 2018"
Food & Drugs Retailing,0.0,0.0,2018-11-15,FMCG,NSDL,"November 15, 2018"
"Food, Beverages & Tobacco",112838.0,-204.0,2018-11-15,FMCG,NSDL,"November 15, 2018"
Household & Personal Products,100103.0,166.0,2018-11-15,FMCG,NSDL,"November 15, 2018"
Healthcare Equipment & Supplies,96.0,0.0,2018-11-15,HEALTHCARE,NSDL,"November 15, 2018"
Healthcare Services,15576.0,89.0,2018-11-15,HEALTHCARE,NSDL,"November 15, 2018"
Utilities,83214.0,660.0,2018-11-15,INFRASTRUCTURE,NSDL,"November 15, 2018"
Hardware Technology & Equipment,50.0,2.0,2018-11-15,IT,NSDL,"November 15, 2018"
Software & Services,322200.0,-3208.0,2018-11-15,IT,NSDL,"November 15, 2018"
Transportation,38311.0,-325.0,2018-11-15,LOGISTICS,NSDL,"November 15, 2018"
Media,26294.0,352.0,2018-11-15,MEDIA,NSDL,"November 15, 2018"
Metals & Mining,63360.0,-387.0,2018-11-15,METAL,NSDL,"November 15, 2018"
Pharmaceuticals & Biotechnology,119605.0,1114.0,2018-11-15,PHARMA,NSDL,"November 15, 2018"
Real Estate Investment,0.0,0.0,2018-11-15,REALTY,NSDL,"November 15, 2018"
Realty,21397.0,53.0,2018-11-15,REALTY,NSDL,"November 15, 2018"
Commercial Services & Supplies,8249.0,97.0,2018-11-15,SERVICES,NSDL,"November 15, 2018"
Diversified Consumer Services,2801.0,17.0,2018-11-15,SERVICES,NSDL,"November 15, 2018"
"Hotels, Restaurants & Tourism",13110.0,-54.0,2018-11-15,SERVICES,NSDL,"November 15, 2018"
Retailing,24409.0,-287.0,2018-11-15,SERVICES,NSDL,"November 15, 2018"
Telecom Services,49912.0,597.0,2018-11-15,TELECOM,NSDL,"November 15, 2018"
Telecommunications Equipment,192.0,-5.0,2018-11-15,TELECOM,NSDL,"November 15, 2018"
"Textiles, Apparels & Accessories",41251.0,431.0,2018-11-15,TEXTILES,NSDL,"November 15, 2018"
Automobiles & Auto Components,177753.0,426.0,2018-11-30,AUTO,NSDL,"November 30, 2018"
Capital Goods,102027.0,658.0,2018-11-30,CAPITAL_GOODS,NSDL,"November 30, 2018"
Consumer Durables,37922.0,552.0,2018-11-30,CAPITAL_GOODS,NSDL,"November 30, 2018"
General Industrials,18724.0,38.0,2018-11-30,CAPITAL_GOODS,NSDL,"November 30, 2018"
Construction Materials,58929.0,-325.0,2018-11-30,CEMENT,NSDL,"November 30, 2018"
Chemicals & Petrochemicals,38708.0,407.0,2018-11-30,CHEMICALS,NSDL,"November 30, 2018"
Forest Materials,1491.0,-17.0,2018-11-30,COMMODITIES,NSDL,"November 30, 2018"
Diversified,4010.0,-15.0,2018-11-30,DIVERSIFIED,NSDL,"November 30, 2018"
Others,14214.0,-757.0,2018-11-30,DIVERSIFIED,NSDL,"November 30, 2018"
Coal,9285.0,522.0,2018-11-30,ENERGY,NSDL,"November 30, 2018"
Oil & Gas,222344.0,-303.0,2018-11-30,ENERGY,NSDL,"November 30, 2018"
Total  Financial Services,942882.0,1621.0,2018-11-30,FINANCIAL_SERVICES,NSDL,"November 30, 2018"
Insurance,21161.0,-8.0,2018-11-30,FINANCIAL_SERVICES,NSDL,"November 30, 2018"
Food & Drugs Retailing,0.0,0.0,2018-11-30,FMCG,NSDL,"November 30, 2018"
"Food, Beverages & Tobacco",112374.0,789.0,2018-11-30,FMCG,NSDL,"November 30, 2018"
Household & Personal Products,103612.0,206.0,2018-11-30,FMCG,NSDL,"November 30, 2018"
Healthcare Equipment & Supplies,95.0,0.0,2018-11-30,HEALTHCARE,NSDL,"November 30, 2018"
Healthcare Services,15610.0,121.0,2018-11-30,HEALTHCARE,NSDL,"November 30, 2018"
Utilities,81557.0,734.0,2018-11-30,INFRASTRUCTURE,NSDL,"November 30, 2018"
Hardware Technology & Equipment,46.0,-2.0,2018-11-30,IT,NSDL,"November 30, 2018"
Software & Services,330572.0,228.0,2018-11-30,IT,NSDL,"November 30, 2018"
Transportation,39363.0,217.0,2018-11-30,LOGISTICS,NSDL,"November 30, 2018"
Media,27969.0,32.0,2018-11-30,MEDIA,NSDL,"November 30, 2018"
Metals & Mining,57980.0,-812.0,2018-11-30,METAL,NSDL,"November 30, 2018"
Pharmaceuticals & Biotechnology,120955.0,1226.0,2018-11-30,PHARMA,NSDL,"November 30, 2018"
Real Estate Investment,0.0,0.0,2018-11-30,REALTY,NSDL,"November 30, 2018"
Realty,22296.0,-8.0,2018-11-30,REALTY,NSDL,"November 30, 2018"
Commercial Services & Supplies,7795.0,41.0,2018-11-30,SERVICES,NSDL,"November 30, 2018"
Diversified Consumer Services,2800.0,42.0,2018-11-30,SERVICES,NSDL,"November 30, 2018"
"Hotels, Restaurants & Tourism",13626.0,19.0,2018-11-30,SERVICES,NSDL,"November 30, 2018"
Retailing,25534.0,-527.0,2018-11-30,SERVICES,NSDL,"November 30, 2018"
Telecom Services,50877.0,553.0,2018-11-30,TELECOM,NSDL,"November 30, 2018"
Telecommunications Equipment,181.0,-1.0,2018-11-30,TELECOM,NSDL,"November 30, 2018"
"Textiles, Apparels & Accessories",40921.0,323.0,2018-11-30,TEXTILES,NSDL,"November 30, 2018"
Automobiles & Auto Components,180267.0,392.0,2018-12-15,AUTO,NSDL,"December 15, 2018"
Capital Goods,99866.0,-391.0,2018-12-15,CAPITAL_GOODS,NSDL,"December 15, 2018"
Consumer Durables,38533.0,236.0,2018-12-15,CAPITAL_GOODS,NSDL,"December 15, 2018"
General Industrials,17948.0,-277.0,2018-12-15,CAPITAL_GOODS,NSDL,"December 15, 2018"
Construction Materials,57787.0,89.0,2018-12-15,CEMENT,NSDL,"December 15, 2018"
Chemicals & Petrochemicals,38718.0,-14.0,2018-12-15,CHEMICALS,NSDL,"December 15, 2018"
Forest Materials,1454.0,-43.0,2018-12-15,COMMODITIES,NSDL,"December 15, 2018"
Diversified,4020.0,-70.0,2018-12-15,DIVERSIFIED,NSDL,"December 15, 2018"
Others,33315.0,6398.0,2018-12-15,DIVERSIFIED,NSDL,"December 15, 2018"
Coal,9412.0,-77.0,2018-12-15,ENERGY,NSDL,"December 15, 2018"
Oil & Gas,214673.0,-431.0,2018-12-15,ENERGY,NSDL,"December 15, 2018"
Total  Financial Services,936122.0,704.0,2018-12-15,FINANCIAL_SERVICES,NSDL,"December 15, 2018"
Insurance,21671.0,660.0,2018-12-15,FINANCIAL_SERVICES,NSDL,"December 15, 2018"
Food & Drugs Retailing,0.0,0.0,2018-12-15,FMCG,NSDL,"December 15, 2018"
"Food, Beverages & Tobacco",101890.0,285.0,2018-12-15,FMCG,NSDL,"December 15, 2018"
Household & Personal Products,110040.0,-19.0,2018-12-15,FMCG,NSDL,"December 15, 2018"
Healthcare Equipment & Supplies,97.0,0.0,2018-12-15,HEALTHCARE,NSDL,"December 15, 2018"
Healthcare Services,15475.0,180.0,2018-12-15,HEALTHCARE,NSDL,"December 15, 2018"
Utilities,82816.0,759.0,2018-12-15,INFRASTRUCTURE,NSDL,"December 15, 2018"
Hardware Technology & Equipment,44.0,-3.0,2018-12-15,IT,NSDL,"December 15, 2018"
Software & Services,336562.0,-407.0,2018-12-15,IT,NSDL,"December 15, 2018"
Transportation,39288.0,25.0,2018-12-15,LOGISTICS,NSDL,"December 15, 2018"
Media,27914.0,-120.0,2018-12-15,MEDIA,NSDL,"December 15, 2018"
Metals & Mining,56544.0,-960.0,2018-12-15,METAL,NSDL,"December 15, 2018"
Pharmaceuticals & Biotechnology,115361.0,389.0,2018-12-15,PHARMA,NSDL,"December 15, 2018"
Real Estate Investment,0.0,0.0,2018-12-15,REALTY,NSDL,"December 15, 2018"
Realty,22894.0,96.0,2018-12-15,REALTY,NSDL,"December 15, 2018"
Commercial Services & Supplies,7800.0,-154.0,2018-12-15,SERVICES,NSDL,"December 15, 2018"
Diversified Consumer Services,2837.0,27.0,2018-12-15,SERVICES,NSDL,"December 15, 2018"
"Hotels, Restaurants & Tourism",13547.0,16.0,2018-12-15,SERVICES,NSDL,"December 15, 2018"
Retailing,26732.0,-28.0,2018-12-15,SERVICES,NSDL,"December 15, 2018"
Telecom Services,50556.0,235.0,2018-12-15,TELECOM,NSDL,"December 15, 2018"
Telecommunications Equipment,179.0,-3.0,2018-12-15,TELECOM,NSDL,"December 15, 2018"
"Textiles, Apparels & Accessories",39729.0,-329.0,2018-12-15,TEXTILES,NSDL,"December 15, 2018"
Automobiles & Auto Components,179104.0,636.0,2018-12-31,AUTO,NSDL,"December 31, 2018"
Capital Goods,101659.0,-227.0,2018-12-31,CAPITAL_GOODS,NSDL,"December 31, 2018"
Consumer Durables,39285.0,-56.0,2018-12-31,CAPITAL_GOODS,NSDL,"December 31, 2018"
General Industrials,18430.0,-405.0,2018-12-31,CAPITAL_GOODS,NSDL,"December 31, 2018"
Construction Materials,58292.0,387.0,2018-12-31,CEMENT,NSDL,"December 31, 2018"
Chemicals & Petrochemicals,38137.0,-456.0,2018-12-31,CHEMICALS,NSDL,"December 31, 2018"
Forest Materials,1422.0,-67.0,2018-12-31,COMMODITIES,NSDL,"December 31, 2018"
Diversified,3767.0,-63.0,2018-12-31,DIVERSIFIED,NSDL,"December 31, 2018"
Others,31818.0,4560.0,2018-12-31,DIVERSIFIED,NSDL,"December 31, 2018"
Coal,9099.0,-27.0,2018-12-31,ENERGY,NSDL,"December 31, 2018"
Oil & Gas,217795.0,-764.0,2018-12-31,ENERGY,NSDL,"December 31, 2018"
Total  Financial Services,959590.0,358.0,2018-12-31,FINANCIAL_SERVICES,NSDL,"December 31, 2018"
Insurance,21908.0,656.0,2018-12-31,FINANCIAL_SERVICES,NSDL,"December 31, 2018"
Food & Drugs Retailing,0.0,0.0,2018-12-31,FMCG,NSDL,"December 31, 2018"
"Food, Beverages & Tobacco",104422.0,191.0,2018-12-31,FMCG,NSDL,"December 31, 2018"
Household & Personal Products,109152.0,233.0,2018-12-31,FMCG,NSDL,"December 31, 2018"
Healthcare Equipment & Supplies,97.0,-1.0,2018-12-31,HEALTHCARE,NSDL,"December 31, 2018"
Healthcare Services,15483.0,109.0,2018-12-31,HEALTHCARE,NSDL,"December 31, 2018"
Utilities,86155.0,1134.0,2018-12-31,INFRASTRUCTURE,NSDL,"December 31, 2018"
Hardware Technology & Equipment,43.0,-1.0,2018-12-31,IT,NSDL,"December 31, 2018"
Software & Services,323497.0,-1728.0,2018-12-31,IT,NSDL,"December 31, 2018"
Transportation,41217.0,-231.0,2018-12-31,LOGISTICS,NSDL,"December 31, 2018"
Media,27396.0,-12.0,2018-12-31,MEDIA,NSDL,"December 31, 2018"
Metals & Mining,58261.0,-139.0,2018-12-31,METAL,NSDL,"December 31, 2018"
Pharmaceuticals & Biotechnology,116754.0,-846.0,2018-12-31,PHARMA,NSDL,"December 31, 2018"
Real Estate Investment,0.0,0.0,2018-12-31,REALTY,NSDL,"December 31, 2018"
Realty,22379.0,-47.0,2018-12-31,REALTY,NSDL,"December 31, 2018"
Commercial Services & Supplies,8223.0,-99.0,2018-12-31,SERVICES,NSDL,"December 31, 2018"
Diversified Consumer Services,2808.0,-12.0,2018-12-31,SERVICES,NSDL,"December 31, 2018"
"Hotels, Restaurants & Tourism",13624.0,-165.0,2018-12-31,SERVICES,NSDL,"December 31, 2018"
Retailing,26610.0,510.0,2018-12-31,SERVICES,NSDL,"December 31, 2018"
Telecom Services,51050.0,-4.0,2018-12-31,TELECOM,NSDL,"December 31, 2018"
Telecommunications Equipment,182.0,-10.0,2018-12-31,TELECOM,NSDL,"December 31, 2018"
"Textiles, Apparels & Accessories",39891.0,-268.0,2018-12-31,TEXTILES,NSDL,"December 31, 2018"
Automobiles & Auto Components,169820.0,-72.0,2019-01-15,AUTO,NSDL,"January 15, 2019"
Capital Goods,98627.0,-449.0,2019-01-15,CAPITAL_GOODS,NSDL,"January 15, 2019"
Consumer Durables,39530.0,-168.0,2019-01-15,CAPITAL_GOODS,NSDL,"January 15, 2019"
General Industrials,17987.0,-114.0,2019-01-15,CAPITAL_GOODS,NSDL,"January 15, 2019"
Construction Materials,56078.0,573.0,2019-01-15,CEMENT,NSDL,"January 15, 2019"
Chemicals & Petrochemicals,38769.0,-180.0,2019-01-15,CHEMICALS,NSDL,"January 15, 2019"
Forest Materials,1334.0,-76.0,2019-01-15,COMMODITIES,NSDL,"January 15, 2019"
Diversified,3818.0,-22.0,2019-01-15,DIVERSIFIED,NSDL,"January 15, 2019"
Others,31870.0,-2855.0,2019-01-15,DIVERSIFIED,NSDL,"January 15, 2019"
Coal,8833.0,-2.0,2019-01-15,ENERGY,NSDL,"January 15, 2019"
Oil & Gas,216596.0,314.0,2019-01-15,ENERGY,NSDL,"January 15, 2019"
Total  Financial Services,958338.0,-974.0,2019-01-15,FINANCIAL_SERVICES,NSDL,"January 15, 2019"
Insurance,22690.0,90.0,2019-01-15,FINANCIAL_SERVICES,NSDL,"January 15, 2019"
Food & Drugs Retailing,0.0,0.0,2019-01-15,FMCG,NSDL,"January 15, 2019"
"Food, Beverages & Tobacco",107908.0,970.0,2019-01-15,FMCG,NSDL,"January 15, 2019"
Household & Personal Products,107966.0,811.0,2019-01-15,FMCG,NSDL,"January 15, 2019"
Healthcare Equipment & Supplies,98.0,-1.0,2019-01-15,HEALTHCARE,NSDL,"January 15, 2019"
Healthcare Services,15994.0,-37.0,2019-01-15,HEALTHCARE,NSDL,"January 15, 2019"
Utilities,83772.0,977.0,2019-01-15,INFRASTRUCTURE,NSDL,"January 15, 2019"
Hardware Technology & Equipment,43.0,-1.0,2019-01-15,IT,NSDL,"January 15, 2019"
Software & Services,329106.0,-1420.0,2019-01-15,IT,NSDL,"January 15, 2019"
Transportation,40110.0,-38.0,2019-01-15,LOGISTICS,NSDL,"January 15, 2019"
Media,26395.0,-284.0,2019-01-15,MEDIA,NSDL,"January 15, 2019"
Metals & Mining,54200.0,-561.0,2019-01-15,METAL,NSDL,"January 15, 2019"
Pharmaceuticals & Biotechnology,118395.0,-76.0,2019-01-15,PHARMA,NSDL,"January 15, 2019"
Real Estate Investment,0.0,0.0,2019-01-15,REALTY,NSDL,"January 15, 2019"
Realty,22837.0,-195.0,2019-01-15,REALTY,NSDL,"January 15, 2019"
Commercial Services & Supplies,7837.0,87.0,2019-01-15,SERVICES,NSDL,"January 15, 2019"
Diversified Consumer Services,2801.0,-25.0,2019-01-15,SERVICES,NSDL,"January 15, 2019"
"Hotels, Restaurants & Tourism",13249.0,-238.0,2019-01-15,SERVICES,NSDL,"January 15, 2019"
Retailing,26454.0,335.0,2019-01-15,SERVICES,NSDL,"January 15, 2019"
Telecom Services,54452.0,473.0,2019-01-15,TELECOM,NSDL,"January 15, 2019"
Telecommunications Equipment,210.0,-8.0,2019-01-15,TELECOM,NSDL,"January 15, 2019"
"Textiles, Apparels & Accessories",40055.0,-54.0,2019-01-15,TEXTILES,NSDL,"January 15, 2019"
Automobiles & Auto Components,154934.0,-932.0,2019-01-31,AUTO,NSDL,"January 31, 2019"
Capital Goods,93736.0,-1649.0,2019-01-31,CAPITAL_GOODS,NSDL,"January 31, 2019"
Consumer Durables,39366.0,64.0,2019-01-31,CAPITAL_GOODS,NSDL,"January 31, 2019"
General Industrials,17426.0,57.0,2019-01-31,CAPITAL_GOODS,NSDL,"January 31, 2019"
Construction Materials,50440.0,-129.0,2019-01-31,CEMENT,NSDL,"January 31, 2019"
Chemicals & Petrochemicals,38024.0,-12.0,2019-01-31,CHEMICALS,NSDL,"January 31, 2019"
Forest Materials,1204.0,-53.0,2019-01-31,COMMODITIES,NSDL,"January 31, 2019"
Diversified,3553.0,-24.0,2019-01-31,DIVERSIFIED,NSDL,"January 31, 2019"
Others,35004.0,-1295.0,2019-01-31,DIVERSIFIED,NSDL,"January 31, 2019"
Coal,8548.0,162.0,2019-01-31,ENERGY,NSDL,"January 31, 2019"
Oil & Gas,232534.0,1999.0,2019-01-31,ENERGY,NSDL,"January 31, 2019"
Total  Financial Services,939889.0,-3121.0,2019-01-31,FINANCIAL_SERVICES,NSDL,"January 31, 2019"
Insurance,20956.0,93.0,2019-01-31,FINANCIAL_SERVICES,NSDL,"January 31, 2019"
Food & Drugs Retailing,0.0,0.0,2019-01-31,FMCG,NSDL,"January 31, 2019"
"Food, Beverages & Tobacco",102873.0,393.0,2019-01-31,FMCG,NSDL,"January 31, 2019"
Household & Personal Products,104895.0,423.0,2019-01-31,FMCG,NSDL,"January 31, 2019"
Healthcare Equipment & Supplies,96.0,0.0,2019-01-31,HEALTHCARE,NSDL,"January 31, 2019"
Healthcare Services,15986.0,44.0,2019-01-31,HEALTHCARE,NSDL,"January 31, 2019"
Utilities,81958.0,141.0,2019-01-31,INFRASTRUCTURE,NSDL,"January 31, 2019"
Hardware Technology & Equipment,40.0,0.0,2019-01-31,IT,NSDL,"January 31, 2019"
Software & Services,346505.0,-194.0,2019-01-31,IT,NSDL,"January 31, 2019"
Transportation,37424.0,-572.0,2019-01-31,LOGISTICS,NSDL,"January 31, 2019"
Media,23428.0,671.0,2019-01-31,MEDIA,NSDL,"January 31, 2019"
Metals & Mining,52690.0,-956.0,2019-01-31,METAL,NSDL,"January 31, 2019"
Pharmaceuticals & Biotechnology,116571.0,881.0,2019-01-31,PHARMA,NSDL,"January 31, 2019"
Real Estate Investment,0.0,0.0,2019-01-31,REALTY,NSDL,"January 31, 2019"
Realty,21903.0,-85.0,2019-01-31,REALTY,NSDL,"January 31, 2019"
Commercial Services & Supplies,7159.0,30.0,2019-01-31,SERVICES,NSDL,"January 31, 2019"
Diversified Consumer Services,2602.0,-9.0,2019-01-31,SERVICES,NSDL,"January 31, 2019"
"Hotels, Restaurants & Tourism",13041.0,-307.0,2019-01-31,SERVICES,NSDL,"January 31, 2019"
Retailing,26510.0,15.0,2019-01-31,SERVICES,NSDL,"January 31, 2019"
Telecom Services,52350.0,469.0,2019-01-31,TELECOM,NSDL,"January 31, 2019"
Telecommunications Equipment,192.0,2.0,2019-01-31,TELECOM,NSDL,"January 31, 2019"
"Textiles, Apparels & Accessories",39695.0,-368.0,2019-01-31,TEXTILES,NSDL,"January 31, 2019"
Automobiles & Auto Components,156794.0,-400.0,2019-02-15,AUTO,NSDL,"February 15, 2019"
Capital Goods,88096.0,-1245.0,2019-02-15,CAPITAL_GOODS,NSDL,"February 15, 2019"
Consumer Durables,38186.0,142.0,2019-02-15,CAPITAL_GOODS,NSDL,"February 15, 2019"
General Industrials,16950.0,85.0,2019-02-15,CAPITAL_GOODS,NSDL,"February 15, 2019"
Construction Materials,49196.0,-448.0,2019-02-15,CEMENT,NSDL,"February 15, 2019"
Chemicals & Petrochemicals,37541.0,100.0,2019-02-15,CHEMICALS,NSDL,"February 15, 2019"
Forest Materials,1121.0,-12.0,2019-02-15,COMMODITIES,NSDL,"February 15, 2019"
Diversified,3618.0,-15.0,2019-02-15,DIVERSIFIED,NSDL,"February 15, 2019"
Others,33295.0,-1555.0,2019-02-15,DIVERSIFIED,NSDL,"February 15, 2019"
Coal,8489.0,128.0,2019-02-15,ENERGY,NSDL,"February 15, 2019"
Oil & Gas,230063.0,1715.0,2019-02-15,ENERGY,NSDL,"February 15, 2019"
Total  Financial Services,926525.0,3138.0,2019-02-15,FINANCIAL_SERVICES,NSDL,"February 15, 2019"
Insurance,20978.0,86.0,2019-02-15,FINANCIAL_SERVICES,NSDL,"February 15, 2019"
Food & Drugs Retailing,0.0,0.0,2019-02-15,FMCG,NSDL,"February 15, 2019"
"Food, Beverages & Tobacco",100601.0,219.0,2019-02-15,FMCG,NSDL,"February 15, 2019"
Household & Personal Products,101910.0,-120.0,2019-02-15,FMCG,NSDL,"February 15, 2019"
Healthcare Equipment & Supplies,95.0,1.0,2019-02-15,HEALTHCARE,NSDL,"February 15, 2019"
Healthcare Services,14520.0,-82.0,2019-02-15,HEALTHCARE,NSDL,"February 15, 2019"
Utilities,78259.0,321.0,2019-02-15,INFRASTRUCTURE,NSDL,"February 15, 2019"
Hardware Technology & Equipment,38.0,1.0,2019-02-15,IT,NSDL,"February 15, 2019"
Software & Services,351650.0,1165.0,2019-02-15,IT,NSDL,"February 15, 2019"
Transportation,35002.0,-427.0,2019-02-15,LOGISTICS,NSDL,"February 15, 2019"
Media,26464.0,1787.0,2019-02-15,MEDIA,NSDL,"February 15, 2019"
Metals & Mining,47182.0,-625.0,2019-02-15,METAL,NSDL,"February 15, 2019"
Pharmaceuticals & Biotechnology,114010.0,1280.0,2019-02-15,PHARMA,NSDL,"February 15, 2019"
Real Estate Investment,0.0,0.0,2019-02-15,REALTY,NSDL,"February 15, 2019"
Realty,21488.0,97.0,2019-02-15,REALTY,NSDL,"February 15, 2019"
Commercial Services & Supplies,6714.0,33.0,2019-02-15,SERVICES,NSDL,"February 15, 2019"
Diversified Consumer Services,2795.0,34.0,2019-02-15,SERVICES,NSDL,"February 15, 2019"
"Hotels, Restaurants & Tourism",13122.0,-34.0,2019-02-15,SERVICES,NSDL,"February 15, 2019"
Retailing,26335.0,1.0,2019-02-15,SERVICES,NSDL,"February 15, 2019"
Telecom Services,53202.0,159.0,2019-02-15,TELECOM,NSDL,"February 15, 2019"
Telecommunications Equipment,183.0,11.0,2019-02-15,TELECOM,NSDL,"February 15, 2019"
"Textiles, Apparels & Accessories",39573.0,-315.0,2019-02-15,TEXTILES,NSDL,"February 15, 2019"
Automobiles & Auto Components,158610.0,-139.0,2019-02-28,AUTO,NSDL,"February 28, 2019"
Capital Goods,91977.0,-649.0,2019-02-28,CAPITAL_GOODS,NSDL,"February 28, 2019"
Consumer Durables,39198.0,97.0,2019-02-28,CAPITAL_GOODS,NSDL,"February 28, 2019"
General Industrials,17766.0,61.0,2019-02-28,CAPITAL_GOODS,NSDL,"February 28, 2019"
Construction Materials,53480.0,23.0,2019-02-28,CEMENT,NSDL,"February 28, 2019"
Chemicals & Petrochemicals,39722.0,539.0,2019-02-28,CHEMICALS,NSDL,"February 28, 2019"
Forest Materials,1135.0,-20.0,2019-02-28,COMMODITIES,NSDL,"February 28, 2019"
Diversified,4009.0,16.0,2019-02-28,DIVERSIFIED,NSDL,"February 28, 2019"
Others,40753.0,5296.0,2019-02-28,DIVERSIFIED,NSDL,"February 28, 2019"
Coal,8882.0,194.0,2019-02-28,ENERGY,NSDL,"February 28, 2019"
Oil & Gas,233284.0,48.0,2019-02-28,ENERGY,NSDL,"February 28, 2019"
Total  Financial Services,934321.0,10326.0,2019-02-28,FINANCIAL_SERVICES,NSDL,"February 28, 2019"
Insurance,21471.0,278.0,2019-02-28,FINANCIAL_SERVICES,NSDL,"February 28, 2019"
Food & Drugs Retailing,0.0,0.0,2019-02-28,FMCG,NSDL,"February 28, 2019"
"Food, Beverages & Tobacco",99807.0,-763.0,2019-02-28,FMCG,NSDL,"February 28, 2019"
Household & Personal Products,101120.0,-651.0,2019-02-28,FMCG,NSDL,"February 28, 2019"
Healthcare Equipment & Supplies,93.0,3.0,2019-02-28,HEALTHCARE,NSDL,"February 28, 2019"
Healthcare Services,14472.0,-215.0,2019-02-28,HEALTHCARE,NSDL,"February 28, 2019"
Utilities,80539.0,871.0,2019-02-28,INFRASTRUCTURE,NSDL,"February 28, 2019"
Hardware Technology & Equipment,37.0,1.0,2019-02-28,IT,NSDL,"February 28, 2019"
Software & Services,348777.0,684.0,2019-02-28,IT,NSDL,"February 28, 2019"
Transportation,35481.0,220.0,2019-02-28,LOGISTICS,NSDL,"February 28, 2019"
Media,28602.0,671.0,2019-02-28,MEDIA,NSDL,"February 28, 2019"
Metals & Mining,50763.0,-420.0,2019-02-28,METAL,NSDL,"February 28, 2019"
Pharmaceuticals & Biotechnology,116800.0,471.0,2019-02-28,PHARMA,NSDL,"February 28, 2019"
Real Estate Investment,0.0,0.0,2019-02-28,REALTY,NSDL,"February 28, 2019"
Realty,22285.0,90.0,2019-02-28,REALTY,NSDL,"February 28, 2019"
Commercial Services & Supplies,7137.0,-10.0,2019-02-28,SERVICES,NSDL,"February 28, 2019"
Diversified Consumer Services,2861.0,54.0,2019-02-28,SERVICES,NSDL,"February 28, 2019"
"Hotels, Restaurants & Tourism",12965.0,95.0,2019-02-28,SERVICES,NSDL,"February 28, 2019"
Retailing,26577.0,-109.0,2019-02-28,SERVICES,NSDL,"February 28, 2019"
Telecom Services,53795.0,271.0,2019-02-28,TELECOM,NSDL,"February 28, 2019"
Telecommunications Equipment,183.0,9.0,2019-02-28,TELECOM,NSDL,"February 28, 2019"
"Textiles, Apparels & Accessories",39766.0,-120.0,2019-02-28,TEXTILES,NSDL,"February 28, 2019"
Automobiles & Auto Components,167050.0,-255.0,2019-03-15,AUTO,NSDL,"March 15, 2019"
Capital Goods,99262.0,650.0,2019-03-15,CAPITAL_GOODS,NSDL,"March 15, 2019"
Consumer Durables,40969.0,294.0,2019-03-15,CAPITAL_GOODS,NSDL,"March 15, 2019"
General Industrials,18786.0,158.0,2019-03-15,CAPITAL_GOODS,NSDL,"March 15, 2019"
Construction Materials,56653.0,537.0,2019-03-15,CEMENT,NSDL,"March 15, 2019"
Chemicals & Petrochemicals,42218.0,542.0,2019-03-15,CHEMICALS,NSDL,"March 15, 2019"
Forest Materials,1231.0,-17.0,2019-03-15,COMMODITIES,NSDL,"March 15, 2019"
Diversified,4199.0,-76.0,2019-03-15,DIVERSIFIED,NSDL,"March 15, 2019"
Others,36227.0,-432.0,2019-03-15,DIVERSIFIED,NSDL,"March 15, 2019"
Coal,10470.0,1157.0,2019-03-15,ENERGY,NSDL,"March 15, 2019"
Oil & Gas,255253.0,3161.0,2019-03-15,ENERGY,NSDL,"March 15, 2019"
Total  Financial Services,1021577.0,13281.0,2019-03-15,FINANCIAL_SERVICES,NSDL,"March 15, 2019"
Insurance,30485.0,6908.0,2019-03-15,FINANCIAL_SERVICES,NSDL,"March 15, 2019"
Food & Drugs Retailing,0.0,0.0,2019-03-15,FMCG,NSDL,"March 15, 2019"
"Food, Beverages & Tobacco",104685.0,-468.0,2019-03-15,FMCG,NSDL,"March 15, 2019"
Household & Personal Products,100838.0,-221.0,2019-03-15,FMCG,NSDL,"March 15, 2019"
Healthcare Equipment & Supplies,97.0,2.0,2019-03-15,HEALTHCARE,NSDL,"March 15, 2019"
Healthcare Services,14451.0,-196.0,2019-03-15,HEALTHCARE,NSDL,"March 15, 2019"
Utilities,87763.0,1959.0,2019-03-15,INFRASTRUCTURE,NSDL,"March 15, 2019"
Hardware Technology & Equipment,39.0,0.0,2019-03-15,IT,NSDL,"March 15, 2019"
Software & Services,347896.0,869.0,2019-03-15,IT,NSDL,"March 15, 2019"
Transportation,40313.0,456.0,2019-03-15,LOGISTICS,NSDL,"March 15, 2019"
Media,28494.0,-452.0,2019-03-15,MEDIA,NSDL,"March 15, 2019"
Metals & Mining,52739.0,285.0,2019-03-15,METAL,NSDL,"March 15, 2019"
Pharmaceuticals & Biotechnology,122462.0,929.0,2019-03-15,PHARMA,NSDL,"March 15, 2019"
Real Estate Investment,0.0,0.0,2019-03-15,REALTY,NSDL,"March 15, 2019"
Realty,24390.0,-8.0,2019-03-15,REALTY,NSDL,"March 15, 2019"
Commercial Services & Supplies,7839.0,26.0,2019-03-15,SERVICES,NSDL,"March 15, 2019"
Diversified Consumer Services,2832.0,26.0,2019-03-15,SERVICES,NSDL,"March 15, 2019"
"Hotels, Restaurants & Tourism",13814.0,-128.0,2019-03-15,SERVICES,NSDL,"March 15, 2019"
Retailing,28157.0,-124.0,2019-03-15,SERVICES,NSDL,"March 15, 2019"
Telecom Services,58009.0,911.0,2019-03-15,TELECOM,NSDL,"March 15, 2019"
Telecommunications Equipment,197.0,1.0,2019-03-15,TELECOM,NSDL,"March 15, 2019"
"Textiles, Apparels & Accessories",42671.0,49.0,2019-03-15,TEXTILES,NSDL,"March 15, 2019"
Automobiles & Auto Components,157761.0,-479.0,2019-03-31,AUTO,NSDL,"March 31, 2019"
Capital Goods,100021.0,1549.0,2019-03-31,CAPITAL_GOODS,NSDL,"March 31, 2019"
Consumer Durables,42691.0,537.0,2019-03-31,CAPITAL_GOODS,NSDL,"March 31, 2019"
General Industrials,18668.0,177.0,2019-03-31,CAPITAL_GOODS,NSDL,"March 31, 2019"
Construction Materials,58873.0,462.0,2019-03-31,CEMENT,NSDL,"March 31, 2019"
Chemicals & Petrochemicals,44153.0,255.0,2019-03-31,CHEMICALS,NSDL,"March 31, 2019"
Forest Materials,1248.0,-10.0,2019-03-31,COMMODITIES,NSDL,"March 31, 2019"
Diversified,4109.0,-105.0,2019-03-31,DIVERSIFIED,NSDL,"March 31, 2019"
Others,40821.0,-6947.0,2019-03-31,DIVERSIFIED,NSDL,"March 31, 2019"
Coal,10522.0,1300.0,2019-03-31,ENERGY,NSDL,"March 31, 2019"
Oil & Gas,265520.0,5901.0,2019-03-31,ENERGY,NSDL,"March 31, 2019"
Total  Financial Services,1059990.0,15802.0,2019-03-31,FINANCIAL_SERVICES,NSDL,"March 31, 2019"
Insurance,31134.0,7367.0,2019-03-31,FINANCIAL_SERVICES,NSDL,"March 31, 2019"
Food & Drugs Retailing,0.0,0.0,2019-03-31,FMCG,NSDL,"March 31, 2019"
"Food, Beverages & Tobacco",106530.0,883.0,2019-03-31,FMCG,NSDL,"March 31, 2019"
Household & Personal Products,100515.0,556.0,2019-03-31,FMCG,NSDL,"March 31, 2019"
Healthcare Equipment & Supplies,98.0,0.0,2019-03-31,HEALTHCARE,NSDL,"March 31, 2019"
Healthcare Services,15037.0,-96.0,2019-03-31,HEALTHCARE,NSDL,"March 31, 2019"
Utilities,89540.0,2238.0,2019-03-31,INFRASTRUCTURE,NSDL,"March 31, 2019"
Hardware Technology & Equipment,37.0,-1.0,2019-03-31,IT,NSDL,"March 31, 2019"
Software & Services,349389.0,546.0,2019-03-31,IT,NSDL,"March 31, 2019"
Transportation,41935.0,411.0,2019-03-31,LOGISTICS,NSDL,"March 31, 2019"
Media,27807.0,-437.0,2019-03-31,MEDIA,NSDL,"March 31, 2019"
Metals & Mining,54060.0,462.0,2019-03-31,METAL,NSDL,"March 31, 2019"
Pharmaceuticals & Biotechnology,124211.0,2143.0,2019-03-31,PHARMA,NSDL,"March 31, 2019"
Real Estate Investment,0.0,0.0,2019-03-31,REALTY,NSDL,"March 31, 2019"
Realty,26263.0,-50.0,2019-03-31,REALTY,NSDL,"March 31, 2019"
Commercial Services & Supplies,8045.0,55.0,2019-03-31,SERVICES,NSDL,"March 31, 2019"
Diversified Consumer Services,3039.0,71.0,2019-03-31,SERVICES,NSDL,"March 31, 2019"
"Hotels, Restaurants & Tourism",14405.0,-189.0,2019-03-31,SERVICES,NSDL,"March 31, 2019"
Retailing,28305.0,453.0,2019-03-31,SERVICES,NSDL,"March 31, 2019"
Telecom Services,55666.0,681.0,2019-03-31,TELECOM,NSDL,"March 31, 2019"
Telecommunications Equipment,191.0,-3.0,2019-03-31,TELECOM,NSDL,"March 31, 2019"
"Textiles, Apparels & Accessories",44327.0,453.0,2019-03-31,TEXTILES,NSDL,"March 31, 2019"
Automobiles & Auto Components,165694.0,-114.0,2019-04-15,AUTO,NSDL,"April 15, 2019"
Capital Goods,103004.0,642.0,2019-04-15,CAPITAL_GOODS,NSDL,"April 15, 2019"
Consumer Durables,42033.0,516.0,2019-04-15,CAPITAL_GOODS,NSDL,"April 15, 2019"
General Industrials,18879.0,126.0,2019-04-15,CAPITAL_GOODS,NSDL,"April 15, 2019"
Construction Materials,59603.0,-741.0,2019-04-15,CEMENT,NSDL,"April 15, 2019"
Chemicals & Petrochemicals,44162.0,26.0,2019-04-15,CHEMICALS,NSDL,"April 15, 2019"
Forest Materials,1279.0,9.0,2019-04-15,COMMODITIES,NSDL,"April 15, 2019"
Diversified,4121.0,-22.0,2019-04-15,DIVERSIFIED,NSDL,"April 15, 2019"
Others,40642.0,6184.0,2019-04-15,DIVERSIFIED,NSDL,"April 15, 2019"
Coal,11474.0,607.0,2019-04-15,ENERGY,NSDL,"April 15, 2019"
Oil & Gas,260497.0,4237.0,2019-04-15,ENERGY,NSDL,"April 15, 2019"
Total  Financial Services,1064802.0,12866.0,2019-04-15,FINANCIAL_SERVICES,NSDL,"April 15, 2019"
Insurance,35401.0,2994.0,2019-04-15,FINANCIAL_SERVICES,NSDL,"April 15, 2019"
Food & Drugs Retailing,0.0,0.0,2019-04-15,FMCG,NSDL,"April 15, 2019"
"Food, Beverages & Tobacco",108636.0,336.0,2019-04-15,FMCG,NSDL,"April 15, 2019"
Household & Personal Products,101339.0,561.0,2019-04-15,FMCG,NSDL,"April 15, 2019"
Healthcare Equipment & Supplies,97.0,0.0,2019-04-15,HEALTHCARE,NSDL,"April 15, 2019"
Healthcare Services,15453.0,-7.0,2019-04-15,HEALTHCARE,NSDL,"April 15, 2019"
Utilities,91080.0,1890.0,2019-04-15,INFRASTRUCTURE,NSDL,"April 15, 2019"
Hardware Technology & Equipment,46.0,5.0,2019-04-15,IT,NSDL,"April 15, 2019"
Software & Services,356644.0,-620.0,2019-04-15,IT,NSDL,"April 15, 2019"
Transportation,42487.0,28.0,2019-04-15,LOGISTICS,NSDL,"April 15, 2019"
Media,26289.0,-341.0,2019-04-15,MEDIA,NSDL,"April 15, 2019"
Metals & Mining,55175.0,-118.0,2019-04-15,METAL,NSDL,"April 15, 2019"
Pharmaceuticals & Biotechnology,125332.0,969.0,2019-04-15,PHARMA,NSDL,"April 15, 2019"
Real Estate Investment,0.0,0.0,2019-04-15,REALTY,NSDL,"April 15, 2019"
Realty,29419.0,-274.0,2019-04-15,REALTY,NSDL,"April 15, 2019"
Commercial Services & Supplies,7917.0,-58.0,2019-04-15,SERVICES,NSDL,"April 15, 2019"
Diversified Consumer Services,2953.0,46.0,2019-04-15,SERVICES,NSDL,"April 15, 2019"
"Hotels, Restaurants & Tourism",13701.0,-331.0,2019-04-15,SERVICES,NSDL,"April 15, 2019"
Retailing,28520.0,221.0,2019-04-15,SERVICES,NSDL,"April 15, 2019"
Telecom Services,55980.0,-96.0,2019-04-15,TELECOM,NSDL,"April 15, 2019"
Telecommunications Equipment,190.0,-7.0,2019-04-15,TELECOM,NSDL,"April 15, 2019"
"Textiles, Apparels & Accessories",43803.0,443.0,2019-04-15,TEXTILES,NSDL,"April 15, 2019"
Automobiles & Auto Components,156798.0,1348.0,2019-04-30,AUTO,NSDL,"April 30, 2019"
Capital Goods,99834.0,-344.0,2019-04-30,CAPITAL_GOODS,NSDL,"April 30, 2019"
Consumer Durables,42426.0,404.0,2019-04-30,CAPITAL_GOODS,NSDL,"April 30, 2019"
General Industrials,18512.0,61.0,2019-04-30,CAPITAL_GOODS,NSDL,"April 30, 2019"
Construction Materials,61785.0,-1218.0,2019-04-30,CEMENT,NSDL,"April 30, 2019"
Chemicals & Petrochemicals,44079.0,54.0,2019-04-30,CHEMICALS,NSDL,"April 30, 2019"
Forest Materials,1210.0,14.0,2019-04-30,COMMODITIES,NSDL,"April 30, 2019"
Diversified,3896.0,1.0,2019-04-30,DIVERSIFIED,NSDL,"April 30, 2019"
Others,38349.0,6500.0,2019-04-30,DIVERSIFIED,NSDL,"April 30, 2019"
Coal,13213.0,1990.0,2019-04-30,ENERGY,NSDL,"April 30, 2019"
Oil & Gas,273969.0,4249.0,2019-04-30,ENERGY,NSDL,"April 30, 2019"
Total  Financial Services,1047037.0,5561.0,2019-04-30,FINANCIAL_SERVICES,NSDL,"April 30, 2019"
Insurance,36056.0,2758.0,2019-04-30,FINANCIAL_SERVICES,NSDL,"April 30, 2019"
Food & Drugs Retailing,0.0,0.0,2019-04-30,FMCG,NSDL,"April 30, 2019"
"Food, Beverages & Tobacco",107817.0,329.0,2019-04-30,FMCG,NSDL,"April 30, 2019"
Household & Personal Products,101275.0,641.0,2019-04-30,FMCG,NSDL,"April 30, 2019"
Healthcare Equipment & Supplies,88.0,0.0,2019-04-30,HEALTHCARE,NSDL,"April 30, 2019"
Healthcare Services,14946.0,-26.0,2019-04-30,HEALTHCARE,NSDL,"April 30, 2019"
Utilities,88272.0,1600.0,2019-04-30,INFRASTRUCTURE,NSDL,"April 30, 2019"
Hardware Technology & Equipment,42.0,6.0,2019-04-30,IT,NSDL,"April 30, 2019"
Software & Services,374311.0,-104.0,2019-04-30,IT,NSDL,"April 30, 2019"
Transportation,42171.0,42.0,2019-04-30,LOGISTICS,NSDL,"April 30, 2019"
Media,26606.0,-147.0,2019-04-30,MEDIA,NSDL,"April 30, 2019"
Metals & Mining,53728.0,-830.0,2019-04-30,METAL,NSDL,"April 30, 2019"
Pharmaceuticals & Biotechnology,124289.0,-270.0,2019-04-30,PHARMA,NSDL,"April 30, 2019"
Real Estate Investment,0.0,0.0,2019-04-30,REALTY,NSDL,"April 30, 2019"
Realty,26398.0,-957.0,2019-04-30,REALTY,NSDL,"April 30, 2019"
Commercial Services & Supplies,7419.0,-74.0,2019-04-30,SERVICES,NSDL,"April 30, 2019"
Diversified Consumer Services,2957.0,-16.0,2019-04-30,SERVICES,NSDL,"April 30, 2019"
"Hotels, Restaurants & Tourism",13127.0,-283.0,2019-04-30,SERVICES,NSDL,"April 30, 2019"
Retailing,27902.0,-316.0,2019-04-30,SERVICES,NSDL,"April 30, 2019"
Telecom Services,49759.0,-172.0,2019-04-30,TELECOM,NSDL,"April 30, 2019"
Telecommunications Equipment,181.0,-2.0,2019-04-30,TELECOM,NSDL,"April 30, 2019"
"Textiles, Apparels & Accessories",44840.0,397.0,2019-04-30,TEXTILES,NSDL,"April 30, 2019"
Automobiles & Auto Components,150333.0,601.0,2019-05-15,AUTO,NSDL,"May 15, 2019"
Capital Goods,92612.0,-700.0,2019-05-15,CAPITAL_GOODS,NSDL,"May 15, 2019"
Consumer Durables,38768.0,94.0,2019-05-15,CAPITAL_GOODS,NSDL,"May 15, 2019"
General Industrials,17444.0,-1.0,2019-05-15,CAPITAL_GOODS,NSDL,"May 15, 2019"
Construction Materials,57553.0,-1076.0,2019-05-15,CEMENT,NSDL,"May 15, 2019"
Chemicals & Petrochemicals,42686.0,-10.0,2019-05-15,CHEMICALS,NSDL,"May 15, 2019"
Forest Materials,1136.0,-8.0,2019-05-15,COMMODITIES,NSDL,"May 15, 2019"
Diversified,3863.0,48.0,2019-05-15,DIVERSIFIED,NSDL,"May 15, 2019"
Others,34408.0,3027.0,2019-05-15,DIVERSIFIED,NSDL,"May 15, 2019"
Coal,12664.0,1846.0,2019-05-15,ENERGY,NSDL,"May 15, 2019"
Oil & Gas,250822.0,3133.0,2019-05-15,ENERGY,NSDL,"May 15, 2019"
Total  Financial Services,1008796.0,-158.0,2019-05-15,FINANCIAL_SERVICES,NSDL,"May 15, 2019"
Insurance,35747.0,1251.0,2019-05-15,FINANCIAL_SERVICES,NSDL,"May 15, 2019"
Food & Drugs Retailing,0.0,0.0,2019-05-15,FMCG,NSDL,"May 15, 2019"
"Food, Beverages & Tobacco",103730.0,-195.0,2019-05-15,FMCG,NSDL,"May 15, 2019"
Household & Personal Products,96686.0,101.0,2019-05-15,FMCG,NSDL,"May 15, 2019"
Healthcare Equipment & Supplies,88.0,0.0,2019-05-15,HEALTHCARE,NSDL,"May 15, 2019"
Healthcare Services,14068.0,-33.0,2019-05-15,HEALTHCARE,NSDL,"May 15, 2019"
Utilities,83106.0,339.0,2019-05-15,INFRASTRUCTURE,NSDL,"May 15, 2019"
Hardware Technology & Equipment,39.0,0.0,2019-05-15,IT,NSDL,"May 15, 2019"
Software & Services,350755.0,-1139.0,2019-05-15,IT,NSDL,"May 15, 2019"
Transportation,40746.0,262.0,2019-05-15,LOGISTICS,NSDL,"May 15, 2019"
Media,21776.0,170.0,2019-05-15,MEDIA,NSDL,"May 15, 2019"
Metals & Mining,47970.0,-824.0,2019-05-15,METAL,NSDL,"May 15, 2019"
Pharmaceuticals & Biotechnology,114010.0,-1449.0,2019-05-15,PHARMA,NSDL,"May 15, 2019"
Real Estate Investment,0.0,0.0,2019-05-15,REALTY,NSDL,"May 15, 2019"
Realty,25459.0,-750.0,2019-05-15,REALTY,NSDL,"May 15, 2019"
Commercial Services & Supplies,6551.0,-4.0,2019-05-15,SERVICES,NSDL,"May 15, 2019"
Diversified Consumer Services,2965.0,43.0,2019-05-15,SERVICES,NSDL,"May 15, 2019"
"Hotels, Restaurants & Tourism",12122.0,-52.0,2019-05-15,SERVICES,NSDL,"May 15, 2019"
Retailing,26981.0,-10.0,2019-05-15,SERVICES,NSDL,"May 15, 2019"
Telecom Services,55181.0,-373.0,2019-05-15,TELECOM,NSDL,"May 15, 2019"
Telecommunications Equipment,176.0,6.0,2019-05-15,TELECOM,NSDL,"May 15, 2019"
"Textiles, Apparels & Accessories",43751.0,328.0,2019-05-15,TEXTILES,NSDL,"May 15, 2019"
Automobiles & Auto Components,155342.0,-1078.0,2019-05-31,AUTO,NSDL,"May 31, 2019"
Capital Goods,104685.0,1371.0,2019-05-31,CAPITAL_GOODS,NSDL,"May 31, 2019"
Consumer Durables,41807.0,-171.0,2019-05-31,CAPITAL_GOODS,NSDL,"May 31, 2019"
General Industrials,18784.0,28.0,2019-05-31,CAPITAL_GOODS,NSDL,"May 31, 2019"
Construction Materials,62230.0,-1499.0,2019-05-31,CEMENT,NSDL,"May 31, 2019"
Chemicals & Petrochemicals,46201.0,346.0,2019-05-31,CHEMICALS,NSDL,"May 31, 2019"
Forest Materials,1238.0,-6.0,2019-05-31,COMMODITIES,NSDL,"May 31, 2019"
Diversified,3881.0,52.0,2019-05-31,DIVERSIFIED,NSDL,"May 31, 2019"
Others,37018.0,7273.0,2019-05-31,DIVERSIFIED,NSDL,"May 31, 2019"
Coal,13703.0,530.0,2019-05-31,ENERGY,NSDL,"May 31, 2019"
Oil & Gas,267888.0,613.0,2019-05-31,ENERGY,NSDL,"May 31, 2019"
Total  Financial Services,1118041.0,4480.0,2019-05-31,FINANCIAL_SERVICES,NSDL,"May 31, 2019"
Insurance,40805.0,1893.0,2019-05-31,FINANCIAL_SERVICES,NSDL,"May 31, 2019"
Food & Drugs Retailing,0.0,0.0,2019-05-31,FMCG,NSDL,"May 31, 2019"
"Food, Beverages & Tobacco",103265.0,-466.0,2019-05-31,FMCG,NSDL,"May 31, 2019"
Household & Personal Products,102811.0,-216.0,2019-05-31,FMCG,NSDL,"May 31, 2019"
Healthcare Equipment & Supplies,89.0,0.0,2019-05-31,HEALTHCARE,NSDL,"May 31, 2019"
Healthcare Services,14724.0,9.0,2019-05-31,HEALTHCARE,NSDL,"May 31, 2019"
Utilities,89640.0,255.0,2019-05-31,INFRASTRUCTURE,NSDL,"May 31, 2019"
Hardware Technology & Equipment,41.0,0.0,2019-05-31,IT,NSDL,"May 31, 2019"
Software & Services,358327.0,-3226.0,2019-05-31,IT,NSDL,"May 31, 2019"
Transportation,44928.0,162.0,2019-05-31,LOGISTICS,NSDL,"May 31, 2019"
Media,24048.0,523.0,2019-05-31,MEDIA,NSDL,"May 31, 2019"
Metals & Mining,49032.0,-299.0,2019-05-31,METAL,NSDL,"May 31, 2019"
Pharmaceuticals & Biotechnology,113052.0,-2372.0,2019-05-31,PHARMA,NSDL,"May 31, 2019"
Real Estate Investment,0.0,0.0,2019-05-31,REALTY,NSDL,"May 31, 2019"
Realty,28989.0,15.0,2019-05-31,REALTY,NSDL,"May 31, 2019"
Commercial Services & Supplies,7754.0,45.0,2019-05-31,SERVICES,NSDL,"May 31, 2019"
Diversified Consumer Services,3082.0,35.0,2019-05-31,SERVICES,NSDL,"May 31, 2019"
"Hotels, Restaurants & Tourism",12438.0,-251.0,2019-05-31,SERVICES,NSDL,"May 31, 2019"
Retailing,28692.0,232.0,2019-05-31,SERVICES,NSDL,"May 31, 2019"
Telecom Services,64161.0,-391.0,2019-05-31,TELECOM,NSDL,"May 31, 2019"
Telecommunications Equipment,183.0,6.0,2019-05-31,TELECOM,NSDL,"May 31, 2019"
"Textiles, Apparels & Accessories",44417.0,28.0,2019-05-31,TEXTILES,NSDL,"May 31, 2019"
Automobiles & Auto Components,154084.0,374.0,2019-06-15,AUTO,NSDL,"June 15, 2019"
Capital Goods,103724.0,2741.0,2019-06-15,CAPITAL_GOODS,NSDL,"June 15, 2019"
Consumer Durables,41736.0,274.0,2019-06-15,CAPITAL_GOODS,NSDL,"June 15, 2019"
General Industrials,18177.0,-9.0,2019-06-15,CAPITAL_GOODS,NSDL,"June 15, 2019"
Construction Materials,59258.0,-1225.0,2019-06-15,CEMENT,NSDL,"June 15, 2019"
Chemicals & Petrochemicals,45420.0,334.0,2019-06-15,CHEMICALS,NSDL,"June 15, 2019"
Forest Materials,1173.0,-8.0,2019-06-15,COMMODITIES,NSDL,"June 15, 2019"
Diversified,3771.0,40.0,2019-06-15,DIVERSIFIED,NSDL,"June 15, 2019"
Others,36231.0,3353.0,2019-06-15,DIVERSIFIED,NSDL,"June 15, 2019"
Coal,14083.0,490.0,2019-06-15,ENERGY,NSDL,"June 15, 2019"
Oil & Gas,263771.0,620.0,2019-06-15,ENERGY,NSDL,"June 15, 2019"
Total  Financial Services,1095960.0,6744.0,2019-06-15,FINANCIAL_SERVICES,NSDL,"June 15, 2019"
Insurance,40861.0,1514.0,2019-06-15,FINANCIAL_SERVICES,NSDL,"June 15, 2019"
Food & Drugs Retailing,0.0,0.0,2019-06-15,FMCG,NSDL,"June 15, 2019"
"Food, Beverages & Tobacco",102313.0,-289.0,2019-06-15,FMCG,NSDL,"June 15, 2019"
Household & Personal Products,103181.0,197.0,2019-06-15,FMCG,NSDL,"June 15, 2019"
Healthcare Equipment & Supplies,77.0,0.0,2019-06-15,HEALTHCARE,NSDL,"June 15, 2019"
Healthcare Services,15747.0,161.0,2019-06-15,HEALTHCARE,NSDL,"June 15, 2019"
Utilities,87610.0,941.0,2019-06-15,INFRASTRUCTURE,NSDL,"June 15, 2019"
Hardware Technology & Equipment,39.0,0.0,2019-06-15,IT,NSDL,"June 15, 2019"
Software & Services,360651.0,-2313.0,2019-06-15,IT,NSDL,"June 15, 2019"
Transportation,45189.0,148.0,2019-06-15,LOGISTICS,NSDL,"June 15, 2019"
Media,22717.0,331.0,2019-06-15,MEDIA,NSDL,"June 15, 2019"
Metals & Mining,50066.0,252.0,2019-06-15,METAL,NSDL,"June 15, 2019"
Pharmaceuticals & Biotechnology,104091.0,-2074.0,2019-06-15,PHARMA,NSDL,"June 15, 2019"
Real Estate Investment,0.0,0.0,2019-06-15,REALTY,NSDL,"June 15, 2019"
Realty,27240.0,-126.0,2019-06-15,REALTY,NSDL,"June 15, 2019"
Commercial Services & Supplies,7573.0,36.0,2019-06-15,SERVICES,NSDL,"June 15, 2019"
Diversified Consumer Services,3174.0,19.0,2019-06-15,SERVICES,NSDL,"June 15, 2019"
"Hotels, Restaurants & Tourism",11902.0,-278.0,2019-06-15,SERVICES,NSDL,"June 15, 2019"
Retailing,28959.0,37.0,2019-06-15,SERVICES,NSDL,"June 15, 2019"
Telecom Services,64097.0,43.0,2019-06-15,TELECOM,NSDL,"June 15, 2019"
Telecommunications Equipment,180.0,7.0,2019-06-15,TELECOM,NSDL,"June 15, 2019"
"Textiles, Apparels & Accessories",45482.0,-84.0,2019-06-15,TEXTILES,NSDL,"June 15, 2019"
Automobiles & Auto Components,151922.0,1414.0,2019-06-30,AUTO,NSDL,"June 30, 2019"
Capital Goods,105443.0,1831.0,2019-06-30,CAPITAL_GOODS,NSDL,"June 30, 2019"
Consumer Durables,40734.0,66.0,2019-06-30,CAPITAL_GOODS,NSDL,"June 30, 2019"
General Industrials,17993.0,-37.0,2019-06-30,CAPITAL_GOODS,NSDL,"June 30, 2019"
Construction Materials,59846.0,-686.0,2019-06-30,CEMENT,NSDL,"June 30, 2019"
Chemicals & Petrochemicals,43539.0,22.0,2019-06-30,CHEMICALS,NSDL,"June 30, 2019"
Forest Materials,1105.0,-17.0,2019-06-30,COMMODITIES,NSDL,"June 30, 2019"
Diversified,3806.0,54.0,2019-06-30,DIVERSIFIED,NSDL,"June 30, 2019"
Others,39006.0,-876.0,2019-06-30,DIVERSIFIED,NSDL,"June 30, 2019"
Coal,14108.0,351.0,2019-06-30,ENERGY,NSDL,"June 30, 2019"
Oil & Gas,253402.0,77.0,2019-06-30,ENERGY,NSDL,"June 30, 2019"
Total  Financial Services,1103154.0,603.0,2019-06-30,FINANCIAL_SERVICES,NSDL,"June 30, 2019"
Insurance,44291.0,3110.0,2019-06-30,FINANCIAL_SERVICES,NSDL,"June 30, 2019"
Food & Drugs Retailing,0.0,0.0,2019-06-30,FMCG,NSDL,"June 30, 2019"
"Food, Beverages & Tobacco",102311.0,-657.0,2019-06-30,FMCG,NSDL,"June 30, 2019"
Household & Personal Products,101653.0,-104.0,2019-06-30,FMCG,NSDL,"June 30, 2019"
Healthcare Equipment & Supplies,83.0,0.0,2019-06-30,HEALTHCARE,NSDL,"June 30, 2019"
Healthcare Services,15753.0,326.0,2019-06-30,HEALTHCARE,NSDL,"June 30, 2019"
Utilities,91174.0,988.0,2019-06-30,INFRASTRUCTURE,NSDL,"June 30, 2019"
Hardware Technology & Equipment,38.0,0.0,2019-06-30,IT,NSDL,"June 30, 2019"
Software & Services,352947.0,-2077.0,2019-06-30,IT,NSDL,"June 30, 2019"
Transportation,44276.0,74.0,2019-06-30,LOGISTICS,NSDL,"June 30, 2019"
Media,22883.0,114.0,2019-06-30,MEDIA,NSDL,"June 30, 2019"
Metals & Mining,50535.0,-138.0,2019-06-30,METAL,NSDL,"June 30, 2019"
Pharmaceuticals & Biotechnology,106121.0,-1858.0,2019-06-30,PHARMA,NSDL,"June 30, 2019"
Real Estate Investment,0.0,0.0,2019-06-30,REALTY,NSDL,"June 30, 2019"
Realty,28978.0,264.0,2019-06-30,REALTY,NSDL,"June 30, 2019"
Commercial Services & Supplies,7461.0,25.0,2019-06-30,SERVICES,NSDL,"June 30, 2019"
Diversified Consumer Services,3034.0,28.0,2019-06-30,SERVICES,NSDL,"June 30, 2019"
"Hotels, Restaurants & Tourism",11466.0,4.0,2019-06-30,SERVICES,NSDL,"June 30, 2019"
Retailing,29728.0,-106.0,2019-06-30,SERVICES,NSDL,"June 30, 2019"
Telecom Services,62429.0,59.0,2019-06-30,TELECOM,NSDL,"June 30, 2019"
Telecommunications Equipment,179.0,11.0,2019-06-30,TELECOM,NSDL,"June 30, 2019"
"Textiles, Apparels & Accessories",46454.0,-274.0,2019-06-30,TEXTILES,NSDL,"June 30, 2019"
Automobiles & Auto Components,146028.0,300.0,2019-07-15,AUTO,NSDL,"July 15, 2019"
Capital Goods,99149.0,717.0,2019-07-15,CAPITAL_GOODS,NSDL,"July 15, 2019"
Consumer Durables,39577.0,-402.0,2019-07-15,CAPITAL_GOODS,NSDL,"July 15, 2019"
General Industrials,17670.0,-26.0,2019-07-15,CAPITAL_GOODS,NSDL,"July 15, 2019"
Construction Materials,60069.0,-400.0,2019-07-15,CEMENT,NSDL,"July 15, 2019"
Chemicals & Petrochemicals,43661.0,165.0,2019-07-15,CHEMICALS,NSDL,"July 15, 2019"
Forest Materials,1016.0,-15.0,2019-07-15,COMMODITIES,NSDL,"July 15, 2019"
Diversified,3537.0,103.0,2019-07-15,DIVERSIFIED,NSDL,"July 15, 2019"
Others,37737.0,1003.0,2019-07-15,DIVERSIFIED,NSDL,"July 15, 2019"
Coal,13041.0,291.0,2019-07-15,ENERGY,NSDL,"July 15, 2019"
Oil & Gas,253110.0,-351.0,2019-07-15,ENERGY,NSDL,"July 15, 2019"
Total  Financial Services,1091734.0,-691.0,2019-07-15,FINANCIAL_SERVICES,NSDL,"July 15, 2019"
Insurance,45935.0,2730.0,2019-07-15,FINANCIAL_SERVICES,NSDL,"July 15, 2019"
Food & Drugs Retailing,0.0,0.0,2019-07-15,FMCG,NSDL,"July 15, 2019"
"Food, Beverages & Tobacco",99838.0,-958.0,2019-07-15,FMCG,NSDL,"July 15, 2019"
Household & Personal Products,99000.0,-93.0,2019-07-15,FMCG,NSDL,"July 15, 2019"
Healthcare Equipment & Supplies,80.0,0.0,2019-07-15,HEALTHCARE,NSDL,"July 15, 2019"
Healthcare Services,15800.0,275.0,2019-07-15,HEALTHCARE,NSDL,"July 15, 2019"
Utilities,82269.0,611.0,2019-07-15,INFRASTRUCTURE,NSDL,"July 15, 2019"
Hardware Technology & Equipment,38.0,0.0,2019-07-15,IT,NSDL,"July 15, 2019"
Software & Services,346045.0,-6430.0,2019-07-15,IT,NSDL,"July 15, 2019"
Transportation,42408.0,25.0,2019-07-15,LOGISTICS,NSDL,"July 15, 2019"
Media,23177.0,260.0,2019-07-15,MEDIA,NSDL,"July 15, 2019"
Metals & Mining,48689.0,-205.0,2019-07-15,METAL,NSDL,"July 15, 2019"
Pharmaceuticals & Biotechnology,107193.0,-1306.0,2019-07-15,PHARMA,NSDL,"July 15, 2019"
Real Estate Investment,0.0,0.0,2019-07-15,REALTY,NSDL,"July 15, 2019"
Realty,30326.0,391.0,2019-07-15,REALTY,NSDL,"July 15, 2019"
Commercial Services & Supplies,6890.0,12.0,2019-07-15,SERVICES,NSDL,"July 15, 2019"
Diversified Consumer Services,3041.0,23.0,2019-07-15,SERVICES,NSDL,"July 15, 2019"
"Hotels, Restaurants & Tourism",10985.0,27.0,2019-07-15,SERVICES,NSDL,"July 15, 2019"
Retailing,29583.0,33.0,2019-07-15,SERVICES,NSDL,"July 15, 2019"
Telecom Services,62450.0,89.0,2019-07-15,TELECOM,NSDL,"July 15, 2019"
Telecommunications Equipment,183.0,9.0,2019-07-15,TELECOM,NSDL,"July 15, 2019"
"Textiles, Apparels & Accessories",40783.0,-790.0,2019-07-15,TEXTILES,NSDL,"July 15, 2019"
Automobiles & Auto Components,130108.0,-1700.0,2019-07-31,AUTO,NSDL,"July 31, 2019"
Capital Goods,92936.0,-1151.0,2019-07-31,CAPITAL_GOODS,NSDL,"July 31, 2019"
Consumer Durables,41877.0,-99.0,2019-07-31,CAPITAL_GOODS,NSDL,"July 31, 2019"
General Industrials,15856.0,-6.0,2019-07-31,CAPITAL_GOODS,NSDL,"July 31, 2019"
Construction Materials,58402.0,-356.0,2019-07-31,CEMENT,NSDL,"July 31, 2019"
Chemicals & Petrochemicals,41769.0,206.0,2019-07-31,CHEMICALS,NSDL,"July 31, 2019"
Forest Materials,869.0,-7.0,2019-07-31,COMMODITIES,NSDL,"July 31, 2019"
Diversified,3255.0,82.0,2019-07-31,DIVERSIFIED,NSDL,"July 31, 2019"
Others,14512.0,5367.0,2019-07-31,DIVERSIFIED,NSDL,"July 31, 2019"
Coal,11373.0,-78.0,2019-07-31,ENERGY,NSDL,"July 31, 2019"
Oil & Gas,237648.0,-1161.0,2019-07-31,ENERGY,NSDL,"July 31, 2019"
Total  Financial Services,1026670.0,-6698.0,2019-07-31,FINANCIAL_SERVICES,NSDL,"July 31, 2019"
Insurance,48412.0,979.0,2019-07-31,FINANCIAL_SERVICES,NSDL,"July 31, 2019"
Food & Drugs Retailing,0.0,0.0,2019-07-31,FMCG,NSDL,"July 31, 2019"
"Food, Beverages & Tobacco",109017.0,-1095.0,2019-07-31,FMCG,NSDL,"July 31, 2019"
Household & Personal Products,98304.0,-597.0,2019-07-31,FMCG,NSDL,"July 31, 2019"
Healthcare Equipment & Supplies,78.0,0.0,2019-07-31,HEALTHCARE,NSDL,"July 31, 2019"
Healthcare Services,16179.0,38.0,2019-07-31,HEALTHCARE,NSDL,"July 31, 2019"
Utilities,85084.0,124.0,2019-07-31,INFRASTRUCTURE,NSDL,"July 31, 2019"
Hardware Technology & Equipment,33.0,0.0,2019-07-31,IT,NSDL,"July 31, 2019"
Software & Services,347219.0,-5935.0,2019-07-31,IT,NSDL,"July 31, 2019"
Transportation,41108.0,-66.0,2019-07-31,LOGISTICS,NSDL,"July 31, 2019"
Media,23678.0,132.0,2019-07-31,MEDIA,NSDL,"July 31, 2019"
Metals & Mining,44628.0,-169.0,2019-07-31,METAL,NSDL,"July 31, 2019"
Pharmaceuticals & Biotechnology,104066.0,-387.0,2019-07-31,PHARMA,NSDL,"July 31, 2019"
Real Estate Investment,0.0,0.0,2019-07-31,REALTY,NSDL,"July 31, 2019"
Realty,29030.0,25.0,2019-07-31,REALTY,NSDL,"July 31, 2019"
Commercial Services & Supplies,6591.0,-13.0,2019-07-31,SERVICES,NSDL,"July 31, 2019"
Diversified Consumer Services,2825.0,76.0,2019-07-31,SERVICES,NSDL,"July 31, 2019"
"Hotels, Restaurants & Tourism",11170.0,47.0,2019-07-31,SERVICES,NSDL,"July 31, 2019"
Retailing,29024.0,746.0,2019-07-31,SERVICES,NSDL,"July 31, 2019"
Telecom Services,57412.0,177.0,2019-07-31,TELECOM,NSDL,"July 31, 2019"
Telecommunications Equipment,169.0,5.0,2019-07-31,TELECOM,NSDL,"July 31, 2019"
"Textiles, Apparels & Accessories",39160.0,-906.0,2019-07-31,TEXTILES,NSDL,"July 31, 2019"
Automobiles & Auto Components,133294.0,-1927.0,2019-08-15,AUTO,NSDL,"August 15, 2019"
Capital Goods,88375.0,-1406.0,2019-08-15,CAPITAL_GOODS,NSDL,"August 15, 2019"
Consumer Durables,43110.0,56.0,2019-08-15,CAPITAL_GOODS,NSDL,"August 15, 2019"
General Industrials,15872.0,-90.0,2019-08-15,CAPITAL_GOODS,NSDL,"August 15, 2019"
Construction Materials,57298.0,-522.0,2019-08-15,CEMENT,NSDL,"August 15, 2019"
Chemicals & Petrochemicals,39415.0,205.0,2019-08-15,CHEMICALS,NSDL,"August 15, 2019"
Forest Materials,906.0,-7.0,2019-08-15,COMMODITIES,NSDL,"August 15, 2019"
Diversified,3301.0,30.0,2019-08-15,DIVERSIFIED,NSDL,"August 15, 2019"
Others,13479.0,3658.0,2019-08-15,DIVERSIFIED,NSDL,"August 15, 2019"
Coal,11263.0,-37.0,2019-08-15,ENERGY,NSDL,"August 15, 2019"
Oil & Gas,251331.0,-3317.0,2019-08-15,ENERGY,NSDL,"August 15, 2019"
Total  Financial Services,1009215.0,-12223.0,2019-08-15,FINANCIAL_SERVICES,NSDL,"August 15, 2019"
Insurance,48900.0,1320.0,2019-08-15,FINANCIAL_SERVICES,NSDL,"August 15, 2019"
Food & Drugs Retailing,0.0,0.0,2019-08-15,FMCG,NSDL,"August 15, 2019"
"Food, Beverages & Tobacco",104694.0,-956.0,2019-08-15,FMCG,NSDL,"August 15, 2019"
Household & Personal Products,102937.0,-531.0,2019-08-15,FMCG,NSDL,"August 15, 2019"
Healthcare Equipment & Supplies,80.0,0.0,2019-08-15,HEALTHCARE,NSDL,"August 15, 2019"
Healthcare Services,16560.0,3.0,2019-08-15,HEALTHCARE,NSDL,"August 15, 2019"
Utilities,82961.0,-30.0,2019-08-15,INFRASTRUCTURE,NSDL,"August 15, 2019"
Hardware Technology & Equipment,33.0,0.0,2019-08-15,IT,NSDL,"August 15, 2019"
Software & Services,344525.0,-3262.0,2019-08-15,IT,NSDL,"August 15, 2019"
Transportation,39446.0,-487.0,2019-08-15,LOGISTICS,NSDL,"August 15, 2019"
Media,22660.0,329.0,2019-08-15,MEDIA,NSDL,"August 15, 2019"
Metals & Mining,40943.0,-622.0,2019-08-15,METAL,NSDL,"August 15, 2019"
Pharmaceuticals & Biotechnology,101438.0,-366.0,2019-08-15,PHARMA,NSDL,"August 15, 2019"
Real Estate Investment,0.0,0.0,2019-08-15,REALTY,NSDL,"August 15, 2019"
Realty,28772.0,57.0,2019-08-15,REALTY,NSDL,"August 15, 2019"
Commercial Services & Supplies,6455.0,-83.0,2019-08-15,SERVICES,NSDL,"August 15, 2019"
Diversified Consumer Services,2754.0,59.0,2019-08-15,SERVICES,NSDL,"August 15, 2019"
"Hotels, Restaurants & Tourism",10562.0,-1.0,2019-08-15,SERVICES,NSDL,"August 15, 2019"
Retailing,29069.0,731.0,2019-08-15,SERVICES,NSDL,"August 15, 2019"
Telecom Services,59739.0,665.0,2019-08-15,TELECOM,NSDL,"August 15, 2019"
Telecommunications Equipment,164.0,6.0,2019-08-15,TELECOM,NSDL,"August 15, 2019"
"Textiles, Apparels & Accessories",39598.0,-437.0,2019-08-15,TEXTILES,NSDL,"August 15, 2019"
Automobiles & Auto Components,136095.0,77.0,2019-08-31,AUTO,NSDL,"August 31, 2019"
Capital Goods,87355.0,-574.0,2019-08-31,CAPITAL_GOODS,NSDL,"August 31, 2019"
Consumer Durables,44033.0,-297.0,2019-08-31,CAPITAL_GOODS,NSDL,"August 31, 2019"
General Industrials,15679.0,-578.0,2019-08-31,CAPITAL_GOODS,NSDL,"August 31, 2019"
Construction Materials,54022.0,-1103.0,2019-08-31,CEMENT,NSDL,"August 31, 2019"
Chemicals & Petrochemicals,40840.0,176.0,2019-08-31,CHEMICALS,NSDL,"August 31, 2019"
Forest Materials,814.0,-21.0,2019-08-31,COMMODITIES,NSDL,"August 31, 2019"
Diversified,3264.0,21.0,2019-08-31,DIVERSIFIED,NSDL,"August 31, 2019"
Others,14076.0,1873.0,2019-08-31,DIVERSIFIED,NSDL,"August 31, 2019"
Coal,9988.0,-255.0,2019-08-31,ENERGY,NSDL,"August 31, 2019"
Oil & Gas,243948.0,-3840.0,2019-08-31,ENERGY,NSDL,"August 31, 2019"
Total  Financial Services,994025.0,-13090.0,2019-08-31,FINANCIAL_SERVICES,NSDL,"August 31, 2019"
Insurance,56335.0,4224.0,2019-08-31,FINANCIAL_SERVICES,NSDL,"August 31, 2019"
Food & Drugs Retailing,0.0,0.0,2019-08-31,FMCG,NSDL,"August 31, 2019"
"Food, Beverages & Tobacco",105580.0,-2184.0,2019-08-31,FMCG,NSDL,"August 31, 2019"
Household & Personal Products,104667.0,713.0,2019-08-31,FMCG,NSDL,"August 31, 2019"
Healthcare Equipment & Supplies,85.0,0.0,2019-08-31,HEALTHCARE,NSDL,"August 31, 2019"
Healthcare Services,17881.0,276.0,2019-08-31,HEALTHCARE,NSDL,"August 31, 2019"
Utilities,84229.0,425.0,2019-08-31,INFRASTRUCTURE,NSDL,"August 31, 2019"
Hardware Technology & Equipment,32.0,-1.0,2019-08-31,IT,NSDL,"August 31, 2019"
Software & Services,353827.0,-2744.0,2019-08-31,IT,NSDL,"August 31, 2019"
Transportation,40304.0,-516.0,2019-08-31,LOGISTICS,NSDL,"August 31, 2019"
Media,24552.0,602.0,2019-08-31,MEDIA,NSDL,"August 31, 2019"
Metals & Mining,38990.0,-721.0,2019-08-31,METAL,NSDL,"August 31, 2019"
Pharmaceuticals & Biotechnology,104189.0,-566.0,2019-08-31,PHARMA,NSDL,"August 31, 2019"
Real Estate Investment,0.0,0.0,2019-08-31,REALTY,NSDL,"August 31, 2019"
Realty,28951.0,-35.0,2019-08-31,REALTY,NSDL,"August 31, 2019"
Commercial Services & Supplies,6869.0,39.0,2019-08-31,SERVICES,NSDL,"August 31, 2019"
Diversified Consumer Services,2799.0,-11.0,2019-08-31,SERVICES,NSDL,"August 31, 2019"
"Hotels, Restaurants & Tourism",10663.0,107.0,2019-08-31,SERVICES,NSDL,"August 31, 2019"
Retailing,28946.0,168.0,2019-08-31,SERVICES,NSDL,"August 31, 2019"
Telecom Services,58227.0,509.0,2019-08-31,TELECOM,NSDL,"August 31, 2019"
Telecommunications Equipment,165.0,5.0,2019-08-31,TELECOM,NSDL,"August 31, 2019"
"Textiles, Apparels & Accessories",40242.0,-273.0,2019-08-31,TEXTILES,NSDL,"August 31, 2019"
Automobiles & Auto Components,142367.0,-7.0,2019-09-15,AUTO,NSDL,"September 15, 2019"
Capital Goods,90775.0,112.0,2019-09-15,CAPITAL_GOODS,NSDL,"September 15, 2019"
Consumer Durables,43346.0,-239.0,2019-09-15,CAPITAL_GOODS,NSDL,"September 15, 2019"
General Industrials,17158.0,-432.0,2019-09-15,CAPITAL_GOODS,NSDL,"September 15, 2019"
Construction Materials,53524.0,-1353.0,2019-09-15,CEMENT,NSDL,"September 15, 2019"
Chemicals & Petrochemicals,42145.0,135.0,2019-09-15,CHEMICALS,NSDL,"September 15, 2019"
Forest Materials,884.0,-33.0,2019-09-15,COMMODITIES,NSDL,"September 15, 2019"
Diversified,3255.0,-56.0,2019-09-15,DIVERSIFIED,NSDL,"September 15, 2019"
Others,12114.0,1939.0,2019-09-15,DIVERSIFIED,NSDL,"September 15, 2019"
Coal,10700.0,-417.0,2019-09-15,ENERGY,NSDL,"September 15, 2019"
Oil & Gas,242669.0,-2749.0,2019-09-15,ENERGY,NSDL,"September 15, 2019"
Total  Financial Services,996559.0,-7305.0,2019-09-15,FINANCIAL_SERVICES,NSDL,"September 15, 2019"
Insurance,54480.0,6342.0,2019-09-15,FINANCIAL_SERVICES,NSDL,"September 15, 2019"
Food & Drugs Retailing,0.0,0.0,2019-09-15,FMCG,NSDL,"September 15, 2019"
"Food, Beverages & Tobacco",103800.0,-1704.0,2019-09-15,FMCG,NSDL,"September 15, 2019"
Household & Personal Products,103174.0,591.0,2019-09-15,FMCG,NSDL,"September 15, 2019"
Healthcare Equipment & Supplies,95.0,0.0,2019-09-15,HEALTHCARE,NSDL,"September 15, 2019"
Healthcare Services,17956.0,1026.0,2019-09-15,HEALTHCARE,NSDL,"September 15, 2019"
Utilities,85610.0,219.0,2019-09-15,INFRASTRUCTURE,NSDL,"September 15, 2019"
Hardware Technology & Equipment,34.0,-1.0,2019-09-15,IT,NSDL,"September 15, 2019"
Software & Services,348092.0,-2122.0,2019-09-15,IT,NSDL,"September 15, 2019"
Transportation,41422.0,-280.0,2019-09-15,LOGISTICS,NSDL,"September 15, 2019"
Media,23799.0,367.0,2019-09-15,MEDIA,NSDL,"September 15, 2019"
Metals & Mining,41335.0,-550.0,2019-09-15,METAL,NSDL,"September 15, 2019"
Pharmaceuticals & Biotechnology,104804.0,-352.0,2019-09-15,PHARMA,NSDL,"September 15, 2019"
Real Estate Investment,0.0,0.0,2019-09-15,REALTY,NSDL,"September 15, 2019"
Realty,29092.0,-223.0,2019-09-15,REALTY,NSDL,"September 15, 2019"
Commercial Services & Supplies,7315.0,229.0,2019-09-15,SERVICES,NSDL,"September 15, 2019"
Diversified Consumer Services,2946.0,-8.0,2019-09-15,SERVICES,NSDL,"September 15, 2019"
"Hotels, Restaurants & Tourism",11231.0,158.0,2019-09-15,SERVICES,NSDL,"September 15, 2019"
Retailing,28626.0,-49.0,2019-09-15,SERVICES,NSDL,"September 15, 2019"
Telecom Services,58167.0,-137.0,2019-09-15,TELECOM,NSDL,"September 15, 2019"
Telecommunications Equipment,180.0,1.0,2019-09-15,TELECOM,NSDL,"September 15, 2019"
"Textiles, Apparels & Accessories",40427.0,-286.0,2019-09-15,TEXTILES,NSDL,"September 15, 2019"
Automobiles & Auto Components,147222.0,1279.0,2019-09-30,AUTO,NSDL,"September 30, 2019"
Capital Goods,96117.0,873.0,2019-09-30,CAPITAL_GOODS,NSDL,"September 30, 2019"
Consumer Durables,48659.0,223.0,2019-09-30,CAPITAL_GOODS,NSDL,"September 30, 2019"
General Industrials,17997.0,309.0,2019-09-30,CAPITAL_GOODS,NSDL,"September 30, 2019"
Construction Materials,55202.0,-540.0,2019-09-30,CEMENT,NSDL,"September 30, 2019"
Chemicals & Petrochemicals,42754.0,-211.0,2019-09-30,CHEMICALS,NSDL,"September 30, 2019"
Forest Materials,911.0,-17.0,2019-09-30,COMMODITIES,NSDL,"September 30, 2019"
Diversified,2990.0,-285.0,2019-09-30,DIVERSIFIED,NSDL,"September 30, 2019"
Others,219222.0,6844.0,2019-09-30,DIVERSIFIED,NSDL,"September 30, 2019"
Coal,10778.0,-58.0,2019-09-30,ENERGY,NSDL,"September 30, 2019"
Oil & Gas,262295.0,-677.0,2019-09-30,ENERGY,NSDL,"September 30, 2019"
Total  Financial Services,820887.0,987.0,2019-09-30,FINANCIAL_SERVICES,NSDL,"September 30, 2019"
Insurance,62586.0,4012.0,2019-09-30,FINANCIAL_SERVICES,NSDL,"September 30, 2019"
Food & Drugs Retailing,0.0,0.0,2019-09-30,FMCG,NSDL,"September 30, 2019"
"Food, Beverages & Tobacco",110021.0,-1709.0,2019-09-30,FMCG,NSDL,"September 30, 2019"
Household & Personal Products,112020.0,659.0,2019-09-30,FMCG,NSDL,"September 30, 2019"
Healthcare Equipment & Supplies,101.0,0.0,2019-09-30,HEALTHCARE,NSDL,"September 30, 2019"
Healthcare Services,18413.0,645.0,2019-09-30,HEALTHCARE,NSDL,"September 30, 2019"
Utilities,84334.0,-284.0,2019-09-30,INFRASTRUCTURE,NSDL,"September 30, 2019"
Hardware Technology & Equipment,32.0,0.0,2019-09-30,IT,NSDL,"September 30, 2019"
Software & Services,341283.0,-2732.0,2019-09-30,IT,NSDL,"September 30, 2019"
Transportation,45373.0,-344.0,2019-09-30,LOGISTICS,NSDL,"September 30, 2019"
Media,19572.0,96.0,2019-09-30,MEDIA,NSDL,"September 30, 2019"
Metals & Mining,41410.0,18.0,2019-09-30,METAL,NSDL,"September 30, 2019"
Pharmaceuticals & Biotechnology,98410.0,-917.0,2019-09-30,PHARMA,NSDL,"September 30, 2019"
Real Estate Investment,0.0,0.0,2019-09-30,REALTY,NSDL,"September 30, 2019"
Realty,27766.0,-284.0,2019-09-30,REALTY,NSDL,"September 30, 2019"
Commercial Services & Supplies,7558.0,196.0,2019-09-30,SERVICES,NSDL,"September 30, 2019"
Diversified Consumer Services,3141.0,30.0,2019-09-30,SERVICES,NSDL,"September 30, 2019"
"Hotels, Restaurants & Tourism",12174.0,25.0,2019-09-30,SERVICES,NSDL,"September 30, 2019"
Retailing,30957.0,22.0,2019-09-30,SERVICES,NSDL,"September 30, 2019"
Telecom Services,60258.0,-608.0,2019-09-30,TELECOM,NSDL,"September 30, 2019"
Telecommunications Equipment,164.0,-1.0,2019-09-30,TELECOM,NSDL,"September 30, 2019"
"Textiles, Apparels & Accessories",44778.0,-3.0,2019-09-30,TEXTILES,NSDL,"September 30, 2019"
Automobiles & Auto Components,151133.0,1535.0,2019-10-15,AUTO,NSDL,"October 15, 2019"
Capital Goods,95004.0,1011.0,2019-10-15,CAPITAL_GOODS,NSDL,"October 15, 2019"
Consumer Durables,50290.0,697.0,2019-10-15,CAPITAL_GOODS,NSDL,"October 15, 2019"
General Industrials,17762.0,417.0,2019-10-15,CAPITAL_GOODS,NSDL,"October 15, 2019"
Construction Materials,52827.0,-158.0,2019-10-15,CEMENT,NSDL,"October 15, 2019"
Chemicals & Petrochemicals,41922.0,-145.0,2019-10-15,CHEMICALS,NSDL,"October 15, 2019"
Forest Materials,831.0,-3.0,2019-10-15,COMMODITIES,NSDL,"October 15, 2019"
Diversified,2918.0,-226.0,2019-10-15,DIVERSIFIED,NSDL,"October 15, 2019"
Others,221229.0,10578.0,2019-10-15,DIVERSIFIED,NSDL,"October 15, 2019"
Coal,10190.0,-182.0,2019-10-15,ENERGY,NSDL,"October 15, 2019"
Oil & Gas,269414.0,808.0,2019-10-15,ENERGY,NSDL,"October 15, 2019"
Total  Financial Services,807302.0,-1930.0,2019-10-15,FINANCIAL_SERVICES,NSDL,"October 15, 2019"
Insurance,62978.0,1950.0,2019-10-15,FINANCIAL_SERVICES,NSDL,"October 15, 2019"
Food & Drugs Retailing,0.0,0.0,2019-10-15,FMCG,NSDL,"October 15, 2019"
"Food, Beverages & Tobacco",107002.0,-2258.0,2019-10-15,FMCG,NSDL,"October 15, 2019"
Household & Personal Products,113780.0,825.0,2019-10-15,FMCG,NSDL,"October 15, 2019"
Healthcare Equipment & Supplies,95.0,0.0,2019-10-15,HEALTHCARE,NSDL,"October 15, 2019"
Healthcare Services,19039.0,112.0,2019-10-15,HEALTHCARE,NSDL,"October 15, 2019"
Utilities,84953.0,370.0,2019-10-15,INFRASTRUCTURE,NSDL,"October 15, 2019"
Hardware Technology & Equipment,30.0,0.0,2019-10-15,IT,NSDL,"October 15, 2019"
Software & Services,332403.0,-1332.0,2019-10-15,IT,NSDL,"October 15, 2019"
Transportation,43790.0,-582.0,2019-10-15,LOGISTICS,NSDL,"October 15, 2019"
Media,18966.0,379.0,2019-10-15,MEDIA,NSDL,"October 15, 2019"
Metals & Mining,40594.0,-49.0,2019-10-15,METAL,NSDL,"October 15, 2019"
Pharmaceuticals & Biotechnology,95671.0,-1085.0,2019-10-15,PHARMA,NSDL,"October 15, 2019"
Real Estate Investment,0.0,0.0,2019-10-15,REALTY,NSDL,"October 15, 2019"
Realty,27397.0,-104.0,2019-10-15,REALTY,NSDL,"October 15, 2019"
Commercial Services & Supplies,7513.0,103.0,2019-10-15,SERVICES,NSDL,"October 15, 2019"
Diversified Consumer Services,3201.0,19.0,2019-10-15,SERVICES,NSDL,"October 15, 2019"
"Hotels, Restaurants & Tourism",11604.0,-187.0,2019-10-15,SERVICES,NSDL,"October 15, 2019"
Retailing,32166.0,397.0,2019-10-15,SERVICES,NSDL,"October 15, 2019"
Telecom Services,61114.0,-957.0,2019-10-15,TELECOM,NSDL,"October 15, 2019"
Telecommunications Equipment,156.0,-1.0,2019-10-15,TELECOM,NSDL,"October 15, 2019"
"Textiles, Apparels & Accessories",43997.0,211.0,2019-10-15,TEXTILES,NSDL,"October 15, 2019"
Automobiles & Auto Components,162755.0,-283.0,2019-10-31,AUTO,NSDL,"October 31, 2019"
Capital Goods,100940.0,1103.0,2019-10-31,CAPITAL_GOODS,NSDL,"October 31, 2019"
Consumer Durables,51643.0,743.0,2019-10-31,CAPITAL_GOODS,NSDL,"October 31, 2019"
General Industrials,17869.0,111.0,2019-10-31,CAPITAL_GOODS,NSDL,"October 31, 2019"
Construction Materials,55139.0,82.0,2019-10-31,CEMENT,NSDL,"October 31, 2019"
Chemicals & Petrochemicals,43899.0,-161.0,2019-10-31,CHEMICALS,NSDL,"October 31, 2019"
Forest Materials,988.0,1.0,2019-10-31,COMMODITIES,NSDL,"October 31, 2019"
Diversified,2839.0,-379.0,2019-10-31,DIVERSIFIED,NSDL,"October 31, 2019"
Others,17083.0,2213.0,2019-10-31,DIVERSIFIED,NSDL,"October 31, 2019"
Coal,11142.0,-39.0,2019-10-31,ENERGY,NSDL,"October 31, 2019"
Oil & Gas,289828.0,2993.0,2019-10-31,ENERGY,NSDL,"October 31, 2019"
Total  Financial Services,1063913.0,2806.0,2019-10-31,FINANCIAL_SERVICES,NSDL,"October 31, 2019"
Insurance,70832.0,7427.0,2019-10-31,FINANCIAL_SERVICES,NSDL,"October 31, 2019"
Food & Drugs Retailing,0.0,0.0,2019-10-31,FMCG,NSDL,"October 31, 2019"
"Food, Beverages & Tobacco",111311.0,-530.0,2019-10-31,FMCG,NSDL,"October 31, 2019"
Household & Personal Products,119049.0,410.0,2019-10-31,FMCG,NSDL,"October 31, 2019"
Healthcare Equipment & Supplies,92.0,-1.0,2019-10-31,HEALTHCARE,NSDL,"October 31, 2019"
Healthcare Services,20390.0,350.0,2019-10-31,HEALTHCARE,NSDL,"October 31, 2019"
Utilities,87767.0,484.0,2019-10-31,INFRASTRUCTURE,NSDL,"October 31, 2019"
Hardware Technology & Equipment,30.0,0.0,2019-10-31,IT,NSDL,"October 31, 2019"
Software & Services,334936.0,-3416.0,2019-10-31,IT,NSDL,"October 31, 2019"
Transportation,43197.0,-1082.0,2019-10-31,LOGISTICS,NSDL,"October 31, 2019"
Media,20512.0,918.0,2019-10-31,MEDIA,NSDL,"October 31, 2019"
Metals & Mining,41377.0,-241.0,2019-10-31,METAL,NSDL,"October 31, 2019"
Pharmaceuticals & Biotechnology,102115.0,-497.0,2019-10-31,PHARMA,NSDL,"October 31, 2019"
Real Estate Investment,0.0,0.0,2019-10-31,REALTY,NSDL,"October 31, 2019"
Realty,28866.0,-17.0,2019-10-31,REALTY,NSDL,"October 31, 2019"
Commercial Services & Supplies,8889.0,105.0,2019-10-31,SERVICES,NSDL,"October 31, 2019"
Diversified Consumer Services,3117.0,-11.0,2019-10-31,SERVICES,NSDL,"October 31, 2019"
"Hotels, Restaurants & Tourism",13396.0,-164.0,2019-10-31,SERVICES,NSDL,"October 31, 2019"
Retailing,34308.0,324.0,2019-10-31,SERVICES,NSDL,"October 31, 2019"
Telecom Services,53291.0,-1079.0,2019-10-31,TELECOM,NSDL,"October 31, 2019"
Telecommunications Equipment,155.0,0.0,2019-10-31,TELECOM,NSDL,"October 31, 2019"
"Textiles, Apparels & Accessories",47517.0,198.0,2019-10-31,TEXTILES,NSDL,"October 31, 2019"
Automobiles & Auto Components,156387.0,-368.0,2019-11-15,AUTO,NSDL,"November 15, 2019"
Capital Goods,96958.0,1446.0,2019-11-15,CAPITAL_GOODS,NSDL,"November 15, 2019"
Consumer Durables,50609.0,537.0,2019-11-15,CAPITAL_GOODS,NSDL,"November 15, 2019"
General Industrials,17904.0,-132.0,2019-11-15,CAPITAL_GOODS,NSDL,"November 15, 2019"
Construction Materials,54430.0,206.0,2019-11-15,CEMENT,NSDL,"November 15, 2019"
Chemicals & Petrochemicals,40772.0,-195.0,2019-11-15,CHEMICALS,NSDL,"November 15, 2019"
Forest Materials,994.0,-9.0,2019-11-15,COMMODITIES,NSDL,"November 15, 2019"
Diversified,2851.0,-403.0,2019-11-15,DIVERSIFIED,NSDL,"November 15, 2019"
Others,16086.0,4284.0,2019-11-15,DIVERSIFIED,NSDL,"November 15, 2019"
Coal,10876.0,176.0,2019-11-15,ENERGY,NSDL,"November 15, 2019"
Oil & Gas,290337.0,6164.0,2019-11-15,ENERGY,NSDL,"November 15, 2019"
Total  Financial Services,1113365.0,13492.0,2019-11-15,FINANCIAL_SERVICES,NSDL,"November 15, 2019"
Insurance,76372.0,7252.0,2019-11-15,FINANCIAL_SERVICES,NSDL,"November 15, 2019"
Food & Drugs Retailing,0.0,0.0,2019-11-15,FMCG,NSDL,"November 15, 2019"
"Food, Beverages & Tobacco",108323.0,-395.0,2019-11-15,FMCG,NSDL,"November 15, 2019"
Household & Personal Products,114882.0,506.0,2019-11-15,FMCG,NSDL,"November 15, 2019"
Healthcare Equipment & Supplies,82.0,-15.0,2019-11-15,HEALTHCARE,NSDL,"November 15, 2019"
Healthcare Services,20010.0,312.0,2019-11-15,HEALTHCARE,NSDL,"November 15, 2019"
Utilities,83795.0,-508.0,2019-11-15,INFRASTRUCTURE,NSDL,"November 15, 2019"
Hardware Technology & Equipment,31.0,6.0,2019-11-15,IT,NSDL,"November 15, 2019"
Software & Services,329990.0,-4126.0,2019-11-15,IT,NSDL,"November 15, 2019"
Transportation,41327.0,-1020.0,2019-11-15,LOGISTICS,NSDL,"November 15, 2019"
Media,21657.0,701.0,2019-11-15,MEDIA,NSDL,"November 15, 2019"
Metals & Mining,42315.0,146.0,2019-11-15,METAL,NSDL,"November 15, 2019"
Pharmaceuticals & Biotechnology,99740.0,-1205.0,2019-11-15,PHARMA,NSDL,"November 15, 2019"
Real Estate Investment,0.0,0.0,2019-11-15,REALTY,NSDL,"November 15, 2019"
Realty,29697.0,255.0,2019-11-15,REALTY,NSDL,"November 15, 2019"
Commercial Services & Supplies,8786.0,116.0,2019-11-15,SERVICES,NSDL,"November 15, 2019"
Diversified Consumer Services,2751.0,-25.0,2019-11-15,SERVICES,NSDL,"November 15, 2019"
"Hotels, Restaurants & Tourism",13379.0,-79.0,2019-11-15,SERVICES,NSDL,"November 15, 2019"
Retailing,33532.0,177.0,2019-11-15,SERVICES,NSDL,"November 15, 2019"
Telecom Services,57881.0,-618.0,2019-11-15,TELECOM,NSDL,"November 15, 2019"
Telecommunications Equipment,151.0,3.0,2019-11-15,TELECOM,NSDL,"November 15, 2019"
"Textiles, Apparels & Accessories",43523.0,-507.0,2019-11-15,TEXTILES,NSDL,"November 15, 2019"
Automobiles & Auto Components,155055.0,-946.0,2019-11-30,AUTO,NSDL,"November 30, 2019"
Capital Goods,96022.0,799.0,2019-11-30,CAPITAL_GOODS,NSDL,"November 30, 2019"
Consumer Durables,49507.0,219.0,2019-11-30,CAPITAL_GOODS,NSDL,"November 30, 2019"
General Industrials,14295.0,-167.0,2019-11-30,CAPITAL_GOODS,NSDL,"November 30, 2019"
Construction Materials,57709.0,14.0,2019-11-30,CEMENT,NSDL,"November 30, 2019"
Chemicals & Petrochemicals,42084.0,-235.0,2019-11-30,CHEMICALS,NSDL,"November 30, 2019"
Forest Materials,992.0,-5.0,2019-11-30,COMMODITIES,NSDL,"November 30, 2019"
Diversified,6180.0,0.0,2019-11-30,DIVERSIFIED,NSDL,"November 30, 2019"
Others,15866.0,5600.0,2019-11-30,DIVERSIFIED,NSDL,"November 30, 2019"
Coal,10985.0,46.0,2019-11-30,ENERGY,NSDL,"November 30, 2019"
Oil & Gas,303096.0,4171.0,2019-11-30,ENERGY,NSDL,"November 30, 2019"
Total  Financial Services,1149832.0,16779.0,2019-11-30,FINANCIAL_SERVICES,NSDL,"November 30, 2019"
Insurance,75464.0,928.0,2019-11-30,FINANCIAL_SERVICES,NSDL,"November 30, 2019"
Food & Drugs Retailing,0.0,0.0,2019-11-30,FMCG,NSDL,"November 30, 2019"
"Food, Beverages & Tobacco",110434.0,-1517.0,2019-11-30,FMCG,NSDL,"November 30, 2019"
Household & Personal Products,113669.0,-281.0,2019-11-30,FMCG,NSDL,"November 30, 2019"
Healthcare Equipment & Supplies,72.0,-19.0,2019-11-30,HEALTHCARE,NSDL,"November 30, 2019"
Healthcare Services,20581.0,569.0,2019-11-30,HEALTHCARE,NSDL,"November 30, 2019"
Utilities,85406.0,-734.0,2019-11-30,INFRASTRUCTURE,NSDL,"November 30, 2019"
Hardware Technology & Equipment,41.0,6.0,2019-11-30,IT,NSDL,"November 30, 2019"
Software & Services,319532.0,-2051.0,2019-11-30,IT,NSDL,"November 30, 2019"
Transportation,41642.0,-896.0,2019-11-30,LOGISTICS,NSDL,"November 30, 2019"
Media,26104.0,4299.0,2019-11-30,MEDIA,NSDL,"November 30, 2019"
Metals & Mining,44723.0,188.0,2019-11-30,METAL,NSDL,"November 30, 2019"
Pharmaceuticals & Biotechnology,104545.0,-1154.0,2019-11-30,PHARMA,NSDL,"November 30, 2019"
Real Estate Investment,0.0,0.0,2019-11-30,REALTY,NSDL,"November 30, 2019"
Realty,30695.0,515.0,2019-11-30,REALTY,NSDL,"November 30, 2019"
Commercial Services & Supplies,9160.0,5.0,2019-11-30,SERVICES,NSDL,"November 30, 2019"
Diversified Consumer Services,2765.0,11.0,2019-11-30,SERVICES,NSDL,"November 30, 2019"
"Hotels, Restaurants & Tourism",13630.0,28.0,2019-11-30,SERVICES,NSDL,"November 30, 2019"
Retailing,34110.0,326.0,2019-11-30,SERVICES,NSDL,"November 30, 2019"
Telecom Services,67527.0,-322.0,2019-11-30,TELECOM,NSDL,"November 30, 2019"
Telecommunications Equipment,154.0,3.0,2019-11-30,TELECOM,NSDL,"November 30, 2019"
"Textiles, Apparels & Accessories",38817.0,-947.0,2019-11-30,TEXTILES,NSDL,"November 30, 2019"
Automobiles & Auto Components,153254.0,-864.0,2019-12-15,AUTO,NSDL,"December 15, 2019"
Capital Goods,93509.0,-1370.0,2019-12-15,CAPITAL_GOODS,NSDL,"December 15, 2019"
Consumer Durables,50652.0,596.0,2019-12-15,CAPITAL_GOODS,NSDL,"December 15, 2019"
General Industrials,14319.0,-32.0,2019-12-15,CAPITAL_GOODS,NSDL,"December 15, 2019"
Construction Materials,55795.0,-122.0,2019-12-15,CEMENT,NSDL,"December 15, 2019"
Chemicals & Petrochemicals,41692.0,-160.0,2019-12-15,CHEMICALS,NSDL,"December 15, 2019"
Forest Materials,964.0,15.0,2019-12-15,COMMODITIES,NSDL,"December 15, 2019"
Diversified,6096.0,-40.0,2019-12-15,DIVERSIFIED,NSDL,"December 15, 2019"
Others,29953.0,1087.0,2019-12-15,DIVERSIFIED,NSDL,"December 15, 2019"
Coal,10487.0,-168.0,2019-12-15,ENERGY,NSDL,"December 15, 2019"
Oil & Gas,306393.0,1237.0,2019-12-15,ENERGY,NSDL,"December 15, 2019"
Total  Financial Services,1161854.0,10591.0,2019-12-15,FINANCIAL_SERVICES,NSDL,"December 15, 2019"
Insurance,76696.0,1113.0,2019-12-15,FINANCIAL_SERVICES,NSDL,"December 15, 2019"
Food & Drugs Retailing,0.0,0.0,2019-12-15,FMCG,NSDL,"December 15, 2019"
"Food, Beverages & Tobacco",108225.0,-1525.0,2019-12-15,FMCG,NSDL,"December 15, 2019"
Household & Personal Products,110013.0,-835.0,2019-12-15,FMCG,NSDL,"December 15, 2019"
Healthcare Equipment & Supplies,69.0,-9.0,2019-12-15,HEALTHCARE,NSDL,"December 15, 2019"
Healthcare Services,19625.0,400.0,2019-12-15,HEALTHCARE,NSDL,"December 15, 2019"
Utilities,83666.0,-667.0,2019-12-15,INFRASTRUCTURE,NSDL,"December 15, 2019"
Hardware Technology & Equipment,39.0,0.0,2019-12-15,IT,NSDL,"December 15, 2019"
Software & Services,300251.0,-1477.0,2019-12-15,IT,NSDL,"December 15, 2019"
Transportation,39677.0,-1262.0,2019-12-15,LOGISTICS,NSDL,"December 15, 2019"
Media,24973.0,4095.0,2019-12-15,MEDIA,NSDL,"December 15, 2019"
Metals & Mining,45223.0,127.0,2019-12-15,METAL,NSDL,"December 15, 2019"
Pharmaceuticals & Biotechnology,102401.0,-535.0,2019-12-15,PHARMA,NSDL,"December 15, 2019"
Real Estate Investment,0.0,0.0,2019-12-15,REALTY,NSDL,"December 15, 2019"
Realty,31331.0,281.0,2019-12-15,REALTY,NSDL,"December 15, 2019"
Commercial Services & Supplies,9133.0,-28.0,2019-12-15,SERVICES,NSDL,"December 15, 2019"
Diversified Consumer Services,2701.0,9.0,2019-12-15,SERVICES,NSDL,"December 15, 2019"
"Hotels, Restaurants & Tourism",13205.0,50.0,2019-12-15,SERVICES,NSDL,"December 15, 2019"
Retailing,33718.0,412.0,2019-12-15,SERVICES,NSDL,"December 15, 2019"
Telecom Services,63264.0,-1246.0,2019-12-15,TELECOM,NSDL,"December 15, 2019"
Telecommunications Equipment,151.0,-1.0,2019-12-15,TELECOM,NSDL,"December 15, 2019"
"Textiles, Apparels & Accessories",39451.0,-300.0,2019-12-15,TEXTILES,NSDL,"December 15, 2019"
Automobiles & Auto Components,155901.0,376.0,2019-12-31,AUTO,NSDL,"December 31, 2019"
Capital Goods,94656.0,-1780.0,2019-12-31,CAPITAL_GOODS,NSDL,"December 31, 2019"
Consumer Durables,51627.0,789.0,2019-12-31,CAPITAL_GOODS,NSDL,"December 31, 2019"
General Industrials,14904.0,136.0,2019-12-31,CAPITAL_GOODS,NSDL,"December 31, 2019"
Construction Materials,54353.0,-757.0,2019-12-31,CEMENT,NSDL,"December 31, 2019"
Chemicals & Petrochemicals,43152.0,180.0,2019-12-31,CHEMICALS,NSDL,"December 31, 2019"
Forest Materials,955.0,3.0,2019-12-31,COMMODITIES,NSDL,"December 31, 2019"
Diversified,6435.0,1.0,2019-12-31,DIVERSIFIED,NSDL,"December 31, 2019"
Others,14780.0,806.0,2019-12-31,DIVERSIFIED,NSDL,"December 31, 2019"
Coal,11261.0,-102.0,2019-12-31,ENERGY,NSDL,"December 31, 2019"
Oil & Gas,297589.0,2099.0,2019-12-31,ENERGY,NSDL,"December 31, 2019"
Total  Financial Services,1181152.0,3679.0,2019-12-31,FINANCIAL_SERVICES,NSDL,"December 31, 2019"
Insurance,79201.0,1350.0,2019-12-31,FINANCIAL_SERVICES,NSDL,"December 31, 2019"
Food & Drugs Retailing,0.0,0.0,2019-12-31,FMCG,NSDL,"December 31, 2019"
"Food, Beverages & Tobacco",107926.0,-1012.0,2019-12-31,FMCG,NSDL,"December 31, 2019"
Household & Personal Products,107902.0,-682.0,2019-12-31,FMCG,NSDL,"December 31, 2019"
Healthcare Equipment & Supplies,72.0,-5.0,2019-12-31,HEALTHCARE,NSDL,"December 31, 2019"
Healthcare Services,20097.0,-186.0,2019-12-31,HEALTHCARE,NSDL,"December 31, 2019"
Utilities,86098.0,434.0,2019-12-31,INFRASTRUCTURE,NSDL,"December 31, 2019"
Hardware Technology & Equipment,43.0,0.0,2019-12-31,IT,NSDL,"December 31, 2019"
Software & Services,336570.0,4898.0,2019-12-31,IT,NSDL,"December 31, 2019"
Transportation,39407.0,-659.0,2019-12-31,LOGISTICS,NSDL,"December 31, 2019"
Media,25709.0,-61.0,2019-12-31,MEDIA,NSDL,"December 31, 2019"
Metals & Mining,48025.0,228.0,2019-12-31,METAL,NSDL,"December 31, 2019"
Pharmaceuticals & Biotechnology,102073.0,-565.0,2019-12-31,PHARMA,NSDL,"December 31, 2019"
Real Estate Investment,0.0,0.0,2019-12-31,REALTY,NSDL,"December 31, 2019"
Realty,32420.0,15.0,2019-12-31,REALTY,NSDL,"December 31, 2019"
Commercial Services & Supplies,9020.0,4.0,2019-12-31,SERVICES,NSDL,"December 31, 2019"
Diversified Consumer Services,2763.0,-43.0,2019-12-31,SERVICES,NSDL,"December 31, 2019"
"Hotels, Restaurants & Tourism",13251.0,-227.0,2019-12-31,SERVICES,NSDL,"December 31, 2019"
Retailing,34338.0,279.0,2019-12-31,SERVICES,NSDL,"December 31, 2019"
Telecom Services,64708.0,-1495.0,2019-12-31,TELECOM,NSDL,"December 31, 2019"
Telecommunications Equipment,155.0,-1.0,2019-12-31,TELECOM,NSDL,"December 31, 2019"
"Textiles, Apparels & Accessories",39511.0,-365.0,2019-12-31,TEXTILES,NSDL,"December 31, 2019"
Automobiles & Auto Components,157396.0,677.0,2020-01-15,AUTO,NSDL,"January 15, 2020"
Capital Goods,98453.0,-279.0,2020-01-15,CAPITAL_GOODS,NSDL,"January 15, 2020"
Consumer Durables,53326.0,-36.0,2020-01-15,CAPITAL_GOODS,NSDL,"January 15, 2020"
General Industrials,15726.0,233.0,2020-01-15,CAPITAL_GOODS,NSDL,"January 15, 2020"
Construction Materials,60132.0,-525.0,2020-01-15,CEMENT,NSDL,"January 15, 2020"
Chemicals & Petrochemicals,44375.0,-30.0,2020-01-15,CHEMICALS,NSDL,"January 15, 2020"
Forest Materials,997.0,-3.0,2020-01-15,COMMODITIES,NSDL,"January 15, 2020"
Diversified,6728.0,-101.0,2020-01-15,DIVERSIFIED,NSDL,"January 15, 2020"
Others,15135.0,871.0,2020-01-15,DIVERSIFIED,NSDL,"January 15, 2020"
Coal,11168.0,-98.0,2020-01-15,ENERGY,NSDL,"January 15, 2020"
Oil & Gas,299831.0,2631.0,2020-01-15,ENERGY,NSDL,"January 15, 2020"
Total  Financial Services,1186224.0,1493.0,2020-01-15,FINANCIAL_SERVICES,NSDL,"January 15, 2020"
Insurance,79609.0,922.0,2020-01-15,FINANCIAL_SERVICES,NSDL,"January 15, 2020"
Food & Drugs Retailing,0.0,0.0,2020-01-15,FMCG,NSDL,"January 15, 2020"
"Food, Beverages & Tobacco",110671.0,-833.0,2020-01-15,FMCG,NSDL,"January 15, 2020"
Household & Personal Products,113486.0,-864.0,2020-01-15,FMCG,NSDL,"January 15, 2020"
Healthcare Equipment & Supplies,74.0,-5.0,2020-01-15,HEALTHCARE,NSDL,"January 15, 2020"
Healthcare Services,21421.0,-245.0,2020-01-15,HEALTHCARE,NSDL,"January 15, 2020"
Utilities,89495.0,692.0,2020-01-15,INFRASTRUCTURE,NSDL,"January 15, 2020"
Hardware Technology & Equipment,45.0,0.0,2020-01-15,IT,NSDL,"January 15, 2020"
Software & Services,350717.0,5802.0,2020-01-15,IT,NSDL,"January 15, 2020"
Transportation,41496.0,-127.0,2020-01-15,LOGISTICS,NSDL,"January 15, 2020"
Media,24712.0,-4.0,2020-01-15,MEDIA,NSDL,"January 15, 2020"
Metals & Mining,50219.0,1.0,2020-01-15,METAL,NSDL,"January 15, 2020"
Pharmaceuticals & Biotechnology,103785.0,-293.0,2020-01-15,PHARMA,NSDL,"January 15, 2020"
Real Estate Investment,0.0,0.0,2020-01-15,REALTY,NSDL,"January 15, 2020"
Realty,34831.0,143.0,2020-01-15,REALTY,NSDL,"January 15, 2020"
Commercial Services & Supplies,9375.0,20.0,2020-01-15,SERVICES,NSDL,"January 15, 2020"
Diversified Consumer Services,2696.0,-7.0,2020-01-15,SERVICES,NSDL,"January 15, 2020"
"Hotels, Restaurants & Tourism",13596.0,-90.0,2020-01-15,SERVICES,NSDL,"January 15, 2020"
Retailing,35264.0,57.0,2020-01-15,SERVICES,NSDL,"January 15, 2020"
Telecom Services,66462.0,200.0,2020-01-15,TELECOM,NSDL,"January 15, 2020"
Telecommunications Equipment,159.0,1.0,2020-01-15,TELECOM,NSDL,"January 15, 2020"
"Textiles, Apparels & Accessories",39610.0,-1038.0,2020-01-15,TEXTILES,NSDL,"January 15, 2020"
Automobiles & Auto Components,153410.0,1131.0,2020-01-31,AUTO,NSDL,"January 31, 2020"
Capital Goods,98122.0,-197.0,2020-01-31,CAPITAL_GOODS,NSDL,"January 31, 2020"
Consumer Durables,53811.0,-196.0,2020-01-31,CAPITAL_GOODS,NSDL,"January 31, 2020"
General Industrials,15865.0,200.0,2020-01-31,CAPITAL_GOODS,NSDL,"January 31, 2020"
Construction Materials,59282.0,4.0,2020-01-31,CEMENT,NSDL,"January 31, 2020"
Chemicals & Petrochemicals,42797.0,-309.0,2020-01-31,CHEMICALS,NSDL,"January 31, 2020"
Forest Materials,1002.0,-2.0,2020-01-31,COMMODITIES,NSDL,"January 31, 2020"
Diversified,7054.0,-163.0,2020-01-31,DIVERSIFIED,NSDL,"January 31, 2020"
Others,12180.0,10254.0,2020-01-31,DIVERSIFIED,NSDL,"January 31, 2020"
Coal,9547.0,-116.0,2020-01-31,ENERGY,NSDL,"January 31, 2020"
Oil & Gas,280198.0,2946.0,2020-01-31,ENERGY,NSDL,"January 31, 2020"
Total  Financial Services,1159259.0,-1313.0,2020-01-31,FINANCIAL_SERVICES,NSDL,"January 31, 2020"
Insurance,78561.0,79.0,2020-01-31,FINANCIAL_SERVICES,NSDL,"January 31, 2020"
Food & Drugs Retailing,0.0,0.0,2020-01-31,FMCG,NSDL,"January 31, 2020"
"Food, Beverages & Tobacco",109785.0,-1244.0,2020-01-31,FMCG,NSDL,"January 31, 2020"
Household & Personal Products,109603.0,-525.0,2020-01-31,FMCG,NSDL,"January 31, 2020"
Healthcare Equipment & Supplies,84.0,-4.0,2020-01-31,HEALTHCARE,NSDL,"January 31, 2020"
Healthcare Services,22962.0,-233.0,2020-01-31,HEALTHCARE,NSDL,"January 31, 2020"
Utilities,86336.0,-891.0,2020-01-31,INFRASTRUCTURE,NSDL,"January 31, 2020"
Hardware Technology & Equipment,55.0,1.0,2020-01-31,IT,NSDL,"January 31, 2020"
Software & Services,344504.0,2101.0,2020-01-31,IT,NSDL,"January 31, 2020"
Transportation,40034.0,-286.0,2020-01-31,LOGISTICS,NSDL,"January 31, 2020"
Media,24813.0,255.0,2020-01-31,MEDIA,NSDL,"January 31, 2020"
Metals & Mining,43798.0,-817.0,2020-01-31,METAL,NSDL,"January 31, 2020"
Pharmaceuticals & Biotechnology,104431.0,-8.0,2020-01-31,PHARMA,NSDL,"January 31, 2020"
Real Estate Investment,0.0,0.0,2020-01-31,REALTY,NSDL,"January 31, 2020"
Realty,35668.0,30.0,2020-01-31,REALTY,NSDL,"January 31, 2020"
Commercial Services & Supplies,9438.0,-4.0,2020-01-31,SERVICES,NSDL,"January 31, 2020"
Diversified Consumer Services,2815.0,-67.0,2020-01-31,SERVICES,NSDL,"January 31, 2020"
"Hotels, Restaurants & Tourism",14471.0,155.0,2020-01-31,SERVICES,NSDL,"January 31, 2020"
Retailing,37787.0,111.0,2020-01-31,SERVICES,NSDL,"January 31, 2020"
Telecom Services,80570.0,1812.0,2020-01-31,TELECOM,NSDL,"January 31, 2020"
Telecommunications Equipment,151.0,2.0,2020-01-31,TELECOM,NSDL,"January 31, 2020"
"Textiles, Apparels & Accessories",39736.0,-585.0,2020-01-31,TEXTILES,NSDL,"January 31, 2020"
Automobiles & Auto Components,148257.0,564.0,2020-02-15,AUTO,NSDL,"February 15, 2020"
Capital Goods,94485.0,-1049.0,2020-02-15,CAPITAL_GOODS,NSDL,"February 15, 2020"
Consumer Durables,55079.0,-137.0,2020-02-15,CAPITAL_GOODS,NSDL,"February 15, 2020"
General Industrials,15851.0,87.0,2020-02-15,CAPITAL_GOODS,NSDL,"February 15, 2020"
Construction Materials,58881.0,-551.0,2020-02-15,CEMENT,NSDL,"February 15, 2020"
Chemicals & Petrochemicals,45671.0,-292.0,2020-02-15,CHEMICALS,NSDL,"February 15, 2020"
Forest Materials,942.0,1.0,2020-02-15,COMMODITIES,NSDL,"February 15, 2020"
Diversified,7466.0,39.0,2020-02-15,DIVERSIFIED,NSDL,"February 15, 2020"
Others,18392.0,21658.0,2020-02-15,DIVERSIFIED,NSDL,"February 15, 2020"
Coal,8927.0,-270.0,2020-02-15,ENERGY,NSDL,"February 15, 2020"
Oil & Gas,293524.0,3720.0,2020-02-15,ENERGY,NSDL,"February 15, 2020"
Total  Financial Services,1170820.0,-187.0,2020-02-15,FINANCIAL_SERVICES,NSDL,"February 15, 2020"
Insurance,75287.0,197.0,2020-02-15,FINANCIAL_SERVICES,NSDL,"February 15, 2020"
Food & Drugs Retailing,0.0,0.0,2020-02-15,FMCG,NSDL,"February 15, 2020"
"Food, Beverages & Tobacco",106540.0,-1810.0,2020-02-15,FMCG,NSDL,"February 15, 2020"
Household & Personal Products,112792.0,-951.0,2020-02-15,FMCG,NSDL,"February 15, 2020"
Healthcare Equipment & Supplies,90.0,-2.0,2020-02-15,HEALTHCARE,NSDL,"February 15, 2020"
Healthcare Services,23086.0,-384.0,2020-02-15,HEALTHCARE,NSDL,"February 15, 2020"
Utilities,85191.0,-478.0,2020-02-15,INFRASTRUCTURE,NSDL,"February 15, 2020"
Hardware Technology & Equipment,59.0,1.0,2020-02-15,IT,NSDL,"February 15, 2020"
Software & Services,355889.0,1580.0,2020-02-15,IT,NSDL,"February 15, 2020"
Transportation,39814.0,-323.0,2020-02-15,LOGISTICS,NSDL,"February 15, 2020"
Media,22402.0,114.0,2020-02-15,MEDIA,NSDL,"February 15, 2020"
Metals & Mining,45070.0,-1098.0,2020-02-15,METAL,NSDL,"February 15, 2020"
Pharmaceuticals & Biotechnology,110056.0,241.0,2020-02-15,PHARMA,NSDL,"February 15, 2020"
Real Estate Investment,0.0,0.0,2020-02-15,REALTY,NSDL,"February 15, 2020"
Realty,34051.0,-162.0,2020-02-15,REALTY,NSDL,"February 15, 2020"
Commercial Services & Supplies,9965.0,-2.0,2020-02-15,SERVICES,NSDL,"February 15, 2020"
Diversified Consumer Services,2803.0,-44.0,2020-02-15,SERVICES,NSDL,"February 15, 2020"
"Hotels, Restaurants & Tourism",13924.0,-230.0,2020-02-15,SERVICES,NSDL,"February 15, 2020"
Retailing,44171.0,517.0,2020-02-15,SERVICES,NSDL,"February 15, 2020"
Telecom Services,87054.0,1521.0,2020-02-15,TELECOM,NSDL,"February 15, 2020"
Telecommunications Equipment,144.0,-4.0,2020-02-15,TELECOM,NSDL,"February 15, 2020"
"Textiles, Apparels & Accessories",40673.0,-123.0,2020-02-15,TEXTILES,NSDL,"February 15, 2020"
Automobiles & Auto Components,131467.0,-2126.0,2020-02-29,AUTO,NSDL,"February 29, 2020"
Capital Goods,82518.0,-1748.0,2020-02-29,CAPITAL_GOODS,NSDL,"February 29, 2020"
Consumer Durables,53024.0,-251.0,2020-02-29,CAPITAL_GOODS,NSDL,"February 29, 2020"
General Industrials,14578.0,48.0,2020-02-29,CAPITAL_GOODS,NSDL,"February 29, 2020"
Construction Materials,55591.0,-909.0,2020-02-29,CEMENT,NSDL,"February 29, 2020"
Chemicals & Petrochemicals,42379.0,-66.0,2020-02-29,CHEMICALS,NSDL,"February 29, 2020"
Forest Materials,863.0,-5.0,2020-02-29,COMMODITIES,NSDL,"February 29, 2020"
Diversified,6818.0,56.0,2020-02-29,DIVERSIFIED,NSDL,"February 29, 2020"
Others,17819.0,8968.0,2020-02-29,DIVERSIFIED,NSDL,"February 29, 2020"
Coal,8662.0,-210.0,2020-02-29,ENERGY,NSDL,"February 29, 2020"
Oil & Gas,262866.0,1331.0,2020-02-29,ENERGY,NSDL,"February 29, 2020"
Total  Financial Services,1089379.0,-1568.0,2020-02-29,FINANCIAL_SERVICES,NSDL,"February 29, 2020"
Insurance,72516.0,186.0,2020-02-29,FINANCIAL_SERVICES,NSDL,"February 29, 2020"
Food & Drugs Retailing,0.0,0.0,2020-02-29,FMCG,NSDL,"February 29, 2020"
"Food, Beverages & Tobacco",100171.0,-1817.0,2020-02-29,FMCG,NSDL,"February 29, 2020"
Household & Personal Products,107712.0,-1121.0,2020-02-29,FMCG,NSDL,"February 29, 2020"
Healthcare Equipment & Supplies,83.0,-11.0,2020-02-29,HEALTHCARE,NSDL,"February 29, 2020"
Healthcare Services,22894.0,-322.0,2020-02-29,HEALTHCARE,NSDL,"February 29, 2020"
Utilities,78404.0,443.0,2020-02-29,INFRASTRUCTURE,NSDL,"February 29, 2020"
Hardware Technology & Equipment,56.0,0.0,2020-02-29,IT,NSDL,"February 29, 2020"
Software & Services,325215.0,229.0,2020-02-29,IT,NSDL,"February 29, 2020"
Transportation,36051.0,-264.0,2020-02-29,LOGISTICS,NSDL,"February 29, 2020"
Media,22024.0,8.0,2020-02-29,MEDIA,NSDL,"February 29, 2020"
Metals & Mining,37171.0,-416.0,2020-02-29,METAL,NSDL,"February 29, 2020"
Pharmaceuticals & Biotechnology,100330.0,-826.0,2020-02-29,PHARMA,NSDL,"February 29, 2020"
Real Estate Investment,0.0,0.0,2020-02-29,REALTY,NSDL,"February 29, 2020"
Realty,30581.0,-285.0,2020-02-29,REALTY,NSDL,"February 29, 2020"
Commercial Services & Supplies,8591.0,-30.0,2020-02-29,SERVICES,NSDL,"February 29, 2020"
Diversified Consumer Services,2721.0,-12.0,2020-02-29,SERVICES,NSDL,"February 29, 2020"
"Hotels, Restaurants & Tourism",13615.0,-275.0,2020-02-29,SERVICES,NSDL,"February 29, 2020"
Retailing,43172.0,2359.0,2020-02-29,SERVICES,NSDL,"February 29, 2020"
Telecom Services,80612.0,751.0,2020-02-29,TELECOM,NSDL,"February 29, 2020"
Telecommunications Equipment,125.0,-6.0,2020-02-29,TELECOM,NSDL,"February 29, 2020"
"Textiles, Apparels & Accessories",38925.0,-292.0,2020-02-29,TEXTILES,NSDL,"February 29, 2020"
Automobiles & Auto Components,118704.0,-2902.0,2020-03-15,AUTO,NSDL,"March 15, 2020"
Capital Goods,71472.0,-1523.0,2020-03-15,CAPITAL_GOODS,NSDL,"March 15, 2020"
Consumer Durables,50188.0,428.0,2020-03-15,CAPITAL_GOODS,NSDL,"March 15, 2020"
General Industrials,12569.0,-81.0,2020-03-15,CAPITAL_GOODS,NSDL,"March 15, 2020"
Construction Materials,48582.0,-1438.0,2020-03-15,CEMENT,NSDL,"March 15, 2020"
Chemicals & Petrochemicals,36074.0,128.0,2020-03-15,CHEMICALS,NSDL,"March 15, 2020"
Forest Materials,686.0,-11.0,2020-03-15,COMMODITIES,NSDL,"March 15, 2020"
Diversified,6100.0,-150.0,2020-03-15,DIVERSIFIED,NSDL,"March 15, 2020"
Others,16082.0,-2213.0,2020-03-15,DIVERSIFIED,NSDL,"March 15, 2020"
Coal,7772.0,-153.0,2020-03-15,ENERGY,NSDL,"March 15, 2020"
Oil & Gas,216216.0,-4750.0,2020-03-15,ENERGY,NSDL,"March 15, 2020"
Total  Financial Services,952460.0,-13318.0,2020-03-15,FINANCIAL_SERVICES,NSDL,"March 15, 2020"
Insurance,63533.0,-255.0,2020-03-15,FINANCIAL_SERVICES,NSDL,"March 15, 2020"
Food & Drugs Retailing,0.0,0.0,2020-03-15,FMCG,NSDL,"March 15, 2020"
"Food, Beverages & Tobacco",86272.0,-1946.0,2020-03-15,FMCG,NSDL,"March 15, 2020"
Household & Personal Products,99263.0,-817.0,2020-03-15,FMCG,NSDL,"March 15, 2020"
Healthcare Equipment & Supplies,73.0,-10.0,2020-03-15,HEALTHCARE,NSDL,"March 15, 2020"
Healthcare Services,20344.0,-182.0,2020-03-15,HEALTHCARE,NSDL,"March 15, 2020"
Utilities,68379.0,-337.0,2020-03-15,INFRASTRUCTURE,NSDL,"March 15, 2020"
Hardware Technology & Equipment,41.0,0.0,2020-03-15,IT,NSDL,"March 15, 2020"
Software & Services,287591.0,-2517.0,2020-03-15,IT,NSDL,"March 15, 2020"
Transportation,29078.0,-556.0,2020-03-15,LOGISTICS,NSDL,"March 15, 2020"
Media,17387.0,292.0,2020-03-15,MEDIA,NSDL,"March 15, 2020"
Metals & Mining,30397.0,-592.0,2020-03-15,METAL,NSDL,"March 15, 2020"
Pharmaceuticals & Biotechnology,92940.0,-1511.0,2020-03-15,PHARMA,NSDL,"March 15, 2020"
Real Estate Investment,0.0,0.0,2020-03-15,REALTY,NSDL,"March 15, 2020"
Realty,25600.0,-437.0,2020-03-15,REALTY,NSDL,"March 15, 2020"
Commercial Services & Supplies,6637.0,-59.0,2020-03-15,SERVICES,NSDL,"March 15, 2020"
Diversified Consumer Services,2532.0,-17.0,2020-03-15,SERVICES,NSDL,"March 15, 2020"
"Hotels, Restaurants & Tourism",11411.0,-46.0,2020-03-15,SERVICES,NSDL,"March 15, 2020"
Retailing,36522.0,1745.0,2020-03-15,SERVICES,NSDL,"March 15, 2020"
Telecom Services,77847.0,63.0,2020-03-15,TELECOM,NSDL,"March 15, 2020"
Telecommunications Equipment,94.0,-1.0,2020-03-15,TELECOM,NSDL,"March 15, 2020"
"Textiles, Apparels & Accessories",33941.0,-216.0,2020-03-15,TEXTILES,NSDL,"March 15, 2020"
Automobiles & Auto Components,88463.0,-3585.0,2020-03-31,AUTO,NSDL,"March 31, 2020"
Capital Goods,56250.0,-2508.0,2020-03-31,CAPITAL_GOODS,NSDL,"March 31, 2020"
Consumer Durables,45909.0,74.0,2020-03-31,CAPITAL_GOODS,NSDL,"March 31, 2020"
General Industrials,9441.0,-157.0,2020-03-31,CAPITAL_GOODS,NSDL,"March 31, 2020"
Construction Materials,38797.0,-2802.0,2020-03-31,CEMENT,NSDL,"March 31, 2020"
Chemicals & Petrochemicals,30178.0,-223.0,2020-03-31,CHEMICALS,NSDL,"March 31, 2020"
Forest Materials,560.0,-10.0,2020-03-31,COMMODITIES,NSDL,"March 31, 2020"
Diversified,4594.0,-158.0,2020-03-31,DIVERSIFIED,NSDL,"March 31, 2020"
Others,11238.0,-4437.0,2020-03-31,DIVERSIFIED,NSDL,"March 31, 2020"
Coal,7132.0,-159.0,2020-03-31,ENERGY,NSDL,"March 31, 2020"
Oil & Gas,206943.0,-9764.0,2020-03-31,ENERGY,NSDL,"March 31, 2020"
Total  Financial Services,709218.0,-19956.0,2020-03-31,FINANCIAL_SERVICES,NSDL,"March 31, 2020"
Insurance,57078.0,568.0,2020-03-31,FINANCIAL_SERVICES,NSDL,"March 31, 2020"
Food & Drugs Retailing,0.0,0.0,2020-03-31,FMCG,NSDL,"March 31, 2020"
"Food, Beverages & Tobacco",84126.0,-2153.0,2020-03-31,FMCG,NSDL,"March 31, 2020"
Household & Personal Products,105308.0,-1400.0,2020-03-31,FMCG,NSDL,"March 31, 2020"
Healthcare Equipment & Supplies,61.0,-4.0,2020-03-31,HEALTHCARE,NSDL,"March 31, 2020"
Healthcare Services,16474.0,-153.0,2020-03-31,HEALTHCARE,NSDL,"March 31, 2020"
Utilities,62130.0,-1237.0,2020-03-31,INFRASTRUCTURE,NSDL,"March 31, 2020"
Hardware Technology & Equipment,29.0,-2.0,2020-03-31,IT,NSDL,"March 31, 2020"
Software & Services,273198.0,-6181.0,2020-03-31,IT,NSDL,"March 31, 2020"
Transportation,25338.0,-1215.0,2020-03-31,LOGISTICS,NSDL,"March 31, 2020"
Media,12257.0,-112.0,2020-03-31,MEDIA,NSDL,"March 31, 2020"
Metals & Mining,22566.0,-1551.0,2020-03-31,METAL,NSDL,"March 31, 2020"
Pharmaceuticals & Biotechnology,89291.0,-1742.0,2020-03-31,PHARMA,NSDL,"March 31, 2020"
Real Estate Investment,0.0,0.0,2020-03-31,REALTY,NSDL,"March 31, 2020"
Realty,19275.0,-236.0,2020-03-31,REALTY,NSDL,"March 31, 2020"
Commercial Services & Supplies,5471.0,22.0,2020-03-31,SERVICES,NSDL,"March 31, 2020"
Diversified Consumer Services,1900.0,2.0,2020-03-31,SERVICES,NSDL,"March 31, 2020"
"Hotels, Restaurants & Tourism",9271.0,-562.0,2020-03-31,SERVICES,NSDL,"March 31, 2020"
Retailing,31849.0,-540.0,2020-03-31,SERVICES,NSDL,"March 31, 2020"
Telecom Services,65166.0,-799.0,2020-03-31,TELECOM,NSDL,"March 31, 2020"
Telecommunications Equipment,79.0,1.0,2020-03-31,TELECOM,NSDL,"March 31, 2020"
"Textiles, Apparels & Accessories",27978.0,-995.0,2020-03-31,TEXTILES,NSDL,"March 31, 2020"
Automobiles & Auto Components,99970.0,-3040.0,2020-04-15,AUTO,NSDL,"April 15, 2020"
Capital Goods,61147.0,-2110.0,2020-04-15,CAPITAL_GOODS,NSDL,"April 15, 2020"
Consumer Durables,47189.0,-438.0,2020-04-15,CAPITAL_GOODS,NSDL,"April 15, 2020"
General Industrials,9807.0,-116.0,2020-04-15,CAPITAL_GOODS,NSDL,"April 15, 2020"
Construction Materials,41714.0,-2253.0,2020-04-15,CEMENT,NSDL,"April 15, 2020"
Chemicals & Petrochemicals,32913.0,-455.0,2020-04-15,CHEMICALS,NSDL,"April 15, 2020"
Forest Materials,615.0,-13.0,2020-04-15,COMMODITIES,NSDL,"April 15, 2020"
Diversified,5212.0,-41.0,2020-04-15,DIVERSIFIED,NSDL,"April 15, 2020"
Others,11207.0,-2844.0,2020-04-15,DIVERSIFIED,NSDL,"April 15, 2020"
Coal,7407.0,-5.0,2020-04-15,ENERGY,NSDL,"April 15, 2020"
Oil & Gas,216076.0,-4922.0,2020-04-15,ENERGY,NSDL,"April 15, 2020"
Total  Financial Services,702001.0,-10982.0,2020-04-15,FINANCIAL_SERVICES,NSDL,"April 15, 2020"
Insurance,60088.0,769.0,2020-04-15,FINANCIAL_SERVICES,NSDL,"April 15, 2020"
Food & Drugs Retailing,0.0,0.0,2020-04-15,FMCG,NSDL,"April 15, 2020"
"Food, Beverages & Tobacco",92511.0,-945.0,2020-04-15,FMCG,NSDL,"April 15, 2020"
Household & Personal Products,116587.0,714.0,2020-04-15,FMCG,NSDL,"April 15, 2020"
Healthcare Equipment & Supplies,60.0,-5.0,2020-04-15,HEALTHCARE,NSDL,"April 15, 2020"
Healthcare Services,17925.0,-161.0,2020-04-15,HEALTHCARE,NSDL,"April 15, 2020"
Utilities,65851.0,-1309.0,2020-04-15,INFRASTRUCTURE,NSDL,"April 15, 2020"
Hardware Technology & Equipment,37.0,0.0,2020-04-15,IT,NSDL,"April 15, 2020"
Software & Services,269960.0,-3656.0,2020-04-15,IT,NSDL,"April 15, 2020"
Transportation,26685.0,-995.0,2020-04-15,LOGISTICS,NSDL,"April 15, 2020"
Media,13442.0,-138.0,2020-04-15,MEDIA,NSDL,"April 15, 2020"
Metals & Mining,25241.0,-1284.0,2020-04-15,METAL,NSDL,"April 15, 2020"
Pharmaceuticals & Biotechnology,108937.0,-2176.0,2020-04-15,PHARMA,NSDL,"April 15, 2020"
Real Estate Investment,0.0,0.0,2020-04-15,REALTY,NSDL,"April 15, 2020"
Realty,19557.0,11.0,2020-04-15,REALTY,NSDL,"April 15, 2020"
Commercial Services & Supplies,5770.0,-58.0,2020-04-15,SERVICES,NSDL,"April 15, 2020"
Diversified Consumer Services,1917.0,-25.0,2020-04-15,SERVICES,NSDL,"April 15, 2020"
"Hotels, Restaurants & Tourism",9013.0,-642.0,2020-04-15,SERVICES,NSDL,"April 15, 2020"
Retailing,32787.0,-268.0,2020-04-15,SERVICES,NSDL,"April 15, 2020"
Telecom Services,74853.0,-858.0,2020-04-15,TELECOM,NSDL,"April 15, 2020"
Telecommunications Equipment,92.0,-1.0,2020-04-15,TELECOM,NSDL,"April 15, 2020"
"Textiles, Apparels & Accessories",28250.0,-1075.0,2020-04-15,TEXTILES,NSDL,"April 15, 2020"
Automobiles & Auto Components,317.0,0.0,2020-04-30,AUTO,CDSL,"April 30, 2020"
Capital Goods,428.0,0.0,2020-04-30,CAPITAL_GOODS,CDSL,"April 30, 2020"
Consumer Durables,0.0,0.0,2020-04-30,CAPITAL_GOODS,CDSL,"April 30, 2020"
General Industrials,0.0,0.0,2020-04-30,CAPITAL_GOODS,CDSL,"April 30, 2020"
Construction Materials,409.0,0.0,2020-04-30,CEMENT,CDSL,"April 30, 2020"
Chemicals & Petrochemicals,0.0,0.0,2020-04-30,CHEMICALS,CDSL,"April 30, 2020"
Forest Materials,434.0,0.0,2020-04-30,COMMODITIES,CDSL,"April 30, 2020"
Diversified,0.0,0.0,2020-04-30,DIVERSIFIED,CDSL,"April 30, 2020"
Others,114560.0,1085.0,2020-04-30,DIVERSIFIED,CDSL,"April 30, 2020"
Coal,0.0,0.0,2020-04-30,ENERGY,CDSL,"April 30, 2020"
Oil & Gas,3557.0,-130.0,2020-04-30,ENERGY,CDSL,"April 30, 2020"
Total  Financial Services,34533.0,-2047.0,2020-04-30,FINANCIAL_SERVICES,CDSL,"April 30, 2020"
Insurance,0.0,0.0,2020-04-30,FINANCIAL_SERVICES,CDSL,"April 30, 2020"
Food & Drugs Retailing,0.0,0.0,2020-04-30,FMCG,CDSL,"April 30, 2020"
"Food, Beverages & Tobacco",285.0,-1.0,2020-04-30,FMCG,CDSL,"April 30, 2020"
Household & Personal Products,0.0,0.0,2020-04-30,FMCG,CDSL,"April 30, 2020"
Healthcare Equipment & Supplies,0.0,0.0,2020-04-30,HEALTHCARE,CDSL,"April 30, 2020"
Healthcare Services,0.0,0.0,2020-04-30,HEALTHCARE,CDSL,"April 30, 2020"
Utilities,2574.0,-56.0,2020-04-30,INFRASTRUCTURE,CDSL,"April 30, 2020"
Hardware Technology & Equipment,0.0,0.0,2020-04-30,IT,CDSL,"April 30, 2020"
Software & Services,0.0,0.0,2020-04-30,IT,CDSL,"April 30, 2020"
Transportation,699.0,0.0,2020-04-30,LOGISTICS,CDSL,"April 30, 2020"
Media,114.0,-2.0,2020-04-30,MEDIA,CDSL,"April 30, 2020"
Metals & Mining,559.0,0.0,2020-04-30,METAL,CDSL,"April 30, 2020"
Pharmaceuticals & Biotechnology,0.0,0.0,2020-04-30,PHARMA,CDSL,"April 30, 2020"
Real Estate Investment,0.0,0.0,2020-04-30,REALTY,CDSL,"April 30, 2020"
Realty,560.0,0.0,2020-04-30,REALTY,CDSL,"April 30, 2020"
Commercial Services & Supplies,0.0,0.0,2020-04-30,SERVICES,CDSL,"April 30, 2020"
Diversified Consumer Services,0.0,0.0,2020-04-30,SERVICES,CDSL,"April 30, 2020"
"Hotels, Restaurants & Tourism",104.0,0.0,2020-04-30,SERVICES,CDSL,"April 30, 2020"
Retailing,150.0,0.0,2020-04-30,SERVICES,CDSL,"April 30, 2020"
Telecom Services,380.0,0.0,2020-04-30,TELECOM,CDSL,"April 30, 2020"
Telecommunications Equipment,0.0,0.0,2020-04-30,TELECOM,CDSL,"April 30, 2020"
"Textiles, Apparels & Accessories",0.0,0.0,2020-04-30,TEXTILES,CDSL,"April 30, 2020"
Automobiles & Auto Components,105136.0,-1685.0,2020-05-15,AUTO,CDSL,"May 15, 2020"
Capital Goods,62313.0,10.0,2020-05-15,CAPITAL_GOODS,CDSL,"May 15, 2020"
Consumer Durables,43633.0,226.0,2020-05-15,CAPITAL_GOODS,CDSL,"May 15, 2020"
General Industrials,10027.0,81.0,2020-05-15,CAPITAL_GOODS,CDSL,"May 15, 2020"
Construction Materials,41633.0,-697.0,2020-05-15,CEMENT,CDSL,"May 15, 2020"
Chemicals & Petrochemicals,33465.0,-541.0,2020-05-15,CHEMICALS,CDSL,"May 15, 2020"
Forest Materials,589.0,-24.0,2020-05-15,COMMODITIES,CDSL,"May 15, 2020"
Diversified,5253.0,-102.0,2020-05-15,DIVERSIFIED,CDSL,"May 15, 2020"
Others,10661.0,-19.0,2020-05-15,DIVERSIFIED,CDSL,"May 15, 2020"
Coal,6437.0,-91.0,2020-05-15,ENERGY,CDSL,"May 15, 2020"
Oil & Gas,267870.0,6361.0,2020-05-15,ENERGY,CDSL,"May 15, 2020"
Total  Financial Services,702716.0,-3216.0,2020-05-15,FINANCIAL_SERVICES,CDSL,"May 15, 2020"
Insurance,64015.0,-470.0,2020-05-15,FINANCIAL_SERVICES,CDSL,"May 15, 2020"
Food & Drugs Retailing,0.0,0.0,2020-05-15,FMCG,CDSL,"May 15, 2020"
"Food, Beverages & Tobacco",86185.0,-172.0,2020-05-15,FMCG,CDSL,"May 15, 2020"
Household & Personal Products,122545.0,17540.0,2020-05-15,FMCG,CDSL,"May 15, 2020"
Healthcare Equipment & Supplies,64.0,-4.0,2020-05-15,HEALTHCARE,CDSL,"May 15, 2020"
Healthcare Services,18357.0,400.0,2020-05-15,HEALTHCARE,CDSL,"May 15, 2020"
Utilities,65000.0,-563.0,2020-05-15,INFRASTRUCTURE,CDSL,"May 15, 2020"
Hardware Technology & Equipment,38.0,0.0,2020-05-15,IT,CDSL,"May 15, 2020"
Software & Services,282406.0,-1501.0,2020-05-15,IT,CDSL,"May 15, 2020"
Transportation,27835.0,-16.0,2020-05-15,LOGISTICS,CDSL,"May 15, 2020"
Media,16037.0,38.0,2020-05-15,MEDIA,CDSL,"May 15, 2020"
Metals & Mining,25830.0,-408.0,2020-05-15,METAL,CDSL,"May 15, 2020"
Pharmaceuticals & Biotechnology,110824.0,-575.0,2020-05-15,PHARMA,CDSL,"May 15, 2020"
Real Estate Investment,0.0,0.0,2020-05-15,REALTY,CDSL,"May 15, 2020"
Realty,18849.0,-162.0,2020-05-15,REALTY,CDSL,"May 15, 2020"
Commercial Services & Supplies,5660.0,-112.0,2020-05-15,SERVICES,CDSL,"May 15, 2020"
Diversified Consumer Services,1743.0,-22.0,2020-05-15,SERVICES,CDSL,"May 15, 2020"
"Hotels, Restaurants & Tourism",9815.0,245.0,2020-05-15,SERVICES,CDSL,"May 15, 2020"
Retailing,34244.0,113.0,2020-05-15,SERVICES,CDSL,"May 15, 2020"
Telecom Services,81719.0,-919.0,2020-05-15,TELECOM,CDSL,"May 15, 2020"
Telecommunications Equipment,86.0,-3.0,2020-05-15,TELECOM,CDSL,"May 15, 2020"
"Textiles, Apparels & Accessories",25770.0,-1100.0,2020-05-15,TEXTILES,CDSL,"May 15, 2020"
Automobiles & Auto Components,114592.0,-395.0,2020-05-31,AUTO,NSDL,"May 31, 2020"
Capital Goods,64759.0,-189.0,2020-05-31,CAPITAL_GOODS,NSDL,"May 31, 2020"
Consumer Durables,47112.0,270.0,2020-05-31,CAPITAL_GOODS,NSDL,"May 31, 2020"
General Industrials,10855.0,6.0,2020-05-31,CAPITAL_GOODS,NSDL,"May 31, 2020"
Construction Materials,45192.0,-143.0,2020-05-31,CEMENT,NSDL,"May 31, 2020"
Chemicals & Petrochemicals,35099.0,-414.0,2020-05-31,CHEMICALS,NSDL,"May 31, 2020"
Forest Materials,535.0,-30.0,2020-05-31,COMMODITIES,NSDL,"May 31, 2020"
Diversified,5254.0,-22.0,2020-05-31,DIVERSIFIED,NSDL,"May 31, 2020"
Others,12545.0,-758.0,2020-05-31,DIVERSIFIED,NSDL,"May 31, 2020"
Coal,7005.0,28.0,2020-05-31,ENERGY,NSDL,"May 31, 2020"
Oil & Gas,271292.0,5252.0,2020-05-31,ENERGY,NSDL,"May 31, 2020"
Total  Financial Services,706390.0,-6997.0,2020-05-31,FINANCIAL_SERVICES,NSDL,"May 31, 2020"
Insurance,66936.0,-120.0,2020-05-31,FINANCIAL_SERVICES,NSDL,"May 31, 2020"
Food & Drugs Retailing,0.0,0.0,2020-05-31,FMCG,NSDL,"May 31, 2020"
"Food, Beverages & Tobacco",96545.0,838.0,2020-05-31,FMCG,NSDL,"May 31, 2020"
Household & Personal Products,125437.0,14315.0,2020-05-31,FMCG,NSDL,"May 31, 2020"
Healthcare Equipment & Supplies,68.0,-1.0,2020-05-31,HEALTHCARE,NSDL,"May 31, 2020"
Healthcare Services,18415.0,52.0,2020-05-31,HEALTHCARE,NSDL,"May 31, 2020"
Utilities,65767.0,-976.0,2020-05-31,INFRASTRUCTURE,NSDL,"May 31, 2020"
Hardware Technology & Equipment,47.0,0.0,2020-05-31,IT,NSDL,"May 31, 2020"
Software & Services,296499.0,-1522.0,2020-05-31,IT,NSDL,"May 31, 2020"
Transportation,28356.0,295.0,2020-05-31,LOGISTICS,NSDL,"May 31, 2020"
Media,17456.0,-29.0,2020-05-31,MEDIA,NSDL,"May 31, 2020"
Metals & Mining,27356.0,-356.0,2020-05-31,METAL,NSDL,"May 31, 2020"
Pharmaceuticals & Biotechnology,116816.0,342.0,2020-05-31,PHARMA,NSDL,"May 31, 2020"
Real Estate Investment,0.0,0.0,2020-05-31,REALTY,NSDL,"May 31, 2020"
Realty,19807.0,38.0,2020-05-31,REALTY,NSDL,"May 31, 2020"
Commercial Services & Supplies,5861.0,-8.0,2020-05-31,SERVICES,NSDL,"May 31, 2020"
Diversified Consumer Services,1758.0,-10.0,2020-05-31,SERVICES,NSDL,"May 31, 2020"
"Hotels, Restaurants & Tourism",10186.0,346.0,2020-05-31,SERVICES,NSDL,"May 31, 2020"
Retailing,34738.0,327.0,2020-05-31,SERVICES,NSDL,"May 31, 2020"
Telecom Services,89120.0,4706.0,2020-05-31,TELECOM,NSDL,"May 31, 2020"
Telecommunications Equipment,76.0,-7.0,2020-05-31,TELECOM,NSDL,"May 31, 2020"
"Textiles, Apparels & Accessories",26629.0,-269.0,2020-05-31,TEXTILES,NSDL,"May 31, 2020"
Automobiles & Auto Components,119300.0,1091.0,2020-06-15,AUTO,NSDL,"June 15, 2020"
Capital Goods,70842.0,731.0,2020-06-15,CAPITAL_GOODS,NSDL,"June 15, 2020"
Consumer Durables,47202.0,867.0,2020-06-15,CAPITAL_GOODS,NSDL,"June 15, 2020"
General Industrials,11576.0,246.0,2020-06-15,CAPITAL_GOODS,NSDL,"June 15, 2020"
Construction Materials,45569.0,505.0,2020-06-15,CEMENT,NSDL,"June 15, 2020"
Chemicals & Petrochemicals,35688.0,45.0,2020-06-15,CHEMICALS,NSDL,"June 15, 2020"
Forest Materials,586.0,-22.0,2020-06-15,COMMODITIES,NSDL,"June 15, 2020"
Diversified,5219.0,-229.0,2020-06-15,DIVERSIFIED,NSDL,"June 15, 2020"
Others,18054.0,8034.0,2020-06-15,DIVERSIFIED,NSDL,"June 15, 2020"
Coal,6525.0,-63.0,2020-06-15,ENERGY,NSDL,"June 15, 2020"
Oil & Gas,298482.0,1424.0,2020-06-15,ENERGY,NSDL,"June 15, 2020"
Total  Financial Services,760775.0,7450.0,2020-06-15,FINANCIAL_SERVICES,NSDL,"June 15, 2020"
Insurance,69271.0,3814.0,2020-06-15,FINANCIAL_SERVICES,NSDL,"June 15, 2020"
Food & Drugs Retailing,0.0,0.0,2020-06-15,FMCG,NSDL,"June 15, 2020"
"Food, Beverages & Tobacco",95037.0,1014.0,2020-06-15,FMCG,NSDL,"June 15, 2020"
Household & Personal Products,123200.0,-3084.0,2020-06-15,FMCG,NSDL,"June 15, 2020"
Healthcare Equipment & Supplies,67.0,-3.0,2020-06-15,HEALTHCARE,NSDL,"June 15, 2020"
Healthcare Services,19008.0,-46.0,2020-06-15,HEALTHCARE,NSDL,"June 15, 2020"
Utilities,67173.0,-2080.0,2020-06-15,INFRASTRUCTURE,NSDL,"June 15, 2020"
Hardware Technology & Equipment,45.0,0.0,2020-06-15,IT,NSDL,"June 15, 2020"
Software & Services,302762.0,-2317.0,2020-06-15,IT,NSDL,"June 15, 2020"
Transportation,30006.0,264.0,2020-06-15,LOGISTICS,NSDL,"June 15, 2020"
Media,16491.0,-225.0,2020-06-15,MEDIA,NSDL,"June 15, 2020"
Metals & Mining,28773.0,-319.0,2020-06-15,METAL,NSDL,"June 15, 2020"
Pharmaceuticals & Biotechnology,121982.0,724.0,2020-06-15,PHARMA,NSDL,"June 15, 2020"
Real Estate Investment,0.0,0.0,2020-06-15,REALTY,NSDL,"June 15, 2020"
Realty,21882.0,345.0,2020-06-15,REALTY,NSDL,"June 15, 2020"
Commercial Services & Supplies,5889.0,-62.0,2020-06-15,SERVICES,NSDL,"June 15, 2020"
Diversified Consumer Services,1873.0,-7.0,2020-06-15,SERVICES,NSDL,"June 15, 2020"
"Hotels, Restaurants & Tourism",11065.0,550.0,2020-06-15,SERVICES,NSDL,"June 15, 2020"
Retailing,37682.0,932.0,2020-06-15,SERVICES,NSDL,"June 15, 2020"
Telecom Services,85499.0,1042.0,2020-06-15,TELECOM,NSDL,"June 15, 2020"
Telecommunications Equipment,96.0,-13.0,2020-06-15,TELECOM,NSDL,"June 15, 2020"
"Textiles, Apparels & Accessories",27510.0,-69.0,2020-06-15,TEXTILES,NSDL,"June 15, 2020"
Automobiles & Auto Components,125847.0,1176.0,2020-06-30,AUTO,NSDL,"June 30, 2020"
Capital Goods,74567.0,1252.0,2020-06-30,CAPITAL_GOODS,NSDL,"June 30, 2020"
Consumer Durables,49585.0,1029.0,2020-06-30,CAPITAL_GOODS,NSDL,"June 30, 2020"
General Industrials,12043.0,243.0,2020-06-30,CAPITAL_GOODS,NSDL,"June 30, 2020"
Construction Materials,47781.0,389.0,2020-06-30,CEMENT,NSDL,"June 30, 2020"
Chemicals & Petrochemicals,36256.0,39.0,2020-06-30,CHEMICALS,NSDL,"June 30, 2020"
Forest Materials,637.0,-1.0,2020-06-30,COMMODITIES,NSDL,"June 30, 2020"
Diversified,5242.0,-460.0,2020-06-30,DIVERSIFIED,NSDL,"June 30, 2020"
Others,18914.0,8443.0,2020-06-30,DIVERSIFIED,NSDL,"June 30, 2020"
Coal,6476.0,-138.0,2020-06-30,ENERGY,NSDL,"June 30, 2020"
Oil & Gas,312514.0,623.0,2020-06-30,ENERGY,NSDL,"June 30, 2020"
Total  Financial Services,810876.0,12661.0,2020-06-30,FINANCIAL_SERVICES,NSDL,"June 30, 2020"
Insurance,76169.0,6090.0,2020-06-30,FINANCIAL_SERVICES,NSDL,"June 30, 2020"
Food & Drugs Retailing,0.0,0.0,2020-06-30,FMCG,NSDL,"June 30, 2020"
"Food, Beverages & Tobacco",98713.0,-523.0,2020-06-30,FMCG,NSDL,"June 30, 2020"
Household & Personal Products,129424.0,-1884.0,2020-06-30,FMCG,NSDL,"June 30, 2020"
Healthcare Equipment & Supplies,67.0,-5.0,2020-06-30,HEALTHCARE,NSDL,"June 30, 2020"
Healthcare Services,18655.0,-94.0,2020-06-30,HEALTHCARE,NSDL,"June 30, 2020"
Utilities,69099.0,-2210.0,2020-06-30,INFRASTRUCTURE,NSDL,"June 30, 2020"
Hardware Technology & Equipment,45.0,-1.0,2020-06-30,IT,NSDL,"June 30, 2020"
Software & Services,311359.0,-1384.0,2020-06-30,IT,NSDL,"June 30, 2020"
Transportation,30727.0,172.0,2020-06-30,LOGISTICS,NSDL,"June 30, 2020"
Media,17101.0,-163.0,2020-06-30,MEDIA,NSDL,"June 30, 2020"
Metals & Mining,29681.0,-339.0,2020-06-30,METAL,NSDL,"June 30, 2020"
Pharmaceuticals & Biotechnology,123041.0,546.0,2020-06-30,PHARMA,NSDL,"June 30, 2020"
Real Estate Investment,0.0,0.0,2020-06-30,REALTY,NSDL,"June 30, 2020"
Realty,22394.0,236.0,2020-06-30,REALTY,NSDL,"June 30, 2020"
Commercial Services & Supplies,6208.0,-40.0,2020-06-30,SERVICES,NSDL,"June 30, 2020"
Diversified Consumer Services,1915.0,3.0,2020-06-30,SERVICES,NSDL,"June 30, 2020"
"Hotels, Restaurants & Tourism",10979.0,188.0,2020-06-30,SERVICES,NSDL,"June 30, 2020"
Retailing,38286.0,1167.0,2020-06-30,SERVICES,NSDL,"June 30, 2020"
Telecom Services,86215.0,-5016.0,2020-06-30,TELECOM,NSDL,"June 30, 2020"
Telecommunications Equipment,127.0,-8.0,2020-06-30,TELECOM,NSDL,"June 30, 2020"
"Textiles, Apparels & Accessories",28011.0,-159.0,2020-06-30,TEXTILES,NSDL,"June 30, 2020"
Automobiles & Auto Components,129776.0,477.0,2020-07-15,AUTO,NSDL,"July 15, 2020"
Capital Goods,73871.0,57.0,2020-07-15,CAPITAL_GOODS,NSDL,"July 15, 2020"
Consumer Durables,50135.0,995.0,2020-07-15,CAPITAL_GOODS,NSDL,"July 15, 2020"
General Industrials,12564.0,77.0,2020-07-15,CAPITAL_GOODS,NSDL,"July 15, 2020"
Construction Materials,46143.0,-490.0,2020-07-15,CEMENT,NSDL,"July 15, 2020"
Chemicals & Petrochemicals,37781.0,-309.0,2020-07-15,CHEMICALS,NSDL,"July 15, 2020"
Forest Materials,634.0,-6.0,2020-07-15,COMMODITIES,NSDL,"July 15, 2020"
Diversified,5414.0,-255.0,2020-07-15,DIVERSIFIED,NSDL,"July 15, 2020"
Others,20052.0,-151.0,2020-07-15,DIVERSIFIED,NSDL,"July 15, 2020"
Coal,6059.0,-275.0,2020-07-15,ENERGY,NSDL,"July 15, 2020"
Oil & Gas,331409.0,-2348.0,2020-07-15,ENERGY,NSDL,"July 15, 2020"
Total  Financial Services,813980.0,-1836.0,2020-07-15,FINANCIAL_SERVICES,NSDL,"July 15, 2020"
Insurance,79908.0,2824.0,2020-07-15,FINANCIAL_SERVICES,NSDL,"July 15, 2020"
Food & Drugs Retailing,0.0,0.0,2020-07-15,FMCG,NSDL,"July 15, 2020"
"Food, Beverages & Tobacco",98512.0,-1373.0,2020-07-15,FMCG,NSDL,"July 15, 2020"
Household & Personal Products,133066.0,-870.0,2020-07-15,FMCG,NSDL,"July 15, 2020"
Healthcare Equipment & Supplies,79.0,-3.0,2020-07-15,HEALTHCARE,NSDL,"July 15, 2020"
Healthcare Services,20535.0,-33.0,2020-07-15,HEALTHCARE,NSDL,"July 15, 2020"
Utilities,64440.0,-1502.0,2020-07-15,INFRASTRUCTURE,NSDL,"July 15, 2020"
Hardware Technology & Equipment,44.0,-1.0,2020-07-15,IT,NSDL,"July 15, 2020"
Software & Services,344757.0,725.0,2020-07-15,IT,NSDL,"July 15, 2020"
Transportation,29884.0,-162.0,2020-07-15,LOGISTICS,NSDL,"July 15, 2020"
Media,16426.0,154.0,2020-07-15,MEDIA,NSDL,"July 15, 2020"
Metals & Mining,31035.0,-375.0,2020-07-15,METAL,NSDL,"July 15, 2020"
Pharmaceuticals & Biotechnology,126621.0,159.0,2020-07-15,PHARMA,NSDL,"July 15, 2020"
Real Estate Investment,0.0,0.0,2020-07-15,REALTY,NSDL,"July 15, 2020"
Realty,21273.0,-220.0,2020-07-15,REALTY,NSDL,"July 15, 2020"
Commercial Services & Supplies,6113.0,11.0,2020-07-15,SERVICES,NSDL,"July 15, 2020"
Diversified Consumer Services,1980.0,12.0,2020-07-15,SERVICES,NSDL,"July 15, 2020"
"Hotels, Restaurants & Tourism",10809.0,-221.0,2020-07-15,SERVICES,NSDL,"July 15, 2020"
Retailing,38358.0,497.0,2020-07-15,SERVICES,NSDL,"July 15, 2020"
Telecom Services,84777.0,-1578.0,2020-07-15,TELECOM,NSDL,"July 15, 2020"
Telecommunications Equipment,98.0,-3.0,2020-07-15,TELECOM,NSDL,"July 15, 2020"
"Textiles, Apparels & Accessories",27921.0,-299.0,2020-07-15,TEXTILES,NSDL,"July 15, 2020"
Automobiles & Auto Components,138290.0,1475.0,2020-07-31,AUTO,NSDL,"July 31, 2020"
Capital Goods,73477.0,-467.0,2020-07-31,CAPITAL_GOODS,NSDL,"July 31, 2020"
Consumer Durables,52118.0,1047.0,2020-07-31,CAPITAL_GOODS,NSDL,"July 31, 2020"
General Industrials,13335.0,94.0,2020-07-31,CAPITAL_GOODS,NSDL,"July 31, 2020"
Construction Materials,48521.0,-674.0,2020-07-31,CEMENT,NSDL,"July 31, 2020"
Chemicals & Petrochemicals,39467.0,-249.0,2020-07-31,CHEMICALS,NSDL,"July 31, 2020"
Forest Materials,1113.0,-10.0,2020-07-31,COMMODITIES,NSDL,"July 31, 2020"
Diversified,5538.0,29.0,2020-07-31,DIVERSIFIED,NSDL,"July 31, 2020"
Others,22097.0,3508.0,2020-07-31,DIVERSIFIED,NSDL,"July 31, 2020"
Coal,6053.0,-210.0,2020-07-31,ENERGY,NSDL,"July 31, 2020"
Oil & Gas,372265.0,4230.0,2020-07-31,ENERGY,NSDL,"July 31, 2020"
Total  Financial Services,825974.0,-1971.0,2020-07-31,FINANCIAL_SERVICES,NSDL,"July 31, 2020"
Insurance,85088.0,812.0,2020-07-31,FINANCIAL_SERVICES,NSDL,"July 31, 2020"
Food & Drugs Retailing,0.0,0.0,2020-07-31,FMCG,NSDL,"July 31, 2020"
"Food, Beverages & Tobacco",98194.0,-103.0,2020-07-31,FMCG,NSDL,"July 31, 2020"
Household & Personal Products,131921.0,-685.0,2020-07-31,FMCG,NSDL,"July 31, 2020"
Healthcare Equipment & Supplies,82.0,-1.0,2020-07-31,HEALTHCARE,NSDL,"July 31, 2020"
Healthcare Services,22521.0,304.0,2020-07-31,HEALTHCARE,NSDL,"July 31, 2020"
Utilities,65913.0,-573.0,2020-07-31,INFRASTRUCTURE,NSDL,"July 31, 2020"
Hardware Technology & Equipment,43.0,0.0,2020-07-31,IT,NSDL,"July 31, 2020"
Software & Services,378020.0,2030.0,2020-07-31,IT,NSDL,"July 31, 2020"
Transportation,30321.0,-325.0,2020-07-31,LOGISTICS,NSDL,"July 31, 2020"
Media,14944.0,-332.0,2020-07-31,MEDIA,NSDL,"July 31, 2020"
Metals & Mining,32721.0,286.0,2020-07-31,METAL,NSDL,"July 31, 2020"
Pharmaceuticals & Biotechnology,139557.0,970.0,2020-07-31,PHARMA,NSDL,"July 31, 2020"
Real Estate Investment,0.0,0.0,2020-07-31,REALTY,NSDL,"July 31, 2020"
Realty,21845.0,-175.0,2020-07-31,REALTY,NSDL,"July 31, 2020"
Commercial Services & Supplies,6654.0,27.0,2020-07-31,SERVICES,NSDL,"July 31, 2020"
Diversified Consumer Services,1989.0,7.0,2020-07-31,SERVICES,NSDL,"July 31, 2020"
"Hotels, Restaurants & Tourism",10824.0,-70.0,2020-07-31,SERVICES,NSDL,"July 31, 2020"
Retailing,38007.0,65.0,2020-07-31,SERVICES,NSDL,"July 31, 2020"
Telecom Services,82474.0,-1391.0,2020-07-31,TELECOM,NSDL,"July 31, 2020"
Telecommunications Equipment,91.0,-3.0,2020-07-31,TELECOM,NSDL,"July 31, 2020"
"Textiles, Apparels & Accessories",29236.0,-79.0,2020-07-31,TEXTILES,NSDL,"July 31, 2020"
Automobiles & Auto Components,144407.0,1734.0,2020-08-15,AUTO,NSDL,"August 15, 2020"
Capital Goods,79418.0,337.0,2020-08-15,CAPITAL_GOODS,NSDL,"August 15, 2020"
Consumer Durables,54930.0,971.0,2020-08-15,CAPITAL_GOODS,NSDL,"August 15, 2020"
General Industrials,15204.0,135.0,2020-08-15,CAPITAL_GOODS,NSDL,"August 15, 2020"
Construction Materials,47747.0,-421.0,2020-08-15,CEMENT,NSDL,"August 15, 2020"
Chemicals & Petrochemicals,40612.0,-124.0,2020-08-15,CHEMICALS,NSDL,"August 15, 2020"
Forest Materials,1147.0,5.0,2020-08-15,COMMODITIES,NSDL,"August 15, 2020"
Diversified,5942.0,43.0,2020-08-15,DIVERSIFIED,NSDL,"August 15, 2020"
Others,21293.0,18712.0,2020-08-15,DIVERSIFIED,NSDL,"August 15, 2020"
Coal,6166.0,-66.0,2020-08-15,ENERGY,NSDL,"August 15, 2020"
Oil & Gas,381051.0,5976.0,2020-08-15,ENERGY,NSDL,"August 15, 2020"
Total  Financial Services,850076.0,7225.0,2020-08-15,FINANCIAL_SERVICES,NSDL,"August 15, 2020"
Insurance,81196.0,557.0,2020-08-15,FINANCIAL_SERVICES,NSDL,"August 15, 2020"
Food & Drugs Retailing,1.0,0.0,2020-08-15,FMCG,NSDL,"August 15, 2020"
"Food, Beverages & Tobacco",102021.0,928.0,2020-08-15,FMCG,NSDL,"August 15, 2020"
Household & Personal Products,130629.0,-375.0,2020-08-15,FMCG,NSDL,"August 15, 2020"
Healthcare Equipment & Supplies,82.0,-2.0,2020-08-15,HEALTHCARE,NSDL,"August 15, 2020"
Healthcare Services,22817.0,266.0,2020-08-15,HEALTHCARE,NSDL,"August 15, 2020"
Utilities,66491.0,244.0,2020-08-15,INFRASTRUCTURE,NSDL,"August 15, 2020"
Hardware Technology & Equipment,44.0,0.0,2020-08-15,IT,NSDL,"August 15, 2020"
Software & Services,376658.0,1356.0,2020-08-15,IT,NSDL,"August 15, 2020"
Transportation,31344.0,-84.0,2020-08-15,LOGISTICS,NSDL,"August 15, 2020"
Media,16722.0,-173.0,2020-08-15,MEDIA,NSDL,"August 15, 2020"
Metals & Mining,37758.0,554.0,2020-08-15,METAL,NSDL,"August 15, 2020"
Pharmaceuticals & Biotechnology,146016.0,1115.0,2020-08-15,PHARMA,NSDL,"August 15, 2020"
Real Estate Investment,0.0,0.0,2020-08-15,REALTY,NSDL,"August 15, 2020"
Realty,22714.0,27.0,2020-08-15,REALTY,NSDL,"August 15, 2020"
Commercial Services & Supplies,7573.0,10.0,2020-08-15,SERVICES,NSDL,"August 15, 2020"
Diversified Consumer Services,2089.0,-98.0,2020-08-15,SERVICES,NSDL,"August 15, 2020"
"Hotels, Restaurants & Tourism",12096.0,183.0,2020-08-15,SERVICES,NSDL,"August 15, 2020"
Retailing,40908.0,65.0,2020-08-15,SERVICES,NSDL,"August 15, 2020"
Telecom Services,80284.0,-767.0,2020-08-15,TELECOM,NSDL,"August 15, 2020"
Telecommunications Equipment,105.0,-4.0,2020-08-15,TELECOM,NSDL,"August 15, 2020"
"Textiles, Apparels & Accessories",30444.0,204.0,2020-08-15,TEXTILES,NSDL,"August 15, 2020"
Automobiles & Auto Components,147992.0,1349.0,2020-08-31,AUTO,NSDL,"August 31, 2020"
Capital Goods,83731.0,823.0,2020-08-31,CAPITAL_GOODS,NSDL,"August 31, 2020"
Consumer Durables,58584.0,1518.0,2020-08-31,CAPITAL_GOODS,NSDL,"August 31, 2020"
General Industrials,15998.0,211.0,2020-08-31,CAPITAL_GOODS,NSDL,"August 31, 2020"
Construction Materials,46750.0,-169.0,2020-08-31,CEMENT,NSDL,"August 31, 2020"
Chemicals & Petrochemicals,42126.0,298.0,2020-08-31,CHEMICALS,NSDL,"August 31, 2020"
Forest Materials,1144.0,-77.0,2020-08-31,COMMODITIES,NSDL,"August 31, 2020"
Diversified,5876.0,88.0,2020-08-31,DIVERSIFIED,NSDL,"August 31, 2020"
Others,21466.0,28782.0,2020-08-31,DIVERSIFIED,NSDL,"August 31, 2020"
Coal,6341.0,0.0,2020-08-31,ENERGY,NSDL,"August 31, 2020"
Oil & Gas,375625.0,806.0,2020-08-31,ENERGY,NSDL,"August 31, 2020"
Total  Financial Services,920984.0,9562.0,2020-08-31,FINANCIAL_SERVICES,NSDL,"August 31, 2020"
Insurance,79269.0,272.0,2020-08-31,FINANCIAL_SERVICES,NSDL,"August 31, 2020"
Food & Drugs Retailing,1.0,0.0,2020-08-31,FMCG,NSDL,"August 31, 2020"
"Food, Beverages & Tobacco",99335.0,-392.0,2020-08-31,FMCG,NSDL,"August 31, 2020"
Household & Personal Products,126500.0,-430.0,2020-08-31,FMCG,NSDL,"August 31, 2020"
Healthcare Equipment & Supplies,81.0,-3.0,2020-08-31,HEALTHCARE,NSDL,"August 31, 2020"
Healthcare Services,23212.0,-37.0,2020-08-31,HEALTHCARE,NSDL,"August 31, 2020"
Utilities,68803.0,314.0,2020-08-31,INFRASTRUCTURE,NSDL,"August 31, 2020"
Hardware Technology & Equipment,45.0,0.0,2020-08-31,IT,NSDL,"August 31, 2020"
Software & Services,374865.0,46.0,2020-08-31,IT,NSDL,"August 31, 2020"
Transportation,32838.0,79.0,2020-08-31,LOGISTICS,NSDL,"August 31, 2020"
Media,20498.0,497.0,2020-08-31,MEDIA,NSDL,"August 31, 2020"
Metals & Mining,38963.0,727.0,2020-08-31,METAL,NSDL,"August 31, 2020"
Pharmaceuticals & Biotechnology,140435.0,1330.0,2020-08-31,PHARMA,NSDL,"August 31, 2020"
Real Estate Investment,0.0,0.0,2020-08-31,REALTY,NSDL,"August 31, 2020"
Realty,25567.0,351.0,2020-08-31,REALTY,NSDL,"August 31, 2020"
Commercial Services & Supplies,9382.0,-47.0,2020-08-31,SERVICES,NSDL,"August 31, 2020"
Diversified Consumer Services,2276.0,-13.0,2020-08-31,SERVICES,NSDL,"August 31, 2020"
"Hotels, Restaurants & Tourism",13573.0,426.0,2020-08-31,SERVICES,NSDL,"August 31, 2020"
Retailing,43299.0,742.0,2020-08-31,SERVICES,NSDL,"August 31, 2020"
Telecom Services,78933.0,-143.0,2020-08-31,TELECOM,NSDL,"August 31, 2020"
Telecommunications Equipment,106.0,-5.0,2020-08-31,TELECOM,NSDL,"August 31, 2020"
"Textiles, Apparels & Accessories",30692.0,174.0,2020-08-31,TEXTILES,NSDL,"August 31, 2020"
Automobiles & Auto Components,150818.0,173.0,2020-09-15,AUTO,CDSL,"September 15, 2020"
Capital Goods,92834.0,670.0,2020-09-15,CAPITAL_GOODS,CDSL,"September 15, 2020"
Consumer Durables,63983.0,2087.0,2020-09-15,CAPITAL_GOODS,CDSL,"September 15, 2020"
General Industrials,16355.0,-89.0,2020-09-15,CAPITAL_GOODS,CDSL,"September 15, 2020"
Construction Materials,47330.0,-406.0,2020-09-15,CEMENT,CDSL,"September 15, 2020"
Chemicals & Petrochemicals,44851.0,474.0,2020-09-15,CHEMICALS,CDSL,"September 15, 2020"
Forest Materials,1191.0,-107.0,2020-09-15,COMMODITIES,CDSL,"September 15, 2020"
Diversified,6275.0,96.0,2020-09-15,DIVERSIFIED,CDSL,"September 15, 2020"
Others,23005.0,14808.0,2020-09-15,DIVERSIFIED,CDSL,"September 15, 2020"
Coal,5791.0,-1.0,2020-09-15,ENERGY,CDSL,"September 15, 2020"
Oil & Gas,415787.0,3239.0,2020-09-15,ENERGY,CDSL,"September 15, 2020"
Total  Financial Services,887249.0,2614.0,2020-09-15,FINANCIAL_SERVICES,CDSL,"September 15, 2020"
Insurance,82096.0,-80.0,2020-09-15,FINANCIAL_SERVICES,CDSL,"September 15, 2020"
Food & Drugs Retailing,1.0,0.0,2020-09-15,FMCG,CDSL,"September 15, 2020"
"Food, Beverages & Tobacco",97442.0,-1704.0,2020-09-15,FMCG,CDSL,"September 15, 2020"
Household & Personal Products,128831.0,-1323.0,2020-09-15,FMCG,CDSL,"September 15, 2020"
Healthcare Equipment & Supplies,103.0,2.0,2020-09-15,HEALTHCARE,CDSL,"September 15, 2020"
Healthcare Services,24644.0,503.0,2020-09-15,HEALTHCARE,CDSL,"September 15, 2020"
Utilities,67723.0,-33.0,2020-09-15,INFRASTRUCTURE,CDSL,"September 15, 2020"
Hardware Technology & Equipment,45.0,0.0,2020-09-15,IT,CDSL,"September 15, 2020"
Software & Services,408307.0,-87.0,2020-09-15,IT,CDSL,"September 15, 2020"
Transportation,33616.0,45.0,2020-09-15,LOGISTICS,CDSL,"September 15, 2020"
Media,23167.0,735.0,2020-09-15,MEDIA,CDSL,"September 15, 2020"
Metals & Mining,39258.0,831.0,2020-09-15,METAL,CDSL,"September 15, 2020"
Pharmaceuticals & Biotechnology,147580.0,1174.0,2020-09-15,PHARMA,CDSL,"September 15, 2020"
Real Estate Investment,0.0,0.0,2020-09-15,REALTY,CDSL,"September 15, 2020"
Realty,25407.0,180.0,2020-09-15,REALTY,CDSL,"September 15, 2020"
Commercial Services & Supplies,9694.0,-44.0,2020-09-15,SERVICES,CDSL,"September 15, 2020"
Diversified Consumer Services,2333.0,68.0,2020-09-15,SERVICES,CDSL,"September 15, 2020"
"Hotels, Restaurants & Tourism",15075.0,368.0,2020-09-15,SERVICES,CDSL,"September 15, 2020"
Retailing,43774.0,45.0,2020-09-15,SERVICES,CDSL,"September 15, 2020"
Telecom Services,73368.0,-3760.0,2020-09-15,TELECOM,CDSL,"September 15, 2020"
Telecommunications Equipment,107.0,-2.0,2020-09-15,TELECOM,CDSL,"September 15, 2020"
"Textiles, Apparels & Accessories",31993.0,2.0,2020-09-15,TEXTILES,CDSL,"September 15, 2020"
Automobiles & Auto Components,148495.0,-1310.0,2020-09-30,AUTO,CDSL,"September 30, 2020"
Capital Goods,93427.0,356.0,2020-09-30,CAPITAL_GOODS,CDSL,"September 30, 2020"
Consumer Durables,63972.0,1480.0,2020-09-30,CAPITAL_GOODS,CDSL,"September 30, 2020"
General Industrials,16629.0,519.0,2020-09-30,CAPITAL_GOODS,CDSL,"September 30, 2020"
Construction Materials,47945.0,-487.0,2020-09-30,CEMENT,CDSL,"September 30, 2020"
Chemicals & Petrochemicals,43146.0,88.0,2020-09-30,CHEMICALS,CDSL,"September 30, 2020"
Forest Materials,1082.0,-45.0,2020-09-30,COMMODITIES,CDSL,"September 30, 2020"
Diversified,6000.0,6.0,2020-09-30,DIVERSIFIED,CDSL,"September 30, 2020"
Others,25227.0,2214.0,2020-09-30,DIVERSIFIED,CDSL,"September 30, 2020"
Coal,5193.0,-295.0,2020-09-30,ENERGY,CDSL,"September 30, 2020"
Oil & Gas,396632.0,1190.0,2020-09-30,ENERGY,CDSL,"September 30, 2020"
Total  Financial Services,856176.0,-1896.0,2020-09-30,FINANCIAL_SERVICES,CDSL,"September 30, 2020"
Insurance,78507.0,-487.0,2020-09-30,FINANCIAL_SERVICES,CDSL,"September 30, 2020"
Food & Drugs Retailing,1.0,0.0,2020-09-30,FMCG,CDSL,"September 30, 2020"
"Food, Beverages & Tobacco",92248.0,-2531.0,2020-09-30,FMCG,CDSL,"September 30, 2020"
Household & Personal Products,128272.0,68.0,2020-09-30,FMCG,CDSL,"September 30, 2020"
Healthcare Equipment & Supplies,117.0,25.0,2020-09-30,HEALTHCARE,CDSL,"September 30, 2020"
Healthcare Services,28035.0,1043.0,2020-09-30,HEALTHCARE,CDSL,"September 30, 2020"
Utilities,63212.0,-412.0,2020-09-30,INFRASTRUCTURE,CDSL,"September 30, 2020"
Hardware Technology & Equipment,45.0,-1.0,2020-09-30,IT,CDSL,"September 30, 2020"
Software & Services,416167.0,629.0,2020-09-30,IT,CDSL,"September 30, 2020"
Transportation,31905.0,-148.0,2020-09-30,LOGISTICS,CDSL,"September 30, 2020"
Media,22111.0,388.0,2020-09-30,MEDIA,CDSL,"September 30, 2020"
Metals & Mining,36970.0,-794.0,2020-09-30,METAL,CDSL,"September 30, 2020"
Pharmaceuticals & Biotechnology,146553.0,-152.0,2020-09-30,PHARMA,CDSL,"September 30, 2020"
Real Estate Investment,0.0,0.0,2020-09-30,REALTY,CDSL,"September 30, 2020"
Realty,24263.0,-277.0,2020-09-30,REALTY,CDSL,"September 30, 2020"
Commercial Services & Supplies,9766.0,-65.0,2020-09-30,SERVICES,CDSL,"September 30, 2020"
Diversified Consumer Services,2174.0,-22.0,2020-09-30,SERVICES,CDSL,"September 30, 2020"
"Hotels, Restaurants & Tourism",14861.0,58.0,2020-09-30,SERVICES,CDSL,"September 30, 2020"
Retailing,43650.0,-699.0,2020-09-30,SERVICES,CDSL,"September 30, 2020"
Telecom Services,61740.0,-5950.0,2020-09-30,TELECOM,CDSL,"September 30, 2020"
Telecommunications Equipment,81.0,-24.0,2020-09-30,TELECOM,CDSL,"September 30, 2020"
"Textiles, Apparels & Accessories",32886.0,-251.0,2020-09-30,TEXTILES,CDSL,"September 30, 2020"
Automobiles & Auto Components,151765.0,767.0,2020-10-15,AUTO,CDSL,"October 15, 2020"
Capital Goods,90813.0,361.0,2020-10-15,CAPITAL_GOODS,CDSL,"October 15, 2020"
Consumer Durables,65706.0,640.0,2020-10-15,CAPITAL_GOODS,CDSL,"October 15, 2020"
General Industrials,16294.0,663.0,2020-10-15,CAPITAL_GOODS,CDSL,"October 15, 2020"
Construction Materials,50923.0,-82.0,2020-10-15,CEMENT,CDSL,"October 15, 2020"
Chemicals & Petrochemicals,42875.0,160.0,2020-10-15,CHEMICALS,CDSL,"October 15, 2020"
Forest Materials,1070.0,-37.0,2020-10-15,COMMODITIES,CDSL,"October 15, 2020"
Diversified,6248.0,72.0,2020-10-15,DIVERSIFIED,CDSL,"October 15, 2020"
Others,22999.0,2271.0,2020-10-15,DIVERSIFIED,CDSL,"October 15, 2020"
Coal,4834.0,-420.0,2020-10-15,ENERGY,CDSL,"October 15, 2020"
Oil & Gas,390936.0,-729.0,2020-10-15,ENERGY,CDSL,"October 15, 2020"
Total  Financial Services,924639.0,3679.0,2020-10-15,FINANCIAL_SERVICES,CDSL,"October 15, 2020"
Insurance,76903.0,-971.0,2020-10-15,FINANCIAL_SERVICES,CDSL,"October 15, 2020"
Food & Drugs Retailing,0.0,0.0,2020-10-15,FMCG,CDSL,"October 15, 2020"
"Food, Beverages & Tobacco",89231.0,-1816.0,2020-10-15,FMCG,CDSL,"October 15, 2020"
Household & Personal Products,130247.0,1029.0,2020-10-15,FMCG,CDSL,"October 15, 2020"
Healthcare Equipment & Supplies,128.0,25.0,2020-10-15,HEALTHCARE,CDSL,"October 15, 2020"
Healthcare Services,28752.0,461.0,2020-10-15,HEALTHCARE,CDSL,"October 15, 2020"
Utilities,61092.0,-538.0,2020-10-15,INFRASTRUCTURE,CDSL,"October 15, 2020"
Hardware Technology & Equipment,42.0,-1.0,2020-10-15,IT,CDSL,"October 15, 2020"
Software & Services,451822.0,928.0,2020-10-15,IT,CDSL,"October 15, 2020"
Transportation,32190.0,-30.0,2020-10-15,LOGISTICS,CDSL,"October 15, 2020"
Media,20065.0,-200.0,2020-10-15,MEDIA,CDSL,"October 15, 2020"
Metals & Mining,34225.0,-1499.0,2020-10-15,METAL,CDSL,"October 15, 2020"
Pharmaceuticals & Biotechnology,148668.0,-349.0,2020-10-15,PHARMA,CDSL,"October 15, 2020"
Real Estate Investment,0.0,0.0,2020-10-15,REALTY,CDSL,"October 15, 2020"
Realty,23945.0,-190.0,2020-10-15,REALTY,CDSL,"October 15, 2020"
Commercial Services & Supplies,10054.0,-38.0,2020-10-15,SERVICES,CDSL,"October 15, 2020"
Diversified Consumer Services,2193.0,17.0,2020-10-15,SERVICES,CDSL,"October 15, 2020"
"Hotels, Restaurants & Tourism",14571.0,77.0,2020-10-15,SERVICES,CDSL,"October 15, 2020"
Retailing,41626.0,-217.0,2020-10-15,SERVICES,CDSL,"October 15, 2020"
Telecom Services,59401.0,-2303.0,2020-10-15,TELECOM,CDSL,"October 15, 2020"
Telecommunications Equipment,76.0,-26.0,2020-10-15,TELECOM,CDSL,"October 15, 2020"
"Textiles, Apparels & Accessories",32747.0,-250.0,2020-10-15,TEXTILES,CDSL,"October 15, 2020"
Automobiles & Auto Components,147186.0,1996.0,2020-10-31,AUTO,CDSL,"October 31, 2020"
Capital Goods,99021.0,997.0,2020-10-31,CAPITAL_GOODS,CDSL,"October 31, 2020"
Consumer Durables,70009.0,831.0,2020-10-31,CAPITAL_GOODS,CDSL,"October 31, 2020"
General Industrials,16678.0,39.0,2020-10-31,CAPITAL_GOODS,CDSL,"October 31, 2020"
Construction Materials,54147.0,666.0,2020-10-31,CEMENT,CDSL,"October 31, 2020"
Chemicals & Petrochemicals,42919.0,331.0,2020-10-31,CHEMICALS,CDSL,"October 31, 2020"
Forest Materials,1005.0,-81.0,2020-10-31,COMMODITIES,CDSL,"October 31, 2020"
Diversified,6761.0,172.0,2020-10-31,DIVERSIFIED,CDSL,"October 31, 2020"
Others,20584.0,1889.0,2020-10-31,DIVERSIFIED,CDSL,"October 31, 2020"
Coal,4812.0,-309.0,2020-10-31,ENERGY,CDSL,"October 31, 2020"
Oil & Gas,368464.0,-871.0,2020-10-31,ENERGY,CDSL,"October 31, 2020"
Total  Financial Services,955667.0,9446.0,2020-10-31,FINANCIAL_SERVICES,CDSL,"October 31, 2020"
Insurance,77008.0,-348.0,2020-10-31,FINANCIAL_SERVICES,CDSL,"October 31, 2020"
Food & Drugs Retailing,0.0,0.0,2020-10-31,FMCG,CDSL,"October 31, 2020"
"Food, Beverages & Tobacco",90966.0,465.0,2020-10-31,FMCG,CDSL,"October 31, 2020"
Household & Personal Products,127780.0,1008.0,2020-10-31,FMCG,CDSL,"October 31, 2020"
Healthcare Equipment & Supplies,123.0,-1.0,2020-10-31,HEALTHCARE,CDSL,"October 31, 2020"
Healthcare Services,28861.0,-23.0,2020-10-31,HEALTHCARE,CDSL,"October 31, 2020"
Utilities,65218.0,171.0,2020-10-31,INFRASTRUCTURE,CDSL,"October 31, 2020"
Hardware Technology & Equipment,43.0,0.0,2020-10-31,IT,CDSL,"October 31, 2020"
Software & Services,445706.0,4375.0,2020-10-31,IT,CDSL,"October 31, 2020"
Transportation,33665.0,340.0,2020-10-31,LOGISTICS,CDSL,"October 31, 2020"
Media,17601.0,-124.0,2020-10-31,MEDIA,CDSL,"October 31, 2020"
Metals & Mining,35116.0,-847.0,2020-10-31,METAL,CDSL,"October 31, 2020"
Pharmaceuticals & Biotechnology,144815.0,-162.0,2020-10-31,PHARMA,CDSL,"October 31, 2020"
Real Estate Investment,0.0,0.0,2020-10-31,REALTY,CDSL,"October 31, 2020"
Realty,26182.0,-134.0,2020-10-31,REALTY,CDSL,"October 31, 2020"
Commercial Services & Supplies,10965.0,24.0,2020-10-31,SERVICES,CDSL,"October 31, 2020"
Diversified Consumer Services,2212.0,21.0,2020-10-31,SERVICES,CDSL,"October 31, 2020"
"Hotels, Restaurants & Tourism",14112.0,171.0,2020-10-31,SERVICES,CDSL,"October 31, 2020"
Retailing,42904.0,-124.0,2020-10-31,SERVICES,CDSL,"October 31, 2020"
Telecom Services,63928.0,-331.0,2020-10-31,TELECOM,CDSL,"October 31, 2020"
Telecommunications Equipment,73.0,-8.0,2020-10-31,TELECOM,CDSL,"October 31, 2020"
"Textiles, Apparels & Accessories",32113.0,-36.0,2020-10-31,TEXTILES,CDSL,"October 31, 2020"
Automobiles & Auto Components,158016.0,711.0,2020-11-15,AUTO,CDSL,"November 15, 2020"
Capital Goods,114187.0,2469.0,2020-11-15,CAPITAL_GOODS,CDSL,"November 15, 2020"
Consumer Durables,72369.0,2255.0,2020-11-15,CAPITAL_GOODS,CDSL,"November 15, 2020"
General Industrials,18201.0,490.0,2020-11-15,CAPITAL_GOODS,CDSL,"November 15, 2020"
Construction Materials,58537.0,1728.0,2020-11-15,CEMENT,CDSL,"November 15, 2020"
Chemicals & Petrochemicals,44217.0,987.0,2020-11-15,CHEMICALS,CDSL,"November 15, 2020"
Forest Materials,1008.0,-134.0,2020-11-15,COMMODITIES,CDSL,"November 15, 2020"
Diversified,7733.0,206.0,2020-11-15,DIVERSIFIED,CDSL,"November 15, 2020"
Others,21088.0,374.0,2020-11-15,DIVERSIFIED,CDSL,"November 15, 2020"
Coal,5329.0,-222.0,2020-11-15,ENERGY,CDSL,"November 15, 2020"
Oil & Gas,366462.0,-544.0,2020-11-15,ENERGY,CDSL,"November 15, 2020"
Total  Financial Services,1151844.0,20555.0,2020-11-15,FINANCIAL_SERVICES,CDSL,"November 15, 2020"
Insurance,82719.0,606.0,2020-11-15,FINANCIAL_SERVICES,CDSL,"November 15, 2020"
Food & Drugs Retailing,0.0,0.0,2020-11-15,FMCG,CDSL,"November 15, 2020"
"Food, Beverages & Tobacco",97359.0,1662.0,2020-11-15,FMCG,CDSL,"November 15, 2020"
Household & Personal Products,133262.0,1056.0,2020-11-15,FMCG,CDSL,"November 15, 2020"
Healthcare Equipment & Supplies,143.0,15.0,2020-11-15,HEALTHCARE,CDSL,"November 15, 2020"
Healthcare Services,30634.0,245.0,2020-11-15,HEALTHCARE,CDSL,"November 15, 2020"
Utilities,71361.0,1252.0,2020-11-15,INFRASTRUCTURE,CDSL,"November 15, 2020"
Hardware Technology & Equipment,43.0,0.0,2020-11-15,IT,CDSL,"November 15, 2020"
Software & Services,456768.0,4569.0,2020-11-15,IT,CDSL,"November 15, 2020"
Transportation,36927.0,778.0,2020-11-15,LOGISTICS,CDSL,"November 15, 2020"
Media,17984.0,62.0,2020-11-15,MEDIA,CDSL,"November 15, 2020"
Metals & Mining,41229.0,557.0,2020-11-15,METAL,CDSL,"November 15, 2020"
Pharmaceuticals & Biotechnology,149968.0,-425.0,2020-11-15,PHARMA,CDSL,"November 15, 2020"
Real Estate Investment,0.0,0.0,2020-11-15,REALTY,CDSL,"November 15, 2020"
Realty,27579.0,-356.0,2020-11-15,REALTY,CDSL,"November 15, 2020"
Commercial Services & Supplies,11777.0,40.0,2020-11-15,SERVICES,CDSL,"November 15, 2020"
Diversified Consumer Services,2333.0,11.0,2020-11-15,SERVICES,CDSL,"November 15, 2020"
"Hotels, Restaurants & Tourism",15966.0,152.0,2020-11-15,SERVICES,CDSL,"November 15, 2020"
Retailing,47249.0,550.0,2020-11-15,SERVICES,CDSL,"November 15, 2020"
Telecom Services,68956.0,649.0,2020-11-15,TELECOM,CDSL,"November 15, 2020"
Telecommunications Equipment,68.0,-11.0,2020-11-15,TELECOM,CDSL,"November 15, 2020"
"Textiles, Apparels & Accessories",34638.0,-90.0,2020-11-15,TEXTILES,CDSL,"November 15, 2020"
Automobiles & Auto Components,169610.0,3730.0,2020-11-30,AUTO,CDSL,"November 30, 2020"
Capital Goods,126250.0,3350.0,2020-11-30,CAPITAL_GOODS,CDSL,"November 30, 2020"
Consumer Durables,74817.0,2175.0,2020-11-30,CAPITAL_GOODS,CDSL,"November 30, 2020"
General Industrials,19950.0,595.0,2020-11-30,CAPITAL_GOODS,CDSL,"November 30, 2020"
Construction Materials,60660.0,2099.0,2020-11-30,CEMENT,CDSL,"November 30, 2020"
Chemicals & Petrochemicals,45012.0,1410.0,2020-11-30,CHEMICALS,CDSL,"November 30, 2020"
Forest Materials,1057.0,-83.0,2020-11-30,COMMODITIES,CDSL,"November 30, 2020"
Diversified,8129.0,203.0,2020-11-30,DIVERSIFIED,CDSL,"November 30, 2020"
Others,19782.0,1088.0,2020-11-30,DIVERSIFIED,CDSL,"November 30, 2020"
Coal,5019.0,-237.0,2020-11-30,ENERGY,CDSL,"November 30, 2020"
Oil & Gas,356750.0,1113.0,2020-11-30,ENERGY,CDSL,"November 30, 2020"
Total  Financial Services,1205623.0,29074.0,2020-11-30,FINANCIAL_SERVICES,CDSL,"November 30, 2020"
Insurance,86508.0,729.0,2020-11-30,FINANCIAL_SERVICES,CDSL,"November 30, 2020"
Food & Drugs Retailing,0.0,0.0,2020-11-30,FMCG,CDSL,"November 30, 2020"
"Food, Beverages & Tobacco",103109.0,2799.0,2020-11-30,FMCG,CDSL,"November 30, 2020"
Household & Personal Products,131816.0,426.0,2020-11-30,FMCG,CDSL,"November 30, 2020"
Healthcare Equipment & Supplies,142.0,17.0,2020-11-30,HEALTHCARE,CDSL,"November 30, 2020"
Healthcare Services,32706.0,697.0,2020-11-30,HEALTHCARE,CDSL,"November 30, 2020"
Utilities,77075.0,1672.0,2020-11-30,INFRASTRUCTURE,CDSL,"November 30, 2020"
Hardware Technology & Equipment,40.0,-1.0,2020-11-30,IT,CDSL,"November 30, 2020"
Software & Services,454506.0,-768.0,2020-11-30,IT,CDSL,"November 30, 2020"
Transportation,38935.0,1143.0,2020-11-30,LOGISTICS,CDSL,"November 30, 2020"
Media,18037.0,-8.0,2020-11-30,MEDIA,CDSL,"November 30, 2020"
Metals & Mining,46604.0,2544.0,2020-11-30,METAL,CDSL,"November 30, 2020"
Pharmaceuticals & Biotechnology,157320.0,4309.0,2020-11-30,PHARMA,CDSL,"November 30, 2020"
Real Estate Investment,0.0,0.0,2020-11-30,REALTY,CDSL,"November 30, 2020"
Realty,29159.0,-433.0,2020-11-30,REALTY,CDSL,"November 30, 2020"
Commercial Services & Supplies,12438.0,12.0,2020-11-30,SERVICES,CDSL,"November 30, 2020"
Diversified Consumer Services,2566.0,15.0,2020-11-30,SERVICES,CDSL,"November 30, 2020"
"Hotels, Restaurants & Tourism",16502.0,188.0,2020-11-30,SERVICES,CDSL,"November 30, 2020"
Retailing,49746.0,1343.0,2020-11-30,SERVICES,CDSL,"November 30, 2020"
Telecom Services,70913.0,956.0,2020-11-30,TELECOM,CDSL,"November 30, 2020"
Telecommunications Equipment,62.0,-12.0,2020-11-30,TELECOM,CDSL,"November 30, 2020"
"Textiles, Apparels & Accessories",36620.0,214.0,2020-11-30,TEXTILES,CDSL,"November 30, 2020"
Automobiles & Auto Components,179062.0,7024.0,2020-12-15,AUTO,CDSL,"December 15, 2020"
Capital Goods,131248.0,4592.0,2020-12-15,CAPITAL_GOODS,CDSL,"December 15, 2020"
Consumer Durables,84334.0,2073.0,2020-12-15,CAPITAL_GOODS,CDSL,"December 15, 2020"
General Industrials,20202.0,489.0,2020-12-15,CAPITAL_GOODS,CDSL,"December 15, 2020"
Construction Materials,63269.0,2681.0,2020-12-15,CEMENT,CDSL,"December 15, 2020"
Chemicals & Petrochemicals,48202.0,1521.0,2020-12-15,CHEMICALS,CDSL,"December 15, 2020"
Forest Materials,1169.0,-13.0,2020-12-15,COMMODITIES,CDSL,"December 15, 2020"
Diversified,8451.0,303.0,2020-12-15,DIVERSIFIED,CDSL,"December 15, 2020"
Others,21479.0,2026.0,2020-12-15,DIVERSIFIED,CDSL,"December 15, 2020"
Coal,5700.0,-168.0,2020-12-15,ENERGY,CDSL,"December 15, 2020"
Oil & Gas,368355.0,-229.0,2020-12-15,ENERGY,CDSL,"December 15, 2020"
Total  Financial Services,1258708.0,26217.0,2020-12-15,FINANCIAL_SERVICES,CDSL,"December 15, 2020"
Insurance,89584.0,2224.0,2020-12-15,FINANCIAL_SERVICES,CDSL,"December 15, 2020"
Food & Drugs Retailing,0.0,0.0,2020-12-15,FMCG,CDSL,"December 15, 2020"
"Food, Beverages & Tobacco",112100.0,4309.0,2020-12-15,FMCG,CDSL,"December 15, 2020"
Household & Personal Products,141879.0,1120.0,2020-12-15,FMCG,CDSL,"December 15, 2020"
Healthcare Equipment & Supplies,177.0,20.0,2020-12-15,HEALTHCARE,CDSL,"December 15, 2020"
Healthcare Services,32991.0,1005.0,2020-12-15,HEALTHCARE,CDSL,"December 15, 2020"
Utilities,83183.0,1687.0,2020-12-15,INFRASTRUCTURE,CDSL,"December 15, 2020"
Hardware Technology & Equipment,44.0,-4.0,2020-12-15,IT,CDSL,"December 15, 2020"
Software & Services,475959.0,-375.0,2020-12-15,IT,CDSL,"December 15, 2020"
Transportation,43124.0,976.0,2020-12-15,LOGISTICS,CDSL,"December 15, 2020"
Media,21056.0,-108.0,2020-12-15,MEDIA,CDSL,"December 15, 2020"
Metals & Mining,54212.0,4176.0,2020-12-15,METAL,CDSL,"December 15, 2020"
Pharmaceuticals & Biotechnology,166808.0,7216.0,2020-12-15,PHARMA,CDSL,"December 15, 2020"
Real Estate Investment,0.0,0.0,2020-12-15,REALTY,CDSL,"December 15, 2020"
Realty,32457.0,19.0,2020-12-15,REALTY,CDSL,"December 15, 2020"
Commercial Services & Supplies,14033.0,-73.0,2020-12-15,SERVICES,CDSL,"December 15, 2020"
Diversified Consumer Services,2669.0,-1.0,2020-12-15,SERVICES,CDSL,"December 15, 2020"
"Hotels, Restaurants & Tourism",19722.0,2562.0,2020-12-15,SERVICES,CDSL,"December 15, 2020"
Retailing,55005.0,1616.0,2020-12-15,SERVICES,CDSL,"December 15, 2020"
Telecom Services,72373.0,-755.0,2020-12-15,TELECOM,CDSL,"December 15, 2020"
Telecommunications Equipment,80.0,-7.0,2020-12-15,TELECOM,CDSL,"December 15, 2020"
"Textiles, Apparels & Accessories",39659.0,696.0,2020-12-15,TEXTILES,CDSL,"December 15, 2020"
Automobiles & Auto Components,180952.0,5070.0,2020-12-31,AUTO,CDSL,"December 31, 2020"
Capital Goods,135241.0,3898.0,2020-12-31,CAPITAL_GOODS,CDSL,"December 31, 2020"
Consumer Durables,92619.0,2083.0,2020-12-31,CAPITAL_GOODS,CDSL,"December 31, 2020"
General Industrials,22487.0,435.0,2020-12-31,CAPITAL_GOODS,CDSL,"December 31, 2020"
Construction Materials,65068.0,2777.0,2020-12-31,CEMENT,CDSL,"December 31, 2020"
Chemicals & Petrochemicals,49955.0,1675.0,2020-12-31,CHEMICALS,CDSL,"December 31, 2020"
Forest Materials,1234.0,-10.0,2020-12-31,COMMODITIES,CDSL,"December 31, 2020"
Diversified,8982.0,268.0,2020-12-31,DIVERSIFIED,CDSL,"December 31, 2020"
Others,22465.0,3397.0,2020-12-31,DIVERSIFIED,CDSL,"December 31, 2020"
Coal,5446.0,46.0,2020-12-31,ENERGY,CDSL,"December 31, 2020"
Oil & Gas,368353.0,329.0,2020-12-31,ENERGY,CDSL,"December 31, 2020"
Total  Financial Services,1317036.0,17201.0,2020-12-31,FINANCIAL_SERVICES,CDSL,"December 31, 2020"
Insurance,94315.0,2508.0,2020-12-31,FINANCIAL_SERVICES,CDSL,"December 31, 2020"
Food & Drugs Retailing,1.0,0.0,2020-12-31,FMCG,CDSL,"December 31, 2020"
"Food, Beverages & Tobacco",112023.0,3252.0,2020-12-31,FMCG,CDSL,"December 31, 2020"
Household & Personal Products,145962.0,1635.0,2020-12-31,FMCG,CDSL,"December 31, 2020"
Healthcare Equipment & Supplies,170.0,20.0,2020-12-31,HEALTHCARE,CDSL,"December 31, 2020"
Healthcare Services,33952.0,866.0,2020-12-31,HEALTHCARE,CDSL,"December 31, 2020"
Utilities,82502.0,1122.0,2020-12-31,INFRASTRUCTURE,CDSL,"December 31, 2020"
Hardware Technology & Equipment,43.0,-5.0,2020-12-31,IT,CDSL,"December 31, 2020"
Software & Services,505607.0,3482.0,2020-12-31,IT,CDSL,"December 31, 2020"
Transportation,43448.0,512.0,2020-12-31,LOGISTICS,CDSL,"December 31, 2020"
Media,20956.0,484.0,2020-12-31,MEDIA,CDSL,"December 31, 2020"
Metals & Mining,56559.0,2894.0,2020-12-31,METAL,CDSL,"December 31, 2020"
Pharmaceuticals & Biotechnology,164256.0,4273.0,2020-12-31,PHARMA,CDSL,"December 31, 2020"
Real Estate Investment,0.0,0.0,2020-12-31,REALTY,CDSL,"December 31, 2020"
Realty,35275.0,353.0,2020-12-31,REALTY,CDSL,"December 31, 2020"
Commercial Services & Supplies,14398.0,-31.0,2020-12-31,SERVICES,CDSL,"December 31, 2020"
Diversified Consumer Services,2612.0,-5.0,2020-12-31,SERVICES,CDSL,"December 31, 2020"
"Hotels, Restaurants & Tourism",21394.0,2299.0,2020-12-31,SERVICES,CDSL,"December 31, 2020"
Retailing,56567.0,1099.0,2020-12-31,SERVICES,CDSL,"December 31, 2020"
Telecom Services,76235.0,-663.0,2020-12-31,TELECOM,CDSL,"December 31, 2020"
Telecommunications Equipment,86.0,1.0,2020-12-31,TELECOM,CDSL,"December 31, 2020"
"Textiles, Apparels & Accessories",42828.0,749.0,2020-12-31,TEXTILES,CDSL,"December 31, 2020"
Automobiles & Auto Components,196284.0,4200.0,2021-01-15,AUTO,CDSL,"January 15, 2021"
Capital Goods,144117.0,3661.0,2021-01-15,CAPITAL_GOODS,CDSL,"January 15, 2021"
Consumer Durables,90588.0,440.0,2021-01-15,CAPITAL_GOODS,CDSL,"January 15, 2021"
General Industrials,23988.0,471.0,2021-01-15,CAPITAL_GOODS,CDSL,"January 15, 2021"
Construction Materials,69233.0,2007.0,2021-01-15,CEMENT,CDSL,"January 15, 2021"
Chemicals & Petrochemicals,52630.0,1126.0,2021-01-15,CHEMICALS,CDSL,"January 15, 2021"
Forest Materials,1332.0,-8.0,2021-01-15,COMMODITIES,CDSL,"January 15, 2021"
Diversified,9406.0,53.0,2021-01-15,DIVERSIFIED,CDSL,"January 15, 2021"
Others,22442.0,2442.0,2021-01-15,DIVERSIFIED,CDSL,"January 15, 2021"
Coal,6199.0,490.0,2021-01-15,ENERGY,CDSL,"January 15, 2021"
Oil & Gas,362631.0,-460.0,2021-01-15,ENERGY,CDSL,"January 15, 2021"
Total  Financial Services,1342029.0,4916.0,2021-01-15,FINANCIAL_SERVICES,CDSL,"January 15, 2021"
Insurance,97514.0,1533.0,2021-01-15,FINANCIAL_SERVICES,CDSL,"January 15, 2021"
Food & Drugs Retailing,1.0,0.0,2021-01-15,FMCG,CDSL,"January 15, 2021"
"Food, Beverages & Tobacco",114748.0,1134.0,2021-01-15,FMCG,CDSL,"January 15, 2021"
Household & Personal Products,147513.0,1689.0,2021-01-15,FMCG,CDSL,"January 15, 2021"
Healthcare Equipment & Supplies,169.0,-6.0,2021-01-15,HEALTHCARE,CDSL,"January 15, 2021"
Healthcare Services,36469.0,666.0,2021-01-15,HEALTHCARE,CDSL,"January 15, 2021"
Utilities,89070.0,2033.0,2021-01-15,INFRASTRUCTURE,CDSL,"January 15, 2021"
Hardware Technology & Equipment,40.0,-10.0,2021-01-15,IT,CDSL,"January 15, 2021"
Software & Services,555587.0,3203.0,2021-01-15,IT,CDSL,"January 15, 2021"
Transportation,45494.0,594.0,2021-01-15,LOGISTICS,CDSL,"January 15, 2021"
Media,21238.0,503.0,2021-01-15,MEDIA,CDSL,"January 15, 2021"
Metals & Mining,61699.0,2279.0,2021-01-15,METAL,CDSL,"January 15, 2021"
Pharmaceuticals & Biotechnology,166625.0,2458.0,2021-01-15,PHARMA,CDSL,"January 15, 2021"
Real Estate Investment,0.0,0.0,2021-01-15,REALTY,CDSL,"January 15, 2021"
Realty,37690.0,299.0,2021-01-15,REALTY,CDSL,"January 15, 2021"
Commercial Services & Supplies,15596.0,8.0,2021-01-15,SERVICES,CDSL,"January 15, 2021"
Diversified Consumer Services,2607.0,-13.0,2021-01-15,SERVICES,CDSL,"January 15, 2021"
"Hotels, Restaurants & Tourism",21283.0,1.0,2021-01-15,SERVICES,CDSL,"January 15, 2021"
Retailing,58436.0,526.0,2021-01-15,SERVICES,CDSL,"January 15, 2021"
Telecom Services,90142.0,2035.0,2021-01-15,TELECOM,CDSL,"January 15, 2021"
Telecommunications Equipment,105.0,0.0,2021-01-15,TELECOM,CDSL,"January 15, 2021"
"Textiles, Apparels & Accessories",41718.0,337.0,2021-01-15,TEXTILES,CDSL,"January 15, 2021"
Automobiles & Auto Components,188502.0,3483.0,2021-01-31,AUTO,CDSL,"January 31, 2021"
Capital Goods,145781.0,3621.0,2021-01-31,CAPITAL_GOODS,CDSL,"January 31, 2021"
Consumer Durables,86326.0,-721.0,2021-01-31,CAPITAL_GOODS,CDSL,"January 31, 2021"
General Industrials,23759.0,592.0,2021-01-31,CAPITAL_GOODS,CDSL,"January 31, 2021"
Construction Materials,66611.0,523.0,2021-01-31,CEMENT,CDSL,"January 31, 2021"
Chemicals & Petrochemicals,52141.0,791.0,2021-01-31,CHEMICALS,CDSL,"January 31, 2021"
Forest Materials,1345.0,-2.0,2021-01-31,COMMODITIES,CDSL,"January 31, 2021"
Diversified,8681.0,-61.0,2021-01-31,DIVERSIFIED,CDSL,"January 31, 2021"
Others,21049.0,-405.0,2021-01-31,DIVERSIFIED,CDSL,"January 31, 2021"
Coal,5434.0,364.0,2021-01-31,ENERGY,CDSL,"January 31, 2021"
Oil & Gas,346768.0,638.0,2021-01-31,ENERGY,CDSL,"January 31, 2021"
Total  Financial Services,1255342.0,-2518.0,2021-01-31,FINANCIAL_SERVICES,CDSL,"January 31, 2021"
Insurance,91234.0,861.0,2021-01-31,FINANCIAL_SERVICES,CDSL,"January 31, 2021"
Food & Drugs Retailing,1.0,0.0,2021-01-31,FMCG,CDSL,"January 31, 2021"
"Food, Beverages & Tobacco",108584.0,8.0,2021-01-31,FMCG,CDSL,"January 31, 2021"
Household & Personal Products,142992.0,979.0,2021-01-31,FMCG,CDSL,"January 31, 2021"
Healthcare Equipment & Supplies,184.0,16.0,2021-01-31,HEALTHCARE,CDSL,"January 31, 2021"
Healthcare Services,37016.0,1513.0,2021-01-31,HEALTHCARE,CDSL,"January 31, 2021"
Utilities,83241.0,1772.0,2021-01-31,INFRASTRUCTURE,CDSL,"January 31, 2021"
Hardware Technology & Equipment,45.0,-8.0,2021-01-31,IT,CDSL,"January 31, 2021"
Software & Services,526311.0,2153.0,2021-01-31,IT,CDSL,"January 31, 2021"
Transportation,44183.0,778.0,2021-01-31,LOGISTICS,CDSL,"January 31, 2021"
Media,20530.0,40.0,2021-01-31,MEDIA,CDSL,"January 31, 2021"
Metals & Mining,55694.0,1571.0,2021-01-31,METAL,CDSL,"January 31, 2021"
Pharmaceuticals & Biotechnology,154519.0,553.0,2021-01-31,PHARMA,CDSL,"January 31, 2021"
Real Estate Investment,0.0,0.0,2021-01-31,REALTY,CDSL,"January 31, 2021"
Realty,34560.0,-276.0,2021-01-31,REALTY,CDSL,"January 31, 2021"
Commercial Services & Supplies,15123.0,32.0,2021-01-31,SERVICES,CDSL,"January 31, 2021"
Diversified Consumer Services,2680.0,-17.0,2021-01-31,SERVICES,CDSL,"January 31, 2021"
"Hotels, Restaurants & Tourism",20459.0,181.0,2021-01-31,SERVICES,CDSL,"January 31, 2021"
Retailing,53487.0,401.0,2021-01-31,SERVICES,CDSL,"January 31, 2021"
Telecom Services,82813.0,2585.0,2021-01-31,TELECOM,CDSL,"January 31, 2021"
Telecommunications Equipment,105.0,5.0,2021-01-31,TELECOM,CDSL,"January 31, 2021"
"Textiles, Apparels & Accessories",40219.0,23.0,2021-01-31,TEXTILES,CDSL,"January 31, 2021"
Automobiles & Auto Components,208275.0,814.0,2021-02-15,AUTO,CDSL,"February 15, 2021"
Capital Goods,164858.0,1391.0,2021-02-15,CAPITAL_GOODS,CDSL,"February 15, 2021"
Consumer Durables,92035.0,465.0,2021-02-15,CAPITAL_GOODS,CDSL,"February 15, 2021"
General Industrials,26563.0,609.0,2021-02-15,CAPITAL_GOODS,CDSL,"February 15, 2021"
Construction Materials,80726.0,422.0,2021-02-15,CEMENT,CDSL,"February 15, 2021"
Chemicals & Petrochemicals,53693.0,209.0,2021-02-15,CHEMICALS,CDSL,"February 15, 2021"
Forest Materials,1453.0,-7.0,2021-02-15,COMMODITIES,CDSL,"February 15, 2021"
Diversified,9302.0,-91.0,2021-02-15,DIVERSIFIED,CDSL,"February 15, 2021"
Others,17625.0,1498.0,2021-02-15,DIVERSIFIED,CDSL,"February 15, 2021"
Coal,5613.0,-162.0,2021-02-15,ENERGY,CDSL,"February 15, 2021"
Oil & Gas,389713.0,2965.0,2021-02-15,ENERGY,CDSL,"February 15, 2021"
Total  Financial Services,1512370.0,7696.0,2021-02-15,FINANCIAL_SERVICES,CDSL,"February 15, 2021"
Insurance,96263.0,493.0,2021-02-15,FINANCIAL_SERVICES,CDSL,"February 15, 2021"
Food & Drugs Retailing,1.0,0.0,2021-02-15,FMCG,CDSL,"February 15, 2021"
"Food, Beverages & Tobacco",112359.0,-1431.0,2021-02-15,FMCG,CDSL,"February 15, 2021"
Household & Personal Products,140928.0,-806.0,2021-02-15,FMCG,CDSL,"February 15, 2021"
Healthcare Equipment & Supplies,265.0,52.0,2021-02-15,HEALTHCARE,CDSL,"February 15, 2021"
Healthcare Services,42477.0,1637.0,2021-02-15,HEALTHCARE,CDSL,"February 15, 2021"
Utilities,96610.0,614.0,2021-02-15,INFRASTRUCTURE,CDSL,"February 15, 2021"
Hardware Technology & Equipment,53.0,1.0,2021-02-15,IT,CDSL,"February 15, 2021"
Software & Services,545108.0,315.0,2021-02-15,IT,CDSL,"February 15, 2021"
Transportation,52083.0,710.0,2021-02-15,LOGISTICS,CDSL,"February 15, 2021"
Media,20879.0,-49.0,2021-02-15,MEDIA,CDSL,"February 15, 2021"
Metals & Mining,64504.0,113.0,2021-02-15,METAL,CDSL,"February 15, 2021"
Pharmaceuticals & Biotechnology,161361.0,-366.0,2021-02-15,PHARMA,CDSL,"February 15, 2021"
Real Estate Investment,0.0,0.0,2021-02-15,REALTY,CDSL,"February 15, 2021"
Realty,40508.0,-262.0,2021-02-15,REALTY,CDSL,"February 15, 2021"
Commercial Services & Supplies,21530.0,153.0,2021-02-15,SERVICES,CDSL,"February 15, 2021"
Diversified Consumer Services,2847.0,-31.0,2021-02-15,SERVICES,CDSL,"February 15, 2021"
"Hotels, Restaurants & Tourism",22599.0,132.0,2021-02-15,SERVICES,CDSL,"February 15, 2021"
Retailing,65126.0,2066.0,2021-02-15,SERVICES,CDSL,"February 15, 2021"
Telecom Services,88673.0,1138.0,2021-02-15,TELECOM,CDSL,"February 15, 2021"
Telecommunications Equipment,102.0,6.0,2021-02-15,TELECOM,CDSL,"February 15, 2021"
"Textiles, Apparels & Accessories",42128.0,-426.0,2021-02-15,TEXTILES,CDSL,"February 15, 2021"
Automobiles & Auto Components,191159.0,-1063.0,2021-02-28,AUTO,CDSL,"February 28, 2021"
Capital Goods,163588.0,-359.0,2021-02-28,CAPITAL_GOODS,CDSL,"February 28, 2021"
Consumer Durables,88364.0,764.0,2021-02-28,CAPITAL_GOODS,CDSL,"February 28, 2021"
General Industrials,27389.0,800.0,2021-02-28,CAPITAL_GOODS,CDSL,"February 28, 2021"
Construction Materials,77752.0,1348.0,2021-02-28,CEMENT,CDSL,"February 28, 2021"
Chemicals & Petrochemicals,55327.0,460.0,2021-02-28,CHEMICALS,CDSL,"February 28, 2021"
Forest Materials,1533.0,9.0,2021-02-28,COMMODITIES,CDSL,"February 28, 2021"
Diversified,9362.0,-63.0,2021-02-28,DIVERSIFIED,CDSL,"February 28, 2021"
Others,25405.0,2454.0,2021-02-28,DIVERSIFIED,CDSL,"February 28, 2021"
Coal,6462.0,-16.0,2021-02-28,ENERGY,CDSL,"February 28, 2021"
Oil & Gas,396896.0,4467.0,2021-02-28,ENERGY,CDSL,"February 28, 2021"
Total  Financial Services,1395789.0,14266.0,2021-02-28,FINANCIAL_SERVICES,CDSL,"February 28, 2021"
Insurance,96264.0,1782.0,2021-02-28,FINANCIAL_SERVICES,CDSL,"February 28, 2021"
Food & Drugs Retailing,1.0,0.0,2021-02-28,FMCG,CDSL,"February 28, 2021"
"Food, Beverages & Tobacco",106053.0,-2317.0,2021-02-28,FMCG,CDSL,"February 28, 2021"
Household & Personal Products,134906.0,-639.0,2021-02-28,FMCG,CDSL,"February 28, 2021"
Healthcare Equipment & Supplies,766.0,128.0,2021-02-28,HEALTHCARE,CDSL,"February 28, 2021"
Healthcare Services,41543.0,514.0,2021-02-28,HEALTHCARE,CDSL,"February 28, 2021"
Utilities,100713.0,936.0,2021-02-28,INFRASTRUCTURE,CDSL,"February 28, 2021"
Hardware Technology & Equipment,52.0,1.0,2021-02-28,IT,CDSL,"February 28, 2021"
Software & Services,513009.0,-2333.0,2021-02-28,IT,CDSL,"February 28, 2021"
Transportation,54823.0,866.0,2021-02-28,LOGISTICS,CDSL,"February 28, 2021"
Media,20478.0,5.0,2021-02-28,MEDIA,CDSL,"February 28, 2021"
Metals & Mining,71094.0,1508.0,2021-02-28,METAL,CDSL,"February 28, 2021"
Pharmaceuticals & Biotechnology,151148.0,-1039.0,2021-02-28,PHARMA,CDSL,"February 28, 2021"
Real Estate Investment,0.0,0.0,2021-02-28,REALTY,CDSL,"February 28, 2021"
Realty,39422.0,-7.0,2021-02-28,REALTY,CDSL,"February 28, 2021"
Commercial Services & Supplies,23504.0,95.0,2021-02-28,SERVICES,CDSL,"February 28, 2021"
Diversified Consumer Services,3040.0,-32.0,2021-02-28,SERVICES,CDSL,"February 28, 2021"
"Hotels, Restaurants & Tourism",23440.0,360.0,2021-02-28,SERVICES,CDSL,"February 28, 2021"
Retailing,62299.0,1838.0,2021-02-28,SERVICES,CDSL,"February 28, 2021"
Telecom Services,87430.0,1777.0,2021-02-28,TELECOM,CDSL,"February 28, 2021"
Telecommunications Equipment,105.0,3.0,2021-02-28,TELECOM,CDSL,"February 28, 2021"
"Textiles, Apparels & Accessories",40491.0,-725.0,2021-02-28,TEXTILES,CDSL,"February 28, 2021"
Automobiles & Auto Components,197783.0,-227.0,2021-03-15,AUTO,CDSL,"March 15, 2021"
Capital Goods,165407.0,-2136.0,2021-03-15,CAPITAL_GOODS,CDSL,"March 15, 2021"
Consumer Durables,91653.0,-198.0,2021-03-15,CAPITAL_GOODS,CDSL,"March 15, 2021"
General Industrials,29337.0,579.0,2021-03-15,CAPITAL_GOODS,CDSL,"March 15, 2021"
Construction Materials,83535.0,793.0,2021-03-15,CEMENT,CDSL,"March 15, 2021"
Chemicals & Petrochemicals,58585.0,842.0,2021-03-15,CHEMICALS,CDSL,"March 15, 2021"
Forest Materials,1461.0,-211.0,2021-03-15,COMMODITIES,CDSL,"March 15, 2021"
Diversified,9476.0,-87.0,2021-03-15,DIVERSIFIED,CDSL,"March 15, 2021"
Others,16734.0,778.0,2021-03-15,DIVERSIFIED,CDSL,"March 15, 2021"
Coal,6086.0,-143.0,2021-03-15,ENERGY,CDSL,"March 15, 2021"
Oil & Gas,419998.0,6548.0,2021-03-15,ENERGY,CDSL,"March 15, 2021"
Total  Financial Services,1411893.0,2144.0,2021-03-15,FINANCIAL_SERVICES,CDSL,"March 15, 2021"
Insurance,98762.0,4904.0,2021-03-15,FINANCIAL_SERVICES,CDSL,"March 15, 2021"
Food & Drugs Retailing,0.0,0.0,2021-03-15,FMCG,CDSL,"March 15, 2021"
"Food, Beverages & Tobacco",106072.0,-2213.0,2021-03-15,FMCG,CDSL,"March 15, 2021"
Household & Personal Products,138754.0,342.0,2021-03-15,FMCG,CDSL,"March 15, 2021"
Healthcare Equipment & Supplies,1058.0,151.0,2021-03-15,HEALTHCARE,CDSL,"March 15, 2021"
Healthcare Services,42340.0,258.0,2021-03-15,HEALTHCARE,CDSL,"March 15, 2021"
Utilities,105792.0,147.0,2021-03-15,INFRASTRUCTURE,CDSL,"March 15, 2021"
Hardware Technology & Equipment,51.0,-6.0,2021-03-15,IT,CDSL,"March 15, 2021"
Software & Services,551499.0,-2535.0,2021-03-15,IT,CDSL,"March 15, 2021"
Transportation,57137.0,319.0,2021-03-15,LOGISTICS,CDSL,"March 15, 2021"
Media,22247.0,390.0,2021-03-15,MEDIA,CDSL,"March 15, 2021"
Metals & Mining,73708.0,939.0,2021-03-15,METAL,CDSL,"March 15, 2021"
Pharmaceuticals & Biotechnology,151433.0,-1937.0,2021-03-15,PHARMA,CDSL,"March 15, 2021"
Real Estate Investment,0.0,0.0,2021-03-15,REALTY,CDSL,"March 15, 2021"
Realty,39471.0,188.0,2021-03-15,REALTY,CDSL,"March 15, 2021"
Commercial Services & Supplies,24852.0,13.0,2021-03-15,SERVICES,CDSL,"March 15, 2021"
Diversified Consumer Services,3164.0,-8.0,2021-03-15,SERVICES,CDSL,"March 15, 2021"
"Hotels, Restaurants & Tourism",23541.0,302.0,2021-03-15,SERVICES,CDSL,"March 15, 2021"
Retailing,63245.0,-228.0,2021-03-15,SERVICES,CDSL,"March 15, 2021"
Telecom Services,83381.0,534.0,2021-03-15,TELECOM,CDSL,"March 15, 2021"
Telecommunications Equipment,103.0,3.0,2021-03-15,TELECOM,CDSL,"March 15, 2021"
"Textiles, Apparels & Accessories",42515.0,21.0,2021-03-15,TEXTILES,CDSL,"March 15, 2021"
Automobiles & Auto Components,188896.0,646.0,2021-03-31,AUTO,CDSL,"March 31, 2021"
Capital Goods,160050.0,-535.0,2021-03-31,CAPITAL_GOODS,CDSL,"March 31, 2021"
Consumer Durables,93769.0,-321.0,2021-03-31,CAPITAL_GOODS,CDSL,"March 31, 2021"
General Industrials,27069.0,421.0,2021-03-31,CAPITAL_GOODS,CDSL,"March 31, 2021"
Construction Materials,88136.0,748.0,2021-03-31,CEMENT,CDSL,"March 31, 2021"
Chemicals & Petrochemicals,62031.0,1059.0,2021-03-31,CHEMICALS,CDSL,"March 31, 2021"
Forest Materials,1359.0,-221.0,2021-03-31,COMMODITIES,CDSL,"March 31, 2021"
Diversified,9351.0,-133.0,2021-03-31,DIVERSIFIED,CDSL,"March 31, 2021"
Others,23684.0,740.0,2021-03-31,DIVERSIFIED,CDSL,"March 31, 2021"
Coal,5269.0,-373.0,2021-03-31,ENERGY,CDSL,"March 31, 2021"
Oil & Gas,392757.0,2278.0,2021-03-31,ENERGY,CDSL,"March 31, 2021"
Total  Financial Services,1357048.0,-884.0,2021-03-31,FINANCIAL_SERVICES,CDSL,"March 31, 2021"
Insurance,99581.0,3619.0,2021-03-31,FINANCIAL_SERVICES,CDSL,"March 31, 2021"
Food & Drugs Retailing,0.0,0.0,2021-03-31,FMCG,CDSL,"March 31, 2021"
"Food, Beverages & Tobacco",111730.0,174.0,2021-03-31,FMCG,CDSL,"March 31, 2021"
Household & Personal Products,149554.0,1573.0,2021-03-31,FMCG,CDSL,"March 31, 2021"
Healthcare Equipment & Supplies,1054.0,71.0,2021-03-31,HEALTHCARE,CDSL,"March 31, 2021"
Healthcare Services,43132.0,170.0,2021-03-31,HEALTHCARE,CDSL,"March 31, 2021"
Utilities,106322.0,-230.0,2021-03-31,INFRASTRUCTURE,CDSL,"March 31, 2021"
Hardware Technology & Equipment,43.0,-7.0,2021-03-31,IT,CDSL,"March 31, 2021"
Software & Services,554810.0,-2404.0,2021-03-31,IT,CDSL,"March 31, 2021"
Transportation,56275.0,151.0,2021-03-31,LOGISTICS,CDSL,"March 31, 2021"
Media,20701.0,33.0,2021-03-31,MEDIA,CDSL,"March 31, 2021"
Metals & Mining,74858.0,-690.0,2021-03-31,METAL,CDSL,"March 31, 2021"
Pharmaceuticals & Biotechnology,152231.0,-1872.0,2021-03-31,PHARMA,CDSL,"March 31, 2021"
Real Estate Investment,0.0,0.0,2021-03-31,REALTY,CDSL,"March 31, 2021"
Realty,41341.0,3653.0,2021-03-31,REALTY,CDSL,"March 31, 2021"
Commercial Services & Supplies,28209.0,114.0,2021-03-31,SERVICES,CDSL,"March 31, 2021"
Diversified Consumer Services,3202.0,-28.0,2021-03-31,SERVICES,CDSL,"March 31, 2021"
"Hotels, Restaurants & Tourism",22682.0,105.0,2021-03-31,SERVICES,CDSL,"March 31, 2021"
Retailing,57029.0,-250.0,2021-03-31,SERVICES,CDSL,"March 31, 2021"
Telecom Services,83312.0,1932.0,2021-03-31,TELECOM,CDSL,"March 31, 2021"
Telecommunications Equipment,103.0,10.0,2021-03-31,TELECOM,CDSL,"March 31, 2021"
"Textiles, Apparels & Accessories",44204.0,935.0,2021-03-31,TEXTILES,CDSL,"March 31, 2021"
Automobiles & Auto Components,183909.0,-457.0,2021-04-15,AUTO,CDSL,"April 15, 2021"
Capital Goods,158813.0,1103.0,2021-04-15,CAPITAL_GOODS,CDSL,"April 15, 2021"
Consumer Durables,92810.0,-484.0,2021-04-15,CAPITAL_GOODS,CDSL,"April 15, 2021"
General Industrials,27133.0,218.0,2021-04-15,CAPITAL_GOODS,CDSL,"April 15, 2021"
Construction Materials,86407.0,999.0,2021-04-15,CEMENT,CDSL,"April 15, 2021"
Chemicals & Petrochemicals,62598.0,816.0,2021-04-15,CHEMICALS,CDSL,"April 15, 2021"
Forest Materials,1302.0,-3.0,2021-04-15,COMMODITIES,CDSL,"April 15, 2021"
Diversified,9425.0,-161.0,2021-04-15,DIVERSIFIED,CDSL,"April 15, 2021"
Others,22489.0,824.0,2021-04-15,DIVERSIFIED,CDSL,"April 15, 2021"
Coal,5209.0,-107.0,2021-04-15,ENERGY,CDSL,"April 15, 2021"
Oil & Gas,384569.0,-2919.0,2021-04-15,ENERGY,CDSL,"April 15, 2021"
Total  Financial Services,1322261.0,-6119.0,2021-04-15,FINANCIAL_SERVICES,CDSL,"April 15, 2021"
Insurance,100352.0,214.0,2021-04-15,FINANCIAL_SERVICES,CDSL,"April 15, 2021"
Food & Drugs Retailing,0.0,0.0,2021-04-15,FMCG,CDSL,"April 15, 2021"
"Food, Beverages & Tobacco",109688.0,1518.0,2021-04-15,FMCG,CDSL,"April 15, 2021"
Household & Personal Products,153635.0,2798.0,2021-04-15,FMCG,CDSL,"April 15, 2021"
Healthcare Equipment & Supplies,1144.0,21.0,2021-04-15,HEALTHCARE,CDSL,"April 15, 2021"
Healthcare Services,45186.0,-99.0,2021-04-15,HEALTHCARE,CDSL,"April 15, 2021"
Utilities,105683.0,368.0,2021-04-15,INFRASTRUCTURE,CDSL,"April 15, 2021"
Hardware Technology & Equipment,39.0,-5.0,2021-04-15,IT,CDSL,"April 15, 2021"
Software & Services,557647.0,-1788.0,2021-04-15,IT,CDSL,"April 15, 2021"
Transportation,57295.0,33.0,2021-04-15,LOGISTICS,CDSL,"April 15, 2021"
Media,19618.0,-407.0,2021-04-15,MEDIA,CDSL,"April 15, 2021"
Metals & Mining,85339.0,768.0,2021-04-15,METAL,CDSL,"April 15, 2021"
Pharmaceuticals & Biotechnology,161761.0,-616.0,2021-04-15,PHARMA,CDSL,"April 15, 2021"
Real Estate Investment,0.0,0.0,2021-04-15,REALTY,CDSL,"April 15, 2021"
Realty,38541.0,3186.0,2021-04-15,REALTY,CDSL,"April 15, 2021"
Commercial Services & Supplies,30068.0,81.0,2021-04-15,SERVICES,CDSL,"April 15, 2021"
Diversified Consumer Services,2845.0,-52.0,2021-04-15,SERVICES,CDSL,"April 15, 2021"
"Hotels, Restaurants & Tourism",21266.0,53.0,2021-04-15,SERVICES,CDSL,"April 15, 2021"
Retailing,58060.0,-426.0,2021-04-15,SERVICES,CDSL,"April 15, 2021"
Telecom Services,86894.0,3232.0,2021-04-15,TELECOM,CDSL,"April 15, 2021"
Telecommunications Equipment,97.0,8.0,2021-04-15,TELECOM,CDSL,"April 15, 2021"
"Textiles, Apparels & Accessories",44067.0,696.0,2021-04-15,TEXTILES,CDSL,"April 15, 2021"
Automobiles & Auto Components,181702.0,-1064.0,2021-04-30,AUTO,CDSL,"April 30, 2021"
Capital Goods,154076.0,414.0,2021-04-30,CAPITAL_GOODS,CDSL,"April 30, 2021"
Consumer Durables,92560.0,-481.0,2021-04-30,CAPITAL_GOODS,CDSL,"April 30, 2021"
General Industrials,28854.0,-189.0,2021-04-30,CAPITAL_GOODS,CDSL,"April 30, 2021"
Construction Materials,83912.0,-327.0,2021-04-30,CEMENT,CDSL,"April 30, 2021"
Chemicals & Petrochemicals,65435.0,-199.0,2021-04-30,CHEMICALS,CDSL,"April 30, 2021"
Forest Materials,1408.0,-11.0,2021-04-30,COMMODITIES,CDSL,"April 30, 2021"
Diversified,9946.0,-170.0,2021-04-30,DIVERSIFIED,CDSL,"April 30, 2021"
Others,22892.0,833.0,2021-04-30,DIVERSIFIED,CDSL,"April 30, 2021"
Coal,5416.0,54.0,2021-04-30,ENERGY,CDSL,"April 30, 2021"
Oil & Gas,393319.0,-3284.0,2021-04-30,ENERGY,CDSL,"April 30, 2021"
Total  Financial Services,1326403.0,-8376.0,2021-04-30,FINANCIAL_SERVICES,CDSL,"April 30, 2021"
Insurance,101313.0,-17.0,2021-04-30,FINANCIAL_SERVICES,CDSL,"April 30, 2021"
Food & Drugs Retailing,0.0,0.0,2021-04-30,FMCG,CDSL,"April 30, 2021"
"Food, Beverages & Tobacco",108694.0,658.0,2021-04-30,FMCG,CDSL,"April 30, 2021"
Household & Personal Products,148088.0,2153.0,2021-04-30,FMCG,CDSL,"April 30, 2021"
Healthcare Equipment & Supplies,1326.0,-3.0,2021-04-30,HEALTHCARE,CDSL,"April 30, 2021"
Healthcare Services,46607.0,-385.0,2021-04-30,HEALTHCARE,CDSL,"April 30, 2021"
Utilities,111444.0,664.0,2021-04-30,INFRASTRUCTURE,CDSL,"April 30, 2021"
Hardware Technology & Equipment,39.0,-3.0,2021-04-30,IT,CDSL,"April 30, 2021"
Software & Services,545666.0,1479.0,2021-04-30,IT,CDSL,"April 30, 2021"
Transportation,56686.0,-473.0,2021-04-30,LOGISTICS,CDSL,"April 30, 2021"
Media,19909.0,-204.0,2021-04-30,MEDIA,CDSL,"April 30, 2021"
Metals & Mining,92968.0,-1820.0,2021-04-30,METAL,CDSL,"April 30, 2021"
Pharmaceuticals & Biotechnology,167954.0,-64.0,2021-04-30,PHARMA,CDSL,"April 30, 2021"
Real Estate Investment,0.0,0.0,2021-04-30,REALTY,CDSL,"April 30, 2021"
Realty,40049.0,1572.0,2021-04-30,REALTY,CDSL,"April 30, 2021"
Commercial Services & Supplies,30368.0,-439.0,2021-04-30,SERVICES,CDSL,"April 30, 2021"
Diversified Consumer Services,2784.0,-62.0,2021-04-30,SERVICES,CDSL,"April 30, 2021"
"Hotels, Restaurants & Tourism",22823.0,118.0,2021-04-30,SERVICES,CDSL,"April 30, 2021"
Retailing,59408.0,-508.0,2021-04-30,SERVICES,CDSL,"April 30, 2021"
Telecom Services,86822.0,582.0,2021-04-30,TELECOM,CDSL,"April 30, 2021"
Telecommunications Equipment,102.0,-4.0,2021-04-30,TELECOM,CDSL,"April 30, 2021"
"Textiles, Apparels & Accessories",43302.0,-102.0,2021-04-30,TEXTILES,CDSL,"April 30, 2021"
Automobiles & Auto Components,182930.0,-807.0,2021-05-15,AUTO,NSDL,"May 15, 2021"
Capital Goods,161151.0,588.0,2021-05-15,CAPITAL_GOODS,NSDL,"May 15, 2021"
Consumer Durables,96773.0,-168.0,2021-05-15,CAPITAL_GOODS,NSDL,"May 15, 2021"
General Industrials,29895.0,-172.0,2021-05-15,CAPITAL_GOODS,NSDL,"May 15, 2021"
Construction Materials,84246.0,-714.0,2021-05-15,CEMENT,NSDL,"May 15, 2021"
Chemicals & Petrochemicals,69973.0,-430.0,2021-05-15,CHEMICALS,NSDL,"May 15, 2021"
Forest Materials,1438.0,-4.0,2021-05-15,COMMODITIES,NSDL,"May 15, 2021"
Diversified,9704.0,-127.0,2021-05-15,DIVERSIFIED,NSDL,"May 15, 2021"
Others,23740.0,1217.0,2021-05-15,DIVERSIFIED,NSDL,"May 15, 2021"
Coal,6040.0,146.0,2021-05-15,ENERGY,NSDL,"May 15, 2021"
Oil & Gas,386645.0,-2330.0,2021-05-15,ENERGY,NSDL,"May 15, 2021"
Total  Financial Services,1308628.0,-4370.0,2021-05-15,FINANCIAL_SERVICES,NSDL,"May 15, 2021"
Insurance,102289.0,-2749.0,2021-05-15,FINANCIAL_SERVICES,NSDL,"May 15, 2021"
Food & Drugs Retailing,0.0,0.0,2021-05-15,FMCG,NSDL,"May 15, 2021"
"Food, Beverages & Tobacco",112996.0,725.0,2021-05-15,FMCG,NSDL,"May 15, 2021"
Household & Personal Products,155517.0,1027.0,2021-05-15,FMCG,NSDL,"May 15, 2021"
Healthcare Equipment & Supplies,1381.0,-5.0,2021-05-15,HEALTHCARE,NSDL,"May 15, 2021"
Healthcare Services,45286.0,-963.0,2021-05-15,HEALTHCARE,NSDL,"May 15, 2021"
Utilities,117695.0,469.0,2021-05-15,INFRASTRUCTURE,NSDL,"May 15, 2021"
Hardware Technology & Equipment,42.0,2.0,2021-05-15,IT,NSDL,"May 15, 2021"
Software & Services,540000.0,2.0,2021-05-15,IT,NSDL,"May 15, 2021"
Transportation,58038.0,26.0,2021-05-15,LOGISTICS,NSDL,"May 15, 2021"
Media,20028.0,-502.0,2021-05-15,MEDIA,NSDL,"May 15, 2021"
Metals & Mining,97842.0,-2717.0,2021-05-15,METAL,NSDL,"May 15, 2021"
Pharmaceuticals & Biotechnology,171607.0,-785.0,2021-05-15,PHARMA,NSDL,"May 15, 2021"
Real Estate Investment,0.0,0.0,2021-05-15,REALTY,NSDL,"May 15, 2021"
Realty,39102.0,2144.0,2021-05-15,REALTY,NSDL,"May 15, 2021"
Commercial Services & Supplies,31836.0,-604.0,2021-05-15,SERVICES,NSDL,"May 15, 2021"
Diversified Consumer Services,2723.0,-49.0,2021-05-15,SERVICES,NSDL,"May 15, 2021"
"Hotels, Restaurants & Tourism",22363.0,141.0,2021-05-15,SERVICES,NSDL,"May 15, 2021"
Retailing,55767.0,-803.0,2021-05-15,SERVICES,NSDL,"May 15, 2021"
Telecom Services,88588.0,32.0,2021-05-15,TELECOM,NSDL,"May 15, 2021"
Telecommunications Equipment,135.0,2.0,2021-05-15,TELECOM,NSDL,"May 15, 2021"
"Textiles, Apparels & Accessories",40692.0,-477.0,2021-05-15,TEXTILES,NSDL,"May 15, 2021"
Automobiles & Auto Components,197473.0,720.0,2021-05-31,AUTO,NSDL,"May 31, 2021"
Capital Goods,171035.0,943.0,2021-05-31,CAPITAL_GOODS,NSDL,"May 31, 2021"
Consumer Durables,103478.0,680.0,2021-05-31,CAPITAL_GOODS,NSDL,"May 31, 2021"
General Industrials,32207.0,-17.0,2021-05-31,CAPITAL_GOODS,NSDL,"May 31, 2021"
Construction Materials,89195.0,201.0,2021-05-31,CEMENT,NSDL,"May 31, 2021"
Chemicals & Petrochemicals,74290.0,-72.0,2021-05-31,CHEMICALS,NSDL,"May 31, 2021"
Forest Materials,1579.0,14.0,2021-05-31,COMMODITIES,NSDL,"May 31, 2021"
Diversified,10186.0,-21.0,2021-05-31,DIVERSIFIED,NSDL,"May 31, 2021"
Others,21760.0,718.0,2021-05-31,DIVERSIFIED,NSDL,"May 31, 2021"
Coal,6056.0,50.0,2021-05-31,ENERGY,NSDL,"May 31, 2021"
Oil & Gas,426238.0,-1599.0,2021-05-31,ENERGY,NSDL,"May 31, 2021"
Total  Financial Services,1419879.0,4808.0,2021-05-31,FINANCIAL_SERVICES,NSDL,"May 31, 2021"
Insurance,101959.0,-2720.0,2021-05-31,FINANCIAL_SERVICES,NSDL,"May 31, 2021"
Food & Drugs Retailing,0.0,0.0,2021-05-31,FMCG,NSDL,"May 31, 2021"
"Food, Beverages & Tobacco",114978.0,-697.0,2021-05-31,FMCG,NSDL,"May 31, 2021"
Household & Personal Products,156058.0,672.0,2021-05-31,FMCG,NSDL,"May 31, 2021"
Healthcare Equipment & Supplies,1404.0,11.0,2021-05-31,HEALTHCARE,NSDL,"May 31, 2021"
Healthcare Services,46092.0,-1329.0,2021-05-31,HEALTHCARE,NSDL,"May 31, 2021"
Utilities,126722.0,897.0,2021-05-31,INFRASTRUCTURE,NSDL,"May 31, 2021"
Hardware Technology & Equipment,38.0,-7.0,2021-05-31,IT,NSDL,"May 31, 2021"
Software & Services,568065.0,-3032.0,2021-05-31,IT,NSDL,"May 31, 2021"
Transportation,62274.0,465.0,2021-05-31,LOGISTICS,NSDL,"May 31, 2021"
Media,21125.0,-1144.0,2021-05-31,MEDIA,NSDL,"May 31, 2021"
Metals & Mining,99133.0,1114.0,2021-05-31,METAL,NSDL,"May 31, 2021"
Pharmaceuticals & Biotechnology,175942.0,-131.0,2021-05-31,PHARMA,NSDL,"May 31, 2021"
Real Estate Investment,0.0,0.0,2021-05-31,REALTY,NSDL,"May 31, 2021"
Realty,43106.0,191.0,2021-05-31,REALTY,NSDL,"May 31, 2021"
Commercial Services & Supplies,34811.0,-699.0,2021-05-31,SERVICES,NSDL,"May 31, 2021"
Diversified Consumer Services,2999.0,28.0,2021-05-31,SERVICES,NSDL,"May 31, 2021"
"Hotels, Restaurants & Tourism",25413.0,281.0,2021-05-31,SERVICES,NSDL,"May 31, 2021"
Retailing,57917.0,-1122.0,2021-05-31,SERVICES,NSDL,"May 31, 2021"
Telecom Services,83978.0,-1729.0,2021-05-31,TELECOM,NSDL,"May 31, 2021"
Telecommunications Equipment,171.0,9.0,2021-05-31,TELECOM,NSDL,"May 31, 2021"
"Textiles, Apparels & Accessories",45768.0,-436.0,2021-05-31,TEXTILES,NSDL,"May 31, 2021"
Automobiles & Auto Components,201815.0,1902.0,2021-06-15,AUTO,NSDL,"June 15, 2021"
Capital Goods,175494.0,2026.0,2021-06-15,CAPITAL_GOODS,NSDL,"June 15, 2021"
Consumer Durables,107947.0,1723.0,2021-06-15,CAPITAL_GOODS,NSDL,"June 15, 2021"
General Industrials,34663.0,494.0,2021-06-15,CAPITAL_GOODS,NSDL,"June 15, 2021"
Construction Materials,90626.0,143.0,2021-06-15,CEMENT,NSDL,"June 15, 2021"
Chemicals & Petrochemicals,78522.0,961.0,2021-06-15,CHEMICALS,NSDL,"June 15, 2021"
Forest Materials,1695.0,11.0,2021-06-15,COMMODITIES,NSDL,"June 15, 2021"
Diversified,11423.0,214.0,2021-06-15,DIVERSIFIED,NSDL,"June 15, 2021"
Others,30726.0,2966.0,2021-06-15,DIVERSIFIED,NSDL,"June 15, 2021"
Coal,6511.0,15.0,2021-06-15,ENERGY,NSDL,"June 15, 2021"
Oil & Gas,447966.0,3765.0,2021-06-15,ENERGY,NSDL,"June 15, 2021"
Total  Financial Services,1435763.0,9199.0,2021-06-15,FINANCIAL_SERVICES,NSDL,"June 15, 2021"
Insurance,106561.0,505.0,2021-06-15,FINANCIAL_SERVICES,NSDL,"June 15, 2021"
Food & Drugs Retailing,1.0,0.0,2021-06-15,FMCG,NSDL,"June 15, 2021"
"Food, Beverages & Tobacco",114041.0,-2046.0,2021-06-15,FMCG,NSDL,"June 15, 2021"
Household & Personal Products,162816.0,797.0,2021-06-15,FMCG,NSDL,"June 15, 2021"
Healthcare Equipment & Supplies,1310.0,5.0,2021-06-15,HEALTHCARE,NSDL,"June 15, 2021"
Healthcare Services,48736.0,-608.0,2021-06-15,HEALTHCARE,NSDL,"June 15, 2021"
Utilities,135579.0,1251.0,2021-06-15,INFRASTRUCTURE,NSDL,"June 15, 2021"
Hardware Technology & Equipment,27.0,-20.0,2021-06-15,IT,NSDL,"June 15, 2021"
Software & Services,592586.0,-1972.0,2021-06-15,IT,NSDL,"June 15, 2021"
Transportation,63075.0,-947.0,2021-06-15,LOGISTICS,NSDL,"June 15, 2021"
Media,22151.0,-1139.0,2021-06-15,MEDIA,NSDL,"June 15, 2021"
Metals & Mining,101385.0,1025.0,2021-06-15,METAL,NSDL,"June 15, 2021"
Pharmaceuticals & Biotechnology,180249.0,1286.0,2021-06-15,PHARMA,NSDL,"June 15, 2021"
Real Estate Investment,0.0,0.0,2021-06-15,REALTY,NSDL,"June 15, 2021"
Realty,45862.0,-236.0,2021-06-15,REALTY,NSDL,"June 15, 2021"
Commercial Services & Supplies,39636.0,-781.0,2021-06-15,SERVICES,NSDL,"June 15, 2021"
Diversified Consumer Services,3141.0,29.0,2021-06-15,SERVICES,NSDL,"June 15, 2021"
"Hotels, Restaurants & Tourism",26360.0,411.0,2021-06-15,SERVICES,NSDL,"June 15, 2021"
Retailing,63371.0,-342.0,2021-06-15,SERVICES,NSDL,"June 15, 2021"
Telecom Services,87947.0,-1258.0,2021-06-15,TELECOM,NSDL,"June 15, 2021"
Telecommunications Equipment,193.0,6.0,2021-06-15,TELECOM,NSDL,"June 15, 2021"
"Textiles, Apparels & Accessories",49119.0,523.0,2021-06-15,TEXTILES,NSDL,"June 15, 2021"
Automobiles & Auto Components,200913.0,2747.0,2021-06-30,AUTO,NSDL,"June 30, 2021"
Capital Goods,155881.0,238.0,2021-06-30,CAPITAL_GOODS,NSDL,"June 30, 2021"
Consumer Durables,121776.0,1347.0,2021-06-30,CAPITAL_GOODS,NSDL,"June 30, 2021"
General Industrials,36096.0,739.0,2021-06-30,CAPITAL_GOODS,NSDL,"June 30, 2021"
Construction Materials,90919.0,-46.0,2021-06-30,CEMENT,NSDL,"June 30, 2021"
Chemicals & Petrochemicals,78212.0,1358.0,2021-06-30,CHEMICALS,NSDL,"June 30, 2021"
Forest Materials,1789.0,33.0,2021-06-30,COMMODITIES,NSDL,"June 30, 2021"
Diversified,11705.0,326.0,2021-06-30,DIVERSIFIED,NSDL,"June 30, 2021"
Others,27724.0,1397.0,2021-06-30,DIVERSIFIED,NSDL,"June 30, 2021"
Coal,5952.0,28.0,2021-06-30,ENERGY,NSDL,"June 30, 2021"
Oil & Gas,410131.0,528.0,2021-06-30,ENERGY,NSDL,"June 30, 2021"
Total  Financial Services,1407853.0,2471.0,2021-06-30,FINANCIAL_SERVICES,NSDL,"June 30, 2021"
Insurance,109880.0,7175.0,2021-06-30,FINANCIAL_SERVICES,NSDL,"June 30, 2021"
Food & Drugs Retailing,1.0,0.0,2021-06-30,FMCG,NSDL,"June 30, 2021"
"Food, Beverages & Tobacco",116113.0,-1074.0,2021-06-30,FMCG,NSDL,"June 30, 2021"
Household & Personal Products,164386.0,623.0,2021-06-30,FMCG,NSDL,"June 30, 2021"
Healthcare Equipment & Supplies,1449.0,44.0,2021-06-30,HEALTHCARE,NSDL,"June 30, 2021"
Healthcare Services,51701.0,41.0,2021-06-30,HEALTHCARE,NSDL,"June 30, 2021"
Utilities,122550.0,45.0,2021-06-30,INFRASTRUCTURE,NSDL,"June 30, 2021"
Hardware Technology & Equipment,34.0,-12.0,2021-06-30,IT,NSDL,"June 30, 2021"
Software & Services,616380.0,1005.0,2021-06-30,IT,NSDL,"June 30, 2021"
Transportation,59168.0,-2164.0,2021-06-30,LOGISTICS,NSDL,"June 30, 2021"
Media,20521.0,-589.0,2021-06-30,MEDIA,NSDL,"June 30, 2021"
Metals & Mining,98177.0,573.0,2021-06-30,METAL,NSDL,"June 30, 2021"
Pharmaceuticals & Biotechnology,180523.0,371.0,2021-06-30,PHARMA,NSDL,"June 30, 2021"
Real Estate Investment,0.0,0.0,2021-06-30,REALTY,NSDL,"June 30, 2021"
Realty,44119.0,-103.0,2021-06-30,REALTY,NSDL,"June 30, 2021"
Commercial Services & Supplies,38919.0,-266.0,2021-06-30,SERVICES,NSDL,"June 30, 2021"
Diversified Consumer Services,3146.0,-21.0,2021-06-30,SERVICES,NSDL,"June 30, 2021"
"Hotels, Restaurants & Tourism",25617.0,10.0,2021-06-30,SERVICES,NSDL,"June 30, 2021"
Retailing,63138.0,257.0,2021-06-30,SERVICES,NSDL,"June 30, 2021"
Telecom Services,84052.0,-389.0,2021-06-30,TELECOM,NSDL,"June 30, 2021"
Telecommunications Equipment,255.0,-2.0,2021-06-30,TELECOM,NSDL,"June 30, 2021"
"Textiles, Apparels & Accessories",48880.0,525.0,2021-06-30,TEXTILES,NSDL,"June 30, 2021"
Automobiles & Auto Components,199211.0,698.0,2021-07-15,AUTO,NSDL,"July 15, 2021"
Capital Goods,153963.0,-1762.0,2021-07-15,CAPITAL_GOODS,NSDL,"July 15, 2021"
Consumer Durables,125538.0,1176.0,2021-07-15,CAPITAL_GOODS,NSDL,"July 15, 2021"
General Industrials,37127.0,368.0,2021-07-15,CAPITAL_GOODS,NSDL,"July 15, 2021"
Construction Materials,97012.0,-471.0,2021-07-15,CEMENT,NSDL,"July 15, 2021"
Chemicals & Petrochemicals,82318.0,510.0,2021-07-15,CHEMICALS,NSDL,"July 15, 2021"
Forest Materials,1913.0,18.0,2021-07-15,COMMODITIES,NSDL,"July 15, 2021"
Diversified,12031.0,190.0,2021-07-15,DIVERSIFIED,NSDL,"July 15, 2021"
Others,28140.0,1144.0,2021-07-15,DIVERSIFIED,NSDL,"July 15, 2021"
Coal,5942.0,-133.0,2021-07-15,ENERGY,NSDL,"July 15, 2021"
Oil & Gas,402535.0,-3767.0,2021-07-15,ENERGY,NSDL,"July 15, 2021"
Total  Financial Services,1450942.0,-6003.0,2021-07-15,FINANCIAL_SERVICES,NSDL,"July 15, 2021"
Insurance,116095.0,6087.0,2021-07-15,FINANCIAL_SERVICES,NSDL,"July 15, 2021"
Food & Drugs Retailing,2.0,0.0,2021-07-15,FMCG,NSDL,"July 15, 2021"
"Food, Beverages & Tobacco",116742.0,-547.0,2021-07-15,FMCG,NSDL,"July 15, 2021"
Household & Personal Products,166065.0,380.0,2021-07-15,FMCG,NSDL,"July 15, 2021"
Healthcare Equipment & Supplies,1414.0,54.0,2021-07-15,HEALTHCARE,NSDL,"July 15, 2021"
Healthcare Services,53982.0,257.0,2021-07-15,HEALTHCARE,NSDL,"July 15, 2021"
Utilities,120599.0,-588.0,2021-07-15,INFRASTRUCTURE,NSDL,"July 15, 2021"
Hardware Technology & Equipment,36.0,0.0,2021-07-15,IT,NSDL,"July 15, 2021"
Software & Services,619169.0,121.0,2021-07-15,IT,NSDL,"July 15, 2021"
Transportation,59291.0,-1408.0,2021-07-15,LOGISTICS,NSDL,"July 15, 2021"
Media,20656.0,-172.0,2021-07-15,MEDIA,NSDL,"July 15, 2021"
Metals & Mining,104700.0,1755.0,2021-07-15,METAL,NSDL,"July 15, 2021"
Pharmaceuticals & Biotechnology,183285.0,-662.0,2021-07-15,PHARMA,NSDL,"July 15, 2021"
Real Estate Investment,0.0,0.0,2021-07-15,REALTY,NSDL,"July 15, 2021"
Realty,50105.0,-182.0,2021-07-15,REALTY,NSDL,"July 15, 2021"
Commercial Services & Supplies,37754.0,-219.0,2021-07-15,SERVICES,NSDL,"July 15, 2021"
Diversified Consumer Services,3405.0,2.0,2021-07-15,SERVICES,NSDL,"July 15, 2021"
"Hotels, Restaurants & Tourism",26371.0,-157.0,2021-07-15,SERVICES,NSDL,"July 15, 2021"
Retailing,65349.0,28.0,2021-07-15,SERVICES,NSDL,"July 15, 2021"
Telecom Services,84009.0,-1185.0,2021-07-15,TELECOM,NSDL,"July 15, 2021"
Telecommunications Equipment,304.0,-9.0,2021-07-15,TELECOM,NSDL,"July 15, 2021"
"Textiles, Apparels & Accessories",50600.0,360.0,2021-07-15,TEXTILES,NSDL,"July 15, 2021"
Automobiles & Auto Components,191015.0,-2251.0,2021-07-31,AUTO,NSDL,"July 31, 2021"
Capital Goods,150962.0,49.0,2021-07-31,CAPITAL_GOODS,NSDL,"July 31, 2021"
Consumer Durables,128050.0,1575.0,2021-07-31,CAPITAL_GOODS,NSDL,"July 31, 2021"
General Industrials,37741.0,80.0,2021-07-31,CAPITAL_GOODS,NSDL,"July 31, 2021"
Construction Materials,100142.0,-617.0,2021-07-31,CEMENT,NSDL,"July 31, 2021"
Chemicals & Petrochemicals,82703.0,-183.0,2021-07-31,CHEMICALS,NSDL,"July 31, 2021"
Forest Materials,2076.0,-15.0,2021-07-31,COMMODITIES,NSDL,"July 31, 2021"
Diversified,13507.0,143.0,2021-07-31,DIVERSIFIED,NSDL,"July 31, 2021"
Others,27929.0,516.0,2021-07-31,DIVERSIFIED,NSDL,"July 31, 2021"
Coal,5865.0,-2.0,2021-07-31,ENERGY,NSDL,"July 31, 2021"
Oil & Gas,394264.0,388.0,2021-07-31,ENERGY,NSDL,"July 31, 2021"
Total  Financial Services,1396742.0,-10767.0,2021-07-31,FINANCIAL_SERVICES,NSDL,"July 31, 2021"
Insurance,115366.0,-652.0,2021-07-31,FINANCIAL_SERVICES,NSDL,"July 31, 2021"
Food & Drugs Retailing,4.0,0.0,2021-07-31,FMCG,NSDL,"July 31, 2021"
"Food, Beverages & Tobacco",114964.0,-1537.0,2021-07-31,FMCG,NSDL,"July 31, 2021"
Household & Personal Products,165211.0,511.0,2021-07-31,FMCG,NSDL,"July 31, 2021"
Healthcare Equipment & Supplies,1451.0,26.0,2021-07-31,HEALTHCARE,NSDL,"July 31, 2021"
Healthcare Services,56871.0,195.0,2021-07-31,HEALTHCARE,NSDL,"July 31, 2021"
Utilities,109509.0,-995.0,2021-07-31,INFRASTRUCTURE,NSDL,"July 31, 2021"
Hardware Technology & Equipment,35.0,0.0,2021-07-31,IT,NSDL,"July 31, 2021"
Software & Services,625884.0,-3459.0,2021-07-31,IT,NSDL,"July 31, 2021"
Transportation,55869.0,-944.0,2021-07-31,LOGISTICS,NSDL,"July 31, 2021"
Media,19776.0,-92.0,2021-07-31,MEDIA,NSDL,"July 31, 2021"
Metals & Mining,115448.0,1678.0,2021-07-31,METAL,NSDL,"July 31, 2021"
Pharmaceuticals & Biotechnology,180700.0,-444.0,2021-07-31,PHARMA,NSDL,"July 31, 2021"
Real Estate Investment,0.0,0.0,2021-07-31,REALTY,NSDL,"July 31, 2021"
Realty,50794.0,-78.0,2021-07-31,REALTY,NSDL,"July 31, 2021"
Commercial Services & Supplies,37887.0,-193.0,2021-07-31,SERVICES,NSDL,"July 31, 2021"
Diversified Consumer Services,3648.0,12.0,2021-07-31,SERVICES,NSDL,"July 31, 2021"
"Hotels, Restaurants & Tourism",30167.0,-9.0,2021-07-31,SERVICES,NSDL,"July 31, 2021"
Retailing,76012.0,5455.0,2021-07-31,SERVICES,NSDL,"July 31, 2021"
Telecom Services,87189.0,-413.0,2021-07-31,TELECOM,NSDL,"July 31, 2021"
Telecommunications Equipment,306.0,-7.0,2021-07-31,TELECOM,NSDL,"July 31, 2021"
"Textiles, Apparels & Accessories",51330.0,723.0,2021-07-31,TEXTILES,NSDL,"July 31, 2021"
Automobiles & Auto Components,191800.0,-2046.0,2021-08-15,AUTO,NSDL,"August 15, 2021"
Capital Goods,154214.0,610.0,2021-08-15,CAPITAL_GOODS,NSDL,"August 15, 2021"
Consumer Durables,128953.0,1298.0,2021-08-15,CAPITAL_GOODS,NSDL,"August 15, 2021"
General Industrials,37163.0,-275.0,2021-08-15,CAPITAL_GOODS,NSDL,"August 15, 2021"
Construction Materials,96414.0,-450.0,2021-08-15,CEMENT,NSDL,"August 15, 2021"
Chemicals & Petrochemicals,82471.0,-205.0,2021-08-15,CHEMICALS,NSDL,"August 15, 2021"
Forest Materials,2022.0,-39.0,2021-08-15,COMMODITIES,NSDL,"August 15, 2021"
Diversified,14350.0,750.0,2021-08-15,DIVERSIFIED,NSDL,"August 15, 2021"
Others,27559.0,-204.0,2021-08-15,DIVERSIFIED,NSDL,"August 15, 2021"
Coal,5890.0,55.0,2021-08-15,ENERGY,NSDL,"August 15, 2021"
Oil & Gas,411414.0,-224.0,2021-08-15,ENERGY,NSDL,"August 15, 2021"
Total  Financial Services,1471517.0,-6828.0,2021-08-15,FINANCIAL_SERVICES,NSDL,"August 15, 2021"
Insurance,115465.0,-1642.0,2021-08-15,FINANCIAL_SERVICES,NSDL,"August 15, 2021"
Food & Drugs Retailing,3.0,0.0,2021-08-15,FMCG,NSDL,"August 15, 2021"
"Food, Beverages & Tobacco",118037.0,-1444.0,2021-08-15,FMCG,NSDL,"August 15, 2021"
Household & Personal Products,166496.0,1087.0,2021-08-15,FMCG,NSDL,"August 15, 2021"
Healthcare Equipment & Supplies,1355.0,25.0,2021-08-15,HEALTHCARE,NSDL,"August 15, 2021"
Healthcare Services,57384.0,-174.0,2021-08-15,HEALTHCARE,NSDL,"August 15, 2021"
Utilities,122217.0,117.0,2021-08-15,INFRASTRUCTURE,NSDL,"August 15, 2021"
Hardware Technology & Equipment,45.0,1.0,2021-08-15,IT,NSDL,"August 15, 2021"
Software & Services,672046.0,-472.0,2021-08-15,IT,NSDL,"August 15, 2021"
Transportation,56868.0,-485.0,2021-08-15,LOGISTICS,NSDL,"August 15, 2021"
Media,18511.0,10.0,2021-08-15,MEDIA,NSDL,"August 15, 2021"
Metals & Mining,115314.0,-1435.0,2021-08-15,METAL,NSDL,"August 15, 2021"
Pharmaceuticals & Biotechnology,178810.0,279.0,2021-08-15,PHARMA,NSDL,"August 15, 2021"
Real Estate Investment,0.0,0.0,2021-08-15,REALTY,NSDL,"August 15, 2021"
Realty,50281.0,-148.0,2021-08-15,REALTY,NSDL,"August 15, 2021"
Commercial Services & Supplies,38267.0,-375.0,2021-08-15,SERVICES,NSDL,"August 15, 2021"
Diversified Consumer Services,3462.0,3.0,2021-08-15,SERVICES,NSDL,"August 15, 2021"
"Hotels, Restaurants & Tourism",31058.0,793.0,2021-08-15,SERVICES,NSDL,"August 15, 2021"
Retailing,77471.0,5761.0,2021-08-15,SERVICES,NSDL,"August 15, 2021"
Telecom Services,95341.0,757.0,2021-08-15,TELECOM,NSDL,"August 15, 2021"
Telecommunications Equipment,273.0,4.0,2021-08-15,TELECOM,NSDL,"August 15, 2021"
"Textiles, Apparels & Accessories",53349.0,575.0,2021-08-15,TEXTILES,NSDL,"August 15, 2021"
Automobiles & Auto Components,190014.0,-2446.0,2021-08-31,AUTO,NSDL,"August 31, 2021"
Capital Goods,158995.0,-1376.0,2021-08-31,CAPITAL_GOODS,NSDL,"August 31, 2021"
Consumer Durables,135077.0,1308.0,2021-08-31,CAPITAL_GOODS,NSDL,"August 31, 2021"
General Industrials,37682.0,135.0,2021-08-31,CAPITAL_GOODS,NSDL,"August 31, 2021"
Construction Materials,102261.0,1378.0,2021-08-31,CEMENT,NSDL,"August 31, 2021"
Chemicals & Petrochemicals,82820.0,-200.0,2021-08-31,CHEMICALS,NSDL,"August 31, 2021"
Forest Materials,1889.0,-100.0,2021-08-31,COMMODITIES,NSDL,"August 31, 2021"
Diversified,15694.0,657.0,2021-08-31,DIVERSIFIED,NSDL,"August 31, 2021"
Others,7973.0,79.0,2021-08-31,DIVERSIFIED,NSDL,"August 31, 2021"
Coal,5908.0,-89.0,2021-08-31,ENERGY,NSDL,"August 31, 2021"
Oil & Gas,457790.0,1800.0,2021-08-31,ENERGY,NSDL,"August 31, 2021"
Total  Financial Services,1523088.0,-1370.0,2021-08-31,FINANCIAL_SERVICES,NSDL,"August 31, 2021"
Insurance,121569.0,-1124.0,2021-08-31,FINANCIAL_SERVICES,NSDL,"August 31, 2021"
Food & Drugs Retailing,4.0,0.0,2021-08-31,FMCG,NSDL,"August 31, 2021"
"Food, Beverages & Tobacco",123734.0,-522.0,2021-08-31,FMCG,NSDL,"August 31, 2021"
Household & Personal Products,184167.0,1307.0,2021-08-31,FMCG,NSDL,"August 31, 2021"
Healthcare Equipment & Supplies,1444.0,32.0,2021-08-31,HEALTHCARE,NSDL,"August 31, 2021"
Healthcare Services,67352.0,-398.0,2021-08-31,HEALTHCARE,NSDL,"August 31, 2021"
Utilities,136793.0,1571.0,2021-08-31,INFRASTRUCTURE,NSDL,"August 31, 2021"
Hardware Technology & Equipment,51.0,5.0,2021-08-31,IT,NSDL,"August 31, 2021"
Software & Services,702454.0,1129.0,2021-08-31,IT,NSDL,"August 31, 2021"
Transportation,61009.0,515.0,2021-08-31,LOGISTICS,NSDL,"August 31, 2021"
Media,17470.0,-360.0,2021-08-31,MEDIA,NSDL,"August 31, 2021"
Metals & Mining,112432.0,-1222.0,2021-08-31,METAL,NSDL,"August 31, 2021"
Pharmaceuticals & Biotechnology,177865.0,-687.0,2021-08-31,PHARMA,NSDL,"August 31, 2021"
Real Estate Investment,0.0,0.0,2021-08-31,REALTY,NSDL,"August 31, 2021"
Realty,49798.0,-41.0,2021-08-31,REALTY,NSDL,"August 31, 2021"
Commercial Services & Supplies,40125.0,-1195.0,2021-08-31,SERVICES,NSDL,"August 31, 2021"
Diversified Consumer Services,3540.0,9.0,2021-08-31,SERVICES,NSDL,"August 31, 2021"
"Hotels, Restaurants & Tourism",32456.0,510.0,2021-08-31,SERVICES,NSDL,"August 31, 2021"
Retailing,85585.0,1593.0,2021-08-31,SERVICES,NSDL,"August 31, 2021"
Telecom Services,98173.0,1112.0,2021-08-31,TELECOM,NSDL,"August 31, 2021"
Telecommunications Equipment,298.0,50.0,2021-08-31,TELECOM,NSDL,"August 31, 2021"
"Textiles, Apparels & Accessories",54406.0,26.0,2021-08-31,TEXTILES,NSDL,"August 31, 2021"
Automobiles & Auto Components,193100.0,-2712.0,2021-09-15,AUTO,CDSL,"September 15, 2021"
Capital Goods,163638.0,-1449.0,2021-09-15,CAPITAL_GOODS,CDSL,"September 15, 2021"
Consumer Durables,145793.0,2034.0,2021-09-15,CAPITAL_GOODS,CDSL,"September 15, 2021"
General Industrials,40592.0,578.0,2021-09-15,CAPITAL_GOODS,CDSL,"September 15, 2021"
Construction Materials,107194.0,2491.0,2021-09-15,CEMENT,CDSL,"September 15, 2021"
Chemicals & Petrochemicals,86419.0,-123.0,2021-09-15,CHEMICALS,CDSL,"September 15, 2021"
Forest Materials,1986.0,-68.0,2021-09-15,COMMODITIES,CDSL,"September 15, 2021"
Diversified,17294.0,71.0,2021-09-15,DIVERSIFIED,CDSL,"September 15, 2021"
Others,31527.0,359.0,2021-09-15,DIVERSIFIED,CDSL,"September 15, 2021"
Coal,6564.0,-24.0,2021-09-15,ENERGY,CDSL,"September 15, 2021"
Oil & Gas,464965.0,2799.0,2021-09-15,ENERGY,CDSL,"September 15, 2021"
Total  Financial Services,1531558.0,-2021.0,2021-09-15,FINANCIAL_SERVICES,CDSL,"September 15, 2021"
Insurance,124361.0,437.0,2021-09-15,FINANCIAL_SERVICES,CDSL,"September 15, 2021"
Food & Drugs Retailing,3.0,0.0,2021-09-15,FMCG,CDSL,"September 15, 2021"
"Food, Beverages & Tobacco",127576.0,-458.0,2021-09-15,FMCG,CDSL,"September 15, 2021"
Household & Personal Products,189069.0,1219.0,2021-09-15,FMCG,CDSL,"September 15, 2021"
Healthcare Equipment & Supplies,1506.0,56.0,2021-09-15,HEALTHCARE,CDSL,"September 15, 2021"
Healthcare Services,67270.0,347.0,2021-09-15,HEALTHCARE,CDSL,"September 15, 2021"
Utilities,149218.0,1060.0,2021-09-15,INFRASTRUCTURE,CDSL,"September 15, 2021"
Hardware Technology & Equipment,57.0,6.0,2021-09-15,IT,CDSL,"September 15, 2021"
Software & Services,727235.0,-813.0,2021-09-15,IT,CDSL,"September 15, 2021"
Transportation,63672.0,431.0,2021-09-15,LOGISTICS,CDSL,"September 15, 2021"
Media,22641.0,416.0,2021-09-15,MEDIA,CDSL,"September 15, 2021"
Metals & Mining,115356.0,836.0,2021-09-15,METAL,CDSL,"September 15, 2021"
Pharmaceuticals & Biotechnology,180670.0,-846.0,2021-09-15,PHARMA,CDSL,"September 15, 2021"
Real Estate Investment,0.0,0.0,2021-09-15,REALTY,CDSL,"September 15, 2021"
Realty,53851.0,-17.0,2021-09-15,REALTY,CDSL,"September 15, 2021"
Commercial Services & Supplies,37895.0,-1487.0,2021-09-15,SERVICES,CDSL,"September 15, 2021"
Diversified Consumer Services,3988.0,70.0,2021-09-15,SERVICES,CDSL,"September 15, 2021"
"Hotels, Restaurants & Tourism",35271.0,258.0,2021-09-15,SERVICES,CDSL,"September 15, 2021"
Retailing,89422.0,1825.0,2021-09-15,SERVICES,CDSL,"September 15, 2021"
Telecom Services,110407.0,3280.0,2021-09-15,TELECOM,CDSL,"September 15, 2021"
Telecommunications Equipment,389.0,97.0,2021-09-15,TELECOM,CDSL,"September 15, 2021"
"Textiles, Apparels & Accessories",58993.0,-38.0,2021-09-15,TEXTILES,CDSL,"September 15, 2021"
Automobiles & Auto Components,198251.0,135.0,2021-09-30,AUTO,CDSL,"September 30, 2021"
Capital Goods,132951.0,1052.0,2021-09-30,CAPITAL_GOODS,CDSL,"September 30, 2021"
Consumer Durables,142947.0,2151.0,2021-09-30,CAPITAL_GOODS,CDSL,"September 30, 2021"
General Industrials,39580.0,-194.0,2021-09-30,CAPITAL_GOODS,CDSL,"September 30, 2021"
Construction Materials,101309.0,686.0,2021-09-30,CEMENT,CDSL,"September 30, 2021"
Chemicals & Petrochemicals,82241.0,57.0,2021-09-30,CHEMICALS,CDSL,"September 30, 2021"
Forest Materials,2124.0,1.0,2021-09-30,COMMODITIES,CDSL,"September 30, 2021"
Diversified,13863.0,196.0,2021-09-30,DIVERSIFIED,CDSL,"September 30, 2021"
Others,31327.0,295.0,2021-09-30,DIVERSIFIED,CDSL,"September 30, 2021"
Coal,7780.0,188.0,2021-09-30,ENERGY,CDSL,"September 30, 2021"
Oil & Gas,501861.0,2283.0,2021-09-30,ENERGY,CDSL,"September 30, 2021"
Total  Financial Services,1548114.0,1428.0,2021-09-30,FINANCIAL_SERVICES,CDSL,"September 30, 2021"
Insurance,121951.0,214.0,2021-09-30,FINANCIAL_SERVICES,CDSL,"September 30, 2021"
Food & Drugs Retailing,3.0,0.0,2021-09-30,FMCG,CDSL,"September 30, 2021"
"Food, Beverages & Tobacco",130826.0,110.0,2021-09-30,FMCG,CDSL,"September 30, 2021"
Household & Personal Products,182828.0,1459.0,2021-09-30,FMCG,CDSL,"September 30, 2021"
Healthcare Equipment & Supplies,1439.0,43.0,2021-09-30,HEALTHCARE,CDSL,"September 30, 2021"
Healthcare Services,61480.0,1039.0,2021-09-30,HEALTHCARE,CDSL,"September 30, 2021"
Utilities,160764.0,-305.0,2021-09-30,INFRASTRUCTURE,CDSL,"September 30, 2021"
Hardware Technology & Equipment,71.0,5.0,2021-09-30,IT,CDSL,"September 30, 2021"
Software & Services,705181.0,-3725.0,2021-09-30,IT,CDSL,"September 30, 2021"
Transportation,63829.0,-377.0,2021-09-30,LOGISTICS,CDSL,"September 30, 2021"
Media,23008.0,-310.0,2021-09-30,MEDIA,CDSL,"September 30, 2021"
Metals & Mining,107967.0,-308.0,2021-09-30,METAL,CDSL,"September 30, 2021"
Pharmaceuticals & Biotechnology,175944.0,243.0,2021-09-30,PHARMA,CDSL,"September 30, 2021"
Real Estate Investment,0.0,0.0,2021-09-30,REALTY,CDSL,"September 30, 2021"
Realty,66609.0,197.0,2021-09-30,REALTY,CDSL,"September 30, 2021"
Commercial Services & Supplies,35287.0,-1540.0,2021-09-30,SERVICES,CDSL,"September 30, 2021"
Diversified Consumer Services,7046.0,73.0,2021-09-30,SERVICES,CDSL,"September 30, 2021"
"Hotels, Restaurants & Tourism",35584.0,49.0,2021-09-30,SERVICES,CDSL,"September 30, 2021"
Retailing,87999.0,665.0,2021-09-30,SERVICES,CDSL,"September 30, 2021"
Telecom Services,116898.0,6729.0,2021-09-30,TELECOM,CDSL,"September 30, 2021"
Telecommunications Equipment,431.0,121.0,2021-09-30,TELECOM,CDSL,"September 30, 2021"
"Textiles, Apparels & Accessories",62892.0,494.0,2021-09-30,TEXTILES,CDSL,"September 30, 2021"
Automobiles & Auto Components,202455.0,2809.0,2021-10-31,AUTO,CDSL,"October 31, 2021"
Capital Goods,145455.0,1942.0,2021-10-31,CAPITAL_GOODS,CDSL,"October 31, 2021"
Consumer Durables,137047.0,-316.0,2021-10-31,CAPITAL_GOODS,CDSL,"October 31, 2021"
General Industrials,39891.0,-318.0,2021-10-31,CAPITAL_GOODS,CDSL,"October 31, 2021"
Construction Materials,98701.0,-4460.0,2021-10-31,CEMENT,CDSL,"October 31, 2021"
Chemicals & Petrochemicals,81925.0,-91.0,2021-10-31,CHEMICALS,CDSL,"October 31, 2021"
Forest Materials,1998.0,-80.0,2021-10-31,COMMODITIES,CDSL,"October 31, 2021"
Diversified,12906.0,-146.0,2021-10-31,DIVERSIFIED,CDSL,"October 31, 2021"
Others,33634.0,-273.0,2021-10-31,DIVERSIFIED,CDSL,"October 31, 2021"
Coal,7030.0,235.0,2021-10-31,ENERGY,CDSL,"October 31, 2021"
Oil & Gas,504592.0,723.0,2021-10-31,ENERGY,CDSL,"October 31, 2021"
Total  Financial Services,1591280.0,-1557.0,2021-10-31,FINANCIAL_SERVICES,CDSL,"October 31, 2021"
Insurance,114796.0,267.0,2021-10-31,FINANCIAL_SERVICES,CDSL,"October 31, 2021"
Food & Drugs Retailing,2.0,0.0,2021-10-31,FMCG,CDSL,"October 31, 2021"
"Food, Beverages & Tobacco",128512.0,-587.0,2021-10-31,FMCG,CDSL,"October 31, 2021"
Household & Personal Products,167215.0,-1215.0,2021-10-31,FMCG,CDSL,"October 31, 2021"
Healthcare Equipment & Supplies,1473.0,13.0,2021-10-31,HEALTHCARE,CDSL,"October 31, 2021"
Healthcare Services,59581.0,-241.0,2021-10-31,HEALTHCARE,CDSL,"October 31, 2021"
Utilities,166468.0,2037.0,2021-10-31,INFRASTRUCTURE,CDSL,"October 31, 2021"
Hardware Technology & Equipment,76.0,4.0,2021-10-31,IT,CDSL,"October 31, 2021"
Software & Services,669578.0,-10788.0,2021-10-31,IT,CDSL,"October 31, 2021"
Transportation,62722.0,-505.0,2021-10-31,LOGISTICS,CDSL,"October 31, 2021"
Media,22122.0,-1016.0,2021-10-31,MEDIA,CDSL,"October 31, 2021"
Metals & Mining,107931.0,154.0,2021-10-31,METAL,CDSL,"October 31, 2021"
Pharmaceuticals & Biotechnology,170237.0,329.0,2021-10-31,PHARMA,CDSL,"October 31, 2021"
Real Estate Investment,0.0,0.0,2021-10-31,REALTY,CDSL,"October 31, 2021"
Realty,63647.0,-680.0,2021-10-31,REALTY,CDSL,"October 31, 2021"
Commercial Services & Supplies,34253.0,-373.0,2021-10-31,SERVICES,CDSL,"October 31, 2021"
Diversified Consumer Services,6830.0,13.0,2021-10-31,SERVICES,CDSL,"October 31, 2021"
"Hotels, Restaurants & Tourism",32577.0,167.0,2021-10-31,SERVICES,CDSL,"October 31, 2021"
Retailing,87975.0,-695.0,2021-10-31,SERVICES,CDSL,"October 31, 2021"
Telecom Services,113998.0,1025.0,2021-10-31,TELECOM,CDSL,"October 31, 2021"
Telecommunications Equipment,487.0,73.0,2021-10-31,TELECOM,CDSL,"October 31, 2021"
"Textiles, Apparels & Accessories",69294.0,1.0,2021-10-31,TEXTILES,CDSL,"October 31, 2021"
Automobiles & Auto Components,210139.0,1083.0,2021-11-15,AUTO,CDSL,"November 15, 2021"
Capital Goods,156196.0,880.0,2021-11-15,CAPITAL_GOODS,CDSL,"November 15, 2021"
Consumer Durables,142304.0,-701.0,2021-11-15,CAPITAL_GOODS,CDSL,"November 15, 2021"
General Industrials,41340.0,-142.0,2021-11-15,CAPITAL_GOODS,CDSL,"November 15, 2021"
Construction Materials,103291.0,-1410.0,2021-11-15,CEMENT,CDSL,"November 15, 2021"
Chemicals & Petrochemicals,82870.0,-685.0,2021-11-15,CHEMICALS,CDSL,"November 15, 2021"
Forest Materials,2295.0,-63.0,2021-11-15,COMMODITIES,CDSL,"November 15, 2021"
Diversified,13478.0,150.0,2021-11-15,DIVERSIFIED,CDSL,"November 15, 2021"
Others,33508.0,-371.0,2021-11-15,DIVERSIFIED,CDSL,"November 15, 2021"
Coal,7096.0,407.0,2021-11-15,ENERGY,CDSL,"November 15, 2021"
Oil & Gas,518679.0,-1691.0,2021-11-15,ENERGY,CDSL,"November 15, 2021"
Total  Financial Services,1609755.0,-4662.0,2021-11-15,FINANCIAL_SERVICES,CDSL,"November 15, 2021"
Insurance,119386.0,-36.0,2021-11-15,FINANCIAL_SERVICES,CDSL,"November 15, 2021"
Food & Drugs Retailing,2.0,0.0,2021-11-15,FMCG,CDSL,"November 15, 2021"
"Food, Beverages & Tobacco",131627.0,-2110.0,2021-11-15,FMCG,CDSL,"November 15, 2021"
Household & Personal Products,165629.0,-3016.0,2021-11-15,FMCG,CDSL,"November 15, 2021"
Healthcare Equipment & Supplies,1460.0,12.0,2021-11-15,HEALTHCARE,CDSL,"November 15, 2021"
Healthcare Services,67207.0,3.0,2021-11-15,HEALTHCARE,CDSL,"November 15, 2021"
Utilities,175428.0,-145.0,2021-11-15,INFRASTRUCTURE,CDSL,"November 15, 2021"
Hardware Technology & Equipment,82.0,1.0,2021-11-15,IT,CDSL,"November 15, 2021"
Software & Services,705487.0,-6688.0,2021-11-15,IT,CDSL,"November 15, 2021"
Transportation,66646.0,-329.0,2021-11-15,LOGISTICS,CDSL,"November 15, 2021"
Media,24170.0,431.0,2021-11-15,MEDIA,CDSL,"November 15, 2021"
Metals & Mining,106404.0,-82.0,2021-11-15,METAL,CDSL,"November 15, 2021"
Pharmaceuticals & Biotechnology,169751.0,-637.0,2021-11-15,PHARMA,CDSL,"November 15, 2021"
Real Estate Investment,0.0,0.0,2021-11-15,REALTY,CDSL,"November 15, 2021"
Realty,68973.0,-180.0,2021-11-15,REALTY,CDSL,"November 15, 2021"
Commercial Services & Supplies,40458.0,-618.0,2021-11-15,SERVICES,CDSL,"November 15, 2021"
Diversified Consumer Services,7109.0,-34.0,2021-11-15,SERVICES,CDSL,"November 15, 2021"
"Hotels, Restaurants & Tourism",36610.0,-283.0,2021-11-15,SERVICES,CDSL,"November 15, 2021"
Retailing,103289.0,4679.0,2021-11-15,SERVICES,CDSL,"November 15, 2021"
Telecom Services,121484.0,275.0,2021-11-15,TELECOM,CDSL,"November 15, 2021"
Telecommunications Equipment,519.0,27.0,2021-11-15,TELECOM,CDSL,"November 15, 2021"
"Textiles, Apparels & Accessories",74202.0,-88.0,2021-11-15,TEXTILES,CDSL,"November 15, 2021"
Automobiles & Auto Components,193073.0,-1216.0,2021-11-30,AUTO,CDSL,"November 30, 2021"
Capital Goods,143802.0,47.0,2021-11-30,CAPITAL_GOODS,CDSL,"November 30, 2021"
Consumer Durables,138556.0,-279.0,2021-11-30,CAPITAL_GOODS,CDSL,"November 30, 2021"
General Industrials,38823.0,-215.0,2021-11-30,CAPITAL_GOODS,CDSL,"November 30, 2021"
Construction Materials,93099.0,-1069.0,2021-11-30,CEMENT,CDSL,"November 30, 2021"
Chemicals & Petrochemicals,77316.0,-857.0,2021-11-30,CHEMICALS,CDSL,"November 30, 2021"
Forest Materials,2059.0,45.0,2021-11-30,COMMODITIES,CDSL,"November 30, 2021"
Diversified,12688.0,232.0,2021-11-30,DIVERSIFIED,CDSL,"November 30, 2021"
Others,28125.0,5.780000000000001,2021-11-30,DIVERSIFIED,CDSL,"November 30, 2021"
Coal,6608.0,-4.0,2021-11-30,ENERGY,CDSL,"November 30, 2021"
Oil & Gas,479683.0,-3891.0,2021-11-30,ENERGY,CDSL,"November 30, 2021"
Total  Financial Services,1464427.0,-15773.0,2021-11-30,FINANCIAL_SERVICES,CDSL,"November 30, 2021"
Insurance,113335.0,-207.0,2021-11-30,FINANCIAL_SERVICES,CDSL,"November 30, 2021"
Food & Drugs Retailing,3.0,0.0,2021-11-30,FMCG,CDSL,"November 30, 2021"
"Food, Beverages & Tobacco",124262.0,-1279.0,2021-11-30,FMCG,CDSL,"November 30, 2021"
Household & Personal Products,159288.0,-3032.0,2021-11-30,FMCG,CDSL,"November 30, 2021"
Healthcare Equipment & Supplies,1894.0,313.0,2021-11-30,HEALTHCARE,CDSL,"November 30, 2021"
Healthcare Services,74094.0,894.0,2021-11-30,HEALTHCARE,CDSL,"November 30, 2021"
Utilities,171688.0,-926.0,2021-11-30,INFRASTRUCTURE,CDSL,"November 30, 2021"
Hardware Technology & Equipment,76.0,0.0,2021-11-30,IT,CDSL,"November 30, 2021"
Software & Services,684150.0,-2732.0,2021-11-30,IT,CDSL,"November 30, 2021"
Transportation,58798.0,-250.0,2021-11-30,LOGISTICS,CDSL,"November 30, 2021"
Media,23300.0,110.0,2021-11-30,MEDIA,CDSL,"November 30, 2021"
Metals & Mining,93596.0,-3078.0,2021-11-30,METAL,CDSL,"November 30, 2021"
Pharmaceuticals & Biotechnology,166055.0,-1827.0,2021-11-30,PHARMA,CDSL,"November 30, 2021"
Real Estate Investment,0.0,0.0,2021-11-30,REALTY,CDSL,"November 30, 2021"
Realty,66266.0,3937.22,2021-11-30,REALTY,CDSL,"November 30, 2021"
Commercial Services & Supplies,38388.0,-600.0,2021-11-30,SERVICES,CDSL,"November 30, 2021"
Diversified Consumer Services,6997.0,206.0,2021-11-30,SERVICES,CDSL,"November 30, 2021"
"Hotels, Restaurants & Tourism",34343.0,1562.0,2021-11-30,SERVICES,CDSL,"November 30, 2021"
Retailing,110919.0,22467.0,2021-11-30,SERVICES,CDSL,"November 30, 2021"
Telecom Services,120528.0,456.0,2021-11-30,TELECOM,CDSL,"November 30, 2021"
Telecommunications Equipment,515.0,14.0,2021-11-30,TELECOM,CDSL,"November 30, 2021"
"Textiles, Apparels & Accessories",71147.0,998.0,2021-11-30,TEXTILES,CDSL,"November 30, 2021"
Automobiles & Auto Components,197986.0,-2494.0,2021-12-15,AUTO,CDSL,"December 15, 2021"
Capital Goods,153151.0,-143.0,2021-12-15,CAPITAL_GOODS,CDSL,"December 15, 2021"
Consumer Durables,140852.0,-557.0,2021-12-15,CAPITAL_GOODS,CDSL,"December 15, 2021"
General Industrials,41306.0,69.0,2021-12-15,CAPITAL_GOODS,CDSL,"December 15, 2021"
Construction Materials,93539.0,-913.0,2021-12-15,CEMENT,CDSL,"December 15, 2021"
Chemicals & Petrochemicals,82979.0,42.0,2021-12-15,CHEMICALS,CDSL,"December 15, 2021"
Forest Materials,2211.0,16.0,2021-12-15,COMMODITIES,CDSL,"December 15, 2021"
Diversified,13427.0,123.0,2021-12-15,DIVERSIFIED,CDSL,"December 15, 2021"
Others,18597.0,4863.0,2021-12-15,DIVERSIFIED,CDSL,"December 15, 2021"
Coal,6027.0,-489.0,2021-12-15,ENERGY,CDSL,"December 15, 2021"
Oil & Gas,500029.0,-276.0,2021-12-15,ENERGY,CDSL,"December 15, 2021"
Total  Financial Services,1478997.0,-20064.0,2021-12-15,FINANCIAL_SERVICES,CDSL,"December 15, 2021"
Insurance,116973.0,4626.0,2021-12-15,FINANCIAL_SERVICES,CDSL,"December 15, 2021"
Food & Drugs Retailing,4.0,0.0,2021-12-15,FMCG,CDSL,"December 15, 2021"
"Food, Beverages & Tobacco",123888.0,-1308.0,2021-12-15,FMCG,CDSL,"December 15, 2021"
Household & Personal Products,156191.0,-3046.0,2021-12-15,FMCG,CDSL,"December 15, 2021"
Healthcare Equipment & Supplies,1766.0,318.0,2021-12-15,HEALTHCARE,CDSL,"December 15, 2021"
Healthcare Services,69480.0,756.0,2021-12-15,HEALTHCARE,CDSL,"December 15, 2021"
Utilities,177635.0,-923.0,2021-12-15,INFRASTRUCTURE,CDSL,"December 15, 2021"
Hardware Technology & Equipment,78.0,0.0,2021-12-15,IT,CDSL,"December 15, 2021"
Software & Services,694336.0,-2602.0,2021-12-15,IT,CDSL,"December 15, 2021"
Transportation,62244.0,-420.0,2021-12-15,LOGISTICS,CDSL,"December 15, 2021"
Media,26270.0,-777.0,2021-12-15,MEDIA,CDSL,"December 15, 2021"
Metals & Mining,100435.0,-3710.0,2021-12-15,METAL,CDSL,"December 15, 2021"
Pharmaceuticals & Biotechnology,161627.0,-3584.0,2021-12-15,PHARMA,CDSL,"December 15, 2021"
Real Estate Investment,0.0,0.0,2021-12-15,REALTY,CDSL,"December 15, 2021"
Realty,67954.0,146.0,2021-12-15,REALTY,CDSL,"December 15, 2021"
Commercial Services & Supplies,39022.0,-782.0,2021-12-15,SERVICES,CDSL,"December 15, 2021"
Diversified Consumer Services,6806.0,320.0,2021-12-15,SERVICES,CDSL,"December 15, 2021"
"Hotels, Restaurants & Tourism",36161.0,1721.0,2021-12-15,SERVICES,CDSL,"December 15, 2021"
Retailing,104198.0,15527.0,2021-12-15,SERVICES,CDSL,"December 15, 2021"
Telecom Services,115156.0,-821.0,2021-12-15,TELECOM,CDSL,"December 15, 2021"
Telecommunications Equipment,965.0,98.0,2021-12-15,TELECOM,CDSL,"December 15, 2021"
"Textiles, Apparels & Accessories",71457.0,248.0,2021-12-15,TEXTILES,CDSL,"December 15, 2021"
Automobiles & Auto Components,197424.0,-2069.0,2021-12-31,AUTO,CDSL,"December 31, 2021"
Capital Goods,154426.0,1171.0,2021-12-31,CAPITAL_GOODS,CDSL,"December 31, 2021"
Consumer Durables,144813.0,-496.0,2021-12-31,CAPITAL_GOODS,CDSL,"December 31, 2021"
General Industrials,40467.0,-16.0,2021-12-31,CAPITAL_GOODS,CDSL,"December 31, 2021"
Construction Materials,93617.0,-204.0,2021-12-31,CEMENT,CDSL,"December 31, 2021"
Chemicals & Petrochemicals,84518.0,766.0,2021-12-31,CHEMICALS,CDSL,"December 31, 2021"
Forest Materials,2207.0,2.0,2021-12-31,COMMODITIES,CDSL,"December 31, 2021"
Diversified,14961.0,47.0,2021-12-31,DIVERSIFIED,CDSL,"December 31, 2021"
Others,16779.0,307.0,2021-12-31,DIVERSIFIED,CDSL,"December 31, 2021"
Coal,5982.0,-346.0,2021-12-31,ENERGY,CDSL,"December 31, 2021"
Oil & Gas,490912.0,-260.0,2021-12-31,ENERGY,CDSL,"December 31, 2021"
Total  Financial Services,1426391.0,-12113.0,2021-12-31,FINANCIAL_SERVICES,CDSL,"December 31, 2021"
Insurance,115860.0,5125.0,2021-12-31,FINANCIAL_SERVICES,CDSL,"December 31, 2021"
Food & Drugs Retailing,425.0,328.0,2021-12-31,FMCG,CDSL,"December 31, 2021"
"Food, Beverages & Tobacco",123647.0,-1368.0,2021-12-31,FMCG,CDSL,"December 31, 2021"
Household & Personal Products,158568.0,-1838.0,2021-12-31,FMCG,CDSL,"December 31, 2021"
Healthcare Equipment & Supplies,1888.0,42.0,2021-12-31,HEALTHCARE,CDSL,"December 31, 2021"
Healthcare Services,70329.0,-547.0,2021-12-31,HEALTHCARE,CDSL,"December 31, 2021"
Utilities,168515.0,-1570.0,2021-12-31,INFRASTRUCTURE,CDSL,"December 31, 2021"
Hardware Technology & Equipment,85.0,3.0,2021-12-31,IT,CDSL,"December 31, 2021"
Software & Services,749409.0,-1317.0,2021-12-31,IT,CDSL,"December 31, 2021"
Transportation,62951.0,723.0,2021-12-31,LOGISTICS,CDSL,"December 31, 2021"
Media,23230.0,-562.0,2021-12-31,MEDIA,CDSL,"December 31, 2021"
Metals & Mining,99776.0,-1297.0,2021-12-31,METAL,CDSL,"December 31, 2021"
Pharmaceuticals & Biotechnology,170634.0,-1344.0,2021-12-31,PHARMA,CDSL,"December 31, 2021"
Real Estate Investment,0.0,-6.0,2021-12-31,REALTY,CDSL,"December 31, 2021"
Realty,65520.0,-144.0,2021-12-31,REALTY,CDSL,"December 31, 2021"
Commercial Services & Supplies,39186.0,-332.0,2021-12-31,SERVICES,CDSL,"December 31, 2021"
Diversified Consumer Services,7044.0,263.0,2021-12-31,SERVICES,CDSL,"December 31, 2021"
"Hotels, Restaurants & Tourism",34778.0,-136.0,2021-12-31,SERVICES,CDSL,"December 31, 2021"
Retailing,102294.0,-1766.0,2021-12-31,SERVICES,CDSL,"December 31, 2021"
Telecom Services,113580.0,-769.0,2021-12-31,TELECOM,CDSL,"December 31, 2021"
Telecommunications Equipment,858.0,102.0,2021-12-31,TELECOM,CDSL,"December 31, 2021"
"Textiles, Apparels & Accessories",75455.0,592.0,2021-12-31,TEXTILES,CDSL,"December 31, 2021"
Automobiles & Auto Components,207451.0,200.0,2022-01-15,AUTO,CDSL,"January 15, 2022"
Capital Goods,165010.0,1172.0,2022-01-15,CAPITAL_GOODS,CDSL,"January 15, 2022"
Consumer Durables,145186.0,240.0,2022-01-15,CAPITAL_GOODS,CDSL,"January 15, 2022"
General Industrials,41919.0,-248.0,2022-01-15,CAPITAL_GOODS,CDSL,"January 15, 2022"
Construction Materials,97995.0,-34.0,2022-01-15,CEMENT,CDSL,"January 15, 2022"
Chemicals & Petrochemicals,90563.0,446.0,2022-01-15,CHEMICALS,CDSL,"January 15, 2022"
Forest Materials,2385.0,0.0,2022-01-15,COMMODITIES,CDSL,"January 15, 2022"
Diversified,16294.0,36.0,2022-01-15,DIVERSIFIED,CDSL,"January 15, 2022"
Others,16383.0,105.0,2022-01-15,DIVERSIFIED,CDSL,"January 15, 2022"
Coal,6841.0,131.0,2022-01-15,ENERGY,CDSL,"January 15, 2022"
Oil & Gas,525389.0,-2649.0,2022-01-15,ENERGY,CDSL,"January 15, 2022"
Total  Financial Services,1525995.0,-3864.0,2022-01-15,FINANCIAL_SERVICES,CDSL,"January 15, 2022"
Insurance,120801.0,384.0,2022-01-15,FINANCIAL_SERVICES,CDSL,"January 15, 2022"
Food & Drugs Retailing,460.0,323.0,2022-01-15,FMCG,CDSL,"January 15, 2022"
"Food, Beverages & Tobacco",126831.0,-79.0,2022-01-15,FMCG,CDSL,"January 15, 2022"
Household & Personal Products,156494.0,-651.0,2022-01-15,FMCG,CDSL,"January 15, 2022"
Healthcare Equipment & Supplies,1886.0,22.0,2022-01-15,HEALTHCARE,CDSL,"January 15, 2022"
Healthcare Services,67820.0,-506.0,2022-01-15,HEALTHCARE,CDSL,"January 15, 2022"
Utilities,191229.0,211.0,2022-01-15,INFRASTRUCTURE,CDSL,"January 15, 2022"
Hardware Technology & Equipment,105.0,9.0,2022-01-15,IT,CDSL,"January 15, 2022"
Software & Services,761570.0,-3101.0,2022-01-15,IT,CDSL,"January 15, 2022"
Transportation,66751.0,585.0,2022-01-15,LOGISTICS,CDSL,"January 15, 2022"
Media,23512.0,-306.0,2022-01-15,MEDIA,CDSL,"January 15, 2022"
Metals & Mining,106754.0,1002.0,2022-01-15,METAL,CDSL,"January 15, 2022"
Pharmaceuticals & Biotechnology,167947.0,1241.0,2022-01-15,PHARMA,CDSL,"January 15, 2022"
Real Estate Investment,0.0,-6.0,2022-01-15,REALTY,CDSL,"January 15, 2022"
Realty,68980.0,-200.0,2022-01-15,REALTY,CDSL,"January 15, 2022"
Commercial Services & Supplies,42862.0,-377.0,2022-01-15,SERVICES,CDSL,"January 15, 2022"
Diversified Consumer Services,7178.0,350.0,2022-01-15,SERVICES,CDSL,"January 15, 2022"
"Hotels, Restaurants & Tourism",38033.0,-443.0,2022-01-15,SERVICES,CDSL,"January 15, 2022"
Retailing,98778.0,-2293.0,2022-01-15,SERVICES,CDSL,"January 15, 2022"
Telecom Services,120735.0,388.0,2022-01-15,TELECOM,CDSL,"January 15, 2022"
Telecommunications Equipment,971.0,-4.0,2022-01-15,TELECOM,CDSL,"January 15, 2022"
"Textiles, Apparels & Accessories",80292.0,1080.0,2022-01-15,TEXTILES,CDSL,"January 15, 2022"
Automobiles & Auto Components,209195.0,2167.0,2022-01-31,AUTO,CDSL,"January 31, 2022"
Capital Goods,157971.0,332.0,2022-01-31,CAPITAL_GOODS,CDSL,"January 31, 2022"
Consumer Durables,132957.0,-1601.0,2022-01-31,CAPITAL_GOODS,CDSL,"January 31, 2022"
General Industrials,38862.0,-261.0,2022-01-31,CAPITAL_GOODS,CDSL,"January 31, 2022"
Construction Materials,90271.0,-738.0,2022-01-31,CEMENT,CDSL,"January 31, 2022"
Chemicals & Petrochemicals,83920.0,-71.0,2022-01-31,CHEMICALS,CDSL,"January 31, 2022"
Forest Materials,2237.0,26.0,2022-01-31,COMMODITIES,CDSL,"January 31, 2022"
Diversified,14881.0,0.0,2022-01-31,DIVERSIFIED,CDSL,"January 31, 2022"
Others,17636.0,-317.0,2022-01-31,DIVERSIFIED,CDSL,"January 31, 2022"
Coal,6912.0,293.0,2022-01-31,ENERGY,CDSL,"January 31, 2022"
Oil & Gas,499576.0,-1439.0,2022-01-31,ENERGY,CDSL,"January 31, 2022"
Total  Financial Services,1456978.0,-7144.0,2022-01-31,FINANCIAL_SERVICES,CDSL,"January 31, 2022"
Insurance,113983.0,-549.0,2022-01-31,FINANCIAL_SERVICES,CDSL,"January 31, 2022"
Food & Drugs Retailing,433.0,-18.0,2022-01-31,FMCG,CDSL,"January 31, 2022"
"Food, Beverages & Tobacco",121968.0,463.0,2022-01-31,FMCG,CDSL,"January 31, 2022"
Household & Personal Products,149290.0,-1175.0,2022-01-31,FMCG,CDSL,"January 31, 2022"
Healthcare Equipment & Supplies,1805.0,-13.0,2022-01-31,HEALTHCARE,CDSL,"January 31, 2022"
Healthcare Services,58816.0,-2049.0,2022-01-31,HEALTHCARE,CDSL,"January 31, 2022"
Utilities,196674.0,1381.0,2022-01-31,INFRASTRUCTURE,CDSL,"January 31, 2022"
Hardware Technology & Equipment,96.0,4.0,2022-01-31,IT,CDSL,"January 31, 2022"
Software & Services,674361.0,-15888.0,2022-01-31,IT,CDSL,"January 31, 2022"
Transportation,60550.0,-657.0,2022-01-31,LOGISTICS,CDSL,"January 31, 2022"
Media,21637.0,-150.0,2022-01-31,MEDIA,CDSL,"January 31, 2022"
Metals & Mining,101487.0,2135.0,2022-01-31,METAL,CDSL,"January 31, 2022"
Pharmaceuticals & Biotechnology,156935.0,-1262.0,2022-01-31,PHARMA,CDSL,"January 31, 2022"
Real Estate Investment,0.0,0.0,2022-01-31,REALTY,CDSL,"January 31, 2022"
Realty,64304.0,-979.0,2022-01-31,REALTY,CDSL,"January 31, 2022"
Commercial Services & Supplies,39956.0,-431.0,2022-01-31,SERVICES,CDSL,"January 31, 2022"
Diversified Consumer Services,6985.0,166.0,2022-01-31,SERVICES,CDSL,"January 31, 2022"
"Hotels, Restaurants & Tourism",34225.0,-738.0,2022-01-31,SERVICES,CDSL,"January 31, 2022"
Retailing,83304.0,-4644.0,2022-01-31,SERVICES,CDSL,"January 31, 2022"
Telecom Services,117878.0,415.0,2022-01-31,TELECOM,CDSL,"January 31, 2022"
Telecommunications Equipment,822.0,-46.0,2022-01-31,TELECOM,CDSL,"January 31, 2022"
"Textiles, Apparels & Accessories",74072.0,-516.0,2022-01-31,TEXTILES,CDSL,"January 31, 2022"
Automobiles & Auto Components,206795.0,1011.0,2022-02-15,AUTO,CDSL,"February 15, 2022"
Capital Goods,152536.0,-751.0,2022-02-15,CAPITAL_GOODS,CDSL,"February 15, 2022"
Consumer Durables,132628.0,-2464.0,2022-02-15,CAPITAL_GOODS,CDSL,"February 15, 2022"
General Industrials,36649.0,-495.0,2022-02-15,CAPITAL_GOODS,CDSL,"February 15, 2022"
Construction Materials,89911.0,-758.0,2022-02-15,CEMENT,CDSL,"February 15, 2022"
Chemicals & Petrochemicals,81710.0,-617.0,2022-02-15,CHEMICALS,CDSL,"February 15, 2022"
Forest Materials,2195.0,63.0,2022-02-15,COMMODITIES,CDSL,"February 15, 2022"
Diversified,15543.0,290.0,2022-02-15,DIVERSIFIED,CDSL,"February 15, 2022"
Others,16925.0,-266.0,2022-02-15,DIVERSIFIED,CDSL,"February 15, 2022"
Coal,7180.0,325.0,2022-02-15,ENERGY,CDSL,"February 15, 2022"
Oil & Gas,496673.0,-3827.0,2022-02-15,ENERGY,CDSL,"February 15, 2022"
Total  Financial Services,1433303.0,-10433.0,2022-02-15,FINANCIAL_SERVICES,CDSL,"February 15, 2022"
Insurance,103454.0,-2301.0,2022-02-15,FINANCIAL_SERVICES,CDSL,"February 15, 2022"
Food & Drugs Retailing,392.0,-47.0,2022-02-15,FMCG,CDSL,"February 15, 2022"
"Food, Beverages & Tobacco",120466.0,150.0,2022-02-15,FMCG,CDSL,"February 15, 2022"
Household & Personal Products,148630.0,-1762.0,2022-02-15,FMCG,CDSL,"February 15, 2022"
Healthcare Equipment & Supplies,1563.0,15.0,2022-02-15,HEALTHCARE,CDSL,"February 15, 2022"
Healthcare Services,58672.0,-2101.0,2022-02-15,HEALTHCARE,CDSL,"February 15, 2022"
Utilities,190683.0,-167.0,2022-02-15,INFRASTRUCTURE,CDSL,"February 15, 2022"
Hardware Technology & Equipment,87.0,-4.0,2022-02-15,IT,CDSL,"February 15, 2022"
Software & Services,669891.0,-18554.0,2022-02-15,IT,CDSL,"February 15, 2022"
Transportation,60911.0,-535.0,2022-02-15,LOGISTICS,CDSL,"February 15, 2022"
Media,20238.0,-710.0,2022-02-15,MEDIA,CDSL,"February 15, 2022"
Metals & Mining,111365.0,2724.0,2022-02-15,METAL,CDSL,"February 15, 2022"
Pharmaceuticals & Biotechnology,159340.0,24.0,2022-02-15,PHARMA,CDSL,"February 15, 2022"
Real Estate Investment,0.0,0.0,2022-02-15,REALTY,CDSL,"February 15, 2022"
Realty,59887.0,-1588.0,2022-02-15,REALTY,CDSL,"February 15, 2022"
Commercial Services & Supplies,40629.0,-169.0,2022-02-15,SERVICES,CDSL,"February 15, 2022"
Diversified Consumer Services,6343.0,-96.0,2022-02-15,SERVICES,CDSL,"February 15, 2022"
"Hotels, Restaurants & Tourism",31785.0,-1430.0,2022-02-15,SERVICES,CDSL,"February 15, 2022"
Retailing,81293.0,-2474.0,2022-02-15,SERVICES,CDSL,"February 15, 2022"
Telecom Services,115172.0,-651.0,2022-02-15,TELECOM,CDSL,"February 15, 2022"
Telecommunications Equipment,813.0,-33.0,2022-02-15,TELECOM,CDSL,"February 15, 2022"
"Textiles, Apparels & Accessories",75200.0,-401.0,2022-02-15,TEXTILES,CDSL,"February 15, 2022"
Automobiles & Auto Components,192841.0,-1839.0,2022-02-28,AUTO,CDSL,"February 28, 2022"
Capital Goods,145593.0,-1417.0,2022-02-28,CAPITAL_GOODS,CDSL,"February 28, 2022"
Consumer Durables,130664.0,-1003.0,2022-02-28,CAPITAL_GOODS,CDSL,"February 28, 2022"
General Industrials,35218.0,-880.0,2022-02-28,CAPITAL_GOODS,CDSL,"February 28, 2022"
Construction Materials,81145.0,-1156.0,2022-02-28,CEMENT,CDSL,"February 28, 2022"
Chemicals & Petrochemicals,76958.0,-1059.0,2022-02-28,CHEMICALS,CDSL,"February 28, 2022"
Forest Materials,2193.0,84.0,2022-02-28,COMMODITIES,CDSL,"February 28, 2022"
Diversified,14900.0,369.0,2022-02-28,DIVERSIFIED,CDSL,"February 28, 2022"
Others,15938.0,1326.0,2022-02-28,DIVERSIFIED,CDSL,"February 28, 2022"
Coal,7358.0,179.0,2022-02-28,ENERGY,CDSL,"February 28, 2022"
Oil & Gas,479755.0,-3767.0,2022-02-28,ENERGY,CDSL,"February 28, 2022"
Total  Financial Services,1378160.0,-10031.0,2022-02-28,FINANCIAL_SERVICES,CDSL,"February 28, 2022"
Insurance,96240.0,-2666.0,2022-02-28,FINANCIAL_SERVICES,CDSL,"February 28, 2022"
Food & Drugs Retailing,385.0,-34.0,2022-02-28,FMCG,CDSL,"February 28, 2022"
"Food, Beverages & Tobacco",118455.0,-296.0,2022-02-28,FMCG,CDSL,"February 28, 2022"
Household & Personal Products,142949.0,-1961.0,2022-02-28,FMCG,CDSL,"February 28, 2022"
Healthcare Equipment & Supplies,1584.0,18.0,2022-02-28,HEALTHCARE,CDSL,"February 28, 2022"
Healthcare Services,58171.0,-645.0,2022-02-28,HEALTHCARE,CDSL,"February 28, 2022"
Utilities,195759.0,-603.0,2022-02-28,INFRASTRUCTURE,CDSL,"February 28, 2022"
Hardware Technology & Equipment,78.0,-1.0,2022-02-28,IT,CDSL,"February 28, 2022"
Software & Services,641185.0,-10984.0,2022-02-28,IT,CDSL,"February 28, 2022"
Transportation,56854.0,-512.0,2022-02-28,LOGISTICS,CDSL,"February 28, 2022"
Media,17467.0,-800.0,2022-02-28,MEDIA,CDSL,"February 28, 2022"
Metals & Mining,115121.0,2702.0,2022-02-28,METAL,CDSL,"February 28, 2022"
Pharmaceuticals & Biotechnology,153432.0,1292.0,2022-02-28,PHARMA,CDSL,"February 28, 2022"
Real Estate Investment,0.0,0.0,2022-02-28,REALTY,CDSL,"February 28, 2022"
Realty,57520.0,-806.0,2022-02-28,REALTY,CDSL,"February 28, 2022"
Commercial Services & Supplies,37773.0,-198.0,2022-02-28,SERVICES,CDSL,"February 28, 2022"
Diversified Consumer Services,6360.0,-162.0,2022-02-28,SERVICES,CDSL,"February 28, 2022"
"Hotels, Restaurants & Tourism",29971.0,-1464.0,2022-02-28,SERVICES,CDSL,"February 28, 2022"
Retailing,80639.0,-132.0,2022-02-28,SERVICES,CDSL,"February 28, 2022"
Telecom Services,108790.0,461.0,2022-02-28,TELECOM,CDSL,"February 28, 2022"
Telecommunications Equipment,738.0,-10.0,2022-02-28,TELECOM,CDSL,"February 28, 2022"
"Textiles, Apparels & Accessories",74662.0,408.0,2022-02-28,TEXTILES,CDSL,"February 28, 2022"
Automobiles & Auto Components,174340.0,-7234.0,2022-03-15,AUTO,CDSL,"March 15, 2022"
Capital Goods,137306.0,-4238.0,2022-03-15,CAPITAL_GOODS,CDSL,"March 15, 2022"
Consumer Durables,120789.0,-3186.0,2022-03-15,CAPITAL_GOODS,CDSL,"March 15, 2022"
General Industrials,34461.0,-1293.0,2022-03-15,CAPITAL_GOODS,CDSL,"March 15, 2022"
Construction Materials,72561.0,-4373.0,2022-03-15,CEMENT,CDSL,"March 15, 2022"
Chemicals & Petrochemicals,80961.0,-308.0,2022-03-15,CHEMICALS,CDSL,"March 15, 2022"
Forest Materials,2447.0,101.0,2022-03-15,COMMODITIES,CDSL,"March 15, 2022"
Diversified,14814.0,-111.0,2022-03-15,DIVERSIFIED,CDSL,"March 15, 2022"
Others,16725.0,1634.0,2022-03-15,DIVERSIFIED,CDSL,"March 15, 2022"
Coal,7439.0,-167.0,2022-03-15,ENERGY,CDSL,"March 15, 2022"
Oil & Gas,478572.0,-3973.0,2022-03-15,ENERGY,CDSL,"March 15, 2022"
Total  Financial Services,1302984.0,-28735.0,2022-03-15,FINANCIAL_SERVICES,CDSL,"March 15, 2022"
Insurance,91225.0,-3129.0,2022-03-15,FINANCIAL_SERVICES,CDSL,"March 15, 2022"
Food & Drugs Retailing,345.0,-23.0,2022-03-15,FMCG,CDSL,"March 15, 2022"
"Food, Beverages & Tobacco",122056.0,1686.0,2022-03-15,FMCG,CDSL,"March 15, 2022"
Household & Personal Products,134732.0,-3415.0,2022-03-15,FMCG,CDSL,"March 15, 2022"
Healthcare Equipment & Supplies,1632.0,-6.0,2022-03-15,HEALTHCARE,CDSL,"March 15, 2022"
Healthcare Services,58649.0,147.0,2022-03-15,HEALTHCARE,CDSL,"March 15, 2022"
Utilities,195707.0,91.0,2022-03-15,INFRASTRUCTURE,CDSL,"March 15, 2022"
Hardware Technology & Equipment,78.0,0.0,2022-03-15,IT,CDSL,"March 15, 2022"
Software & Services,665220.0,-5965.0,2022-03-15,IT,CDSL,"March 15, 2022"
Transportation,55841.0,-1365.0,2022-03-15,LOGISTICS,CDSL,"March 15, 2022"
Media,18613.0,-617.0,2022-03-15,MEDIA,CDSL,"March 15, 2022"
Metals & Mining,116478.0,3769.0,2022-03-15,METAL,CDSL,"March 15, 2022"
Pharmaceuticals & Biotechnology,157963.0,-353.0,2022-03-15,PHARMA,CDSL,"March 15, 2022"
Real Estate Investment,0.0,0.0,2022-03-15,REALTY,CDSL,"March 15, 2022"
Realty,55259.0,-659.0,2022-03-15,REALTY,CDSL,"March 15, 2022"
Commercial Services & Supplies,38473.0,-569.0,2022-03-15,SERVICES,CDSL,"March 15, 2022"
Diversified Consumer Services,6113.0,-103.0,2022-03-15,SERVICES,CDSL,"March 15, 2022"
"Hotels, Restaurants & Tourism",26933.0,-1962.0,2022-03-15,SERVICES,CDSL,"March 15, 2022"
Retailing,79877.0,-668.0,2022-03-15,SERVICES,CDSL,"March 15, 2022"
Telecom Services,109836.0,371.0,2022-03-15,TELECOM,CDSL,"March 15, 2022"
Telecommunications Equipment,739.0,-6.0,2022-03-15,TELECOM,CDSL,"March 15, 2022"
"Textiles, Apparels & Accessories",75109.0,428.0,2022-03-15,TEXTILES,CDSL,"March 15, 2022"
Automobiles & Auto Components,183254.0,-6460.0,2022-03-31,AUTO,CDSL,"March 31, 2022"
Capital Goods,142313.0,-3604.0,2022-03-31,CAPITAL_GOODS,CDSL,"March 31, 2022"
Consumer Durables,124693.0,-2735.0,2022-03-31,CAPITAL_GOODS,CDSL,"March 31, 2022"
General Industrials,36122.0,-901.0,2022-03-31,CAPITAL_GOODS,CDSL,"March 31, 2022"
Construction Materials,76120.0,-4143.0,2022-03-31,CEMENT,CDSL,"March 31, 2022"
Chemicals & Petrochemicals,86729.0,1472.0,2022-03-31,CHEMICALS,CDSL,"March 31, 2022"
Forest Materials,2836.0,201.0,2022-03-31,COMMODITIES,CDSL,"March 31, 2022"
Diversified,16559.0,-12.0,2022-03-31,DIVERSIFIED,CDSL,"March 31, 2022"
Others,12693.0,451.0,2022-03-31,DIVERSIFIED,CDSL,"March 31, 2022"
Coal,8004.0,-84.0,2022-03-31,ENERGY,CDSL,"March 31, 2022"
Oil & Gas,533125.0,830.0,2022-03-31,ENERGY,CDSL,"March 31, 2022"
Total  Financial Services,1366611.0,-23974.0,2022-03-31,FINANCIAL_SERVICES,CDSL,"March 31, 2022"
Insurance,96512.0,-2493.0,2022-03-31,FINANCIAL_SERVICES,CDSL,"March 31, 2022"
Food & Drugs Retailing,365.0,-5.0,2022-03-31,FMCG,CDSL,"March 31, 2022"
"Food, Beverages & Tobacco",127877.0,4060.0,2022-03-31,FMCG,CDSL,"March 31, 2022"
Household & Personal Products,132967.0,-3777.0,2022-03-31,FMCG,CDSL,"March 31, 2022"
Healthcare Equipment & Supplies,1884.0,35.0,2022-03-31,HEALTHCARE,CDSL,"March 31, 2022"
Healthcare Services,57513.0,-393.0,2022-03-31,HEALTHCARE,CDSL,"March 31, 2022"
Utilities,208308.0,295.0,2022-03-31,INFRASTRUCTURE,CDSL,"March 31, 2022"
Hardware Technology & Equipment,87.0,3.0,2022-03-31,IT,CDSL,"March 31, 2022"
Software & Services,689838.0,-1348.0,2022-03-31,IT,CDSL,"March 31, 2022"
Transportation,60647.0,-984.0,2022-03-31,LOGISTICS,CDSL,"March 31, 2022"
Media,20775.0,-192.0,2022-03-31,MEDIA,CDSL,"March 31, 2022"
Metals & Mining,126792.0,4386.0,2022-03-31,METAL,CDSL,"March 31, 2022"
Pharmaceuticals & Biotechnology,161649.0,625.0,2022-03-31,PHARMA,CDSL,"March 31, 2022"
Real Estate Investment,0.0,0.0,2022-03-31,REALTY,CDSL,"March 31, 2022"
Realty,60751.0,-392.0,2022-03-31,REALTY,CDSL,"March 31, 2022"
Commercial Services & Supplies,44103.0,-428.0,2022-03-31,SERVICES,CDSL,"March 31, 2022"
Diversified Consumer Services,6760.0,31.0,2022-03-31,SERVICES,CDSL,"March 31, 2022"
"Hotels, Restaurants & Tourism",29349.0,-846.0,2022-03-31,SERVICES,CDSL,"March 31, 2022"
Retailing,80601.0,-1365.0,2022-03-31,SERVICES,CDSL,"March 31, 2022"
Telecom Services,118186.0,299.0,2022-03-31,TELECOM,CDSL,"March 31, 2022"
Telecommunications Equipment,779.0,-17.0,2022-03-31,TELECOM,CDSL,"March 31, 2022"
"Textiles, Apparels & Accessories",75713.0,343.0,2022-03-31,TEXTILES,CDSL,"March 31, 2022"
Automobiles & Auto Components,187788.0,-177.0,2022-04-15,AUTO,CDSL,"April 15, 2022"
Capital Goods,146080.0,-1909.0,2022-04-15,CAPITAL_GOODS,CDSL,"April 15, 2022"
Consumer Durables,128255.0,48.0,2022-04-15,CAPITAL_GOODS,CDSL,"April 15, 2022"
General Industrials,38225.0,-208.0,2022-04-15,CAPITAL_GOODS,CDSL,"April 15, 2022"
Construction Materials,81101.0,-650.0,2022-04-15,CEMENT,CDSL,"April 15, 2022"
Chemicals & Petrochemicals,88596.0,1263.0,2022-04-15,CHEMICALS,CDSL,"April 15, 2022"
Forest Materials,2865.0,143.0,2022-04-15,COMMODITIES,CDSL,"April 15, 2022"
Diversified,16370.0,314.0,2022-04-15,DIVERSIFIED,CDSL,"April 15, 2022"
Others,12385.0,293.0,2022-04-15,DIVERSIFIED,CDSL,"April 15, 2022"
Coal,7953.0,-129.0,2022-04-15,ENERGY,CDSL,"April 15, 2022"
Oil & Gas,532586.0,2347.0,2022-04-15,ENERGY,CDSL,"April 15, 2022"
Total  Financial Services,1397008.0,-6634.0,2022-04-15,FINANCIAL_SERVICES,CDSL,"April 15, 2022"
Insurance,101052.0,279.0,2022-04-15,FINANCIAL_SERVICES,CDSL,"April 15, 2022"
Food & Drugs Retailing,353.0,17.0,2022-04-15,FMCG,CDSL,"April 15, 2022"
"Food, Beverages & Tobacco",136360.0,2947.0,2022-04-15,FMCG,CDSL,"April 15, 2022"
Household & Personal Products,139767.0,-223.0,2022-04-15,FMCG,CDSL,"April 15, 2022"
Healthcare Equipment & Supplies,1858.0,46.0,2022-04-15,HEALTHCARE,CDSL,"April 15, 2022"
Healthcare Services,62024.0,1924.0,2022-04-15,HEALTHCARE,CDSL,"April 15, 2022"
Utilities,250902.0,865.0,2022-04-15,INFRASTRUCTURE,CDSL,"April 15, 2022"
Hardware Technology & Equipment,90.0,2.0,2022-04-15,IT,CDSL,"April 15, 2022"
Software & Services,655965.0,-1388.0,2022-04-15,IT,CDSL,"April 15, 2022"
Transportation,63203.0,268.0,2022-04-15,LOGISTICS,CDSL,"April 15, 2022"
Media,19667.0,-1007.0,2022-04-15,MEDIA,CDSL,"April 15, 2022"
Metals & Mining,129292.0,2907.0,2022-04-15,METAL,CDSL,"April 15, 2022"
Pharmaceuticals & Biotechnology,165675.0,1678.0,2022-04-15,PHARMA,CDSL,"April 15, 2022"
Real Estate Investment,0.0,0.0,2022-04-15,REALTY,CDSL,"April 15, 2022"
Realty,60843.0,-204.0,2022-04-15,REALTY,CDSL,"April 15, 2022"
Commercial Services & Supplies,48340.0,20.0,2022-04-15,SERVICES,CDSL,"April 15, 2022"
Diversified Consumer Services,6647.0,83.0,2022-04-15,SERVICES,CDSL,"April 15, 2022"
"Hotels, Restaurants & Tourism",30196.0,266.0,2022-04-15,SERVICES,CDSL,"April 15, 2022"
Retailing,83506.0,-711.0,2022-04-15,SERVICES,CDSL,"April 15, 2022"
Telecom Services,117487.0,1074.0,2022-04-15,TELECOM,CDSL,"April 15, 2022"
Telecommunications Equipment,789.0,-22.0,2022-04-15,TELECOM,CDSL,"April 15, 2022"
"Textiles, Apparels & Accessories",75910.0,62.0,2022-04-15,TEXTILES,CDSL,"April 15, 2022"
Automobile and Auto Components,221576.0,1160.0,2022-04-30,AUTO,CDSL,"April 30, 2022"
Capital Goods,97186.0,-2085.0,2022-04-30,CAPITAL_GOODS,CDSL,"April 30, 2022"
Consumer Durables,182883.0,150.0,2022-04-30,CAPITAL_GOODS,CDSL,"April 30, 2022"
Construction Materials,79797.0,-25.0,2022-04-30,CEMENT,CDSL,"April 30, 2022"
Chemicals,102913.0,290.0,2022-04-30,CHEMICALS,CDSL,"April 30, 2022"
Forest Materials,1229.0,0.0,2022-04-30,COMMODITIES,CDSL,"April 30, 2022"
Diversified,1608.0,11.0,2022-04-30,DIVERSIFIED,CDSL,"April 30, 2022"
Others,11227.0,882.0,2022-04-30,DIVERSIFIED,CDSL,"April 30, 2022"
"Oil, Gas & Consumable Fuels",588240.0,-1211.0,2022-04-30,ENERGY,CDSL,"April 30, 2022"
Power,237667.0,557.0,2022-04-30,ENERGY,CDSL,"April 30, 2022"
Financial Services,1423537.0,-12891.0,2022-04-30,FINANCIAL_SERVICES,CDSL,"April 30, 2022"
Fast Moving Consumer Goods,277854.0,1756.0,2022-04-30,FMCG,CDSL,"April 30, 2022"
Healthcare,226067.0,5231.0,2022-04-30,HEALTHCARE,CDSL,"April 30, 2022"
Construction,57832.0,-1044.0,2022-04-30,INFRASTRUCTURE,CDSL,"April 30, 2022"
Utilities,413.0,9.0,2022-04-30,INFRASTRUCTURE,CDSL,"April 30, 2022"
Information Technology,591906.0,-8579.0,2022-04-30,IT,CDSL,"April 30, 2022"
"Media, Entertainment & Publication",22075.0,-1802.0,2022-04-30,MEDIA,CDSL,"April 30, 2022"
Metals & Mining,162166.0,94.0,2022-04-30,METAL,CDSL,"April 30, 2022"
Realty,57853.0,-825.0,2022-04-30,REALTY,CDSL,"April 30, 2022"
Consumer Services,110503.0,451.0,2022-04-30,SERVICES,CDSL,"April 30, 2022"
Services,74645.0,209.0,2022-04-30,SERVICES,CDSL,"April 30, 2022"
Telecommunication,115643.0,440.0,2022-04-30,TELECOM,CDSL,"April 30, 2022"
Textiles,21635.0,81.0,2022-04-30,TEXTILES,CDSL,"April 30, 2022"
Automobile and Auto Components,206363.0,-827.0,2022-05-15,AUTO,NSDL,"May 15, 2022"
Capital Goods,87430.0,-1326.0,2022-05-15,CAPITAL_GOODS,NSDL,"May 15, 2022"
Consumer Durables,163339.0,-1444.0,2022-05-15,CAPITAL_GOODS,NSDL,"May 15, 2022"
Construction Materials,71862.0,-989.0,2022-05-15,CEMENT,NSDL,"May 15, 2022"
Chemicals,92336.0,-335.0,2022-05-15,CHEMICALS,NSDL,"May 15, 2022"
Forest Materials,1060.0,16.0,2022-05-15,COMMODITIES,NSDL,"May 15, 2022"
Diversified,1399.0,-15.0,2022-05-15,DIVERSIFIED,NSDL,"May 15, 2022"
Others,10152.0,451.0,2022-05-15,DIVERSIFIED,NSDL,"May 15, 2022"
"Oil, Gas & Consumable Fuels",522715.0,-3897.0,2022-05-15,ENERGY,NSDL,"May 15, 2022"
Power,204696.0,1468.0,2022-05-15,ENERGY,NSDL,"May 15, 2022"
Financial Services,1305823.0,-18848.0,2022-05-15,FINANCIAL_SERVICES,NSDL,"May 15, 2022"
Fast Moving Consumer Goods,267224.0,674.0,2022-05-15,FMCG,NSDL,"May 15, 2022"
Healthcare,204237.0,657.0,2022-05-15,HEALTHCARE,NSDL,"May 15, 2022"
Construction,51600.0,-1443.0,2022-05-15,INFRASTRUCTURE,NSDL,"May 15, 2022"
Utilities,346.0,2.0,2022-05-15,INFRASTRUCTURE,NSDL,"May 15, 2022"
Information Technology,555811.0,-13542.0,2022-05-15,IT,NSDL,"May 15, 2022"
"Media, Entertainment & Publication",20283.0,-719.0,2022-05-15,MEDIA,NSDL,"May 15, 2022"
Metals & Mining,134477.0,-2529.0,2022-05-15,METAL,NSDL,"May 15, 2022"
Realty,49873.0,-801.0,2022-05-15,REALTY,NSDL,"May 15, 2022"
Consumer Services,90377.0,-986.0,2022-05-15,SERVICES,NSDL,"May 15, 2022"
Services,64993.0,-466.0,2022-05-15,SERVICES,NSDL,"May 15, 2022"
Telecommunication,105874.0,-507.0,2022-05-15,TELECOM,NSDL,"May 15, 2022"
Textiles,19201.0,-141.0,2022-05-15,TEXTILES,NSDL,"May 15, 2022"
Automobile and Auto Components,228813.0,-1398.0,2022-05-31,AUTO,NSDL,"May 31, 2022"
Capital Goods,94510.0,169.0,2022-05-31,CAPITAL_GOODS,NSDL,"May 31, 2022"
Consumer Durables,160593.0,-2705.0,2022-05-31,CAPITAL_GOODS,NSDL,"May 31, 2022"
Construction Materials,70495.0,-1450.0,2022-05-31,CEMENT,NSDL,"May 31, 2022"
Chemicals,97732.0,521.0,2022-05-31,CHEMICALS,NSDL,"May 31, 2022"
Forest Materials,1191.0,34.0,2022-05-31,COMMODITIES,NSDL,"May 31, 2022"
Diversified,1469.0,-46.0,2022-05-31,DIVERSIFIED,NSDL,"May 31, 2022"
Others,10425.0,-181.0,2022-05-31,DIVERSIFIED,NSDL,"May 31, 2022"
"Oil, Gas & Consumable Fuels",555923.0,-3568.0,2022-05-31,ENERGY,NSDL,"May 31, 2022"
Power,199855.0,2307.0,2022-05-31,ENERGY,NSDL,"May 31, 2022"
Financial Services,1394240.0,-12016.0,2022-05-31,FINANCIAL_SERVICES,NSDL,"May 31, 2022"
Fast Moving Consumer Goods,278116.0,-567.0,2022-05-31,FMCG,NSDL,"May 31, 2022"
Healthcare,206172.0,-705.0,2022-05-31,HEALTHCARE,NSDL,"May 31, 2022"
Construction,54644.0,-1175.0,2022-05-31,INFRASTRUCTURE,NSDL,"May 31, 2022"
Utilities,372.0,-2.0,2022-05-31,INFRASTRUCTURE,NSDL,"May 31, 2022"
Information Technology,545067.0,-16134.0,2022-05-31,IT,NSDL,"May 31, 2022"
"Media, Entertainment & Publication",21250.0,-175.0,2022-05-31,MEDIA,NSDL,"May 31, 2022"
Metals & Mining,134022.0,-2752.0,2022-05-31,METAL,NSDL,"May 31, 2022"
Realty,52991.0,-487.0,2022-05-31,REALTY,NSDL,"May 31, 2022"
Consumer Services,102462.0,-1722.0,2022-05-31,SERVICES,NSDL,"May 31, 2022"
Services,72431.0,2656.0,2022-05-31,SERVICES,NSDL,"May 31, 2022"
Telecommunication,108740.0,-597.0,2022-05-31,TELECOM,NSDL,"May 31, 2022"
Textiles,20479.0,-3.0,2022-05-31,TEXTILES,NSDL,"May 31, 2022"
Automobile and Auto Components,220158.0,-1647.0,2022-06-15,AUTO,NSDL,"June 15, 2022"
Capital Goods,92798.0,1577.0,2022-06-15,CAPITAL_GOODS,NSDL,"June 15, 2022"
Consumer Durables,147510.0,-3913.0,2022-06-15,CAPITAL_GOODS,NSDL,"June 15, 2022"
Construction Materials,63271.0,-2414.0,2022-06-15,CEMENT,NSDL,"June 15, 2022"
Chemicals,91631.0,1079.0,2022-06-15,CHEMICALS,NSDL,"June 15, 2022"
Forest Materials,1181.0,56.0,2022-06-15,COMMODITIES,NSDL,"June 15, 2022"
Diversified,1481.0,-18.0,2022-06-15,DIVERSIFIED,NSDL,"June 15, 2022"
Others,15736.0,-193.0,2022-06-15,DIVERSIFIED,NSDL,"June 15, 2022"
"Oil, Gas & Consumable Fuels",545683.0,1002.0,2022-06-15,ENERGY,NSDL,"June 15, 2022"
Power,187532.0,-1057.0,2022-06-15,ENERGY,NSDL,"June 15, 2022"
Financial Services,1285636.0,-11711.0,2022-06-15,FINANCIAL_SERVICES,NSDL,"June 15, 2022"
Fast Moving Consumer Goods,258961.0,-2616.0,2022-06-15,FMCG,NSDL,"June 15, 2022"
Healthcare,198030.0,-727.0,2022-06-15,HEALTHCARE,NSDL,"June 15, 2022"
Construction,51817.0,-460.0,2022-06-15,INFRASTRUCTURE,NSDL,"June 15, 2022"
Utilities,333.0,-16.0,2022-06-15,INFRASTRUCTURE,NSDL,"June 15, 2022"
Information Technology,509373.0,-14208.0,2022-06-15,IT,NSDL,"June 15, 2022"
"Media, Entertainment & Publication",19451.0,-138.0,2022-06-15,MEDIA,NSDL,"June 15, 2022"
Metals & Mining,123414.0,-3912.0,2022-06-15,METAL,NSDL,"June 15, 2022"
Realty,50316.0,-240.0,2022-06-15,REALTY,NSDL,"June 15, 2022"
Consumer Services,94901.0,-1011.0,2022-06-15,SERVICES,NSDL,"June 15, 2022"
Services,69091.0,3228.0,2022-06-15,SERVICES,NSDL,"June 15, 2022"
Telecommunication,103657.0,-2533.0,2022-06-15,TELECOM,NSDL,"June 15, 2022"
Textiles,18647.0,145.0,2022-06-15,TEXTILES,NSDL,"June 15, 2022"
Automobile and Auto Components,229758.0,-2479.0,2022-06-30,AUTO,NSDL,"June 30, 2022"
Capital Goods,92721.0,1298.0,2022-06-30,CAPITAL_GOODS,NSDL,"June 30, 2022"
Consumer Durables,143724.0,-5228.0,2022-06-30,CAPITAL_GOODS,NSDL,"June 30, 2022"
Construction Materials,63013.0,-2177.0,2022-06-30,CEMENT,NSDL,"June 30, 2022"
Chemicals,87412.0,-188.0,2022-06-30,CHEMICALS,NSDL,"June 30, 2022"
Forest Materials,1195.0,32.0,2022-06-30,COMMODITIES,NSDL,"June 30, 2022"
Diversified,1546.0,15.0,2022-06-30,DIVERSIFIED,NSDL,"June 30, 2022"
Others,9470.0,-199.0,2022-06-30,DIVERSIFIED,NSDL,"June 30, 2022"
"Oil, Gas & Consumable Fuels",538924.0,-3663.0,2022-06-30,ENERGY,NSDL,"June 30, 2022"
Power,195851.0,-2699.0,2022-06-30,ENERGY,NSDL,"June 30, 2022"
Financial Services,1284931.0,-13615.0,2022-06-30,FINANCIAL_SERVICES,NSDL,"June 30, 2022"
Fast Moving Consumer Goods,265865.0,-2433.0,2022-06-30,FMCG,NSDL,"June 30, 2022"
Healthcare,195204.0,-2020.0,2022-06-30,HEALTHCARE,NSDL,"June 30, 2022"
Construction,50669.0,-745.0,2022-06-30,INFRASTRUCTURE,NSDL,"June 30, 2022"
Utilities,336.0,-15.0,2022-06-30,INFRASTRUCTURE,NSDL,"June 30, 2022"
Information Technology,510308.0,-6205.0,2022-06-30,IT,NSDL,"June 30, 2022"
"Media, Entertainment & Publication",18994.0,-78.0,2022-06-30,MEDIA,NSDL,"June 30, 2022"
Metals & Mining,114936.0,-4002.0,2022-06-30,METAL,NSDL,"June 30, 2022"
Realty,49682.0,-187.0,2022-06-30,REALTY,NSDL,"June 30, 2022"
Consumer Services,90969.0,-1255.0,2022-06-30,SERVICES,NSDL,"June 30, 2022"
Services,65848.0,-400.0,2022-06-30,SERVICES,NSDL,"June 30, 2022"
Telecommunication,102684.0,-3802.0,2022-06-30,TELECOM,NSDL,"June 30, 2022"
Textiles,17992.0,-158.0,2022-06-30,TEXTILES,NSDL,"June 30, 2022"
Automobile and Auto Components,242393.0,-1383.0,2022-07-15,AUTO,NSDL,"July 15, 2022"
Capital Goods,96913.0,1027.0,2022-07-15,CAPITAL_GOODS,NSDL,"July 15, 2022"
Consumer Durables,156558.0,-3045.0,2022-07-15,CAPITAL_GOODS,NSDL,"July 15, 2022"
Construction Materials,65525.0,-438.0,2022-07-15,CEMENT,NSDL,"July 15, 2022"
Chemicals,92251.0,-826.0,2022-07-15,CHEMICALS,NSDL,"July 15, 2022"
Forest Materials,1214.0,-8.0,2022-07-15,COMMODITIES,NSDL,"July 15, 2022"
Diversified,1582.0,6.0,2022-07-15,DIVERSIFIED,NSDL,"July 15, 2022"
Others,10412.0,-164.0,2022-07-15,DIVERSIFIED,NSDL,"July 15, 2022"
"Oil, Gas & Consumable Fuels",512787.0,-9041.0,2022-07-15,ENERGY,NSDL,"July 15, 2022"
Power,212955.0,296.0,2022-07-15,ENERGY,NSDL,"July 15, 2022"
Financial Services,1335966.0,-6573.0,2022-07-15,FINANCIAL_SERVICES,NSDL,"July 15, 2022"
Fast Moving Consumer Goods,295155.0,1175.0,2022-07-15,FMCG,NSDL,"July 15, 2022"
Healthcare,202246.0,-342.0,2022-07-15,HEALTHCARE,NSDL,"July 15, 2022"
Construction,54893.0,-371.0,2022-07-15,INFRASTRUCTURE,NSDL,"July 15, 2022"
Utilities,347.0,0.0,2022-07-15,INFRASTRUCTURE,NSDL,"July 15, 2022"
Information Technology,483542.0,-5716.0,2022-07-15,IT,NSDL,"July 15, 2022"
"Media, Entertainment & Publication",20012.0,10.0,2022-07-15,MEDIA,NSDL,"July 15, 2022"
Metals & Mining,119349.0,-3081.0,2022-07-15,METAL,NSDL,"July 15, 2022"
Realty,54132.0,-240.0,2022-07-15,REALTY,NSDL,"July 15, 2022"
Consumer Services,97688.0,-1216.0,2022-07-15,SERVICES,NSDL,"July 15, 2022"
Services,71151.0,-613.0,2022-07-15,SERVICES,NSDL,"July 15, 2022"
Telecommunication,100453.0,-1907.0,2022-07-15,TELECOM,NSDL,"July 15, 2022"
Textiles,19126.0,-238.0,2022-07-15,TEXTILES,NSDL,"July 15, 2022"
Automobile and Auto Components,246894.0,671.0,2022-07-31,AUTO,NSDL,"July 31, 2022"
Capital Goods,104987.0,1918.0,2022-07-31,CAPITAL_GOODS,NSDL,"July 31, 2022"
Consumer Durables,167725.0,59.0,2022-07-31,CAPITAL_GOODS,NSDL,"July 31, 2022"
Construction Materials,71951.0,673.0,2022-07-31,CEMENT,NSDL,"July 31, 2022"
Chemicals,99210.0,-547.0,2022-07-31,CHEMICALS,NSDL,"July 31, 2022"
Forest Materials,1330.0,4.0,2022-07-31,COMMODITIES,NSDL,"July 31, 2022"
Diversified,1609.0,-4.0,2022-07-31,DIVERSIFIED,NSDL,"July 31, 2022"
Others,9674.0,-77.0,2022-07-31,DIVERSIFIED,NSDL,"July 31, 2022"
"Oil, Gas & Consumable Fuels",537275.0,-5280.0,2022-07-31,ENERGY,NSDL,"July 31, 2022"
Power,223753.0,1624.0,2022-07-31,ENERGY,NSDL,"July 31, 2022"
Financial Services,1442606.0,1014.0,2022-07-31,FINANCIAL_SERVICES,NSDL,"July 31, 2022"
Fast Moving Consumer Goods,303776.0,4275.0,2022-07-31,FMCG,NSDL,"July 31, 2022"
Healthcare,208520.0,207.0,2022-07-31,HEALTHCARE,NSDL,"July 31, 2022"
Construction,59317.0,998.0,2022-07-31,INFRASTRUCTURE,NSDL,"July 31, 2022"
Utilities,362.0,4.0,2022-07-31,INFRASTRUCTURE,NSDL,"July 31, 2022"
Information Technology,523255.0,-4665.0,2022-07-31,IT,NSDL,"July 31, 2022"
"Media, Entertainment & Publication",22028.0,417.0,2022-07-31,MEDIA,NSDL,"July 31, 2022"
Metals & Mining,134069.0,-1285.0,2022-07-31,METAL,NSDL,"July 31, 2022"
Realty,57943.0,59.0,2022-07-31,REALTY,NSDL,"July 31, 2022"
Consumer Services,103088.0,211.0,2022-07-31,SERVICES,NSDL,"July 31, 2022"
Services,74405.0,176.0,2022-07-31,SERVICES,NSDL,"July 31, 2022"
Telecommunication,107869.0,4565.0,2022-07-31,TELECOM,NSDL,"July 31, 2022"
Textiles,20812.0,-30.0,2022-07-31,TEXTILES,NSDL,"July 31, 2022"
Automobile and Auto Components,256873.0,2859.0,2022-08-15,AUTO,CDSL,"August 15, 2022"
Capital Goods,112090.0,2532.0,2022-08-15,CAPITAL_GOODS,CDSL,"August 15, 2022"
Consumer Durables,174196.0,1791.0,2022-08-15,CAPITAL_GOODS,CDSL,"August 15, 2022"
Construction Materials,73835.0,1113.0,2022-08-15,CEMENT,CDSL,"August 15, 2022"
Chemicals,105521.0,752.0,2022-08-15,CHEMICALS,CDSL,"August 15, 2022"
Forest Materials,1534.0,152.0,2022-08-15,COMMODITIES,CDSL,"August 15, 2022"
Diversified,1608.0,-2.0,2022-08-15,DIVERSIFIED,CDSL,"August 15, 2022"
Others,9782.0,1239.0,2022-08-15,DIVERSIFIED,CDSL,"August 15, 2022"
"Oil, Gas & Consumable Fuels",563771.0,-903.0,2022-08-15,ENERGY,CDSL,"August 15, 2022"
Power,240660.0,985.0,2022-08-15,ENERGY,CDSL,"August 15, 2022"
Financial Services,1499934.0,8704.0,2022-08-15,FINANCIAL_SERVICES,CDSL,"August 15, 2022"
Fast Moving Consumer Goods,306271.0,4152.0,2022-08-15,FMCG,CDSL,"August 15, 2022"
Healthcare,210790.0,-712.0,2022-08-15,HEALTHCARE,CDSL,"August 15, 2022"
Construction,61511.0,1365.0,2022-08-15,INFRASTRUCTURE,CDSL,"August 15, 2022"
Utilities,375.0,4.0,2022-08-15,INFRASTRUCTURE,CDSL,"August 15, 2022"
Information Technology,539161.0,-442.0,2022-08-15,IT,CDSL,"August 15, 2022"
"Media, Entertainment & Publication",22007.0,670.0,2022-08-15,MEDIA,CDSL,"August 15, 2022"
Metals & Mining,145083.0,723.0,2022-08-15,METAL,CDSL,"August 15, 2022"
Realty,56602.0,-267.0,2022-08-15,REALTY,CDSL,"August 15, 2022"
Consumer Services,112456.0,3866.0,2022-08-15,SERVICES,CDSL,"August 15, 2022"
Services,76271.0,777.0,2022-08-15,SERVICES,CDSL,"August 15, 2022"
Telecommunication,110564.0,5470.0,2022-08-15,TELECOM,CDSL,"August 15, 2022"
Textiles,21007.0,46.0,2022-08-15,TEXTILES,CDSL,"August 15, 2022"
Automobile and Auto Components,265918.0,3736.0,2022-08-31,AUTO,CDSL,"August 31, 2022"
Capital Goods,117775.0,3359.0,2022-08-31,CAPITAL_GOODS,CDSL,"August 31, 2022"
Consumer Durables,179276.0,2063.0,2022-08-31,CAPITAL_GOODS,CDSL,"August 31, 2022"
Construction Materials,75929.0,413.0,2022-08-31,CEMENT,CDSL,"August 31, 2022"
Chemicals,107663.0,1718.0,2022-08-31,CHEMICALS,CDSL,"August 31, 2022"
Forest Materials,1666.0,171.0,2022-08-31,COMMODITIES,CDSL,"August 31, 2022"
Diversified,1658.0,21.0,2022-08-31,DIVERSIFIED,CDSL,"August 31, 2022"
Others,10187.0,1416.0,2022-08-31,DIVERSIFIED,CDSL,"August 31, 2022"
"Oil, Gas & Consumable Fuels",572737.0,1279.0,2022-08-31,ENERGY,CDSL,"August 31, 2022"
Power,263278.0,1540.0,2022-08-31,ENERGY,CDSL,"August 31, 2022"
Financial Services,1519470.0,12799.0,2022-08-31,FINANCIAL_SERVICES,CDSL,"August 31, 2022"
Fast Moving Consumer Goods,317335.0,3495.0,2022-08-31,FMCG,CDSL,"August 31, 2022"
Healthcare,219816.0,8509.0,2022-08-31,HEALTHCARE,CDSL,"August 31, 2022"
Construction,64691.0,1206.0,2022-08-31,INFRASTRUCTURE,CDSL,"August 31, 2022"
Utilities,393.0,1.0,2022-08-31,INFRASTRUCTURE,CDSL,"August 31, 2022"
Information Technology,511536.0,397.0,2022-08-31,IT,CDSL,"August 31, 2022"
"Media, Entertainment & Publication",22254.0,86.0,2022-08-31,MEDIA,CDSL,"August 31, 2022"
Metals & Mining,150326.0,598.0,2022-08-31,METAL,CDSL,"August 31, 2022"
Realty,59419.0,4.0,2022-08-31,REALTY,CDSL,"August 31, 2022"
Consumer Services,116387.0,5495.0,2022-08-31,SERVICES,CDSL,"August 31, 2022"
Services,79154.0,881.0,2022-08-31,SERVICES,CDSL,"August 31, 2022"
Telecommunication,115523.0,2046.0,2022-08-31,TELECOM,CDSL,"August 31, 2022"
Textiles,21706.0,-27.0,2022-08-31,TEXTILES,CDSL,"August 31, 2022"
Automobile and Auto Components,272961.0,3830.0,2022-09-15,AUTO,CDSL,"September 15, 2022"
Capital Goods,116994.0,3825.0,2022-09-15,CAPITAL_GOODS,CDSL,"September 15, 2022"
Consumer Durables,181028.0,1379.0,2022-09-15,CAPITAL_GOODS,CDSL,"September 15, 2022"
Construction Materials,83037.0,-482.0,2022-09-15,CEMENT,CDSL,"September 15, 2022"
Chemicals,111864.0,1263.0,2022-09-15,CHEMICALS,CDSL,"September 15, 2022"
Forest Materials,1758.0,90.0,2022-09-15,COMMODITIES,CDSL,"September 15, 2022"
Diversified,1680.0,29.0,2022-09-15,DIVERSIFIED,CDSL,"September 15, 2022"
Others,11983.0,262.0,2022-09-15,DIVERSIFIED,CDSL,"September 15, 2022"
"Oil, Gas & Consumable Fuels",553669.0,1067.0,2022-09-15,ENERGY,CDSL,"September 15, 2022"
Power,266904.0,1249.0,2022-09-15,ENERGY,CDSL,"September 15, 2022"
Financial Services,1549879.0,11452.0,2022-09-15,FINANCIAL_SERVICES,CDSL,"September 15, 2022"
Fast Moving Consumer Goods,319797.0,3530.0,2022-09-15,FMCG,CDSL,"September 15, 2022"
Healthcare,222421.0,10347.0,2022-09-15,HEALTHCARE,CDSL,"September 15, 2022"
Construction,66317.0,913.0,2022-09-15,INFRASTRUCTURE,CDSL,"September 15, 2022"
Utilities,414.0,3.0,2022-09-15,INFRASTRUCTURE,CDSL,"September 15, 2022"
Information Technology,493146.0,-4611.0,2022-09-15,IT,CDSL,"September 15, 2022"
"Media, Entertainment & Publication",23545.0,44.0,2022-09-15,MEDIA,CDSL,"September 15, 2022"
Metals & Mining,161649.0,315.0,2022-09-15,METAL,CDSL,"September 15, 2022"
Realty,59695.0,-190.0,2022-09-15,REALTY,CDSL,"September 15, 2022"
Consumer Services,121602.0,3565.0,2022-09-15,SERVICES,CDSL,"September 15, 2022"
Services,85936.0,1443.0,2022-09-15,SERVICES,CDSL,"September 15, 2022"
Telecommunication,124057.0,2474.0,2022-09-15,TELECOM,CDSL,"September 15, 2022"
Textiles,21421.0,-281.0,2022-09-15,TEXTILES,CDSL,"September 15, 2022"
Automobile and Auto Components,259928.0,395.0,2022-09-30,AUTO,CDSL,"September 30, 2022"
Capital Goods,119411.0,1953.0,2022-09-30,CAPITAL_GOODS,CDSL,"September 30, 2022"
Consumer Durables,177295.0,-1.0,2022-09-30,CAPITAL_GOODS,CDSL,"September 30, 2022"
Construction Materials,76470.0,-381.0,2022-09-30,CEMENT,CDSL,"September 30, 2022"
Chemicals,102551.0,-332.0,2022-09-30,CHEMICALS,CDSL,"September 30, 2022"
Forest Materials,1639.0,108.0,2022-09-30,COMMODITIES,CDSL,"September 30, 2022"
Diversified,1704.0,7.0,2022-09-30,DIVERSIFIED,CDSL,"September 30, 2022"
Others,11168.0,489.0,2022-09-30,DIVERSIFIED,CDSL,"September 30, 2022"
"Oil, Gas & Consumable Fuels",514343.0,-4410.0,2022-09-30,ENERGY,CDSL,"September 30, 2022"
Power,234233.0,-1069.0,2022-09-30,ENERGY,CDSL,"September 30, 2022"
Financial Services,1459322.0,-1673.0,2022-09-30,FINANCIAL_SERVICES,CDSL,"September 30, 2022"
Fast Moving Consumer Goods,323204.0,2765.0,2022-09-30,FMCG,CDSL,"September 30, 2022"
Healthcare,225618.0,1833.0,2022-09-30,HEALTHCARE,CDSL,"September 30, 2022"
Construction,62874.0,628.0,2022-09-30,INFRASTRUCTURE,CDSL,"September 30, 2022"
Utilities,360.0,-10.0,2022-09-30,INFRASTRUCTURE,CDSL,"September 30, 2022"
Information Technology,475769.0,-9199.0,2022-09-30,IT,CDSL,"September 30, 2022"
"Media, Entertainment & Publication",21646.0,-253.0,2022-09-30,MEDIA,CDSL,"September 30, 2022"
Metals & Mining,147022.0,-2995.0,2022-09-30,METAL,CDSL,"September 30, 2022"
Realty,53138.0,-1292.0,2022-09-30,REALTY,CDSL,"September 30, 2022"
Consumer Services,119028.0,2421.0,2022-09-30,SERVICES,CDSL,"September 30, 2022"
Services,77695.0,849.0,2022-09-30,SERVICES,CDSL,"September 30, 2022"
Telecommunication,126434.0,2486.0,2022-09-30,TELECOM,CDSL,"September 30, 2022"
Textiles,21441.0,57.0,2022-09-30,TEXTILES,CDSL,"September 30, 2022"
Automobile and Auto Components,253196.0,-2214.0,2022-10-15,AUTO,CDSL,"October 15, 2022"
Capital Goods,119747.0,683.0,2022-10-15,CAPITAL_GOODS,CDSL,"October 15, 2022"
Consumer Durables,172116.0,-538.0,2022-10-15,CAPITAL_GOODS,CDSL,"October 15, 2022"
Construction Materials,74680.0,-375.0,2022-10-15,CEMENT,CDSL,"October 15, 2022"
Chemicals,102842.0,-780.0,2022-10-15,CHEMICALS,CDSL,"October 15, 2022"
Forest Materials,1697.0,78.0,2022-10-15,COMMODITIES,CDSL,"October 15, 2022"
Diversified,1645.0,-6.0,2022-10-15,DIVERSIFIED,CDSL,"October 15, 2022"
Others,11053.0,1023.0,2022-10-15,DIVERSIFIED,CDSL,"October 15, 2022"
"Oil, Gas & Consumable Fuels",506554.0,-4965.0,2022-10-15,ENERGY,CDSL,"October 15, 2022"
Power,222601.0,-855.0,2022-10-15,ENERGY,CDSL,"October 15, 2022"
Financial Services,1472197.0,-11089.0,2022-10-15,FINANCIAL_SERVICES,CDSL,"October 15, 2022"
Fast Moving Consumer Goods,311122.0,-420.0,2022-10-15,FMCG,CDSL,"October 15, 2022"
Healthcare,225965.0,361.0,2022-10-15,HEALTHCARE,CDSL,"October 15, 2022"
Construction,65286.0,781.0,2022-10-15,INFRASTRUCTURE,CDSL,"October 15, 2022"
Utilities,361.0,-18.0,2022-10-15,INFRASTRUCTURE,CDSL,"October 15, 2022"
Information Technology,491465.0,-6866.0,2022-10-15,IT,CDSL,"October 15, 2022"
"Media, Entertainment & Publication",22097.0,-358.0,2022-10-15,MEDIA,CDSL,"October 15, 2022"
Metals & Mining,142734.0,-3362.0,2022-10-15,METAL,CDSL,"October 15, 2022"
Realty,52259.0,-1185.0,2022-10-15,REALTY,CDSL,"October 15, 2022"
Consumer Services,115850.0,888.0,2022-10-15,SERVICES,CDSL,"October 15, 2022"
Services,74764.0,-684.0,2022-10-15,SERVICES,CDSL,"October 15, 2022"
Telecommunication,121931.0,1735.0,2022-10-15,TELECOM,CDSL,"October 15, 2022"
Textiles,21778.0,321.0,2022-10-15,TEXTILES,CDSL,"October 15, 2022"
Automobile and Auto Components,272857.0,787.0,2022-10-31,AUTO,CDSL,"October 31, 2022"
Capital Goods,125493.0,834.0,2022-10-31,CAPITAL_GOODS,CDSL,"October 31, 2022"
Consumer Durables,171705.0,87.0,2022-10-31,CAPITAL_GOODS,CDSL,"October 31, 2022"
Construction Materials,79272.0,-331.0,2022-10-31,CEMENT,CDSL,"October 31, 2022"
Chemicals,104451.0,174.0,2022-10-31,CHEMICALS,CDSL,"October 31, 2022"
Forest Materials,1880.0,70.0,2022-10-31,COMMODITIES,CDSL,"October 31, 2022"
Diversified,1636.0,-24.0,2022-10-31,DIVERSIFIED,CDSL,"October 31, 2022"
Others,11026.0,615.0,2022-10-31,DIVERSIFIED,CDSL,"October 31, 2022"
"Oil, Gas & Consumable Fuels",547878.0,-1418.0,2022-10-31,ENERGY,CDSL,"October 31, 2022"
Power,237907.0,977.0,2022-10-31,ENERGY,CDSL,"October 31, 2022"
Financial Services,1534042.0,-4686.0,2022-10-31,FINANCIAL_SERVICES,CDSL,"October 31, 2022"
Fast Moving Consumer Goods,317772.0,-700.0,2022-10-31,FMCG,CDSL,"October 31, 2022"
Healthcare,240392.0,929.0,2022-10-31,HEALTHCARE,CDSL,"October 31, 2022"
Construction,69625.0,1289.0,2022-10-31,INFRASTRUCTURE,CDSL,"October 31, 2022"
Utilities,361.0,-8.0,2022-10-31,INFRASTRUCTURE,CDSL,"October 31, 2022"
Information Technology,508489.0,945.0,2022-10-31,IT,CDSL,"October 31, 2022"
"Media, Entertainment & Publication",22288.0,555.0,2022-10-31,MEDIA,CDSL,"October 31, 2022"
Metals & Mining,146884.0,217.0,2022-10-31,METAL,CDSL,"October 31, 2022"
Realty,54128.0,-836.0,2022-10-31,REALTY,CDSL,"October 31, 2022"
Consumer Services,120117.0,218.0,2022-10-31,SERVICES,CDSL,"October 31, 2022"
Services,76971.0,-498.0,2022-10-31,SERVICES,CDSL,"October 31, 2022"
Telecommunication,131006.0,773.0,2022-10-31,TELECOM,CDSL,"October 31, 2022"
Textiles,21483.0,21.0,2022-10-31,TEXTILES,CDSL,"October 31, 2022"
Automobile and Auto Components,271908.0,3051.0,2022-11-15,AUTO,CDSL,"November 15, 2022"
Capital Goods,129454.0,2738.0,2022-11-15,CAPITAL_GOODS,CDSL,"November 15, 2022"
Consumer Durables,169845.0,-1275.0,2022-11-15,CAPITAL_GOODS,CDSL,"November 15, 2022"
Construction Materials,84868.0,1091.0,2022-11-15,CEMENT,CDSL,"November 15, 2022"
Chemicals,105523.0,744.0,2022-11-15,CHEMICALS,CDSL,"November 15, 2022"
Forest Materials,1903.0,103.0,2022-11-15,COMMODITIES,CDSL,"November 15, 2022"
Diversified,1583.0,15.0,2022-11-15,DIVERSIFIED,CDSL,"November 15, 2022"
Others,15690.0,20.0,2022-11-15,DIVERSIFIED,CDSL,"November 15, 2022"
"Oil, Gas & Consumable Fuels",583358.0,2774.0,2022-11-15,ENERGY,CDSL,"November 15, 2022"
Power,226118.0,-1100.0,2022-11-15,ENERGY,CDSL,"November 15, 2022"
Financial Services,1612810.0,14205.0,2022-11-15,FINANCIAL_SERVICES,CDSL,"November 15, 2022"
Fast Moving Consumer Goods,333231.0,3956.0,2022-11-15,FMCG,CDSL,"November 15, 2022"
Healthcare,241739.0,1256.0,2022-11-15,HEALTHCARE,CDSL,"November 15, 2022"
Construction,73356.0,1157.0,2022-11-15,INFRASTRUCTURE,CDSL,"November 15, 2022"
Utilities,620.0,175.0,2022-11-15,INFRASTRUCTURE,CDSL,"November 15, 2022"
Information Technology,534674.0,3859.0,2022-11-15,IT,CDSL,"November 15, 2022"
"Media, Entertainment & Publication",22560.0,-200.0,2022-11-15,MEDIA,CDSL,"November 15, 2022"
Metals & Mining,167640.0,2418.0,2022-11-15,METAL,CDSL,"November 15, 2022"
Realty,55488.0,-168.0,2022-11-15,REALTY,CDSL,"November 15, 2022"
Consumer Services,118749.0,2837.0,2022-11-15,SERVICES,CDSL,"November 15, 2022"
Services,81236.0,-98.0,2022-11-15,SERVICES,CDSL,"November 15, 2022"
Telecommunication,133294.0,-1084.0,2022-11-15,TELECOM,CDSL,"November 15, 2022"
Textiles,20833.0,-234.0,2022-11-15,TEXTILES,CDSL,"November 15, 2022"
Automobile and Auto Components,271908.0,3051.0,2022-11-30,AUTO,CDSL,"November 30, 2022"
Capital Goods,129454.0,2738.0,2022-11-30,CAPITAL_GOODS,CDSL,"November 30, 2022"
Consumer Durables,169845.0,-1275.0,2022-11-30,CAPITAL_GOODS,CDSL,"November 30, 2022"
Construction Materials,84868.0,1091.0,2022-11-30,CEMENT,CDSL,"November 30, 2022"
Chemicals,105523.0,744.0,2022-11-30,CHEMICALS,CDSL,"November 30, 2022"
Forest Materials,1903.0,103.0,2022-11-30,COMMODITIES,CDSL,"November 30, 2022"
Diversified,1583.0,15.0,2022-11-30,DIVERSIFIED,CDSL,"November 30, 2022"
Others,15690.0,20.0,2022-11-30,DIVERSIFIED,CDSL,"November 30, 2022"
"Oil, Gas & Consumable Fuels",583358.0,2774.0,2022-11-30,ENERGY,CDSL,"November 30, 2022"
Power,226118.0,-1100.0,2022-11-30,ENERGY,CDSL,"November 30, 2022"
Financial Services,1612810.0,14205.0,2022-11-30,FINANCIAL_SERVICES,CDSL,"November 30, 2022"
Fast Moving Consumer Goods,333231.0,3956.0,2022-11-30,FMCG,CDSL,"November 30, 2022"
Healthcare,241739.0,1256.0,2022-11-30,HEALTHCARE,CDSL,"November 30, 2022"
Construction,73356.0,1157.0,2022-11-30,INFRASTRUCTURE,CDSL,"November 30, 2022"
Utilities,620.0,175.0,2022-11-30,INFRASTRUCTURE,CDSL,"November 30, 2022"
Information Technology,534674.0,3859.0,2022-11-30,IT,CDSL,"November 30, 2022"
"Media, Entertainment & Publication",22560.0,-200.0,2022-11-30,MEDIA,CDSL,"November 30, 2022"
Metals & Mining,167640.0,2418.0,2022-11-30,METAL,CDSL,"November 30, 2022"
Realty,55488.0,-168.0,2022-11-30,REALTY,CDSL,"November 30, 2022"
Consumer Services,118749.0,2837.0,2022-11-30,SERVICES,CDSL,"November 30, 2022"
Services,81236.0,-98.0,2022-11-30,SERVICES,CDSL,"November 30, 2022"
Telecommunication,133294.0,-1084.0,2022-11-30,TELECOM,CDSL,"November 30, 2022"
Textiles,20833.0,-234.0,2022-11-30,TEXTILES,CDSL,"November 30, 2022"
Automobile and Auto Components,265434.0,847.0,2022-12-15,AUTO,CDSL,"December 15, 2022"
Capital Goods,133992.0,3082.0,2022-12-15,CAPITAL_GOODS,CDSL,"December 15, 2022"
Consumer Durables,164520.0,-1515.0,2022-12-15,CAPITAL_GOODS,CDSL,"December 15, 2022"
Construction Materials,86122.0,685.0,2022-12-15,CEMENT,CDSL,"December 15, 2022"
Chemicals,104792.0,458.0,2022-12-15,CHEMICALS,CDSL,"December 15, 2022"
Forest Materials,1863.0,92.0,2022-12-15,COMMODITIES,CDSL,"December 15, 2022"
Diversified,1588.0,19.0,2022-12-15,DIVERSIFIED,CDSL,"December 15, 2022"
Others,11709.0,17.0,2022-12-15,DIVERSIFIED,CDSL,"December 15, 2022"
"Oil, Gas & Consumable Fuels",558113.0,-1221.0,2022-12-15,ENERGY,CDSL,"December 15, 2022"
Power,214686.0,-2025.0,2022-12-15,ENERGY,CDSL,"December 15, 2022"
Financial Services,1611737.0,2544.0,2022-12-15,FINANCIAL_SERVICES,CDSL,"December 15, 2022"
Fast Moving Consumer Goods,338180.0,3091.0,2022-12-15,FMCG,CDSL,"December 15, 2022"
Healthcare,236566.0,1820.0,2022-12-15,HEALTHCARE,CDSL,"December 15, 2022"
Construction,78181.0,1883.0,2022-12-15,INFRASTRUCTURE,CDSL,"December 15, 2022"
Utilities,638.0,188.0,2022-12-15,INFRASTRUCTURE,CDSL,"December 15, 2022"
Information Technology,514985.0,-460.0,2022-12-15,IT,CDSL,"December 15, 2022"
"Media, Entertainment & Publication",22046.0,-439.0,2022-12-15,MEDIA,CDSL,"December 15, 2022"
Metals & Mining,173394.0,2189.0,2022-12-15,METAL,CDSL,"December 15, 2022"
Realty,58522.0,3043.0,2022-12-15,REALTY,CDSL,"December 15, 2022"
Consumer Services,121270.0,3833.0,2022-12-15,SERVICES,CDSL,"December 15, 2022"
Services,82114.0,-128.0,2022-12-15,SERVICES,CDSL,"December 15, 2022"
Telecommunication,130036.0,-1495.0,2022-12-15,TELECOM,CDSL,"December 15, 2022"
Textiles,20056.0,-141.0,2022-12-15,TEXTILES,CDSL,"December 15, 2022"
Automobile and Auto Components,258501.0,-177.0,2022-12-31,AUTO,CDSL,"December 31, 2022"
Capital Goods,128667.0,2150.0,2022-12-31,CAPITAL_GOODS,CDSL,"December 31, 2022"
Consumer Durables,162351.0,-546.0,2022-12-31,CAPITAL_GOODS,CDSL,"December 31, 2022"
Construction Materials,82781.0,160.0,2022-12-31,CEMENT,CDSL,"December 31, 2022"
Chemicals,99657.0,-231.0,2022-12-31,CHEMICALS,CDSL,"December 31, 2022"
Forest Materials,1854.0,96.0,2022-12-31,COMMODITIES,CDSL,"December 31, 2022"
Diversified,1533.0,4.0,2022-12-31,DIVERSIFIED,CDSL,"December 31, 2022"
Others,11328.0,88.0,2022-12-31,DIVERSIFIED,CDSL,"December 31, 2022"
"Oil, Gas & Consumable Fuels",553080.0,-2784.0,2022-12-31,ENERGY,CDSL,"December 31, 2022"
Power,208250.0,-910.0,2022-12-31,ENERGY,CDSL,"December 31, 2022"
Financial Services,1593155.0,2597.0,2022-12-31,FINANCIAL_SERVICES,CDSL,"December 31, 2022"
Fast Moving Consumer Goods,328790.0,4019.0,2022-12-31,FMCG,CDSL,"December 31, 2022"
Healthcare,232296.0,1333.0,2022-12-31,HEALTHCARE,CDSL,"December 31, 2022"
Construction,74950.0,1199.0,2022-12-31,INFRASTRUCTURE,CDSL,"December 31, 2022"
Utilities,580.0,16.0,2022-12-31,INFRASTRUCTURE,CDSL,"December 31, 2022"
Information Technology,505182.0,-3579.0,2022-12-31,IT,CDSL,"December 31, 2022"
"Media, Entertainment & Publication",20699.0,-286.0,2022-12-31,MEDIA,CDSL,"December 31, 2022"
Metals & Mining,172603.0,1668.0,2022-12-31,METAL,CDSL,"December 31, 2022"
Realty,56810.0,3248.0,2022-12-31,REALTY,CDSL,"December 31, 2022"
Consumer Services,117078.0,3650.0,2022-12-31,SERVICES,CDSL,"December 31, 2022"
Services,78726.0,152.0,2022-12-31,SERVICES,CDSL,"December 31, 2022"
Telecommunication,126212.0,-583.0,2022-12-31,TELECOM,CDSL,"December 31, 2022"
Textiles,19363.0,-164.0,2022-12-31,TEXTILES,CDSL,"December 31, 2022"
Automobile and Auto Components,261177.0,-1288.0,2023-01-15,AUTO,CDSL,"January 15, 2023"
Capital Goods,131201.0,334.0,2023-01-15,CAPITAL_GOODS,CDSL,"January 15, 2023"
Consumer Durables,156655.0,-734.0,2023-01-15,CAPITAL_GOODS,CDSL,"January 15, 2023"
Construction Materials,83547.0,166.0,2023-01-15,CEMENT,CDSL,"January 15, 2023"
Chemicals,97555.0,-1052.0,2023-01-15,CHEMICALS,CDSL,"January 15, 2023"
Forest Materials,1897.0,103.0,2023-01-15,COMMODITIES,CDSL,"January 15, 2023"
Diversified,1553.0,6.0,2023-01-15,DIVERSIFIED,CDSL,"January 15, 2023"
Others,11094.0,103.0,2023-01-15,DIVERSIFIED,CDSL,"January 15, 2023"
"Oil, Gas & Consumable Fuels",540091.0,-3378.0,2023-01-15,ENERGY,CDSL,"January 15, 2023"
Power,208015.0,-487.0,2023-01-15,ENERGY,CDSL,"January 15, 2023"
Financial Services,1567289.0,-3895.0,2023-01-15,FINANCIAL_SERVICES,CDSL,"January 15, 2023"
Fast Moving Consumer Goods,326024.0,1037.0,2023-01-15,FMCG,CDSL,"January 15, 2023"
Healthcare,232803.0,155.0,2023-01-15,HEALTHCARE,CDSL,"January 15, 2023"
Construction,77599.0,318.0,2023-01-15,INFRASTRUCTURE,CDSL,"January 15, 2023"
Utilities,584.0,7.0,2023-01-15,INFRASTRUCTURE,CDSL,"January 15, 2023"
Information Technology,508061.0,-5722.0,2023-01-15,IT,CDSL,"January 15, 2023"
"Media, Entertainment & Publication",20185.0,-215.0,2023-01-15,MEDIA,CDSL,"January 15, 2023"
Metals & Mining,177024.0,2795.0,2023-01-15,METAL,CDSL,"January 15, 2023"
Realty,56137.0,18.0,2023-01-15,REALTY,CDSL,"January 15, 2023"
Consumer Services,110006.0,599.0,2023-01-15,SERVICES,CDSL,"January 15, 2023"
Services,78379.0,184.0,2023-01-15,SERVICES,CDSL,"January 15, 2023"
Telecommunication,119367.0,-1829.0,2023-01-15,TELECOM,CDSL,"January 15, 2023"
Textiles,18572.0,-189.0,2023-01-15,TEXTILES,CDSL,"January 15, 2023"
Automobile and Auto Components,272312.0,1024.0,2023-01-31,AUTO,CDSL,"January 31, 2023"
Capital Goods,130782.0,-86.0,2023-01-31,CAPITAL_GOODS,CDSL,"January 31, 2023"
Consumer Durables,149353.0,-2777.0,2023-01-31,CAPITAL_GOODS,CDSL,"January 31, 2023"
Construction Materials,77538.0,-261.0,2023-01-31,CEMENT,CDSL,"January 31, 2023"
Chemicals,95788.0,-746.0,2023-01-31,CHEMICALS,CDSL,"January 31, 2023"
Forest Materials,1915.0,55.0,2023-01-31,COMMODITIES,CDSL,"January 31, 2023"
Diversified,3080.0,90.0,2023-01-31,DIVERSIFIED,CDSL,"January 31, 2023"
Others,11613.0,15.0,2023-01-31,DIVERSIFIED,CDSL,"January 31, 2023"
"Oil, Gas & Consumable Fuels",487290.0,-7596.0,2023-01-31,ENERGY,CDSL,"January 31, 2023"
Power,170738.0,-416.0,2023-01-31,ENERGY,CDSL,"January 31, 2023"
Financial Services,1512278.0,-15204.0,2023-01-31,FINANCIAL_SERVICES,CDSL,"January 31, 2023"
Fast Moving Consumer Goods,322753.0,-907.0,2023-01-31,FMCG,CDSL,"January 31, 2023"
Healthcare,227272.0,228.0,2023-01-31,HEALTHCARE,CDSL,"January 31, 2023"
Construction,77749.0,1591.0,2023-01-31,INFRASTRUCTURE,CDSL,"January 31, 2023"
Utilities,568.0,9.0,2023-01-31,INFRASTRUCTURE,CDSL,"January 31, 2023"
Information Technology,517061.0,-2137.0,2023-01-31,IT,CDSL,"January 31, 2023"
"Media, Entertainment & Publication",19247.0,-454.0,2023-01-31,MEDIA,CDSL,"January 31, 2023"
Metals & Mining,162632.0,4369.0,2023-01-31,METAL,CDSL,"January 31, 2023"
Realty,53874.0,-325.0,2023-01-31,REALTY,CDSL,"January 31, 2023"
Consumer Services,104336.0,-1560.0,2023-01-31,SERVICES,CDSL,"January 31, 2023"
Services,70212.0,-1295.0,2023-01-31,SERVICES,CDSL,"January 31, 2023"
Telecommunication,116219.0,-2300.0,2023-01-31,TELECOM,CDSL,"January 31, 2023"
Textiles,18278.0,-168.0,2023-01-31,TEXTILES,CDSL,"January 31, 2023"
Automobile and Auto Components,271579.0,3053.0,2023-02-15,AUTO,CDSL,"February 15, 2023"
Capital Goods,135436.0,1255.0,2023-02-15,CAPITAL_GOODS,CDSL,"February 15, 2023"
Consumer Durables,152506.0,-2186.0,2023-02-15,CAPITAL_GOODS,CDSL,"February 15, 2023"
Construction Materials,77610.0,-763.0,2023-02-15,CEMENT,CDSL,"February 15, 2023"
Chemicals,96017.0,-722.0,2023-02-15,CHEMICALS,CDSL,"February 15, 2023"
Forest Materials,1808.0,33.0,2023-02-15,COMMODITIES,CDSL,"February 15, 2023"
Diversified,2961.0,-4.0,2023-02-15,DIVERSIFIED,CDSL,"February 15, 2023"
Others,10788.0,-30.0,2023-02-15,DIVERSIFIED,CDSL,"February 15, 2023"
"Oil, Gas & Consumable Fuels",472425.0,-11035.0,2023-02-15,ENERGY,CDSL,"February 15, 2023"
Power,132716.0,-2103.0,2023-02-15,ENERGY,CDSL,"February 15, 2023"
Financial Services,1551087.0,-6135.0,2023-02-15,FINANCIAL_SERVICES,CDSL,"February 15, 2023"
Fast Moving Consumer Goods,329163.0,-848.0,2023-02-15,FMCG,CDSL,"February 15, 2023"
Healthcare,226636.0,1222.0,2023-02-15,HEALTHCARE,CDSL,"February 15, 2023"
Construction,79322.0,1312.0,2023-02-15,INFRASTRUCTURE,CDSL,"February 15, 2023"
Utilities,571.0,3.0,2023-02-15,INFRASTRUCTURE,CDSL,"February 15, 2023"
Information Technology,539204.0,3101.0,2023-02-15,IT,CDSL,"February 15, 2023"
"Media, Entertainment & Publication",18704.0,-278.0,2023-02-15,MEDIA,CDSL,"February 15, 2023"
Metals & Mining,133633.0,-97.0,2023-02-15,METAL,CDSL,"February 15, 2023"
Realty,53285.0,-32.0,2023-02-15,REALTY,CDSL,"February 15, 2023"
Consumer Services,105237.0,-1320.0,2023-02-15,SERVICES,CDSL,"February 15, 2023"
Services,66663.0,-1792.0,2023-02-15,SERVICES,CDSL,"February 15, 2023"
Telecommunication,119041.0,-797.0,2023-02-15,TELECOM,CDSL,"February 15, 2023"
Textiles,17083.0,-429.0,2023-02-15,TEXTILES,CDSL,"February 15, 2023"
Automobile and Auto Components,261143.0,895.0,2023-02-28,AUTO,CDSL,"February 28, 2023"
Capital Goods,135845.0,2664.0,2023-02-28,CAPITAL_GOODS,CDSL,"February 28, 2023"
Consumer Durables,149407.0,-1384.0,2023-02-28,CAPITAL_GOODS,CDSL,"February 28, 2023"
Construction Materials,77897.0,106.0,2023-02-28,CEMENT,CDSL,"February 28, 2023"
Chemicals,92854.0,-363.0,2023-02-28,CHEMICALS,CDSL,"February 28, 2023"
Forest Materials,1771.0,54.0,2023-02-28,COMMODITIES,CDSL,"February 28, 2023"
Diversified,2814.0,-182.0,2023-02-28,DIVERSIFIED,CDSL,"February 28, 2023"
Others,10016.0,72.0,2023-02-28,DIVERSIFIED,CDSL,"February 28, 2023"
"Oil, Gas & Consumable Fuels",450791.0,-4973.0,2023-02-28,ENERGY,CDSL,"February 28, 2023"
Power,123729.0,-2848.0,2023-02-28,ENERGY,CDSL,"February 28, 2023"
Financial Services,1494557.0,105.0,2023-02-28,FINANCIAL_SERVICES,CDSL,"February 28, 2023"
Fast Moving Consumer Goods,323108.0,-244.0,2023-02-28,FMCG,CDSL,"February 28, 2023"
Healthcare,219723.0,931.0,2023-02-28,HEALTHCARE,CDSL,"February 28, 2023"
Construction,77000.0,437.0,2023-02-28,INFRASTRUCTURE,CDSL,"February 28, 2023"
Utilities,528.0,-2.0,2023-02-28,INFRASTRUCTURE,CDSL,"February 28, 2023"
Information Technology,511446.0,1069.0,2023-02-28,IT,CDSL,"February 28, 2023"
"Media, Entertainment & Publication",17107.0,152.0,2023-02-28,MEDIA,CDSL,"February 28, 2023"
Metals & Mining,118820.0,-2642.0,2023-02-28,METAL,CDSL,"February 28, 2023"
Realty,50954.0,-71.0,2023-02-28,REALTY,CDSL,"February 28, 2023"
Consumer Services,102991.0,-224.0,2023-02-28,SERVICES,CDSL,"February 28, 2023"
Services,68240.0,1963.0,2023-02-28,SERVICES,CDSL,"February 28, 2023"
Telecommunication,113635.0,-310.0,2023-02-28,TELECOM,CDSL,"February 28, 2023"
Textiles,16680.0,-498.0,2023-02-28,TEXTILES,CDSL,"February 28, 2023"
Automobile and Auto Components,254734.0,3065.0,2023-03-15,AUTO,CDSL,"March 15, 2023"
Capital Goods,134467.0,1931.0,2023-03-15,CAPITAL_GOODS,CDSL,"March 15, 2023"
Consumer Durables,147908.0,-1700.0,2023-03-15,CAPITAL_GOODS,CDSL,"March 15, 2023"
Construction Materials,77233.0,668.0,2023-03-15,CEMENT,CDSL,"March 15, 2023"
Chemicals,92805.0,-78.0,2023-03-15,CHEMICALS,CDSL,"March 15, 2023"
Forest Materials,1787.0,70.0,2023-03-15,COMMODITIES,CDSL,"March 15, 2023"
Diversified,2800.0,-171.0,2023-03-15,DIVERSIFIED,CDSL,"March 15, 2023"
Others,10069.0,301.0,2023-03-15,DIVERSIFIED,CDSL,"March 15, 2023"
"Oil, Gas & Consumable Fuels",442430.0,-1010.0,2023-03-15,ENERGY,CDSL,"March 15, 2023"
Power,146019.0,2701.0,2023-03-15,ENERGY,CDSL,"March 15, 2023"
Financial Services,1448187.0,527.0,2023-03-15,FINANCIAL_SERVICES,CDSL,"March 15, 2023"
Fast Moving Consumer Goods,320226.0,771.0,2023-03-15,FMCG,CDSL,"March 15, 2023"
Healthcare,218278.0,-1805.0,2023-03-15,HEALTHCARE,CDSL,"March 15, 2023"
Construction,80682.0,1431.0,2023-03-15,INFRASTRUCTURE,CDSL,"March 15, 2023"
Utilities,543.0,2.0,2023-03-15,INFRASTRUCTURE,CDSL,"March 15, 2023"
Information Technology,491209.0,-4485.0,2023-03-15,IT,CDSL,"March 15, 2023"
"Media, Entertainment & Publication",16821.0,-95.0,2023-03-15,MEDIA,CDSL,"March 15, 2023"
Metals & Mining,134240.0,1984.0,2023-03-15,METAL,CDSL,"March 15, 2023"
Realty,50104.0,-132.0,2023-03-15,REALTY,CDSL,"March 15, 2023"
Consumer Services,101126.0,-147.0,2023-03-15,SERVICES,CDSL,"March 15, 2023"
Services,78395.0,8857.0,2023-03-15,SERVICES,CDSL,"March 15, 2023"
Telecommunication,113247.0,-252.0,2023-03-15,TELECOM,CDSL,"March 15, 2023"
Textiles,16355.0,-345.0,2023-03-15,TEXTILES,CDSL,"March 15, 2023"
Automobile and Auto Components,252949.0,2695.0,2023-03-31,AUTO,CDSL,"March 31, 2023"
Capital Goods,136503.0,2507.0,2023-03-31,CAPITAL_GOODS,CDSL,"March 31, 2023"
Consumer Durables,148719.0,261.0,2023-03-31,CAPITAL_GOODS,CDSL,"March 31, 2023"
Construction Materials,82424.0,1423.0,2023-03-31,CEMENT,CDSL,"March 31, 2023"
Chemicals,94397.0,280.0,2023-03-31,CHEMICALS,CDSL,"March 31, 2023"
Forest Materials,1897.0,106.0,2023-03-31,COMMODITIES,CDSL,"March 31, 2023"
Diversified,2761.0,7.0,2023-03-31,DIVERSIFIED,CDSL,"March 31, 2023"
Others,11559.0,34.0,2023-03-31,DIVERSIFIED,CDSL,"March 31, 2023"
"Oil, Gas & Consumable Fuels",450559.0,-6824.0,2023-03-31,ENERGY,CDSL,"March 31, 2023"
Power,149148.0,3214.0,2023-03-31,ENERGY,CDSL,"March 31, 2023"
Financial Services,1495819.0,-556.0,2023-03-31,FINANCIAL_SERVICES,CDSL,"March 31, 2023"
Fast Moving Consumer Goods,332767.0,1765.0,2023-03-31,FMCG,CDSL,"March 31, 2023"
Healthcare,220571.0,-1587.0,2023-03-31,HEALTHCARE,CDSL,"March 31, 2023"
Construction,81404.0,2224.0,2023-03-31,INFRASTRUCTURE,CDSL,"March 31, 2023"
Utilities,572.0,12.0,2023-03-31,INFRASTRUCTURE,CDSL,"March 31, 2023"
Information Technology,489322.0,-6910.0,2023-03-31,IT,CDSL,"March 31, 2023"
"Media, Entertainment & Publication",17472.0,-318.0,2023-03-31,MEDIA,CDSL,"March 31, 2023"
Metals & Mining,130571.0,2938.0,2023-03-31,METAL,CDSL,"March 31, 2023"
Realty,51177.0,104.0,2023-03-31,REALTY,CDSL,"March 31, 2023"
Consumer Services,103435.0,110.0,2023-03-31,SERVICES,CDSL,"March 31, 2023"
Services,77127.0,7246.0,2023-03-31,SERVICES,CDSL,"March 31, 2023"
Telecommunication,111860.0,-459.0,2023-03-31,TELECOM,CDSL,"March 31, 2023"
Textiles,15516.0,-336.0,2023-03-31,TEXTILES,CDSL,"March 31, 2023"
Automobile and Auto Components,267824.0,820.0,2023-04-15,AUTO,CDSL,"April 15, 2023"
Capital Goods,139807.0,2139.0,2023-04-15,CAPITAL_GOODS,CDSL,"April 15, 2023"
Consumer Durables,151041.0,868.0,2023-04-15,CAPITAL_GOODS,CDSL,"April 15, 2023"
Construction Materials,83927.0,1367.0,2023-04-15,CEMENT,CDSL,"April 15, 2023"
Chemicals,97495.0,632.0,2023-04-15,CHEMICALS,CDSL,"April 15, 2023"
Forest Materials,1999.0,105.0,2023-04-15,COMMODITIES,CDSL,"April 15, 2023"
Diversified,2955.0,14.0,2023-04-15,DIVERSIFIED,CDSL,"April 15, 2023"
Others,10702.0,228.0,2023-04-15,DIVERSIFIED,CDSL,"April 15, 2023"
"Oil, Gas & Consumable Fuels",456307.0,-5088.0,2023-04-15,ENERGY,CDSL,"April 15, 2023"
Power,153139.0,49.0,2023-04-15,ENERGY,CDSL,"April 15, 2023"
Financial Services,1564726.0,1064.0,2023-04-15,FINANCIAL_SERVICES,CDSL,"April 15, 2023"
Fast Moving Consumer Goods,334006.0,1451.0,2023-04-15,FMCG,CDSL,"April 15, 2023"
Healthcare,229648.0,370.0,2023-04-15,HEALTHCARE,CDSL,"April 15, 2023"
Construction,84916.0,1409.0,2023-04-15,INFRASTRUCTURE,CDSL,"April 15, 2023"
Utilities,572.0,-1.0,2023-04-15,INFRASTRUCTURE,CDSL,"April 15, 2023"
Information Technology,483647.0,-2131.0,2023-04-15,IT,CDSL,"April 15, 2023"
"Media, Entertainment & Publication",17432.0,-163.0,2023-04-15,MEDIA,CDSL,"April 15, 2023"
Metals & Mining,138941.0,935.0,2023-04-15,METAL,CDSL,"April 15, 2023"
Realty,55961.0,-326.0,2023-04-15,REALTY,CDSL,"April 15, 2023"
Consumer Services,106507.0,336.0,2023-04-15,SERVICES,CDSL,"April 15, 2023"
Services,79280.0,557.0,2023-04-15,SERVICES,CDSL,"April 15, 2023"
Telecommunication,113828.0,-276.0,2023-04-15,TELECOM,CDSL,"April 15, 2023"
Textiles,15919.0,-232.0,2023-04-15,TEXTILES,CDSL,"April 15, 2023"
Automobile and Auto Components,274514.0,1987.0,2023-04-30,AUTO,CDSL,"April 30, 2023"
Capital Goods,145019.0,1613.0,2023-04-30,CAPITAL_GOODS,CDSL,"April 30, 2023"
Consumer Durables,153231.0,-177.0,2023-04-30,CAPITAL_GOODS,CDSL,"April 30, 2023"
Construction Materials,83464.0,452.0,2023-04-30,CEMENT,CDSL,"April 30, 2023"
Chemicals,100399.0,412.0,2023-04-30,CHEMICALS,CDSL,"April 30, 2023"
Forest Materials,2028.0,30.0,2023-04-30,COMMODITIES,CDSL,"April 30, 2023"
Diversified,2987.0,45.0,2023-04-30,DIVERSIFIED,CDSL,"April 30, 2023"
Others,10518.0,538.0,2023-04-30,DIVERSIFIED,CDSL,"April 30, 2023"
"Oil, Gas & Consumable Fuels",470227.0,372.0,2023-04-30,ENERGY,CDSL,"April 30, 2023"
Power,156898.0,439.0,2023-04-30,ENERGY,CDSL,"April 30, 2023"
Financial Services,1595764.0,7690.0,2023-04-30,FINANCIAL_SERVICES,CDSL,"April 30, 2023"
Fast Moving Consumer Goods,343937.0,1150.0,2023-04-30,FMCG,CDSL,"April 30, 2023"
Healthcare,232435.0,271.0,2023-04-30,HEALTHCARE,CDSL,"April 30, 2023"
Construction,89669.0,607.0,2023-04-30,INFRASTRUCTURE,CDSL,"April 30, 2023"
Utilities,612.0,-21.0,2023-04-30,INFRASTRUCTURE,CDSL,"April 30, 2023"
Information Technology,462248.0,-4908.0,2023-04-30,IT,CDSL,"April 30, 2023"
"Media, Entertainment & Publication",16792.0,-219.0,2023-04-30,MEDIA,CDSL,"April 30, 2023"
Metals & Mining,142877.0,1420.0,2023-04-30,METAL,CDSL,"April 30, 2023"
Realty,58247.0,-216.0,2023-04-30,REALTY,CDSL,"April 30, 2023"
Consumer Services,110577.0,100.0,2023-04-30,SERVICES,CDSL,"April 30, 2023"
Services,82099.0,105.0,2023-04-30,SERVICES,CDSL,"April 30, 2023"
Telecommunication,119202.0,-10.0,2023-04-30,TELECOM,CDSL,"April 30, 2023"
Textiles,17028.0,-51.0,2023-04-30,TEXTILES,CDSL,"April 30, 2023"
Automobile and Auto Components,296814.0,5433.0,2023-05-15,AUTO,NSDL,"May 15, 2023"
Capital Goods,153117.0,2358.0,2023-05-15,CAPITAL_GOODS,NSDL,"May 15, 2023"
Consumer Durables,161680.0,45.0,2023-05-15,CAPITAL_GOODS,NSDL,"May 15, 2023"
Construction Materials,85809.0,832.0,2023-05-15,CEMENT,NSDL,"May 15, 2023"
Chemicals,99955.0,874.0,2023-05-15,CHEMICALS,NSDL,"May 15, 2023"
Forest Materials,2180.0,13.0,2023-05-15,COMMODITIES,NSDL,"May 15, 2023"
Diversified,3097.0,12.0,2023-05-15,DIVERSIFIED,NSDL,"May 15, 2023"
Others,10803.0,990.0,2023-05-15,DIVERSIFIED,NSDL,"May 15, 2023"
"Oil, Gas & Consumable Fuels",480895.0,3255.0,2023-05-15,ENERGY,NSDL,"May 15, 2023"
Power,152669.0,229.0,2023-05-15,ENERGY,NSDL,"May 15, 2023"
Financial Services,1640061.0,11662.0,2023-05-15,FINANCIAL_SERVICES,NSDL,"May 15, 2023"
Fast Moving Consumer Goods,359793.0,2466.0,2023-05-15,FMCG,NSDL,"May 15, 2023"
Healthcare,238328.0,1908.0,2023-05-15,HEALTHCARE,NSDL,"May 15, 2023"
Construction,85575.0,136.0,2023-05-15,INFRASTRUCTURE,NSDL,"May 15, 2023"
Utilities,667.0,-6.0,2023-05-15,INFRASTRUCTURE,NSDL,"May 15, 2023"
Information Technology,469808.0,-6055.0,2023-05-15,IT,NSDL,"May 15, 2023"
"Media, Entertainment & Publication",16377.0,-488.0,2023-05-15,MEDIA,NSDL,"May 15, 2023"
Metals & Mining,140598.0,1068.0,2023-05-15,METAL,NSDL,"May 15, 2023"
Realty,62413.0,447.0,2023-05-15,REALTY,NSDL,"May 15, 2023"
Consumer Services,114962.0,866.0,2023-05-15,SERVICES,NSDL,"May 15, 2023"
Services,86322.0,930.0,2023-05-15,SERVICES,NSDL,"May 15, 2023"
Telecommunication,119241.0,592.0,2023-05-15,TELECOM,NSDL,"May 15, 2023"
Textiles,17554.0,37.0,2023-05-15,TEXTILES,NSDL,"May 15, 2023"
Automobile and Auto Components,306665.0,8702.0,2023-05-31,AUTO,NSDL,"May 31, 2023"
Capital Goods,160343.0,2505.0,2023-05-31,CAPITAL_GOODS,NSDL,"May 31, 2023"
Consumer Durables,166522.0,1064.0,2023-05-31,CAPITAL_GOODS,NSDL,"May 31, 2023"
Construction Materials,88096.0,1353.0,2023-05-31,CEMENT,NSDL,"May 31, 2023"
Chemicals,101104.0,1074.0,2023-05-31,CHEMICALS,NSDL,"May 31, 2023"
Forest Materials,2044.0,2.0,2023-05-31,COMMODITIES,NSDL,"May 31, 2023"
Diversified,3202.0,-22.0,2023-05-31,DIVERSIFIED,NSDL,"May 31, 2023"
Others,11277.0,1095.0,2023-05-31,DIVERSIFIED,NSDL,"May 31, 2023"
"Oil, Gas & Consumable Fuels",476503.0,2729.0,2023-05-31,ENERGY,NSDL,"May 31, 2023"
Power,152006.0,-656.0,2023-05-31,ENERGY,NSDL,"May 31, 2023"
Financial Services,1646306.0,17671.0,2023-05-31,FINANCIAL_SERVICES,NSDL,"May 31, 2023"
Fast Moving Consumer Goods,370221.0,3235.0,2023-05-31,FMCG,NSDL,"May 31, 2023"
Healthcare,245375.0,2869.0,2023-05-31,HEALTHCARE,NSDL,"May 31, 2023"
Construction,84330.0,-344.0,2023-05-31,INFRASTRUCTURE,NSDL,"May 31, 2023"
Utilities,707.0,7.0,2023-05-31,INFRASTRUCTURE,NSDL,"May 31, 2023"
Information Technology,487869.0,-891.0,2023-05-31,IT,NSDL,"May 31, 2023"
"Media, Entertainment & Publication",16096.0,-719.0,2023-05-31,MEDIA,NSDL,"May 31, 2023"
Metals & Mining,150237.0,-619.0,2023-05-31,METAL,NSDL,"May 31, 2023"
Realty,58352.0,838.0,2023-05-31,REALTY,NSDL,"May 31, 2023"
Consumer Services,120637.0,2865.0,2023-05-31,SERVICES,NSDL,"May 31, 2023"
Services,87557.0,377.0,2023-05-31,SERVICES,NSDL,"May 31, 2023"
Telecommunication,127474.0,784.0,2023-05-31,TELECOM,NSDL,"May 31, 2023"
Textiles,16706.0,-80.0,2023-05-31,TEXTILES,NSDL,"May 31, 2023"
Automobile and Auto Components,317930.0,7076.0,2023-06-15,AUTO,CDSL,"June 15, 2023"
Capital Goods,175464.0,4812.0,2023-06-15,CAPITAL_GOODS,CDSL,"June 15, 2023"
Consumer Durables,174646.0,3017.0,2023-06-15,CAPITAL_GOODS,CDSL,"June 15, 2023"
Construction Materials,93925.0,1815.0,2023-06-15,CEMENT,CDSL,"June 15, 2023"
Chemicals,100867.0,-454.0,2023-06-15,CHEMICALS,CDSL,"June 15, 2023"
Forest Materials,1995.0,-19.0,2023-06-15,COMMODITIES,CDSL,"June 15, 2023"
Diversified,3420.0,12.0,2023-06-15,DIVERSIFIED,CDSL,"June 15, 2023"
Others,23392.0,647.0,2023-06-15,DIVERSIFIED,CDSL,"June 15, 2023"
"Oil, Gas & Consumable Fuels",487424.0,-509.0,2023-06-15,ENERGY,CDSL,"June 15, 2023"
Power,158417.0,-1447.0,2023-06-15,ENERGY,CDSL,"June 15, 2023"
Financial Services,1643927.0,14812.0,2023-06-15,FINANCIAL_SERVICES,CDSL,"June 15, 2023"
Fast Moving Consumer Goods,360501.0,2381.0,2023-06-15,FMCG,CDSL,"June 15, 2023"
Healthcare,261029.0,2145.0,2023-06-15,HEALTHCARE,CDSL,"June 15, 2023"
Construction,91310.0,1409.0,2023-06-15,INFRASTRUCTURE,CDSL,"June 15, 2023"
Utilities,744.0,-3.0,2023-06-15,INFRASTRUCTURE,CDSL,"June 15, 2023"
Information Technology,476913.0,-3885.0,2023-06-15,IT,CDSL,"June 15, 2023"
"Media, Entertainment & Publication",15982.0,-604.0,2023-06-15,MEDIA,CDSL,"June 15, 2023"
Metals & Mining,153785.0,-3185.0,2023-06-15,METAL,CDSL,"June 15, 2023"
Realty,69694.0,998.0,2023-06-15,REALTY,CDSL,"June 15, 2023"
Consumer Services,129140.0,3569.0,2023-06-15,SERVICES,CDSL,"June 15, 2023"
Services,89825.0,-679.0,2023-06-15,SERVICES,CDSL,"June 15, 2023"
Telecommunication,127033.0,529.0,2023-06-15,TELECOM,CDSL,"June 15, 2023"
Textiles,17093.0,-216.0,2023-06-15,TEXTILES,CDSL,"June 15, 2023"
Automobile and Auto Components,332454.0,6129.0,2023-06-30,AUTO,CDSL,"June 30, 2023"
Capital Goods,181174.0,5826.0,2023-06-30,CAPITAL_GOODS,CDSL,"June 30, 2023"
Consumer Durables,179011.0,4089.0,2023-06-30,CAPITAL_GOODS,CDSL,"June 30, 2023"
Construction Materials,92153.0,1851.0,2023-06-30,CEMENT,CDSL,"June 30, 2023"
Chemicals,101059.0,-253.0,2023-06-30,CHEMICALS,CDSL,"June 30, 2023"
Forest Materials,2042.0,-15.0,2023-06-30,COMMODITIES,CDSL,"June 30, 2023"
Diversified,3452.0,13.0,2023-06-30,DIVERSIFIED,CDSL,"June 30, 2023"
Others,12325.0,633.0,2023-06-30,DIVERSIFIED,CDSL,"June 30, 2023"
"Oil, Gas & Consumable Fuels",486943.0,-173.0,2023-06-30,ENERGY,CDSL,"June 30, 2023"
Power,162339.0,2655.0,2023-06-30,ENERGY,CDSL,"June 30, 2023"
Financial Services,1733987.0,18704.0,2023-06-30,FINANCIAL_SERVICES,CDSL,"June 30, 2023"
Fast Moving Consumer Goods,379879.0,2216.0,2023-06-30,FMCG,CDSL,"June 30, 2023"
Healthcare,270487.0,2021.0,2023-06-30,HEALTHCARE,CDSL,"June 30, 2023"
Construction,96781.0,2988.0,2023-06-30,INFRASTRUCTURE,CDSL,"June 30, 2023"
Utilities,837.0,16.0,2023-06-30,INFRASTRUCTURE,CDSL,"June 30, 2023"
Information Technology,488869.0,-3577.0,2023-06-30,IT,CDSL,"June 30, 2023"
"Media, Entertainment & Publication",15651.0,-299.0,2023-06-30,MEDIA,CDSL,"June 30, 2023"
Metals & Mining,156185.0,1753.0,2023-06-30,METAL,CDSL,"June 30, 2023"
Realty,70561.0,750.0,2023-06-30,REALTY,CDSL,"June 30, 2023"
Consumer Services,131039.0,2289.0,2023-06-30,SERVICES,CDSL,"June 30, 2023"
Services,90710.0,-1353.0,2023-06-30,SERVICES,CDSL,"June 30, 2023"
Telecommunication,133602.0,1026.0,2023-06-30,TELECOM,CDSL,"June 30, 2023"
Textiles,17038.0,-141.0,2023-06-30,TEXTILES,CDSL,"June 30, 2023"
Automobile and Auto Components,346220.0,636.0,2023-08-31,AUTO,CDSL,"August 31, 2023"
Capital Goods,222460.0,8336.0,2023-08-31,CAPITAL_GOODS,CDSL,"August 31, 2023"
Consumer Durables,188072.0,720.0,2023-08-31,CAPITAL_GOODS,CDSL,"August 31, 2023"
Construction Materials,93610.0,386.0,2023-08-31,CEMENT,CDSL,"August 31, 2023"
Chemicals,99100.0,-180.0,2023-08-31,CHEMICALS,CDSL,"August 31, 2023"
Forest Materials,2247.0,38.0,2023-08-31,COMMODITIES,CDSL,"August 31, 2023"
Diversified,3692.0,29.0,2023-08-31,DIVERSIFIED,CDSL,"August 31, 2023"
Others,13272.0,1127.0,2023-08-31,DIVERSIFIED,CDSL,"August 31, 2023"
"Oil, Gas & Consumable Fuels",468400.0,-2228.0,2023-08-31,ENERGY,CDSL,"August 31, 2023"
Power,187379.0,11563.0,2023-08-31,ENERGY,CDSL,"August 31, 2023"
Financial Services,1753402.0,-6493.0,2023-08-31,FINANCIAL_SERVICES,CDSL,"August 31, 2023"
Fast Moving Consumer Goods,376836.0,-2612.0,2023-08-31,FMCG,CDSL,"August 31, 2023"
Healthcare,290022.0,1439.0,2023-08-31,HEALTHCARE,CDSL,"August 31, 2023"
Construction,110354.0,750.0,2023-08-31,INFRASTRUCTURE,CDSL,"August 31, 2023"
Utilities,859.0,-12.0,2023-08-31,INFRASTRUCTURE,CDSL,"August 31, 2023"
Information Technology,520205.0,4088.0,2023-08-31,IT,CDSL,"August 31, 2023"
"Media, Entertainment & Publication",21230.0,447.0,2023-08-31,MEDIA,CDSL,"August 31, 2023"
Metals & Mining,159358.0,-6953.0,2023-08-31,METAL,CDSL,"August 31, 2023"
Realty,76449.0,588.0,2023-08-31,REALTY,CDSL,"August 31, 2023"
Consumer Services,145467.0,2035.0,2023-08-31,SERVICES,CDSL,"August 31, 2023"
Services,95095.0,-721.0,2023-08-31,SERVICES,CDSL,"August 31, 2023"
Telecommunication,135343.0,-1018.0,2023-08-31,TELECOM,CDSL,"August 31, 2023"
Textiles,19278.0,297.0,2023-08-31,TEXTILES,CDSL,"August 31, 2023"
Automobile and Auto Components,360348.0,-126.0,2023-09-15,AUTO,CDSL,"September 15, 2023"
Capital Goods,226656.0,9447.0,2023-09-15,CAPITAL_GOODS,CDSL,"September 15, 2023"
Consumer Durables,190558.0,582.0,2023-09-15,CAPITAL_GOODS,CDSL,"September 15, 2023"
Construction Materials,98773.0,-586.0,2023-09-15,CEMENT,CDSL,"September 15, 2023"
Chemicals,99683.0,-458.0,2023-09-15,CHEMICALS,CDSL,"September 15, 2023"
Forest Materials,2532.0,105.0,2023-09-15,COMMODITIES,CDSL,"September 15, 2023"
Diversified,3825.0,9.0,2023-09-15,DIVERSIFIED,CDSL,"September 15, 2023"
Others,16378.0,2195.0,2023-09-15,DIVERSIFIED,CDSL,"September 15, 2023"
"Oil, Gas & Consumable Fuels",480491.0,-4466.0,2023-09-15,ENERGY,CDSL,"September 15, 2023"
Power,184077.0,5204.0,2023-09-15,ENERGY,CDSL,"September 15, 2023"
Financial Services,1839101.0,1738.0,2023-09-15,FINANCIAL_SERVICES,CDSL,"September 15, 2023"
Fast Moving Consumer Goods,381633.0,-1241.0,2023-09-15,FMCG,CDSL,"September 15, 2023"
Healthcare,295769.0,776.0,2023-09-15,HEALTHCARE,CDSL,"September 15, 2023"
Construction,118580.0,1028.0,2023-09-15,INFRASTRUCTURE,CDSL,"September 15, 2023"
Utilities,793.0,-32.0,2023-09-15,INFRASTRUCTURE,CDSL,"September 15, 2023"
Information Technology,555824.0,5155.0,2023-09-15,IT,CDSL,"September 15, 2023"
"Media, Entertainment & Publication",21324.0,-46.0,2023-09-15,MEDIA,CDSL,"September 15, 2023"
Metals & Mining,164687.0,-10486.0,2023-09-15,METAL,CDSL,"September 15, 2023"
Realty,81577.0,1135.0,2023-09-15,REALTY,CDSL,"September 15, 2023"
Consumer Services,151968.0,3682.0,2023-09-15,SERVICES,CDSL,"September 15, 2023"
Services,93819.0,-4347.0,2023-09-15,SERVICES,CDSL,"September 15, 2023"
Telecommunication,146164.0,-2396.0,2023-09-15,TELECOM,CDSL,"September 15, 2023"
Textiles,19323.0,-113.0,2023-09-15,TEXTILES,CDSL,"September 15, 2023"
Automobile and Auto Components,356446.0,635.0,2023-09-30,AUTO,CDSL,"September 30, 2023"
Capital Goods,224743.0,5100.0,2023-09-30,CAPITAL_GOODS,CDSL,"September 30, 2023"
Consumer Durables,186907.0,115.0,2023-09-30,CAPITAL_GOODS,CDSL,"September 30, 2023"
Construction Materials,94657.0,-1293.0,2023-09-30,CEMENT,CDSL,"September 30, 2023"
Chemicals,95978.0,-914.0,2023-09-30,CHEMICALS,CDSL,"September 30, 2023"
Forest Materials,2607.0,115.0,2023-09-30,COMMODITIES,CDSL,"September 30, 2023"
Diversified,3853.0,-54.0,2023-09-30,DIVERSIFIED,CDSL,"September 30, 2023"
Others,16233.0,1448.0,2023-09-30,DIVERSIFIED,CDSL,"September 30, 2023"
"Oil, Gas & Consumable Fuels",461509.0,-5231.0,2023-09-30,ENERGY,CDSL,"September 30, 2023"
Power,195336.0,-9731.0,2023-09-30,ENERGY,CDSL,"September 30, 2023"
Financial Services,1774155.0,2861.0,2023-09-30,FINANCIAL_SERVICES,CDSL,"September 30, 2023"
Fast Moving Consumer Goods,378489.0,-1791.0,2023-09-30,FMCG,CDSL,"September 30, 2023"
Healthcare,296757.0,277.0,2023-09-30,HEALTHCARE,CDSL,"September 30, 2023"
Construction,119216.0,-2097.0,2023-09-30,INFRASTRUCTURE,CDSL,"September 30, 2023"
Utilities,886.0,42.0,2023-09-30,INFRASTRUCTURE,CDSL,"September 30, 2023"
Information Technology,533829.0,1886.0,2023-09-30,IT,CDSL,"September 30, 2023"
"Media, Entertainment & Publication",20687.0,-399.0,2023-09-30,MEDIA,CDSL,"September 30, 2023"
Metals & Mining,159296.0,-5056.0,2023-09-30,METAL,CDSL,"September 30, 2023"
Realty,80489.0,763.0,2023-09-30,REALTY,CDSL,"September 30, 2023"
Consumer Services,150100.0,3428.0,2023-09-30,SERVICES,CDSL,"September 30, 2023"
Services,91973.0,-4401.0,2023-09-30,SERVICES,CDSL,"September 30, 2023"
Telecommunication,145857.0,-469.0,2023-09-30,TELECOM,CDSL,"September 30, 2023"
Textiles,18652.0,2.0,2023-09-30,TEXTILES,CDSL,"September 30, 2023"
Automobile and Auto Components,360339.0,978.0,2023-10-15,AUTO,CDSL,"October 15, 2023"
Capital Goods,226915.0,1570.0,2023-10-15,CAPITAL_GOODS,CDSL,"October 15, 2023"
Consumer Durables,189289.0,-804.0,2023-10-15,CAPITAL_GOODS,CDSL,"October 15, 2023"
Construction Materials,96898.0,30.0,2023-10-15,CEMENT,CDSL,"October 15, 2023"
Chemicals,96546.0,-586.0,2023-10-15,CHEMICALS,CDSL,"October 15, 2023"
Forest Materials,2724.0,94.0,2023-10-15,COMMODITIES,CDSL,"October 15, 2023"
Diversified,4074.0,-125.0,2023-10-15,DIVERSIFIED,CDSL,"October 15, 2023"
Others,14470.0,1334.0,2023-10-15,DIVERSIFIED,CDSL,"October 15, 2023"
"Oil, Gas & Consumable Fuels",461229.0,-3982.0,2023-10-15,ENERGY,CDSL,"October 15, 2023"
Power,188249.0,-7647.0,2023-10-15,ENERGY,CDSL,"October 15, 2023"
Financial Services,1775480.0,-4780.0,2023-10-15,FINANCIAL_SERVICES,CDSL,"October 15, 2023"
Fast Moving Consumer Goods,383321.0,-2323.0,2023-10-15,FMCG,CDSL,"October 15, 2023"
Healthcare,294723.0,-277.0,2023-10-15,HEALTHCARE,CDSL,"October 15, 2023"
Construction,121865.0,-4067.0,2023-10-15,INFRASTRUCTURE,CDSL,"October 15, 2023"
Utilities,889.0,50.0,2023-10-15,INFRASTRUCTURE,CDSL,"October 15, 2023"
Information Technology,534828.0,-1091.0,2023-10-15,IT,CDSL,"October 15, 2023"
"Media, Entertainment & Publication",20772.0,-361.0,2023-10-15,MEDIA,CDSL,"October 15, 2023"
Metals & Mining,157902.0,-810.0,2023-10-15,METAL,CDSL,"October 15, 2023"
Realty,85510.0,74.0,2023-10-15,REALTY,CDSL,"October 15, 2023"
Consumer Services,153860.0,773.0,2023-10-15,SERVICES,CDSL,"October 15, 2023"
Services,94010.0,-424.0,2023-10-15,SERVICES,CDSL,"October 15, 2023"
Telecommunication,150525.0,2490.0,2023-10-15,TELECOM,CDSL,"October 15, 2023"
Textiles,19068.0,101.0,2023-10-15,TEXTILES,CDSL,"October 15, 2023"
Automobile and Auto Components,348871.0,-606.0,2023-10-31,AUTO,CDSL,"October 31, 2023"
Capital Goods,219719.0,857.0,2023-10-31,CAPITAL_GOODS,CDSL,"October 31, 2023"
Consumer Durables,181013.0,-1362.0,2023-10-31,CAPITAL_GOODS,CDSL,"October 31, 2023"
Construction Materials,94617.0,397.0,2023-10-31,CEMENT,CDSL,"October 31, 2023"
Chemicals,91842.0,-745.0,2023-10-31,CHEMICALS,CDSL,"October 31, 2023"
Forest Materials,2565.0,29.0,2023-10-31,COMMODITIES,CDSL,"October 31, 2023"
Diversified,3788.0,-104.0,2023-10-31,DIVERSIFIED,CDSL,"October 31, 2023"
Others,15043.0,5098.0,2023-10-31,DIVERSIFIED,CDSL,"October 31, 2023"
"Oil, Gas & Consumable Fuels",445116.0,-3013.0,2023-10-31,ENERGY,CDSL,"October 31, 2023"
Power,185421.0,-2869.0,2023-10-31,ENERGY,CDSL,"October 31, 2023"
Financial Services,1714522.0,-11804.0,2023-10-31,FINANCIAL_SERVICES,CDSL,"October 31, 2023"
Fast Moving Consumer Goods,373611.0,-2792.0,2023-10-31,FMCG,CDSL,"October 31, 2023"
Healthcare,282862.0,-1081.0,2023-10-31,HEALTHCARE,CDSL,"October 31, 2023"
Construction,113697.0,-2750.0,2023-10-31,INFRASTRUCTURE,CDSL,"October 31, 2023"
Utilities,868.0,-63.0,2023-10-31,INFRASTRUCTURE,CDSL,"October 31, 2023"
Information Technology,513289.0,-3262.0,2023-10-31,IT,CDSL,"October 31, 2023"
"Media, Entertainment & Publication",19632.0,-622.0,2023-10-31,MEDIA,CDSL,"October 31, 2023"
Metals & Mining,149208.0,-358.0,2023-10-31,METAL,CDSL,"October 31, 2023"
Realty,83649.0,-496.0,2023-10-31,REALTY,CDSL,"October 31, 2023"
Consumer Services,147430.0,-185.0,2023-10-31,SERVICES,CDSL,"October 31, 2023"
Services,88260.0,-769.0,2023-10-31,SERVICES,CDSL,"October 31, 2023"
Telecommunication,143209.0,1768.0,2023-10-31,TELECOM,CDSL,"October 31, 2023"
Textiles,19034.0,184.0,2023-10-31,TEXTILES,CDSL,"October 31, 2023"
Automobile and Auto Components,438942.0,6700.0,2024-03-15,AUTO,CDSL,"March 15, 2024"
Capital Goods,284568.0,5823.0,2024-03-15,CAPITAL_GOODS,CDSL,"March 15, 2024"
Consumer Durables,193147.0,764.0,2024-03-15,CAPITAL_GOODS,CDSL,"March 15, 2024"
Construction Materials,112688.0,-50.0,2024-03-15,CEMENT,CDSL,"March 15, 2024"
Chemicals,96548.0,44.0,2024-03-15,CHEMICALS,CDSL,"March 15, 2024"
Forest Materials,2637.0,-35.0,2024-03-15,COMMODITIES,CDSL,"March 15, 2024"
Diversified,3907.0,2.0,2024-03-15,DIVERSIFIED,CDSL,"March 15, 2024"
Others,20822.0,1095.0,2024-03-15,DIVERSIFIED,CDSL,"March 15, 2024"
"Oil, Gas & Consumable Fuels",579763.0,-5688.0,2024-03-15,ENERGY,CDSL,"March 15, 2024"
Power,272974.0,1676.0,2024-03-15,ENERGY,CDSL,"March 15, 2024"
Financial Services,1829059.0,2924.0,2024-03-15,FINANCIAL_SERVICES,CDSL,"March 15, 2024"
Fast Moving Consumer Goods,411273.0,9719.0,2024-03-15,FMCG,CDSL,"March 15, 2024"
Healthcare,361725.0,-590.0,2024-03-15,HEALTHCARE,CDSL,"March 15, 2024"
Construction,137120.0,390.0,2024-03-15,INFRASTRUCTURE,CDSL,"March 15, 2024"
Utilities,1102.0,-7.0,2024-03-15,INFRASTRUCTURE,CDSL,"March 15, 2024"
Information Technology,644912.0,-2147.0,2024-03-15,IT,CDSL,"March 15, 2024"
"Media, Entertainment & Publication",12261.0,-521.0,2024-03-15,MEDIA,CDSL,"March 15, 2024"
Metals & Mining,184179.0,666.0,2024-03-15,METAL,CDSL,"March 15, 2024"
Realty,120817.0,4889.0,2024-03-15,REALTY,CDSL,"March 15, 2024"
Consumer Services,218516.0,8614.0,2024-03-15,SERVICES,CDSL,"March 15, 2024"
Services,129363.0,6233.0,2024-03-15,SERVICES,CDSL,"March 15, 2024"
Telecommunication,197678.0,6481.0,2024-03-15,TELECOM,CDSL,"March 15, 2024"
Textiles,18667.0,184.0,2024-03-15,TEXTILES,CDSL,"March 15, 2024"
Automobile and Auto Components,513478.0,-1266.0,2024-05-15,AUTO,NSDL,"May 15, 2024"
Capital Goods,349516.0,2784.0,2024-05-15,CAPITAL_GOODS,NSDL,"May 15, 2024"
Consumer Durables,192396.0,-770.0,2024-05-15,CAPITAL_GOODS,NSDL,"May 15, 2024"
Construction Materials,112149.0,-1026.0,2024-05-15,CEMENT,NSDL,"May 15, 2024"
Chemicals,101643.0,309.0,2024-05-15,CHEMICALS,NSDL,"May 15, 2024"
Forest Materials,3136.0,92.0,2024-05-15,COMMODITIES,NSDL,"May 15, 2024"
Diversified,5888.0,96.0,2024-05-15,DIVERSIFIED,NSDL,"May 15, 2024"
Others,31993.0,1528.0,2024-05-15,DIVERSIFIED,NSDL,"May 15, 2024"
"Oil, Gas & Consumable Fuels",584631.0,-4251.0,2024-05-15,ENERGY,NSDL,"May 15, 2024"
Power,307533.0,-1626.0,2024-05-15,ENERGY,NSDL,"May 15, 2024"
Financial Services,1846342.0,-22237.0,2024-05-15,FINANCIAL_SERVICES,NSDL,"May 15, 2024"
Fast Moving Consumer Goods,403890.0,-4721.0,2024-05-15,FMCG,NSDL,"May 15, 2024"
Healthcare,374931.0,-596.0,2024-05-15,HEALTHCARE,NSDL,"May 15, 2024"
Construction,134689.0,-4358.0,2024-05-15,INFRASTRUCTURE,NSDL,"May 15, 2024"
Utilities,1773.0,3.0,2024-05-15,INFRASTRUCTURE,NSDL,"May 15, 2024"
Information Technology,557013.0,-10489.0,2024-05-15,IT,NSDL,"May 15, 2024"
"Media, Entertainment & Publication",12089.0,14.0,2024-05-15,MEDIA,NSDL,"May 15, 2024"
Metals & Mining,212099.0,-1255.0,2024-05-15,METAL,NSDL,"May 15, 2024"
Realty,138643.0,-429.0,2024-05-15,REALTY,NSDL,"May 15, 2024"
Consumer Services,250079.0,347.0,2024-05-15,SERVICES,NSDL,"May 15, 2024"
Services,147492.0,1665.0,2024-05-15,SERVICES,NSDL,"May 15, 2024"
Telecommunication,227512.0,6347.0,2024-05-15,TELECOM,NSDL,"May 15, 2024"
Textiles,20427.0,481.0,2024-05-15,TEXTILES,NSDL,"May 15, 2024"
Automobile and Auto Components,523996.0,-4029.0,2024-05-31,AUTO,NSDL,"May 31, 2024"
Capital Goods,375815.0,6024.0,2024-05-31,CAPITAL_GOODS,NSDL,"May 31, 2024"
Consumer Durables,197892.0,-761.0,2024-05-31,CAPITAL_GOODS,NSDL,"May 31, 2024"
Construction Materials,112786.0,-1258.0,2024-05-31,CEMENT,NSDL,"May 31, 2024"
Chemicals,100951.0,472.0,2024-05-31,CHEMICALS,NSDL,"May 31, 2024"
Forest Materials,3209.0,134.0,2024-05-31,COMMODITIES,NSDL,"May 31, 2024"
Diversified,5995.0,51.0,2024-05-31,DIVERSIFIED,NSDL,"May 31, 2024"
Others,24290.0,195.0,2024-05-31,DIVERSIFIED,NSDL,"May 31, 2024"
"Oil, Gas & Consumable Fuels",589641.0,-5554.0,2024-05-31,ENERGY,NSDL,"May 31, 2024"
Power,317445.0,-3042.0,2024-05-31,ENERGY,NSDL,"May 31, 2024"
Financial Services,1896907.0,-8583.0,2024-05-31,FINANCIAL_SERVICES,NSDL,"May 31, 2024"
Fast Moving Consumer Goods,397024.0,-4173.0,2024-05-31,FMCG,NSDL,"May 31, 2024"
Healthcare,369812.0,161.0,2024-05-31,HEALTHCARE,NSDL,"May 31, 2024"
Construction,146151.0,-2686.0,2024-05-31,INFRASTRUCTURE,NSDL,"May 31, 2024"
Utilities,1776.0,41.0,2024-05-31,INFRASTRUCTURE,NSDL,"May 31, 2024"
Information Technology,542783.0,-5802.0,2024-05-31,IT,NSDL,"May 31, 2024"
"Media, Entertainment & Publication",12621.0,-144.0,2024-05-31,MEDIA,NSDL,"May 31, 2024"
Metals & Mining,222899.0,-953.0,2024-05-31,METAL,NSDL,"May 31, 2024"
Realty,147421.0,1347.0,2024-05-31,REALTY,NSDL,"May 31, 2024"
Consumer Services,243750.0,2759.0,2024-05-31,SERVICES,NSDL,"May 31, 2024"
Services,147341.0,-984.0,2024-05-31,SERVICES,NSDL,"May 31, 2024"
Telecommunication,239560.0,1106.0,2024-05-31,TELECOM,NSDL,"May 31, 2024"
Textiles,20543.0,95.0,2024-05-31,TEXTILES,NSDL,"May 31, 2024"
Automobile and Auto Components,577864.0,-3638.0,2024-06-15,AUTO,NSDL,"June 15, 2024"
Capital Goods,404048.0,5511.0,2024-06-15,CAPITAL_GOODS,NSDL,"June 15, 2024"
Consumer Durables,207287.0,-1055.0,2024-06-15,CAPITAL_GOODS,NSDL,"June 15, 2024"
Construction Materials,124938.0,-154.0,2024-06-15,CEMENT,NSDL,"June 15, 2024"
Chemicals,109672.0,1491.0,2024-06-15,CHEMICALS,NSDL,"June 15, 2024"
Forest Materials,3838.0,204.0,2024-06-15,COMMODITIES,NSDL,"June 15, 2024"
Diversified,6454.0,-1.0,2024-06-15,DIVERSIFIED,NSDL,"June 15, 2024"
Others,25535.0,288.0,2024-06-15,DIVERSIFIED,NSDL,"June 15, 2024"
"Oil, Gas & Consumable Fuels",605270.0,-6429.0,2024-06-15,ENERGY,NSDL,"June 15, 2024"
Power,319583.0,-2309.0,2024-06-15,ENERGY,NSDL,"June 15, 2024"
Financial Services,1971419.0,2112.0,2024-06-15,FINANCIAL_SERVICES,NSDL,"June 15, 2024"
Fast Moving Consumer Goods,425039.0,-3260.0,2024-06-15,FMCG,NSDL,"June 15, 2024"
Healthcare,398071.0,402.0,2024-06-15,HEALTHCARE,NSDL,"June 15, 2024"
Construction,146256.0,-1535.0,2024-06-15,INFRASTRUCTURE,NSDL,"June 15, 2024"
Utilities,1923.0,-38.0,2024-06-15,INFRASTRUCTURE,NSDL,"June 15, 2024"
Information Technology,575037.0,-2787.0,2024-06-15,IT,NSDL,"June 15, 2024"
"Media, Entertainment & Publication",13760.0,-113.0,2024-06-15,MEDIA,NSDL,"June 15, 2024"
Metals & Mining,223803.0,-2079.0,2024-06-15,METAL,NSDL,"June 15, 2024"
Realty,165073.0,2929.0,2024-06-15,REALTY,NSDL,"June 15, 2024"
Consumer Services,265803.0,3633.0,2024-06-15,SERVICES,NSDL,"June 15, 2024"
Services,153606.0,299.0,2024-06-15,SERVICES,NSDL,"June 15, 2024"
Telecommunication,251215.0,3114.0,2024-06-15,TELECOM,NSDL,"June 15, 2024"
Textiles,22044.0,45.0,2024-06-15,TEXTILES,NSDL,"June 15, 2024"
Automobile and Auto Components,571132.0,1739.0,2024-06-30,AUTO,NSDL,"June 30, 2024"
Capital Goods,409070.0,2792.0,2024-06-30,CAPITAL_GOODS,NSDL,"June 30, 2024"
Consumer Durables,209491.0,85.0,2024-06-30,CAPITAL_GOODS,NSDL,"June 30, 2024"
Construction Materials,132499.0,1777.0,2024-06-30,CEMENT,NSDL,"June 30, 2024"
Chemicals,113531.0,1960.0,2024-06-30,CHEMICALS,NSDL,"June 30, 2024"
Forest Materials,4143.0,300.0,2024-06-30,COMMODITIES,NSDL,"June 30, 2024"
Diversified,6480.0,117.0,2024-06-30,DIVERSIFIED,NSDL,"June 30, 2024"
Others,26110.0,1073.0,2024-06-30,DIVERSIFIED,NSDL,"June 30, 2024"
"Oil, Gas & Consumable Fuels",616324.0,-2635.0,2024-06-30,ENERGY,NSDL,"June 30, 2024"
Power,319441.0,-2498.0,2024-06-30,ENERGY,NSDL,"June 30, 2024"
Financial Services,2054913.0,9170.0,2024-06-30,FINANCIAL_SERVICES,NSDL,"June 30, 2024"
Fast Moving Consumer Goods,421822.0,-922.0,2024-06-30,FMCG,NSDL,"June 30, 2024"
Healthcare,399604.0,3299.0,2024-06-30,HEALTHCARE,NSDL,"June 30, 2024"
Construction,141565.0,-2723.0,2024-06-30,INFRASTRUCTURE,NSDL,"June 30, 2024"
Utilities,2106.0,-107.0,2024-06-30,INFRASTRUCTURE,NSDL,"June 30, 2024"
Information Technology,597930.0,-981.0,2024-06-30,IT,NSDL,"June 30, 2024"
"Media, Entertainment & Publication",13556.0,-31.0,2024-06-30,MEDIA,NSDL,"June 30, 2024"
Metals & Mining,219771.0,-2989.0,2024-06-30,METAL,NSDL,"June 30, 2024"
Realty,163404.0,2733.0,2024-06-30,REALTY,NSDL,"June 30, 2024"
Consumer Services,279761.0,4704.0,2024-06-30,SERVICES,NSDL,"June 30, 2024"
Services,154786.0,1559.0,2024-06-30,SERVICES,NSDL,"June 30, 2024"
Telecommunication,263835.0,7944.0,2024-06-30,TELECOM,NSDL,"June 30, 2024"
Textiles,23182.0,199.0,2024-06-30,TEXTILES,NSDL,"June 30, 2024"
Automobile and Auto Components,576949.0,5047.0,2024-07-15,AUTO,NSDL,"July 15, 2024"
Capital Goods,419579.0,6541.0,2024-07-15,CAPITAL_GOODS,NSDL,"July 15, 2024"
Consumer Durables,212077.0,1163.0,2024-07-15,CAPITAL_GOODS,NSDL,"July 15, 2024"
Construction Materials,135321.0,1669.0,2024-07-15,CEMENT,NSDL,"July 15, 2024"
Chemicals,116088.0,919.0,2024-07-15,CHEMICALS,NSDL,"July 15, 2024"
Forest Materials,4051.0,205.0,2024-07-15,COMMODITIES,NSDL,"July 15, 2024"
Diversified,7387.0,425.0,2024-07-15,DIVERSIFIED,NSDL,"July 15, 2024"
Others,25078.0,1157.0,2024-07-15,DIVERSIFIED,NSDL,"July 15, 2024"
"Oil, Gas & Consumable Fuels",654704.0,2992.0,2024-07-15,ENERGY,NSDL,"July 15, 2024"
Power,323847.0,-3330.0,2024-07-15,ENERGY,NSDL,"July 15, 2024"
Financial Services,2077268.0,8633.0,2024-07-15,FINANCIAL_SERVICES,NSDL,"July 15, 2024"
Fast Moving Consumer Goods,445113.0,1132.0,2024-07-15,FMCG,NSDL,"July 15, 2024"
Healthcare,416952.0,5264.0,2024-07-15,HEALTHCARE,NSDL,"July 15, 2024"
Construction,146785.0,-965.0,2024-07-15,INFRASTRUCTURE,NSDL,"July 15, 2024"
Utilities,2129.0,-126.0,2024-07-15,INFRASTRUCTURE,NSDL,"July 15, 2024"
Information Technology,646225.0,4343.0,2024-07-15,IT,NSDL,"July 15, 2024"
"Media, Entertainment & Publication",14554.0,335.0,2024-07-15,MEDIA,NSDL,"July 15, 2024"
Metals & Mining,218877.0,841.0,2024-07-15,METAL,NSDL,"July 15, 2024"
Realty,167265.0,1110.0,2024-07-15,REALTY,NSDL,"July 15, 2024"
Consumer Services,297441.0,4739.0,2024-07-15,SERVICES,NSDL,"July 15, 2024"
Services,158261.0,922.0,2024-07-15,SERVICES,NSDL,"July 15, 2024"
Telecommunication,263761.0,7142.0,2024-07-15,TELECOM,NSDL,"July 15, 2024"
Textiles,20653.0,192.0,2024-07-15,TEXTILES,NSDL,"July 15, 2024"
Automobile and Auto Components,604398.0,6148.0,2024-07-31,AUTO,NSDL,"July 31, 2024"
Capital Goods,416645.0,4927.0,2024-07-31,CAPITAL_GOODS,NSDL,"July 31, 2024"
Consumer Durables,218526.0,-188.0,2024-07-31,CAPITAL_GOODS,NSDL,"July 31, 2024"
Construction Materials,136945.0,680.0,2024-07-31,CEMENT,NSDL,"July 31, 2024"
Chemicals,120612.0,-512.0,2024-07-31,CHEMICALS,NSDL,"July 31, 2024"
Forest Materials,4232.0,150.0,2024-07-31,COMMODITIES,NSDL,"July 31, 2024"
Diversified,7659.0,370.0,2024-07-31,DIVERSIFIED,NSDL,"July 31, 2024"
Others,26351.0,1165.0,2024-07-31,DIVERSIFIED,NSDL,"July 31, 2024"
"Oil, Gas & Consumable Fuels",636462.0,1619.0,2024-07-31,ENERGY,NSDL,"July 31, 2024"
Power,334459.0,-3796.0,2024-07-31,ENERGY,NSDL,"July 31, 2024"
Financial Services,2049902.0,-7648.0,2024-07-31,FINANCIAL_SERVICES,NSDL,"July 31, 2024"
Fast Moving Consumer Goods,455970.0,975.0,2024-07-31,FMCG,NSDL,"July 31, 2024"
Healthcare,436667.0,5054.0,2024-07-31,HEALTHCARE,NSDL,"July 31, 2024"
Construction,151722.0,-1529.0,2024-07-31,INFRASTRUCTURE,NSDL,"July 31, 2024"
Utilities,2353.0,-10.0,2024-07-31,INFRASTRUCTURE,NSDL,"July 31, 2024"
Information Technology,690232.0,11763.0,2024-07-31,IT,NSDL,"July 31, 2024"
"Media, Entertainment & Publication",15029.0,474.0,2024-07-31,MEDIA,NSDL,"July 31, 2024"
Metals & Mining,221118.0,7310.0,2024-07-31,METAL,NSDL,"July 31, 2024"
Realty,164021.0,228.0,2024-07-31,REALTY,NSDL,"July 31, 2024"
Consumer Services,305138.0,3429.0,2024-07-31,SERVICES,NSDL,"July 31, 2024"
Services,162182.0,-1474.0,2024-07-31,SERVICES,NSDL,"July 31, 2024"
Telecommunication,277007.0,3138.0,2024-07-31,TELECOM,NSDL,"July 31, 2024"
Textiles,21650.0,94.0,2024-07-31,TEXTILES,NSDL,"July 31, 2024"
Automobile and Auto Components,501610.0,965.0,2025-05-15,AUTO,NSDL,"May 15, 2025"
Capital Goods,353582.0,5177.0,2025-05-15,CAPITAL_GOODS,NSDL,"May 15, 2025"
Consumer Durables,197016.0,343.0,2025-05-15,CAPITAL_GOODS,NSDL,"May 15, 2025"
Construction Materials,119140.0,570.0,2025-05-15,CEMENT,NSDL,"May 15, 2025"
Chemicals,125730.0,2017.0,2025-05-15,CHEMICALS,NSDL,"May 15, 2025"
Forest Materials,3258.0,-27.0,2025-05-15,COMMODITIES,NSDL,"May 15, 2025"
Diversified,4734.0,4.0,2025-05-15,DIVERSIFIED,NSDL,"May 15, 2025"
Others,50083.0,2227.0,2025-05-15,DIVERSIFIED,NSDL,"May 15, 2025"
"Oil, Gas & Consumable Fuels",522486.0,4531.0,2025-05-15,ENERGY,NSDL,"May 15, 2025"
Power,250495.0,158.0,2025-05-15,ENERGY,NSDL,"May 15, 2025"
Financial Services,2243421.0,27638.0,2025-05-15,FINANCIAL_SERVICES,NSDL,"May 15, 2025"
Fast Moving Consumer Goods,392121.0,1273.0,2025-05-15,FMCG,NSDL,"May 15, 2025"
Healthcare,474937.0,50.0,2025-05-15,HEALTHCARE,NSDL,"May 15, 2025"
Construction,123480.0,-615.0,2025-05-15,INFRASTRUCTURE,NSDL,"May 15, 2025"
Utilities,2404.0,42.0,2025-05-15,INFRASTRUCTURE,NSDL,"May 15, 2025"
Information Technology,603929.0,-1096.0,2025-05-15,IT,NSDL,"May 15, 2025"
"Media, Entertainment & Publication",12878.0,101.0,2025-05-15,MEDIA,NSDL,"May 15, 2025"
Metals & Mining,199112.0,-470.0,2025-05-15,METAL,NSDL,"May 15, 2025"
Realty,140475.0,-1195.0,2025-05-15,REALTY,NSDL,"May 15, 2025"
Consumer Services,297253.0,3203.0,2025-05-15,SERVICES,NSDL,"May 15, 2025"
Services,156158.0,2745.0,2025-05-15,SERVICES,NSDL,"May 15, 2025"
Telecommunication,332526.0,3548.0,2025-05-15,TELECOM,NSDL,"May 15, 2025"
Textiles,25246.0,-164.0,2025-05-15,TEXTILES,NSDL,"May 15, 2025"
Automobile and Auto Components,491804.0,101.0,2025-05-31,AUTO,NSDL,"May 31, 2025"
Capital Goods,378879.0,5327.0,2025-05-31,CAPITAL_GOODS,NSDL,"May 31, 2025"
Consumer Durables,191917.0,-1734.0,2025-05-31,CAPITAL_GOODS,NSDL,"May 31, 2025"
Construction Materials,113475.0,575.0,2025-05-31,CEMENT,NSDL,"May 31, 2025"
Chemicals,127574.0,1308.0,2025-05-31,CHEMICALS,NSDL,"May 31, 2025"
Forest Materials,3448.0,9.0,2025-05-31,COMMODITIES,NSDL,"May 31, 2025"
Diversified,4763.0,-112.0,2025-05-31,DIVERSIFIED,NSDL,"May 31, 2025"
Others,52539.0,256.0,2025-05-31,DIVERSIFIED,NSDL,"May 31, 2025"
"Oil, Gas & Consumable Fuels",514852.0,2520.0,2025-05-31,ENERGY,NSDL,"May 31, 2025"
Power,245918.0,-2494.0,2025-05-31,ENERGY,NSDL,"May 31, 2025"
Financial Services,2257620.0,4028.0,2025-05-31,FINANCIAL_SERVICES,NSDL,"May 31, 2025"
Fast Moving Consumer Goods,386868.0,815.0,2025-05-31,FMCG,NSDL,"May 31, 2025"
Healthcare,468729.0,-2614.0,2025-05-31,HEALTHCARE,NSDL,"May 31, 2025"
Construction,127222.0,267.0,2025-05-31,INFRASTRUCTURE,NSDL,"May 31, 2025"
Utilities,2668.0,23.0,2025-05-31,INFRASTRUCTURE,NSDL,"May 31, 2025"
Information Technology,587238.0,-2436.0,2025-05-31,IT,NSDL,"May 31, 2025"
"Media, Entertainment & Publication",13236.0,137.0,2025-05-31,MEDIA,NSDL,"May 31, 2025"
Metals & Mining,197119.0,70.0,2025-05-31,METAL,NSDL,"May 31, 2025"
Realty,147493.0,-1664.0,2025-05-31,REALTY,NSDL,"May 31, 2025"
Consumer Services,288542.0,-491.0,2025-05-31,SERVICES,NSDL,"May 31, 2025"
Services,161268.0,7972.0,2025-05-31,SERVICES,NSDL,"May 31, 2025"
Telecommunication,338241.0,8089.0,2025-05-31,TELECOM,NSDL,"May 31, 2025"
Textiles,24946.0,-89.0,2025-05-31,TEXTILES,NSDL,"May 31, 2025"
Automobile and Auto Components,490153.0,-1805.0,2025-06-15,AUTO,NSDL,"June 15, 2025"
Capital Goods,379132.0,4285.0,2025-06-15,CAPITAL_GOODS,NSDL,"June 15, 2025"
Consumer Durables,186335.0,-3005.0,2025-06-15,CAPITAL_GOODS,NSDL,"June 15, 2025"
Construction Materials,114767.0,-164.0,2025-06-15,CEMENT,NSDL,"June 15, 2025"
Chemicals,131258.0,1880.0,2025-06-15,CHEMICALS,NSDL,"June 15, 2025"
Forest Materials,3734.0,6.0,2025-06-15,COMMODITIES,NSDL,"June 15, 2025"
Diversified,4652.0,-464.0,2025-06-15,DIVERSIFIED,NSDL,"June 15, 2025"
Others,179804.0,-888.0,2025-06-15,DIVERSIFIED,NSDL,"June 15, 2025"
"Oil, Gas & Consumable Fuels",515705.0,1589.0,2025-06-15,ENERGY,NSDL,"June 15, 2025"
Power,243253.0,-4894.0,2025-06-15,ENERGY,NSDL,"June 15, 2025"
Financial Services,2137234.0,3985.0,2025-06-15,FINANCIAL_SERVICES,NSDL,"June 15, 2025"
Fast Moving Consumer Goods,377744.0,-1754.0,2025-06-15,FMCG,NSDL,"June 15, 2025"
Healthcare,485293.0,-1969.0,2025-06-15,HEALTHCARE,NSDL,"June 15, 2025"
Construction,124748.0,233.0,2025-06-15,INFRASTRUCTURE,NSDL,"June 15, 2025"
Utilities,2582.0,20.0,2025-06-15,INFRASTRUCTURE,NSDL,"June 15, 2025"
Information Technology,599627.0,-4438.0,2025-06-15,IT,NSDL,"June 15, 2025"
"Media, Entertainment & Publication",13534.0,153.0,2025-06-15,MEDIA,NSDL,"June 15, 2025"
Metals & Mining,196666.0,-592.0,2025-06-15,METAL,NSDL,"June 15, 2025"
Realty,156167.0,-391.0,2025-06-15,REALTY,NSDL,"June 15, 2025"
Consumer Services,289708.0,-3192.0,2025-06-15,SERVICES,NSDL,"June 15, 2025"
Services,161120.0,6613.0,2025-06-15,SERVICES,NSDL,"June 15, 2025"
Telecommunication,333911.0,6165.0,2025-06-15,TELECOM,NSDL,"June 15, 2025"
Textiles,24798.0,212.0,2025-06-15,TEXTILES,NSDL,"June 15, 2025"
Automobile and Auto Components,510983.0,4724.0,2025-06-30,AUTO,NSDL,"June 30, 2025"
Capital Goods,394124.0,-1831.0,2025-06-30,CAPITAL_GOODS,NSDL,"June 30, 2025"
Consumer Durables,194034.0,-2493.0,2025-06-30,CAPITAL_GOODS,NSDL,"June 30, 2025"
Construction Materials,122722.0,258.0,2025-06-30,CEMENT,NSDL,"June 30, 2025"
Chemicals,137226.0,2392.0,2025-06-30,CHEMICALS,NSDL,"June 30, 2025"
Forest Materials,3716.0,-42.0,2025-06-30,COMMODITIES,NSDL,"June 30, 2025"
Diversified,4531.0,-455.0,2025-06-30,DIVERSIFIED,NSDL,"June 30, 2025"
Others,55438.0,1105.0,2025-06-30,DIVERSIFIED,NSDL,"June 30, 2025"
"Oil, Gas & Consumable Fuels",542676.0,6137.0,2025-06-30,ENERGY,NSDL,"June 30, 2025"
Power,247251.0,-6311.0,2025-06-30,ENERGY,NSDL,"June 30, 2025"
Financial Services,2343322.0,8946.0,2025-06-30,FINANCIAL_SERVICES,NSDL,"June 30, 2025"
Fast Moving Consumer Goods,381081.0,-3985.0,2025-06-30,FMCG,NSDL,"June 30, 2025"
Healthcare,490839.0,-403.0,2025-06-30,HEALTHCARE,NSDL,"June 30, 2025"
Construction,127820.0,-238.0,2025-06-30,INFRASTRUCTURE,NSDL,"June 30, 2025"
Utilities,2480.0,-32.0,2025-06-30,INFRASTRUCTURE,NSDL,"June 30, 2025"
Information Technology,607777.0,1166.0,2025-06-30,IT,NSDL,"June 30, 2025"
"Media, Entertainment & Publication",13621.0,34.0,2025-06-30,MEDIA,NSDL,"June 30, 2025"
Metals & Mining,204710.0,-357.0,2025-06-30,METAL,NSDL,"June 30, 2025"
Realty,154561.0,1341.0,2025-06-30,REALTY,NSDL,"June 30, 2025"
Consumer Services,313844.0,1348.0,2025-06-30,SERVICES,NSDL,"June 30, 2025"
Services,172192.0,346.0,2025-06-30,SERVICES,NSDL,"June 30, 2025"
Telecommunication,367820.0,2733.0,2025-06-30,TELECOM,NSDL,"June 30, 2025"
Textiles,26087.0,204.0,2025-06-30,TEXTILES,NSDL,"June 30, 2025"
Automobile and Auto Components,509003.0,3861.0,2025-07-15,AUTO,NSDL,"July 15, 2025"
Capital Goods,392113.0,-2100.0,2025-07-15,CAPITAL_GOODS,NSDL,"July 15, 2025"
Consumer Durables,193422.0,-1892.0,2025-07-15,CAPITAL_GOODS,NSDL,"July 15, 2025"
Construction Materials,125173.0,978.0,2025-07-15,CEMENT,NSDL,"July 15, 2025"
Chemicals,135592.0,1155.0,2025-07-15,CHEMICALS,NSDL,"July 15, 2025"
Forest Materials,3578.0,-13.0,2025-07-15,COMMODITIES,NSDL,"July 15, 2025"
Diversified,4433.0,-124.0,2025-07-15,DIVERSIFIED,NSDL,"July 15, 2025"
Others,52444.0,1436.0,2025-07-15,DIVERSIFIED,NSDL,"July 15, 2025"
"Oil, Gas & Consumable Fuels",540234.0,5843.0,2025-07-15,ENERGY,NSDL,"July 15, 2025"
Power,249685.0,-2988.0,2025-07-15,ENERGY,NSDL,"July 15, 2025"
Financial Services,2325641.0,5081.0,2025-07-15,FINANCIAL_SERVICES,NSDL,"July 15, 2025"
Fast Moving Consumer Goods,392609.0,-1787.0,2025-07-15,FMCG,NSDL,"July 15, 2025"
Healthcare,500962.0,-1199.0,2025-07-15,HEALTHCARE,NSDL,"July 15, 2025"
Construction,122434.0,-52.0,2025-07-15,INFRASTRUCTURE,NSDL,"July 15, 2025"
Utilities,2456.0,-45.0,2025-07-15,INFRASTRUCTURE,NSDL,"July 15, 2025"
Information Technology,578096.0,-2600.0,2025-07-15,IT,NSDL,"July 15, 2025"
"Media, Entertainment & Publication",13492.0,-165.0,2025-07-15,MEDIA,NSDL,"July 15, 2025"
Metals & Mining,203647.0,1925.0,2025-07-15,METAL,NSDL,"July 15, 2025"
Realty,154130.0,661.0,2025-07-15,REALTY,NSDL,"July 15, 2025"
Consumer Services,307682.0,3762.0,2025-07-15,SERVICES,NSDL,"July 15, 2025"
Services,176066.0,2676.0,2025-07-15,SERVICES,NSDL,"July 15, 2025"
Telecommunication,355140.0,3903.0,2025-07-15,TELECOM,NSDL,"July 15, 2025"
Textiles,26297.0,229.0,2025-07-15,TEXTILES,NSDL,"July 15, 2025"
Automobile and Auto Components,501618.0,-3584.0,2025-07-31,AUTO,NSDL,"July 31, 2025"
Capital Goods,379369.0,305.0,2025-07-31,CAPITAL_GOODS,NSDL,"July 31, 2025"
Consumer Durables,189879.0,-2614.0,2025-07-31,CAPITAL_GOODS,NSDL,"July 31, 2025"
Construction Materials,124187.0,329.0,2025-07-31,CEMENT,NSDL,"July 31, 2025"
Chemicals,137733.0,1129.0,2025-07-31,CHEMICALS,NSDL,"July 31, 2025"
Forest Materials,3144.0,39.0,2025-07-31,COMMODITIES,NSDL,"July 31, 2025"
Diversified,4504.0,-57.0,2025-07-31,DIVERSIFIED,NSDL,"July 31, 2025"
Others,50970.0,8136.0,2025-07-31,DIVERSIFIED,NSDL,"July 31, 2025"
"Oil, Gas & Consumable Fuels",505294.0,-3272.0,2025-07-31,ENERGY,NSDL,"July 31, 2025"
Power,240892.0,62.0,2025-07-31,ENERGY,NSDL,"July 31, 2025"
Financial Services,2277046.0,-5900.0,2025-07-31,FINANCIAL_SERVICES,NSDL,"July 31, 2025"
Fast Moving Consumer Goods,398986.0,1558.0,2025-07-31,FMCG,NSDL,"July 31, 2025"
Healthcare,503415.0,-57.0,2025-07-31,HEALTHCARE,NSDL,"July 31, 2025"
Construction,122926.0,-1354.0,2025-07-31,INFRASTRUCTURE,NSDL,"July 31, 2025"
Utilities,2493.0,-18.0,2025-07-31,INFRASTRUCTURE,NSDL,"July 31, 2025"
Information Technology,530868.0,-19901.0,2025-07-31,IT,NSDL,"July 31, 2025"
"Media, Entertainment & Publication",12597.0,-197.0,2025-07-31,MEDIA,NSDL,"July 31, 2025"
Metals & Mining,203138.0,3365.0,2025-07-31,METAL,NSDL,"July 31, 2025"
Realty,138735.0,-3933.0,2025-07-31,REALTY,NSDL,"July 31, 2025"
Consumer Services,322786.0,3017.0,2025-07-31,SERVICES,NSDL,"July 31, 2025"
Services,171375.0,3457.0,2025-07-31,SERVICES,NSDL,"July 31, 2025"
Telecommunication,349013.0,1473.0,2025-07-31,TELECOM,NSDL,"July 31, 2025"
Textiles,25645.0,276.0,2025-07-31,TEXTILES,NSDL,"July 31, 2025"
Automobile and Auto Components,505010.0,-2132.0,2026-05-15,AUTO,NSDL,"May 15, 2026"
Capital Goods,490576.0,7312.0,2026-05-15,CAPITAL_GOODS,NSDL,"May 15, 2026"
Consumer Durables,169119.0,-721.0,2026-05-15,CAPITAL_GOODS,NSDL,"May 15, 2026"
Construction Materials,104939.0,-1877.0,2026-05-15,CEMENT,NSDL,"May 15, 2026"
Chemicals,122720.0,-821.0,2026-05-15,CHEMICALS,NSDL,"May 15, 2026"
Forest Materials,2490.0,32.0,2026-05-15,COMMODITIES,NSDL,"May 15, 2026"
Diversified,3787.0,36.0,2026-05-15,DIVERSIFIED,NSDL,"May 15, 2026"
Others,63795.0,29.0,2026-05-15,DIVERSIFIED,NSDL,"May 15, 2026"
"Oil, Gas & Consumable Fuels",484992.0,-10236.0,2026-05-15,ENERGY,NSDL,"May 15, 2026"
Power,286254.0,3799.0,2026-05-15,ENERGY,NSDL,"May 15, 2026"
Financial Services,2007949.0,-29664.0,2026-05-15,FINANCIAL_SERVICES,NSDL,"May 15, 2026"
Fast Moving Consumer Goods,324652.0,-1854.0,2026-05-15,FMCG,NSDL,"May 15, 2026"
Healthcare,489272.0,-2863.0,2026-05-15,HEALTHCARE,NSDL,"May 15, 2026"
Construction,122376.0,1208.0,2026-05-15,INFRASTRUCTURE,NSDL,"May 15, 2026"
Utilities,1927.0,-40.0,2026-05-15,INFRASTRUCTURE,NSDL,"May 15, 2026"
Information Technology,366479.0,-4530.0,2026-05-15,IT,NSDL,"May 15, 2026"
"Media, Entertainment & Publication",10404.0,-161.0,2026-05-15,MEDIA,NSDL,"May 15, 2026"
Metals & Mining,286741.0,4114.0,2026-05-15,METAL,NSDL,"May 15, 2026"
Realty,99950.0,-636.0,2026-05-15,REALTY,NSDL,"May 15, 2026"
Consumer Services,236223.0,-2799.0,2026-05-15,SERVICES,NSDL,"May 15, 2026"
Services,167368.0,6657.0,2026-05-15,SERVICES,NSDL,"May 15, 2026"
Telecommunication,364095.0,-4450.0,2026-05-15,TELECOM,NSDL,"May 15, 2026"
Textiles,18920.0,-160.0,2026-05-15,TEXTILES,NSDL,"May 15, 2026"
Automobile and Auto Components,506398.0,-2532.0,2026-05-31,AUTO,NSDL,"May 31, 2026"
Capital Goods,514716.0,2799.0,2026-05-31,CAPITAL_GOODS,NSDL,"May 31, 2026"
Consumer Durables,167429.0,-1449.0,2026-05-31,CAPITAL_GOODS,NSDL,"May 31, 2026"
Construction Materials,106182.0,-1641.0,2026-05-31,CEMENT,NSDL,"May 31, 2026"
Chemicals,123195.0,-610.0,2026-05-31,CHEMICALS,NSDL,"May 31, 2026"
Forest Materials,2420.0,-40.0,2026-05-31,COMMODITIES,NSDL,"May 31, 2026"
Diversified,3735.0,19.0,2026-05-31,DIVERSIFIED,NSDL,"May 31, 2026"
Others,75019.0,-1062.0,2026-05-31,DIVERSIFIED,NSDL,"May 31, 2026"
"Oil, Gas & Consumable Fuels",482896.0,-8978.0,2026-05-31,ENERGY,NSDL,"May 31, 2026"
Power,293335.0,-681.0,2026-05-31,ENERGY,NSDL,"May 31, 2026"
Financial Services,1996508.0,-23141.0,2026-05-31,FINANCIAL_SERVICES,NSDL,"May 31, 2026"
Fast Moving Consumer Goods,313689.0,-3561.0,2026-05-31,FMCG,NSDL,"May 31, 2026"
Healthcare,482596.0,183.0,2026-05-31,HEALTHCARE,NSDL,"May 31, 2026"
Construction,126147.0,-1211.0,2026-05-31,INFRASTRUCTURE,NSDL,"May 31, 2026"
Utilities,2027.0,-47.0,2026-05-31,INFRASTRUCTURE,NSDL,"May 31, 2026"
Information Technology,382141.0,-1911.0,2026-05-31,IT,NSDL,"May 31, 2026"
"Media, Entertainment & Publication",10106.0,-122.0,2026-05-31,MEDIA,NSDL,"May 31, 2026"
Metals & Mining,297444.0,6697.0,2026-05-31,METAL,NSDL,"May 31, 2026"
Realty,103797.0,-400.0,2026-05-31,REALTY,NSDL,"May 31, 2026"
Consumer Services,236943.0,-1995.0,2026-05-31,SERVICES,NSDL,"May 31, 2026"
Services,168628.0,7204.0,2026-05-31,SERVICES,NSDL,"May 31, 2026"
Telecommunication,358092.0,-415.0,2026-05-31,TELECOM,NSDL,"May 31, 2026"
Textiles,19339.0,-73.0,2026-05-31,TEXTILES,NSDL,"May 31, 2026"
Automobile and Auto Components,511510.0,-11219.0,2026-06-15,AUTO,NSDL,"June 15, 2026"
Capital Goods,507995.0,-2432.0,2026-06-15,CAPITAL_GOODS,NSDL,"June 15, 2026"
Consumer Durables,172162.0,-921.0,2026-06-15,CAPITAL_GOODS,NSDL,"June 15, 2026"
Construction Materials,103482.0,-2860.0,2026-06-15,CEMENT,NSDL,"June 15, 2026"
Chemicals,123276.0,-683.0,2026-06-15,CHEMICALS,NSDL,"June 15, 2026"
Forest Materials,2375.0,-11.0,2026-06-15,COMMODITIES,NSDL,"June 15, 2026"
Diversified,3630.0,-27.0,2026-06-15,DIVERSIFIED,NSDL,"June 15, 2026"
Others,75932.0,375.0,2026-06-15,DIVERSIFIED,NSDL,"June 15, 2026"
"Oil, Gas & Consumable Fuels",470429.0,-12581.0,2026-06-15,ENERGY,NSDL,"June 15, 2026"
Power,278555.0,-2101.0,2026-06-15,ENERGY,NSDL,"June 15, 2026"
Financial Services,2059636.0,-16444.0,2026-06-15,FINANCIAL_SERVICES,NSDL,"June 15, 2026"
Fast Moving Consumer Goods,306648.0,-6999.0,2026-06-15,FMCG,NSDL,"June 15, 2026"
Healthcare,482596.0,-3900.0,2026-06-15,HEALTHCARE,NSDL,"June 15, 2026"
Construction,128368.0,-823.0,2026-06-15,INFRASTRUCTURE,NSDL,"June 15, 2026"
Utilities,2127.0,-12.0,2026-06-15,INFRASTRUCTURE,NSDL,"June 15, 2026"
Information Technology,361825.0,-7001.0,2026-06-15,IT,NSDL,"June 15, 2026"
"Media, Entertainment & Publication",10322.0,-342.0,2026-06-15,MEDIA,NSDL,"June 15, 2026"
Metals & Mining,304471.0,277.0,2026-06-15,METAL,NSDL,"June 15, 2026"
Realty,104224.0,-1063.0,2026-06-15,REALTY,NSDL,"June 15, 2026"
Consumer Services,238868.0,-3482.0,2026-06-15,SERVICES,NSDL,"June 15, 2026"
Services,174963.0,487.0,2026-06-15,SERVICES,NSDL,"June 15, 2026"
Telecommunication,359649.0,2500.0,2026-06-15,TELECOM,NSDL,"June 15, 2026"
Textiles,20117.0,-107.0,2026-06-15,TEXTILES,NSDL,"June 15, 2026"
Automobile and Auto Components,502793.0,-10368.0,2026-06-30,AUTO,NSDL,"June 30, 2026"
Capital Goods,515370.0,-4028.0,2026-06-30,CAPITAL_GOODS,NSDL,"June 30, 2026"
Consumer Durables,176840.0,1930.0,2026-06-30,CAPITAL_GOODS,NSDL,"June 30, 2026"
Construction Materials,102049.0,-3076.0,2026-06-30,CEMENT,NSDL,"June 30, 2026"
Chemicals,122435.0,-1287.0,2026-06-30,CHEMICALS,NSDL,"June 30, 2026"
Forest Materials,1084.0,-24.0,2026-06-30,COMMODITIES,NSDL,"June 30, 2026"
Diversified,3814.0,-6.0,2026-06-30,DIVERSIFIED,NSDL,"June 30, 2026"
Others,75341.0,1492.0,2026-06-30,DIVERSIFIED,NSDL,"June 30, 2026"
"Oil, Gas & Consumable Fuels",464731.0,-13277.0,2026-06-30,ENERGY,NSDL,"June 30, 2026"
Power,277417.0,-6320.0,2026-06-30,ENERGY,NSDL,"June 30, 2026"
Financial Services,2111441.0,3371.0,2026-06-30,FINANCIAL_SERVICES,NSDL,"June 30, 2026"
Fast Moving Consumer Goods,304960.0,-5537.0,2026-06-30,FMCG,NSDL,"June 30, 2026"
Healthcare,506738.0,-3066.0,2026-06-30,HEALTHCARE,NSDL,"June 30, 2026"
Construction,129686.0,2881.0,2026-06-30,INFRASTRUCTURE,NSDL,"June 30, 2026"
Utilities,2851.0,223.0,2026-06-30,INFRASTRUCTURE,NSDL,"June 30, 2026"
Information Technology,338594.0,-7466.0,2026-06-30,IT,NSDL,"June 30, 2026"
"Media, Entertainment & Publication",10064.0,-359.0,2026-06-30,MEDIA,NSDL,"June 30, 2026"
Metals & Mining,285637.0,-9093.0,2026-06-30,METAL,NSDL,"June 30, 2026"
Realty,111296.0,800.0,2026-06-30,REALTY,NSDL,"June 30, 2026"
Consumer Services,253655.0,1229.0,2026-06-30,SERVICES,NSDL,"June 30, 2026"
Services,185850.0,2894.0,2026-06-30,SERVICES,NSDL,"June 30, 2026"
Telecommunication,360095.0,-347.0,2026-06-30,TELECOM,NSDL,"June 30, 2026"
Textiles,22193.0,95.0,2026-06-30,TEXTILES,NSDL,"June 30, 2026"
