doc_id,source_type,domain,entity,text_len,tag_count,knowledge_class,saved_at,effective_date,freshness_class,approval_state
P021_RESEARCH_VEDA-P021-00_EXECUTIVE_SUMMARY,research_tier,CAREER,VEDA-P021-00 EXECUTIVE SUMMARY,198,3,RESEARCH_CANDIDATE,,,research_tier,RESEARCH_ONLY
P021_RESEARCH_VEDA-P021-01_VALIDATION_AND_SHADOWS,research_tier,CAREER,VEDA-P021-01 VALIDATION AND SHADOWS,301,3,EXPERIMENTAL,,,research_tier,RESEARCH_ONLY
P022_RESEARCH_VEDA-P022-COMPLETION-SUMMARY,research_tier,WEALTH,VEDA-P022-COMPLETION-SUMMARY,15530,3,RESEARCH_CANDIDATE,,,research_tier,RESEARCH_ONLY
P022_RESEARCH_VEDA-P022-FINAL-COMPLETION-DASHBOARD,research_tier,WEALTH,VEDA-P022-FINAL-COMPLETION-DASHBOARD,15914,3,RESEARCH_CANDIDATE,,,research_tier,RESEARCH_ONLY
P022_RESEARCH_VEDA-P022-FINAL-REPORT,research_tier,WEALTH,VEDA-P022-FINAL-REPORT,18334,3,RESEARCH_CANDIDATE,,,research_tier,RESEARCH_ONLY
P022_RESEARCH_VEDA-P022-STATUS,research_tier,WEALTH,VEDA-P022-STATUS,10940,3,RESEARCH_CANDIDATE,,,research_tier,RESEARCH_ONLY
P023_RESEARCH_VEDA-P023-EXECUTIVE-SUMMARY,research_tier,EDUCATION,VEDA-P023-EXECUTIVE-SUMMARY,14247,3,RESEARCH_CANDIDATE,,,research_tier,RESEARCH_ONLY
P023_RESEARCH_VEDA-P023-FINAL-COMPLETION-DASHBOARD,research_tier,EDUCATION,VEDA-P023-FINAL-COMPLETION-DASHBOARD,15586,3,RESEARCH_CANDIDATE,,,research_tier,RESEARCH_ONLY
P024_RESEARCH_VEDA-P024-00_EXECUTIVE_SUMMARY,research_tier,MARRIAGE,VEDA-P024-00 EXECUTIVE SUMMARY,280,3,RESEARCH_CANDIDATE,,,research_tier,RESEARCH_ONLY
P024_RESEARCH_VEDA-P024-01_EXISTING_LOGIC_INVENTORY,research_tier,MARRIAGE,VEDA-P024-01 EXISTING LOGIC INVENTORY,661170,3,RESEARCH_CANDIDATE,,,research_tier,RESEARCH_ONLY
P024_RESEARCH_VEDA-P024-02_SOURCE_QUALITY,research_tier,MARRIAGE,VEDA-P024-02 SOURCE QUALITY,796,3,RESEARCH_CANDIDATE,,,research_tier,RESEARCH_ONLY
P024_RESEARCH_VEDA-P024-03_MARRIAGE_ONTOLOGY,research_tier,MARRIAGE,VEDA-P024-03 MARRIAGE ONTOLOGY,836,3,RESEARCH_CANDIDATE,,,research_tier,RESEARCH_ONLY
P024_RESEARCH_VEDA-P024-04_NATAL_FOUNDATION,research_tier,MARRIAGE,VEDA-P024-04 NATAL FOUNDATION,159,3,RESEARCH_CANDIDATE,,,research_tier,RESEARCH_ONLY
P024_RESEARCH_VEDA-P024-05_7TH_BHAVA_LORDSHIP,research_tier,MARRIAGE,VEDA-P024-05 7TH BHAVA LORDSHIP,155,3,RESEARCH_CANDIDATE,,,research_tier,RESEARCH_ONLY
P024_RESEARCH_VEDA-P024-06_KARAKAS,research_tier,MARRIAGE,VEDA-P024-06 KARAKAS,188,3,RESEARCH_CANDIDATE,,,research_tier,RESEARCH_ONLY
P024_RESEARCH_VEDA-P024-07_D9_NAVAMSHA,research_tier,MARRIAGE,VEDA-P024-07 D9 NAVAMSHA,152,3,RESEARCH_CANDIDATE,,,research_tier,RESEARCH_ONLY
P024_RESEARCH_VEDA-P024-08_D1_D9_BOUNDARY,research_tier,MARRIAGE,VEDA-P024-08 D1 D9 BOUNDARY,165,3,RESEARCH_CANDIDATE,,,research_tier,RESEARCH_ONLY
P024_RESEARCH_VEDA-P024-09_YOGA_DOSHA,research_tier,MARRIAGE,VEDA-P024-09 YOGA DOSHA,159,3,RESEARCH_CANDIDATE,,,research_tier,RESEARCH_ONLY
P024_RESEARCH_VEDA-P024-10_KUJA_DOSHA,research_tier,MARRIAGE,VEDA-P024-10 KUJA DOSHA,197,3,RESEARCH_CANDIDATE,,,research_tier,RESEARCH_ONLY
P024_RESEARCH_VEDA-P024-11_CANCELLATION,research_tier,MARRIAGE,VEDA-P024-11 CANCELLATION,164,3,RESEARCH_CANDIDATE,,,research_tier,RESEARCH_ONLY
P024_RESEARCH_VEDA-P024-12_STRENGTH_DASHA_TRANSIT,research_tier,MARRIAGE,VEDA-P024-12 STRENGTH DASHA TRANSIT,177,3,RESEARCH_CANDIDATE,,,research_tier,RESEARCH_ONLY
P024_RESEARCH_VEDA-P024-13_DELAY_CHALLENGE,research_tier,MARRIAGE,VEDA-P024-13 DELAY CHALLENGE,138,3,RESEARCH_CANDIDATE,,,research_tier,RESEARCH_ONLY
P024_RESEARCH_VEDA-P024-14_PARTNERSHIP_BOUNDARY,research_tier,MARRIAGE,VEDA-P024-14 PARTNERSHIP BOUNDARY,195,3,RESEARCH_CANDIDATE,,,research_tier,RESEARCH_ONLY
P024_RESEARCH_VEDA-P024-15_AGGREGATION_CONFLICT,research_tier,MARRIAGE,VEDA-P024-15 AGGREGATION CONFLICT,838,3,RESEARCH_CANDIDATE,,,research_tier,RESEARCH_ONLY
P024_RESEARCH_VEDA-P024-16_CONFIDENCE_EXPLAINABILITY,research_tier,MARRIAGE,VEDA-P024-16 CONFIDENCE EXPLAINABILITY,236,3,RESEARCH_CANDIDATE,,,research_tier,RESEARCH_ONLY
P024_RESEARCH_VEDA-P024-17_APPROVED_CORE_STATUS,research_tier,MARRIAGE,VEDA-P024-17 APPROVED CORE STATUS,146,3,RESEARCH_CANDIDATE,,,research_tier,RESEARCH_ONLY
P024_RESEARCH_VEDA-P024-18_EXPERIMENTAL_SHADOW,research_tier,MARRIAGE,VEDA-P024-18 EXPERIMENTAL SHADOW,157,3,EXPERIMENTAL,,,research_tier,RESEARCH_ONLY
P024_RESEARCH_VEDA-P024-19_VALIDATION,research_tier,MARRIAGE,VEDA-P024-19 VALIDATION,614,3,RESEARCH_CANDIDATE,,,research_tier,RESEARCH_ONLY
P024_RESEARCH_VEDA-P024-20_PREDICTION_BACKTESTING,research_tier,MARRIAGE,VEDA-P024-20 PREDICTION BACKTESTING,940,3,EXPERIMENTAL,,,research_tier,RESEARCH_ONLY
P024_RESEARCH_VEDA-P024-21_RAG,research_tier,MARRIAGE,VEDA-P024-21 RAG,285,3,RESEARCH_CANDIDATE,,,research_tier,RESEARCH_ONLY
P024_RESEARCH_VEDA-P024-22_CAPABILITY_READINESS,research_tier,MARRIAGE,VEDA-P024-22 CAPABILITY READINESS,903,3,RESEARCH_CANDIDATE,,,research_tier,RESEARCH_ONLY
P024_RESEARCH_VEDA-P024-23_REGRESSION,research_tier,MARRIAGE,VEDA-P024-23 REGRESSION,342,3,RESEARCH_CANDIDATE,,,research_tier,RESEARCH_ONLY
P024_RESEARCH_VEDA-P024-24_FINAL_ACCEPTANCE,research_tier,MARRIAGE,VEDA-P024-24 FINAL ACCEPTANCE,130,3,RESEARCH_CANDIDATE,,,research_tier,RESEARCH_ONLY
P025_RESEARCH_VEDA-P025-00_EXECUTIVE_SUMMARY,research_tier,PROGENY,VEDA-P025-00 EXECUTIVE SUMMARY,332,3,RESEARCH_CANDIDATE,,,research_tier,RESEARCH_ONLY
P025_RESEARCH_VEDA-P025-01_RESEARCH,research_tier,PROGENY,VEDA-P025-01 RESEARCH,251,3,RESEARCH_CANDIDATE,,,research_tier,RESEARCH_ONLY
P025_RESEARCH_VEDA-P025-02_ONTOLOGY,research_tier,PROGENY,VEDA-P025-02 ONTOLOGY,251,3,RESEARCH_CANDIDATE,,,research_tier,RESEARCH_ONLY
P025_RESEARCH_VEDA-P025-03_NATAL_FOUNDATION,research_tier,PROGENY,VEDA-P025-03 NATAL FOUNDATION,259,3,RESEARCH_CANDIDATE,,,research_tier,RESEARCH_ONLY
P025_RESEARCH_VEDA-P025-04_5TH_BHAVA_LORDSHIP,research_tier,PROGENY,VEDA-P025-04 5TH BHAVA LORDSHIP,261,3,RESEARCH_CANDIDATE,,,research_tier,RESEARCH_ONLY
P025_RESEARCH_VEDA-P025-05_KARAKAS,research_tier,PROGENY,VEDA-P025-05 KARAKAS,250,3,RESEARCH_CANDIDATE,,,research_tier,RESEARCH_ONLY
P025_RESEARCH_VEDA-P025-06_D7_CALCULATION,research_tier,PROGENY,VEDA-P025-06 D7 CALCULATION,257,3,RESEARCH_CANDIDATE,,,research_tier,RESEARCH_ONLY
P025_RESEARCH_VEDA-P025-07_D7_INTERPRETATION,research_tier,PROGENY,VEDA-P025-07 D7 INTERPRETATION,260,3,RESEARCH_CANDIDATE,,,research_tier,RESEARCH_ONLY
P025_RESEARCH_VEDA-P025-08_D1_D7_BOUNDARY,research_tier,PROGENY,VEDA-P025-08 D1 D7 BOUNDARY,257,3,RESEARCH_CANDIDATE,,,research_tier,RESEARCH_ONLY
P025_RESEARCH_VEDA-P025-09_YOGA_DOSHA,research_tier,PROGENY,VEDA-P025-09 YOGA DOSHA,253,3,RESEARCH_CANDIDATE,,,research_tier,RESEARCH_ONLY
P025_RESEARCH_VEDA-P025-10_DELAY_CHALLENGE_CANCELLATION,research_tier,PROGENY,VEDA-P025-10 DELAY CHALLENGE CANCELLATION,271,3,RESEARCH_CANDIDATE,,,research_tier,RESEARCH_ONLY
P025_RESEARCH_VEDA-P025-11_STRENGTH,research_tier,PROGENY,VEDA-P025-11 STRENGTH,251,3,RESEARCH_CANDIDATE,,,research_tier,RESEARCH_ONLY
P025_RESEARCH_VEDA-P025-12_DASHA,research_tier,PROGENY,VEDA-P025-12 DASHA,248,3,RESEARCH_CANDIDATE,,,research_tier,RESEARCH_ONLY
P025_RESEARCH_VEDA-P025-13_TRANSIT,research_tier,PROGENY,VEDA-P025-13 TRANSIT,250,3,RESEARCH_CANDIDATE,,,research_tier,RESEARCH_ONLY
P025_RESEARCH_VEDA-P025-14_FERTILITY_PROGENY_BOUNDARY,research_tier,PROGENY,VEDA-P025-14 FERTILITY PROGENY BOUNDARY,269,3,RESEARCH_CANDIDATE,,,research_tier,RESEARCH_ONLY
P025_RESEARCH_VEDA-P025-15_MEDICAL_BOUNDARY,research_tier,PROGENY,VEDA-P025-15 MEDICAL BOUNDARY,259,3,RESEARCH_CANDIDATE,,,research_tier,RESEARCH_ONLY
P025_RESEARCH_VEDA-P025-16_AGGREGATION_CONFLICT,research_tier,PROGENY,VEDA-P025-16 AGGREGATION CONFLICT,263,3,RESEARCH_CANDIDATE,,,research_tier,RESEARCH_ONLY
P025_RESEARCH_VEDA-P025-17_CONFIDENCE_EXPLAINABILITY,research_tier,PROGENY,VEDA-P025-17 CONFIDENCE EXPLAINABILITY,268,3,RESEARCH_CANDIDATE,,,research_tier,RESEARCH_ONLY
P025_RESEARCH_VEDA-P025-18_APPROVED_CORE,research_tier,PROGENY,VEDA-P025-18 APPROVED CORE,256,3,RESEARCH_CANDIDATE,,,research_tier,RESEARCH_ONLY
P025_RESEARCH_VEDA-P025-19_EXPERIMENTAL_SHADOW,research_tier,PROGENY,VEDA-P025-19 EXPERIMENTAL SHADOW,262,3,EXPERIMENTAL,,,research_tier,RESEARCH_ONLY
P025_RESEARCH_VEDA-P025-20_VALIDATION,research_tier,PROGENY,VEDA-P025-20 VALIDATION,253,3,RESEARCH_CANDIDATE,,,research_tier,RESEARCH_ONLY
P025_RESEARCH_VEDA-P025-21_PREDICTION_BACKTESTING,research_tier,PROGENY,VEDA-P025-21 PREDICTION BACKTESTING,265,3,EXPERIMENTAL,,,research_tier,RESEARCH_ONLY
P025_RESEARCH_VEDA-P025-22_RAG,research_tier,PROGENY,VEDA-P025-22 RAG,246,3,RESEARCH_CANDIDATE,,,research_tier,RESEARCH_ONLY
P025_RESEARCH_VEDA-P025-23_CAPABILITY_READINESS,research_tier,PROGENY,VEDA-P025-23 CAPABILITY READINESS,263,3,RESEARCH_CANDIDATE,,,research_tier,RESEARCH_ONLY
P025_RESEARCH_VEDA-P025-24_REGRESSION,research_tier,PROGENY,VEDA-P025-24 REGRESSION,253,3,RESEARCH_CANDIDATE,,,research_tier,RESEARCH_ONLY
P025_RESEARCH_VEDA-P025-25_FINAL_ACCEPTANCE,research_tier,PROGENY,VEDA-P025-25 FINAL ACCEPTANCE,259,3,RESEARCH_CANDIDATE,,,research_tier,RESEARCH_ONLY
P026_RESEARCH_VEDA-P026-00_EXECUTIVE_SUMMARY,research_tier,HEALTH,VEDA-P026-00 EXECUTIVE SUMMARY,369,3,RESEARCH_CANDIDATE,,,research_tier,RESEARCH_ONLY
P026_RESEARCH_VEDA-P026-01_RESEARCH,research_tier,HEALTH,VEDA-P026-01 RESEARCH,235,3,RESEARCH_CANDIDATE,,,research_tier,RESEARCH_ONLY
P026_RESEARCH_VEDA-P026-02_ONTOLOGY,research_tier,HEALTH,VEDA-P026-02 ONTOLOGY,235,3,RESEARCH_CANDIDATE,,,research_tier,RESEARCH_ONLY
P026_RESEARCH_VEDA-P026-03_NATAL_VITALITY,research_tier,HEALTH,VEDA-P026-03 NATAL VITALITY,241,3,RESEARCH_CANDIDATE,,,research_tier,RESEARCH_ONLY
P026_RESEARCH_VEDA-P026-04_LAGNA,research_tier,HEALTH,VEDA-P026-04 LAGNA,232,3,RESEARCH_CANDIDATE,,,research_tier,RESEARCH_ONLY
P026_RESEARCH_VEDA-P026-05_6TH_BHAVA,research_tier,HEALTH,VEDA-P026-05 6TH BHAVA,236,3,RESEARCH_CANDIDATE,,,research_tier,RESEARCH_ONLY
P026_RESEARCH_VEDA-P026-06_8TH_BHAVA,research_tier,HEALTH,VEDA-P026-06 8TH BHAVA,236,3,RESEARCH_CANDIDATE,,,research_tier,RESEARCH_ONLY
P026_RESEARCH_VEDA-P026-07_12TH_BHAVA,research_tier,HEALTH,VEDA-P026-07 12TH BHAVA,237,3,RESEARCH_CANDIDATE,,,research_tier,RESEARCH_ONLY
P026_RESEARCH_VEDA-P026-08_KARAKAS,research_tier,HEALTH,VEDA-P026-08 KARAKAS,234,3,RESEARCH_CANDIDATE,,,research_tier,RESEARCH_ONLY
P026_RESEARCH_VEDA-P026-09_VARGA_CALCULATION,research_tier,HEALTH,VEDA-P026-09 VARGA CALCULATION,244,3,RESEARCH_CANDIDATE,,,research_tier,RESEARCH_ONLY
P026_RESEARCH_VEDA-P026-10_VARGA_INTERPRETATION,research_tier,HEALTH,VEDA-P026-10 VARGA INTERPRETATION,247,3,RESEARCH_CANDIDATE,,,research_tier,RESEARCH_ONLY
P026_RESEARCH_VEDA-P026-11_D1_VARGA_BOUNDARY,research_tier,HEALTH,VEDA-P026-11 D1 VARGA BOUNDARY,244,3,RESEARCH_CANDIDATE,,,research_tier,RESEARCH_ONLY
P026_RESEARCH_VEDA-P026-12_YOGA_DOSHA,research_tier,HEALTH,VEDA-P026-12 YOGA DOSHA,237,3,RESEARCH_CANDIDATE,,,research_tier,RESEARCH_ONLY
P026_RESEARCH_VEDA-P026-13_MITIGATION_CANCELLATION,research_tier,HEALTH,VEDA-P026-13 MITIGATION CANCELLATION,250,3,RESEARCH_CANDIDATE,,,research_tier,RESEARCH_ONLY
P026_RESEARCH_VEDA-P026-14_STRENGTH,research_tier,HEALTH,VEDA-P026-14 STRENGTH,235,3,RESEARCH_CANDIDATE,,,research_tier,RESEARCH_ONLY
P026_RESEARCH_VEDA-P026-15_DASHA,research_tier,HEALTH,VEDA-P026-15 DASHA,232,3,RESEARCH_CANDIDATE,,,research_tier,RESEARCH_ONLY
P026_RESEARCH_VEDA-P026-16_TRANSIT,research_tier,HEALTH,VEDA-P026-16 TRANSIT,234,3,RESEARCH_CANDIDATE,,,research_tier,RESEARCH_ONLY
P026_RESEARCH_VEDA-P026-17_ACUTE_CHRONIC_BOUNDARY,research_tier,HEALTH,VEDA-P026-17 ACUTE CHRONIC BOUNDARY,249,3,RESEARCH_CANDIDATE,,,research_tier,RESEARCH_ONLY
P026_RESEARCH_VEDA-P026-18_MEDICAL_BOUNDARY,research_tier,HEALTH,VEDA-P026-18 MEDICAL BOUNDARY,243,3,RESEARCH_CANDIDATE,,,research_tier,RESEARCH_ONLY
P026_RESEARCH_VEDA-P026-19_AGGREGATION_CONFLICT,research_tier,HEALTH,VEDA-P026-19 AGGREGATION CONFLICT,247,3,RESEARCH_CANDIDATE,,,research_tier,RESEARCH_ONLY
P026_RESEARCH_VEDA-P026-20_CONFIDENCE_EXPLAINABILITY,research_tier,HEALTH,VEDA-P026-20 CONFIDENCE EXPLAINABILITY,252,3,RESEARCH_CANDIDATE,,,research_tier,RESEARCH_ONLY
P026_RESEARCH_VEDA-P026-21_APPROVED_CORE,research_tier,HEALTH,VEDA-P026-21 APPROVED CORE,240,3,RESEARCH_CANDIDATE,,,research_tier,RESEARCH_ONLY
P026_RESEARCH_VEDA-P026-22_EXPERIMENTAL_SHADOW,research_tier,HEALTH,VEDA-P026-22 EXPERIMENTAL SHADOW,246,3,EXPERIMENTAL,,,research_tier,RESEARCH_ONLY
P026_RESEARCH_VEDA-P026-23_VALIDATION,research_tier,HEALTH,VEDA-P026-23 VALIDATION,237,3,RESEARCH_CANDIDATE,,,research_tier,RESEARCH_ONLY
P026_RESEARCH_VEDA-P026-24_PREDICTION_BACKTESTING,research_tier,HEALTH,VEDA-P026-24 PREDICTION BACKTESTING,249,3,EXPERIMENTAL,,,research_tier,RESEARCH_ONLY
P026_RESEARCH_VEDA-P026-25_RAG,research_tier,HEALTH,VEDA-P026-25 RAG,230,3,RESEARCH_CANDIDATE,,,research_tier,RESEARCH_ONLY
P026_RESEARCH_VEDA-P026-26_CAPABILITY_READINESS,research_tier,HEALTH,VEDA-P026-26 CAPABILITY READINESS,247,3,RESEARCH_CANDIDATE,,,research_tier,RESEARCH_ONLY
P026_RESEARCH_VEDA-P026-27_REGRESSION,research_tier,HEALTH,VEDA-P026-27 REGRESSION,237,3,RESEARCH_CANDIDATE,,,research_tier,RESEARCH_ONLY
P026_RESEARCH_VEDA-P026-28_FINAL_ACCEPTANCE,research_tier,HEALTH,VEDA-P026-28 FINAL ACCEPTANCE,243,3,RESEARCH_CANDIDATE,,,research_tier,RESEARCH_ONLY
VEDA-RCND-000001,research_tier,DASHA,DASHA - Vimshottari Dasha Foundations,181,3,RESEARCH_CANDIDATE,2026-08-11T00:05:02Z,,research_tier,APPROVED
VEDA-RCND-000002,research_tier,DASHA,DASHA - Vimshottari Dasha Foundations,168,3,RESEARCH_CANDIDATE,2026-08-11T00:06:38Z,,research_tier,PENDING
VEDA-RCND-000003,research_tier,YOGA,VEDA-P005-LGC-0001,163,3,RESEARCH_ARCHIVE,2026-08-11T00:09:22Z,,research_tier,REJECTED
VEDA-RCND-000004,research_tier,DASHA,DASHA - Vimshottari Dasha Foundations,123,3,RESEARCH_CANDIDATE,2026-08-11T00:05:42Z,,research_tier,NEEDS_MORE_RESEARCH
VEDA-RCND-000005,research_tier,DASHA,DASHA - Vimshottari Dasha Foundations,231,3,RESEARCH_CANDIDATE,2026-08-11T00:07:30Z,,research_tier,PENDING
VEDA-RCND-000006,research_tier,DASHA,DASHA - Vimshottari Dasha Foundations,217,3,RESEARCH_CANDIDATE,2026-08-11T00:07:05Z,,research_tier,PENDING
corp_360ONE,platform_intelligence,CORPORATE,360ONE,251,2,LOCAL_PLATFORM_EVIDENCE,,2026-08-17,dated_snapshot,system_generated
corp_ABINFRA,platform_intelligence,CORPORATE,ABINFRA,252,2,LOCAL_PLATFORM_EVIDENCE,,2026-08-17,dated_snapshot,system_generated
corp_ACCELYA,platform_intelligence,CORPORATE,ACCELYA,252,2,LOCAL_PLATFORM_EVIDENCE,,2026-08-17,dated_snapshot,system_generated
corp_ADANIPOWER,platform_intelligence,CORPORATE,ADANIPOWER,255,2,LOCAL_PLATFORM_EVIDENCE,,2026-08-17,dated_snapshot,system_generated
corp_ADFFOODS,platform_intelligence,CORPORATE,ADFFOODS,253,2,LOCAL_PLATFORM_EVIDENCE,,2026-08-17,dated_snapshot,system_generated
corp_ADVANIHOTR,platform_intelligence,CORPORATE,ADVANIHOTR,255,2,LOCAL_PLATFORM_EVIDENCE,,2026-08-17,dated_snapshot,system_generated
corp_AHCL,platform_intelligence,CORPORATE,AHCL,249,2,LOCAL_PLATFORM_EVIDENCE,,2026-08-17,dated_snapshot,system_generated
corp_AIIL,platform_intelligence,CORPORATE,AIIL,249,2,LOCAL_PLATFORM_EVIDENCE,,2026-08-17,dated_snapshot,system_generated
corp_AJMERA,platform_intelligence,CORPORATE,AJMERA,251,2,LOCAL_PLATFORM_EVIDENCE,,2026-08-17,dated_snapshot,system_generated
corp_AMRUTANJAN,platform_intelligence,CORPORATE,AMRUTANJAN,255,2,LOCAL_PLATFORM_EVIDENCE,,2026-08-17,dated_snapshot,system_generated
corp_ANANDRATHI,platform_intelligence,CORPORATE,ANANDRATHI,255,2,LOCAL_PLATFORM_EVIDENCE,,2026-08-17,dated_snapshot,system_generated
corp_ANGELONE,platform_intelligence,CORPORATE,ANGELONE,253,2,LOCAL_PLATFORM_EVIDENCE,,2026-08-17,dated_snapshot,system_generated
corp_AUROPHARMA,platform_intelligence,CORPORATE,AUROPHARMA,255,2,LOCAL_PLATFORM_EVIDENCE,,2026-08-17,dated_snapshot,system_generated
corp_AXITA,platform_intelligence,CORPORATE,AXITA,250,2,LOCAL_PLATFORM_EVIDENCE,,2026-08-17,dated_snapshot,system_generated
corp_BAJAJ-AUTO,platform_intelligence,CORPORATE,BAJAJ-AUTO,255,2,LOCAL_PLATFORM_EVIDENCE,,2026-08-17,dated_snapshot,system_generated
corp_BAJAJCON,platform_intelligence,CORPORATE,BAJAJCON,253,2,LOCAL_PLATFORM_EVIDENCE,,2026-08-17,dated_snapshot,system_generated
corp_BAJAJHLDNG,platform_intelligence,CORPORATE,BAJAJHLDNG,255,2,LOCAL_PLATFORM_EVIDENCE,,2026-08-17,dated_snapshot,system_generated
corp_BALKRISIND,platform_intelligence,CORPORATE,BALKRISIND,255,2,LOCAL_PLATFORM_EVIDENCE,,2026-08-17,dated_snapshot,system_generated
corp_BDL,platform_intelligence,CORPORATE,BDL,248,2,LOCAL_PLATFORM_EVIDENCE,,2026-08-17,dated_snapshot,system_generated
corp_BECTORFOOD,platform_intelligence,CORPORATE,BECTORFOOD,255,2,LOCAL_PLATFORM_EVIDENCE,,2026-08-17,dated_snapshot,system_generated
corp_BEML,platform_intelligence,CORPORATE,BEML,249,2,LOCAL_PLATFORM_EVIDENCE,,2026-08-17,dated_snapshot,system_generated
corp_BEPL,platform_intelligence,CORPORATE,BEPL,249,2,LOCAL_PLATFORM_EVIDENCE,,2026-08-17,dated_snapshot,system_generated
corp_BESTAGRO,platform_intelligence,CORPORATE,BESTAGRO,253,2,LOCAL_PLATFORM_EVIDENCE,,2026-08-17,dated_snapshot,system_generated
corp_BHARATFORG,platform_intelligence,CORPORATE,BHARATFORG,255,2,LOCAL_PLATFORM_EVIDENCE,,2026-08-17,dated_snapshot,system_generated
corp_BHARATRAS,platform_intelligence,CORPORATE,BHARATRAS,254,2,LOCAL_PLATFORM_EVIDENCE,,2026-08-17,dated_snapshot,system_generated
corp_BIRLACORPN,platform_intelligence,CORPORATE,BIRLACORPN,255,2,LOCAL_PLATFORM_EVIDENCE,,2026-08-17,dated_snapshot,system_generated
corp_BLISSGVS,platform_intelligence,CORPORATE,BLISSGVS,253,2,LOCAL_PLATFORM_EVIDENCE,,2026-08-17,dated_snapshot,system_generated
corp_BLS,platform_intelligence,CORPORATE,BLS,248,2,LOCAL_PLATFORM_EVIDENCE,,2026-08-17,dated_snapshot,system_generated
corp_BLSE,platform_intelligence,CORPORATE,BLSE,249,2,LOCAL_PLATFORM_EVIDENCE,,2026-08-17,dated_snapshot,system_generated
corp_BPCL,platform_intelligence,CORPORATE,BPCL,249,2,LOCAL_PLATFORM_EVIDENCE,,2026-08-17,dated_snapshot,system_generated
corp_BRIGADE,platform_intelligence,CORPORATE,BRIGADE,252,2,LOCAL_PLATFORM_EVIDENCE,,2026-08-17,dated_snapshot,system_generated
corp_BSOFT,platform_intelligence,CORPORATE,BSOFT,250,2,LOCAL_PLATFORM_EVIDENCE,,2026-08-17,dated_snapshot,system_generated
corp_BUILDPRO,platform_intelligence,CORPORATE,BUILDPRO,253,2,LOCAL_PLATFORM_EVIDENCE,,2026-08-17,dated_snapshot,system_generated
corp_CAMPUS,platform_intelligence,CORPORATE,CAMPUS,251,2,LOCAL_PLATFORM_EVIDENCE,,2026-08-17,dated_snapshot,system_generated
corp_CAMS,platform_intelligence,CORPORATE,CAMS,249,2,LOCAL_PLATFORM_EVIDENCE,,2026-08-17,dated_snapshot,system_generated
corp_CANFINHOME,platform_intelligence,CORPORATE,CANFINHOME,255,2,LOCAL_PLATFORM_EVIDENCE,,2026-08-17,dated_snapshot,system_generated
corp_CAPLIPOINT,platform_intelligence,CORPORATE,CAPLIPOINT,255,2,LOCAL_PLATFORM_EVIDENCE,,2026-08-17,dated_snapshot,system_generated
corp_CENTRALBK,platform_intelligence,CORPORATE,CENTRALBK,254,2,LOCAL_PLATFORM_EVIDENCE,,2026-08-17,dated_snapshot,system_generated
corp_CMSINFO,platform_intelligence,CORPORATE,CMSINFO,252,2,LOCAL_PLATFORM_EVIDENCE,,2026-08-17,dated_snapshot,system_generated
corp_COALINDIA,platform_intelligence,CORPORATE,COALINDIA,254,2,LOCAL_PLATFORM_EVIDENCE,,2026-08-17,dated_snapshot,system_generated
corp_COCHINSHIP,platform_intelligence,CORPORATE,COCHINSHIP,255,2,LOCAL_PLATFORM_EVIDENCE,,2026-08-17,dated_snapshot,system_generated
corp_COFORGE,platform_intelligence,CORPORATE,COFORGE,252,2,LOCAL_PLATFORM_EVIDENCE,,2026-08-17,dated_snapshot,system_generated
corp_CONCOR,platform_intelligence,CORPORATE,CONCOR,251,2,LOCAL_PLATFORM_EVIDENCE,,2026-08-17,dated_snapshot,system_generated
corp_CRISIL,platform_intelligence,CORPORATE,CRISIL,251,2,LOCAL_PLATFORM_EVIDENCE,,2026-08-17,dated_snapshot,system_generated
corp_CUB,platform_intelligence,CORPORATE,CUB,248,2,LOCAL_PLATFORM_EVIDENCE,,2026-08-17,dated_snapshot,system_generated
corp_CUPID,platform_intelligence,CORPORATE,CUPID,250,2,LOCAL_PLATFORM_EVIDENCE,,2026-08-17,dated_snapshot,system_generated
corp_CYBERTECH,platform_intelligence,CORPORATE,CYBERTECH,254,2,LOCAL_PLATFORM_EVIDENCE,,2026-08-17,dated_snapshot,system_generated
corp_CYIENT,platform_intelligence,CORPORATE,CYIENT,251,2,LOCAL_PLATFORM_EVIDENCE,,2026-08-17,dated_snapshot,system_generated
corp_DBEIL,platform_intelligence,CORPORATE,DBEIL,250,2,LOCAL_PLATFORM_EVIDENCE,,2026-08-17,dated_snapshot,system_generated
corp_DCMSHRIRAM,platform_intelligence,CORPORATE,DCMSHRIRAM,255,2,LOCAL_PLATFORM_EVIDENCE,,2026-08-17,dated_snapshot,system_generated
corp_DELPHIFX,platform_intelligence,CORPORATE,DELPHIFX,253,2,LOCAL_PLATFORM_EVIDENCE,,2026-08-17,dated_snapshot,system_generated
corp_DHANUKA,platform_intelligence,CORPORATE,DHANUKA,252,2,LOCAL_PLATFORM_EVIDENCE,,2026-08-17,dated_snapshot,system_generated
corp_ECLERX,platform_intelligence,CORPORATE,ECLERX,251,2,LOCAL_PLATFORM_EVIDENCE,,2026-08-17,dated_snapshot,system_generated
corp_ESABINDIA,platform_intelligence,CORPORATE,ESABINDIA,254,2,LOCAL_PLATFORM_EVIDENCE,,2026-08-17,dated_snapshot,system_generated
corp_FAIRCHEMOR,platform_intelligence,CORPORATE,FAIRCHEMOR,255,2,LOCAL_PLATFORM_EVIDENCE,,2026-08-17,dated_snapshot,system_generated
corp_FCL,platform_intelligence,CORPORATE,FCL,248,2,LOCAL_PLATFORM_EVIDENCE,,2026-08-17,dated_snapshot,system_generated
corp_FISCHER,platform_intelligence,CORPORATE,FISCHER,252,2,LOCAL_PLATFORM_EVIDENCE,,2026-08-17,dated_snapshot,system_generated
corp_GARFIBRES,platform_intelligence,CORPORATE,GARFIBRES,254,2,LOCAL_PLATFORM_EVIDENCE,,2026-08-17,dated_snapshot,system_generated
corp_GEEKAYWIRE,platform_intelligence,CORPORATE,GEEKAYWIRE,255,2,LOCAL_PLATFORM_EVIDENCE,,2026-08-17,dated_snapshot,system_generated
corp_GESHIP,platform_intelligence,CORPORATE,GESHIP,251,2,LOCAL_PLATFORM_EVIDENCE,,2026-08-17,dated_snapshot,system_generated
corp_GHCL,platform_intelligence,CORPORATE,GHCL,249,2,LOCAL_PLATFORM_EVIDENCE,,2026-08-17,dated_snapshot,system_generated
corp_GILLETTE,platform_intelligence,CORPORATE,GILLETTE,253,2,LOCAL_PLATFORM_EVIDENCE,,2026-08-17,dated_snapshot,system_generated
corp_GLENMARK,platform_intelligence,CORPORATE,GLENMARK,253,2,LOCAL_PLATFORM_EVIDENCE,,2026-08-17,dated_snapshot,system_generated
corp_GLOBAL,platform_intelligence,CORPORATE,GLOBAL,251,2,LOCAL_PLATFORM_EVIDENCE,,2026-08-17,dated_snapshot,system_generated
corp_GOCOLORS,platform_intelligence,CORPORATE,GOCOLORS,253,2,LOCAL_PLATFORM_EVIDENCE,,2026-08-17,dated_snapshot,system_generated
corp_GODFRYPHLP,platform_intelligence,CORPORATE,GODFRYPHLP,255,2,LOCAL_PLATFORM_EVIDENCE,,2026-08-17,dated_snapshot,system_generated
corp_GODREJCP,platform_intelligence,CORPORATE,GODREJCP,253,2,LOCAL_PLATFORM_EVIDENCE,,2026-08-17,dated_snapshot,system_generated
corp_GOLDIAM,platform_intelligence,CORPORATE,GOLDIAM,252,2,LOCAL_PLATFORM_EVIDENCE,,2026-08-17,dated_snapshot,system_generated
corp_GOPAL,platform_intelligence,CORPORATE,GOPAL,250,2,LOCAL_PLATFORM_EVIDENCE,,2026-08-17,dated_snapshot,system_generated
corp_GRMOVER,platform_intelligence,CORPORATE,GRMOVER,252,2,LOCAL_PLATFORM_EVIDENCE,,2026-08-17,dated_snapshot,system_generated
corp_GRSE,platform_intelligence,CORPORATE,GRSE,249,2,LOCAL_PLATFORM_EVIDENCE,,2026-08-17,dated_snapshot,system_generated
corp_HARDWYN,platform_intelligence,CORPORATE,HARDWYN,252,2,LOCAL_PLATFORM_EVIDENCE,,2026-08-17,dated_snapshot,system_generated
corp_HCLTECH,platform_intelligence,CORPORATE,HCLTECH,252,2,LOCAL_PLATFORM_EVIDENCE,,2026-08-17,dated_snapshot,system_generated
corp_HDFCAMC,platform_intelligence,CORPORATE,HDFCAMC,252,2,LOCAL_PLATFORM_EVIDENCE,,2026-08-17,dated_snapshot,system_generated
corp_HIRECT,platform_intelligence,CORPORATE,HIRECT,251,2,LOCAL_PLATFORM_EVIDENCE,,2026-08-17,dated_snapshot,system_generated
corp_HUDCO,platform_intelligence,CORPORATE,HUDCO,250,2,LOCAL_PLATFORM_EVIDENCE,,2026-08-17,dated_snapshot,system_generated
corp_INFOBEAN,platform_intelligence,CORPORATE,INFOBEAN,253,2,LOCAL_PLATFORM_EVIDENCE,,2026-08-17,dated_snapshot,system_generated
corp_INFY,platform_intelligence,CORPORATE,INFY,249,2,LOCAL_PLATFORM_EVIDENCE,,2026-08-17,dated_snapshot,system_generated
corp_IRB,platform_intelligence,CORPORATE,IRB,248,2,LOCAL_PLATFORM_EVIDENCE,,2026-08-17,dated_snapshot,system_generated
corp_JAGSNPHARM,platform_intelligence,CORPORATE,JAGSNPHARM,255,2,LOCAL_PLATFORM_EVIDENCE,,2026-08-17,dated_snapshot,system_generated
corp_JLHL,platform_intelligence,CORPORATE,JLHL,249,2,LOCAL_PLATFORM_EVIDENCE,,2026-08-17,dated_snapshot,system_generated
corp_KAJARIACER,platform_intelligence,CORPORATE,KAJARIACER,255,2,LOCAL_PLATFORM_EVIDENCE,,2026-08-17,dated_snapshot,system_generated
corp_KAPSTON,platform_intelligence,CORPORATE,KAPSTON,252,2,LOCAL_PLATFORM_EVIDENCE,,2026-08-17,dated_snapshot,system_generated
corp_KILITCH,platform_intelligence,CORPORATE,KILITCH,252,2,LOCAL_PLATFORM_EVIDENCE,,2026-08-17,dated_snapshot,system_generated
corp_KOTAKBANK,platform_intelligence,CORPORATE,KOTAKBANK,254,2,LOCAL_PLATFORM_EVIDENCE,,2026-08-17,dated_snapshot,system_generated
corp_KOTYARK,platform_intelligence,CORPORATE,KOTYARK,252,2,LOCAL_PLATFORM_EVIDENCE,,2026-08-17,dated_snapshot,system_generated
corp_KPEL,platform_intelligence,CORPORATE,KPEL,249,2,LOCAL_PLATFORM_EVIDENCE,,2026-08-17,dated_snapshot,system_generated
corp_KPIGREEN,platform_intelligence,CORPORATE,KPIGREEN,253,2,LOCAL_PLATFORM_EVIDENCE,,2026-08-17,dated_snapshot,system_generated
corp_KRISHANA,platform_intelligence,CORPORATE,KRISHANA,253,2,LOCAL_PLATFORM_EVIDENCE,,2026-08-17,dated_snapshot,system_generated
corp_KSOLVES,platform_intelligence,CORPORATE,KSOLVES,252,2,LOCAL_PLATFORM_EVIDENCE,,2026-08-17,dated_snapshot,system_generated
corp_LALPATHLAB,platform_intelligence,CORPORATE,LALPATHLAB,255,2,LOCAL_PLATFORM_EVIDENCE,,2026-08-17,dated_snapshot,system_generated
corp_LGHL,platform_intelligence,CORPORATE,LGHL,249,2,LOCAL_PLATFORM_EVIDENCE,,2026-08-17,dated_snapshot,system_generated
corp_LICI,platform_intelligence,CORPORATE,LICI,249,2,LOCAL_PLATFORM_EVIDENCE,,2026-08-17,dated_snapshot,system_generated
corp_MANAPPURAM,platform_intelligence,CORPORATE,MANAPPURAM,255,2,LOCAL_PLATFORM_EVIDENCE,,2026-08-17,dated_snapshot,system_generated
corp_MANBA,platform_intelligence,CORPORATE,MANBA,250,2,LOCAL_PLATFORM_EVIDENCE,,2026-08-17,dated_snapshot,system_generated
corp_MATRIMONY,platform_intelligence,CORPORATE,MATRIMONY,254,2,LOCAL_PLATFORM_EVIDENCE,,2026-08-17,dated_snapshot,system_generated
corp_MAZDOCK,platform_intelligence,CORPORATE,MAZDOCK,252,2,LOCAL_PLATFORM_EVIDENCE,,2026-08-17,dated_snapshot,system_generated
corp_MBAPL,platform_intelligence,CORPORATE,MBAPL,250,2,LOCAL_PLATFORM_EVIDENCE,,2026-08-17,dated_snapshot,system_generated
corp_METROPOLIS,platform_intelligence,CORPORATE,METROPOLIS,255,2,LOCAL_PLATFORM_EVIDENCE,,2026-08-17,dated_snapshot,system_generated
corp_MODISONLTD,platform_intelligence,CORPORATE,MODISONLTD,255,2,LOCAL_PLATFORM_EVIDENCE,,2026-08-17,dated_snapshot,system_generated
corp_MOIL,platform_intelligence,CORPORATE,MOIL,249,2,LOCAL_PLATFORM_EVIDENCE,,2026-08-17,dated_snapshot,system_generated
corp_MONEYBOXX,platform_intelligence,CORPORATE,MONEYBOXX,254,2,LOCAL_PLATFORM_EVIDENCE,,2026-08-17,dated_snapshot,system_generated
corp_MRF,platform_intelligence,CORPORATE,MRF,248,2,LOCAL_PLATFORM_EVIDENCE,,2026-08-17,dated_snapshot,system_generated
corp_MWL,platform_intelligence,CORPORATE,MWL,248,2,LOCAL_PLATFORM_EVIDENCE,,2026-08-17,dated_snapshot,system_generated
corp_NATIONALUM,platform_intelligence,CORPORATE,NATIONALUM,255,2,LOCAL_PLATFORM_EVIDENCE,,2026-08-17,dated_snapshot,system_generated
corp_NAUKRI,platform_intelligence,CORPORATE,NAUKRI,251,2,LOCAL_PLATFORM_EVIDENCE,,2026-08-17,dated_snapshot,system_generated
corp_NAVNETEDUL,platform_intelligence,CORPORATE,NAVNETEDUL,255,2,LOCAL_PLATFORM_EVIDENCE,,2026-08-17,dated_snapshot,system_generated
corp_NAZARA,platform_intelligence,CORPORATE,NAZARA,251,2,LOCAL_PLATFORM_EVIDENCE,,2026-08-17,dated_snapshot,system_generated
corp_NECLIFE,platform_intelligence,CORPORATE,NECLIFE,252,2,LOCAL_PLATFORM_EVIDENCE,,2026-08-17,dated_snapshot,system_generated
corp_NESTLEIND,platform_intelligence,CORPORATE,NESTLEIND,254,2,LOCAL_PLATFORM_EVIDENCE,,2026-08-17,dated_snapshot,system_generated
corp_NRBBEARING,platform_intelligence,CORPORATE,NRBBEARING,255,2,LOCAL_PLATFORM_EVIDENCE,,2026-08-17,dated_snapshot,system_generated
corp_NTPC,platform_intelligence,CORPORATE,NTPC,249,2,LOCAL_PLATFORM_EVIDENCE,,2026-08-17,dated_snapshot,system_generated
corp_NURECA,platform_intelligence,CORPORATE,NURECA,251,2,LOCAL_PLATFORM_EVIDENCE,,2026-08-17,dated_snapshot,system_generated
corp_NUVAMA,platform_intelligence,CORPORATE,NUVAMA,251,2,LOCAL_PLATFORM_EVIDENCE,,2026-08-17,dated_snapshot,system_generated
corp_OBEROIRLTY,platform_intelligence,CORPORATE,OBEROIRLTY,255,2,LOCAL_PLATFORM_EVIDENCE,,2026-08-17,dated_snapshot,system_generated
corp_OIL,platform_intelligence,CORPORATE,OIL,248,2,LOCAL_PLATFORM_EVIDENCE,,2026-08-17,dated_snapshot,system_generated
corp_ONGC,platform_intelligence,CORPORATE,ONGC,249,2,LOCAL_PLATFORM_EVIDENCE,,2026-08-17,dated_snapshot,system_generated
corp_ONWARDTEC,platform_intelligence,CORPORATE,ONWARDTEC,254,2,LOCAL_PLATFORM_EVIDENCE,,2026-08-17,dated_snapshot,system_generated
corp_ORBTEXP,platform_intelligence,CORPORATE,ORBTEXP,252,2,LOCAL_PLATFORM_EVIDENCE,,2026-08-17,dated_snapshot,system_generated
corp_ORIENTELEC,platform_intelligence,CORPORATE,ORIENTELEC,255,2,LOCAL_PLATFORM_EVIDENCE,,2026-08-17,dated_snapshot,system_generated
corp_ORIENTTECH,platform_intelligence,CORPORATE,ORIENTTECH,255,2,LOCAL_PLATFORM_EVIDENCE,,2026-08-17,dated_snapshot,system_generated
corp_PAGEIND,platform_intelligence,CORPORATE,PAGEIND,252,2,LOCAL_PLATFORM_EVIDENCE,,2026-08-17,dated_snapshot,system_generated
corp_PASHUPATI,platform_intelligence,CORPORATE,PASHUPATI,254,2,LOCAL_PLATFORM_EVIDENCE,,2026-08-17,dated_snapshot,system_generated
corp_PATANJALI,platform_intelligence,CORPORATE,PATANJALI,254,2,LOCAL_PLATFORM_EVIDENCE,,2026-08-17,dated_snapshot,system_generated
corp_PATINTLOG,platform_intelligence,CORPORATE,PATINTLOG,254,2,LOCAL_PLATFORM_EVIDENCE,,2026-08-17,dated_snapshot,system_generated
corp_PAVNAIND,platform_intelligence,CORPORATE,PAVNAIND,253,2,LOCAL_PLATFORM_EVIDENCE,,2026-08-17,dated_snapshot,system_generated
corp_PCBL,platform_intelligence,CORPORATE,PCBL,249,2,LOCAL_PLATFORM_EVIDENCE,,2026-08-17,dated_snapshot,system_generated
corp_PDSL,platform_intelligence,CORPORATE,PDSL,249,2,LOCAL_PLATFORM_EVIDENCE,,2026-08-17,dated_snapshot,system_generated
corp_PERSISTENT,platform_intelligence,CORPORATE,PERSISTENT,255,2,LOCAL_PLATFORM_EVIDENCE,,2026-08-17,dated_snapshot,system_generated
corp_PETRONET,platform_intelligence,CORPORATE,PETRONET,253,2,LOCAL_PLATFORM_EVIDENCE,,2026-08-17,dated_snapshot,system_generated
corp_PFC,platform_intelligence,CORPORATE,PFC,248,2,LOCAL_PLATFORM_EVIDENCE,,2026-08-17,dated_snapshot,system_generated
corp_PGHL,platform_intelligence,CORPORATE,PGHL,249,2,LOCAL_PLATFORM_EVIDENCE,,2026-08-17,dated_snapshot,system_generated
corp_PGIL,platform_intelligence,CORPORATE,PGIL,249,2,LOCAL_PLATFORM_EVIDENCE,,2026-08-17,dated_snapshot,system_generated
corp_PIDILITIND,platform_intelligence,CORPORATE,PIDILITIND,255,2,LOCAL_PLATFORM_EVIDENCE,,2026-08-17,dated_snapshot,system_generated
corp_PIIND,platform_intelligence,CORPORATE,PIIND,250,2,LOCAL_PLATFORM_EVIDENCE,,2026-08-17,dated_snapshot,system_generated
corp_POCL,platform_intelligence,CORPORATE,POCL,249,2,LOCAL_PLATFORM_EVIDENCE,,2026-08-17,dated_snapshot,system_generated
corp_POKARNA,platform_intelligence,CORPORATE,POKARNA,252,2,LOCAL_PLATFORM_EVIDENCE,,2026-08-17,dated_snapshot,system_generated
corp_POLYPLEX,platform_intelligence,CORPORATE,POLYPLEX,253,2,LOCAL_PLATFORM_EVIDENCE,,2026-08-17,dated_snapshot,system_generated
corp_PRECWIRE,platform_intelligence,CORPORATE,PRECWIRE,253,2,LOCAL_PLATFORM_EVIDENCE,,2026-08-17,dated_snapshot,system_generated
corp_QUESS,platform_intelligence,CORPORATE,QUESS,250,2,LOCAL_PLATFORM_EVIDENCE,,2026-08-17,dated_snapshot,system_generated
corp_RAILTEL,platform_intelligence,CORPORATE,RAILTEL,252,2,LOCAL_PLATFORM_EVIDENCE,,2026-08-17,dated_snapshot,system_generated
corp_RAMAPHO,platform_intelligence,CORPORATE,RAMAPHO,252,2,LOCAL_PLATFORM_EVIDENCE,,2026-08-17,dated_snapshot,system_generated
corp_RAMRAT,platform_intelligence,CORPORATE,RAMRAT,251,2,LOCAL_PLATFORM_EVIDENCE,,2026-08-17,dated_snapshot,system_generated
corp_RATNAMANI,platform_intelligence,CORPORATE,RATNAMANI,254,2,LOCAL_PLATFORM_EVIDENCE,,2026-08-17,dated_snapshot,system_generated
corp_RECLTD,platform_intelligence,CORPORATE,RECLTD,251,2,LOCAL_PLATFORM_EVIDENCE,,2026-08-17,dated_snapshot,system_generated
corp_RITES,platform_intelligence,CORPORATE,RITES,250,2,LOCAL_PLATFORM_EVIDENCE,,2026-08-17,dated_snapshot,system_generated
corp_RMDRIP,platform_intelligence,CORPORATE,RMDRIP,251,2,LOCAL_PLATFORM_EVIDENCE,,2026-08-17,dated_snapshot,system_generated
corp_RNBDENIMS,platform_intelligence,CORPORATE,RNBDENIMS,254,2,LOCAL_PLATFORM_EVIDENCE,,2026-08-17,dated_snapshot,system_generated
corp_ROLEXRINGS,platform_intelligence,CORPORATE,ROLEXRINGS,255,2,LOCAL_PLATFORM_EVIDENCE,,2026-08-17,dated_snapshot,system_generated
corp_ROUTE,platform_intelligence,CORPORATE,ROUTE,250,2,LOCAL_PLATFORM_EVIDENCE,,2026-08-17,dated_snapshot,system_generated
corp_SANDUMA,platform_intelligence,CORPORATE,SANDUMA,252,2,LOCAL_PLATFORM_EVIDENCE,,2026-08-17,dated_snapshot,system_generated
corp_SARLAPOLY,platform_intelligence,CORPORATE,SARLAPOLY,254,2,LOCAL_PLATFORM_EVIDENCE,,2026-08-17,dated_snapshot,system_generated
corp_SCI,platform_intelligence,CORPORATE,SCI,248,2,LOCAL_PLATFORM_EVIDENCE,,2026-08-17,dated_snapshot,system_generated
corp_SHAREINDIA,platform_intelligence,CORPORATE,SHAREINDIA,255,2,LOCAL_PLATFORM_EVIDENCE,,2026-08-17,dated_snapshot,system_generated
corp_SHILPAMED,platform_intelligence,CORPORATE,SHILPAMED,254,2,LOCAL_PLATFORM_EVIDENCE,,2026-08-17,dated_snapshot,system_generated
corp_SIGMA,platform_intelligence,CORPORATE,SIGMA,250,2,LOCAL_PLATFORM_EVIDENCE,,2026-08-17,dated_snapshot,system_generated
corp_SIKKO,platform_intelligence,CORPORATE,SIKKO,250,2,LOCAL_PLATFORM_EVIDENCE,,2026-08-17,dated_snapshot,system_generated
corp_SILVERTUC,platform_intelligence,CORPORATE,SILVERTUC,254,2,LOCAL_PLATFORM_EVIDENCE,,2026-08-17,dated_snapshot,system_generated
corp_SIYSIL,platform_intelligence,CORPORATE,SIYSIL,251,2,LOCAL_PLATFORM_EVIDENCE,,2026-08-17,dated_snapshot,system_generated
corp_SMCGLOBAL,platform_intelligence,CORPORATE,SMCGLOBAL,254,2,LOCAL_PLATFORM_EVIDENCE,,2026-08-17,dated_snapshot,system_generated
corp_SOMANYCERA,platform_intelligence,CORPORATE,SOMANYCERA,255,2,LOCAL_PLATFORM_EVIDENCE,,2026-08-17,dated_snapshot,system_generated
corp_SONATSOFTW,platform_intelligence,CORPORATE,SONATSOFTW,255,2,LOCAL_PLATFORM_EVIDENCE,,2026-08-17,dated_snapshot,system_generated
corp_STEELCAS,platform_intelligence,CORPORATE,STEELCAS,253,2,LOCAL_PLATFORM_EVIDENCE,,2026-08-17,dated_snapshot,system_generated
corp_STEELCITY,platform_intelligence,CORPORATE,STEELCITY,254,2,LOCAL_PLATFORM_EVIDENCE,,2026-08-17,dated_snapshot,system_generated
corp_SUNTV,platform_intelligence,CORPORATE,SUNTV,250,2,LOCAL_PLATFORM_EVIDENCE,,2026-08-17,dated_snapshot,system_generated
corp_SYMPHONY,platform_intelligence,CORPORATE,SYMPHONY,253,2,LOCAL_PLATFORM_EVIDENCE,,2026-08-17,dated_snapshot,system_generated
corp_TATAINVEST,platform_intelligence,CORPORATE,TATAINVEST,255,2,LOCAL_PLATFORM_EVIDENCE,,2026-08-17,dated_snapshot,system_generated
corp_TCS,platform_intelligence,CORPORATE,TCS,248,2,LOCAL_PLATFORM_EVIDENCE,,2026-08-17,dated_snapshot,system_generated
corp_TEAMLEASE,platform_intelligence,CORPORATE,TEAMLEASE,254,2,LOCAL_PLATFORM_EVIDENCE,,2026-08-17,dated_snapshot,system_generated
corp_TEMBO,platform_intelligence,CORPORATE,TEMBO,250,2,LOCAL_PLATFORM_EVIDENCE,,2026-08-17,dated_snapshot,system_generated
corp_THYROCARE,platform_intelligence,CORPORATE,THYROCARE,254,2,LOCAL_PLATFORM_EVIDENCE,,2026-08-17,dated_snapshot,system_generated
corp_TIMETECHNO,platform_intelligence,CORPORATE,TIMETECHNO,255,2,LOCAL_PLATFORM_EVIDENCE,,2026-08-17,dated_snapshot,system_generated
corp_TRENT,platform_intelligence,CORPORATE,TRENT,250,2,LOCAL_PLATFORM_EVIDENCE,,2026-08-17,dated_snapshot,system_generated
corp_TRIVENI,platform_intelligence,CORPORATE,TRIVENI,252,2,LOCAL_PLATFORM_EVIDENCE,,2026-08-17,dated_snapshot,system_generated
corp_UEL,platform_intelligence,CORPORATE,UEL,248,2,LOCAL_PLATFORM_EVIDENCE,,2026-08-17,dated_snapshot,system_generated
corp_UNIVASTU,platform_intelligence,CORPORATE,UNIVASTU,253,2,LOCAL_PLATFORM_EVIDENCE,,2026-08-17,dated_snapshot,system_generated
corp_UNOMINDA,platform_intelligence,CORPORATE,UNOMINDA,253,2,LOCAL_PLATFORM_EVIDENCE,,2026-08-17,dated_snapshot,system_generated
corp_V2RETAIL,platform_intelligence,CORPORATE,V2RETAIL,253,2,LOCAL_PLATFORM_EVIDENCE,,2026-08-17,dated_snapshot,system_generated
corp_VAIBHAVGBL,platform_intelligence,CORPORATE,VAIBHAVGBL,255,2,LOCAL_PLATFORM_EVIDENCE,,2026-08-17,dated_snapshot,system_generated
corp_VBL,platform_intelligence,CORPORATE,VBL,248,2,LOCAL_PLATFORM_EVIDENCE,,2026-08-17,dated_snapshot,system_generated
corp_VEEDOL,platform_intelligence,CORPORATE,VEEDOL,251,2,LOCAL_PLATFORM_EVIDENCE,,2026-08-17,dated_snapshot,system_generated
corp_VENUSPIPES,platform_intelligence,CORPORATE,VENUSPIPES,255,2,LOCAL_PLATFORM_EVIDENCE,,2026-08-17,dated_snapshot,system_generated
corp_VGL,platform_intelligence,CORPORATE,VGL,248,2,LOCAL_PLATFORM_EVIDENCE,,2026-08-17,dated_snapshot,system_generated
corp_VIDHIING,platform_intelligence,CORPORATE,VIDHIING,253,2,LOCAL_PLATFORM_EVIDENCE,,2026-08-17,dated_snapshot,system_generated
corp_VINDHYATEL,platform_intelligence,CORPORATE,VINDHYATEL,255,2,LOCAL_PLATFORM_EVIDENCE,,2026-08-17,dated_snapshot,system_generated
corp_VLSFINANCE,platform_intelligence,CORPORATE,VLSFINANCE,255,2,LOCAL_PLATFORM_EVIDENCE,,2026-08-17,dated_snapshot,system_generated
corp_WEALTH,platform_intelligence,CORPORATE,WEALTH,251,2,LOCAL_PLATFORM_EVIDENCE,,2026-08-17,dated_snapshot,system_generated
corp_WEBELSOLAR,platform_intelligence,CORPORATE,WEBELSOLAR,255,2,LOCAL_PLATFORM_EVIDENCE,,2026-08-17,dated_snapshot,system_generated
corp_WEIZMANIND,platform_intelligence,CORPORATE,WEIZMANIND,255,2,LOCAL_PLATFORM_EVIDENCE,,2026-08-17,dated_snapshot,system_generated
corp_WEL,platform_intelligence,CORPORATE,WEL,248,2,LOCAL_PLATFORM_EVIDENCE,,2026-08-17,dated_snapshot,system_generated
corp_WELSPUNLIV,platform_intelligence,CORPORATE,WELSPUNLIV,255,2,LOCAL_PLATFORM_EVIDENCE,,2026-08-17,dated_snapshot,system_generated
corp_WENDT,platform_intelligence,CORPORATE,WENDT,250,2,LOCAL_PLATFORM_EVIDENCE,,2026-08-17,dated_snapshot,system_generated
corp_WHEELS,platform_intelligence,CORPORATE,WHEELS,251,2,LOCAL_PLATFORM_EVIDENCE,,2026-08-17,dated_snapshot,system_generated
corp_WINDLAS,platform_intelligence,CORPORATE,WINDLAS,252,2,LOCAL_PLATFORM_EVIDENCE,,2026-08-17,dated_snapshot,system_generated
corp_WIPRO,platform_intelligence,CORPORATE,WIPRO,250,2,LOCAL_PLATFORM_EVIDENCE,,2026-08-17,dated_snapshot,system_generated
corp_YASHO,platform_intelligence,CORPORATE,YASHO,250,2,LOCAL_PLATFORM_EVIDENCE,,2026-08-17,dated_snapshot,system_generated
corp_ZENSARTECH,platform_intelligence,CORPORATE,ZENSARTECH,255,2,LOCAL_PLATFORM_EVIDENCE,,2026-08-17,dated_snapshot,system_generated
corp_ZFCVINDIA,platform_intelligence,CORPORATE,ZFCVINDIA,254,2,LOCAL_PLATFORM_EVIDENCE,,2026-08-17,dated_snapshot,system_generated
corp_ZYDUSLIFE,platform_intelligence,CORPORATE,ZYDUSLIFE,254,2,LOCAL_PLATFORM_EVIDENCE,,2026-08-17,dated_snapshot,system_generated
corp_ZYDUSWELL,platform_intelligence,CORPORATE,ZYDUSWELL,254,2,LOCAL_PLATFORM_EVIDENCE,,2026-08-17,dated_snapshot,system_generated
deal_63MOONS,platform_intelligence,DEAL,63MOONS,233,2,LOCAL_PLATFORM_EVIDENCE,,2026-08-17,dated_snapshot,system_generated
deal_AAREYDRUGS,platform_intelligence,DEAL,AAREYDRUGS,236,2,LOCAL_PLATFORM_EVIDENCE,,2026-08-17,dated_snapshot,system_generated
deal_AARTIPHARM,platform_intelligence,DEAL,AARTIPHARM,236,2,LOCAL_PLATFORM_EVIDENCE,,2026-08-17,dated_snapshot,system_generated
deal_AASTHA,platform_intelligence,DEAL,AASTHA,232,2,LOCAL_PLATFORM_EVIDENCE,,2026-08-17,dated_snapshot,system_generated
deal_ACCENTMIC,platform_intelligence,DEAL,ACCENTMIC,235,2,LOCAL_PLATFORM_EVIDENCE,,2026-08-17,dated_snapshot,system_generated
deal_ADANIGREEN,platform_intelligence,DEAL,ADANIGREEN,236,2,LOCAL_PLATFORM_EVIDENCE,,2026-08-17,dated_snapshot,system_generated
deal_ADANIPOWER,platform_intelligence,DEAL,ADANIPOWER,236,2,LOCAL_PLATFORM_EVIDENCE,,2026-08-17,dated_snapshot,system_generated
deal_ADDICTIVE,platform_intelligence,DEAL,ADDICTIVE,235,2,LOCAL_PLATFORM_EVIDENCE,,2026-08-17,dated_snapshot,system_generated
deal_AGARIND,platform_intelligence,DEAL,AGARIND,233,2,LOCAL_PLATFORM_EVIDENCE,,2026-08-17,dated_snapshot,system_generated
deal_AGARWALEYE,platform_intelligence,DEAL,AGARWALEYE,238,2,LOCAL_PLATFORM_EVIDENCE,,2026-08-17,dated_snapshot,system_generated
deal_AGIIL,platform_intelligence,DEAL,AGIIL,231,2,LOCAL_PLATFORM_EVIDENCE,,2026-08-17,dated_snapshot,system_generated
deal_AHIMSA,platform_intelligence,DEAL,AHIMSA,232,2,LOCAL_PLATFORM_EVIDENCE,,2026-08-17,dated_snapshot,system_generated
deal_AIMTRON,platform_intelligence,DEAL,AIMTRON,233,2,LOCAL_PLATFORM_EVIDENCE,,2026-08-17,dated_snapshot,system_generated
deal_AISL,platform_intelligence,DEAL,AISL,230,2,LOCAL_PLATFORM_EVIDENCE,,2026-08-17,dated_snapshot,system_generated
deal_AKG,platform_intelligence,DEAL,AKG,229,2,LOCAL_PLATFORM_EVIDENCE,,2026-08-17,dated_snapshot,system_generated
deal_ALLCARGO,platform_intelligence,DEAL,ALLCARGO,234,2,LOCAL_PLATFORM_EVIDENCE,,2026-08-17,dated_snapshot,system_generated
deal_ALPINETEX,platform_intelligence,DEAL,ALPINETEX,235,2,LOCAL_PLATFORM_EVIDENCE,,2026-08-17,dated_snapshot,system_generated
deal_ANANDRATHI,platform_intelligence,DEAL,ANANDRATHI,236,2,LOCAL_PLATFORM_EVIDENCE,,2026-08-17,dated_snapshot,system_generated
deal_ANAWIL,platform_intelligence,DEAL,ANAWIL,232,2,LOCAL_PLATFORM_EVIDENCE,,2026-08-17,dated_snapshot,system_generated
deal_ANDHRSUGAR,platform_intelligence,DEAL,ANDHRSUGAR,236,2,LOCAL_PLATFORM_EVIDENCE,,2026-08-17,dated_snapshot,system_generated
deal_ANNAPURNA,platform_intelligence,DEAL,ANNAPURNA,235,2,LOCAL_PLATFORM_EVIDENCE,,2026-08-17,dated_snapshot,system_generated
deal_APEX,platform_intelligence,DEAL,APEX,230,2,LOCAL_PLATFORM_EVIDENCE,,2026-08-17,dated_snapshot,system_generated
deal_APOLLOPIPE,platform_intelligence,DEAL,APOLLOPIPE,236,2,LOCAL_PLATFORM_EVIDENCE,,2026-08-17,dated_snapshot,system_generated
deal_AQYLON,platform_intelligence,DEAL,AQYLON,232,2,LOCAL_PLATFORM_EVIDENCE,,2026-08-17,dated_snapshot,system_generated
deal_ARDEE,platform_intelligence,DEAL,ARDEE,231,2,LOCAL_PLATFORM_EVIDENCE,,2026-08-17,dated_snapshot,system_generated
deal_ARENTERP,platform_intelligence,DEAL,ARENTERP,234,2,LOCAL_PLATFORM_EVIDENCE,,2026-08-17,dated_snapshot,system_generated
deal_ARHAM,platform_intelligence,DEAL,ARHAM,231,2,LOCAL_PLATFORM_EVIDENCE,,2026-08-17,dated_snapshot,system_generated
deal_ARIS,platform_intelligence,DEAL,ARIS,230,2,LOCAL_PLATFORM_EVIDENCE,,2026-08-17,dated_snapshot,system_generated
deal_ARVSMART,platform_intelligence,DEAL,ARVSMART,234,2,LOCAL_PLATFORM_EVIDENCE,,2026-08-17,dated_snapshot,system_generated
deal_ASHIKAG,platform_intelligence,DEAL,ASHIKAG,233,2,LOCAL_PLATFORM_EVIDENCE,,2026-08-17,dated_snapshot,system_generated
deal_ASIANTILES,platform_intelligence,DEAL,ASIANTILES,236,2,LOCAL_PLATFORM_EVIDENCE,,2026-08-17,dated_snapshot,system_generated
deal_ASKAUTOLTD,platform_intelligence,DEAL,ASKAUTOLTD,236,2,LOCAL_PLATFORM_EVIDENCE,,2026-08-17,dated_snapshot,system_generated
deal_ATALREAL,platform_intelligence,DEAL,ATALREAL,234,2,LOCAL_PLATFORM_EVIDENCE,,2026-08-17,dated_snapshot,system_generated
deal_AUTOIND,platform_intelligence,DEAL,AUTOIND,233,2,LOCAL_PLATFORM_EVIDENCE,,2026-08-17,dated_snapshot,system_generated
deal_AVADHSUGAR,platform_intelligence,DEAL,AVADHSUGAR,236,2,LOCAL_PLATFORM_EVIDENCE,,2026-08-17,dated_snapshot,system_generated
deal_AVIENCE,platform_intelligence,DEAL,AVIENCE,233,2,LOCAL_PLATFORM_EVIDENCE,,2026-08-17,dated_snapshot,system_generated
deal_BAFNAPH,platform_intelligence,DEAL,BAFNAPH,233,2,LOCAL_PLATFORM_EVIDENCE,,2026-08-17,dated_snapshot,system_generated
deal_BAJAJ-AUTO,platform_intelligence,DEAL,BAJAJ-AUTO,236,2,LOCAL_PLATFORM_EVIDENCE,,2026-08-17,dated_snapshot,system_generated
deal_BAJAJELEC,platform_intelligence,DEAL,BAJAJELEC,235,2,LOCAL_PLATFORM_EVIDENCE,,2026-08-17,dated_snapshot,system_generated
deal_BAJAJHCARE,platform_intelligence,DEAL,BAJAJHCARE,236,2,LOCAL_PLATFORM_EVIDENCE,,2026-08-17,dated_snapshot,system_generated
deal_BALPHARMA,platform_intelligence,DEAL,BALPHARMA,235,2,LOCAL_PLATFORM_EVIDENCE,,2026-08-17,dated_snapshot,system_generated
deal_BANDHANBNK,platform_intelligence,DEAL,BANDHANBNK,236,2,LOCAL_PLATFORM_EVIDENCE,,2026-08-17,dated_snapshot,system_generated
deal_BECTORFOOD,platform_intelligence,DEAL,BECTORFOOD,236,2,LOCAL_PLATFORM_EVIDENCE,,2026-08-17,dated_snapshot,system_generated
deal_BEPL,platform_intelligence,DEAL,BEPL,230,2,LOCAL_PLATFORM_EVIDENCE,,2026-08-17,dated_snapshot,system_generated
deal_BESTAGRO,platform_intelligence,DEAL,BESTAGRO,234,2,LOCAL_PLATFORM_EVIDENCE,,2026-08-17,dated_snapshot,system_generated
deal_BGLOBAL,platform_intelligence,DEAL,BGLOBAL,233,2,LOCAL_PLATFORM_EVIDENCE,,2026-08-17,dated_snapshot,system_generated
deal_BHADORA,platform_intelligence,DEAL,BHADORA,233,2,LOCAL_PLATFORM_EVIDENCE,,2026-08-17,dated_snapshot,system_generated
deal_BIKEWO,platform_intelligence,DEAL,BIKEWO,232,2,LOCAL_PLATFORM_EVIDENCE,,2026-08-17,dated_snapshot,system_generated
deal_BIOPOL,platform_intelligence,DEAL,BIOPOL,232,2,LOCAL_PLATFORM_EVIDENCE,,2026-08-17,dated_snapshot,system_generated
deal_BIRDYS,platform_intelligence,DEAL,BIRDYS,232,2,LOCAL_PLATFORM_EVIDENCE,,2026-08-17,dated_snapshot,system_generated
deal_BLISSGVS,platform_intelligence,DEAL,BLISSGVS,234,2,LOCAL_PLATFORM_EVIDENCE,,2026-08-17,dated_snapshot,system_generated
deal_BLSE,platform_intelligence,DEAL,BLSE,230,2,LOCAL_PLATFORM_EVIDENCE,,2026-08-17,dated_snapshot,system_generated
deal_BLUESTONE,platform_intelligence,DEAL,BLUESTONE,235,2,LOCAL_PLATFORM_EVIDENCE,,2026-08-17,dated_snapshot,system_generated
deal_BLUEWATER,platform_intelligence,DEAL,BLUEWATER,235,2,LOCAL_PLATFORM_EVIDENCE,,2026-08-17,dated_snapshot,system_generated
deal_BMLL,platform_intelligence,DEAL,BMLL,230,2,LOCAL_PLATFORM_EVIDENCE,,2026-08-17,dated_snapshot,system_generated
deal_BTML,platform_intelligence,DEAL,BTML,230,2,LOCAL_PLATFORM_EVIDENCE,,2026-08-17,dated_snapshot,system_generated
deal_C2C,platform_intelligence,DEAL,C2C,229,2,LOCAL_PLATFORM_EVIDENCE,,2026-08-17,dated_snapshot,system_generated
deal_CAPILLARY,platform_intelligence,DEAL,CAPILLARY,235,2,LOCAL_PLATFORM_EVIDENCE,,2026-08-17,dated_snapshot,system_generated
deal_CCAVENUE,platform_intelligence,DEAL,CCAVENUE,234,2,LOCAL_PLATFORM_EVIDENCE,,2026-08-17,dated_snapshot,system_generated
deal_CEDAAR,platform_intelligence,DEAL,CEDAAR,232,2,LOCAL_PLATFORM_EVIDENCE,,2026-08-17,dated_snapshot,system_generated
deal_CELLO,platform_intelligence,DEAL,CELLO,231,2,LOCAL_PLATFORM_EVIDENCE,,2026-08-17,dated_snapshot,system_generated
deal_CENTENKA,platform_intelligence,DEAL,CENTENKA,234,2,LOCAL_PLATFORM_EVIDENCE,,2026-08-17,dated_snapshot,system_generated
deal_CENTEXT,platform_intelligence,DEAL,CENTEXT,233,2,LOCAL_PLATFORM_EVIDENCE,,2026-08-17,dated_snapshot,system_generated
deal_CGRAPHICS,platform_intelligence,DEAL,CGRAPHICS,235,2,LOCAL_PLATFORM_EVIDENCE,,2026-08-17,dated_snapshot,system_generated
deal_CHAVDA,platform_intelligence,DEAL,CHAVDA,232,2,LOCAL_PLATFORM_EVIDENCE,,2026-08-17,dated_snapshot,system_generated
deal_CKKRETAIL,platform_intelligence,DEAL,CKKRETAIL,235,2,LOCAL_PLATFORM_EVIDENCE,,2026-08-17,dated_snapshot,system_generated
deal_CMLL,platform_intelligence,DEAL,CMLL,231,2,LOCAL_PLATFORM_EVIDENCE,,2026-08-17,dated_snapshot,system_generated
deal_CMRSL,platform_intelligence,DEAL,CMRSL,231,2,LOCAL_PLATFORM_EVIDENCE,,2026-08-17,dated_snapshot,system_generated
deal_CNL,platform_intelligence,DEAL,CNL,229,2,LOCAL_PLATFORM_EVIDENCE,,2026-08-17,dated_snapshot,system_generated
deal_COMMITTED,platform_intelligence,DEAL,COMMITTED,235,2,LOCAL_PLATFORM_EVIDENCE,,2026-08-17,dated_snapshot,system_generated
deal_COMSYN,platform_intelligence,DEAL,COMSYN,232,2,LOCAL_PLATFORM_EVIDENCE,,2026-08-17,dated_snapshot,system_generated
deal_CORALFINAC,platform_intelligence,DEAL,CORALFINAC,236,2,LOCAL_PLATFORM_EVIDENCE,,2026-08-17,dated_snapshot,system_generated
deal_CRAMC,platform_intelligence,DEAL,CRAMC,231,2,LOCAL_PLATFORM_EVIDENCE,,2026-08-17,dated_snapshot,system_generated
deal_CREATIVEYE,platform_intelligence,DEAL,CREATIVEYE,236,2,LOCAL_PLATFORM_EVIDENCE,,2026-08-17,dated_snapshot,system_generated
deal_CREDITACC,platform_intelligence,DEAL,CREDITACC,237,2,LOCAL_PLATFORM_EVIDENCE,,2026-08-17,dated_snapshot,system_generated
deal_CSM,platform_intelligence,DEAL,CSM,229,2,LOCAL_PLATFORM_EVIDENCE,,2026-08-17,dated_snapshot,system_generated
deal_CUDML,platform_intelligence,DEAL,CUDML,231,2,LOCAL_PLATFORM_EVIDENCE,,2026-08-17,dated_snapshot,system_generated
deal_CYIENTDLM,platform_intelligence,DEAL,CYIENTDLM,235,2,LOCAL_PLATFORM_EVIDENCE,,2026-08-17,dated_snapshot,system_generated
deal_DALMIASUG,platform_intelligence,DEAL,DALMIASUG,235,2,LOCAL_PLATFORM_EVIDENCE,,2026-08-17,dated_snapshot,system_generated
deal_DAVANGERE,platform_intelligence,DEAL,DAVANGERE,235,2,LOCAL_PLATFORM_EVIDENCE,,2026-08-17,dated_snapshot,system_generated
deal_DBL,platform_intelligence,DEAL,DBL,229,2,LOCAL_PLATFORM_EVIDENCE,,2026-08-17,dated_snapshot,system_generated
deal_DELTAMAGNT,platform_intelligence,DEAL,DELTAMAGNT,236,2,LOCAL_PLATFORM_EVIDENCE,,2026-08-17,dated_snapshot,system_generated
deal_DHARAN,platform_intelligence,DEAL,DHARAN,232,2,LOCAL_PLATFORM_EVIDENCE,,2026-08-17,dated_snapshot,system_generated
deal_DHOOTTRANS,platform_intelligence,DEAL,DHOOTTRANS,236,2,LOCAL_PLATFORM_EVIDENCE,,2026-08-17,dated_snapshot,system_generated
deal_DHTL,platform_intelligence,DEAL,DHTL,230,2,LOCAL_PLATFORM_EVIDENCE,,2026-08-17,dated_snapshot,system_generated
deal_DIAMONDYD,platform_intelligence,DEAL,DIAMONDYD,235,2,LOCAL_PLATFORM_EVIDENCE,,2026-08-17,dated_snapshot,system_generated
deal_DIGIKORE,platform_intelligence,DEAL,DIGIKORE,234,2,LOCAL_PLATFORM_EVIDENCE,,2026-08-17,dated_snapshot,system_generated
deal_DIGJAMLMTD,platform_intelligence,DEAL,DIGJAMLMTD,236,2,LOCAL_PLATFORM_EVIDENCE,,2026-08-17,dated_snapshot,system_generated
deal_DJML,platform_intelligence,DEAL,DJML,230,2,LOCAL_PLATFORM_EVIDENCE,,2026-08-17,dated_snapshot,system_generated
deal_DOLLEX,platform_intelligence,DEAL,DOLLEX,232,2,LOCAL_PLATFORM_EVIDENCE,,2026-08-17,dated_snapshot,system_generated
deal_DOLPHIN,platform_intelligence,DEAL,DOLPHIN,233,2,LOCAL_PLATFORM_EVIDENCE,,2026-08-17,dated_snapshot,system_generated
deal_DURLAX,platform_intelligence,DEAL,DURLAX,232,2,LOCAL_PLATFORM_EVIDENCE,,2026-08-17,dated_snapshot,system_generated
deal_DYCL,platform_intelligence,DEAL,DYCL,230,2,LOCAL_PLATFORM_EVIDENCE,,2026-08-17,dated_snapshot,system_generated
deal_EEPL,platform_intelligence,DEAL,EEPL,230,2,LOCAL_PLATFORM_EVIDENCE,,2026-08-17,dated_snapshot,system_generated
deal_EIDPARRY,platform_intelligence,DEAL,EIDPARRY,236,2,LOCAL_PLATFORM_EVIDENCE,,2026-08-17,dated_snapshot,system_generated
deal_EIMCOELECO,platform_intelligence,DEAL,EIMCOELECO,236,2,LOCAL_PLATFORM_EVIDENCE,,2026-08-17,dated_snapshot,system_generated
deal_EMBASSY,platform_intelligence,DEAL,EMBASSY,233,2,LOCAL_PLATFORM_EVIDENCE,,2026-08-17,dated_snapshot,system_generated
deal_EMIL,platform_intelligence,DEAL,EMIL,230,2,LOCAL_PLATFORM_EVIDENCE,,2026-08-17,dated_snapshot,system_generated
deal_ENCOMPAS,platform_intelligence,DEAL,ENCOMPAS,234,2,LOCAL_PLATFORM_EVIDENCE,,2026-08-17,dated_snapshot,system_generated
deal_EPACKPEB,platform_intelligence,DEAL,EPACKPEB,234,2,LOCAL_PLATFORM_EVIDENCE,,2026-08-17,dated_snapshot,system_generated
deal_EXPLEOSOL,platform_intelligence,DEAL,EXPLEOSOL,235,2,LOCAL_PLATFORM_EVIDENCE,,2026-08-17,dated_snapshot,system_generated
deal_FEDDERSHOL,platform_intelligence,DEAL,FEDDERSHOL,236,2,LOCAL_PLATFORM_EVIDENCE,,2026-08-17,dated_snapshot,system_generated
deal_FINCABLES,platform_intelligence,DEAL,FINCABLES,235,2,LOCAL_PLATFORM_EVIDENCE,,2026-08-17,dated_snapshot,system_generated
deal_FINOPB,platform_intelligence,DEAL,FINOPB,232,2,LOCAL_PLATFORM_EVIDENCE,,2026-08-17,dated_snapshot,system_generated
deal_FLEXITUFF,platform_intelligence,DEAL,FLEXITUFF,235,2,LOCAL_PLATFORM_EVIDENCE,,2026-08-17,dated_snapshot,system_generated
deal_FLYSBS,platform_intelligence,DEAL,FLYSBS,232,2,LOCAL_PLATFORM_EVIDENCE,,2026-08-17,dated_snapshot,system_generated
deal_FOCE,platform_intelligence,DEAL,FOCE,230,2,LOCAL_PLATFORM_EVIDENCE,,2026-08-17,dated_snapshot,system_generated
deal_FWSTC,platform_intelligence,DEAL,FWSTC,231,2,LOCAL_PLATFORM_EVIDENCE,,2026-08-17,dated_snapshot,system_generated
deal_GANDHAR,platform_intelligence,DEAL,GANDHAR,234,2,LOCAL_PLATFORM_EVIDENCE,,2026-08-17,dated_snapshot,system_generated
deal_GANESHBE,platform_intelligence,DEAL,GANESHBE,234,2,LOCAL_PLATFORM_EVIDENCE,,2026-08-17,dated_snapshot,system_generated
deal_GANESHIN,platform_intelligence,DEAL,GANESHIN,234,2,LOCAL_PLATFORM_EVIDENCE,,2026-08-17,dated_snapshot,system_generated
deal_GANGAFORGE,platform_intelligence,DEAL,GANGAFORGE,236,2,LOCAL_PLATFORM_EVIDENCE,,2026-08-17,dated_snapshot,system_generated
deal_GATECH,platform_intelligence,DEAL,GATECH,232,2,LOCAL_PLATFORM_EVIDENCE,,2026-08-17,dated_snapshot,system_generated
deal_GATECHDVR,platform_intelligence,DEAL,GATECHDVR,235,2,LOCAL_PLATFORM_EVIDENCE,,2026-08-17,dated_snapshot,system_generated
deal_GCSL,platform_intelligence,DEAL,GCSL,230,2,LOCAL_PLATFORM_EVIDENCE,,2026-08-17,dated_snapshot,system_generated
deal_GENESYS-RE,platform_intelligence,DEAL,GENESYS-RE,236,2,LOCAL_PLATFORM_EVIDENCE,,2026-08-17,dated_snapshot,system_generated
deal_GHCLTEXTIL,platform_intelligence,DEAL,GHCLTEXTIL,236,2,LOCAL_PLATFORM_EVIDENCE,,2026-08-17,dated_snapshot,system_generated
deal_GNA,platform_intelligence,DEAL,GNA,229,2,LOCAL_PLATFORM_EVIDENCE,,2026-08-17,dated_snapshot,system_generated
deal_GODAVARIB,platform_intelligence,DEAL,GODAVARIB,235,2,LOCAL_PLATFORM_EVIDENCE,,2026-08-17,dated_snapshot,system_generated
deal_GODIGIT,platform_intelligence,DEAL,GODIGIT,235,2,LOCAL_PLATFORM_EVIDENCE,,2026-08-17,dated_snapshot,system_generated
deal_GRADIENTE,platform_intelligence,DEAL,GRADIENTE,235,2,LOCAL_PLATFORM_EVIDENCE,,2026-08-17,dated_snapshot,system_generated
deal_GSMFOILS,platform_intelligence,DEAL,GSMFOILS,234,2,LOCAL_PLATFORM_EVIDENCE,,2026-08-17,dated_snapshot,system_generated
deal_GTECJAINX,platform_intelligence,DEAL,GTECJAINX,235,2,LOCAL_PLATFORM_EVIDENCE,,2026-08-17,dated_snapshot,system_generated
deal_GULPOLY,platform_intelligence,DEAL,GULPOLY,233,2,LOCAL_PLATFORM_EVIDENCE,,2026-08-17,dated_snapshot,system_generated
deal_HAPPY,platform_intelligence,DEAL,HAPPY,231,2,LOCAL_PLATFORM_EVIDENCE,,2026-08-17,dated_snapshot,system_generated
deal_HEADSUP,platform_intelligence,DEAL,HEADSUP,233,2,LOCAL_PLATFORM_EVIDENCE,,2026-08-17,dated_snapshot,system_generated
deal_HINDWAREAP,platform_intelligence,DEAL,HINDWAREAP,236,2,LOCAL_PLATFORM_EVIDENCE,,2026-08-17,dated_snapshot,system_generated
deal_HUHTAMAKI,platform_intelligence,DEAL,HUHTAMAKI,235,2,LOCAL_PLATFORM_EVIDENCE,,2026-08-17,dated_snapshot,system_generated
deal_IDENTICAL,platform_intelligence,DEAL,IDENTICAL,235,2,LOCAL_PLATFORM_EVIDENCE,,2026-08-17,dated_snapshot,system_generated
deal_IEML,platform_intelligence,DEAL,IEML,230,2,LOCAL_PLATFORM_EVIDENCE,,2026-08-17,dated_snapshot,system_generated
deal_IGARASHI,platform_intelligence,DEAL,IGARASHI,234,2,LOCAL_PLATFORM_EVIDENCE,,2026-08-17,dated_snapshot,system_generated
deal_IIFL,platform_intelligence,DEAL,IIFL,230,2,LOCAL_PLATFORM_EVIDENCE,,2026-08-17,dated_snapshot,system_generated
deal_INDGN,platform_intelligence,DEAL,INDGN,234,2,LOCAL_PLATFORM_EVIDENCE,,2026-08-17,dated_snapshot,system_generated
deal_INDIGOPNTS,platform_intelligence,DEAL,INDIGOPNTS,237,2,LOCAL_PLATFORM_EVIDENCE,,2026-08-17,dated_snapshot,system_generated
deal_INDOBORAX,platform_intelligence,DEAL,INDOBORAX,235,2,LOCAL_PLATFORM_EVIDENCE,,2026-08-17,dated_snapshot,system_generated
deal_INDOTHAI,platform_intelligence,DEAL,INDOTHAI,234,2,LOCAL_PLATFORM_EVIDENCE,,2026-08-17,dated_snapshot,system_generated
deal_INNOMET,platform_intelligence,DEAL,INNOMET,233,2,LOCAL_PLATFORM_EVIDENCE,,2026-08-17,dated_snapshot,system_generated
deal_INTEGRITY,platform_intelligence,DEAL,INTEGRITY,235,2,LOCAL_PLATFORM_EVIDENCE,,2026-08-17,dated_snapshot,system_generated
deal_INTENTECH,platform_intelligence,DEAL,INTENTECH,235,2,LOCAL_PLATFORM_EVIDENCE,,2026-08-17,dated_snapshot,system_generated
deal_INVICTA,platform_intelligence,DEAL,INVICTA,233,2,LOCAL_PLATFORM_EVIDENCE,,2026-08-17,dated_snapshot,system_generated
deal_IPHL,platform_intelligence,DEAL,IPHL,230,2,LOCAL_PLATFORM_EVIDENCE,,2026-08-17,dated_snapshot,system_generated
deal_IRISDOREME,platform_intelligence,DEAL,IRISDOREME,236,2,LOCAL_PLATFORM_EVIDENCE,,2026-08-17,dated_snapshot,system_generated
deal_ITDC,platform_intelligence,DEAL,ITDC,230,2,LOCAL_PLATFORM_EVIDENCE,,2026-08-17,dated_snapshot,system_generated
deal_JAGSNPHARM,platform_intelligence,DEAL,JAGSNPHARM,236,2,LOCAL_PLATFORM_EVIDENCE,,2026-08-17,dated_snapshot,system_generated
deal_JAIPURKURT,platform_intelligence,DEAL,JAIPURKURT,236,2,LOCAL_PLATFORM_EVIDENCE,,2026-08-17,dated_snapshot,system_generated
deal_JALAN,platform_intelligence,DEAL,JALAN,231,2,LOCAL_PLATFORM_EVIDENCE,,2026-08-17,dated_snapshot,system_generated
deal_JETFREIGHT,platform_intelligence,DEAL,JETFREIGHT,236,2,LOCAL_PLATFORM_EVIDENCE,,2026-08-17,dated_snapshot,system_generated
deal_JEYYAM,platform_intelligence,DEAL,JEYYAM,232,2,LOCAL_PLATFORM_EVIDENCE,,2026-08-17,dated_snapshot,system_generated
deal_JGCHEM,platform_intelligence,DEAL,JGCHEM,232,2,LOCAL_PLATFORM_EVIDENCE,,2026-08-17,dated_snapshot,system_generated
deal_JINDWORLD,platform_intelligence,DEAL,JINDWORLD,235,2,LOCAL_PLATFORM_EVIDENCE,,2026-08-17,dated_snapshot,system_generated
deal_JISLDVREQS,platform_intelligence,DEAL,JISLDVREQS,236,2,LOCAL_PLATFORM_EVIDENCE,,2026-08-17,dated_snapshot,system_generated
deal_KABRAEXTRU,platform_intelligence,DEAL,KABRAEXTRU,236,2,LOCAL_PLATFORM_EVIDENCE,,2026-08-17,dated_snapshot,system_generated
deal_KALYANKJIL,platform_intelligence,DEAL,KALYANKJIL,236,2,LOCAL_PLATFORM_EVIDENCE,,2026-08-17,dated_snapshot,system_generated
deal_KARURVYSYA,platform_intelligence,DEAL,KARURVYSYA,236,2,LOCAL_PLATFORM_EVIDENCE,,2026-08-17,dated_snapshot,system_generated
deal_KAYNES,platform_intelligence,DEAL,KAYNES,232,2,LOCAL_PLATFORM_EVIDENCE,,2026-08-17,dated_snapshot,system_generated
deal_KCK,platform_intelligence,DEAL,KCK,229,2,LOCAL_PLATFORM_EVIDENCE,,2026-08-17,dated_snapshot,system_generated
deal_KERNEX,platform_intelligence,DEAL,KERNEX,232,2,LOCAL_PLATFORM_EVIDENCE,,2026-08-17,dated_snapshot,system_generated
deal_KFINTECH,platform_intelligence,DEAL,KFINTECH,234,2,LOCAL_PLATFORM_EVIDENCE,,2026-08-17,dated_snapshot,system_generated
deal_KONSTELEC,platform_intelligence,DEAL,KONSTELEC,235,2,LOCAL_PLATFORM_EVIDENCE,,2026-08-17,dated_snapshot,system_generated
deal_KPIGREEN,platform_intelligence,DEAL,KPIGREEN,234,2,LOCAL_PLATFORM_EVIDENCE,,2026-08-17,dated_snapshot,system_generated
deal_KPITTECH,platform_intelligence,DEAL,KPITTECH,234,2,LOCAL_PLATFORM_EVIDENCE,,2026-08-17,dated_snapshot,system_generated
deal_KROSS,platform_intelligence,DEAL,KROSS,231,2,LOCAL_PLATFORM_EVIDENCE,,2026-08-17,dated_snapshot,system_generated
deal_KRYSTAL,platform_intelligence,DEAL,KRYSTAL,233,2,LOCAL_PLATFORM_EVIDENCE,,2026-08-17,dated_snapshot,system_generated
deal_KSHITIJPOL,platform_intelligence,DEAL,KSHITIJPOL,236,2,LOCAL_PLATFORM_EVIDENCE,,2026-08-17,dated_snapshot,system_generated
deal_LAMOSAIC,platform_intelligence,DEAL,LAMOSAIC,234,2,LOCAL_PLATFORM_EVIDENCE,,2026-08-17,dated_snapshot,system_generated
deal_LASERPOWER,platform_intelligence,DEAL,LASERPOWER,236,2,LOCAL_PLATFORM_EVIDENCE,,2026-08-17,dated_snapshot,system_generated
deal_LCL,platform_intelligence,DEAL,LCL,229,2,LOCAL_PLATFORM_EVIDENCE,,2026-08-17,dated_snapshot,system_generated
deal_LEAPIND,platform_intelligence,DEAL,LEAPIND,233,2,LOCAL_PLATFORM_EVIDENCE,,2026-08-17,dated_snapshot,system_generated
deal_LOTUSDEV,platform_intelligence,DEAL,LOTUSDEV,234,2,LOCAL_PLATFORM_EVIDENCE,,2026-08-17,dated_snapshot,system_generated
deal_MACOBSTECH,platform_intelligence,DEAL,MACOBSTECH,236,2,LOCAL_PLATFORM_EVIDENCE,,2026-08-17,dated_snapshot,system_generated
deal_MAGSON,platform_intelligence,DEAL,MAGSON,232,2,LOCAL_PLATFORM_EVIDENCE,,2026-08-17,dated_snapshot,system_generated
deal_MANAKCOAT,platform_intelligence,DEAL,MANAKCOAT,235,2,LOCAL_PLATFORM_EVIDENCE,,2026-08-17,dated_snapshot,system_generated
deal_MANBA,platform_intelligence,DEAL,MANBA,231,2,LOCAL_PLATFORM_EVIDENCE,,2026-08-17,dated_snapshot,system_generated
deal_MANCREDIT,platform_intelligence,DEAL,MANCREDIT,235,2,LOCAL_PLATFORM_EVIDENCE,,2026-08-17,dated_snapshot,system_generated
deal_MANORAMA,platform_intelligence,DEAL,MANORAMA,234,2,LOCAL_PLATFORM_EVIDENCE,,2026-08-17,dated_snapshot,system_generated
deal_MANYAVAR,platform_intelligence,DEAL,MANYAVAR,234,2,LOCAL_PLATFORM_EVIDENCE,,2026-08-17,dated_snapshot,system_generated
deal_MARKOLINES,platform_intelligence,DEAL,MARKOLINES,236,2,LOCAL_PLATFORM_EVIDENCE,,2026-08-17,dated_snapshot,system_generated
deal_MARKSANS,platform_intelligence,DEAL,MARKSANS,234,2,LOCAL_PLATFORM_EVIDENCE,,2026-08-17,dated_snapshot,system_generated
deal_MASON,platform_intelligence,DEAL,MASON,231,2,LOCAL_PLATFORM_EVIDENCE,,2026-08-17,dated_snapshot,system_generated
deal_MDL,platform_intelligence,DEAL,MDL,229,2,LOCAL_PLATFORM_EVIDENCE,,2026-08-17,dated_snapshot,system_generated
deal_MEDICO,platform_intelligence,DEAL,MEDICO,232,2,LOCAL_PLATFORM_EVIDENCE,,2026-08-17,dated_snapshot,system_generated
deal_MEESHO,platform_intelligence,DEAL,MEESHO,235,2,LOCAL_PLATFORM_EVIDENCE,,2026-08-17,dated_snapshot,system_generated
deal_METALIC,platform_intelligence,DEAL,METALIC,233,2,LOCAL_PLATFORM_EVIDENCE,,2026-08-17,dated_snapshot,system_generated
deal_METROPOLIS,platform_intelligence,DEAL,METROPOLIS,238,2,LOCAL_PLATFORM_EVIDENCE,,2026-08-17,dated_snapshot,system_generated
deal_MHLXMIRU,platform_intelligence,DEAL,MHLXMIRU,234,2,LOCAL_PLATFORM_EVIDENCE,,2026-08-17,dated_snapshot,system_generated
deal_MIDHANI,platform_intelligence,DEAL,MIDHANI,233,2,LOCAL_PLATFORM_EVIDENCE,,2026-08-17,dated_snapshot,system_generated
deal_MILTON,platform_intelligence,DEAL,MILTON,232,2,LOCAL_PLATFORM_EVIDENCE,,2026-08-17,dated_snapshot,system_generated
deal_MOBIKWIK,platform_intelligence,DEAL,MOBIKWIK,234,2,LOCAL_PLATFORM_EVIDENCE,,2026-08-17,dated_snapshot,system_generated
deal_MODIS,platform_intelligence,DEAL,MODIS,231,2,LOCAL_PLATFORM_EVIDENCE,,2026-08-17,dated_snapshot,system_generated
deal_MOHITIND,platform_intelligence,DEAL,MOHITIND,234,2,LOCAL_PLATFORM_EVIDENCE,,2026-08-17,dated_snapshot,system_generated
deal_MOIL,platform_intelligence,DEAL,MOIL,230,2,LOCAL_PLATFORM_EVIDENCE,,2026-08-17,dated_snapshot,system_generated
deal_MOLBIO,platform_intelligence,DEAL,MOLBIO,232,2,LOCAL_PLATFORM_EVIDENCE,,2026-08-17,dated_snapshot,system_generated
deal_MOLDTECH,platform_intelligence,DEAL,MOLDTECH,234,2,LOCAL_PLATFORM_EVIDENCE,,2026-08-17,dated_snapshot,system_generated
deal_MOREPENLAB,platform_intelligence,DEAL,MOREPENLAB,236,2,LOCAL_PLATFORM_EVIDENCE,,2026-08-17,dated_snapshot,system_generated
deal_MOS,platform_intelligence,DEAL,MOS,229,2,LOCAL_PLATFORM_EVIDENCE,,2026-08-17,dated_snapshot,system_generated
deal_MOTISONS,platform_intelligence,DEAL,MOTISONS,234,2,LOCAL_PLATFORM_EVIDENCE,,2026-08-17,dated_snapshot,system_generated
deal_MTARTECH,platform_intelligence,DEAL,MTARTECH,237,2,LOCAL_PLATFORM_EVIDENCE,,2026-08-17,dated_snapshot,system_generated
deal_MUNISH,platform_intelligence,DEAL,MUNISH,232,2,LOCAL_PLATFORM_EVIDENCE,,2026-08-17,dated_snapshot,system_generated
deal_MUNJALAU,platform_intelligence,DEAL,MUNJALAU,234,2,LOCAL_PLATFORM_EVIDENCE,,2026-08-17,dated_snapshot,system_generated
deal_MVELECTRO,platform_intelligence,DEAL,MVELECTRO,235,2,LOCAL_PLATFORM_EVIDENCE,,2026-08-17,dated_snapshot,system_generated
deal_MYMUDRA,platform_intelligence,DEAL,MYMUDRA,233,2,LOCAL_PLATFORM_EVIDENCE,,2026-08-17,dated_snapshot,system_generated
deal_NAGREEKEXP,platform_intelligence,DEAL,NAGREEKEXP,236,2,LOCAL_PLATFORM_EVIDENCE,,2026-08-17,dated_snapshot,system_generated
deal_NARMADA,platform_intelligence,DEAL,NARMADA,233,2,LOCAL_PLATFORM_EVIDENCE,,2026-08-17,dated_snapshot,system_generated
deal_NATCAPSUQ,platform_intelligence,DEAL,NATCAPSUQ,235,2,LOCAL_PLATFORM_EVIDENCE,,2026-08-17,dated_snapshot,system_generated
deal_NBIFIN,platform_intelligence,DEAL,NBIFIN,232,2,LOCAL_PLATFORM_EVIDENCE,,2026-08-17,dated_snapshot,system_generated
deal_NDLVENTURE,platform_intelligence,DEAL,NDLVENTURE,236,2,LOCAL_PLATFORM_EVIDENCE,,2026-08-17,dated_snapshot,system_generated
deal_NELCO,platform_intelligence,DEAL,NELCO,231,2,LOCAL_PLATFORM_EVIDENCE,,2026-08-17,dated_snapshot,system_generated
deal_NEULANDLAB,platform_intelligence,DEAL,NEULANDLAB,238,2,LOCAL_PLATFORM_EVIDENCE,,2026-08-17,dated_snapshot,system_generated
deal_NGIL,platform_intelligence,DEAL,NGIL,230,2,LOCAL_PLATFORM_EVIDENCE,,2026-08-17,dated_snapshot,system_generated
deal_NILKAMAL,platform_intelligence,DEAL,NILKAMAL,234,2,LOCAL_PLATFORM_EVIDENCE,,2026-08-17,dated_snapshot,system_generated
deal_NIRMAN,platform_intelligence,DEAL,NIRMAN,232,2,LOCAL_PLATFORM_EVIDENCE,,2026-08-17,dated_snapshot,system_generated
deal_NRVANDANA,platform_intelligence,DEAL,NRVANDANA,235,2,LOCAL_PLATFORM_EVIDENCE,,2026-08-17,dated_snapshot,system_generated
deal_OBSCP,platform_intelligence,DEAL,OBSCP,231,2,LOCAL_PLATFORM_EVIDENCE,,2026-08-17,dated_snapshot,system_generated
deal_OFSS,platform_intelligence,DEAL,OFSS,230,2,LOCAL_PLATFORM_EVIDENCE,,2026-08-17,dated_snapshot,system_generated
deal_OMFURN,platform_intelligence,DEAL,OMFURN,232,2,LOCAL_PLATFORM_EVIDENCE,,2026-08-17,dated_snapshot,system_generated
deal_ONEPOINT,platform_intelligence,DEAL,ONEPOINT,234,2,LOCAL_PLATFORM_EVIDENCE,,2026-08-17,dated_snapshot,system_generated
deal_ONYX,platform_intelligence,DEAL,ONYX,230,2,LOCAL_PLATFORM_EVIDENCE,,2026-08-17,dated_snapshot,system_generated
deal_OPTIMYSTIX,platform_intelligence,DEAL,OPTIMYSTIX,236,2,LOCAL_PLATFORM_EVIDENCE,,2026-08-17,dated_snapshot,system_generated
deal_OPTIVALUE,platform_intelligence,DEAL,OPTIVALUE,235,2,LOCAL_PLATFORM_EVIDENCE,,2026-08-17,dated_snapshot,system_generated
deal_ORCHASP,platform_intelligence,DEAL,ORCHASP,233,2,LOCAL_PLATFORM_EVIDENCE,,2026-08-17,dated_snapshot,system_generated
deal_ORIENTELEC,platform_intelligence,DEAL,ORIENTELEC,237,2,LOCAL_PLATFORM_EVIDENCE,,2026-08-17,dated_snapshot,system_generated
deal_ORIENTLTD,platform_intelligence,DEAL,ORIENTLTD,235,2,LOCAL_PLATFORM_EVIDENCE,,2026-08-17,dated_snapshot,system_generated
deal_ORIENTTECH,platform_intelligence,DEAL,ORIENTTECH,236,2,LOCAL_PLATFORM_EVIDENCE,,2026-08-17,dated_snapshot,system_generated
deal_OSWALPUMPS,platform_intelligence,DEAL,OSWALPUMPS,236,2,LOCAL_PLATFORM_EVIDENCE,,2026-08-17,dated_snapshot,system_generated
deal_OSWALSEEDS,platform_intelligence,DEAL,OSWALSEEDS,236,2,LOCAL_PLATFORM_EVIDENCE,,2026-08-17,dated_snapshot,system_generated
deal_PANAMAPET,platform_intelligence,DEAL,PANAMAPET,235,2,LOCAL_PLATFORM_EVIDENCE,,2026-08-17,dated_snapshot,system_generated
deal_PARADEEP,platform_intelligence,DEAL,PARADEEP,234,2,LOCAL_PLATFORM_EVIDENCE,,2026-08-17,dated_snapshot,system_generated
deal_PAYTM,platform_intelligence,DEAL,PAYTM,234,2,LOCAL_PLATFORM_EVIDENCE,,2026-08-17,dated_snapshot,system_generated
deal_PCBL,platform_intelligence,DEAL,PCBL,230,2,LOCAL_PLATFORM_EVIDENCE,,2026-08-17,dated_snapshot,system_generated
deal_PCJEWELLER,platform_intelligence,DEAL,PCJEWELLER,236,2,LOCAL_PLATFORM_EVIDENCE,,2026-08-17,dated_snapshot,system_generated
deal_PGEL,platform_intelligence,DEAL,PGEL,230,2,LOCAL_PLATFORM_EVIDENCE,,2026-08-17,dated_snapshot,system_generated
deal_PINELABS,platform_intelligence,DEAL,PINELABS,234,2,LOCAL_PLATFORM_EVIDENCE,,2026-08-17,dated_snapshot,system_generated
deal_PNGSREVA,platform_intelligence,DEAL,PNGSREVA,234,2,LOCAL_PLATFORM_EVIDENCE,,2026-08-17,dated_snapshot,system_generated
deal_POLYSIL,platform_intelligence,DEAL,POLYSIL,233,2,LOCAL_PLATFORM_EVIDENCE,,2026-08-17,dated_snapshot,system_generated
deal_PONNIERODE,platform_intelligence,DEAL,PONNIERODE,236,2,LOCAL_PLATFORM_EVIDENCE,,2026-08-17,dated_snapshot,system_generated
deal_POONAWALLA,platform_intelligence,DEAL,POONAWALLA,238,2,LOCAL_PLATFORM_EVIDENCE,,2026-08-17,dated_snapshot,system_generated
deal_PPSL,platform_intelligence,DEAL,PPSL,230,2,LOCAL_PLATFORM_EVIDENCE,,2026-08-17,dated_snapshot,system_generated
deal_PREMEXPLN,platform_intelligence,DEAL,PREMEXPLN,235,2,LOCAL_PLATFORM_EVIDENCE,,2026-08-17,dated_snapshot,system_generated
deal_PRIMESECU,platform_intelligence,DEAL,PRIMESECU,235,2,LOCAL_PLATFORM_EVIDENCE,,2026-08-17,dated_snapshot,system_generated
deal_PROPSHOP,platform_intelligence,DEAL,PROPSHOP,234,2,LOCAL_PLATFORM_EVIDENCE,,2026-08-17,dated_snapshot,system_generated
deal_PRSMJOHNSN,platform_intelligence,DEAL,PRSMJOHNSN,236,2,LOCAL_PLATFORM_EVIDENCE,,2026-08-17,dated_snapshot,system_generated
deal_PRUDENT,platform_intelligence,DEAL,PRUDENT,233,2,LOCAL_PLATFORM_EVIDENCE,,2026-08-17,dated_snapshot,system_generated
deal_PURPLEUTED,platform_intelligence,DEAL,PURPLEUTED,236,2,LOCAL_PLATFORM_EVIDENCE,,2026-08-17,dated_snapshot,system_generated
deal_PYRAMID,platform_intelligence,DEAL,PYRAMID,233,2,LOCAL_PLATFORM_EVIDENCE,,2026-08-17,dated_snapshot,system_generated
deal_QUESS,platform_intelligence,DEAL,QUESS,231,2,LOCAL_PLATFORM_EVIDENCE,,2026-08-17,dated_snapshot,system_generated
deal_RADHIKAJWE,platform_intelligence,DEAL,RADHIKAJWE,236,2,LOCAL_PLATFORM_EVIDENCE,,2026-08-17,dated_snapshot,system_generated
deal_RAMBHAJO,platform_intelligence,DEAL,RAMBHAJO,234,2,LOCAL_PLATFORM_EVIDENCE,,2026-08-17,dated_snapshot,system_generated
deal_RAMCOIND,platform_intelligence,DEAL,RAMCOIND,234,2,LOCAL_PLATFORM_EVIDENCE,,2026-08-17,dated_snapshot,system_generated
deal_RAPPID,platform_intelligence,DEAL,RAPPID,232,2,LOCAL_PLATFORM_EVIDENCE,,2026-08-17,dated_snapshot,system_generated
deal_RATNAVEER,platform_intelligence,DEAL,RATNAVEER,235,2,LOCAL_PLATFORM_EVIDENCE,,2026-08-17,dated_snapshot,system_generated
deal_RBA,platform_intelligence,DEAL,RBA,230,2,LOCAL_PLATFORM_EVIDENCE,,2026-08-17,dated_snapshot,system_generated
deal_RCDL,platform_intelligence,DEAL,RCDL,230,2,LOCAL_PLATFORM_EVIDENCE,,2026-08-17,dated_snapshot,system_generated
deal_REDINGTON,platform_intelligence,DEAL,REDINGTON,235,2,LOCAL_PLATFORM_EVIDENCE,,2026-08-17,dated_snapshot,system_generated
deal_RELIABLE,platform_intelligence,DEAL,RELIABLE,234,2,LOCAL_PLATFORM_EVIDENCE,,2026-08-17,dated_snapshot,system_generated
deal_REMUS,platform_intelligence,DEAL,REMUS,231,2,LOCAL_PLATFORM_EVIDENCE,,2026-08-17,dated_snapshot,system_generated
deal_RFBL,platform_intelligence,DEAL,RFBL,230,2,LOCAL_PLATFORM_EVIDENCE,,2026-08-17,dated_snapshot,system_generated
deal_RGL,platform_intelligence,DEAL,RGL,229,2,LOCAL_PLATFORM_EVIDENCE,,2026-08-17,dated_snapshot,system_generated
deal_RHETAN,platform_intelligence,DEAL,RHETAN,232,2,LOCAL_PLATFORM_EVIDENCE,,2026-08-17,dated_snapshot,system_generated
deal_RICHA,platform_intelligence,DEAL,RICHA,231,2,LOCAL_PLATFORM_EVIDENCE,,2026-08-17,dated_snapshot,system_generated
deal_RICOAUTO,platform_intelligence,DEAL,RICOAUTO,234,2,LOCAL_PLATFORM_EVIDENCE,,2026-08-17,dated_snapshot,system_generated
deal_RIIT,platform_intelligence,DEAL,RIIT,230,2,LOCAL_PLATFORM_EVIDENCE,,2026-08-17,dated_snapshot,system_generated
deal_RITCO,platform_intelligence,DEAL,RITCO,231,2,LOCAL_PLATFORM_EVIDENCE,,2026-08-17,dated_snapshot,system_generated
deal_ROLEXRINGS,platform_intelligence,DEAL,ROLEXRINGS,237,2,LOCAL_PLATFORM_EVIDENCE,,2026-08-17,dated_snapshot,system_generated
deal_ROUTE,platform_intelligence,DEAL,ROUTE,231,2,LOCAL_PLATFORM_EVIDENCE,,2026-08-17,dated_snapshot,system_generated
deal_RPPINFRA,platform_intelligence,DEAL,RPPINFRA,234,2,LOCAL_PLATFORM_EVIDENCE,,2026-08-17,dated_snapshot,system_generated
deal_RSL,platform_intelligence,DEAL,RSL,229,2,LOCAL_PLATFORM_EVIDENCE,,2026-08-17,dated_snapshot,system_generated
deal_RTL,platform_intelligence,DEAL,RTL,229,2,LOCAL_PLATFORM_EVIDENCE,,2026-08-17,dated_snapshot,system_generated
deal_RUDRA,platform_intelligence,DEAL,RUDRA,231,2,LOCAL_PLATFORM_EVIDENCE,,2026-08-17,dated_snapshot,system_generated
deal_SAHANA,platform_intelligence,DEAL,SAHANA,232,2,LOCAL_PLATFORM_EVIDENCE,,2026-08-17,dated_snapshot,system_generated
deal_SAJHOTELS,platform_intelligence,DEAL,SAJHOTELS,235,2,LOCAL_PLATFORM_EVIDENCE,,2026-08-17,dated_snapshot,system_generated
deal_SANGINITA,platform_intelligence,DEAL,SANGINITA,235,2,LOCAL_PLATFORM_EVIDENCE,,2026-08-17,dated_snapshot,system_generated
deal_SAPPHIRE,platform_intelligence,DEAL,SAPPHIRE,234,2,LOCAL_PLATFORM_EVIDENCE,,2026-08-17,dated_snapshot,system_generated
deal_SAWALIYA,platform_intelligence,DEAL,SAWALIYA,234,2,LOCAL_PLATFORM_EVIDENCE,,2026-08-17,dated_snapshot,system_generated
deal_SBC,platform_intelligence,DEAL,SBC,229,2,LOCAL_PLATFORM_EVIDENCE,,2026-08-17,dated_snapshot,system_generated
deal_SBCL,platform_intelligence,DEAL,SBCL,230,2,LOCAL_PLATFORM_EVIDENCE,,2026-08-17,dated_snapshot,system_generated
deal_SCANSTL,platform_intelligence,DEAL,SCANSTL,233,2,LOCAL_PLATFORM_EVIDENCE,,2026-08-17,dated_snapshot,system_generated
deal_SDBL,platform_intelligence,DEAL,SDBL,230,2,LOCAL_PLATFORM_EVIDENCE,,2026-08-17,dated_snapshot,system_generated
deal_SEAMECLTD,platform_intelligence,DEAL,SEAMECLTD,235,2,LOCAL_PLATFORM_EVIDENCE,,2026-08-17,dated_snapshot,system_generated
deal_SEITINVIT,platform_intelligence,DEAL,SEITINVIT,235,2,LOCAL_PLATFORM_EVIDENCE,,2026-08-17,dated_snapshot,system_generated
deal_SEL,platform_intelligence,DEAL,SEL,229,2,LOCAL_PLATFORM_EVIDENCE,,2026-08-17,dated_snapshot,system_generated
deal_SENCO,platform_intelligence,DEAL,SENCO,231,2,LOCAL_PLATFORM_EVIDENCE,,2026-08-17,dated_snapshot,system_generated
deal_SHADOWFAX,platform_intelligence,DEAL,SHADOWFAX,235,2,LOCAL_PLATFORM_EVIDENCE,,2026-08-17,dated_snapshot,system_generated
deal_SHAH,platform_intelligence,DEAL,SHAH,230,2,LOCAL_PLATFORM_EVIDENCE,,2026-08-17,dated_snapshot,system_generated
deal_SHALPAINTS,platform_intelligence,DEAL,SHALPAINTS,236,2,LOCAL_PLATFORM_EVIDENCE,,2026-08-17,dated_snapshot,system_generated
deal_SHANKARA,platform_intelligence,DEAL,SHANKARA,234,2,LOCAL_PLATFORM_EVIDENCE,,2026-08-17,dated_snapshot,system_generated
deal_SHANTHALA,platform_intelligence,DEAL,SHANTHALA,235,2,LOCAL_PLATFORM_EVIDENCE,,2026-08-17,dated_snapshot,system_generated
deal_SHANTI,platform_intelligence,DEAL,SHANTI,232,2,LOCAL_PLATFORM_EVIDENCE,,2026-08-17,dated_snapshot,system_generated
deal_SHANTI-RE,platform_intelligence,DEAL,SHANTI-RE,235,2,LOCAL_PLATFORM_EVIDENCE,,2026-08-17,dated_snapshot,system_generated
deal_SHANTIGOLD,platform_intelligence,DEAL,SHANTIGOLD,236,2,LOCAL_PLATFORM_EVIDENCE,,2026-08-17,dated_snapshot,system_generated
deal_SHILPAMED,platform_intelligence,DEAL,SHILPAMED,235,2,LOCAL_PLATFORM_EVIDENCE,,2026-08-17,dated_snapshot,system_generated
deal_SHINDL,platform_intelligence,DEAL,SHINDL,232,2,LOCAL_PLATFORM_EVIDENCE,,2026-08-17,dated_snapshot,system_generated
deal_SHIVAUM,platform_intelligence,DEAL,SHIVAUM,233,2,LOCAL_PLATFORM_EVIDENCE,,2026-08-17,dated_snapshot,system_generated
deal_SHK,platform_intelligence,DEAL,SHK,229,2,LOCAL_PLATFORM_EVIDENCE,,2026-08-17,dated_snapshot,system_generated
deal_SHREEJISPG,platform_intelligence,DEAL,SHREEJISPG,236,2,LOCAL_PLATFORM_EVIDENCE,,2026-08-17,dated_snapshot,system_generated
deal_SICAGEN,platform_intelligence,DEAL,SICAGEN,233,2,LOCAL_PLATFORM_EVIDENCE,,2026-08-17,dated_snapshot,system_generated
deal_SILKY,platform_intelligence,DEAL,SILKY,231,2,LOCAL_PLATFORM_EVIDENCE,,2026-08-17,dated_snapshot,system_generated
deal_SMLMAH,platform_intelligence,DEAL,SMLMAH,232,2,LOCAL_PLATFORM_EVIDENCE,,2026-08-17,dated_snapshot,system_generated
deal_STALLION,platform_intelligence,DEAL,STALLION,234,2,LOCAL_PLATFORM_EVIDENCE,,2026-08-17,dated_snapshot,system_generated
deal_STYLEBAAZA,platform_intelligence,DEAL,STYLEBAAZA,236,2,LOCAL_PLATFORM_EVIDENCE,,2026-08-17,dated_snapshot,system_generated
deal_SUDARSCHEM,platform_intelligence,DEAL,SUDARSCHEM,236,2,LOCAL_PLATFORM_EVIDENCE,,2026-08-17,dated_snapshot,system_generated
deal_SUDEEPPHRM,platform_intelligence,DEAL,SUDEEPPHRM,238,2,LOCAL_PLATFORM_EVIDENCE,,2026-08-17,dated_snapshot,system_generated
deal_SUMEETINDS,platform_intelligence,DEAL,SUMEETINDS,236,2,LOCAL_PLATFORM_EVIDENCE,,2026-08-17,dated_snapshot,system_generated
deal_SUNDARAM,platform_intelligence,DEAL,SUNDARAM,234,2,LOCAL_PLATFORM_EVIDENCE,,2026-08-17,dated_snapshot,system_generated
deal_SUPREMEENG,platform_intelligence,DEAL,SUPREMEENG,236,2,LOCAL_PLATFORM_EVIDENCE,,2026-08-17,dated_snapshot,system_generated
deal_SURANI,platform_intelligence,DEAL,SURANI,232,2,LOCAL_PLATFORM_EVIDENCE,,2026-08-17,dated_snapshot,system_generated
deal_SURYALA,platform_intelligence,DEAL,SURYALA,233,2,LOCAL_PLATFORM_EVIDENCE,,2026-08-17,dated_snapshot,system_generated
deal_SURYODAY,platform_intelligence,DEAL,SURYODAY,234,2,LOCAL_PLATFORM_EVIDENCE,,2026-08-17,dated_snapshot,system_generated
deal_SWARAJ,platform_intelligence,DEAL,SWARAJ,232,2,LOCAL_PLATFORM_EVIDENCE,,2026-08-17,dated_snapshot,system_generated
deal_TAKE,platform_intelligence,DEAL,TAKE,230,2,LOCAL_PLATFORM_EVIDENCE,,2026-08-17,dated_snapshot,system_generated
deal_TANLA,platform_intelligence,DEAL,TANLA,231,2,LOCAL_PLATFORM_EVIDENCE,,2026-08-17,dated_snapshot,system_generated
deal_TARSONS,platform_intelligence,DEAL,TARSONS,233,2,LOCAL_PLATFORM_EVIDENCE,,2026-08-17,dated_snapshot,system_generated
deal_TBZ,platform_intelligence,DEAL,TBZ,229,2,LOCAL_PLATFORM_EVIDENCE,,2026-08-17,dated_snapshot,system_generated
deal_TCL,platform_intelligence,DEAL,TCL,229,2,LOCAL_PLATFORM_EVIDENCE,,2026-08-17,dated_snapshot,system_generated
deal_TECHERA,platform_intelligence,DEAL,TECHERA,233,2,LOCAL_PLATFORM_EVIDENCE,,2026-08-17,dated_snapshot,system_generated
deal_TECHNOCRAF,platform_intelligence,DEAL,TECHNOCRAF,236,2,LOCAL_PLATFORM_EVIDENCE,,2026-08-17,dated_snapshot,system_generated
deal_TECILCHEM,platform_intelligence,DEAL,TECILCHEM,235,2,LOCAL_PLATFORM_EVIDENCE,,2026-08-17,dated_snapshot,system_generated
deal_TEMBO,platform_intelligence,DEAL,TEMBO,232,2,LOCAL_PLATFORM_EVIDENCE,,2026-08-17,dated_snapshot,system_generated
deal_TENNIND,platform_intelligence,DEAL,TENNIND,235,2,LOCAL_PLATFORM_EVIDENCE,,2026-08-17,dated_snapshot,system_generated
deal_TFCILTD,platform_intelligence,DEAL,TFCILTD,233,2,LOCAL_PLATFORM_EVIDENCE,,2026-08-17,dated_snapshot,system_generated
deal_THOMASCOTT,platform_intelligence,DEAL,THOMASCOTT,236,2,LOCAL_PLATFORM_EVIDENCE,,2026-08-17,dated_snapshot,system_generated
deal_THYROCARE,platform_intelligence,DEAL,THYROCARE,237,2,LOCAL_PLATFORM_EVIDENCE,,2026-08-17,dated_snapshot,system_generated
deal_TIJARIA,platform_intelligence,DEAL,TIJARIA,233,2,LOCAL_PLATFORM_EVIDENCE,,2026-08-17,dated_snapshot,system_generated
deal_TIL,platform_intelligence,DEAL,TIL,229,2,LOCAL_PLATFORM_EVIDENCE,,2026-08-17,dated_snapshot,system_generated
deal_TINNARUBR,platform_intelligence,DEAL,TINNARUBR,235,2,LOCAL_PLATFORM_EVIDENCE,,2026-08-17,dated_snapshot,system_generated
deal_TIPSFILMS,platform_intelligence,DEAL,TIPSFILMS,235,2,LOCAL_PLATFORM_EVIDENCE,,2026-08-17,dated_snapshot,system_generated
deal_TIRUPATI,platform_intelligence,DEAL,TIRUPATI,234,2,LOCAL_PLATFORM_EVIDENCE,,2026-08-17,dated_snapshot,system_generated
deal_TRIDENT,platform_intelligence,DEAL,TRIDENT,233,2,LOCAL_PLATFORM_EVIDENCE,,2026-08-17,dated_snapshot,system_generated
deal_TSC,platform_intelligence,DEAL,TSC,229,2,LOCAL_PLATFORM_EVIDENCE,,2026-08-17,dated_snapshot,system_generated
deal_TTKPRESTIG,platform_intelligence,DEAL,TTKPRESTIG,236,2,LOCAL_PLATFORM_EVIDENCE,,2026-08-17,dated_snapshot,system_generated
deal_UFLEX,platform_intelligence,DEAL,UFLEX,231,2,LOCAL_PLATFORM_EVIDENCE,,2026-08-17,dated_snapshot,system_generated
deal_ULTRAMAR,platform_intelligence,DEAL,ULTRAMAR,234,2,LOCAL_PLATFORM_EVIDENCE,,2026-08-17,dated_snapshot,system_generated
deal_UNIECOM,platform_intelligence,DEAL,UNIECOM,233,2,LOCAL_PLATFORM_EVIDENCE,,2026-08-17,dated_snapshot,system_generated
deal_UNIVASTU,platform_intelligence,DEAL,UNIVASTU,234,2,LOCAL_PLATFORM_EVIDENCE,,2026-08-17,dated_snapshot,system_generated
deal_URAVIDEF,platform_intelligence,DEAL,URAVIDEF,234,2,LOCAL_PLATFORM_EVIDENCE,,2026-08-17,dated_snapshot,system_generated
deal_URBAN,platform_intelligence,DEAL,URBAN,231,2,LOCAL_PLATFORM_EVIDENCE,,2026-08-17,dated_snapshot,system_generated
deal_URBANCO,platform_intelligence,DEAL,URBANCO,235,2,LOCAL_PLATFORM_EVIDENCE,,2026-08-17,dated_snapshot,system_generated
deal_VALUE360,platform_intelligence,DEAL,VALUE360,234,2,LOCAL_PLATFORM_EVIDENCE,,2026-08-17,dated_snapshot,system_generated
deal_VARROC,platform_intelligence,DEAL,VARROC,232,2,LOCAL_PLATFORM_EVIDENCE,,2026-08-17,dated_snapshot,system_generated
deal_VCL,platform_intelligence,DEAL,VCL,229,2,LOCAL_PLATFORM_EVIDENCE,,2026-08-17,dated_snapshot,system_generated
deal_VICTORYEV,platform_intelligence,DEAL,VICTORYEV,235,2,LOCAL_PLATFORM_EVIDENCE,,2026-08-17,dated_snapshot,system_generated
deal_VIJAYPD,platform_intelligence,DEAL,VIJAYPD,233,2,LOCAL_PLATFORM_EVIDENCE,,2026-08-17,dated_snapshot,system_generated
deal_VIJIFIN,platform_intelligence,DEAL,VIJIFIN,233,2,LOCAL_PLATFORM_EVIDENCE,,2026-08-17,dated_snapshot,system_generated
deal_VIKRAMSOLR,platform_intelligence,DEAL,VIKRAMSOLR,236,2,LOCAL_PLATFORM_EVIDENCE,,2026-08-17,dated_snapshot,system_generated
deal_VIMTALABS,platform_intelligence,DEAL,VIMTALABS,235,2,LOCAL_PLATFORM_EVIDENCE,,2026-08-17,dated_snapshot,system_generated
deal_VINYAS,platform_intelligence,DEAL,VINYAS,232,2,LOCAL_PLATFORM_EVIDENCE,,2026-08-17,dated_snapshot,system_generated
deal_VIPULLTD,platform_intelligence,DEAL,VIPULLTD,234,2,LOCAL_PLATFORM_EVIDENCE,,2026-08-17,dated_snapshot,system_generated
deal_VISAKAIND,platform_intelligence,DEAL,VISAKAIND,235,2,LOCAL_PLATFORM_EVIDENCE,,2026-08-17,dated_snapshot,system_generated
deal_VIVO,platform_intelligence,DEAL,VIVO,230,2,LOCAL_PLATFORM_EVIDENCE,,2026-08-17,dated_snapshot,system_generated
deal_VMOBILE,platform_intelligence,DEAL,VMOBILE,233,2,LOCAL_PLATFORM_EVIDENCE,,2026-08-17,dated_snapshot,system_generated
deal_VOLERCAR,platform_intelligence,DEAL,VOLERCAR,234,2,LOCAL_PLATFORM_EVIDENCE,,2026-08-17,dated_snapshot,system_generated
deal_WAKEFIT,platform_intelligence,DEAL,WAKEFIT,233,2,LOCAL_PLATFORM_EVIDENCE,,2026-08-17,dated_snapshot,system_generated
deal_WANBURY,platform_intelligence,DEAL,WANBURY,233,2,LOCAL_PLATFORM_EVIDENCE,,2026-08-17,dated_snapshot,system_generated
deal_WEL,platform_intelligence,DEAL,WEL,229,2,LOCAL_PLATFORM_EVIDENCE,,2026-08-17,dated_snapshot,system_generated
deal_WINDLAS,platform_intelligence,DEAL,WINDLAS,233,2,LOCAL_PLATFORM_EVIDENCE,,2026-08-17,dated_snapshot,system_generated
deal_WOMANCART,platform_intelligence,DEAL,WOMANCART,235,2,LOCAL_PLATFORM_EVIDENCE,,2026-08-17,dated_snapshot,system_generated
deal_XTRANET,platform_intelligence,DEAL,XTRANET,233,2,LOCAL_PLATFORM_EVIDENCE,,2026-08-17,dated_snapshot,system_generated
deal_YATRA,platform_intelligence,DEAL,YATRA,231,2,LOCAL_PLATFORM_EVIDENCE,,2026-08-17,dated_snapshot,system_generated
deal_ZAGGLE,platform_intelligence,DEAL,ZAGGLE,232,2,LOCAL_PLATFORM_EVIDENCE,,2026-08-17,dated_snapshot,system_generated
deal_ZEEL,platform_intelligence,DEAL,ZEEL,230,2,LOCAL_PLATFORM_EVIDENCE,,2026-08-17,dated_snapshot,system_generated
deal_ZENITHDRUG,platform_intelligence,DEAL,ZENITHDRUG,236,2,LOCAL_PLATFORM_EVIDENCE,,2026-08-17,dated_snapshot,system_generated
deal_ZOTA,platform_intelligence,DEAL,ZOTA,230,2,LOCAL_PLATFORM_EVIDENCE,,2026-08-17,dated_snapshot,system_generated
market_regime,platform_intelligence,MARKET,MARKET_REGIME,413,1,LOCAL_PLATFORM_EVIDENCE,,2026-08-17,dated_snapshot,system_generated
sector_agriculture,platform_intelligence,SECTOR,AGRICULTURE,372,3,LOCAL_PLATFORM_EVIDENCE,,2026-08-17,dated_snapshot,system_generated
sector_amc,platform_intelligence,SECTOR,AMC,335,3,LOCAL_PLATFORM_EVIDENCE,,2026-08-17,dated_snapshot,system_generated
sector_auto,platform_intelligence,SECTOR,AUTO,387,3,LOCAL_PLATFORM_EVIDENCE,,2026-08-17,dated_snapshot,system_generated
sector_aviation,platform_intelligence,SECTOR,AVIATION,342,3,LOCAL_PLATFORM_EVIDENCE,,2026-08-17,dated_snapshot,system_generated
sector_banking,platform_intelligence,SECTOR,BANKING,381,3,LOCAL_PLATFORM_EVIDENCE,,2026-08-17,dated_snapshot,system_generated
sector_capital_goods,platform_intelligence,SECTOR,CAPITAL_GOODS,392,3,LOCAL_PLATFORM_EVIDENCE,,2026-08-17,dated_snapshot,system_generated
sector_cement,platform_intelligence,SECTOR,CEMENT,352,3,LOCAL_PLATFORM_EVIDENCE,,2026-08-17,dated_snapshot,system_generated
sector_chemicals,platform_intelligence,SECTOR,CHEMICALS,380,3,LOCAL_PLATFORM_EVIDENCE,,2026-08-17,dated_snapshot,system_generated
sector_defence,platform_intelligence,SECTOR,DEFENCE,373,3,LOCAL_PLATFORM_EVIDENCE,,2026-08-17,dated_snapshot,system_generated
sector_diversified,platform_intelligence,SECTOR,DIVERSIFIED,347,3,LOCAL_PLATFORM_EVIDENCE,,2026-08-17,dated_snapshot,system_generated
sector_energy,platform_intelligence,SECTOR,ENERGY,380,3,LOCAL_PLATFORM_EVIDENCE,,2026-08-17,dated_snapshot,system_generated
sector_exchange,platform_intelligence,SECTOR,EXCHANGE,341,3,LOCAL_PLATFORM_EVIDENCE,,2026-08-17,dated_snapshot,system_generated
sector_financial_services,platform_intelligence,SECTOR,FINANCIAL_SERVICES,391,3,LOCAL_PLATFORM_EVIDENCE,,2026-08-17,dated_snapshot,system_generated
sector_fmcg,platform_intelligence,SECTOR,FMCG,373,3,LOCAL_PLATFORM_EVIDENCE,,2026-08-17,dated_snapshot,system_generated
sector_healthcare,platform_intelligence,SECTOR,HEALTHCARE,374,3,LOCAL_PLATFORM_EVIDENCE,,2026-08-17,dated_snapshot,system_generated
sector_hospitality,platform_intelligence,SECTOR,HOSPITALITY,382,3,LOCAL_PLATFORM_EVIDENCE,,2026-08-17,dated_snapshot,system_generated
sector_infrastructure,platform_intelligence,SECTOR,INFRASTRUCTURE,385,3,LOCAL_PLATFORM_EVIDENCE,,2026-08-17,dated_snapshot,system_generated
sector_insurance,platform_intelligence,SECTOR,INSURANCE,342,3,LOCAL_PLATFORM_EVIDENCE,,2026-08-17,dated_snapshot,system_generated
sector_it,platform_intelligence,SECTOR,IT,365,3,LOCAL_PLATFORM_EVIDENCE,,2026-08-17,dated_snapshot,system_generated
sector_logistics,platform_intelligence,SECTOR,LOGISTICS,371,3,LOCAL_PLATFORM_EVIDENCE,,2026-08-17,dated_snapshot,system_generated
sector_media,platform_intelligence,SECTOR,MEDIA,378,3,LOCAL_PLATFORM_EVIDENCE,,2026-08-17,dated_snapshot,system_generated
sector_metal,platform_intelligence,SECTOR,METAL,376,3,LOCAL_PLATFORM_EVIDENCE,,2026-08-17,dated_snapshot,system_generated
sector_other,platform_intelligence,SECTOR,OTHER,371,3,LOCAL_PLATFORM_EVIDENCE,,2026-08-17,dated_snapshot,system_generated
sector_pharma,platform_intelligence,SECTOR,PHARMA,386,3,LOCAL_PLATFORM_EVIDENCE,,2026-08-17,dated_snapshot,system_generated
sector_power,platform_intelligence,SECTOR,POWER,341,3,LOCAL_PLATFORM_EVIDENCE,,2026-08-17,dated_snapshot,system_generated
sector_realty,platform_intelligence,SECTOR,REALTY,373,3,LOCAL_PLATFORM_EVIDENCE,,2026-08-17,dated_snapshot,system_generated
sector_retail,platform_intelligence,SECTOR,RETAIL,369,3,LOCAL_PLATFORM_EVIDENCE,,2026-08-17,dated_snapshot,system_generated
sector_telecom,platform_intelligence,SECTOR,TELECOM,349,3,LOCAL_PLATFORM_EVIDENCE,,2026-08-17,dated_snapshot,system_generated
sector_textiles,platform_intelligence,SECTOR,TEXTILES,387,3,LOCAL_PLATFORM_EVIDENCE,,2026-08-17,dated_snapshot,system_generated
stock_21STCENMGM,platform_intelligence,STOCK,21STCENMGM,457,4,ML_PREDICTION,,2026-08-17,dated_snapshot,system_generated
stock_360ONE,platform_intelligence,STOCK,360ONE,496,4,ML_PREDICTION,,2026-08-17,dated_snapshot,system_generated
stock_AARTIIND,platform_intelligence,STOCK,AARTIIND,433,4,ML_PREDICTION,,2026-08-17,dated_snapshot,system_generated
stock_AARTIPHARM,platform_intelligence,STOCK,AARTIPHARM,484,4,ML_PREDICTION,,2026-08-17,dated_snapshot,system_generated
stock_AARVI,platform_intelligence,STOCK,AARVI,416,4,ML_PREDICTION,,2026-08-17,dated_snapshot,system_generated
stock_ABB,platform_intelligence,STOCK,ABB,477,4,ML_PREDICTION,,2026-08-17,dated_snapshot,system_generated
stock_ABCAPITAL,platform_intelligence,STOCK,ABCAPITAL,454,4,ML_PREDICTION,,2026-08-17,dated_snapshot,system_generated
stock_ACE,platform_intelligence,STOCK,ACE,408,4,ML_PREDICTION,,2026-08-17,dated_snapshot,system_generated
stock_ACSTECH,platform_intelligence,STOCK,ACSTECH,424,4,ML_PREDICTION,,2026-08-17,dated_snapshot,system_generated
stock_ADOR,platform_intelligence,STOCK,ADOR,480,4,ML_PREDICTION,,2026-08-17,dated_snapshot,system_generated
stock_AEQUS,platform_intelligence,STOCK,AEQUS,420,4,ML_PREDICTION,,2026-08-17,dated_snapshot,system_generated
stock_AEROENTER,platform_intelligence,STOCK,AEROENTER,480,4,ML_PREDICTION,,2026-08-17,dated_snapshot,system_generated
stock_AEROFLEX,platform_intelligence,STOCK,AEROFLEX,476,4,ML_PREDICTION,,2026-08-17,dated_snapshot,system_generated
stock_AETHER,platform_intelligence,STOCK,AETHER,427,4,ML_PREDICTION,,2026-08-17,dated_snapshot,system_generated
stock_AGARWALEYE,platform_intelligence,STOCK,AGARWALEYE,441,4,ML_PREDICTION,,2026-08-17,dated_snapshot,system_generated
stock_AJANTPHARM,platform_intelligence,STOCK,AJANTPHARM,484,4,ML_PREDICTION,,2026-08-17,dated_snapshot,system_generated
stock_AKUMS,platform_intelligence,STOCK,AKUMS,469,4,ML_PREDICTION,,2026-08-17,dated_snapshot,system_generated
stock_ALBERTDAVD,platform_intelligence,STOCK,ALBERTDAVD,485,4,ML_PREDICTION,,2026-08-17,dated_snapshot,system_generated
stock_ALGOQUANT,platform_intelligence,STOCK,ALGOQUANT,453,4,ML_PREDICTION,,2026-08-17,dated_snapshot,system_generated
stock_ALIVUS,platform_intelligence,STOCK,ALIVUS,472,4,ML_PREDICTION,,2026-08-17,dated_snapshot,system_generated
stock_ALPHAGEO,platform_intelligence,STOCK,ALPHAGEO,478,4,ML_PREDICTION,,2026-08-17,dated_snapshot,system_generated
stock_AMBALALSA,platform_intelligence,STOCK,AMBALALSA,430,4,ML_PREDICTION,,2026-08-17,dated_snapshot,system_generated
stock_ANANDRATHI,platform_intelligence,STOCK,ANANDRATHI,508,4,ML_PREDICTION,,2026-08-17,dated_snapshot,system_generated
stock_ANANTRAJ,platform_intelligence,STOCK,ANANTRAJ,478,4,ML_PREDICTION,,2026-08-17,dated_snapshot,system_generated
stock_ANDHRSUGAR,platform_intelligence,STOCK,ANDHRSUGAR,490,4,ML_PREDICTION,,2026-08-17,dated_snapshot,system_generated
stock_ANTHEM,platform_intelligence,STOCK,ANTHEM,472,4,ML_PREDICTION,,2026-08-17,dated_snapshot,system_generated
stock_APARINDS,platform_intelligence,STOCK,APARINDS,433,4,ML_PREDICTION,,2026-08-17,dated_snapshot,system_generated
stock_APCOTEXIND,platform_intelligence,STOCK,APCOTEXIND,508,4,ML_PREDICTION,,2026-08-17,dated_snapshot,system_generated
stock_APLAPOLLO,platform_intelligence,STOCK,APLAPOLLO,428,4,ML_PREDICTION,,2026-08-17,dated_snapshot,system_generated
stock_APOLLOHOSP,platform_intelligence,STOCK,APOLLOHOSP,492,4,ML_PREDICTION,,2026-08-17,dated_snapshot,system_generated
stock_APOLLOPIPE,platform_intelligence,STOCK,APOLLOPIPE,498,4,ML_PREDICTION,,2026-08-17,dated_snapshot,system_generated
stock_ARCHIDPLY,platform_intelligence,STOCK,ARCHIDPLY,430,4,ML_PREDICTION,,2026-08-17,dated_snapshot,system_generated
stock_ARE&M,platform_intelligence,STOCK,ARE&M,465,4,ML_PREDICTION,,2026-08-17,dated_snapshot,system_generated
stock_ARIES,platform_intelligence,STOCK,ARIES,475,4,ML_PREDICTION,,2026-08-17,dated_snapshot,system_generated
stock_ARIHANT,platform_intelligence,STOCK,ARIHANT,424,4,ML_PREDICTION,,2026-08-17,dated_snapshot,system_generated
stock_ARIS,platform_intelligence,STOCK,ARIS,432,4,ML_PREDICTION,,2026-08-17,dated_snapshot,system_generated
stock_ARMANFIN,platform_intelligence,STOCK,ARMANFIN,451,4,ML_PREDICTION,,2026-08-17,dated_snapshot,system_generated
stock_ARTEMISMED,platform_intelligence,STOCK,ARTEMISMED,492,4,ML_PREDICTION,,2026-08-17,dated_snapshot,system_generated
stock_ARVIND,platform_intelligence,STOCK,ARVIND,425,4,ML_PREDICTION,,2026-08-17,dated_snapshot,system_generated
stock_ARVSMART,platform_intelligence,STOCK,ARVSMART,427,4,ML_PREDICTION,,2026-08-17,dated_snapshot,system_generated
stock_ASHOKLEY,platform_intelligence,STOCK,ASHOKLEY,474,4,ML_PREDICTION,,2026-08-17,dated_snapshot,system_generated
stock_ASIANENE,platform_intelligence,STOCK,ASIANENE,478,4,ML_PREDICTION,,2026-08-17,dated_snapshot,system_generated
stock_ASKAUTOLTD,platform_intelligence,STOCK,ASKAUTOLTD,480,4,ML_PREDICTION,,2026-08-17,dated_snapshot,system_generated
stock_ASTERDM,platform_intelligence,STOCK,ASTERDM,484,4,ML_PREDICTION,,2026-08-17,dated_snapshot,system_generated
stock_ATALREAL,platform_intelligence,STOCK,ATALREAL,427,4,ML_PREDICTION,,2026-08-17,dated_snapshot,system_generated
stock_ATHERENERG,platform_intelligence,STOCK,ATHERENERG,429,4,ML_PREDICTION,,2026-08-17,dated_snapshot,system_generated
stock_AUBANK,platform_intelligence,STOCK,AUBANK,474,4,ML_PREDICTION,,2026-08-17,dated_snapshot,system_generated
stock_AUROPHARMA,platform_intelligence,STOCK,AUROPHARMA,484,4,ML_PREDICTION,,2026-08-17,dated_snapshot,system_generated
stock_AVADHSUGAR,platform_intelligence,STOCK,AVADHSUGAR,482,4,ML_PREDICTION,,2026-08-17,dated_snapshot,system_generated
stock_AVALON,platform_intelligence,STOCK,AVALON,435,4,ML_PREDICTION,,2026-08-17,dated_snapshot,system_generated
stock_AVTNPL,platform_intelligence,STOCK,AVTNPL,482,4,ML_PREDICTION,,2026-08-17,dated_snapshot,system_generated
stock_AYE,platform_intelligence,STOCK,AYE,437,4,ML_PREDICTION,,2026-08-17,dated_snapshot,system_generated
stock_AYMSYNTEX,platform_intelligence,STOCK,AYMSYNTEX,434,4,ML_PREDICTION,,2026-08-17,dated_snapshot,system_generated
stock_AZAD,platform_intelligence,STOCK,AZAD,429,4,ML_PREDICTION,,2026-08-17,dated_snapshot,system_generated
stock_BAJAJ-AUTO,platform_intelligence,STOCK,BAJAJ-AUTO,480,4,ML_PREDICTION,,2026-08-17,dated_snapshot,system_generated
stock_BAJAJFINSV,platform_intelligence,STOCK,BAJAJFINSV,508,4,ML_PREDICTION,,2026-08-17,dated_snapshot,system_generated
stock_BAJAJHLDNG,platform_intelligence,STOCK,BAJAJHLDNG,508,4,ML_PREDICTION,,2026-08-17,dated_snapshot,system_generated
stock_BAJFINANCE,platform_intelligence,STOCK,BAJFINANCE,508,4,ML_PREDICTION,,2026-08-17,dated_snapshot,system_generated
stock_BALKRISIND,platform_intelligence,STOCK,BALKRISIND,480,4,ML_PREDICTION,,2026-08-17,dated_snapshot,system_generated
stock_BALRAMCHIN,platform_intelligence,STOCK,BALRAMCHIN,480,4,ML_PREDICTION,,2026-08-17,dated_snapshot,system_generated
stock_BBTCL,platform_intelligence,STOCK,BBTCL,424,4,ML_PREDICTION,,2026-08-17,dated_snapshot,system_generated
stock_BECTORFOOD,platform_intelligence,STOCK,BECTORFOOD,481,4,ML_PREDICTION,,2026-08-17,dated_snapshot,system_generated
stock_BEEKAY,platform_intelligence,STOCK,BEEKAY,419,4,ML_PREDICTION,,2026-08-17,dated_snapshot,system_generated
stock_BELRISE,platform_intelligence,STOCK,BELRISE,438,4,ML_PREDICTION,,2026-08-17,dated_snapshot,system_generated
stock_BEPL,platform_intelligence,STOCK,BEPL,480,4,ML_PREDICTION,,2026-08-17,dated_snapshot,system_generated
stock_BERGEPAINT,platform_intelligence,STOCK,BERGEPAINT,491,4,ML_PREDICTION,,2026-08-17,dated_snapshot,system_generated
stock_BETA,platform_intelligence,STOCK,BETA,415,4,ML_PREDICTION,,2026-08-17,dated_snapshot,system_generated
stock_BHAGCHEM,platform_intelligence,STOCK,BHAGCHEM,485,4,ML_PREDICTION,,2026-08-17,dated_snapshot,system_generated
stock_BHAGYANGR,platform_intelligence,STOCK,BHAGYANGR,427,4,ML_PREDICTION,,2026-08-17,dated_snapshot,system_generated
stock_BHARATSE,platform_intelligence,STOCK,BHARATSE,475,4,ML_PREDICTION,,2026-08-17,dated_snapshot,system_generated
stock_BHEL,platform_intelligence,STOCK,BHEL,462,4,ML_PREDICTION,,2026-08-17,dated_snapshot,system_generated
stock_BI,platform_intelligence,STOCK,BI,417,4,ML_PREDICTION,,2026-08-17,dated_snapshot,system_generated
stock_BIL,platform_intelligence,STOCK,BIL,416,4,ML_PREDICTION,,2026-08-17,dated_snapshot,system_generated
stock_BLSE,platform_intelligence,STOCK,BLSE,458,4,ML_PREDICTION,,2026-08-17,dated_snapshot,system_generated
stock_BLUESTONE,platform_intelligence,STOCK,BLUESTONE,426,4,ML_PREDICTION,,2026-08-17,dated_snapshot,system_generated
stock_BOSCH-HCIL,platform_intelligence,STOCK,BOSCH-HCIL,429,4,ML_PREDICTION,,2026-08-17,dated_snapshot,system_generated
stock_BOSCHLTD,platform_intelligence,STOCK,BOSCHLTD,474,4,ML_PREDICTION,,2026-08-17,dated_snapshot,system_generated
stock_BTML,platform_intelligence,STOCK,BTML,413,4,ML_PREDICTION,,2026-08-17,dated_snapshot,system_generated
stock_CALSOFT,platform_intelligence,STOCK,CALSOFT,421,4,ML_PREDICTION,,2026-08-17,dated_snapshot,system_generated
stock_CENTENKA,platform_intelligence,STOCK,CENTENKA,431,4,ML_PREDICTION,,2026-08-17,dated_snapshot,system_generated
stock_CHENNPETRO,platform_intelligence,STOCK,CHENNPETRO,482,4,ML_PREDICTION,,2026-08-17,dated_snapshot,system_generated
stock_CHOICEIN,platform_intelligence,STOCK,CHOICEIN,442,4,ML_PREDICTION,,2026-08-17,dated_snapshot,system_generated
stock_CHOLAFIN,platform_intelligence,STOCK,CHOLAFIN,502,4,ML_PREDICTION,,2026-08-17,dated_snapshot,system_generated
stock_CINELINE,platform_intelligence,STOCK,CINELINE,424,4,ML_PREDICTION,,2026-08-17,dated_snapshot,system_generated
stock_CMLL,platform_intelligence,STOCK,CMLL,412,4,ML_PREDICTION,,2026-08-17,dated_snapshot,system_generated
stock_CNL,platform_intelligence,STOCK,CNL,463,4,ML_PREDICTION,,2026-08-17,dated_snapshot,system_generated
stock_COFORGE,platform_intelligence,STOCK,COFORGE,467,4,ML_PREDICTION,,2026-08-17,dated_snapshot,system_generated
stock_COMSYN,platform_intelligence,STOCK,COMSYN,468,4,ML_PREDICTION,,2026-08-17,dated_snapshot,system_generated
stock_CONCOR,platform_intelligence,STOCK,CONCOR,479,4,ML_PREDICTION,,2026-08-17,dated_snapshot,system_generated
stock_CONCORDBIO,platform_intelligence,STOCK,CONCORDBIO,484,4,ML_PREDICTION,,2026-08-17,dated_snapshot,system_generated
stock_CORONA,platform_intelligence,STOCK,CORONA,472,4,ML_PREDICTION,,2026-08-17,dated_snapshot,system_generated
stock_COSMOFIRST,platform_intelligence,STOCK,COSMOFIRST,490,4,ML_PREDICTION,,2026-08-17,dated_snapshot,system_generated
stock_CRAFTSMAN,platform_intelligence,STOCK,CRAFTSMAN,477,4,ML_PREDICTION,,2026-08-17,dated_snapshot,system_generated
stock_CREDITACC,platform_intelligence,STOCK,CREDITACC,454,4,ML_PREDICTION,,2026-08-17,dated_snapshot,system_generated
stock_CRISIL,platform_intelligence,STOCK,CRISIL,496,4,ML_PREDICTION,,2026-08-17,dated_snapshot,system_generated
stock_CUPID,platform_intelligence,STOCK,CUPID,465,4,ML_PREDICTION,,2026-08-17,dated_snapshot,system_generated
stock_CYIENTDLM,platform_intelligence,STOCK,CYIENTDLM,444,4,ML_PREDICTION,,2026-08-17,dated_snapshot,system_generated
stock_DAICHI,platform_intelligence,STOCK,DAICHI,428,4,ML_PREDICTION,,2026-08-17,dated_snapshot,system_generated
stock_DALMIASUG,platform_intelligence,STOCK,DALMIASUG,477,4,ML_PREDICTION,,2026-08-17,dated_snapshot,system_generated
stock_DATAPATTNS,platform_intelligence,STOCK,DATAPATTNS,486,4,ML_PREDICTION,,2026-08-17,dated_snapshot,system_generated
stock_DBOL,platform_intelligence,STOCK,DBOL,465,4,ML_PREDICTION,,2026-08-17,dated_snapshot,system_generated
stock_DCI,platform_intelligence,STOCK,DCI,410,4,ML_PREDICTION,,2026-08-17,dated_snapshot,system_generated
stock_DCMNVL,platform_intelligence,STOCK,DCMNVL,418,4,ML_PREDICTION,,2026-08-17,dated_snapshot,system_generated
stock_DECNGOLD,platform_intelligence,STOCK,DECNGOLD,425,4,ML_PREDICTION,,2026-08-17,dated_snapshot,system_generated
stock_DEEDEV,platform_intelligence,STOCK,DEEDEV,419,4,ML_PREDICTION,,2026-08-17,dated_snapshot,system_generated
stock_DEEPINDS,platform_intelligence,STOCK,DEEPINDS,427,4,ML_PREDICTION,,2026-08-17,dated_snapshot,system_generated
stock_DHAMPURSUG,platform_intelligence,STOCK,DHAMPURSUG,480,4,ML_PREDICTION,,2026-08-17,dated_snapshot,system_generated
stock_DIAMONDYD,platform_intelligence,STOCK,DIAMONDYD,425,4,ML_PREDICTION,,2026-08-17,dated_snapshot,system_generated
stock_DICIND,platform_intelligence,STOCK,DICIND,478,4,ML_PREDICTION,,2026-08-17,dated_snapshot,system_generated
stock_DIFFNKG,platform_intelligence,STOCK,DIFFNKG,438,4,ML_PREDICTION,,2026-08-17,dated_snapshot,system_generated
stock_DIGJAMLMTD,platform_intelligence,STOCK,DIGJAMLMTD,437,4,ML_PREDICTION,,2026-08-17,dated_snapshot,system_generated
stock_DIVGIITTS,platform_intelligence,STOCK,DIVGIITTS,483,4,ML_PREDICTION,,2026-08-17,dated_snapshot,system_generated
stock_DIVISLAB,platform_intelligence,STOCK,DIVISLAB,478,4,ML_PREDICTION,,2026-08-17,dated_snapshot,system_generated
stock_DOLPHIN,platform_intelligence,STOCK,DOLPHIN,424,4,ML_PREDICTION,,2026-08-17,dated_snapshot,system_generated
stock_DRAGARWQ,platform_intelligence,STOCK,DRAGARWQ,436,4,ML_PREDICTION,,2026-08-17,dated_snapshot,system_generated
stock_DREDGECORP,platform_intelligence,STOCK,DREDGECORP,449,4,ML_PREDICTION,,2026-08-17,dated_snapshot,system_generated
stock_DYCL,platform_intelligence,STOCK,DYCL,480,4,ML_PREDICTION,,2026-08-17,dated_snapshot,system_generated
stock_DYNAMATECH,platform_intelligence,STOCK,DYNAMATECH,499,4,ML_PREDICTION,,2026-08-17,dated_snapshot,system_generated
stock_EBGNG,platform_intelligence,STOCK,EBGNG,410,4,ML_PREDICTION,,2026-08-17,dated_snapshot,system_generated
stock_EDELWEISS,platform_intelligence,STOCK,EDELWEISS,506,4,ML_PREDICTION,,2026-08-17,dated_snapshot,system_generated
stock_EICHERMOT,platform_intelligence,STOCK,EICHERMOT,477,4,ML_PREDICTION,,2026-08-17,dated_snapshot,system_generated
stock_EIMCOELECO,platform_intelligence,STOCK,EIMCOELECO,498,4,ML_PREDICTION,,2026-08-17,dated_snapshot,system_generated
stock_ELANTAS,platform_intelligence,STOCK,ELANTAS,481,4,ML_PREDICTION,,2026-08-17,dated_snapshot,system_generated
stock_ELGIEQUIP,platform_intelligence,STOCK,ELGIEQUIP,495,4,ML_PREDICTION,,2026-08-17,dated_snapshot,system_generated
stock_ELPROINTL,platform_intelligence,STOCK,ELPROINTL,430,4,ML_PREDICTION,,2026-08-17,dated_snapshot,system_generated
stock_EMCURE,platform_intelligence,STOCK,EMCURE,421,4,ML_PREDICTION,,2026-08-17,dated_snapshot,system_generated
stock_EMIL,platform_intelligence,STOCK,EMIL,415,4,ML_PREDICTION,,2026-08-17,dated_snapshot,system_generated
stock_EMPOWER,platform_intelligence,STOCK,EMPOWER,421,4,ML_PREDICTION,,2026-08-17,dated_snapshot,system_generated
stock_ENDURANCE,platform_intelligence,STOCK,ENDURANCE,477,4,ML_PREDICTION,,2026-08-17,dated_snapshot,system_generated
stock_ENGINERSIN,platform_intelligence,STOCK,ENGINERSIN,500,4,ML_PREDICTION,,2026-08-17,dated_snapshot,system_generated
stock_ENRIN,platform_intelligence,STOCK,ENRIN,483,4,ML_PREDICTION,,2026-08-17,dated_snapshot,system_generated
stock_ENTERO,platform_intelligence,STOCK,ENTERO,421,4,ML_PREDICTION,,2026-08-17,dated_snapshot,system_generated
stock_EPL,platform_intelligence,STOCK,EPL,469,4,ML_PREDICTION,,2026-08-17,dated_snapshot,system_generated
stock_ESABINDIA,platform_intelligence,STOCK,ESABINDIA,495,4,ML_PREDICTION,,2026-08-17,dated_snapshot,system_generated
stock_ETERNAL,platform_intelligence,STOCK,ETERNAL,424,4,ML_PREDICTION,,2026-08-17,dated_snapshot,system_generated
stock_ETHOSLTD,platform_intelligence,STOCK,ETHOSLTD,424,4,ML_PREDICTION,,2026-08-17,dated_snapshot,system_generated
stock_EXIDEIND,platform_intelligence,STOCK,EXIDEIND,474,4,ML_PREDICTION,,2026-08-17,dated_snapshot,system_generated
stock_FCL,platform_intelligence,STOCK,FCL,469,4,ML_PREDICTION,,2026-08-17,dated_snapshot,system_generated
stock_FEDERALBNK,platform_intelligence,STOCK,FEDERALBNK,435,4,ML_PREDICTION,,2026-08-17,dated_snapshot,system_generated
stock_FILATEX,platform_intelligence,STOCK,FILATEX,479,4,ML_PREDICTION,,2026-08-17,dated_snapshot,system_generated
stock_FINCABLES,platform_intelligence,STOCK,FINCABLES,495,4,ML_PREDICTION,,2026-08-17,dated_snapshot,system_generated
stock_FLUOROCHEM,platform_intelligence,STOCK,FLUOROCHEM,490,4,ML_PREDICTION,,2026-08-17,dated_snapshot,system_generated
stock_GABRIEL,platform_intelligence,STOCK,GABRIEL,471,4,ML_PREDICTION,,2026-08-17,dated_snapshot,system_generated
stock_GAEL,platform_intelligence,STOCK,GAEL,425,4,ML_PREDICTION,,2026-08-17,dated_snapshot,system_generated
stock_GALAXYSURF,platform_intelligence,STOCK,GALAXYSURF,490,4,ML_PREDICTION,,2026-08-17,dated_snapshot,system_generated
stock_GANDHAR,platform_intelligence,STOCK,GANDHAR,475,4,ML_PREDICTION,,2026-08-17,dated_snapshot,system_generated
stock_GANESHHOU,platform_intelligence,STOCK,GANESHHOU,481,4,ML_PREDICTION,,2026-08-17,dated_snapshot,system_generated
stock_GARFIBRES,platform_intelligence,STOCK,GARFIBRES,485,4,ML_PREDICTION,,2026-08-17,dated_snapshot,system_generated
stock_GHCLTEXTIL,platform_intelligence,STOCK,GHCLTEXTIL,488,4,ML_PREDICTION,,2026-08-17,dated_snapshot,system_generated
stock_GIPCL,platform_intelligence,STOCK,GIPCL,483,4,ML_PREDICTION,,2026-08-17,dated_snapshot,system_generated
stock_GKSL,platform_intelligence,STOCK,GKSL,423,4,ML_PREDICTION,,2026-08-17,dated_snapshot,system_generated
stock_GLAND,platform_intelligence,STOCK,GLAND,469,4,ML_PREDICTION,,2026-08-17,dated_snapshot,system_generated
stock_GLAXO,platform_intelligence,STOCK,GLAXO,469,4,ML_PREDICTION,,2026-08-17,dated_snapshot,system_generated
stock_GLENMARK,platform_intelligence,STOCK,GLENMARK,478,4,ML_PREDICTION,,2026-08-17,dated_snapshot,system_generated
stock_GLOBAL,platform_intelligence,STOCK,GLOBAL,480,4,ML_PREDICTION,,2026-08-17,dated_snapshot,system_generated
stock_GMMPFAUDLR,platform_intelligence,STOCK,GMMPFAUDLR,499,4,ML_PREDICTION,,2026-08-17,dated_snapshot,system_generated
stock_GNFC,platform_intelligence,STOCK,GNFC,472,4,ML_PREDICTION,,2026-08-17,dated_snapshot,system_generated
stock_GOCLCORP,platform_intelligence,STOCK,GOCLCORP,434,4,ML_PREDICTION,,2026-08-17,dated_snapshot,system_generated
stock_GOLDIAM,platform_intelligence,STOCK,GOLDIAM,471,4,ML_PREDICTION,,2026-08-17,dated_snapshot,system_generated
stock_GRAPHITE,platform_intelligence,STOCK,GRAPHITE,493,4,ML_PREDICTION,,2026-08-17,dated_snapshot,system_generated
stock_GRASIM,platform_intelligence,STOCK,GRASIM,472,4,ML_PREDICTION,,2026-08-17,dated_snapshot,system_generated
stock_GRAVITA,platform_intelligence,STOCK,GRAVITA,421,4,ML_PREDICTION,,2026-08-17,dated_snapshot,system_generated
stock_GROWWEV,platform_intelligence,STOCK,GROWWEV,423,4,ML_PREDICTION,,2026-08-17,dated_snapshot,system_generated
stock_GRWRHITECH,platform_intelligence,STOCK,GRWRHITECH,499,4,ML_PREDICTION,,2026-08-17,dated_snapshot,system_generated
stock_GSPCROP,platform_intelligence,STOCK,GSPCROP,430,4,ML_PREDICTION,,2026-08-17,dated_snapshot,system_generated
stock_GUFICBIO,platform_intelligence,STOCK,GUFICBIO,478,4,ML_PREDICTION,,2026-08-17,dated_snapshot,system_generated
stock_GULFOILLUB,platform_intelligence,STOCK,GULFOILLUB,484,4,ML_PREDICTION,,2026-08-17,dated_snapshot,system_generated
stock_HAL,platform_intelligence,STOCK,HAL,465,4,ML_PREDICTION,,2026-08-17,dated_snapshot,system_generated
stock_HALDER,platform_intelligence,STOCK,HALDER,431,4,ML_PREDICTION,,2026-08-17,dated_snapshot,system_generated
stock_HAPPYFORGE,platform_intelligence,STOCK,HAPPYFORGE,498,4,ML_PREDICTION,,2026-08-17,dated_snapshot,system_generated
stock_HCG,platform_intelligence,STOCK,HCG,473,4,ML_PREDICTION,,2026-08-17,dated_snapshot,system_generated
stock_HEG,platform_intelligence,STOCK,HEG,477,4,ML_PREDICTION,,2026-08-17,dated_snapshot,system_generated
stock_HEROMOTOCO,platform_intelligence,STOCK,HEROMOTOCO,480,4,ML_PREDICTION,,2026-08-17,dated_snapshot,system_generated
stock_HFCL,platform_intelligence,STOCK,HFCL,468,4,ML_PREDICTION,,2026-08-17,dated_snapshot,system_generated
stock_HINDALCO,platform_intelligence,STOCK,HINDALCO,477,4,ML_PREDICTION,,2026-08-17,dated_snapshot,system_generated
stock_HNDFDS,platform_intelligence,STOCK,HNDFDS,417,4,ML_PREDICTION,,2026-08-17,dated_snapshot,system_generated
stock_HONASA,platform_intelligence,STOCK,HONASA,417,4,ML_PREDICTION,,2026-08-17,dated_snapshot,system_generated
stock_HSCL,platform_intelligence,STOCK,HSCL,472,4,ML_PREDICTION,,2026-08-17,dated_snapshot,system_generated
stock_HUHTAMAKI,platform_intelligence,STOCK,HUHTAMAKI,488,4,ML_PREDICTION,,2026-08-17,dated_snapshot,system_generated
stock_IBULLSLTD,platform_intelligence,STOCK,IBULLSLTD,427,4,ML_PREDICTION,,2026-08-17,dated_snapshot,system_generated
stock_IDEA,platform_intelligence,STOCK,IDEA,418,4,ML_PREDICTION,,2026-08-17,dated_snapshot,system_generated
stock_IDFCFIRSTB,platform_intelligence,STOCK,IDFCFIRSTB,486,4,ML_PREDICTION,,2026-08-17,dated_snapshot,system_generated
stock_IFCI,platform_intelligence,STOCK,IFCI,439,4,ML_PREDICTION,,2026-08-17,dated_snapshot,system_generated
stock_IGPL,platform_intelligence,STOCK,IGPL,473,4,ML_PREDICTION,,2026-08-17,dated_snapshot,system_generated
stock_IIFL,platform_intelligence,STOCK,IIFL,490,4,ML_PREDICTION,,2026-08-17,dated_snapshot,system_generated
stock_IKS,platform_intelligence,STOCK,IKS,405,4,ML_PREDICTION,,2026-08-17,dated_snapshot,system_generated
stock_INDGN,platform_intelligence,STOCK,INDGN,478,4,ML_PREDICTION,,2026-08-17,dated_snapshot,system_generated
stock_INDIANB,platform_intelligence,STOCK,INDIANB,478,4,ML_PREDICTION,,2026-08-17,dated_snapshot,system_generated
stock_INDIGOPNTS,platform_intelligence,STOCK,INDIGOPNTS,439,4,ML_PREDICTION,,2026-08-17,dated_snapshot,system_generated
stock_INDOMIM,platform_intelligence,STOCK,INDOMIM,422,4,ML_PREDICTION,,2026-08-17,dated_snapshot,system_generated
stock_INDOTECH,platform_intelligence,STOCK,INDOTECH,425,4,ML_PREDICTION,,2026-08-17,dated_snapshot,system_generated
stock_INDSWFTLAB,platform_intelligence,STOCK,INDSWFTLAB,433,4,ML_PREDICTION,,2026-08-17,dated_snapshot,system_generated
stock_INDUSINDBK,platform_intelligence,STOCK,INDUSINDBK,487,4,ML_PREDICTION,,2026-08-17,dated_snapshot,system_generated
stock_INNOVACAP,platform_intelligence,STOCK,INNOVACAP,482,4,ML_PREDICTION,,2026-08-17,dated_snapshot,system_generated
stock_INOXINDIA,platform_intelligence,STOCK,INOXINDIA,495,4,ML_PREDICTION,,2026-08-17,dated_snapshot,system_generated
stock_IPCALAB,platform_intelligence,STOCK,IPCALAB,424,4,ML_PREDICTION,,2026-08-17,dated_snapshot,system_generated
stock_IRISDOREME,platform_intelligence,STOCK,IRISDOREME,437,4,ML_PREDICTION,,2026-08-17,dated_snapshot,system_generated
stock_JAGSNPHARM,platform_intelligence,STOCK,JAGSNPHARM,483,4,ML_PREDICTION,,2026-08-17,dated_snapshot,system_generated
stock_JGCHEM,platform_intelligence,STOCK,JGCHEM,427,4,ML_PREDICTION,,2026-08-17,dated_snapshot,system_generated
stock_JINDALSAW,platform_intelligence,STOCK,JINDALSAW,478,4,ML_PREDICTION,,2026-08-17,dated_snapshot,system_generated
stock_JINDWORLD,platform_intelligence,STOCK,JINDWORLD,434,4,ML_PREDICTION,,2026-08-17,dated_snapshot,system_generated
stock_JSFB,platform_intelligence,STOCK,JSFB,417,4,ML_PREDICTION,,2026-08-17,dated_snapshot,system_generated
stock_JSWENERGY,platform_intelligence,STOCK,JSWENERGY,480,4,ML_PREDICTION,,2026-08-17,dated_snapshot,system_generated
stock_JSWINFRA,platform_intelligence,STOCK,JSWINFRA,495,4,ML_PREDICTION,,2026-08-17,dated_snapshot,system_generated
stock_JSWSTEEL,platform_intelligence,STOCK,JSWSTEEL,475,4,ML_PREDICTION,,2026-08-17,dated_snapshot,system_generated
stock_JYOTICNC,platform_intelligence,STOCK,JYOTICNC,441,4,ML_PREDICTION,,2026-08-17,dated_snapshot,system_generated
stock_KABRAEXTRU,platform_intelligence,STOCK,KABRAEXTRU,447,4,ML_PREDICTION,,2026-08-17,dated_snapshot,system_generated
stock_KAJARIACER,platform_intelligence,STOCK,KAJARIACER,498,4,ML_PREDICTION,,2026-08-17,dated_snapshot,system_generated
stock_KALYANKJIL,platform_intelligence,STOCK,KALYANKJIL,480,4,ML_PREDICTION,,2026-08-17,dated_snapshot,system_generated
stock_KANPRPLA,platform_intelligence,STOCK,KANPRPLA,484,4,ML_PREDICTION,,2026-08-17,dated_snapshot,system_generated
stock_KAPSTON,platform_intelligence,STOCK,KAPSTON,473,4,ML_PREDICTION,,2026-08-17,dated_snapshot,system_generated
stock_KARURVYSYA,platform_intelligence,STOCK,KARURVYSYA,486,4,ML_PREDICTION,,2026-08-17,dated_snapshot,system_generated
stock_KAYA,platform_intelligence,STOCK,KAYA,423,4,ML_PREDICTION,,2026-08-17,dated_snapshot,system_generated
stock_KDDL,platform_intelligence,STOCK,KDDL,462,4,ML_PREDICTION,,2026-08-17,dated_snapshot,system_generated
stock_KEI,platform_intelligence,STOCK,KEI,477,4,ML_PREDICTION,,2026-08-17,dated_snapshot,system_generated
stock_KENNAMET,platform_intelligence,STOCK,KENNAMET,492,4,ML_PREDICTION,,2026-08-17,dated_snapshot,system_generated
stock_KIMS,platform_intelligence,STOCK,KIMS,423,4,ML_PREDICTION,,2026-08-17,dated_snapshot,system_generated
stock_KINGFA,platform_intelligence,STOCK,KINGFA,435,4,ML_PREDICTION,,2026-08-17,dated_snapshot,system_generated
stock_KIRANVYPAR,platform_intelligence,STOCK,KIRANVYPAR,457,4,ML_PREDICTION,,2026-08-17,dated_snapshot,system_generated
stock_KIRLOSBROS,platform_intelligence,STOCK,KIRLOSBROS,498,4,ML_PREDICTION,,2026-08-17,dated_snapshot,system_generated
stock_KKCL,platform_intelligence,STOCK,KKCL,471,4,ML_PREDICTION,,2026-08-17,dated_snapshot,system_generated
stock_KMEW,platform_intelligence,STOCK,KMEW,482,4,ML_PREDICTION,,2026-08-17,dated_snapshot,system_generated
stock_KMSUGAR,platform_intelligence,STOCK,KMSUGAR,421,4,ML_PREDICTION,,2026-08-17,dated_snapshot,system_generated
stock_KNACK,platform_intelligence,STOCK,KNACK,416,4,ML_PREDICTION,,2026-08-17,dated_snapshot,system_generated
stock_KNAGRI,platform_intelligence,STOCK,KNAGRI,417,4,ML_PREDICTION,,2026-08-17,dated_snapshot,system_generated
stock_KOLTEPATIL,platform_intelligence,STOCK,KOLTEPATIL,433,4,ML_PREDICTION,,2026-08-17,dated_snapshot,system_generated
stock_KOVAI,platform_intelligence,STOCK,KOVAI,426,4,ML_PREDICTION,,2026-08-17,dated_snapshot,system_generated
stock_KPIL,platform_intelligence,STOCK,KPIL,482,4,ML_PREDICTION,,2026-08-17,dated_snapshot,system_generated
stock_KPL,platform_intelligence,STOCK,KPL,412,4,ML_PREDICTION,,2026-08-17,dated_snapshot,system_generated
stock_KRN,platform_intelligence,STOCK,KRN,410,4,ML_PREDICTION,,2026-08-17,dated_snapshot,system_generated
stock_KROSS,platform_intelligence,STOCK,KROSS,414,4,ML_PREDICTION,,2026-08-17,dated_snapshot,system_generated
stock_KSHINTL,platform_intelligence,STOCK,KSHINTL,438,4,ML_PREDICTION,,2026-08-17,dated_snapshot,system_generated
stock_KTKBANK,platform_intelligence,STOCK,KTKBANK,477,4,ML_PREDICTION,,2026-08-17,dated_snapshot,system_generated
stock_KWIL,platform_intelligence,STOCK,KWIL,411,4,ML_PREDICTION,,2026-08-17,dated_snapshot,system_generated
stock_LALPATHLAB,platform_intelligence,STOCK,LALPATHLAB,492,4,ML_PREDICTION,,2026-08-17,dated_snapshot,system_generated
stock_LANCORHOL,platform_intelligence,STOCK,LANCORHOL,482,4,ML_PREDICTION,,2026-08-17,dated_snapshot,system_generated
stock_LASERPOWER,platform_intelligence,STOCK,LASERPOWER,431,4,ML_PREDICTION,,2026-08-17,dated_snapshot,system_generated
stock_LAURUSLABS,platform_intelligence,STOCK,LAURUSLABS,484,4,ML_PREDICTION,,2026-08-17,dated_snapshot,system_generated
stock_LCL,platform_intelligence,STOCK,LCL,410,4,ML_PREDICTION,,2026-08-17,dated_snapshot,system_generated
stock_LENSKART,platform_intelligence,STOCK,LENSKART,427,4,ML_PREDICTION,,2026-08-17,dated_snapshot,system_generated
stock_LGEINDIA,platform_intelligence,STOCK,LGEINDIA,423,4,ML_PREDICTION,,2026-08-17,dated_snapshot,system_generated
stock_LLOYDSENGG,platform_intelligence,STOCK,LLOYDSENGG,447,4,ML_PREDICTION,,2026-08-17,dated_snapshot,system_generated
stock_LLOYDSME,platform_intelligence,STOCK,LLOYDSME,476,4,ML_PREDICTION,,2026-08-17,dated_snapshot,system_generated
stock_LMW,platform_intelligence,STOCK,LMW,477,4,ML_PREDICTION,,2026-08-17,dated_snapshot,system_generated
stock_LODHA,platform_intelligence,STOCK,LODHA,418,4,ML_PREDICTION,,2026-08-17,dated_snapshot,system_generated
stock_LPDC,platform_intelligence,STOCK,LPDC,416,4,ML_PREDICTION,,2026-08-17,dated_snapshot,system_generated
stock_LT,platform_intelligence,STOCK,LT,476,4,ML_PREDICTION,,2026-08-17,dated_snapshot,system_generated
stock_LTF,platform_intelligence,STOCK,LTF,487,4,ML_PREDICTION,,2026-08-17,dated_snapshot,system_generated
stock_LTM,platform_intelligence,STOCK,LTM,455,4,ML_PREDICTION,,2026-08-17,dated_snapshot,system_generated
stock_LUMAXIND,platform_intelligence,STOCK,LUMAXIND,474,4,ML_PREDICTION,,2026-08-17,dated_snapshot,system_generated
stock_LUMAXTECH,platform_intelligence,STOCK,LUMAXTECH,477,4,ML_PREDICTION,,2026-08-17,dated_snapshot,system_generated
stock_M&M,platform_intelligence,STOCK,M&M,473,4,ML_PREDICTION,,2026-08-17,dated_snapshot,system_generated
stock_M&MFIN,platform_intelligence,STOCK,M&MFIN,496,4,ML_PREDICTION,,2026-08-17,dated_snapshot,system_generated
stock_MACPOWER,platform_intelligence,STOCK,MACPOWER,492,4,ML_PREDICTION,,2026-08-17,dated_snapshot,system_generated
stock_MAGADSUGAR,platform_intelligence,STOCK,MAGADSUGAR,480,4,ML_PREDICTION,,2026-08-17,dated_snapshot,system_generated
stock_MAHLIFE,platform_intelligence,STOCK,MAHLIFE,476,4,ML_PREDICTION,,2026-08-17,dated_snapshot,system_generated
stock_MAHLOG,platform_intelligence,STOCK,MAHLOG,479,4,ML_PREDICTION,,2026-08-17,dated_snapshot,system_generated
stock_MAHSEAMLES,platform_intelligence,STOCK,MAHSEAMLES,431,4,ML_PREDICTION,,2026-08-17,dated_snapshot,system_generated
stock_MANAKSTEEL,platform_intelligence,STOCK,MANAKSTEEL,431,4,ML_PREDICTION,,2026-08-17,dated_snapshot,system_generated
stock_MANALIPETC,platform_intelligence,STOCK,MANALIPETC,491,4,ML_PREDICTION,,2026-08-17,dated_snapshot,system_generated
stock_MANAPPURAM,platform_intelligence,STOCK,MANAPPURAM,508,4,ML_PREDICTION,,2026-08-17,dated_snapshot,system_generated
stock_MANINDS,platform_intelligence,STOCK,MANINDS,422,4,ML_PREDICTION,,2026-08-17,dated_snapshot,system_generated
stock_MANIPALHOS,platform_intelligence,STOCK,MANIPALHOS,431,4,ML_PREDICTION,,2026-08-17,dated_snapshot,system_generated
stock_MANOMAY,platform_intelligence,STOCK,MANOMAY,428,4,ML_PREDICTION,,2026-08-17,dated_snapshot,system_generated
stock_MANORAMA,platform_intelligence,STOCK,MANORAMA,423,4,ML_PREDICTION,,2026-08-17,dated_snapshot,system_generated
stock_MARINE,platform_intelligence,STOCK,MARINE,486,4,ML_PREDICTION,,2026-08-17,dated_snapshot,system_generated
stock_MARKSANS,platform_intelligence,STOCK,MARKSANS,478,4,ML_PREDICTION,,2026-08-17,dated_snapshot,system_generated
stock_MATRIMONY,platform_intelligence,STOCK,MATRIMONY,481,4,ML_PREDICTION,,2026-08-17,dated_snapshot,system_generated
stock_MAWANASUG,platform_intelligence,STOCK,MAWANASUG,479,4,ML_PREDICTION,,2026-08-17,dated_snapshot,system_generated
stock_MAXESTATES,platform_intelligence,STOCK,MAXESTATES,433,4,ML_PREDICTION,,2026-08-17,dated_snapshot,system_generated
stock_MEDANTA,platform_intelligence,STOCK,MEDANTA,432,4,ML_PREDICTION,,2026-08-17,dated_snapshot,system_generated
stock_MEESHO,platform_intelligence,STOCK,MEESHO,421,4,ML_PREDICTION,,2026-08-17,dated_snapshot,system_generated
stock_MERCURYEV,platform_intelligence,STOCK,MERCURYEV,428,4,ML_PREDICTION,,2026-08-17,dated_snapshot,system_generated
stock_METROGLOBL,platform_intelligence,STOCK,METROGLOBL,431,4,ML_PREDICTION,,2026-08-17,dated_snapshot,system_generated
stock_METROPOLIS,platform_intelligence,STOCK,METROPOLIS,491,4,ML_PREDICTION,,2026-08-17,dated_snapshot,system_generated
stock_MIDHANI,platform_intelligence,STOCK,MIDHANI,478,4,ML_PREDICTION,,2026-08-17,dated_snapshot,system_generated
stock_MINDACORP,platform_intelligence,STOCK,MINDACORP,477,4,ML_PREDICTION,,2026-08-17,dated_snapshot,system_generated
stock_MMFL,platform_intelligence,STOCK,MMFL,462,4,ML_PREDICTION,,2026-08-17,dated_snapshot,system_generated
stock_MMP,platform_intelligence,STOCK,MMP,461,4,ML_PREDICTION,,2026-08-17,dated_snapshot,system_generated
stock_MODIS,platform_intelligence,STOCK,MODIS,418,4,ML_PREDICTION,,2026-08-17,dated_snapshot,system_generated
stock_MODTHREAD,platform_intelligence,STOCK,MODTHREAD,434,4,ML_PREDICTION,,2026-08-17,dated_snapshot,system_generated
stock_MONARCH,platform_intelligence,STOCK,MONARCH,499,4,ML_PREDICTION,,2026-08-17,dated_snapshot,system_generated
stock_MOREPENLAB,platform_intelligence,STOCK,MOREPENLAB,433,4,ML_PREDICTION,,2026-08-17,dated_snapshot,system_generated
stock_MOTHERSON,platform_intelligence,STOCK,MOTHERSON,495,4,ML_PREDICTION,,2026-08-17,dated_snapshot,system_generated
stock_MOTISONS,platform_intelligence,STOCK,MOTISONS,423,4,ML_PREDICTION,,2026-08-17,dated_snapshot,system_generated
stock_MPSLTD,platform_intelligence,STOCK,MPSLTD,429,4,ML_PREDICTION,,2026-08-17,dated_snapshot,system_generated
stock_MSTCLTD,platform_intelligence,STOCK,MSTCLTD,473,4,ML_PREDICTION,,2026-08-17,dated_snapshot,system_generated
stock_MUFIN,platform_intelligence,STOCK,MUFIN,442,4,ML_PREDICTION,,2026-08-17,dated_snapshot,system_generated
stock_MUKKA,platform_intelligence,STOCK,MUKKA,428,4,ML_PREDICTION,,2026-08-17,dated_snapshot,system_generated
stock_MUNJALAU,platform_intelligence,STOCK,MUNJALAU,423,4,ML_PREDICTION,,2026-08-17,dated_snapshot,system_generated
stock_MUTHOOTCAP,platform_intelligence,STOCK,MUTHOOTCAP,456,4,ML_PREDICTION,,2026-08-17,dated_snapshot,system_generated
stock_MWL,platform_intelligence,STOCK,MWL,462,4,ML_PREDICTION,,2026-08-17,dated_snapshot,system_generated
stock_NAM-INDIA,platform_intelligence,STOCK,NAM-INDIA,475,4,ML_PREDICTION,,2026-08-17,dated_snapshot,system_generated
stock_NATIONALUM,platform_intelligence,STOCK,NATIONALUM,482,4,ML_PREDICTION,,2026-08-17,dated_snapshot,system_generated
stock_NAUKRI,platform_intelligence,STOCK,NAUKRI,472,4,ML_PREDICTION,,2026-08-17,dated_snapshot,system_generated
stock_NAVINFLUOR,platform_intelligence,STOCK,NAVINFLUOR,490,4,ML_PREDICTION,,2026-08-17,dated_snapshot,system_generated
stock_NAZARA,platform_intelligence,STOCK,NAZARA,464,4,ML_PREDICTION,,2026-08-17,dated_snapshot,system_generated
stock_NEAGI,platform_intelligence,STOCK,NEAGI,414,4,ML_PREDICTION,,2026-08-17,dated_snapshot,system_generated
stock_NELCO,platform_intelligence,STOCK,NELCO,461,4,ML_PREDICTION,,2026-08-17,dated_snapshot,system_generated
stock_NEOGEN,platform_intelligence,STOCK,NEOGEN,478,4,ML_PREDICTION,,2026-08-17,dated_snapshot,system_generated
stock_NEPHROPLUS,platform_intelligence,STOCK,NEPHROPLUS,441,4,ML_PREDICTION,,2026-08-17,dated_snapshot,system_generated
stock_NESTLEIND,platform_intelligence,STOCK,NESTLEIND,477,4,ML_PREDICTION,,2026-08-17,dated_snapshot,system_generated
stock_NETWEB,platform_intelligence,STOCK,NETWEB,417,4,ML_PREDICTION,,2026-08-17,dated_snapshot,system_generated
stock_NEULANDLAB,platform_intelligence,STOCK,NEULANDLAB,484,4,ML_PREDICTION,,2026-08-17,dated_snapshot,system_generated
stock_NILKAMAL,platform_intelligence,STOCK,NILKAMAL,474,4,ML_PREDICTION,,2026-08-17,dated_snapshot,system_generated
stock_NINSYS,platform_intelligence,STOCK,NINSYS,419,4,ML_PREDICTION,,2026-08-17,dated_snapshot,system_generated
stock_NIRLON,platform_intelligence,STOCK,NIRLON,421,4,ML_PREDICTION,,2026-08-17,dated_snapshot,system_generated
stock_NITINSPIN,platform_intelligence,STOCK,NITINSPIN,434,4,ML_PREDICTION,,2026-08-17,dated_snapshot,system_generated
stock_NRAIL,platform_intelligence,STOCK,NRAIL,476,4,ML_PREDICTION,,2026-08-17,dated_snapshot,system_generated
stock_NRBBEARING,platform_intelligence,STOCK,NRBBEARING,480,4,ML_PREDICTION,,2026-08-17,dated_snapshot,system_generated
stock_NYKAA,platform_intelligence,STOCK,NYKAA,418,4,ML_PREDICTION,,2026-08-17,dated_snapshot,system_generated
stock_OBEROIRLTY,platform_intelligence,STOCK,OBEROIRLTY,484,4,ML_PREDICTION,,2026-08-17,dated_snapshot,system_generated
stock_OFSS,platform_intelligence,STOCK,OFSS,490,4,ML_PREDICTION,,2026-08-17,dated_snapshot,system_generated
stock_OIL,platform_intelligence,STOCK,OIL,464,4,ML_PREDICTION,,2026-08-17,dated_snapshot,system_generated
stock_OMAXE,platform_intelligence,STOCK,OMAXE,418,4,ML_PREDICTION,,2026-08-17,dated_snapshot,system_generated
stock_ORIENTBELL,platform_intelligence,STOCK,ORIENTBELL,498,4,ML_PREDICTION,,2026-08-17,dated_snapshot,system_generated
stock_ORIENTELEC,platform_intelligence,STOCK,ORIENTELEC,479,4,ML_PREDICTION,,2026-08-17,dated_snapshot,system_generated
stock_ORISSAMINE,platform_intelligence,STOCK,ORISSAMINE,432,4,ML_PREDICTION,,2026-08-17,dated_snapshot,system_generated
stock_PANAMAPET,platform_intelligence,STOCK,PANAMAPET,482,4,ML_PREDICTION,,2026-08-17,dated_snapshot,system_generated
stock_PAR,platform_intelligence,STOCK,PAR,412,4,ML_PREDICTION,,2026-08-17,dated_snapshot,system_generated
stock_PARAS,platform_intelligence,STOCK,PARAS,420,4,ML_PREDICTION,,2026-08-17,dated_snapshot,system_generated
stock_PAUSHAKLTD,platform_intelligence,STOCK,PAUSHAKLTD,490,4,ML_PREDICTION,,2026-08-17,dated_snapshot,system_generated
stock_PAYTM,platform_intelligence,STOCK,PAYTM,418,4,ML_PREDICTION,,2026-08-17,dated_snapshot,system_generated
stock_PDSL,platform_intelligence,STOCK,PDSL,470,4,ML_PREDICTION,,2026-08-17,dated_snapshot,system_generated
stock_PERSISTENT,platform_intelligence,STOCK,PERSISTENT,477,4,ML_PREDICTION,,2026-08-17,dated_snapshot,system_generated
stock_PGEL,platform_intelligence,STOCK,PGEL,480,4,ML_PREDICTION,,2026-08-17,dated_snapshot,system_generated
stock_PGIL,platform_intelligence,STOCK,PGIL,470,4,ML_PREDICTION,,2026-08-17,dated_snapshot,system_generated
stock_PIDILITIND,platform_intelligence,STOCK,PIDILITIND,489,4,ML_PREDICTION,,2026-08-17,dated_snapshot,system_generated
stock_PITTIENG,platform_intelligence,STOCK,PITTIENG,492,4,ML_PREDICTION,,2026-08-17,dated_snapshot,system_generated
stock_PIXTRANS,platform_intelligence,STOCK,PIXTRANS,484,4,ML_PREDICTION,,2026-08-17,dated_snapshot,system_generated
stock_PNB,platform_intelligence,STOCK,PNB,465,4,ML_PREDICTION,,2026-08-17,dated_snapshot,system_generated
stock_PNBHOUSING,platform_intelligence,STOCK,PNBHOUSING,508,4,ML_PREDICTION,,2026-08-17,dated_snapshot,system_generated
stock_PNGSREVA,platform_intelligence,STOCK,PNGSREVA,423,4,ML_PREDICTION,,2026-08-17,dated_snapshot,system_generated
stock_POLICYBZR,platform_intelligence,STOCK,POLICYBZR,454,4,ML_PREDICTION,,2026-08-17,dated_snapshot,system_generated
stock_POLYCAB,platform_intelligence,STOCK,POLYCAB,489,4,ML_PREDICTION,,2026-08-17,dated_snapshot,system_generated
stock_POLYPLEX,platform_intelligence,STOCK,POLYPLEX,484,4,ML_PREDICTION,,2026-08-17,dated_snapshot,system_generated
stock_PONNIERODE,platform_intelligence,STOCK,PONNIERODE,480,4,ML_PREDICTION,,2026-08-17,dated_snapshot,system_generated
stock_POONAWALLA,platform_intelligence,STOCK,POONAWALLA,457,4,ML_PREDICTION,,2026-08-17,dated_snapshot,system_generated
stock_POWERINDIA,platform_intelligence,STOCK,POWERINDIA,498,4,ML_PREDICTION,,2026-08-17,dated_snapshot,system_generated
stock_PPLPHARMA,platform_intelligence,STOCK,PPLPHARMA,430,4,ML_PREDICTION,,2026-08-17,dated_snapshot,system_generated
stock_PRECWIRE,platform_intelligence,STOCK,PRECWIRE,476,4,ML_PREDICTION,,2026-08-17,dated_snapshot,system_generated
stock_PREMIERPOL,platform_intelligence,STOCK,PREMIERPOL,482,4,ML_PREDICTION,,2026-08-17,dated_snapshot,system_generated
stock_PRICOLLTD,platform_intelligence,STOCK,PRICOLLTD,477,4,ML_PREDICTION,,2026-08-17,dated_snapshot,system_generated
stock_PRUDENT,platform_intelligence,STOCK,PRUDENT,499,4,ML_PREDICTION,,2026-08-17,dated_snapshot,system_generated
stock_PTCIL,platform_intelligence,STOCK,PTCIL,416,4,ML_PREDICTION,,2026-08-17,dated_snapshot,system_generated
stock_PVP,platform_intelligence,STOCK,PVP,412,4,ML_PREDICTION,,2026-08-17,dated_snapshot,system_generated
stock_PVRINOX,platform_intelligence,STOCK,PVRINOX,422,4,ML_PREDICTION,,2026-08-17,dated_snapshot,system_generated
stock_QMSMEDI,platform_intelligence,STOCK,QMSMEDI,422,4,ML_PREDICTION,,2026-08-17,dated_snapshot,system_generated
stock_QPOWER,platform_intelligence,STOCK,QPOWER,471,4,ML_PREDICTION,,2026-08-17,dated_snapshot,system_generated
stock_QUESS,platform_intelligence,STOCK,QUESS,467,4,ML_PREDICTION,,2026-08-17,dated_snapshot,system_generated
stock_RADICO,platform_intelligence,STOCK,RADICO,468,4,ML_PREDICTION,,2026-08-17,dated_snapshot,system_generated
stock_RAJRATAN,platform_intelligence,STOCK,RAJRATAN,474,4,ML_PREDICTION,,2026-08-17,dated_snapshot,system_generated
stock_RAMRAT,platform_intelligence,STOCK,RAMRAT,485,4,ML_PREDICTION,,2026-08-17,dated_snapshot,system_generated
stock_RATEGAIN,platform_intelligence,STOCK,RATEGAIN,420,4,ML_PREDICTION,,2026-08-17,dated_snapshot,system_generated
stock_RATNAVEER,platform_intelligence,STOCK,RATNAVEER,428,4,ML_PREDICTION,,2026-08-17,dated_snapshot,system_generated
stock_RAYMOND,platform_intelligence,STOCK,RAYMOND,424,4,ML_PREDICTION,,2026-08-17,dated_snapshot,system_generated
stock_RBA,platform_intelligence,STOCK,RBA,422,4,ML_PREDICTION,,2026-08-17,dated_snapshot,system_generated
stock_RBLBANK,platform_intelligence,STOCK,RBLBANK,477,4,ML_PREDICTION,,2026-08-17,dated_snapshot,system_generated
stock_REDINGTON,platform_intelligence,STOCK,REDINGTON,473,4,ML_PREDICTION,,2026-08-17,dated_snapshot,system_generated
stock_RIR,platform_intelligence,STOCK,RIR,410,4,ML_PREDICTION,,2026-08-17,dated_snapshot,system_generated
stock_RISHABH,platform_intelligence,STOCK,RISHABH,489,4,ML_PREDICTION,,2026-08-17,dated_snapshot,system_generated
stock_RITCO,platform_intelligence,STOCK,RITCO,424,4,ML_PREDICTION,,2026-08-17,dated_snapshot,system_generated
stock_RKFORGE,platform_intelligence,STOCK,RKFORGE,471,4,ML_PREDICTION,,2026-08-17,dated_snapshot,system_generated
stock_ROLEXRINGS,platform_intelligence,STOCK,ROLEXRINGS,480,4,ML_PREDICTION,,2026-08-17,dated_snapshot,system_generated
stock_ROSSTECH,platform_intelligence,STOCK,ROSSTECH,480,4,ML_PREDICTION,,2026-08-17,dated_snapshot,system_generated
stock_RPEL,platform_intelligence,STOCK,RPEL,480,4,ML_PREDICTION,,2026-08-17,dated_snapshot,system_generated
stock_RPTECH,platform_intelligence,STOCK,RPTECH,413,4,ML_PREDICTION,,2026-08-17,dated_snapshot,system_generated
stock_RRKABEL,platform_intelligence,STOCK,RRKABEL,489,4,ML_PREDICTION,,2026-08-17,dated_snapshot,system_generated
stock_RSL,platform_intelligence,STOCK,RSL,410,4,ML_PREDICTION,,2026-08-17,dated_snapshot,system_generated
stock_RUBICON,platform_intelligence,STOCK,RUBICON,475,4,ML_PREDICTION,,2026-08-17,dated_snapshot,system_generated
stock_SAHYADRI,platform_intelligence,STOCK,SAHYADRI,433,4,ML_PREDICTION,,2026-08-17,dated_snapshot,system_generated
stock_SAILIFE,platform_intelligence,STOCK,SAILIFE,430,4,ML_PREDICTION,,2026-08-17,dated_snapshot,system_generated
stock_SAKAR,platform_intelligence,STOCK,SAKAR,418,4,ML_PREDICTION,,2026-08-17,dated_snapshot,system_generated
stock_SALSTEEL,platform_intelligence,STOCK,SALSTEEL,425,4,ML_PREDICTION,,2026-08-17,dated_snapshot,system_generated
stock_SANGHVIMOV,platform_intelligence,STOCK,SANGHVIMOV,498,4,ML_PREDICTION,,2026-08-17,dated_snapshot,system_generated
stock_SANSERA,platform_intelligence,STOCK,SANSERA,471,4,ML_PREDICTION,,2026-08-17,dated_snapshot,system_generated
stock_SAREGAMA,platform_intelligence,STOCK,SAREGAMA,476,4,ML_PREDICTION,,2026-08-17,dated_snapshot,system_generated
stock_SARLAPOLY,platform_intelligence,STOCK,SARLAPOLY,484,4,ML_PREDICTION,,2026-08-17,dated_snapshot,system_generated
stock_SAYAJIHOTL,platform_intelligence,STOCK,SAYAJIHOTL,442,4,ML_PREDICTION,,2026-08-17,dated_snapshot,system_generated
stock_SBCL,platform_intelligence,STOCK,SBCL,464,4,ML_PREDICTION,,2026-08-17,dated_snapshot,system_generated
stock_SCPL,platform_intelligence,STOCK,SCPL,413,4,ML_PREDICTION,,2026-08-17,dated_snapshot,system_generated
stock_SEAMECLTD,platform_intelligence,STOCK,SEAMECLTD,436,4,ML_PREDICTION,,2026-08-17,dated_snapshot,system_generated
stock_SEDEMAC,platform_intelligence,STOCK,SEDEMAC,420,4,ML_PREDICTION,,2026-08-17,dated_snapshot,system_generated
stock_SENORES,platform_intelligence,STOCK,SENORES,424,4,ML_PREDICTION,,2026-08-17,dated_snapshot,system_generated
stock_SETL,platform_intelligence,STOCK,SETL,429,4,ML_PREDICTION,,2026-08-17,dated_snapshot,system_generated
stock_SGFIN,platform_intelligence,STOCK,SGFIN,442,4,ML_PREDICTION,,2026-08-17,dated_snapshot,system_generated
stock_SGMART,platform_intelligence,STOCK,SGMART,419,4,ML_PREDICTION,,2026-08-17,dated_snapshot,system_generated
stock_SHADOWFAX,platform_intelligence,STOCK,SHADOWFAX,436,4,ML_PREDICTION,,2026-08-17,dated_snapshot,system_generated
stock_SHAHALLOYS,platform_intelligence,STOCK,SHAHALLOYS,431,4,ML_PREDICTION,,2026-08-17,dated_snapshot,system_generated
stock_SHAILY,platform_intelligence,STOCK,SHAILY,486,4,ML_PREDICTION,,2026-08-17,dated_snapshot,system_generated
stock_SHANTIGOLD,platform_intelligence,STOCK,SHANTIGOLD,447,4,ML_PREDICTION,,2026-08-17,dated_snapshot,system_generated
stock_SHAREINDIA,platform_intelligence,STOCK,SHAREINDIA,509,4,ML_PREDICTION,,2026-08-17,dated_snapshot,system_generated
stock_SHILPAMED,platform_intelligence,STOCK,SHILPAMED,481,4,ML_PREDICTION,,2026-08-17,dated_snapshot,system_generated
stock_SHIVAUM,platform_intelligence,STOCK,SHIVAUM,421,4,ML_PREDICTION,,2026-08-17,dated_snapshot,system_generated
stock_SHREEJISPG,platform_intelligence,STOCK,SHREEJISPG,491,4,ML_PREDICTION,,2026-08-17,dated_snapshot,system_generated
stock_SHRIPISTON,platform_intelligence,STOCK,SHRIPISTON,480,4,ML_PREDICTION,,2026-08-17,dated_snapshot,system_generated
stock_SHRIRAMFIN,platform_intelligence,STOCK,SHRIRAMFIN,508,4,ML_PREDICTION,,2026-08-17,dated_snapshot,system_generated
stock_SIEMENS,platform_intelligence,STOCK,SIEMENS,489,4,ML_PREDICTION,,2026-08-17,dated_snapshot,system_generated
stock_SIGIND,platform_intelligence,STOCK,SIGIND,470,4,ML_PREDICTION,,2026-08-17,dated_snapshot,system_generated
stock_SIGMAADV,platform_intelligence,STOCK,SIGMAADV,425,4,ML_PREDICTION,,2026-08-17,dated_snapshot,system_generated
stock_SIL,platform_intelligence,STOCK,SIL,469,4,ML_PREDICTION,,2026-08-17,dated_snapshot,system_generated
stock_SILVERTUC,platform_intelligence,STOCK,SILVERTUC,472,4,ML_PREDICTION,,2026-08-17,dated_snapshot,system_generated
stock_SINGERIND,platform_intelligence,STOCK,SINGERIND,477,4,ML_PREDICTION,,2026-08-17,dated_snapshot,system_generated
stock_SJS,platform_intelligence,STOCK,SJS,459,4,ML_PREDICTION,,2026-08-17,dated_snapshot,system_generated
stock_SKFINDUS,platform_intelligence,STOCK,SKFINDUS,493,4,ML_PREDICTION,,2026-08-17,dated_snapshot,system_generated
stock_SKYGOLD,platform_intelligence,STOCK,SKYGOLD,420,4,ML_PREDICTION,,2026-08-17,dated_snapshot,system_generated
stock_SMARTWORKS,platform_intelligence,STOCK,SMARTWORKS,434,4,ML_PREDICTION,,2026-08-17,dated_snapshot,system_generated
stock_SMLMAH,platform_intelligence,STOCK,SMLMAH,468,4,ML_PREDICTION,,2026-08-17,dated_snapshot,system_generated
stock_SOFTTECH,platform_intelligence,STOCK,SOFTTECH,424,4,ML_PREDICTION,,2026-08-17,dated_snapshot,system_generated
stock_SOLARINDS,platform_intelligence,STOCK,SOLARINDS,487,4,ML_PREDICTION,,2026-08-17,dated_snapshot,system_generated
stock_SOMANYCERA,platform_intelligence,STOCK,SOMANYCERA,498,4,ML_PREDICTION,,2026-08-17,dated_snapshot,system_generated
stock_SONACOMS,platform_intelligence,STOCK,SONACOMS,474,4,ML_PREDICTION,,2026-08-17,dated_snapshot,system_generated
stock_SOTL,platform_intelligence,STOCK,SOTL,466,4,ML_PREDICTION,,2026-08-17,dated_snapshot,system_generated
stock_SOUTHBANK,platform_intelligence,STOCK,SOUTHBANK,432,4,ML_PREDICTION,,2026-08-17,dated_snapshot,system_generated
stock_SPORTKING,platform_intelligence,STOCK,SPORTKING,434,4,ML_PREDICTION,,2026-08-17,dated_snapshot,system_generated
stock_SREEL,platform_intelligence,STOCK,SREEL,465,4,ML_PREDICTION,,2026-08-17,dated_snapshot,system_generated
stock_SSWL,platform_intelligence,STOCK,SSWL,462,4,ML_PREDICTION,,2026-08-17,dated_snapshot,system_generated
stock_STARHEALTH,platform_intelligence,STOCK,STARHEALTH,458,4,ML_PREDICTION,,2026-08-17,dated_snapshot,system_generated
stock_STEELCAS,platform_intelligence,STOCK,STEELCAS,492,4,ML_PREDICTION,,2026-08-17,dated_snapshot,system_generated
stock_STEL,platform_intelligence,STOCK,STEL,439,4,ML_PREDICTION,,2026-08-17,dated_snapshot,system_generated
stock_STYL,platform_intelligence,STOCK,STYL,439,4,ML_PREDICTION,,2026-08-17,dated_snapshot,system_generated
stock_STYLAMIND,platform_intelligence,STOCK,STYLAMIND,430,4,ML_PREDICTION,,2026-08-17,dated_snapshot,system_generated
stock_SUBEXLTD,platform_intelligence,STOCK,SUBEXLTD,425,4,ML_PREDICTION,,2026-08-17,dated_snapshot,system_generated
stock_SUDARCOLOR,platform_intelligence,STOCK,SUDARCOLOR,439,4,ML_PREDICTION,,2026-08-17,dated_snapshot,system_generated
stock_SUDEEPPHRM,platform_intelligence,STOCK,SUDEEPPHRM,484,4,ML_PREDICTION,,2026-08-17,dated_snapshot,system_generated
stock_SUMICHEM,platform_intelligence,STOCK,SUMICHEM,485,4,ML_PREDICTION,,2026-08-17,dated_snapshot,system_generated
stock_SUNDRMFAST,platform_intelligence,STOCK,SUNDRMFAST,480,4,ML_PREDICTION,,2026-08-17,dated_snapshot,system_generated
stock_SUPERHOUSE,platform_intelligence,STOCK,SUPERHOUSE,489,4,ML_PREDICTION,,2026-08-17,dated_snapshot,system_generated
stock_SUPRAJIT,platform_intelligence,STOCK,SUPRAJIT,474,4,ML_PREDICTION,,2026-08-17,dated_snapshot,system_generated
stock_SUPREMEINF,platform_intelligence,STOCK,SUPREMEINF,449,4,ML_PREDICTION,,2026-08-17,dated_snapshot,system_generated
stock_SURAKSHA,platform_intelligence,STOCK,SURAKSHA,435,4,ML_PREDICTION,,2026-08-17,dated_snapshot,system_generated
stock_SYRMA,platform_intelligence,STOCK,SYRMA,483,4,ML_PREDICTION,,2026-08-17,dated_snapshot,system_generated
stock_TAALTECH,platform_intelligence,STOCK,TAALTECH,431,4,ML_PREDICTION,,2026-08-17,dated_snapshot,system_generated
stock_TAKE,platform_intelligence,STOCK,TAKE,413,4,ML_PREDICTION,,2026-08-17,dated_snapshot,system_generated
stock_TALBROAUTO,platform_intelligence,STOCK,TALBROAUTO,480,4,ML_PREDICTION,,2026-08-17,dated_snapshot,system_generated
stock_TARSONS,platform_intelligence,STOCK,TARSONS,432,4,ML_PREDICTION,,2026-08-17,dated_snapshot,system_generated
stock_TASTYBITE,platform_intelligence,STOCK,TASTYBITE,477,4,ML_PREDICTION,,2026-08-17,dated_snapshot,system_generated
stock_TATACAP,platform_intelligence,STOCK,TATACAP,500,4,ML_PREDICTION,,2026-08-17,dated_snapshot,system_generated
stock_TATATECH,platform_intelligence,STOCK,TATATECH,474,4,ML_PREDICTION,,2026-08-17,dated_snapshot,system_generated
stock_TATVA,platform_intelligence,STOCK,TATVA,475,4,ML_PREDICTION,,2026-08-17,dated_snapshot,system_generated
stock_TBOTEK,platform_intelligence,STOCK,TBOTEK,431,4,ML_PREDICTION,,2026-08-17,dated_snapshot,system_generated
stock_TCPLPACK,platform_intelligence,STOCK,TCPLPACK,484,4,ML_PREDICTION,,2026-08-17,dated_snapshot,system_generated
stock_TDPOWERSYS,platform_intelligence,STOCK,TDPOWERSYS,498,4,ML_PREDICTION,,2026-08-17,dated_snapshot,system_generated
stock_TECHM,platform_intelligence,STOCK,TECHM,462,4,ML_PREDICTION,,2026-08-17,dated_snapshot,system_generated
stock_TENNIND,platform_intelligence,STOCK,TENNIND,420,4,ML_PREDICTION,,2026-08-17,dated_snapshot,system_generated
stock_TFCILTD,platform_intelligence,STOCK,TFCILTD,499,4,ML_PREDICTION,,2026-08-17,dated_snapshot,system_generated
stock_THAKDEV,platform_intelligence,STOCK,THAKDEV,424,4,ML_PREDICTION,,2026-08-17,dated_snapshot,system_generated
stock_THEJO,platform_intelligence,STOCK,THEJO,432,4,ML_PREDICTION,,2026-08-17,dated_snapshot,system_generated
stock_THELEELA,platform_intelligence,STOCK,THELEELA,437,4,ML_PREDICTION,,2026-08-17,dated_snapshot,system_generated
stock_THYROCARE,platform_intelligence,STOCK,THYROCARE,489,4,ML_PREDICTION,,2026-08-17,dated_snapshot,system_generated
stock_TI,platform_intelligence,STOCK,TI,456,4,ML_PREDICTION,,2026-08-17,dated_snapshot,system_generated
stock_TIIL,platform_intelligence,STOCK,TIIL,464,4,ML_PREDICTION,,2026-08-17,dated_snapshot,system_generated
stock_TITAN,platform_intelligence,STOCK,TITAN,465,4,ML_PREDICTION,,2026-08-17,dated_snapshot,system_generated
stock_TMB,platform_intelligence,STOCK,TMB,463,4,ML_PREDICTION,,2026-08-17,dated_snapshot,system_generated
stock_TMCV,platform_intelligence,STOCK,TMCV,462,4,ML_PREDICTION,,2026-08-17,dated_snapshot,system_generated
stock_TNPETRO,platform_intelligence,STOCK,TNPETRO,483,4,ML_PREDICTION,,2026-08-17,dated_snapshot,system_generated
stock_TRAVELFOOD,platform_intelligence,STOCK,TRAVELFOOD,443,4,ML_PREDICTION,,2026-08-17,dated_snapshot,system_generated
stock_TRUALT,platform_intelligence,STOCK,TRUALT,431,4,ML_PREDICTION,,2026-08-17,dated_snapshot,system_generated
stock_TTKHLTCARE,platform_intelligence,STOCK,TTKHLTCARE,494,4,ML_PREDICTION,,2026-08-17,dated_snapshot,system_generated
stock_TURTLEMINT,platform_intelligence,STOCK,TURTLEMINT,431,4,ML_PREDICTION,,2026-08-17,dated_snapshot,system_generated
stock_TVSMOTOR,platform_intelligence,STOCK,TVSMOTOR,474,4,ML_PREDICTION,,2026-08-17,dated_snapshot,system_generated
stock_TVSSRICHAK,platform_intelligence,STOCK,TVSSRICHAK,480,4,ML_PREDICTION,,2026-08-17,dated_snapshot,system_generated
stock_UCAL,platform_intelligence,STOCK,UCAL,411,4,ML_PREDICTION,,2026-08-17,dated_snapshot,system_generated
stock_UEL,platform_intelligence,STOCK,UEL,461,4,ML_PREDICTION,,2026-08-17,dated_snapshot,system_generated
stock_UFLEX,platform_intelligence,STOCK,UFLEX,475,4,ML_PREDICTION,,2026-08-17,dated_snapshot,system_generated
stock_UGARSUGAR,platform_intelligence,STOCK,UGARSUGAR,477,4,ML_PREDICTION,,2026-08-17,dated_snapshot,system_generated
stock_UJJIVANSFB,platform_intelligence,STOCK,UJJIVANSFB,435,4,ML_PREDICTION,,2026-08-17,dated_snapshot,system_generated
stock_UMESLTD,platform_intelligence,STOCK,UMESLTD,423,4,ML_PREDICTION,,2026-08-17,dated_snapshot,system_generated
stock_UNIMECH,platform_intelligence,STOCK,UNIMECH,426,4,ML_PREDICTION,,2026-08-17,dated_snapshot,system_generated
stock_UNIONBANK,platform_intelligence,STOCK,UNIONBANK,483,4,ML_PREDICTION,,2026-08-17,dated_snapshot,system_generated
stock_UNIPARTS,platform_intelligence,STOCK,UNIPARTS,474,4,ML_PREDICTION,,2026-08-17,dated_snapshot,system_generated
stock_UNITDSPR,platform_intelligence,STOCK,UNITDSPR,474,4,ML_PREDICTION,,2026-08-17,dated_snapshot,system_generated
stock_UNIVCABLES,platform_intelligence,STOCK,UNIVCABLES,498,4,ML_PREDICTION,,2026-08-17,dated_snapshot,system_generated
stock_UNOMINDA,platform_intelligence,STOCK,UNOMINDA,474,4,ML_PREDICTION,,2026-08-17,dated_snapshot,system_generated
stock_URBANCO,platform_intelligence,STOCK,URBANCO,424,4,ML_PREDICTION,,2026-08-17,dated_snapshot,system_generated
stock_UTLSOLAR,platform_intelligence,STOCK,UTLSOLAR,441,4,ML_PREDICTION,,2026-08-17,dated_snapshot,system_generated
stock_UTTAMSUGAR,platform_intelligence,STOCK,UTTAMSUGAR,480,4,ML_PREDICTION,,2026-08-17,dated_snapshot,system_generated
stock_VADILALIND,platform_intelligence,STOCK,VADILALIND,480,4,ML_PREDICTION,,2026-08-17,dated_snapshot,system_generated
stock_VARROC,platform_intelligence,STOCK,VARROC,417,4,ML_PREDICTION,,2026-08-17,dated_snapshot,system_generated
stock_VCL,platform_intelligence,STOCK,VCL,416,4,ML_PREDICTION,,2026-08-17,dated_snapshot,system_generated
stock_VGUARD,platform_intelligence,STOCK,VGUARD,496,4,ML_PREDICTION,,2026-08-17,dated_snapshot,system_generated
stock_VIJAYA,platform_intelligence,STOCK,VIJAYA,429,4,ML_PREDICTION,,2026-08-17,dated_snapshot,system_generated
stock_VINDHYATEL,platform_intelligence,STOCK,VINDHYATEL,486,4,ML_PREDICTION,,2026-08-17,dated_snapshot,system_generated
stock_VISAKAIND,platform_intelligence,STOCK,VISAKAIND,486,4,ML_PREDICTION,,2026-08-17,dated_snapshot,system_generated
stock_VISL,platform_intelligence,STOCK,VISL,414,4,ML_PREDICTION,,2026-08-17,dated_snapshot,system_generated
stock_VMART,platform_intelligence,STOCK,VMART,469,4,ML_PREDICTION,,2026-08-17,dated_snapshot,system_generated
stock_VOEPL,platform_intelligence,STOCK,VOEPL,416,4,ML_PREDICTION,,2026-08-17,dated_snapshot,system_generated
stock_VRLLOG,platform_intelligence,STOCK,VRLLOG,478,4,ML_PREDICTION,,2026-08-17,dated_snapshot,system_generated
stock_VSSL,platform_intelligence,STOCK,VSSL,464,4,ML_PREDICTION,,2026-08-17,dated_snapshot,system_generated
stock_WEL,platform_intelligence,STOCK,WEL,460,4,ML_PREDICTION,,2026-08-17,dated_snapshot,system_generated
stock_WELCORP,platform_intelligence,STOCK,WELCORP,473,4,ML_PREDICTION,,2026-08-17,dated_snapshot,system_generated
stock_WELSPUNLIV,platform_intelligence,STOCK,WELSPUNLIV,488,4,ML_PREDICTION,,2026-08-17,dated_snapshot,system_generated
stock_WINDLAS,platform_intelligence,STOCK,WINDLAS,475,4,ML_PREDICTION,,2026-08-17,dated_snapshot,system_generated
stock_WORTHPERI,platform_intelligence,STOCK,WORTHPERI,488,4,ML_PREDICTION,,2026-08-17,dated_snapshot,system_generated
stock_WSTCSTPAPR,platform_intelligence,STOCK,WSTCSTPAPR,439,4,ML_PREDICTION,,2026-08-17,dated_snapshot,system_generated
stock_YASHO,platform_intelligence,STOCK,YASHO,475,4,ML_PREDICTION,,2026-08-17,dated_snapshot,system_generated
stock_ZENTEC,platform_intelligence,STOCK,ZENTEC,474,4,ML_PREDICTION,,2026-08-17,dated_snapshot,system_generated
stock_ZIMLAB,platform_intelligence,STOCK,ZIMLAB,419,4,ML_PREDICTION,,2026-08-17,dated_snapshot,system_generated
stock_ZSARACOM,platform_intelligence,STOCK,ZSARACOM,452,4,ML_PREDICTION,,2026-08-17,dated_snapshot,system_generated
stock_ZYDUSLIFE,platform_intelligence,STOCK,ZYDUSLIFE,481,4,ML_PREDICTION,,2026-08-17,dated_snapshot,system_generated
veda_capability_0a44235b079eac0c,mit_repo_capability,MIT_REPO_CAPABILITY,CFIP repo capability note,146,6,REVIEWED_INTERNAL,2026-08-04T15:20:52Z,,reference,user_approved
veda_core_veda_rcore_000001,approved_core,VEDA-DOMAIN-SYNTHETIC,Synthetic gamma requires independent confirmation,67,2,APPROVED_CORE,2026-08-11T10:21:59.042133Z,,governed_core,admin_promoted_core
veda_core_veda_rcore_000002,approved_core,VEDA-DOMAIN-SYNTHETIC,Synthetic beta increases evidence durability,75,2,APPROVED_CORE,2026-08-11T10:21:59.042133Z,,governed_core,admin_promoted_core
veda_core_veda_rcore_100001,approved_core,ASTROLOGY,DASHA - Vimshottari Dasha Foundations,168,2,APPROVED_CORE,2026-08-11T10:21:59.159136Z,,governed_core,admin_promoted_core
veda_core_veda_rcore_100002,approved_core,ASTROLOGY,DASHA - Vimshottari Dasha Foundations,181,2,APPROVED_CORE,2026-08-11T10:21:59.159136Z,,governed_core,admin_promoted_core
veda_core_veda_rcore_100003,approved_core,ASTROLOGY,DASHA - Vimshottari Dasha Foundations,217,2,APPROVED_CORE,2026-08-11T10:21:59.159136Z,,governed_core,admin_promoted_core
veda_core_veda_rcore_100004,approved_core,ASTROLOGY,DASHA - Interpretation Method,202,2,APPROVED_CORE,2026-08-11T10:21:59.159136Z,,governed_core,admin_promoted_core
veda_core_veda_rcore_100005,approved_core,ASTROLOGY,DASHA - Vimshottari Dasha Foundations,123,2,APPROVED_CORE,2026-08-11T10:21:59.159136Z,,governed_core,admin_promoted_core
veda_core_veda_rcore_100006,approved_core,ASTROLOGY,DASHA - Vimshottari Dasha Foundations,231,2,APPROVED_CORE,2026-08-11T10:21:59.159136Z,,governed_core,admin_promoted_core
veda_core_veda_rcore_100007,approved_core,ASTROLOGY,GRAHA - Sign Lordship Foundation,240,2,APPROVED_CORE,2026-08-11T10:21:59.159136Z,,governed_core,admin_promoted_core
veda_core_veda_rcore_100008,approved_core,ASTROLOGY,DIGNITY - Exaltation Debilitation Foundation,283,2,APPROVED_CORE,2026-08-11T10:21:59.159136Z,,governed_core,admin_promoted_core
veda_core_veda_rcore_100009,approved_core,ASTROLOGY,DIGNITY - Moolatrikona Foundation,279,2,APPROVED_CORE,2026-08-11T10:21:59.159136Z,,governed_core,admin_promoted_core
veda_core_veda_rcore_100010,approved_core,ASTROLOGY,DIGNITY - Moolatrikona Variance,312,2,APPROVED_CORE,2026-08-11T10:21:59.159136Z,,governed_core,admin_promoted_core
veda_core_veda_rcore_100011,approved_core,ASTROLOGY,BHAVA - House Class Foundation,245,2,APPROVED_CORE,2026-08-11T10:21:59.159136Z,,governed_core,admin_promoted_core
veda_core_veda_rcore_100012,approved_core,ASTROLOGY,BHAVA - House Class Foundation,232,2,APPROVED_CORE,2026-08-11T10:21:59.159136Z,,governed_core,admin_promoted_core
veda_core_veda_rcore_200001,approved_core,ASTROLOGY,Graha sign lordship foundation,71,2,APPROVED_CORE,2026-08-11T10:21:59.159136Z,,governed_core,admin_promoted_core
veda_core_veda_rcore_200002,approved_core,ASTROLOGY,Classical seven-graha dignity foundation,83,2,APPROVED_CORE,2026-08-11T10:21:59.159136Z,,governed_core,admin_promoted_core
veda_core_veda_rcore_200003,approved_core,ASTROLOGY,P017-R1 Gaja Kesari exact source pilot,72,2,APPROVED_CORE,2026-08-11T12:27:11.282505Z,,governed_core,admin_promoted_core
veda_review_7aa58b0a77ce99ac,user_reviewed,SECTOR,Banking view,93,4,REVIEWED_INTERNAL,2026-08-04T15:20:00Z,,durable_memory,user_approved
veda_review_a0e7902e741ed08f,user_reviewed,RESEARCH,"Research: Here’s a **transformed version** of your report—now not just a data dump, but a **polished, persuasive, and pe",2858,8,REVIEWED_INTERNAL,2026-08-08T23:36:09Z,,durable_memory,user_approved
